company_id,company_slug,batch,batch_code,year,industry,level
23629,axar-ai,Winter 2021,W21,2021,B2B,top
22579,abacum,Winter 2021,W21,2021,B2B,top
22579,abacum,Winter 2021,W21,2021,Finance and Accounting,child
23096,aerotime,Winter 2021,W21,2021,B2B,top
23096,aerotime,Winter 2021,W21,2021,Productivity,child
23292,agendapro,Winter 2021,W21,2021,B2B,top
23292,agendapro,Winter 2021,W21,2021,Marketing,child
22630,alba-orbital,Winter 2021,W21,2021,Industrials,top
22630,alba-orbital,Winter 2021,W21,2021,Aviation and Space,child
22640,albedo,Winter 2021,W21,2021,Industrials,top
22640,albedo,Winter 2021,W21,2021,Aviation and Space,child
22834,alinea,Winter 2021,W21,2021,Fintech,top
22834,alinea,Winter 2021,W21,2021,Consumer Finance,child
23630,alltruists,Winter 2021,W21,2021,Consumer,top
23630,alltruists,Winter 2021,W21,2021,Job and Career Services,child
23270,alokai,Winter 2021,W21,2021,B2B,top
23270,alokai,Winter 2021,W21,2021,"Engineering, Product and Design",child
23315,alpas,Winter 2021,W21,2021,B2B,top
22866,anima,Winter 2021,W21,2021,Healthcare,top
23537,arpio,Winter 2021,W21,2021,B2B,top
23537,arpio,Winter 2021,W21,2021,Infrastructure,child
22627,atomic-industries,Winter 2021,W21,2021,Industrials,top
22627,atomic-industries,Winter 2021,W21,2021,Manufacturing and Robotics,child
22581,atrato,Winter 2021,W21,2021,Fintech,top
22581,atrato,Winter 2021,W21,2021,Payments,child
22935,aurabeat,Winter 2021,W21,2021,Industrials,top
22935,aurabeat,Winter 2021,W21,2021,Energy,child
22934,auricle,Winter 2021,W21,2021,Healthcare,top
22934,auricle,Winter 2021,W21,2021,Medical Devices,child
23531,authologic,Winter 2021,W21,2021,B2B,top
23531,authologic,Winter 2021,W21,2021,"Engineering, Product and Design",child
22771,avenue,Winter 2021,W21,2021,B2B,top
22771,avenue,Winter 2021,W21,2021,Operations,child
23515,avion-school,Winter 2021,W21,2021,Education,top
22828,aviron-interactive,Winter 2021,W21,2021,Consumer,top
22828,aviron-interactive,Winter 2021,W21,2021,Home and Personal,child
22717,avocado,Winter 2021,W21,2021,B2B,top
22717,avocado,Winter 2021,W21,2021,Retail,child
23423,awari,Winter 2021,W21,2021,Education,top
22742,axiom-ai,Winter 2021,W21,2021,B2B,top
22742,axiom-ai,Winter 2021,W21,2021,Operations,child
22779,axle-health,Winter 2021,W21,2021,Healthcare,top
22779,axle-health,Winter 2021,W21,2021,Healthcare IT,child
23412,axolo,Winter 2021,W21,2021,B2B,top
23412,axolo,Winter 2021,W21,2021,"Engineering, Product and Design",child
22718,bewell-digital,Winter 2021,W21,2021,Healthcare,top
22718,bewell-digital,Winter 2021,W21,2021,Healthcare IT,child
23175,betterhalf,Winter 2021,W21,2021,Consumer,top
23175,betterhalf,Winter 2021,W21,2021,Social,child
22792,bimaplan,Winter 2021,W21,2021,Fintech,top
22792,bimaplan,Winter 2021,W21,2021,Insurance,child
23190,biodock,Winter 2021,W21,2021,Healthcare,top
23190,biodock,Winter 2021,W21,2021,Therapeutics,child
23445,blink,Winter 2021,W21,2021,Industrials,top
23445,blink,Winter 2021,W21,2021,Automotive,child
23555,bloom-3,Winter 2021,W21,2021,Fintech,top
23555,bloom-3,Winter 2021,W21,2021,Consumer Finance,child
22703,bluelight,Winter 2021,W21,2021,B2B,top
22703,bluelight,Winter 2021,W21,2021,Analytics,child
23121,botbuilt,Winter 2021,W21,2021,Industrials,top
23121,botbuilt,Winter 2021,W21,2021,Manufacturing and Robotics,child
22881,briohr,Winter 2021,W21,2021,B2B,top
22881,briohr,Winter 2021,W21,2021,Human Resources,child
22612,bristle,Winter 2021,W21,2021,Healthcare,top
22612,bristle,Winter 2021,W21,2021,Consumer Health and Wellness,child
23434,broad,Winter 2021,W21,2021,Fintech,top
23434,broad,Winter 2021,W21,2021,Banking and Exchange,child
22791,bueno-finance,Winter 2021,W21,2021,Fintech,top
22791,bueno-finance,Winter 2021,W21,2021,Credit and Lending,child
23371,businessonbot,Winter 2021,W21,2021,B2B,top
23371,businessonbot,Winter 2021,W21,2021,Operations,child
22829,camber-2,Winter 2021,W21,2021,Healthcare,top
22829,camber-2,Winter 2021,W21,2021,Healthcare IT,child
23631,camelan,Winter 2021,W21,2021,Consumer,top
23631,camelan,Winter 2021,W21,2021,Home and Personal,child
23186,camp,Winter 2021,W21,2021,Consumer,top
22870,care-weather,Winter 2021,W21,2021,Industrials,top
22870,care-weather,Winter 2021,W21,2021,Aviation and Space,child
22745,cashbook,Winter 2021,W21,2021,B2B,top
22745,cashbook,Winter 2021,W21,2021,Finance and Accounting,child
22775,charge-running,Winter 2021,W21,2021,Consumer,top
22775,charge-running,Winter 2021,W21,2021,Home and Personal,child
23279,chatwoot,Winter 2021,W21,2021,B2B,top
23279,chatwoot,Winter 2021,W21,2021,Operations,child
23435,cheqout,Winter 2021,W21,2021,Fintech,top
23435,cheqout,Winter 2021,W21,2021,Payments,child
23633,chorus-sleep,Winter 2021,W21,2021,B2B,top
22711,clay,Winter 2021,W21,2021,B2B,top
22711,clay,Winter 2021,W21,2021,"Engineering, Product and Design",child
23550,clear,Winter 2021,W21,2021,Consumer,top
23550,clear,Winter 2021,W21,2021,Social,child
22752,clipdrop,Winter 2021,W21,2021,Consumer,top
22752,clipdrop,Winter 2021,W21,2021,Content,child
22710,coverified,Winter 2021,W21,2021,Healthcare,top
22710,coverified,Winter 2021,W21,2021,Healthcare IT,child
23276,codeball,Winter 2021,W21,2021,B2B,top
23276,codeball,Winter 2021,W21,2021,"Engineering, Product and Design",child
22955,coderhouse,Winter 2021,W21,2021,Education,top
22997,codingal,Winter 2021,W21,2021,Education,top
23200,compose-ai,Winter 2021,W21,2021,B2B,top
23200,compose-ai,Winter 2021,W21,2021,Productivity,child
22841,controlhub,Winter 2021,W21,2021,B2B,top
22841,controlhub,Winter 2021,W21,2021,Finance and Accounting,child
22706,curvenote,Winter 2021,W21,2021,Healthcare,top
22706,curvenote,Winter 2021,W21,2021,Healthcare IT,child
22781,cyble,Winter 2021,W21,2021,B2B,top
22781,cyble,Winter 2021,W21,2021,Security,child
22987,darrow,Winter 2021,W21,2021,B2B,top
22987,darrow,Winter 2021,W21,2021,Legal,child
22842,dashlabs-ai,Winter 2021,W21,2021,Healthcare,top
22842,dashlabs-ai,Winter 2021,W21,2021,Healthcare IT,child
23303,dataherald,Winter 2021,W21,2021,B2B,top
22951,datrics,Winter 2021,W21,2021,Healthcare,top
23405,dayra,Winter 2021,W21,2021,Fintech,top
23405,dayra,Winter 2021,W21,2021,Credit and Lending,child
22470,degrees-of-freedom,Winter 2021,W21,2021,Education,top
23458,djamo,Winter 2021,W21,2021,Fintech,top
23458,djamo,Winter 2021,W21,2021,Banking and Exchange,child
22656,dreamworld,Winter 2021,W21,2021,Consumer,top
22656,dreamworld,Winter 2021,W21,2021,Gaming,child
23400,dressd,Winter 2021,W21,2021,Consumer,top
23400,dressd,Winter 2021,W21,2021,Apparel and Cosmetics,child
23038,dyte,Winter 2021,W21,2021,B2B,top
23038,dyte,Winter 2021,W21,2021,Infrastructure,child
23264,eat-blueprint,Winter 2021,W21,2021,Consumer,top
23264,eat-blueprint,Winter 2021,W21,2021,Food and Beverage,child
22831,emerge-tools,Winter 2021,W21,2021,B2B,top
22831,emerge-tools,Winter 2021,W21,2021,"Engineering, Product and Design",child
23037,enable-us,Winter 2021,W21,2021,B2B,top
23037,enable-us,Winter 2021,W21,2021,Sales,child
22744,encord,Winter 2021,W21,2021,B2B,top
22744,encord,Winter 2021,W21,2021,Infrastructure,child
22953,enode,Winter 2021,W21,2021,Industrials,top
22953,enode,Winter 2021,W21,2021,Energy,child
23263,entelexo-biotherapeutics,Winter 2021,W21,2021,Healthcare,top
23263,entelexo-biotherapeutics,Winter 2021,W21,2021,Therapeutics,child
23433,estoca,Winter 2021,W21,2021,B2B,top
23433,estoca,Winter 2021,W21,2021,Supply Chain and Logistics,child
22787,expent-inc,Winter 2021,W21,2021,B2B,top
22787,expent-inc,Winter 2021,W21,2021,Operations,child
23189,fable,Winter 2021,W21,2021,B2B,top
23189,fable,Winter 2021,W21,2021,"Engineering, Product and Design",child
22786,faction,Winter 2021,W21,2021,Industrials,top
22786,faction,Winter 2021,W21,2021,Automotive,child
22879,fathom,Winter 2021,W21,2021,B2B,top
22879,fathom,Winter 2021,W21,2021,Productivity,child
23174,feroot-security,Winter 2021,W21,2021,B2B,top
23174,feroot-security,Winter 2021,W21,2021,Security,child
22826,fifthtry,Winter 2021,W21,2021,B2B,top
22826,fifthtry,Winter 2021,W21,2021,Productivity,child
23065,finantier,Winter 2021,W21,2021,Fintech,top
23065,finantier,Winter 2021,W21,2021,Banking and Exchange,child
22755,finary,Winter 2021,W21,2021,Fintech,top
22755,finary,Winter 2021,W21,2021,Asset Management,child
22903,finary-com,Winter 2021,W21,2021,Fintech,top
22903,finary-com,Winter 2021,W21,2021,Asset Management,child
22667,finley,Winter 2021,W21,2021,Fintech,top
22667,finley,Winter 2021,W21,2021,Credit and Lending,child
22836,fintoc,Winter 2021,W21,2021,Fintech,top
22836,fintoc,Winter 2021,W21,2021,Payments,child
22882,firstsupport-ai,Winter 2021,W21,2021,B2B,top
22882,firstsupport-ai,Winter 2021,W21,2021,Operations,child
22796,firstbase-io,Winter 2021,W21,2021,B2B,top
22796,firstbase-io,Winter 2021,W21,2021,Operations,child
23128,fithub-2,Winter 2021,W21,2021,Consumer,top
23128,fithub-2,Winter 2021,W21,2021,Food and Beverage,child
22989,flextock,Winter 2021,W21,2021,B2B,top
22989,flextock,Winter 2021,W21,2021,Supply Chain and Logistics,child
22774,flok,Winter 2021,W21,2021,B2B,top
23316,floweq,Winter 2021,W21,2021,B2B,top
23316,floweq,Winter 2021,W21,2021,Productivity,child
23301,flutterflow,Winter 2021,W21,2021,B2B,top
23301,flutterflow,Winter 2021,W21,2021,"Engineering, Product and Design",child
23645,flux-2,Winter 2021,W21,2021,Fintech,top
23645,flux-2,Winter 2021,W21,2021,Payments,child
22708,flux-auto,Winter 2021,W21,2021,Industrials,top
22708,flux-auto,Winter 2021,W21,2021,Manufacturing and Robotics,child
23511,forcyte-biotechnologies,Winter 2021,W21,2021,Healthcare,top
23511,forcyte-biotechnologies,Winter 2021,W21,2021,Diagnostics,child
23328,compound-writing,Winter 2021,W21,2021,Consumer,top
23328,compound-writing,Winter 2021,W21,2021,Home and Personal,child
22714,fountain9,Winter 2021,W21,2021,B2B,top
22714,fountain9,Winter 2021,W21,2021,Retail,child
22751,fractional,Winter 2021,W21,2021,Fintech,top
23415,friz,Winter 2021,W21,2021,Consumer,top
23415,friz,Winter 2021,W21,2021,Job and Career Services,child
22788,functionup-fanplay,Winter 2021,W21,2021,Education,top
22695,furmacy,Winter 2021,W21,2021,Healthcare,top
22695,furmacy,Winter 2021,W21,2021,Healthcare IT,child
23305,galaxy,Winter 2021,W21,2021,B2B,top
23305,galaxy,Winter 2021,W21,2021,Infrastructure,child
22702,gerald-technologies-inc,Winter 2021,W21,2021,Fintech,top
23389,gigs,Winter 2021,W21,2021,B2B,top
23389,gigs,Winter 2021,W21,2021,"Engineering, Product and Design",child
22673,gigs-live,Winter 2021,W21,2021,Consumer,top
22888,gimbooks,Winter 2021,W21,2021,B2B,top
22888,gimbooks,Winter 2021,W21,2021,Finance and Accounting,child
22712,gobuild-fka-brick,Winter 2021,W21,2021,Fintech,top
22712,gobuild-fka-brick,Winter 2021,W21,2021,Credit and Lending,child
22565,gonddo,Winter 2021,W21,2021,B2B,top
22565,gonddo,Winter 2021,W21,2021,Retail,child
22777,gradia-health,Winter 2021,W21,2021,Healthcare,top
22777,gradia-health,Winter 2021,W21,2021,Healthcare IT,child
23306,greaseboss,Winter 2021,W21,2021,Industrials,top
23306,greaseboss,Winter 2021,W21,2021,Manufacturing and Robotics,child
22947,great-question,Winter 2021,W21,2021,B2B,top
22947,great-question,Winter 2021,W21,2021,"Engineering, Product and Design",child
22889,greywing,Winter 2021,W21,2021,B2B,top
22889,greywing,Winter 2021,W21,2021,Supply Chain and Logistics,child
22789,gridware,Winter 2021,W21,2021,Industrials,top
22789,gridware,Winter 2021,W21,2021,Energy,child
22677,gromo,Winter 2021,W21,2021,Fintech,top
23556,h3x-technologies,Winter 2021,W21,2021,Industrials,top
23556,h3x-technologies,Winter 2021,W21,2021,Aviation and Space,child
23453,hubuc,Winter 2021,W21,2021,Fintech,top
23453,hubuc,Winter 2021,W21,2021,Payments,child
22668,hapi,Winter 2021,W21,2021,Fintech,top
22668,hapi,Winter 2021,W21,2021,Consumer Finance,child
23259,haystack,Winter 2021,W21,2021,B2B,top
23259,haystack,Winter 2021,W21,2021,"Engineering, Product and Design",child
22876,hermes-robotics,Winter 2021,W21,2021,Industrials,top
22876,hermes-robotics,Winter 2021,W21,2021,Defense,child
23242,homebreeze,Winter 2021,W21,2021,Consumer,top
23242,homebreeze,Winter 2021,W21,2021,Home and Personal,child
22983,homebase,Winter 2021,W21,2021,Real Estate and Construction,top
22983,homebase,Winter 2021,W21,2021,Housing and Real Estate,child
23266,houm,Winter 2021,W21,2021,Real Estate and Construction,top
23266,houm,Winter 2021,W21,2021,Housing and Real Estate,child
22658,howdy-com,Winter 2021,W21,2021,B2B,top
22658,howdy-com,Winter 2021,W21,2021,Recruiting and Talent,child
22784,huddlefire,Winter 2021,W21,2021,B2B,top
22784,huddlefire,Winter 2021,W21,2021,Marketing,child
22942,hudu,Winter 2021,W21,2021,B2B,top
22942,hudu,Winter 2021,W21,2021,Operations,child
22638,humaans,Winter 2021,W21,2021,B2B,top
22638,humaans,Winter 2021,W21,2021,Human Resources,child
23636,humance,Winter 2021,W21,2021,Real Estate and Construction,top
23636,humance,Winter 2021,W21,2021,Construction,child
22778,hyperglue,Winter 2021,W21,2021,B2B,top
22778,hyperglue,Winter 2021,W21,2021,Analytics,child
23280,infracost,Winter 2021,W21,2021,B2B,top
23280,infracost,Winter 2021,W21,2021,"Engineering, Product and Design",child
23062,inpharmd,Winter 2021,W21,2021,Healthcare,top
23062,inpharmd,Winter 2021,W21,2021,Healthcare Services,child
22944,invoid,Winter 2021,W21,2021,B2B,top
23397,jetdocs,Winter 2021,W21,2021,B2B,top
23397,jetdocs,Winter 2021,W21,2021,Operations,child
23440,jiga,Winter 2021,W21,2021,B2B,top
23440,jiga,Winter 2021,W21,2021,Supply Chain and Logistics,child
22705,joinsub,Winter 2021,W21,2021,Fintech,top
22705,joinsub,Winter 2021,W21,2021,Payments,child
23638,journey,Winter 2021,W21,2021,B2B,top
23638,journey,Winter 2021,W21,2021,Sales,child
23052,juicy-marbles,Winter 2021,W21,2021,Consumer,top
23052,juicy-marbles,Winter 2021,W21,2021,Food and Beverage,child
22823,june,Winter 2021,W21,2021,B2B,top
22823,june,Winter 2021,W21,2021,Analytics,child
23635,kanda,Winter 2021,W21,2021,Fintech,top
23635,kanda,Winter 2021,W21,2021,Credit and Lending,child
23302,kidato,Winter 2021,W21,2021,Education,top
23597,kilobaser,Winter 2021,W21,2021,Healthcare,top
23597,kilobaser,Winter 2021,W21,2021,Medical Devices,child
23290,kitemaker,Winter 2021,W21,2021,B2B,top
23290,kitemaker,Winter 2021,W21,2021,"Engineering, Product and Design",child
23661,kiwify,Winter 2021,W21,2021,Education,top
22844,kodo,Winter 2021,W21,2021,Fintech,top
22844,kodo,Winter 2021,W21,2021,Payments,child
22709,krab,Winter 2021,W21,2021,Fintech,top
22709,krab,Winter 2021,W21,2021,Credit and Lending,child
22857,kredi,Winter 2021,W21,2021,Fintech,top
22857,kredi,Winter 2021,W21,2021,Credit and Lending,child
22846,lalabox,Winter 2021,W21,2021,Consumer,top
22846,lalabox,Winter 2021,W21,2021,Content,child
23220,lamar-health,Winter 2021,W21,2021,Healthcare,top
23220,lamar-health,Winter 2021,W21,2021,Healthcare IT,child
22741,laudspeaker,Winter 2021,W21,2021,B2B,top
22741,laudspeaker,Winter 2021,W21,2021,Marketing,child
23085,launcher-labs,Winter 2021,W21,2021,Consumer,top
22833,lendflow,Winter 2021,W21,2021,Fintech,top
22833,lendflow,Winter 2021,W21,2021,Payments,child
22969,lighttwist,Winter 2021,W21,2021,B2B,top
22969,lighttwist,Winter 2021,W21,2021,"Engineering, Product and Design",child
22693,lion-pose,Winter 2021,W21,2021,Consumer,top
22906,liveflow,Winter 2021,W21,2021,B2B,top
22906,liveflow,Winter 2021,W21,2021,Finance and Accounting,child
22869,logica,Winter 2021,W21,2021,B2B,top
22869,logica,Winter 2021,W21,2021,Finance and Accounting,child
22974,logisticsos,Winter 2021,W21,2021,B2B,top
22974,logisticsos,Winter 2021,W21,2021,Supply Chain and Logistics,child
22566,lovd,Winter 2021,W21,2021,Consumer,top
23269,lunatic,Winter 2021,W21,2021,B2B,top
23269,lunatic,Winter 2021,W21,2021,"Engineering, Product and Design",child
22659,lygg,Winter 2021,W21,2021,Consumer,top
22659,lygg,Winter 2021,W21,2021,Apparel and Cosmetics,child
23327,machine26,Winter 2021,W21,2021,Real Estate and Construction,top
23327,machine26,Winter 2021,W21,2021,Construction,child
23613,magicbell,Winter 2021,W21,2021,B2B,top
23613,magicbell,Winter 2021,W21,2021,"Engineering, Product and Design",child
23193,manara,Winter 2021,W21,2021,B2B,top
23193,manara,Winter 2021,W21,2021,Recruiting and Talent,child
22948,marcopolo,Winter 2021,W21,2021,B2B,top
22948,marcopolo,Winter 2021,W21,2021,Operations,child
23541,mayan,Winter 2021,W21,2021,B2B,top
23541,mayan,Winter 2021,W21,2021,Operations,child
22885,measured,Winter 2021,W21,2021,Healthcare,top
22885,measured,Winter 2021,W21,2021,Consumer Health and Wellness,child
22663,medme-health,Winter 2021,W21,2021,Healthcare,top
22663,medme-health,Winter 2021,W21,2021,Healthcare IT,child
23518,meetanyway,Winter 2021,W21,2021,B2B,top
23518,meetanyway,Winter 2021,W21,2021,Operations,child
23240,mendel,Winter 2021,W21,2021,Fintech,top
23240,mendel,Winter 2021,W21,2021,Banking and Exchange,child
23642,meru-com,Winter 2021,W21,2021,B2B,top
23642,meru-com,Winter 2021,W21,2021,Retail,child
23437,mezli,Winter 2021,W21,2021,Consumer,top
23437,mezli,Winter 2021,W21,2021,Food and Beverage,child
23050,milk-video,Winter 2021,W21,2021,B2B,top
23050,milk-video,Winter 2021,W21,2021,Marketing,child
23521,mindportal,Winter 2021,W21,2021,Consumer,top
23521,mindportal,Winter 2021,W21,2021,Consumer Electronics,child
22855,mindee,Winter 2021,W21,2021,B2B,top
22855,mindee,Winter 2021,W21,2021,"Engineering, Product and Design",child
22676,modernloop,Winter 2021,W21,2021,B2B,top
22676,modernloop,Winter 2021,W21,2021,Recruiting and Talent,child
22700,moichor,Winter 2021,W21,2021,Healthcare,top
22700,moichor,Winter 2021,W21,2021,Diagnostics,child
23265,mono,Winter 2021,W21,2021,Fintech,top
23265,mono,Winter 2021,W21,2021,Banking and Exchange,child
23304,moonshot-brands,Winter 2021,W21,2021,Fintech,top
23304,moonshot-brands,Winter 2021,W21,2021,Asset Management,child
23472,moonvalley,Winter 2021,W21,2021,Consumer,top
23472,moonvalley,Winter 2021,W21,2021,Virtual and Augmented Reality,child
23261,morada-uno,Winter 2021,W21,2021,Real Estate and Construction,top
23261,morada-uno,Winter 2021,W21,2021,Housing and Real Estate,child
23202,moxion-power-co,Winter 2021,W21,2021,Industrials,top
23202,moxion-power-co,Winter 2021,W21,2021,Energy,child
23568,my-nextderma,Winter 2021,W21,2021,Healthcare,top
23568,my-nextderma,Winter 2021,W21,2021,Consumer Health and Wellness,child
23430,mystic,Winter 2021,W21,2021,B2B,top
23430,mystic,Winter 2021,W21,2021,Infrastructure,child
23185,mythia,Winter 2021,W21,2021,Fintech,top
23656,nano-technologies,Winter 2021,W21,2021,Fintech,top
23656,nano-technologies,Winter 2021,W21,2021,Credit and Lending,child
23431,navattic,Winter 2021,W21,2021,B2B,top
23431,navattic,Winter 2021,W21,2021,Marketing,child
22600,neverland,Winter 2021,W21,2021,Consumer,top
22600,neverland,Winter 2021,W21,2021,Home and Personal,child
23632,nextpay,Winter 2021,W21,2021,Fintech,top
23632,nextpay,Winter 2021,W21,2021,Banking and Exchange,child
23000,nimbus-3,Winter 2021,W21,2021,B2B,top
23000,nimbus-3,Winter 2021,W21,2021,Infrastructure,child
22840,nirva,Winter 2021,W21,2021,Healthcare,top
22840,nirva,Winter 2021,W21,2021,Healthcare Services,child
22975,noble,Winter 2021,W21,2021,B2B,top
22975,noble,Winter 2021,W21,2021,Finance and Accounting,child
22699,nourish,Winter 2021,W21,2021,Healthcare,top
22780,noya,Winter 2021,W21,2021,Industrials,top
22780,noya,Winter 2021,W21,2021,Climate,child
23522,nuntius-therapeutics,Winter 2021,W21,2021,Healthcare,top
23522,nuntius-therapeutics,Winter 2021,W21,2021,Therapeutics,child
22698,observa,Winter 2021,W21,2021,B2B,top
22698,observa,Winter 2021,W21,2021,Security,child
22797,octifi,Winter 2021,W21,2021,Fintech,top
22797,octifi,Winter 2021,W21,2021,Consumer Finance,child
23366,olaclick,Winter 2021,W21,2021,Consumer,top
23366,olaclick,Winter 2021,W21,2021,Food and Beverage,child
23634,ollama,Winter 2021,W21,2021,B2B,top
23634,ollama,Winter 2021,W21,2021,Infrastructure,child
23238,ontop,Winter 2021,W21,2021,B2B,top
22986,opencode,Winter 2021,W21,2021,B2B,top
22986,opencode,Winter 2021,W21,2021,Infrastructure,child
22843,orbillion-bio,Winter 2021,W21,2021,Industrials,top
22843,orbillion-bio,Winter 2021,W21,2021,Climate,child
23461,outfit,Winter 2021,W21,2021,Consumer,top
23461,outfit,Winter 2021,W21,2021,Home and Personal,child
23277,pagaloop,Winter 2021,W21,2021,Fintech,top
23277,pagaloop,Winter 2021,W21,2021,Payments,child
22861,pangea-app,Winter 2021,W21,2021,B2B,top
22861,pangea-app,Winter 2021,W21,2021,Recruiting and Talent,child
22832,parsagon,Winter 2021,W21,2021,B2B,top
22985,partnered-2,Winter 2021,W21,2021,B2B,top
22985,partnered-2,Winter 2021,W21,2021,Sales,child
22672,pensil,Winter 2021,W21,2021,B2B,top
22672,pensil,Winter 2021,W21,2021,"Engineering, Product and Design",child
22806,per-diem,Winter 2021,W21,2021,B2B,top
22806,per-diem,Winter 2021,W21,2021,Marketing,child
22722,pesto,Winter 2021,W21,2021,Fintech,top
22722,pesto,Winter 2021,W21,2021,Credit and Lending,child
23162,phoenix,Winter 2021,W21,2021,Healthcare,top
23162,phoenix,Winter 2021,W21,2021,Consumer Health and Wellness,child
22681,pibit-ai,Winter 2021,W21,2021,Fintech,top
22681,pibit-ai,Winter 2021,W21,2021,Insurance,child
22750,pingpong,Winter 2021,W21,2021,B2B,top
22750,pingpong,Winter 2021,W21,2021,Productivity,child
23610,pipebio,Winter 2021,W21,2021,Healthcare,top
23610,pipebio,Winter 2021,W21,2021,Therapeutics,child
23041,platypus,Winter 2021,W21,2021,B2B,top
22652,playmaker,Winter 2021,W21,2021,Consumer,top
22652,playmaker,Winter 2021,W21,2021,Content,child
23414,poliglota,Winter 2021,W21,2021,Education,top
22878,popl,Winter 2021,W21,2021,B2B,top
22670,powerrouter,Winter 2021,W21,2021,B2B,top
22670,powerrouter,Winter 2021,W21,2021,Sales,child
22738,pragmatic-leaders-ankai-inc,Winter 2021,W21,2021,B2B,top
23239,preki,Winter 2021,W21,2021,B2B,top
23278,prendea,Winter 2021,W21,2021,Education,top
22772,prequel,Winter 2021,W21,2021,B2B,top
22772,prequel,Winter 2021,W21,2021,Analytics,child
22867,procoto,Winter 2021,W21,2021,B2B,top
22867,procoto,Winter 2021,W21,2021,Finance and Accounting,child
22827,promoted,Winter 2021,W21,2021,B2B,top
23398,prospa,Winter 2021,W21,2021,Fintech,top
23398,prospa,Winter 2021,W21,2021,Banking and Exchange,child
22830,pry-financials,Winter 2021,W21,2021,B2B,top
22830,pry-financials,Winter 2021,W21,2021,Finance and Accounting,child
22883,purpose-finance,Winter 2021,W21,2021,Fintech,top
22883,purpose-finance,Winter 2021,W21,2021,Banking and Exchange,child
23229,pyroscope,Winter 2021,W21,2021,B2B,top
23229,pyroscope,Winter 2021,W21,2021,"Engineering, Product and Design",child
22661,quadrant-eye,Winter 2021,W21,2021,Healthcare,top
22661,quadrant-eye,Winter 2021,W21,2021,Medical Devices,child
22850,quadrant-health,Winter 2021,W21,2021,Healthcare,top
22850,quadrant-health,Winter 2021,W21,2021,Healthcare IT,child
22701,queenly,Winter 2021,W21,2021,Consumer,top
22701,queenly,Winter 2021,W21,2021,Apparel and Cosmetics,child
22995,quicknode,Winter 2021,W21,2021,B2B,top
22995,quicknode,Winter 2021,W21,2021,Infrastructure,child
22990,quotabook,Winter 2021,W21,2021,B2B,top
22990,quotabook,Winter 2021,W21,2021,Finance and Accounting,child
22887,r2,Winter 2021,W21,2021,Fintech,top
22887,r2,Winter 2021,W21,2021,Credit and Lending,child
23369,regent,Winter 2021,W21,2021,Industrials,top
23369,regent,Winter 2021,W21,2021,Aviation and Space,child
23156,roger,Winter 2021,W21,2021,B2B,top
23105,reclaim-protocol,Winter 2021,W21,2021,B2B,top
23105,reclaim-protocol,Winter 2021,W21,2021,Recruiting and Talent,child
23432,recover,Winter 2021,W21,2021,Healthcare,top
23432,recover,Winter 2021,W21,2021,Consumer Health and Wellness,child
23146,redcliffe-lifetech,Winter 2021,W21,2021,Healthcare,top
23146,redcliffe-lifetech,Winter 2021,W21,2021,Diagnostics,child
23317,rejoy-health,Winter 2021,W21,2021,Healthcare,top
23317,rejoy-health,Winter 2021,W21,2021,Healthcare IT,child
22905,remora,Winter 2021,W21,2021,Industrials,top
22905,remora,Winter 2021,W21,2021,Climate,child
23611,reshape-biotech,Winter 2021,W21,2021,Healthcare,top
23611,reshape-biotech,Winter 2021,W21,2021,Industrial Bio,child
22996,resquared,Winter 2021,W21,2021,B2B,top
22996,resquared,Winter 2021,W21,2021,Marketing,child
23399,rethoric,Winter 2021,W21,2021,B2B,top
23399,rethoric,Winter 2021,W21,2021,Marketing,child
22884,rinsed,Winter 2021,W21,2021,B2B,top
22660,rocketsdr,Winter 2021,W21,2021,B2B,top
22660,rocketsdr,Winter 2021,W21,2021,Sales,child
22875,roin-technologies,Winter 2021,W21,2021,Industrials,top
22875,roin-technologies,Winter 2021,W21,2021,Manufacturing and Robotics,child
23459,routine,Winter 2021,W21,2021,B2B,top
23459,routine,Winter 2021,W21,2021,Productivity,child
23127,rulebricks,Winter 2021,W21,2021,B2B,top
23127,rulebricks,Winter 2021,W21,2021,Operations,child
22591,runway,Winter 2021,W21,2021,B2B,top
22591,runway,Winter 2021,W21,2021,"Engineering, Product and Design",child
22664,sbx-robotics,Winter 2021,W21,2021,B2B,top
22664,sbx-robotics,Winter 2021,W21,2021,"Engineering, Product and Design",child
23139,seer,Winter 2021,W21,2021,B2B,top
23139,seer,Winter 2021,W21,2021,Retail,child
22743,segments-ai,Winter 2021,W21,2021,B2B,top
22743,segments-ai,Winter 2021,W21,2021,"Engineering, Product and Design",child
22957,sendbox,Winter 2021,W21,2021,B2B,top
22957,sendbox,Winter 2021,W21,2021,Supply Chain and Logistics,child
22617,serna-bio,Winter 2021,W21,2021,Healthcare,top
22617,serna-bio,Winter 2021,W21,2021,Therapeutics,child
23599,shepherd,Winter 2021,W21,2021,Fintech,top
23599,shepherd,Winter 2021,W21,2021,Insurance,child
22671,signoz,Winter 2021,W21,2021,B2B,top
22671,signoz,Winter 2021,W21,2021,Infrastructure,child
23056,simplify,Winter 2021,W21,2021,Consumer,top
23056,simplify,Winter 2021,W21,2021,Job and Career Services,child
22776,sivo,Winter 2021,W21,2021,Fintech,top
22776,sivo,Winter 2021,W21,2021,Credit and Lending,child
22696,slashauth,Winter 2021,W21,2021,B2B,top
22696,slashauth,Winter 2021,W21,2021,Infrastructure,child
22720,smartcuts,Winter 2021,W21,2021,B2B,top
22720,smartcuts,Winter 2021,W21,2021,Productivity,child
23036,solo,Winter 2021,W21,2021,Fintech,top
23036,solo,Winter 2021,W21,2021,Consumer Finance,child
23421,somos,Winter 2021,W21,2021,Real Estate and Construction,top
23421,somos,Winter 2021,W21,2021,Housing and Real Estate,child
23226,soraban,Winter 2021,W21,2021,B2B,top
23226,soraban,Winter 2021,W21,2021,Finance and Accounting,child
23368,spline,Winter 2021,W21,2021,B2B,top
23368,spline,Winter 2021,W21,2021,Productivity,child
22666,spokn,Winter 2021,W21,2021,B2B,top
22666,spokn,Winter 2021,W21,2021,Operations,child
22713,spruceid,Winter 2021,W21,2021,Government,top
22669,stacksi,Winter 2021,W21,2021,B2B,top
22669,stacksi,Winter 2021,W21,2021,Security,child
23236,stayflexi,Winter 2021,W21,2021,B2B,top
23048,stoke-space,Winter 2021,W21,2021,Industrials,top
23048,stoke-space,Winter 2021,W21,2021,Aviation and Space,child
23063,striga,Winter 2021,W21,2021,Fintech,top
23063,striga,Winter 2021,W21,2021,Payments,child
22785,supadock,Winter 2021,W21,2021,B2B,top
22785,supadock,Winter 2021,W21,2021,Supply Chain and Logistics,child
23355,svix,Winter 2021,W21,2021,B2B,top
23355,svix,Winter 2021,W21,2021,Infrastructure,child
23324,swadesi-way,Winter 2021,W21,2021,Consumer,top
23324,swadesi-way,Winter 2021,W21,2021,Food and Beverage,child
23598,swiftsku,Winter 2021,W21,2021,B2B,top
23598,swiftsku,Winter 2021,W21,2021,Retail,child
22662,taloflow,Winter 2021,W21,2021,B2B,top
22662,taloflow,Winter 2021,W21,2021,"Engineering, Product and Design",child
23075,taofi,Winter 2021,W21,2021,Fintech,top
23084,taste,Winter 2021,W21,2021,Consumer,top
23084,taste,Winter 2021,W21,2021,Food and Beverage,child
23008,techbiz,Winter 2021,W21,2021,B2B,top
22782,terapify,Winter 2021,W21,2021,Healthcare,top
22782,terapify,Winter 2021,W21,2021,Consumer Health and Wellness,child
23612,terra-api,Winter 2021,W21,2021,B2B,top
23612,terra-api,Winter 2021,W21,2021,"Engineering, Product and Design",child
22958,text-blaze,Winter 2021,W21,2021,B2B,top
22958,text-blaze,Winter 2021,W21,2021,Productivity,child
22624,the-third-place,Winter 2021,W21,2021,B2B,top
22624,the-third-place,Winter 2021,W21,2021,Retail,child
23053,tilt-2,Winter 2021,W21,2021,Consumer,top
23064,tint,Winter 2021,W21,2021,Fintech,top
23064,tint,Winter 2021,W21,2021,Insurance,child
22854,topkey,Winter 2021,W21,2021,B2B,top
22854,topkey,Winter 2021,W21,2021,Finance and Accounting,child
22991,topline-pro,Winter 2021,W21,2021,B2B,top
22991,topline-pro,Winter 2021,W21,2021,Operations,child
23017,tractian,Winter 2021,W21,2021,Industrials,top
23357,treinta,Winter 2021,W21,2021,B2B,top
23357,treinta,Winter 2021,W21,2021,Productivity,child
22952,trela,Winter 2021,W21,2021,Consumer,top
22968,trendpop,Winter 2021,W21,2021,B2B,top
22968,trendpop,Winter 2021,W21,2021,Analytics,child
22618,trestle-biotherapeutics,Winter 2021,W21,2021,Healthcare,top
22618,trestle-biotherapeutics,Winter 2021,W21,2021,Industrial Bio,child
23539,triomics,Winter 2021,W21,2021,Healthcare,top
23539,triomics,Winter 2021,W21,2021,Healthcare Services,child
22704,triplit,Winter 2021,W21,2021,B2B,top
22704,triplit,Winter 2021,W21,2021,"Engineering, Product and Design",child
22880,true3d,Winter 2021,W21,2021,B2B,top
22880,true3d,Winter 2021,W21,2021,Infrastructure,child
22715,tupelo,Winter 2021,W21,2021,B2B,top
22715,tupelo,Winter 2021,W21,2021,Finance and Accounting,child
23457,turing-college,Winter 2021,W21,2021,Education,top
23429,upchieve,Winter 2021,W21,2021,Education,top
22853,udhaar-app,Winter 2021,W21,2021,Fintech,top
22853,udhaar-app,Winter 2021,W21,2021,Payments,child
23370,uiflow,Winter 2021,W21,2021,B2B,top
23370,uiflow,Winter 2021,W21,2021,"Engineering, Product and Design",child
22675,unfurl,Winter 2021,W21,2021,Consumer,top
22675,unfurl,Winter 2021,W21,2021,Food and Beverage,child
23054,unschool,Winter 2021,W21,2021,Education,top
22764,valink-therapeutics,Winter 2021,W21,2021,Healthcare,top
22764,valink-therapeutics,Winter 2021,W21,2021,Therapeutics,child
22835,vapi,Winter 2021,W21,2021,B2B,top
22835,vapi,Winter 2021,W21,2021,"Engineering, Product and Design",child
22970,veera-health,Winter 2021,W21,2021,Healthcare,top
22970,veera-health,Winter 2021,W21,2021,Consumer Health and Wellness,child
23443,vendease,Winter 2021,W21,2021,B2B,top
23443,vendease,Winter 2021,W21,2021,Supply Chain and Logistics,child
23191,venu-ai,Winter 2021,W21,2021,B2B,top
22902,verak,Winter 2021,W21,2021,Fintech,top
22902,verak,Winter 2021,W21,2021,Insurance,child
22790,version-story-compare,Winter 2021,W21,2021,B2B,top
22790,version-story-compare,Winter 2021,W21,2021,Legal,child
23416,voosh,Winter 2021,W21,2021,B2B,top
23452,wasp,Winter 2021,W21,2021,B2B,top
23452,wasp,Winter 2021,W21,2021,"Engineering, Product and Design",child
23530,waydev,Winter 2021,W21,2021,B2B,top
23530,waydev,Winter 2021,W21,2021,Productivity,child
22665,waypoint,Winter 2021,W21,2021,B2B,top
22533,webiny,Winter 2021,W21,2021,B2B,top
22533,webiny,Winter 2021,W21,2021,"Engineering, Product and Design",child
22719,weekday,Winter 2021,W21,2021,B2B,top
22719,weekday,Winter 2021,W21,2021,Recruiting and Talent,child
23167,worksphere,Winter 2021,W21,2021,B2B,top
23167,worksphere,Winter 2021,W21,2021,Operations,child
22707,wyndly,Winter 2021,W21,2021,Healthcare,top
22707,wyndly,Winter 2021,W21,2021,Consumer Health and Wellness,child
22783,yourquote,Winter 2021,W21,2021,Consumer,top
22783,yourquote,Winter 2021,W21,2021,Content,child
23260,z1,Winter 2021,W21,2021,Fintech,top
23260,z1,Winter 2021,W21,2021,Consumer Finance,child
23074,zoko,Winter 2021,W21,2021,B2B,top
23074,zoko,Winter 2021,W21,2021,Retail,child
23268,zealth,Winter 2021,W21,2021,Healthcare,top
23268,zealth,Winter 2021,W21,2021,Healthcare IT,child
22721,zepto,Winter 2021,W21,2021,Consumer,top
22721,zepto,Winter 2021,W21,2021,Food and Beverage,child
23271,ziina,Winter 2021,W21,2021,Fintech,top
23271,ziina,Winter 2021,W21,2021,Consumer Finance,child
22674,arnata,Winter 2021,W21,2021,B2B,top
22674,arnata,Winter 2021,W21,2021,Supply Chain and Logistics,child
22632,authzed,Winter 2021,W21,2021,B2B,top
22632,authzed,Winter 2021,W21,2021,"Engineering, Product and Design",child
23462,boitas-com,Winter 2021,W21,2021,B2B,top
23462,boitas-com,Winter 2021,W21,2021,Retail,child
23042,clicoh,Winter 2021,W21,2021,B2B,top
23042,clicoh,Winter 2021,W21,2021,Supply Chain and Logistics,child
22608,cloud-humans,Winter 2021,W21,2021,B2B,top
22608,cloud-humans,Winter 2021,W21,2021,Operations,child
23640,eqtble,Winter 2021,W21,2021,B2B,top
23640,eqtble,Winter 2021,W21,2021,Human Resources,child
22625,gaiia,Winter 2021,W21,2021,B2B,top
22625,gaiia,Winter 2021,W21,2021,Operations,child
23460,hoop-dev,Winter 2021,W21,2021,B2B,top
23460,hoop-dev,Winter 2021,W21,2021,"Engineering, Product and Design",child
23318,inbalance,Winter 2021,W21,2021,Industrials,top
23318,inbalance,Winter 2021,W21,2021,Energy,child
22773,nohq,Winter 2021,W21,2021,B2B,top
22773,nohq,Winter 2021,W21,2021,Human Resources,child
23413,peoplecq,Winter 2021,W21,2021,Fintech,top
23413,peoplecq,Winter 2021,W21,2021,Asset Management,child
23073,unsurvey,Winter 2021,W21,2021,B2B,top
23073,unsurvey,Winter 2021,W21,2021,"Engineering, Product and Design",child
22856,weweb-io,Winter 2021,W21,2021,B2B,top
22856,weweb-io,Winter 2021,W21,2021,Operations,child
22890,zingbus,Winter 2021,W21,2021,Consumer,top
22890,zingbus,Winter 2021,W21,2021,Transportation Services,child
24256,ai-tech-packs,Summer 2021,S21,2021,B2B,top
24256,ai-tech-packs,Summer 2021,S21,2021,Supply Chain and Logistics,child
23884,aoa-dx-inc,Summer 2021,S21,2021,Healthcare,top
23884,aoa-dx-inc,Summer 2021,S21,2021,Diagnostics,child
23988,arq,Summer 2021,S21,2021,Fintech,top
24726,abatable,Summer 2021,S21,2021,Industrials,top
24726,abatable,Summer 2021,S21,2021,Climate,child
24147,abbot,Summer 2021,S21,2021,B2B,top
24147,abbot,Summer 2021,S21,2021,Sales,child
24685,abhi,Summer 2021,S21,2021,Fintech,top
24685,abhi,Summer 2021,S21,2021,Credit and Lending,child
23958,abstra,Summer 2021,S21,2021,B2B,top
23958,abstra,Summer 2021,S21,2021,"Engineering, Product and Design",child
24505,adaptyv,Summer 2021,S21,2021,Healthcare,top
24505,adaptyv,Summer 2021,S21,2021,Drug Discovery and Delivery,child
24571,adni,Summer 2021,S21,2021,Healthcare,top
24819,adravision,Summer 2021,S21,2021,Healthcare,top
24819,adravision,Summer 2021,S21,2021,Healthcare IT,child
24086,advantage-club,Summer 2021,S21,2021,B2B,top
24086,advantage-club,Summer 2021,S21,2021,Human Resources,child
24587,aer,Summer 2021,S21,2021,Fintech,top
24040,affogato-ai,Summer 2021,S21,2021,B2B,top
24040,affogato-ai,Summer 2021,S21,2021,"Engineering, Product and Design",child
23845,agape,Summer 2021,S21,2021,Healthcare,top
23845,agape,Summer 2021,S21,2021,Consumer Health and Wellness,child
24871,ahazou,Summer 2021,S21,2021,B2B,top
24871,ahazou,Summer 2021,S21,2021,Marketing,child
24042,akudo,Summer 2021,S21,2021,Fintech,top
24042,akudo,Summer 2021,S21,2021,Payments,child
24525,akute-health,Summer 2021,S21,2021,Healthcare,top
24525,akute-health,Summer 2021,S21,2021,Healthcare IT,child
24428,aleph,Summer 2021,S21,2021,B2B,top
24428,aleph,Summer 2021,S21,2021,Finance and Accounting,child
24422,aleph-solutions-alephee,Summer 2021,S21,2021,B2B,top
24422,aleph-solutions-alephee,Summer 2021,S21,2021,Retail,child
24094,algouniversity,Summer 2021,S21,2021,Education,top
24229,algoviral,Summer 2021,S21,2021,B2B,top
24229,algoviral,Summer 2021,S21,2021,Marketing,child
24600,algofi,Summer 2021,S21,2021,Fintech,top
24883,amenli,Summer 2021,S21,2021,Fintech,top
24883,amenli,Summer 2021,S21,2021,Insurance,child
24141,anakin,Summer 2021,S21,2021,B2B,top
24141,anakin,Summer 2021,S21,2021,Analytics,child
24034,ananya-health,Summer 2021,S21,2021,Healthcare,top
24034,ananya-health,Summer 2021,S21,2021,Medical Devices,child
24549,ancana,Summer 2021,S21,2021,Consumer,top
24549,ancana,Summer 2021,S21,2021,"Travel, Leisure and Tourism",child
24343,apollo-2,Summer 2021,S21,2021,Fintech,top
24343,apollo-2,Summer 2021,S21,2021,Consumer Finance,child
24096,appx,Summer 2021,S21,2021,Education,top
24194,aqua,Summer 2021,S21,2021,Fintech,top
23968,archbee,Summer 2021,S21,2021,B2B,top
23968,archbee,Summer 2021,S21,2021,"Engineering, Product and Design",child
24398,arengu,Summer 2021,S21,2021,B2B,top
24349,arrow,Summer 2021,S21,2021,Fintech,top
24349,arrow,Summer 2021,S21,2021,Payments,child
23943,artillery,Summer 2021,S21,2021,B2B,top
23943,artillery,Summer 2021,S21,2021,Infrastructure,child
24450,astek-diagnostics-inc,Summer 2021,S21,2021,Healthcare,top
24450,astek-diagnostics-inc,Summer 2021,S21,2021,Diagnostics,child
24746,atlas,Summer 2021,S21,2021,B2B,top
24055,atmana,Summer 2021,S21,2021,Consumer,top
24841,aviator,Summer 2021,S21,2021,B2B,top
24841,aviator,Summer 2021,S21,2021,"Engineering, Product and Design",child
24170,awesomic,Summer 2021,S21,2021,B2B,top
24082,bluumbio,Summer 2021,S21,2021,Healthcare,top
24082,bluumbio,Summer 2021,S21,2021,Industrial Bio,child
23969,baraka,Summer 2021,S21,2021,Fintech,top
23969,baraka,Summer 2021,S21,2021,Asset Management,child
24666,baubap,Summer 2021,S21,2021,Fintech,top
24666,baubap,Summer 2021,S21,2021,Credit and Lending,child
24913,beau,Summer 2021,S21,2021,B2B,top
24913,beau,Summer 2021,S21,2021,Operations,child
23939,beeper,Summer 2021,S21,2021,Consumer,top
24799,birdie,Summer 2021,S21,2021,B2B,top
24799,birdie,Summer 2021,S21,2021,Sales,child
24140,bite-ninja,Summer 2021,S21,2021,B2B,top
24818,blackoaktv,Summer 2021,S21,2021,Consumer,top
24818,blackoaktv,Summer 2021,S21,2021,Content,child
23820,blixo,Summer 2021,S21,2021,B2B,top
23820,blixo,Summer 2021,S21,2021,Finance and Accounting,child
24065,boldvoice,Summer 2021,S21,2021,Consumer,top
24543,bolster,Summer 2021,S21,2021,Real Estate and Construction,top
24543,bolster,Summer 2021,S21,2021,Construction,child
24250,breadcrumbs-io,Summer 2021,S21,2021,B2B,top
24250,breadcrumbs-io,Summer 2021,S21,2021,Sales,child
24244,bree,Summer 2021,S21,2021,Fintech,top
24244,bree,Summer 2021,S21,2021,Consumer Finance,child
24165,brite,Summer 2021,S21,2021,B2B,top
24165,brite,Summer 2021,S21,2021,Human Resources,child
24589,buoyant-aero,Summer 2021,S21,2021,Industrials,top
24589,buoyant-aero,Summer 2021,S21,2021,Drones,child
24280,buro-de-ingresos,Summer 2021,S21,2021,B2B,top
24280,buro-de-ingresos,Summer 2021,S21,2021,Infrastructure,child
24025,buzzle,Summer 2021,S21,2021,B2B,top
24025,buzzle,Summer 2021,S21,2021,"Engineering, Product and Design",child
24701,byte-kitchen,Summer 2021,S21,2021,Consumer,top
24701,byte-kitchen,Summer 2021,S21,2021,Food and Beverage,child
24817,bytebot,Summer 2021,S21,2021,B2B,top
24817,bytebot,Summer 2021,S21,2021,"Engineering, Product and Design",child
24129,cabal,Summer 2021,S21,2021,B2B,top
24867,cache,Summer 2021,S21,2021,Consumer,top
24867,cache,Summer 2021,S21,2021,Food and Beverage,child
24857,cafe,Summer 2021,S21,2021,B2B,top
24857,cafe,Summer 2021,S21,2021,Human Resources,child
24622,caire-health,Summer 2021,S21,2021,Healthcare,top
24622,caire-health,Summer 2021,S21,2021,Diagnostics,child
24762,canopi,Summer 2021,S21,2021,B2B,top
23960,carbonfact,Summer 2021,S21,2021,Industrials,top
23960,carbonfact,Summer 2021,S21,2021,Climate,child
25047,careerist,Summer 2021,S21,2021,Education,top
24354,cartpanda,Summer 2021,S21,2021,B2B,top
24354,cartpanda,Summer 2021,S21,2021,Sales,child
24008,catena-biosciences,Summer 2021,S21,2021,Healthcare,top
24008,catena-biosciences,Summer 2021,S21,2021,Therapeutics,child
24737,cellchorus,Summer 2021,S21,2021,Healthcare,top
24737,cellchorus,Summer 2021,S21,2021,Drug Discovery and Delivery,child
24303,cero,Summer 2021,S21,2021,B2B,top
24873,charge-robotics,Summer 2021,S21,2021,Industrials,top
24873,charge-robotics,Summer 2021,S21,2021,Manufacturing and Robotics,child
24563,chari,Summer 2021,S21,2021,Consumer,top
24563,chari,Summer 2021,S21,2021,Food and Beverage,child
24884,chipax,Summer 2021,S21,2021,B2B,top
24884,chipax,Summer 2021,S21,2021,Finance and Accounting,child
24275,cloudanix,Summer 2021,S21,2021,B2B,top
24275,cloudanix,Summer 2021,S21,2021,Security,child
24348,cloudthread,Summer 2021,S21,2021,B2B,top
24348,cloudthread,Summer 2021,S21,2021,Analytics,child
24391,coloop,Summer 2021,S21,2021,B2B,top
24538,coast,Summer 2021,S21,2021,B2B,top
23777,cococart,Summer 2021,S21,2021,B2B,top
24374,coinrule,Summer 2021,S21,2021,Fintech,top
24370,comet-health,Summer 2021,S21,2021,Healthcare,top
24370,comet-health,Summer 2021,S21,2021,Consumer Health and Wellness,child
24163,commery,Summer 2021,S21,2021,Real Estate and Construction,top
24163,commery,Summer 2021,S21,2021,Housing and Real Estate,child
23971,concord-materials,Summer 2021,S21,2021,Real Estate and Construction,top
23971,concord-materials,Summer 2021,S21,2021,Construction,child
24064,confido,Summer 2021,S21,2021,B2B,top
24064,confido,Summer 2021,S21,2021,Finance and Accounting,child
23862,contalink,Summer 2021,S21,2021,B2B,top
23862,contalink,Summer 2021,S21,2021,Finance and Accounting,child
24725,contraforce,Summer 2021,S21,2021,B2B,top
24725,contraforce,Summer 2021,S21,2021,Security,child
24045,coulomb-ai,Summer 2021,S21,2021,B2B,top
24257,covie,Summer 2021,S21,2021,Fintech,top
24257,covie,Summer 2021,S21,2021,Insurance,child
24773,crew,Summer 2021,S21,2021,B2B,top
24773,crew,Summer 2021,S21,2021,Recruiting and Talent,child
24485,cumbuca,Summer 2021,S21,2021,Fintech,top
23956,customily,Summer 2021,S21,2021,B2B,top
23956,customily,Summer 2021,S21,2021,"Engineering, Product and Design",child
24153,dailybot,Summer 2021,S21,2021,B2B,top
24153,dailybot,Summer 2021,S21,2021,Productivity,child
24846,datlo,Summer 2021,S21,2021,B2B,top
24846,datlo,Summer 2021,S21,2021,Analytics,child
24049,deed,Summer 2021,S21,2021,B2B,top
24049,deed,Summer 2021,S21,2021,Human Resources,child
23955,deskimo,Summer 2021,S21,2021,B2B,top
23955,deskimo,Summer 2021,S21,2021,Office Management,child
24291,digibuild,Summer 2021,S21,2021,Real Estate and Construction,top
24291,digibuild,Summer 2021,S21,2021,Construction,child
24445,digistain,Summer 2021,S21,2021,Healthcare,top
24445,digistain,Summer 2021,S21,2021,Diagnostics,child
24605,dime,Summer 2021,S21,2021,B2B,top
24605,dime,Summer 2021,S21,2021,"Engineering, Product and Design",child
24557,dots-2,Summer 2021,S21,2021,Fintech,top
24557,dots-2,Summer 2021,S21,2021,Payments,child
24132,doublehq,Summer 2021,S21,2021,B2B,top
24132,doublehq,Summer 2021,S21,2021,Finance and Accounting,child
24091,echoes-hq,Summer 2021,S21,2021,B2B,top
24091,echoes-hq,Summer 2021,S21,2021,"Engineering, Product and Design",child
24414,encuadrado,Summer 2021,S21,2021,B2B,top
24414,encuadrado,Summer 2021,S21,2021,Productivity,child
24499,endla,Summer 2021,S21,2021,B2B,top
24499,endla,Summer 2021,S21,2021,"Engineering, Product and Design",child
24258,enerjazz,Summer 2021,S21,2021,Industrials,top
24258,enerjazz,Summer 2021,S21,2021,Climate,child
24270,enso,Summer 2021,S21,2021,B2B,top
24270,enso,Summer 2021,S21,2021,Analytics,child
24138,epinoma,Summer 2021,S21,2021,Healthcare,top
23817,epsilon3-inc,Summer 2021,S21,2021,B2B,top
23817,epsilon3-inc,Summer 2021,S21,2021,Operations,child
24875,equipt-health,Summer 2021,S21,2021,Healthcare,top
24827,evidence,Summer 2021,S21,2021,B2B,top
24827,evidence,Summer 2021,S21,2021,Analytics,child
24484,evidently-ai,Summer 2021,S21,2021,B2B,top
24484,evidently-ai,Summer 2021,S21,2021,Analytics,child
24893,exa,Summer 2021,S21,2021,B2B,top
24550,examedi,Summer 2021,S21,2021,Healthcare,top
24380,fastfarma,Summer 2021,S21,2021,Healthcare,top
24380,fastfarma,Summer 2021,S21,2021,Consumer Health and Wellness,child
24599,female-invest,Summer 2021,S21,2021,Fintech,top
24598,ferveret-inc,Summer 2021,S21,2021,Industrials,top
24598,ferveret-inc,Summer 2021,S21,2021,Energy,child
24629,filadd,Summer 2021,S21,2021,Education,top
24597,filta,Summer 2021,S21,2021,Consumer,top
23986,fingo-africa,Summer 2021,S21,2021,Fintech,top
24842,firstignite,Summer 2021,S21,2021,B2B,top
23985,firstquadrant,Summer 2021,S21,2021,B2B,top
23985,firstquadrant,Summer 2021,S21,2021,Sales,child
24169,fitia,Summer 2021,S21,2021,Healthcare,top
24169,fitia,Summer 2021,S21,2021,Consumer Health and Wellness,child
24530,float,Summer 2021,S21,2021,Fintech,top
24540,floatpays-inc,Summer 2021,S21,2021,Fintech,top
23972,flow-club,Summer 2021,S21,2021,B2B,top
23972,flow-club,Summer 2021,S21,2021,Productivity,child
24026,flowbo-inc,Summer 2021,S21,2021,Fintech,top
24026,flowbo-inc,Summer 2021,S21,2021,Consumer Finance,child
24475,flowly,Summer 2021,S21,2021,Healthcare,top
24475,flowly,Summer 2021,S21,2021,Consumer Health and Wellness,child
24158,forage-2,Summer 2021,S21,2021,Fintech,top
24158,forage-2,Summer 2021,S21,2021,Payments,child
24408,forage-mail,Summer 2021,S21,2021,Consumer,top
24379,formance,Summer 2021,S21,2021,B2B,top
24446,freterium,Summer 2021,S21,2021,B2B,top
24446,freterium,Summer 2021,S21,2021,Supply Chain and Logistics,child
24038,frontpage,Summer 2021,S21,2021,Fintech,top
24038,frontpage,Summer 2021,S21,2021,Asset Management,child
24830,gamerpay,Summer 2021,S21,2021,Consumer,top
24830,gamerpay,Summer 2021,S21,2021,Gaming,child
24574,genomelink,Summer 2021,S21,2021,Healthcare,top
24574,genomelink,Summer 2021,S21,2021,Consumer Health and Wellness,child
24575,genuity,Summer 2021,S21,2021,B2B,top
24345,geostar,Summer 2021,S21,2021,B2B,top
24390,getdot,Summer 2021,S21,2021,B2B,top
24390,getdot,Summer 2021,S21,2021,Analytics,child
24264,glitzi,Summer 2021,S21,2021,Consumer,top
24264,glitzi,Summer 2021,S21,2021,Home and Personal,child
23963,gobillion,Summer 2021,S21,2021,Consumer,top
24005,goodkind,Summer 2021,S21,2021,B2B,top
24005,goodkind,Summer 2021,S21,2021,Sales,child
24252,govly,Summer 2021,S21,2021,Government,top
24868,heo-robotics,Summer 2021,S21,2021,Industrials,top
24868,heo-robotics,Summer 2021,S21,2021,Aviation and Space,child
24467,harmonic-discovery,Summer 2021,S21,2021,Healthcare,top
24467,harmonic-discovery,Summer 2021,S21,2021,Drug Discovery and Delivery,child
23842,hedgehog,Summer 2021,S21,2021,Fintech,top
24488,heimdal,Summer 2021,S21,2021,Industrials,top
24488,heimdal,Summer 2021,S21,2021,Climate,child
24460,hera,Summer 2021,S21,2021,B2B,top
24460,hera,Summer 2021,S21,2021,Productivity,child
24489,heycharge,Summer 2021,S21,2021,Industrials,top
24489,heycharge,Summer 2021,S21,2021,Energy,child
24197,quid,Summer 2021,S21,2021,B2B,top
24197,quid,Summer 2021,S21,2021,Marketing,child
24756,hirebolt,Summer 2021,S21,2021,B2B,top
24756,hirebolt,Summer 2021,S21,2021,Human Resources,child
24539,hitpay,Summer 2021,S21,2021,Fintech,top
24539,hitpay,Summer 2021,S21,2021,Payments,child
23953,hive-health,Summer 2021,S21,2021,Healthcare,top
24586,hudson-labs,Summer 2021,S21,2021,B2B,top
24586,hudson-labs,Summer 2021,S21,2021,Finance and Accounting,child
24601,humane-genomics,Summer 2021,S21,2021,Healthcare,top
24601,humane-genomics,Summer 2021,S21,2021,Therapeutics,child
22763,hyper,Summer 2021,S21,2021,Fintech,top
22763,hyper,Summer 2021,S21,2021,Payments,child
24177,hypertrader,Summer 2021,S21,2021,Fintech,top
24206,hyperbrowser,Summer 2021,S21,2021,B2B,top
24206,hyperbrowser,Summer 2021,S21,2021,Security,child
24351,hypercontext,Summer 2021,S21,2021,B2B,top
24351,hypercontext,Summer 2021,S21,2021,Productivity,child
24150,hypercore,Summer 2021,S21,2021,Fintech,top
24150,hypercore,Summer 2021,S21,2021,Credit and Lending,child
23727,hyperseed,Summer 2021,S21,2021,B2B,top
23727,hyperseed,Summer 2021,S21,2021,Finance and Accounting,child
24615,infer,Summer 2021,S21,2021,B2B,top
24615,infer,Summer 2021,S21,2021,Sales,child
24572,infina,Summer 2021,S21,2021,Fintech,top
24373,infiuss-health,Summer 2021,S21,2021,B2B,top
24443,inflow,Summer 2021,S21,2021,Healthcare,top
24443,inflow,Summer 2021,S21,2021,Therapeutics,child
24143,instakin,Summer 2021,S21,2021,Fintech,top
24143,instakin,Summer 2021,S21,2021,Consumer Finance,child
24079,instacrops,Summer 2021,S21,2021,Industrials,top
24079,instacrops,Summer 2021,S21,2021,Agriculture,child
24353,intellect,Summer 2021,S21,2021,Healthcare,top
24353,intellect,Summer 2021,S21,2021,Healthcare Services,child
23819,inversion-space,Summer 2021,S21,2021,Industrials,top
23819,inversion-space,Summer 2021,S21,2021,Aviation and Space,child
24266,ivella,Summer 2021,S21,2021,Fintech,top
24266,ivella,Summer 2021,S21,2021,Consumer Finance,child
24164,ivy-homes,Summer 2021,S21,2021,Real Estate and Construction,top
24164,ivy-homes,Summer 2021,S21,2021,Housing and Real Estate,child
24934,jabu,Summer 2021,S21,2021,Fintech,top
24934,jabu,Summer 2021,S21,2021,Payments,child
23973,jestor,Summer 2021,S21,2021,B2B,top
23973,jestor,Summer 2021,S21,2021,Productivity,child
24205,jovian,Summer 2021,S21,2021,Education,top
23970,jupe,Summer 2021,S21,2021,Real Estate and Construction,top
23970,jupe,Summer 2021,S21,2021,Housing and Real Estate,child
24426,kaipod-learning,Summer 2021,S21,2021,Education,top
24039,kalam-labs,Summer 2021,S21,2021,Industrials,top
24039,kalam-labs,Summer 2021,S21,2021,Drones,child
24649,kapacity-io,Summer 2021,S21,2021,Industrials,top
24649,kapacity-io,Summer 2021,S21,2021,Energy,child
24006,karbon-card,Summer 2021,S21,2021,Fintech,top
24006,karbon-card,Summer 2021,S21,2021,Credit and Lending,child
24192,kaya,Summer 2021,S21,2021,B2B,top
24192,kaya,Summer 2021,S21,2021,Marketing,child
24207,keyri,Summer 2021,S21,2021,B2B,top
24207,keyri,Summer 2021,S21,2021,Security,child
24167,kindamagical,Summer 2021,S21,2021,B2B,top
24628,kiwi-biosciences,Summer 2021,S21,2021,Healthcare,top
24628,kiwi-biosciences,Summer 2021,S21,2021,Consumer Health and Wellness,child
24424,kodda,Summer 2021,S21,2021,Healthcare,top
24424,kodda,Summer 2021,S21,2021,Consumer Health and Wellness,child
24181,kodex,Summer 2021,S21,2021,B2B,top
24181,kodex,Summer 2021,S21,2021,Legal,child
24162,konta-com,Summer 2021,S21,2021,B2B,top
24162,konta-com,Summer 2021,S21,2021,Finance and Accounting,child
24041,koshex,Summer 2021,S21,2021,Fintech,top
24041,koshex,Summer 2021,S21,2021,Asset Management,child
24415,kurios,Summer 2021,S21,2021,Education,top
24151,lago,Summer 2021,S21,2021,B2B,top
24151,lago,Summer 2021,S21,2021,Finance and Accounting,child
24156,lariat-data,Summer 2021,S21,2021,B2B,top
24156,lariat-data,Summer 2021,S21,2021,"Engineering, Product and Design",child
24241,laudable,Summer 2021,S21,2021,B2B,top
24241,laudable,Summer 2021,S21,2021,Marketing,child
23946,legion-health,Summer 2021,S21,2021,Healthcare,top
23946,legion-health,Summer 2021,S21,2021,Consumer Health and Wellness,child
24372,lemfi,Summer 2021,S21,2021,Fintech,top
24372,lemfi,Summer 2021,S21,2021,Banking and Exchange,child
23974,level,Summer 2021,S21,2021,Fintech,top
23974,level,Summer 2021,S21,2021,Credit and Lending,child
24498,levo,Summer 2021,S21,2021,Fintech,top
24498,levo,Summer 2021,S21,2021,Asset Management,child
24037,levro,Summer 2021,S21,2021,Fintech,top
24037,levro,Summer 2021,S21,2021,Banking and Exchange,child
24879,lightly,Summer 2021,S21,2021,B2B,top
24879,lightly,Summer 2021,S21,2021,"Engineering, Product and Design",child
24558,litnerd,Summer 2021,S21,2021,Education,top
24925,liv-labs-inc,Summer 2021,S21,2021,Healthcare,top
24925,liv-labs-inc,Summer 2021,S21,2021,Consumer Health and Wellness,child
23831,lobby,Summer 2021,S21,2021,Healthcare,top
24190,locale,Summer 2021,S21,2021,Consumer,top
24190,locale,Summer 2021,S21,2021,Food and Beverage,child
24355,lootrush,Summer 2021,S21,2021,Fintech,top
24624,luable,Summer 2021,S21,2021,Fintech,top
24624,luable,Summer 2021,S21,2021,Asset Management,child
24822,luminate-medical,Summer 2021,S21,2021,Healthcare,top
24822,luminate-medical,Summer 2021,S21,2021,Medical Devices,child
24369,mable,Summer 2021,S21,2021,Healthcare,top
24369,mable,Summer 2021,S21,2021,Medical Devices,child
24551,mach9,Summer 2021,S21,2021,B2B,top
24551,mach9,Summer 2021,S21,2021,"Engineering, Product and Design",child
24136,madeats,Summer 2021,S21,2021,Consumer,top
24136,madeats,Summer 2021,S21,2021,Food and Beverage,child
24044,mailmodo,Summer 2021,S21,2021,B2B,top
24044,mailmodo,Summer 2021,S21,2021,Marketing,child
24466,makani-science,Summer 2021,S21,2021,Healthcare,top
24466,makani-science,Summer 2021,S21,2021,Medical Devices,child
24640,malga,Summer 2021,S21,2021,Fintech,top
24640,malga,Summer 2021,S21,2021,Payments,child
24382,malloc-inc,Summer 2021,S21,2021,B2B,top
24382,malloc-inc,Summer 2021,S21,2021,Security,child
24176,maroo,Summer 2021,S21,2021,B2B,top
24176,maroo,Summer 2021,S21,2021,Finance and Accounting,child
23451,marqvision,Summer 2021,S21,2021,B2B,top
24330,matidor-com,Summer 2021,S21,2021,B2B,top
24330,matidor-com,Summer 2021,S21,2021,Productivity,child
24528,matrubials-inc,Summer 2021,S21,2021,Healthcare,top
24528,matrubials-inc,Summer 2021,S21,2021,Drug Discovery and Delivery,child
24915,mecho-autotech,Summer 2021,S21,2021,Industrials,top
24915,mecho-autotech,Summer 2021,S21,2021,Automotive,child
24820,medium-biosciences,Summer 2021,S21,2021,Healthcare,top
24820,medium-biosciences,Summer 2021,S21,2021,Diagnostics,child
24692,membo,Summer 2021,S21,2021,Consumer,top
24692,membo,Summer 2021,S21,2021,Food and Beverage,child
23818,mentorcam,Summer 2021,S21,2021,Education,top
24509,mentum,Summer 2021,S21,2021,B2B,top
24509,mentum,Summer 2021,S21,2021,Supply Chain and Logistics,child
24378,mergent,Summer 2021,S21,2021,B2B,top
24378,mergent,Summer 2021,S21,2021,"Engineering, Product and Design",child
24508,meticulous,Summer 2021,S21,2021,B2B,top
24508,meticulous,Summer 2021,S21,2021,"Engineering, Product and Design",child
24185,micro-meat,Summer 2021,S21,2021,Industrials,top
24185,micro-meat,Summer 2021,S21,2021,Agriculture,child
24383,milky-way-ai,Summer 2021,S21,2021,B2B,top
24383,milky-way-ai,Summer 2021,S21,2021,Retail,child
24346,mindfi,Summer 2021,S21,2021,B2B,top
24346,mindfi,Summer 2021,S21,2021,Human Resources,child
24779,mindmesh,Summer 2021,S21,2021,B2B,top
24779,mindmesh,Summer 2021,S21,2021,Productivity,child
23951,mindstate-design-labs,Summer 2021,S21,2021,Healthcare,top
23951,mindstate-design-labs,Summer 2021,S21,2021,Drug Discovery and Delivery,child
24461,mine,Summer 2021,S21,2021,Fintech,top
24461,mine,Summer 2021,S21,2021,Consumer Finance,child
24395,miniloop,Summer 2021,S21,2021,B2B,top
24405,mixr,Summer 2021,S21,2021,B2B,top
24405,mixr,Summer 2021,S21,2021,Human Resources,child
24100,mobileboost,Summer 2021,S21,2021,B2B,top
24100,mobileboost,Summer 2021,S21,2021,"Engineering, Product and Design",child
24371,momo-medical,Summer 2021,S21,2021,Healthcare,top
24269,monet,Summer 2021,S21,2021,Fintech,top
24248,monto,Summer 2021,S21,2021,Fintech,top
24700,moving-parts,Summer 2021,S21,2021,B2B,top
24700,moving-parts,Summer 2021,S21,2021,"Engineering, Product and Design",child
24627,nasdisc,Summer 2021,S21,2021,Consumer,top
24876,nash,Summer 2021,S21,2021,B2B,top
24876,nash,Summer 2021,S21,2021,Supply Chain and Logistics,child
24095,neodocs,Summer 2021,S21,2021,Healthcare,top
24157,nexus,Summer 2021,S21,2021,Fintech,top
24157,nexus,Summer 2021,S21,2021,Consumer Finance,child
24084,nino-foods,Summer 2021,S21,2021,Consumer,top
24084,nino-foods,Summer 2021,S21,2021,Food and Beverage,child
24562,noloco,Summer 2021,S21,2021,B2B,top
24562,noloco,Summer 2021,S21,2021,"Engineering, Product and Design",child
24579,nomod,Summer 2021,S21,2021,Fintech,top
24579,nomod,Summer 2021,S21,2021,Payments,child
24653,novatr,Summer 2021,S21,2021,Education,top
24053,odwen,Summer 2021,S21,2021,B2B,top
24053,odwen,Summer 2021,S21,2021,Supply Chain and Logistics,child
23947,odys-aviation,Summer 2021,S21,2021,Industrials,top
23947,odys-aviation,Summer 2021,S21,2021,Aviation and Space,child
24254,okani,Summer 2021,S21,2021,Healthcare,top
24254,okani,Summer 2021,S21,2021,Consumer Health and Wellness,child
24404,oneschema,Summer 2021,S21,2021,B2B,top
24404,oneschema,Summer 2021,S21,2021,Operations,child
24843,oneshop,Summer 2021,S21,2021,Consumer,top
24302,onestopkitchen,Summer 2021,S21,2021,Consumer,top
24302,onestopkitchen,Summer 2021,S21,2021,Food and Beverage,child
24230,onebrief,Summer 2021,S21,2021,B2B,top
24544,onfolk,Summer 2021,S21,2021,B2B,top
24544,onfolk,Summer 2021,S21,2021,Human Resources,child
24580,onsite-pro,Summer 2021,S21,2021,B2B,top
23781,openlayer,Summer 2021,S21,2021,B2B,top
23781,openlayer,Summer 2021,S21,2021,"Engineering, Product and Design",child
24774,opkit,Summer 2021,S21,2021,Healthcare,top
24774,opkit,Summer 2021,S21,2021,Healthcare IT,child
24691,orderli,Summer 2021,S21,2021,B2B,top
24727,output,Summer 2021,S21,2021,Healthcare,top
24727,output,Summer 2021,S21,2021,Drug Discovery and Delivery,child
24602,payze,Summer 2021,S21,2021,Fintech,top
24602,payze,Summer 2021,S21,2021,Payments,child
24821,pactima,Summer 2021,S21,2021,B2B,top
24821,pactima,Summer 2021,S21,2021,Legal,child
23780,palettehq,Summer 2021,S21,2021,B2B,top
23780,palettehq,Summer 2021,S21,2021,Sales,child
23776,palla,Summer 2021,S21,2021,Fintech,top
23776,palla,Summer 2021,S21,2021,Payments,child
24682,pandai,Summer 2021,S21,2021,Education,top
24081,parallel-bio,Summer 2021,S21,2021,Healthcare,top
24081,parallel-bio,Summer 2021,S21,2021,Drug Discovery and Delivery,child
24159,patterns,Summer 2021,S21,2021,B2B,top
24159,patterns,Summer 2021,S21,2021,Analytics,child
24874,payflow,Summer 2021,S21,2021,B2B,top
24874,payflow,Summer 2021,S21,2021,Human Resources,child
24479,payhippo,Summer 2021,S21,2021,Fintech,top
24479,payhippo,Summer 2021,S21,2021,Credit and Lending,child
24255,perfekto,Summer 2021,S21,2021,Consumer,top
24255,perfekto,Summer 2021,S21,2021,Food and Beverage,child
24759,phykos,Summer 2021,S21,2021,Industrials,top
24759,phykos,Summer 2021,S21,2021,Climate,child
24882,pide-directo,Summer 2021,S21,2021,B2B,top
24882,pide-directo,Summer 2021,S21,2021,Supply Chain and Logistics,child
24251,pideaky,Summer 2021,S21,2021,Fintech,top
24251,pideaky,Summer 2021,S21,2021,Payments,child
24569,pillar,Summer 2021,S21,2021,Healthcare,top
24569,pillar,Summer 2021,S21,2021,Healthcare Services,child
23950,pipekit,Summer 2021,S21,2021,B2B,top
23950,pipekit,Summer 2021,S21,2021,Infrastructure,child
24188,pirouette-pharma,Summer 2021,S21,2021,Healthcare,top
24188,pirouette-pharma,Summer 2021,S21,2021,Drug Discovery and Delivery,child
24754,plai,Summer 2021,S21,2021,B2B,top
24754,plai,Summer 2021,S21,2021,Marketing,child
24260,planet-a-foods,Summer 2021,S21,2021,Consumer,top
24260,planet-a-foods,Summer 2021,S21,2021,Food and Beverage,child
24253,pluggy,Summer 2021,S21,2021,B2B,top
24253,pluggy,Summer 2021,S21,2021,"Engineering, Product and Design",child
24477,portao-3,Summer 2021,S21,2021,B2B,top
24477,portao-3,Summer 2021,S21,2021,Finance and Accounting,child
23860,positional,Summer 2021,S21,2021,B2B,top
23860,positional,Summer 2021,S21,2021,Marketing,child
23977,potion,Summer 2021,S21,2021,B2B,top
23783,promakhos-therapeutics,Summer 2021,S21,2021,Healthcare,top
23783,promakhos-therapeutics,Summer 2021,S21,2021,Therapeutics,child
24046,propreturns,Summer 2021,S21,2021,Real Estate and Construction,top
24046,propreturns,Summer 2021,S21,2021,Housing and Real Estate,child
24823,protego,Summer 2021,S21,2021,B2B,top
24823,protego,Summer 2021,S21,2021,Security,child
24444,protex-ai,Summer 2021,S21,2021,B2B,top
24444,protex-ai,Summer 2021,S21,2021,Supply Chain and Logistics,child
24606,pylon,Summer 2021,S21,2021,B2B,top
24606,pylon,Summer 2021,S21,2021,Infrastructure,child
24858,quest,Summer 2021,S21,2021,Consumer,top
24858,quest,Summer 2021,S21,2021,Content,child
24139,reprosent,Summer 2021,S21,2021,Healthcare,top
24130,rgi-labs,Summer 2021,S21,2021,B2B,top
24130,rgi-labs,Summer 2021,S21,2021,"Engineering, Product and Design",child
24555,rmfg,Summer 2021,S21,2021,Industrials,top
24555,rmfg,Summer 2021,S21,2021,Manufacturing and Robotics,child
24203,redbean,Summer 2021,S21,2021,Consumer,top
23832,reframe,Summer 2021,S21,2021,Healthcare,top
23832,reframe,Summer 2021,S21,2021,Consumer Health and Wellness,child
24152,rendalomaq,Summer 2021,S21,2021,Real Estate and Construction,top
24152,rendalomaq,Summer 2021,S21,2021,Construction,child
23979,replo,Summer 2021,S21,2021,B2B,top
23979,replo,Summer 2021,S21,2021,"Engineering, Product and Design",child
24243,repool,Summer 2021,S21,2021,Fintech,top
24243,repool,Summer 2021,S21,2021,Asset Management,child
24556,revery-ai,Summer 2021,S21,2021,Consumer,top
24556,revery-ai,Summer 2021,S21,2021,Social,child
24926,revolve-surgical,Summer 2021,S21,2021,Healthcare,top
24926,revolve-surgical,Summer 2021,S21,2021,Medical Devices,child
24199,rinse,Summer 2021,S21,2021,Healthcare,top
24199,rinse,Summer 2021,S21,2021,Consumer Health and Wellness,child
24083,rivia-ai,Summer 2021,S21,2021,B2B,top
24083,rivia-ai,Summer 2021,S21,2021,Marketing,child
23978,rootly,Summer 2021,S21,2021,B2B,top
23978,rootly,Summer 2021,S21,2021,Infrastructure,child
24339,ruta-health,Summer 2021,S21,2021,B2B,top
24669,ruth-health,Summer 2021,S21,2021,Healthcare,top
24669,ruth-health,Summer 2021,S21,2021,Healthcare Services,child
24795,sfa-therapeutics-inc,Summer 2021,S21,2021,Healthcare,top
24795,sfa-therapeutics-inc,Summer 2021,S21,2021,Therapeutics,child
24166,safebeat,Summer 2021,S21,2021,Healthcare,top
24166,safebeat,Summer 2021,S21,2021,Medical Devices,child
24892,safer-management,Summer 2021,S21,2021,B2B,top
24059,salarybook,Summer 2021,S21,2021,B2B,top
24198,salarybox,Summer 2021,S21,2021,B2B,top
24198,salarybox,Summer 2021,S21,2021,Human Resources,child
24866,satsuma,Summer 2021,S21,2021,B2B,top
24866,satsuma,Summer 2021,S21,2021,Infrastructure,child
24367,scispot-io,Summer 2021,S21,2021,B2B,top
24304,scratch-data,Summer 2021,S21,2021,B2B,top
24304,scratch-data,Summer 2021,S21,2021,Infrastructure,child
24191,secoda,Summer 2021,S21,2021,B2B,top
24191,secoda,Summer 2021,S21,2021,Analytics,child
24235,senpai-gg,Summer 2021,S21,2021,Consumer,top
24235,senpai-gg,Summer 2021,S21,2021,Gaming,child
24705,sensible-biotechnologies,Summer 2021,S21,2021,Healthcare,top
24705,sensible-biotechnologies,Summer 2021,S21,2021,Therapeutics,child
24204,sentiyen,Summer 2021,S21,2021,B2B,top
24204,sentiyen,Summer 2021,S21,2021,Marketing,child
24381,sequin,Summer 2021,S21,2021,B2B,top
24668,shape,Summer 2021,S21,2021,B2B,top
24668,shape,Summer 2021,S21,2021,Analytics,child
24406,shimmer,Summer 2021,S21,2021,Healthcare,top
24406,shimmer,Summer 2021,S21,2021,Consumer Health and Wellness,child
24385,shipblu,Summer 2021,S21,2021,B2B,top
24385,shipblu,Summer 2021,S21,2021,Supply Chain and Logistics,child
24596,siglo,Summer 2021,S21,2021,Consumer,top
24282,sigmaos,Summer 2021,S21,2021,Consumer,top
24514,sirka,Summer 2021,S21,2021,Healthcare,top
24514,sirka,Summer 2021,S21,2021,Consumer Health and Wellness,child
24828,sitenna,Summer 2021,S21,2021,B2B,top
23120,slash,Summer 2021,S21,2021,Fintech,top
24135,sleek,Summer 2021,S21,2021,B2B,top
23796,slope,Summer 2021,S21,2021,Fintech,top
23796,slope,Summer 2021,S21,2021,Payments,child
24142,snapcalorie,Summer 2021,S21,2021,Consumer,top
24137,soco,Summer 2021,S21,2021,Consumer,top
24137,soco,Summer 2021,S21,2021,Apparel and Cosmetics,child
24024,solarmente,Summer 2021,S21,2021,Consumer,top
24506,spark-studio,Summer 2021,S21,2021,Education,top
24816,spoken,Summer 2021,S21,2021,Consumer,top
24816,spoken,Summer 2021,S21,2021,Home and Personal,child
24237,sproutfi,Summer 2021,S21,2021,Fintech,top
24787,squire-ai,Summer 2021,S21,2021,B2B,top
24787,squire-ai,Summer 2021,S21,2021,"Engineering, Product and Design",child
24407,stardex,Summer 2021,S21,2021,B2B,top
24861,stepful,Summer 2021,S21,2021,Education,top
23957,stipop,Summer 2021,S21,2021,Consumer,top
23957,stipop,Summer 2021,S21,2021,Content,child
24720,storylane,Summer 2021,S21,2021,B2B,top
24635,stownest,Summer 2021,S21,2021,Consumer,top
24719,strideq,Summer 2021,S21,2021,B2B,top
24719,strideq,Summer 2021,S21,2021,Retail,child
24131,strive-math,Summer 2021,S21,2021,Education,top
24148,studystream,Summer 2021,S21,2021,Education,top
24914,sully-ai,Summer 2021,S21,2021,B2B,top
24914,sully-ai,Summer 2021,S21,2021,Productivity,child
23948,staffbar,Summer 2021,S21,2021,B2B,top
23948,staffbar,Summer 2021,S21,2021,"Engineering, Product and Design",child
24686,suplias,Summer 2021,S21,2021,Fintech,top
24093,swipe-2,Summer 2021,S21,2021,B2B,top
24093,swipe-2,Summer 2021,S21,2021,Finance and Accounting,child
24859,synder,Summer 2021,S21,2021,B2B,top
24859,synder,Summer 2021,S21,2021,Finance and Accounting,child
23959,tag,Summer 2021,S21,2021,Fintech,top
23959,tag,Summer 2021,S21,2021,Banking and Exchange,child
24154,tablevibe-co,Summer 2021,S21,2021,B2B,top
24154,tablevibe-co,Summer 2021,S21,2021,Retail,child
24839,talentdrop,Summer 2021,S21,2021,B2B,top
24839,talentdrop,Summer 2021,S21,2021,Recruiting and Talent,child
23945,talus-bio,Summer 2021,S21,2021,Healthcare,top
23945,talus-bio,Summer 2021,S21,2021,Drug Discovery and Delivery,child
24195,tarsal,Summer 2021,S21,2021,B2B,top
24195,tarsal,Summer 2021,S21,2021,Security,child
24161,tavus,Summer 2021,S21,2021,B2B,top
24604,telivy,Summer 2021,S21,2021,B2B,top
24604,telivy,Summer 2021,S21,2021,Security,child
24573,telmai,Summer 2021,S21,2021,B2B,top
24567,tenyks,Summer 2021,S21,2021,B2B,top
24529,the-breakaway,Summer 2021,S21,2021,Consumer,top
24760,therify,Summer 2021,S21,2021,B2B,top
24760,therify,Summer 2021,S21,2021,Human Resources,child
24271,tiriel-ai,Summer 2021,S21,2021,B2B,top
24271,tiriel-ai,Summer 2021,S21,2021,Supply Chain and Logistics,child
24870,titipku,Summer 2021,S21,2021,Consumer,top
24907,toku,Summer 2021,S21,2021,B2B,top
24907,toku,Summer 2021,S21,2021,Finance and Accounting,child
24531,transastra-corporation,Summer 2021,S21,2021,Industrials,top
24531,transastra-corporation,Summer 2021,S21,2021,Aviation and Space,child
24347,truss,Summer 2021,S21,2021,Fintech,top
24347,truss,Summer 2021,S21,2021,Banking and Exchange,child
24638,tuli-health,Summer 2021,S21,2021,Healthcare,top
24865,turion-space,Summer 2021,S21,2021,Industrials,top
24865,turion-space,Summer 2021,S21,2021,Aviation and Space,child
24149,union54,Summer 2021,S21,2021,Fintech,top
24108,v-flow-medical-inc,Summer 2021,S21,2021,Healthcare,top
24108,v-flow-medical-inc,Summer 2021,S21,2021,Medical Devices,child
23967,varos,Summer 2021,S21,2021,B2B,top
23967,varos,Summer 2021,S21,2021,Analytics,child
24840,vedabio,Summer 2021,S21,2021,Healthcare,top
24840,vedabio,Summer 2021,S21,2021,Diagnostics,child
24845,verano-health,Summer 2021,S21,2021,Healthcare,top
24681,verde,Summer 2021,S21,2021,Fintech,top
24681,verde,Summer 2021,S21,2021,Credit and Lending,child
24180,verihubs,Summer 2021,S21,2021,B2B,top
24180,verihubs,Summer 2021,S21,2021,"Engineering, Product and Design",child
24616,vibe-kanban,Summer 2021,S21,2021,B2B,top
24616,vibe-kanban,Summer 2021,S21,2021,"Engineering, Product and Design",child
24429,vinco,Summer 2021,S21,2021,B2B,top
24429,vinco,Summer 2021,S21,2021,Human Resources,child
22694,vogent,Summer 2021,S21,2021,B2B,top
23861,wabi,Summer 2021,S21,2021,B2B,top
24344,warpbuild,Summer 2021,S21,2021,B2B,top
24344,warpbuild,Summer 2021,S21,2021,"Engineering, Product and Design",child
24259,warpfy,Summer 2021,S21,2021,Consumer,top
24259,warpfy,Summer 2021,S21,2021,Home and Personal,child
24507,warrant,Summer 2021,S21,2021,B2B,top
24507,warrant,Summer 2021,S21,2021,Infrastructure,child
24590,waterplan,Summer 2021,S21,2021,B2B,top
24384,whalesync,Summer 2021,S21,2021,B2B,top
24384,whalesync,Summer 2021,S21,2021,Marketing,child
24481,whaly,Summer 2021,S21,2021,B2B,top
24481,whaly,Summer 2021,S21,2021,Analytics,child
24526,writesonic,Summer 2021,S21,2021,B2B,top
24526,writesonic,Summer 2021,S21,2021,Marketing,child
24368,yemaachi-biotechnology,Summer 2021,S21,2021,Healthcare,top
24368,yemaachi-biotechnology,Summer 2021,S21,2021,Diagnostics,child
23952,yummy-inc,Summer 2021,S21,2021,Consumer,top
23659,zage,Summer 2021,S21,2021,Fintech,top
24058,zeit-medical,Summer 2021,S21,2021,Healthcare,top
24058,zeit-medical,Summer 2021,S21,2021,Medical Devices,child
24160,posturehealth-inc,Summer 2021,S21,2021,Healthcare,top
24160,posturehealth-inc,Summer 2021,S21,2021,Consumer Health and Wellness,child
24476,zensors-inc,Summer 2021,S21,2021,B2B,top
24416,zoios,Summer 2021,S21,2021,B2B,top
24416,zoios,Summer 2021,S21,2021,Human Resources,child
24603,resident-boost,Summer 2021,S21,2021,B2B,top
24497,asim,Summer 2021,S21,2021,Consumer,top
24292,fluke,Summer 2021,S21,2021,B2B,top
23944,hotglue,Summer 2021,S21,2021,B2B,top
23944,hotglue,Summer 2021,S21,2021,"Engineering, Product and Design",child
24679,idemeum,Summer 2021,S21,2021,B2B,top
24679,idemeum,Summer 2021,S21,2021,Security,child
24329,inai,Summer 2021,S21,2021,Fintech,top
24329,inai,Summer 2021,S21,2021,Payments,child
24459,lapzo,Summer 2021,S21,2021,B2B,top
24459,lapzo,Summer 2021,S21,2021,Human Resources,child
23885,marketfeed,Summer 2021,S21,2021,Fintech,top
23885,marketfeed,Summer 2021,S21,2021,Consumer Finance,child
24524,outloud-ai,Summer 2021,S21,2021,B2B,top
24524,outloud-ai,Summer 2021,S21,2021,Retail,child
24268,testrigor,Summer 2021,S21,2021,B2B,top
24268,testrigor,Summer 2021,S21,2021,"Engineering, Product and Design",child
24168,trii,Summer 2021,S21,2021,Fintech,top
24168,trii,Summer 2021,S21,2021,Banking and Exchange,child
24080,zazos,Summer 2021,S21,2021,B2B,top
26019,ayc-fund,Winter 2022,W22,2022,Fintech,top
26019,ayc-fund,Winter 2022,W22,2022,Asset Management,child
25330,actipulse-neuroscience,Winter 2022,W22,2022,Healthcare,top
25330,actipulse-neuroscience,Winter 2022,W22,2022,Medical Devices,child
25273,agave,Winter 2022,W22,2022,B2B,top
25696,agency,Winter 2022,W22,2022,B2B,top
25696,agency,Winter 2022,W22,2022,Security,child
25543,agentnoon,Winter 2022,W22,2022,B2B,top
25543,agentnoon,Winter 2022,W22,2022,Human Resources,child
26253,aisupervision,Winter 2022,W22,2022,Industrials,top
26253,aisupervision,Winter 2022,W22,2022,Manufacturing and Robotics,child
26120,airmyne,Winter 2022,W22,2022,Industrials,top
26120,airmyne,Winter 2022,W22,2022,Climate,child
25753,airwork,Winter 2022,W22,2022,B2B,top
25753,airwork,Winter 2022,W22,2022,Recruiting and Talent,child
25723,aklimate,Winter 2022,W22,2022,B2B,top
25723,aklimate,Winter 2022,W22,2022,Supply Chain and Logistics,child
25271,alfie,Winter 2022,W22,2022,Healthcare,top
25271,alfie,Winter 2022,W22,2022,Healthcare Services,child
25700,alga-biosciences,Winter 2022,W22,2022,Industrials,top
25700,alga-biosciences,Winter 2022,W22,2022,Climate,child
26210,alima,Winter 2022,W22,2022,B2B,top
26210,alima,Winter 2022,W22,2022,Supply Chain and Logistics,child
25449,alixia,Winter 2022,W22,2022,Healthcare,top
25449,alixia,Winter 2022,W22,2022,Therapeutics,child
25931,amal-invest,Winter 2022,W22,2022,Fintech,top
25058,andi,Winter 2022,W22,2022,Consumer,top
25058,andi,Winter 2022,W22,2022,Content,child
25865,andson-biotech,Winter 2022,W22,2022,Healthcare,top
25655,anfin,Winter 2022,W22,2022,Fintech,top
25655,anfin,Winter 2022,W22,2022,Asset Management,child
26021,anja-health,Winter 2022,W22,2022,Healthcare,top
26021,anja-health,Winter 2022,W22,2022,Consumer Health and Wellness,child
25512,ankr-health,Winter 2022,W22,2022,Healthcare,top
25757,antwalk,Winter 2022,W22,2022,Education,top
25106,apollo-3,Winter 2022,W22,2022,Fintech,top
25118,arc-2,Winter 2022,W22,2022,Fintech,top
25725,argo,Winter 2022,W22,2022,Consumer,top
25725,argo,Winter 2022,W22,2022,Content,child
25937,argument-computer-corporation,Winter 2022,W22,2022,B2B,top
25737,arintra,Winter 2022,W22,2022,Healthcare,top
25737,arintra,Winter 2022,W22,2022,Healthcare IT,child
25585,armilla-ai,Winter 2022,W22,2022,Fintech,top
25585,armilla-ai,Winter 2022,W22,2022,Insurance,child
25981,arpari,Winter 2022,W22,2022,Fintech,top
25403,aspora,Winter 2022,W22,2022,Fintech,top
25403,aspora,Winter 2022,W22,2022,Consumer Finance,child
25262,astroforge,Winter 2022,W22,2022,Industrials,top
25262,astroforge,Winter 2022,W22,2022,Manufacturing and Robotics,child
25480,atlas-2,Winter 2022,W22,2022,B2B,top
25480,atlas-2,Winter 2022,W22,2022,Operations,child
25075,attack-capital,Winter 2022,W22,2022,B2B,top
25928,attain,Winter 2022,W22,2022,B2B,top
25892,avairsense,Winter 2022,W22,2022,Consumer,top
25892,avairsense,Winter 2022,W22,2022,Consumer Electronics,child
26004,avocademy,Winter 2022,W22,2022,Education,top
25607,axis,Winter 2022,W22,2022,B2B,top
25607,axis,Winter 2022,W22,2022,Productivity,child
25351,axross-pte-ltd,Winter 2022,W22,2022,B2B,top
25351,axross-pte-ltd,Winter 2022,W22,2022,"Engineering, Product and Design",child
26331,bby,Winter 2022,W22,2022,Healthcare,top
26331,bby,Winter 2022,W22,2022,Medical Devices,child
25596,bakool,Winter 2022,W22,2022,Consumer,top
25575,beam,Winter 2022,W22,2022,B2B,top
25575,beam,Winter 2022,W22,2022,Infrastructure,child
25973,belozfi,Winter 2022,W22,2022,Fintech,top
25973,belozfi,Winter 2022,W22,2022,Credit and Lending,child
25825,bemlo,Winter 2022,W22,2022,Healthcare,top
25825,bemlo,Winter 2022,W22,2022,Healthcare IT,child
25728,benson,Winter 2022,W22,2022,Fintech,top
25728,benson,Winter 2022,W22,2022,Consumer Finance,child
25924,better-opinions,Winter 2022,W22,2022,Consumer,top
25924,better-opinions,Winter 2022,W22,2022,Gaming,child
26134,beyond-aero,Winter 2022,W22,2022,Industrials,top
26134,beyond-aero,Winter 2022,W22,2022,Aviation and Space,child
25615,bharatx,Winter 2022,W22,2022,Fintech,top
25615,bharatx,Winter 2022,W22,2022,Credit and Lending,child
25569,bifrost,Winter 2022,W22,2022,Fintech,top
25569,bifrost,Winter 2022,W22,2022,Asset Management,child
25354,blaze,Winter 2022,W22,2022,B2B,top
25989,blink-new,Winter 2022,W22,2022,B2B,top
25989,blink-new,Winter 2022,W22,2022,"Engineering, Product and Design",child
25730,blitzllama,Winter 2022,W22,2022,B2B,top
25291,boardcave,Winter 2022,W22,2022,Consumer,top
25491,bobidi,Winter 2022,W22,2022,B2B,top
25491,bobidi,Winter 2022,W22,2022,Marketing,child
25777,botcity,Winter 2022,W22,2022,B2B,top
25777,botcity,Winter 2022,W22,2022,"Engineering, Product and Design",child
25678,botin,Winter 2022,W22,2022,Fintech,top
25678,botin,Winter 2022,W22,2022,Asset Management,child
25685,boya,Winter 2022,W22,2022,Fintech,top
25905,bracket,Winter 2022,W22,2022,B2B,top
25905,bracket,Winter 2022,W22,2022,"Engineering, Product and Design",child
25871,brainboard,Winter 2022,W22,2022,B2B,top
25871,brainboard,Winter 2022,W22,2022,"Engineering, Product and Design",child
25819,broccoli-ai,Winter 2022,W22,2022,B2B,top
25819,broccoli-ai,Winter 2022,W22,2022,"Engineering, Product and Design",child
25349,brown-foods,Winter 2022,W22,2022,Healthcare,top
25349,brown-foods,Winter 2022,W22,2022,Industrial Bio,child
25583,bunkyr,Winter 2022,W22,2022,B2B,top
25583,bunkyr,Winter 2022,W22,2022,Security,child
25418,cutr,Winter 2022,W22,2022,B2B,top
25418,cutr,Winter 2022,W22,2022,"Engineering, Product and Design",child
25306,capuchin,Winter 2022,W22,2022,B2B,top
25782,carbon-crusher,Winter 2022,W22,2022,Industrials,top
25782,carbon-crusher,Winter 2022,W22,2022,Climate,child
25593,cardda,Winter 2022,W22,2022,Fintech,top
25593,cardda,Winter 2022,W22,2022,Payments,child
25754,cash-flow-portal,Winter 2022,W22,2022,Real Estate and Construction,top
25754,cash-flow-portal,Winter 2022,W22,2022,Housing and Real Estate,child
26043,cashmere,Winter 2022,W22,2022,Fintech,top
26043,cashmere,Winter 2022,W22,2022,Asset Management,child
25404,castia,Winter 2022,W22,2022,Real Estate and Construction,top
25404,castia,Winter 2022,W22,2022,Housing and Real Estate,child
25588,castled-io,Winter 2022,W22,2022,B2B,top
25588,castled-io,Winter 2022,W22,2022,Marketing,child
26094,cellbyte,Winter 2022,W22,2022,Healthcare,top
26094,cellbyte,Winter 2022,W22,2022,Healthcare IT,child
25537,cerebrium,Winter 2022,W22,2022,B2B,top
25537,cerebrium,Winter 2022,W22,2022,Infrastructure,child
25337,cherry-recommends,Winter 2022,W22,2022,B2B,top
26121,cinapse,Winter 2022,W22,2022,B2B,top
26121,cinapse,Winter 2022,W22,2022,Productivity,child
25763,cinder-2,Winter 2022,W22,2022,B2B,top
25763,cinder-2,Winter 2022,W22,2022,Security,child
26054,circular,Winter 2022,W22,2022,Consumer,top
26054,circular,Winter 2022,W22,2022,Consumer Electronics,child
25960,clupp,Winter 2022,W22,2022,Fintech,top
25960,clupp,Winter 2022,W22,2022,Insurance,child
25999,codec,Winter 2022,W22,2022,Consumer,top
25999,codec,Winter 2022,W22,2022,Content,child
26147,cofactr,Winter 2022,W22,2022,B2B,top
26147,cofactr,Winter 2022,W22,2022,Supply Chain and Logistics,child
25343,coffeeai,Winter 2022,W22,2022,B2B,top
25672,cogram,Winter 2022,W22,2022,B2B,top
25672,cogram,Winter 2022,W22,2022,Productivity,child
25657,complete,Winter 2022,W22,2022,B2B,top
25657,complete,Winter 2022,W22,2022,Human Resources,child
25526,complif,Winter 2022,W22,2022,B2B,top
25526,complif,Winter 2022,W22,2022,Operations,child
25160,compra-rapida,Winter 2022,W22,2022,B2B,top
25160,compra-rapida,Winter 2022,W22,2022,Retail,child
25720,convoy-2,Winter 2022,W22,2022,B2B,top
25720,convoy-2,Winter 2022,W22,2022,"Engineering, Product and Design",child
25450,corveus-medical,Winter 2022,W22,2022,Healthcare,top
25450,corveus-medical,Winter 2022,W22,2022,Medical Devices,child
25680,cotera,Winter 2022,W22,2022,B2B,top
25680,cotera,Winter 2022,W22,2022,Analytics,child
25787,courtyard-io,Winter 2022,W22,2022,Consumer,top
25338,cozmo-ai,Winter 2022,W22,2022,B2B,top
25332,craniometrix,Winter 2022,W22,2022,Healthcare,top
26277,credibook,Winter 2022,W22,2022,B2B,top
26277,credibook,Winter 2022,W22,2022,Retail,child
25559,creizer,Winter 2022,W22,2022,Fintech,top
25559,creizer,Winter 2022,W22,2022,Credit and Lending,child
25529,roomplays,Winter 2022,W22,2022,B2B,top
25529,roomplays,Winter 2022,W22,2022,Sales,child
25684,curacel,Winter 2022,W22,2022,Fintech,top
25684,curacel,Winter 2022,W22,2022,Insurance,child
25911,cypher,Winter 2022,W22,2022,Fintech,top
25911,cypher,Winter 2022,W22,2022,Payments,child
26035,darsel,Winter 2022,W22,2022,Education,top
25587,dart,Winter 2022,W22,2022,B2B,top
25587,dart,Winter 2022,W22,2022,Productivity,child
26073,dealls-jobs-and-mentoring,Winter 2022,W22,2022,B2B,top
26073,dealls-jobs-and-mentoring,Winter 2022,W22,2022,Recruiting and Talent,child
25950,decent,Winter 2022,W22,2022,B2B,top
25950,decent,Winter 2022,W22,2022,Infrastructure,child
25731,demo-gorilla,Winter 2022,W22,2022,B2B,top
25731,demo-gorilla,Winter 2022,W22,2022,Sales,child
25788,dimorder,Winter 2022,W22,2022,B2B,top
25486,dioptra,Winter 2022,W22,2022,B2B,top
25486,dioptra,Winter 2022,W22,2022,Legal,child
25716,dojah-inc,Winter 2022,W22,2022,B2B,top
25716,dojah-inc,Winter 2022,W22,2022,Infrastructure,child
25576,drivingforce,Winter 2022,W22,2022,B2B,top
25576,drivingforce,Winter 2022,W22,2022,Supply Chain and Logistics,child
25814,duplo,Winter 2022,W22,2022,Fintech,top
25746,durioo,Winter 2022,W22,2022,Consumer,top
25746,durioo,Winter 2022,W22,2022,Content,child
25398,dynamo-ai,Winter 2022,W22,2022,B2B,top
25670,eazipay-inc,Winter 2022,W22,2022,Fintech,top
25670,eazipay-inc,Winter 2022,W22,2022,Payments,child
25542,elementary,Winter 2022,W22,2022,B2B,top
25542,elementary,Winter 2022,W22,2022,Analytics,child
25120,elevate,Winter 2022,W22,2022,Fintech,top
25120,elevate,Winter 2022,W22,2022,Payments,child
25711,elphinstone-inc,Winter 2022,W22,2022,Fintech,top
25711,elphinstone-inc,Winter 2022,W22,2022,Asset Management,child
25516,emigre,Winter 2022,W22,2022,Fintech,top
25516,emigre,Winter 2022,W22,2022,Banking and Exchange,child
25590,emobi,Winter 2022,W22,2022,B2B,top
25331,engage-bio,Winter 2022,W22,2022,Healthcare,top
25331,engage-bio,Winter 2022,W22,2022,Therapeutics,child
25673,enlightra,Winter 2022,W22,2022,Industrials,top
26254,eventual,Winter 2022,W22,2022,B2B,top
26254,eventual,Winter 2022,W22,2022,Infrastructure,child
25820,fello,Winter 2022,W22,2022,Fintech,top
25519,fieldproxy,Winter 2022,W22,2022,B2B,top
25519,fieldproxy,Winter 2022,W22,2022,Productivity,child
25683,finflx,Winter 2022,W22,2022,Fintech,top
26016,finku,Winter 2022,W22,2022,Fintech,top
26242,finnix,Winter 2022,W22,2022,Fintech,top
26242,finnix,Winter 2022,W22,2022,Insurance,child
25712,finnt,Winter 2022,W22,2022,B2B,top
25712,finnt,Winter 2022,W22,2022,Finance and Accounting,child
25532,fintelite,Winter 2022,W22,2022,Fintech,top
25552,firezone,Winter 2022,W22,2022,B2B,top
25552,firezone,Winter 2022,W22,2022,Security,child
25608,flagright,Winter 2022,W22,2022,B2B,top
25978,fleek,Winter 2022,W22,2022,B2B,top
25978,fleek,Winter 2022,W22,2022,Retail,child
25361,fleetzero,Winter 2022,W22,2022,Industrials,top
26238,flike,Winter 2022,W22,2022,B2B,top
25974,float-health,Winter 2022,W22,2022,Healthcare,top
25334,flowdeploy,Winter 2022,W22,2022,B2B,top
25334,flowdeploy,Winter 2022,W22,2022,Infrastructure,child
25947,fogbender,Winter 2022,W22,2022,B2B,top
26267,fresh-factory,Winter 2022,W22,2022,B2B,top
26267,fresh-factory,Winter 2022,W22,2022,Supply Chain and Logistics,child
25722,fuell,Winter 2022,W22,2022,B2B,top
25722,fuell,Winter 2022,W22,2022,Finance and Accounting,child
26051,gimo,Winter 2022,W22,2022,Fintech,top
26051,gimo,Winter 2022,W22,2022,Credit and Lending,child
25613,gauss,Winter 2022,W22,2022,Fintech,top
25613,gauss,Winter 2022,W22,2022,Consumer Finance,child
25717,glep,Winter 2022,W22,2022,Fintech,top
25717,glep,Winter 2022,W22,2022,Banking and Exchange,child
25994,glow-energy,Winter 2022,W22,2022,Industrials,top
25994,glow-energy,Winter 2022,W22,2022,Climate,child
25976,gojom,Winter 2022,W22,2022,Real Estate and Construction,top
26108,gosats,Winter 2022,W22,2022,Fintech,top
26125,govdash,Winter 2022,W22,2022,Government,top
25713,grey,Winter 2022,W22,2022,Fintech,top
25174,growthbook,Winter 2022,W22,2022,B2B,top
25174,growthbook,Winter 2022,W22,2022,Analytics,child
25363,gym-class,Winter 2022,W22,2022,Consumer,top
25363,gym-class,Winter 2022,W22,2022,Social,child
25923,hoai,Winter 2022,W22,2022,B2B,top
25923,hoai,Winter 2022,W22,2022,Operations,child
25606,hokali,Winter 2022,W22,2022,B2B,top
25606,hokali,Winter 2022,W22,2022,Marketing,child
25521,happl,Winter 2022,W22,2022,B2B,top
25521,happl,Winter 2022,W22,2022,Human Resources,child
26033,heptabase,Winter 2022,W22,2022,Consumer,top
25445,heyfood,Winter 2022,W22,2022,Consumer,top
25445,heyfood,Winter 2022,W22,2022,Food and Beverage,child
26190,hippobuild,Winter 2022,W22,2022,Real Estate and Construction,top
26190,hippobuild,Winter 2022,W22,2022,Construction,child
25396,homeroom,Winter 2022,W22,2022,Real Estate and Construction,top
25396,homeroom,Winter 2022,W22,2022,Housing and Real Estate,child
25983,housewarming,Winter 2022,W22,2022,Consumer,top
25313,hubble-network,Winter 2022,W22,2022,Industrials,top
25313,hubble-network,Winter 2022,W22,2022,Aviation and Space,child
25991,humand,Winter 2022,W22,2022,B2B,top
25991,humand,Winter 2022,W22,2022,Human Resources,child
25738,hydra,Winter 2022,W22,2022,B2B,top
25738,hydra,Winter 2022,W22,2022,Infrastructure,child
25448,hypahub,Winter 2022,W22,2022,B2B,top
25448,hypahub,Winter 2022,W22,2022,Analytics,child
25509,hyperbeam,Winter 2022,W22,2022,B2B,top
25509,hyperbeam,Winter 2022,W22,2022,"Engineering, Product and Design",child
25654,imt-care,Winter 2022,W22,2022,Healthcare,top
25654,imt-care,Winter 2022,W22,2022,Consumer Health and Wellness,child
25634,iomete,Winter 2022,W22,2022,B2B,top
25634,iomete,Winter 2022,W22,2022,Infrastructure,child
26072,impossible-metals,Winter 2022,W22,2022,Industrials,top
26072,impossible-metals,Winter 2022,W22,2022,Climate,child
25400,industrial-next,Winter 2022,W22,2022,Industrials,top
25400,industrial-next,Winter 2022,W22,2022,Manufacturing and Robotics,child
25394,inferedge,Winter 2022,W22,2022,Fintech,top
24078,instalab,Winter 2022,W22,2022,Healthcare,top
24078,instalab,Winter 2022,W22,2022,Consumer Health and Wellness,child
25451,instant-labs,Winter 2022,W22,2022,B2B,top
25451,instant-labs,Winter 2022,W22,2022,Marketing,child
25399,invert,Winter 2022,W22,2022,Healthcare,top
25399,invert,Winter 2022,W22,2022,Industrial Bio,child
25914,iotflows-inc,Winter 2022,W22,2022,B2B,top
25914,iotflows-inc,Winter 2022,W22,2022,Productivity,child
25511,iron-leap,Winter 2022,W22,2022,B2B,top
25949,jamsocket,Winter 2022,W22,2022,B2B,top
25949,jamsocket,Winter 2022,W22,2022,"Engineering, Product and Design",child
25823,joe,Winter 2022,W22,2022,Fintech,top
25823,joe,Winter 2022,W22,2022,Consumer Finance,child
25907,joon-health,Winter 2022,W22,2022,Healthcare,top
25907,joon-health,Winter 2022,W22,2022,Consumer Health and Wellness,child
25433,jumpwire,Winter 2022,W22,2022,B2B,top
25433,jumpwire,Winter 2022,W22,2022,Security,child
26264,jutsoo,Winter 2022,W22,2022,B2B,top
26264,jutsoo,Winter 2022,W22,2022,Finance and Accounting,child
25689,kaagaz,Winter 2022,W22,2022,Consumer,top
25644,kable,Winter 2022,W22,2022,B2B,top
25644,kable,Winter 2022,W22,2022,Finance and Accounting,child
25304,kapital-bank,Winter 2022,W22,2022,Fintech,top
26205,karate-labs,Winter 2022,W22,2022,B2B,top
26205,karate-labs,Winter 2022,W22,2022,"Engineering, Product and Design",child
25419,kaso,Winter 2022,W22,2022,B2B,top
25419,kaso,Winter 2022,W22,2022,Supply Chain and Logistics,child
26034,kenobi,Winter 2022,W22,2022,B2B,top
26034,kenobi,Winter 2022,W22,2022,Sales,child
25417,koala,Winter 2022,W22,2022,Education,top
26020,koko-2,Winter 2022,W22,2022,Healthcare,top
26020,koko-2,Winter 2022,W22,2022,Consumer Health and Wellness,child
26138,korrai,Winter 2022,W22,2022,Industrials,top
26138,korrai,Winter 2022,W22,2022,Energy,child
25835,kular,Winter 2022,W22,2022,B2B,top
25835,kular,Winter 2022,W22,2022,Sales,child
25561,lancedb,Winter 2022,W22,2022,B2B,top
25561,lancedb,Winter 2022,W22,2022,Infrastructure,child
25528,lenk,Winter 2022,W22,2022,Fintech,top
25528,lenk,Winter 2022,W22,2022,Credit and Lending,child
25538,lexter-ai,Winter 2022,W22,2022,B2B,top
25538,lexter-ai,Winter 2022,W22,2022,Legal,child
25287,lifeat,Winter 2022,W22,2022,Consumer,top
25817,lifecast,Winter 2022,W22,2022,Consumer,top
25557,lightmeter,Winter 2022,W22,2022,B2B,top
25557,lightmeter,Winter 2022,W22,2022,Sales,child
25692,livedocs,Winter 2022,W22,2022,B2B,top
25692,livedocs,Winter 2022,W22,2022,Analytics,child
26294,lizza,Winter 2022,W22,2022,B2B,top
26294,lizza,Winter 2022,W22,2022,Retail,child
25340,loops,Winter 2022,W22,2022,B2B,top
25340,loops,Winter 2022,W22,2022,Marketing,child
25724,lovage,Winter 2022,W22,2022,B2B,top
25724,lovage,Winter 2022,W22,2022,Marketing,child
25311,lumina,Winter 2022,W22,2022,B2B,top
25311,lumina,Winter 2022,W22,2022,Operations,child
25682,lunajoy-health,Winter 2022,W22,2022,Healthcare,top
25682,lunajoy-health,Winter 2022,W22,2022,Healthcare Services,child
25620,magna,Winter 2022,W22,2022,Fintech,top
26003,mahaana-wealth,Winter 2022,W22,2022,Fintech,top
25996,marathon-education,Winter 2022,W22,2022,Education,top
25671,markaz-technologies,Winter 2022,W22,2022,Consumer,top
26303,massdriver,Winter 2022,W22,2022,B2B,top
26303,massdriver,Winter 2022,W22,2022,"Engineering, Product and Design",child
25810,material-depot,Winter 2022,W22,2022,Real Estate and Construction,top
25152,mederva,Winter 2022,W22,2022,Healthcare,top
25473,miggos,Winter 2022,W22,2022,B2B,top
25473,miggos,Winter 2022,W22,2022,Supply Chain and Logistics,child
26307,tradex,Winter 2022,W22,2022,B2B,top
26307,tradex,Winter 2022,W22,2022,Marketing,child
25643,mintlify,Winter 2022,W22,2022,B2B,top
25643,mintlify,Winter 2022,W22,2022,"Engineering, Product and Design",child
25328,momento,Winter 2022,W22,2022,Fintech,top
25328,momento,Winter 2022,W22,2022,Insurance,child
26290,mono-2,Winter 2022,W22,2022,Fintech,top
26290,mono-2,Winter 2022,W22,2022,Payments,child
25279,moots,Winter 2022,W22,2022,B2B,top
25558,mosaicvoice,Winter 2022,W22,2022,B2B,top
25558,mosaicvoice,Winter 2022,W22,2022,Operations,child
25527,munily,Winter 2022,W22,2022,B2B,top
25527,munily,Winter 2022,W22,2022,Security,child
25518,mysivi,Winter 2022,W22,2022,Education,top
25447,myria,Winter 2022,W22,2022,Consumer,top
26278,nftscoring,Winter 2022,W22,2022,Consumer,top
26052,nara,Winter 2022,W22,2022,B2B,top
25758,nash-2,Winter 2022,W22,2022,Fintech,top
25650,nearwave,Winter 2022,W22,2022,Healthcare,top
25650,nearwave,Winter 2022,W22,2022,Medical Devices,child
25350,nest-genomics,Winter 2022,W22,2022,Healthcare,top
25350,nest-genomics,Winter 2022,W22,2022,Healthcare IT,child
26049,netmaker,Winter 2022,W22,2022,B2B,top
26049,netmaker,Winter 2022,W22,2022,Infrastructure,child
24352,nira-energy,Winter 2022,W22,2022,Industrials,top
24352,nira-energy,Winter 2022,W22,2022,Climate,child
25921,nophin,Winter 2022,W22,2022,Fintech,top
25086,northwind,Winter 2022,W22,2022,Healthcare,top
25086,northwind,Winter 2022,W22,2022,Healthcare Services,child
25779,nullstone,Winter 2022,W22,2022,B2B,top
25779,nullstone,Winter 2022,W22,2022,Infrastructure,child
25876,numida,Winter 2022,W22,2022,Fintech,top
25876,numida,Winter 2022,W22,2022,Credit and Lending,child
25358,nyckel,Winter 2022,W22,2022,B2B,top
25358,nyckel,Winter 2022,W22,2022,"Engineering, Product and Design",child
26118,offbeast,Winter 2022,W22,2022,Consumer,top
26118,offbeast,Winter 2022,W22,2022,Food and Beverage,child
25592,ole,Winter 2022,W22,2022,Consumer,top
26050,olympian-motors,Winter 2022,W22,2022,Industrials,top
26050,olympian-motors,Winter 2022,W22,2022,Automotive,child
25571,azuki,Winter 2022,W22,2022,Consumer,top
25571,azuki,Winter 2022,W22,2022,Content,child
26266,onboard-io,Winter 2022,W22,2022,B2B,top
26266,onboard-io,Winter 2022,W22,2022,Productivity,child
25401,onyx-private,Winter 2022,W22,2022,Fintech,top
25061,optery,Winter 2022,W22,2022,B2B,top
25061,optery,Winter 2022,W22,2022,Security,child
25475,orca,Winter 2022,W22,2022,Fintech,top
26122,origami-therapeutics-inc,Winter 2022,W22,2022,Healthcare,top
26122,origami-therapeutics-inc,Winter 2022,W22,2022,Therapeutics,child
25539,oto,Winter 2022,W22,2022,Healthcare,top
25539,oto,Winter 2022,W22,2022,Consumer Health and Wellness,child
25472,ozone,Winter 2022,W22,2022,Consumer,top
25891,pina,Winter 2022,W22,2022,Fintech,top
25589,palitronica-inc,Winter 2022,W22,2022,B2B,top
25589,palitronica-inc,Winter 2022,W22,2022,Security,child
26183,pantore-pay,Winter 2022,W22,2022,Fintech,top
25776,partna,Winter 2022,W22,2022,Fintech,top
25660,paycaddy,Winter 2022,W22,2022,Fintech,top
25694,paycrunch,Winter 2022,W22,2022,Fintech,top
25694,paycrunch,Winter 2022,W22,2022,Credit and Lending,child
25357,peakpath,Winter 2022,W22,2022,B2B,top
25357,peakpath,Winter 2022,W22,2022,Human Resources,child
25317,peakflo,Winter 2022,W22,2022,Fintech,top
25317,peakflo,Winter 2022,W22,2022,Payments,child
25278,pelm,Winter 2022,W22,2022,B2B,top
25278,pelm,Winter 2022,W22,2022,"Engineering, Product and Design",child
25347,perl-street,Winter 2022,W22,2022,Fintech,top
25347,perl-street,Winter 2022,W22,2022,Credit and Lending,child
25647,permitflow,Winter 2022,W22,2022,Real Estate and Construction,top
25647,permitflow,Winter 2022,W22,2022,Construction,child
25553,phase-biolabs,Winter 2022,W22,2022,Industrials,top
25553,phase-biolabs,Winter 2022,W22,2022,Climate,child
26243,phoenix-hydrogen,Winter 2022,W22,2022,Industrials,top
26243,phoenix-hydrogen,Winter 2022,W22,2022,Energy,child
26042,pigeon-2,Winter 2022,W22,2022,Fintech,top
26137,pina-earth,Winter 2022,W22,2022,Industrials,top
26137,pina-earth,Winter 2022,W22,2022,Climate,child
25975,ploomber,Winter 2022,W22,2022,B2B,top
25975,ploomber,Winter 2022,W22,2022,"Engineering, Product and Design",child
25658,plumter,Winter 2022,W22,2022,Fintech,top
25658,plumter,Winter 2022,W22,2022,Payments,child
25695,pluto-markets,Winter 2022,W22,2022,Fintech,top
25695,pluto-markets,Winter 2022,W22,2022,Asset Management,child
26109,poko,Winter 2022,W22,2022,Fintech,top
25309,policyfly,Winter 2022,W22,2022,Fintech,top
25309,policyfly,Winter 2022,W22,2022,Insurance,child
25866,ponyrun,Winter 2022,W22,2022,B2B,top
25866,ponyrun,Winter 2022,W22,2022,Operations,child
25677,posh,Winter 2022,W22,2022,Industrials,top
25677,posh,Winter 2022,W22,2022,Climate,child
26012,postal,Winter 2022,W22,2022,Fintech,top
26012,postal,Winter 2022,W22,2022,Insurance,child
26148,powerdocs,Winter 2022,W22,2022,B2B,top
26053,powerhouse-ai,Winter 2022,W22,2022,B2B,top
26053,powerhouse-ai,Winter 2022,W22,2022,Supply Chain and Logistics,child
25697,prembly,Winter 2022,W22,2022,B2B,top
25697,prembly,Winter 2022,W22,2022,Infrastructure,child
25329,promptloop,Winter 2022,W22,2022,B2B,top
25329,promptloop,Winter 2022,W22,2022,Analytics,child
25946,propelauth,Winter 2022,W22,2022,B2B,top
25946,propelauth,Winter 2022,W22,2022,"Engineering, Product and Design",child
25344,proper,Winter 2022,W22,2022,B2B,top
25344,proper,Winter 2022,W22,2022,Finance and Accounting,child
25360,pursuit-2,Winter 2022,W22,2022,Real Estate and Construction,top
25360,pursuit-2,Winter 2022,W22,2022,Housing and Real Estate,child
25525,pyrls,Winter 2022,W22,2022,Healthcare,top
25525,pyrls,Winter 2022,W22,2022,Healthcare IT,child
25959,quik,Winter 2022,W22,2022,Consumer,top
25929,quan,Winter 2022,W22,2022,B2B,top
25929,quan,Winter 2022,W22,2022,Human Resources,child
26066,query-vary,Winter 2022,W22,2022,B2B,top
26066,query-vary,Winter 2022,W22,2022,"Engineering, Product and Design",child
25572,rdash,Winter 2022,W22,2022,B2B,top
25572,rdash,Winter 2022,W22,2022,Infrastructure,child
25985,rthm,Winter 2022,W22,2022,Healthcare,top
25985,rthm,Winter 2022,W22,2022,Healthcare Services,child
25305,railbird,Winter 2022,W22,2022,Fintech,top
25984,rallyuxr,Winter 2022,W22,2022,B2B,top
25984,rallyuxr,Winter 2022,W22,2022,"Engineering, Product and Design",child
25755,rank,Winter 2022,W22,2022,Fintech,top
25755,rank,Winter 2022,W22,2022,Credit and Lending,child
25605,ranla,Winter 2022,W22,2022,B2B,top
25605,ranla,Winter 2022,W22,2022,Marketing,child
25312,ravion,Winter 2022,W22,2022,B2B,top
25312,ravion,Winter 2022,W22,2022,Infrastructure,child
26296,reality-defender,Winter 2022,W22,2022,B2B,top
26296,reality-defender,Winter 2022,W22,2022,Security,child
25315,rebill,Winter 2022,W22,2022,Fintech,top
25315,rebill,Winter 2022,W22,2022,Payments,child
25619,recordbook,Winter 2022,W22,2022,B2B,top
25610,redbrick-ai,Winter 2022,W22,2022,B2B,top
25272,redbird,Winter 2022,W22,2022,B2B,top
25272,redbird,Winter 2022,W22,2022,Analytics,child
25645,refinetrain-ai,Winter 2022,W22,2022,B2B,top
25645,refinetrain-ai,Winter 2022,W22,2022,"Engineering, Product and Design",child
25603,reforged-labs,Winter 2022,W22,2022,B2B,top
25603,reforged-labs,Winter 2022,W22,2022,Marketing,child
25540,rehook-ai,Winter 2022,W22,2022,B2B,top
25540,rehook-ai,Winter 2022,W22,2022,Marketing,child
25274,remedial-health,Winter 2022,W22,2022,Healthcare,top
25274,remedial-health,Winter 2022,W22,2022,Healthcare Services,child
26268,remi,Winter 2022,W22,2022,Real Estate and Construction,top
25690,requestly,Winter 2022,W22,2022,B2B,top
25690,requestly,Winter 2022,W22,2022,"Engineering, Product and Design",child
26032,reviving-mind,Winter 2022,W22,2022,Healthcare,top
26032,reviving-mind,Winter 2022,W22,2022,Healthcare Services,child
26139,revoy,Winter 2022,W22,2022,Industrials,top
26139,revoy,Winter 2022,W22,2022,Automotive,child
25968,rider,Winter 2022,W22,2022,B2B,top
25968,rider,Winter 2022,W22,2022,Supply Chain and Logistics,child
25822,rome,Winter 2022,W22,2022,B2B,top
25822,rome,Winter 2022,W22,2022,Supply Chain and Logistics,child
25321,rosebud-biosciences,Winter 2022,W22,2022,Healthcare,top
25321,rosebud-biosciences,Winter 2022,W22,2022,Drug Discovery and Delivery,child
25402,rownd,Winter 2022,W22,2022,Industrials,top
25402,rownd,Winter 2022,W22,2022,Drones,child
25652,salt,Winter 2022,W22,2022,Fintech,top
25930,snab,Winter 2022,W22,2022,Fintech,top
25951,soteri-skin,Winter 2022,W22,2022,Consumer,top
25951,soteri-skin,Winter 2022,W22,2022,Home and Personal,child
25319,samos-insurance,Winter 2022,W22,2022,Fintech,top
25319,samos-insurance,Winter 2022,W22,2022,Insurance,child
25353,sarus,Winter 2022,W22,2022,B2B,top
25353,sarus,Winter 2022,W22,2022,Analytics,child
25789,savein,Winter 2022,W22,2022,Healthcare,top
25789,savein,Winter 2022,W22,2022,Consumer Health and Wellness,child
25285,scout-2,Winter 2022,W22,2022,Healthcare,top
25285,scout-2,Winter 2022,W22,2022,Diagnostics,child
25397,seabound,Winter 2022,W22,2022,Industrials,top
25397,seabound,Winter 2022,W22,2022,Climate,child
25348,sei-ai,Winter 2022,W22,2022,Fintech,top
26265,seis,Winter 2022,W22,2022,Fintech,top
26265,seis,Winter 2022,W22,2022,Consumer Finance,child
25395,sekilo,Winter 2022,W22,2022,B2B,top
25395,sekilo,Winter 2022,W22,2022,Supply Chain and Logistics,child
25308,selia,Winter 2022,W22,2022,Healthcare,top
25308,selia,Winter 2022,W22,2022,Consumer Health and Wellness,child
25727,sendme-inc,Winter 2022,W22,2022,Consumer,top
25727,sendme-inc,Winter 2022,W22,2022,Food and Beverage,child
25966,sendo,Winter 2022,W22,2022,B2B,top
25966,sendo,Winter 2022,W22,2022,"Engineering, Product and Design",child
23954,serif-health,Winter 2022,W22,2022,Healthcare,top
23954,serif-health,Winter 2022,W22,2022,Healthcare Services,child
25679,sero,Winter 2022,W22,2022,B2B,top
25969,shaped,Winter 2022,W22,2022,B2B,top
25969,shaped,Winter 2022,W22,2022,Infrastructure,child
25333,shinkei-systems,Winter 2022,W22,2022,Industrials,top
25333,shinkei-systems,Winter 2022,W22,2022,Agriculture,child
25476,shuttle-central,Winter 2022,W22,2022,Consumer,top
25476,shuttle-central,Winter 2022,W22,2022,"Travel, Leisure and Tourism",child
25307,sieve,Winter 2022,W22,2022,B2B,top
25307,sieve,Winter 2022,W22,2022,Infrastructure,child
25656,siftly,Winter 2022,W22,2022,B2B,top
25656,siftly,Winter 2022,W22,2022,Analytics,child
26425,simplehash,Winter 2022,W22,2022,B2B,top
26425,simplehash,Winter 2022,W22,2022,Infrastructure,child
25752,simplifyd-systems,Winter 2022,W22,2022,B2B,top
25379,skillza,Winter 2022,W22,2022,Education,top
25635,skylink,Winter 2022,W22,2022,B2B,top
25733,smarthelio,Winter 2022,W22,2022,B2B,top
25733,smarthelio,Winter 2022,W22,2022,Analytics,child
25584,snaptrade,Winter 2022,W22,2022,Fintech,top
25586,soon,Winter 2022,W22,2022,Fintech,top
25586,soon,Winter 2022,W22,2022,Consumer Finance,child
25582,sophys,Winter 2022,W22,2022,Healthcare,top
25339,sota2,Winter 2022,W22,2022,B2B,top
25339,sota2,Winter 2022,W22,2022,Sales,child
25948,spade,Winter 2022,W22,2022,Fintech,top
25681,spadeworks,Winter 2022,W22,2022,B2B,top
25681,spadeworks,Winter 2022,W22,2022,Operations,child
25617,speechly,Winter 2022,W22,2022,B2B,top
25618,sphere,Winter 2022,W22,2022,B2B,top
25356,spinach-ai,Winter 2022,W22,2022,B2B,top
25356,spinach-ai,Winter 2022,W22,2022,Productivity,child
25110,spot-health,Winter 2022,W22,2022,Healthcare,top
25110,spot-health,Winter 2022,W22,2022,Diagnostics,child
25732,sprites,Winter 2022,W22,2022,B2B,top
25732,sprites,Winter 2022,W22,2022,Marketing,child
25342,stably-ai-orca,Winter 2022,W22,2022,B2B,top
25342,stably-ai-orca,Winter 2022,W22,2022,"Engineering, Product and Design",child
25616,stackshine,Winter 2022,W22,2022,B2B,top
25616,stackshine,Winter 2022,W22,2022,Operations,child
25144,stafbook,Winter 2022,W22,2022,B2B,top
25144,stafbook,Winter 2022,W22,2022,Human Resources,child
25649,stairs-financial,Winter 2022,W22,2022,Fintech,top
25649,stairs-financial,Winter 2022,W22,2022,Consumer Finance,child
25327,starling,Winter 2022,W22,2022,Healthcare,top
25327,starling,Winter 2022,W22,2022,Diagnostics,child
25954,status,Winter 2022,W22,2022,Consumer,top
25954,status,Winter 2022,W22,2022,Social,child
25560,stock-unlock,Winter 2022,W22,2022,Fintech,top
25275,strac,Winter 2022,W22,2022,B2B,top
25275,strac,Winter 2022,W22,2022,Security,child
25594,streak-2,Winter 2022,W22,2022,Fintech,top
25594,streak-2,Winter 2022,W22,2022,Payments,child
25714,strong-compute,Winter 2022,W22,2022,B2B,top
25715,subscriptionflow,Winter 2022,W22,2022,B2B,top
25715,subscriptionflow,Winter 2022,W22,2022,Sales,child
25641,suggestr,Winter 2022,W22,2022,B2B,top
25355,supertone,Winter 2022,W22,2022,Consumer,top
25355,supertone,Winter 2022,W22,2022,Content,child
25303,syrona-health,Winter 2022,W22,2022,Healthcare,top
25303,syrona-health,Winter 2022,W22,2022,Healthcare Services,child
25614,t3-chat,Winter 2022,W22,2022,Consumer,top
25614,t3-chat,Winter 2022,W22,2022,Content,child
26065,tai,Winter 2022,W22,2022,Fintech,top
25286,tybr-health,Winter 2022,W22,2022,Healthcare,top
25286,tybr-health,Winter 2022,W22,2022,Medical Devices,child
25778,take-app,Winter 2022,W22,2022,B2B,top
25827,talentropy-ai,Winter 2022,W22,2022,B2B,top
25827,talentropy-ai,Winter 2022,W22,2022,Human Resources,child
25381,teamout,Winter 2022,W22,2022,B2B,top
25721,tendo,Winter 2022,W22,2022,Consumer,top
25721,tendo,Winter 2022,W22,2022,Social,child
26041,the-ankler,Winter 2022,W22,2022,Consumer,top
26041,the-ankler,Winter 2022,W22,2022,Content,child
25849,theneo,Winter 2022,W22,2022,B2B,top
25849,theneo,Winter 2022,W22,2022,"Engineering, Product and Design",child
25674,toko,Winter 2022,W22,2022,Education,top
25693,tola,Winter 2022,W22,2022,Fintech,top
25693,tola,Winter 2022,W22,2022,Payments,child
25870,top-road,Winter 2022,W22,2022,Fintech,top
25870,top-road,Winter 2022,W22,2022,Payments,child
25935,topship,Winter 2022,W22,2022,B2B,top
25935,topship,Winter 2022,W22,2022,Supply Chain and Logistics,child
25864,torpedo-therapeutics,Winter 2022,W22,2022,Healthcare,top
25864,torpedo-therapeutics,Winter 2022,W22,2022,Medical Devices,child
25444,touch-and-pay-technologies-limited,Winter 2022,W22,2022,Fintech,top
25444,touch-and-pay-technologies-limited,Winter 2022,W22,2022,Payments,child
25743,trackingplan,Winter 2022,W22,2022,B2B,top
25743,trackingplan,Winter 2022,W22,2022,Analytics,child
25346,transfez,Winter 2022,W22,2022,Fintech,top
25346,transfez,Winter 2022,W22,2022,Payments,child
25314,trellus,Winter 2022,W22,2022,B2B,top
25314,trellus,Winter 2022,W22,2022,Sales,child
25913,trueplace,Winter 2022,W22,2022,B2B,top
26067,trusty,Winter 2022,W22,2022,Real Estate and Construction,top
26067,trusty,Winter 2022,W22,2022,Housing and Real Estate,child
25316,trebol,Winter 2022,W22,2022,B2B,top
25316,trebol,Winter 2022,W22,2022,Finance and Accounting,child
25659,tuva-health,Winter 2022,W22,2022,Healthcare,top
25659,tuva-health,Winter 2022,W22,2022,Healthcare IT,child
25915,unison,Winter 2022,W22,2022,Consumer,top
25915,unison,Winter 2022,W22,2022,Virtual and Augmented Reality,child
25117,uberduck,Winter 2022,W22,2022,B2B,top
25117,uberduck,Winter 2022,W22,2022,Marketing,child
25522,unlayer,Winter 2022,W22,2022,B2B,top
25522,unlayer,Winter 2022,W22,2022,Productivity,child
25986,unravel-carbon,Winter 2022,W22,2022,B2B,top
25958,unsaddl,Winter 2022,W22,2022,B2B,top
25958,unsaddl,Winter 2022,W22,2022,Human Resources,child
25517,upbanx,Winter 2022,W22,2022,Fintech,top
25513,valari,Winter 2022,W22,2022,Fintech,top
25322,vantedgeai,Winter 2022,W22,2022,Fintech,top
25322,vantedgeai,Winter 2022,W22,2022,Banking and Exchange,child
26206,vecindario,Winter 2022,W22,2022,Real Estate and Construction,top
26206,vecindario,Winter 2022,W22,2022,Housing and Real Estate,child
25663,velt,Winter 2022,W22,2022,B2B,top
25663,velt,Winter 2022,W22,2022,Productivity,child
25446,vendoo,Winter 2022,W22,2022,Consumer,top
25726,vendy,Winter 2022,W22,2022,Fintech,top
25726,vendy,Winter 2022,W22,2022,Payments,child
25918,venue-ink,Winter 2022,W22,2022,Fintech,top
25918,venue-ink,Winter 2022,W22,2022,Payments,child
25541,versable,Winter 2022,W22,2022,B2B,top
25541,versable,Winter 2022,W22,2022,Retail,child
25912,vessel,Winter 2022,W22,2022,B2B,top
25912,vessel,Winter 2022,W22,2022,"Engineering, Product and Design",child
25818,vimmerse,Winter 2022,W22,2022,B2B,top
25818,vimmerse,Winter 2022,W22,2022,"Engineering, Product and Design",child
25965,vobi,Winter 2022,W22,2022,Real Estate and Construction,top
25965,vobi,Winter 2022,W22,2022,Construction,child
25992,wantd,Winter 2022,W22,2022,Consumer,top
25992,wantd,Winter 2022,W22,2022,Apparel and Cosmetics,child
25341,wagetap,Winter 2022,W22,2022,Fintech,top
25341,wagetap,Winter 2022,W22,2022,Credit and Lending,child
25318,wereno,Winter 2022,W22,2022,Real Estate and Construction,top
25318,wereno,Winter 2022,W22,2022,Construction,child
26311,whitelab-genomics,Winter 2022,W22,2022,Healthcare,top
26311,whitelab-genomics,Winter 2022,W22,2022,Drug Discovery and Delivery,child
25515,whiz,Winter 2022,W22,2022,Fintech,top
25515,whiz,Winter 2022,W22,2022,Payments,child
25665,wibond,Winter 2022,W22,2022,Fintech,top
25665,wibond,Winter 2022,W22,2022,Credit and Lending,child
25320,wingback,Winter 2022,W22,2022,B2B,top
25320,wingback,Winter 2022,W22,2022,Infrastructure,child
25972,winter,Winter 2022,W22,2022,B2B,top
25972,winter,Winter 2022,W22,2022,"Engineering, Product and Design",child
25995,workflow86,Winter 2022,W22,2022,B2B,top
25995,workflow86,Winter 2022,W22,2022,Operations,child
25060,wyvern,Winter 2022,W22,2022,Industrials,top
25060,wyvern,Winter 2022,W22,2022,Aviation and Space,child
25359,yezza,Winter 2022,W22,2022,B2B,top
25573,zorba,Winter 2022,W22,2022,Real Estate and Construction,top
26163,beu-delivery,Winter 2022,W22,2022,Consumer,top
26163,beu-delivery,Winter 2022,W22,2022,Food and Beverage,child
25662,digi,Winter 2022,W22,2022,Fintech,top
25745,goodfin,Winter 2022,W22,2022,Fintech,top
25531,haddock,Winter 2022,W22,2022,B2B,top
25531,haddock,Winter 2022,W22,2022,Finance and Accounting,child
25831,mutable-ai,Winter 2022,W22,2022,B2B,top
25967,ngrow-ai,Winter 2022,W22,2022,B2B,top
25967,ngrow-ai,Winter 2022,W22,2022,Marketing,child
25691,voize,Winter 2022,W22,2022,B2B,top
25691,voize,Winter 2022,W22,2022,Productivity,child
25977,yhangry,Winter 2022,W22,2022,Consumer,top
25977,yhangry,Winter 2022,W22,2022,Food and Beverage,child
26861,100x,Summer 2022,S22,2022,B2B,top
26861,100x,Summer 2022,S22,2022,Productivity,child
26769,alt-tex,Summer 2022,S22,2022,Industrials,top
26769,alt-tex,Summer 2022,S22,2022,Climate,child
27258,accessowl,Summer 2022,S22,2022,B2B,top
27258,accessowl,Summer 2022,S22,2022,Infrastructure,child
26792,activepieces,Summer 2022,S22,2022,B2B,top
26792,activepieces,Summer 2022,S22,2022,"Engineering, Product and Design",child
27097,ad-army,Summer 2022,S22,2022,B2B,top
27086,aiprise,Summer 2022,S22,2022,Fintech,top
26880,airhart-aeronautics,Summer 2022,S22,2022,Industrials,top
26880,airhart-aeronautics,Summer 2022,S22,2022,Aviation and Space,child
26666,airtrain-ai,Summer 2022,S22,2022,B2B,top
26666,airtrain-ai,Summer 2022,S22,2022,Infrastructure,child
26501,albiware-inc,Summer 2022,S22,2022,Real Estate and Construction,top
26501,albiware-inc,Summer 2022,S22,2022,Construction,child
27249,aldara,Summer 2022,S22,2022,Real Estate and Construction,top
27191,algotest,Summer 2022,S22,2022,Fintech,top
26681,alma,Summer 2022,S22,2022,Fintech,top
26681,alma,Summer 2022,S22,2022,Consumer Finance,child
27159,almond,Summer 2022,S22,2022,Healthcare,top
27159,almond,Summer 2022,S22,2022,Consumer Health and Wellness,child
26719,alterya,Summer 2022,S22,2022,Fintech,top
27049,anchor,Summer 2022,S22,2022,Fintech,top
26885,anythingllm,Summer 2022,S22,2022,Consumer,top
26802,apply-design,Summer 2022,S22,2022,Real Estate and Construction,top
26813,aragorn-ai,Summer 2022,S22,2022,B2B,top
26813,aragorn-ai,Summer 2022,S22,2022,Human Resources,child
27045,argovox,Summer 2022,S22,2022,Fintech,top
26736,array-labs,Summer 2022,S22,2022,Industrials,top
26736,array-labs,Summer 2022,S22,2022,Aviation and Space,child
27042,artemis-search,Summer 2022,S22,2022,B2B,top
27046,atlaswork,Summer 2022,S22,2022,B2B,top
26913,aurelian,Summer 2022,S22,2022,B2B,top
26897,aviaryai,Summer 2022,S22,2022,Fintech,top
27141,avina,Summer 2022,S22,2022,B2B,top
27141,avina,Summer 2022,S22,2022,Sales,child
27250,axle,Summer 2022,S22,2022,Fintech,top
26749,ballerine,Summer 2022,S22,2022,Fintech,top
26564,banabo,Summer 2022,S22,2022,B2B,top
26564,banabo,Summer 2022,S22,2022,Marketing,child
26850,biggerpicture,Summer 2022,S22,2022,B2B,top
26675,birch-biosciences,Summer 2022,S22,2022,Industrials,top
26675,birch-biosciences,Summer 2022,S22,2022,Climate,child
26881,bitstack,Summer 2022,S22,2022,Fintech,top
26778,blee,Summer 2022,S22,2022,Fintech,top
26717,blitz,Summer 2022,S22,2022,B2B,top
26717,blitz,Summer 2022,S22,2022,Operations,child
27167,blockscope,Summer 2022,S22,2022,B2B,top
27167,blockscope,Summer 2022,S22,2022,Infrastructure,child
26740,bluehill-payments,Summer 2022,S22,2022,B2B,top
26740,bluehill-payments,Summer 2022,S22,2022,Productivity,child
26742,boostly,Summer 2022,S22,2022,B2B,top
26742,boostly,Summer 2022,S22,2022,Marketing,child
27140,boton,Summer 2022,S22,2022,B2B,top
27140,boton,Summer 2022,S22,2022,Finance and Accounting,child
26732,bricksai,Summer 2022,S22,2022,B2B,top
26732,bricksai,Summer 2022,S22,2022,Infrastructure,child
26770,bridgecard,Summer 2022,S22,2022,Fintech,top
26770,bridgecard,Summer 2022,S22,2022,Payments,child
26712,bunting-labs,Summer 2022,S22,2022,B2B,top
27221,capsule,Summer 2022,S22,2022,Consumer,top
27221,capsule,Summer 2022,S22,2022,Apparel and Cosmetics,child
26725,codexa,Summer 2022,S22,2022,Fintech,top
26725,codexa,Summer 2022,S22,2022,Payments,child
27248,cambio-2,Summer 2022,S22,2022,Real Estate and Construction,top
26794,capix,Summer 2022,S22,2022,Fintech,top
26782,cashboard,Summer 2022,S22,2022,B2B,top
26782,cashboard,Summer 2022,S22,2022,Finance and Accounting,child
26718,cerrion,Summer 2022,S22,2022,Industrials,top
26730,champ,Summer 2022,S22,2022,B2B,top
26730,champ,Summer 2022,S22,2022,Sales,child
26707,chariot-2,Summer 2022,S22,2022,Fintech,top
26707,chariot-2,Summer 2022,S22,2022,Payments,child
26660,chordio,Summer 2022,S22,2022,B2B,top
26660,chordio,Summer 2022,S22,2022,"Engineering, Product and Design",child
26903,chowdeck,Summer 2022,S22,2022,Consumer,top
26903,chowdeck,Summer 2022,S22,2022,Food and Beverage,child
26671,ciro,Summer 2022,S22,2022,B2B,top
26671,ciro,Summer 2022,S22,2022,Sales,child
26554,cisterna-biologics,Summer 2022,S22,2022,Healthcare,top
27172,clearline,Summer 2022,S22,2022,B2B,top
27172,clearline,Summer 2022,S22,2022,"Engineering, Product and Design",child
26525,clinikally,Summer 2022,S22,2022,Healthcare,top
26525,clinikally,Summer 2022,S22,2022,Consumer Health and Wellness,child
27039,cobbery,Summer 2022,S22,2022,B2B,top
27039,cobbery,Summer 2022,S22,2022,Legal,child
26781,codecrafters,Summer 2022,S22,2022,Consumer,top
26781,codecrafters,Summer 2022,S22,2022,Job and Career Services,child
27090,compup,Summer 2022,S22,2022,B2B,top
27090,compup,Summer 2022,S22,2022,Human Resources,child
27253,cone,Summer 2022,S22,2022,B2B,top
27253,cone,Summer 2022,S22,2022,Finance and Accounting,child
26882,coris,Summer 2022,S22,2022,B2B,top
26882,coris,Summer 2022,S22,2022,Infrastructure,child
26724,coupl,Summer 2022,S22,2022,Fintech,top
26724,coupl,Summer 2022,S22,2022,Banking and Exchange,child
27260,coverage-cat,Summer 2022,S22,2022,Fintech,top
27260,coverage-cat,Summer 2022,S22,2022,Insurance,child
26739,craze,Summer 2022,S22,2022,Consumer,top
26739,craze,Summer 2022,S22,2022,Content,child
26723,customeros,Summer 2022,S22,2022,B2B,top
26723,customeros,Summer 2022,S22,2022,Sales,child
26752,delegasi,Summer 2022,S22,2022,B2B,top
26752,delegasi,Summer 2022,S22,2022,Finance and Accounting,child
27206,delfino-ai,Summer 2022,S22,2022,Healthcare,top
27206,delfino-ai,Summer 2022,S22,2022,Healthcare IT,child
26663,denormalized,Summer 2022,S22,2022,B2B,top
26663,denormalized,Summer 2022,S22,2022,Infrastructure,child
27264,dev-tools-ai,Summer 2022,S22,2022,B2B,top
27264,dev-tools-ai,Summer 2022,S22,2022,"Engineering, Product and Design",child
26711,devyce,Summer 2022,S22,2022,B2B,top
26711,devyce,Summer 2022,S22,2022,Operations,child
26673,dialect-2,Summer 2022,S22,2022,B2B,top
26673,dialect-2,Summer 2022,S22,2022,Productivity,child
26768,disclo,Summer 2022,S22,2022,B2B,top
26768,disclo,Summer 2022,S22,2022,Human Resources,child
26709,dittofeed,Summer 2022,S22,2022,B2B,top
26709,dittofeed,Summer 2022,S22,2022,Marketing,child
26898,diversion,Summer 2022,S22,2022,B2B,top
26898,diversion,Summer 2022,S22,2022,"Engineering, Product and Design",child
26735,dr-treat,Summer 2022,S22,2022,Healthcare,top
26735,dr-treat,Summer 2022,S22,2022,Healthcare Services,child
27160,drahim,Summer 2022,S22,2022,Fintech,top
27150,drip,Summer 2022,S22,2022,Fintech,top
27150,drip,Summer 2022,S22,2022,Payments,child
27054,ekho,Summer 2022,S22,2022,B2B,top
27054,ekho,Summer 2022,S22,2022,Supply Chain and Logistics,child
26668,elessar,Summer 2022,S22,2022,B2B,top
26668,elessar,Summer 2022,S22,2022,Productivity,child
25059,emerge-career,Summer 2022,S22,2022,Education,top
27165,entvin,Summer 2022,S22,2022,Healthcare,top
27165,entvin,Summer 2022,S22,2022,Healthcare IT,child
26743,ethosx,Summer 2022,S22,2022,Fintech,top
26427,eugit-therapeutics,Summer 2022,S22,2022,Healthcare,top
26427,eugit-therapeutics,Summer 2022,S22,2022,Therapeutics,child
26801,evoly,Summer 2022,S22,2022,Industrials,top
26801,evoly,Summer 2022,S22,2022,Energy,child
27175,express-building,Summer 2022,S22,2022,Real Estate and Construction,top
27175,express-building,Summer 2022,S22,2022,Housing and Real Estate,child
27041,feather-2,Summer 2022,S22,2022,B2B,top
26737,fetii,Summer 2022,S22,2022,Consumer,top
26737,fetii,Summer 2022,S22,2022,Transportation Services,child
27038,fini,Summer 2022,S22,2022,B2B,top
27038,fini,Summer 2022,S22,2022,Operations,child
27152,firecrawl,Summer 2022,S22,2022,B2B,top
26825,flair-labs,Summer 2022,S22,2022,B2B,top
27219,flatx,Summer 2022,S22,2022,Real Estate and Construction,top
27219,flatx,Summer 2022,S22,2022,Housing and Real Estate,child
26901,flycode,Summer 2022,S22,2022,Fintech,top
27147,foodcourt,Summer 2022,S22,2022,Consumer,top
27147,foodcourt,Summer 2022,S22,2022,Food and Beverage,child
27040,grai,Summer 2022,S22,2022,B2B,top
27040,grai,Summer 2022,S22,2022,Infrastructure,child
27263,guardian-bio,Summer 2022,S22,2022,Healthcare,top
27263,guardian-bio,Summer 2022,S22,2022,Therapeutics,child
26795,gullak-money,Summer 2022,S22,2022,Fintech,top
27109,homli,Summer 2022,S22,2022,Real Estate and Construction,top
27109,homli,Summer 2022,S22,2022,Housing and Real Estate,child
26883,hedgehog-2,Summer 2022,S22,2022,Industrials,top
26883,hedgehog-2,Summer 2022,S22,2022,Manufacturing and Robotics,child
26812,hype,Summer 2022,S22,2022,Consumer,top
26657,hyperdx,Summer 2022,S22,2022,B2B,top
26657,hyperdx,Summer 2022,S22,2022,"Engineering, Product and Design",child
26818,hypestream,Summer 2022,S22,2022,B2B,top
26806,illuminant-surgical,Summer 2022,S22,2022,Healthcare,top
26806,illuminant-surgical,Summer 2022,S22,2022,Medical Devices,child
26722,impractical,Summer 2022,S22,2022,B2B,top
26722,impractical,Summer 2022,S22,2022,"Engineering, Product and Design",child
27224,invision-medical-technology,Summer 2022,S22,2022,Healthcare,top
26655,instant,Summer 2022,S22,2022,B2B,top
26655,instant,Summer 2022,S22,2022,"Engineering, Product and Design",child
27261,integrated-reasoning,Summer 2022,S22,2022,B2B,top
27261,integrated-reasoning,Summer 2022,S22,2022,"Engineering, Product and Design",child
26738,integration-labs,Summer 2022,S22,2022,B2B,top
27255,intuned,Summer 2022,S22,2022,B2B,top
27255,intuned,Summer 2022,S22,2022,"Engineering, Product and Design",child
27142,invofox,Summer 2022,S22,2022,B2B,top
27142,invofox,Summer 2022,S22,2022,Finance and Accounting,child
27173,jamble,Summer 2022,S22,2022,Consumer,top
27173,jamble,Summer 2022,S22,2022,Apparel and Cosmetics,child
27158,jasmine-energy,Summer 2022,S22,2022,B2B,top
27158,jasmine-energy,Summer 2022,S22,2022,Operations,child
26800,juicebox,Summer 2022,S22,2022,B2B,top
26800,juicebox,Summer 2022,S22,2022,Recruiting and Talent,child
26670,julius,Summer 2022,S22,2022,B2B,top
27222,kamion,Summer 2022,S22,2022,B2B,top
27222,kamion,Summer 2022,S22,2022,Supply Chain and Logistics,child
27205,kashin,Summer 2022,S22,2022,Fintech,top
27205,kashin,Summer 2022,S22,2022,Credit and Lending,child
27124,kemnet,Summer 2022,S22,2022,Healthcare,top
27124,kemnet,Summer 2022,S22,2022,Healthcare IT,child
25151,keylika,Summer 2022,S22,2022,Healthcare,top
25151,keylika,Summer 2022,S22,2022,Therapeutics,child
27185,knowtex,Summer 2022,S22,2022,Healthcare,top
27185,knowtex,Summer 2022,S22,2022,Healthcare IT,child
27050,kombo,Summer 2022,S22,2022,B2B,top
27161,krave-mart,Summer 2022,S22,2022,Consumer,top
27161,krave-mart,Summer 2022,S22,2022,Food and Beverage,child
27092,lamin,Summer 2022,S22,2022,B2B,top
27092,lamin,Summer 2022,S22,2022,Infrastructure,child
27252,landeed,Summer 2022,S22,2022,Fintech,top
26890,latent-space,Summer 2022,S22,2022,Consumer,top
26505,layerup,Summer 2022,S22,2022,B2B,top
27157,levers,Summer 2022,S22,2022,B2B,top
27157,levers,Summer 2022,S22,2022,Finance and Accounting,child
27251,lotus,Summer 2022,S22,2022,B2B,top
27251,lotus,Summer 2022,S22,2022,Finance and Accounting,child
26753,lyra,Summer 2022,S22,2022,Consumer,top
26658,magic-2,Summer 2022,S22,2022,Fintech,top
26658,magic-2,Summer 2022,S22,2022,Payments,child
26708,makeasite,Summer 2022,S22,2022,Consumer,top
26809,malama-health,Summer 2022,S22,2022,Healthcare,top
26899,manatee,Summer 2022,S22,2022,B2B,top
26899,manatee,Summer 2022,S22,2022,Sales,child
27268,materee,Summer 2022,S22,2022,B2B,top
26807,maverickx,Summer 2022,S22,2022,Industrials,top
26807,maverickx,Summer 2022,S22,2022,Energy,child
26902,maya-labs,Summer 2022,S22,2022,B2B,top
26902,maya-labs,Summer 2022,S22,2022,Productivity,child
26413,medplum,Summer 2022,S22,2022,Healthcare,top
26413,medplum,Summer 2022,S22,2022,Healthcare IT,child
26669,mercator,Summer 2022,S22,2022,B2B,top
27037,metriport,Summer 2022,S22,2022,Healthcare,top
27037,metriport,Summer 2022,S22,2022,Healthcare IT,child
26756,midplane,Summer 2022,S22,2022,B2B,top
26756,midplane,Summer 2022,S22,2022,"Engineering, Product and Design",child
26851,mistle,Summer 2022,S22,2022,B2B,top
26851,mistle,Summer 2022,S22,2022,"Engineering, Product and Design",child
26727,moneco,Summer 2022,S22,2022,Fintech,top
26727,moneco,Summer 2022,S22,2022,Banking and Exchange,child
27174,monterey-ai,Summer 2022,S22,2022,B2B,top
27174,monterey-ai,Summer 2022,S22,2022,"Engineering, Product and Design",child
27269,morf-health,Summer 2022,S22,2022,Healthcare,top
27269,morf-health,Summer 2022,S22,2022,Healthcare IT,child
27177,movinglake,Summer 2022,S22,2022,B2B,top
27177,movinglake,Summer 2022,S22,2022,"Engineering, Product and Design",child
26819,namecard-ai,Summer 2022,S22,2022,B2B,top
26872,neosync,Summer 2022,S22,2022,B2B,top
26872,neosync,Summer 2022,S22,2022,Infrastructure,child
26860,newscatcher,Summer 2022,S22,2022,B2B,top
26860,newscatcher,Summer 2022,S22,2022,Analytics,child
26779,notebook-labs,Summer 2022,S22,2022,B2B,top
26754,novig,Summer 2022,S22,2022,Consumer,top
26754,novig,Summer 2022,S22,2022,Gaming,child
26750,numind,Summer 2022,S22,2022,B2B,top
26750,numind,Summer 2022,S22,2022,"Engineering, Product and Design",child
27162,oneleet,Summer 2022,S22,2022,B2B,top
27162,oneleet,Summer 2022,S22,2022,Security,child
26814,ordinary-seafood,Summer 2022,S22,2022,Consumer,top
26814,ordinary-seafood,Summer 2022,S22,2022,Food and Beverage,child
26776,overwatch,Summer 2022,S22,2022,B2B,top
26776,overwatch,Summer 2022,S22,2022,Security,child
26662,paces,Summer 2022,S22,2022,Industrials,top
26662,paces,Summer 2022,S22,2022,Climate,child
26476,pana,Summer 2022,S22,2022,Fintech,top
26476,pana,Summer 2022,S22,2022,Banking and Exchange,child
26741,paragon-ai,Summer 2022,S22,2022,B2B,top
26741,paragon-ai,Summer 2022,S22,2022,Sales,child
26713,pasito,Summer 2022,S22,2022,Fintech,top
26713,pasito,Summer 2022,S22,2022,Insurance,child
27048,payfura,Summer 2022,S22,2022,Fintech,top
27048,payfura,Summer 2022,S22,2022,Payments,child
26811,payload,Summer 2022,S22,2022,B2B,top
26811,payload,Summer 2022,S22,2022,"Engineering, Product and Design",child
26676,penguin-ai,Summer 2022,S22,2022,B2B,top
26676,penguin-ai,Summer 2022,S22,2022,Sales,child
26877,peoplebox,Summer 2022,S22,2022,B2B,top
26877,peoplebox,Summer 2022,S22,2022,Human Resources,child
26808,phind,Summer 2022,S22,2022,Consumer,top
27267,ping,Summer 2022,S22,2022,Fintech,top
27262,pivo-technology-inc,Summer 2022,S22,2022,Fintech,top
26900,pluralith,Summer 2022,S22,2022,B2B,top
26900,pluralith,Summer 2022,S22,2022,Infrastructure,child
27047,plutto,Summer 2022,S22,2022,B2B,top
27047,plutto,Summer 2022,S22,2022,Infrastructure,child
26480,poly,Summer 2022,S22,2022,Consumer,top
27361,polymath-robotics,Summer 2022,S22,2022,Industrials,top
27361,polymath-robotics,Summer 2022,S22,2022,Manufacturing and Robotics,child
26796,popsy,Summer 2022,S22,2022,B2B,top
26796,popsy,Summer 2022,S22,2022,Marketing,child
27137,primevault,Summer 2022,S22,2022,Fintech,top
27137,primevault,Summer 2022,S22,2022,Asset Management,child
26863,provision,Summer 2022,S22,2022,B2B,top
26863,provision,Summer 2022,S22,2022,Infrastructure,child
26862,pulppo,Summer 2022,S22,2022,Real Estate and Construction,top
26862,pulppo,Summer 2022,S22,2022,Housing and Real Estate,child
27178,pump-co,Summer 2022,S22,2022,Fintech,top
27052,quindar,Summer 2022,S22,2022,B2B,top
26912,quinn,Summer 2022,S22,2022,Healthcare,top
26912,quinn,Summer 2022,S22,2022,Drug Discovery and Delivery,child
27194,rever,Summer 2022,S22,2022,Fintech,top
26783,raven,Summer 2022,S22,2022,B2B,top
26783,raven,Summer 2022,S22,2022,"Engineering, Product and Design",child
27096,relate,Summer 2022,S22,2022,B2B,top
27096,relate,Summer 2022,S22,2022,Sales,child
27095,relay-health,Summer 2022,S22,2022,Healthcare,top
27095,relay-health,Summer 2022,S22,2022,Consumer Health and Wellness,child
27168,relevium-medical,Summer 2022,S22,2022,Healthcare,top
27168,relevium-medical,Summer 2022,S22,2022,Therapeutics,child
26907,rima-ai,Summer 2022,S22,2022,B2B,top
26907,rima-ai,Summer 2022,S22,2022,Finance and Accounting,child
26797,rio,Summer 2022,S22,2022,Fintech,top
26797,rio,Summer 2022,S22,2022,Payments,child
27085,roforco,Summer 2022,S22,2022,Consumer,top
27085,roforco,Summer 2022,S22,2022,Gaming,child
26733,roxels,Summer 2022,S22,2022,B2B,top
26715,ruleset,Summer 2022,S22,2022,B2B,top
27108,sanifu,Summer 2022,S22,2022,B2B,top
27108,sanifu,Summer 2022,S22,2022,Operations,child
27190,sculpt,Summer 2022,S22,2022,B2B,top
27190,sculpt,Summer 2022,S22,2022,"Engineering, Product and Design",child
26784,seaflight-technologies,Summer 2022,S22,2022,Industrials,top
26784,seaflight-technologies,Summer 2022,S22,2022,Aviation and Space,child
26734,serinus-biosciences,Summer 2022,S22,2022,Healthcare,top
26734,serinus-biosciences,Summer 2022,S22,2022,Therapeutics,child
26871,shipmates,Summer 2022,S22,2022,B2B,top
26871,shipmates,Summer 2022,S22,2022,Supply Chain and Logistics,child
26693,sigmamind-ai,Summer 2022,S22,2022,B2B,top
26751,signatur-biosciences,Summer 2022,S22,2022,Healthcare,top
26751,signatur-biosciences,Summer 2022,S22,2022,Diagnostics,child
25249,silkchart,Summer 2022,S22,2022,B2B,top
25249,silkchart,Summer 2022,S22,2022,Sales,child
26847,slauth-io,Summer 2022,S22,2022,B2B,top
26847,slauth-io,Summer 2022,S22,2022,Infrastructure,child
26852,slidely-ai,Summer 2022,S22,2022,B2B,top
26852,slidely-ai,Summer 2022,S22,2022,Productivity,child
27176,slingshot,Summer 2022,S22,2022,Healthcare,top
27151,solum-health,Summer 2022,S22,2022,Healthcare,top
27155,sonnet,Summer 2022,S22,2022,B2B,top
27155,sonnet,Summer 2022,S22,2022,Sales,child
26705,stackup,Summer 2022,S22,2022,B2B,top
26705,stackup,Summer 2022,S22,2022,"Engineering, Product and Design",child
26667,star,Summer 2022,S22,2022,Consumer,top
26667,star,Summer 2022,S22,2022,Gaming,child
26780,stellar,Summer 2022,S22,2022,B2B,top
26661,stream,Summer 2022,S22,2022,Fintech,top
26661,stream,Summer 2022,S22,2022,Insurance,child
26755,sunlight,Summer 2022,S22,2022,Fintech,top
27146,sunpia,Summer 2022,S22,2022,B2B,top
27146,sunpia,Summer 2022,S22,2022,Infrastructure,child
27154,superbar,Summer 2022,S22,2022,B2B,top
27154,superbar,Summer 2022,S22,2022,Marketing,child
26706,superpowered-ai,Summer 2022,S22,2022,B2B,top
26869,sytex,Summer 2022,S22,2022,B2B,top
26869,sytex,Summer 2022,S22,2022,Productivity,child
26710,tailor,Summer 2022,S22,2022,B2B,top
26803,tank-payments,Summer 2022,S22,2022,Fintech,top
26803,tank-payments,Summer 2022,S22,2022,Payments,child
27184,taro,Summer 2022,S22,2022,B2B,top
27184,taro,Summer 2022,S22,2022,Recruiting and Talent,child
26810,ten-lives,Summer 2022,S22,2022,Consumer,top
26810,ten-lives,Summer 2022,S22,2022,Food and Beverage,child
26870,thera,Summer 2022,S22,2022,B2B,top
25267,tigereye,Summer 2022,S22,2022,Real Estate and Construction,top
25267,tigereye,Summer 2022,S22,2022,Construction,child
26764,tranch,Summer 2022,S22,2022,Fintech,top
26764,tranch,Summer 2022,S22,2022,Payments,child
27091,trendex-connect-with-stars,Summer 2022,S22,2022,Consumer,top
26720,truebiz,Summer 2022,S22,2022,B2B,top
26720,truebiz,Summer 2022,S22,2022,Operations,child
26690,truva,Summer 2022,S22,2022,B2B,top
26690,truva,Summer 2022,S22,2022,Marketing,child
26704,two-dots,Summer 2022,S22,2022,Fintech,top
26704,two-dots,Summer 2022,S22,2022,Consumer Finance,child
27143,typeless,Summer 2022,S22,2022,B2B,top
26859,typewise,Summer 2022,S22,2022,B2B,top
26859,typewise,Summer 2022,S22,2022,Productivity,child
27051,unthread,Summer 2022,S22,2022,B2B,top
27051,unthread,Summer 2022,S22,2022,Productivity,child
27153,uplink,Summer 2022,S22,2022,B2B,top
27153,uplink,Summer 2022,S22,2022,Productivity,child
27198,velontra,Summer 2022,S22,2022,Industrials,top
27198,velontra,Summer 2022,S22,2022,Aviation and Space,child
26703,versa,Summer 2022,S22,2022,B2B,top
26703,versa,Summer 2022,S22,2022,Finance and Accounting,child
27055,vinci-games,Summer 2022,S22,2022,Consumer,top
27055,vinci-games,Summer 2022,S22,2022,Gaming,child
27195,vizzly,Summer 2022,S22,2022,B2B,top
27195,vizzly,Summer 2022,S22,2022,Analytics,child
26763,voltic,Summer 2022,S22,2022,Industrials,top
26763,voltic,Summer 2022,S22,2022,Climate,child
27078,wand-solar,Summer 2022,S22,2022,Industrials,top
27078,wand-solar,Summer 2022,S22,2022,Climate,child
26659,weltio,Summer 2022,S22,2022,Fintech,top
26659,weltio,Summer 2022,S22,2022,Asset Management,child
26793,windmill,Summer 2022,S22,2022,B2B,top
26793,windmill,Summer 2022,S22,2022,Infrastructure,child
26654,wolfia,Summer 2022,S22,2022,B2B,top
26654,wolfia,Summer 2022,S22,2022,Sales,child
27166,wondercraft,Summer 2022,S22,2022,B2B,top
27166,wondercraft,Summer 2022,S22,2022,Marketing,child
26876,zoltar-labs,Summer 2022,S22,2022,B2B,top
27164,autone,Summer 2022,S22,2022,B2B,top
27164,autone,Summer 2022,S22,2022,Retail,child
26716,erad,Summer 2022,S22,2022,Fintech,top
26726,ilumadata,Summer 2022,S22,2022,B2B,top
26726,ilumadata,Summer 2022,S22,2022,Analytics,child
27094,nsave,Summer 2022,S22,2022,Fintech,top
27906,1stcollab,Winter 2023,W23,2023,B2B,top
27906,1stcollab,Winter 2023,W23,2023,Marketing,child
27925,222,Winter 2023,W23,2023,Consumer,top
28367,adri-ai,Winter 2023,W23,2023,B2B,top
28158,adventris-pharmaceuticals,Winter 2023,W23,2023,Healthcare,top
28158,adventris-pharmaceuticals,Winter 2023,W23,2023,Drug Discovery and Delivery,child
27968,alaan,Winter 2023,W23,2023,Fintech,top
27968,alaan,Winter 2023,W23,2023,Payments,child
27840,alloy,Winter 2023,W23,2023,B2B,top
27840,alloy,Winter 2023,W23,2023,Productivity,child
26884,alphawatch-ai,Winter 2023,W23,2023,Fintech,top
27923,ariglad,Winter 2023,W23,2023,B2B,top
27923,ariglad,Winter 2023,W23,2023,Operations,child
27971,arroyo,Winter 2023,W23,2023,B2B,top
27971,arroyo,Winter 2023,W23,2023,Infrastructure,child
28214,atmeto,Winter 2023,W23,2023,Industrials,top
28214,atmeto,Winter 2023,W23,2023,Energy,child
28414,automat,Winter 2023,W23,2023,B2B,top
28414,automat,Winter 2023,W23,2023,Operations,child
27655,avoca,Winter 2023,W23,2023,B2B,top
27701,backdrop,Winter 2023,W23,2023,B2B,top
28127,benchmark,Winter 2023,W23,2023,B2B,top
28127,benchmark,Winter 2023,W23,2023,Finance and Accounting,child
28111,berry,Winter 2023,W23,2023,B2B,top
28111,berry,Winter 2023,W23,2023,Operations,child
27834,bluebirds,Winter 2023,W23,2023,B2B,top
27834,bluebirds,Winter 2023,W23,2023,Sales,child
27862,bluedot,Winter 2023,W23,2023,Fintech,top
27672,blyss,Winter 2023,W23,2023,B2B,top
27672,blyss,Winter 2023,W23,2023,Security,child
27894,booth-ai,Winter 2023,W23,2023,B2B,top
27894,booth-ai,Winter 2023,W23,2023,Retail,child
27938,boundary,Winter 2023,W23,2023,B2B,top
27712,brewit,Winter 2023,W23,2023,B2B,top
27712,brewit,Winter 2023,W23,2023,Analytics,child
27893,buildjet,Winter 2023,W23,2023,B2B,top
27893,buildjet,Winter 2023,W23,2023,"Engineering, Product and Design",child
27841,bujeti,Winter 2023,W23,2023,B2B,top
27841,bujeti,Winter 2023,W23,2023,Finance and Accounting,child
27810,cakework,Winter 2023,W23,2023,B2B,top
27810,cakework,Winter 2023,W23,2023,Infrastructure,child
27676,cardinal,Winter 2023,W23,2023,B2B,top
27676,cardinal,Winter 2023,W23,2023,"Engineering, Product and Design",child
27842,chart,Winter 2023,W23,2023,Fintech,top
27254,chima,Winter 2023,W23,2023,B2B,top
27879,choppy,Winter 2023,W23,2023,Consumer,top
27879,choppy,Winter 2023,W23,2023,Food and Beverage,child
28070,clad,Winter 2023,W23,2023,Real Estate and Construction,top
28070,clad,Winter 2023,W23,2023,Construction,child
28013,clearspace,Winter 2023,W23,2023,Consumer,top
27936,clickpe,Winter 2023,W23,2023,Fintech,top
27936,clickpe,Winter 2023,W23,2023,Credit and Lending,child
27844,cloudchipr,Winter 2023,W23,2023,B2B,top
27982,clueso,Winter 2023,W23,2023,B2B,top
27982,clueso,Winter 2023,W23,2023,"Engineering, Product and Design",child
27853,cobblestone,Winter 2023,W23,2023,Real Estate and Construction,top
28108,codeparrot-ai,Winter 2023,W23,2023,B2B,top
28108,codeparrot-ai,Winter 2023,W23,2023,"Engineering, Product and Design",child
27991,coldreach,Winter 2023,W23,2023,B2B,top
27991,coldreach,Winter 2023,W23,2023,Sales,child
27966,combinehealth,Winter 2023,W23,2023,Healthcare,top
27966,combinehealth,Winter 2023,W23,2023,Healthcare IT,child
28093,common-paper,Winter 2023,W23,2023,B2B,top
28093,common-paper,Winter 2023,W23,2023,Sales,child
27699,concourse,Winter 2023,W23,2023,B2B,top
27699,concourse,Winter 2023,W23,2023,Finance and Accounting,child
28110,conduit,Winter 2023,W23,2023,B2B,top
28110,conduit,Winter 2023,W23,2023,Supply Chain and Logistics,child
28094,constant,Winter 2023,W23,2023,Fintech,top
28094,constant,Winter 2023,W23,2023,Asset Management,child
27824,coperniq,Winter 2023,W23,2023,B2B,top
27824,coperniq,Winter 2023,W23,2023,Supply Chain and Logistics,child
28077,corgi-labs,Winter 2023,W23,2023,Fintech,top
28077,corgi-labs,Winter 2023,W23,2023,Payments,child
27839,cosine,Winter 2023,W23,2023,B2B,top
27825,creatorml,Winter 2023,W23,2023,B2B,top
27825,creatorml,Winter 2023,W23,2023,Analytics,child
27690,credal-ai,Winter 2023,W23,2023,B2B,top
27690,credal-ai,Winter 2023,W23,2023,Productivity,child
28081,dagworks-inc,Winter 2023,W23,2023,B2B,top
27703,dashdive,Winter 2023,W23,2023,B2B,top
27703,dashdive,Winter 2023,W23,2023,"Engineering, Product and Design",child
27867,datasuite,Winter 2023,W23,2023,B2B,top
27867,datasuite,Winter 2023,W23,2023,Legal,child
27812,dataglade,Winter 2023,W23,2023,Fintech,top
28097,decohere,Winter 2023,W23,2023,Consumer,top
28097,decohere,Winter 2023,W23,2023,Content,child
27972,defer,Winter 2023,W23,2023,B2B,top
27972,defer,Winter 2023,W23,2023,"Engineering, Product and Design",child
27708,demospace,Winter 2023,W23,2023,B2B,top
27693,depot,Winter 2023,W23,2023,B2B,top
27693,depot,Winter 2023,W23,2023,"Engineering, Product and Design",child
27668,designbase,Winter 2023,W23,2023,B2B,top
27668,designbase,Winter 2023,W23,2023,"Engineering, Product and Design",child
28037,diffuse-bio,Winter 2023,W23,2023,Healthcare,top
28037,diffuse-bio,Winter 2023,W23,2023,Drug Discovery and Delivery,child
28092,dill,Winter 2023,W23,2023,B2B,top
28092,dill,Winter 2023,W23,2023,Finance and Accounting,child
27763,double-coding-copilot,Winter 2023,W23,2023,B2B,top
27763,double-coding-copilot,Winter 2023,W23,2023,"Engineering, Product and Design",child
27686,drdroid,Winter 2023,W23,2023,B2B,top
27686,drdroid,Winter 2023,W23,2023,"Engineering, Product and Design",child
27860,dream3d,Winter 2023,W23,2023,B2B,top
27860,dream3d,Winter 2023,W23,2023,"Engineering, Product and Design",child
27967,echo,Winter 2023,W23,2023,B2B,top
28128,edge,Winter 2023,W23,2023,B2B,top
28128,edge,Winter 2023,W23,2023,Legal,child
27809,edgebit,Winter 2023,W23,2023,B2B,top
27809,edgebit,Winter 2023,W23,2023,Security,child
28071,epsilon,Winter 2023,W23,2023,Education,top
28216,escape,Winter 2023,W23,2023,B2B,top
28216,escape,Winter 2023,W23,2023,Security,child
27871,extend,Winter 2023,W23,2023,B2B,top
27883,ezdubs,Winter 2023,W23,2023,Consumer,top
28119,fabius,Winter 2023,W23,2023,B2B,top
28119,fabius,Winter 2023,W23,2023,Sales,child
27939,factiq,Winter 2023,W23,2023,Fintech,top
27939,factiq,Winter 2023,W23,2023,Asset Management,child
27945,fairway-health,Winter 2023,W23,2023,Healthcare,top
27945,fairway-health,Winter 2023,W23,2023,Healthcare IT,child
27974,fastgen,Winter 2023,W23,2023,B2B,top
27974,fastgen,Winter 2023,W23,2023,"Engineering, Product and Design",child
28103,fern,Winter 2023,W23,2023,B2B,top
28103,fern,Winter 2023,W23,2023,"Engineering, Product and Design",child
28371,fetchr,Winter 2023,W23,2023,Consumer,top
28371,fetchr,Winter 2023,W23,2023,Apparel and Cosmetics,child
27952,finic,Winter 2023,W23,2023,Fintech,top
28160,finni-health,Winter 2023,W23,2023,Healthcare,top
28160,finni-health,Winter 2023,W23,2023,Consumer Health and Wellness,child
28410,finta,Winter 2023,W23,2023,B2B,top
28410,finta,Winter 2023,W23,2023,Finance and Accounting,child
27927,fintool,Winter 2023,W23,2023,B2B,top
27927,fintool,Winter 2023,W23,2023,Finance and Accounting,child
27670,finvest,Winter 2023,W23,2023,Fintech,top
27670,finvest,Winter 2023,W23,2023,Consumer Finance,child
27704,flexdesk,Winter 2023,W23,2023,B2B,top
27704,flexdesk,Winter 2023,W23,2023,Office Management,child
27819,flexwash,Winter 2023,W23,2023,B2B,top
27819,flexwash,Winter 2023,W23,2023,Operations,child
27838,flower,Winter 2023,W23,2023,B2B,top
27873,floworks,Winter 2023,W23,2023,B2B,top
27873,floworks,Winter 2023,W23,2023,Sales,child
27946,fluid-markets,Winter 2023,W23,2023,Fintech,top
27946,fluid-markets,Winter 2023,W23,2023,Banking and Exchange,child
27852,frigade,Winter 2023,W23,2023,B2B,top
27852,frigade,Winter 2023,W23,2023,"Engineering, Product and Design",child
27766,glass-health,Winter 2023,W23,2023,Healthcare,top
27766,glass-health,Winter 2023,W23,2023,Healthcare IT,child
27818,gluetrail,Winter 2023,W23,2023,B2B,top
27818,gluetrail,Winter 2023,W23,2023,Marketing,child
27899,goodcourse,Winter 2023,W23,2023,B2B,top
27843,gooseworks,Winter 2023,W23,2023,B2B,top
27843,gooseworks,Winter 2023,W23,2023,Marketing,child
27822,goveagle,Winter 2023,W23,2023,Government,top
27943,hadrius,Winter 2023,W23,2023,Fintech,top
27943,hadrius,Winter 2023,W23,2023,Asset Management,child
27710,hammr,Winter 2023,W23,2023,B2B,top
27710,hammr,Winter 2023,W23,2023,Human Resources,child
27855,haven-2,Winter 2023,W23,2023,B2B,top
27919,helicone,Winter 2023,W23,2023,B2B,top
27919,helicone,Winter 2023,W23,2023,Analytics,child
28072,helios,Winter 2023,W23,2023,B2B,top
28091,hindsight,Winter 2023,W23,2023,B2B,top
28091,hindsight,Winter 2023,W23,2023,Sales,child
27956,hippo-scribe,Winter 2023,W23,2023,Healthcare,top
27921,homeflow,Winter 2023,W23,2023,Real Estate and Construction,top
27921,homeflow,Winter 2023,W23,2023,Housing and Real Estate,child
27961,hona,Winter 2023,W23,2023,B2B,top
27961,hona,Winter 2023,W23,2023,Legal,child
27951,honeydew,Winter 2023,W23,2023,B2B,top
27951,honeydew,Winter 2023,W23,2023,Analytics,child
27911,icepanel,Winter 2023,W23,2023,B2B,top
27911,icepanel,Winter 2023,W23,2023,"Engineering, Product and Design",child
27875,iliad,Winter 2023,W23,2023,B2B,top
27705,indexical,Winter 2023,W23,2023,B2B,top
27705,indexical,Winter 2023,W23,2023,Infrastructure,child
27957,infinia,Winter 2023,W23,2023,Fintech,top
27957,infinia,Winter 2023,W23,2023,Payments,child
27664,infisical,Winter 2023,W23,2023,B2B,top
27664,infisical,Winter 2023,W23,2023,Security,child
27881,inkeep,Winter 2023,W23,2023,B2B,top
27881,inkeep,Winter 2023,W23,2023,"Engineering, Product and Design",child
28113,interlock,Winter 2023,W23,2023,B2B,top
28159,invitris,Winter 2023,W23,2023,Healthcare,top
28159,invitris,Winter 2023,W23,2023,Drug Discovery and Delivery,child
28079,invopop,Winter 2023,W23,2023,B2B,top
28079,invopop,Winter 2023,W23,2023,Finance and Accounting,child
27902,kv-cash,Winter 2023,W23,2023,B2B,top
27902,kv-cash,Winter 2023,W23,2023,Infrastructure,child
28074,keep,Winter 2023,W23,2023,B2B,top
28074,keep,Winter 2023,W23,2023,"Engineering, Product and Design",child
27858,kivo-health,Winter 2023,W23,2023,Healthcare,top
27858,kivo-health,Winter 2023,W23,2023,Healthcare Services,child
27953,koywe,Winter 2023,W23,2023,Fintech,top
28218,kyber,Winter 2023,W23,2023,B2B,top
28218,kyber,Winter 2023,W23,2023,Operations,child
27669,laminate,Winter 2023,W23,2023,Fintech,top
27870,langfuse,Winter 2023,W23,2023,B2B,top
27870,langfuse,Winter 2023,W23,2023,"Engineering, Product and Design",child
27700,latent,Winter 2023,W23,2023,Healthcare,top
27700,latent,Winter 2023,W23,2023,Healthcare IT,child
27201,lavo-life-sciences,Winter 2023,W23,2023,Healthcare,top
27201,lavo-life-sciences,Winter 2023,W23,2023,Drug Discovery and Delivery,child
27687,layup,Winter 2023,W23,2023,B2B,top
28361,lightski,Winter 2023,W23,2023,B2B,top
28361,lightski,Winter 2023,W23,2023,"Engineering, Product and Design",child
27836,linkgrep,Winter 2023,W23,2023,B2B,top
27836,linkgrep,Winter 2023,W23,2023,Productivity,child
27675,linum,Winter 2023,W23,2023,Consumer,top
28409,litellm,Winter 2023,W23,2023,B2B,top
28090,littio,Winter 2023,W23,2023,Fintech,top
28090,littio,Winter 2023,W23,2023,Consumer Finance,child
27985,loula,Winter 2023,W23,2023,Healthcare,top
27985,loula,Winter 2023,W23,2023,Healthcare Services,child
28129,luca,Winter 2023,W23,2023,B2B,top
28129,luca,Winter 2023,W23,2023,Retail,child
27697,lume-2,Winter 2023,W23,2023,B2B,top
27697,lume-2,Winter 2023,W23,2023,"Engineering, Product and Design",child
27713,lynx,Winter 2023,W23,2023,B2B,top
27713,lynx,Winter 2023,W23,2023,"Engineering, Product and Design",child
27691,magic-patterns,Winter 2023,W23,2023,B2B,top
27691,magic-patterns,Winter 2023,W23,2023,"Engineering, Product and Design",child
27909,magicflow,Winter 2023,W23,2023,B2B,top
27909,magicflow,Winter 2023,W23,2023,Infrastructure,child
27989,magnaplay,Winter 2023,W23,2023,B2B,top
27989,magnaplay,Winter 2023,W23,2023,"Engineering, Product and Design",child
28006,mantys,Winter 2023,W23,2023,B2B,top
28006,mantys,Winter 2023,W23,2023,Operations,child
27677,matano,Winter 2023,W23,2023,B2B,top
27677,matano,Winter 2023,W23,2023,Security,child
28089,maxi,Winter 2023,W23,2023,Fintech,top
28089,maxi,Winter 2023,W23,2023,Consumer Finance,child
27740,mercoa,Winter 2023,W23,2023,Fintech,top
28183,metal,Winter 2023,W23,2023,B2B,top
28183,metal,Winter 2023,W23,2023,Finance and Accounting,child
28421,metal-2,Winter 2023,W23,2023,B2B,top
27666,middleware,Winter 2023,W23,2023,B2B,top
27666,middleware,Winter 2023,W23,2023,Infrastructure,child
28007,milio,Winter 2023,W23,2023,Fintech,top
27671,miracle,Winter 2023,W23,2023,Healthcare,top
27671,miracle,Winter 2023,W23,2023,Drug Discovery and Delivery,child
28205,modulari-t,Winter 2023,W23,2023,Healthcare,top
28205,modulari-t,Winter 2023,W23,2023,Therapeutics,child
27424,mogara,Winter 2023,W23,2023,B2B,top
27424,mogara,Winter 2023,W23,2023,Finance and Accounting,child
28048,muffin-data,Winter 2023,W23,2023,B2B,top
28048,muffin-data,Winter 2023,W23,2023,Analytics,child
27702,mulligan,Winter 2023,W23,2023,B2B,top
27728,nango,Winter 2023,W23,2023,B2B,top
27728,nango,Winter 2023,W23,2023,"Engineering, Product and Design",child
27814,narrative,Winter 2023,W23,2023,B2B,top
27814,narrative,Winter 2023,W23,2023,"Engineering, Product and Design",child
27831,neptyne,Winter 2023,W23,2023,B2B,top
27859,no-cap,Winter 2023,W23,2023,Fintech,top
27696,novelcare,Winter 2023,W23,2023,Healthcare,top
27696,novelcare,Winter 2023,W23,2023,Drug Discovery and Delivery,child
27958,noya-software,Winter 2023,W23,2023,B2B,top
27958,noya-software,Winter 2023,W23,2023,"Engineering, Product and Design",child
27735,numeral,Winter 2023,W23,2023,B2B,top
27735,numeral,Winter 2023,W23,2023,Finance and Accounting,child
27965,odigos-technologies-inc,Winter 2023,W23,2023,B2B,top
27965,odigos-technologies-inc,Winter 2023,W23,2023,Infrastructure,child
27815,ofone,Winter 2023,W23,2023,B2B,top
27762,ohm-2,Winter 2023,W23,2023,Industrials,top
27813,omnistrate,Winter 2023,W23,2023,B2B,top
27674,onetext,Winter 2023,W23,2023,Fintech,top
27674,onetext,Winter 2023,W23,2023,Payments,child
27949,onshore,Winter 2023,W23,2023,B2B,top
27949,onshore,Winter 2023,W23,2023,Finance and Accounting,child
28096,openint,Winter 2023,W23,2023,B2B,top
28096,openint,Winter 2023,W23,2023,Analytics,child
27877,openmeter,Winter 2023,W23,2023,B2B,top
27877,openmeter,Winter 2023,W23,2023,Infrastructure,child
27816,opensight,Winter 2023,W23,2023,B2B,top
27816,opensight,Winter 2023,W23,2023,Operations,child
27901,orchid,Winter 2023,W23,2023,Healthcare,top
27924,outsail-technologies,Winter 2023,W23,2023,Industrials,top
27868,outerbase,Winter 2023,W23,2023,B2B,top
27868,outerbase,Winter 2023,W23,2023,"Engineering, Product and Design",child
27823,overflux,Winter 2023,W23,2023,B2B,top
27898,overlord,Winter 2023,W23,2023,Consumer,top
27898,overlord,Winter 2023,W23,2023,Home and Personal,child
27754,pair-ai,Winter 2023,W23,2023,Consumer,top
27714,palomma,Winter 2023,W23,2023,Real Estate and Construction,top
28425,pando-bioscience,Winter 2023,W23,2023,Healthcare,top
28425,pando-bioscience,Winter 2023,W23,2023,Industrial Bio,child
27694,paperplane,Winter 2023,W23,2023,Fintech,top
27694,paperplane,Winter 2023,W23,2023,Credit and Lending,child
27725,parabolic,Winter 2023,W23,2023,B2B,top
28045,peeba,Winter 2023,W23,2023,B2B,top
28301,persana-ai,Winter 2023,W23,2023,B2B,top
28301,persana-ai,Winter 2023,W23,2023,Sales,child
28112,persist-ai,Winter 2023,W23,2023,Healthcare,top
28112,persist-ai,Winter 2023,W23,2023,Drug Discovery and Delivery,child
28175,pier,Winter 2023,W23,2023,B2B,top
28416,pierre,Winter 2023,W23,2023,B2B,top
28416,pierre,Winter 2023,W23,2023,"Engineering, Product and Design",child
27695,pigeon,Winter 2023,W23,2023,B2B,top
27837,pirros,Winter 2023,W23,2023,B2B,top
27837,pirros,Winter 2023,W23,2023,"Engineering, Product and Design",child
28073,playai,Winter 2023,W23,2023,B2B,top
27785,pledge-health,Winter 2023,W23,2023,Healthcare,top
27785,pledge-health,Winter 2023,W23,2023,Healthcare IT,child
27880,plutis,Winter 2023,W23,2023,B2B,top
27846,polotab,Winter 2023,W23,2023,B2B,top
27821,poplarml,Winter 2023,W23,2023,B2B,top
27821,poplarml,Winter 2023,W23,2023,"Engineering, Product and Design",child
27928,portalform,Winter 2023,W23,2023,B2B,top
27928,portalform,Winter 2023,W23,2023,Infrastructure,child
27992,proglix,Winter 2023,W23,2023,Industrials,top
27876,propexo,Winter 2023,W23,2023,B2B,top
28069,pylon-2,Winter 2023,W23,2023,B2B,top
28069,pylon-2,Winter 2023,W23,2023,Operations,child
27878,ruuf,Winter 2023,W23,2023,Consumer,top
27960,radical,Winter 2023,W23,2023,Industrials,top
27960,radical,Winter 2023,W23,2023,Aviation and Space,child
27915,rainmaker,Winter 2023,W23,2023,Fintech,top
27915,rainmaker,Winter 2023,W23,2023,Consumer Finance,child
27986,rally-tax,Winter 2023,W23,2023,Fintech,top
27673,reflex,Winter 2023,W23,2023,B2B,top
27673,reflex,Winter 2023,W23,2023,Infrastructure,child
27874,relace,Winter 2023,W23,2023,B2B,top
27874,relace,Winter 2023,W23,2023,"Engineering, Product and Design",child
27850,repacket,Winter 2023,W23,2023,B2B,top
27850,repacket,Winter 2023,W23,2023,Security,child
28098,resend,Winter 2023,W23,2023,B2B,top
28098,resend,Winter 2023,W23,2023,"Engineering, Product and Design",child
27983,retape,Winter 2023,W23,2023,B2B,top
27983,retape,Winter 2023,W23,2023,Sales,child
28087,rivet,Winter 2023,W23,2023,B2B,top
28087,rivet,Winter 2023,W23,2023,Infrastructure,child
27692,rollstack-2,Winter 2023,W23,2023,B2B,top
27692,rollstack-2,Winter 2023,W23,2023,Analytics,child
27734,rubber-ducky-labs,Winter 2023,W23,2023,B2B,top
27734,rubber-ducky-labs,Winter 2023,W23,2023,"Engineering, Product and Design",child
27583,rubbrband,Winter 2023,W23,2023,Consumer,top
27583,rubbrband,Winter 2023,W23,2023,Content,child
27806,ruby-card,Winter 2023,W23,2023,Fintech,top
27941,sage-ai,Winter 2023,W23,2023,B2B,top
27941,sage-ai,Winter 2023,W23,2023,"Engineering, Product and Design",child
27808,salient,Winter 2023,W23,2023,B2B,top
27491,sameday,Winter 2023,W23,2023,B2B,top
27491,sameday,Winter 2023,W23,2023,Sales,child
28018,sanvivo,Winter 2023,W23,2023,Healthcare,top
28018,sanvivo,Winter 2023,W23,2023,Healthcare IT,child
27828,scanbase,Winter 2023,W23,2023,Healthcare,top
27828,scanbase,Winter 2023,W23,2023,Diagnostics,child
28303,thedailyscout,Winter 2023,W23,2023,Consumer,top
28368,second,Winter 2023,W23,2023,B2B,top
27942,sensorsurf,Winter 2023,W23,2023,B2B,top
27942,sensorsurf,Winter 2023,W23,2023,"Engineering, Product and Design",child
28221,serial,Winter 2023,W23,2023,B2B,top
28221,serial,Winter 2023,W23,2023,"Engineering, Product and Design",child
27987,shekel-mobility,Winter 2023,W23,2023,Fintech,top
27950,sherloq,Winter 2023,W23,2023,B2B,top
27950,sherloq,Winter 2023,W23,2023,Analytics,child
27892,shortloop,Winter 2023,W23,2023,B2B,top
27892,shortloop,Winter 2023,W23,2023,"Engineering, Product and Design",child
27947,shortbread,Winter 2023,W23,2023,Consumer,top
27947,shortbread,Winter 2023,W23,2023,Content,child
27984,sirdab,Winter 2023,W23,2023,B2B,top
27984,sirdab,Winter 2023,W23,2023,Supply Chain and Logistics,child
28192,skyhook,Winter 2023,W23,2023,B2B,top
28192,skyhook,Winter 2023,W23,2023,"Engineering, Product and Design",child
28082,sorted,Winter 2023,W23,2023,B2B,top
28082,sorted,Winter 2023,W23,2023,Operations,child
28413,speccheck,Winter 2023,W23,2023,B2B,top
28412,speedy-labs,Winter 2023,W23,2023,B2B,top
28412,speedy-labs,Winter 2023,W23,2023,Finance and Accounting,child
27667,stackai,Winter 2023,W23,2023,B2B,top
27907,storyboarder,Winter 2023,W23,2023,Consumer,top
27907,storyboarder,Winter 2023,W23,2023,Content,child
28075,stralis-aircraft,Winter 2023,W23,2023,Industrials,top
28075,stralis-aircraft,Winter 2023,W23,2023,Aviation and Space,child
27684,struct,Winter 2023,W23,2023,B2B,top
27854,suger,Winter 2023,W23,2023,B2B,top
27854,suger,Winter 2023,W23,2023,Sales,child
28107,superapi,Winter 2023,W23,2023,B2B,top
28107,superapi,Winter 2023,W23,2023,Infrastructure,child
27978,superkalam,Winter 2023,W23,2023,Education,top
27685,syncly,Winter 2023,W23,2023,B2B,top
27685,syncly,Winter 2023,W23,2023,Marketing,child
27897,tableflow,Winter 2023,W23,2023,B2B,top
27897,tableflow,Winter 2023,W23,2023,Operations,child
28080,tagsafe,Winter 2023,W23,2023,B2B,top
28080,tagsafe,Winter 2023,W23,2023,"Engineering, Product and Design",child
27811,tennr,Winter 2023,W23,2023,B2B,top
28180,texel-ai,Winter 2023,W23,2023,B2B,top
28180,texel-ai,Winter 2023,W23,2023,Infrastructure,child
28382,theya,Winter 2023,W23,2023,Fintech,top
28382,theya,Winter 2023,W23,2023,Consumer Finance,child
27678,traceloop,Winter 2023,W23,2023,B2B,top
27707,trackstar,Winter 2023,W23,2023,B2B,top
27707,trackstar,Winter 2023,W23,2023,Supply Chain and Logistics,child
27680,trigger-dev,Winter 2023,W23,2023,B2B,top
27680,trigger-dev,Winter 2023,W23,2023,"Engineering, Product and Design",child
27832,trigo,Winter 2023,W23,2023,Fintech,top
27832,trigo,Winter 2023,W23,2023,Credit and Lending,child
27896,truewind,Winter 2023,W23,2023,B2B,top
27896,truewind,Winter 2023,W23,2023,Finance and Accounting,child
28078,turntable,Winter 2023,W23,2023,B2B,top
28078,turntable,Winter 2023,W23,2023,Analytics,child
28329,type,Winter 2023,W23,2023,Consumer,top
26837,unify,Winter 2023,W23,2023,B2B,top
26837,unify,Winter 2023,W23,2023,Productivity,child
28008,univerbal,Winter 2023,W23,2023,Education,top
28099,unstatiq,Winter 2023,W23,2023,B2B,top
28099,unstatiq,Winter 2023,W23,2023,Operations,child
28131,untether-labs,Winter 2023,W23,2023,Healthcare,top
28372,upfront,Winter 2023,W23,2023,Consumer,top
28372,upfront,Winter 2023,W23,2023,Home and Personal,child
28418,vaero,Winter 2023,W23,2023,Consumer,top
27926,variance,Winter 2023,W23,2023,B2B,top
27926,variance,Winter 2023,W23,2023,Security,child
28178,vector,Winter 2023,W23,2023,B2B,top
28178,vector,Winter 2023,W23,2023,Marketing,child
28115,vellum,Winter 2023,W23,2023,B2B,top
28115,vellum,Winter 2023,W23,2023,"Engineering, Product and Design",child
27882,velos,Winter 2023,W23,2023,B2B,top
27882,velos,Winter 2023,W23,2023,Operations,child
27969,vendah,Winter 2023,W23,2023,Consumer,top
28366,vendora,Winter 2023,W23,2023,B2B,top
28366,vendora,Winter 2023,W23,2023,Retail,child
28162,verata,Winter 2023,W23,2023,B2B,top
27774,versive,Winter 2023,W23,2023,B2B,top
27774,versive,Winter 2023,W23,2023,"Engineering, Product and Design",child
27683,versori,Winter 2023,W23,2023,B2B,top
27683,versori,Winter 2023,W23,2023,Infrastructure,child
27698,viddy,Winter 2023,W23,2023,B2B,top
27959,vitalize,Winter 2023,W23,2023,Healthcare,top
28118,vocode,Winter 2023,W23,2023,B2B,top
27827,vooma,Winter 2023,W23,2023,B2B,top
27827,vooma,Winter 2023,W23,2023,Supply Chain and Logistics,child
28116,wallbit,Winter 2023,W23,2023,Fintech,top
28116,wallbit,Winter 2023,W23,2023,Banking and Exchange,child
28369,warp,Winter 2023,W23,2023,B2B,top
28088,waza,Winter 2023,W23,2023,Fintech,top
28088,waza,Winter 2023,W23,2023,Payments,child
27890,wild-moose,Winter 2023,W23,2023,B2B,top
27890,wild-moose,Winter 2023,W23,2023,"Engineering, Product and Design",child
28417,yuma-ai,Winter 2023,W23,2023,B2B,top
28417,yuma-ai,Winter 2023,W23,2023,Operations,child
27807,zerodev,Winter 2023,W23,2023,B2B,top
27807,zerodev,Winter 2023,W23,2023,Infrastructure,child
27869,co-dev,Winter 2023,W23,2023,B2B,top
27869,co-dev,Winter 2023,W23,2023,"Engineering, Product and Design",child
27857,coil-inc,Winter 2023,W23,2023,Consumer,top
27935,compliant-llm,Winter 2023,W23,2023,B2B,top
27935,compliant-llm,Winter 2023,W23,2023,Security,child
28141,highlight-io,Winter 2023,W23,2023,B2B,top
28141,highlight-io,Winter 2023,W23,2023,"Engineering, Product and Design",child
28019,inbuild,Winter 2023,W23,2023,B2B,top
27820,infranew,Winter 2023,W23,2023,B2B,top
27820,infranew,Winter 2023,W23,2023,Infrastructure,child
27817,loopfour,Winter 2023,W23,2023,Fintech,top
28415,moonrepo,Winter 2023,W23,2023,B2B,top
28415,moonrepo,Winter 2023,W23,2023,Productivity,child
27964,nunu-ai,Winter 2023,W23,2023,Consumer,top
27964,nunu-ai,Winter 2023,W23,2023,Gaming,child
28114,rex-fit,Winter 2023,W23,2023,Consumer,top
27679,rift,Winter 2023,W23,2023,B2B,top
27679,rift,Winter 2023,W23,2023,Sales,child
27492,zudowork,Winter 2023,W23,2023,B2B,top
27492,zudowork,Winter 2023,W23,2023,Operations,child
28792,aivideo-com,Summer 2023,S23,2023,B2B,top
28786,accend,Summer 2023,S23,2023,Fintech,top
29106,affinity,Summer 2023,S23,2023,B2B,top
28932,agentcollect,Summer 2023,S23,2023,Fintech,top
28933,aglide,Summer 2023,S23,2023,B2B,top
29110,aisdr,Summer 2023,S23,2023,B2B,top
29110,aisdr,Summer 2023,S23,2023,Sales,child
28827,airgoods,Summer 2023,S23,2023,B2B,top
28827,airgoods,Summer 2023,S23,2023,Retail,child
28844,alguna,Summer 2023,S23,2023,B2B,top
28844,alguna,Summer 2023,S23,2023,Finance and Accounting,child
29008,andromeda-surgical,Summer 2023,S23,2023,Healthcare,top
29008,andromeda-surgical,Summer 2023,S23,2023,Medical Devices,child
28960,apoxy,Summer 2023,S23,2023,B2B,top
28960,apoxy,Summer 2023,S23,2023,Infrastructure,child
28857,arcimus,Summer 2023,S23,2023,B2B,top
28857,arcimus,Summer 2023,S23,2023,Recruiting and Talent,child
28650,artie,Summer 2023,S23,2023,B2B,top
28650,artie,Summer 2023,S23,2023,Infrastructure,child
28815,atla,Summer 2023,S23,2023,B2B,top
28998,automorphic,Summer 2023,S23,2023,B2B,top
29136,autotab,Summer 2023,S23,2023,B2B,top
29136,autotab,Summer 2023,S23,2023,Productivity,child
28999,baserun,Summer 2023,S23,2023,B2B,top
28999,baserun,Summer 2023,S23,2023,"Engineering, Product and Design",child
28804,bland-ai,Summer 2023,S23,2023,B2B,top
28804,bland-ai,Summer 2023,S23,2023,Infrastructure,child
28976,bolto,Summer 2023,S23,2023,B2B,top
28976,bolto,Summer 2023,S23,2023,Human Resources,child
28759,branch-ai,Summer 2023,S23,2023,B2B,top
28759,branch-ai,Summer 2023,S23,2023,Retail,child
28929,bretton-ai,Summer 2023,S23,2023,Fintech,top
28868,briefer,Summer 2023,S23,2023,B2B,top
28868,briefer,Summer 2023,S23,2023,"Engineering, Product and Design",child
28851,bronco-ai,Summer 2023,S23,2023,B2B,top
28851,bronco-ai,Summer 2023,S23,2023,"Engineering, Product and Design",child
28836,heysol,Summer 2023,S23,2023,B2B,top
28836,heysol,Summer 2023,S23,2023,Productivity,child
29088,cair-health,Summer 2023,S23,2023,Healthcare,top
29088,cair-health,Summer 2023,S23,2023,Healthcare IT,child
28845,campfire-2,Summer 2023,S23,2023,B2B,top
28845,campfire-2,Summer 2023,S23,2023,Finance and Accounting,child
28911,candoriq,Summer 2023,S23,2023,B2B,top
28842,capi-money,Summer 2023,S23,2023,Fintech,top
28842,capi-money,Summer 2023,S23,2023,Payments,child
28886,cardinal-gray,Summer 2023,S23,2023,Fintech,top
28886,cardinal-gray,Summer 2023,S23,2023,Credit and Lending,child
28939,careoasis,Summer 2023,S23,2023,Healthcare,top
28939,careoasis,Summer 2023,S23,2023,Consumer Health and Wellness,child
29101,cargo,Summer 2023,S23,2023,B2B,top
29101,cargo,Summer 2023,S23,2023,Sales,child
28811,casca,Summer 2023,S23,2023,Fintech,top
29154,catamaran,Summer 2023,S23,2023,Fintech,top
29154,catamaran,Summer 2023,S23,2023,Insurance,child
29071,cedalio,Summer 2023,S23,2023,B2B,top
28812,cedana,Summer 2023,S23,2023,B2B,top
28812,cedana,Summer 2023,S23,2023,Infrastructure,child
29152,cembla,Summer 2023,S23,2023,B2B,top
29152,cembla,Summer 2023,S23,2023,Legal,child
28404,cercli,Summer 2023,S23,2023,B2B,top
29072,certainly-health,Summer 2023,S23,2023,Healthcare,top
29004,chatter,Summer 2023,S23,2023,B2B,top
29100,chequpi,Summer 2023,S23,2023,Fintech,top
28881,chow-central-inc,Summer 2023,S23,2023,Consumer,top
28881,chow-central-inc,Summer 2023,S23,2023,Food and Beverage,child
28780,clearest-health,Summer 2023,S23,2023,Healthcare,top
28780,clearest-health,Summer 2023,S23,2023,Healthcare IT,child
29153,coba,Summer 2023,S23,2023,Fintech,top
29156,codestory,Summer 2023,S23,2023,B2B,top
29156,codestory,Summer 2023,S23,2023,"Engineering, Product and Design",child
29134,cognitio-labs,Summer 2023,S23,2023,Industrials,top
29121,constructable,Summer 2023,S23,2023,Real Estate and Construction,top
29121,constructable,Summer 2023,S23,2023,Construction,child
28957,continue,Summer 2023,S23,2023,B2B,top
28957,continue,Summer 2023,S23,2023,"Engineering, Product and Design",child
28816,contour,Summer 2023,S23,2023,B2B,top
28983,converge,Summer 2023,S23,2023,B2B,top
28862,corgea,Summer 2023,S23,2023,B2B,top
28862,corgea,Summer 2023,S23,2023,Security,child
28858,craftos,Summer 2023,S23,2023,B2B,top
28858,craftos,Summer 2023,S23,2023,Retail,child
28823,craftwork,Summer 2023,S23,2023,Real Estate and Construction,top
28823,craftwork,Summer 2023,S23,2023,Construction,child
28829,datashare,Summer 2023,S23,2023,B2B,top
28829,datashare,Summer 2023,S23,2023,"Engineering, Product and Design",child
28787,deasy-labs,Summer 2023,S23,2023,B2B,top
28787,deasy-labs,Summer 2023,S23,2023,Analytics,child
28890,decoda-health,Summer 2023,S23,2023,Healthcare,top
28890,decoda-health,Summer 2023,S23,2023,Healthcare IT,child
28884,dialtone,Summer 2023,S23,2023,B2B,top
28805,diligent,Summer 2023,S23,2023,Fintech,top
28789,dioxus-labs,Summer 2023,S23,2023,B2B,top
28789,dioxus-labs,Summer 2023,S23,2023,"Engineering, Product and Design",child
29003,disputeninja,Summer 2023,S23,2023,B2B,top
28854,docsum,Summer 2023,S23,2023,B2B,top
28854,docsum,Summer 2023,S23,2023,Legal,child
29086,eden-care,Summer 2023,S23,2023,Fintech,top
29086,eden-care,Summer 2023,S23,2023,Insurance,child
28822,electric-air-2,Summer 2023,S23,2023,Real Estate and Construction,top
28822,electric-air-2,Summer 2023,S23,2023,Construction,child
28784,elyos-ai,Summer 2023,S23,2023,B2B,top
28784,elyos-ai,Summer 2023,S23,2023,Operations,child
29046,elythea,Summer 2023,S23,2023,Healthcare,top
28936,empirical-health,Summer 2023,S23,2023,Healthcare,top
28936,empirical-health,Summer 2023,S23,2023,Consumer Health and Wellness,child
28981,energent-ai,Summer 2023,S23,2023,B2B,top
29002,envelope,Summer 2023,S23,2023,Fintech,top
29002,envelope,Summer 2023,S23,2023,Consumer Finance,child
28900,epsilla,Summer 2023,S23,2023,B2B,top
28900,epsilla,Summer 2023,S23,2023,Infrastructure,child
28817,every,Summer 2023,S23,2023,B2B,top
29158,feanix-biotechnologies,Summer 2023,S23,2023,Industrials,top
29158,feanix-biotechnologies,Summer 2023,S23,2023,Agriculture,child
29074,fiber-ai,Summer 2023,S23,2023,B2B,top
28880,fleetworks,Summer 2023,S23,2023,B2B,top
28880,fleetworks,Summer 2023,S23,2023,Supply Chain and Logistics,child
29162,flex,Summer 2023,S23,2023,Fintech,top
29162,flex,Summer 2023,S23,2023,Payments,child
28982,flint-2,Summer 2023,S23,2023,Education,top
29105,flowiseai,Summer 2023,S23,2023,B2B,top
29105,flowiseai,Summer 2023,S23,2023,"Engineering, Product and Design",child
28935,fortuna-health,Summer 2023,S23,2023,Healthcare,top
28935,fortuna-health,Summer 2023,S23,2023,Healthcare IT,child
29112,foundation-2,Summer 2023,S23,2023,Real Estate and Construction,top
29112,foundation-2,Summer 2023,S23,2023,Housing and Real Estate,child
29021,fragment,Summer 2023,S23,2023,B2B,top
29021,fragment,Summer 2023,S23,2023,Operations,child
29108,giga,Summer 2023,S23,2023,B2B,top
29108,giga,Summer 2023,S23,2023,"Engineering, Product and Design",child
28938,glade,Summer 2023,S23,2023,B2B,top
28974,gleam,Summer 2023,S23,2023,B2B,top
29123,glide-2,Summer 2023,S23,2023,B2B,top
29123,glide-2,Summer 2023,S23,2023,Infrastructure,child
28838,greentally,Summer 2023,S23,2023,B2B,top
28940,guac,Summer 2023,S23,2023,B2B,top
28940,guac,Summer 2023,S23,2023,Supply Chain and Logistics,child
29069,happyrobot,Summer 2023,S23,2023,B2B,top
29069,happyrobot,Summer 2023,S23,2023,Supply Chain and Logistics,child
28869,health-harbor,Summer 2023,S23,2023,Healthcare,top
28869,health-harbor,Summer 2023,S23,2023,Healthcare IT,child
29159,healthtech-1,Summer 2023,S23,2023,Healthcare,top
29159,healthtech-1,Summer 2023,S23,2023,Healthcare IT,child
28865,hegel-ai,Summer 2023,S23,2023,B2B,top
28865,hegel-ai,Summer 2023,S23,2023,Infrastructure,child
28885,hiro,Summer 2023,S23,2023,B2B,top
28885,hiro,Summer 2023,S23,2023,Security,child
28589,hockeystack,Summer 2023,S23,2023,B2B,top
28589,hockeystack,Summer 2023,S23,2023,Sales,child
28593,hylight,Summer 2023,S23,2023,Industrials,top
28593,hylight,Summer 2023,S23,2023,Climate,child
28788,hyperbound,Summer 2023,S23,2023,B2B,top
28788,hyperbound,Summer 2023,S23,2023,Sales,child
29006,inari,Summer 2023,S23,2023,B2B,top
29006,inari,Summer 2023,S23,2023,"Engineering, Product and Design",child
29103,inconvo,Summer 2023,S23,2023,B2B,top
29103,inconvo,Summer 2023,S23,2023,"Engineering, Product and Design",child
28991,inlet-2,Summer 2023,S23,2023,B2B,top
28991,inlet-2,Summer 2023,S23,2023,Legal,child
29040,inventive-ai,Summer 2023,S23,2023,B2B,top
29040,inventive-ai,Summer 2023,S23,2023,Sales,child
28978,khoj,Summer 2023,S23,2023,Consumer,top
28707,kino-ai,Summer 2023,S23,2023,B2B,top
28707,kino-ai,Summer 2023,S23,2023,Productivity,child
29102,kips-health,Summer 2023,S23,2023,Healthcare,top
29102,kips-health,Summer 2023,S23,2023,Consumer Health and Wellness,child
28852,kite,Summer 2023,S23,2023,B2B,top
28852,kite,Summer 2023,S23,2023,Marketing,child
28971,kobalt-labs,Summer 2023,S23,2023,B2B,top
28971,kobalt-labs,Summer 2023,S23,2023,Operations,child
29041,langdock,Summer 2023,S23,2023,B2B,top
29041,langdock,Summer 2023,S23,2023,Productivity,child
28743,leafpress,Summer 2023,S23,2023,B2B,top
28956,letter-ai,Summer 2023,S23,2023,B2B,top
28956,letter-ai,Summer 2023,S23,2023,Productivity,child
29160,letterbook,Summer 2023,S23,2023,B2B,top
29160,letterbook,Summer 2023,S23,2023,Operations,child
28813,lifelike,Summer 2023,S23,2023,Consumer,top
28937,lifestylerx,Summer 2023,S23,2023,Healthcare,top
28937,lifestylerx,Summer 2023,S23,2023,Healthcare Services,child
28791,linc,Summer 2023,S23,2023,B2B,top
29089,line-build,Summer 2023,S23,2023,B2B,top
28824,lio,Summer 2023,S23,2023,B2B,top
28894,lysto,Summer 2023,S23,2023,B2B,top
28894,lysto,Summer 2023,S23,2023,Sales,child
28859,micsi,Summer 2023,S23,2023,Healthcare,top
28859,micsi,Summer 2023,S23,2023,Diagnostics,child
28795,magic-loops,Summer 2023,S23,2023,B2B,top
28899,maintouch,Summer 2023,S23,2023,B2B,top
28818,mandel-ai,Summer 2023,S23,2023,B2B,top
28818,mandel-ai,Summer 2023,S23,2023,Supply Chain and Logistics,child
28967,mantlebio,Summer 2023,S23,2023,B2B,top
28883,margin,Summer 2023,S23,2023,B2B,top
28883,margin,Summer 2023,S23,2023,Retail,child
28923,maven-bio,Summer 2023,S23,2023,B2B,top
28928,medisearch,Summer 2023,S23,2023,Healthcare,top
28928,medisearch,Summer 2023,S23,2023,Consumer Health and Wellness,child
28927,metalware,Summer 2023,S23,2023,B2B,top
28927,metalware,Summer 2023,S23,2023,Security,child
28779,metoro,Summer 2023,S23,2023,B2B,top
28779,metoro,Summer 2023,S23,2023,"Engineering, Product and Design",child
28930,midrender,Summer 2023,S23,2023,B2B,top
28930,midrender,Summer 2023,S23,2023,"Engineering, Product and Design",child
29081,minded,Summer 2023,S23,2023,B2B,top
29115,mocha,Summer 2023,S23,2023,B2B,top
29115,mocha,Summer 2023,S23,2023,Infrastructure,child
29120,morph,Summer 2023,S23,2023,B2B,top
29120,morph,Summer 2023,S23,2023,Infrastructure,child
29045,movley,Summer 2023,S23,2023,B2B,top
29045,movley,Summer 2023,S23,2023,Supply Chain and Logistics,child
29051,nanograb,Summer 2023,S23,2023,Healthcare,top
29051,nanograb,Summer 2023,S23,2023,Drug Discovery and Delivery,child
28745,nectar,Summer 2023,S23,2023,Industrials,top
28745,nectar,Summer 2023,S23,2023,Energy,child
29119,nowadays,Summer 2023,S23,2023,B2B,top
29119,nowadays,Summer 2023,S23,2023,Operations,child
28891,numen,Summer 2023,S23,2023,Healthcare,top
28891,numen,Summer 2023,S23,2023,Diagnostics,child
28853,obento-health,Summer 2023,S23,2023,Healthcare,top
28853,obento-health,Summer 2023,S23,2023,Medical Devices,child
28794,ohmic-biosciences,Summer 2023,S23,2023,Industrials,top
28794,ohmic-biosciences,Summer 2023,S23,2023,Agriculture,child
29128,olio-labs,Summer 2023,S23,2023,Healthcare,top
29128,olio-labs,Summer 2023,S23,2023,Drug Discovery and Delivery,child
29124,onward,Summer 2023,S23,2023,B2B,top
29124,onward,Summer 2023,S23,2023,Productivity,child
29187,openpipe,Summer 2023,S23,2023,B2B,top
29187,openpipe,Summer 2023,S23,2023,"Engineering, Product and Design",child
28814,opentools,Summer 2023,S23,2023,B2B,top
28814,opentools,Summer 2023,S23,2023,"Engineering, Product and Design",child
29137,opensteer,Summer 2023,S23,2023,B2B,top
28776,ora-ai,Summer 2023,S23,2023,Education,top
29157,orbio-earth,Summer 2023,S23,2023,B2B,top
29157,orbio-earth,Summer 2023,S23,2023,Analytics,child
28980,osium-ai,Summer 2023,S23,2023,B2B,top
28864,outset,Summer 2023,S23,2023,B2B,top
28864,outset,Summer 2023,S23,2023,Analytics,child
29087,paradedb,Summer 2023,S23,2023,B2B,top
28846,parea,Summer 2023,S23,2023,B2B,top
28846,parea,Summer 2023,S23,2023,Operations,child
28659,peerdb,Summer 2023,S23,2023,B2B,top
28659,peerdb,Summer 2023,S23,2023,Analytics,child
28966,pincites,Summer 2023,S23,2023,B2B,top
28966,pincites,Summer 2023,S23,2023,Legal,child
28807,pointhound,Summer 2023,S23,2023,Consumer,top
28807,pointhound,Summer 2023,S23,2023,"Travel, Leisure and Tourism",child
29005,proof-of-human,Summer 2023,S23,2023,B2B,top
29005,proof-of-human,Summer 2023,S23,2023,Security,child
28808,proprise,Summer 2023,S23,2023,Real Estate and Construction,top
28821,prosper,Summer 2023,S23,2023,B2B,top
28849,punchcard,Summer 2023,S23,2023,B2B,top
28849,punchcard,Summer 2023,S23,2023,Finance and Accounting,child
29053,pure,Summer 2023,S23,2023,Consumer,top
29085,quill-bills,Summer 2023,S23,2023,Healthcare,top
29085,quill-bills,Summer 2023,S23,2023,Healthcare IT,child
28992,rankai,Summer 2023,S23,2023,B2B,top
28992,rankai,Summer 2023,S23,2023,Marketing,child
28997,read-bean,Summer 2023,S23,2023,Consumer,top
28809,readily,Summer 2023,S23,2023,Healthcare,top
29078,recipeui,Summer 2023,S23,2023,B2B,top
29078,recipeui,Summer 2023,S23,2023,"Engineering, Product and Design",child
28799,remy,Summer 2023,S23,2023,Healthcare,top
28799,remy,Summer 2023,S23,2023,Healthcare Services,child
28882,repaint,Summer 2023,S23,2023,B2B,top
28882,repaint,Summer 2023,S23,2023,"Engineering, Product and Design",child
28830,revamp,Summer 2023,S23,2023,B2B,top
28830,revamp,Summer 2023,S23,2023,Analytics,child
28744,reworkd,Summer 2023,S23,2023,B2B,top
28958,rimward,Summer 2023,S23,2023,B2B,top
28958,rimward,Summer 2023,S23,2023,Security,child
29093,roame,Summer 2023,S23,2023,Consumer,top
29093,roame,Summer 2023,S23,2023,"Travel, Leisure and Tourism",child
28843,sid,Summer 2023,S23,2023,B2B,top
28843,sid,Summer 2023,S23,2023,"Engineering, Product and Design",child
29107,saatvy,Summer 2023,S23,2023,Healthcare,top
29107,saatvy,Summer 2023,S23,2023,Consumer Health and Wellness,child
29000,safetykit,Summer 2023,S23,2023,B2B,top
29042,sante,Summer 2023,S23,2023,B2B,top
29042,sante,Summer 2023,S23,2023,Retail,child
29019,sendblue,Summer 2023,S23,2023,B2B,top
29019,sendblue,Summer 2023,S23,2023,Sales,child
28863,serra,Summer 2023,S23,2023,B2B,top
28863,serra,Summer 2023,S23,2023,Recruiting and Talent,child
29104,shadeform,Summer 2023,S23,2023,B2B,top
29104,shadeform,Summer 2023,S23,2023,"Engineering, Product and Design",child
28867,shasta-health,Summer 2023,S23,2023,Healthcare,top
28867,shasta-health,Summer 2023,S23,2023,Healthcare Services,child
28902,sidenote,Summer 2023,S23,2023,B2B,top
28902,sidenote,Summer 2023,S23,2023,Productivity,child
29010,silimate,Summer 2023,S23,2023,B2B,top
29010,silimate,Summer 2023,S23,2023,"Engineering, Product and Design",child
29113,simbie-ai,Summer 2023,S23,2023,Healthcare,top
29146,singularity,Summer 2023,S23,2023,Industrials,top
29146,singularity,Summer 2023,S23,2023,Aviation and Space,child
28887,skyvern,Summer 2023,S23,2023,B2B,top
28887,skyvern,Summer 2023,S23,2023,Infrastructure,child
28979,slicker,Summer 2023,S23,2023,Fintech,top
28979,slicker,Summer 2023,S23,2023,Payments,child
29080,smobi,Summer 2023,S23,2023,B2B,top
29080,smobi,Summer 2023,S23,2023,Marketing,child
28802,sohar-health,Summer 2023,S23,2023,Healthcare,top
28802,sohar-health,Summer 2023,S23,2023,Healthcare IT,child
28996,sola,Summer 2023,S23,2023,B2B,top
28825,solve-intelligence,Summer 2023,S23,2023,B2B,top
28825,solve-intelligence,Summer 2023,S23,2023,Legal,child
28839,spine-ai,Summer 2023,S23,2023,B2B,top
28839,spine-ai,Summer 2023,S23,2023,"Engineering, Product and Design",child
28793,stellar-sleep,Summer 2023,S23,2023,Healthcare,top
29082,strada,Summer 2023,S23,2023,B2B,top
29118,structured-labs,Summer 2023,S23,2023,B2B,top
29118,structured-labs,Summer 2023,S23,2023,"Engineering, Product and Design",child
28969,studdy,Summer 2023,S23,2023,Education,top
28837,subsets,Summer 2023,S23,2023,B2B,top
28921,surface-labs,Summer 2023,S23,2023,B2B,top
28921,surface-labs,Summer 2023,S23,2023,Marketing,child
29013,sweep,Summer 2023,S23,2023,B2B,top
29013,sweep,Summer 2023,S23,2023,"Engineering, Product and Design",child
28796,sweetspot,Summer 2023,S23,2023,B2B,top
28796,sweetspot,Summer 2023,S23,2023,"Engineering, Product and Design",child
28835,synch,Summer 2023,S23,2023,B2B,top
28835,synch,Summer 2023,S23,2023,Sales,child
29026,syntheticfi,Summer 2023,S23,2023,Fintech,top
28826,talc,Summer 2023,S23,2023,B2B,top
28826,talc,Summer 2023,S23,2023,"Engineering, Product and Design",child
29150,tempo-2,Summer 2023,S23,2023,B2B,top
29150,tempo-2,Summer 2023,S23,2023,"Engineering, Product and Design",child
28860,terminal,Summer 2023,S23,2023,B2B,top
28860,terminal,Summer 2023,S23,2023,Supply Chain and Logistics,child
29073,terracotta-ai,Summer 2023,S23,2023,B2B,top
29073,terracotta-ai,Summer 2023,S23,2023,Infrastructure,child
29079,tiptap,Summer 2023,S23,2023,B2B,top
29079,tiptap,Summer 2023,S23,2023,"Engineering, Product and Design",child
28968,trainy,Summer 2023,S23,2023,B2B,top
29090,trayd,Summer 2023,S23,2023,B2B,top
29090,trayd,Summer 2023,S23,2023,Finance and Accounting,child
28660,tremor,Summer 2023,S23,2023,B2B,top
28660,tremor,Summer 2023,S23,2023,"Engineering, Product and Design",child
28777,twenty,Summer 2023,S23,2023,B2B,top
29117,twine,Summer 2023,S23,2023,B2B,top
29117,twine,Summer 2023,S23,2023,Sales,child
28920,unhaze,Summer 2023,S23,2023,B2B,top
28920,unhaze,Summer 2023,S23,2023,Sales,child
28926,upstream,Summer 2023,S23,2023,B2B,top
28926,upstream,Summer 2023,S23,2023,Productivity,child
28994,vango-ai,Summer 2023,S23,2023,B2B,top
28994,vango-ai,Summer 2023,S23,2023,"Engineering, Product and Design",child
28977,vaultpay,Summer 2023,S23,2023,Fintech,top
29001,vectorshift,Summer 2023,S23,2023,B2B,top
29001,vectorshift,Summer 2023,S23,2023,Finance and Accounting,child
28847,venta-ai,Summer 2023,S23,2023,B2B,top
28847,venta-ai,Summer 2023,S23,2023,Sales,child
28893,vetrec,Summer 2023,S23,2023,B2B,top
28931,vizly,Summer 2023,S23,2023,B2B,top
28931,vizly,Summer 2023,S23,2023,Analytics,child
28790,watto-ai,Summer 2023,S23,2023,B2B,top
28790,watto-ai,Summer 2023,S23,2023,Productivity,child
29122,wattson-health,Summer 2023,S23,2023,Healthcare,top
29122,wattson-health,Summer 2023,S23,2023,Healthcare IT,child
29091,webhound,Summer 2023,S23,2023,Consumer,top
28778,xeol,Summer 2023,S23,2023,B2B,top
28778,xeol,Summer 2023,S23,2023,Security,child
28486,yn,Summer 2023,S23,2023,Consumer,top
28486,yn,Summer 2023,S23,2023,Content,child
28810,zelos-cloud,Summer 2023,S23,2023,B2B,top
28810,zelos-cloud,Summer 2023,S23,2023,"Engineering, Product and Design",child
29092,dili,Summer 2023,S23,2023,B2B,top
29092,dili,Summer 2023,S23,2023,Finance and Accounting,child
28663,kapa-ai,Summer 2023,S23,2023,B2B,top
28663,kapa-ai,Summer 2023,S23,2023,Productivity,child
28907,refine,Summer 2023,S23,2023,B2B,top
28907,refine,Summer 2023,S23,2023,"Engineering, Product and Design",child
28959,sizeless,Summer 2023,S23,2023,Real Estate and Construction,top
29018,sudocode,Summer 2023,S23,2023,B2B,top
29018,sudocode,Summer 2023,S23,2023,"Engineering, Product and Design",child
29125,truemetrics,Summer 2023,S23,2023,B2B,top
29125,truemetrics,Summer 2023,S23,2023,Supply Chain and Logistics,child
29391,abel,Winter 2024,W24,2024,B2B,top
29391,abel,Winter 2024,W24,2024,Legal,child
29443,adapted,Winter 2024,W24,2024,Consumer,top
29358,aedilic,Winter 2024,W24,2024,B2B,top
29358,aedilic,Winter 2024,W24,2024,Security,child
29383,aftercare,Winter 2024,W24,2024,B2B,top
29275,agentic-labs-2,Winter 2024,W24,2024,B2B,top
29275,agentic-labs-2,Winter 2024,W24,2024,"Engineering, Product and Design",child
29272,aidy,Winter 2024,W24,2024,Healthcare,top
29272,aidy,Winter 2024,W24,2024,Consumer Health and Wellness,child
29420,alai,Winter 2024,W24,2024,B2B,top
29263,alex-com,Winter 2024,W24,2024,B2B,top
29263,alex-com,Winter 2024,W24,2024,Recruiting and Talent,child
29253,andon-labs,Winter 2024,W24,2024,B2B,top
29253,andon-labs,Winter 2024,W24,2024,"Engineering, Product and Design",child
29386,andy-ai,Winter 2024,W24,2024,Healthcare,top
29386,andy-ai,Winter 2024,W24,2024,Healthcare IT,child
29450,aqua-voice,Winter 2024,W24,2024,Consumer,top
29464,arcane,Winter 2024,W24,2024,Consumer,top
29267,argon-ai-inc,Winter 2024,W24,2024,Healthcare,top
29288,arini,Winter 2024,W24,2024,Healthcare,top
29288,arini,Winter 2024,W24,2024,Healthcare IT,child
29295,artisan,Winter 2024,W24,2024,B2B,top
29411,artos,Winter 2024,W24,2024,B2B,top
29369,astro-mechanica,Winter 2024,W24,2024,Industrials,top
29369,astro-mechanica,Winter 2024,W24,2024,Aviation and Space,child
29315,attunement,Winter 2024,W24,2024,Healthcare,top
29284,averyiq,Winter 2024,W24,2024,Real Estate and Construction,top
29284,averyiq,Winter 2024,W24,2024,Housing and Real Estate,child
29277,basalt,Winter 2024,W24,2024,Industrials,top
29277,basalt,Winter 2024,W24,2024,Aviation and Space,child
29451,basepilot,Winter 2024,W24,2024,B2B,top
29451,basepilot,Winter 2024,W24,2024,Productivity,child
29409,betterbasket,Winter 2024,W24,2024,B2B,top
29409,betterbasket,Winter 2024,W24,2024,Analytics,child
29373,bilanc,Winter 2024,W24,2024,B2B,top
29373,bilanc,Winter 2024,W24,2024,"Engineering, Product and Design",child
29430,bitesight,Winter 2024,W24,2024,Consumer,top
29430,bitesight,Winter 2024,W24,2024,Social,child
29509,blacksmith,Winter 2024,W24,2024,B2B,top
29509,blacksmith,Winter 2024,W24,2024,Infrastructure,child
29307,blume-benefits,Winter 2024,W24,2024,Fintech,top
29307,blume-benefits,Winter 2024,W24,2024,Insurance,child
29417,brainbase-labs,Winter 2024,W24,2024,B2B,top
29281,breez-labs,Winter 2024,W24,2024,B2B,top
29281,breez-labs,Winter 2024,W24,2024,Infrastructure,child
29370,browser-buddy,Winter 2024,W24,2024,Consumer,top
29370,browser-buddy,Winter 2024,W24,2024,Content,child
29376,carma,Winter 2024,W24,2024,B2B,top
29376,carma,Winter 2024,W24,2024,Operations,child
29276,carousel-technologies,Winter 2024,W24,2024,B2B,top
29276,carousel-technologies,Winter 2024,W24,2024,Finance and Accounting,child
29320,celest,Winter 2024,W24,2024,B2B,top
29320,celest,Winter 2024,W24,2024,Infrastructure,child
29399,centauri-ai,Winter 2024,W24,2024,B2B,top
29356,centralize,Winter 2024,W24,2024,B2B,top
29356,centralize,Winter 2024,W24,2024,Sales,child
29408,circleback,Winter 2024,W24,2024,B2B,top
29408,circleback,Winter 2024,W24,2024,Productivity,child
29339,clarion,Winter 2024,W24,2024,Healthcare,top
29339,clarion,Winter 2024,W24,2024,Healthcare IT,child
29395,clarum,Winter 2024,W24,2024,B2B,top
29395,clarum,Winter 2024,W24,2024,Finance and Accounting,child
29414,cleva,Winter 2024,W24,2024,Fintech,top
29317,cloudcruise,Winter 2024,W24,2024,B2B,top
29481,cocrafter,Winter 2024,W24,2024,Real Estate and Construction,top
29481,cocrafter,Winter 2024,W24,2024,Construction,child
29368,codeant-ai,Winter 2024,W24,2024,B2B,top
29368,codeant-ai,Winter 2024,W24,2024,"Engineering, Product and Design",child
29455,commodityai,Winter 2024,W24,2024,B2B,top
29455,commodityai,Winter 2024,W24,2024,Operations,child
29380,conduit-ai,Winter 2024,W24,2024,B2B,top
29338,consul,Winter 2024,W24,2024,Fintech,top
29338,consul,Winter 2024,W24,2024,Payments,child
29306,copper-health,Winter 2024,W24,2024,Healthcare,top
29306,copper-health,Winter 2024,W24,2024,Healthcare IT,child
29207,cora,Winter 2024,W24,2024,Consumer,top
29508,crowdvolt,Winter 2024,W24,2024,Consumer,top
29271,dgi-apparel,Winter 2024,W24,2024,B2B,top
29271,dgi-apparel,Winter 2024,W24,2024,Supply Chain and Logistics,child
29457,datacurve,Winter 2024,W24,2024,B2B,top
29334,decipher-ai,Winter 2024,W24,2024,B2B,top
29334,decipher-ai,Winter 2024,W24,2024,"Engineering, Product and Design",child
29422,deep24,Winter 2024,W24,2024,Education,top
29447,deepnight,Winter 2024,W24,2024,Industrials,top
29447,deepnight,Winter 2024,W24,2024,Defense,child
29404,diana,Winter 2024,W24,2024,B2B,top
29364,dime-2,Winter 2024,W24,2024,B2B,top
29436,downlink,Winter 2024,W24,2024,B2B,top
29436,downlink,Winter 2024,W24,2024,Infrastructure,child
29367,draftaid,Winter 2024,W24,2024,B2B,top
29367,draftaid,Winter 2024,W24,2024,"Engineering, Product and Design",child
29503,dragoneye,Winter 2024,W24,2024,B2B,top
29503,dragoneye,Winter 2024,W24,2024,"Engineering, Product and Design",child
29179,driver,Winter 2024,W24,2024,B2B,top
29518,dropback,Winter 2024,W24,2024,Fintech,top
29184,drymerge,Winter 2024,W24,2024,B2B,top
29238,duckie,Winter 2024,W24,2024,B2B,top
29238,duckie,Winter 2024,W24,2024,"Engineering, Product and Design",child
29299,ecliptor,Winter 2024,W24,2024,B2B,top
29299,ecliptor,Winter 2024,W24,2024,Sales,child
29396,edgetrace,Winter 2024,W24,2024,B2B,top
29297,eggnog,Winter 2024,W24,2024,Consumer,top
29365,ellipsis,Winter 2024,W24,2024,B2B,top
29365,ellipsis,Winter 2024,W24,2024,"Engineering, Product and Design",child
29381,elodin,Winter 2024,W24,2024,Industrials,top
29381,elodin,Winter 2024,W24,2024,Aviation and Space,child
29311,engines,Winter 2024,W24,2024,B2B,top
29311,engines,Winter 2024,W24,2024,Infrastructure,child
29470,eris-biotech,Winter 2024,W24,2024,Healthcare,top
29470,eris-biotech,Winter 2024,W24,2024,Therapeutics,child
29181,event-horizon-labs,Winter 2024,W24,2024,Fintech,top
29181,event-horizon-labs,Winter 2024,W24,2024,Asset Management,child
29350,feldy,Winter 2024,W24,2024,B2B,top
29350,feldy,Winter 2024,W24,2024,"Engineering, Product and Design",child
29449,fileforge,Winter 2024,W24,2024,B2B,top
29449,fileforge,Winter 2024,W24,2024,"Engineering, Product and Design",child
29352,firebender,Winter 2024,W24,2024,B2B,top
29352,firebender,Winter 2024,W24,2024,"Engineering, Product and Design",child
29452,fluently,Winter 2024,W24,2024,Consumer,top
29416,focal,Winter 2024,W24,2024,Consumer,top
29416,focal,Winter 2024,W24,2024,Content,child
29499,forge,Winter 2024,W24,2024,B2B,top
29499,forge,Winter 2024,W24,2024,Supply Chain and Logistics,child
29519,forge-rewards,Winter 2024,W24,2024,B2B,top
29274,fractal-labs,Winter 2024,W24,2024,Consumer,top
29290,furtherai,Winter 2024,W24,2024,B2B,top
29269,garage-2,Winter 2024,W24,2024,B2B,top
29513,getcrux,Winter 2024,W24,2024,B2B,top
29513,getcrux,Winter 2024,W24,2024,Analytics,child
29415,givefront,Winter 2024,W24,2024,Fintech,top
29415,givefront,Winter 2024,W24,2024,Banking and Exchange,child
29322,glimmer,Winter 2024,W24,2024,B2B,top
29341,gloglo,Winter 2024,W24,2024,Consumer,top
28896,governgpt,Winter 2024,W24,2024,Fintech,top
29485,granza-bio,Winter 2024,W24,2024,Healthcare,top
29485,granza-bio,Winter 2024,W24,2024,Therapeutics,child
29298,greenboard,Winter 2024,W24,2024,Fintech,top
29226,greptile,Winter 2024,W24,2024,B2B,top
29226,greptile,Winter 2024,W24,2024,"Engineering, Product and Design",child
29328,guide-labs,Winter 2024,W24,2024,B2B,top
29328,guide-labs,Winter 2024,W24,2024,Infrastructure,child
29180,gumloop,Winter 2024,W24,2024,B2B,top
29484,haplotype-labs,Winter 2024,W24,2024,Healthcare,top
29484,haplotype-labs,Winter 2024,W24,2024,Diagnostics,child
29233,happenstance,Winter 2024,W24,2024,Consumer,top
29433,hatchet-run,Winter 2024,W24,2024,B2B,top
29433,hatchet-run,Winter 2024,W24,2024,Infrastructure,child
29385,hazel-2,Winter 2024,W24,2024,Government,top
29483,healia,Winter 2024,W24,2024,Fintech,top
29483,healia,Winter 2024,W24,2024,Insurance,child
29403,heartbyte,Winter 2024,W24,2024,Consumer,top
29403,heartbyte,Winter 2024,W24,2024,Content,child
29342,inquery-2,Winter 2024,W24,2024,Healthcare,top
29342,inquery-2,Winter 2024,W24,2024,Healthcare IT,child
29533,indemni,Winter 2024,W24,2024,B2B,top
29533,indemni,Winter 2024,W24,2024,Supply Chain and Logistics,child
29343,infinity,Winter 2024,W24,2024,Fintech,top
29343,infinity,Winter 2024,W24,2024,Payments,child
29511,inspectmind-ai,Winter 2024,W24,2024,Real Estate and Construction,top
29511,inspectmind-ai,Winter 2024,W24,2024,Construction,child
29498,integuru,Winter 2024,W24,2024,B2B,top
29498,integuru,Winter 2024,W24,2024,"Engineering, Product and Design",child
29476,junction-bioscience,Winter 2024,W24,2024,Healthcare,top
29476,junction-bioscience,Winter 2024,W24,2024,Therapeutics,child
29407,justai,Winter 2024,W24,2024,B2B,top
29407,justai,Winter 2024,W24,2024,Marketing,child
29523,k-scale-labs,Winter 2024,W24,2024,Consumer,top
29523,k-scale-labs,Winter 2024,W24,2024,Consumer Electronics,child
29245,kabilah,Winter 2024,W24,2024,Healthcare,top
29270,keystroke,Winter 2024,W24,2024,B2B,top
29270,keystroke,Winter 2024,W24,2024,Analytics,child
29178,lantern-2,Winter 2024,W24,2024,B2B,top
29501,latted,Winter 2024,W24,2024,B2B,top
29501,latted,Winter 2024,W24,2024,"Engineering, Product and Design",child
29278,leaping,Winter 2024,W24,2024,B2B,top
29278,leaping,Winter 2024,W24,2024,"Engineering, Product and Design",child
29201,legora,Winter 2024,W24,2024,B2B,top
29201,legora,Winter 2024,W24,2024,Legal,child
29333,lemonslice,Winter 2024,W24,2024,B2B,top
29314,lucite,Winter 2024,W24,2024,B2B,top
29419,lumetric,Winter 2024,W24,2024,B2B,top
29459,lumona,Winter 2024,W24,2024,Consumer,top
29461,magic-hour,Winter 2024,W24,2024,Consumer,top
29461,magic-hour,Winter 2024,W24,2024,Content,child
29252,maia,Winter 2024,W24,2024,Healthcare,top
29252,maia,Winter 2024,W24,2024,Consumer Health and Wellness,child
29268,mango-health,Winter 2024,W24,2024,Healthcare,top
29397,manifold-freight,Winter 2024,W24,2024,B2B,top
29397,manifold-freight,Winter 2024,W24,2024,Supply Chain and Logistics,child
29456,marblism,Winter 2024,W24,2024,B2B,top
29456,marblism,Winter 2024,W24,2024,"Engineering, Product and Design",child
29522,marr-labs,Winter 2024,W24,2024,B2B,top
29506,mathos,Winter 2024,W24,2024,Education,top
29319,meticulate,Winter 2024,W24,2024,B2B,top
29366,metofico,Winter 2024,W24,2024,B2B,top
29366,metofico,Winter 2024,W24,2024,"Engineering, Product and Design",child
29453,miden,Winter 2024,W24,2024,Fintech,top
29516,million,Winter 2024,W24,2024,B2B,top
29516,million,Winter 2024,W24,2024,"Engineering, Product and Design",child
29410,model-ml,Winter 2024,W24,2024,B2B,top
29256,momentic,Winter 2024,W24,2024,B2B,top
29256,momentic,Winter 2024,W24,2024,"Engineering, Product and Design",child
29326,monumint,Winter 2024,W24,2024,B2B,top
29355,nanocorp,Winter 2024,W24,2024,Consumer,top
29183,navier-ai,Winter 2024,W24,2024,Industrials,top
29183,navier-ai,Winter 2024,W24,2024,Aviation and Space,child
29259,newton,Winter 2024,W24,2024,B2B,top
29249,nuanced,Winter 2024,W24,2024,Consumer,top
29294,octolane-ai,Winter 2024,W24,2024,B2B,top
29294,octolane-ai,Winter 2024,W24,2024,Sales,child
29442,ocular-ai,Winter 2024,W24,2024,B2B,top
29473,oddsview,Winter 2024,W24,2024,Consumer,top
29390,offdeal,Winter 2024,W24,2024,B2B,top
29413,oma-care,Winter 2024,W24,2024,Healthcare,top
29413,oma-care,Winter 2024,W24,2024,Healthcare Services,child
29312,onegrep,Winter 2024,W24,2024,B2B,top
29312,onegrep,Winter 2024,W24,2024,"Engineering, Product and Design",child
29177,onyx,Winter 2024,W24,2024,B2B,top
29177,onyx,Winter 2024,W24,2024,Productivity,child
29360,open,Winter 2024,W24,2024,B2B,top
29360,open,Winter 2024,W24,2024,"Engineering, Product and Design",child
29466,openfoundry,Winter 2024,W24,2024,B2B,top
29466,openfoundry,Winter 2024,W24,2024,"Engineering, Product and Design",child
29394,opencall,Winter 2024,W24,2024,B2B,top
29424,openmart,Winter 2024,W24,2024,B2B,top
29345,pandasai,Winter 2024,W24,2024,B2B,top
29345,pandasai,Winter 2024,W24,2024,Analytics,child
29303,panelytic,Winter 2024,W24,2024,Fintech,top
29287,paradigm,Winter 2024,W24,2024,B2B,top
29348,parallel,Winter 2024,W24,2024,Healthcare,top
29348,parallel,Winter 2024,W24,2024,Healthcare IT,child
29527,parcelbio,Winter 2024,W24,2024,Healthcare,top
29527,parcelbio,Winter 2024,W24,2024,Therapeutics,child
29309,partnerhq,Winter 2024,W24,2024,B2B,top
29309,partnerhq,Winter 2024,W24,2024,Sales,child
29285,patchwork,Winter 2024,W24,2024,B2B,top
29285,patchwork,Winter 2024,W24,2024,Productivity,child
29362,pazi,Winter 2024,W24,2024,B2B,top
29362,pazi,Winter 2024,W24,2024,"Engineering, Product and Design",child
29463,penciled,Winter 2024,W24,2024,Healthcare,top
29463,penciled,Winter 2024,W24,2024,Healthcare IT,child
29477,piramidal,Winter 2024,W24,2024,Healthcare,top
29273,pivot-robotics,Winter 2024,W24,2024,Industrials,top
29273,pivot-robotics,Winter 2024,W24,2024,Manufacturing and Robotics,child
29286,pointone,Winter 2024,W24,2024,B2B,top
29286,pointone,Winter 2024,W24,2024,Infrastructure,child
29465,polar,Winter 2024,W24,2024,Fintech,top
29465,polar,Winter 2024,W24,2024,Consumer Finance,child
29332,polished,Winter 2024,W24,2024,B2B,top
29332,polished,Winter 2024,W24,2024,"Engineering, Product and Design",child
29467,powder,Winter 2024,W24,2024,Fintech,top
29467,powder,Winter 2024,W24,2024,Asset Management,child
29247,precip,Winter 2024,W24,2024,B2B,top
29375,preloop,Winter 2024,W24,2024,B2B,top
29375,preloop,Winter 2024,W24,2024,"Engineering, Product and Design",child
29265,pretzel-ai,Winter 2024,W24,2024,B2B,top
29265,pretzel-ai,Winter 2024,W24,2024,"Engineering, Product and Design",child
29398,prosights,Winter 2024,W24,2024,B2B,top
29398,prosights,Winter 2024,W24,2024,Operations,child
29324,promptarmor,Winter 2024,W24,2024,B2B,top
29324,promptarmor,Winter 2024,W24,2024,Security,child
29260,quary,Winter 2024,W24,2024,B2B,top
29260,quary,Winter 2024,W24,2024,Analytics,child
29504,quivr,Winter 2024,W24,2024,B2B,top
29504,quivr,Winter 2024,W24,2024,Productivity,child
29291,roe,Winter 2024,W24,2024,B2B,top
29291,roe,Winter 2024,W24,2024,Infrastructure,child
29189,radmate-ai,Winter 2024,W24,2024,Healthcare,top
29401,raindrop,Winter 2024,W24,2024,B2B,top
29401,raindrop,Winter 2024,W24,2024,"Engineering, Product and Design",child
29254,reducto,Winter 2024,W24,2024,B2B,top
29254,reducto,Winter 2024,W24,2024,"Engineering, Product and Design",child
29478,reform,Winter 2024,W24,2024,B2B,top
29478,reform,Winter 2024,W24,2024,Supply Chain and Logistics,child
29185,relari,Winter 2024,W24,2024,Industrials,top
29185,relari,Winter 2024,W24,2024,Manufacturing and Robotics,child
29512,reprompt,Winter 2024,W24,2024,B2B,top
29512,reprompt,Winter 2024,W24,2024,"Engineering, Product and Design",child
29353,resonance,Winter 2024,W24,2024,B2B,top
29353,resonance,Winter 2024,W24,2024,Marketing,child
29325,respan,Winter 2024,W24,2024,B2B,top
29325,respan,Winter 2024,W24,2024,Infrastructure,child
29517,retailready,Winter 2024,W24,2024,B2B,top
29517,retailready,Winter 2024,W24,2024,Supply Chain and Logistics,child
29441,retell-ai,Winter 2024,W24,2024,B2B,top
29405,risotto,Winter 2024,W24,2024,B2B,top
29405,risotto,Winter 2024,W24,2024,Operations,child
29440,rove,Winter 2024,W24,2024,Consumer,top
29440,rove,Winter 2024,W24,2024,"Travel, Leisure and Tourism",child
29460,ryse,Winter 2024,W24,2024,B2B,top
29258,saga-ai,Winter 2024,W24,2024,B2B,top
29258,saga-ai,Winter 2024,W24,2024,Operations,child
29372,sagaland,Winter 2024,W24,2024,Consumer,top
29357,salvy,Winter 2024,W24,2024,B2B,top
29357,salvy,Winter 2024,W24,2024,Operations,child
29418,sample,Winter 2024,W24,2024,Healthcare,top
29418,sample,Winter 2024,W24,2024,Healthcare IT,child
29336,cpgscout,Winter 2024,W24,2024,B2B,top
29336,cpgscout,Winter 2024,W24,2024,Retail,child
29196,scritch,Winter 2024,W24,2024,Healthcare,top
29313,selera-medical,Winter 2024,W24,2024,Healthcare,top
29313,selera-medical,Winter 2024,W24,2024,Medical Devices,child
29471,senso,Winter 2024,W24,2024,B2B,top
29432,shepherd-2,Winter 2024,W24,2024,Education,top
29384,shiboleth,Winter 2024,W24,2024,B2B,top
29384,shiboleth,Winter 2024,W24,2024,Security,child
29472,silogy,Winter 2024,W24,2024,B2B,top
29472,silogy,Winter 2024,W24,2024,"Engineering, Product and Design",child
29363,solari-ai,Winter 2024,W24,2024,B2B,top
29363,solari-ai,Winter 2024,W24,2024,"Engineering, Product and Design",child
29431,sonauto,Winter 2024,W24,2024,Consumer,top
29431,sonauto,Winter 2024,W24,2024,Content,child
29244,sonia,Winter 2024,W24,2024,Healthcare,top
29244,sonia,Winter 2024,W24,2024,Consumer Health and Wellness,child
29382,soundry-ai,Winter 2024,W24,2024,Consumer,top
29382,soundry-ai,Winter 2024,W24,2024,Content,child
29438,spark,Winter 2024,W24,2024,B2B,top
29330,speck,Winter 2024,W24,2024,B2B,top
29330,speck,Winter 2024,W24,2024,Productivity,child
29434,stacksync,Winter 2024,W24,2024,B2B,top
29434,stacksync,Winter 2024,W24,2024,"Engineering, Product and Design",child
29318,starjar,Winter 2024,W24,2024,B2B,top
29206,stitch-technologies,Winter 2024,W24,2024,B2B,top
29206,stitch-technologies,Winter 2024,W24,2024,"Engineering, Product and Design",child
29374,superagent,Winter 2024,W24,2024,B2B,top
29374,superagent,Winter 2024,W24,2024,Security,child
29293,suretynow,Winter 2024,W24,2024,Fintech,top
29293,suretynow,Winter 2024,W24,2024,Insurance,child
29305,synsorybio,Winter 2024,W24,2024,Healthcare,top
29305,synsorybio,Winter 2024,W24,2024,Therapeutics,child
29340,tamarind-bio,Winter 2024,W24,2024,B2B,top
29241,tekton-dynamics,Winter 2024,W24,2024,Industrials,top
29241,tekton-dynamics,Winter 2024,W24,2024,Manufacturing and Robotics,child
29435,terrakotta,Winter 2024,W24,2024,B2B,top
29435,terrakotta,Winter 2024,W24,2024,Sales,child
29186,tesseral,Winter 2024,W24,2024,B2B,top
29500,the-new-money-company,Winter 2024,W24,2024,Fintech,top
29500,the-new-money-company,Winter 2024,W24,2024,Payments,child
29421,thorntale,Winter 2024,W24,2024,B2B,top
29421,thorntale,Winter 2024,W24,2024,Productivity,child
29377,toma,Winter 2024,W24,2024,B2B,top
29377,toma,Winter 2024,W24,2024,Operations,child
29335,toolify,Winter 2024,W24,2024,B2B,top
29335,toolify,Winter 2024,W24,2024,"Engineering, Product and Design",child
29301,topo,Winter 2024,W24,2024,B2B,top
29301,topo,Winter 2024,W24,2024,Sales,child
29505,tower,Winter 2024,W24,2024,B2B,top
29505,tower,Winter 2024,W24,2024,Legal,child
29246,tracecat,Winter 2024,W24,2024,B2B,top
29246,tracecat,Winter 2024,W24,2024,Security,child
29300,trellis-ai,Winter 2024,W24,2024,B2B,top
29379,trieve,Winter 2024,W24,2024,B2B,top
29379,trieve,Winter 2024,W24,2024,Infrastructure,child
29423,triply,Winter 2024,W24,2024,B2B,top
29423,triply,Winter 2024,W24,2024,Operations,child
29482,trueclaim,Winter 2024,W24,2024,Healthcare,top
29257,tuesday-labs,Winter 2024,W24,2024,Consumer,top
29257,tuesday-labs,Winter 2024,W24,2024,Consumer Electronics,child
29310,tusk,Winter 2024,W24,2024,B2B,top
29310,tusk,Winter 2024,W24,2024,"Engineering, Product and Design",child
29231,ubicloud,Winter 2024,W24,2024,B2B,top
29231,ubicloud,Winter 2024,W24,2024,Infrastructure,child
29182,upsolve-ai,Winter 2024,W24,2024,B2B,top
29182,upsolve-ai,Winter 2024,W24,2024,Analytics,child
29454,veles,Winter 2024,W24,2024,B2B,top
29454,veles,Winter 2024,W24,2024,Sales,child
29429,velorum-therapeutics,Winter 2024,W24,2024,Healthcare,top
29429,velorum-therapeutics,Winter 2024,W24,2024,Therapeutics,child
29302,verse-therapy,Winter 2024,W24,2024,Healthcare,top
29302,verse-therapy,Winter 2024,W24,2024,Healthcare IT,child
29347,vibrant-labs,Winter 2024,W24,2024,B2B,top
29347,vibrant-labs,Winter 2024,W24,2024,Infrastructure,child
29444,vista-power,Winter 2024,W24,2024,Industrials,top
29444,vista-power,Winter 2024,W24,2024,Energy,child
29393,voicepanel,Winter 2024,W24,2024,B2B,top
29393,voicepanel,Winter 2024,W24,2024,Analytics,child
29496,voxops-ai,Winter 2024,W24,2024,B2B,top
29283,wavelength,Winter 2024,W24,2024,B2B,top
29283,wavelength,Winter 2024,W24,2024,Operations,child
29378,whip,Winter 2024,W24,2024,Consumer,top
29378,whip,Winter 2024,W24,2024,Social,child
29361,wuri,Winter 2024,W24,2024,Consumer,top
29361,wuri,Winter 2024,W24,2024,Content,child
29510,yarn-2,Winter 2024,W24,2024,B2B,top
28965,yenmo,Winter 2024,W24,2024,Fintech,top
28965,yenmo,Winter 2024,W24,2024,Credit and Lending,child
29402,yondu,Winter 2024,W24,2024,Industrials,top
29402,yondu,Winter 2024,W24,2024,Manufacturing and Robotics,child
29304,yoneda-labs,Winter 2024,W24,2024,B2B,top
29323,zaymo,Winter 2024,W24,2024,B2B,top
29323,zaymo,Winter 2024,W24,2024,Marketing,child
29425,zep-ai,Winter 2024,W24,2024,B2B,top
29308,atopile,Winter 2024,W24,2024,B2B,top
29308,atopile,Winter 2024,W24,2024,"Engineering, Product and Design",child
29439,camelai,Winter 2024,W24,2024,B2B,top
29439,camelai,Winter 2024,W24,2024,"Engineering, Product and Design",child
29354,crmcopilot,Winter 2024,W24,2024,B2B,top
29354,crmcopilot,Winter 2024,W24,2024,Sales,child
29205,ego,Winter 2024,W24,2024,Consumer,top
29400,floatingpoint,Winter 2024,W24,2024,B2B,top
29239,ion-design,Winter 2024,W24,2024,B2B,top
29239,ion-design,Winter 2024,W24,2024,"Engineering, Product and Design",child
29507,kater-ai,Winter 2024,W24,2024,B2B,top
29507,kater-ai,Winter 2024,W24,2024,Analytics,child
29261,malibou,Winter 2024,W24,2024,B2B,top
29261,malibou,Winter 2024,W24,2024,Human Resources,child
29266,ncompass-technologies,Winter 2024,W24,2024,B2B,top
29266,ncompass-technologies,Winter 2024,W24,2024,"Engineering, Product and Design",child
29502,renderlet,Winter 2024,W24,2024,B2B,top
29502,renderlet,Winter 2024,W24,2024,"Engineering, Product and Design",child
29346,sync-2,Winter 2024,W24,2024,B2B,top
29448,xpay,Winter 2024,W24,2024,Fintech,top
29448,xpay,Winter 2024,W24,2024,Payments,child
29798,ai-2,Summer 2024,S24,2024,B2B,top
29798,ai-2,Summer 2024,S24,2024,Legal,child
29733,1849-bio,Summer 2024,S24,2024,Industrials,top
29406,acx,Summer 2024,S24,2024,Healthcare,top
29406,acx,Summer 2024,S24,2024,Industrial Bio,child
29558,abel-police,Summer 2024,S24,2024,Government,top
29972,affil-ai,Summer 2024,S24,2024,B2B,top
29972,affil-ai,Summer 2024,S24,2024,Marketing,child
29723,aluna,Summer 2024,S24,2024,B2B,top
29723,aluna,Summer 2024,S24,2024,"Engineering, Product and Design",child
29694,aminoanalytica,Summer 2024,S24,2024,Healthcare,top
29694,aminoanalytica,Summer 2024,S24,2024,Diagnostics,child
29738,anara,Summer 2024,S24,2024,B2B,top
29738,anara,Summer 2024,S24,2024,Productivity,child
29957,anglera,Summer 2024,S24,2024,B2B,top
29957,anglera,Summer 2024,S24,2024,Retail,child
29713,anthrogen,Summer 2024,S24,2024,Healthcare,top
29571,apten,Summer 2024,S24,2024,B2B,top
29571,apten,Summer 2024,S24,2024,Marketing,child
29680,ares-industries,Summer 2024,S24,2024,Industrials,top
29680,ares-industries,Summer 2024,S24,2024,Aviation and Space,child
29813,argil,Summer 2024,S24,2024,Consumer,top
29973,arva-ai,Summer 2024,S24,2024,B2B,top
29824,assembly-hoa,Summer 2024,S24,2024,Real Estate and Construction,top
29824,assembly-hoa,Summer 2024,S24,2024,Housing and Real Estate,child
29698,autopallet-robotics,Summer 2024,S24,2024,Industrials,top
29698,autopallet-robotics,Summer 2024,S24,2024,Manufacturing and Robotics,child
29753,autumn-labs,Summer 2024,S24,2024,Industrials,top
29753,autumn-labs,Summer 2024,S24,2024,Manufacturing and Robotics,child
29657,azalea-robotics-corporation,Summer 2024,S24,2024,Industrials,top
29657,azalea-robotics-corporation,Summer 2024,S24,2024,Manufacturing and Robotics,child
29794,baseline-ai,Summer 2024,S24,2024,Healthcare,top
29794,baseline-ai,Summer 2024,S24,2024,Healthcare IT,child
29636,bayesline,Summer 2024,S24,2024,Fintech,top
29636,bayesline,Summer 2024,S24,2024,Asset Management,child
29758,beebettor,Summer 2024,S24,2024,Consumer,top
29758,beebettor,Summer 2024,S24,2024,Gaming,child
29712,benchify,Summer 2024,S24,2024,B2B,top
29749,biocartesian,Summer 2024,S24,2024,Healthcare,top
29749,biocartesian,Summer 2024,S24,2024,Drug Discovery and Delivery,child
29982,bits-to-atoms,Summer 2024,S24,2024,Consumer,top
29982,bits-to-atoms,Summer 2024,S24,2024,Job and Career Services,child
29840,blaze-2,Summer 2024,S24,2024,Fintech,top
29840,blaze-2,Summer 2024,S24,2024,Payments,child
29810,bluedoor,Summer 2024,S24,2024,B2B,top
29810,bluedoor,Summer 2024,S24,2024,Infrastructure,child
29775,brighterway,Summer 2024,S24,2024,Healthcare,top
29775,brighterway,Summer 2024,S24,2024,Healthcare IT,child
29955,browseros,Summer 2024,S24,2024,Consumer,top
29847,bucket-robotics,Summer 2024,S24,2024,Industrials,top
29847,bucket-robotics,Summer 2024,S24,2024,Manufacturing and Robotics,child
29639,callback,Summer 2024,S24,2024,B2B,top
29639,callback,Summer 2024,S24,2024,Operations,child
29963,capitol-ai,Summer 2024,S24,2024,B2B,top
29963,capitol-ai,Summer 2024,S24,2024,Productivity,child
29791,cartage,Summer 2024,S24,2024,B2B,top
29791,cartage,Summer 2024,S24,2024,Supply Chain and Logistics,child
29327,central,Summer 2024,S24,2024,B2B,top
29327,central,Summer 2024,S24,2024,Human Resources,child
29781,cerulion,Summer 2024,S24,2024,B2B,top
29781,cerulion,Summer 2024,S24,2024,"Engineering, Product and Design",child
29582,cheers,Summer 2024,S24,2024,B2B,top
29613,claimsorted,Summer 2024,S24,2024,Fintech,top
29613,claimsorted,Summer 2024,S24,2024,Insurance,child
29729,clearly-ai,Summer 2024,S24,2024,B2B,top
29729,clearly-ai,Summer 2024,S24,2024,Security,child
29665,cloudglue,Summer 2024,S24,2024,B2B,top
29683,codeviz,Summer 2024,S24,2024,B2B,top
29683,codeviz,Summer 2024,S24,2024,Productivity,child
29627,codes-health,Summer 2024,S24,2024,B2B,top
29596,comfy-deploy,Summer 2024,S24,2024,B2B,top
29596,comfy-deploy,Summer 2024,S24,2024,"Engineering, Product and Design",child
29989,conductor,Summer 2024,S24,2024,B2B,top
29989,conductor,Summer 2024,S24,2024,"Engineering, Product and Design",child
29754,conductor-quantum,Summer 2024,S24,2024,Industrials,top
29717,conveo,Summer 2024,S24,2024,B2B,top
29646,corgi-insurance,Summer 2024,S24,2024,Fintech,top
29646,corgi-insurance,Summer 2024,S24,2024,Insurance,child
29524,coval,Summer 2024,S24,2024,B2B,top
29524,coval,Summer 2024,S24,2024,"Engineering, Product and Design",child
29716,creativemode,Summer 2024,S24,2024,Consumer,top
29716,creativemode,Summer 2024,S24,2024,Gaming,child
29807,dataleap,Summer 2024,S24,2024,B2B,top
29759,david-ai,Summer 2024,S24,2024,B2B,top
29852,dayflow,Summer 2024,S24,2024,Consumer,top
29655,decisional-ai,Summer 2024,S24,2024,B2B,top
29672,deepsim-inc,Summer 2024,S24,2024,B2B,top
29672,deepsim-inc,Summer 2024,S24,2024,"Engineering, Product and Design",child
29695,dench-com,Summer 2024,S24,2024,B2B,top
29695,dench-com,Summer 2024,S24,2024,Productivity,child
29635,digitalcarbon,Summer 2024,S24,2024,B2B,top
29741,dimely,Summer 2024,S24,2024,B2B,top
29741,dimely,Summer 2024,S24,2024,Finance and Accounting,child
29851,diode-computers-inc,Summer 2024,S24,2024,B2B,top
29851,diode-computers-inc,Summer 2024,S24,2024,"Engineering, Product and Design",child
29761,distro,Summer 2024,S24,2024,B2B,top
29761,distro,Summer 2024,S24,2024,Supply Chain and Logistics,child
29679,dodo,Summer 2024,S24,2024,Healthcare,top
29679,dodo,Summer 2024,S24,2024,Healthcare IT,child
29572,domu-technology-inc,Summer 2024,S24,2024,B2B,top
29572,domu-technology-inc,Summer 2024,S24,2024,"Engineering, Product and Design",child
29575,doublezero,Summer 2024,S24,2024,B2B,top
29575,doublezero,Summer 2024,S24,2024,"Engineering, Product and Design",child
29828,draft-the-record,Summer 2024,S24,2024,B2B,top
29828,draft-the-record,Summer 2024,S24,2024,Legal,child
29990,dreamrp,Summer 2024,S24,2024,Consumer,top
29746,drillbit,Summer 2024,S24,2024,B2B,top
29746,drillbit,Summer 2024,S24,2024,Operations,child
29605,educato,Summer 2024,S24,2024,Education,top
29841,elayne,Summer 2024,S24,2024,Fintech,top
29676,elevate-2,Summer 2024,S24,2024,B2B,top
29768,ember-robotics,Summer 2024,S24,2024,Industrials,top
29768,ember-robotics,Summer 2024,S24,2024,Manufacturing and Robotics,child
29765,emergent,Summer 2024,S24,2024,Consumer,top
29623,entangl,Summer 2024,S24,2024,B2B,top
29623,entangl,Summer 2024,S24,2024,"Engineering, Product and Design",child
29818,entropy,Summer 2024,S24,2024,Healthcare,top
29475,evolvere-biosciences,Summer 2024,S24,2024,Healthcare,top
29475,evolvere-biosciences,Summer 2024,S24,2024,Therapeutics,child
29735,finny-ai,Summer 2024,S24,2024,Fintech,top
29735,finny-ai,Summer 2024,S24,2024,Asset Management,child
29711,fazeshift,Summer 2024,S24,2024,B2B,top
29711,fazeshift,Summer 2024,S24,2024,Finance and Accounting,child
29952,ficra,Summer 2024,S24,2024,B2B,top
29796,finosu,Summer 2024,S24,2024,Fintech,top
29796,finosu,Summer 2024,S24,2024,Credit and Lending,child
29651,firstwork,Summer 2024,S24,2024,B2B,top
29651,firstwork,Summer 2024,S24,2024,Human Resources,child
29637,flyflow,Summer 2024,S24,2024,B2B,top
29637,flyflow,Summer 2024,S24,2024,Sales,child
29965,formula-insight,Summer 2024,S24,2024,B2B,top
29976,freestyle,Summer 2024,S24,2024,B2B,top
29976,freestyle,Summer 2024,S24,2024,Infrastructure,child
29349,fuse-2,Summer 2024,S24,2024,Healthcare,top
29693,gauge,Summer 2024,S24,2024,B2B,top
29693,gauge,Summer 2024,S24,2024,Marketing,child
29586,glasskube,Summer 2024,S24,2024,B2B,top
29586,glasskube,Summer 2024,S24,2024,Infrastructure,child
29783,guardian-rf,Summer 2024,S24,2024,Industrials,top
29783,guardian-rf,Summer 2024,S24,2024,Drones,child
29610,hamming-ai,Summer 2024,S24,2024,B2B,top
29610,hamming-ai,Summer 2024,S24,2024,"Engineering, Product and Design",child
29805,handled,Summer 2024,S24,2024,B2B,top
29805,handled,Summer 2024,S24,2024,Retail,child
29797,haystackeditor,Summer 2024,S24,2024,B2B,top
29797,haystackeditor,Summer 2024,S24,2024,"Engineering, Product and Design",child
29799,helium,Summer 2024,S24,2024,B2B,top
29799,helium,Summer 2024,S24,2024,"Engineering, Product and Design",child
29954,henry-2,Summer 2024,S24,2024,Real Estate and Construction,top
29800,heroui,Summer 2024,S24,2024,B2B,top
29800,heroui,Summer 2024,S24,2024,"Engineering, Product and Design",child
29737,hestus-inc,Summer 2024,S24,2024,B2B,top
29737,hestus-inc,Summer 2024,S24,2024,"Engineering, Product and Design",child
29642,hexclave,Summer 2024,S24,2024,B2B,top
29642,hexclave,Summer 2024,S24,2024,"Engineering, Product and Design",child
29953,hey-revia,Summer 2024,S24,2024,B2B,top
29660,hyrex,Summer 2024,S24,2024,B2B,top
29660,hyrex,Summer 2024,S24,2024,"Engineering, Product and Design",child
29770,intryc,Summer 2024,S24,2024,B2B,top
29770,intryc,Summer 2024,S24,2024,Operations,child
29641,invaria,Summer 2024,S24,2024,B2B,top
29641,invaria,Summer 2024,S24,2024,"Engineering, Product and Design",child
29803,ionworks,Summer 2024,S24,2024,Industrials,top
29803,ionworks,Summer 2024,S24,2024,Energy,child
29715,kastle,Summer 2024,S24,2024,B2B,top
29854,keet,Summer 2024,S24,2024,Consumer,top
29690,kenley,Summer 2024,S24,2024,B2B,top
29690,kenley,Summer 2024,S24,2024,Productivity,child
29820,kontigo,Summer 2024,S24,2024,Fintech,top
29820,kontigo,Summer 2024,S24,2024,Banking and Exchange,child
29714,kopra-bio,Summer 2024,S24,2024,Healthcare,top
29714,kopra-bio,Summer 2024,S24,2024,Therapeutics,child
29766,kura-ai,Summer 2024,S24,2024,B2B,top
29782,laminar,Summer 2024,S24,2024,B2B,top
29782,laminar,Summer 2024,S24,2024,"Engineering, Product and Design",child
29702,ledgerup,Summer 2024,S24,2024,B2B,top
29702,ledgerup,Summer 2024,S24,2024,Finance and Accounting,child
29705,lighthouz-ai,Summer 2024,S24,2024,B2B,top
29412,ligo-biosciences,Summer 2024,S24,2024,Healthcare,top
29412,ligo-biosciences,Summer 2024,S24,2024,Industrial Bio,child
29787,lilac-labs,Summer 2024,S24,2024,B2B,top
29685,joinlore,Summer 2024,S24,2024,B2B,top
29678,lucible,Summer 2024,S24,2024,B2B,top
29678,lucible,Summer 2024,S24,2024,Operations,child
29760,mage-legal,Summer 2024,S24,2024,B2B,top
29760,mage-legal,Summer 2024,S24,2024,Legal,child
29736,magicode,Summer 2024,S24,2024,B2B,top
29736,magicode,Summer 2024,S24,2024,"Engineering, Product and Design",child
29647,maitai,Summer 2024,S24,2024,B2B,top
29647,maitai,Summer 2024,S24,2024,"Engineering, Product and Design",child
29585,mem0,Summer 2024,S24,2024,B2B,top
29585,mem0,Summer 2024,S24,2024,Infrastructure,child
29977,merlin-ai,Summer 2024,S24,2024,B2B,top
29966,mica-ai,Summer 2024,S24,2024,B2B,top
29966,mica-ai,Summer 2024,S24,2024,Operations,child
29980,midship,Summer 2024,S24,2024,B2B,top
29980,midship,Summer 2024,S24,2024,Finance and Accounting,child
29774,mineflow,Summer 2024,S24,2024,Industrials,top
29687,minusx,Summer 2024,S24,2024,B2B,top
29687,minusx,Summer 2024,S24,2024,Analytics,child
29569,miru-ml,Summer 2024,S24,2024,B2B,top
29569,miru-ml,Summer 2024,S24,2024,Infrastructure,child
29706,mito-health,Summer 2024,S24,2024,Healthcare,top
29706,mito-health,Summer 2024,S24,2024,Consumer Health and Wellness,child
29704,modus,Summer 2024,S24,2024,B2B,top
29829,moreta,Summer 2024,S24,2024,Fintech,top
29829,moreta,Summer 2024,S24,2024,Payments,child
29663,networkocean,Summer 2024,S24,2024,Industrials,top
29663,networkocean,Summer 2024,S24,2024,Climate,child
29853,no-logo,Summer 2024,S24,2024,B2B,top
29853,no-logo,Summer 2024,S24,2024,Supply Chain and Logistics,child
29795,odo,Summer 2024,S24,2024,B2B,top
29675,offstream,Summer 2024,S24,2024,B2B,top
29724,ontra-mobility,Summer 2024,S24,2024,Government,top
29751,opslane,Summer 2024,S24,2024,B2B,top
29751,opslane,Summer 2024,S24,2024,Infrastructure,child
29826,orca-client,Summer 2024,S24,2024,Consumer,top
29969,orgorg,Summer 2024,S24,2024,B2B,top
29969,orgorg,Summer 2024,S24,2024,Productivity,child
29992,outerport,Summer 2024,S24,2024,B2B,top
29992,outerport,Summer 2024,S24,2024,"Engineering, Product and Design",child
29387,overeasy,Summer 2024,S24,2024,B2B,top
29964,overlap,Summer 2024,S24,2024,Consumer,top
29964,overlap,Summer 2024,S24,2024,Content,child
29844,oway,Summer 2024,S24,2024,B2B,top
29844,oway,Summer 2024,S24,2024,Infrastructure,child
29789,paasa,Summer 2024,S24,2024,Fintech,top
29789,paasa,Summer 2024,S24,2024,Asset Management,child
29786,palmier,Summer 2024,S24,2024,Consumer,top
29786,palmier,Summer 2024,S24,2024,Content,child
29721,panora,Summer 2024,S24,2024,B2B,top
29684,parahelp,Summer 2024,S24,2024,B2B,top
29684,parahelp,Summer 2024,S24,2024,Operations,child
29772,parley,Summer 2024,S24,2024,B2B,top
29772,parley,Summer 2024,S24,2024,Legal,child
29968,patched,Summer 2024,S24,2024,B2B,top
29968,patched,Summer 2024,S24,2024,Productivity,child
29983,pathpilot,Summer 2024,S24,2024,B2B,top
29755,pax,Summer 2024,S24,2024,B2B,top
29755,pax,Summer 2024,S24,2024,Supply Chain and Logistics,child
29857,pharos,Summer 2024,S24,2024,Healthcare,top
29857,pharos,Summer 2024,S24,2024,Healthcare IT,child
29645,phonely,Summer 2024,S24,2024,B2B,top
29769,pinnacle,Summer 2024,S24,2024,B2B,top
29769,pinnacle,Summer 2024,S24,2024,"Engineering, Product and Design",child
29950,pipeshift,Summer 2024,S24,2024,B2B,top
29950,pipeshift,Summer 2024,S24,2024,Infrastructure,child
29739,planbase,Summer 2024,S24,2024,Healthcare,top
29739,planbase,Summer 2024,S24,2024,Healthcare IT,child
29701,plume,Summer 2024,S24,2024,Industrials,top
29701,plume,Summer 2024,S24,2024,Climate,child
29251,poka-labs,Summer 2024,S24,2024,B2B,top
29251,poka-labs,Summer 2024,S24,2024,Supply Chain and Logistics,child
29821,polymet,Summer 2024,S24,2024,B2B,top
29821,polymet,Summer 2024,S24,2024,"Engineering, Product and Design",child
29778,praxos,Summer 2024,S24,2024,B2B,top
29608,pre,Summer 2024,S24,2024,B2B,top
29608,pre,Summer 2024,S24,2024,Operations,child
29780,presti-ai,Summer 2024,S24,2024,B2B,top
29780,presti-ai,Summer 2024,S24,2024,Retail,child
29607,prohostai,Summer 2024,S24,2024,B2B,top
29725,promi,Summer 2024,S24,2024,B2B,top
29725,promi,Summer 2024,S24,2024,"Engineering, Product and Design",child
29815,propaya,Summer 2024,S24,2024,Real Estate and Construction,top
29815,propaya,Summer 2024,S24,2024,Housing and Real Estate,child
29668,proxis,Summer 2024,S24,2024,B2B,top
29699,pulse-3,Summer 2024,S24,2024,B2B,top
29699,pulse-3,Summer 2024,S24,2024,Infrastructure,child
29833,quetzal,Summer 2024,S24,2024,B2B,top
29833,quetzal,Summer 2024,S24,2024,"Engineering, Product and Design",child
29634,random-labs,Summer 2024,S24,2024,B2B,top
29634,random-labs,Summer 2024,S24,2024,"Engineering, Product and Design",child
29834,rastro,Summer 2024,S24,2024,B2B,top
29834,rastro,Summer 2024,S24,2024,Retail,child
29732,reactwise,Summer 2024,S24,2024,B2B,top
29732,reactwise,Summer 2024,S24,2024,"Engineering, Product and Design",child
29740,redouble-ai,Summer 2024,S24,2024,B2B,top
29788,refactor,Summer 2024,S24,2024,B2B,top
29762,remade,Summer 2024,S24,2024,Consumer,top
29762,remade,Summer 2024,S24,2024,Content,child
29837,rentflow,Summer 2024,S24,2024,B2B,top
29801,rescript,Summer 2024,S24,2024,B2B,top
29801,rescript,Summer 2024,S24,2024,Legal,child
29658,retrofix,Summer 2024,S24,2024,B2B,top
29667,rewbi,Summer 2024,S24,2024,Industrials,top
29667,rewbi,Summer 2024,S24,2024,Energy,child
29793,riskangle,Summer 2024,S24,2024,B2B,top
29568,roger-2,Summer 2024,S24,2024,B2B,top
29568,roger-2,Summer 2024,S24,2024,Sales,child
29951,rowboat-labs,Summer 2024,S24,2024,Consumer,top
29682,runlocal-ai,Summer 2024,S24,2024,B2B,top
29682,runlocal-ai,Summer 2024,S24,2024,"Engineering, Product and Design",child
29643,sagecare,Summer 2024,S24,2024,Healthcare,top
29643,sagecare,Summer 2024,S24,2024,Healthcare IT,child
29848,saldor,Summer 2024,S24,2024,B2B,top
29848,saldor,Summer 2024,S24,2024,Supply Chain and Logistics,child
29588,saphira-ai,Summer 2024,S24,2024,B2B,top
29588,saphira-ai,Summer 2024,S24,2024,"Engineering, Product and Design",child
29730,saturn,Summer 2024,S24,2024,Fintech,top
29671,scape,Summer 2024,S24,2024,B2B,top
29671,scape,Summer 2024,S24,2024,Productivity,child
29776,schemeflow,Summer 2024,S24,2024,Real Estate and Construction,top
29748,seals-ai,Summer 2024,S24,2024,B2B,top
29784,sensei,Summer 2024,S24,2024,Industrials,top
29784,sensei,Summer 2024,S24,2024,Manufacturing and Robotics,child
29825,sepal-ai,Summer 2024,S24,2024,B2B,top
29745,sharpe,Summer 2024,S24,2024,B2B,top
29745,sharpe,Summer 2024,S24,2024,Analytics,child
29661,silurian,Summer 2024,S24,2024,Industrials,top
29661,silurian,Summer 2024,S24,2024,Climate,child
29978,simcare,Summer 2024,S24,2024,Healthcare,top
29785,simple-ai,Summer 2024,S24,2024,B2B,top
29785,simple-ai,Summer 2024,S24,2024,Sales,child
29296,simplex,Summer 2024,S24,2024,B2B,top
29296,simplex,Summer 2024,S24,2024,"Engineering, Product and Design",child
29773,soff,Summer 2024,S24,2024,B2B,top
29773,soff,Summer 2024,S24,2024,Supply Chain and Logistics,child
29792,sonatoria,Summer 2024,S24,2024,B2B,top
29650,sorcerer,Summer 2024,S24,2024,Industrials,top
29650,sorcerer,Summer 2024,S24,2024,Climate,child
29597,spaceium-inc,Summer 2024,S24,2024,Industrials,top
29597,spaceium-inc,Summer 2024,S24,2024,Aviation and Space,child
29570,spherecast,Summer 2024,S24,2024,B2B,top
29570,spherecast,Summer 2024,S24,2024,Supply Chain and Logistics,child
29474,spur,Summer 2024,S24,2024,B2B,top
29474,spur,Summer 2024,S24,2024,"Engineering, Product and Design",child
29808,starcloud,Summer 2024,S24,2024,Industrials,top
29808,starcloud,Summer 2024,S24,2024,Aviation and Space,child
29654,stardrift,Summer 2024,S24,2024,Consumer,top
29654,stardrift,Summer 2024,S24,2024,"Travel, Leisure and Tourism",child
29756,stempad,Summer 2024,S24,2024,B2B,top
29756,stempad,Summer 2024,S24,2024,Productivity,child
29673,storia-ai,Summer 2024,S24,2024,B2B,top
29673,storia-ai,Summer 2024,S24,2024,"Engineering, Product and Design",child
29709,substrate,Summer 2024,S24,2024,B2B,top
29574,superunit,Summer 2024,S24,2024,B2B,top
29574,superunit,Summer 2024,S24,2024,Operations,child
29850,surebright,Summer 2024,S24,2024,B2B,top
29850,surebright,Summer 2024,S24,2024,Retail,child
29591,synnax,Summer 2024,S24,2024,B2B,top
29591,synnax,Summer 2024,S24,2024,Infrastructure,child
29987,syntra,Summer 2024,S24,2024,Healthcare,top
29987,syntra,Summer 2024,S24,2024,Healthcare IT,child
29640,tabula,Summer 2024,S24,2024,B2B,top
29640,tabula,Summer 2024,S24,2024,Finance and Accounting,child
29691,tandem-2,Summer 2024,S24,2024,B2B,top
29691,tandem-2,Summer 2024,S24,2024,Office Management,child
29710,taxgpt,Summer 2024,S24,2024,B2B,top
29710,taxgpt,Summer 2024,S24,2024,Finance and Accounting,child
29779,the-forecasting-company,Summer 2024,S24,2024,B2B,top
29708,the-synthesis-company,Summer 2024,S24,2024,B2B,top
29708,the-synthesis-company,Summer 2024,S24,2024,"Engineering, Product and Design",child
29589,theseus,Summer 2024,S24,2024,Industrials,top
29589,theseus,Summer 2024,S24,2024,Drones,child
29767,thunder-compute,Summer 2024,S24,2024,B2B,top
29767,thunder-compute,Summer 2024,S24,2024,Infrastructure,child
29804,thyme,Summer 2024,S24,2024,B2B,top
29804,thyme,Summer 2024,S24,2024,Finance and Accounting,child
29689,tivara,Summer 2024,S24,2024,Healthcare,top
29836,tradeflow,Summer 2024,S24,2024,Fintech,top
29830,typa,Summer 2024,S24,2024,B2B,top
29830,typa,Summer 2024,S24,2024,Marketing,child
29557,ultra,Summer 2024,S24,2024,Industrials,top
29557,ultra,Summer 2024,S24,2024,Manufacturing and Robotics,child
29659,unbound,Summer 2024,S24,2024,B2B,top
29659,unbound,Summer 2024,S24,2024,Security,child
29573,undermind,Summer 2024,S24,2024,B2B,top
29579,understood-care,Summer 2024,S24,2024,Healthcare,top
29633,unsloth-ai,Summer 2024,S24,2024,B2B,top
29633,unsloth-ai,Summer 2024,S24,2024,"Engineering, Product and Design",child
29849,usul,Summer 2024,S24,2024,Government,top
29814,vendra,Summer 2024,S24,2024,Industrials,top
29814,vendra,Summer 2024,S24,2024,Manufacturing and Robotics,child
29858,vera-health,Summer 2024,S24,2024,Healthcare,top
29858,vera-health,Summer 2024,S24,2024,Healthcare Services,child
29734,vibe,Summer 2024,S24,2024,B2B,top
29734,vibe,Summer 2024,S24,2024,"Engineering, Product and Design",child
29644,videogen,Summer 2024,S24,2024,B2B,top
29967,village-labs,Summer 2024,S24,2024,B2B,top
29967,village-labs,Summer 2024,S24,2024,Human Resources,child
29960,void,Summer 2024,S24,2024,B2B,top
29960,void,Summer 2024,S24,2024,"Engineering, Product and Design",child
29835,voker,Summer 2024,S24,2024,B2B,top
29835,voker,Summer 2024,S24,2024,"Engineering, Product and Design",child
29692,weave-robotics,Summer 2024,S24,2024,Industrials,top
29692,weave-robotics,Summer 2024,S24,2024,Manufacturing and Robotics,child
29819,weel,Summer 2024,S24,2024,Consumer,top
29819,weel,Summer 2024,S24,2024,Transportation Services,child
29649,wordware,Summer 2024,S24,2024,Consumer,top
29956,xtraffic,Summer 2024,S24,2024,Government,top
29764,zeit-ai,Summer 2024,S24,2024,B2B,top
29764,zeit-ai,Summer 2024,S24,2024,Analytics,child
29812,zeropath,Summer 2024,S24,2024,B2B,top
29812,zeropath,Summer 2024,S24,2024,Security,child
29777,zettascale,Summer 2024,S24,2024,Industrials,top
29731,zoa-research,Summer 2024,S24,2024,B2B,top
29670,zuni,Summer 2024,S24,2024,B2B,top
29670,zuni,Summer 2024,S24,2024,Productivity,child
29823,autarc,Summer 2024,S24,2024,B2B,top
29688,camfer,Summer 2024,S24,2024,B2B,top
29688,camfer,Summer 2024,S24,2024,"Engineering, Product and Design",child
29719,cmux,Summer 2024,S24,2024,B2B,top
29703,d_model,Summer 2024,S24,2024,B2B,top
29703,d_model,Summer 2024,S24,2024,"Engineering, Product and Design",child
29747,deepsilicon,Summer 2024,S24,2024,Industrials,top
29856,et-al,Summer 2024,S24,2024,Consumer,top
29728,expand-ai,Summer 2024,S24,2024,B2B,top
29653,ideate-xyz,Summer 2024,S24,2024,B2B,top
29653,ideate-xyz,Summer 2024,S24,2024,"Engineering, Product and Design",child
29611,mdhub,Summer 2024,S24,2024,Healthcare,top
29822,omnidock,Summer 2024,S24,2024,B2B,top
29822,omnidock,Summer 2024,S24,2024,Operations,child
29839,pap,Summer 2024,S24,2024,Consumer,top
29750,winfunc,Summer 2024,S24,2024,B2B,top
29750,winfunc,Summer 2024,S24,2024,Security,child
29532,angstrom-ai,Summer 2024,S24,2024,Healthcare,top
29532,angstrom-ai,Summer 2024,S24,2024,Drug Discovery and Delivery,child
30078,abundant,Fall 2024,F24,2024,B2B,top
30037,afternoon-co,Fall 2024,F24,2024,B2B,top
30037,afternoon-co,Fall 2024,F24,2024,Finance and Accounting,child
30100,alex,Fall 2024,F24,2024,B2B,top
30100,alex,Fall 2024,F24,2024,"Engineering, Product and Design",child
30130,apolink,Fall 2024,F24,2024,Industrials,top
30130,apolink,Fall 2024,F24,2024,Aviation and Space,child
30105,archilabs,Fall 2024,F24,2024,Real Estate and Construction,top
30105,archilabs,Fall 2024,F24,2024,Construction,child
30045,archil,Fall 2024,F24,2024,B2B,top
30045,archil,Fall 2024,F24,2024,Infrastructure,child
30131,asha-health,Fall 2024,F24,2024,Healthcare,top
30077,autocomputer,Fall 2024,F24,2024,B2B,top
30019,avora,Fall 2024,F24,2024,Healthcare,top
30067,beglaubigtde,Fall 2024,F24,2024,B2B,top
30067,beglaubigtde,Fall 2024,F24,2024,Legal,child
30054,ctgt,Fall 2024,F24,2024,B2B,top
30054,ctgt,Fall 2024,F24,2024,Infrastructure,child
30030,candle,Fall 2024,F24,2024,Consumer,top
30119,canvas,Fall 2024,F24,2024,B2B,top
30096,capy,Fall 2024,F24,2024,B2B,top
30096,capy,Fall 2024,F24,2024,"Engineering, Product and Design",child
30124,careforce,Fall 2024,F24,2024,Healthcare,top
30124,careforce,Fall 2024,F24,2024,Healthcare IT,child
30046,cekura-ai,Fall 2024,F24,2024,B2B,top
30046,cekura-ai,Fall 2024,F24,2024,"Engineering, Product and Design",child
30065,withcharm,Fall 2024,F24,2024,Consumer,top
30065,withcharm,Fall 2024,F24,2024,Social,child
30014,clarus,Fall 2024,F24,2024,B2B,top
30014,clarus,Fall 2024,F24,2024,"Engineering, Product and Design",child
30091,collectwise,Fall 2024,F24,2024,Fintech,top
30095,consus,Fall 2024,F24,2024,Industrials,top
30095,consus,Fall 2024,F24,2024,Aviation and Space,child
30024,crouton,Fall 2024,F24,2024,B2B,top
30024,crouton,Fall 2024,F24,2024,Operations,child
30076,crustdata,Fall 2024,F24,2024,B2B,top
30076,crustdata,Fall 2024,F24,2024,Sales,child
30083,curo,Fall 2024,F24,2024,Industrials,top
30083,curo,Fall 2024,F24,2024,Automotive,child
30032,darkgrade,Fall 2024,F24,2024,B2B,top
30032,darkgrade,Fall 2024,F24,2024,Infrastructure,child
30080,dexter,Fall 2024,F24,2024,B2B,top
30080,dexter,Fall 2024,F24,2024,Finance and Accounting,child
30102,diffusion-studio,Fall 2024,F24,2024,Consumer,top
30102,diffusion-studio,Fall 2024,F24,2024,Content,child
30027,durate,Fall 2024,F24,2024,Healthcare,top
30027,durate,Fall 2024,F24,2024,Healthcare IT,child
30118,ember,Fall 2024,F24,2024,Healthcare,top
30047,endstack,Fall 2024,F24,2024,B2B,top
30110,forerunner-ai,Fall 2024,F24,2024,Industrials,top
30110,forerunner-ai,Fall 2024,F24,2024,Aviation and Space,child
30063,freebuff,Fall 2024,F24,2024,B2B,top
30063,freebuff,Fall 2024,F24,2024,"Engineering, Product and Design",child
30116,freestyle-ai,Fall 2024,F24,2024,Consumer,top
30089,fresco,Fall 2024,F24,2024,Real Estate and Construction,top
30089,fresco,Fall 2024,F24,2024,Construction,child
30109,futureclinic,Fall 2024,F24,2024,Healthcare,top
30028,gait,Fall 2024,F24,2024,B2B,top
30018,galini,Fall 2024,F24,2024,B2B,top
30099,gander,Fall 2024,F24,2024,B2B,top
30099,gander,Fall 2024,F24,2024,Operations,child
30087,gecko-security,Fall 2024,F24,2024,B2B,top
30087,gecko-security,Fall 2024,F24,2024,Security,child
30053,general-learning,Fall 2024,F24,2024,Education,top
30031,getcho,Fall 2024,F24,2024,B2B,top
30031,getcho,Fall 2024,F24,2024,Supply Chain and Logistics,child
30064,hybrd,Fall 2024,F24,2024,Consumer,top
30034,healthspark,Fall 2024,F24,2024,Healthcare,top
30129,humanlayer,Fall 2024,F24,2024,B2B,top
30129,humanlayer,Fall 2024,F24,2024,"Engineering, Product and Design",child
30052,issen,Fall 2024,F24,2024,Consumer,top
30097,innate,Fall 2024,F24,2024,Consumer,top
30097,innate,Fall 2024,F24,2024,Consumer Electronics,child
30062,karmen,Fall 2024,F24,2024,Real Estate and Construction,top
30062,karmen,Fall 2024,F24,2024,Construction,child
30056,keye,Fall 2024,F24,2024,Fintech,top
30101,kilvin,Fall 2024,F24,2024,B2B,top
30101,kilvin,Fall 2024,F24,2024,"Engineering, Product and Design",child
30115,laminar-com,Fall 2024,F24,2024,B2B,top
30038,lightscreen-ai,Fall 2024,F24,2024,B2B,top
30038,lightscreen-ai,Fall 2024,F24,2024,Recruiting and Talent,child
30060,lingodotdev,Fall 2024,F24,2024,B2B,top
30060,lingodotdev,Fall 2024,F24,2024,"Engineering, Product and Design",child
30127,loombotic,Fall 2024,F24,2024,Industrials,top
30127,loombotic,Fall 2024,F24,2024,Manufacturing and Robotics,child
30057,luthor,Fall 2024,F24,2024,B2B,top
30048,astrix-health,Fall 2024,F24,2024,Healthcare,top
30113,melder,Fall 2024,F24,2024,B2B,top
30113,melder,Fall 2024,F24,2024,Productivity,child
30103,metreecs,Fall 2024,F24,2024,B2B,top
30103,metreecs,Fall 2024,F24,2024,Retail,child
30029,moonset-health,Fall 2024,F24,2024,B2B,top
30029,moonset-health,Fall 2024,F24,2024,Sales,child
30079,moonshine,Fall 2024,F24,2024,B2B,top
30033,openbenchmarks,Fall 2024,F24,2024,B2B,top
30033,openbenchmarks,Fall 2024,F24,2024,Marketing,child
30090,origami-2,Fall 2024,F24,2024,B2B,top
30090,origami-2,Fall 2024,F24,2024,Sales,child
30073,pearson-labs,Fall 2024,F24,2024,B2B,top
30073,pearson-labs,Fall 2024,F24,2024,Legal,child
30088,permitportal,Fall 2024,F24,2024,Real Estate and Construction,top
30039,raycaster,Fall 2024,F24,2024,B2B,top
30039,raycaster,Fall 2024,F24,2024,Productivity,child
30117,relvy-ai,Fall 2024,F24,2024,B2B,top
30117,relvy-ai,Fall 2024,F24,2024,"Engineering, Product and Design",child
30049,reticular,Fall 2024,F24,2024,Healthcare,top
30049,reticular,Fall 2024,F24,2024,Consumer Health and Wellness,child
30104,revi,Fall 2024,F24,2024,B2B,top
30104,revi,Fall 2024,F24,2024,Sales,child
30041,revyl,Fall 2024,F24,2024,B2B,top
30041,revyl,Fall 2024,F24,2024,Infrastructure,child
30055,riskcube,Fall 2024,F24,2024,Fintech,top
30055,riskcube,Fall 2024,F24,2024,Insurance,child
30017,riveter,Fall 2024,F24,2024,B2B,top
30017,riveter,Fall 2024,F24,2024,"Engineering, Product and Design",child
30126,roundabout-technologies,Fall 2024,F24,2024,Government,top
30036,rulebase,Fall 2024,F24,2024,B2B,top
30036,rulebase,Fall 2024,F24,2024,Operations,child
30114,ryvn,Fall 2024,F24,2024,B2B,top
30114,ryvn,Fall 2024,F24,2024,Infrastructure,child
30044,sandra-ai,Fall 2024,F24,2024,B2B,top
30050,smooth,Fall 2024,F24,2024,B2B,top
30050,smooth,Fall 2024,F24,2024,"Engineering, Product and Design",child
30059,sphinx,Fall 2024,F24,2024,Fintech,top
30068,stewdio,Fall 2024,F24,2024,Consumer,top
30023,streamable,Fall 2024,F24,2024,Consumer,top
30108,struct-ai,Fall 2024,F24,2024,B2B,top
30108,struct-ai,Fall 2024,F24,2024,"Engineering, Product and Design",child
30106,sunset,Fall 2024,F24,2024,Fintech,top
30106,sunset,Fall 2024,F24,2024,Consumer Finance,child
30107,surge,Fall 2024,F24,2024,B2B,top
30107,surge,Fall 2024,F24,2024,"Engineering, Product and Design",child
30022,symphony,Fall 2024,F24,2024,B2B,top
30125,synth-3,Fall 2024,F24,2024,B2B,top
30125,synth-3,Fall 2024,F24,2024,Infrastructure,child
30075,tiny,Fall 2024,F24,2024,B2B,top
30066,unusual,Fall 2024,F24,2024,B2B,top
30066,unusual,Fall 2024,F24,2024,Marketing,child
29577,variant,Fall 2024,F24,2024,B2B,top
29577,variant,Fall 2024,F24,2024,"Engineering, Product and Design",child
30112,vaya,Fall 2024,F24,2024,Consumer,top
30112,vaya,Fall 2024,F24,2024,"Travel, Leisure and Tourism",child
30043,vespper,Fall 2024,F24,2024,B2B,top
30043,vespper,Fall 2024,F24,2024,Productivity,child
30042,vortexify,Fall 2024,F24,2024,B2B,top
30042,vortexify,Fall 2024,F24,2024,Operations,child
30016,zeroframe,Fall 2024,F24,2024,B2B,top
30051,attimet,Fall 2024,F24,2024,Fintech,top
30040,supercontrast,Fall 2024,F24,2024,B2B,top
30040,supercontrast,Fall 2024,F24,2024,"Engineering, Product and Design",child
30021,telli,Fall 2024,F24,2024,B2B,top
30074,vly-ai-2,Fall 2024,F24,2024,B2B,top
30074,vly-ai-2,Fall 2024,F24,2024,"Engineering, Product and Design",child
30111,x1,Fall 2024,F24,2024,Consumer,top
30250,10x,Winter 2025,W25,2025,Healthcare,top
30221,a1zap-by-a1base,Winter 2025,W25,2025,B2B,top
30221,a1zap-by-a1base,Winter 2025,W25,2025,"Engineering, Product and Design",child
30234,adam,Winter 2025,W25,2025,B2B,top
30234,adam,Winter 2025,W25,2025,"Engineering, Product and Design",child
30303,afterquery,Winter 2025,W25,2025,B2B,top
30303,afterquery,Winter 2025,W25,2025,Infrastructure,child
30278,agentin-ai,Winter 2025,W25,2025,B2B,top
30197,alice-tech,Winter 2025,W25,2025,Education,top
30222,altrina,Winter 2025,W25,2025,B2B,top
30222,altrina,Winter 2025,W25,2025,Productivity,child
30238,amby-health,Winter 2025,W25,2025,Healthcare,top
30238,amby-health,Winter 2025,W25,2025,Consumer Health and Wellness,child
30307,archon,Winter 2025,W25,2025,Government,top
30354,artifact-2,Winter 2025,W25,2025,B2B,top
30354,artifact-2,Winter 2025,W25,2025,"Engineering, Product and Design",child
30298,artificial-societies,Winter 2025,W25,2025,B2B,top
30259,asteroid,Winter 2025,W25,2025,B2B,top
30202,astro,Winter 2025,W25,2025,Industrials,top
30202,astro,Winter 2025,W25,2025,Energy,child
30268,athenahq,Winter 2025,W25,2025,B2B,top
30268,athenahq,Winter 2025,W25,2025,Marketing,child
30353,axal,Winter 2025,W25,2025,Industrials,top
30353,axal,Winter 2025,W25,2025,Manufacturing and Robotics,child
30192,axiom,Winter 2025,W25,2025,Fintech,top
30192,axiom,Winter 2025,W25,2025,Consumer Finance,child
30240,bezel,Winter 2025,W25,2025,B2B,top
30177,bild-ai,Winter 2025,W25,2025,Real Estate and Construction,top
30177,bild-ai,Winter 2025,W25,2025,Construction,child
30263,bindwell,Winter 2025,W25,2025,Industrials,top
30263,bindwell,Winter 2025,W25,2025,Agriculture,child
30363,blindpay,Winter 2025,W25,2025,Fintech,top
30363,blindpay,Winter 2025,W25,2025,Payments,child
30334,bluebook,Winter 2025,W25,2025,B2B,top
30334,bluebook,Winter 2025,W25,2025,Finance and Accounting,child
30341,browser-use,Winter 2025,W25,2025,B2B,top
30193,bud,Winter 2025,W25,2025,B2B,top
30335,butter,Winter 2025,W25,2025,B2B,top
30335,butter,Winter 2025,W25,2025,Infrastructure,child
30279,bystreet,Winter 2025,W25,2025,B2B,top
30287,calltree,Winter 2025,W25,2025,B2B,top
30178,candor,Winter 2025,W25,2025,Government,top
30273,candor-security,Winter 2025,W25,2025,B2B,top
30273,candor-security,Winter 2025,W25,2025,Security,child
30239,cardamon,Winter 2025,W25,2025,B2B,top
30239,cardamon,Winter 2025,W25,2025,Finance and Accounting,child
30227,caseflood-ai,Winter 2025,W25,2025,B2B,top
30227,caseflood-ai,Winter 2025,W25,2025,Legal,child
30343,cedar,Winter 2025,W25,2025,B2B,top
30343,cedar,Winter 2025,W25,2025,"Engineering, Product and Design",child
30266,cenote,Winter 2025,W25,2025,B2B,top
30266,cenote,Winter 2025,W25,2025,Sales,child
30243,cifrato,Winter 2025,W25,2025,B2B,top
30243,cifrato,Winter 2025,W25,2025,Operations,child
30209,closure,Winter 2025,W25,2025,Government,top
30283,confident-ai,Winter 2025,W25,2025,B2B,top
30283,confident-ai,Winter 2025,W25,2025,"Engineering, Product and Design",child
30210,conntour,Winter 2025,W25,2025,Industrials,top
30210,conntour,Winter 2025,W25,2025,Defense,child
30215,contrario,Winter 2025,W25,2025,B2B,top
30215,contrario,Winter 2025,W25,2025,Recruiting and Talent,child
30338,copycat,Winter 2025,W25,2025,Fintech,top
30338,copycat,Winter 2025,W25,2025,Insurance,child
30319,corsair,Winter 2025,W25,2025,B2B,top
30319,corsair,Winter 2025,W25,2025,"Engineering, Product and Design",child
30252,cuckoo-labs,Winter 2025,W25,2025,B2B,top
30328,dalus,Winter 2025,W25,2025,B2B,top
30328,dalus,Winter 2025,W25,2025,"Engineering, Product and Design",child
30201,dartboard,Winter 2025,W25,2025,Industrials,top
29988,delineate,Winter 2025,W25,2025,B2B,top
29988,delineate,Winter 2025,W25,2025,"Engineering, Product and Design",child
30351,joindex,Winter 2025,W25,2025,B2B,top
30351,joindex,Winter 2025,W25,2025,Productivity,child
30198,dollyglot,Winter 2025,W25,2025,Consumer,top
30165,edexia,Winter 2025,W25,2025,Education,top
28922,egress-health,Winter 2025,W25,2025,Healthcare,top
30226,elip-ai,Winter 2025,W25,2025,B2B,top
30172,enhanced-radar,Winter 2025,W25,2025,Industrials,top
30172,enhanced-radar,Winter 2025,W25,2025,Aviation and Space,child
30339,ergo,Winter 2025,W25,2025,B2B,top
30339,ergo,Winter 2025,W25,2025,Sales,child
30185,excellence-learning,Winter 2025,W25,2025,Education,top
29986,exin-therapeutics,Winter 2025,W25,2025,Healthcare,top
29986,exin-therapeutics,Winter 2025,W25,2025,Therapeutics,child
30284,exla,Winter 2025,W25,2025,B2B,top
30284,exla,Winter 2025,W25,2025,Infrastructure,child
30356,fira,Winter 2025,W25,2025,B2B,top
30356,fira,Winter 2025,W25,2025,Finance and Accounting,child
30182,flowtel,Winter 2025,W25,2025,B2B,top
30182,flowtel,Winter 2025,W25,2025,Infrastructure,child
30305,forge-automation,Winter 2025,W25,2025,Industrials,top
30305,forge-automation,Winter 2025,W25,2025,Manufacturing and Robotics,child
30301,fuse-ai,Winter 2025,W25,2025,B2B,top
30301,fuse-ai,Winter 2025,W25,2025,Sales,child
30270,g-lnk,Winter 2025,W25,2025,B2B,top
30258,gale,Winter 2025,W25,2025,B2B,top
30258,gale,Winter 2025,W25,2025,Legal,child
30276,general-trajectory,Winter 2025,W25,2025,Industrials,top
30276,general-trajectory,Winter 2025,W25,2025,Manufacturing and Robotics,child
30254,hud,Winter 2025,W25,2025,B2B,top
30254,hud,Winter 2025,W25,2025,"Engineering, Product and Design",child
30265,harbera,Winter 2025,W25,2025,Healthcare,top
30265,harbera,Winter 2025,W25,2025,Healthcare IT,child
30288,harper,Winter 2025,W25,2025,Fintech,top
30288,harper,Winter 2025,W25,2025,Insurance,child
30249,healthkey,Winter 2025,W25,2025,Healthcare,top
30249,healthkey,Winter 2025,W25,2025,Healthcare IT,child
30188,hey-telo,Winter 2025,W25,2025,B2B,top
30295,infinite,Winter 2025,W25,2025,Fintech,top
30295,infinite,Winter 2025,W25,2025,Payments,child
30347,instinct-space,Winter 2025,W25,2025,Industrials,top
30347,instinct-space,Winter 2025,W25,2025,Aviation and Space,child
30233,inversion-semiconductor,Winter 2025,W25,2025,Industrials,top
30233,inversion-semiconductor,Winter 2025,W25,2025,Manufacturing and Robotics,child
30020,invo,Winter 2025,W25,2025,B2B,top
30200,karoo,Winter 2025,W25,2025,Fintech,top
30200,karoo,Winter 2025,W25,2025,Consumer Finance,child
30285,karsa,Winter 2025,W25,2025,Fintech,top
30181,leaping-ai,Winter 2025,W25,2025,B2B,top
30269,liquid-compute,Winter 2025,W25,2025,Fintech,top
30269,liquid-compute,Winter 2025,W25,2025,Banking and Exchange,child
30267,lopus,Winter 2025,W25,2025,B2B,top
30267,lopus,Winter 2025,W25,2025,Analytics,child
30261,lucid,Winter 2025,W25,2025,Consumer,top
30272,lucidic-ai,Winter 2025,W25,2025,B2B,top
30260,macadamia,Winter 2025,W25,2025,B2B,top
30260,macadamia,Winter 2025,W25,2025,"Engineering, Product and Design",child
30229,maive,Winter 2025,W25,2025,B2B,top
30224,maritime-fusion,Winter 2025,W25,2025,Industrials,top
30224,maritime-fusion,Winter 2025,W25,2025,Energy,child
30304,mastra,Winter 2025,W25,2025,B2B,top
30304,mastra,Winter 2025,W25,2025,"Engineering, Product and Design",child
30251,mecha-health,Winter 2025,W25,2025,Healthcare,top
30365,mentra,Winter 2025,W25,2025,Consumer,top
30365,mentra,Winter 2025,W25,2025,Virtual and Augmented Reality,child
30346,mercura,Winter 2025,W25,2025,B2B,top
30346,mercura,Winter 2025,W25,2025,Sales,child
30292,mesh-2,Winter 2025,W25,2025,B2B,top
30292,mesh-2,Winter 2025,W25,2025,Finance and Accounting,child
30302,misprint,Winter 2025,W25,2025,Consumer,top
30299,miyagi-labs,Winter 2025,W25,2025,Education,top
30244,mosaic-2,Winter 2025,W25,2025,Consumer,top
30244,mosaic-2,Winter 2025,W25,2025,Content,child
30271,mundo-ai,Winter 2025,W25,2025,B2B,top
30271,mundo-ai,Winter 2025,W25,2025,Infrastructure,child
30286,nitrode,Winter 2025,W25,2025,B2B,top
30242,oki,Winter 2025,W25,2025,B2B,top
30242,oki,Winter 2025,W25,2025,"Engineering, Product and Design",child
30255,olive,Winter 2025,W25,2025,B2B,top
29999,onlook,Winter 2025,W25,2025,B2B,top
29999,onlook,Winter 2025,W25,2025,"Engineering, Product and Design",child
30297,openintake,Winter 2025,W25,2025,B2B,top
30297,openintake,Winter 2025,W25,2025,Legal,child
30248,operand,Winter 2025,W25,2025,B2B,top
30315,optifye-ai,Winter 2025,W25,2025,B2B,top
30293,orbital-operations,Winter 2025,W25,2025,Industrials,top
30293,orbital-operations,Winter 2025,W25,2025,Aviation and Space,child
30247,osmosis,Winter 2025,W25,2025,B2B,top
30291,outlit,Winter 2025,W25,2025,B2B,top
30176,outship,Winter 2025,W25,2025,B2B,top
30176,outship,Winter 2025,W25,2025,Recruiting and Talent,child
29727,overstand-labs,Winter 2025,W25,2025,B2B,top
29727,overstand-labs,Winter 2025,W25,2025,Analytics,child
30214,ovlo,Winter 2025,W25,2025,B2B,top
30214,ovlo,Winter 2025,W25,2025,Recruiting and Talent,child
30256,pax-markets,Winter 2025,W25,2025,Fintech,top
30256,pax-markets,Winter 2025,W25,2025,Banking and Exchange,child
30231,deployparagon,Winter 2025,W25,2025,B2B,top
30231,deployparagon,Winter 2025,W25,2025,Operations,child
30337,paratus-health,Winter 2025,W25,2025,Healthcare,top
30337,paratus-health,Winter 2025,W25,2025,Healthcare IT,child
30257,pave-robotics,Winter 2025,W25,2025,Industrials,top
30257,pave-robotics,Winter 2025,W25,2025,Manufacturing and Robotics,child
30296,peppr-ai,Winter 2025,W25,2025,B2B,top
30296,peppr-ai,Winter 2025,W25,2025,Sales,child
30317,permitify,Winter 2025,W25,2025,Real Estate and Construction,top
30317,permitify,Winter 2025,W25,2025,Construction,child
30262,pickle-2,Winter 2025,W25,2025,Consumer,top
30262,pickle-2,Winter 2025,W25,2025,Consumer Electronics,child
30314,pinch,Winter 2025,W25,2025,B2B,top
30314,pinch,Winter 2025,W25,2025,Productivity,child
30187,praxim,Winter 2025,W25,2025,B2B,top
30187,praxim,Winter 2025,W25,2025,Productivity,child
30320,proception-inc,Winter 2025,W25,2025,Industrials,top
30320,proception-inc,Winter 2025,W25,2025,Manufacturing and Robotics,child
30207,promptless,Winter 2025,W25,2025,B2B,top
30207,promptless,Winter 2025,W25,2025,"Engineering, Product and Design",child
30160,quantstruct,Winter 2025,W25,2025,B2B,top
30235,rally-3,Winter 2025,W25,2025,Fintech,top
30277,rejot,Winter 2025,W25,2025,B2B,top
30277,rejot,Winter 2025,W25,2025,"Engineering, Product and Design",child
30324,rebolt,Winter 2025,W25,2025,B2B,top
30368,red-barn-robotics,Winter 2025,W25,2025,Industrials,top
30368,red-barn-robotics,Winter 2025,W25,2025,Agriculture,child
30316,reditus-space,Winter 2025,W25,2025,Industrials,top
30316,reditus-space,Winter 2025,W25,2025,Aviation and Space,child
30312,retrofit,Winter 2025,W25,2025,Consumer,top
30312,retrofit,Winter 2025,W25,2025,Apparel and Cosmetics,child
30174,revise-robotics,Winter 2025,W25,2025,Industrials,top
30174,revise-robotics,Winter 2025,W25,2025,Manufacturing and Robotics,child
30282,riviera,Winter 2025,W25,2025,B2B,top
30325,roark,Winter 2025,W25,2025,B2B,top
30325,roark,Winter 2025,W25,2025,Analytics,child
30217,rocketable,Winter 2025,W25,2025,B2B,top
30348,sammy-labs,Winter 2025,W25,2025,B2B,top
30230,salespatriot,Winter 2025,W25,2025,B2B,top
30230,salespatriot,Winter 2025,W25,2025,Operations,child
30205,scout-4,Winter 2025,W25,2025,Education,top
30294,sennu-ai,Winter 2025,W25,2025,B2B,top
30275,solidroad,Winter 2025,W25,2025,B2B,top
30194,splash-inc,Winter 2025,W25,2025,Industrials,top
30194,splash-inc,Winter 2025,W25,2025,Drones,child
30322,spott,Winter 2025,W25,2025,B2B,top
30322,spott,Winter 2025,W25,2025,Recruiting and Talent,child
30196,stamp,Winter 2025,W25,2025,B2B,top
30196,stamp,Winter 2025,W25,2025,Productivity,child
30190,steinmetz,Winter 2025,W25,2025,Industrials,top
30264,stillwind,Winter 2025,W25,2025,B2B,top
30264,stillwind,Winter 2025,W25,2025,"Engineering, Product and Design",child
30189,subimage,Winter 2025,W25,2025,B2B,top
30189,subimage,Winter 2025,W25,2025,Security,child
30216,sublingual,Winter 2025,W25,2025,B2B,top
30204,subtrace,Winter 2025,W25,2025,B2B,top
30204,subtrace,Winter 2025,W25,2025,"Engineering, Product and Design",child
30246,swerve,Winter 2025,W25,2025,Consumer,top
30340,tamlabs,Winter 2025,W25,2025,B2B,top
30340,tamlabs,Winter 2025,W25,2025,Productivity,child
30345,tee-time-tommy,Winter 2025,W25,2025,Consumer,top
30333,tensorpool,Winter 2025,W25,2025,B2B,top
30333,tensorpool,Winter 2025,W25,2025,Infrastructure,child
30236,tergle,Winter 2025,W25,2025,B2B,top
30290,tire-swing,Winter 2025,W25,2025,B2B,top
30290,tire-swing,Winter 2025,W25,2025,Legal,child
30218,toothy-ai,Winter 2025,W25,2025,Healthcare,top
30218,toothy-ai,Winter 2025,W25,2025,Healthcare IT,child
30350,trainloop,Winter 2025,W25,2025,B2B,top
30350,trainloop,Winter 2025,W25,2025,"Engineering, Product and Design",child
30274,trata,Winter 2025,W25,2025,B2B,top
30274,trata,Winter 2025,W25,2025,Finance and Accounting,child
30225,trava,Winter 2025,W25,2025,B2B,top
30225,trava,Winter 2025,W25,2025,Supply Chain and Logistics,child
30237,trim,Winter 2025,W25,2025,B2B,top
30237,trim,Winter 2025,W25,2025,"Engineering, Product and Design",child
30213,truffle-ai,Winter 2025,W25,2025,B2B,top
30213,truffle-ai,Winter 2025,W25,2025,"Engineering, Product and Design",child
30183,tweeksio,Winter 2025,W25,2025,B2B,top
30183,tweeksio,Winter 2025,W25,2025,Recruiting and Talent,child
29959,uncommon-therapeutics,Winter 2025,W25,2025,Healthcare,top
29959,uncommon-therapeutics,Winter 2025,W25,2025,Therapeutics,child
30357,vantel,Winter 2025,W25,2025,Fintech,top
30357,vantel,Winter 2025,W25,2025,Insurance,child
30220,verbiflow,Winter 2025,W25,2025,B2B,top
30179,vetnio,Winter 2025,W25,2025,B2B,top
30179,vetnio,Winter 2025,W25,2025,Productivity,child
30203,vocality-health,Winter 2025,W25,2025,Healthcare,top
30203,vocality-health,Winter 2025,W25,2025,Healthcare Services,child
30281,waypoint-transit,Winter 2025,W25,2025,Government,top
30228,weave-3,Winter 2025,W25,2025,B2B,top
30228,weave-3,Winter 2025,W25,2025,"Engineering, Product and Design",child
30318,wildcard,Winter 2025,W25,2025,B2B,top
30318,wildcard,Winter 2025,W25,2025,"Engineering, Product and Design",child
30321,woz,Winter 2025,W25,2025,B2B,top
29790,youshift,Winter 2025,W25,2025,B2B,top
29790,youshift,Winter 2025,W25,2025,Human Resources,child
30241,zeroentropy,Winter 2025,W25,2025,B2B,top
30241,zeroentropy,Winter 2025,W25,2025,Infrastructure,child
30223,a0-dev,Winter 2025,W25,2025,B2B,top
30223,a0-dev,Winter 2025,W25,2025,"Engineering, Product and Design",child
30355,assistant-ui,Winter 2025,W25,2025,B2B,top
30355,assistant-ui,Winter 2025,W25,2025,Infrastructure,child
30199,awen,Winter 2025,W25,2025,B2B,top
30232,carecycle,Winter 2025,W25,2025,B2B,top
30253,finbar,Winter 2025,W25,2025,Fintech,top
30212,superglue,Winter 2025,W25,2025,B2B,top
30212,superglue,Winter 2025,W25,2025,"Engineering, Product and Design",child
30427,acolite,Spring 2025,X25,2025,Fintech,top
30427,acolite,Spring 2025,X25,2025,Insurance,child
30529,adentris,Spring 2025,X25,2025,Healthcare,top
30529,adentris,Spring 2025,X25,2025,Healthcare IT,child
30557,aegis,Spring 2025,X25,2025,Healthcare,top
30557,aegis,Spring 2025,X25,2025,Healthcare IT,child
30549,airweave,Spring 2025,X25,2025,B2B,top
30549,airweave,Spring 2025,X25,2025,Infrastructure,child
30498,alkali,Spring 2025,X25,2025,B2B,top
30498,alkali,Spring 2025,X25,2025,"Engineering, Product and Design",child
30430,almond-2,Spring 2025,X25,2025,Industrials,top
30430,almond-2,Spring 2025,X25,2025,Manufacturing and Robotics,child
30435,alpha-research,Spring 2025,X25,2025,B2B,top
30435,alpha-research,Spring 2025,X25,2025,"Engineering, Product and Design",child
30485,anana,Spring 2025,X25,2025,B2B,top
30403,aravolta,Spring 2025,X25,2025,B2B,top
30403,aravolta,Spring 2025,X25,2025,Infrastructure,child
30336,atlog,Spring 2025,X25,2025,B2B,top
30336,atlog,Spring 2025,X25,2025,Operations,child
30449,attune,Spring 2025,X25,2025,B2B,top
30449,attune,Spring 2025,X25,2025,"Engineering, Product and Design",child
29662,atum-works,Spring 2025,X25,2025,Industrials,top
29662,atum-works,Spring 2025,X25,2025,Manufacturing and Robotics,child
30425,auctor,Spring 2025,X25,2025,B2B,top
30415,avallon-ai,Spring 2025,X25,2025,Fintech,top
30415,avallon-ai,Spring 2025,X25,2025,Insurance,child
30173,aviro,Spring 2025,X25,2025,B2B,top
30438,beluga,Spring 2025,X25,2025,B2B,top
30438,beluga,Spring 2025,X25,2025,Marketing,child
30500,besimple-ai,Spring 2025,X25,2025,B2B,top
30452,better-auth,Spring 2025,X25,2025,B2B,top
30452,better-auth,Spring 2025,X25,2025,Security,child
30406,bitboard,Spring 2025,X25,2025,B2B,top
30406,bitboard,Spring 2025,X25,2025,Analytics,child
30558,bitpatrol,Spring 2025,X25,2025,B2B,top
30558,bitpatrol,Spring 2025,X25,2025,Security,child
30366,blaxel,Spring 2025,X25,2025,B2B,top
30412,bloom-4,Spring 2025,X25,2025,B2B,top
30412,bloom-4,Spring 2025,X25,2025,"Engineering, Product and Design",child
30451,bluejay,Spring 2025,X25,2025,B2B,top
30553,blueshoe,Spring 2025,X25,2025,B2B,top
30553,blueshoe,Spring 2025,X25,2025,Legal,child
30554,bond,Spring 2025,X25,2025,B2B,top
30554,bond,Spring 2025,X25,2025,Productivity,child
30509,boost-robotics,Spring 2025,X25,2025,Industrials,top
30509,boost-robotics,Spring 2025,X25,2025,Manufacturing and Robotics,child
30516,bramante,Spring 2025,X25,2025,Industrials,top
30516,bramante,Spring 2025,X25,2025,Manufacturing and Robotics,child
30543,oncactus,Spring 2025,X25,2025,B2B,top
30428,capacitive,Spring 2025,X25,2025,B2B,top
30428,capacitive,Spring 2025,X25,2025,"Engineering, Product and Design",child
30501,cartpole,Spring 2025,X25,2025,B2B,top
30556,cascade-space,Spring 2025,X25,2025,Industrials,top
30556,cascade-space,Spring 2025,X25,2025,Aviation and Space,child
30477,casco,Spring 2025,X25,2025,B2B,top
30477,casco,Spring 2025,X25,2025,Security,child
30447,caucus,Spring 2025,X25,2025,Government,top
30384,chestnut,Spring 2025,X25,2025,Fintech,top
30384,chestnut,Spring 2025,X25,2025,Credit and Lending,child
30459,chiron,Spring 2025,X25,2025,Education,top
30429,claim-health,Spring 2025,X25,2025,Healthcare,top
30439,clarm,Spring 2025,X25,2025,B2B,top
30439,clarm,Spring 2025,X25,2025,Productivity,child
30468,clidey,Spring 2025,X25,2025,B2B,top
30541,code-four,Spring 2025,X25,2025,Government,top
30565,cohesive,Spring 2025,X25,2025,B2B,top
30461,combinely,Spring 2025,X25,2025,B2B,top
30461,combinely,Spring 2025,X25,2025,Finance and Accounting,child
30535,cotool,Spring 2025,X25,2025,B2B,top
30535,cotool,Spring 2025,X25,2025,Security,child
30479,crimson,Spring 2025,X25,2025,B2B,top
30479,crimson,Spring 2025,X25,2025,Legal,child
30420,cua,Spring 2025,X25,2025,B2B,top
30420,cua,Spring 2025,X25,2025,"Engineering, Product and Design",child
30538,den,Spring 2025,X25,2025,B2B,top
30538,den,Spring 2025,X25,2025,Productivity,child
30562,docket,Spring 2025,X25,2025,B2B,top
30562,docket,Spring 2025,X25,2025,"Engineering, Product and Design",child
30513,eloquent-ai,Spring 2025,X25,2025,B2B,top
30431,feyn,Spring 2025,X25,2025,B2B,top
30431,feyn,Spring 2025,X25,2025,"Engineering, Product and Design",child
30480,flott-hq,Spring 2025,X25,2025,B2B,top
30560,foundation-industries,Spring 2025,X25,2025,Industrials,top
30462,freesolo,Spring 2025,X25,2025,B2B,top
30462,freesolo,Spring 2025,X25,2025,"Engineering, Product and Design",child
30399,frekil,Spring 2025,X25,2025,Healthcare,top
30422,galen-ai,Spring 2025,X25,2025,Healthcare,top
30422,galen-ai,Spring 2025,X25,2025,Consumer Health and Wellness,child
30559,godela,Spring 2025,X25,2025,B2B,top
30559,godela,Spring 2025,X25,2025,"Engineering, Product and Design",child
30407,golf,Spring 2025,X25,2025,B2B,top
30407,golf,Spring 2025,X25,2025,Security,child
30417,groundcontrol,Spring 2025,X25,2025,Industrials,top
30417,groundcontrol,Spring 2025,X25,2025,Aviation and Space,child
30469,habit,Spring 2025,X25,2025,B2B,top
30469,habit,Spring 2025,X25,2025,Retail,child
30442,hanji,Spring 2025,X25,2025,B2B,top
30442,hanji,Spring 2025,X25,2025,Infrastructure,child
30432,helixdb,Spring 2025,X25,2025,B2B,top
30432,helixdb,Spring 2025,X25,2025,"Engineering, Product and Design",child
30519,hemut,Spring 2025,X25,2025,B2B,top
30519,hemut,Spring 2025,X25,2025,Supply Chain and Logistics,child
30497,human-behavior,Spring 2025,X25,2025,B2B,top
30497,human-behavior,Spring 2025,X25,2025,"Engineering, Product and Design",child
30487,irbc,Spring 2025,X25,2025,Fintech,top
30487,irbc,Spring 2025,X25,2025,Banking and Exchange,child
30458,jeevy-fabrication,Spring 2025,X25,2025,B2B,top
30458,jeevy-fabrication,Spring 2025,X25,2025,"Engineering, Product and Design",child
30437,kaelio,Spring 2025,X25,2025,B2B,top
30521,kairos,Spring 2025,X25,2025,B2B,top
30521,kairos,Spring 2025,X25,2025,Infrastructure,child
30471,kaizen,Spring 2025,X25,2025,B2B,top
30418,kanava-ai,Spring 2025,X25,2025,B2B,top
30418,kanava-ai,Spring 2025,X25,2025,Supply Chain and Logistics,child
30402,kashikoi,Spring 2025,X25,2025,B2B,top
30450,kestral,Spring 2025,X25,2025,B2B,top
30446,kirana-ai,Spring 2025,X25,2025,B2B,top
30446,kirana-ai,Spring 2025,X25,2025,Retail,child
30506,klavis-ai,Spring 2025,X25,2025,B2B,top
30466,labric,Spring 2025,X25,2025,B2B,top
30466,labric,Spring 2025,X25,2025,Analytics,child
29656,leeroo,Spring 2025,X25,2025,B2B,top
30515,libretto,Spring 2025,X25,2025,Healthcare,top
30515,libretto,Spring 2025,X25,2025,Healthcare Services,child
30482,lucis,Spring 2025,X25,2025,Healthcare,top
30482,lucis,Spring 2025,X25,2025,Consumer Health and Wellness,child
30540,lumari,Spring 2025,X25,2025,B2B,top
30540,lumari,Spring 2025,X25,2025,Supply Chain and Logistics,child
30445,mbodi-ai,Spring 2025,X25,2025,Industrials,top
30445,mbodi-ai,Spring 2025,X25,2025,Manufacturing and Robotics,child
30523,mesmer,Spring 2025,X25,2025,B2B,top
30523,mesmer,Spring 2025,X25,2025,"Engineering, Product and Design",child
30527,mindfort,Spring 2025,X25,2025,B2B,top
30527,mindfort,Spring 2025,X25,2025,Security,child
30419,minerva,Spring 2025,X25,2025,B2B,top
30419,minerva,Spring 2025,X25,2025,Finance and Accounting,child
30531,moby-analytics,Spring 2025,X25,2025,B2B,top
30531,moby-analytics,Spring 2025,X25,2025,Finance and Accounting,child
30475,morphik,Spring 2025,X25,2025,B2B,top
30475,morphik,Spring 2025,X25,2025,Operations,child
30512,morphoai,Spring 2025,X25,2025,Industrials,top
30512,morphoai,Spring 2025,X25,2025,Manufacturing and Robotics,child
30502,nodi-energy,Spring 2025,X25,2025,Industrials,top
30502,nodi-energy,Spring 2025,X25,2025,Energy,child
30522,naive,Spring 2025,X25,2025,B2B,top
30522,naive,Spring 2025,X25,2025,Infrastructure,child
30532,nimbic-ai,Spring 2025,X25,2025,B2B,top
30532,nimbic-ai,Spring 2025,X25,2025,"Engineering, Product and Design",child
30476,nomi,Spring 2025,X25,2025,B2B,top
30476,nomi,Spring 2025,X25,2025,Sales,child
30491,novoflow,Spring 2025,X25,2025,Healthcare,top
30491,novoflow,Spring 2025,X25,2025,Healthcare Services,child
30467,opusense-ai,Spring 2025,X25,2025,Real Estate and Construction,top
30467,opusense-ai,Spring 2025,X25,2025,Construction,child
30518,orchid-ai,Spring 2025,X25,2025,B2B,top
30518,orchid-ai,Spring 2025,X25,2025,Productivity,child
30455,paper-instruments,Spring 2025,X25,2025,B2B,top
30507,paraquery,Spring 2025,X25,2025,B2B,top
30507,paraquery,Spring 2025,X25,2025,Infrastructure,child
30453,parsewise,Spring 2025,X25,2025,B2B,top
30191,partcl,Spring 2025,X25,2025,B2B,top
30191,partcl,Spring 2025,X25,2025,"Engineering, Product and Design",child
30533,pelica,Spring 2025,X25,2025,Healthcare,top
30533,pelica,Spring 2025,X25,2025,Healthcare IT,child
30444,percival,Spring 2025,X25,2025,B2B,top
30448,pgdog,Spring 2025,X25,2025,B2B,top
30448,pgdog,Spring 2025,X25,2025,Infrastructure,child
30465,photonium,Spring 2025,X25,2025,B2B,top
30465,photonium,Spring 2025,X25,2025,"Engineering, Product and Design",child
30400,plexe,Spring 2025,X25,2025,B2B,top
30400,plexe,Spring 2025,X25,2025,"Engineering, Product and Design",child
30492,prism,Spring 2025,X25,2025,B2B,top
30492,prism,Spring 2025,X25,2025,"Engineering, Product and Design",child
30528,probo,Spring 2025,X25,2025,B2B,top
30528,probo,Spring 2025,X25,2025,Security,child
30536,propolis,Spring 2025,X25,2025,B2B,top
30367,qfex,Spring 2025,X25,2025,Fintech,top
30367,qfex,Spring 2025,X25,2025,Banking and Exchange,child
30496,qualgent,Spring 2025,X25,2025,B2B,top
30426,ralo,Spring 2025,X25,2025,Fintech,top
30426,ralo,Spring 2025,X25,2025,Consumer Finance,child
30454,refresh,Spring 2025,X25,2025,B2B,top
30454,refresh,Spring 2025,X25,2025,"Engineering, Product and Design",child
30530,rimba,Spring 2025,X25,2025,Industrials,top
30530,rimba,Spring 2025,X25,2025,Climate,child
30474,runrl,Spring 2025,X25,2025,B2B,top
30474,runrl,Spring 2025,X25,2025,Infrastructure,child
30514,scalar-field,Spring 2025,X25,2025,Fintech,top
30440,sim,Spring 2025,X25,2025,B2B,top
30464,sixtyfour,Spring 2025,X25,2025,B2B,top
30464,sixtyfour,Spring 2025,X25,2025,Infrastructure,child
30545,starsling,Spring 2025,X25,2025,B2B,top
30545,starsling,Spring 2025,X25,2025,"Engineering, Product and Design",child
30561,sureform,Spring 2025,X25,2025,B2B,top
30508,sygaldry-technologies,Spring 2025,X25,2025,Industrials,top
30421,synthio-labs,Spring 2025,X25,2025,Healthcare,top
30463,tegore,Spring 2025,X25,2025,Education,top
30547,text-ai,Spring 2025,X25,2025,Consumer,top
30433,the-robot-learning-company,Spring 2025,X25,2025,Industrials,top
30433,the-robot-learning-company,Spring 2025,X25,2025,Manufacturing and Robotics,child
30548,theorem-2,Spring 2025,X25,2025,B2B,top
30548,theorem-2,Spring 2025,X25,2025,"Engineering, Product and Design",child
30488,theta,Spring 2025,X25,2025,B2B,top
30504,third-chair,Spring 2025,X25,2025,B2B,top
30504,third-chair,Spring 2025,X25,2025,Legal,child
30472,ticket-wallet,Spring 2025,X25,2025,B2B,top
30456,tinfoil,Spring 2025,X25,2025,B2B,top
30456,tinfoil,Spring 2025,X25,2025,Security,child
30457,trapeze,Spring 2025,X25,2025,Healthcare,top
30457,trapeze,Spring 2025,X25,2025,Healthcare IT,child
30443,units,Spring 2025,X25,2025,Education,top
30517,valuemate,Spring 2025,X25,2025,B2B,top
30511,vassar-robotics,Spring 2025,X25,2025,Consumer,top
30511,vassar-robotics,Spring 2025,X25,2025,Consumer Electronics,child
30503,vesence,Spring 2025,X25,2025,B2B,top
30503,vesence,Spring 2025,X25,2025,Legal,child
30542,vision-lab,Spring 2025,X25,2025,Industrials,top
30542,vision-lab,Spring 2025,X25,2025,Manufacturing and Robotics,child
30460,voiceos,Spring 2025,X25,2025,Consumer,top
30404,vybe,Spring 2025,X25,2025,B2B,top
30404,vybe,Spring 2025,X25,2025,"Engineering, Product and Design",child
30329,waffle,Spring 2025,X25,2025,Consumer,top
30544,wavedash,Spring 2025,X25,2025,Consumer,top
30544,wavedash,Spring 2025,X25,2025,Gaming,child
29666,willow,Spring 2025,X25,2025,Consumer,top
30434,zeon-systems,Spring 2025,X25,2025,Industrials,top
30434,zeon-systems,Spring 2025,X25,2025,Manufacturing and Robotics,child
30526,chrt,Spring 2025,X25,2025,B2B,top
30526,chrt,Spring 2025,X25,2025,Supply Chain and Logistics,child
30411,cubic,Spring 2025,X25,2025,B2B,top
30411,cubic,Spring 2025,X25,2025,"Engineering, Product and Design",child
30539,mlop,Spring 2025,X25,2025,B2B,top
30405,nao-labs,Spring 2025,X25,2025,B2B,top
30405,nao-labs,Spring 2025,X25,2025,Analytics,child
30423,neoncoral,Spring 2025,X25,2025,Consumer,top
30552,sieveai,Spring 2025,X25,2025,B2B,top
30552,sieveai,Spring 2025,X25,2025,Finance and Accounting,child
30441,stratify,Spring 2025,X25,2025,B2B,top
30484,throxy,Spring 2025,X25,2025,B2B,top
30484,throxy,Spring 2025,X25,2025,Sales,child
30606,acrely,Summer 2025,S25,2025,B2B,top
30596,adaptional,Summer 2025,S25,2025,B2B,top
30611,agentmail,Summer 2025,S25,2025,B2B,top
30611,agentmail,Summer 2025,S25,2025,Infrastructure,child
30727,alara,Summer 2025,S25,2025,B2B,top
30704,albacore-inc,Summer 2025,S25,2025,Industrials,top
30704,albacore-inc,Summer 2025,S25,2025,Defense,child
30651,alter,Summer 2025,S25,2025,B2B,top
30651,alter,Summer 2025,S25,2025,Security,child
30738,altur,Summer 2025,S25,2025,B2B,top
30362,ambral,Summer 2025,S25,2025,B2B,top
30362,ambral,Summer 2025,S25,2025,Sales,child
30614,astor,Summer 2025,S25,2025,Fintech,top
30614,astor,Summer 2025,S25,2025,Consumer Finance,child
30720,autosana,Summer 2025,S25,2025,B2B,top
30720,autosana,Summer 2025,S25,2025,"Engineering, Product and Design",child
30086,autumn,Summer 2025,S25,2025,B2B,top
30734,avelis-health,Summer 2025,S25,2025,Healthcare,top
30734,avelis-health,Summer 2025,S25,2025,Healthcare IT,child
30799,avent,Summer 2025,S25,2025,B2B,top
30792,geo-ai,Summer 2025,S25,2025,B2B,top
30792,geo-ai,Summer 2025,S25,2025,Marketing,child
30613,blank-bio,Summer 2025,S25,2025,Healthcare,top
30613,blank-bio,Summer 2025,S25,2025,Therapeutics,child
30813,blue,Summer 2025,S25,2025,Consumer,top
30675,bootloop,Summer 2025,S25,2025,B2B,top
30675,bootloop,Summer 2025,S25,2025,"Engineering, Product and Design",child
30774,clodo,Summer 2025,S25,2025,B2B,top
30774,clodo,Summer 2025,S25,2025,Sales,child
30510,cactus-compute,Summer 2025,S25,2025,B2B,top
30510,cactus-compute,Summer 2025,S25,2025,"Engineering, Product and Design",child
30666,careswift,Summer 2025,S25,2025,Healthcare,top
30759,certus-ai,Summer 2025,S25,2025,B2B,top
30695,channel3,Summer 2025,S25,2025,B2B,top
30695,channel3,Summer 2025,S25,2025,Retail,child
30711,char,Summer 2025,S25,2025,B2B,top
30711,char,Summer 2025,S25,2025,Productivity,child
30603,closera,Summer 2025,S25,2025,B2B,top
30698,comena,Summer 2025,S25,2025,B2B,top
30698,comena,Summer 2025,S25,2025,Supply Chain and Logistics,child
30626,contextfort,Summer 2025,S25,2025,B2B,top
30626,contextfort,Summer 2025,S25,2025,Security,child
30747,convexia,Summer 2025,S25,2025,Healthcare,top
30747,convexia,Summer 2025,S25,2025,Drug Discovery and Delivery,child
30681,conviction,Summer 2025,S25,2025,Fintech,top
30681,conviction,Summer 2025,S25,2025,Consumer Finance,child
30692,costream,Summer 2025,S25,2025,Consumer,top
30647,cyberdesk,Summer 2025,S25,2025,B2B,top
30647,cyberdesk,Summer 2025,S25,2025,"Engineering, Product and Design",child
30628,datafruit,Summer 2025,S25,2025,B2B,top
30628,datafruit,Summer 2025,S25,2025,"Engineering, Product and Design",child
30605,dedalus-labs,Summer 2025,S25,2025,B2B,top
30605,dedalus-labs,Summer 2025,S25,2025,Infrastructure,child
30662,deepaware-ai-robotics-center-of-silicon-valley,Summer 2025,S25,2025,Industrials,top
30662,deepaware-ai-robotics-center-of-silicon-valley,Summer 2025,S25,2025,Manufacturing and Robotics,child
30656,deepgrove,Summer 2025,S25,2025,B2B,top
30637,design-arena,Summer 2025,S25,2025,Consumer,top
30684,doe,Summer 2025,S25,2025,B2B,top
30781,duranium,Summer 2025,S25,2025,Industrials,top
30781,duranium,Summer 2025,S25,2025,Manufacturing and Robotics,child
30636,effigov,Summer 2025,S25,2025,Government,top
30691,embedder,Summer 2025,S25,2025,B2B,top
30691,embedder,Summer 2025,S25,2025,"Engineering, Product and Design",child
30694,epicenter,Summer 2025,S25,2025,Consumer,top
30832,f2,Summer 2025,S25,2025,B2B,top
30832,f2,Summer 2025,S25,2025,"Engineering, Product and Design",child
30741,f4-industries,Summer 2025,S25,2025,Industrials,top
30716,finto-de,Summer 2025,S25,2025,B2B,top
30716,finto-de,Summer 2025,S25,2025,Finance and Accounting,child
30690,flai,Summer 2025,S25,2025,Industrials,top
30690,flai,Summer 2025,S25,2025,Automotive,child
30775,fleetline,Summer 2025,S25,2025,B2B,top
30775,fleetline,Summer 2025,S25,2025,Supply Chain and Logistics,child
30729,floot,Summer 2025,S25,2025,B2B,top
30729,floot,Summer 2025,S25,2025,"Engineering, Product and Design",child
30771,flywheel-ai,Summer 2025,S25,2025,Industrials,top
30771,flywheel-ai,Summer 2025,S25,2025,Manufacturing and Robotics,child
30802,freya,Summer 2025,S25,2025,Fintech,top
30655,frizzle,Summer 2025,S25,2025,Education,top
30688,fulcrum,Summer 2025,S25,2025,B2B,top
30688,fulcrum,Summer 2025,S25,2025,Analytics,child
30598,getasap,Summer 2025,S25,2025,B2B,top
30598,getasap,Summer 2025,S25,2025,Supply Chain and Logistics,child
30696,ghosteye,Summer 2025,S25,2025,B2B,top
30696,ghosteye,Summer 2025,S25,2025,Security,child
30618,golpo,Summer 2025,S25,2025,B2B,top
30618,golpo,Summer 2025,S25,2025,Productivity,child
30609,halluminate,Summer 2025,S25,2025,B2B,top
30758,hera-video,Summer 2025,S25,2025,B2B,top
30758,hera-video,Summer 2025,S25,2025,"Engineering, Product and Design",child
30732,humoniq,Summer 2025,S25,2025,B2B,top
30650,imprezia,Summer 2025,S25,2025,B2B,top
30650,imprezia,Summer 2025,S25,2025,Infrastructure,child
30789,interfere,Summer 2025,S25,2025,B2B,top
30789,interfere,Summer 2025,S25,2025,"Engineering, Product and Design",child
30717,iron-grid,Summer 2025,S25,2025,Industrials,top
30717,iron-grid,Summer 2025,S25,2025,Manufacturing and Robotics,child
30685,ironledger-ai,Summer 2025,S25,2025,Real Estate and Construction,top
30685,ironledger-ai,Summer 2025,S25,2025,Housing and Real Estate,child
30648,tryjanet,Summer 2025,S25,2025,B2B,top
30769,juxta,Summer 2025,S25,2025,B2B,top
30762,kernel,Summer 2025,S25,2025,B2B,top
30762,kernel,Summer 2025,S25,2025,Infrastructure,child
30677,kalinda,Summer 2025,S25,2025,B2B,top
30677,kalinda,Summer 2025,S25,2025,Legal,child
30664,kestroll,Summer 2025,S25,2025,Consumer,top
30664,kestroll,Summer 2025,S25,2025,Content,child
30721,knowlify,Summer 2025,S25,2025,B2B,top
30625,llm-stats,Summer 2025,S25,2025,B2B,top
30625,llm-stats,Summer 2025,S25,2025,Infrastructure,child
30615,lanesurf,Summer 2025,S25,2025,B2B,top
30630,lark,Summer 2025,S25,2025,B2B,top
30630,lark,Summer 2025,S25,2025,"Engineering, Product and Design",child
30649,lilac,Summer 2025,S25,2025,B2B,top
30622,liva-ai,Summer 2025,S25,2025,B2B,top
30754,locata,Summer 2025,S25,2025,Healthcare,top
30754,locata,Summer 2025,S25,2025,Healthcare IT,child
30638,lotas,Summer 2025,S25,2025,B2B,top
30638,lotas,Summer 2025,S25,2025,Analytics,child
30804,luminal,Summer 2025,S25,2025,B2B,top
30804,luminal,Summer 2025,S25,2025,Infrastructure,child
30776,magnetic,Summer 2025,S25,2025,B2B,top
30776,magnetic,Summer 2025,S25,2025,Productivity,child
30660,magnitude,Summer 2025,S25,2025,B2B,top
30660,magnitude,Summer 2025,S25,2025,"Engineering, Product and Design",child
30608,mangodesk,Summer 2025,S25,2025,B2B,top
30710,manufact,Summer 2025,S25,2025,B2B,top
30710,manufact,Summer 2025,S25,2025,Infrastructure,child
30731,maximal,Summer 2025,S25,2025,B2B,top
30731,maximal,Summer 2025,S25,2025,Supply Chain and Logistics,child
30602,meteor,Summer 2025,S25,2025,Consumer,top
30740,metis,Summer 2025,S25,2025,B2B,top
30740,metis,Summer 2025,S25,2025,Infrastructure,child
30701,mimos,Summer 2025,S25,2025,B2B,top
30725,minimal-ai,Summer 2025,S25,2025,B2B,top
30777,modelence,Summer 2025,S25,2025,B2B,top
30777,modelence,Summer 2025,S25,2025,Infrastructure,child
30640,monarcha,Summer 2025,S25,2025,B2B,top
30352,monte,Summer 2025,S25,2025,B2B,top
30352,monte,Summer 2025,S25,2025,"Engineering, Product and Design",child
30713,motives,Summer 2025,S25,2025,B2B,top
30713,motives,Summer 2025,S25,2025,Marketing,child
30786,munify,Summer 2025,S25,2025,Fintech,top
30795,noso-labs,Summer 2025,S25,2025,Industrials,top
30733,nautilus,Summer 2025,S25,2025,B2B,top
30733,nautilus,Summer 2025,S25,2025,Sales,child
30673,nexa-labs,Summer 2025,S25,2025,Industrials,top
30673,nexa-labs,Summer 2025,S25,2025,Agriculture,child
30494,nixo,Summer 2025,S25,2025,B2B,top
30697,normal,Summer 2025,S25,2025,Industrials,top
30756,notte,Summer 2025,S25,2025,B2B,top
30709,novaflow,Summer 2025,S25,2025,Healthcare,top
30818,nox-metals,Summer 2025,S25,2025,Industrials,top
30818,nox-metals,Summer 2025,S25,2025,Manufacturing and Robotics,child
30700,nozomio,Summer 2025,S25,2025,Consumer,top
30643,nuntius,Summer 2025,S25,2025,B2B,top
30643,nuntius,Summer 2025,S25,2025,Infrastructure,child
30768,okibi,Summer 2025,S25,2025,B2B,top
30722,omnara,Summer 2025,S25,2025,B2B,top
30722,omnara,Summer 2025,S25,2025,"Engineering, Product and Design",child
30652,ondeck-ai,Summer 2025,S25,2025,B2B,top
30652,ondeck-ai,Summer 2025,S25,2025,Analytics,child
30686,onestop,Summer 2025,S25,2025,Consumer,top
30743,opennote,Summer 2025,S25,2025,Consumer,top
30642,orange-slice,Summer 2025,S25,2025,B2B,top
30642,orange-slice,Summer 2025,S25,2025,Sales,child
30736,pares-ai,Summer 2025,S25,2025,Real Estate and Construction,top
30755,pally,Summer 2025,S25,2025,B2B,top
30755,pally,Summer 2025,S25,2025,Productivity,child
30807,paloma,Summer 2025,S25,2025,B2B,top
30645,panels,Summer 2025,S25,2025,B2B,top
30645,panels,Summer 2025,S25,2025,"Engineering, Product and Design",child
30665,pangolin,Summer 2025,S25,2025,B2B,top
30665,pangolin,Summer 2025,S25,2025,Infrastructure,child
30671,panoptive,Summer 2025,S25,2025,B2B,top
30708,perseus-defense,Summer 2025,S25,2025,Industrials,top
30708,perseus-defense,Summer 2025,S25,2025,Defense,child
30778,perspectives-health,Summer 2025,S25,2025,Healthcare,top
30778,perspectives-health,Summer 2025,S25,2025,Healthcare IT,child
30707,phases,Summer 2025,S25,2025,Healthcare,top
30707,phases,Summer 2025,S25,2025,Healthcare IT,child
30703,physical-turing,Summer 2025,S25,2025,Industrials,top
30703,physical-turing,Summer 2025,S25,2025,Manufacturing and Robotics,child
30582,pingo,Summer 2025,S25,2025,Consumer,top
30623,playgent,Summer 2025,S25,2025,Healthcare,top
30623,playgent,Summer 2025,S25,2025,Healthcare IT,child
30748,pleom,Summer 2025,S25,2025,B2B,top
30748,pleom,Summer 2025,S25,2025,Analytics,child
30566,preseen,Summer 2025,S25,2025,B2B,top
30566,preseen,Summer 2025,S25,2025,Analytics,child
30719,procindex,Summer 2025,S25,2025,B2B,top
30719,procindex,Summer 2025,S25,2025,Finance and Accounting,child
30659,proliferate,Summer 2025,S25,2025,B2B,top
30659,proliferate,Summer 2025,S25,2025,"Engineering, Product and Design",child
30739,quotain,Summer 2025,S25,2025,B2B,top
30739,quotain,Summer 2025,S25,2025,Sales,child
30761,reacher,Summer 2025,S25,2025,B2B,top
30805,realroots,Summer 2025,S25,2025,Consumer,top
30805,realroots,Summer 2025,S25,2025,Social,child
30763,rebulk,Summer 2025,S25,2025,B2B,top
30763,rebulk,Summer 2025,S25,2025,Supply Chain and Logistics,child
30712,relling,Summer 2025,S25,2025,B2B,top
30712,relling,Summer 2025,S25,2025,Infrastructure,child
30724,risely-ai,Summer 2025,S25,2025,Education,top
30680,riverbank,Summer 2025,S25,2025,B2B,top
30680,riverbank,Summer 2025,S25,2025,Infrastructure,child
30785,rowflow,Summer 2025,S25,2025,B2B,top
30785,rowflow,Summer 2025,S25,2025,Operations,child
30798,ruvo,Summer 2025,S25,2025,Fintech,top
30796,outrove,Summer 2025,S25,2025,B2B,top
30413,serafis,Summer 2025,S25,2025,B2B,top
30619,shor,Summer 2025,S25,2025,Fintech,top
30619,shor,Summer 2025,S25,2025,Payments,child
30744,sigmanticai,Summer 2025,S25,2025,B2B,top
30744,sigmanticai,Summer 2025,S25,2025,"Engineering, Product and Design",child
30742,sira,Summer 2025,S25,2025,B2B,top
30742,sira,Summer 2025,S25,2025,Human Resources,child
30669,slashy,Summer 2025,S25,2025,B2B,top
30669,slashy,Summer 2025,S25,2025,Productivity,child
30726,socratix-ai,Summer 2025,S25,2025,B2B,top
30726,socratix-ai,Summer 2025,S25,2025,Operations,child
30706,solva,Summer 2025,S25,2025,Fintech,top
30706,solva,Summer 2025,S25,2025,Insurance,child
30791,spotlight-realty,Summer 2025,S25,2025,Real Estate and Construction,top
30676,stellon-labs,Summer 2025,S25,2025,B2B,top
30676,stellon-labs,Summer 2025,S25,2025,"Engineering, Product and Design",child
30661,stockline,Summer 2025,S25,2025,B2B,top
29697,stormy,Summer 2025,S25,2025,B2B,top
29697,stormy,Summer 2025,S25,2025,Operations,child
30520,synthetic-society,Summer 2025,S25,2025,B2B,top
30520,synthetic-society,Summer 2025,S25,2025,"Engineering, Product and Design",child
30782,tectoai,Summer 2025,S25,2025,B2B,top
30663,tesora,Summer 2025,S25,2025,Fintech,top
30663,tesora,Summer 2025,S25,2025,Insurance,child
30607,the-prompting-company,Summer 2025,S25,2025,B2B,top
30607,the-prompting-company,Summer 2025,S25,2025,Marketing,child
30683,theora,Summer 2025,S25,2025,B2B,top
30683,theora,Summer 2025,S25,2025,Analytics,child
30629,topological,Summer 2025,S25,2025,B2B,top
30629,topological,Summer 2025,S25,2025,"Engineering, Product and Design",child
30687,trace-so,Summer 2025,S25,2025,B2B,top
30687,trace-so,Summer 2025,S25,2025,Productivity,child
30610,traceroot-ai,Summer 2025,S25,2025,B2B,top
30610,traceroot-ai,Summer 2025,S25,2025,"Engineering, Product and Design",child
30702,twentytwo,Summer 2025,S25,2025,Healthcare,top
30702,twentytwo,Summer 2025,S25,2025,Industrial Bio,child
30806,uplift-ai,Summer 2025,S25,2025,B2B,top
30797,veritus,Summer 2025,S25,2025,Fintech,top
30797,veritus,Summer 2025,S25,2025,Credit and Lending,child
30624,verne-robotics,Summer 2025,S25,2025,Industrials,top
30624,verne-robotics,Summer 2025,S25,2025,Manufacturing and Robotics,child
30699,vibeflow,Summer 2025,S25,2025,B2B,top
30794,vulcan-technologies,Summer 2025,S25,2025,B2B,top
30794,vulcan-technologies,Summer 2025,S25,2025,Legal,child
30644,wafer,Summer 2025,S25,2025,B2B,top
30644,wafer,Summer 2025,S25,2025,"Engineering, Product and Design",child
30364,wayline,Summer 2025,S25,2025,Real Estate and Construction,top
30668,wedge,Summer 2025,S25,2025,Healthcare,top
30616,args,Summer 2025,S25,2025,B2B,top
30616,args,Summer 2025,S25,2025,Productivity,child
30689,b12-labs,Summer 2025,S25,2025,Healthcare,top
30689,b12-labs,Summer 2025,S25,2025,Drug Discovery and Delivery,child
30634,bitrig,Summer 2025,S25,2025,B2B,top
30634,bitrig,Summer 2025,S25,2025,"Engineering, Product and Design",child
30801,burnt,Summer 2025,S25,2025,B2B,top
30801,burnt,Summer 2025,S25,2025,Supply Chain and Logistics,child
30670,cocreate,Summer 2025,S25,2025,Consumer,top
30670,cocreate,Summer 2025,S25,2025,Content,child
30730,idler,Summer 2025,S25,2025,B2B,top
30730,idler,Summer 2025,S25,2025,"Engineering, Product and Design",child
30772,stagewise,Summer 2025,S25,2025,B2B,top
30772,stagewise,Summer 2025,S25,2025,"Engineering, Product and Design",child
30612,truthsystems,Summer 2025,S25,2025,B2B,top
30612,truthsystems,Summer 2025,S25,2025,Infrastructure,child
30958,absurd,Fall 2025,F25,2025,B2B,top
30958,absurd,Fall 2025,F25,2025,Marketing,child
30837,aircaps,Fall 2025,F25,2025,Consumer,top
30910,aleph-lab,Fall 2025,F25,2025,Consumer,top
30895,allus-ai,Fall 2025,F25,2025,Industrials,top
30895,allus-ai,Fall 2025,F25,2025,Manufacturing and Robotics,child
30992,amera,Fall 2025,F25,2025,Fintech,top
30992,amera,Fall 2025,F25,2025,Insurance,child
31010,amika,Fall 2025,F25,2025,B2B,top
31010,amika,Fall 2025,F25,2025,Infrastructure,child
30890,answerthis,Fall 2025,F25,2025,Consumer,top
30999,antigen,Fall 2025,F25,2025,B2B,top
30999,antigen,Fall 2025,F25,2025,"Engineering, Product and Design",child
30937,anto-biosciences,Fall 2025,F25,2025,Healthcare,top
30943,aside,Fall 2025,F25,2025,Consumer,top
30857,aspect-inc,Fall 2025,F25,2025,B2B,top
30857,aspect-inc,Fall 2025,F25,2025,"Engineering, Product and Design",child
30882,atlasgrid,Fall 2025,F25,2025,B2B,top
30882,atlasgrid,Fall 2025,F25,2025,"Engineering, Product and Design",child
30956,automax-ai,Fall 2025,F25,2025,Real Estate and Construction,top
30956,automax-ai,Fall 2025,F25,2025,Housing and Real Estate,child
30591,autonomous-technologies-group,Fall 2025,F25,2025,Fintech,top
30996,axial,Fall 2025,F25,2025,Industrials,top
30996,axial,Fall 2025,F25,2025,Manufacturing and Robotics,child
30989,bluma,Fall 2025,F25,2025,B2B,top
30989,bluma,Fall 2025,F25,2025,Marketing,child
30853,bolna-ai,Fall 2025,F25,2025,B2B,top
30982,boom-ai,Fall 2025,F25,2025,B2B,top
30917,bravi,Fall 2025,F25,2025,B2B,top
30835,brickanta,Fall 2025,F25,2025,B2B,top
30835,brickanta,Fall 2025,F25,2025,Infrastructure,child
30847,brickwise,Fall 2025,F25,2025,Real Estate and Construction,top
30847,brickwise,Fall 2025,F25,2025,Housing and Real Estate,child
30871,bron,Fall 2025,F25,2025,Consumer,top
30861,caddy,Fall 2025,F25,2025,B2B,top
30861,caddy,Fall 2025,F25,2025,"Engineering, Product and Design",child
30924,casey,Fall 2025,F25,2025,Fintech,top
30924,casey,Fall 2025,F25,2025,Insurance,child
30957,clad-labs,Fall 2025,F25,2025,B2B,top
30886,clerked,Fall 2025,F25,2025,B2B,top
31002,clicks-health,Fall 2025,F25,2025,B2B,top
31002,clicks-health,Fall 2025,F25,2025,Productivity,child
31022,coasts,Fall 2025,F25,2025,B2B,top
31022,coasts,Fall 2025,F25,2025,"Engineering, Product and Design",child
30919,codyco,Fall 2025,F25,2025,B2B,top
30918,complydo,Fall 2025,F25,2025,B2B,top
30918,complydo,Fall 2025,F25,2025,Legal,child
30921,compyle,Fall 2025,F25,2025,B2B,top
30921,compyle,Fall 2025,F25,2025,"Engineering, Product and Design",child
30930,cortex-ai,Fall 2025,F25,2025,Industrials,top
30930,cortex-ai,Fall 2025,F25,2025,Manufacturing and Robotics,child
30878,cranston-ai,Fall 2025,F25,2025,B2B,top
30878,cranston-ai,Fall 2025,F25,2025,Finance and Accounting,child
30949,crunched,Fall 2025,F25,2025,B2B,top
30949,crunched,Fall 2025,F25,2025,Finance and Accounting,child
30858,deeptrace,Fall 2025,F25,2025,B2B,top
30962,denki,Fall 2025,F25,2025,B2B,top
30962,denki,Fall 2025,F25,2025,Finance and Accounting,child
30816,digipals,Fall 2025,F25,2025,Consumer,top
30816,digipals,Fall 2025,F25,2025,Social,child
30993,diligencesquared-inc,Fall 2025,F25,2025,B2B,top
30993,diligencesquared-inc,Fall 2025,F25,2025,Analytics,child
31004,dome,Fall 2025,F25,2025,B2B,top
31004,dome,Fall 2025,F25,2025,Infrastructure,child
30821,efference,Fall 2025,F25,2025,Industrials,top
30821,efference,Fall 2025,F25,2025,Manufacturing and Robotics,child
30940,everest,Fall 2025,F25,2025,Consumer,top
30970,exonic,Fall 2025,F25,2025,Healthcare,top
30970,exonic,Fall 2025,F25,2025,Drug Discovery and Delivery,child
30939,expected-parrot,Fall 2025,F25,2025,B2B,top
31001,fastshot,Fall 2025,F25,2025,B2B,top
31001,fastshot,Fall 2025,F25,2025,"Engineering, Product and Design",child
30749,fernstone,Fall 2025,F25,2025,Fintech,top
30749,fernstone,Fall 2025,F25,2025,Insurance,child
30569,fifth-door,Fall 2025,F25,2025,Consumer,top
30569,fifth-door,Fall 2025,F25,2025,Gaming,child
30884,flick,Fall 2025,F25,2025,Consumer,top
30884,flick,Fall 2025,F25,2025,Content,child
30991,forge-robotics,Fall 2025,F25,2025,Industrials,top
30991,forge-robotics,Fall 2025,F25,2025,Manufacturing and Robotics,child
30981,freeport-markets,Fall 2025,F25,2025,Fintech,top
30981,freeport-markets,Fall 2025,F25,2025,Consumer Finance,child
29161,goldbridge,Fall 2025,F25,2025,Real Estate and Construction,top
29161,goldbridge,Fall 2025,F25,2025,Housing and Real Estate,child
30911,helonic,Fall 2025,F25,2025,Real Estate and Construction,top
30911,helonic,Fall 2025,F25,2025,Construction,child
30879,hypercubic,Fall 2025,F25,2025,B2B,top
30854,hyperspell,Fall 2025,F25,2025,B2B,top
30854,hyperspell,Fall 2025,F25,2025,Infrastructure,child
30965,icarus,Fall 2025,F25,2025,Industrials,top
30965,icarus,Fall 2025,F25,2025,Defense,child
30938,imagine-ai,Fall 2025,F25,2025,B2B,top
30938,imagine-ai,Fall 2025,F25,2025,Sales,child
30972,jarmin,Fall 2025,F25,2025,B2B,top
30869,kaigo-health,Fall 2025,F25,2025,Healthcare,top
30869,kaigo-health,Fall 2025,F25,2025,Healthcare IT,child
30959,kalpa-labs,Fall 2025,F25,2025,B2B,top
30966,karumi,Fall 2025,F25,2025,B2B,top
30966,karumi,Fall 2025,F25,2025,Sales,child
30903,kestrel-ai,Fall 2025,F25,2025,B2B,top
30903,kestrel-ai,Fall 2025,F25,2025,Security,child
30870,koyal,Fall 2025,F25,2025,Consumer,top
30870,koyal,Fall 2025,F25,2025,Content,child
30888,lakonia,Fall 2025,F25,2025,Government,top
30822,lapis,Fall 2025,F25,2025,B2B,top
30822,lapis,Fall 2025,F25,2025,Marketing,child
30983,layers,Fall 2025,F25,2025,Healthcare,top
30983,layers,Fall 2025,F25,2025,Consumer Health and Wellness,child
30932,leadbay,Fall 2025,F25,2025,B2B,top
30932,leadbay,Fall 2025,F25,2025,Sales,child
30969,uselemma,Fall 2025,F25,2025,B2B,top
30969,uselemma,Fall 2025,F25,2025,"Engineering, Product and Design",child
30920,lexi,Fall 2025,F25,2025,B2B,top
30920,lexi,Fall 2025,F25,2025,Legal,child
30987,lightberry,Fall 2025,F25,2025,Industrials,top
30987,lightberry,Fall 2025,F25,2025,Manufacturing and Robotics,child
30859,locus,Fall 2025,F25,2025,B2B,top
30859,locus,Fall 2025,F25,2025,"Engineering, Product and Design",child
30907,logical,Fall 2025,F25,2025,B2B,top
30907,logical,Fall 2025,F25,2025,Productivity,child
30900,logosguard,Fall 2025,F25,2025,B2B,top
30948,lua-global-inc,Fall 2025,F25,2025,B2B,top
30997,lunabill,Fall 2025,F25,2025,Healthcare,top
30997,lunabill,Fall 2025,F25,2025,Healthcare IT,child
30865,lunavo,Fall 2025,F25,2025,B2B,top
30865,lunavo,Fall 2025,F25,2025,Supply Chain and Logistics,child
30849,movedot,Fall 2025,F25,2025,B2B,top
30849,movedot,Fall 2025,F25,2025,"Engineering, Product and Design",child
26144,mspilot,Fall 2025,F25,2025,B2B,top
26144,mspilot,Fall 2025,F25,2025,"Engineering, Product and Design",child
30975,madethis,Fall 2025,F25,2025,B2B,top
30975,madethis,Fall 2025,F25,2025,Operations,child
31005,markit,Fall 2025,F25,2025,B2B,top
31005,markit,Fall 2025,F25,2025,Operations,child
31020,mayflower,Fall 2025,F25,2025,Government,top
30960,metorial,Fall 2025,F25,2025,B2B,top
30978,miniswap,Fall 2025,F25,2025,Consumer,top
30978,miniswap,Fall 2025,F25,2025,Gaming,child
30874,minro,Fall 2025,F25,2025,B2B,top
30874,minro,Fall 2025,F25,2025,"Engineering, Product and Design",child
30812,mixy,Fall 2025,F25,2025,Consumer,top
31008,moss,Fall 2025,F25,2025,B2B,top
30896,multifactor,Fall 2025,F25,2025,B2B,top
30896,multifactor,Fall 2025,F25,2025,Security,child
30950,usenarrative,Fall 2025,F25,2025,B2B,top
30950,usenarrative,Fall 2025,F25,2025,Marketing,child
30880,nessie,Fall 2025,F25,2025,Consumer,top
30852,gpt,Fall 2025,F25,2025,B2B,top
30889,nivara,Fall 2025,F25,2025,B2B,top
30889,nivara,Fall 2025,F25,2025,Finance and Accounting,child
30657,nori,Fall 2025,F25,2025,Healthcare,top
30657,nori,Fall 2025,F25,2025,Consumer Health and Wellness,child
30868,norra,Fall 2025,F25,2025,Healthcare,top
30933,nucleo,Fall 2025,F25,2025,Healthcare,top
30631,null-labs,Fall 2025,F25,2025,Industrials,top
30631,null-labs,Fall 2025,F25,2025,Defense,child
31011,openroll,Fall 2025,F25,2025,B2B,top
30604,parametric,Fall 2025,F25,2025,Industrials,top
30604,parametric,Fall 2025,F25,2025,Manufacturing and Robotics,child
30848,parrot,Fall 2025,F25,2025,Consumer,top
30846,parse-bot,Fall 2025,F25,2025,B2B,top
30936,patent-watch,Fall 2025,F25,2025,B2B,top
30967,perseus,Fall 2025,F25,2025,B2B,top
30967,perseus,Fall 2025,F25,2025,"Engineering, Product and Design",child
30947,philon,Fall 2025,F25,2025,Industrials,top
30947,philon,Fall 2025,F25,2025,Manufacturing and Robotics,child
29763,piggy-robotics,Fall 2025,F25,2025,Industrials,top
29763,piggy-robotics,Fall 2025,F25,2025,Manufacturing and Robotics,child
30931,pixley-ai,Fall 2025,F25,2025,Consumer,top
30931,pixley-ai,Fall 2025,F25,2025,Content,child
30925,play-health,Fall 2025,F25,2025,Healthcare,top
30592,prox,Fall 2025,F25,2025,B2B,top
30592,prox,Fall 2025,F25,2025,Retail,child
30929,radiusbrowser,Fall 2025,F25,2025,B2B,top
30929,radiusbrowser,Fall 2025,F25,2025,"Engineering, Product and Design",child
30912,redapto,Fall 2025,F25,2025,B2B,top
30953,relaw,Fall 2025,F25,2025,B2B,top
30829,remedy,Fall 2025,F25,2025,Healthcare,top
31013,rivet-design,Fall 2025,F25,2025,B2B,top
31013,rivet-design,Fall 2025,F25,2025,"Engineering, Product and Design",child
30977,rovi-health,Fall 2025,F25,2025,Healthcare,top
30916,rovr,Fall 2025,F25,2025,B2B,top
30916,rovr,Fall 2025,F25,2025,"Engineering, Product and Design",child
30891,sf-tensor,Fall 2025,F25,2025,B2B,top
30891,sf-tensor,Fall 2025,F25,2025,Infrastructure,child
30964,savahq,Fall 2025,F25,2025,Fintech,top
30899,sciloop,Fall 2025,F25,2025,B2B,top
30899,sciloop,Fall 2025,F25,2025,Infrastructure,child
30856,scoop,Fall 2025,F25,2025,B2B,top
30942,scott-ai,Fall 2025,F25,2025,B2B,top
30922,selfin,Fall 2025,F25,2025,Fintech,top
30922,selfin,Fall 2025,F25,2025,Consumer Finance,child
30887,sellraze,Fall 2025,F25,2025,Consumer,top
30885,semble,Fall 2025,F25,2025,B2B,top
30828,semiotic,Fall 2025,F25,2025,B2B,top
30828,semiotic,Fall 2025,F25,2025,"Engineering, Product and Design",child
30862,sorce,Fall 2025,F25,2025,B2B,top
30862,sorce,Fall 2025,F25,2025,Human Resources,child
30867,soren,Fall 2025,F25,2025,B2B,top
30946,sourcebot,Fall 2025,F25,2025,B2B,top
30946,sourcebot,Fall 2025,F25,2025,"Engineering, Product and Design",child
30954,specific,Fall 2025,F25,2025,B2B,top
30954,specific,Fall 2025,F25,2025,"Engineering, Product and Design",child
31009,specific-labs,Fall 2025,F25,2025,B2B,top
30845,structured-ai,Fall 2025,F25,2025,Real Estate and Construction,top
30845,structured-ai,Fall 2025,F25,2025,Construction,child
30851,sylvian,Fall 2025,F25,2025,B2B,top
30873,tell-if-ai,Fall 2025,F25,2025,B2B,top
30873,tell-if-ai,Fall 2025,F25,2025,Marketing,child
30863,the-context-company,Fall 2025,F25,2025,B2B,top
30863,the-context-company,Fall 2025,F25,2025,"Engineering, Product and Design",child
30986,the-hog,Fall 2025,F25,2025,B2B,top
30986,the-hog,Fall 2025,F25,2025,Marketing,child
30928,thesis,Fall 2025,F25,2025,Industrials,top
30928,thesis,Fall 2025,F25,2025,Manufacturing and Robotics,child
30934,tornyol,Fall 2025,F25,2025,Consumer,top
30934,tornyol,Fall 2025,F25,2025,Consumer Electronics,child
30877,trelium,Fall 2025,F25,2025,B2B,top
30894,unsiloed-ai,Fall 2025,F25,2025,B2B,top
30844,uplane,Fall 2025,F25,2025,B2B,top
30844,uplane,Fall 2025,F25,2025,Marketing,child
30995,velvet,Fall 2025,F25,2025,B2B,top
30875,veria-labs,Fall 2025,F25,2025,B2B,top
30875,veria-labs,Fall 2025,F25,2025,Security,child
30881,wardstone,Fall 2025,F25,2025,Industrials,top
30881,wardstone,Fall 2025,F25,2025,Aviation and Space,child
30945,zalos,Fall 2025,F25,2025,B2B,top
30945,zalos,Fall 2025,F25,2025,Operations,child
31007,zarna,Fall 2025,F25,2025,B2B,top
31007,zarna,Fall 2025,F25,2025,Finance and Accounting,child
30850,zavo,Fall 2025,F25,2025,Fintech,top
30850,zavo,Fall 2025,F25,2025,Payments,child
31021,zephyr-fusion,Fall 2025,F25,2025,Industrials,top
31021,zephyr-fusion,Fall 2025,F25,2025,Energy,child
30864,daridev,Fall 2025,F25,2025,B2B,top
30864,daridev,Fall 2025,F25,2025,"Engineering, Product and Design",child
30883,hillclimb,Fall 2025,F25,2025,B2B,top
30883,hillclimb,Fall 2025,F25,2025,"Engineering, Product and Design",child
31018,item,Fall 2025,F25,2025,B2B,top
31018,item,Fall 2025,F25,2025,Sales,child
30935,s2-dev,Fall 2025,F25,2025,B2B,top
30935,s2-dev,Fall 2025,F25,2025,Infrastructure,child
31118,devfast,Winter 2026,W26,2026,B2B,top
31098,10x-science,Winter 2026,W26,2026,B2B,top
31123,21st,Winter 2026,W26,2026,B2B,top
31123,21st,Winter 2026,W26,2026,"Engineering, Product and Design",child
31054,arc-prize-foundation,Winter 2026,W26,2026,Industrials,top
31138,aemon,Winter 2026,W26,2026,B2B,top
30906,agentic-fabriq,Winter 2026,W26,2026,B2B,top
30906,agentic-fabriq,Winter 2026,W26,2026,Security,child
30860,alt-x,Winter 2026,W26,2026,Fintech,top
31231,anchorhead,Winter 2026,W26,2026,B2B,top
31231,anchorhead,Winter 2026,W26,2026,"Engineering, Product and Design",child
31192,approxima,Winter 2026,W26,2026,B2B,top
31192,approxima,Winter 2026,W26,2026,"Engineering, Product and Design",child
31139,ashr,Winter 2026,W26,2026,B2B,top
31095,asimov,Winter 2026,W26,2026,Industrials,top
31095,asimov,Winter 2026,W26,2026,Manufacturing and Robotics,child
31292,aurorin-cad,Winter 2026,W26,2026,B2B,top
31292,aurorin-cad,Winter 2026,W26,2026,"Engineering, Product and Design",child
31130,autositu,Winter 2026,W26,2026,B2B,top
31130,autositu,Winter 2026,W26,2026,Legal,child
30715,autumn-ai,Winter 2026,W26,2026,B2B,top
30715,autumn-ai,Winter 2026,W26,2026,Infrastructure,child
31121,avoice,Winter 2026,W26,2026,B2B,top
31209,axionorbital-space,Winter 2026,W26,2026,Industrials,top
31209,axionorbital-space,Winter 2026,W26,2026,Aviation and Space,child
31092,axis-2,Winter 2026,W26,2026,Fintech,top
31236,getbalance,Winter 2026,W26,2026,B2B,top
31236,getbalance,Winter 2026,W26,2026,Finance and Accounting,child
31107,baseframe,Winter 2026,W26,2026,B2B,top
31109,beacon-health,Winter 2026,W26,2026,Healthcare,top
31248,beesafe-ai,Winter 2026,W26,2026,B2B,top
31248,beesafe-ai,Winter 2026,W26,2026,Security,child
31142,beyond-reach-labs,Winter 2026,W26,2026,Industrials,top
31142,beyond-reach-labs,Winter 2026,W26,2026,Aviation and Space,child
30620,bidflow,Winter 2026,W26,2026,Real Estate and Construction,top
30620,bidflow,Winter 2026,W26,2026,Construction,child
31242,booko,Winter 2026,W26,2026,B2B,top
31285,brumby,Winter 2026,W26,2026,Industrials,top
31285,brumby,Winter 2026,W26,2026,Agriculture,child
31215,bubble-lab,Winter 2026,W26,2026,B2B,top
31215,bubble-lab,Winter 2026,W26,2026,Operations,child
31112,burt,Winter 2026,W26,2026,B2B,top
31112,burt,Winter 2026,W26,2026,Supply Chain and Logistics,child
30770,button-computer,Winter 2026,W26,2026,B2B,top
30770,button-computer,Winter 2026,W26,2026,"Engineering, Product and Design",child
31213,byteport,Winter 2026,W26,2026,B2B,top
31170,cajal-technologies,Winter 2026,W26,2026,B2B,top
31256,canary,Winter 2026,W26,2026,B2B,top
31256,canary,Winter 2026,W26,2026,"Engineering, Product and Design",child
30913,captain,Winter 2026,W26,2026,B2B,top
30913,captain,Winter 2026,W26,2026,Infrastructure,child
31178,cardboard,Winter 2026,W26,2026,B2B,top
31311,trycardinal-ai,Winter 2026,W26,2026,B2B,top
31207,caretta,Winter 2026,W26,2026,B2B,top
31207,caretta,Winter 2026,W26,2026,Sales,child
31295,carrot-labs,Winter 2026,W26,2026,B2B,top
31110,cascade,Winter 2026,W26,2026,B2B,top
31110,cascade,Winter 2026,W26,2026,Infrastructure,child
31040,catchback-cards,Winter 2026,W26,2026,Consumer,top
31040,catchback-cards,Winter 2026,W26,2026,Gaming,child
31113,celltype,Winter 2026,W26,2026,Healthcare,top
31113,celltype,Winter 2026,W26,2026,Drug Discovery and Delivery,child
31185,chamber,Winter 2026,W26,2026,B2B,top
31185,chamber,Winter 2026,W26,2026,Infrastructure,child
31233,chasi,Winter 2026,W26,2026,B2B,top
31025,claimglide,Winter 2026,W26,2026,Healthcare,top
31025,claimglide,Winter 2026,W26,2026,Healthcare Services,child
31140,codewisp,Winter 2026,W26,2026,Consumer,top
31140,codewisp,Winter 2026,W26,2026,Gaming,child
31104,cofia,Winter 2026,W26,2026,B2B,top
31104,cofia,Winter 2026,W26,2026,Productivity,child
31164,compresr,Winter 2026,W26,2026,B2B,top
31164,compresr,Winter 2026,W26,2026,Infrastructure,child
31303,condor-energy,Winter 2026,W26,2026,Industrials,top
31303,condor-energy,Winter 2026,W26,2026,Energy,child
31162,confluence-labs,Winter 2026,W26,2026,B2B,top
31196,congruent,Winter 2026,W26,2026,Industrials,top
31212,constellation-space,Winter 2026,W26,2026,B2B,top
31212,constellation-space,Winter 2026,W26,2026,Analytics,child
31260,copperlane,Winter 2026,W26,2026,Fintech,top
31260,copperlane,Winter 2026,W26,2026,Credit and Lending,child
31241,corelayer,Winter 2026,W26,2026,B2B,top
31241,corelayer,Winter 2026,W26,2026,"Engineering, Product and Design",child
31051,corvera,Winter 2026,W26,2026,B2B,top
31051,corvera,Winter 2026,W26,2026,Operations,child
31016,crosslayer-labs,Winter 2026,W26,2026,B2B,top
31016,crosslayer-labs,Winter 2026,W26,2026,Security,child
31128,cumulus-labs,Winter 2026,W26,2026,B2B,top
31128,cumulus-labs,Winter 2026,W26,2026,Infrastructure,child
31287,daivin,Winter 2026,W26,2026,Industrials,top
31287,daivin,Winter 2026,W26,2026,Defense,child
31080,didit,Winter 2026,W26,2026,B2B,top
31080,didit,Winter 2026,W26,2026,Infrastructure,child
31225,ditto-biosciences,Winter 2026,W26,2026,Healthcare,top
31225,ditto-biosciences,Winter 2026,W26,2026,Drug Discovery and Delivery,child
31090,docura-health,Winter 2026,W26,2026,Healthcare,top
31229,doomersion,Winter 2026,W26,2026,Consumer,top
31149,eigenpal,Winter 2026,W26,2026,B2B,top
31149,eigenpal,Winter 2026,W26,2026,Operations,child
31199,emdash,Winter 2026,W26,2026,B2B,top
31199,emdash,Winter 2026,W26,2026,Productivity,child
31186,end-close,Winter 2026,W26,2026,B2B,top
31186,end-close,Winter 2026,W26,2026,Finance and Accounting,child
31111,envariant,Winter 2026,W26,2026,B2B,top
31058,eos-ai,Winter 2026,W26,2026,Healthcare,top
31247,fed10,Winter 2026,W26,2026,B2B,top
31247,fed10,Winter 2026,W26,2026,Legal,child
31187,fenrock-ai,Winter 2026,W26,2026,Fintech,top
31187,fenrock-ai,Winter 2026,W26,2026,Banking and Exchange,child
31152,fern-bot,Winter 2026,W26,2026,B2B,top
31152,fern-bot,Winter 2026,W26,2026,Infrastructure,child
31289,fixture,Winter 2026,W26,2026,B2B,top
31289,fixture,Winter 2026,W26,2026,Sales,child
31243,foreman,Winter 2026,W26,2026,Real Estate and Construction,top
31239,fort,Winter 2026,W26,2026,Consumer,top
31239,fort,Winter 2026,W26,2026,Consumer Electronics,child
31204,forum,Winter 2026,W26,2026,Fintech,top
31048,fullseam,Winter 2026,W26,2026,B2B,top
31048,fullseam,Winter 2026,W26,2026,Finance and Accounting,child
30635,galactic-resource-utilization-space-inc-gru-space,Winter 2026,W26,2026,Industrials,top
30635,galactic-resource-utilization-space-inc-gru-space,Winter 2026,W26,2026,Aviation and Space,child
30973,generalastro,Winter 2026,W26,2026,Industrials,top
30973,generalastro,Winter 2026,W26,2026,Aviation and Space,child
31240,general-legal,Winter 2026,W26,2026,B2B,top
31240,general-legal,Winter 2026,W26,2026,Legal,child
31255,grade,Winter 2026,W26,2026,Fintech,top
31030,haladir,Winter 2026,W26,2026,B2B,top
31030,haladir,Winter 2026,W26,2026,Supply Chain and Logistics,child
31062,hlabs,Winter 2026,W26,2026,Industrials,top
31205,human-archive,Winter 2026,W26,2026,Industrials,top
31205,human-archive,Winter 2026,W26,2026,Manufacturing and Robotics,child
31165,brownie,Winter 2026,W26,2026,B2B,top
31165,brownie,Winter 2026,W26,2026,Infrastructure,child
31168,instinct-xyz,Winter 2026,W26,2026,Fintech,top
31197,inventoryquant,Winter 2026,W26,2026,B2B,top
31023,inviscid-ai,Winter 2026,W26,2026,Industrials,top
31023,inviscid-ai,Winter 2026,W26,2026,Energy,child
31179,jinba,Winter 2026,W26,2026,B2B,top
31274,khotan,Winter 2026,W26,2026,B2B,top
31274,khotan,Winter 2026,W26,2026,Supply Chain and Logistics,child
31083,kita,Winter 2026,W26,2026,Fintech,top
31084,klaus-ai,Winter 2026,W26,2026,B2B,top
31084,klaus-ai,Winter 2026,W26,2026,Infrastructure,child
31120,kyten-technologies,Winter 2026,W26,2026,Industrials,top
31120,kyten-technologies,Winter 2026,W26,2026,Manufacturing and Robotics,child
31089,lance,Winter 2026,W26,2026,B2B,top
31173,laurence,Winter 2026,W26,2026,B2B,top
31173,laurence,Winter 2026,W26,2026,Analytics,child
31101,legalos,Winter 2026,W26,2026,B2B,top
31101,legalos,Winter 2026,W26,2026,Legal,child
31094,lexius,Winter 2026,W26,2026,B2B,top
31094,lexius,Winter 2026,W26,2026,Security,child
31087,lucent,Winter 2026,W26,2026,B2B,top
31137,luel,Winter 2026,W26,2026,B2B,top
31137,luel,Winter 2026,W26,2026,Infrastructure,child
31160,mango-medical-inc,Winter 2026,W26,2026,Healthcare,top
31160,mango-medical-inc,Winter 2026,W26,2026,Healthcare IT,child
31036,mantis,Winter 2026,W26,2026,B2B,top
31036,mantis,Winter 2026,W26,2026,Infrastructure,child
31306,martini,Winter 2026,W26,2026,B2B,top
31306,martini,Winter 2026,W26,2026,"Engineering, Product and Design",child
31253,maven,Winter 2026,W26,2026,B2B,top
31253,maven,Winter 2026,W26,2026,Infrastructure,child
31188,maywood,Winter 2026,W26,2026,Fintech,top
31188,maywood,Winter 2026,W26,2026,Banking and Exchange,child
31210,mendral,Winter 2026,W26,2026,B2B,top
28879,menza,Winter 2026,W26,2026,B2B,top
28879,menza,Winter 2026,W26,2026,Analytics,child
31144,milliray,Winter 2026,W26,2026,Industrials,top
31144,milliray,Winter 2026,W26,2026,Drones,child
31091,mirabelle,Winter 2026,W26,2026,Consumer,top
31091,mirabelle,Winter 2026,W26,2026,Consumer Electronics,child
31269,mochacare,Winter 2026,W26,2026,B2B,top
31269,mochacare,Winter 2026,W26,2026,Operations,child
31252,moda,Winter 2026,W26,2026,B2B,top
31252,moda,Winter 2026,W26,2026,Infrastructure,child
31146,moritz,Winter 2026,W26,2026,B2B,top
31146,moritz,Winter 2026,W26,2026,Legal,child
31132,mousecat,Winter 2026,W26,2026,B2B,top
31019,ndea-com,Winter 2026,W26,2026,Industrials,top
31141,octapulse,Winter 2026,W26,2026,Industrials,top
31141,octapulse,Winter 2026,W26,2026,Climate,child
31081,one-robot,Winter 2026,W26,2026,Industrials,top
31081,one-robot,Winter 2026,W26,2026,Manufacturing and Robotics,child
31163,opalite-health,Winter 2026,W26,2026,Healthcare,top
31116,openspec,Winter 2026,W26,2026,B2B,top
31284,origami-robotics,Winter 2026,W26,2026,Industrials,top
31064,origin-bio,Winter 2026,W26,2026,Healthcare,top
31064,origin-bio,Winter 2026,W26,2026,Drug Discovery and Delivery,child
31154,orthogonal,Winter 2026,W26,2026,B2B,top
31154,orthogonal,Winter 2026,W26,2026,Infrastructure,child
31283,ossus,Winter 2026,W26,2026,B2B,top
31283,ossus,Winter 2026,W26,2026,Infrastructure,child
30641,overdrive-health,Winter 2026,W26,2026,Healthcare,top
30641,overdrive-health,Winter 2026,W26,2026,Healthcare Services,child
31171,overshoot,Winter 2026,W26,2026,B2B,top
31208,oximy,Winter 2026,W26,2026,B2B,top
31208,oximy,Winter 2026,W26,2026,Infrastructure,child
30927,oxus,Winter 2026,W26,2026,B2B,top
31126,palus-finance,Winter 2026,W26,2026,Fintech,top
31077,panta,Winter 2026,W26,2026,Fintech,top
31077,panta,Winter 2026,W26,2026,Insurance,child
31174,parameter,Winter 2026,W26,2026,B2B,top
31174,parameter,Winter 2026,W26,2026,Security,child
31183,patientdeskai,Winter 2026,W26,2026,Healthcare,top
31183,patientdeskai,Winter 2026,W26,2026,Healthcare IT,child
31175,pax-historia,Winter 2026,W26,2026,Consumer,top
31175,pax-historia,Winter 2026,W26,2026,Gaming,child
31066,payna,Winter 2026,W26,2026,B2B,top
31153,perfectly,Winter 2026,W26,2026,B2B,top
31153,perfectly,Winter 2026,W26,2026,Recruiting and Talent,child
31114,pirislabs,Winter 2026,W26,2026,B2B,top
31114,pirislabs,Winter 2026,W26,2026,Infrastructure,child
31214,pocket,Winter 2026,W26,2026,Consumer,top
30765,pollen,Winter 2026,W26,2026,B2B,top
30765,pollen,Winter 2026,W26,2026,Operations,child
31217,polymath,Winter 2026,W26,2026,B2B,top
31275,polymorph,Winter 2026,W26,2026,B2B,top
31177,prana-health,Winter 2026,W26,2026,Healthcare,top
31177,prana-health,Winter 2026,W26,2026,Consumer Health and Wellness,child
31106,protent,Winter 2026,W26,2026,B2B,top
31106,protent,Winter 2026,W26,2026,Security,child
31169,proximitty,Winter 2026,W26,2026,Fintech,top
31169,proximitty,Winter 2026,W26,2026,Credit and Lending,child
31155,q2q,Winter 2026,W26,2026,B2B,top
31155,q2q,Winter 2026,W26,2026,Finance and Accounting,child
31082,quotient-labs,Winter 2026,W26,2026,B2B,top
31082,quotient-labs,Winter 2026,W26,2026,Productivity,child
31097,rev1,Winter 2026,W26,2026,B2B,top
31097,rev1,Winter 2026,W26,2026,"Engineering, Product and Design",child
31145,ramain,Winter 2026,W26,2026,B2B,top
31195,usereframe,Winter 2026,W26,2026,B2B,top
31195,usereframe,Winter 2026,W26,2026,"Engineering, Product and Design",child
31302,remix-3,Winter 2026,W26,2026,Consumer,top
31232,remy-ai,Winter 2026,W26,2026,Industrials,top
31232,remy-ai,Winter 2026,W26,2026,Manufacturing and Robotics,child
31200,ressl-ai,Winter 2026,W26,2026,B2B,top
31189,revion,Winter 2026,W26,2026,B2B,top
31176,rhizome-ai,Winter 2026,W26,2026,B2B,top
31276,ritivel,Winter 2026,W26,2026,Healthcare,top
31276,ritivel,Winter 2026,W26,2026,Healthcare IT,child
31201,robby,Winter 2026,W26,2026,B2B,top
31201,robby,Winter 2026,W26,2026,Productivity,child
31135,robodock,Winter 2026,W26,2026,Industrials,top
31135,robodock,Winter 2026,W26,2026,Energy,child
31280,rubric-ai,Winter 2026,W26,2026,B2B,top
31085,ruma-care,Winter 2026,W26,2026,Healthcare,top
31088,runanywhere,Winter 2026,W26,2026,B2B,top
31088,runanywhere,Winter 2026,W26,2026,Infrastructure,child
31147,salus,Winter 2026,W26,2026,B2B,top
31147,salus,Winter 2026,W26,2026,Infrastructure,child
31206,samora-ai,Winter 2026,W26,2026,B2B,top
31136,scheduling-wizard,Winter 2026,W26,2026,Healthcare,top
31136,scheduling-wizard,Winter 2026,W26,2026,Healthcare IT,child
31180,seeing-systems,Winter 2026,W26,2026,Industrials,top
31180,seeing-systems,Winter 2026,W26,2026,Defense,child
31100,sentrial,Winter 2026,W26,2026,B2B,top
31100,sentrial,Winter 2026,W26,2026,"Engineering, Product and Design",child
31227,sequence-markets,Winter 2026,W26,2026,Fintech,top
31224,servo7,Winter 2026,W26,2026,Industrials,top
31224,servo7,Winter 2026,W26,2026,Manufacturing and Robotics,child
31300,shofo,Winter 2026,W26,2026,B2B,top
31300,shofo,Winter 2026,W26,2026,Infrastructure,child
30639,signals,Winter 2026,W26,2026,B2B,top
31254,sila,Winter 2026,W26,2026,B2B,top
31254,sila,Winter 2026,W26,2026,Productivity,child
31203,sitefire,Winter 2026,W26,2026,B2B,top
31203,sitefire,Winter 2026,W26,2026,Marketing,child
31133,skillsync,Winter 2026,W26,2026,B2B,top
31133,skillsync,Winter 2026,W26,2026,"Engineering, Product and Design",child
31151,sparkles,Winter 2026,W26,2026,B2B,top
31151,sparkles,Winter 2026,W26,2026,"Engineering, Product and Design",child
31159,sponge,Winter 2026,W26,2026,B2B,top
31273,spotpay,Winter 2026,W26,2026,Fintech,top
31273,spotpay,Winter 2026,W26,2026,Consumer Finance,child
31245,squid,Winter 2026,W26,2026,Industrials,top
31245,squid,Winter 2026,W26,2026,Energy,child
31167,stilta,Winter 2026,W26,2026,B2B,top
31108,strand-ai,Winter 2026,W26,2026,Healthcare,top
31108,strand-ai,Winter 2026,W26,2026,Drug Discovery and Delivery,child
31181,synthetic-sciences,Winter 2026,W26,2026,B2B,top
31181,synthetic-sciences,Winter 2026,W26,2026,"Engineering, Product and Design",child
31262,talking-computers,Winter 2026,W26,2026,B2B,top
31127,tepali,Winter 2026,W26,2026,B2B,top
31172,terminal-use,Winter 2026,W26,2026,B2B,top
31172,terminal-use,Winter 2026,W26,2026,Operations,child
31158,terranox-ai,Winter 2026,W26,2026,Industrials,top
31158,terranox-ai,Winter 2026,W26,2026,Energy,child
31250,the-token-company,Winter 2026,W26,2026,B2B,top
31250,the-token-company,Winter 2026,W26,2026,Infrastructure,child
31191,traverse,Winter 2026,W26,2026,B2B,top
30905,travo,Winter 2026,W26,2026,Real Estate and Construction,top
31244,turnstone,Winter 2026,W26,2026,B2B,top
31296,unifold,Winter 2026,W26,2026,Fintech,top
31296,unifold,Winter 2026,W26,2026,Payments,child
31166,unisson,Winter 2026,W26,2026,B2B,top
31166,unisson,Winter 2026,W26,2026,Productivity,child
31271,voygr,Winter 2026,W26,2026,B2B,top
31194,valence,Winter 2026,W26,2026,Fintech,top
31194,valence,Winter 2026,W26,2026,Consumer Finance,child
31057,valgo,Winter 2026,W26,2026,B2B,top
31057,valgo,Winter 2026,W26,2026,"Engineering, Product and Design",child
31000,vector-legal,Winter 2026,W26,2026,B2B,top
31000,vector-legal,Winter 2026,W26,2026,Legal,child
31264,vela,Winter 2026,W26,2026,B2B,top
30876,velum-labs,Winter 2026,W26,2026,B2B,top
31156,ventura,Winter 2026,W26,2026,Industrials,top
31129,verdex,Winter 2026,W26,2026,Fintech,top
31129,verdex,Winter 2026,W26,2026,Insurance,child
31263,veriad,Winter 2026,W26,2026,B2B,top
31182,visibl-semiconductors,Winter 2026,W26,2026,B2B,top
31182,visibl-semiconductors,Winter 2026,W26,2026,"Engineering, Product and Design",child
31003,voltair,Winter 2026,W26,2026,Industrials,top
31003,voltair,Winter 2026,W26,2026,Drones,child
31219,voxel-energy,Winter 2026,W26,2026,Industrials,top
31219,voxel-energy,Winter 2026,W26,2026,Energy,child
31299,wayco,Winter 2026,W26,2026,B2B,top
31299,wayco,Winter 2026,W26,2026,Infrastructure,child
31307,wideframe,Winter 2026,W26,2026,B2B,top
31131,zatanna,Winter 2026,W26,2026,B2B,top
31131,zatanna,Winter 2026,W26,2026,"Engineering, Product and Design",child
31119,zerosettle,Winter 2026,W26,2026,Fintech,top
31119,zerosettle,Winter 2026,W26,2026,Payments,child
31278,zymbly,Winter 2026,W26,2026,B2B,top
31230,o11,Winter 2026,W26,2026,B2B,top
31230,o11,Winter 2026,W26,2026,Finance and Accounting,child
31096,shortkit,Winter 2026,W26,2026,B2B,top
31096,shortkit,Winter 2026,W26,2026,"Engineering, Product and Design",child
31193,9-mothers-corporation,Spring 2026,X26,2026,Industrials,top
31193,9-mothers-corporation,Spring 2026,X26,2026,Defense,child
31442,aice,Spring 2026,X26,2026,Industrials,top
31442,aice,Spring 2026,X26,2026,Defense,child
31485,anoria,Spring 2026,X26,2026,Consumer,top
31485,anoria,Spring 2026,X26,2026,Consumer Electronics,child
31484,abinitio-bio,Spring 2026,X26,2026,Healthcare,top
31484,abinitio-bio,Spring 2026,X26,2026,Drug Discovery and Delivery,child
31434,adialante,Spring 2026,X26,2026,Healthcare,top
31434,adialante,Spring 2026,X26,2026,Diagnostics,child
31043,advanced-metal-research,Spring 2026,X26,2026,Industrials,top
31043,advanced-metal-research,Spring 2026,X26,2026,Manufacturing and Robotics,child
31524,agentphone,Spring 2026,X26,2026,B2B,top
31524,agentphone,Spring 2026,X26,2026,Infrastructure,child
31576,akkari,Spring 2026,X26,2026,B2B,top
31444,alchemize,Spring 2026,X26,2026,B2B,top
31444,alchemize,Spring 2026,X26,2026,"Engineering, Product and Design",child
31447,allowance,Spring 2026,X26,2026,Fintech,top
31447,allowance,Spring 2026,X26,2026,Payments,child
31497,amboras,Spring 2026,X26,2026,B2B,top
31411,andco,Spring 2026,X26,2026,B2B,top
31411,andco,Spring 2026,X26,2026,Legal,child
31367,andustry,Spring 2026,X26,2026,Fintech,top
31503,apollo-atomics-inc,Spring 2026,X26,2026,Industrials,top
31503,apollo-atomics-inc,Spring 2026,X26,2026,Energy,child
31487,aquashield,Spring 2026,X26,2026,Real Estate and Construction,top
31451,archer,Spring 2026,X26,2026,Fintech,top
31451,archer,Spring 2026,X26,2026,Payments,child
31552,arctic-health,Spring 2026,X26,2026,Healthcare,top
31552,arctic-health,Spring 2026,X26,2026,Healthcare Services,child
31525,arden,Spring 2026,X26,2026,B2B,top
31525,arden,Spring 2026,X26,2026,Finance and Accounting,child
31475,ardent,Spring 2026,X26,2026,B2B,top
31475,ardent,Spring 2026,X26,2026,Infrastructure,child
31413,arga-labs,Spring 2026,X26,2026,B2B,top
31535,arlo-industries,Spring 2026,X26,2026,Industrials,top
31535,arlo-industries,Spring 2026,X26,2026,Defense,child
31463,armature,Spring 2026,X26,2026,B2B,top
31463,armature,Spring 2026,X26,2026,"Engineering, Product and Design",child
31511,arzana,Spring 2026,X26,2026,B2B,top
31511,arzana,Spring 2026,X26,2026,Operations,child
31528,asendia-ai,Spring 2026,X26,2026,B2B,top
31465,aseon-labs,Spring 2026,X26,2026,Industrials,top
31465,aseon-labs,Spring 2026,X26,2026,Manufacturing and Robotics,child
31498,asterlab,Spring 2026,X26,2026,B2B,top
31498,asterlab,Spring 2026,X26,2026,Productivity,child
31534,astraea,Spring 2026,X26,2026,B2B,top
31373,atrisa,Spring 2026,X26,2026,B2B,top
31373,atrisa,Spring 2026,X26,2026,"Engineering, Product and Design",child
30408,autostep,Spring 2026,X26,2026,B2B,top
30408,autostep,Spring 2026,X26,2026,Operations,child
31510,auxos,Spring 2026,X26,2026,B2B,top
31530,avea-robotics,Spring 2026,X26,2026,Industrials,top
31530,avea-robotics,Spring 2026,X26,2026,Manufacturing and Robotics,child
31423,bentolabs-ai,Spring 2026,X26,2026,B2B,top
31477,biostack-platforms,Spring 2026,X26,2026,Healthcare,top
31293,trybloom,Spring 2026,X26,2026,B2B,top
31416,callab-ai,Spring 2026,X26,2026,B2B,top
31416,callab-ai,Spring 2026,X26,2026,Operations,child
31543,centralcoms,Spring 2026,X26,2026,Real Estate and Construction,top
31543,centralcoms,Spring 2026,X26,2026,Construction,child
31513,characterquilt,Spring 2026,X26,2026,B2B,top
31513,characterquilt,Spring 2026,X26,2026,Marketing,child
31364,chert,Spring 2026,X26,2026,B2B,top
31468,chronicle-labs,Spring 2026,X26,2026,B2B,top
31117,cignara,Spring 2026,X26,2026,B2B,top
31063,clara-2,Spring 2026,X26,2026,Healthcare,top
31063,clara-2,Spring 2026,X26,2026,Consumer Health and Wellness,child
31554,clawvisor,Spring 2026,X26,2026,B2B,top
31554,clawvisor,Spring 2026,X26,2026,Security,child
31562,cohesion,Spring 2026,X26,2026,B2B,top
31562,cohesion,Spring 2026,X26,2026,Finance and Accounting,child
31443,complir,Spring 2026,X26,2026,B2B,top
31443,complir,Spring 2026,X26,2026,Retail,child
31370,dayjob,Spring 2026,X26,2026,B2B,top
31370,dayjob,Spring 2026,X26,2026,Supply Chain and Logistics,child
31395,deep-interactions,Spring 2026,X26,2026,B2B,top
31362,discovered-materials,Spring 2026,X26,2026,Industrials,top
31294,dispatch,Spring 2026,X26,2026,Industrials,top
31294,dispatch,Spring 2026,X26,2026,Aviation and Space,child
31157,drafted,Spring 2026,X26,2026,Consumer,top
31414,dreach,Spring 2026,X26,2026,B2B,top
31414,dreach,Spring 2026,X26,2026,Infrastructure,child
31454,ed1th,Spring 2026,X26,2026,Consumer,top
31454,ed1th,Spring 2026,X26,2026,Consumer Electronics,child
31489,eden-robotics,Spring 2026,X26,2026,Industrials,top
31489,eden-robotics,Spring 2026,X26,2026,Manufacturing and Robotics,child
31388,elyra,Spring 2026,X26,2026,B2B,top
31549,enjamb-labs,Spring 2026,X26,2026,B2B,top
31516,expanse,Spring 2026,X26,2026,B2B,top
31516,expanse,Spring 2026,X26,2026,Infrastructure,child
30915,finaldose,Spring 2026,X26,2026,Healthcare,top
30915,finaldose,Spring 2026,X26,2026,Therapeutics,child
31488,foaster,Spring 2026,X26,2026,B2B,top
30737,foresight,Spring 2026,X26,2026,B2B,top
30737,foresight,Spring 2026,X26,2026,Analytics,child
31553,framewise-health,Spring 2026,X26,2026,Healthcare,top
31102,fuchsia,Spring 2026,X26,2026,B2B,top
31501,general-aviation,Spring 2026,X26,2026,Industrials,top
31501,general-aviation,Spring 2026,X26,2026,Aviation and Space,child
31456,general-instinct,Spring 2026,X26,2026,Industrials,top
31456,general-instinct,Spring 2026,X26,2026,Manufacturing and Robotics,child
31536,gigacatalyst,Spring 2026,X26,2026,B2B,top
31536,gigacatalyst,Spring 2026,X26,2026,"Engineering, Product and Design",child
31426,gojiberry-ai,Spring 2026,X26,2026,B2B,top
31426,gojiberry-ai,Spring 2026,X26,2026,Sales,child
31381,govguard,Spring 2026,X26,2026,Government,top
31522,gravy,Spring 2026,X26,2026,Fintech,top
31522,gravy,Spring 2026,X26,2026,Consumer Finance,child
31391,hevn-inc,Spring 2026,X26,2026,Fintech,top
31445,runharbor,Spring 2026,X26,2026,Healthcare,top
31323,hedge,Spring 2026,X26,2026,Fintech,top
31323,hedge,Spring 2026,X26,2026,Insurance,child
31496,hessian,Spring 2026,X26,2026,B2B,top
31350,hexa,Spring 2026,X26,2026,B2B,top
31350,hexa,Spring 2026,X26,2026,Supply Chain and Logistics,child
31574,heyclicky,Spring 2026,X26,2026,Consumer,top
31375,hub,Spring 2026,X26,2026,B2B,top
31375,hub,Spring 2026,X26,2026,Infrastructure,child
30646,humwork,Spring 2026,X26,2026,B2B,top
31564,huscarl,Spring 2026,X26,2026,Fintech,top
31564,huscarl,Spring 2026,X26,2026,Insurance,child
31548,hyper-4,Spring 2026,X26,2026,B2B,top
31548,hyper-4,Spring 2026,X26,2026,Productivity,child
31076,imperfect,Spring 2026,X26,2026,Consumer,top
31369,inloop-robotics,Spring 2026,X26,2026,Industrials,top
31369,inloop-robotics,Spring 2026,X26,2026,Manufacturing and Robotics,child
31441,infera,Spring 2026,X26,2026,Healthcare,top
31441,infera,Spring 2026,X26,2026,Industrial Bio,child
31547,insforge,Spring 2026,X26,2026,B2B,top
31547,insforge,Spring 2026,X26,2026,"Engineering, Product and Design",child
31409,instaagent,Spring 2026,X26,2026,B2B,top
31409,instaagent,Spring 2026,X26,2026,Marketing,child
31560,intelligence-factory,Spring 2026,X26,2026,Industrials,top
31560,intelligence-factory,Spring 2026,X26,2026,Manufacturing and Robotics,child
31386,interfaze,Spring 2026,X26,2026,B2B,top
31386,interfaze,Spring 2026,X26,2026,Infrastructure,child
31246,inth,Spring 2026,X26,2026,B2B,top
31246,inth,Spring 2026,X26,2026,Infrastructure,child
31383,juno-chat,Spring 2026,X26,2026,Healthcare,top
31383,juno-chat,Spring 2026,X26,2026,Consumer Health and Wellness,child
31393,kelai,Spring 2026,X26,2026,Fintech,top
31393,kelai,Spring 2026,X26,2026,Asset Management,child
31432,keyframe-labs,Spring 2026,X26,2026,B2B,top
31420,kimpton,Spring 2026,X26,2026,Fintech,top
31420,kimpton,Spring 2026,X26,2026,Asset Management,child
31520,kinect,Spring 2026,X26,2026,B2B,top
31382,kinro,Spring 2026,X26,2026,Fintech,top
31382,kinro,Spring 2026,X26,2026,Insurance,child
31539,klaimee,Spring 2026,X26,2026,Fintech,top
31539,klaimee,Spring 2026,X26,2026,Insurance,child
31326,klarify,Spring 2026,X26,2026,Healthcare,top
31326,klarify,Spring 2026,X26,2026,Healthcare IT,child
31327,korso,Spring 2026,X26,2026,B2B,top
31540,kugelaudio,Spring 2026,X26,2026,B2B,top
31540,kugelaudio,Spring 2026,X26,2026,Infrastructure,child
31473,kuli,Spring 2026,X26,2026,B2B,top
31473,kuli,Spring 2026,X26,2026,Marketing,child
31424,lab0,Spring 2026,X26,2026,B2B,top
31421,lamina-labs,Spring 2026,X26,2026,B2B,top
31421,lamina-labs,Spring 2026,X26,2026,"Engineering, Product and Design",child
31533,lattice-health,Spring 2026,X26,2026,Healthcare,top
31376,light-anchor,Spring 2026,X26,2026,Consumer,top
31360,lightsprint,Spring 2026,X26,2026,B2B,top
31360,lightsprint,Spring 2026,X26,2026,"Engineering, Product and Design",child
31377,limrun,Spring 2026,X26,2026,B2B,top
31377,limrun,Spring 2026,X26,2026,Infrastructure,child
31046,linzumi,Spring 2026,X26,2026,B2B,top
31046,linzumi,Spring 2026,X26,2026,"Engineering, Product and Design",child
31435,lumius,Spring 2026,X26,2026,Healthcare,top
31435,lumius,Spring 2026,X26,2026,Medical Devices,child
31399,madrone,Spring 2026,X26,2026,Industrials,top
31399,madrone,Spring 2026,X26,2026,Energy,child
31531,manicule,Spring 2026,X26,2026,B2B,top
31531,manicule,Spring 2026,X26,2026,Marketing,child
31561,maquoketa-research,Spring 2026,X26,2026,Industrials,top
31561,maquoketa-research,Spring 2026,X26,2026,Defense,child
31335,memoir,Spring 2026,X26,2026,B2B,top
31335,memoir,Spring 2026,X26,2026,Marketing,child
31482,memory-store,Spring 2026,X26,2026,B2B,top
31482,memory-store,Spring 2026,X26,2026,Infrastructure,child
31453,minicor,Spring 2026,X26,2026,B2B,top
31453,minicor,Spring 2026,X26,2026,Infrastructure,child
30723,miso-labs,Spring 2026,X26,2026,B2B,top
30723,miso-labs,Spring 2026,X26,2026,Infrastructure,child
31529,mochatrade,Spring 2026,X26,2026,Fintech,top
31529,mochatrade,Spring 2026,X26,2026,Consumer Finance,child
31545,modern,Spring 2026,X26,2026,B2B,top
31545,modern,Spring 2026,X26,2026,Operations,child
31440,mount,Spring 2026,X26,2026,Fintech,top
31440,mount,Spring 2026,X26,2026,Insurance,child
31343,multiplier,Spring 2026,X26,2026,B2B,top
31427,napkin-math,Spring 2026,X26,2026,Consumer,top
31221,netter,Spring 2026,X26,2026,B2B,top
31221,netter,Spring 2026,X26,2026,Analytics,child
31366,nine-fives,Spring 2026,X26,2026,Industrials,top
31366,nine-fives,Spring 2026,X26,2026,Manufacturing and Robotics,child
31429,oddpool,Spring 2026,X26,2026,B2B,top
31429,oddpool,Spring 2026,X26,2026,"Engineering, Product and Design",child
31428,ontora,Spring 2026,X26,2026,B2B,top
31428,ontora,Spring 2026,X26,2026,Operations,child
31500,openprose,Spring 2026,X26,2026,B2B,top
31500,openprose,Spring 2026,X26,2026,"Engineering, Product and Design",child
31505,openwork,Spring 2026,X26,2026,B2B,top
31505,openwork,Spring 2026,X26,2026,Productivity,child
31486,ornadyne,Spring 2026,X26,2026,Industrials,top
31486,ornadyne,Spring 2026,X26,2026,Drones,child
31460,plan0-ai,Spring 2026,X26,2026,Real Estate and Construction,top
31417,pairio,Spring 2026,X26,2026,B2B,top
31544,panacea,Spring 2026,X26,2026,Healthcare,top
31544,panacea,Spring 2026,X26,2026,Healthcare Services,child
31439,useparrot,Spring 2026,X26,2026,B2B,top
31398,pavoot,Spring 2026,X26,2026,B2B,top
31398,pavoot,Spring 2026,X26,2026,Marketing,child
31512,pentagon,Spring 2026,X26,2026,B2B,top
31512,pentagon,Spring 2026,X26,2026,Productivity,child
31333,perfectbit-inc,Spring 2026,X26,2026,B2B,top
31550,playablai,Spring 2026,X26,2026,Consumer,top
31550,playablai,Spring 2026,X26,2026,Gaming,child
31493,plena-health,Spring 2026,X26,2026,Healthcare,top
31493,plena-health,Spring 2026,X26,2026,Healthcare Services,child
31041,ploy,Spring 2026,X26,2026,B2B,top
31480,pops,Spring 2026,X26,2026,Consumer,top
31480,pops,Spring 2026,X26,2026,Gaming,child
30944,tryprism,Spring 2026,X26,2026,B2B,top
30944,tryprism,Spring 2026,X26,2026,Recruiting and Talent,child
31507,projectx,Spring 2026,X26,2026,B2B,top
31507,projectx,Spring 2026,X26,2026,Infrastructure,child
31436,prototypingio,Spring 2026,X26,2026,Industrials,top
31436,prototypingio,Spring 2026,X26,2026,Manufacturing and Robotics,child
31494,raspire,Spring 2026,X26,2026,B2B,top
31494,raspire,Spring 2026,X26,2026,Security,child
31458,reason-machines,Spring 2026,X26,2026,B2B,top
31458,reason-machines,Spring 2026,X26,2026,Productivity,child
31546,reasonblocks,Spring 2026,X26,2026,B2B,top
31279,regbase,Spring 2026,X26,2026,B2B,top
31279,regbase,Spring 2026,X26,2026,Legal,child
31410,rentahuman,Spring 2026,X26,2026,Consumer,top
31410,rentahuman,Spring 2026,X26,2026,Job and Career Services,child
31345,replicas,Spring 2026,X26,2026,B2B,top
31345,replicas,Spring 2026,X26,2026,"Engineering, Product and Design",child
31438,result,Spring 2026,X26,2026,Consumer,top
31527,revnu,Spring 2026,X26,2026,B2B,top
31527,revnu,Spring 2026,X26,2026,Marketing,child
31450,river-markets,Spring 2026,X26,2026,Fintech,top
31346,rudus,Spring 2026,X26,2026,Real Estate and Construction,top
31346,rudus,Spring 2026,X26,2026,Construction,child
31518,runtime,Spring 2026,X26,2026,B2B,top
31518,runtime,Spring 2026,X26,2026,"Engineering, Product and Design",child
31363,saffron,Spring 2026,X26,2026,B2B,top
31363,saffron,Spring 2026,X26,2026,Recruiting and Talent,child
31408,salesgraph,Spring 2026,X26,2026,B2B,top
31408,salesgraph,Spring 2026,X26,2026,Sales,child
31481,saudara-ai,Spring 2026,X26,2026,B2B,top
31433,savant,Spring 2026,X26,2026,B2B,top
31433,savant,Spring 2026,X26,2026,Productivity,child
31211,sazabi,Spring 2026,X26,2026,B2B,top
31211,sazabi,Spring 2026,X26,2026,Infrastructure,child
31351,scope,Spring 2026,X26,2026,B2B,top
31407,sherpa,Spring 2026,X26,2026,B2B,top
31478,silmaril,Spring 2026,X26,2026,B2B,top
30779,smartbase,Spring 2026,X26,2026,B2B,top
30779,smartbase,Spring 2026,X26,2026,Operations,child
31464,soria,Spring 2026,X26,2026,Fintech,top
31464,soria,Spring 2026,X26,2026,Asset Management,child
31419,stablebrowse,Spring 2026,X26,2026,Industrials,top
31419,stablebrowse,Spring 2026,X26,2026,Manufacturing and Robotics,child
31332,stage,Spring 2026,X26,2026,B2B,top
31332,stage,Spring 2026,X26,2026,"Engineering, Product and Design",child
31330,standard-signal,Spring 2026,X26,2026,Fintech,top
31330,standard-signal,Spring 2026,X26,2026,Asset Management,child
31402,standout,Spring 2026,X26,2026,B2B,top
31402,standout,Spring 2026,X26,2026,Recruiting and Talent,child
31380,superlog,Spring 2026,X26,2026,B2B,top
31380,superlog,Spring 2026,X26,2026,"Engineering, Product and Design",child
31222,superset,Spring 2026,X26,2026,B2B,top
31222,superset,Spring 2026,X26,2026,"Engineering, Product and Design",child
31325,surtr-defense-systems,Spring 2026,X26,2026,Industrials,top
31325,surtr-defense-systems,Spring 2026,X26,2026,Defense,child
31415,synphony,Spring 2026,X26,2026,Industrials,top
31415,synphony,Spring 2026,X26,2026,Manufacturing and Robotics,child
31418,taiga,Spring 2026,X26,2026,Healthcare,top
31418,taiga,Spring 2026,X26,2026,Healthcare Services,child
30963,takecareos,Spring 2026,X26,2026,B2B,top
31470,tasklet-2,Spring 2026,X26,2026,B2B,top
31470,tasklet-2,Spring 2026,X26,2026,Productivity,child
31374,tenet-industries,Spring 2026,X26,2026,Industrials,top
31374,tenet-industries,Spring 2026,X26,2026,Defense,child
31491,testerarmy,Spring 2026,X26,2026,B2B,top
31491,testerarmy,Spring 2026,X26,2026,"Engineering, Product and Design",child
31371,the-company-company,Spring 2026,X26,2026,B2B,top
31563,thomas,Spring 2026,X26,2026,B2B,top
31506,tolmo,Spring 2026,X26,2026,B2B,top
31506,tolmo,Spring 2026,X26,2026,Security,child
31344,totalis,Spring 2026,X26,2026,Fintech,top
31344,totalis,Spring 2026,X26,2026,Consumer Finance,child
31372,trellistech,Spring 2026,X26,2026,B2B,top
31372,trellistech,Spring 2026,X26,2026,Operations,child
31359,twolabs,Spring 2026,X26,2026,Industrials,top
31359,twolabs,Spring 2026,X26,2026,Manufacturing and Robotics,child
31526,uno-wallet,Spring 2026,X26,2026,Fintech,top
31526,uno-wallet,Spring 2026,X26,2026,Payments,child
31404,userlens,Spring 2026,X26,2026,B2B,top
31404,userlens,Spring 2026,X26,2026,Productivity,child
31457,valctrl,Spring 2026,X26,2026,Fintech,top
31457,valctrl,Spring 2026,X26,2026,Banking and Exchange,child
31430,voquill,Spring 2026,X26,2026,Healthcare,top
31466,walter,Spring 2026,X26,2026,B2B,top
31466,walter,Spring 2026,X26,2026,Operations,child
31472,wato,Spring 2026,X26,2026,B2B,top
31472,wato,Spring 2026,X26,2026,Infrastructure,child
31390,wealor,Spring 2026,X26,2026,Fintech,top
31390,wealor,Spring 2026,X26,2026,Asset Management,child
31517,youart,Spring 2026,X26,2026,Consumer,top
31517,youart,Spring 2026,X26,2026,Content,child
31368,zenbu-2,Spring 2026,X26,2026,B2B,top
31368,zenbu-2,Spring 2026,X26,2026,"Engineering, Product and Design",child
31459,zibra-labs,Spring 2026,X26,2026,B2B,top
31459,zibra-labs,Spring 2026,X26,2026,Infrastructure,child
31385,zolvo,Spring 2026,X26,2026,Fintech,top
31385,zolvo,Spring 2026,X26,2026,Credit and Lending,child
31538,flowscope,Spring 2026,X26,2026,B2B,top
29155,jo,Spring 2026,X26,2026,Consumer,top
31329,primitive,Spring 2026,X26,2026,B2B,top
31329,primitive,Spring 2026,X26,2026,Infrastructure,child
31396,qomplement,Spring 2026,X26,2026,B2B,top
31400,shotwellai,Spring 2026,X26,2026,Industrials,top
31400,shotwellai,Spring 2026,X26,2026,Manufacturing and Robotics,child
31448,smol-machines,Spring 2026,X26,2026,B2B,top
31448,smol-machines,Spring 2026,X26,2026,Infrastructure,child
31455,tdaycom,Spring 2026,X26,2026,B2B,top
31455,tdaycom,Spring 2026,X26,2026,Marketing,child
31403,transload,Spring 2026,X26,2026,B2B,top
31403,transload,Spring 2026,X26,2026,Supply Chain and Logistics,child
32552,6thsense,Summer 2026,S26,2026,Industrials,top
32552,6thsense,Summer 2026,S26,2026,Manufacturing and Robotics,child
33056,83-sciences,Summer 2026,S26,2026,Industrials,top
32584,aerogen-systems,Summer 2026,S26,2026,Industrials,top
32518,agency-tool-company,Summer 2026,S26,2026,Industrials,top
32518,agency-tool-company,Summer 2026,S26,2026,Manufacturing and Robotics,child
33250,agent-fm,Summer 2026,S26,2026,B2B,top
33250,agent-fm,Summer 2026,S26,2026,"Engineering, Product and Design",child
33018,agentcard,Summer 2026,S26,2026,Fintech,top
33019,agnost-ai,Summer 2026,S26,2026,B2B,top
33019,agnost-ai,Summer 2026,S26,2026,Analytics,child
32619,akon-labs,Summer 2026,S26,2026,B2B,top
32621,aktoria-robotics,Summer 2026,S26,2026,Industrials,top
32621,aktoria-robotics,Summer 2026,S26,2026,Manufacturing and Robotics,child
32262,alkera-ai,Summer 2026,S26,2026,B2B,top
32262,alkera-ai,Summer 2026,S26,2026,"Engineering, Product and Design",child
33441,allia-health,Summer 2026,S26,2026,Healthcare,top
33441,allia-health,Summer 2026,S26,2026,Healthcare Services,child
32204,alloovium,Summer 2026,S26,2026,Real Estate and Construction,top
32204,alloovium,Summer 2026,S26,2026,Construction,child
32588,almanac,Summer 2026,S26,2026,B2B,top
31557,amorphic-labs,Summer 2026,S26,2026,B2B,top
31557,amorphic-labs,Summer 2026,S26,2026,"Engineering, Product and Design",child
31298,applied-electrodynamics-inc,Summer 2026,S26,2026,Industrials,top
32749,arbital,Summer 2026,S26,2026,Fintech,top
32749,arbital,Summer 2026,S26,2026,Consumer Finance,child
31216,archal,Summer 2026,S26,2026,B2B,top
31216,archal,Summer 2026,S26,2026,Infrastructure,child
31184,assemble,Summer 2026,S26,2026,B2B,top
30653,withasync,Summer 2026,S26,2026,B2B,top
31532,atlas-discovery,Summer 2026,S26,2026,Healthcare,top
31532,atlas-discovery,Summer 2026,S26,2026,Drug Discovery and Delivery,child
31257,atlia,Summer 2026,S26,2026,Real Estate and Construction,top
31257,atlia,Summer 2026,S26,2026,Housing and Real Estate,child
33607,atomarine,Summer 2026,S26,2026,Industrials,top
33607,atomarine,Summer 2026,S26,2026,Energy,child
32222,audun,Summer 2026,S26,2026,Fintech,top
33314,avoca-systems,Summer 2026,S26,2026,Healthcare,top
33045,axelrod,Summer 2026,S26,2026,B2B,top
28841,baud,Summer 2026,S26,2026,Industrials,top
32133,belvedir,Summer 2026,S26,2026,B2B,top
32161,bernard,Summer 2026,S26,2026,B2B,top
32161,bernard,Summer 2026,S26,2026,Operations,child
33606,billow-ai-labs,Summer 2026,S26,2026,B2B,top
33606,billow-ai-labs,Summer 2026,S26,2026,Finance and Accounting,child
32200,bizmark,Summer 2026,S26,2026,B2B,top
32551,bloomy,Summer 2026,S26,2026,Education,top
32197,buildbox,Summer 2026,S26,2026,B2B,top
32197,buildbox,Summer 2026,S26,2026,Analytics,child
32220,ai-coach,Summer 2026,S26,2026,B2B,top
32220,ai-coach,Summer 2026,S26,2026,Sales,child
32288,callbook-ai,Summer 2026,S26,2026,B2B,top
33046,carsignal,Summer 2026,S26,2026,B2B,top
33021,care-gp,Summer 2026,S26,2026,Healthcare,top
33673,caution,Summer 2026,S26,2026,B2B,top
33673,caution,Summer 2026,S26,2026,Infrastructure,child
32520,cerenovus,Summer 2026,S26,2026,B2B,top
32520,cerenovus,Summer 2026,S26,2026,Operations,child
33055,chromie,Summer 2026,S26,2026,B2B,top
32618,click,Summer 2026,S26,2026,B2B,top
32618,click,Summer 2026,S26,2026,Analytics,child
33738,coarena,Summer 2026,S26,2026,B2B,top
33738,coarena,Summer 2026,S26,2026,"Engineering, Product and Design",child
32230,codag,Summer 2026,S26,2026,B2B,top
32230,codag,Summer 2026,S26,2026,Infrastructure,child
32814,computable,Summer 2026,S26,2026,Fintech,top
33936,conifer,Summer 2026,S26,2026,B2B,top
32227,contextdev,Summer 2026,S26,2026,B2B,top
32227,contextdev,Summer 2026,S26,2026,Infrastructure,child
31261,control-seat,Summer 2026,S26,2026,Industrials,top
33012,cosmic-robotics,Summer 2026,S26,2026,Industrials,top
31268,cova,Summer 2026,S26,2026,Healthcare,top
33345,cuebench,Summer 2026,S26,2026,B2B,top
32649,daqstra,Summer 2026,S26,2026,B2B,top
31223,datoric,Summer 2026,S26,2026,B2B,top
33344,dawn-industries,Summer 2026,S26,2026,Industrials,top
33344,dawn-industries,Summer 2026,S26,2026,Manufacturing and Robotics,child
33047,decawork,Summer 2026,S26,2026,B2B,top
33047,decawork,Summer 2026,S26,2026,Infrastructure,child
32206,deepreach-inc,Summer 2026,S26,2026,B2B,top
32286,definite,Summer 2026,S26,2026,B2B,top
32286,definite,Summer 2026,S26,2026,Finance and Accounting,child
32782,denta,Summer 2026,S26,2026,Fintech,top
32782,denta,Summer 2026,S26,2026,Insurance,child
33050,derya,Summer 2026,S26,2026,B2B,top
33050,derya,Summer 2026,S26,2026,Supply Chain and Logistics,child
32202,dialogus,Summer 2026,S26,2026,B2B,top
32202,dialogus,Summer 2026,S26,2026,Infrastructure,child
31277,dipole-labs,Summer 2026,S26,2026,Industrials,top
33248,dock,Summer 2026,S26,2026,B2B,top
32122,donkey,Summer 2026,S26,2026,B2B,top
32122,donkey,Summer 2026,S26,2026,Supply Chain and Logistics,child
31258,dream,Summer 2026,S26,2026,B2B,top
33281,earendil-robotics,Summer 2026,S26,2026,Industrials,top
33281,earendil-robotics,Summer 2026,S26,2026,Defense,child
31582,edgerun,Summer 2026,S26,2026,Industrials,top
31582,edgerun,Summer 2026,S26,2026,Defense,child
32484,edotenv,Summer 2026,S26,2026,B2B,top
33805,edviro,Summer 2026,S26,2026,B2B,top
33805,edviro,Summer 2026,S26,2026,Infrastructure,child
32129,egoist-machines,Summer 2026,S26,2026,Consumer,top
32753,ekho-labs,Summer 2026,S26,2026,B2B,top
32753,ekho-labs,Summer 2026,S26,2026,Supply Chain and Logistics,child
31234,ekpa,Summer 2026,S26,2026,Fintech,top
31234,ekpa,Summer 2026,S26,2026,Asset Management,child
32156,enact,Summer 2026,S26,2026,Industrials,top
32156,enact,Summer 2026,S26,2026,Manufacturing and Robotics,child
32124,erinys,Summer 2026,S26,2026,B2B,top
32124,erinys,Summer 2026,S26,2026,Legal,child
33312,ethos-space-resources,Summer 2026,S26,2026,Industrials,top
33312,ethos-space-resources,Summer 2026,S26,2026,Aviation and Space,child
30735,evergrove,Summer 2026,S26,2026,Healthcare,top
32947,executor,Summer 2026,S26,2026,B2B,top
32947,executor,Summer 2026,S26,2026,Infrastructure,child
32233,exosat,Summer 2026,S26,2026,Industrials,top
32233,exosat,Summer 2026,S26,2026,Aviation and Space,child
33806,experiential-labs,Summer 2026,S26,2026,B2B,top
33806,experiential-labs,Summer 2026,S26,2026,Infrastructure,child
32624,fabraix,Summer 2026,S26,2026,B2B,top
32624,fabraix,Summer 2026,S26,2026,Security,child
32987,familiar,Summer 2026,S26,2026,B2B,top
32987,familiar,Summer 2026,S26,2026,Infrastructure,child
32816,financial-datasets,Summer 2026,S26,2026,B2B,top
32193,floracene,Summer 2026,S26,2026,Healthcare,top
33282,florin,Summer 2026,S26,2026,Fintech,top
33282,florin,Summer 2026,S26,2026,Insurance,child
32525,flowmanual,Summer 2026,S26,2026,Real Estate and Construction,top
32525,flowmanual,Summer 2026,S26,2026,Construction,child
30923,frontier-computing,Summer 2026,S26,2026,Industrials,top
32194,guild,Summer 2026,S26,2026,Industrials,top
32194,guild,Summer 2026,S26,2026,Defense,child
33016,gamgee,Summer 2026,S26,2026,Healthcare,top
33016,gamgee,Summer 2026,S26,2026,Drug Discovery and Delivery,child
31592,gitcafe,Summer 2026,S26,2026,B2B,top
31592,gitcafe,Summer 2026,S26,2026,Infrastructure,child
32226,glen,Summer 2026,S26,2026,B2B,top
32226,glen,Summer 2026,S26,2026,Productivity,child
32583,graphify-labs,Summer 2026,S26,2026,B2B,top
32583,graphify-labs,Summer 2026,S26,2026,"Engineering, Product and Design",child
32586,greypoint-industries,Summer 2026,S26,2026,Industrials,top
32586,greypoint-industries,Summer 2026,S26,2026,Defense,child
33144,grip,Summer 2026,S26,2026,Industrials,top
33144,grip,Summer 2026,S26,2026,Manufacturing and Robotics,child
32221,grocalo,Summer 2026,S26,2026,Consumer,top
32221,grocalo,Summer 2026,S26,2026,Content,child
32170,gutgutgoose,Summer 2026,S26,2026,Healthcare,top
32123,manufacturingintelligence,Summer 2026,S26,2026,Industrials,top
33279,hebbian-robotics,Summer 2026,S26,2026,Industrials,top
33279,hebbian-robotics,Summer 2026,S26,2026,Manufacturing and Robotics,child
32585,hilstart,Summer 2026,S26,2026,Industrials,top
32585,hilstart,Summer 2026,S26,2026,Manufacturing and Robotics,child
33277,hop-aero,Summer 2026,S26,2026,Industrials,top
33277,hop-aero,Summer 2026,S26,2026,Defense,child
32089,hoplite,Summer 2026,S26,2026,B2B,top
32089,hoplite,Summer 2026,S26,2026,"Engineering, Product and Design",child
33062,hubble-ai,Summer 2026,S26,2026,Healthcare,top
33062,hubble-ai,Summer 2026,S26,2026,Healthcare IT,child
33177,hyperprobe,Summer 2026,S26,2026,B2B,top
33177,hyperprobe,Summer 2026,S26,2026,"Engineering, Product and Design",child
32188,impact-drones,Summer 2026,S26,2026,Industrials,top
32188,impact-drones,Summer 2026,S26,2026,Defense,child
31340,illume-labs,Summer 2026,S26,2026,Healthcare,top
31340,illume-labs,Summer 2026,S26,2026,Consumer Health and Wellness,child
30672,induction-labs,Summer 2026,S26,2026,B2B,top
30672,induction-labs,Summer 2026,S26,2026,Infrastructure,child
33014,inkbox,Summer 2026,S26,2026,B2B,top
33014,inkbox,Summer 2026,S26,2026,Infrastructure,child
32190,instaplay,Summer 2026,S26,2026,Consumer,top
32190,instaplay,Summer 2026,S26,2026,Gaming,child
32187,insurf,Summer 2026,S26,2026,Healthcare,top
32781,isengard-industries-inc,Summer 2026,S26,2026,Industrials,top
32781,isengard-industries-inc,Summer 2026,S26,2026,Defense,child
32172,jcode,Summer 2026,S26,2026,Consumer,top
32137,kara,Summer 2026,S26,2026,Industrials,top
31825,kebra,Summer 2026,S26,2026,B2B,top
31825,kebra,Summer 2026,S26,2026,Operations,child
32682,lato,Summer 2026,S26,2026,B2B,top
33054,lamb-labs,Summer 2026,S26,2026,B2B,top
32914,last-accounting-company,Summer 2026,S26,2026,B2B,top
32914,last-accounting-company,Summer 2026,S26,2026,Finance and Accounting,child
32171,lemonlime,Summer 2026,S26,2026,B2B,top
33023,levocred-ai,Summer 2026,S26,2026,Fintech,top
31226,libra-robotics,Summer 2026,S26,2026,Industrials,top
31226,libra-robotics,Summer 2026,S26,2026,Manufacturing and Robotics,child
31304,litmus-hiring,Summer 2026,S26,2026,B2B,top
33283,locke,Summer 2026,S26,2026,B2B,top
32848,luca-iq,Summer 2026,S26,2026,B2B,top
32848,luca-iq,Summer 2026,S26,2026,Finance and Accounting,child
32985,lumeria,Summer 2026,S26,2026,Healthcare,top
32985,lumeria,Summer 2026,S26,2026,Consumer Health and Wellness,child
32191,lyon,Summer 2026,S26,2026,B2B,top
32191,lyon,Summer 2026,S26,2026,Analytics,child
32205,mochitv,Summer 2026,S26,2026,Consumer,top
32205,mochitv,Summer 2026,S26,2026,Content,child
33639,magma,Summer 2026,S26,2026,B2B,top
33639,magma,Summer 2026,S26,2026,Infrastructure,child
32157,maingen,Summer 2026,S26,2026,Industrials,top
32157,maingen,Summer 2026,S26,2026,Energy,child
32260,manifold-2,Summer 2026,S26,2026,Industrials,top
32260,manifold-2,Summer 2026,S26,2026,Manufacturing and Robotics,child
32223,joinmarble,Summer 2026,S26,2026,B2B,top
32981,marengo,Summer 2026,S26,2026,Industrials,top
32981,marengo,Summer 2026,S26,2026,Energy,child
31352,marker,Summer 2026,S26,2026,B2B,top
31352,marker,Summer 2026,S26,2026,Productivity,child
32988,markov,Summer 2026,S26,2026,B2B,top
32988,markov,Summer 2026,S26,2026,Infrastructure,child
32128,mass-magnetics,Summer 2026,S26,2026,Industrials,top
32128,mass-magnetics,Summer 2026,S26,2026,Defense,child
31495,mentlio,Summer 2026,S26,2026,B2B,top
31249,meteoric,Summer 2026,S26,2026,Industrials,top
31249,meteoric,Summer 2026,S26,2026,Climate,child
33052,mireye,Summer 2026,S26,2026,B2B,top
33052,mireye,Summer 2026,S26,2026,Infrastructure,child
32521,molagri,Summer 2026,S26,2026,Industrials,top
32521,molagri,Summer 2026,S26,2026,Agriculture,child
32201,mosaic-inc,Summer 2026,S26,2026,B2B,top
31341,most-robotic,Summer 2026,S26,2026,Industrials,top
31341,most-robotic,Summer 2026,S26,2026,Manufacturing and Robotics,child
32752,moving-atoms,Summer 2026,S26,2026,Industrials,top
32752,moving-atoms,Summer 2026,S26,2026,Manufacturing and Robotics,child
32138,nebula-security,Summer 2026,S26,2026,B2B,top
32138,nebula-security,Summer 2026,S26,2026,Security,child
32716,neuromorphic,Summer 2026,S26,2026,Industrials,top
32716,neuromorphic,Summer 2026,S26,2026,Manufacturing and Robotics,child
32717,neuron-industries,Summer 2026,S26,2026,Industrials,top
32717,neuron-industries,Summer 2026,S26,2026,Manufacturing and Robotics,child
33342,nex,Summer 2026,S26,2026,B2B,top
33342,nex,Summer 2026,S26,2026,Sales,child
32553,noril1,Summer 2026,S26,2026,Industrials,top
32553,noril1,Summer 2026,S26,2026,Manufacturing and Robotics,child
30728,os3,Summer 2026,S26,2026,Industrials,top
30728,os3,Summer 2026,S26,2026,Manufacturing and Robotics,child
32130,olam-labs,Summer 2026,S26,2026,B2B,top
32623,omanta,Summer 2026,S26,2026,Healthcare,top
33320,onecli,Summer 2026,S26,2026,B2B,top
33320,onecli,Summer 2026,S26,2026,Security,child
31074,onetriangle,Summer 2026,S26,2026,B2B,top
31074,onetriangle,Summer 2026,S26,2026,Infrastructure,child
32554,ooak-data,Summer 2026,S26,2026,B2B,top
33249,openrelay,Summer 2026,S26,2026,B2B,top
33249,openrelay,Summer 2026,S26,2026,"Engineering, Product and Design",child
33969,opentag,Summer 2026,S26,2026,B2B,top
32121,opentrade,Summer 2026,S26,2026,Consumer,top
31301,openvector,Summer 2026,S26,2026,B2B,top
31301,openvector,Summer 2026,S26,2026,Infrastructure,child
31342,osmaura,Summer 2026,S26,2026,B2B,top
33540,osseus,Summer 2026,S26,2026,B2B,top
33540,osseus,Summer 2026,S26,2026,"Engineering, Product and Design",child
33278,princeps,Summer 2026,S26,2026,Fintech,top
33278,princeps,Summer 2026,S26,2026,Insurance,child
32913,pacific,Summer 2026,S26,2026,Industrials,top
31349,palette-2,Summer 2026,S26,2026,B2B,top
32136,palisade,Summer 2026,S26,2026,B2B,top
32136,palisade,Summer 2026,S26,2026,"Engineering, Product and Design",child
33059,palisade-2,Summer 2026,S26,2026,B2B,top
33059,palisade-2,Summer 2026,S26,2026,Security,child
31989,pango,Summer 2026,S26,2026,B2B,top
31989,pango,Summer 2026,S26,2026,Retail,child
32134,parasma,Summer 2026,S26,2026,B2B,top
32134,parasma,Summer 2026,S26,2026,Infrastructure,child
32522,peer,Summer 2026,S26,2026,B2B,top
32522,peer,Summer 2026,S26,2026,Supply Chain and Logistics,child
33048,pennant,Summer 2026,S26,2026,Fintech,top
33048,pennant,Summer 2026,S26,2026,Asset Management,child
32127,perceptron-ml,Summer 2026,S26,2026,B2B,top
33310,petrarch,Summer 2026,S26,2026,B2B,top
32526,talentpluto,Summer 2026,S26,2026,B2B,top
32526,talentpluto,Summer 2026,S26,2026,Recruiting and Talent,child
32748,pokerclubhub,Summer 2026,S26,2026,Consumer,top
32748,pokerclubhub,Summer 2026,S26,2026,Gaming,child
31272,poth-labs,Summer 2026,S26,2026,B2B,top
33022,praxis-robotics,Summer 2026,S26,2026,Industrials,top
31086,prescience-inc,Summer 2026,S26,2026,Healthcare,top
32164,prized,Summer 2026,S26,2026,B2B,top
32164,prized,Summer 2026,S26,2026,"Engineering, Product and Design",child
32254,prodigy-research,Summer 2026,S26,2026,Fintech,top
31569,proprio-robotics,Summer 2026,S26,2026,Industrials,top
31569,proprio-robotics,Summer 2026,S26,2026,Manufacturing and Robotics,child
33017,provenmetal,Summer 2026,S26,2026,Industrials,top
33017,provenmetal,Summer 2026,S26,2026,Manufacturing and Robotics,child
32625,qlo,Summer 2026,S26,2026,Fintech,top
32625,qlo,Summer 2026,S26,2026,Insurance,child
33020,radley,Summer 2026,S26,2026,Healthcare,top
31161,rapidfolio,Summer 2026,S26,2026,B2B,top
32261,rasyn,Summer 2026,S26,2026,Healthcare,top
32622,rational,Summer 2026,S26,2026,B2B,top
32622,rational,Summer 2026,S26,2026,Operations,child
32195,realpact,Summer 2026,S26,2026,Real Estate and Construction,top
32195,realpact,Summer 2026,S26,2026,Housing and Real Estate,child
32155,rex-inc,Summer 2026,S26,2026,B2B,top
32155,rex-inc,Summer 2026,S26,2026,Finance and Accounting,child
32198,riften,Summer 2026,S26,2026,B2B,top
32198,riften,Summer 2026,S26,2026,Infrastructure,child
31570,rindler,Summer 2026,S26,2026,B2B,top
31570,rindler,Summer 2026,S26,2026,"Engineering, Product and Design",child
32192,rise-reforming,Summer 2026,S26,2026,Industrials,top
32192,rise-reforming,Summer 2026,S26,2026,Climate,child
32650,risklytics,Summer 2026,S26,2026,Fintech,top
32650,risklytics,Summer 2026,S26,2026,Insurance,child
33349,robocurve,Summer 2026,S26,2026,Industrials,top
33349,robocurve,Summer 2026,S26,2026,Manufacturing and Robotics,child
32979,ronanrx-inc,Summer 2026,S26,2026,Healthcare,top
33408,salem-robotics-inc,Summer 2026,S26,2026,Industrials,top
33408,salem-robotics-inc,Summer 2026,S26,2026,Manufacturing and Robotics,child
32131,shielded,Summer 2026,S26,2026,B2B,top
32131,shielded,Summer 2026,S26,2026,Finance and Accounting,child
33053,shiraz-ai,Summer 2026,S26,2026,Industrials,top
33053,shiraz-ai,Summer 2026,S26,2026,Manufacturing and Robotics,child
31437,textsidekick,Summer 2026,S26,2026,B2B,top
31437,textsidekick,Summer 2026,S26,2026,Operations,child
33111,skymerse,Summer 2026,S26,2026,Industrials,top
33111,skymerse,Summer 2026,S26,2026,Aviation and Space,child
33311,spaceflow-technologies-inc,Summer 2026,S26,2026,B2B,top
33311,spaceflow-technologies-inc,Summer 2026,S26,2026,Supply Chain and Logistics,child
32257,spectre-intelligence,Summer 2026,S26,2026,Fintech,top
32257,spectre-intelligence,Summer 2026,S26,2026,Asset Management,child
32169,speko,Summer 2026,S26,2026,B2B,top
32169,speko,Summer 2026,S26,2026,Infrastructure,child
32517,standard-machines,Summer 2026,S26,2026,B2B,top
32225,stoa,Summer 2026,S26,2026,Fintech,top
32523,stratum-industries,Summer 2026,S26,2026,Government,top
32162,studio,Summer 2026,S26,2026,B2B,top
32162,studio,Summer 2026,S26,2026,Analytics,child
33313,subvysion,Summer 2026,S26,2026,Real Estate and Construction,top
33313,subvysion,Summer 2026,S26,2026,Construction,child
30914,sunflower,Summer 2026,S26,2026,Healthcare,top
30914,sunflower,Summer 2026,S26,2026,Healthcare Services,child
32168,synapse-semiconductor,Summer 2026,S26,2026,Industrials,top
32587,tarebio,Summer 2026,S26,2026,Healthcare,top
32587,tarebio,Summer 2026,S26,2026,Drug Discovery and Delivery,child
32319,tarifflo-inc,Summer 2026,S26,2026,B2B,top
32319,tarifflo-inc,Summer 2026,S26,2026,Supply Chain and Logistics,child
32627,tenor,Summer 2026,S26,2026,B2B,top
30904,tensr,Summer 2026,S26,2026,Industrials,top
30904,tensr,Summer 2026,S26,2026,Manufacturing and Robotics,child
31858,torus,Summer 2026,S26,2026,Industrials,top
32253,touchmark,Summer 2026,S26,2026,B2B,top
32253,touchmark,Summer 2026,S26,2026,Infrastructure,child
33051,touchy,Summer 2026,S26,2026,Consumer,top
33178,tovenai,Summer 2026,S26,2026,Fintech,top
33178,tovenai,Summer 2026,S26,2026,Banking and Exchange,child
32418,traceforce,Summer 2026,S26,2026,B2B,top
32418,traceforce,Summer 2026,S26,2026,Security,child
33316,tracer,Summer 2026,S26,2026,B2B,top
31537,trident,Summer 2026,S26,2026,B2B,top
31537,trident,Summer 2026,S26,2026,Security,child
32135,trope,Summer 2026,S26,2026,B2B,top
32815,trynearby,Summer 2026,S26,2026,B2B,top
32815,trynearby,Summer 2026,S26,2026,Marketing,child
31259,tsenta,Summer 2026,S26,2026,Consumer,top
31259,tsenta,Summer 2026,S26,2026,Job and Career Services,child
32750,ultrasonium,Summer 2026,S26,2026,Industrials,top
32750,ultrasonium,Summer 2026,S26,2026,Manufacturing and Robotics,child
32167,understudy-labs,Summer 2026,S26,2026,B2B,top
32167,understudy-labs,Summer 2026,S26,2026,Infrastructure,child
32620,vendo,Summer 2026,S26,2026,B2B,top
32620,vendo,Summer 2026,S26,2026,"Engineering, Product and Design",child
32189,verdant,Summer 2026,S26,2026,Government,top
33179,verdict-machine,Summer 2026,S26,2026,B2B,top
33179,verdict-machine,Summer 2026,S26,2026,Security,child
33319,vernius-systems-inc,Summer 2026,S26,2026,Industrials,top
33319,vernius-systems-inc,Summer 2026,S26,2026,Defense,child
32751,vestris,Summer 2026,S26,2026,Real Estate and Construction,top
32751,vestris,Summer 2026,S26,2026,Housing and Real Estate,child
31047,waddle-labs,Summer 2026,S26,2026,Industrials,top
31047,waddle-labs,Summer 2026,S26,2026,Manufacturing and Robotics,child
32948,waybill,Summer 2026,S26,2026,B2B,top
32948,waybill,Summer 2026,S26,2026,Supply Chain and Logistics,child
32617,whitespace,Summer 2026,S26,2026,B2B,top
32617,whitespace,Summer 2026,S26,2026,Supply Chain and Logistics,child
31425,wondertx,Summer 2026,S26,2026,Healthcare,top
31425,wondertx,Summer 2026,S26,2026,Therapeutics,child
33317,wondering,Summer 2026,S26,2026,Consumer,top
32256,zaplar,Summer 2026,S26,2026,B2B,top
32256,zaplar,Summer 2026,S26,2026,Operations,child
32154,zomma,Summer 2026,S26,2026,B2B,top
33573,hardware-intelligence,Summer 2026,S26,2026,B2B,top
33573,hardware-intelligence,Summer 2026,S26,2026,"Engineering, Product and Design",child
33348,hiloop,Summer 2026,S26,2026,B2B,top
33348,hiloop,Summer 2026,S26,2026,Infrastructure,child
32527,machine0,Summer 2026,S26,2026,B2B,top
32527,machine0,Summer 2026,S26,2026,Infrastructure,child
31555,rekursivai,Summer 2026,S26,2026,B2B,top
31555,rekursivai,Summer 2026,S26,2026,Productivity,child
32259,screenpipe,Summer 2026,S26,2026,B2B,top
32259,screenpipe,Summer 2026,S26,2026,Productivity,child
31923,tash,Summer 2026,S26,2026,Consumer,top
35290,antropi-robotics,Fall 2026,F26,2026,Industrials,top
35290,antropi-robotics,Fall 2026,F26,2026,Manufacturing and Robotics,child
35261,asakana,Fall 2026,F26,2026,Consumer,top
35261,asakana,Fall 2026,F26,2026,Food and Beverage,child
34928,ascii,Fall 2026,F26,2026,B2B,top
34928,ascii,Fall 2026,F26,2026,Infrastructure,child
35058,capveon,Fall 2026,F26,2026,Government,top
31461,collar,Fall 2026,F26,2026,B2B,top
36084,covera,Fall 2026,F26,2026,Fintech,top
36084,covera,Fall 2026,F26,2026,Insurance,child
31452,degla-inc,Fall 2026,F26,2026,Industrials,top
31452,degla-inc,Fall 2026,F26,2026,Drones,child
35850,dreamscale-labs,Fall 2026,F26,2026,Industrials,top
35850,dreamscale-labs,Fall 2026,F26,2026,Manufacturing and Robotics,child
35094,useforward,Fall 2026,F26,2026,B2B,top
31378,godhands,Fall 2026,F26,2026,B2B,top
35522,hemlock,Fall 2026,F26,2026,Industrials,top
35522,hemlock,Fall 2026,F26,2026,Manufacturing and Robotics,child
35265,hopper,Fall 2026,F26,2026,B2B,top
35265,hopper,Fall 2026,F26,2026,Infrastructure,child
34365,lambda-robotics,Fall 2026,F26,2026,Industrials,top
34365,lambda-robotics,Fall 2026,F26,2026,Manufacturing and Robotics,child
35190,lantern-ai,Fall 2026,F26,2026,B2B,top
35190,lantern-ai,Fall 2026,F26,2026,Human Resources,child
33804,lightfield,Fall 2026,F26,2026,B2B,top
33804,lightfield,Fall 2026,F26,2026,Legal,child
38061,maritime,Fall 2026,F26,2026,B2B,top
38061,maritime,Fall 2026,F26,2026,Infrastructure,child
35257,nodus-compute,Fall 2026,F26,2026,B2B,top
35260,onepatch,Fall 2026,F26,2026,B2B,top
35260,onepatch,Fall 2026,F26,2026,"Engineering, Product and Design",child
35525,orca-aerospace,Fall 2026,F26,2026,Industrials,top
35525,orca-aerospace,Fall 2026,F26,2026,Aviation and Space,child
34794,qokedas,Fall 2026,F26,2026,B2B,top
36940,quippy,Fall 2026,F26,2026,Consumer,top
37600,redoubt-insurance,Fall 2026,F26,2026,Fintech,top
37600,redoubt-insurance,Fall 2026,F26,2026,Insurance,child
31591,rightnow,Fall 2026,F26,2026,B2B,top
31591,rightnow,Fall 2026,F26,2026,Infrastructure,child
34597,sentient-os,Fall 2026,F26,2026,B2B,top
34597,sentient-os,Fall 2026,F26,2026,Productivity,child
33838,simantic,Fall 2026,F26,2026,B2B,top
33838,simantic,Fall 2026,F26,2026,"Engineering, Product and Design",child
34629,simulithic,Fall 2026,F26,2026,B2B,top
34629,simulithic,Fall 2026,F26,2026,"Engineering, Product and Design",child
36708,sinter-systems,Fall 2026,F26,2026,Industrials,top
36708,sinter-systems,Fall 2026,F26,2026,Manufacturing and Robotics,child
35128,talos-us,Fall 2026,F26,2026,Industrials,top
35128,talos-us,Fall 2026,F26,2026,Energy,child
37272,the-subvocal-company,Fall 2026,F26,2026,Consumer,top
37272,the-subvocal-company,Fall 2026,F26,2026,Consumer Electronics,child
34761,veeza-ai,Fall 2026,F26,2026,Consumer,top
34761,veeza-ai,Fall 2026,F26,2026,"Travel, Leisure and Tourism",child
32352,veltha,Fall 2026,F26,2026,Fintech,top
32352,veltha,Fall 2026,F26,2026,Insurance,child
35784,vorelios,Fall 2026,F26,2026,B2B,top
35395,workers-io,Fall 2026,F26,2026,B2B,top
35395,workers-io,Fall 2026,F26,2026,"Engineering, Product and Design",child
36348,antimattr,Fall 2026,F26,2026,Consumer,top
36348,antimattr,Fall 2026,F26,2026,Consumer Electronics,child
34464,herdr,Fall 2026,F26,2026,B2B,top
34464,herdr,Fall 2026,F26,2026,"Engineering, Product and Design",child
32165,rote,Winter 2027,W27,2027,B2B,top
32165,rote,Winter 2027,W27,2027,Operations,child
