company_id,company_slug,batch,batch_code,year,subindustry,industry,subindustry_child
23629,axar-ai,Winter 2021,W21,2021.0,B2B,B2B,
22579,abacum,Winter 2021,W21,2021.0,B2B -> Finance and Accounting,B2B,Finance and Accounting
23096,aerotime,Winter 2021,W21,2021.0,B2B -> Productivity,B2B,Productivity
23292,agendapro,Winter 2021,W21,2021.0,B2B -> Marketing,B2B,Marketing
22630,alba-orbital,Winter 2021,W21,2021.0,Industrials -> Aviation and Space,Industrials,Aviation and Space
22640,albedo,Winter 2021,W21,2021.0,Industrials -> Aviation and Space,Industrials,Aviation and Space
22834,alinea,Winter 2021,W21,2021.0,Fintech -> Consumer Finance,Fintech,Consumer Finance
23630,alltruists,Winter 2021,W21,2021.0,Consumer -> Job and Career Services,Consumer,Job and Career Services
23270,alokai,Winter 2021,W21,2021.0,"B2B -> Engineering, Product and Design",B2B,"Engineering, Product and Design"
23315,alpas,Winter 2021,W21,2021.0,B2B,B2B,
22866,anima,Winter 2021,W21,2021.0,Healthcare,Healthcare,
23537,arpio,Winter 2021,W21,2021.0,B2B -> Infrastructure,B2B,Infrastructure
22627,atomic-industries,Winter 2021,W21,2021.0,Industrials -> Manufacturing and Robotics,Industrials,Manufacturing and Robotics
22581,atrato,Winter 2021,W21,2021.0,Fintech -> Payments,Fintech,Payments
22935,aurabeat,Winter 2021,W21,2021.0,Industrials -> Energy,Industrials,Energy
22934,auricle,Winter 2021,W21,2021.0,Healthcare -> Medical Devices,Healthcare,Medical Devices
23531,authologic,Winter 2021,W21,2021.0,"B2B -> Engineering, Product and Design",B2B,"Engineering, Product and Design"
22771,avenue,Winter 2021,W21,2021.0,B2B -> Operations,B2B,Operations
23515,avion-school,Winter 2021,W21,2021.0,Education,Education,
22828,aviron-interactive,Winter 2021,W21,2021.0,Consumer -> Home and Personal,Consumer,Home and Personal
22717,avocado,Winter 2021,W21,2021.0,B2B -> Retail,B2B,Retail
23423,awari,Winter 2021,W21,2021.0,Education,Education,
22742,axiom-ai,Winter 2021,W21,2021.0,B2B -> Operations,B2B,Operations
22779,axle-health,Winter 2021,W21,2021.0,Healthcare -> Healthcare IT,Healthcare,Healthcare IT
23412,axolo,Winter 2021,W21,2021.0,"B2B -> Engineering, Product and Design",B2B,"Engineering, Product and Design"
22718,bewell-digital,Winter 2021,W21,2021.0,Healthcare -> Healthcare IT,Healthcare,Healthcare IT
23175,betterhalf,Winter 2021,W21,2021.0,Consumer -> Social,Consumer,Social
22792,bimaplan,Winter 2021,W21,2021.0,Fintech -> Insurance,Fintech,Insurance
23190,biodock,Winter 2021,W21,2021.0,Healthcare -> Therapeutics,Healthcare,Therapeutics
23445,blink,Winter 2021,W21,2021.0,Industrials -> Automotive,Industrials,Automotive
23555,bloom-3,Winter 2021,W21,2021.0,Fintech -> Consumer Finance,Fintech,Consumer Finance
22703,bluelight,Winter 2021,W21,2021.0,B2B -> Analytics,B2B,Analytics
23121,botbuilt,Winter 2021,W21,2021.0,Industrials -> Manufacturing and Robotics,Industrials,Manufacturing and Robotics
22881,briohr,Winter 2021,W21,2021.0,B2B -> Human Resources,B2B,Human Resources
22612,bristle,Winter 2021,W21,2021.0,Healthcare -> Consumer Health and Wellness,Healthcare,Consumer Health and Wellness
23434,broad,Winter 2021,W21,2021.0,Fintech -> Banking and Exchange,Fintech,Banking and Exchange
22791,bueno-finance,Winter 2021,W21,2021.0,Fintech -> Credit and Lending,Fintech,Credit and Lending
23371,businessonbot,Winter 2021,W21,2021.0,B2B -> Operations,B2B,Operations
22829,camber-2,Winter 2021,W21,2021.0,Healthcare -> Healthcare IT,Healthcare,Healthcare IT
23631,camelan,Winter 2021,W21,2021.0,Consumer -> Home and Personal,Consumer,Home and Personal
23186,camp,Winter 2021,W21,2021.0,Consumer,Consumer,
22870,care-weather,Winter 2021,W21,2021.0,Industrials -> Aviation and Space,Industrials,Aviation and Space
22745,cashbook,Winter 2021,W21,2021.0,B2B -> Finance and Accounting,B2B,Finance and Accounting
22775,charge-running,Winter 2021,W21,2021.0,Consumer -> Home and Personal,Consumer,Home and Personal
23279,chatwoot,Winter 2021,W21,2021.0,B2B -> Operations,B2B,Operations
23435,cheqout,Winter 2021,W21,2021.0,Fintech -> Payments,Fintech,Payments
23633,chorus-sleep,Winter 2021,W21,2021.0,B2B,B2B,
22711,clay,Winter 2021,W21,2021.0,"B2B -> Engineering, Product and Design",B2B,"Engineering, Product and Design"
23550,clear,Winter 2021,W21,2021.0,Consumer -> Social,Consumer,Social
22752,clipdrop,Winter 2021,W21,2021.0,Consumer -> Content,Consumer,Content
22710,coverified,Winter 2021,W21,2021.0,Healthcare -> Healthcare IT,Healthcare,Healthcare IT
23276,codeball,Winter 2021,W21,2021.0,"B2B -> Engineering, Product and Design",B2B,"Engineering, Product and Design"
22955,coderhouse,Winter 2021,W21,2021.0,Education,Education,
22997,codingal,Winter 2021,W21,2021.0,Education,Education,
23200,compose-ai,Winter 2021,W21,2021.0,B2B -> Productivity,B2B,Productivity
22841,controlhub,Winter 2021,W21,2021.0,B2B -> Finance and Accounting,B2B,Finance and Accounting
22706,curvenote,Winter 2021,W21,2021.0,Healthcare -> Healthcare IT,Healthcare,Healthcare IT
22781,cyble,Winter 2021,W21,2021.0,B2B -> Security,B2B,Security
22987,darrow,Winter 2021,W21,2021.0,B2B -> Legal,B2B,Legal
22842,dashlabs-ai,Winter 2021,W21,2021.0,Healthcare -> Healthcare IT,Healthcare,Healthcare IT
23303,dataherald,Winter 2021,W21,2021.0,B2B,B2B,
22951,datrics,Winter 2021,W21,2021.0,Healthcare,Healthcare,
23405,dayra,Winter 2021,W21,2021.0,Fintech -> Credit and Lending,Fintech,Credit and Lending
22470,degrees-of-freedom,Winter 2021,W21,2021.0,Education,Education,
23458,djamo,Winter 2021,W21,2021.0,Fintech -> Banking and Exchange,Fintech,Banking and Exchange
22656,dreamworld,Winter 2021,W21,2021.0,Consumer -> Gaming,Consumer,Gaming
23400,dressd,Winter 2021,W21,2021.0,Consumer -> Apparel and Cosmetics,Consumer,Apparel and Cosmetics
23038,dyte,Winter 2021,W21,2021.0,B2B -> Infrastructure,B2B,Infrastructure
23264,eat-blueprint,Winter 2021,W21,2021.0,Consumer -> Food and Beverage,Consumer,Food and Beverage
22831,emerge-tools,Winter 2021,W21,2021.0,"B2B -> Engineering, Product and Design",B2B,"Engineering, Product and Design"
23037,enable-us,Winter 2021,W21,2021.0,B2B -> Sales,B2B,Sales
22744,encord,Winter 2021,W21,2021.0,B2B -> Infrastructure,B2B,Infrastructure
22953,enode,Winter 2021,W21,2021.0,Industrials -> Energy,Industrials,Energy
23263,entelexo-biotherapeutics,Winter 2021,W21,2021.0,Healthcare -> Therapeutics,Healthcare,Therapeutics
23433,estoca,Winter 2021,W21,2021.0,B2B -> Supply Chain and Logistics,B2B,Supply Chain and Logistics
22787,expent-inc,Winter 2021,W21,2021.0,B2B -> Operations,B2B,Operations
23189,fable,Winter 2021,W21,2021.0,"B2B -> Engineering, Product and Design",B2B,"Engineering, Product and Design"
22786,faction,Winter 2021,W21,2021.0,Industrials -> Automotive,Industrials,Automotive
22879,fathom,Winter 2021,W21,2021.0,B2B -> Productivity,B2B,Productivity
23174,feroot-security,Winter 2021,W21,2021.0,B2B -> Security,B2B,Security
22826,fifthtry,Winter 2021,W21,2021.0,B2B -> Productivity,B2B,Productivity
23065,finantier,Winter 2021,W21,2021.0,Fintech -> Banking and Exchange,Fintech,Banking and Exchange
22755,finary,Winter 2021,W21,2021.0,Fintech -> Asset Management,Fintech,Asset Management
22903,finary-com,Winter 2021,W21,2021.0,Fintech -> Asset Management,Fintech,Asset Management
22667,finley,Winter 2021,W21,2021.0,Fintech -> Credit and Lending,Fintech,Credit and Lending
22836,fintoc,Winter 2021,W21,2021.0,Fintech -> Payments,Fintech,Payments
22882,firstsupport-ai,Winter 2021,W21,2021.0,B2B -> Operations,B2B,Operations
22796,firstbase-io,Winter 2021,W21,2021.0,B2B -> Operations,B2B,Operations
23128,fithub-2,Winter 2021,W21,2021.0,Consumer -> Food and Beverage,Consumer,Food and Beverage
22989,flextock,Winter 2021,W21,2021.0,B2B -> Supply Chain and Logistics,B2B,Supply Chain and Logistics
22774,flok,Winter 2021,W21,2021.0,B2B,B2B,
23316,floweq,Winter 2021,W21,2021.0,B2B -> Productivity,B2B,Productivity
23301,flutterflow,Winter 2021,W21,2021.0,"B2B -> Engineering, Product and Design",B2B,"Engineering, Product and Design"
23645,flux-2,Winter 2021,W21,2021.0,Fintech -> Payments,Fintech,Payments
22708,flux-auto,Winter 2021,W21,2021.0,Industrials -> Manufacturing and Robotics,Industrials,Manufacturing and Robotics
23511,forcyte-biotechnologies,Winter 2021,W21,2021.0,Healthcare -> Diagnostics,Healthcare,Diagnostics
23328,compound-writing,Winter 2021,W21,2021.0,Consumer -> Home and Personal,Consumer,Home and Personal
22714,fountain9,Winter 2021,W21,2021.0,B2B -> Retail,B2B,Retail
22751,fractional,Winter 2021,W21,2021.0,Fintech,Fintech,
23415,friz,Winter 2021,W21,2021.0,Consumer -> Job and Career Services,Consumer,Job and Career Services
22788,functionup-fanplay,Winter 2021,W21,2021.0,Education,Education,
22695,furmacy,Winter 2021,W21,2021.0,Healthcare -> Healthcare IT,Healthcare,Healthcare IT
23305,galaxy,Winter 2021,W21,2021.0,B2B -> Infrastructure,B2B,Infrastructure
22702,gerald-technologies-inc,Winter 2021,W21,2021.0,Fintech,Fintech,
23389,gigs,Winter 2021,W21,2021.0,"B2B -> Engineering, Product and Design",B2B,"Engineering, Product and Design"
22673,gigs-live,Winter 2021,W21,2021.0,Consumer,Consumer,
22888,gimbooks,Winter 2021,W21,2021.0,B2B -> Finance and Accounting,B2B,Finance and Accounting
22712,gobuild-fka-brick,Winter 2021,W21,2021.0,Fintech -> Credit and Lending,Fintech,Credit and Lending
22565,gonddo,Winter 2021,W21,2021.0,B2B -> Retail,B2B,Retail
22777,gradia-health,Winter 2021,W21,2021.0,Healthcare -> Healthcare IT,Healthcare,Healthcare IT
23306,greaseboss,Winter 2021,W21,2021.0,Industrials -> Manufacturing and Robotics,Industrials,Manufacturing and Robotics
22947,great-question,Winter 2021,W21,2021.0,"B2B -> Engineering, Product and Design",B2B,"Engineering, Product and Design"
22889,greywing,Winter 2021,W21,2021.0,B2B -> Supply Chain and Logistics,B2B,Supply Chain and Logistics
22789,gridware,Winter 2021,W21,2021.0,Industrials -> Energy,Industrials,Energy
22677,gromo,Winter 2021,W21,2021.0,Fintech,Fintech,
23556,h3x-technologies,Winter 2021,W21,2021.0,Industrials -> Aviation and Space,Industrials,Aviation and Space
23453,hubuc,Winter 2021,W21,2021.0,Fintech -> Payments,Fintech,Payments
22668,hapi,Winter 2021,W21,2021.0,Fintech -> Consumer Finance,Fintech,Consumer Finance
23259,haystack,Winter 2021,W21,2021.0,"B2B -> Engineering, Product and Design",B2B,"Engineering, Product and Design"
22876,hermes-robotics,Winter 2021,W21,2021.0,Industrials -> Defense,Industrials,Defense
23242,homebreeze,Winter 2021,W21,2021.0,Consumer -> Home and Personal,Consumer,Home and Personal
22983,homebase,Winter 2021,W21,2021.0,Real Estate and Construction -> Housing and Real Estate,Real Estate and Construction,Housing and Real Estate
23266,houm,Winter 2021,W21,2021.0,Real Estate and Construction -> Housing and Real Estate,Real Estate and Construction,Housing and Real Estate
22658,howdy-com,Winter 2021,W21,2021.0,B2B -> Recruiting and Talent,B2B,Recruiting and Talent
22784,huddlefire,Winter 2021,W21,2021.0,B2B -> Marketing,B2B,Marketing
22942,hudu,Winter 2021,W21,2021.0,B2B -> Operations,B2B,Operations
22638,humaans,Winter 2021,W21,2021.0,B2B -> Human Resources,B2B,Human Resources
23636,humance,Winter 2021,W21,2021.0,Real Estate and Construction -> Construction,Real Estate and Construction,Construction
22778,hyperglue,Winter 2021,W21,2021.0,B2B -> Analytics,B2B,Analytics
23280,infracost,Winter 2021,W21,2021.0,"B2B -> Engineering, Product and Design",B2B,"Engineering, Product and Design"
23062,inpharmd,Winter 2021,W21,2021.0,Healthcare -> Healthcare Services,Healthcare,Healthcare Services
22944,invoid,Winter 2021,W21,2021.0,B2B,B2B,
23397,jetdocs,Winter 2021,W21,2021.0,B2B -> Operations,B2B,Operations
23440,jiga,Winter 2021,W21,2021.0,B2B -> Supply Chain and Logistics,B2B,Supply Chain and Logistics
22705,joinsub,Winter 2021,W21,2021.0,Fintech -> Payments,Fintech,Payments
23638,journey,Winter 2021,W21,2021.0,B2B -> Sales,B2B,Sales
23052,juicy-marbles,Winter 2021,W21,2021.0,Consumer -> Food and Beverage,Consumer,Food and Beverage
22823,june,Winter 2021,W21,2021.0,B2B -> Analytics,B2B,Analytics
23635,kanda,Winter 2021,W21,2021.0,Fintech -> Credit and Lending,Fintech,Credit and Lending
23302,kidato,Winter 2021,W21,2021.0,Education,Education,
23597,kilobaser,Winter 2021,W21,2021.0,Healthcare -> Medical Devices,Healthcare,Medical Devices
23290,kitemaker,Winter 2021,W21,2021.0,"B2B -> Engineering, Product and Design",B2B,"Engineering, Product and Design"
23661,kiwify,Winter 2021,W21,2021.0,Education,Education,
22844,kodo,Winter 2021,W21,2021.0,Fintech -> Payments,Fintech,Payments
22709,krab,Winter 2021,W21,2021.0,Fintech -> Credit and Lending,Fintech,Credit and Lending
22857,kredi,Winter 2021,W21,2021.0,Fintech -> Credit and Lending,Fintech,Credit and Lending
22846,lalabox,Winter 2021,W21,2021.0,Consumer -> Content,Consumer,Content
23220,lamar-health,Winter 2021,W21,2021.0,Healthcare -> Healthcare IT,Healthcare,Healthcare IT
22741,laudspeaker,Winter 2021,W21,2021.0,B2B -> Marketing,B2B,Marketing
23085,launcher-labs,Winter 2021,W21,2021.0,Consumer,Consumer,
22833,lendflow,Winter 2021,W21,2021.0,Fintech -> Payments,Fintech,Payments
22969,lighttwist,Winter 2021,W21,2021.0,"B2B -> Engineering, Product and Design",B2B,"Engineering, Product and Design"
22693,lion-pose,Winter 2021,W21,2021.0,Consumer,Consumer,
22906,liveflow,Winter 2021,W21,2021.0,B2B -> Finance and Accounting,B2B,Finance and Accounting
22869,logica,Winter 2021,W21,2021.0,B2B -> Finance and Accounting,B2B,Finance and Accounting
22974,logisticsos,Winter 2021,W21,2021.0,B2B -> Supply Chain and Logistics,B2B,Supply Chain and Logistics
22566,lovd,Winter 2021,W21,2021.0,Consumer,Consumer,
23269,lunatic,Winter 2021,W21,2021.0,"B2B -> Engineering, Product and Design",B2B,"Engineering, Product and Design"
22659,lygg,Winter 2021,W21,2021.0,Consumer -> Apparel and Cosmetics,Consumer,Apparel and Cosmetics
23327,machine26,Winter 2021,W21,2021.0,Real Estate and Construction -> Construction,Real Estate and Construction,Construction
23613,magicbell,Winter 2021,W21,2021.0,"B2B -> Engineering, Product and Design",B2B,"Engineering, Product and Design"
23193,manara,Winter 2021,W21,2021.0,B2B -> Recruiting and Talent,B2B,Recruiting and Talent
22948,marcopolo,Winter 2021,W21,2021.0,B2B -> Operations,B2B,Operations
23541,mayan,Winter 2021,W21,2021.0,B2B -> Operations,B2B,Operations
22885,measured,Winter 2021,W21,2021.0,Healthcare -> Consumer Health and Wellness,Healthcare,Consumer Health and Wellness
22663,medme-health,Winter 2021,W21,2021.0,Healthcare -> Healthcare IT,Healthcare,Healthcare IT
23518,meetanyway,Winter 2021,W21,2021.0,B2B -> Operations,B2B,Operations
23240,mendel,Winter 2021,W21,2021.0,Fintech -> Banking and Exchange,Fintech,Banking and Exchange
23642,meru-com,Winter 2021,W21,2021.0,B2B -> Retail,B2B,Retail
23437,mezli,Winter 2021,W21,2021.0,Consumer -> Food and Beverage,Consumer,Food and Beverage
23050,milk-video,Winter 2021,W21,2021.0,B2B -> Marketing,B2B,Marketing
23521,mindportal,Winter 2021,W21,2021.0,Consumer -> Consumer Electronics,Consumer,Consumer Electronics
22855,mindee,Winter 2021,W21,2021.0,"B2B -> Engineering, Product and Design",B2B,"Engineering, Product and Design"
22676,modernloop,Winter 2021,W21,2021.0,B2B -> Recruiting and Talent,B2B,Recruiting and Talent
22700,moichor,Winter 2021,W21,2021.0,Healthcare -> Diagnostics,Healthcare,Diagnostics
23265,mono,Winter 2021,W21,2021.0,Fintech -> Banking and Exchange,Fintech,Banking and Exchange
23304,moonshot-brands,Winter 2021,W21,2021.0,Fintech -> Asset Management,Fintech,Asset Management
23472,moonvalley,Winter 2021,W21,2021.0,Consumer -> Virtual and Augmented Reality,Consumer,Virtual and Augmented Reality
23261,morada-uno,Winter 2021,W21,2021.0,Real Estate and Construction -> Housing and Real Estate,Real Estate and Construction,Housing and Real Estate
23202,moxion-power-co,Winter 2021,W21,2021.0,Industrials -> Energy,Industrials,Energy
23568,my-nextderma,Winter 2021,W21,2021.0,Healthcare -> Consumer Health and Wellness,Healthcare,Consumer Health and Wellness
23430,mystic,Winter 2021,W21,2021.0,B2B -> Infrastructure,B2B,Infrastructure
23185,mythia,Winter 2021,W21,2021.0,Fintech,Fintech,
23656,nano-technologies,Winter 2021,W21,2021.0,Fintech -> Credit and Lending,Fintech,Credit and Lending
23431,navattic,Winter 2021,W21,2021.0,B2B -> Marketing,B2B,Marketing
22600,neverland,Winter 2021,W21,2021.0,Consumer -> Home and Personal,Consumer,Home and Personal
23632,nextpay,Winter 2021,W21,2021.0,Fintech -> Banking and Exchange,Fintech,Banking and Exchange
23000,nimbus-3,Winter 2021,W21,2021.0,B2B -> Infrastructure,B2B,Infrastructure
22840,nirva,Winter 2021,W21,2021.0,Healthcare -> Healthcare Services,Healthcare,Healthcare Services
22975,noble,Winter 2021,W21,2021.0,B2B -> Finance and Accounting,B2B,Finance and Accounting
22699,nourish,Winter 2021,W21,2021.0,Healthcare,Healthcare,
22780,noya,Winter 2021,W21,2021.0,Industrials -> Climate,Industrials,Climate
23522,nuntius-therapeutics,Winter 2021,W21,2021.0,Healthcare -> Therapeutics,Healthcare,Therapeutics
22698,observa,Winter 2021,W21,2021.0,B2B -> Security,B2B,Security
22797,octifi,Winter 2021,W21,2021.0,Fintech -> Consumer Finance,Fintech,Consumer Finance
23366,olaclick,Winter 2021,W21,2021.0,Consumer -> Food and Beverage,Consumer,Food and Beverage
23634,ollama,Winter 2021,W21,2021.0,B2B -> Infrastructure,B2B,Infrastructure
23238,ontop,Winter 2021,W21,2021.0,B2B,B2B,
22986,opencode,Winter 2021,W21,2021.0,B2B -> Infrastructure,B2B,Infrastructure
22843,orbillion-bio,Winter 2021,W21,2021.0,Industrials -> Climate,Industrials,Climate
23461,outfit,Winter 2021,W21,2021.0,Consumer -> Home and Personal,Consumer,Home and Personal
23277,pagaloop,Winter 2021,W21,2021.0,Fintech -> Payments,Fintech,Payments
22861,pangea-app,Winter 2021,W21,2021.0,B2B -> Recruiting and Talent,B2B,Recruiting and Talent
22832,parsagon,Winter 2021,W21,2021.0,B2B,B2B,
22985,partnered-2,Winter 2021,W21,2021.0,B2B -> Sales,B2B,Sales
22672,pensil,Winter 2021,W21,2021.0,"B2B -> Engineering, Product and Design",B2B,"Engineering, Product and Design"
22806,per-diem,Winter 2021,W21,2021.0,B2B -> Marketing,B2B,Marketing
22722,pesto,Winter 2021,W21,2021.0,Fintech -> Credit and Lending,Fintech,Credit and Lending
23162,phoenix,Winter 2021,W21,2021.0,Healthcare -> Consumer Health and Wellness,Healthcare,Consumer Health and Wellness
22681,pibit-ai,Winter 2021,W21,2021.0,Fintech -> Insurance,Fintech,Insurance
22750,pingpong,Winter 2021,W21,2021.0,B2B -> Productivity,B2B,Productivity
23610,pipebio,Winter 2021,W21,2021.0,Healthcare -> Therapeutics,Healthcare,Therapeutics
23041,platypus,Winter 2021,W21,2021.0,B2B,B2B,
22652,playmaker,Winter 2021,W21,2021.0,Consumer -> Content,Consumer,Content
23414,poliglota,Winter 2021,W21,2021.0,Education,Education,
22878,popl,Winter 2021,W21,2021.0,B2B,B2B,
22670,powerrouter,Winter 2021,W21,2021.0,B2B -> Sales,B2B,Sales
22738,pragmatic-leaders-ankai-inc,Winter 2021,W21,2021.0,B2B,B2B,
23239,preki,Winter 2021,W21,2021.0,B2B,B2B,
23278,prendea,Winter 2021,W21,2021.0,Education,Education,
22772,prequel,Winter 2021,W21,2021.0,B2B -> Analytics,B2B,Analytics
22867,procoto,Winter 2021,W21,2021.0,B2B -> Finance and Accounting,B2B,Finance and Accounting
22827,promoted,Winter 2021,W21,2021.0,B2B,B2B,
23398,prospa,Winter 2021,W21,2021.0,Fintech -> Banking and Exchange,Fintech,Banking and Exchange
22830,pry-financials,Winter 2021,W21,2021.0,B2B -> Finance and Accounting,B2B,Finance and Accounting
22883,purpose-finance,Winter 2021,W21,2021.0,Fintech -> Banking and Exchange,Fintech,Banking and Exchange
23229,pyroscope,Winter 2021,W21,2021.0,"B2B -> Engineering, Product and Design",B2B,"Engineering, Product and Design"
22661,quadrant-eye,Winter 2021,W21,2021.0,Healthcare -> Medical Devices,Healthcare,Medical Devices
22850,quadrant-health,Winter 2021,W21,2021.0,Healthcare -> Healthcare IT,Healthcare,Healthcare IT
22701,queenly,Winter 2021,W21,2021.0,Consumer -> Apparel and Cosmetics,Consumer,Apparel and Cosmetics
22995,quicknode,Winter 2021,W21,2021.0,B2B -> Infrastructure,B2B,Infrastructure
22990,quotabook,Winter 2021,W21,2021.0,B2B -> Finance and Accounting,B2B,Finance and Accounting
22887,r2,Winter 2021,W21,2021.0,Fintech -> Credit and Lending,Fintech,Credit and Lending
23369,regent,Winter 2021,W21,2021.0,Industrials -> Aviation and Space,Industrials,Aviation and Space
23156,roger,Winter 2021,W21,2021.0,B2B,B2B,
23105,reclaim-protocol,Winter 2021,W21,2021.0,B2B -> Recruiting and Talent,B2B,Recruiting and Talent
23432,recover,Winter 2021,W21,2021.0,Healthcare -> Consumer Health and Wellness,Healthcare,Consumer Health and Wellness
23146,redcliffe-lifetech,Winter 2021,W21,2021.0,Healthcare -> Diagnostics,Healthcare,Diagnostics
23317,rejoy-health,Winter 2021,W21,2021.0,Healthcare -> Healthcare IT,Healthcare,Healthcare IT
22905,remora,Winter 2021,W21,2021.0,Industrials -> Climate,Industrials,Climate
23611,reshape-biotech,Winter 2021,W21,2021.0,Healthcare -> Industrial Bio,Healthcare,Industrial Bio
22996,resquared,Winter 2021,W21,2021.0,B2B -> Marketing,B2B,Marketing
23399,rethoric,Winter 2021,W21,2021.0,B2B -> Marketing,B2B,Marketing
22884,rinsed,Winter 2021,W21,2021.0,B2B,B2B,
22660,rocketsdr,Winter 2021,W21,2021.0,B2B -> Sales,B2B,Sales
22875,roin-technologies,Winter 2021,W21,2021.0,Industrials -> Manufacturing and Robotics,Industrials,Manufacturing and Robotics
23459,routine,Winter 2021,W21,2021.0,B2B -> Productivity,B2B,Productivity
23127,rulebricks,Winter 2021,W21,2021.0,B2B -> Operations,B2B,Operations
22591,runway,Winter 2021,W21,2021.0,"B2B -> Engineering, Product and Design",B2B,"Engineering, Product and Design"
22664,sbx-robotics,Winter 2021,W21,2021.0,"B2B -> Engineering, Product and Design",B2B,"Engineering, Product and Design"
23139,seer,Winter 2021,W21,2021.0,B2B -> Retail,B2B,Retail
22743,segments-ai,Winter 2021,W21,2021.0,"B2B -> Engineering, Product and Design",B2B,"Engineering, Product and Design"
22957,sendbox,Winter 2021,W21,2021.0,B2B -> Supply Chain and Logistics,B2B,Supply Chain and Logistics
22617,serna-bio,Winter 2021,W21,2021.0,Healthcare -> Therapeutics,Healthcare,Therapeutics
23599,shepherd,Winter 2021,W21,2021.0,Fintech -> Insurance,Fintech,Insurance
22671,signoz,Winter 2021,W21,2021.0,B2B -> Infrastructure,B2B,Infrastructure
23056,simplify,Winter 2021,W21,2021.0,Consumer -> Job and Career Services,Consumer,Job and Career Services
22776,sivo,Winter 2021,W21,2021.0,Fintech -> Credit and Lending,Fintech,Credit and Lending
22696,slashauth,Winter 2021,W21,2021.0,B2B -> Infrastructure,B2B,Infrastructure
22720,smartcuts,Winter 2021,W21,2021.0,B2B -> Productivity,B2B,Productivity
23036,solo,Winter 2021,W21,2021.0,Fintech -> Consumer Finance,Fintech,Consumer Finance
23421,somos,Winter 2021,W21,2021.0,Real Estate and Construction -> Housing and Real Estate,Real Estate and Construction,Housing and Real Estate
23226,soraban,Winter 2021,W21,2021.0,B2B -> Finance and Accounting,B2B,Finance and Accounting
23368,spline,Winter 2021,W21,2021.0,B2B -> Productivity,B2B,Productivity
22666,spokn,Winter 2021,W21,2021.0,B2B -> Operations,B2B,Operations
22713,spruceid,Winter 2021,W21,2021.0,Government,Government,
22669,stacksi,Winter 2021,W21,2021.0,B2B -> Security,B2B,Security
23236,stayflexi,Winter 2021,W21,2021.0,B2B,B2B,
23048,stoke-space,Winter 2021,W21,2021.0,Industrials -> Aviation and Space,Industrials,Aviation and Space
23063,striga,Winter 2021,W21,2021.0,Fintech -> Payments,Fintech,Payments
22785,supadock,Winter 2021,W21,2021.0,B2B -> Supply Chain and Logistics,B2B,Supply Chain and Logistics
23355,svix,Winter 2021,W21,2021.0,B2B -> Infrastructure,B2B,Infrastructure
23324,swadesi-way,Winter 2021,W21,2021.0,Consumer -> Food and Beverage,Consumer,Food and Beverage
23598,swiftsku,Winter 2021,W21,2021.0,B2B -> Retail,B2B,Retail
22662,taloflow,Winter 2021,W21,2021.0,"B2B -> Engineering, Product and Design",B2B,"Engineering, Product and Design"
23075,taofi,Winter 2021,W21,2021.0,Fintech,Fintech,
23084,taste,Winter 2021,W21,2021.0,Consumer -> Food and Beverage,Consumer,Food and Beverage
23008,techbiz,Winter 2021,W21,2021.0,B2B,B2B,
22782,terapify,Winter 2021,W21,2021.0,Healthcare -> Consumer Health and Wellness,Healthcare,Consumer Health and Wellness
23612,terra-api,Winter 2021,W21,2021.0,"B2B -> Engineering, Product and Design",B2B,"Engineering, Product and Design"
22958,text-blaze,Winter 2021,W21,2021.0,B2B -> Productivity,B2B,Productivity
22624,the-third-place,Winter 2021,W21,2021.0,B2B -> Retail,B2B,Retail
23053,tilt-2,Winter 2021,W21,2021.0,Consumer,Consumer,
23064,tint,Winter 2021,W21,2021.0,Fintech -> Insurance,Fintech,Insurance
22854,topkey,Winter 2021,W21,2021.0,B2B -> Finance and Accounting,B2B,Finance and Accounting
22991,topline-pro,Winter 2021,W21,2021.0,B2B -> Operations,B2B,Operations
23017,tractian,Winter 2021,W21,2021.0,Industrials,Industrials,
23357,treinta,Winter 2021,W21,2021.0,B2B -> Productivity,B2B,Productivity
22952,trela,Winter 2021,W21,2021.0,Consumer,Consumer,
22968,trendpop,Winter 2021,W21,2021.0,B2B -> Analytics,B2B,Analytics
22618,trestle-biotherapeutics,Winter 2021,W21,2021.0,Healthcare -> Industrial Bio,Healthcare,Industrial Bio
23539,triomics,Winter 2021,W21,2021.0,Healthcare -> Healthcare Services,Healthcare,Healthcare Services
22704,triplit,Winter 2021,W21,2021.0,"B2B -> Engineering, Product and Design",B2B,"Engineering, Product and Design"
22880,true3d,Winter 2021,W21,2021.0,B2B -> Infrastructure,B2B,Infrastructure
22715,tupelo,Winter 2021,W21,2021.0,B2B -> Finance and Accounting,B2B,Finance and Accounting
23457,turing-college,Winter 2021,W21,2021.0,Education,Education,
23429,upchieve,Winter 2021,W21,2021.0,Education,Education,
22853,udhaar-app,Winter 2021,W21,2021.0,Fintech -> Payments,Fintech,Payments
23370,uiflow,Winter 2021,W21,2021.0,"B2B -> Engineering, Product and Design",B2B,"Engineering, Product and Design"
22675,unfurl,Winter 2021,W21,2021.0,Consumer -> Food and Beverage,Consumer,Food and Beverage
23054,unschool,Winter 2021,W21,2021.0,Education,Education,
22764,valink-therapeutics,Winter 2021,W21,2021.0,Healthcare -> Therapeutics,Healthcare,Therapeutics
22835,vapi,Winter 2021,W21,2021.0,"B2B -> Engineering, Product and Design",B2B,"Engineering, Product and Design"
22970,veera-health,Winter 2021,W21,2021.0,Healthcare -> Consumer Health and Wellness,Healthcare,Consumer Health and Wellness
23443,vendease,Winter 2021,W21,2021.0,B2B -> Supply Chain and Logistics,B2B,Supply Chain and Logistics
23191,venu-ai,Winter 2021,W21,2021.0,B2B,B2B,
22902,verak,Winter 2021,W21,2021.0,Fintech -> Insurance,Fintech,Insurance
22790,version-story-compare,Winter 2021,W21,2021.0,B2B -> Legal,B2B,Legal
23416,voosh,Winter 2021,W21,2021.0,B2B,B2B,
23452,wasp,Winter 2021,W21,2021.0,"B2B -> Engineering, Product and Design",B2B,"Engineering, Product and Design"
23530,waydev,Winter 2021,W21,2021.0,B2B -> Productivity,B2B,Productivity
22665,waypoint,Winter 2021,W21,2021.0,B2B,B2B,
22533,webiny,Winter 2021,W21,2021.0,"B2B -> Engineering, Product and Design",B2B,"Engineering, Product and Design"
22719,weekday,Winter 2021,W21,2021.0,B2B -> Recruiting and Talent,B2B,Recruiting and Talent
23167,worksphere,Winter 2021,W21,2021.0,B2B -> Operations,B2B,Operations
22707,wyndly,Winter 2021,W21,2021.0,Healthcare -> Consumer Health and Wellness,Healthcare,Consumer Health and Wellness
22783,yourquote,Winter 2021,W21,2021.0,Consumer -> Content,Consumer,Content
23260,z1,Winter 2021,W21,2021.0,Fintech -> Consumer Finance,Fintech,Consumer Finance
23074,zoko,Winter 2021,W21,2021.0,B2B -> Retail,B2B,Retail
23268,zealth,Winter 2021,W21,2021.0,Healthcare -> Healthcare IT,Healthcare,Healthcare IT
22721,zepto,Winter 2021,W21,2021.0,Consumer -> Food and Beverage,Consumer,Food and Beverage
23271,ziina,Winter 2021,W21,2021.0,Fintech -> Consumer Finance,Fintech,Consumer Finance
22674,arnata,Winter 2021,W21,2021.0,B2B -> Supply Chain and Logistics,B2B,Supply Chain and Logistics
22632,authzed,Winter 2021,W21,2021.0,"B2B -> Engineering, Product and Design",B2B,"Engineering, Product and Design"
23462,boitas-com,Winter 2021,W21,2021.0,B2B -> Retail,B2B,Retail
23042,clicoh,Winter 2021,W21,2021.0,B2B -> Supply Chain and Logistics,B2B,Supply Chain and Logistics
22608,cloud-humans,Winter 2021,W21,2021.0,B2B -> Operations,B2B,Operations
23640,eqtble,Winter 2021,W21,2021.0,B2B -> Human Resources,B2B,Human Resources
22625,gaiia,Winter 2021,W21,2021.0,B2B -> Operations,B2B,Operations
23460,hoop-dev,Winter 2021,W21,2021.0,"B2B -> Engineering, Product and Design",B2B,"Engineering, Product and Design"
23318,inbalance,Winter 2021,W21,2021.0,Industrials -> Energy,Industrials,Energy
22773,nohq,Winter 2021,W21,2021.0,B2B -> Human Resources,B2B,Human Resources
23413,peoplecq,Winter 2021,W21,2021.0,Fintech -> Asset Management,Fintech,Asset Management
23073,unsurvey,Winter 2021,W21,2021.0,"B2B -> Engineering, Product and Design",B2B,"Engineering, Product and Design"
22856,weweb-io,Winter 2021,W21,2021.0,B2B -> Operations,B2B,Operations
22890,zingbus,Winter 2021,W21,2021.0,Consumer -> Transportation Services,Consumer,Transportation Services
24256,ai-tech-packs,Summer 2021,S21,2021.0,B2B -> Supply Chain and Logistics,B2B,Supply Chain and Logistics
23884,aoa-dx-inc,Summer 2021,S21,2021.0,Healthcare -> Diagnostics,Healthcare,Diagnostics
23988,arq,Summer 2021,S21,2021.0,Fintech,Fintech,
24726,abatable,Summer 2021,S21,2021.0,Industrials -> Climate,Industrials,Climate
24147,abbot,Summer 2021,S21,2021.0,B2B -> Sales,B2B,Sales
24685,abhi,Summer 2021,S21,2021.0,Fintech -> Credit and Lending,Fintech,Credit and Lending
23958,abstra,Summer 2021,S21,2021.0,"B2B -> Engineering, Product and Design",B2B,"Engineering, Product and Design"
24505,adaptyv,Summer 2021,S21,2021.0,Healthcare -> Drug Discovery and Delivery,Healthcare,Drug Discovery and Delivery
24571,adni,Summer 2021,S21,2021.0,Healthcare,Healthcare,
24819,adravision,Summer 2021,S21,2021.0,Healthcare -> Healthcare IT,Healthcare,Healthcare IT
24086,advantage-club,Summer 2021,S21,2021.0,B2B -> Human Resources,B2B,Human Resources
24587,aer,Summer 2021,S21,2021.0,Fintech,Fintech,
24040,affogato-ai,Summer 2021,S21,2021.0,"B2B -> Engineering, Product and Design",B2B,"Engineering, Product and Design"
23845,agape,Summer 2021,S21,2021.0,Healthcare -> Consumer Health and Wellness,Healthcare,Consumer Health and Wellness
24871,ahazou,Summer 2021,S21,2021.0,B2B -> Marketing,B2B,Marketing
24042,akudo,Summer 2021,S21,2021.0,Fintech -> Payments,Fintech,Payments
24525,akute-health,Summer 2021,S21,2021.0,Healthcare -> Healthcare IT,Healthcare,Healthcare IT
24428,aleph,Summer 2021,S21,2021.0,B2B -> Finance and Accounting,B2B,Finance and Accounting
24422,aleph-solutions-alephee,Summer 2021,S21,2021.0,B2B -> Retail,B2B,Retail
24094,algouniversity,Summer 2021,S21,2021.0,Education,Education,
24229,algoviral,Summer 2021,S21,2021.0,B2B -> Marketing,B2B,Marketing
24600,algofi,Summer 2021,S21,2021.0,Fintech,Fintech,
24883,amenli,Summer 2021,S21,2021.0,Fintech -> Insurance,Fintech,Insurance
24141,anakin,Summer 2021,S21,2021.0,B2B -> Analytics,B2B,Analytics
24034,ananya-health,Summer 2021,S21,2021.0,Healthcare -> Medical Devices,Healthcare,Medical Devices
24549,ancana,Summer 2021,S21,2021.0,"Consumer -> Travel, Leisure and Tourism",Consumer,"Travel, Leisure and Tourism"
24343,apollo-2,Summer 2021,S21,2021.0,Fintech -> Consumer Finance,Fintech,Consumer Finance
24096,appx,Summer 2021,S21,2021.0,Education,Education,
24194,aqua,Summer 2021,S21,2021.0,Fintech,Fintech,
23968,archbee,Summer 2021,S21,2021.0,"B2B -> Engineering, Product and Design",B2B,"Engineering, Product and Design"
24398,arengu,Summer 2021,S21,2021.0,B2B,B2B,
24349,arrow,Summer 2021,S21,2021.0,Fintech -> Payments,Fintech,Payments
23943,artillery,Summer 2021,S21,2021.0,B2B -> Infrastructure,B2B,Infrastructure
24450,astek-diagnostics-inc,Summer 2021,S21,2021.0,Healthcare -> Diagnostics,Healthcare,Diagnostics
24746,atlas,Summer 2021,S21,2021.0,B2B,B2B,
24055,atmana,Summer 2021,S21,2021.0,Consumer,Consumer,
24841,aviator,Summer 2021,S21,2021.0,"B2B -> Engineering, Product and Design",B2B,"Engineering, Product and Design"
24170,awesomic,Summer 2021,S21,2021.0,B2B,B2B,
24082,bluumbio,Summer 2021,S21,2021.0,Healthcare -> Industrial Bio,Healthcare,Industrial Bio
23969,baraka,Summer 2021,S21,2021.0,Fintech -> Asset Management,Fintech,Asset Management
24666,baubap,Summer 2021,S21,2021.0,Fintech -> Credit and Lending,Fintech,Credit and Lending
24913,beau,Summer 2021,S21,2021.0,B2B -> Operations,B2B,Operations
23939,beeper,Summer 2021,S21,2021.0,Consumer,Consumer,
24799,birdie,Summer 2021,S21,2021.0,B2B -> Sales,B2B,Sales
24140,bite-ninja,Summer 2021,S21,2021.0,B2B,B2B,
24818,blackoaktv,Summer 2021,S21,2021.0,Consumer -> Content,Consumer,Content
23820,blixo,Summer 2021,S21,2021.0,B2B -> Finance and Accounting,B2B,Finance and Accounting
24065,boldvoice,Summer 2021,S21,2021.0,Consumer,Consumer,
24543,bolster,Summer 2021,S21,2021.0,Real Estate and Construction -> Construction,Real Estate and Construction,Construction
24250,breadcrumbs-io,Summer 2021,S21,2021.0,B2B -> Sales,B2B,Sales
24244,bree,Summer 2021,S21,2021.0,Fintech -> Consumer Finance,Fintech,Consumer Finance
24165,brite,Summer 2021,S21,2021.0,B2B -> Human Resources,B2B,Human Resources
24589,buoyant-aero,Summer 2021,S21,2021.0,Industrials -> Drones,Industrials,Drones
24280,buro-de-ingresos,Summer 2021,S21,2021.0,B2B -> Infrastructure,B2B,Infrastructure
24025,buzzle,Summer 2021,S21,2021.0,"B2B -> Engineering, Product and Design",B2B,"Engineering, Product and Design"
24701,byte-kitchen,Summer 2021,S21,2021.0,Consumer -> Food and Beverage,Consumer,Food and Beverage
24817,bytebot,Summer 2021,S21,2021.0,"B2B -> Engineering, Product and Design",B2B,"Engineering, Product and Design"
24129,cabal,Summer 2021,S21,2021.0,B2B,B2B,
24867,cache,Summer 2021,S21,2021.0,Consumer -> Food and Beverage,Consumer,Food and Beverage
24857,cafe,Summer 2021,S21,2021.0,B2B -> Human Resources,B2B,Human Resources
24622,caire-health,Summer 2021,S21,2021.0,Healthcare -> Diagnostics,Healthcare,Diagnostics
24762,canopi,Summer 2021,S21,2021.0,B2B,B2B,
23960,carbonfact,Summer 2021,S21,2021.0,Industrials -> Climate,Industrials,Climate
25047,careerist,Summer 2021,S21,2021.0,Education,Education,
24354,cartpanda,Summer 2021,S21,2021.0,B2B -> Sales,B2B,Sales
24008,catena-biosciences,Summer 2021,S21,2021.0,Healthcare -> Therapeutics,Healthcare,Therapeutics
24737,cellchorus,Summer 2021,S21,2021.0,Healthcare -> Drug Discovery and Delivery,Healthcare,Drug Discovery and Delivery
24303,cero,Summer 2021,S21,2021.0,B2B,B2B,
24873,charge-robotics,Summer 2021,S21,2021.0,Industrials -> Manufacturing and Robotics,Industrials,Manufacturing and Robotics
24563,chari,Summer 2021,S21,2021.0,Consumer -> Food and Beverage,Consumer,Food and Beverage
24884,chipax,Summer 2021,S21,2021.0,B2B -> Finance and Accounting,B2B,Finance and Accounting
24275,cloudanix,Summer 2021,S21,2021.0,B2B -> Security,B2B,Security
24348,cloudthread,Summer 2021,S21,2021.0,B2B -> Analytics,B2B,Analytics
24391,coloop,Summer 2021,S21,2021.0,B2B,B2B,
24538,coast,Summer 2021,S21,2021.0,B2B,B2B,
23777,cococart,Summer 2021,S21,2021.0,B2B,B2B,
24374,coinrule,Summer 2021,S21,2021.0,Fintech,Fintech,
24370,comet-health,Summer 2021,S21,2021.0,Healthcare -> Consumer Health and Wellness,Healthcare,Consumer Health and Wellness
24163,commery,Summer 2021,S21,2021.0,Real Estate and Construction -> Housing and Real Estate,Real Estate and Construction,Housing and Real Estate
23971,concord-materials,Summer 2021,S21,2021.0,Real Estate and Construction -> Construction,Real Estate and Construction,Construction
24064,confido,Summer 2021,S21,2021.0,B2B -> Finance and Accounting,B2B,Finance and Accounting
23862,contalink,Summer 2021,S21,2021.0,B2B -> Finance and Accounting,B2B,Finance and Accounting
24725,contraforce,Summer 2021,S21,2021.0,B2B -> Security,B2B,Security
24045,coulomb-ai,Summer 2021,S21,2021.0,B2B,B2B,
24257,covie,Summer 2021,S21,2021.0,Fintech -> Insurance,Fintech,Insurance
24773,crew,Summer 2021,S21,2021.0,B2B -> Recruiting and Talent,B2B,Recruiting and Talent
24485,cumbuca,Summer 2021,S21,2021.0,Fintech,Fintech,
23956,customily,Summer 2021,S21,2021.0,"B2B -> Engineering, Product and Design",B2B,"Engineering, Product and Design"
24153,dailybot,Summer 2021,S21,2021.0,B2B -> Productivity,B2B,Productivity
24846,datlo,Summer 2021,S21,2021.0,B2B -> Analytics,B2B,Analytics
24049,deed,Summer 2021,S21,2021.0,B2B -> Human Resources,B2B,Human Resources
23955,deskimo,Summer 2021,S21,2021.0,B2B -> Office Management,B2B,Office Management
24291,digibuild,Summer 2021,S21,2021.0,Real Estate and Construction -> Construction,Real Estate and Construction,Construction
24445,digistain,Summer 2021,S21,2021.0,Healthcare -> Diagnostics,Healthcare,Diagnostics
24605,dime,Summer 2021,S21,2021.0,"B2B -> Engineering, Product and Design",B2B,"Engineering, Product and Design"
24557,dots-2,Summer 2021,S21,2021.0,Fintech -> Payments,Fintech,Payments
24132,doublehq,Summer 2021,S21,2021.0,B2B -> Finance and Accounting,B2B,Finance and Accounting
24091,echoes-hq,Summer 2021,S21,2021.0,"B2B -> Engineering, Product and Design",B2B,"Engineering, Product and Design"
24414,encuadrado,Summer 2021,S21,2021.0,B2B -> Productivity,B2B,Productivity
24499,endla,Summer 2021,S21,2021.0,"B2B -> Engineering, Product and Design",B2B,"Engineering, Product and Design"
24258,enerjazz,Summer 2021,S21,2021.0,Industrials -> Climate,Industrials,Climate
24270,enso,Summer 2021,S21,2021.0,B2B -> Analytics,B2B,Analytics
24138,epinoma,Summer 2021,S21,2021.0,Healthcare,Healthcare,
23817,epsilon3-inc,Summer 2021,S21,2021.0,B2B -> Operations,B2B,Operations
24875,equipt-health,Summer 2021,S21,2021.0,Healthcare,Healthcare,
24827,evidence,Summer 2021,S21,2021.0,B2B -> Analytics,B2B,Analytics
24484,evidently-ai,Summer 2021,S21,2021.0,B2B -> Analytics,B2B,Analytics
24893,exa,Summer 2021,S21,2021.0,B2B,B2B,
24550,examedi,Summer 2021,S21,2021.0,Healthcare,Healthcare,
24380,fastfarma,Summer 2021,S21,2021.0,Healthcare -> Consumer Health and Wellness,Healthcare,Consumer Health and Wellness
24599,female-invest,Summer 2021,S21,2021.0,Fintech,Fintech,
24598,ferveret-inc,Summer 2021,S21,2021.0,Industrials -> Energy,Industrials,Energy
24629,filadd,Summer 2021,S21,2021.0,Education,Education,
24597,filta,Summer 2021,S21,2021.0,Consumer,Consumer,
23986,fingo-africa,Summer 2021,S21,2021.0,Fintech,Fintech,
24842,firstignite,Summer 2021,S21,2021.0,B2B,B2B,
23985,firstquadrant,Summer 2021,S21,2021.0,B2B -> Sales,B2B,Sales
24169,fitia,Summer 2021,S21,2021.0,Healthcare -> Consumer Health and Wellness,Healthcare,Consumer Health and Wellness
24530,float,Summer 2021,S21,2021.0,Fintech,Fintech,
24540,floatpays-inc,Summer 2021,S21,2021.0,Fintech,Fintech,
23972,flow-club,Summer 2021,S21,2021.0,B2B -> Productivity,B2B,Productivity
24026,flowbo-inc,Summer 2021,S21,2021.0,Fintech -> Consumer Finance,Fintech,Consumer Finance
24475,flowly,Summer 2021,S21,2021.0,Healthcare -> Consumer Health and Wellness,Healthcare,Consumer Health and Wellness
24158,forage-2,Summer 2021,S21,2021.0,Fintech -> Payments,Fintech,Payments
24408,forage-mail,Summer 2021,S21,2021.0,Consumer,Consumer,
24379,formance,Summer 2021,S21,2021.0,B2B,B2B,
24446,freterium,Summer 2021,S21,2021.0,B2B -> Supply Chain and Logistics,B2B,Supply Chain and Logistics
24038,frontpage,Summer 2021,S21,2021.0,Fintech -> Asset Management,Fintech,Asset Management
24830,gamerpay,Summer 2021,S21,2021.0,Consumer -> Gaming,Consumer,Gaming
24574,genomelink,Summer 2021,S21,2021.0,Healthcare -> Consumer Health and Wellness,Healthcare,Consumer Health and Wellness
24575,genuity,Summer 2021,S21,2021.0,B2B,B2B,
24345,geostar,Summer 2021,S21,2021.0,B2B,B2B,
24390,getdot,Summer 2021,S21,2021.0,B2B -> Analytics,B2B,Analytics
24264,glitzi,Summer 2021,S21,2021.0,Consumer -> Home and Personal,Consumer,Home and Personal
23963,gobillion,Summer 2021,S21,2021.0,Consumer,Consumer,
24005,goodkind,Summer 2021,S21,2021.0,B2B -> Sales,B2B,Sales
24252,govly,Summer 2021,S21,2021.0,Government,Government,
24868,heo-robotics,Summer 2021,S21,2021.0,Industrials -> Aviation and Space,Industrials,Aviation and Space
24467,harmonic-discovery,Summer 2021,S21,2021.0,Healthcare -> Drug Discovery and Delivery,Healthcare,Drug Discovery and Delivery
23842,hedgehog,Summer 2021,S21,2021.0,Fintech,Fintech,
24488,heimdal,Summer 2021,S21,2021.0,Industrials -> Climate,Industrials,Climate
24460,hera,Summer 2021,S21,2021.0,B2B -> Productivity,B2B,Productivity
24489,heycharge,Summer 2021,S21,2021.0,Industrials -> Energy,Industrials,Energy
24197,quid,Summer 2021,S21,2021.0,B2B -> Marketing,B2B,Marketing
24756,hirebolt,Summer 2021,S21,2021.0,B2B -> Human Resources,B2B,Human Resources
24539,hitpay,Summer 2021,S21,2021.0,Fintech -> Payments,Fintech,Payments
23953,hive-health,Summer 2021,S21,2021.0,Healthcare,Healthcare,
24586,hudson-labs,Summer 2021,S21,2021.0,B2B -> Finance and Accounting,B2B,Finance and Accounting
24601,humane-genomics,Summer 2021,S21,2021.0,Healthcare -> Therapeutics,Healthcare,Therapeutics
22763,hyper,Summer 2021,S21,2021.0,Fintech -> Payments,Fintech,Payments
24177,hypertrader,Summer 2021,S21,2021.0,Fintech,Fintech,
24206,hyperbrowser,Summer 2021,S21,2021.0,B2B -> Security,B2B,Security
24351,hypercontext,Summer 2021,S21,2021.0,B2B -> Productivity,B2B,Productivity
24150,hypercore,Summer 2021,S21,2021.0,Fintech -> Credit and Lending,Fintech,Credit and Lending
23727,hyperseed,Summer 2021,S21,2021.0,B2B -> Finance and Accounting,B2B,Finance and Accounting
24615,infer,Summer 2021,S21,2021.0,B2B -> Sales,B2B,Sales
24572,infina,Summer 2021,S21,2021.0,Fintech,Fintech,
24373,infiuss-health,Summer 2021,S21,2021.0,B2B,B2B,
24443,inflow,Summer 2021,S21,2021.0,Healthcare -> Therapeutics,Healthcare,Therapeutics
24143,instakin,Summer 2021,S21,2021.0,Fintech -> Consumer Finance,Fintech,Consumer Finance
24079,instacrops,Summer 2021,S21,2021.0,Industrials -> Agriculture,Industrials,Agriculture
24353,intellect,Summer 2021,S21,2021.0,Healthcare -> Healthcare Services,Healthcare,Healthcare Services
23819,inversion-space,Summer 2021,S21,2021.0,Industrials -> Aviation and Space,Industrials,Aviation and Space
24266,ivella,Summer 2021,S21,2021.0,Fintech -> Consumer Finance,Fintech,Consumer Finance
24164,ivy-homes,Summer 2021,S21,2021.0,Real Estate and Construction -> Housing and Real Estate,Real Estate and Construction,Housing and Real Estate
24934,jabu,Summer 2021,S21,2021.0,Fintech -> Payments,Fintech,Payments
23973,jestor,Summer 2021,S21,2021.0,B2B -> Productivity,B2B,Productivity
24205,jovian,Summer 2021,S21,2021.0,Education,Education,
23970,jupe,Summer 2021,S21,2021.0,Real Estate and Construction -> Housing and Real Estate,Real Estate and Construction,Housing and Real Estate
24426,kaipod-learning,Summer 2021,S21,2021.0,Education,Education,
24039,kalam-labs,Summer 2021,S21,2021.0,Industrials -> Drones,Industrials,Drones
24649,kapacity-io,Summer 2021,S21,2021.0,Industrials -> Energy,Industrials,Energy
24006,karbon-card,Summer 2021,S21,2021.0,Fintech -> Credit and Lending,Fintech,Credit and Lending
24192,kaya,Summer 2021,S21,2021.0,B2B -> Marketing,B2B,Marketing
24207,keyri,Summer 2021,S21,2021.0,B2B -> Security,B2B,Security
24167,kindamagical,Summer 2021,S21,2021.0,B2B,B2B,
24628,kiwi-biosciences,Summer 2021,S21,2021.0,Healthcare -> Consumer Health and Wellness,Healthcare,Consumer Health and Wellness
24424,kodda,Summer 2021,S21,2021.0,Healthcare -> Consumer Health and Wellness,Healthcare,Consumer Health and Wellness
24181,kodex,Summer 2021,S21,2021.0,B2B -> Legal,B2B,Legal
24162,konta-com,Summer 2021,S21,2021.0,B2B -> Finance and Accounting,B2B,Finance and Accounting
24041,koshex,Summer 2021,S21,2021.0,Fintech -> Asset Management,Fintech,Asset Management
24415,kurios,Summer 2021,S21,2021.0,Education,Education,
24151,lago,Summer 2021,S21,2021.0,B2B -> Finance and Accounting,B2B,Finance and Accounting
24156,lariat-data,Summer 2021,S21,2021.0,"B2B -> Engineering, Product and Design",B2B,"Engineering, Product and Design"
24241,laudable,Summer 2021,S21,2021.0,B2B -> Marketing,B2B,Marketing
23946,legion-health,Summer 2021,S21,2021.0,Healthcare -> Consumer Health and Wellness,Healthcare,Consumer Health and Wellness
24372,lemfi,Summer 2021,S21,2021.0,Fintech -> Banking and Exchange,Fintech,Banking and Exchange
23974,level,Summer 2021,S21,2021.0,Fintech -> Credit and Lending,Fintech,Credit and Lending
24498,levo,Summer 2021,S21,2021.0,Fintech -> Asset Management,Fintech,Asset Management
24037,levro,Summer 2021,S21,2021.0,Fintech -> Banking and Exchange,Fintech,Banking and Exchange
24879,lightly,Summer 2021,S21,2021.0,"B2B -> Engineering, Product and Design",B2B,"Engineering, Product and Design"
24558,litnerd,Summer 2021,S21,2021.0,Education,Education,
24925,liv-labs-inc,Summer 2021,S21,2021.0,Healthcare -> Consumer Health and Wellness,Healthcare,Consumer Health and Wellness
23831,lobby,Summer 2021,S21,2021.0,Healthcare,Healthcare,
24190,locale,Summer 2021,S21,2021.0,Consumer -> Food and Beverage,Consumer,Food and Beverage
24355,lootrush,Summer 2021,S21,2021.0,Fintech,Fintech,
24624,luable,Summer 2021,S21,2021.0,Fintech -> Asset Management,Fintech,Asset Management
24822,luminate-medical,Summer 2021,S21,2021.0,Healthcare -> Medical Devices,Healthcare,Medical Devices
24369,mable,Summer 2021,S21,2021.0,Healthcare -> Medical Devices,Healthcare,Medical Devices
24551,mach9,Summer 2021,S21,2021.0,"B2B -> Engineering, Product and Design",B2B,"Engineering, Product and Design"
24136,madeats,Summer 2021,S21,2021.0,Consumer -> Food and Beverage,Consumer,Food and Beverage
24044,mailmodo,Summer 2021,S21,2021.0,B2B -> Marketing,B2B,Marketing
24466,makani-science,Summer 2021,S21,2021.0,Healthcare -> Medical Devices,Healthcare,Medical Devices
24640,malga,Summer 2021,S21,2021.0,Fintech -> Payments,Fintech,Payments
24382,malloc-inc,Summer 2021,S21,2021.0,B2B -> Security,B2B,Security
24176,maroo,Summer 2021,S21,2021.0,B2B -> Finance and Accounting,B2B,Finance and Accounting
23451,marqvision,Summer 2021,S21,2021.0,B2B,B2B,
24330,matidor-com,Summer 2021,S21,2021.0,B2B -> Productivity,B2B,Productivity
24528,matrubials-inc,Summer 2021,S21,2021.0,Healthcare -> Drug Discovery and Delivery,Healthcare,Drug Discovery and Delivery
24915,mecho-autotech,Summer 2021,S21,2021.0,Industrials -> Automotive,Industrials,Automotive
24820,medium-biosciences,Summer 2021,S21,2021.0,Healthcare -> Diagnostics,Healthcare,Diagnostics
24692,membo,Summer 2021,S21,2021.0,Consumer -> Food and Beverage,Consumer,Food and Beverage
23818,mentorcam,Summer 2021,S21,2021.0,Education,Education,
24509,mentum,Summer 2021,S21,2021.0,B2B -> Supply Chain and Logistics,B2B,Supply Chain and Logistics
24378,mergent,Summer 2021,S21,2021.0,"B2B -> Engineering, Product and Design",B2B,"Engineering, Product and Design"
24508,meticulous,Summer 2021,S21,2021.0,"B2B -> Engineering, Product and Design",B2B,"Engineering, Product and Design"
24185,micro-meat,Summer 2021,S21,2021.0,Industrials -> Agriculture,Industrials,Agriculture
24383,milky-way-ai,Summer 2021,S21,2021.0,B2B -> Retail,B2B,Retail
24346,mindfi,Summer 2021,S21,2021.0,B2B -> Human Resources,B2B,Human Resources
24779,mindmesh,Summer 2021,S21,2021.0,B2B -> Productivity,B2B,Productivity
23951,mindstate-design-labs,Summer 2021,S21,2021.0,Healthcare -> Drug Discovery and Delivery,Healthcare,Drug Discovery and Delivery
24461,mine,Summer 2021,S21,2021.0,Fintech -> Consumer Finance,Fintech,Consumer Finance
24395,miniloop,Summer 2021,S21,2021.0,B2B,B2B,
24405,mixr,Summer 2021,S21,2021.0,B2B -> Human Resources,B2B,Human Resources
24100,mobileboost,Summer 2021,S21,2021.0,"B2B -> Engineering, Product and Design",B2B,"Engineering, Product and Design"
24371,momo-medical,Summer 2021,S21,2021.0,Healthcare,Healthcare,
24269,monet,Summer 2021,S21,2021.0,Fintech,Fintech,
24248,monto,Summer 2021,S21,2021.0,Fintech,Fintech,
24700,moving-parts,Summer 2021,S21,2021.0,"B2B -> Engineering, Product and Design",B2B,"Engineering, Product and Design"
24627,nasdisc,Summer 2021,S21,2021.0,Consumer,Consumer,
24876,nash,Summer 2021,S21,2021.0,B2B -> Supply Chain and Logistics,B2B,Supply Chain and Logistics
24095,neodocs,Summer 2021,S21,2021.0,Healthcare,Healthcare,
24157,nexus,Summer 2021,S21,2021.0,Fintech -> Consumer Finance,Fintech,Consumer Finance
24084,nino-foods,Summer 2021,S21,2021.0,Consumer -> Food and Beverage,Consumer,Food and Beverage
24562,noloco,Summer 2021,S21,2021.0,"B2B -> Engineering, Product and Design",B2B,"Engineering, Product and Design"
24579,nomod,Summer 2021,S21,2021.0,Fintech -> Payments,Fintech,Payments
24653,novatr,Summer 2021,S21,2021.0,Education,Education,
24053,odwen,Summer 2021,S21,2021.0,B2B -> Supply Chain and Logistics,B2B,Supply Chain and Logistics
23947,odys-aviation,Summer 2021,S21,2021.0,Industrials -> Aviation and Space,Industrials,Aviation and Space
24254,okani,Summer 2021,S21,2021.0,Healthcare -> Consumer Health and Wellness,Healthcare,Consumer Health and Wellness
24404,oneschema,Summer 2021,S21,2021.0,B2B -> Operations,B2B,Operations
24843,oneshop,Summer 2021,S21,2021.0,Consumer,Consumer,
24302,onestopkitchen,Summer 2021,S21,2021.0,Consumer -> Food and Beverage,Consumer,Food and Beverage
24230,onebrief,Summer 2021,S21,2021.0,B2B,B2B,
24544,onfolk,Summer 2021,S21,2021.0,B2B -> Human Resources,B2B,Human Resources
24580,onsite-pro,Summer 2021,S21,2021.0,B2B,B2B,
23781,openlayer,Summer 2021,S21,2021.0,"B2B -> Engineering, Product and Design",B2B,"Engineering, Product and Design"
24774,opkit,Summer 2021,S21,2021.0,Healthcare -> Healthcare IT,Healthcare,Healthcare IT
24691,orderli,Summer 2021,S21,2021.0,B2B,B2B,
24727,output,Summer 2021,S21,2021.0,Healthcare -> Drug Discovery and Delivery,Healthcare,Drug Discovery and Delivery
24602,payze,Summer 2021,S21,2021.0,Fintech -> Payments,Fintech,Payments
24821,pactima,Summer 2021,S21,2021.0,B2B -> Legal,B2B,Legal
23780,palettehq,Summer 2021,S21,2021.0,B2B -> Sales,B2B,Sales
23776,palla,Summer 2021,S21,2021.0,Fintech -> Payments,Fintech,Payments
24682,pandai,Summer 2021,S21,2021.0,Education,Education,
24081,parallel-bio,Summer 2021,S21,2021.0,Healthcare -> Drug Discovery and Delivery,Healthcare,Drug Discovery and Delivery
24159,patterns,Summer 2021,S21,2021.0,B2B -> Analytics,B2B,Analytics
24874,payflow,Summer 2021,S21,2021.0,B2B -> Human Resources,B2B,Human Resources
24479,payhippo,Summer 2021,S21,2021.0,Fintech -> Credit and Lending,Fintech,Credit and Lending
24255,perfekto,Summer 2021,S21,2021.0,Consumer -> Food and Beverage,Consumer,Food and Beverage
24759,phykos,Summer 2021,S21,2021.0,Industrials -> Climate,Industrials,Climate
24882,pide-directo,Summer 2021,S21,2021.0,B2B -> Supply Chain and Logistics,B2B,Supply Chain and Logistics
24251,pideaky,Summer 2021,S21,2021.0,Fintech -> Payments,Fintech,Payments
24569,pillar,Summer 2021,S21,2021.0,Healthcare -> Healthcare Services,Healthcare,Healthcare Services
23950,pipekit,Summer 2021,S21,2021.0,B2B -> Infrastructure,B2B,Infrastructure
24188,pirouette-pharma,Summer 2021,S21,2021.0,Healthcare -> Drug Discovery and Delivery,Healthcare,Drug Discovery and Delivery
24754,plai,Summer 2021,S21,2021.0,B2B -> Marketing,B2B,Marketing
24260,planet-a-foods,Summer 2021,S21,2021.0,Consumer -> Food and Beverage,Consumer,Food and Beverage
24253,pluggy,Summer 2021,S21,2021.0,"B2B -> Engineering, Product and Design",B2B,"Engineering, Product and Design"
24477,portao-3,Summer 2021,S21,2021.0,B2B -> Finance and Accounting,B2B,Finance and Accounting
23860,positional,Summer 2021,S21,2021.0,B2B -> Marketing,B2B,Marketing
23977,potion,Summer 2021,S21,2021.0,B2B,B2B,
23783,promakhos-therapeutics,Summer 2021,S21,2021.0,Healthcare -> Therapeutics,Healthcare,Therapeutics
24046,propreturns,Summer 2021,S21,2021.0,Real Estate and Construction -> Housing and Real Estate,Real Estate and Construction,Housing and Real Estate
24823,protego,Summer 2021,S21,2021.0,B2B -> Security,B2B,Security
24444,protex-ai,Summer 2021,S21,2021.0,B2B -> Supply Chain and Logistics,B2B,Supply Chain and Logistics
24606,pylon,Summer 2021,S21,2021.0,B2B -> Infrastructure,B2B,Infrastructure
24858,quest,Summer 2021,S21,2021.0,Consumer -> Content,Consumer,Content
24139,reprosent,Summer 2021,S21,2021.0,Healthcare,Healthcare,
24130,rgi-labs,Summer 2021,S21,2021.0,"B2B -> Engineering, Product and Design",B2B,"Engineering, Product and Design"
24555,rmfg,Summer 2021,S21,2021.0,Industrials -> Manufacturing and Robotics,Industrials,Manufacturing and Robotics
24203,redbean,Summer 2021,S21,2021.0,Consumer,Consumer,
23832,reframe,Summer 2021,S21,2021.0,Healthcare -> Consumer Health and Wellness,Healthcare,Consumer Health and Wellness
24152,rendalomaq,Summer 2021,S21,2021.0,Real Estate and Construction -> Construction,Real Estate and Construction,Construction
23979,replo,Summer 2021,S21,2021.0,"B2B -> Engineering, Product and Design",B2B,"Engineering, Product and Design"
24243,repool,Summer 2021,S21,2021.0,Fintech -> Asset Management,Fintech,Asset Management
24556,revery-ai,Summer 2021,S21,2021.0,Consumer -> Social,Consumer,Social
24926,revolve-surgical,Summer 2021,S21,2021.0,Healthcare -> Medical Devices,Healthcare,Medical Devices
24199,rinse,Summer 2021,S21,2021.0,Healthcare -> Consumer Health and Wellness,Healthcare,Consumer Health and Wellness
24083,rivia-ai,Summer 2021,S21,2021.0,B2B -> Marketing,B2B,Marketing
23978,rootly,Summer 2021,S21,2021.0,B2B -> Infrastructure,B2B,Infrastructure
24339,ruta-health,Summer 2021,S21,2021.0,B2B,B2B,
24669,ruth-health,Summer 2021,S21,2021.0,Healthcare -> Healthcare Services,Healthcare,Healthcare Services
24795,sfa-therapeutics-inc,Summer 2021,S21,2021.0,Healthcare -> Therapeutics,Healthcare,Therapeutics
24166,safebeat,Summer 2021,S21,2021.0,Healthcare -> Medical Devices,Healthcare,Medical Devices
24892,safer-management,Summer 2021,S21,2021.0,B2B,B2B,
24059,salarybook,Summer 2021,S21,2021.0,B2B,B2B,
24198,salarybox,Summer 2021,S21,2021.0,B2B -> Human Resources,B2B,Human Resources
24866,satsuma,Summer 2021,S21,2021.0,B2B -> Infrastructure,B2B,Infrastructure
24367,scispot-io,Summer 2021,S21,2021.0,B2B,B2B,
24304,scratch-data,Summer 2021,S21,2021.0,B2B -> Infrastructure,B2B,Infrastructure
24191,secoda,Summer 2021,S21,2021.0,B2B -> Analytics,B2B,Analytics
24235,senpai-gg,Summer 2021,S21,2021.0,Consumer -> Gaming,Consumer,Gaming
24705,sensible-biotechnologies,Summer 2021,S21,2021.0,Healthcare -> Therapeutics,Healthcare,Therapeutics
24204,sentiyen,Summer 2021,S21,2021.0,B2B -> Marketing,B2B,Marketing
24381,sequin,Summer 2021,S21,2021.0,B2B,B2B,
24668,shape,Summer 2021,S21,2021.0,B2B -> Analytics,B2B,Analytics
24406,shimmer,Summer 2021,S21,2021.0,Healthcare -> Consumer Health and Wellness,Healthcare,Consumer Health and Wellness
24385,shipblu,Summer 2021,S21,2021.0,B2B -> Supply Chain and Logistics,B2B,Supply Chain and Logistics
24596,siglo,Summer 2021,S21,2021.0,Consumer,Consumer,
24282,sigmaos,Summer 2021,S21,2021.0,Consumer,Consumer,
24514,sirka,Summer 2021,S21,2021.0,Healthcare -> Consumer Health and Wellness,Healthcare,Consumer Health and Wellness
24828,sitenna,Summer 2021,S21,2021.0,B2B,B2B,
23120,slash,Summer 2021,S21,2021.0,Fintech,Fintech,
24135,sleek,Summer 2021,S21,2021.0,B2B,B2B,
23796,slope,Summer 2021,S21,2021.0,Fintech -> Payments,Fintech,Payments
24142,snapcalorie,Summer 2021,S21,2021.0,Consumer,Consumer,
24137,soco,Summer 2021,S21,2021.0,Consumer -> Apparel and Cosmetics,Consumer,Apparel and Cosmetics
24024,solarmente,Summer 2021,S21,2021.0,Consumer,Consumer,
24506,spark-studio,Summer 2021,S21,2021.0,Education,Education,
24816,spoken,Summer 2021,S21,2021.0,Consumer -> Home and Personal,Consumer,Home and Personal
24237,sproutfi,Summer 2021,S21,2021.0,Fintech,Fintech,
24787,squire-ai,Summer 2021,S21,2021.0,"B2B -> Engineering, Product and Design",B2B,"Engineering, Product and Design"
24407,stardex,Summer 2021,S21,2021.0,B2B,B2B,
24861,stepful,Summer 2021,S21,2021.0,Education,Education,
23957,stipop,Summer 2021,S21,2021.0,Consumer -> Content,Consumer,Content
24720,storylane,Summer 2021,S21,2021.0,B2B,B2B,
24635,stownest,Summer 2021,S21,2021.0,Consumer,Consumer,
24719,strideq,Summer 2021,S21,2021.0,B2B -> Retail,B2B,Retail
24131,strive-math,Summer 2021,S21,2021.0,Education,Education,
24148,studystream,Summer 2021,S21,2021.0,Education,Education,
24914,sully-ai,Summer 2021,S21,2021.0,B2B -> Productivity,B2B,Productivity
23948,staffbar,Summer 2021,S21,2021.0,"B2B -> Engineering, Product and Design",B2B,"Engineering, Product and Design"
24686,suplias,Summer 2021,S21,2021.0,Fintech,Fintech,
24093,swipe-2,Summer 2021,S21,2021.0,B2B -> Finance and Accounting,B2B,Finance and Accounting
24859,synder,Summer 2021,S21,2021.0,B2B -> Finance and Accounting,B2B,Finance and Accounting
23959,tag,Summer 2021,S21,2021.0,Fintech -> Banking and Exchange,Fintech,Banking and Exchange
24154,tablevibe-co,Summer 2021,S21,2021.0,B2B -> Retail,B2B,Retail
24839,talentdrop,Summer 2021,S21,2021.0,B2B -> Recruiting and Talent,B2B,Recruiting and Talent
23945,talus-bio,Summer 2021,S21,2021.0,Healthcare -> Drug Discovery and Delivery,Healthcare,Drug Discovery and Delivery
24195,tarsal,Summer 2021,S21,2021.0,B2B -> Security,B2B,Security
24161,tavus,Summer 2021,S21,2021.0,B2B,B2B,
24604,telivy,Summer 2021,S21,2021.0,B2B -> Security,B2B,Security
24573,telmai,Summer 2021,S21,2021.0,B2B,B2B,
24567,tenyks,Summer 2021,S21,2021.0,B2B,B2B,
24529,the-breakaway,Summer 2021,S21,2021.0,Consumer,Consumer,
24760,therify,Summer 2021,S21,2021.0,B2B -> Human Resources,B2B,Human Resources
24271,tiriel-ai,Summer 2021,S21,2021.0,B2B -> Supply Chain and Logistics,B2B,Supply Chain and Logistics
24870,titipku,Summer 2021,S21,2021.0,Consumer,Consumer,
24907,toku,Summer 2021,S21,2021.0,B2B -> Finance and Accounting,B2B,Finance and Accounting
24531,transastra-corporation,Summer 2021,S21,2021.0,Industrials -> Aviation and Space,Industrials,Aviation and Space
24347,truss,Summer 2021,S21,2021.0,Fintech -> Banking and Exchange,Fintech,Banking and Exchange
24638,tuli-health,Summer 2021,S21,2021.0,Healthcare,Healthcare,
24865,turion-space,Summer 2021,S21,2021.0,Industrials -> Aviation and Space,Industrials,Aviation and Space
24149,union54,Summer 2021,S21,2021.0,Fintech,Fintech,
24108,v-flow-medical-inc,Summer 2021,S21,2021.0,Healthcare -> Medical Devices,Healthcare,Medical Devices
23967,varos,Summer 2021,S21,2021.0,B2B -> Analytics,B2B,Analytics
24840,vedabio,Summer 2021,S21,2021.0,Healthcare -> Diagnostics,Healthcare,Diagnostics
24845,verano-health,Summer 2021,S21,2021.0,Healthcare,Healthcare,
24681,verde,Summer 2021,S21,2021.0,Fintech -> Credit and Lending,Fintech,Credit and Lending
24180,verihubs,Summer 2021,S21,2021.0,"B2B -> Engineering, Product and Design",B2B,"Engineering, Product and Design"
24616,vibe-kanban,Summer 2021,S21,2021.0,"B2B -> Engineering, Product and Design",B2B,"Engineering, Product and Design"
24429,vinco,Summer 2021,S21,2021.0,B2B -> Human Resources,B2B,Human Resources
22694,vogent,Summer 2021,S21,2021.0,B2B,B2B,
23861,wabi,Summer 2021,S21,2021.0,B2B,B2B,
24344,warpbuild,Summer 2021,S21,2021.0,"B2B -> Engineering, Product and Design",B2B,"Engineering, Product and Design"
24259,warpfy,Summer 2021,S21,2021.0,Consumer -> Home and Personal,Consumer,Home and Personal
24507,warrant,Summer 2021,S21,2021.0,B2B -> Infrastructure,B2B,Infrastructure
24590,waterplan,Summer 2021,S21,2021.0,B2B,B2B,
24384,whalesync,Summer 2021,S21,2021.0,B2B -> Marketing,B2B,Marketing
24481,whaly,Summer 2021,S21,2021.0,B2B -> Analytics,B2B,Analytics
24526,writesonic,Summer 2021,S21,2021.0,B2B -> Marketing,B2B,Marketing
24368,yemaachi-biotechnology,Summer 2021,S21,2021.0,Healthcare -> Diagnostics,Healthcare,Diagnostics
23952,yummy-inc,Summer 2021,S21,2021.0,Consumer,Consumer,
23659,zage,Summer 2021,S21,2021.0,Fintech,Fintech,
24058,zeit-medical,Summer 2021,S21,2021.0,Healthcare -> Medical Devices,Healthcare,Medical Devices
24160,posturehealth-inc,Summer 2021,S21,2021.0,Healthcare -> Consumer Health and Wellness,Healthcare,Consumer Health and Wellness
24476,zensors-inc,Summer 2021,S21,2021.0,B2B,B2B,
24416,zoios,Summer 2021,S21,2021.0,B2B -> Human Resources,B2B,Human Resources
24603,resident-boost,Summer 2021,S21,2021.0,B2B,B2B,
24497,asim,Summer 2021,S21,2021.0,Consumer,Consumer,
24292,fluke,Summer 2021,S21,2021.0,B2B,B2B,
23944,hotglue,Summer 2021,S21,2021.0,"B2B -> Engineering, Product and Design",B2B,"Engineering, Product and Design"
24679,idemeum,Summer 2021,S21,2021.0,B2B -> Security,B2B,Security
24329,inai,Summer 2021,S21,2021.0,Fintech -> Payments,Fintech,Payments
24459,lapzo,Summer 2021,S21,2021.0,B2B -> Human Resources,B2B,Human Resources
23885,marketfeed,Summer 2021,S21,2021.0,Fintech -> Consumer Finance,Fintech,Consumer Finance
24524,outloud-ai,Summer 2021,S21,2021.0,B2B -> Retail,B2B,Retail
24268,testrigor,Summer 2021,S21,2021.0,"B2B -> Engineering, Product and Design",B2B,"Engineering, Product and Design"
24168,trii,Summer 2021,S21,2021.0,Fintech -> Banking and Exchange,Fintech,Banking and Exchange
24080,zazos,Summer 2021,S21,2021.0,B2B,B2B,
26019,ayc-fund,Winter 2022,W22,2022.0,Fintech -> Asset Management,Fintech,Asset Management
25330,actipulse-neuroscience,Winter 2022,W22,2022.0,Healthcare -> Medical Devices,Healthcare,Medical Devices
25273,agave,Winter 2022,W22,2022.0,B2B,B2B,
25696,agency,Winter 2022,W22,2022.0,B2B -> Security,B2B,Security
25543,agentnoon,Winter 2022,W22,2022.0,B2B -> Human Resources,B2B,Human Resources
26253,aisupervision,Winter 2022,W22,2022.0,Industrials -> Manufacturing and Robotics,Industrials,Manufacturing and Robotics
26120,airmyne,Winter 2022,W22,2022.0,Industrials -> Climate,Industrials,Climate
25753,airwork,Winter 2022,W22,2022.0,B2B -> Recruiting and Talent,B2B,Recruiting and Talent
25723,aklimate,Winter 2022,W22,2022.0,B2B -> Supply Chain and Logistics,B2B,Supply Chain and Logistics
25271,alfie,Winter 2022,W22,2022.0,Healthcare -> Healthcare Services,Healthcare,Healthcare Services
25700,alga-biosciences,Winter 2022,W22,2022.0,Industrials -> Climate,Industrials,Climate
26210,alima,Winter 2022,W22,2022.0,B2B -> Supply Chain and Logistics,B2B,Supply Chain and Logistics
25449,alixia,Winter 2022,W22,2022.0,Healthcare -> Therapeutics,Healthcare,Therapeutics
25931,amal-invest,Winter 2022,W22,2022.0,Fintech,Fintech,
25058,andi,Winter 2022,W22,2022.0,Consumer -> Content,Consumer,Content
25865,andson-biotech,Winter 2022,W22,2022.0,Healthcare,Healthcare,
25655,anfin,Winter 2022,W22,2022.0,Fintech -> Asset Management,Fintech,Asset Management
26021,anja-health,Winter 2022,W22,2022.0,Healthcare -> Consumer Health and Wellness,Healthcare,Consumer Health and Wellness
25512,ankr-health,Winter 2022,W22,2022.0,Healthcare,Healthcare,
25757,antwalk,Winter 2022,W22,2022.0,Education,Education,
25106,apollo-3,Winter 2022,W22,2022.0,Fintech,Fintech,
25118,arc-2,Winter 2022,W22,2022.0,Fintech,Fintech,
25725,argo,Winter 2022,W22,2022.0,Consumer -> Content,Consumer,Content
25937,argument-computer-corporation,Winter 2022,W22,2022.0,B2B,B2B,
25737,arintra,Winter 2022,W22,2022.0,Healthcare -> Healthcare IT,Healthcare,Healthcare IT
25585,armilla-ai,Winter 2022,W22,2022.0,Fintech -> Insurance,Fintech,Insurance
25981,arpari,Winter 2022,W22,2022.0,Fintech,Fintech,
25403,aspora,Winter 2022,W22,2022.0,Fintech -> Consumer Finance,Fintech,Consumer Finance
25262,astroforge,Winter 2022,W22,2022.0,Industrials -> Manufacturing and Robotics,Industrials,Manufacturing and Robotics
25480,atlas-2,Winter 2022,W22,2022.0,B2B -> Operations,B2B,Operations
25075,attack-capital,Winter 2022,W22,2022.0,B2B,B2B,
25928,attain,Winter 2022,W22,2022.0,B2B,B2B,
25892,avairsense,Winter 2022,W22,2022.0,Consumer -> Consumer Electronics,Consumer,Consumer Electronics
26004,avocademy,Winter 2022,W22,2022.0,Education,Education,
25607,axis,Winter 2022,W22,2022.0,B2B -> Productivity,B2B,Productivity
25351,axross-pte-ltd,Winter 2022,W22,2022.0,"B2B -> Engineering, Product and Design",B2B,"Engineering, Product and Design"
26331,bby,Winter 2022,W22,2022.0,Healthcare -> Medical Devices,Healthcare,Medical Devices
25596,bakool,Winter 2022,W22,2022.0,Consumer,Consumer,
25575,beam,Winter 2022,W22,2022.0,B2B -> Infrastructure,B2B,Infrastructure
25973,belozfi,Winter 2022,W22,2022.0,Fintech -> Credit and Lending,Fintech,Credit and Lending
25825,bemlo,Winter 2022,W22,2022.0,Healthcare -> Healthcare IT,Healthcare,Healthcare IT
25728,benson,Winter 2022,W22,2022.0,Fintech -> Consumer Finance,Fintech,Consumer Finance
25924,better-opinions,Winter 2022,W22,2022.0,Consumer -> Gaming,Consumer,Gaming
26134,beyond-aero,Winter 2022,W22,2022.0,Industrials -> Aviation and Space,Industrials,Aviation and Space
25615,bharatx,Winter 2022,W22,2022.0,Fintech -> Credit and Lending,Fintech,Credit and Lending
25569,bifrost,Winter 2022,W22,2022.0,Fintech -> Asset Management,Fintech,Asset Management
25354,blaze,Winter 2022,W22,2022.0,B2B,B2B,
25989,blink-new,Winter 2022,W22,2022.0,"B2B -> Engineering, Product and Design",B2B,"Engineering, Product and Design"
25730,blitzllama,Winter 2022,W22,2022.0,B2B,B2B,
25291,boardcave,Winter 2022,W22,2022.0,Consumer,Consumer,
25491,bobidi,Winter 2022,W22,2022.0,B2B -> Marketing,B2B,Marketing
25777,botcity,Winter 2022,W22,2022.0,"B2B -> Engineering, Product and Design",B2B,"Engineering, Product and Design"
25678,botin,Winter 2022,W22,2022.0,Fintech -> Asset Management,Fintech,Asset Management
25685,boya,Winter 2022,W22,2022.0,Fintech,Fintech,
25905,bracket,Winter 2022,W22,2022.0,"B2B -> Engineering, Product and Design",B2B,"Engineering, Product and Design"
25871,brainboard,Winter 2022,W22,2022.0,"B2B -> Engineering, Product and Design",B2B,"Engineering, Product and Design"
25819,broccoli-ai,Winter 2022,W22,2022.0,"B2B -> Engineering, Product and Design",B2B,"Engineering, Product and Design"
25349,brown-foods,Winter 2022,W22,2022.0,Healthcare -> Industrial Bio,Healthcare,Industrial Bio
25583,bunkyr,Winter 2022,W22,2022.0,B2B -> Security,B2B,Security
25418,cutr,Winter 2022,W22,2022.0,"B2B -> Engineering, Product and Design",B2B,"Engineering, Product and Design"
25306,capuchin,Winter 2022,W22,2022.0,B2B,B2B,
25782,carbon-crusher,Winter 2022,W22,2022.0,Industrials -> Climate,Industrials,Climate
25593,cardda,Winter 2022,W22,2022.0,Fintech -> Payments,Fintech,Payments
25754,cash-flow-portal,Winter 2022,W22,2022.0,Real Estate and Construction -> Housing and Real Estate,Real Estate and Construction,Housing and Real Estate
26043,cashmere,Winter 2022,W22,2022.0,Fintech -> Asset Management,Fintech,Asset Management
25404,castia,Winter 2022,W22,2022.0,Real Estate and Construction -> Housing and Real Estate,Real Estate and Construction,Housing and Real Estate
25588,castled-io,Winter 2022,W22,2022.0,B2B -> Marketing,B2B,Marketing
26094,cellbyte,Winter 2022,W22,2022.0,Healthcare -> Healthcare IT,Healthcare,Healthcare IT
25537,cerebrium,Winter 2022,W22,2022.0,B2B -> Infrastructure,B2B,Infrastructure
25337,cherry-recommends,Winter 2022,W22,2022.0,B2B,B2B,
26121,cinapse,Winter 2022,W22,2022.0,B2B -> Productivity,B2B,Productivity
25763,cinder-2,Winter 2022,W22,2022.0,B2B -> Security,B2B,Security
26054,circular,Winter 2022,W22,2022.0,Consumer -> Consumer Electronics,Consumer,Consumer Electronics
25960,clupp,Winter 2022,W22,2022.0,Fintech -> Insurance,Fintech,Insurance
25999,codec,Winter 2022,W22,2022.0,Consumer -> Content,Consumer,Content
26147,cofactr,Winter 2022,W22,2022.0,B2B -> Supply Chain and Logistics,B2B,Supply Chain and Logistics
25343,coffeeai,Winter 2022,W22,2022.0,B2B,B2B,
25672,cogram,Winter 2022,W22,2022.0,B2B -> Productivity,B2B,Productivity
25657,complete,Winter 2022,W22,2022.0,B2B -> Human Resources,B2B,Human Resources
25526,complif,Winter 2022,W22,2022.0,B2B -> Operations,B2B,Operations
25160,compra-rapida,Winter 2022,W22,2022.0,B2B -> Retail,B2B,Retail
25720,convoy-2,Winter 2022,W22,2022.0,"B2B -> Engineering, Product and Design",B2B,"Engineering, Product and Design"
25450,corveus-medical,Winter 2022,W22,2022.0,Healthcare -> Medical Devices,Healthcare,Medical Devices
25680,cotera,Winter 2022,W22,2022.0,B2B -> Analytics,B2B,Analytics
25787,courtyard-io,Winter 2022,W22,2022.0,Consumer,Consumer,
25338,cozmo-ai,Winter 2022,W22,2022.0,B2B,B2B,
25332,craniometrix,Winter 2022,W22,2022.0,Healthcare,Healthcare,
26277,credibook,Winter 2022,W22,2022.0,B2B -> Retail,B2B,Retail
25559,creizer,Winter 2022,W22,2022.0,Fintech -> Credit and Lending,Fintech,Credit and Lending
25529,roomplays,Winter 2022,W22,2022.0,B2B -> Sales,B2B,Sales
25684,curacel,Winter 2022,W22,2022.0,Fintech -> Insurance,Fintech,Insurance
25911,cypher,Winter 2022,W22,2022.0,Fintech -> Payments,Fintech,Payments
26035,darsel,Winter 2022,W22,2022.0,Education,Education,
25587,dart,Winter 2022,W22,2022.0,B2B -> Productivity,B2B,Productivity
26073,dealls-jobs-and-mentoring,Winter 2022,W22,2022.0,B2B -> Recruiting and Talent,B2B,Recruiting and Talent
25950,decent,Winter 2022,W22,2022.0,B2B -> Infrastructure,B2B,Infrastructure
25731,demo-gorilla,Winter 2022,W22,2022.0,B2B -> Sales,B2B,Sales
25788,dimorder,Winter 2022,W22,2022.0,B2B,B2B,
25486,dioptra,Winter 2022,W22,2022.0,B2B -> Legal,B2B,Legal
25716,dojah-inc,Winter 2022,W22,2022.0,B2B -> Infrastructure,B2B,Infrastructure
25576,drivingforce,Winter 2022,W22,2022.0,B2B -> Supply Chain and Logistics,B2B,Supply Chain and Logistics
25814,duplo,Winter 2022,W22,2022.0,Fintech,Fintech,
25746,durioo,Winter 2022,W22,2022.0,Consumer -> Content,Consumer,Content
25398,dynamo-ai,Winter 2022,W22,2022.0,B2B,B2B,
25670,eazipay-inc,Winter 2022,W22,2022.0,Fintech -> Payments,Fintech,Payments
25542,elementary,Winter 2022,W22,2022.0,B2B -> Analytics,B2B,Analytics
25120,elevate,Winter 2022,W22,2022.0,Fintech -> Payments,Fintech,Payments
25711,elphinstone-inc,Winter 2022,W22,2022.0,Fintech -> Asset Management,Fintech,Asset Management
25516,emigre,Winter 2022,W22,2022.0,Fintech -> Banking and Exchange,Fintech,Banking and Exchange
25590,emobi,Winter 2022,W22,2022.0,B2B,B2B,
25331,engage-bio,Winter 2022,W22,2022.0,Healthcare -> Therapeutics,Healthcare,Therapeutics
25673,enlightra,Winter 2022,W22,2022.0,Industrials,Industrials,
26254,eventual,Winter 2022,W22,2022.0,B2B -> Infrastructure,B2B,Infrastructure
25820,fello,Winter 2022,W22,2022.0,Fintech,Fintech,
25519,fieldproxy,Winter 2022,W22,2022.0,B2B -> Productivity,B2B,Productivity
25683,finflx,Winter 2022,W22,2022.0,Fintech,Fintech,
26016,finku,Winter 2022,W22,2022.0,Fintech,Fintech,
26242,finnix,Winter 2022,W22,2022.0,Fintech -> Insurance,Fintech,Insurance
25712,finnt,Winter 2022,W22,2022.0,B2B -> Finance and Accounting,B2B,Finance and Accounting
25532,fintelite,Winter 2022,W22,2022.0,Fintech,Fintech,
25552,firezone,Winter 2022,W22,2022.0,B2B -> Security,B2B,Security
25608,flagright,Winter 2022,W22,2022.0,B2B,B2B,
25978,fleek,Winter 2022,W22,2022.0,B2B -> Retail,B2B,Retail
25361,fleetzero,Winter 2022,W22,2022.0,Industrials,Industrials,
26238,flike,Winter 2022,W22,2022.0,B2B,B2B,
25974,float-health,Winter 2022,W22,2022.0,Healthcare,Healthcare,
25334,flowdeploy,Winter 2022,W22,2022.0,B2B -> Infrastructure,B2B,Infrastructure
25947,fogbender,Winter 2022,W22,2022.0,B2B,B2B,
26267,fresh-factory,Winter 2022,W22,2022.0,B2B -> Supply Chain and Logistics,B2B,Supply Chain and Logistics
25722,fuell,Winter 2022,W22,2022.0,B2B -> Finance and Accounting,B2B,Finance and Accounting
26051,gimo,Winter 2022,W22,2022.0,Fintech -> Credit and Lending,Fintech,Credit and Lending
25613,gauss,Winter 2022,W22,2022.0,Fintech -> Consumer Finance,Fintech,Consumer Finance
25717,glep,Winter 2022,W22,2022.0,Fintech -> Banking and Exchange,Fintech,Banking and Exchange
25994,glow-energy,Winter 2022,W22,2022.0,Industrials -> Climate,Industrials,Climate
25976,gojom,Winter 2022,W22,2022.0,Real Estate and Construction,Real Estate and Construction,
26108,gosats,Winter 2022,W22,2022.0,Fintech,Fintech,
26125,govdash,Winter 2022,W22,2022.0,Government,Government,
25713,grey,Winter 2022,W22,2022.0,Fintech,Fintech,
25174,growthbook,Winter 2022,W22,2022.0,B2B -> Analytics,B2B,Analytics
25363,gym-class,Winter 2022,W22,2022.0,Consumer -> Social,Consumer,Social
25923,hoai,Winter 2022,W22,2022.0,B2B -> Operations,B2B,Operations
25606,hokali,Winter 2022,W22,2022.0,B2B -> Marketing,B2B,Marketing
25521,happl,Winter 2022,W22,2022.0,B2B -> Human Resources,B2B,Human Resources
26033,heptabase,Winter 2022,W22,2022.0,Consumer,Consumer,
25445,heyfood,Winter 2022,W22,2022.0,Consumer -> Food and Beverage,Consumer,Food and Beverage
26190,hippobuild,Winter 2022,W22,2022.0,Real Estate and Construction -> Construction,Real Estate and Construction,Construction
25396,homeroom,Winter 2022,W22,2022.0,Real Estate and Construction -> Housing and Real Estate,Real Estate and Construction,Housing and Real Estate
25983,housewarming,Winter 2022,W22,2022.0,Consumer,Consumer,
25313,hubble-network,Winter 2022,W22,2022.0,Industrials -> Aviation and Space,Industrials,Aviation and Space
25991,humand,Winter 2022,W22,2022.0,B2B -> Human Resources,B2B,Human Resources
25738,hydra,Winter 2022,W22,2022.0,B2B -> Infrastructure,B2B,Infrastructure
25448,hypahub,Winter 2022,W22,2022.0,B2B -> Analytics,B2B,Analytics
25509,hyperbeam,Winter 2022,W22,2022.0,"B2B -> Engineering, Product and Design",B2B,"Engineering, Product and Design"
25654,imt-care,Winter 2022,W22,2022.0,Healthcare -> Consumer Health and Wellness,Healthcare,Consumer Health and Wellness
25634,iomete,Winter 2022,W22,2022.0,B2B -> Infrastructure,B2B,Infrastructure
26072,impossible-metals,Winter 2022,W22,2022.0,Industrials -> Climate,Industrials,Climate
25400,industrial-next,Winter 2022,W22,2022.0,Industrials -> Manufacturing and Robotics,Industrials,Manufacturing and Robotics
25394,inferedge,Winter 2022,W22,2022.0,Fintech,Fintech,
24078,instalab,Winter 2022,W22,2022.0,Healthcare -> Consumer Health and Wellness,Healthcare,Consumer Health and Wellness
25451,instant-labs,Winter 2022,W22,2022.0,B2B -> Marketing,B2B,Marketing
25399,invert,Winter 2022,W22,2022.0,Healthcare -> Industrial Bio,Healthcare,Industrial Bio
25914,iotflows-inc,Winter 2022,W22,2022.0,B2B -> Productivity,B2B,Productivity
25511,iron-leap,Winter 2022,W22,2022.0,B2B,B2B,
25949,jamsocket,Winter 2022,W22,2022.0,"B2B -> Engineering, Product and Design",B2B,"Engineering, Product and Design"
25823,joe,Winter 2022,W22,2022.0,Fintech -> Consumer Finance,Fintech,Consumer Finance
25907,joon-health,Winter 2022,W22,2022.0,Healthcare -> Consumer Health and Wellness,Healthcare,Consumer Health and Wellness
25433,jumpwire,Winter 2022,W22,2022.0,B2B -> Security,B2B,Security
26264,jutsoo,Winter 2022,W22,2022.0,B2B -> Finance and Accounting,B2B,Finance and Accounting
25689,kaagaz,Winter 2022,W22,2022.0,Consumer,Consumer,
25644,kable,Winter 2022,W22,2022.0,B2B -> Finance and Accounting,B2B,Finance and Accounting
25304,kapital-bank,Winter 2022,W22,2022.0,Fintech,Fintech,
26205,karate-labs,Winter 2022,W22,2022.0,"B2B -> Engineering, Product and Design",B2B,"Engineering, Product and Design"
25419,kaso,Winter 2022,W22,2022.0,B2B -> Supply Chain and Logistics,B2B,Supply Chain and Logistics
26034,kenobi,Winter 2022,W22,2022.0,B2B -> Sales,B2B,Sales
25417,koala,Winter 2022,W22,2022.0,Education,Education,
26020,koko-2,Winter 2022,W22,2022.0,Healthcare -> Consumer Health and Wellness,Healthcare,Consumer Health and Wellness
26138,korrai,Winter 2022,W22,2022.0,Industrials -> Energy,Industrials,Energy
25835,kular,Winter 2022,W22,2022.0,B2B -> Sales,B2B,Sales
25561,lancedb,Winter 2022,W22,2022.0,B2B -> Infrastructure,B2B,Infrastructure
25528,lenk,Winter 2022,W22,2022.0,Fintech -> Credit and Lending,Fintech,Credit and Lending
25538,lexter-ai,Winter 2022,W22,2022.0,B2B -> Legal,B2B,Legal
25287,lifeat,Winter 2022,W22,2022.0,Consumer,Consumer,
25817,lifecast,Winter 2022,W22,2022.0,Consumer,Consumer,
25557,lightmeter,Winter 2022,W22,2022.0,B2B -> Sales,B2B,Sales
25692,livedocs,Winter 2022,W22,2022.0,B2B -> Analytics,B2B,Analytics
26294,lizza,Winter 2022,W22,2022.0,B2B -> Retail,B2B,Retail
25340,loops,Winter 2022,W22,2022.0,B2B -> Marketing,B2B,Marketing
25724,lovage,Winter 2022,W22,2022.0,B2B -> Marketing,B2B,Marketing
25311,lumina,Winter 2022,W22,2022.0,B2B -> Operations,B2B,Operations
25682,lunajoy-health,Winter 2022,W22,2022.0,Healthcare -> Healthcare Services,Healthcare,Healthcare Services
25620,magna,Winter 2022,W22,2022.0,Fintech,Fintech,
26003,mahaana-wealth,Winter 2022,W22,2022.0,Fintech,Fintech,
25996,marathon-education,Winter 2022,W22,2022.0,Education,Education,
25671,markaz-technologies,Winter 2022,W22,2022.0,Consumer,Consumer,
26303,massdriver,Winter 2022,W22,2022.0,"B2B -> Engineering, Product and Design",B2B,"Engineering, Product and Design"
25810,material-depot,Winter 2022,W22,2022.0,Real Estate and Construction,Real Estate and Construction,
25152,mederva,Winter 2022,W22,2022.0,Healthcare,Healthcare,
25473,miggos,Winter 2022,W22,2022.0,B2B -> Supply Chain and Logistics,B2B,Supply Chain and Logistics
26307,tradex,Winter 2022,W22,2022.0,B2B -> Marketing,B2B,Marketing
25643,mintlify,Winter 2022,W22,2022.0,"B2B -> Engineering, Product and Design",B2B,"Engineering, Product and Design"
25328,momento,Winter 2022,W22,2022.0,Fintech -> Insurance,Fintech,Insurance
26290,mono-2,Winter 2022,W22,2022.0,Fintech -> Payments,Fintech,Payments
25279,moots,Winter 2022,W22,2022.0,B2B,B2B,
25558,mosaicvoice,Winter 2022,W22,2022.0,B2B -> Operations,B2B,Operations
25527,munily,Winter 2022,W22,2022.0,B2B -> Security,B2B,Security
25518,mysivi,Winter 2022,W22,2022.0,Education,Education,
25447,myria,Winter 2022,W22,2022.0,Consumer,Consumer,
26278,nftscoring,Winter 2022,W22,2022.0,Consumer,Consumer,
26052,nara,Winter 2022,W22,2022.0,B2B,B2B,
25758,nash-2,Winter 2022,W22,2022.0,Fintech,Fintech,
25650,nearwave,Winter 2022,W22,2022.0,Healthcare -> Medical Devices,Healthcare,Medical Devices
25350,nest-genomics,Winter 2022,W22,2022.0,Healthcare -> Healthcare IT,Healthcare,Healthcare IT
26049,netmaker,Winter 2022,W22,2022.0,B2B -> Infrastructure,B2B,Infrastructure
24352,nira-energy,Winter 2022,W22,2022.0,Industrials -> Climate,Industrials,Climate
25921,nophin,Winter 2022,W22,2022.0,Fintech,Fintech,
25086,northwind,Winter 2022,W22,2022.0,Healthcare -> Healthcare Services,Healthcare,Healthcare Services
25779,nullstone,Winter 2022,W22,2022.0,B2B -> Infrastructure,B2B,Infrastructure
25876,numida,Winter 2022,W22,2022.0,Fintech -> Credit and Lending,Fintech,Credit and Lending
25358,nyckel,Winter 2022,W22,2022.0,"B2B -> Engineering, Product and Design",B2B,"Engineering, Product and Design"
26118,offbeast,Winter 2022,W22,2022.0,Consumer -> Food and Beverage,Consumer,Food and Beverage
25592,ole,Winter 2022,W22,2022.0,Consumer,Consumer,
26050,olympian-motors,Winter 2022,W22,2022.0,Industrials -> Automotive,Industrials,Automotive
25571,azuki,Winter 2022,W22,2022.0,Consumer -> Content,Consumer,Content
26266,onboard-io,Winter 2022,W22,2022.0,B2B -> Productivity,B2B,Productivity
25401,onyx-private,Winter 2022,W22,2022.0,Fintech,Fintech,
25061,optery,Winter 2022,W22,2022.0,B2B -> Security,B2B,Security
25475,orca,Winter 2022,W22,2022.0,Fintech,Fintech,
26122,origami-therapeutics-inc,Winter 2022,W22,2022.0,Healthcare -> Therapeutics,Healthcare,Therapeutics
25539,oto,Winter 2022,W22,2022.0,Healthcare -> Consumer Health and Wellness,Healthcare,Consumer Health and Wellness
25472,ozone,Winter 2022,W22,2022.0,Consumer,Consumer,
25891,pina,Winter 2022,W22,2022.0,Fintech,Fintech,
25589,palitronica-inc,Winter 2022,W22,2022.0,B2B -> Security,B2B,Security
26183,pantore-pay,Winter 2022,W22,2022.0,Fintech,Fintech,
25776,partna,Winter 2022,W22,2022.0,Fintech,Fintech,
25660,paycaddy,Winter 2022,W22,2022.0,Fintech,Fintech,
25694,paycrunch,Winter 2022,W22,2022.0,Fintech -> Credit and Lending,Fintech,Credit and Lending
25357,peakpath,Winter 2022,W22,2022.0,B2B -> Human Resources,B2B,Human Resources
25317,peakflo,Winter 2022,W22,2022.0,Fintech -> Payments,Fintech,Payments
25278,pelm,Winter 2022,W22,2022.0,"B2B -> Engineering, Product and Design",B2B,"Engineering, Product and Design"
25347,perl-street,Winter 2022,W22,2022.0,Fintech -> Credit and Lending,Fintech,Credit and Lending
25647,permitflow,Winter 2022,W22,2022.0,Real Estate and Construction -> Construction,Real Estate and Construction,Construction
25553,phase-biolabs,Winter 2022,W22,2022.0,Industrials -> Climate,Industrials,Climate
26243,phoenix-hydrogen,Winter 2022,W22,2022.0,Industrials -> Energy,Industrials,Energy
26042,pigeon-2,Winter 2022,W22,2022.0,Fintech,Fintech,
26137,pina-earth,Winter 2022,W22,2022.0,Industrials -> Climate,Industrials,Climate
25975,ploomber,Winter 2022,W22,2022.0,"B2B -> Engineering, Product and Design",B2B,"Engineering, Product and Design"
25658,plumter,Winter 2022,W22,2022.0,Fintech -> Payments,Fintech,Payments
25695,pluto-markets,Winter 2022,W22,2022.0,Fintech -> Asset Management,Fintech,Asset Management
26109,poko,Winter 2022,W22,2022.0,Fintech,Fintech,
25309,policyfly,Winter 2022,W22,2022.0,Fintech -> Insurance,Fintech,Insurance
25866,ponyrun,Winter 2022,W22,2022.0,B2B -> Operations,B2B,Operations
25677,posh,Winter 2022,W22,2022.0,Industrials -> Climate,Industrials,Climate
26012,postal,Winter 2022,W22,2022.0,Fintech -> Insurance,Fintech,Insurance
26148,powerdocs,Winter 2022,W22,2022.0,B2B,B2B,
26053,powerhouse-ai,Winter 2022,W22,2022.0,B2B -> Supply Chain and Logistics,B2B,Supply Chain and Logistics
25697,prembly,Winter 2022,W22,2022.0,B2B -> Infrastructure,B2B,Infrastructure
25329,promptloop,Winter 2022,W22,2022.0,B2B -> Analytics,B2B,Analytics
25946,propelauth,Winter 2022,W22,2022.0,"B2B -> Engineering, Product and Design",B2B,"Engineering, Product and Design"
25344,proper,Winter 2022,W22,2022.0,B2B -> Finance and Accounting,B2B,Finance and Accounting
25360,pursuit-2,Winter 2022,W22,2022.0,Real Estate and Construction -> Housing and Real Estate,Real Estate and Construction,Housing and Real Estate
25525,pyrls,Winter 2022,W22,2022.0,Healthcare -> Healthcare IT,Healthcare,Healthcare IT
25959,quik,Winter 2022,W22,2022.0,Consumer,Consumer,
25929,quan,Winter 2022,W22,2022.0,B2B -> Human Resources,B2B,Human Resources
26066,query-vary,Winter 2022,W22,2022.0,"B2B -> Engineering, Product and Design",B2B,"Engineering, Product and Design"
25572,rdash,Winter 2022,W22,2022.0,B2B -> Infrastructure,B2B,Infrastructure
25985,rthm,Winter 2022,W22,2022.0,Healthcare -> Healthcare Services,Healthcare,Healthcare Services
25305,railbird,Winter 2022,W22,2022.0,Fintech,Fintech,
25984,rallyuxr,Winter 2022,W22,2022.0,"B2B -> Engineering, Product and Design",B2B,"Engineering, Product and Design"
25755,rank,Winter 2022,W22,2022.0,Fintech -> Credit and Lending,Fintech,Credit and Lending
25605,ranla,Winter 2022,W22,2022.0,B2B -> Marketing,B2B,Marketing
25312,ravion,Winter 2022,W22,2022.0,B2B -> Infrastructure,B2B,Infrastructure
26296,reality-defender,Winter 2022,W22,2022.0,B2B -> Security,B2B,Security
25315,rebill,Winter 2022,W22,2022.0,Fintech -> Payments,Fintech,Payments
25619,recordbook,Winter 2022,W22,2022.0,B2B,B2B,
25610,redbrick-ai,Winter 2022,W22,2022.0,B2B,B2B,
25272,redbird,Winter 2022,W22,2022.0,B2B -> Analytics,B2B,Analytics
25645,refinetrain-ai,Winter 2022,W22,2022.0,"B2B -> Engineering, Product and Design",B2B,"Engineering, Product and Design"
25603,reforged-labs,Winter 2022,W22,2022.0,B2B -> Marketing,B2B,Marketing
25540,rehook-ai,Winter 2022,W22,2022.0,B2B -> Marketing,B2B,Marketing
25274,remedial-health,Winter 2022,W22,2022.0,Healthcare -> Healthcare Services,Healthcare,Healthcare Services
26268,remi,Winter 2022,W22,2022.0,Real Estate and Construction,Real Estate and Construction,
25690,requestly,Winter 2022,W22,2022.0,"B2B -> Engineering, Product and Design",B2B,"Engineering, Product and Design"
26032,reviving-mind,Winter 2022,W22,2022.0,Healthcare -> Healthcare Services,Healthcare,Healthcare Services
26139,revoy,Winter 2022,W22,2022.0,Industrials -> Automotive,Industrials,Automotive
25968,rider,Winter 2022,W22,2022.0,B2B -> Supply Chain and Logistics,B2B,Supply Chain and Logistics
25822,rome,Winter 2022,W22,2022.0,B2B -> Supply Chain and Logistics,B2B,Supply Chain and Logistics
25321,rosebud-biosciences,Winter 2022,W22,2022.0,Healthcare -> Drug Discovery and Delivery,Healthcare,Drug Discovery and Delivery
25402,rownd,Winter 2022,W22,2022.0,Industrials -> Drones,Industrials,Drones
25652,salt,Winter 2022,W22,2022.0,Fintech,Fintech,
25930,snab,Winter 2022,W22,2022.0,Fintech,Fintech,
25951,soteri-skin,Winter 2022,W22,2022.0,Consumer -> Home and Personal,Consumer,Home and Personal
25319,samos-insurance,Winter 2022,W22,2022.0,Fintech -> Insurance,Fintech,Insurance
25353,sarus,Winter 2022,W22,2022.0,B2B -> Analytics,B2B,Analytics
25789,savein,Winter 2022,W22,2022.0,Healthcare -> Consumer Health and Wellness,Healthcare,Consumer Health and Wellness
25285,scout-2,Winter 2022,W22,2022.0,Healthcare -> Diagnostics,Healthcare,Diagnostics
25397,seabound,Winter 2022,W22,2022.0,Industrials -> Climate,Industrials,Climate
25348,sei-ai,Winter 2022,W22,2022.0,Fintech,Fintech,
26265,seis,Winter 2022,W22,2022.0,Fintech -> Consumer Finance,Fintech,Consumer Finance
25395,sekilo,Winter 2022,W22,2022.0,B2B -> Supply Chain and Logistics,B2B,Supply Chain and Logistics
25308,selia,Winter 2022,W22,2022.0,Healthcare -> Consumer Health and Wellness,Healthcare,Consumer Health and Wellness
25727,sendme-inc,Winter 2022,W22,2022.0,Consumer -> Food and Beverage,Consumer,Food and Beverage
25966,sendo,Winter 2022,W22,2022.0,"B2B -> Engineering, Product and Design",B2B,"Engineering, Product and Design"
23954,serif-health,Winter 2022,W22,2022.0,Healthcare -> Healthcare Services,Healthcare,Healthcare Services
25679,sero,Winter 2022,W22,2022.0,B2B,B2B,
25969,shaped,Winter 2022,W22,2022.0,B2B -> Infrastructure,B2B,Infrastructure
25333,shinkei-systems,Winter 2022,W22,2022.0,Industrials -> Agriculture,Industrials,Agriculture
25476,shuttle-central,Winter 2022,W22,2022.0,"Consumer -> Travel, Leisure and Tourism",Consumer,"Travel, Leisure and Tourism"
25307,sieve,Winter 2022,W22,2022.0,B2B -> Infrastructure,B2B,Infrastructure
25656,siftly,Winter 2022,W22,2022.0,B2B -> Analytics,B2B,Analytics
26425,simplehash,Winter 2022,W22,2022.0,B2B -> Infrastructure,B2B,Infrastructure
25752,simplifyd-systems,Winter 2022,W22,2022.0,B2B,B2B,
25379,skillza,Winter 2022,W22,2022.0,Education,Education,
25635,skylink,Winter 2022,W22,2022.0,B2B,B2B,
25733,smarthelio,Winter 2022,W22,2022.0,B2B -> Analytics,B2B,Analytics
25584,snaptrade,Winter 2022,W22,2022.0,Fintech,Fintech,
25586,soon,Winter 2022,W22,2022.0,Fintech -> Consumer Finance,Fintech,Consumer Finance
25582,sophys,Winter 2022,W22,2022.0,Healthcare,Healthcare,
25339,sota2,Winter 2022,W22,2022.0,B2B -> Sales,B2B,Sales
25948,spade,Winter 2022,W22,2022.0,Fintech,Fintech,
25681,spadeworks,Winter 2022,W22,2022.0,B2B -> Operations,B2B,Operations
25617,speechly,Winter 2022,W22,2022.0,B2B,B2B,
25618,sphere,Winter 2022,W22,2022.0,B2B,B2B,
25356,spinach-ai,Winter 2022,W22,2022.0,B2B -> Productivity,B2B,Productivity
25110,spot-health,Winter 2022,W22,2022.0,Healthcare -> Diagnostics,Healthcare,Diagnostics
25732,sprites,Winter 2022,W22,2022.0,B2B -> Marketing,B2B,Marketing
25342,stably-ai-orca,Winter 2022,W22,2022.0,"B2B -> Engineering, Product and Design",B2B,"Engineering, Product and Design"
25616,stackshine,Winter 2022,W22,2022.0,B2B -> Operations,B2B,Operations
25144,stafbook,Winter 2022,W22,2022.0,B2B -> Human Resources,B2B,Human Resources
25649,stairs-financial,Winter 2022,W22,2022.0,Fintech -> Consumer Finance,Fintech,Consumer Finance
25327,starling,Winter 2022,W22,2022.0,Healthcare -> Diagnostics,Healthcare,Diagnostics
25954,status,Winter 2022,W22,2022.0,Consumer -> Social,Consumer,Social
25560,stock-unlock,Winter 2022,W22,2022.0,Fintech,Fintech,
25275,strac,Winter 2022,W22,2022.0,B2B -> Security,B2B,Security
25594,streak-2,Winter 2022,W22,2022.0,Fintech -> Payments,Fintech,Payments
25714,strong-compute,Winter 2022,W22,2022.0,B2B,B2B,
25715,subscriptionflow,Winter 2022,W22,2022.0,B2B -> Sales,B2B,Sales
25641,suggestr,Winter 2022,W22,2022.0,B2B,B2B,
25355,supertone,Winter 2022,W22,2022.0,Consumer -> Content,Consumer,Content
25303,syrona-health,Winter 2022,W22,2022.0,Healthcare -> Healthcare Services,Healthcare,Healthcare Services
25614,t3-chat,Winter 2022,W22,2022.0,Consumer -> Content,Consumer,Content
26065,tai,Winter 2022,W22,2022.0,Fintech,Fintech,
25286,tybr-health,Winter 2022,W22,2022.0,Healthcare -> Medical Devices,Healthcare,Medical Devices
25778,take-app,Winter 2022,W22,2022.0,B2B,B2B,
25827,talentropy-ai,Winter 2022,W22,2022.0,B2B -> Human Resources,B2B,Human Resources
25381,teamout,Winter 2022,W22,2022.0,B2B,B2B,
25721,tendo,Winter 2022,W22,2022.0,Consumer -> Social,Consumer,Social
26041,the-ankler,Winter 2022,W22,2022.0,Consumer -> Content,Consumer,Content
25849,theneo,Winter 2022,W22,2022.0,"B2B -> Engineering, Product and Design",B2B,"Engineering, Product and Design"
25674,toko,Winter 2022,W22,2022.0,Education,Education,
25693,tola,Winter 2022,W22,2022.0,Fintech -> Payments,Fintech,Payments
25870,top-road,Winter 2022,W22,2022.0,Fintech -> Payments,Fintech,Payments
25935,topship,Winter 2022,W22,2022.0,B2B -> Supply Chain and Logistics,B2B,Supply Chain and Logistics
25864,torpedo-therapeutics,Winter 2022,W22,2022.0,Healthcare -> Medical Devices,Healthcare,Medical Devices
25444,touch-and-pay-technologies-limited,Winter 2022,W22,2022.0,Fintech -> Payments,Fintech,Payments
25743,trackingplan,Winter 2022,W22,2022.0,B2B -> Analytics,B2B,Analytics
25346,transfez,Winter 2022,W22,2022.0,Fintech -> Payments,Fintech,Payments
25314,trellus,Winter 2022,W22,2022.0,B2B -> Sales,B2B,Sales
25913,trueplace,Winter 2022,W22,2022.0,B2B,B2B,
26067,trusty,Winter 2022,W22,2022.0,Real Estate and Construction -> Housing and Real Estate,Real Estate and Construction,Housing and Real Estate
25316,trebol,Winter 2022,W22,2022.0,B2B -> Finance and Accounting,B2B,Finance and Accounting
25659,tuva-health,Winter 2022,W22,2022.0,Healthcare -> Healthcare IT,Healthcare,Healthcare IT
25915,unison,Winter 2022,W22,2022.0,Consumer -> Virtual and Augmented Reality,Consumer,Virtual and Augmented Reality
25117,uberduck,Winter 2022,W22,2022.0,B2B -> Marketing,B2B,Marketing
25522,unlayer,Winter 2022,W22,2022.0,B2B -> Productivity,B2B,Productivity
25986,unravel-carbon,Winter 2022,W22,2022.0,B2B,B2B,
25958,unsaddl,Winter 2022,W22,2022.0,B2B -> Human Resources,B2B,Human Resources
25517,upbanx,Winter 2022,W22,2022.0,Fintech,Fintech,
25513,valari,Winter 2022,W22,2022.0,Fintech,Fintech,
25322,vantedgeai,Winter 2022,W22,2022.0,Fintech -> Banking and Exchange,Fintech,Banking and Exchange
26206,vecindario,Winter 2022,W22,2022.0,Real Estate and Construction -> Housing and Real Estate,Real Estate and Construction,Housing and Real Estate
25663,velt,Winter 2022,W22,2022.0,B2B -> Productivity,B2B,Productivity
25446,vendoo,Winter 2022,W22,2022.0,Consumer,Consumer,
25726,vendy,Winter 2022,W22,2022.0,Fintech -> Payments,Fintech,Payments
25918,venue-ink,Winter 2022,W22,2022.0,Fintech -> Payments,Fintech,Payments
25541,versable,Winter 2022,W22,2022.0,B2B -> Retail,B2B,Retail
25912,vessel,Winter 2022,W22,2022.0,"B2B -> Engineering, Product and Design",B2B,"Engineering, Product and Design"
25818,vimmerse,Winter 2022,W22,2022.0,"B2B -> Engineering, Product and Design",B2B,"Engineering, Product and Design"
25965,vobi,Winter 2022,W22,2022.0,Real Estate and Construction -> Construction,Real Estate and Construction,Construction
25992,wantd,Winter 2022,W22,2022.0,Consumer -> Apparel and Cosmetics,Consumer,Apparel and Cosmetics
25341,wagetap,Winter 2022,W22,2022.0,Fintech -> Credit and Lending,Fintech,Credit and Lending
25318,wereno,Winter 2022,W22,2022.0,Real Estate and Construction -> Construction,Real Estate and Construction,Construction
26311,whitelab-genomics,Winter 2022,W22,2022.0,Healthcare -> Drug Discovery and Delivery,Healthcare,Drug Discovery and Delivery
25515,whiz,Winter 2022,W22,2022.0,Fintech -> Payments,Fintech,Payments
25665,wibond,Winter 2022,W22,2022.0,Fintech -> Credit and Lending,Fintech,Credit and Lending
25320,wingback,Winter 2022,W22,2022.0,B2B -> Infrastructure,B2B,Infrastructure
25972,winter,Winter 2022,W22,2022.0,"B2B -> Engineering, Product and Design",B2B,"Engineering, Product and Design"
25995,workflow86,Winter 2022,W22,2022.0,B2B -> Operations,B2B,Operations
25060,wyvern,Winter 2022,W22,2022.0,Industrials -> Aviation and Space,Industrials,Aviation and Space
25359,yezza,Winter 2022,W22,2022.0,B2B,B2B,
25573,zorba,Winter 2022,W22,2022.0,Real Estate and Construction,Real Estate and Construction,
26163,beu-delivery,Winter 2022,W22,2022.0,Consumer -> Food and Beverage,Consumer,Food and Beverage
25662,digi,Winter 2022,W22,2022.0,Fintech,Fintech,
25745,goodfin,Winter 2022,W22,2022.0,Fintech,Fintech,
25531,haddock,Winter 2022,W22,2022.0,B2B -> Finance and Accounting,B2B,Finance and Accounting
25831,mutable-ai,Winter 2022,W22,2022.0,B2B,B2B,
25967,ngrow-ai,Winter 2022,W22,2022.0,B2B -> Marketing,B2B,Marketing
25691,voize,Winter 2022,W22,2022.0,B2B -> Productivity,B2B,Productivity
25977,yhangry,Winter 2022,W22,2022.0,Consumer -> Food and Beverage,Consumer,Food and Beverage
26861,100x,Summer 2022,S22,2022.0,B2B -> Productivity,B2B,Productivity
26769,alt-tex,Summer 2022,S22,2022.0,Industrials -> Climate,Industrials,Climate
27258,accessowl,Summer 2022,S22,2022.0,B2B -> Infrastructure,B2B,Infrastructure
26792,activepieces,Summer 2022,S22,2022.0,"B2B -> Engineering, Product and Design",B2B,"Engineering, Product and Design"
27097,ad-army,Summer 2022,S22,2022.0,B2B,B2B,
27086,aiprise,Summer 2022,S22,2022.0,Fintech,Fintech,
26880,airhart-aeronautics,Summer 2022,S22,2022.0,Industrials -> Aviation and Space,Industrials,Aviation and Space
26666,airtrain-ai,Summer 2022,S22,2022.0,B2B -> Infrastructure,B2B,Infrastructure
26501,albiware-inc,Summer 2022,S22,2022.0,Real Estate and Construction -> Construction,Real Estate and Construction,Construction
27249,aldara,Summer 2022,S22,2022.0,Real Estate and Construction,Real Estate and Construction,
27191,algotest,Summer 2022,S22,2022.0,Fintech,Fintech,
26681,alma,Summer 2022,S22,2022.0,Fintech -> Consumer Finance,Fintech,Consumer Finance
27159,almond,Summer 2022,S22,2022.0,Healthcare -> Consumer Health and Wellness,Healthcare,Consumer Health and Wellness
26719,alterya,Summer 2022,S22,2022.0,Fintech,Fintech,
27049,anchor,Summer 2022,S22,2022.0,Fintech,Fintech,
26885,anythingllm,Summer 2022,S22,2022.0,Consumer,Consumer,
26802,apply-design,Summer 2022,S22,2022.0,Real Estate and Construction,Real Estate and Construction,
26813,aragorn-ai,Summer 2022,S22,2022.0,B2B -> Human Resources,B2B,Human Resources
27045,argovox,Summer 2022,S22,2022.0,Fintech,Fintech,
26736,array-labs,Summer 2022,S22,2022.0,Industrials -> Aviation and Space,Industrials,Aviation and Space
27042,artemis-search,Summer 2022,S22,2022.0,B2B,B2B,
27046,atlaswork,Summer 2022,S22,2022.0,B2B,B2B,
26913,aurelian,Summer 2022,S22,2022.0,B2B,B2B,
26897,aviaryai,Summer 2022,S22,2022.0,Fintech,Fintech,
27141,avina,Summer 2022,S22,2022.0,B2B -> Sales,B2B,Sales
27250,axle,Summer 2022,S22,2022.0,Fintech,Fintech,
26749,ballerine,Summer 2022,S22,2022.0,Fintech,Fintech,
26564,banabo,Summer 2022,S22,2022.0,B2B -> Marketing,B2B,Marketing
26850,biggerpicture,Summer 2022,S22,2022.0,B2B,B2B,
26675,birch-biosciences,Summer 2022,S22,2022.0,Industrials -> Climate,Industrials,Climate
26881,bitstack,Summer 2022,S22,2022.0,Fintech,Fintech,
26778,blee,Summer 2022,S22,2022.0,Fintech,Fintech,
26717,blitz,Summer 2022,S22,2022.0,B2B -> Operations,B2B,Operations
27167,blockscope,Summer 2022,S22,2022.0,B2B -> Infrastructure,B2B,Infrastructure
26740,bluehill-payments,Summer 2022,S22,2022.0,B2B -> Productivity,B2B,Productivity
26742,boostly,Summer 2022,S22,2022.0,B2B -> Marketing,B2B,Marketing
27140,boton,Summer 2022,S22,2022.0,B2B -> Finance and Accounting,B2B,Finance and Accounting
26732,bricksai,Summer 2022,S22,2022.0,B2B -> Infrastructure,B2B,Infrastructure
26770,bridgecard,Summer 2022,S22,2022.0,Fintech -> Payments,Fintech,Payments
26712,bunting-labs,Summer 2022,S22,2022.0,B2B,B2B,
27221,capsule,Summer 2022,S22,2022.0,Consumer -> Apparel and Cosmetics,Consumer,Apparel and Cosmetics
26725,codexa,Summer 2022,S22,2022.0,Fintech -> Payments,Fintech,Payments
27248,cambio-2,Summer 2022,S22,2022.0,Real Estate and Construction,Real Estate and Construction,
26794,capix,Summer 2022,S22,2022.0,Fintech,Fintech,
26782,cashboard,Summer 2022,S22,2022.0,B2B -> Finance and Accounting,B2B,Finance and Accounting
26718,cerrion,Summer 2022,S22,2022.0,Industrials,Industrials,
26730,champ,Summer 2022,S22,2022.0,B2B -> Sales,B2B,Sales
26707,chariot-2,Summer 2022,S22,2022.0,Fintech -> Payments,Fintech,Payments
26660,chordio,Summer 2022,S22,2022.0,"B2B -> Engineering, Product and Design",B2B,"Engineering, Product and Design"
26903,chowdeck,Summer 2022,S22,2022.0,Consumer -> Food and Beverage,Consumer,Food and Beverage
26671,ciro,Summer 2022,S22,2022.0,B2B -> Sales,B2B,Sales
26554,cisterna-biologics,Summer 2022,S22,2022.0,Healthcare,Healthcare,
27172,clearline,Summer 2022,S22,2022.0,"B2B -> Engineering, Product and Design",B2B,"Engineering, Product and Design"
26525,clinikally,Summer 2022,S22,2022.0,Healthcare -> Consumer Health and Wellness,Healthcare,Consumer Health and Wellness
27039,cobbery,Summer 2022,S22,2022.0,B2B -> Legal,B2B,Legal
26781,codecrafters,Summer 2022,S22,2022.0,Consumer -> Job and Career Services,Consumer,Job and Career Services
27090,compup,Summer 2022,S22,2022.0,B2B -> Human Resources,B2B,Human Resources
27253,cone,Summer 2022,S22,2022.0,B2B -> Finance and Accounting,B2B,Finance and Accounting
26882,coris,Summer 2022,S22,2022.0,B2B -> Infrastructure,B2B,Infrastructure
26724,coupl,Summer 2022,S22,2022.0,Fintech -> Banking and Exchange,Fintech,Banking and Exchange
27260,coverage-cat,Summer 2022,S22,2022.0,Fintech -> Insurance,Fintech,Insurance
26739,craze,Summer 2022,S22,2022.0,Consumer -> Content,Consumer,Content
26723,customeros,Summer 2022,S22,2022.0,B2B -> Sales,B2B,Sales
26752,delegasi,Summer 2022,S22,2022.0,B2B -> Finance and Accounting,B2B,Finance and Accounting
27206,delfino-ai,Summer 2022,S22,2022.0,Healthcare -> Healthcare IT,Healthcare,Healthcare IT
26663,denormalized,Summer 2022,S22,2022.0,B2B -> Infrastructure,B2B,Infrastructure
27264,dev-tools-ai,Summer 2022,S22,2022.0,"B2B -> Engineering, Product and Design",B2B,"Engineering, Product and Design"
26711,devyce,Summer 2022,S22,2022.0,B2B -> Operations,B2B,Operations
26673,dialect-2,Summer 2022,S22,2022.0,B2B -> Productivity,B2B,Productivity
26768,disclo,Summer 2022,S22,2022.0,B2B -> Human Resources,B2B,Human Resources
26709,dittofeed,Summer 2022,S22,2022.0,B2B -> Marketing,B2B,Marketing
26898,diversion,Summer 2022,S22,2022.0,"B2B -> Engineering, Product and Design",B2B,"Engineering, Product and Design"
26735,dr-treat,Summer 2022,S22,2022.0,Healthcare -> Healthcare Services,Healthcare,Healthcare Services
27160,drahim,Summer 2022,S22,2022.0,Fintech,Fintech,
27150,drip,Summer 2022,S22,2022.0,Fintech -> Payments,Fintech,Payments
27054,ekho,Summer 2022,S22,2022.0,B2B -> Supply Chain and Logistics,B2B,Supply Chain and Logistics
26668,elessar,Summer 2022,S22,2022.0,B2B -> Productivity,B2B,Productivity
25059,emerge-career,Summer 2022,S22,2022.0,Education,Education,
27165,entvin,Summer 2022,S22,2022.0,Healthcare -> Healthcare IT,Healthcare,Healthcare IT
26743,ethosx,Summer 2022,S22,2022.0,Fintech,Fintech,
26427,eugit-therapeutics,Summer 2022,S22,2022.0,Healthcare -> Therapeutics,Healthcare,Therapeutics
26801,evoly,Summer 2022,S22,2022.0,Industrials -> Energy,Industrials,Energy
27175,express-building,Summer 2022,S22,2022.0,Real Estate and Construction -> Housing and Real Estate,Real Estate and Construction,Housing and Real Estate
27041,feather-2,Summer 2022,S22,2022.0,B2B,B2B,
26737,fetii,Summer 2022,S22,2022.0,Consumer -> Transportation Services,Consumer,Transportation Services
27038,fini,Summer 2022,S22,2022.0,B2B -> Operations,B2B,Operations
27152,firecrawl,Summer 2022,S22,2022.0,B2B,B2B,
26825,flair-labs,Summer 2022,S22,2022.0,B2B,B2B,
27219,flatx,Summer 2022,S22,2022.0,Real Estate and Construction -> Housing and Real Estate,Real Estate and Construction,Housing and Real Estate
26901,flycode,Summer 2022,S22,2022.0,Fintech,Fintech,
27147,foodcourt,Summer 2022,S22,2022.0,Consumer -> Food and Beverage,Consumer,Food and Beverage
27040,grai,Summer 2022,S22,2022.0,B2B -> Infrastructure,B2B,Infrastructure
27263,guardian-bio,Summer 2022,S22,2022.0,Healthcare -> Therapeutics,Healthcare,Therapeutics
26795,gullak-money,Summer 2022,S22,2022.0,Fintech,Fintech,
27109,homli,Summer 2022,S22,2022.0,Real Estate and Construction -> Housing and Real Estate,Real Estate and Construction,Housing and Real Estate
26883,hedgehog-2,Summer 2022,S22,2022.0,Industrials -> Manufacturing and Robotics,Industrials,Manufacturing and Robotics
26812,hype,Summer 2022,S22,2022.0,Consumer,Consumer,
26657,hyperdx,Summer 2022,S22,2022.0,"B2B -> Engineering, Product and Design",B2B,"Engineering, Product and Design"
26818,hypestream,Summer 2022,S22,2022.0,B2B,B2B,
26806,illuminant-surgical,Summer 2022,S22,2022.0,Healthcare -> Medical Devices,Healthcare,Medical Devices
26722,impractical,Summer 2022,S22,2022.0,"B2B -> Engineering, Product and Design",B2B,"Engineering, Product and Design"
27224,invision-medical-technology,Summer 2022,S22,2022.0,Healthcare,Healthcare,
26655,instant,Summer 2022,S22,2022.0,"B2B -> Engineering, Product and Design",B2B,"Engineering, Product and Design"
27261,integrated-reasoning,Summer 2022,S22,2022.0,"B2B -> Engineering, Product and Design",B2B,"Engineering, Product and Design"
26738,integration-labs,Summer 2022,S22,2022.0,B2B,B2B,
27255,intuned,Summer 2022,S22,2022.0,"B2B -> Engineering, Product and Design",B2B,"Engineering, Product and Design"
27142,invofox,Summer 2022,S22,2022.0,B2B -> Finance and Accounting,B2B,Finance and Accounting
27173,jamble,Summer 2022,S22,2022.0,Consumer -> Apparel and Cosmetics,Consumer,Apparel and Cosmetics
27158,jasmine-energy,Summer 2022,S22,2022.0,B2B -> Operations,B2B,Operations
26800,juicebox,Summer 2022,S22,2022.0,B2B -> Recruiting and Talent,B2B,Recruiting and Talent
26670,julius,Summer 2022,S22,2022.0,B2B,B2B,
27222,kamion,Summer 2022,S22,2022.0,B2B -> Supply Chain and Logistics,B2B,Supply Chain and Logistics
27205,kashin,Summer 2022,S22,2022.0,Fintech -> Credit and Lending,Fintech,Credit and Lending
27124,kemnet,Summer 2022,S22,2022.0,Healthcare -> Healthcare IT,Healthcare,Healthcare IT
25151,keylika,Summer 2022,S22,2022.0,Healthcare -> Therapeutics,Healthcare,Therapeutics
27185,knowtex,Summer 2022,S22,2022.0,Healthcare -> Healthcare IT,Healthcare,Healthcare IT
27050,kombo,Summer 2022,S22,2022.0,B2B,B2B,
27161,krave-mart,Summer 2022,S22,2022.0,Consumer -> Food and Beverage,Consumer,Food and Beverage
27092,lamin,Summer 2022,S22,2022.0,B2B -> Infrastructure,B2B,Infrastructure
27252,landeed,Summer 2022,S22,2022.0,Fintech,Fintech,
26890,latent-space,Summer 2022,S22,2022.0,Consumer,Consumer,
26505,layerup,Summer 2022,S22,2022.0,B2B,B2B,
27157,levers,Summer 2022,S22,2022.0,B2B -> Finance and Accounting,B2B,Finance and Accounting
27251,lotus,Summer 2022,S22,2022.0,B2B -> Finance and Accounting,B2B,Finance and Accounting
26753,lyra,Summer 2022,S22,2022.0,Consumer,Consumer,
26658,magic-2,Summer 2022,S22,2022.0,Fintech -> Payments,Fintech,Payments
26708,makeasite,Summer 2022,S22,2022.0,Consumer,Consumer,
26809,malama-health,Summer 2022,S22,2022.0,Healthcare,Healthcare,
26899,manatee,Summer 2022,S22,2022.0,B2B -> Sales,B2B,Sales
27268,materee,Summer 2022,S22,2022.0,B2B,B2B,
26807,maverickx,Summer 2022,S22,2022.0,Industrials -> Energy,Industrials,Energy
26902,maya-labs,Summer 2022,S22,2022.0,B2B -> Productivity,B2B,Productivity
26413,medplum,Summer 2022,S22,2022.0,Healthcare -> Healthcare IT,Healthcare,Healthcare IT
26669,mercator,Summer 2022,S22,2022.0,B2B,B2B,
27037,metriport,Summer 2022,S22,2022.0,Healthcare -> Healthcare IT,Healthcare,Healthcare IT
26756,midplane,Summer 2022,S22,2022.0,"B2B -> Engineering, Product and Design",B2B,"Engineering, Product and Design"
26851,mistle,Summer 2022,S22,2022.0,"B2B -> Engineering, Product and Design",B2B,"Engineering, Product and Design"
26727,moneco,Summer 2022,S22,2022.0,Fintech -> Banking and Exchange,Fintech,Banking and Exchange
27174,monterey-ai,Summer 2022,S22,2022.0,"B2B -> Engineering, Product and Design",B2B,"Engineering, Product and Design"
27269,morf-health,Summer 2022,S22,2022.0,Healthcare -> Healthcare IT,Healthcare,Healthcare IT
27177,movinglake,Summer 2022,S22,2022.0,"B2B -> Engineering, Product and Design",B2B,"Engineering, Product and Design"
26819,namecard-ai,Summer 2022,S22,2022.0,B2B,B2B,
26872,neosync,Summer 2022,S22,2022.0,B2B -> Infrastructure,B2B,Infrastructure
26860,newscatcher,Summer 2022,S22,2022.0,B2B -> Analytics,B2B,Analytics
26779,notebook-labs,Summer 2022,S22,2022.0,B2B,B2B,
26754,novig,Summer 2022,S22,2022.0,Consumer -> Gaming,Consumer,Gaming
26750,numind,Summer 2022,S22,2022.0,"B2B -> Engineering, Product and Design",B2B,"Engineering, Product and Design"
27162,oneleet,Summer 2022,S22,2022.0,B2B -> Security,B2B,Security
26814,ordinary-seafood,Summer 2022,S22,2022.0,Consumer -> Food and Beverage,Consumer,Food and Beverage
26776,overwatch,Summer 2022,S22,2022.0,B2B -> Security,B2B,Security
26662,paces,Summer 2022,S22,2022.0,Industrials -> Climate,Industrials,Climate
26476,pana,Summer 2022,S22,2022.0,Fintech -> Banking and Exchange,Fintech,Banking and Exchange
26741,paragon-ai,Summer 2022,S22,2022.0,B2B -> Sales,B2B,Sales
26713,pasito,Summer 2022,S22,2022.0,Fintech -> Insurance,Fintech,Insurance
27048,payfura,Summer 2022,S22,2022.0,Fintech -> Payments,Fintech,Payments
26811,payload,Summer 2022,S22,2022.0,"B2B -> Engineering, Product and Design",B2B,"Engineering, Product and Design"
26676,penguin-ai,Summer 2022,S22,2022.0,B2B -> Sales,B2B,Sales
26877,peoplebox,Summer 2022,S22,2022.0,B2B -> Human Resources,B2B,Human Resources
26808,phind,Summer 2022,S22,2022.0,Consumer,Consumer,
27267,ping,Summer 2022,S22,2022.0,Fintech,Fintech,
27262,pivo-technology-inc,Summer 2022,S22,2022.0,Fintech,Fintech,
26900,pluralith,Summer 2022,S22,2022.0,B2B -> Infrastructure,B2B,Infrastructure
27047,plutto,Summer 2022,S22,2022.0,B2B -> Infrastructure,B2B,Infrastructure
26480,poly,Summer 2022,S22,2022.0,Consumer,Consumer,
27361,polymath-robotics,Summer 2022,S22,2022.0,Industrials -> Manufacturing and Robotics,Industrials,Manufacturing and Robotics
26796,popsy,Summer 2022,S22,2022.0,B2B -> Marketing,B2B,Marketing
27137,primevault,Summer 2022,S22,2022.0,Fintech -> Asset Management,Fintech,Asset Management
26863,provision,Summer 2022,S22,2022.0,B2B -> Infrastructure,B2B,Infrastructure
26862,pulppo,Summer 2022,S22,2022.0,Real Estate and Construction -> Housing and Real Estate,Real Estate and Construction,Housing and Real Estate
27178,pump-co,Summer 2022,S22,2022.0,Fintech,Fintech,
27052,quindar,Summer 2022,S22,2022.0,B2B,B2B,
26912,quinn,Summer 2022,S22,2022.0,Healthcare -> Drug Discovery and Delivery,Healthcare,Drug Discovery and Delivery
27194,rever,Summer 2022,S22,2022.0,Fintech,Fintech,
26783,raven,Summer 2022,S22,2022.0,"B2B -> Engineering, Product and Design",B2B,"Engineering, Product and Design"
27096,relate,Summer 2022,S22,2022.0,B2B -> Sales,B2B,Sales
27095,relay-health,Summer 2022,S22,2022.0,Healthcare -> Consumer Health and Wellness,Healthcare,Consumer Health and Wellness
27168,relevium-medical,Summer 2022,S22,2022.0,Healthcare -> Therapeutics,Healthcare,Therapeutics
26907,rima-ai,Summer 2022,S22,2022.0,B2B -> Finance and Accounting,B2B,Finance and Accounting
26797,rio,Summer 2022,S22,2022.0,Fintech -> Payments,Fintech,Payments
27085,roforco,Summer 2022,S22,2022.0,Consumer -> Gaming,Consumer,Gaming
26733,roxels,Summer 2022,S22,2022.0,B2B,B2B,
26715,ruleset,Summer 2022,S22,2022.0,B2B,B2B,
27108,sanifu,Summer 2022,S22,2022.0,B2B -> Operations,B2B,Operations
27190,sculpt,Summer 2022,S22,2022.0,"B2B -> Engineering, Product and Design",B2B,"Engineering, Product and Design"
26784,seaflight-technologies,Summer 2022,S22,2022.0,Industrials -> Aviation and Space,Industrials,Aviation and Space
26734,serinus-biosciences,Summer 2022,S22,2022.0,Healthcare -> Therapeutics,Healthcare,Therapeutics
26871,shipmates,Summer 2022,S22,2022.0,B2B -> Supply Chain and Logistics,B2B,Supply Chain and Logistics
26693,sigmamind-ai,Summer 2022,S22,2022.0,B2B,B2B,
26751,signatur-biosciences,Summer 2022,S22,2022.0,Healthcare -> Diagnostics,Healthcare,Diagnostics
25249,silkchart,Summer 2022,S22,2022.0,B2B -> Sales,B2B,Sales
26847,slauth-io,Summer 2022,S22,2022.0,B2B -> Infrastructure,B2B,Infrastructure
26852,slidely-ai,Summer 2022,S22,2022.0,B2B -> Productivity,B2B,Productivity
27176,slingshot,Summer 2022,S22,2022.0,Healthcare,Healthcare,
27151,solum-health,Summer 2022,S22,2022.0,Healthcare,Healthcare,
27155,sonnet,Summer 2022,S22,2022.0,B2B -> Sales,B2B,Sales
26705,stackup,Summer 2022,S22,2022.0,"B2B -> Engineering, Product and Design",B2B,"Engineering, Product and Design"
26667,star,Summer 2022,S22,2022.0,Consumer -> Gaming,Consumer,Gaming
26780,stellar,Summer 2022,S22,2022.0,B2B,B2B,
26661,stream,Summer 2022,S22,2022.0,Fintech -> Insurance,Fintech,Insurance
26755,sunlight,Summer 2022,S22,2022.0,Fintech,Fintech,
27146,sunpia,Summer 2022,S22,2022.0,B2B -> Infrastructure,B2B,Infrastructure
27154,superbar,Summer 2022,S22,2022.0,B2B -> Marketing,B2B,Marketing
26706,superpowered-ai,Summer 2022,S22,2022.0,B2B,B2B,
26869,sytex,Summer 2022,S22,2022.0,B2B -> Productivity,B2B,Productivity
26710,tailor,Summer 2022,S22,2022.0,B2B,B2B,
26803,tank-payments,Summer 2022,S22,2022.0,Fintech -> Payments,Fintech,Payments
27184,taro,Summer 2022,S22,2022.0,B2B -> Recruiting and Talent,B2B,Recruiting and Talent
26810,ten-lives,Summer 2022,S22,2022.0,Consumer -> Food and Beverage,Consumer,Food and Beverage
26870,thera,Summer 2022,S22,2022.0,B2B,B2B,
25267,tigereye,Summer 2022,S22,2022.0,Real Estate and Construction -> Construction,Real Estate and Construction,Construction
26764,tranch,Summer 2022,S22,2022.0,Fintech -> Payments,Fintech,Payments
27091,trendex-connect-with-stars,Summer 2022,S22,2022.0,Consumer,Consumer,
26720,truebiz,Summer 2022,S22,2022.0,B2B -> Operations,B2B,Operations
26690,truva,Summer 2022,S22,2022.0,B2B -> Marketing,B2B,Marketing
26704,two-dots,Summer 2022,S22,2022.0,Fintech -> Consumer Finance,Fintech,Consumer Finance
27143,typeless,Summer 2022,S22,2022.0,B2B,B2B,
26859,typewise,Summer 2022,S22,2022.0,B2B -> Productivity,B2B,Productivity
27051,unthread,Summer 2022,S22,2022.0,B2B -> Productivity,B2B,Productivity
27153,uplink,Summer 2022,S22,2022.0,B2B -> Productivity,B2B,Productivity
27198,velontra,Summer 2022,S22,2022.0,Industrials -> Aviation and Space,Industrials,Aviation and Space
26703,versa,Summer 2022,S22,2022.0,B2B -> Finance and Accounting,B2B,Finance and Accounting
27055,vinci-games,Summer 2022,S22,2022.0,Consumer -> Gaming,Consumer,Gaming
27195,vizzly,Summer 2022,S22,2022.0,B2B -> Analytics,B2B,Analytics
26763,voltic,Summer 2022,S22,2022.0,Industrials -> Climate,Industrials,Climate
27078,wand-solar,Summer 2022,S22,2022.0,Industrials -> Climate,Industrials,Climate
26659,weltio,Summer 2022,S22,2022.0,Fintech -> Asset Management,Fintech,Asset Management
26793,windmill,Summer 2022,S22,2022.0,B2B -> Infrastructure,B2B,Infrastructure
26654,wolfia,Summer 2022,S22,2022.0,B2B -> Sales,B2B,Sales
27166,wondercraft,Summer 2022,S22,2022.0,B2B -> Marketing,B2B,Marketing
26876,zoltar-labs,Summer 2022,S22,2022.0,B2B,B2B,
27164,autone,Summer 2022,S22,2022.0,B2B -> Retail,B2B,Retail
26716,erad,Summer 2022,S22,2022.0,Fintech,Fintech,
26726,ilumadata,Summer 2022,S22,2022.0,B2B -> Analytics,B2B,Analytics
27094,nsave,Summer 2022,S22,2022.0,Fintech,Fintech,
27906,1stcollab,Winter 2023,W23,2023.0,B2B -> Marketing,B2B,Marketing
27925,222,Winter 2023,W23,2023.0,Consumer,Consumer,
28367,adri-ai,Winter 2023,W23,2023.0,B2B,B2B,
28158,adventris-pharmaceuticals,Winter 2023,W23,2023.0,Healthcare -> Drug Discovery and Delivery,Healthcare,Drug Discovery and Delivery
27968,alaan,Winter 2023,W23,2023.0,Fintech -> Payments,Fintech,Payments
27840,alloy,Winter 2023,W23,2023.0,B2B -> Productivity,B2B,Productivity
26884,alphawatch-ai,Winter 2023,W23,2023.0,Fintech,Fintech,
27923,ariglad,Winter 2023,W23,2023.0,B2B -> Operations,B2B,Operations
27971,arroyo,Winter 2023,W23,2023.0,B2B -> Infrastructure,B2B,Infrastructure
28214,atmeto,Winter 2023,W23,2023.0,Industrials -> Energy,Industrials,Energy
28414,automat,Winter 2023,W23,2023.0,B2B -> Operations,B2B,Operations
27655,avoca,Winter 2023,W23,2023.0,B2B,B2B,
27701,backdrop,Winter 2023,W23,2023.0,B2B,B2B,
28127,benchmark,Winter 2023,W23,2023.0,B2B -> Finance and Accounting,B2B,Finance and Accounting
28111,berry,Winter 2023,W23,2023.0,B2B -> Operations,B2B,Operations
27834,bluebirds,Winter 2023,W23,2023.0,B2B -> Sales,B2B,Sales
27862,bluedot,Winter 2023,W23,2023.0,Fintech,Fintech,
27672,blyss,Winter 2023,W23,2023.0,B2B -> Security,B2B,Security
27894,booth-ai,Winter 2023,W23,2023.0,B2B -> Retail,B2B,Retail
27938,boundary,Winter 2023,W23,2023.0,B2B,B2B,
27712,brewit,Winter 2023,W23,2023.0,B2B -> Analytics,B2B,Analytics
27893,buildjet,Winter 2023,W23,2023.0,"B2B -> Engineering, Product and Design",B2B,"Engineering, Product and Design"
27841,bujeti,Winter 2023,W23,2023.0,B2B -> Finance and Accounting,B2B,Finance and Accounting
27810,cakework,Winter 2023,W23,2023.0,B2B -> Infrastructure,B2B,Infrastructure
27676,cardinal,Winter 2023,W23,2023.0,"B2B -> Engineering, Product and Design",B2B,"Engineering, Product and Design"
27842,chart,Winter 2023,W23,2023.0,Fintech,Fintech,
27254,chima,Winter 2023,W23,2023.0,B2B,B2B,
27879,choppy,Winter 2023,W23,2023.0,Consumer -> Food and Beverage,Consumer,Food and Beverage
28070,clad,Winter 2023,W23,2023.0,Real Estate and Construction -> Construction,Real Estate and Construction,Construction
28013,clearspace,Winter 2023,W23,2023.0,Consumer,Consumer,
27936,clickpe,Winter 2023,W23,2023.0,Fintech -> Credit and Lending,Fintech,Credit and Lending
27844,cloudchipr,Winter 2023,W23,2023.0,B2B,B2B,
27982,clueso,Winter 2023,W23,2023.0,"B2B -> Engineering, Product and Design",B2B,"Engineering, Product and Design"
27853,cobblestone,Winter 2023,W23,2023.0,Real Estate and Construction,Real Estate and Construction,
28108,codeparrot-ai,Winter 2023,W23,2023.0,"B2B -> Engineering, Product and Design",B2B,"Engineering, Product and Design"
27991,coldreach,Winter 2023,W23,2023.0,B2B -> Sales,B2B,Sales
27966,combinehealth,Winter 2023,W23,2023.0,Healthcare -> Healthcare IT,Healthcare,Healthcare IT
28093,common-paper,Winter 2023,W23,2023.0,B2B -> Sales,B2B,Sales
27699,concourse,Winter 2023,W23,2023.0,B2B -> Finance and Accounting,B2B,Finance and Accounting
28110,conduit,Winter 2023,W23,2023.0,B2B -> Supply Chain and Logistics,B2B,Supply Chain and Logistics
28094,constant,Winter 2023,W23,2023.0,Fintech -> Asset Management,Fintech,Asset Management
27824,coperniq,Winter 2023,W23,2023.0,B2B -> Supply Chain and Logistics,B2B,Supply Chain and Logistics
28077,corgi-labs,Winter 2023,W23,2023.0,Fintech -> Payments,Fintech,Payments
27839,cosine,Winter 2023,W23,2023.0,B2B,B2B,
27825,creatorml,Winter 2023,W23,2023.0,B2B -> Analytics,B2B,Analytics
27690,credal-ai,Winter 2023,W23,2023.0,B2B -> Productivity,B2B,Productivity
28081,dagworks-inc,Winter 2023,W23,2023.0,B2B,B2B,
27703,dashdive,Winter 2023,W23,2023.0,"B2B -> Engineering, Product and Design",B2B,"Engineering, Product and Design"
27867,datasuite,Winter 2023,W23,2023.0,B2B -> Legal,B2B,Legal
27812,dataglade,Winter 2023,W23,2023.0,Fintech,Fintech,
28097,decohere,Winter 2023,W23,2023.0,Consumer -> Content,Consumer,Content
27972,defer,Winter 2023,W23,2023.0,"B2B -> Engineering, Product and Design",B2B,"Engineering, Product and Design"
27708,demospace,Winter 2023,W23,2023.0,B2B,B2B,
27693,depot,Winter 2023,W23,2023.0,"B2B -> Engineering, Product and Design",B2B,"Engineering, Product and Design"
27668,designbase,Winter 2023,W23,2023.0,"B2B -> Engineering, Product and Design",B2B,"Engineering, Product and Design"
28037,diffuse-bio,Winter 2023,W23,2023.0,Healthcare -> Drug Discovery and Delivery,Healthcare,Drug Discovery and Delivery
28092,dill,Winter 2023,W23,2023.0,B2B -> Finance and Accounting,B2B,Finance and Accounting
27763,double-coding-copilot,Winter 2023,W23,2023.0,"B2B -> Engineering, Product and Design",B2B,"Engineering, Product and Design"
27686,drdroid,Winter 2023,W23,2023.0,"B2B -> Engineering, Product and Design",B2B,"Engineering, Product and Design"
27860,dream3d,Winter 2023,W23,2023.0,"B2B -> Engineering, Product and Design",B2B,"Engineering, Product and Design"
27967,echo,Winter 2023,W23,2023.0,B2B,B2B,
28128,edge,Winter 2023,W23,2023.0,B2B -> Legal,B2B,Legal
27809,edgebit,Winter 2023,W23,2023.0,B2B -> Security,B2B,Security
28071,epsilon,Winter 2023,W23,2023.0,Education,Education,
28216,escape,Winter 2023,W23,2023.0,B2B -> Security,B2B,Security
27871,extend,Winter 2023,W23,2023.0,B2B,B2B,
27883,ezdubs,Winter 2023,W23,2023.0,Consumer,Consumer,
28119,fabius,Winter 2023,W23,2023.0,B2B -> Sales,B2B,Sales
27939,factiq,Winter 2023,W23,2023.0,Fintech -> Asset Management,Fintech,Asset Management
27945,fairway-health,Winter 2023,W23,2023.0,Healthcare -> Healthcare IT,Healthcare,Healthcare IT
27974,fastgen,Winter 2023,W23,2023.0,"B2B -> Engineering, Product and Design",B2B,"Engineering, Product and Design"
28103,fern,Winter 2023,W23,2023.0,"B2B -> Engineering, Product and Design",B2B,"Engineering, Product and Design"
28371,fetchr,Winter 2023,W23,2023.0,Consumer -> Apparel and Cosmetics,Consumer,Apparel and Cosmetics
27952,finic,Winter 2023,W23,2023.0,Fintech,Fintech,
28160,finni-health,Winter 2023,W23,2023.0,Healthcare -> Consumer Health and Wellness,Healthcare,Consumer Health and Wellness
28410,finta,Winter 2023,W23,2023.0,B2B -> Finance and Accounting,B2B,Finance and Accounting
27927,fintool,Winter 2023,W23,2023.0,B2B -> Finance and Accounting,B2B,Finance and Accounting
27670,finvest,Winter 2023,W23,2023.0,Fintech -> Consumer Finance,Fintech,Consumer Finance
27704,flexdesk,Winter 2023,W23,2023.0,B2B -> Office Management,B2B,Office Management
27819,flexwash,Winter 2023,W23,2023.0,B2B -> Operations,B2B,Operations
27838,flower,Winter 2023,W23,2023.0,B2B,B2B,
27873,floworks,Winter 2023,W23,2023.0,B2B -> Sales,B2B,Sales
27946,fluid-markets,Winter 2023,W23,2023.0,Fintech -> Banking and Exchange,Fintech,Banking and Exchange
27852,frigade,Winter 2023,W23,2023.0,"B2B -> Engineering, Product and Design",B2B,"Engineering, Product and Design"
27766,glass-health,Winter 2023,W23,2023.0,Healthcare -> Healthcare IT,Healthcare,Healthcare IT
27818,gluetrail,Winter 2023,W23,2023.0,B2B -> Marketing,B2B,Marketing
27899,goodcourse,Winter 2023,W23,2023.0,B2B,B2B,
27843,gooseworks,Winter 2023,W23,2023.0,B2B -> Marketing,B2B,Marketing
27822,goveagle,Winter 2023,W23,2023.0,Government,Government,
27943,hadrius,Winter 2023,W23,2023.0,Fintech -> Asset Management,Fintech,Asset Management
27710,hammr,Winter 2023,W23,2023.0,B2B -> Human Resources,B2B,Human Resources
27855,haven-2,Winter 2023,W23,2023.0,B2B,B2B,
27919,helicone,Winter 2023,W23,2023.0,B2B -> Analytics,B2B,Analytics
28072,helios,Winter 2023,W23,2023.0,B2B,B2B,
28091,hindsight,Winter 2023,W23,2023.0,B2B -> Sales,B2B,Sales
27956,hippo-scribe,Winter 2023,W23,2023.0,Healthcare,Healthcare,
27921,homeflow,Winter 2023,W23,2023.0,Real Estate and Construction -> Housing and Real Estate,Real Estate and Construction,Housing and Real Estate
27961,hona,Winter 2023,W23,2023.0,B2B -> Legal,B2B,Legal
27951,honeydew,Winter 2023,W23,2023.0,B2B -> Analytics,B2B,Analytics
27911,icepanel,Winter 2023,W23,2023.0,"B2B -> Engineering, Product and Design",B2B,"Engineering, Product and Design"
27875,iliad,Winter 2023,W23,2023.0,B2B,B2B,
27705,indexical,Winter 2023,W23,2023.0,B2B -> Infrastructure,B2B,Infrastructure
27957,infinia,Winter 2023,W23,2023.0,Fintech -> Payments,Fintech,Payments
27664,infisical,Winter 2023,W23,2023.0,B2B -> Security,B2B,Security
27881,inkeep,Winter 2023,W23,2023.0,"B2B -> Engineering, Product and Design",B2B,"Engineering, Product and Design"
28113,interlock,Winter 2023,W23,2023.0,B2B,B2B,
28159,invitris,Winter 2023,W23,2023.0,Healthcare -> Drug Discovery and Delivery,Healthcare,Drug Discovery and Delivery
28079,invopop,Winter 2023,W23,2023.0,B2B -> Finance and Accounting,B2B,Finance and Accounting
27902,kv-cash,Winter 2023,W23,2023.0,B2B -> Infrastructure,B2B,Infrastructure
28074,keep,Winter 2023,W23,2023.0,"B2B -> Engineering, Product and Design",B2B,"Engineering, Product and Design"
27858,kivo-health,Winter 2023,W23,2023.0,Healthcare -> Healthcare Services,Healthcare,Healthcare Services
27953,koywe,Winter 2023,W23,2023.0,Fintech,Fintech,
28218,kyber,Winter 2023,W23,2023.0,B2B -> Operations,B2B,Operations
27669,laminate,Winter 2023,W23,2023.0,Fintech,Fintech,
27870,langfuse,Winter 2023,W23,2023.0,"B2B -> Engineering, Product and Design",B2B,"Engineering, Product and Design"
27700,latent,Winter 2023,W23,2023.0,Healthcare -> Healthcare IT,Healthcare,Healthcare IT
27201,lavo-life-sciences,Winter 2023,W23,2023.0,Healthcare -> Drug Discovery and Delivery,Healthcare,Drug Discovery and Delivery
27687,layup,Winter 2023,W23,2023.0,B2B,B2B,
28361,lightski,Winter 2023,W23,2023.0,"B2B -> Engineering, Product and Design",B2B,"Engineering, Product and Design"
27836,linkgrep,Winter 2023,W23,2023.0,B2B -> Productivity,B2B,Productivity
27675,linum,Winter 2023,W23,2023.0,Consumer,Consumer,
28409,litellm,Winter 2023,W23,2023.0,B2B,B2B,
28090,littio,Winter 2023,W23,2023.0,Fintech -> Consumer Finance,Fintech,Consumer Finance
27985,loula,Winter 2023,W23,2023.0,Healthcare -> Healthcare Services,Healthcare,Healthcare Services
28129,luca,Winter 2023,W23,2023.0,B2B -> Retail,B2B,Retail
27697,lume-2,Winter 2023,W23,2023.0,"B2B -> Engineering, Product and Design",B2B,"Engineering, Product and Design"
27713,lynx,Winter 2023,W23,2023.0,"B2B -> Engineering, Product and Design",B2B,"Engineering, Product and Design"
27691,magic-patterns,Winter 2023,W23,2023.0,"B2B -> Engineering, Product and Design",B2B,"Engineering, Product and Design"
27909,magicflow,Winter 2023,W23,2023.0,B2B -> Infrastructure,B2B,Infrastructure
27989,magnaplay,Winter 2023,W23,2023.0,"B2B -> Engineering, Product and Design",B2B,"Engineering, Product and Design"
28006,mantys,Winter 2023,W23,2023.0,B2B -> Operations,B2B,Operations
27677,matano,Winter 2023,W23,2023.0,B2B -> Security,B2B,Security
28089,maxi,Winter 2023,W23,2023.0,Fintech -> Consumer Finance,Fintech,Consumer Finance
27740,mercoa,Winter 2023,W23,2023.0,Fintech,Fintech,
28183,metal,Winter 2023,W23,2023.0,B2B -> Finance and Accounting,B2B,Finance and Accounting
28421,metal-2,Winter 2023,W23,2023.0,B2B,B2B,
27666,middleware,Winter 2023,W23,2023.0,B2B -> Infrastructure,B2B,Infrastructure
28007,milio,Winter 2023,W23,2023.0,Fintech,Fintech,
27671,miracle,Winter 2023,W23,2023.0,Healthcare -> Drug Discovery and Delivery,Healthcare,Drug Discovery and Delivery
28205,modulari-t,Winter 2023,W23,2023.0,Healthcare -> Therapeutics,Healthcare,Therapeutics
27424,mogara,Winter 2023,W23,2023.0,B2B -> Finance and Accounting,B2B,Finance and Accounting
28048,muffin-data,Winter 2023,W23,2023.0,B2B -> Analytics,B2B,Analytics
27702,mulligan,Winter 2023,W23,2023.0,B2B,B2B,
27728,nango,Winter 2023,W23,2023.0,"B2B -> Engineering, Product and Design",B2B,"Engineering, Product and Design"
27814,narrative,Winter 2023,W23,2023.0,"B2B -> Engineering, Product and Design",B2B,"Engineering, Product and Design"
27831,neptyne,Winter 2023,W23,2023.0,B2B,B2B,
27859,no-cap,Winter 2023,W23,2023.0,Fintech,Fintech,
27696,novelcare,Winter 2023,W23,2023.0,Healthcare -> Drug Discovery and Delivery,Healthcare,Drug Discovery and Delivery
27958,noya-software,Winter 2023,W23,2023.0,"B2B -> Engineering, Product and Design",B2B,"Engineering, Product and Design"
27735,numeral,Winter 2023,W23,2023.0,B2B -> Finance and Accounting,B2B,Finance and Accounting
27965,odigos-technologies-inc,Winter 2023,W23,2023.0,B2B -> Infrastructure,B2B,Infrastructure
27815,ofone,Winter 2023,W23,2023.0,B2B,B2B,
27762,ohm-2,Winter 2023,W23,2023.0,Industrials,Industrials,
27813,omnistrate,Winter 2023,W23,2023.0,B2B,B2B,
27674,onetext,Winter 2023,W23,2023.0,Fintech -> Payments,Fintech,Payments
27949,onshore,Winter 2023,W23,2023.0,B2B -> Finance and Accounting,B2B,Finance and Accounting
28096,openint,Winter 2023,W23,2023.0,B2B -> Analytics,B2B,Analytics
27877,openmeter,Winter 2023,W23,2023.0,B2B -> Infrastructure,B2B,Infrastructure
27816,opensight,Winter 2023,W23,2023.0,B2B -> Operations,B2B,Operations
27901,orchid,Winter 2023,W23,2023.0,Healthcare,Healthcare,
27924,outsail-technologies,Winter 2023,W23,2023.0,Industrials,Industrials,
27868,outerbase,Winter 2023,W23,2023.0,"B2B -> Engineering, Product and Design",B2B,"Engineering, Product and Design"
27823,overflux,Winter 2023,W23,2023.0,B2B,B2B,
27898,overlord,Winter 2023,W23,2023.0,Consumer -> Home and Personal,Consumer,Home and Personal
27754,pair-ai,Winter 2023,W23,2023.0,Consumer,Consumer,
27714,palomma,Winter 2023,W23,2023.0,Real Estate and Construction,Real Estate and Construction,
28425,pando-bioscience,Winter 2023,W23,2023.0,Healthcare -> Industrial Bio,Healthcare,Industrial Bio
27694,paperplane,Winter 2023,W23,2023.0,Fintech -> Credit and Lending,Fintech,Credit and Lending
27725,parabolic,Winter 2023,W23,2023.0,B2B,B2B,
28045,peeba,Winter 2023,W23,2023.0,B2B,B2B,
28301,persana-ai,Winter 2023,W23,2023.0,B2B -> Sales,B2B,Sales
28112,persist-ai,Winter 2023,W23,2023.0,Healthcare -> Drug Discovery and Delivery,Healthcare,Drug Discovery and Delivery
28175,pier,Winter 2023,W23,2023.0,B2B,B2B,
28416,pierre,Winter 2023,W23,2023.0,"B2B -> Engineering, Product and Design",B2B,"Engineering, Product and Design"
27695,pigeon,Winter 2023,W23,2023.0,B2B,B2B,
27837,pirros,Winter 2023,W23,2023.0,"B2B -> Engineering, Product and Design",B2B,"Engineering, Product and Design"
28073,playai,Winter 2023,W23,2023.0,B2B,B2B,
27785,pledge-health,Winter 2023,W23,2023.0,Healthcare -> Healthcare IT,Healthcare,Healthcare IT
27880,plutis,Winter 2023,W23,2023.0,B2B,B2B,
27846,polotab,Winter 2023,W23,2023.0,B2B,B2B,
27821,poplarml,Winter 2023,W23,2023.0,"B2B -> Engineering, Product and Design",B2B,"Engineering, Product and Design"
27928,portalform,Winter 2023,W23,2023.0,B2B -> Infrastructure,B2B,Infrastructure
27992,proglix,Winter 2023,W23,2023.0,Industrials,Industrials,
27876,propexo,Winter 2023,W23,2023.0,B2B,B2B,
28069,pylon-2,Winter 2023,W23,2023.0,B2B -> Operations,B2B,Operations
27878,ruuf,Winter 2023,W23,2023.0,Consumer,Consumer,
27960,radical,Winter 2023,W23,2023.0,Industrials -> Aviation and Space,Industrials,Aviation and Space
27915,rainmaker,Winter 2023,W23,2023.0,Fintech -> Consumer Finance,Fintech,Consumer Finance
27986,rally-tax,Winter 2023,W23,2023.0,Fintech,Fintech,
27673,reflex,Winter 2023,W23,2023.0,B2B -> Infrastructure,B2B,Infrastructure
27874,relace,Winter 2023,W23,2023.0,"B2B -> Engineering, Product and Design",B2B,"Engineering, Product and Design"
27850,repacket,Winter 2023,W23,2023.0,B2B -> Security,B2B,Security
28098,resend,Winter 2023,W23,2023.0,"B2B -> Engineering, Product and Design",B2B,"Engineering, Product and Design"
27983,retape,Winter 2023,W23,2023.0,B2B -> Sales,B2B,Sales
28087,rivet,Winter 2023,W23,2023.0,B2B -> Infrastructure,B2B,Infrastructure
27692,rollstack-2,Winter 2023,W23,2023.0,B2B -> Analytics,B2B,Analytics
27734,rubber-ducky-labs,Winter 2023,W23,2023.0,"B2B -> Engineering, Product and Design",B2B,"Engineering, Product and Design"
27583,rubbrband,Winter 2023,W23,2023.0,Consumer -> Content,Consumer,Content
27806,ruby-card,Winter 2023,W23,2023.0,Fintech,Fintech,
27941,sage-ai,Winter 2023,W23,2023.0,"B2B -> Engineering, Product and Design",B2B,"Engineering, Product and Design"
27808,salient,Winter 2023,W23,2023.0,B2B,B2B,
27491,sameday,Winter 2023,W23,2023.0,B2B -> Sales,B2B,Sales
28018,sanvivo,Winter 2023,W23,2023.0,Healthcare -> Healthcare IT,Healthcare,Healthcare IT
27828,scanbase,Winter 2023,W23,2023.0,Healthcare -> Diagnostics,Healthcare,Diagnostics
28303,thedailyscout,Winter 2023,W23,2023.0,Consumer,Consumer,
28368,second,Winter 2023,W23,2023.0,B2B,B2B,
27942,sensorsurf,Winter 2023,W23,2023.0,"B2B -> Engineering, Product and Design",B2B,"Engineering, Product and Design"
28221,serial,Winter 2023,W23,2023.0,"B2B -> Engineering, Product and Design",B2B,"Engineering, Product and Design"
27987,shekel-mobility,Winter 2023,W23,2023.0,Fintech,Fintech,
27950,sherloq,Winter 2023,W23,2023.0,B2B -> Analytics,B2B,Analytics
27892,shortloop,Winter 2023,W23,2023.0,"B2B -> Engineering, Product and Design",B2B,"Engineering, Product and Design"
27947,shortbread,Winter 2023,W23,2023.0,Consumer -> Content,Consumer,Content
27984,sirdab,Winter 2023,W23,2023.0,B2B -> Supply Chain and Logistics,B2B,Supply Chain and Logistics
28192,skyhook,Winter 2023,W23,2023.0,"B2B -> Engineering, Product and Design",B2B,"Engineering, Product and Design"
28082,sorted,Winter 2023,W23,2023.0,B2B -> Operations,B2B,Operations
28413,speccheck,Winter 2023,W23,2023.0,B2B,B2B,
28412,speedy-labs,Winter 2023,W23,2023.0,B2B -> Finance and Accounting,B2B,Finance and Accounting
27667,stackai,Winter 2023,W23,2023.0,B2B,B2B,
27907,storyboarder,Winter 2023,W23,2023.0,Consumer -> Content,Consumer,Content
28075,stralis-aircraft,Winter 2023,W23,2023.0,Industrials -> Aviation and Space,Industrials,Aviation and Space
27684,struct,Winter 2023,W23,2023.0,B2B,B2B,
27854,suger,Winter 2023,W23,2023.0,B2B -> Sales,B2B,Sales
28107,superapi,Winter 2023,W23,2023.0,B2B -> Infrastructure,B2B,Infrastructure
27978,superkalam,Winter 2023,W23,2023.0,Education,Education,
27685,syncly,Winter 2023,W23,2023.0,B2B -> Marketing,B2B,Marketing
27897,tableflow,Winter 2023,W23,2023.0,B2B -> Operations,B2B,Operations
28080,tagsafe,Winter 2023,W23,2023.0,"B2B -> Engineering, Product and Design",B2B,"Engineering, Product and Design"
27811,tennr,Winter 2023,W23,2023.0,B2B,B2B,
28180,texel-ai,Winter 2023,W23,2023.0,B2B -> Infrastructure,B2B,Infrastructure
28382,theya,Winter 2023,W23,2023.0,Fintech -> Consumer Finance,Fintech,Consumer Finance
27678,traceloop,Winter 2023,W23,2023.0,B2B,B2B,
27707,trackstar,Winter 2023,W23,2023.0,B2B -> Supply Chain and Logistics,B2B,Supply Chain and Logistics
27680,trigger-dev,Winter 2023,W23,2023.0,"B2B -> Engineering, Product and Design",B2B,"Engineering, Product and Design"
27832,trigo,Winter 2023,W23,2023.0,Fintech -> Credit and Lending,Fintech,Credit and Lending
27896,truewind,Winter 2023,W23,2023.0,B2B -> Finance and Accounting,B2B,Finance and Accounting
28078,turntable,Winter 2023,W23,2023.0,B2B -> Analytics,B2B,Analytics
28329,type,Winter 2023,W23,2023.0,Consumer,Consumer,
26837,unify,Winter 2023,W23,2023.0,B2B -> Productivity,B2B,Productivity
28008,univerbal,Winter 2023,W23,2023.0,Education,Education,
28099,unstatiq,Winter 2023,W23,2023.0,B2B -> Operations,B2B,Operations
28131,untether-labs,Winter 2023,W23,2023.0,Healthcare,Healthcare,
28372,upfront,Winter 2023,W23,2023.0,Consumer -> Home and Personal,Consumer,Home and Personal
28418,vaero,Winter 2023,W23,2023.0,Consumer,Consumer,
27926,variance,Winter 2023,W23,2023.0,B2B -> Security,B2B,Security
28178,vector,Winter 2023,W23,2023.0,B2B -> Marketing,B2B,Marketing
28115,vellum,Winter 2023,W23,2023.0,"B2B -> Engineering, Product and Design",B2B,"Engineering, Product and Design"
27882,velos,Winter 2023,W23,2023.0,B2B -> Operations,B2B,Operations
27969,vendah,Winter 2023,W23,2023.0,Consumer,Consumer,
28366,vendora,Winter 2023,W23,2023.0,B2B -> Retail,B2B,Retail
28162,verata,Winter 2023,W23,2023.0,B2B,B2B,
27774,versive,Winter 2023,W23,2023.0,"B2B -> Engineering, Product and Design",B2B,"Engineering, Product and Design"
27683,versori,Winter 2023,W23,2023.0,B2B -> Infrastructure,B2B,Infrastructure
27698,viddy,Winter 2023,W23,2023.0,B2B,B2B,
27959,vitalize,Winter 2023,W23,2023.0,Healthcare,Healthcare,
28118,vocode,Winter 2023,W23,2023.0,B2B,B2B,
27827,vooma,Winter 2023,W23,2023.0,B2B -> Supply Chain and Logistics,B2B,Supply Chain and Logistics
28116,wallbit,Winter 2023,W23,2023.0,Fintech -> Banking and Exchange,Fintech,Banking and Exchange
28369,warp,Winter 2023,W23,2023.0,B2B,B2B,
28088,waza,Winter 2023,W23,2023.0,Fintech -> Payments,Fintech,Payments
27890,wild-moose,Winter 2023,W23,2023.0,"B2B -> Engineering, Product and Design",B2B,"Engineering, Product and Design"
28417,yuma-ai,Winter 2023,W23,2023.0,B2B -> Operations,B2B,Operations
27807,zerodev,Winter 2023,W23,2023.0,B2B -> Infrastructure,B2B,Infrastructure
27869,co-dev,Winter 2023,W23,2023.0,"B2B -> Engineering, Product and Design",B2B,"Engineering, Product and Design"
27857,coil-inc,Winter 2023,W23,2023.0,Consumer,Consumer,
27935,compliant-llm,Winter 2023,W23,2023.0,B2B -> Security,B2B,Security
28141,highlight-io,Winter 2023,W23,2023.0,"B2B -> Engineering, Product and Design",B2B,"Engineering, Product and Design"
28019,inbuild,Winter 2023,W23,2023.0,B2B,B2B,
27820,infranew,Winter 2023,W23,2023.0,B2B -> Infrastructure,B2B,Infrastructure
27817,loopfour,Winter 2023,W23,2023.0,Fintech,Fintech,
28415,moonrepo,Winter 2023,W23,2023.0,B2B -> Productivity,B2B,Productivity
27964,nunu-ai,Winter 2023,W23,2023.0,Consumer -> Gaming,Consumer,Gaming
28114,rex-fit,Winter 2023,W23,2023.0,Consumer,Consumer,
27679,rift,Winter 2023,W23,2023.0,B2B -> Sales,B2B,Sales
27492,zudowork,Winter 2023,W23,2023.0,B2B -> Operations,B2B,Operations
28792,aivideo-com,Summer 2023,S23,2023.0,B2B,B2B,
28786,accend,Summer 2023,S23,2023.0,Fintech,Fintech,
29106,affinity,Summer 2023,S23,2023.0,B2B,B2B,
28932,agentcollect,Summer 2023,S23,2023.0,Fintech,Fintech,
28933,aglide,Summer 2023,S23,2023.0,B2B,B2B,
29110,aisdr,Summer 2023,S23,2023.0,B2B -> Sales,B2B,Sales
28827,airgoods,Summer 2023,S23,2023.0,B2B -> Retail,B2B,Retail
28844,alguna,Summer 2023,S23,2023.0,B2B -> Finance and Accounting,B2B,Finance and Accounting
29008,andromeda-surgical,Summer 2023,S23,2023.0,Healthcare -> Medical Devices,Healthcare,Medical Devices
28960,apoxy,Summer 2023,S23,2023.0,B2B -> Infrastructure,B2B,Infrastructure
28857,arcimus,Summer 2023,S23,2023.0,B2B -> Recruiting and Talent,B2B,Recruiting and Talent
28650,artie,Summer 2023,S23,2023.0,B2B -> Infrastructure,B2B,Infrastructure
28815,atla,Summer 2023,S23,2023.0,B2B,B2B,
28998,automorphic,Summer 2023,S23,2023.0,B2B,B2B,
29136,autotab,Summer 2023,S23,2023.0,B2B -> Productivity,B2B,Productivity
28999,baserun,Summer 2023,S23,2023.0,"B2B -> Engineering, Product and Design",B2B,"Engineering, Product and Design"
28804,bland-ai,Summer 2023,S23,2023.0,B2B -> Infrastructure,B2B,Infrastructure
28976,bolto,Summer 2023,S23,2023.0,B2B -> Human Resources,B2B,Human Resources
28759,branch-ai,Summer 2023,S23,2023.0,B2B -> Retail,B2B,Retail
28929,bretton-ai,Summer 2023,S23,2023.0,Fintech,Fintech,
28868,briefer,Summer 2023,S23,2023.0,"B2B -> Engineering, Product and Design",B2B,"Engineering, Product and Design"
28851,bronco-ai,Summer 2023,S23,2023.0,"B2B -> Engineering, Product and Design",B2B,"Engineering, Product and Design"
28836,heysol,Summer 2023,S23,2023.0,B2B -> Productivity,B2B,Productivity
29088,cair-health,Summer 2023,S23,2023.0,Healthcare -> Healthcare IT,Healthcare,Healthcare IT
28845,campfire-2,Summer 2023,S23,2023.0,B2B -> Finance and Accounting,B2B,Finance and Accounting
28911,candoriq,Summer 2023,S23,2023.0,B2B,B2B,
28842,capi-money,Summer 2023,S23,2023.0,Fintech -> Payments,Fintech,Payments
28886,cardinal-gray,Summer 2023,S23,2023.0,Fintech -> Credit and Lending,Fintech,Credit and Lending
28939,careoasis,Summer 2023,S23,2023.0,Healthcare -> Consumer Health and Wellness,Healthcare,Consumer Health and Wellness
29101,cargo,Summer 2023,S23,2023.0,B2B -> Sales,B2B,Sales
28811,casca,Summer 2023,S23,2023.0,Fintech,Fintech,
29154,catamaran,Summer 2023,S23,2023.0,Fintech -> Insurance,Fintech,Insurance
29071,cedalio,Summer 2023,S23,2023.0,B2B,B2B,
28812,cedana,Summer 2023,S23,2023.0,B2B -> Infrastructure,B2B,Infrastructure
29152,cembla,Summer 2023,S23,2023.0,B2B -> Legal,B2B,Legal
28404,cercli,Summer 2023,S23,2023.0,B2B,B2B,
29072,certainly-health,Summer 2023,S23,2023.0,Healthcare,Healthcare,
29004,chatter,Summer 2023,S23,2023.0,B2B,B2B,
29100,chequpi,Summer 2023,S23,2023.0,Fintech,Fintech,
28881,chow-central-inc,Summer 2023,S23,2023.0,Consumer -> Food and Beverage,Consumer,Food and Beverage
28780,clearest-health,Summer 2023,S23,2023.0,Healthcare -> Healthcare IT,Healthcare,Healthcare IT
29153,coba,Summer 2023,S23,2023.0,Fintech,Fintech,
29156,codestory,Summer 2023,S23,2023.0,"B2B -> Engineering, Product and Design",B2B,"Engineering, Product and Design"
29134,cognitio-labs,Summer 2023,S23,2023.0,Industrials,Industrials,
29121,constructable,Summer 2023,S23,2023.0,Real Estate and Construction -> Construction,Real Estate and Construction,Construction
28957,continue,Summer 2023,S23,2023.0,"B2B -> Engineering, Product and Design",B2B,"Engineering, Product and Design"
28816,contour,Summer 2023,S23,2023.0,B2B,B2B,
28983,converge,Summer 2023,S23,2023.0,B2B,B2B,
28862,corgea,Summer 2023,S23,2023.0,B2B -> Security,B2B,Security
28858,craftos,Summer 2023,S23,2023.0,B2B -> Retail,B2B,Retail
28823,craftwork,Summer 2023,S23,2023.0,Real Estate and Construction -> Construction,Real Estate and Construction,Construction
28829,datashare,Summer 2023,S23,2023.0,"B2B -> Engineering, Product and Design",B2B,"Engineering, Product and Design"
28787,deasy-labs,Summer 2023,S23,2023.0,B2B -> Analytics,B2B,Analytics
28890,decoda-health,Summer 2023,S23,2023.0,Healthcare -> Healthcare IT,Healthcare,Healthcare IT
28884,dialtone,Summer 2023,S23,2023.0,B2B,B2B,
28805,diligent,Summer 2023,S23,2023.0,Fintech,Fintech,
28789,dioxus-labs,Summer 2023,S23,2023.0,"B2B -> Engineering, Product and Design",B2B,"Engineering, Product and Design"
29003,disputeninja,Summer 2023,S23,2023.0,B2B,B2B,
28854,docsum,Summer 2023,S23,2023.0,B2B -> Legal,B2B,Legal
29086,eden-care,Summer 2023,S23,2023.0,Fintech -> Insurance,Fintech,Insurance
28822,electric-air-2,Summer 2023,S23,2023.0,Real Estate and Construction -> Construction,Real Estate and Construction,Construction
28784,elyos-ai,Summer 2023,S23,2023.0,B2B -> Operations,B2B,Operations
29046,elythea,Summer 2023,S23,2023.0,Healthcare,Healthcare,
28936,empirical-health,Summer 2023,S23,2023.0,Healthcare -> Consumer Health and Wellness,Healthcare,Consumer Health and Wellness
28981,energent-ai,Summer 2023,S23,2023.0,B2B,B2B,
29002,envelope,Summer 2023,S23,2023.0,Fintech -> Consumer Finance,Fintech,Consumer Finance
28900,epsilla,Summer 2023,S23,2023.0,B2B -> Infrastructure,B2B,Infrastructure
28817,every,Summer 2023,S23,2023.0,B2B,B2B,
29158,feanix-biotechnologies,Summer 2023,S23,2023.0,Industrials -> Agriculture,Industrials,Agriculture
29074,fiber-ai,Summer 2023,S23,2023.0,B2B,B2B,
28880,fleetworks,Summer 2023,S23,2023.0,B2B -> Supply Chain and Logistics,B2B,Supply Chain and Logistics
29162,flex,Summer 2023,S23,2023.0,Fintech -> Payments,Fintech,Payments
28982,flint-2,Summer 2023,S23,2023.0,Education,Education,
29105,flowiseai,Summer 2023,S23,2023.0,"B2B -> Engineering, Product and Design",B2B,"Engineering, Product and Design"
28935,fortuna-health,Summer 2023,S23,2023.0,Healthcare -> Healthcare IT,Healthcare,Healthcare IT
29112,foundation-2,Summer 2023,S23,2023.0,Real Estate and Construction -> Housing and Real Estate,Real Estate and Construction,Housing and Real Estate
29021,fragment,Summer 2023,S23,2023.0,B2B -> Operations,B2B,Operations
29108,giga,Summer 2023,S23,2023.0,"B2B -> Engineering, Product and Design",B2B,"Engineering, Product and Design"
28938,glade,Summer 2023,S23,2023.0,B2B,B2B,
28974,gleam,Summer 2023,S23,2023.0,B2B,B2B,
29123,glide-2,Summer 2023,S23,2023.0,B2B -> Infrastructure,B2B,Infrastructure
28838,greentally,Summer 2023,S23,2023.0,B2B,B2B,
28940,guac,Summer 2023,S23,2023.0,B2B -> Supply Chain and Logistics,B2B,Supply Chain and Logistics
29069,happyrobot,Summer 2023,S23,2023.0,B2B -> Supply Chain and Logistics,B2B,Supply Chain and Logistics
28869,health-harbor,Summer 2023,S23,2023.0,Healthcare -> Healthcare IT,Healthcare,Healthcare IT
29159,healthtech-1,Summer 2023,S23,2023.0,Healthcare -> Healthcare IT,Healthcare,Healthcare IT
28865,hegel-ai,Summer 2023,S23,2023.0,B2B -> Infrastructure,B2B,Infrastructure
28885,hiro,Summer 2023,S23,2023.0,B2B -> Security,B2B,Security
28589,hockeystack,Summer 2023,S23,2023.0,B2B -> Sales,B2B,Sales
28593,hylight,Summer 2023,S23,2023.0,Industrials -> Climate,Industrials,Climate
28788,hyperbound,Summer 2023,S23,2023.0,B2B -> Sales,B2B,Sales
29006,inari,Summer 2023,S23,2023.0,"B2B -> Engineering, Product and Design",B2B,"Engineering, Product and Design"
29103,inconvo,Summer 2023,S23,2023.0,"B2B -> Engineering, Product and Design",B2B,"Engineering, Product and Design"
28991,inlet-2,Summer 2023,S23,2023.0,B2B -> Legal,B2B,Legal
29040,inventive-ai,Summer 2023,S23,2023.0,B2B -> Sales,B2B,Sales
28978,khoj,Summer 2023,S23,2023.0,Consumer,Consumer,
28707,kino-ai,Summer 2023,S23,2023.0,B2B -> Productivity,B2B,Productivity
29102,kips-health,Summer 2023,S23,2023.0,Healthcare -> Consumer Health and Wellness,Healthcare,Consumer Health and Wellness
28852,kite,Summer 2023,S23,2023.0,B2B -> Marketing,B2B,Marketing
28971,kobalt-labs,Summer 2023,S23,2023.0,B2B -> Operations,B2B,Operations
29041,langdock,Summer 2023,S23,2023.0,B2B -> Productivity,B2B,Productivity
28743,leafpress,Summer 2023,S23,2023.0,B2B,B2B,
28956,letter-ai,Summer 2023,S23,2023.0,B2B -> Productivity,B2B,Productivity
29160,letterbook,Summer 2023,S23,2023.0,B2B -> Operations,B2B,Operations
28813,lifelike,Summer 2023,S23,2023.0,Consumer,Consumer,
28937,lifestylerx,Summer 2023,S23,2023.0,Healthcare -> Healthcare Services,Healthcare,Healthcare Services
28791,linc,Summer 2023,S23,2023.0,B2B,B2B,
29089,line-build,Summer 2023,S23,2023.0,B2B,B2B,
28824,lio,Summer 2023,S23,2023.0,B2B,B2B,
28894,lysto,Summer 2023,S23,2023.0,B2B -> Sales,B2B,Sales
28859,micsi,Summer 2023,S23,2023.0,Healthcare -> Diagnostics,Healthcare,Diagnostics
28795,magic-loops,Summer 2023,S23,2023.0,B2B,B2B,
28899,maintouch,Summer 2023,S23,2023.0,B2B,B2B,
28818,mandel-ai,Summer 2023,S23,2023.0,B2B -> Supply Chain and Logistics,B2B,Supply Chain and Logistics
28967,mantlebio,Summer 2023,S23,2023.0,B2B,B2B,
28883,margin,Summer 2023,S23,2023.0,B2B -> Retail,B2B,Retail
28923,maven-bio,Summer 2023,S23,2023.0,B2B,B2B,
28928,medisearch,Summer 2023,S23,2023.0,Healthcare -> Consumer Health and Wellness,Healthcare,Consumer Health and Wellness
28927,metalware,Summer 2023,S23,2023.0,B2B -> Security,B2B,Security
28779,metoro,Summer 2023,S23,2023.0,"B2B -> Engineering, Product and Design",B2B,"Engineering, Product and Design"
28930,midrender,Summer 2023,S23,2023.0,"B2B -> Engineering, Product and Design",B2B,"Engineering, Product and Design"
29081,minded,Summer 2023,S23,2023.0,B2B,B2B,
29115,mocha,Summer 2023,S23,2023.0,B2B -> Infrastructure,B2B,Infrastructure
29120,morph,Summer 2023,S23,2023.0,B2B -> Infrastructure,B2B,Infrastructure
29045,movley,Summer 2023,S23,2023.0,B2B -> Supply Chain and Logistics,B2B,Supply Chain and Logistics
29051,nanograb,Summer 2023,S23,2023.0,Healthcare -> Drug Discovery and Delivery,Healthcare,Drug Discovery and Delivery
28745,nectar,Summer 2023,S23,2023.0,Industrials -> Energy,Industrials,Energy
29119,nowadays,Summer 2023,S23,2023.0,B2B -> Operations,B2B,Operations
28891,numen,Summer 2023,S23,2023.0,Healthcare -> Diagnostics,Healthcare,Diagnostics
28853,obento-health,Summer 2023,S23,2023.0,Healthcare -> Medical Devices,Healthcare,Medical Devices
28794,ohmic-biosciences,Summer 2023,S23,2023.0,Industrials -> Agriculture,Industrials,Agriculture
29128,olio-labs,Summer 2023,S23,2023.0,Healthcare -> Drug Discovery and Delivery,Healthcare,Drug Discovery and Delivery
29124,onward,Summer 2023,S23,2023.0,B2B -> Productivity,B2B,Productivity
29187,openpipe,Summer 2023,S23,2023.0,"B2B -> Engineering, Product and Design",B2B,"Engineering, Product and Design"
28814,opentools,Summer 2023,S23,2023.0,"B2B -> Engineering, Product and Design",B2B,"Engineering, Product and Design"
29137,opensteer,Summer 2023,S23,2023.0,B2B,B2B,
28776,ora-ai,Summer 2023,S23,2023.0,Education,Education,
29157,orbio-earth,Summer 2023,S23,2023.0,B2B -> Analytics,B2B,Analytics
28980,osium-ai,Summer 2023,S23,2023.0,B2B,B2B,
28864,outset,Summer 2023,S23,2023.0,B2B -> Analytics,B2B,Analytics
29087,paradedb,Summer 2023,S23,2023.0,B2B,B2B,
28846,parea,Summer 2023,S23,2023.0,B2B -> Operations,B2B,Operations
28659,peerdb,Summer 2023,S23,2023.0,B2B -> Analytics,B2B,Analytics
28966,pincites,Summer 2023,S23,2023.0,B2B -> Legal,B2B,Legal
28807,pointhound,Summer 2023,S23,2023.0,"Consumer -> Travel, Leisure and Tourism",Consumer,"Travel, Leisure and Tourism"
29005,proof-of-human,Summer 2023,S23,2023.0,B2B -> Security,B2B,Security
28808,proprise,Summer 2023,S23,2023.0,Real Estate and Construction,Real Estate and Construction,
28821,prosper,Summer 2023,S23,2023.0,B2B,B2B,
28849,punchcard,Summer 2023,S23,2023.0,B2B -> Finance and Accounting,B2B,Finance and Accounting
29053,pure,Summer 2023,S23,2023.0,Consumer,Consumer,
29085,quill-bills,Summer 2023,S23,2023.0,Healthcare -> Healthcare IT,Healthcare,Healthcare IT
28992,rankai,Summer 2023,S23,2023.0,B2B -> Marketing,B2B,Marketing
28997,read-bean,Summer 2023,S23,2023.0,Consumer,Consumer,
28809,readily,Summer 2023,S23,2023.0,Healthcare,Healthcare,
29078,recipeui,Summer 2023,S23,2023.0,"B2B -> Engineering, Product and Design",B2B,"Engineering, Product and Design"
28799,remy,Summer 2023,S23,2023.0,Healthcare -> Healthcare Services,Healthcare,Healthcare Services
28882,repaint,Summer 2023,S23,2023.0,"B2B -> Engineering, Product and Design",B2B,"Engineering, Product and Design"
28830,revamp,Summer 2023,S23,2023.0,B2B -> Analytics,B2B,Analytics
28744,reworkd,Summer 2023,S23,2023.0,B2B,B2B,
28958,rimward,Summer 2023,S23,2023.0,B2B -> Security,B2B,Security
29093,roame,Summer 2023,S23,2023.0,"Consumer -> Travel, Leisure and Tourism",Consumer,"Travel, Leisure and Tourism"
28843,sid,Summer 2023,S23,2023.0,"B2B -> Engineering, Product and Design",B2B,"Engineering, Product and Design"
29107,saatvy,Summer 2023,S23,2023.0,Healthcare -> Consumer Health and Wellness,Healthcare,Consumer Health and Wellness
29000,safetykit,Summer 2023,S23,2023.0,B2B,B2B,
29042,sante,Summer 2023,S23,2023.0,B2B -> Retail,B2B,Retail
29019,sendblue,Summer 2023,S23,2023.0,B2B -> Sales,B2B,Sales
28863,serra,Summer 2023,S23,2023.0,B2B -> Recruiting and Talent,B2B,Recruiting and Talent
29104,shadeform,Summer 2023,S23,2023.0,"B2B -> Engineering, Product and Design",B2B,"Engineering, Product and Design"
28867,shasta-health,Summer 2023,S23,2023.0,Healthcare -> Healthcare Services,Healthcare,Healthcare Services
28902,sidenote,Summer 2023,S23,2023.0,B2B -> Productivity,B2B,Productivity
29010,silimate,Summer 2023,S23,2023.0,"B2B -> Engineering, Product and Design",B2B,"Engineering, Product and Design"
29113,simbie-ai,Summer 2023,S23,2023.0,Healthcare,Healthcare,
29146,singularity,Summer 2023,S23,2023.0,Industrials -> Aviation and Space,Industrials,Aviation and Space
28887,skyvern,Summer 2023,S23,2023.0,B2B -> Infrastructure,B2B,Infrastructure
28979,slicker,Summer 2023,S23,2023.0,Fintech -> Payments,Fintech,Payments
29080,smobi,Summer 2023,S23,2023.0,B2B -> Marketing,B2B,Marketing
28802,sohar-health,Summer 2023,S23,2023.0,Healthcare -> Healthcare IT,Healthcare,Healthcare IT
28996,sola,Summer 2023,S23,2023.0,B2B,B2B,
28825,solve-intelligence,Summer 2023,S23,2023.0,B2B -> Legal,B2B,Legal
28839,spine-ai,Summer 2023,S23,2023.0,"B2B -> Engineering, Product and Design",B2B,"Engineering, Product and Design"
28793,stellar-sleep,Summer 2023,S23,2023.0,Healthcare,Healthcare,
29082,strada,Summer 2023,S23,2023.0,B2B,B2B,
29118,structured-labs,Summer 2023,S23,2023.0,"B2B -> Engineering, Product and Design",B2B,"Engineering, Product and Design"
28969,studdy,Summer 2023,S23,2023.0,Education,Education,
28837,subsets,Summer 2023,S23,2023.0,B2B,B2B,
28921,surface-labs,Summer 2023,S23,2023.0,B2B -> Marketing,B2B,Marketing
29013,sweep,Summer 2023,S23,2023.0,"B2B -> Engineering, Product and Design",B2B,"Engineering, Product and Design"
28796,sweetspot,Summer 2023,S23,2023.0,"B2B -> Engineering, Product and Design",B2B,"Engineering, Product and Design"
28835,synch,Summer 2023,S23,2023.0,B2B -> Sales,B2B,Sales
29026,syntheticfi,Summer 2023,S23,2023.0,Fintech,Fintech,
28826,talc,Summer 2023,S23,2023.0,"B2B -> Engineering, Product and Design",B2B,"Engineering, Product and Design"
29150,tempo-2,Summer 2023,S23,2023.0,"B2B -> Engineering, Product and Design",B2B,"Engineering, Product and Design"
28860,terminal,Summer 2023,S23,2023.0,B2B -> Supply Chain and Logistics,B2B,Supply Chain and Logistics
29073,terracotta-ai,Summer 2023,S23,2023.0,B2B -> Infrastructure,B2B,Infrastructure
29079,tiptap,Summer 2023,S23,2023.0,"B2B -> Engineering, Product and Design",B2B,"Engineering, Product and Design"
28968,trainy,Summer 2023,S23,2023.0,B2B,B2B,
29090,trayd,Summer 2023,S23,2023.0,B2B -> Finance and Accounting,B2B,Finance and Accounting
28660,tremor,Summer 2023,S23,2023.0,"B2B -> Engineering, Product and Design",B2B,"Engineering, Product and Design"
28777,twenty,Summer 2023,S23,2023.0,B2B,B2B,
29117,twine,Summer 2023,S23,2023.0,B2B -> Sales,B2B,Sales
28920,unhaze,Summer 2023,S23,2023.0,B2B -> Sales,B2B,Sales
28926,upstream,Summer 2023,S23,2023.0,B2B -> Productivity,B2B,Productivity
28994,vango-ai,Summer 2023,S23,2023.0,"B2B -> Engineering, Product and Design",B2B,"Engineering, Product and Design"
28977,vaultpay,Summer 2023,S23,2023.0,Fintech,Fintech,
29001,vectorshift,Summer 2023,S23,2023.0,B2B -> Finance and Accounting,B2B,Finance and Accounting
28847,venta-ai,Summer 2023,S23,2023.0,B2B -> Sales,B2B,Sales
28893,vetrec,Summer 2023,S23,2023.0,B2B,B2B,
28931,vizly,Summer 2023,S23,2023.0,B2B -> Analytics,B2B,Analytics
28790,watto-ai,Summer 2023,S23,2023.0,B2B -> Productivity,B2B,Productivity
29122,wattson-health,Summer 2023,S23,2023.0,Healthcare -> Healthcare IT,Healthcare,Healthcare IT
29091,webhound,Summer 2023,S23,2023.0,Consumer,Consumer,
28778,xeol,Summer 2023,S23,2023.0,B2B -> Security,B2B,Security
28486,yn,Summer 2023,S23,2023.0,Consumer -> Content,Consumer,Content
28810,zelos-cloud,Summer 2023,S23,2023.0,"B2B -> Engineering, Product and Design",B2B,"Engineering, Product and Design"
29092,dili,Summer 2023,S23,2023.0,B2B -> Finance and Accounting,B2B,Finance and Accounting
28663,kapa-ai,Summer 2023,S23,2023.0,B2B -> Productivity,B2B,Productivity
28907,refine,Summer 2023,S23,2023.0,"B2B -> Engineering, Product and Design",B2B,"Engineering, Product and Design"
28959,sizeless,Summer 2023,S23,2023.0,Real Estate and Construction,Real Estate and Construction,
29018,sudocode,Summer 2023,S23,2023.0,"B2B -> Engineering, Product and Design",B2B,"Engineering, Product and Design"
29125,truemetrics,Summer 2023,S23,2023.0,B2B -> Supply Chain and Logistics,B2B,Supply Chain and Logistics
29391,abel,Winter 2024,W24,2024.0,B2B -> Legal,B2B,Legal
29443,adapted,Winter 2024,W24,2024.0,Consumer,Consumer,
29358,aedilic,Winter 2024,W24,2024.0,B2B -> Security,B2B,Security
29383,aftercare,Winter 2024,W24,2024.0,B2B,B2B,
29275,agentic-labs-2,Winter 2024,W24,2024.0,"B2B -> Engineering, Product and Design",B2B,"Engineering, Product and Design"
29272,aidy,Winter 2024,W24,2024.0,Healthcare -> Consumer Health and Wellness,Healthcare,Consumer Health and Wellness
29420,alai,Winter 2024,W24,2024.0,B2B,B2B,
29263,alex-com,Winter 2024,W24,2024.0,B2B -> Recruiting and Talent,B2B,Recruiting and Talent
29253,andon-labs,Winter 2024,W24,2024.0,"B2B -> Engineering, Product and Design",B2B,"Engineering, Product and Design"
29386,andy-ai,Winter 2024,W24,2024.0,Healthcare -> Healthcare IT,Healthcare,Healthcare IT
29450,aqua-voice,Winter 2024,W24,2024.0,Consumer,Consumer,
29464,arcane,Winter 2024,W24,2024.0,Consumer,Consumer,
29267,argon-ai-inc,Winter 2024,W24,2024.0,Healthcare,Healthcare,
29288,arini,Winter 2024,W24,2024.0,Healthcare -> Healthcare IT,Healthcare,Healthcare IT
29295,artisan,Winter 2024,W24,2024.0,B2B,B2B,
29411,artos,Winter 2024,W24,2024.0,B2B,B2B,
29369,astro-mechanica,Winter 2024,W24,2024.0,Industrials -> Aviation and Space,Industrials,Aviation and Space
29315,attunement,Winter 2024,W24,2024.0,Healthcare,Healthcare,
29284,averyiq,Winter 2024,W24,2024.0,Real Estate and Construction -> Housing and Real Estate,Real Estate and Construction,Housing and Real Estate
29277,basalt,Winter 2024,W24,2024.0,Industrials -> Aviation and Space,Industrials,Aviation and Space
29451,basepilot,Winter 2024,W24,2024.0,B2B -> Productivity,B2B,Productivity
29409,betterbasket,Winter 2024,W24,2024.0,B2B -> Analytics,B2B,Analytics
29373,bilanc,Winter 2024,W24,2024.0,"B2B -> Engineering, Product and Design",B2B,"Engineering, Product and Design"
29430,bitesight,Winter 2024,W24,2024.0,Consumer -> Social,Consumer,Social
29509,blacksmith,Winter 2024,W24,2024.0,B2B -> Infrastructure,B2B,Infrastructure
29307,blume-benefits,Winter 2024,W24,2024.0,Fintech -> Insurance,Fintech,Insurance
29417,brainbase-labs,Winter 2024,W24,2024.0,B2B,B2B,
29281,breez-labs,Winter 2024,W24,2024.0,B2B -> Infrastructure,B2B,Infrastructure
29370,browser-buddy,Winter 2024,W24,2024.0,Consumer -> Content,Consumer,Content
29376,carma,Winter 2024,W24,2024.0,B2B -> Operations,B2B,Operations
29276,carousel-technologies,Winter 2024,W24,2024.0,B2B -> Finance and Accounting,B2B,Finance and Accounting
29320,celest,Winter 2024,W24,2024.0,B2B -> Infrastructure,B2B,Infrastructure
29399,centauri-ai,Winter 2024,W24,2024.0,B2B,B2B,
29356,centralize,Winter 2024,W24,2024.0,B2B -> Sales,B2B,Sales
29408,circleback,Winter 2024,W24,2024.0,B2B -> Productivity,B2B,Productivity
29339,clarion,Winter 2024,W24,2024.0,Healthcare -> Healthcare IT,Healthcare,Healthcare IT
29395,clarum,Winter 2024,W24,2024.0,B2B -> Finance and Accounting,B2B,Finance and Accounting
29414,cleva,Winter 2024,W24,2024.0,Fintech,Fintech,
29317,cloudcruise,Winter 2024,W24,2024.0,B2B,B2B,
29481,cocrafter,Winter 2024,W24,2024.0,Real Estate and Construction -> Construction,Real Estate and Construction,Construction
29368,codeant-ai,Winter 2024,W24,2024.0,"B2B -> Engineering, Product and Design",B2B,"Engineering, Product and Design"
29455,commodityai,Winter 2024,W24,2024.0,B2B -> Operations,B2B,Operations
29380,conduit-ai,Winter 2024,W24,2024.0,B2B,B2B,
29338,consul,Winter 2024,W24,2024.0,Fintech -> Payments,Fintech,Payments
29306,copper-health,Winter 2024,W24,2024.0,Healthcare -> Healthcare IT,Healthcare,Healthcare IT
29207,cora,Winter 2024,W24,2024.0,Consumer,Consumer,
29508,crowdvolt,Winter 2024,W24,2024.0,Consumer,Consumer,
29271,dgi-apparel,Winter 2024,W24,2024.0,B2B -> Supply Chain and Logistics,B2B,Supply Chain and Logistics
29457,datacurve,Winter 2024,W24,2024.0,B2B,B2B,
29334,decipher-ai,Winter 2024,W24,2024.0,"B2B -> Engineering, Product and Design",B2B,"Engineering, Product and Design"
29422,deep24,Winter 2024,W24,2024.0,Education,Education,
29447,deepnight,Winter 2024,W24,2024.0,Industrials -> Defense,Industrials,Defense
29404,diana,Winter 2024,W24,2024.0,B2B,B2B,
29364,dime-2,Winter 2024,W24,2024.0,B2B,B2B,
29436,downlink,Winter 2024,W24,2024.0,B2B -> Infrastructure,B2B,Infrastructure
29367,draftaid,Winter 2024,W24,2024.0,"B2B -> Engineering, Product and Design",B2B,"Engineering, Product and Design"
29503,dragoneye,Winter 2024,W24,2024.0,"B2B -> Engineering, Product and Design",B2B,"Engineering, Product and Design"
29179,driver,Winter 2024,W24,2024.0,B2B,B2B,
29518,dropback,Winter 2024,W24,2024.0,Fintech,Fintech,
29184,drymerge,Winter 2024,W24,2024.0,B2B,B2B,
29238,duckie,Winter 2024,W24,2024.0,"B2B -> Engineering, Product and Design",B2B,"Engineering, Product and Design"
29299,ecliptor,Winter 2024,W24,2024.0,B2B -> Sales,B2B,Sales
29396,edgetrace,Winter 2024,W24,2024.0,B2B,B2B,
29297,eggnog,Winter 2024,W24,2024.0,Consumer,Consumer,
29365,ellipsis,Winter 2024,W24,2024.0,"B2B -> Engineering, Product and Design",B2B,"Engineering, Product and Design"
29381,elodin,Winter 2024,W24,2024.0,Industrials -> Aviation and Space,Industrials,Aviation and Space
29311,engines,Winter 2024,W24,2024.0,B2B -> Infrastructure,B2B,Infrastructure
29470,eris-biotech,Winter 2024,W24,2024.0,Healthcare -> Therapeutics,Healthcare,Therapeutics
29181,event-horizon-labs,Winter 2024,W24,2024.0,Fintech -> Asset Management,Fintech,Asset Management
29350,feldy,Winter 2024,W24,2024.0,"B2B -> Engineering, Product and Design",B2B,"Engineering, Product and Design"
29449,fileforge,Winter 2024,W24,2024.0,"B2B -> Engineering, Product and Design",B2B,"Engineering, Product and Design"
29352,firebender,Winter 2024,W24,2024.0,"B2B -> Engineering, Product and Design",B2B,"Engineering, Product and Design"
29452,fluently,Winter 2024,W24,2024.0,Consumer,Consumer,
29416,focal,Winter 2024,W24,2024.0,Consumer -> Content,Consumer,Content
29499,forge,Winter 2024,W24,2024.0,B2B -> Supply Chain and Logistics,B2B,Supply Chain and Logistics
29519,forge-rewards,Winter 2024,W24,2024.0,B2B,B2B,
29274,fractal-labs,Winter 2024,W24,2024.0,Consumer,Consumer,
29290,furtherai,Winter 2024,W24,2024.0,B2B,B2B,
29269,garage-2,Winter 2024,W24,2024.0,B2B,B2B,
29513,getcrux,Winter 2024,W24,2024.0,B2B -> Analytics,B2B,Analytics
29415,givefront,Winter 2024,W24,2024.0,Fintech -> Banking and Exchange,Fintech,Banking and Exchange
29322,glimmer,Winter 2024,W24,2024.0,B2B,B2B,
29341,gloglo,Winter 2024,W24,2024.0,Consumer,Consumer,
28896,governgpt,Winter 2024,W24,2024.0,Fintech,Fintech,
29485,granza-bio,Winter 2024,W24,2024.0,Healthcare -> Therapeutics,Healthcare,Therapeutics
29298,greenboard,Winter 2024,W24,2024.0,Fintech,Fintech,
29226,greptile,Winter 2024,W24,2024.0,"B2B -> Engineering, Product and Design",B2B,"Engineering, Product and Design"
29328,guide-labs,Winter 2024,W24,2024.0,B2B -> Infrastructure,B2B,Infrastructure
29180,gumloop,Winter 2024,W24,2024.0,B2B,B2B,
29484,haplotype-labs,Winter 2024,W24,2024.0,Healthcare -> Diagnostics,Healthcare,Diagnostics
29233,happenstance,Winter 2024,W24,2024.0,Consumer,Consumer,
29433,hatchet-run,Winter 2024,W24,2024.0,B2B -> Infrastructure,B2B,Infrastructure
29385,hazel-2,Winter 2024,W24,2024.0,Government,Government,
29483,healia,Winter 2024,W24,2024.0,Fintech -> Insurance,Fintech,Insurance
29403,heartbyte,Winter 2024,W24,2024.0,Consumer -> Content,Consumer,Content
29342,inquery-2,Winter 2024,W24,2024.0,Healthcare -> Healthcare IT,Healthcare,Healthcare IT
29533,indemni,Winter 2024,W24,2024.0,B2B -> Supply Chain and Logistics,B2B,Supply Chain and Logistics
29343,infinity,Winter 2024,W24,2024.0,Fintech -> Payments,Fintech,Payments
29511,inspectmind-ai,Winter 2024,W24,2024.0,Real Estate and Construction -> Construction,Real Estate and Construction,Construction
29498,integuru,Winter 2024,W24,2024.0,"B2B -> Engineering, Product and Design",B2B,"Engineering, Product and Design"
29476,junction-bioscience,Winter 2024,W24,2024.0,Healthcare -> Therapeutics,Healthcare,Therapeutics
29407,justai,Winter 2024,W24,2024.0,B2B -> Marketing,B2B,Marketing
29523,k-scale-labs,Winter 2024,W24,2024.0,Consumer -> Consumer Electronics,Consumer,Consumer Electronics
29245,kabilah,Winter 2024,W24,2024.0,Healthcare,Healthcare,
29270,keystroke,Winter 2024,W24,2024.0,B2B -> Analytics,B2B,Analytics
29178,lantern-2,Winter 2024,W24,2024.0,B2B,B2B,
29501,latted,Winter 2024,W24,2024.0,"B2B -> Engineering, Product and Design",B2B,"Engineering, Product and Design"
29278,leaping,Winter 2024,W24,2024.0,"B2B -> Engineering, Product and Design",B2B,"Engineering, Product and Design"
29201,legora,Winter 2024,W24,2024.0,B2B -> Legal,B2B,Legal
29333,lemonslice,Winter 2024,W24,2024.0,B2B,B2B,
29314,lucite,Winter 2024,W24,2024.0,B2B,B2B,
29419,lumetric,Winter 2024,W24,2024.0,B2B,B2B,
29459,lumona,Winter 2024,W24,2024.0,Consumer,Consumer,
29461,magic-hour,Winter 2024,W24,2024.0,Consumer -> Content,Consumer,Content
29252,maia,Winter 2024,W24,2024.0,Healthcare -> Consumer Health and Wellness,Healthcare,Consumer Health and Wellness
29268,mango-health,Winter 2024,W24,2024.0,Healthcare,Healthcare,
29397,manifold-freight,Winter 2024,W24,2024.0,B2B -> Supply Chain and Logistics,B2B,Supply Chain and Logistics
29456,marblism,Winter 2024,W24,2024.0,"B2B -> Engineering, Product and Design",B2B,"Engineering, Product and Design"
29522,marr-labs,Winter 2024,W24,2024.0,B2B,B2B,
29506,mathos,Winter 2024,W24,2024.0,Education,Education,
29319,meticulate,Winter 2024,W24,2024.0,B2B,B2B,
29366,metofico,Winter 2024,W24,2024.0,"B2B -> Engineering, Product and Design",B2B,"Engineering, Product and Design"
29453,miden,Winter 2024,W24,2024.0,Fintech,Fintech,
29516,million,Winter 2024,W24,2024.0,"B2B -> Engineering, Product and Design",B2B,"Engineering, Product and Design"
29410,model-ml,Winter 2024,W24,2024.0,B2B,B2B,
29256,momentic,Winter 2024,W24,2024.0,"B2B -> Engineering, Product and Design",B2B,"Engineering, Product and Design"
29326,monumint,Winter 2024,W24,2024.0,B2B,B2B,
29355,nanocorp,Winter 2024,W24,2024.0,Consumer,Consumer,
29183,navier-ai,Winter 2024,W24,2024.0,Industrials -> Aviation and Space,Industrials,Aviation and Space
29259,newton,Winter 2024,W24,2024.0,B2B,B2B,
29249,nuanced,Winter 2024,W24,2024.0,Consumer,Consumer,
29294,octolane-ai,Winter 2024,W24,2024.0,B2B -> Sales,B2B,Sales
29442,ocular-ai,Winter 2024,W24,2024.0,B2B,B2B,
29473,oddsview,Winter 2024,W24,2024.0,Consumer,Consumer,
29390,offdeal,Winter 2024,W24,2024.0,B2B,B2B,
29413,oma-care,Winter 2024,W24,2024.0,Healthcare -> Healthcare Services,Healthcare,Healthcare Services
29312,onegrep,Winter 2024,W24,2024.0,"B2B -> Engineering, Product and Design",B2B,"Engineering, Product and Design"
29177,onyx,Winter 2024,W24,2024.0,B2B -> Productivity,B2B,Productivity
29360,open,Winter 2024,W24,2024.0,"B2B -> Engineering, Product and Design",B2B,"Engineering, Product and Design"
29466,openfoundry,Winter 2024,W24,2024.0,"B2B -> Engineering, Product and Design",B2B,"Engineering, Product and Design"
29394,opencall,Winter 2024,W24,2024.0,B2B,B2B,
29424,openmart,Winter 2024,W24,2024.0,B2B,B2B,
29345,pandasai,Winter 2024,W24,2024.0,B2B -> Analytics,B2B,Analytics
29303,panelytic,Winter 2024,W24,2024.0,Fintech,Fintech,
29287,paradigm,Winter 2024,W24,2024.0,B2B,B2B,
29348,parallel,Winter 2024,W24,2024.0,Healthcare -> Healthcare IT,Healthcare,Healthcare IT
29527,parcelbio,Winter 2024,W24,2024.0,Healthcare -> Therapeutics,Healthcare,Therapeutics
29309,partnerhq,Winter 2024,W24,2024.0,B2B -> Sales,B2B,Sales
29285,patchwork,Winter 2024,W24,2024.0,B2B -> Productivity,B2B,Productivity
29362,pazi,Winter 2024,W24,2024.0,"B2B -> Engineering, Product and Design",B2B,"Engineering, Product and Design"
29463,penciled,Winter 2024,W24,2024.0,Healthcare -> Healthcare IT,Healthcare,Healthcare IT
29477,piramidal,Winter 2024,W24,2024.0,Healthcare,Healthcare,
29273,pivot-robotics,Winter 2024,W24,2024.0,Industrials -> Manufacturing and Robotics,Industrials,Manufacturing and Robotics
29286,pointone,Winter 2024,W24,2024.0,B2B -> Infrastructure,B2B,Infrastructure
29465,polar,Winter 2024,W24,2024.0,Fintech -> Consumer Finance,Fintech,Consumer Finance
29332,polished,Winter 2024,W24,2024.0,"B2B -> Engineering, Product and Design",B2B,"Engineering, Product and Design"
29467,powder,Winter 2024,W24,2024.0,Fintech -> Asset Management,Fintech,Asset Management
29247,precip,Winter 2024,W24,2024.0,B2B,B2B,
29375,preloop,Winter 2024,W24,2024.0,"B2B -> Engineering, Product and Design",B2B,"Engineering, Product and Design"
29265,pretzel-ai,Winter 2024,W24,2024.0,"B2B -> Engineering, Product and Design",B2B,"Engineering, Product and Design"
29398,prosights,Winter 2024,W24,2024.0,B2B -> Operations,B2B,Operations
29324,promptarmor,Winter 2024,W24,2024.0,B2B -> Security,B2B,Security
29260,quary,Winter 2024,W24,2024.0,B2B -> Analytics,B2B,Analytics
29504,quivr,Winter 2024,W24,2024.0,B2B -> Productivity,B2B,Productivity
29291,roe,Winter 2024,W24,2024.0,B2B -> Infrastructure,B2B,Infrastructure
29189,radmate-ai,Winter 2024,W24,2024.0,Healthcare,Healthcare,
29401,raindrop,Winter 2024,W24,2024.0,"B2B -> Engineering, Product and Design",B2B,"Engineering, Product and Design"
29254,reducto,Winter 2024,W24,2024.0,"B2B -> Engineering, Product and Design",B2B,"Engineering, Product and Design"
29478,reform,Winter 2024,W24,2024.0,B2B -> Supply Chain and Logistics,B2B,Supply Chain and Logistics
29185,relari,Winter 2024,W24,2024.0,Industrials -> Manufacturing and Robotics,Industrials,Manufacturing and Robotics
29512,reprompt,Winter 2024,W24,2024.0,"B2B -> Engineering, Product and Design",B2B,"Engineering, Product and Design"
29353,resonance,Winter 2024,W24,2024.0,B2B -> Marketing,B2B,Marketing
29325,respan,Winter 2024,W24,2024.0,B2B -> Infrastructure,B2B,Infrastructure
29517,retailready,Winter 2024,W24,2024.0,B2B -> Supply Chain and Logistics,B2B,Supply Chain and Logistics
29441,retell-ai,Winter 2024,W24,2024.0,B2B,B2B,
29405,risotto,Winter 2024,W24,2024.0,B2B -> Operations,B2B,Operations
29440,rove,Winter 2024,W24,2024.0,"Consumer -> Travel, Leisure and Tourism",Consumer,"Travel, Leisure and Tourism"
29460,ryse,Winter 2024,W24,2024.0,B2B,B2B,
29258,saga-ai,Winter 2024,W24,2024.0,B2B -> Operations,B2B,Operations
29372,sagaland,Winter 2024,W24,2024.0,Consumer,Consumer,
29357,salvy,Winter 2024,W24,2024.0,B2B -> Operations,B2B,Operations
29418,sample,Winter 2024,W24,2024.0,Healthcare -> Healthcare IT,Healthcare,Healthcare IT
29336,cpgscout,Winter 2024,W24,2024.0,B2B -> Retail,B2B,Retail
29196,scritch,Winter 2024,W24,2024.0,Healthcare,Healthcare,
29313,selera-medical,Winter 2024,W24,2024.0,Healthcare -> Medical Devices,Healthcare,Medical Devices
29471,senso,Winter 2024,W24,2024.0,B2B,B2B,
29432,shepherd-2,Winter 2024,W24,2024.0,Education,Education,
29384,shiboleth,Winter 2024,W24,2024.0,B2B -> Security,B2B,Security
29472,silogy,Winter 2024,W24,2024.0,"B2B -> Engineering, Product and Design",B2B,"Engineering, Product and Design"
29363,solari-ai,Winter 2024,W24,2024.0,"B2B -> Engineering, Product and Design",B2B,"Engineering, Product and Design"
29431,sonauto,Winter 2024,W24,2024.0,Consumer -> Content,Consumer,Content
29244,sonia,Winter 2024,W24,2024.0,Healthcare -> Consumer Health and Wellness,Healthcare,Consumer Health and Wellness
29382,soundry-ai,Winter 2024,W24,2024.0,Consumer -> Content,Consumer,Content
29438,spark,Winter 2024,W24,2024.0,B2B,B2B,
29330,speck,Winter 2024,W24,2024.0,B2B -> Productivity,B2B,Productivity
29434,stacksync,Winter 2024,W24,2024.0,"B2B -> Engineering, Product and Design",B2B,"Engineering, Product and Design"
29318,starjar,Winter 2024,W24,2024.0,B2B,B2B,
29206,stitch-technologies,Winter 2024,W24,2024.0,"B2B -> Engineering, Product and Design",B2B,"Engineering, Product and Design"
29374,superagent,Winter 2024,W24,2024.0,B2B -> Security,B2B,Security
29293,suretynow,Winter 2024,W24,2024.0,Fintech -> Insurance,Fintech,Insurance
29305,synsorybio,Winter 2024,W24,2024.0,Healthcare -> Therapeutics,Healthcare,Therapeutics
29340,tamarind-bio,Winter 2024,W24,2024.0,B2B,B2B,
29241,tekton-dynamics,Winter 2024,W24,2024.0,Industrials -> Manufacturing and Robotics,Industrials,Manufacturing and Robotics
29435,terrakotta,Winter 2024,W24,2024.0,B2B -> Sales,B2B,Sales
29186,tesseral,Winter 2024,W24,2024.0,B2B,B2B,
29500,the-new-money-company,Winter 2024,W24,2024.0,Fintech -> Payments,Fintech,Payments
29421,thorntale,Winter 2024,W24,2024.0,B2B -> Productivity,B2B,Productivity
29377,toma,Winter 2024,W24,2024.0,B2B -> Operations,B2B,Operations
29335,toolify,Winter 2024,W24,2024.0,"B2B -> Engineering, Product and Design",B2B,"Engineering, Product and Design"
29301,topo,Winter 2024,W24,2024.0,B2B -> Sales,B2B,Sales
29505,tower,Winter 2024,W24,2024.0,B2B -> Legal,B2B,Legal
29246,tracecat,Winter 2024,W24,2024.0,B2B -> Security,B2B,Security
29300,trellis-ai,Winter 2024,W24,2024.0,B2B,B2B,
29379,trieve,Winter 2024,W24,2024.0,B2B -> Infrastructure,B2B,Infrastructure
29423,triply,Winter 2024,W24,2024.0,B2B -> Operations,B2B,Operations
29482,trueclaim,Winter 2024,W24,2024.0,Healthcare,Healthcare,
29257,tuesday-labs,Winter 2024,W24,2024.0,Consumer -> Consumer Electronics,Consumer,Consumer Electronics
29310,tusk,Winter 2024,W24,2024.0,"B2B -> Engineering, Product and Design",B2B,"Engineering, Product and Design"
29231,ubicloud,Winter 2024,W24,2024.0,B2B -> Infrastructure,B2B,Infrastructure
29182,upsolve-ai,Winter 2024,W24,2024.0,B2B -> Analytics,B2B,Analytics
29454,veles,Winter 2024,W24,2024.0,B2B -> Sales,B2B,Sales
29429,velorum-therapeutics,Winter 2024,W24,2024.0,Healthcare -> Therapeutics,Healthcare,Therapeutics
29302,verse-therapy,Winter 2024,W24,2024.0,Healthcare -> Healthcare IT,Healthcare,Healthcare IT
29347,vibrant-labs,Winter 2024,W24,2024.0,B2B -> Infrastructure,B2B,Infrastructure
29444,vista-power,Winter 2024,W24,2024.0,Industrials -> Energy,Industrials,Energy
29393,voicepanel,Winter 2024,W24,2024.0,B2B -> Analytics,B2B,Analytics
29496,voxops-ai,Winter 2024,W24,2024.0,B2B,B2B,
29283,wavelength,Winter 2024,W24,2024.0,B2B -> Operations,B2B,Operations
29378,whip,Winter 2024,W24,2024.0,Consumer -> Social,Consumer,Social
29361,wuri,Winter 2024,W24,2024.0,Consumer -> Content,Consumer,Content
29510,yarn-2,Winter 2024,W24,2024.0,B2B,B2B,
28965,yenmo,Winter 2024,W24,2024.0,Fintech -> Credit and Lending,Fintech,Credit and Lending
29402,yondu,Winter 2024,W24,2024.0,Industrials -> Manufacturing and Robotics,Industrials,Manufacturing and Robotics
29304,yoneda-labs,Winter 2024,W24,2024.0,B2B,B2B,
29323,zaymo,Winter 2024,W24,2024.0,B2B -> Marketing,B2B,Marketing
29425,zep-ai,Winter 2024,W24,2024.0,B2B,B2B,
29308,atopile,Winter 2024,W24,2024.0,"B2B -> Engineering, Product and Design",B2B,"Engineering, Product and Design"
29439,camelai,Winter 2024,W24,2024.0,"B2B -> Engineering, Product and Design",B2B,"Engineering, Product and Design"
29354,crmcopilot,Winter 2024,W24,2024.0,B2B -> Sales,B2B,Sales
29205,ego,Winter 2024,W24,2024.0,Consumer,Consumer,
29400,floatingpoint,Winter 2024,W24,2024.0,B2B,B2B,
29239,ion-design,Winter 2024,W24,2024.0,"B2B -> Engineering, Product and Design",B2B,"Engineering, Product and Design"
29507,kater-ai,Winter 2024,W24,2024.0,B2B -> Analytics,B2B,Analytics
29261,malibou,Winter 2024,W24,2024.0,B2B -> Human Resources,B2B,Human Resources
29266,ncompass-technologies,Winter 2024,W24,2024.0,"B2B -> Engineering, Product and Design",B2B,"Engineering, Product and Design"
29502,renderlet,Winter 2024,W24,2024.0,"B2B -> Engineering, Product and Design",B2B,"Engineering, Product and Design"
29346,sync-2,Winter 2024,W24,2024.0,B2B,B2B,
29448,xpay,Winter 2024,W24,2024.0,Fintech -> Payments,Fintech,Payments
29798,ai-2,Summer 2024,S24,2024.0,B2B -> Legal,B2B,Legal
29733,1849-bio,Summer 2024,S24,2024.0,Industrials,Industrials,
29406,acx,Summer 2024,S24,2024.0,Healthcare -> Industrial Bio,Healthcare,Industrial Bio
29558,abel-police,Summer 2024,S24,2024.0,Government,Government,
29972,affil-ai,Summer 2024,S24,2024.0,B2B -> Marketing,B2B,Marketing
29723,aluna,Summer 2024,S24,2024.0,"B2B -> Engineering, Product and Design",B2B,"Engineering, Product and Design"
29694,aminoanalytica,Summer 2024,S24,2024.0,Healthcare -> Diagnostics,Healthcare,Diagnostics
29738,anara,Summer 2024,S24,2024.0,B2B -> Productivity,B2B,Productivity
29957,anglera,Summer 2024,S24,2024.0,B2B -> Retail,B2B,Retail
29713,anthrogen,Summer 2024,S24,2024.0,Healthcare,Healthcare,
29571,apten,Summer 2024,S24,2024.0,B2B -> Marketing,B2B,Marketing
29680,ares-industries,Summer 2024,S24,2024.0,Industrials -> Aviation and Space,Industrials,Aviation and Space
29813,argil,Summer 2024,S24,2024.0,Consumer,Consumer,
29973,arva-ai,Summer 2024,S24,2024.0,B2B,B2B,
29824,assembly-hoa,Summer 2024,S24,2024.0,Real Estate and Construction -> Housing and Real Estate,Real Estate and Construction,Housing and Real Estate
29698,autopallet-robotics,Summer 2024,S24,2024.0,Industrials -> Manufacturing and Robotics,Industrials,Manufacturing and Robotics
29753,autumn-labs,Summer 2024,S24,2024.0,Industrials -> Manufacturing and Robotics,Industrials,Manufacturing and Robotics
29657,azalea-robotics-corporation,Summer 2024,S24,2024.0,Industrials -> Manufacturing and Robotics,Industrials,Manufacturing and Robotics
29794,baseline-ai,Summer 2024,S24,2024.0,Healthcare -> Healthcare IT,Healthcare,Healthcare IT
29636,bayesline,Summer 2024,S24,2024.0,Fintech -> Asset Management,Fintech,Asset Management
29758,beebettor,Summer 2024,S24,2024.0,Consumer -> Gaming,Consumer,Gaming
29712,benchify,Summer 2024,S24,2024.0,B2B,B2B,
29749,biocartesian,Summer 2024,S24,2024.0,Healthcare -> Drug Discovery and Delivery,Healthcare,Drug Discovery and Delivery
29982,bits-to-atoms,Summer 2024,S24,2024.0,Consumer -> Job and Career Services,Consumer,Job and Career Services
29840,blaze-2,Summer 2024,S24,2024.0,Fintech -> Payments,Fintech,Payments
29810,bluedoor,Summer 2024,S24,2024.0,B2B -> Infrastructure,B2B,Infrastructure
29775,brighterway,Summer 2024,S24,2024.0,Healthcare -> Healthcare IT,Healthcare,Healthcare IT
29955,browseros,Summer 2024,S24,2024.0,Consumer,Consumer,
29847,bucket-robotics,Summer 2024,S24,2024.0,Industrials -> Manufacturing and Robotics,Industrials,Manufacturing and Robotics
29639,callback,Summer 2024,S24,2024.0,B2B -> Operations,B2B,Operations
29963,capitol-ai,Summer 2024,S24,2024.0,B2B -> Productivity,B2B,Productivity
29791,cartage,Summer 2024,S24,2024.0,B2B -> Supply Chain and Logistics,B2B,Supply Chain and Logistics
29327,central,Summer 2024,S24,2024.0,B2B -> Human Resources,B2B,Human Resources
29781,cerulion,Summer 2024,S24,2024.0,"B2B -> Engineering, Product and Design",B2B,"Engineering, Product and Design"
29582,cheers,Summer 2024,S24,2024.0,B2B,B2B,
29613,claimsorted,Summer 2024,S24,2024.0,Fintech -> Insurance,Fintech,Insurance
29729,clearly-ai,Summer 2024,S24,2024.0,B2B -> Security,B2B,Security
29665,cloudglue,Summer 2024,S24,2024.0,B2B,B2B,
29683,codeviz,Summer 2024,S24,2024.0,B2B -> Productivity,B2B,Productivity
29627,codes-health,Summer 2024,S24,2024.0,B2B,B2B,
29596,comfy-deploy,Summer 2024,S24,2024.0,"B2B -> Engineering, Product and Design",B2B,"Engineering, Product and Design"
29989,conductor,Summer 2024,S24,2024.0,"B2B -> Engineering, Product and Design",B2B,"Engineering, Product and Design"
29754,conductor-quantum,Summer 2024,S24,2024.0,Industrials,Industrials,
29717,conveo,Summer 2024,S24,2024.0,B2B,B2B,
29646,corgi-insurance,Summer 2024,S24,2024.0,Fintech -> Insurance,Fintech,Insurance
29524,coval,Summer 2024,S24,2024.0,"B2B -> Engineering, Product and Design",B2B,"Engineering, Product and Design"
29716,creativemode,Summer 2024,S24,2024.0,Consumer -> Gaming,Consumer,Gaming
29807,dataleap,Summer 2024,S24,2024.0,B2B,B2B,
29759,david-ai,Summer 2024,S24,2024.0,B2B,B2B,
29852,dayflow,Summer 2024,S24,2024.0,Consumer,Consumer,
29655,decisional-ai,Summer 2024,S24,2024.0,B2B,B2B,
29672,deepsim-inc,Summer 2024,S24,2024.0,"B2B -> Engineering, Product and Design",B2B,"Engineering, Product and Design"
29695,dench-com,Summer 2024,S24,2024.0,B2B -> Productivity,B2B,Productivity
29635,digitalcarbon,Summer 2024,S24,2024.0,B2B,B2B,
29741,dimely,Summer 2024,S24,2024.0,B2B -> Finance and Accounting,B2B,Finance and Accounting
29851,diode-computers-inc,Summer 2024,S24,2024.0,"B2B -> Engineering, Product and Design",B2B,"Engineering, Product and Design"
29761,distro,Summer 2024,S24,2024.0,B2B -> Supply Chain and Logistics,B2B,Supply Chain and Logistics
29679,dodo,Summer 2024,S24,2024.0,Healthcare -> Healthcare IT,Healthcare,Healthcare IT
29572,domu-technology-inc,Summer 2024,S24,2024.0,"B2B -> Engineering, Product and Design",B2B,"Engineering, Product and Design"
29575,doublezero,Summer 2024,S24,2024.0,"B2B -> Engineering, Product and Design",B2B,"Engineering, Product and Design"
29828,draft-the-record,Summer 2024,S24,2024.0,B2B -> Legal,B2B,Legal
29990,dreamrp,Summer 2024,S24,2024.0,Consumer,Consumer,
29746,drillbit,Summer 2024,S24,2024.0,B2B -> Operations,B2B,Operations
29605,educato,Summer 2024,S24,2024.0,Education,Education,
29841,elayne,Summer 2024,S24,2024.0,Fintech,Fintech,
29676,elevate-2,Summer 2024,S24,2024.0,B2B,B2B,
29768,ember-robotics,Summer 2024,S24,2024.0,Industrials -> Manufacturing and Robotics,Industrials,Manufacturing and Robotics
29765,emergent,Summer 2024,S24,2024.0,Consumer,Consumer,
29623,entangl,Summer 2024,S24,2024.0,"B2B -> Engineering, Product and Design",B2B,"Engineering, Product and Design"
29818,entropy,Summer 2024,S24,2024.0,Healthcare,Healthcare,
29475,evolvere-biosciences,Summer 2024,S24,2024.0,Healthcare -> Therapeutics,Healthcare,Therapeutics
29735,finny-ai,Summer 2024,S24,2024.0,Fintech -> Asset Management,Fintech,Asset Management
29711,fazeshift,Summer 2024,S24,2024.0,B2B -> Finance and Accounting,B2B,Finance and Accounting
29952,ficra,Summer 2024,S24,2024.0,B2B,B2B,
29796,finosu,Summer 2024,S24,2024.0,Fintech -> Credit and Lending,Fintech,Credit and Lending
29651,firstwork,Summer 2024,S24,2024.0,B2B -> Human Resources,B2B,Human Resources
29637,flyflow,Summer 2024,S24,2024.0,B2B -> Sales,B2B,Sales
29965,formula-insight,Summer 2024,S24,2024.0,B2B,B2B,
29976,freestyle,Summer 2024,S24,2024.0,B2B -> Infrastructure,B2B,Infrastructure
29349,fuse-2,Summer 2024,S24,2024.0,Healthcare,Healthcare,
29693,gauge,Summer 2024,S24,2024.0,B2B -> Marketing,B2B,Marketing
29586,glasskube,Summer 2024,S24,2024.0,B2B -> Infrastructure,B2B,Infrastructure
29783,guardian-rf,Summer 2024,S24,2024.0,Industrials -> Drones,Industrials,Drones
29610,hamming-ai,Summer 2024,S24,2024.0,"B2B -> Engineering, Product and Design",B2B,"Engineering, Product and Design"
29805,handled,Summer 2024,S24,2024.0,B2B -> Retail,B2B,Retail
29797,haystackeditor,Summer 2024,S24,2024.0,"B2B -> Engineering, Product and Design",B2B,"Engineering, Product and Design"
29799,helium,Summer 2024,S24,2024.0,"B2B -> Engineering, Product and Design",B2B,"Engineering, Product and Design"
29954,henry-2,Summer 2024,S24,2024.0,Real Estate and Construction,Real Estate and Construction,
29800,heroui,Summer 2024,S24,2024.0,"B2B -> Engineering, Product and Design",B2B,"Engineering, Product and Design"
29737,hestus-inc,Summer 2024,S24,2024.0,"B2B -> Engineering, Product and Design",B2B,"Engineering, Product and Design"
29642,hexclave,Summer 2024,S24,2024.0,"B2B -> Engineering, Product and Design",B2B,"Engineering, Product and Design"
29953,hey-revia,Summer 2024,S24,2024.0,B2B,B2B,
29660,hyrex,Summer 2024,S24,2024.0,"B2B -> Engineering, Product and Design",B2B,"Engineering, Product and Design"
29770,intryc,Summer 2024,S24,2024.0,B2B -> Operations,B2B,Operations
29641,invaria,Summer 2024,S24,2024.0,"B2B -> Engineering, Product and Design",B2B,"Engineering, Product and Design"
29803,ionworks,Summer 2024,S24,2024.0,Industrials -> Energy,Industrials,Energy
29715,kastle,Summer 2024,S24,2024.0,B2B,B2B,
29854,keet,Summer 2024,S24,2024.0,Consumer,Consumer,
29690,kenley,Summer 2024,S24,2024.0,B2B -> Productivity,B2B,Productivity
29820,kontigo,Summer 2024,S24,2024.0,Fintech -> Banking and Exchange,Fintech,Banking and Exchange
29714,kopra-bio,Summer 2024,S24,2024.0,Healthcare -> Therapeutics,Healthcare,Therapeutics
29766,kura-ai,Summer 2024,S24,2024.0,B2B,B2B,
29782,laminar,Summer 2024,S24,2024.0,"B2B -> Engineering, Product and Design",B2B,"Engineering, Product and Design"
29702,ledgerup,Summer 2024,S24,2024.0,B2B -> Finance and Accounting,B2B,Finance and Accounting
29705,lighthouz-ai,Summer 2024,S24,2024.0,B2B,B2B,
29412,ligo-biosciences,Summer 2024,S24,2024.0,Healthcare -> Industrial Bio,Healthcare,Industrial Bio
29787,lilac-labs,Summer 2024,S24,2024.0,B2B,B2B,
29685,joinlore,Summer 2024,S24,2024.0,B2B,B2B,
29678,lucible,Summer 2024,S24,2024.0,B2B -> Operations,B2B,Operations
29760,mage-legal,Summer 2024,S24,2024.0,B2B -> Legal,B2B,Legal
29736,magicode,Summer 2024,S24,2024.0,"B2B -> Engineering, Product and Design",B2B,"Engineering, Product and Design"
29647,maitai,Summer 2024,S24,2024.0,"B2B -> Engineering, Product and Design",B2B,"Engineering, Product and Design"
29585,mem0,Summer 2024,S24,2024.0,B2B -> Infrastructure,B2B,Infrastructure
29977,merlin-ai,Summer 2024,S24,2024.0,B2B,B2B,
29966,mica-ai,Summer 2024,S24,2024.0,B2B -> Operations,B2B,Operations
29980,midship,Summer 2024,S24,2024.0,B2B -> Finance and Accounting,B2B,Finance and Accounting
29774,mineflow,Summer 2024,S24,2024.0,Industrials,Industrials,
29687,minusx,Summer 2024,S24,2024.0,B2B -> Analytics,B2B,Analytics
29569,miru-ml,Summer 2024,S24,2024.0,B2B -> Infrastructure,B2B,Infrastructure
29706,mito-health,Summer 2024,S24,2024.0,Healthcare -> Consumer Health and Wellness,Healthcare,Consumer Health and Wellness
29704,modus,Summer 2024,S24,2024.0,B2B,B2B,
29829,moreta,Summer 2024,S24,2024.0,Fintech -> Payments,Fintech,Payments
29663,networkocean,Summer 2024,S24,2024.0,Industrials -> Climate,Industrials,Climate
29853,no-logo,Summer 2024,S24,2024.0,B2B -> Supply Chain and Logistics,B2B,Supply Chain and Logistics
29795,odo,Summer 2024,S24,2024.0,B2B,B2B,
29675,offstream,Summer 2024,S24,2024.0,B2B,B2B,
29724,ontra-mobility,Summer 2024,S24,2024.0,Government,Government,
29751,opslane,Summer 2024,S24,2024.0,B2B -> Infrastructure,B2B,Infrastructure
29826,orca-client,Summer 2024,S24,2024.0,Consumer,Consumer,
29969,orgorg,Summer 2024,S24,2024.0,B2B -> Productivity,B2B,Productivity
29992,outerport,Summer 2024,S24,2024.0,"B2B -> Engineering, Product and Design",B2B,"Engineering, Product and Design"
29387,overeasy,Summer 2024,S24,2024.0,B2B,B2B,
29964,overlap,Summer 2024,S24,2024.0,Consumer -> Content,Consumer,Content
29844,oway,Summer 2024,S24,2024.0,B2B -> Infrastructure,B2B,Infrastructure
29789,paasa,Summer 2024,S24,2024.0,Fintech -> Asset Management,Fintech,Asset Management
29786,palmier,Summer 2024,S24,2024.0,Consumer -> Content,Consumer,Content
29721,panora,Summer 2024,S24,2024.0,B2B,B2B,
29684,parahelp,Summer 2024,S24,2024.0,B2B -> Operations,B2B,Operations
29772,parley,Summer 2024,S24,2024.0,B2B -> Legal,B2B,Legal
29968,patched,Summer 2024,S24,2024.0,B2B -> Productivity,B2B,Productivity
29983,pathpilot,Summer 2024,S24,2024.0,B2B,B2B,
29755,pax,Summer 2024,S24,2024.0,B2B -> Supply Chain and Logistics,B2B,Supply Chain and Logistics
29857,pharos,Summer 2024,S24,2024.0,Healthcare -> Healthcare IT,Healthcare,Healthcare IT
29645,phonely,Summer 2024,S24,2024.0,B2B,B2B,
29769,pinnacle,Summer 2024,S24,2024.0,"B2B -> Engineering, Product and Design",B2B,"Engineering, Product and Design"
29950,pipeshift,Summer 2024,S24,2024.0,B2B -> Infrastructure,B2B,Infrastructure
29739,planbase,Summer 2024,S24,2024.0,Healthcare -> Healthcare IT,Healthcare,Healthcare IT
29701,plume,Summer 2024,S24,2024.0,Industrials -> Climate,Industrials,Climate
29251,poka-labs,Summer 2024,S24,2024.0,B2B -> Supply Chain and Logistics,B2B,Supply Chain and Logistics
29821,polymet,Summer 2024,S24,2024.0,"B2B -> Engineering, Product and Design",B2B,"Engineering, Product and Design"
29778,praxos,Summer 2024,S24,2024.0,B2B,B2B,
29608,pre,Summer 2024,S24,2024.0,B2B -> Operations,B2B,Operations
29780,presti-ai,Summer 2024,S24,2024.0,B2B -> Retail,B2B,Retail
29607,prohostai,Summer 2024,S24,2024.0,B2B,B2B,
29725,promi,Summer 2024,S24,2024.0,"B2B -> Engineering, Product and Design",B2B,"Engineering, Product and Design"
29815,propaya,Summer 2024,S24,2024.0,Real Estate and Construction -> Housing and Real Estate,Real Estate and Construction,Housing and Real Estate
29668,proxis,Summer 2024,S24,2024.0,B2B,B2B,
29699,pulse-3,Summer 2024,S24,2024.0,B2B -> Infrastructure,B2B,Infrastructure
29833,quetzal,Summer 2024,S24,2024.0,"B2B -> Engineering, Product and Design",B2B,"Engineering, Product and Design"
29634,random-labs,Summer 2024,S24,2024.0,"B2B -> Engineering, Product and Design",B2B,"Engineering, Product and Design"
29834,rastro,Summer 2024,S24,2024.0,B2B -> Retail,B2B,Retail
29732,reactwise,Summer 2024,S24,2024.0,"B2B -> Engineering, Product and Design",B2B,"Engineering, Product and Design"
29740,redouble-ai,Summer 2024,S24,2024.0,B2B,B2B,
29788,refactor,Summer 2024,S24,2024.0,B2B,B2B,
29762,remade,Summer 2024,S24,2024.0,Consumer -> Content,Consumer,Content
29837,rentflow,Summer 2024,S24,2024.0,B2B,B2B,
29801,rescript,Summer 2024,S24,2024.0,B2B -> Legal,B2B,Legal
29658,retrofix,Summer 2024,S24,2024.0,B2B,B2B,
29667,rewbi,Summer 2024,S24,2024.0,Industrials -> Energy,Industrials,Energy
29793,riskangle,Summer 2024,S24,2024.0,B2B,B2B,
29568,roger-2,Summer 2024,S24,2024.0,B2B -> Sales,B2B,Sales
29951,rowboat-labs,Summer 2024,S24,2024.0,Consumer,Consumer,
29682,runlocal-ai,Summer 2024,S24,2024.0,"B2B -> Engineering, Product and Design",B2B,"Engineering, Product and Design"
29643,sagecare,Summer 2024,S24,2024.0,Healthcare -> Healthcare IT,Healthcare,Healthcare IT
29848,saldor,Summer 2024,S24,2024.0,B2B -> Supply Chain and Logistics,B2B,Supply Chain and Logistics
29588,saphira-ai,Summer 2024,S24,2024.0,"B2B -> Engineering, Product and Design",B2B,"Engineering, Product and Design"
29730,saturn,Summer 2024,S24,2024.0,Fintech,Fintech,
29671,scape,Summer 2024,S24,2024.0,B2B -> Productivity,B2B,Productivity
29776,schemeflow,Summer 2024,S24,2024.0,Real Estate and Construction,Real Estate and Construction,
29748,seals-ai,Summer 2024,S24,2024.0,B2B,B2B,
29784,sensei,Summer 2024,S24,2024.0,Industrials -> Manufacturing and Robotics,Industrials,Manufacturing and Robotics
29825,sepal-ai,Summer 2024,S24,2024.0,B2B,B2B,
29745,sharpe,Summer 2024,S24,2024.0,B2B -> Analytics,B2B,Analytics
29661,silurian,Summer 2024,S24,2024.0,Industrials -> Climate,Industrials,Climate
29978,simcare,Summer 2024,S24,2024.0,Healthcare,Healthcare,
29785,simple-ai,Summer 2024,S24,2024.0,B2B -> Sales,B2B,Sales
29296,simplex,Summer 2024,S24,2024.0,"B2B -> Engineering, Product and Design",B2B,"Engineering, Product and Design"
29773,soff,Summer 2024,S24,2024.0,B2B -> Supply Chain and Logistics,B2B,Supply Chain and Logistics
29792,sonatoria,Summer 2024,S24,2024.0,B2B,B2B,
29650,sorcerer,Summer 2024,S24,2024.0,Industrials -> Climate,Industrials,Climate
29597,spaceium-inc,Summer 2024,S24,2024.0,Industrials -> Aviation and Space,Industrials,Aviation and Space
29570,spherecast,Summer 2024,S24,2024.0,B2B -> Supply Chain and Logistics,B2B,Supply Chain and Logistics
29474,spur,Summer 2024,S24,2024.0,"B2B -> Engineering, Product and Design",B2B,"Engineering, Product and Design"
29808,starcloud,Summer 2024,S24,2024.0,Industrials -> Aviation and Space,Industrials,Aviation and Space
29654,stardrift,Summer 2024,S24,2024.0,"Consumer -> Travel, Leisure and Tourism",Consumer,"Travel, Leisure and Tourism"
29756,stempad,Summer 2024,S24,2024.0,B2B -> Productivity,B2B,Productivity
29673,storia-ai,Summer 2024,S24,2024.0,"B2B -> Engineering, Product and Design",B2B,"Engineering, Product and Design"
29709,substrate,Summer 2024,S24,2024.0,B2B,B2B,
29574,superunit,Summer 2024,S24,2024.0,B2B -> Operations,B2B,Operations
29850,surebright,Summer 2024,S24,2024.0,B2B -> Retail,B2B,Retail
29591,synnax,Summer 2024,S24,2024.0,B2B -> Infrastructure,B2B,Infrastructure
29987,syntra,Summer 2024,S24,2024.0,Healthcare -> Healthcare IT,Healthcare,Healthcare IT
29640,tabula,Summer 2024,S24,2024.0,B2B -> Finance and Accounting,B2B,Finance and Accounting
29691,tandem-2,Summer 2024,S24,2024.0,B2B -> Office Management,B2B,Office Management
29710,taxgpt,Summer 2024,S24,2024.0,B2B -> Finance and Accounting,B2B,Finance and Accounting
29779,the-forecasting-company,Summer 2024,S24,2024.0,B2B,B2B,
29708,the-synthesis-company,Summer 2024,S24,2024.0,"B2B -> Engineering, Product and Design",B2B,"Engineering, Product and Design"
29589,theseus,Summer 2024,S24,2024.0,Industrials -> Drones,Industrials,Drones
29767,thunder-compute,Summer 2024,S24,2024.0,B2B -> Infrastructure,B2B,Infrastructure
29804,thyme,Summer 2024,S24,2024.0,B2B -> Finance and Accounting,B2B,Finance and Accounting
29689,tivara,Summer 2024,S24,2024.0,Healthcare,Healthcare,
29836,tradeflow,Summer 2024,S24,2024.0,Fintech,Fintech,
29830,typa,Summer 2024,S24,2024.0,B2B -> Marketing,B2B,Marketing
29557,ultra,Summer 2024,S24,2024.0,Industrials -> Manufacturing and Robotics,Industrials,Manufacturing and Robotics
29659,unbound,Summer 2024,S24,2024.0,B2B -> Security,B2B,Security
29573,undermind,Summer 2024,S24,2024.0,B2B,B2B,
29579,understood-care,Summer 2024,S24,2024.0,Healthcare,Healthcare,
29633,unsloth-ai,Summer 2024,S24,2024.0,"B2B -> Engineering, Product and Design",B2B,"Engineering, Product and Design"
29849,usul,Summer 2024,S24,2024.0,Government,Government,
29814,vendra,Summer 2024,S24,2024.0,Industrials -> Manufacturing and Robotics,Industrials,Manufacturing and Robotics
29858,vera-health,Summer 2024,S24,2024.0,Healthcare -> Healthcare Services,Healthcare,Healthcare Services
29734,vibe,Summer 2024,S24,2024.0,"B2B -> Engineering, Product and Design",B2B,"Engineering, Product and Design"
29644,videogen,Summer 2024,S24,2024.0,B2B,B2B,
29967,village-labs,Summer 2024,S24,2024.0,B2B -> Human Resources,B2B,Human Resources
29960,void,Summer 2024,S24,2024.0,"B2B -> Engineering, Product and Design",B2B,"Engineering, Product and Design"
29835,voker,Summer 2024,S24,2024.0,"B2B -> Engineering, Product and Design",B2B,"Engineering, Product and Design"
29692,weave-robotics,Summer 2024,S24,2024.0,Industrials -> Manufacturing and Robotics,Industrials,Manufacturing and Robotics
29819,weel,Summer 2024,S24,2024.0,Consumer -> Transportation Services,Consumer,Transportation Services
29649,wordware,Summer 2024,S24,2024.0,Consumer,Consumer,
29956,xtraffic,Summer 2024,S24,2024.0,Government,Government,
29764,zeit-ai,Summer 2024,S24,2024.0,B2B -> Analytics,B2B,Analytics
29812,zeropath,Summer 2024,S24,2024.0,B2B -> Security,B2B,Security
29777,zettascale,Summer 2024,S24,2024.0,Industrials,Industrials,
29731,zoa-research,Summer 2024,S24,2024.0,B2B,B2B,
29670,zuni,Summer 2024,S24,2024.0,B2B -> Productivity,B2B,Productivity
29823,autarc,Summer 2024,S24,2024.0,B2B,B2B,
29688,camfer,Summer 2024,S24,2024.0,"B2B -> Engineering, Product and Design",B2B,"Engineering, Product and Design"
29719,cmux,Summer 2024,S24,2024.0,B2B,B2B,
29703,d_model,Summer 2024,S24,2024.0,"B2B -> Engineering, Product and Design",B2B,"Engineering, Product and Design"
29747,deepsilicon,Summer 2024,S24,2024.0,Industrials,Industrials,
29856,et-al,Summer 2024,S24,2024.0,Consumer,Consumer,
29728,expand-ai,Summer 2024,S24,2024.0,B2B,B2B,
29653,ideate-xyz,Summer 2024,S24,2024.0,"B2B -> Engineering, Product and Design",B2B,"Engineering, Product and Design"
29611,mdhub,Summer 2024,S24,2024.0,Healthcare,Healthcare,
29822,omnidock,Summer 2024,S24,2024.0,B2B -> Operations,B2B,Operations
29839,pap,Summer 2024,S24,2024.0,Consumer,Consumer,
29750,winfunc,Summer 2024,S24,2024.0,B2B -> Security,B2B,Security
29532,angstrom-ai,Summer 2024,S24,2024.0,Healthcare -> Drug Discovery and Delivery,Healthcare,Drug Discovery and Delivery
30078,abundant,Fall 2024,F24,2024.0,B2B,B2B,
30037,afternoon-co,Fall 2024,F24,2024.0,B2B -> Finance and Accounting,B2B,Finance and Accounting
30100,alex,Fall 2024,F24,2024.0,"B2B -> Engineering, Product and Design",B2B,"Engineering, Product and Design"
30130,apolink,Fall 2024,F24,2024.0,Industrials -> Aviation and Space,Industrials,Aviation and Space
30105,archilabs,Fall 2024,F24,2024.0,Real Estate and Construction -> Construction,Real Estate and Construction,Construction
30045,archil,Fall 2024,F24,2024.0,B2B -> Infrastructure,B2B,Infrastructure
30131,asha-health,Fall 2024,F24,2024.0,Healthcare,Healthcare,
30077,autocomputer,Fall 2024,F24,2024.0,B2B,B2B,
30019,avora,Fall 2024,F24,2024.0,Healthcare,Healthcare,
30067,beglaubigtde,Fall 2024,F24,2024.0,B2B -> Legal,B2B,Legal
30054,ctgt,Fall 2024,F24,2024.0,B2B -> Infrastructure,B2B,Infrastructure
30030,candle,Fall 2024,F24,2024.0,Consumer,Consumer,
30119,canvas,Fall 2024,F24,2024.0,B2B,B2B,
30096,capy,Fall 2024,F24,2024.0,"B2B -> Engineering, Product and Design",B2B,"Engineering, Product and Design"
30124,careforce,Fall 2024,F24,2024.0,Healthcare -> Healthcare IT,Healthcare,Healthcare IT
30046,cekura-ai,Fall 2024,F24,2024.0,"B2B -> Engineering, Product and Design",B2B,"Engineering, Product and Design"
30065,withcharm,Fall 2024,F24,2024.0,Consumer -> Social,Consumer,Social
30014,clarus,Fall 2024,F24,2024.0,"B2B -> Engineering, Product and Design",B2B,"Engineering, Product and Design"
30091,collectwise,Fall 2024,F24,2024.0,Fintech,Fintech,
30095,consus,Fall 2024,F24,2024.0,Industrials -> Aviation and Space,Industrials,Aviation and Space
30024,crouton,Fall 2024,F24,2024.0,B2B -> Operations,B2B,Operations
30076,crustdata,Fall 2024,F24,2024.0,B2B -> Sales,B2B,Sales
30083,curo,Fall 2024,F24,2024.0,Industrials -> Automotive,Industrials,Automotive
30032,darkgrade,Fall 2024,F24,2024.0,B2B -> Infrastructure,B2B,Infrastructure
30080,dexter,Fall 2024,F24,2024.0,B2B -> Finance and Accounting,B2B,Finance and Accounting
30102,diffusion-studio,Fall 2024,F24,2024.0,Consumer -> Content,Consumer,Content
30027,durate,Fall 2024,F24,2024.0,Healthcare -> Healthcare IT,Healthcare,Healthcare IT
30118,ember,Fall 2024,F24,2024.0,Healthcare,Healthcare,
30047,endstack,Fall 2024,F24,2024.0,B2B,B2B,
30110,forerunner-ai,Fall 2024,F24,2024.0,Industrials -> Aviation and Space,Industrials,Aviation and Space
30063,freebuff,Fall 2024,F24,2024.0,"B2B -> Engineering, Product and Design",B2B,"Engineering, Product and Design"
30116,freestyle-ai,Fall 2024,F24,2024.0,Consumer,Consumer,
30089,fresco,Fall 2024,F24,2024.0,Real Estate and Construction -> Construction,Real Estate and Construction,Construction
30109,futureclinic,Fall 2024,F24,2024.0,Healthcare,Healthcare,
30028,gait,Fall 2024,F24,2024.0,B2B,B2B,
30018,galini,Fall 2024,F24,2024.0,B2B,B2B,
30099,gander,Fall 2024,F24,2024.0,B2B -> Operations,B2B,Operations
30087,gecko-security,Fall 2024,F24,2024.0,B2B -> Security,B2B,Security
30053,general-learning,Fall 2024,F24,2024.0,Education,Education,
30031,getcho,Fall 2024,F24,2024.0,B2B -> Supply Chain and Logistics,B2B,Supply Chain and Logistics
30064,hybrd,Fall 2024,F24,2024.0,Consumer,Consumer,
30034,healthspark,Fall 2024,F24,2024.0,Healthcare,Healthcare,
30129,humanlayer,Fall 2024,F24,2024.0,"B2B -> Engineering, Product and Design",B2B,"Engineering, Product and Design"
30052,issen,Fall 2024,F24,2024.0,Consumer,Consumer,
30097,innate,Fall 2024,F24,2024.0,Consumer -> Consumer Electronics,Consumer,Consumer Electronics
30062,karmen,Fall 2024,F24,2024.0,Real Estate and Construction -> Construction,Real Estate and Construction,Construction
30056,keye,Fall 2024,F24,2024.0,Fintech,Fintech,
30101,kilvin,Fall 2024,F24,2024.0,"B2B -> Engineering, Product and Design",B2B,"Engineering, Product and Design"
30115,laminar-com,Fall 2024,F24,2024.0,B2B,B2B,
30038,lightscreen-ai,Fall 2024,F24,2024.0,B2B -> Recruiting and Talent,B2B,Recruiting and Talent
30060,lingodotdev,Fall 2024,F24,2024.0,"B2B -> Engineering, Product and Design",B2B,"Engineering, Product and Design"
30127,loombotic,Fall 2024,F24,2024.0,Industrials -> Manufacturing and Robotics,Industrials,Manufacturing and Robotics
30057,luthor,Fall 2024,F24,2024.0,B2B,B2B,
30048,astrix-health,Fall 2024,F24,2024.0,Healthcare,Healthcare,
30113,melder,Fall 2024,F24,2024.0,B2B -> Productivity,B2B,Productivity
30103,metreecs,Fall 2024,F24,2024.0,B2B -> Retail,B2B,Retail
30029,moonset-health,Fall 2024,F24,2024.0,B2B -> Sales,B2B,Sales
30079,moonshine,Fall 2024,F24,2024.0,B2B,B2B,
30033,openbenchmarks,Fall 2024,F24,2024.0,B2B -> Marketing,B2B,Marketing
30090,origami-2,Fall 2024,F24,2024.0,B2B -> Sales,B2B,Sales
30073,pearson-labs,Fall 2024,F24,2024.0,B2B -> Legal,B2B,Legal
30088,permitportal,Fall 2024,F24,2024.0,Real Estate and Construction,Real Estate and Construction,
30039,raycaster,Fall 2024,F24,2024.0,B2B -> Productivity,B2B,Productivity
30117,relvy-ai,Fall 2024,F24,2024.0,"B2B -> Engineering, Product and Design",B2B,"Engineering, Product and Design"
30049,reticular,Fall 2024,F24,2024.0,Healthcare -> Consumer Health and Wellness,Healthcare,Consumer Health and Wellness
30104,revi,Fall 2024,F24,2024.0,B2B -> Sales,B2B,Sales
30041,revyl,Fall 2024,F24,2024.0,B2B -> Infrastructure,B2B,Infrastructure
30055,riskcube,Fall 2024,F24,2024.0,Fintech -> Insurance,Fintech,Insurance
30017,riveter,Fall 2024,F24,2024.0,"B2B -> Engineering, Product and Design",B2B,"Engineering, Product and Design"
30126,roundabout-technologies,Fall 2024,F24,2024.0,Government,Government,
30036,rulebase,Fall 2024,F24,2024.0,B2B -> Operations,B2B,Operations
30114,ryvn,Fall 2024,F24,2024.0,B2B -> Infrastructure,B2B,Infrastructure
30044,sandra-ai,Fall 2024,F24,2024.0,B2B,B2B,
30050,smooth,Fall 2024,F24,2024.0,"B2B -> Engineering, Product and Design",B2B,"Engineering, Product and Design"
30059,sphinx,Fall 2024,F24,2024.0,Fintech,Fintech,
30068,stewdio,Fall 2024,F24,2024.0,Consumer,Consumer,
30023,streamable,Fall 2024,F24,2024.0,Consumer,Consumer,
30108,struct-ai,Fall 2024,F24,2024.0,"B2B -> Engineering, Product and Design",B2B,"Engineering, Product and Design"
30106,sunset,Fall 2024,F24,2024.0,Fintech -> Consumer Finance,Fintech,Consumer Finance
30107,surge,Fall 2024,F24,2024.0,"B2B -> Engineering, Product and Design",B2B,"Engineering, Product and Design"
30022,symphony,Fall 2024,F24,2024.0,B2B,B2B,
30125,synth-3,Fall 2024,F24,2024.0,B2B -> Infrastructure,B2B,Infrastructure
30075,tiny,Fall 2024,F24,2024.0,B2B,B2B,
30066,unusual,Fall 2024,F24,2024.0,B2B -> Marketing,B2B,Marketing
29577,variant,Fall 2024,F24,2024.0,"B2B -> Engineering, Product and Design",B2B,"Engineering, Product and Design"
30112,vaya,Fall 2024,F24,2024.0,"Consumer -> Travel, Leisure and Tourism",Consumer,"Travel, Leisure and Tourism"
30043,vespper,Fall 2024,F24,2024.0,B2B -> Productivity,B2B,Productivity
30042,vortexify,Fall 2024,F24,2024.0,B2B -> Operations,B2B,Operations
30016,zeroframe,Fall 2024,F24,2024.0,B2B,B2B,
30051,attimet,Fall 2024,F24,2024.0,Fintech,Fintech,
30040,supercontrast,Fall 2024,F24,2024.0,"B2B -> Engineering, Product and Design",B2B,"Engineering, Product and Design"
30021,telli,Fall 2024,F24,2024.0,B2B,B2B,
30074,vly-ai-2,Fall 2024,F24,2024.0,"B2B -> Engineering, Product and Design",B2B,"Engineering, Product and Design"
30111,x1,Fall 2024,F24,2024.0,Consumer,Consumer,
30250,10x,Winter 2025,W25,2025.0,Healthcare,Healthcare,
30221,a1zap-by-a1base,Winter 2025,W25,2025.0,"B2B -> Engineering, Product and Design",B2B,"Engineering, Product and Design"
30234,adam,Winter 2025,W25,2025.0,"B2B -> Engineering, Product and Design",B2B,"Engineering, Product and Design"
30303,afterquery,Winter 2025,W25,2025.0,B2B -> Infrastructure,B2B,Infrastructure
30278,agentin-ai,Winter 2025,W25,2025.0,B2B,B2B,
30197,alice-tech,Winter 2025,W25,2025.0,Education,Education,
30222,altrina,Winter 2025,W25,2025.0,B2B -> Productivity,B2B,Productivity
30238,amby-health,Winter 2025,W25,2025.0,Healthcare -> Consumer Health and Wellness,Healthcare,Consumer Health and Wellness
30307,archon,Winter 2025,W25,2025.0,Government,Government,
30354,artifact-2,Winter 2025,W25,2025.0,"B2B -> Engineering, Product and Design",B2B,"Engineering, Product and Design"
30298,artificial-societies,Winter 2025,W25,2025.0,B2B,B2B,
30259,asteroid,Winter 2025,W25,2025.0,B2B,B2B,
30202,astro,Winter 2025,W25,2025.0,Industrials -> Energy,Industrials,Energy
30268,athenahq,Winter 2025,W25,2025.0,B2B -> Marketing,B2B,Marketing
30353,axal,Winter 2025,W25,2025.0,Industrials -> Manufacturing and Robotics,Industrials,Manufacturing and Robotics
30192,axiom,Winter 2025,W25,2025.0,Fintech -> Consumer Finance,Fintech,Consumer Finance
30240,bezel,Winter 2025,W25,2025.0,B2B,B2B,
30177,bild-ai,Winter 2025,W25,2025.0,Real Estate and Construction -> Construction,Real Estate and Construction,Construction
30263,bindwell,Winter 2025,W25,2025.0,Industrials -> Agriculture,Industrials,Agriculture
30363,blindpay,Winter 2025,W25,2025.0,Fintech -> Payments,Fintech,Payments
30334,bluebook,Winter 2025,W25,2025.0,B2B -> Finance and Accounting,B2B,Finance and Accounting
30341,browser-use,Winter 2025,W25,2025.0,B2B,B2B,
30193,bud,Winter 2025,W25,2025.0,B2B,B2B,
30335,butter,Winter 2025,W25,2025.0,B2B -> Infrastructure,B2B,Infrastructure
30279,bystreet,Winter 2025,W25,2025.0,B2B,B2B,
30287,calltree,Winter 2025,W25,2025.0,B2B,B2B,
30178,candor,Winter 2025,W25,2025.0,Government,Government,
30273,candor-security,Winter 2025,W25,2025.0,B2B -> Security,B2B,Security
30239,cardamon,Winter 2025,W25,2025.0,B2B -> Finance and Accounting,B2B,Finance and Accounting
30227,caseflood-ai,Winter 2025,W25,2025.0,B2B -> Legal,B2B,Legal
30343,cedar,Winter 2025,W25,2025.0,"B2B -> Engineering, Product and Design",B2B,"Engineering, Product and Design"
30266,cenote,Winter 2025,W25,2025.0,B2B -> Sales,B2B,Sales
30243,cifrato,Winter 2025,W25,2025.0,B2B -> Operations,B2B,Operations
30209,closure,Winter 2025,W25,2025.0,Government,Government,
30283,confident-ai,Winter 2025,W25,2025.0,"B2B -> Engineering, Product and Design",B2B,"Engineering, Product and Design"
30210,conntour,Winter 2025,W25,2025.0,Industrials -> Defense,Industrials,Defense
30215,contrario,Winter 2025,W25,2025.0,B2B -> Recruiting and Talent,B2B,Recruiting and Talent
30338,copycat,Winter 2025,W25,2025.0,Fintech -> Insurance,Fintech,Insurance
30319,corsair,Winter 2025,W25,2025.0,"B2B -> Engineering, Product and Design",B2B,"Engineering, Product and Design"
30252,cuckoo-labs,Winter 2025,W25,2025.0,B2B,B2B,
30328,dalus,Winter 2025,W25,2025.0,"B2B -> Engineering, Product and Design",B2B,"Engineering, Product and Design"
30201,dartboard,Winter 2025,W25,2025.0,Industrials,Industrials,
29988,delineate,Winter 2025,W25,2025.0,"B2B -> Engineering, Product and Design",B2B,"Engineering, Product and Design"
30351,joindex,Winter 2025,W25,2025.0,B2B -> Productivity,B2B,Productivity
30198,dollyglot,Winter 2025,W25,2025.0,Consumer,Consumer,
30165,edexia,Winter 2025,W25,2025.0,Education,Education,
28922,egress-health,Winter 2025,W25,2025.0,Healthcare,Healthcare,
30226,elip-ai,Winter 2025,W25,2025.0,B2B,B2B,
30172,enhanced-radar,Winter 2025,W25,2025.0,Industrials -> Aviation and Space,Industrials,Aviation and Space
30339,ergo,Winter 2025,W25,2025.0,B2B -> Sales,B2B,Sales
30185,excellence-learning,Winter 2025,W25,2025.0,Education,Education,
29986,exin-therapeutics,Winter 2025,W25,2025.0,Healthcare -> Therapeutics,Healthcare,Therapeutics
30284,exla,Winter 2025,W25,2025.0,B2B -> Infrastructure,B2B,Infrastructure
30356,fira,Winter 2025,W25,2025.0,B2B -> Finance and Accounting,B2B,Finance and Accounting
30182,flowtel,Winter 2025,W25,2025.0,B2B -> Infrastructure,B2B,Infrastructure
30305,forge-automation,Winter 2025,W25,2025.0,Industrials -> Manufacturing and Robotics,Industrials,Manufacturing and Robotics
30301,fuse-ai,Winter 2025,W25,2025.0,B2B -> Sales,B2B,Sales
30270,g-lnk,Winter 2025,W25,2025.0,B2B,B2B,
30258,gale,Winter 2025,W25,2025.0,B2B -> Legal,B2B,Legal
30276,general-trajectory,Winter 2025,W25,2025.0,Industrials -> Manufacturing and Robotics,Industrials,Manufacturing and Robotics
30254,hud,Winter 2025,W25,2025.0,"B2B -> Engineering, Product and Design",B2B,"Engineering, Product and Design"
30265,harbera,Winter 2025,W25,2025.0,Healthcare -> Healthcare IT,Healthcare,Healthcare IT
30288,harper,Winter 2025,W25,2025.0,Fintech -> Insurance,Fintech,Insurance
30249,healthkey,Winter 2025,W25,2025.0,Healthcare -> Healthcare IT,Healthcare,Healthcare IT
30188,hey-telo,Winter 2025,W25,2025.0,B2B,B2B,
30295,infinite,Winter 2025,W25,2025.0,Fintech -> Payments,Fintech,Payments
30347,instinct-space,Winter 2025,W25,2025.0,Industrials -> Aviation and Space,Industrials,Aviation and Space
30233,inversion-semiconductor,Winter 2025,W25,2025.0,Industrials -> Manufacturing and Robotics,Industrials,Manufacturing and Robotics
30020,invo,Winter 2025,W25,2025.0,B2B,B2B,
30200,karoo,Winter 2025,W25,2025.0,Fintech -> Consumer Finance,Fintech,Consumer Finance
30285,karsa,Winter 2025,W25,2025.0,Fintech,Fintech,
30181,leaping-ai,Winter 2025,W25,2025.0,B2B,B2B,
30269,liquid-compute,Winter 2025,W25,2025.0,Fintech -> Banking and Exchange,Fintech,Banking and Exchange
30267,lopus,Winter 2025,W25,2025.0,B2B -> Analytics,B2B,Analytics
30261,lucid,Winter 2025,W25,2025.0,Consumer,Consumer,
30272,lucidic-ai,Winter 2025,W25,2025.0,B2B,B2B,
30260,macadamia,Winter 2025,W25,2025.0,"B2B -> Engineering, Product and Design",B2B,"Engineering, Product and Design"
30229,maive,Winter 2025,W25,2025.0,B2B,B2B,
30224,maritime-fusion,Winter 2025,W25,2025.0,Industrials -> Energy,Industrials,Energy
30304,mastra,Winter 2025,W25,2025.0,"B2B -> Engineering, Product and Design",B2B,"Engineering, Product and Design"
30251,mecha-health,Winter 2025,W25,2025.0,Healthcare,Healthcare,
30365,mentra,Winter 2025,W25,2025.0,Consumer -> Virtual and Augmented Reality,Consumer,Virtual and Augmented Reality
30346,mercura,Winter 2025,W25,2025.0,B2B -> Sales,B2B,Sales
30292,mesh-2,Winter 2025,W25,2025.0,B2B -> Finance and Accounting,B2B,Finance and Accounting
30302,misprint,Winter 2025,W25,2025.0,Consumer,Consumer,
30299,miyagi-labs,Winter 2025,W25,2025.0,Education,Education,
30244,mosaic-2,Winter 2025,W25,2025.0,Consumer -> Content,Consumer,Content
30271,mundo-ai,Winter 2025,W25,2025.0,B2B -> Infrastructure,B2B,Infrastructure
30286,nitrode,Winter 2025,W25,2025.0,B2B,B2B,
30242,oki,Winter 2025,W25,2025.0,"B2B -> Engineering, Product and Design",B2B,"Engineering, Product and Design"
30255,olive,Winter 2025,W25,2025.0,B2B,B2B,
29999,onlook,Winter 2025,W25,2025.0,"B2B -> Engineering, Product and Design",B2B,"Engineering, Product and Design"
30297,openintake,Winter 2025,W25,2025.0,B2B -> Legal,B2B,Legal
30248,operand,Winter 2025,W25,2025.0,B2B,B2B,
30315,optifye-ai,Winter 2025,W25,2025.0,B2B,B2B,
30293,orbital-operations,Winter 2025,W25,2025.0,Industrials -> Aviation and Space,Industrials,Aviation and Space
30247,osmosis,Winter 2025,W25,2025.0,B2B,B2B,
30291,outlit,Winter 2025,W25,2025.0,B2B,B2B,
30176,outship,Winter 2025,W25,2025.0,B2B -> Recruiting and Talent,B2B,Recruiting and Talent
29727,overstand-labs,Winter 2025,W25,2025.0,B2B -> Analytics,B2B,Analytics
30214,ovlo,Winter 2025,W25,2025.0,B2B -> Recruiting and Talent,B2B,Recruiting and Talent
30256,pax-markets,Winter 2025,W25,2025.0,Fintech -> Banking and Exchange,Fintech,Banking and Exchange
30231,deployparagon,Winter 2025,W25,2025.0,B2B -> Operations,B2B,Operations
30337,paratus-health,Winter 2025,W25,2025.0,Healthcare -> Healthcare IT,Healthcare,Healthcare IT
30257,pave-robotics,Winter 2025,W25,2025.0,Industrials -> Manufacturing and Robotics,Industrials,Manufacturing and Robotics
30296,peppr-ai,Winter 2025,W25,2025.0,B2B -> Sales,B2B,Sales
30317,permitify,Winter 2025,W25,2025.0,Real Estate and Construction -> Construction,Real Estate and Construction,Construction
30262,pickle-2,Winter 2025,W25,2025.0,Consumer -> Consumer Electronics,Consumer,Consumer Electronics
30314,pinch,Winter 2025,W25,2025.0,B2B -> Productivity,B2B,Productivity
30187,praxim,Winter 2025,W25,2025.0,B2B -> Productivity,B2B,Productivity
30320,proception-inc,Winter 2025,W25,2025.0,Industrials -> Manufacturing and Robotics,Industrials,Manufacturing and Robotics
30207,promptless,Winter 2025,W25,2025.0,"B2B -> Engineering, Product and Design",B2B,"Engineering, Product and Design"
30160,quantstruct,Winter 2025,W25,2025.0,B2B,B2B,
30235,rally-3,Winter 2025,W25,2025.0,Fintech,Fintech,
30277,rejot,Winter 2025,W25,2025.0,"B2B -> Engineering, Product and Design",B2B,"Engineering, Product and Design"
30324,rebolt,Winter 2025,W25,2025.0,B2B,B2B,
30368,red-barn-robotics,Winter 2025,W25,2025.0,Industrials -> Agriculture,Industrials,Agriculture
30316,reditus-space,Winter 2025,W25,2025.0,Industrials -> Aviation and Space,Industrials,Aviation and Space
30312,retrofit,Winter 2025,W25,2025.0,Consumer -> Apparel and Cosmetics,Consumer,Apparel and Cosmetics
30174,revise-robotics,Winter 2025,W25,2025.0,Industrials -> Manufacturing and Robotics,Industrials,Manufacturing and Robotics
30282,riviera,Winter 2025,W25,2025.0,B2B,B2B,
30325,roark,Winter 2025,W25,2025.0,B2B -> Analytics,B2B,Analytics
30217,rocketable,Winter 2025,W25,2025.0,B2B,B2B,
30348,sammy-labs,Winter 2025,W25,2025.0,B2B,B2B,
30230,salespatriot,Winter 2025,W25,2025.0,B2B -> Operations,B2B,Operations
30205,scout-4,Winter 2025,W25,2025.0,Education,Education,
30294,sennu-ai,Winter 2025,W25,2025.0,B2B,B2B,
30275,solidroad,Winter 2025,W25,2025.0,B2B,B2B,
30194,splash-inc,Winter 2025,W25,2025.0,Industrials -> Drones,Industrials,Drones
30322,spott,Winter 2025,W25,2025.0,B2B -> Recruiting and Talent,B2B,Recruiting and Talent
30196,stamp,Winter 2025,W25,2025.0,B2B -> Productivity,B2B,Productivity
30190,steinmetz,Winter 2025,W25,2025.0,Industrials,Industrials,
30264,stillwind,Winter 2025,W25,2025.0,"B2B -> Engineering, Product and Design",B2B,"Engineering, Product and Design"
30189,subimage,Winter 2025,W25,2025.0,B2B -> Security,B2B,Security
30216,sublingual,Winter 2025,W25,2025.0,B2B,B2B,
30204,subtrace,Winter 2025,W25,2025.0,"B2B -> Engineering, Product and Design",B2B,"Engineering, Product and Design"
30246,swerve,Winter 2025,W25,2025.0,Consumer,Consumer,
30340,tamlabs,Winter 2025,W25,2025.0,B2B -> Productivity,B2B,Productivity
30345,tee-time-tommy,Winter 2025,W25,2025.0,Consumer,Consumer,
30333,tensorpool,Winter 2025,W25,2025.0,B2B -> Infrastructure,B2B,Infrastructure
30236,tergle,Winter 2025,W25,2025.0,B2B,B2B,
30290,tire-swing,Winter 2025,W25,2025.0,B2B -> Legal,B2B,Legal
30218,toothy-ai,Winter 2025,W25,2025.0,Healthcare -> Healthcare IT,Healthcare,Healthcare IT
30350,trainloop,Winter 2025,W25,2025.0,"B2B -> Engineering, Product and Design",B2B,"Engineering, Product and Design"
30274,trata,Winter 2025,W25,2025.0,B2B -> Finance and Accounting,B2B,Finance and Accounting
30225,trava,Winter 2025,W25,2025.0,B2B -> Supply Chain and Logistics,B2B,Supply Chain and Logistics
30237,trim,Winter 2025,W25,2025.0,"B2B -> Engineering, Product and Design",B2B,"Engineering, Product and Design"
30213,truffle-ai,Winter 2025,W25,2025.0,"B2B -> Engineering, Product and Design",B2B,"Engineering, Product and Design"
30183,tweeksio,Winter 2025,W25,2025.0,B2B -> Recruiting and Talent,B2B,Recruiting and Talent
29959,uncommon-therapeutics,Winter 2025,W25,2025.0,Healthcare -> Therapeutics,Healthcare,Therapeutics
30357,vantel,Winter 2025,W25,2025.0,Fintech -> Insurance,Fintech,Insurance
30220,verbiflow,Winter 2025,W25,2025.0,B2B,B2B,
30179,vetnio,Winter 2025,W25,2025.0,B2B -> Productivity,B2B,Productivity
30203,vocality-health,Winter 2025,W25,2025.0,Healthcare -> Healthcare Services,Healthcare,Healthcare Services
30281,waypoint-transit,Winter 2025,W25,2025.0,Government,Government,
30228,weave-3,Winter 2025,W25,2025.0,"B2B -> Engineering, Product and Design",B2B,"Engineering, Product and Design"
30318,wildcard,Winter 2025,W25,2025.0,"B2B -> Engineering, Product and Design",B2B,"Engineering, Product and Design"
30321,woz,Winter 2025,W25,2025.0,B2B,B2B,
29790,youshift,Winter 2025,W25,2025.0,B2B -> Human Resources,B2B,Human Resources
30241,zeroentropy,Winter 2025,W25,2025.0,B2B -> Infrastructure,B2B,Infrastructure
30223,a0-dev,Winter 2025,W25,2025.0,"B2B -> Engineering, Product and Design",B2B,"Engineering, Product and Design"
30355,assistant-ui,Winter 2025,W25,2025.0,B2B -> Infrastructure,B2B,Infrastructure
30199,awen,Winter 2025,W25,2025.0,B2B,B2B,
30232,carecycle,Winter 2025,W25,2025.0,B2B,B2B,
30253,finbar,Winter 2025,W25,2025.0,Fintech,Fintech,
30212,superglue,Winter 2025,W25,2025.0,"B2B -> Engineering, Product and Design",B2B,"Engineering, Product and Design"
30427,acolite,Spring 2025,X25,2025.0,Fintech -> Insurance,Fintech,Insurance
30529,adentris,Spring 2025,X25,2025.0,Healthcare -> Healthcare IT,Healthcare,Healthcare IT
30557,aegis,Spring 2025,X25,2025.0,Healthcare -> Healthcare IT,Healthcare,Healthcare IT
30549,airweave,Spring 2025,X25,2025.0,B2B -> Infrastructure,B2B,Infrastructure
30498,alkali,Spring 2025,X25,2025.0,"B2B -> Engineering, Product and Design",B2B,"Engineering, Product and Design"
30430,almond-2,Spring 2025,X25,2025.0,Industrials -> Manufacturing and Robotics,Industrials,Manufacturing and Robotics
30435,alpha-research,Spring 2025,X25,2025.0,"B2B -> Engineering, Product and Design",B2B,"Engineering, Product and Design"
30485,anana,Spring 2025,X25,2025.0,B2B,B2B,
30403,aravolta,Spring 2025,X25,2025.0,B2B -> Infrastructure,B2B,Infrastructure
30336,atlog,Spring 2025,X25,2025.0,B2B -> Operations,B2B,Operations
30449,attune,Spring 2025,X25,2025.0,"B2B -> Engineering, Product and Design",B2B,"Engineering, Product and Design"
29662,atum-works,Spring 2025,X25,2025.0,Industrials -> Manufacturing and Robotics,Industrials,Manufacturing and Robotics
30425,auctor,Spring 2025,X25,2025.0,B2B,B2B,
30415,avallon-ai,Spring 2025,X25,2025.0,Fintech -> Insurance,Fintech,Insurance
30173,aviro,Spring 2025,X25,2025.0,B2B,B2B,
30438,beluga,Spring 2025,X25,2025.0,B2B -> Marketing,B2B,Marketing
30500,besimple-ai,Spring 2025,X25,2025.0,B2B,B2B,
30452,better-auth,Spring 2025,X25,2025.0,B2B -> Security,B2B,Security
30406,bitboard,Spring 2025,X25,2025.0,B2B -> Analytics,B2B,Analytics
30558,bitpatrol,Spring 2025,X25,2025.0,B2B -> Security,B2B,Security
30366,blaxel,Spring 2025,X25,2025.0,B2B,B2B,
30412,bloom-4,Spring 2025,X25,2025.0,"B2B -> Engineering, Product and Design",B2B,"Engineering, Product and Design"
30451,bluejay,Spring 2025,X25,2025.0,B2B,B2B,
30553,blueshoe,Spring 2025,X25,2025.0,B2B -> Legal,B2B,Legal
30554,bond,Spring 2025,X25,2025.0,B2B -> Productivity,B2B,Productivity
30509,boost-robotics,Spring 2025,X25,2025.0,Industrials -> Manufacturing and Robotics,Industrials,Manufacturing and Robotics
30516,bramante,Spring 2025,X25,2025.0,Industrials -> Manufacturing and Robotics,Industrials,Manufacturing and Robotics
30543,oncactus,Spring 2025,X25,2025.0,B2B,B2B,
30428,capacitive,Spring 2025,X25,2025.0,"B2B -> Engineering, Product and Design",B2B,"Engineering, Product and Design"
30501,cartpole,Spring 2025,X25,2025.0,B2B,B2B,
30556,cascade-space,Spring 2025,X25,2025.0,Industrials -> Aviation and Space,Industrials,Aviation and Space
30477,casco,Spring 2025,X25,2025.0,B2B -> Security,B2B,Security
30447,caucus,Spring 2025,X25,2025.0,Government,Government,
30384,chestnut,Spring 2025,X25,2025.0,Fintech -> Credit and Lending,Fintech,Credit and Lending
30459,chiron,Spring 2025,X25,2025.0,Education,Education,
30429,claim-health,Spring 2025,X25,2025.0,Healthcare,Healthcare,
30439,clarm,Spring 2025,X25,2025.0,B2B -> Productivity,B2B,Productivity
30468,clidey,Spring 2025,X25,2025.0,B2B,B2B,
30541,code-four,Spring 2025,X25,2025.0,Government,Government,
30565,cohesive,Spring 2025,X25,2025.0,B2B,B2B,
30461,combinely,Spring 2025,X25,2025.0,B2B -> Finance and Accounting,B2B,Finance and Accounting
30535,cotool,Spring 2025,X25,2025.0,B2B -> Security,B2B,Security
30479,crimson,Spring 2025,X25,2025.0,B2B -> Legal,B2B,Legal
30420,cua,Spring 2025,X25,2025.0,"B2B -> Engineering, Product and Design",B2B,"Engineering, Product and Design"
30538,den,Spring 2025,X25,2025.0,B2B -> Productivity,B2B,Productivity
30562,docket,Spring 2025,X25,2025.0,"B2B -> Engineering, Product and Design",B2B,"Engineering, Product and Design"
30513,eloquent-ai,Spring 2025,X25,2025.0,B2B,B2B,
30431,feyn,Spring 2025,X25,2025.0,"B2B -> Engineering, Product and Design",B2B,"Engineering, Product and Design"
30480,flott-hq,Spring 2025,X25,2025.0,B2B,B2B,
30560,foundation-industries,Spring 2025,X25,2025.0,Industrials,Industrials,
30462,freesolo,Spring 2025,X25,2025.0,"B2B -> Engineering, Product and Design",B2B,"Engineering, Product and Design"
30399,frekil,Spring 2025,X25,2025.0,Healthcare,Healthcare,
30422,galen-ai,Spring 2025,X25,2025.0,Healthcare -> Consumer Health and Wellness,Healthcare,Consumer Health and Wellness
30559,godela,Spring 2025,X25,2025.0,"B2B -> Engineering, Product and Design",B2B,"Engineering, Product and Design"
30407,golf,Spring 2025,X25,2025.0,B2B -> Security,B2B,Security
30417,groundcontrol,Spring 2025,X25,2025.0,Industrials -> Aviation and Space,Industrials,Aviation and Space
30469,habit,Spring 2025,X25,2025.0,B2B -> Retail,B2B,Retail
30442,hanji,Spring 2025,X25,2025.0,B2B -> Infrastructure,B2B,Infrastructure
30432,helixdb,Spring 2025,X25,2025.0,"B2B -> Engineering, Product and Design",B2B,"Engineering, Product and Design"
30519,hemut,Spring 2025,X25,2025.0,B2B -> Supply Chain and Logistics,B2B,Supply Chain and Logistics
30497,human-behavior,Spring 2025,X25,2025.0,"B2B -> Engineering, Product and Design",B2B,"Engineering, Product and Design"
30487,irbc,Spring 2025,X25,2025.0,Fintech -> Banking and Exchange,Fintech,Banking and Exchange
30458,jeevy-fabrication,Spring 2025,X25,2025.0,"B2B -> Engineering, Product and Design",B2B,"Engineering, Product and Design"
30437,kaelio,Spring 2025,X25,2025.0,B2B,B2B,
30521,kairos,Spring 2025,X25,2025.0,B2B -> Infrastructure,B2B,Infrastructure
30471,kaizen,Spring 2025,X25,2025.0,B2B,B2B,
30418,kanava-ai,Spring 2025,X25,2025.0,B2B -> Supply Chain and Logistics,B2B,Supply Chain and Logistics
30402,kashikoi,Spring 2025,X25,2025.0,B2B,B2B,
30450,kestral,Spring 2025,X25,2025.0,B2B,B2B,
30446,kirana-ai,Spring 2025,X25,2025.0,B2B -> Retail,B2B,Retail
30506,klavis-ai,Spring 2025,X25,2025.0,B2B,B2B,
30466,labric,Spring 2025,X25,2025.0,B2B -> Analytics,B2B,Analytics
29656,leeroo,Spring 2025,X25,2025.0,B2B,B2B,
30515,libretto,Spring 2025,X25,2025.0,Healthcare -> Healthcare Services,Healthcare,Healthcare Services
30482,lucis,Spring 2025,X25,2025.0,Healthcare -> Consumer Health and Wellness,Healthcare,Consumer Health and Wellness
30540,lumari,Spring 2025,X25,2025.0,B2B -> Supply Chain and Logistics,B2B,Supply Chain and Logistics
30445,mbodi-ai,Spring 2025,X25,2025.0,Industrials -> Manufacturing and Robotics,Industrials,Manufacturing and Robotics
30523,mesmer,Spring 2025,X25,2025.0,"B2B -> Engineering, Product and Design",B2B,"Engineering, Product and Design"
30527,mindfort,Spring 2025,X25,2025.0,B2B -> Security,B2B,Security
30419,minerva,Spring 2025,X25,2025.0,B2B -> Finance and Accounting,B2B,Finance and Accounting
30531,moby-analytics,Spring 2025,X25,2025.0,B2B -> Finance and Accounting,B2B,Finance and Accounting
30475,morphik,Spring 2025,X25,2025.0,B2B -> Operations,B2B,Operations
30512,morphoai,Spring 2025,X25,2025.0,Industrials -> Manufacturing and Robotics,Industrials,Manufacturing and Robotics
30502,nodi-energy,Spring 2025,X25,2025.0,Industrials -> Energy,Industrials,Energy
30522,naive,Spring 2025,X25,2025.0,B2B -> Infrastructure,B2B,Infrastructure
30532,nimbic-ai,Spring 2025,X25,2025.0,"B2B -> Engineering, Product and Design",B2B,"Engineering, Product and Design"
30476,nomi,Spring 2025,X25,2025.0,B2B -> Sales,B2B,Sales
30491,novoflow,Spring 2025,X25,2025.0,Healthcare -> Healthcare Services,Healthcare,Healthcare Services
30467,opusense-ai,Spring 2025,X25,2025.0,Real Estate and Construction -> Construction,Real Estate and Construction,Construction
30518,orchid-ai,Spring 2025,X25,2025.0,B2B -> Productivity,B2B,Productivity
30455,paper-instruments,Spring 2025,X25,2025.0,B2B,B2B,
30507,paraquery,Spring 2025,X25,2025.0,B2B -> Infrastructure,B2B,Infrastructure
30453,parsewise,Spring 2025,X25,2025.0,B2B,B2B,
30191,partcl,Spring 2025,X25,2025.0,"B2B -> Engineering, Product and Design",B2B,"Engineering, Product and Design"
30533,pelica,Spring 2025,X25,2025.0,Healthcare -> Healthcare IT,Healthcare,Healthcare IT
30444,percival,Spring 2025,X25,2025.0,B2B,B2B,
30448,pgdog,Spring 2025,X25,2025.0,B2B -> Infrastructure,B2B,Infrastructure
30465,photonium,Spring 2025,X25,2025.0,"B2B -> Engineering, Product and Design",B2B,"Engineering, Product and Design"
30400,plexe,Spring 2025,X25,2025.0,"B2B -> Engineering, Product and Design",B2B,"Engineering, Product and Design"
30492,prism,Spring 2025,X25,2025.0,"B2B -> Engineering, Product and Design",B2B,"Engineering, Product and Design"
30528,probo,Spring 2025,X25,2025.0,B2B -> Security,B2B,Security
30536,propolis,Spring 2025,X25,2025.0,B2B,B2B,
30367,qfex,Spring 2025,X25,2025.0,Fintech -> Banking and Exchange,Fintech,Banking and Exchange
30496,qualgent,Spring 2025,X25,2025.0,B2B,B2B,
30426,ralo,Spring 2025,X25,2025.0,Fintech -> Consumer Finance,Fintech,Consumer Finance
30454,refresh,Spring 2025,X25,2025.0,"B2B -> Engineering, Product and Design",B2B,"Engineering, Product and Design"
30530,rimba,Spring 2025,X25,2025.0,Industrials -> Climate,Industrials,Climate
30474,runrl,Spring 2025,X25,2025.0,B2B -> Infrastructure,B2B,Infrastructure
30514,scalar-field,Spring 2025,X25,2025.0,Fintech,Fintech,
30440,sim,Spring 2025,X25,2025.0,B2B,B2B,
30464,sixtyfour,Spring 2025,X25,2025.0,B2B -> Infrastructure,B2B,Infrastructure
30545,starsling,Spring 2025,X25,2025.0,"B2B -> Engineering, Product and Design",B2B,"Engineering, Product and Design"
30561,sureform,Spring 2025,X25,2025.0,B2B,B2B,
30508,sygaldry-technologies,Spring 2025,X25,2025.0,Industrials,Industrials,
30421,synthio-labs,Spring 2025,X25,2025.0,Healthcare,Healthcare,
30463,tegore,Spring 2025,X25,2025.0,Education,Education,
30547,text-ai,Spring 2025,X25,2025.0,Consumer,Consumer,
30433,the-robot-learning-company,Spring 2025,X25,2025.0,Industrials -> Manufacturing and Robotics,Industrials,Manufacturing and Robotics
30548,theorem-2,Spring 2025,X25,2025.0,"B2B -> Engineering, Product and Design",B2B,"Engineering, Product and Design"
30488,theta,Spring 2025,X25,2025.0,B2B,B2B,
30504,third-chair,Spring 2025,X25,2025.0,B2B -> Legal,B2B,Legal
30472,ticket-wallet,Spring 2025,X25,2025.0,B2B,B2B,
30456,tinfoil,Spring 2025,X25,2025.0,B2B -> Security,B2B,Security
30457,trapeze,Spring 2025,X25,2025.0,Healthcare -> Healthcare IT,Healthcare,Healthcare IT
30443,units,Spring 2025,X25,2025.0,Education,Education,
30517,valuemate,Spring 2025,X25,2025.0,B2B,B2B,
30511,vassar-robotics,Spring 2025,X25,2025.0,Consumer -> Consumer Electronics,Consumer,Consumer Electronics
30503,vesence,Spring 2025,X25,2025.0,B2B -> Legal,B2B,Legal
30542,vision-lab,Spring 2025,X25,2025.0,Industrials -> Manufacturing and Robotics,Industrials,Manufacturing and Robotics
30460,voiceos,Spring 2025,X25,2025.0,Consumer,Consumer,
30404,vybe,Spring 2025,X25,2025.0,"B2B -> Engineering, Product and Design",B2B,"Engineering, Product and Design"
30329,waffle,Spring 2025,X25,2025.0,Consumer,Consumer,
30544,wavedash,Spring 2025,X25,2025.0,Consumer -> Gaming,Consumer,Gaming
29666,willow,Spring 2025,X25,2025.0,Consumer,Consumer,
30434,zeon-systems,Spring 2025,X25,2025.0,Industrials -> Manufacturing and Robotics,Industrials,Manufacturing and Robotics
30526,chrt,Spring 2025,X25,2025.0,B2B -> Supply Chain and Logistics,B2B,Supply Chain and Logistics
30411,cubic,Spring 2025,X25,2025.0,"B2B -> Engineering, Product and Design",B2B,"Engineering, Product and Design"
30539,mlop,Spring 2025,X25,2025.0,B2B,B2B,
30405,nao-labs,Spring 2025,X25,2025.0,B2B -> Analytics,B2B,Analytics
30423,neoncoral,Spring 2025,X25,2025.0,Consumer,Consumer,
30552,sieveai,Spring 2025,X25,2025.0,B2B -> Finance and Accounting,B2B,Finance and Accounting
30441,stratify,Spring 2025,X25,2025.0,B2B,B2B,
30484,throxy,Spring 2025,X25,2025.0,B2B -> Sales,B2B,Sales
30606,acrely,Summer 2025,S25,2025.0,B2B,B2B,
30596,adaptional,Summer 2025,S25,2025.0,B2B,B2B,
30611,agentmail,Summer 2025,S25,2025.0,B2B -> Infrastructure,B2B,Infrastructure
30727,alara,Summer 2025,S25,2025.0,B2B,B2B,
30704,albacore-inc,Summer 2025,S25,2025.0,Industrials -> Defense,Industrials,Defense
30651,alter,Summer 2025,S25,2025.0,B2B -> Security,B2B,Security
30738,altur,Summer 2025,S25,2025.0,B2B,B2B,
30362,ambral,Summer 2025,S25,2025.0,B2B -> Sales,B2B,Sales
30614,astor,Summer 2025,S25,2025.0,Fintech -> Consumer Finance,Fintech,Consumer Finance
30720,autosana,Summer 2025,S25,2025.0,"B2B -> Engineering, Product and Design",B2B,"Engineering, Product and Design"
30086,autumn,Summer 2025,S25,2025.0,B2B,B2B,
30734,avelis-health,Summer 2025,S25,2025.0,Healthcare -> Healthcare IT,Healthcare,Healthcare IT
30799,avent,Summer 2025,S25,2025.0,B2B,B2B,
30792,geo-ai,Summer 2025,S25,2025.0,B2B -> Marketing,B2B,Marketing
30613,blank-bio,Summer 2025,S25,2025.0,Healthcare -> Therapeutics,Healthcare,Therapeutics
30813,blue,Summer 2025,S25,2025.0,Consumer,Consumer,
30675,bootloop,Summer 2025,S25,2025.0,"B2B -> Engineering, Product and Design",B2B,"Engineering, Product and Design"
30774,clodo,Summer 2025,S25,2025.0,B2B -> Sales,B2B,Sales
30510,cactus-compute,Summer 2025,S25,2025.0,"B2B -> Engineering, Product and Design",B2B,"Engineering, Product and Design"
30666,careswift,Summer 2025,S25,2025.0,Healthcare,Healthcare,
30759,certus-ai,Summer 2025,S25,2025.0,B2B,B2B,
30695,channel3,Summer 2025,S25,2025.0,B2B -> Retail,B2B,Retail
30711,char,Summer 2025,S25,2025.0,B2B -> Productivity,B2B,Productivity
30603,closera,Summer 2025,S25,2025.0,B2B,B2B,
30698,comena,Summer 2025,S25,2025.0,B2B -> Supply Chain and Logistics,B2B,Supply Chain and Logistics
30626,contextfort,Summer 2025,S25,2025.0,B2B -> Security,B2B,Security
30747,convexia,Summer 2025,S25,2025.0,Healthcare -> Drug Discovery and Delivery,Healthcare,Drug Discovery and Delivery
30681,conviction,Summer 2025,S25,2025.0,Fintech -> Consumer Finance,Fintech,Consumer Finance
30692,costream,Summer 2025,S25,2025.0,Consumer,Consumer,
30647,cyberdesk,Summer 2025,S25,2025.0,"B2B -> Engineering, Product and Design",B2B,"Engineering, Product and Design"
30628,datafruit,Summer 2025,S25,2025.0,"B2B -> Engineering, Product and Design",B2B,"Engineering, Product and Design"
30605,dedalus-labs,Summer 2025,S25,2025.0,B2B -> Infrastructure,B2B,Infrastructure
30662,deepaware-ai-robotics-center-of-silicon-valley,Summer 2025,S25,2025.0,Industrials -> Manufacturing and Robotics,Industrials,Manufacturing and Robotics
30656,deepgrove,Summer 2025,S25,2025.0,B2B,B2B,
30637,design-arena,Summer 2025,S25,2025.0,Consumer,Consumer,
30684,doe,Summer 2025,S25,2025.0,B2B,B2B,
30781,duranium,Summer 2025,S25,2025.0,Industrials -> Manufacturing and Robotics,Industrials,Manufacturing and Robotics
30636,effigov,Summer 2025,S25,2025.0,Government,Government,
30691,embedder,Summer 2025,S25,2025.0,"B2B -> Engineering, Product and Design",B2B,"Engineering, Product and Design"
30694,epicenter,Summer 2025,S25,2025.0,Consumer,Consumer,
30832,f2,Summer 2025,S25,2025.0,"B2B -> Engineering, Product and Design",B2B,"Engineering, Product and Design"
30741,f4-industries,Summer 2025,S25,2025.0,Industrials,Industrials,
30716,finto-de,Summer 2025,S25,2025.0,B2B -> Finance and Accounting,B2B,Finance and Accounting
30690,flai,Summer 2025,S25,2025.0,Industrials -> Automotive,Industrials,Automotive
30775,fleetline,Summer 2025,S25,2025.0,B2B -> Supply Chain and Logistics,B2B,Supply Chain and Logistics
30729,floot,Summer 2025,S25,2025.0,"B2B -> Engineering, Product and Design",B2B,"Engineering, Product and Design"
30771,flywheel-ai,Summer 2025,S25,2025.0,Industrials -> Manufacturing and Robotics,Industrials,Manufacturing and Robotics
30802,freya,Summer 2025,S25,2025.0,Fintech,Fintech,
30655,frizzle,Summer 2025,S25,2025.0,Education,Education,
30688,fulcrum,Summer 2025,S25,2025.0,B2B -> Analytics,B2B,Analytics
30598,getasap,Summer 2025,S25,2025.0,B2B -> Supply Chain and Logistics,B2B,Supply Chain and Logistics
30696,ghosteye,Summer 2025,S25,2025.0,B2B -> Security,B2B,Security
30618,golpo,Summer 2025,S25,2025.0,B2B -> Productivity,B2B,Productivity
30609,halluminate,Summer 2025,S25,2025.0,B2B,B2B,
30758,hera-video,Summer 2025,S25,2025.0,"B2B -> Engineering, Product and Design",B2B,"Engineering, Product and Design"
30732,humoniq,Summer 2025,S25,2025.0,B2B,B2B,
30650,imprezia,Summer 2025,S25,2025.0,B2B -> Infrastructure,B2B,Infrastructure
30789,interfere,Summer 2025,S25,2025.0,"B2B -> Engineering, Product and Design",B2B,"Engineering, Product and Design"
30717,iron-grid,Summer 2025,S25,2025.0,Industrials -> Manufacturing and Robotics,Industrials,Manufacturing and Robotics
30685,ironledger-ai,Summer 2025,S25,2025.0,Real Estate and Construction -> Housing and Real Estate,Real Estate and Construction,Housing and Real Estate
30648,tryjanet,Summer 2025,S25,2025.0,B2B,B2B,
30769,juxta,Summer 2025,S25,2025.0,B2B,B2B,
30762,kernel,Summer 2025,S25,2025.0,B2B -> Infrastructure,B2B,Infrastructure
30677,kalinda,Summer 2025,S25,2025.0,B2B -> Legal,B2B,Legal
30664,kestroll,Summer 2025,S25,2025.0,Consumer -> Content,Consumer,Content
30721,knowlify,Summer 2025,S25,2025.0,B2B,B2B,
30625,llm-stats,Summer 2025,S25,2025.0,B2B -> Infrastructure,B2B,Infrastructure
30615,lanesurf,Summer 2025,S25,2025.0,B2B,B2B,
30630,lark,Summer 2025,S25,2025.0,"B2B -> Engineering, Product and Design",B2B,"Engineering, Product and Design"
30649,lilac,Summer 2025,S25,2025.0,B2B,B2B,
30622,liva-ai,Summer 2025,S25,2025.0,B2B,B2B,
30754,locata,Summer 2025,S25,2025.0,Healthcare -> Healthcare IT,Healthcare,Healthcare IT
30638,lotas,Summer 2025,S25,2025.0,B2B -> Analytics,B2B,Analytics
30804,luminal,Summer 2025,S25,2025.0,B2B -> Infrastructure,B2B,Infrastructure
30776,magnetic,Summer 2025,S25,2025.0,B2B -> Productivity,B2B,Productivity
30660,magnitude,Summer 2025,S25,2025.0,"B2B -> Engineering, Product and Design",B2B,"Engineering, Product and Design"
30608,mangodesk,Summer 2025,S25,2025.0,B2B,B2B,
30710,manufact,Summer 2025,S25,2025.0,B2B -> Infrastructure,B2B,Infrastructure
30731,maximal,Summer 2025,S25,2025.0,B2B -> Supply Chain and Logistics,B2B,Supply Chain and Logistics
30602,meteor,Summer 2025,S25,2025.0,Consumer,Consumer,
30740,metis,Summer 2025,S25,2025.0,B2B -> Infrastructure,B2B,Infrastructure
30701,mimos,Summer 2025,S25,2025.0,B2B,B2B,
30725,minimal-ai,Summer 2025,S25,2025.0,B2B,B2B,
30777,modelence,Summer 2025,S25,2025.0,B2B -> Infrastructure,B2B,Infrastructure
30640,monarcha,Summer 2025,S25,2025.0,B2B,B2B,
30352,monte,Summer 2025,S25,2025.0,"B2B -> Engineering, Product and Design",B2B,"Engineering, Product and Design"
30713,motives,Summer 2025,S25,2025.0,B2B -> Marketing,B2B,Marketing
30786,munify,Summer 2025,S25,2025.0,Fintech,Fintech,
30795,noso-labs,Summer 2025,S25,2025.0,Industrials,Industrials,
30733,nautilus,Summer 2025,S25,2025.0,B2B -> Sales,B2B,Sales
30673,nexa-labs,Summer 2025,S25,2025.0,Industrials -> Agriculture,Industrials,Agriculture
30494,nixo,Summer 2025,S25,2025.0,B2B,B2B,
30697,normal,Summer 2025,S25,2025.0,Industrials,Industrials,
30756,notte,Summer 2025,S25,2025.0,B2B,B2B,
30709,novaflow,Summer 2025,S25,2025.0,Healthcare,Healthcare,
30818,nox-metals,Summer 2025,S25,2025.0,Industrials -> Manufacturing and Robotics,Industrials,Manufacturing and Robotics
30700,nozomio,Summer 2025,S25,2025.0,Consumer,Consumer,
30643,nuntius,Summer 2025,S25,2025.0,B2B -> Infrastructure,B2B,Infrastructure
30768,okibi,Summer 2025,S25,2025.0,B2B,B2B,
30722,omnara,Summer 2025,S25,2025.0,"B2B -> Engineering, Product and Design",B2B,"Engineering, Product and Design"
30652,ondeck-ai,Summer 2025,S25,2025.0,B2B -> Analytics,B2B,Analytics
30686,onestop,Summer 2025,S25,2025.0,Consumer,Consumer,
30743,opennote,Summer 2025,S25,2025.0,Consumer,Consumer,
30642,orange-slice,Summer 2025,S25,2025.0,B2B -> Sales,B2B,Sales
30736,pares-ai,Summer 2025,S25,2025.0,Real Estate and Construction,Real Estate and Construction,
30755,pally,Summer 2025,S25,2025.0,B2B -> Productivity,B2B,Productivity
30807,paloma,Summer 2025,S25,2025.0,B2B,B2B,
30645,panels,Summer 2025,S25,2025.0,"B2B -> Engineering, Product and Design",B2B,"Engineering, Product and Design"
30665,pangolin,Summer 2025,S25,2025.0,B2B -> Infrastructure,B2B,Infrastructure
30671,panoptive,Summer 2025,S25,2025.0,B2B,B2B,
30708,perseus-defense,Summer 2025,S25,2025.0,Industrials -> Defense,Industrials,Defense
30778,perspectives-health,Summer 2025,S25,2025.0,Healthcare -> Healthcare IT,Healthcare,Healthcare IT
30707,phases,Summer 2025,S25,2025.0,Healthcare -> Healthcare IT,Healthcare,Healthcare IT
30703,physical-turing,Summer 2025,S25,2025.0,Industrials -> Manufacturing and Robotics,Industrials,Manufacturing and Robotics
30582,pingo,Summer 2025,S25,2025.0,Consumer,Consumer,
30623,playgent,Summer 2025,S25,2025.0,Healthcare -> Healthcare IT,Healthcare,Healthcare IT
30748,pleom,Summer 2025,S25,2025.0,B2B -> Analytics,B2B,Analytics
30566,preseen,Summer 2025,S25,2025.0,B2B -> Analytics,B2B,Analytics
30719,procindex,Summer 2025,S25,2025.0,B2B -> Finance and Accounting,B2B,Finance and Accounting
30659,proliferate,Summer 2025,S25,2025.0,"B2B -> Engineering, Product and Design",B2B,"Engineering, Product and Design"
30739,quotain,Summer 2025,S25,2025.0,B2B -> Sales,B2B,Sales
30761,reacher,Summer 2025,S25,2025.0,B2B,B2B,
30805,realroots,Summer 2025,S25,2025.0,Consumer -> Social,Consumer,Social
30763,rebulk,Summer 2025,S25,2025.0,B2B -> Supply Chain and Logistics,B2B,Supply Chain and Logistics
30712,relling,Summer 2025,S25,2025.0,B2B -> Infrastructure,B2B,Infrastructure
30724,risely-ai,Summer 2025,S25,2025.0,Education,Education,
30680,riverbank,Summer 2025,S25,2025.0,B2B -> Infrastructure,B2B,Infrastructure
30785,rowflow,Summer 2025,S25,2025.0,B2B -> Operations,B2B,Operations
30798,ruvo,Summer 2025,S25,2025.0,Fintech,Fintech,
30796,outrove,Summer 2025,S25,2025.0,B2B,B2B,
30413,serafis,Summer 2025,S25,2025.0,B2B,B2B,
30619,shor,Summer 2025,S25,2025.0,Fintech -> Payments,Fintech,Payments
30744,sigmanticai,Summer 2025,S25,2025.0,"B2B -> Engineering, Product and Design",B2B,"Engineering, Product and Design"
30742,sira,Summer 2025,S25,2025.0,B2B -> Human Resources,B2B,Human Resources
30669,slashy,Summer 2025,S25,2025.0,B2B -> Productivity,B2B,Productivity
30726,socratix-ai,Summer 2025,S25,2025.0,B2B -> Operations,B2B,Operations
30706,solva,Summer 2025,S25,2025.0,Fintech -> Insurance,Fintech,Insurance
30791,spotlight-realty,Summer 2025,S25,2025.0,Real Estate and Construction,Real Estate and Construction,
30676,stellon-labs,Summer 2025,S25,2025.0,"B2B -> Engineering, Product and Design",B2B,"Engineering, Product and Design"
30661,stockline,Summer 2025,S25,2025.0,B2B,B2B,
29697,stormy,Summer 2025,S25,2025.0,B2B -> Operations,B2B,Operations
30520,synthetic-society,Summer 2025,S25,2025.0,"B2B -> Engineering, Product and Design",B2B,"Engineering, Product and Design"
30782,tectoai,Summer 2025,S25,2025.0,B2B,B2B,
30663,tesora,Summer 2025,S25,2025.0,Fintech -> Insurance,Fintech,Insurance
30607,the-prompting-company,Summer 2025,S25,2025.0,B2B -> Marketing,B2B,Marketing
30683,theora,Summer 2025,S25,2025.0,B2B -> Analytics,B2B,Analytics
30629,topological,Summer 2025,S25,2025.0,"B2B -> Engineering, Product and Design",B2B,"Engineering, Product and Design"
30687,trace-so,Summer 2025,S25,2025.0,B2B -> Productivity,B2B,Productivity
30610,traceroot-ai,Summer 2025,S25,2025.0,"B2B -> Engineering, Product and Design",B2B,"Engineering, Product and Design"
30702,twentytwo,Summer 2025,S25,2025.0,Healthcare -> Industrial Bio,Healthcare,Industrial Bio
30806,uplift-ai,Summer 2025,S25,2025.0,B2B,B2B,
30797,veritus,Summer 2025,S25,2025.0,Fintech -> Credit and Lending,Fintech,Credit and Lending
30624,verne-robotics,Summer 2025,S25,2025.0,Industrials -> Manufacturing and Robotics,Industrials,Manufacturing and Robotics
30699,vibeflow,Summer 2025,S25,2025.0,B2B,B2B,
30794,vulcan-technologies,Summer 2025,S25,2025.0,B2B -> Legal,B2B,Legal
30644,wafer,Summer 2025,S25,2025.0,"B2B -> Engineering, Product and Design",B2B,"Engineering, Product and Design"
30364,wayline,Summer 2025,S25,2025.0,Real Estate and Construction,Real Estate and Construction,
30668,wedge,Summer 2025,S25,2025.0,Healthcare,Healthcare,
30616,args,Summer 2025,S25,2025.0,B2B -> Productivity,B2B,Productivity
30689,b12-labs,Summer 2025,S25,2025.0,Healthcare -> Drug Discovery and Delivery,Healthcare,Drug Discovery and Delivery
30634,bitrig,Summer 2025,S25,2025.0,"B2B -> Engineering, Product and Design",B2B,"Engineering, Product and Design"
30801,burnt,Summer 2025,S25,2025.0,B2B -> Supply Chain and Logistics,B2B,Supply Chain and Logistics
30670,cocreate,Summer 2025,S25,2025.0,Consumer -> Content,Consumer,Content
30730,idler,Summer 2025,S25,2025.0,"B2B -> Engineering, Product and Design",B2B,"Engineering, Product and Design"
30772,stagewise,Summer 2025,S25,2025.0,"B2B -> Engineering, Product and Design",B2B,"Engineering, Product and Design"
30612,truthsystems,Summer 2025,S25,2025.0,B2B -> Infrastructure,B2B,Infrastructure
30958,absurd,Fall 2025,F25,2025.0,B2B -> Marketing,B2B,Marketing
30837,aircaps,Fall 2025,F25,2025.0,Consumer,Consumer,
30910,aleph-lab,Fall 2025,F25,2025.0,Consumer,Consumer,
30895,allus-ai,Fall 2025,F25,2025.0,Industrials -> Manufacturing and Robotics,Industrials,Manufacturing and Robotics
30992,amera,Fall 2025,F25,2025.0,Fintech -> Insurance,Fintech,Insurance
31010,amika,Fall 2025,F25,2025.0,B2B -> Infrastructure,B2B,Infrastructure
30890,answerthis,Fall 2025,F25,2025.0,Consumer,Consumer,
30999,antigen,Fall 2025,F25,2025.0,"B2B -> Engineering, Product and Design",B2B,"Engineering, Product and Design"
30937,anto-biosciences,Fall 2025,F25,2025.0,Healthcare,Healthcare,
30943,aside,Fall 2025,F25,2025.0,Consumer,Consumer,
30857,aspect-inc,Fall 2025,F25,2025.0,"B2B -> Engineering, Product and Design",B2B,"Engineering, Product and Design"
30882,atlasgrid,Fall 2025,F25,2025.0,"B2B -> Engineering, Product and Design",B2B,"Engineering, Product and Design"
30956,automax-ai,Fall 2025,F25,2025.0,Real Estate and Construction -> Housing and Real Estate,Real Estate and Construction,Housing and Real Estate
30591,autonomous-technologies-group,Fall 2025,F25,2025.0,Fintech,Fintech,
30996,axial,Fall 2025,F25,2025.0,Industrials -> Manufacturing and Robotics,Industrials,Manufacturing and Robotics
30989,bluma,Fall 2025,F25,2025.0,B2B -> Marketing,B2B,Marketing
30853,bolna-ai,Fall 2025,F25,2025.0,B2B,B2B,
30982,boom-ai,Fall 2025,F25,2025.0,B2B,B2B,
30917,bravi,Fall 2025,F25,2025.0,B2B,B2B,
30835,brickanta,Fall 2025,F25,2025.0,B2B -> Infrastructure,B2B,Infrastructure
30847,brickwise,Fall 2025,F25,2025.0,Real Estate and Construction -> Housing and Real Estate,Real Estate and Construction,Housing and Real Estate
30871,bron,Fall 2025,F25,2025.0,Consumer,Consumer,
30861,caddy,Fall 2025,F25,2025.0,"B2B -> Engineering, Product and Design",B2B,"Engineering, Product and Design"
30924,casey,Fall 2025,F25,2025.0,Fintech -> Insurance,Fintech,Insurance
30957,clad-labs,Fall 2025,F25,2025.0,B2B,B2B,
30886,clerked,Fall 2025,F25,2025.0,B2B,B2B,
31002,clicks-health,Fall 2025,F25,2025.0,B2B -> Productivity,B2B,Productivity
31022,coasts,Fall 2025,F25,2025.0,"B2B -> Engineering, Product and Design",B2B,"Engineering, Product and Design"
30919,codyco,Fall 2025,F25,2025.0,B2B,B2B,
30918,complydo,Fall 2025,F25,2025.0,B2B -> Legal,B2B,Legal
30921,compyle,Fall 2025,F25,2025.0,"B2B -> Engineering, Product and Design",B2B,"Engineering, Product and Design"
30930,cortex-ai,Fall 2025,F25,2025.0,Industrials -> Manufacturing and Robotics,Industrials,Manufacturing and Robotics
30878,cranston-ai,Fall 2025,F25,2025.0,B2B -> Finance and Accounting,B2B,Finance and Accounting
30949,crunched,Fall 2025,F25,2025.0,B2B -> Finance and Accounting,B2B,Finance and Accounting
30858,deeptrace,Fall 2025,F25,2025.0,B2B,B2B,
30962,denki,Fall 2025,F25,2025.0,B2B -> Finance and Accounting,B2B,Finance and Accounting
30816,digipals,Fall 2025,F25,2025.0,Consumer -> Social,Consumer,Social
30993,diligencesquared-inc,Fall 2025,F25,2025.0,B2B -> Analytics,B2B,Analytics
31004,dome,Fall 2025,F25,2025.0,B2B -> Infrastructure,B2B,Infrastructure
30821,efference,Fall 2025,F25,2025.0,Industrials -> Manufacturing and Robotics,Industrials,Manufacturing and Robotics
30940,everest,Fall 2025,F25,2025.0,Consumer,Consumer,
30970,exonic,Fall 2025,F25,2025.0,Healthcare -> Drug Discovery and Delivery,Healthcare,Drug Discovery and Delivery
30939,expected-parrot,Fall 2025,F25,2025.0,B2B,B2B,
31001,fastshot,Fall 2025,F25,2025.0,"B2B -> Engineering, Product and Design",B2B,"Engineering, Product and Design"
30749,fernstone,Fall 2025,F25,2025.0,Fintech -> Insurance,Fintech,Insurance
30569,fifth-door,Fall 2025,F25,2025.0,Consumer -> Gaming,Consumer,Gaming
30884,flick,Fall 2025,F25,2025.0,Consumer -> Content,Consumer,Content
30991,forge-robotics,Fall 2025,F25,2025.0,Industrials -> Manufacturing and Robotics,Industrials,Manufacturing and Robotics
30981,freeport-markets,Fall 2025,F25,2025.0,Fintech -> Consumer Finance,Fintech,Consumer Finance
29161,goldbridge,Fall 2025,F25,2025.0,Real Estate and Construction -> Housing and Real Estate,Real Estate and Construction,Housing and Real Estate
30911,helonic,Fall 2025,F25,2025.0,Real Estate and Construction -> Construction,Real Estate and Construction,Construction
30879,hypercubic,Fall 2025,F25,2025.0,B2B,B2B,
30854,hyperspell,Fall 2025,F25,2025.0,B2B -> Infrastructure,B2B,Infrastructure
30965,icarus,Fall 2025,F25,2025.0,Industrials -> Defense,Industrials,Defense
30938,imagine-ai,Fall 2025,F25,2025.0,B2B -> Sales,B2B,Sales
30972,jarmin,Fall 2025,F25,2025.0,B2B,B2B,
30869,kaigo-health,Fall 2025,F25,2025.0,Healthcare -> Healthcare IT,Healthcare,Healthcare IT
30959,kalpa-labs,Fall 2025,F25,2025.0,B2B,B2B,
30966,karumi,Fall 2025,F25,2025.0,B2B -> Sales,B2B,Sales
30903,kestrel-ai,Fall 2025,F25,2025.0,B2B -> Security,B2B,Security
30870,koyal,Fall 2025,F25,2025.0,Consumer -> Content,Consumer,Content
30888,lakonia,Fall 2025,F25,2025.0,Government,Government,
30822,lapis,Fall 2025,F25,2025.0,B2B -> Marketing,B2B,Marketing
30983,layers,Fall 2025,F25,2025.0,Healthcare -> Consumer Health and Wellness,Healthcare,Consumer Health and Wellness
30932,leadbay,Fall 2025,F25,2025.0,B2B -> Sales,B2B,Sales
30969,uselemma,Fall 2025,F25,2025.0,"B2B -> Engineering, Product and Design",B2B,"Engineering, Product and Design"
30920,lexi,Fall 2025,F25,2025.0,B2B -> Legal,B2B,Legal
30987,lightberry,Fall 2025,F25,2025.0,Industrials -> Manufacturing and Robotics,Industrials,Manufacturing and Robotics
30859,locus,Fall 2025,F25,2025.0,"B2B -> Engineering, Product and Design",B2B,"Engineering, Product and Design"
30907,logical,Fall 2025,F25,2025.0,B2B -> Productivity,B2B,Productivity
30900,logosguard,Fall 2025,F25,2025.0,B2B,B2B,
30948,lua-global-inc,Fall 2025,F25,2025.0,B2B,B2B,
30997,lunabill,Fall 2025,F25,2025.0,Healthcare -> Healthcare IT,Healthcare,Healthcare IT
30865,lunavo,Fall 2025,F25,2025.0,B2B -> Supply Chain and Logistics,B2B,Supply Chain and Logistics
30849,movedot,Fall 2025,F25,2025.0,"B2B -> Engineering, Product and Design",B2B,"Engineering, Product and Design"
26144,mspilot,Fall 2025,F25,2025.0,"B2B -> Engineering, Product and Design",B2B,"Engineering, Product and Design"
30975,madethis,Fall 2025,F25,2025.0,B2B -> Operations,B2B,Operations
31005,markit,Fall 2025,F25,2025.0,B2B -> Operations,B2B,Operations
31020,mayflower,Fall 2025,F25,2025.0,Government,Government,
30960,metorial,Fall 2025,F25,2025.0,B2B,B2B,
30978,miniswap,Fall 2025,F25,2025.0,Consumer -> Gaming,Consumer,Gaming
30874,minro,Fall 2025,F25,2025.0,"B2B -> Engineering, Product and Design",B2B,"Engineering, Product and Design"
30812,mixy,Fall 2025,F25,2025.0,Consumer,Consumer,
31008,moss,Fall 2025,F25,2025.0,B2B,B2B,
30896,multifactor,Fall 2025,F25,2025.0,B2B -> Security,B2B,Security
30950,usenarrative,Fall 2025,F25,2025.0,B2B -> Marketing,B2B,Marketing
30880,nessie,Fall 2025,F25,2025.0,Consumer,Consumer,
30852,gpt,Fall 2025,F25,2025.0,B2B,B2B,
30889,nivara,Fall 2025,F25,2025.0,B2B -> Finance and Accounting,B2B,Finance and Accounting
30657,nori,Fall 2025,F25,2025.0,Healthcare -> Consumer Health and Wellness,Healthcare,Consumer Health and Wellness
30868,norra,Fall 2025,F25,2025.0,Healthcare,Healthcare,
30933,nucleo,Fall 2025,F25,2025.0,Healthcare,Healthcare,
30631,null-labs,Fall 2025,F25,2025.0,Industrials -> Defense,Industrials,Defense
31011,openroll,Fall 2025,F25,2025.0,B2B,B2B,
30604,parametric,Fall 2025,F25,2025.0,Industrials -> Manufacturing and Robotics,Industrials,Manufacturing and Robotics
30848,parrot,Fall 2025,F25,2025.0,Consumer,Consumer,
30846,parse-bot,Fall 2025,F25,2025.0,B2B,B2B,
30936,patent-watch,Fall 2025,F25,2025.0,B2B,B2B,
30967,perseus,Fall 2025,F25,2025.0,"B2B -> Engineering, Product and Design",B2B,"Engineering, Product and Design"
30947,philon,Fall 2025,F25,2025.0,Industrials -> Manufacturing and Robotics,Industrials,Manufacturing and Robotics
29763,piggy-robotics,Fall 2025,F25,2025.0,Industrials -> Manufacturing and Robotics,Industrials,Manufacturing and Robotics
30931,pixley-ai,Fall 2025,F25,2025.0,Consumer -> Content,Consumer,Content
30925,play-health,Fall 2025,F25,2025.0,Healthcare,Healthcare,
30592,prox,Fall 2025,F25,2025.0,B2B -> Retail,B2B,Retail
30929,radiusbrowser,Fall 2025,F25,2025.0,"B2B -> Engineering, Product and Design",B2B,"Engineering, Product and Design"
30912,redapto,Fall 2025,F25,2025.0,B2B,B2B,
30953,relaw,Fall 2025,F25,2025.0,B2B,B2B,
30829,remedy,Fall 2025,F25,2025.0,Healthcare,Healthcare,
31013,rivet-design,Fall 2025,F25,2025.0,"B2B -> Engineering, Product and Design",B2B,"Engineering, Product and Design"
30977,rovi-health,Fall 2025,F25,2025.0,Healthcare,Healthcare,
30916,rovr,Fall 2025,F25,2025.0,"B2B -> Engineering, Product and Design",B2B,"Engineering, Product and Design"
30891,sf-tensor,Fall 2025,F25,2025.0,B2B -> Infrastructure,B2B,Infrastructure
30964,savahq,Fall 2025,F25,2025.0,Fintech,Fintech,
30899,sciloop,Fall 2025,F25,2025.0,B2B -> Infrastructure,B2B,Infrastructure
30856,scoop,Fall 2025,F25,2025.0,B2B,B2B,
30942,scott-ai,Fall 2025,F25,2025.0,B2B,B2B,
30922,selfin,Fall 2025,F25,2025.0,Fintech -> Consumer Finance,Fintech,Consumer Finance
30887,sellraze,Fall 2025,F25,2025.0,Consumer,Consumer,
30885,semble,Fall 2025,F25,2025.0,B2B,B2B,
30828,semiotic,Fall 2025,F25,2025.0,"B2B -> Engineering, Product and Design",B2B,"Engineering, Product and Design"
30862,sorce,Fall 2025,F25,2025.0,B2B -> Human Resources,B2B,Human Resources
30867,soren,Fall 2025,F25,2025.0,B2B,B2B,
30946,sourcebot,Fall 2025,F25,2025.0,"B2B -> Engineering, Product and Design",B2B,"Engineering, Product and Design"
30954,specific,Fall 2025,F25,2025.0,"B2B -> Engineering, Product and Design",B2B,"Engineering, Product and Design"
31009,specific-labs,Fall 2025,F25,2025.0,B2B,B2B,
30845,structured-ai,Fall 2025,F25,2025.0,Real Estate and Construction -> Construction,Real Estate and Construction,Construction
30851,sylvian,Fall 2025,F25,2025.0,B2B,B2B,
30873,tell-if-ai,Fall 2025,F25,2025.0,B2B -> Marketing,B2B,Marketing
30863,the-context-company,Fall 2025,F25,2025.0,"B2B -> Engineering, Product and Design",B2B,"Engineering, Product and Design"
30986,the-hog,Fall 2025,F25,2025.0,B2B -> Marketing,B2B,Marketing
30928,thesis,Fall 2025,F25,2025.0,Industrials -> Manufacturing and Robotics,Industrials,Manufacturing and Robotics
30934,tornyol,Fall 2025,F25,2025.0,Consumer -> Consumer Electronics,Consumer,Consumer Electronics
30877,trelium,Fall 2025,F25,2025.0,B2B,B2B,
30894,unsiloed-ai,Fall 2025,F25,2025.0,B2B,B2B,
30844,uplane,Fall 2025,F25,2025.0,B2B -> Marketing,B2B,Marketing
30995,velvet,Fall 2025,F25,2025.0,B2B,B2B,
30875,veria-labs,Fall 2025,F25,2025.0,B2B -> Security,B2B,Security
30881,wardstone,Fall 2025,F25,2025.0,Industrials -> Aviation and Space,Industrials,Aviation and Space
30945,zalos,Fall 2025,F25,2025.0,B2B -> Operations,B2B,Operations
31007,zarna,Fall 2025,F25,2025.0,B2B -> Finance and Accounting,B2B,Finance and Accounting
30850,zavo,Fall 2025,F25,2025.0,Fintech -> Payments,Fintech,Payments
31021,zephyr-fusion,Fall 2025,F25,2025.0,Industrials -> Energy,Industrials,Energy
30864,daridev,Fall 2025,F25,2025.0,"B2B -> Engineering, Product and Design",B2B,"Engineering, Product and Design"
30883,hillclimb,Fall 2025,F25,2025.0,"B2B -> Engineering, Product and Design",B2B,"Engineering, Product and Design"
31018,item,Fall 2025,F25,2025.0,B2B -> Sales,B2B,Sales
30935,s2-dev,Fall 2025,F25,2025.0,B2B -> Infrastructure,B2B,Infrastructure
31118,devfast,Winter 2026,W26,2026.0,B2B,B2B,
31098,10x-science,Winter 2026,W26,2026.0,B2B,B2B,
31123,21st,Winter 2026,W26,2026.0,"B2B -> Engineering, Product and Design",B2B,"Engineering, Product and Design"
31054,arc-prize-foundation,Winter 2026,W26,2026.0,Industrials,Industrials,
31138,aemon,Winter 2026,W26,2026.0,B2B,B2B,
30906,agentic-fabriq,Winter 2026,W26,2026.0,B2B -> Security,B2B,Security
30860,alt-x,Winter 2026,W26,2026.0,Fintech,Fintech,
31231,anchorhead,Winter 2026,W26,2026.0,"B2B -> Engineering, Product and Design",B2B,"Engineering, Product and Design"
31192,approxima,Winter 2026,W26,2026.0,"B2B -> Engineering, Product and Design",B2B,"Engineering, Product and Design"
31139,ashr,Winter 2026,W26,2026.0,B2B,B2B,
31095,asimov,Winter 2026,W26,2026.0,Industrials -> Manufacturing and Robotics,Industrials,Manufacturing and Robotics
31292,aurorin-cad,Winter 2026,W26,2026.0,"B2B -> Engineering, Product and Design",B2B,"Engineering, Product and Design"
31130,autositu,Winter 2026,W26,2026.0,B2B -> Legal,B2B,Legal
30715,autumn-ai,Winter 2026,W26,2026.0,B2B -> Infrastructure,B2B,Infrastructure
31121,avoice,Winter 2026,W26,2026.0,B2B,B2B,
31209,axionorbital-space,Winter 2026,W26,2026.0,Industrials -> Aviation and Space,Industrials,Aviation and Space
31092,axis-2,Winter 2026,W26,2026.0,Fintech,Fintech,
31236,getbalance,Winter 2026,W26,2026.0,B2B -> Finance and Accounting,B2B,Finance and Accounting
31107,baseframe,Winter 2026,W26,2026.0,B2B,B2B,
31109,beacon-health,Winter 2026,W26,2026.0,Healthcare,Healthcare,
31248,beesafe-ai,Winter 2026,W26,2026.0,B2B -> Security,B2B,Security
31142,beyond-reach-labs,Winter 2026,W26,2026.0,Industrials -> Aviation and Space,Industrials,Aviation and Space
30620,bidflow,Winter 2026,W26,2026.0,Real Estate and Construction -> Construction,Real Estate and Construction,Construction
31242,booko,Winter 2026,W26,2026.0,B2B,B2B,
31285,brumby,Winter 2026,W26,2026.0,Industrials -> Agriculture,Industrials,Agriculture
31215,bubble-lab,Winter 2026,W26,2026.0,B2B -> Operations,B2B,Operations
31112,burt,Winter 2026,W26,2026.0,B2B -> Supply Chain and Logistics,B2B,Supply Chain and Logistics
30770,button-computer,Winter 2026,W26,2026.0,"B2B -> Engineering, Product and Design",B2B,"Engineering, Product and Design"
31213,byteport,Winter 2026,W26,2026.0,B2B,B2B,
31170,cajal-technologies,Winter 2026,W26,2026.0,B2B,B2B,
31256,canary,Winter 2026,W26,2026.0,"B2B -> Engineering, Product and Design",B2B,"Engineering, Product and Design"
30913,captain,Winter 2026,W26,2026.0,B2B -> Infrastructure,B2B,Infrastructure
31178,cardboard,Winter 2026,W26,2026.0,B2B,B2B,
31311,trycardinal-ai,Winter 2026,W26,2026.0,B2B,B2B,
31207,caretta,Winter 2026,W26,2026.0,B2B -> Sales,B2B,Sales
31295,carrot-labs,Winter 2026,W26,2026.0,B2B,B2B,
31110,cascade,Winter 2026,W26,2026.0,B2B -> Infrastructure,B2B,Infrastructure
31040,catchback-cards,Winter 2026,W26,2026.0,Consumer -> Gaming,Consumer,Gaming
31113,celltype,Winter 2026,W26,2026.0,Healthcare -> Drug Discovery and Delivery,Healthcare,Drug Discovery and Delivery
31185,chamber,Winter 2026,W26,2026.0,B2B -> Infrastructure,B2B,Infrastructure
31233,chasi,Winter 2026,W26,2026.0,B2B,B2B,
31025,claimglide,Winter 2026,W26,2026.0,Healthcare -> Healthcare Services,Healthcare,Healthcare Services
31140,codewisp,Winter 2026,W26,2026.0,Consumer -> Gaming,Consumer,Gaming
31104,cofia,Winter 2026,W26,2026.0,B2B -> Productivity,B2B,Productivity
31164,compresr,Winter 2026,W26,2026.0,B2B -> Infrastructure,B2B,Infrastructure
31303,condor-energy,Winter 2026,W26,2026.0,Industrials -> Energy,Industrials,Energy
31162,confluence-labs,Winter 2026,W26,2026.0,B2B,B2B,
31196,congruent,Winter 2026,W26,2026.0,Industrials,Industrials,
31212,constellation-space,Winter 2026,W26,2026.0,B2B -> Analytics,B2B,Analytics
31260,copperlane,Winter 2026,W26,2026.0,Fintech -> Credit and Lending,Fintech,Credit and Lending
31241,corelayer,Winter 2026,W26,2026.0,"B2B -> Engineering, Product and Design",B2B,"Engineering, Product and Design"
31051,corvera,Winter 2026,W26,2026.0,B2B -> Operations,B2B,Operations
31016,crosslayer-labs,Winter 2026,W26,2026.0,B2B -> Security,B2B,Security
31128,cumulus-labs,Winter 2026,W26,2026.0,B2B -> Infrastructure,B2B,Infrastructure
31287,daivin,Winter 2026,W26,2026.0,Industrials -> Defense,Industrials,Defense
31080,didit,Winter 2026,W26,2026.0,B2B -> Infrastructure,B2B,Infrastructure
31225,ditto-biosciences,Winter 2026,W26,2026.0,Healthcare -> Drug Discovery and Delivery,Healthcare,Drug Discovery and Delivery
31090,docura-health,Winter 2026,W26,2026.0,Healthcare,Healthcare,
31229,doomersion,Winter 2026,W26,2026.0,Consumer,Consumer,
31149,eigenpal,Winter 2026,W26,2026.0,B2B -> Operations,B2B,Operations
31199,emdash,Winter 2026,W26,2026.0,B2B -> Productivity,B2B,Productivity
31186,end-close,Winter 2026,W26,2026.0,B2B -> Finance and Accounting,B2B,Finance and Accounting
31111,envariant,Winter 2026,W26,2026.0,B2B,B2B,
31058,eos-ai,Winter 2026,W26,2026.0,Healthcare,Healthcare,
31247,fed10,Winter 2026,W26,2026.0,B2B -> Legal,B2B,Legal
31187,fenrock-ai,Winter 2026,W26,2026.0,Fintech -> Banking and Exchange,Fintech,Banking and Exchange
31152,fern-bot,Winter 2026,W26,2026.0,B2B -> Infrastructure,B2B,Infrastructure
31289,fixture,Winter 2026,W26,2026.0,B2B -> Sales,B2B,Sales
31243,foreman,Winter 2026,W26,2026.0,Real Estate and Construction,Real Estate and Construction,
31239,fort,Winter 2026,W26,2026.0,Consumer -> Consumer Electronics,Consumer,Consumer Electronics
31204,forum,Winter 2026,W26,2026.0,Fintech,Fintech,
31048,fullseam,Winter 2026,W26,2026.0,B2B -> Finance and Accounting,B2B,Finance and Accounting
30635,galactic-resource-utilization-space-inc-gru-space,Winter 2026,W26,2026.0,Industrials -> Aviation and Space,Industrials,Aviation and Space
30973,generalastro,Winter 2026,W26,2026.0,Industrials -> Aviation and Space,Industrials,Aviation and Space
31240,general-legal,Winter 2026,W26,2026.0,B2B -> Legal,B2B,Legal
31255,grade,Winter 2026,W26,2026.0,Fintech,Fintech,
31030,haladir,Winter 2026,W26,2026.0,B2B -> Supply Chain and Logistics,B2B,Supply Chain and Logistics
31062,hlabs,Winter 2026,W26,2026.0,Industrials,Industrials,
31205,human-archive,Winter 2026,W26,2026.0,Industrials -> Manufacturing and Robotics,Industrials,Manufacturing and Robotics
31165,brownie,Winter 2026,W26,2026.0,B2B -> Infrastructure,B2B,Infrastructure
31168,instinct-xyz,Winter 2026,W26,2026.0,Fintech,Fintech,
31197,inventoryquant,Winter 2026,W26,2026.0,B2B,B2B,
31023,inviscid-ai,Winter 2026,W26,2026.0,Industrials -> Energy,Industrials,Energy
31179,jinba,Winter 2026,W26,2026.0,B2B,B2B,
31274,khotan,Winter 2026,W26,2026.0,B2B -> Supply Chain and Logistics,B2B,Supply Chain and Logistics
31083,kita,Winter 2026,W26,2026.0,Fintech,Fintech,
31084,klaus-ai,Winter 2026,W26,2026.0,B2B -> Infrastructure,B2B,Infrastructure
31120,kyten-technologies,Winter 2026,W26,2026.0,Industrials -> Manufacturing and Robotics,Industrials,Manufacturing and Robotics
31089,lance,Winter 2026,W26,2026.0,B2B,B2B,
31173,laurence,Winter 2026,W26,2026.0,B2B -> Analytics,B2B,Analytics
31101,legalos,Winter 2026,W26,2026.0,B2B -> Legal,B2B,Legal
31094,lexius,Winter 2026,W26,2026.0,B2B -> Security,B2B,Security
31087,lucent,Winter 2026,W26,2026.0,B2B,B2B,
31137,luel,Winter 2026,W26,2026.0,B2B -> Infrastructure,B2B,Infrastructure
31160,mango-medical-inc,Winter 2026,W26,2026.0,Healthcare -> Healthcare IT,Healthcare,Healthcare IT
31036,mantis,Winter 2026,W26,2026.0,B2B -> Infrastructure,B2B,Infrastructure
31306,martini,Winter 2026,W26,2026.0,"B2B -> Engineering, Product and Design",B2B,"Engineering, Product and Design"
31253,maven,Winter 2026,W26,2026.0,B2B -> Infrastructure,B2B,Infrastructure
31188,maywood,Winter 2026,W26,2026.0,Fintech -> Banking and Exchange,Fintech,Banking and Exchange
31210,mendral,Winter 2026,W26,2026.0,B2B,B2B,
28879,menza,Winter 2026,W26,2026.0,B2B -> Analytics,B2B,Analytics
31144,milliray,Winter 2026,W26,2026.0,Industrials -> Drones,Industrials,Drones
31091,mirabelle,Winter 2026,W26,2026.0,Consumer -> Consumer Electronics,Consumer,Consumer Electronics
31269,mochacare,Winter 2026,W26,2026.0,B2B -> Operations,B2B,Operations
31252,moda,Winter 2026,W26,2026.0,B2B -> Infrastructure,B2B,Infrastructure
31146,moritz,Winter 2026,W26,2026.0,B2B -> Legal,B2B,Legal
31132,mousecat,Winter 2026,W26,2026.0,B2B,B2B,
31019,ndea-com,Winter 2026,W26,2026.0,Industrials,Industrials,
31141,octapulse,Winter 2026,W26,2026.0,Industrials -> Climate,Industrials,Climate
31081,one-robot,Winter 2026,W26,2026.0,Industrials -> Manufacturing and Robotics,Industrials,Manufacturing and Robotics
31163,opalite-health,Winter 2026,W26,2026.0,Healthcare,Healthcare,
31116,openspec,Winter 2026,W26,2026.0,B2B,B2B,
31284,origami-robotics,Winter 2026,W26,2026.0,Industrials,Industrials,
31064,origin-bio,Winter 2026,W26,2026.0,Healthcare -> Drug Discovery and Delivery,Healthcare,Drug Discovery and Delivery
31154,orthogonal,Winter 2026,W26,2026.0,B2B -> Infrastructure,B2B,Infrastructure
31283,ossus,Winter 2026,W26,2026.0,B2B -> Infrastructure,B2B,Infrastructure
30641,overdrive-health,Winter 2026,W26,2026.0,Healthcare -> Healthcare Services,Healthcare,Healthcare Services
31171,overshoot,Winter 2026,W26,2026.0,B2B,B2B,
31208,oximy,Winter 2026,W26,2026.0,B2B -> Infrastructure,B2B,Infrastructure
30927,oxus,Winter 2026,W26,2026.0,B2B,B2B,
31126,palus-finance,Winter 2026,W26,2026.0,Fintech,Fintech,
31077,panta,Winter 2026,W26,2026.0,Fintech -> Insurance,Fintech,Insurance
31174,parameter,Winter 2026,W26,2026.0,B2B -> Security,B2B,Security
31183,patientdeskai,Winter 2026,W26,2026.0,Healthcare -> Healthcare IT,Healthcare,Healthcare IT
31175,pax-historia,Winter 2026,W26,2026.0,Consumer -> Gaming,Consumer,Gaming
31066,payna,Winter 2026,W26,2026.0,B2B,B2B,
31153,perfectly,Winter 2026,W26,2026.0,B2B -> Recruiting and Talent,B2B,Recruiting and Talent
31114,pirislabs,Winter 2026,W26,2026.0,B2B -> Infrastructure,B2B,Infrastructure
31214,pocket,Winter 2026,W26,2026.0,Consumer,Consumer,
30765,pollen,Winter 2026,W26,2026.0,B2B -> Operations,B2B,Operations
31217,polymath,Winter 2026,W26,2026.0,B2B,B2B,
31275,polymorph,Winter 2026,W26,2026.0,B2B,B2B,
31177,prana-health,Winter 2026,W26,2026.0,Healthcare -> Consumer Health and Wellness,Healthcare,Consumer Health and Wellness
31106,protent,Winter 2026,W26,2026.0,B2B -> Security,B2B,Security
31169,proximitty,Winter 2026,W26,2026.0,Fintech -> Credit and Lending,Fintech,Credit and Lending
31155,q2q,Winter 2026,W26,2026.0,B2B -> Finance and Accounting,B2B,Finance and Accounting
31082,quotient-labs,Winter 2026,W26,2026.0,B2B -> Productivity,B2B,Productivity
31097,rev1,Winter 2026,W26,2026.0,"B2B -> Engineering, Product and Design",B2B,"Engineering, Product and Design"
31145,ramain,Winter 2026,W26,2026.0,B2B,B2B,
31195,usereframe,Winter 2026,W26,2026.0,"B2B -> Engineering, Product and Design",B2B,"Engineering, Product and Design"
31302,remix-3,Winter 2026,W26,2026.0,Consumer,Consumer,
31232,remy-ai,Winter 2026,W26,2026.0,Industrials -> Manufacturing and Robotics,Industrials,Manufacturing and Robotics
31200,ressl-ai,Winter 2026,W26,2026.0,B2B,B2B,
31189,revion,Winter 2026,W26,2026.0,B2B,B2B,
31176,rhizome-ai,Winter 2026,W26,2026.0,B2B,B2B,
31276,ritivel,Winter 2026,W26,2026.0,Healthcare -> Healthcare IT,Healthcare,Healthcare IT
31201,robby,Winter 2026,W26,2026.0,B2B -> Productivity,B2B,Productivity
31135,robodock,Winter 2026,W26,2026.0,Industrials -> Energy,Industrials,Energy
31280,rubric-ai,Winter 2026,W26,2026.0,B2B,B2B,
31085,ruma-care,Winter 2026,W26,2026.0,Healthcare,Healthcare,
31088,runanywhere,Winter 2026,W26,2026.0,B2B -> Infrastructure,B2B,Infrastructure
31147,salus,Winter 2026,W26,2026.0,B2B -> Infrastructure,B2B,Infrastructure
31206,samora-ai,Winter 2026,W26,2026.0,B2B,B2B,
31136,scheduling-wizard,Winter 2026,W26,2026.0,Healthcare -> Healthcare IT,Healthcare,Healthcare IT
31180,seeing-systems,Winter 2026,W26,2026.0,Industrials -> Defense,Industrials,Defense
31100,sentrial,Winter 2026,W26,2026.0,"B2B -> Engineering, Product and Design",B2B,"Engineering, Product and Design"
31227,sequence-markets,Winter 2026,W26,2026.0,Fintech,Fintech,
31224,servo7,Winter 2026,W26,2026.0,Industrials -> Manufacturing and Robotics,Industrials,Manufacturing and Robotics
31300,shofo,Winter 2026,W26,2026.0,B2B -> Infrastructure,B2B,Infrastructure
30639,signals,Winter 2026,W26,2026.0,B2B,B2B,
31254,sila,Winter 2026,W26,2026.0,B2B -> Productivity,B2B,Productivity
31203,sitefire,Winter 2026,W26,2026.0,B2B -> Marketing,B2B,Marketing
31133,skillsync,Winter 2026,W26,2026.0,"B2B -> Engineering, Product and Design",B2B,"Engineering, Product and Design"
31151,sparkles,Winter 2026,W26,2026.0,"B2B -> Engineering, Product and Design",B2B,"Engineering, Product and Design"
31159,sponge,Winter 2026,W26,2026.0,B2B,B2B,
31273,spotpay,Winter 2026,W26,2026.0,Fintech -> Consumer Finance,Fintech,Consumer Finance
31245,squid,Winter 2026,W26,2026.0,Industrials -> Energy,Industrials,Energy
31167,stilta,Winter 2026,W26,2026.0,B2B,B2B,
31108,strand-ai,Winter 2026,W26,2026.0,Healthcare -> Drug Discovery and Delivery,Healthcare,Drug Discovery and Delivery
31181,synthetic-sciences,Winter 2026,W26,2026.0,"B2B -> Engineering, Product and Design",B2B,"Engineering, Product and Design"
31262,talking-computers,Winter 2026,W26,2026.0,B2B,B2B,
31127,tepali,Winter 2026,W26,2026.0,B2B,B2B,
31172,terminal-use,Winter 2026,W26,2026.0,B2B -> Operations,B2B,Operations
31158,terranox-ai,Winter 2026,W26,2026.0,Industrials -> Energy,Industrials,Energy
31250,the-token-company,Winter 2026,W26,2026.0,B2B -> Infrastructure,B2B,Infrastructure
31191,traverse,Winter 2026,W26,2026.0,B2B,B2B,
30905,travo,Winter 2026,W26,2026.0,Real Estate and Construction,Real Estate and Construction,
31244,turnstone,Winter 2026,W26,2026.0,B2B,B2B,
31296,unifold,Winter 2026,W26,2026.0,Fintech -> Payments,Fintech,Payments
31166,unisson,Winter 2026,W26,2026.0,B2B -> Productivity,B2B,Productivity
31271,voygr,Winter 2026,W26,2026.0,B2B,B2B,
31194,valence,Winter 2026,W26,2026.0,Fintech -> Consumer Finance,Fintech,Consumer Finance
31057,valgo,Winter 2026,W26,2026.0,"B2B -> Engineering, Product and Design",B2B,"Engineering, Product and Design"
31000,vector-legal,Winter 2026,W26,2026.0,B2B -> Legal,B2B,Legal
31264,vela,Winter 2026,W26,2026.0,B2B,B2B,
30876,velum-labs,Winter 2026,W26,2026.0,B2B,B2B,
31156,ventura,Winter 2026,W26,2026.0,Industrials,Industrials,
31129,verdex,Winter 2026,W26,2026.0,Fintech -> Insurance,Fintech,Insurance
31263,veriad,Winter 2026,W26,2026.0,B2B,B2B,
31182,visibl-semiconductors,Winter 2026,W26,2026.0,"B2B -> Engineering, Product and Design",B2B,"Engineering, Product and Design"
31003,voltair,Winter 2026,W26,2026.0,Industrials -> Drones,Industrials,Drones
31219,voxel-energy,Winter 2026,W26,2026.0,Industrials -> Energy,Industrials,Energy
31299,wayco,Winter 2026,W26,2026.0,B2B -> Infrastructure,B2B,Infrastructure
31307,wideframe,Winter 2026,W26,2026.0,B2B,B2B,
31131,zatanna,Winter 2026,W26,2026.0,"B2B -> Engineering, Product and Design",B2B,"Engineering, Product and Design"
31119,zerosettle,Winter 2026,W26,2026.0,Fintech -> Payments,Fintech,Payments
31278,zymbly,Winter 2026,W26,2026.0,B2B,B2B,
31230,o11,Winter 2026,W26,2026.0,B2B -> Finance and Accounting,B2B,Finance and Accounting
31096,shortkit,Winter 2026,W26,2026.0,"B2B -> Engineering, Product and Design",B2B,"Engineering, Product and Design"
31193,9-mothers-corporation,Spring 2026,X26,2026.0,Industrials -> Defense,Industrials,Defense
31442,aice,Spring 2026,X26,2026.0,Industrials -> Defense,Industrials,Defense
31485,anoria,Spring 2026,X26,2026.0,Consumer -> Consumer Electronics,Consumer,Consumer Electronics
31484,abinitio-bio,Spring 2026,X26,2026.0,Healthcare -> Drug Discovery and Delivery,Healthcare,Drug Discovery and Delivery
31434,adialante,Spring 2026,X26,2026.0,Healthcare -> Diagnostics,Healthcare,Diagnostics
31043,advanced-metal-research,Spring 2026,X26,2026.0,Industrials -> Manufacturing and Robotics,Industrials,Manufacturing and Robotics
31524,agentphone,Spring 2026,X26,2026.0,B2B -> Infrastructure,B2B,Infrastructure
31576,akkari,Spring 2026,X26,2026.0,B2B,B2B,
31444,alchemize,Spring 2026,X26,2026.0,"B2B -> Engineering, Product and Design",B2B,"Engineering, Product and Design"
31447,allowance,Spring 2026,X26,2026.0,Fintech -> Payments,Fintech,Payments
31497,amboras,Spring 2026,X26,2026.0,B2B,B2B,
31411,andco,Spring 2026,X26,2026.0,B2B -> Legal,B2B,Legal
31367,andustry,Spring 2026,X26,2026.0,Fintech,Fintech,
31503,apollo-atomics-inc,Spring 2026,X26,2026.0,Industrials -> Energy,Industrials,Energy
31487,aquashield,Spring 2026,X26,2026.0,Real Estate and Construction,Real Estate and Construction,
31451,archer,Spring 2026,X26,2026.0,Fintech -> Payments,Fintech,Payments
31552,arctic-health,Spring 2026,X26,2026.0,Healthcare -> Healthcare Services,Healthcare,Healthcare Services
31525,arden,Spring 2026,X26,2026.0,B2B -> Finance and Accounting,B2B,Finance and Accounting
31475,ardent,Spring 2026,X26,2026.0,B2B -> Infrastructure,B2B,Infrastructure
31413,arga-labs,Spring 2026,X26,2026.0,B2B,B2B,
31535,arlo-industries,Spring 2026,X26,2026.0,Industrials -> Defense,Industrials,Defense
31463,armature,Spring 2026,X26,2026.0,"B2B -> Engineering, Product and Design",B2B,"Engineering, Product and Design"
31511,arzana,Spring 2026,X26,2026.0,B2B -> Operations,B2B,Operations
31528,asendia-ai,Spring 2026,X26,2026.0,B2B,B2B,
31465,aseon-labs,Spring 2026,X26,2026.0,Industrials -> Manufacturing and Robotics,Industrials,Manufacturing and Robotics
31498,asterlab,Spring 2026,X26,2026.0,B2B -> Productivity,B2B,Productivity
31534,astraea,Spring 2026,X26,2026.0,B2B,B2B,
31373,atrisa,Spring 2026,X26,2026.0,"B2B -> Engineering, Product and Design",B2B,"Engineering, Product and Design"
30408,autostep,Spring 2026,X26,2026.0,B2B -> Operations,B2B,Operations
31510,auxos,Spring 2026,X26,2026.0,B2B,B2B,
31530,avea-robotics,Spring 2026,X26,2026.0,Industrials -> Manufacturing and Robotics,Industrials,Manufacturing and Robotics
31423,bentolabs-ai,Spring 2026,X26,2026.0,B2B,B2B,
31477,biostack-platforms,Spring 2026,X26,2026.0,Healthcare,Healthcare,
31293,trybloom,Spring 2026,X26,2026.0,B2B,B2B,
31416,callab-ai,Spring 2026,X26,2026.0,B2B -> Operations,B2B,Operations
31543,centralcoms,Spring 2026,X26,2026.0,Real Estate and Construction -> Construction,Real Estate and Construction,Construction
31513,characterquilt,Spring 2026,X26,2026.0,B2B -> Marketing,B2B,Marketing
31364,chert,Spring 2026,X26,2026.0,B2B,B2B,
31468,chronicle-labs,Spring 2026,X26,2026.0,B2B,B2B,
31117,cignara,Spring 2026,X26,2026.0,B2B,B2B,
31063,clara-2,Spring 2026,X26,2026.0,Healthcare -> Consumer Health and Wellness,Healthcare,Consumer Health and Wellness
31554,clawvisor,Spring 2026,X26,2026.0,B2B -> Security,B2B,Security
31562,cohesion,Spring 2026,X26,2026.0,B2B -> Finance and Accounting,B2B,Finance and Accounting
31443,complir,Spring 2026,X26,2026.0,B2B -> Retail,B2B,Retail
31370,dayjob,Spring 2026,X26,2026.0,B2B -> Supply Chain and Logistics,B2B,Supply Chain and Logistics
31395,deep-interactions,Spring 2026,X26,2026.0,B2B,B2B,
31362,discovered-materials,Spring 2026,X26,2026.0,Industrials,Industrials,
31294,dispatch,Spring 2026,X26,2026.0,Industrials -> Aviation and Space,Industrials,Aviation and Space
31157,drafted,Spring 2026,X26,2026.0,Consumer,Consumer,
31414,dreach,Spring 2026,X26,2026.0,B2B -> Infrastructure,B2B,Infrastructure
31454,ed1th,Spring 2026,X26,2026.0,Consumer -> Consumer Electronics,Consumer,Consumer Electronics
31489,eden-robotics,Spring 2026,X26,2026.0,Industrials -> Manufacturing and Robotics,Industrials,Manufacturing and Robotics
31388,elyra,Spring 2026,X26,2026.0,B2B,B2B,
31549,enjamb-labs,Spring 2026,X26,2026.0,B2B,B2B,
31516,expanse,Spring 2026,X26,2026.0,B2B -> Infrastructure,B2B,Infrastructure
30915,finaldose,Spring 2026,X26,2026.0,Healthcare -> Therapeutics,Healthcare,Therapeutics
31488,foaster,Spring 2026,X26,2026.0,B2B,B2B,
30737,foresight,Spring 2026,X26,2026.0,B2B -> Analytics,B2B,Analytics
31553,framewise-health,Spring 2026,X26,2026.0,Healthcare,Healthcare,
31102,fuchsia,Spring 2026,X26,2026.0,B2B,B2B,
31501,general-aviation,Spring 2026,X26,2026.0,Industrials -> Aviation and Space,Industrials,Aviation and Space
31456,general-instinct,Spring 2026,X26,2026.0,Industrials -> Manufacturing and Robotics,Industrials,Manufacturing and Robotics
31536,gigacatalyst,Spring 2026,X26,2026.0,"B2B -> Engineering, Product and Design",B2B,"Engineering, Product and Design"
31426,gojiberry-ai,Spring 2026,X26,2026.0,B2B -> Sales,B2B,Sales
31381,govguard,Spring 2026,X26,2026.0,Government,Government,
31522,gravy,Spring 2026,X26,2026.0,Fintech -> Consumer Finance,Fintech,Consumer Finance
31391,hevn-inc,Spring 2026,X26,2026.0,Fintech,Fintech,
31445,runharbor,Spring 2026,X26,2026.0,Healthcare,Healthcare,
31323,hedge,Spring 2026,X26,2026.0,Fintech -> Insurance,Fintech,Insurance
31496,hessian,Spring 2026,X26,2026.0,B2B,B2B,
31350,hexa,Spring 2026,X26,2026.0,B2B -> Supply Chain and Logistics,B2B,Supply Chain and Logistics
31574,heyclicky,Spring 2026,X26,2026.0,Consumer,Consumer,
31375,hub,Spring 2026,X26,2026.0,B2B -> Infrastructure,B2B,Infrastructure
30646,humwork,Spring 2026,X26,2026.0,B2B,B2B,
31564,huscarl,Spring 2026,X26,2026.0,Fintech -> Insurance,Fintech,Insurance
31548,hyper-4,Spring 2026,X26,2026.0,B2B -> Productivity,B2B,Productivity
31076,imperfect,Spring 2026,X26,2026.0,Consumer,Consumer,
31369,inloop-robotics,Spring 2026,X26,2026.0,Industrials -> Manufacturing and Robotics,Industrials,Manufacturing and Robotics
31441,infera,Spring 2026,X26,2026.0,Healthcare -> Industrial Bio,Healthcare,Industrial Bio
31547,insforge,Spring 2026,X26,2026.0,"B2B -> Engineering, Product and Design",B2B,"Engineering, Product and Design"
31409,instaagent,Spring 2026,X26,2026.0,B2B -> Marketing,B2B,Marketing
31560,intelligence-factory,Spring 2026,X26,2026.0,Industrials -> Manufacturing and Robotics,Industrials,Manufacturing and Robotics
31386,interfaze,Spring 2026,X26,2026.0,B2B -> Infrastructure,B2B,Infrastructure
31246,inth,Spring 2026,X26,2026.0,B2B -> Infrastructure,B2B,Infrastructure
31383,juno-chat,Spring 2026,X26,2026.0,Healthcare -> Consumer Health and Wellness,Healthcare,Consumer Health and Wellness
31393,kelai,Spring 2026,X26,2026.0,Fintech -> Asset Management,Fintech,Asset Management
31432,keyframe-labs,Spring 2026,X26,2026.0,B2B,B2B,
31420,kimpton,Spring 2026,X26,2026.0,Fintech -> Asset Management,Fintech,Asset Management
31520,kinect,Spring 2026,X26,2026.0,B2B,B2B,
31382,kinro,Spring 2026,X26,2026.0,Fintech -> Insurance,Fintech,Insurance
31539,klaimee,Spring 2026,X26,2026.0,Fintech -> Insurance,Fintech,Insurance
31326,klarify,Spring 2026,X26,2026.0,Healthcare -> Healthcare IT,Healthcare,Healthcare IT
31327,korso,Spring 2026,X26,2026.0,B2B,B2B,
31540,kugelaudio,Spring 2026,X26,2026.0,B2B -> Infrastructure,B2B,Infrastructure
31473,kuli,Spring 2026,X26,2026.0,B2B -> Marketing,B2B,Marketing
31424,lab0,Spring 2026,X26,2026.0,B2B,B2B,
31421,lamina-labs,Spring 2026,X26,2026.0,"B2B -> Engineering, Product and Design",B2B,"Engineering, Product and Design"
31533,lattice-health,Spring 2026,X26,2026.0,Healthcare,Healthcare,
31376,light-anchor,Spring 2026,X26,2026.0,Consumer,Consumer,
31360,lightsprint,Spring 2026,X26,2026.0,"B2B -> Engineering, Product and Design",B2B,"Engineering, Product and Design"
31377,limrun,Spring 2026,X26,2026.0,B2B -> Infrastructure,B2B,Infrastructure
31046,linzumi,Spring 2026,X26,2026.0,"B2B -> Engineering, Product and Design",B2B,"Engineering, Product and Design"
31435,lumius,Spring 2026,X26,2026.0,Healthcare -> Medical Devices,Healthcare,Medical Devices
31399,madrone,Spring 2026,X26,2026.0,Industrials -> Energy,Industrials,Energy
31531,manicule,Spring 2026,X26,2026.0,B2B -> Marketing,B2B,Marketing
31561,maquoketa-research,Spring 2026,X26,2026.0,Industrials -> Defense,Industrials,Defense
31335,memoir,Spring 2026,X26,2026.0,B2B -> Marketing,B2B,Marketing
31482,memory-store,Spring 2026,X26,2026.0,B2B -> Infrastructure,B2B,Infrastructure
31453,minicor,Spring 2026,X26,2026.0,B2B -> Infrastructure,B2B,Infrastructure
30723,miso-labs,Spring 2026,X26,2026.0,B2B -> Infrastructure,B2B,Infrastructure
31529,mochatrade,Spring 2026,X26,2026.0,Fintech -> Consumer Finance,Fintech,Consumer Finance
31545,modern,Spring 2026,X26,2026.0,B2B -> Operations,B2B,Operations
31440,mount,Spring 2026,X26,2026.0,Fintech -> Insurance,Fintech,Insurance
31343,multiplier,Spring 2026,X26,2026.0,B2B,B2B,
31427,napkin-math,Spring 2026,X26,2026.0,Consumer,Consumer,
31221,netter,Spring 2026,X26,2026.0,B2B -> Analytics,B2B,Analytics
31366,nine-fives,Spring 2026,X26,2026.0,Industrials -> Manufacturing and Robotics,Industrials,Manufacturing and Robotics
31429,oddpool,Spring 2026,X26,2026.0,"B2B -> Engineering, Product and Design",B2B,"Engineering, Product and Design"
31428,ontora,Spring 2026,X26,2026.0,B2B -> Operations,B2B,Operations
31500,openprose,Spring 2026,X26,2026.0,"B2B -> Engineering, Product and Design",B2B,"Engineering, Product and Design"
31505,openwork,Spring 2026,X26,2026.0,B2B -> Productivity,B2B,Productivity
31486,ornadyne,Spring 2026,X26,2026.0,Industrials -> Drones,Industrials,Drones
31460,plan0-ai,Spring 2026,X26,2026.0,Real Estate and Construction,Real Estate and Construction,
31417,pairio,Spring 2026,X26,2026.0,B2B,B2B,
31544,panacea,Spring 2026,X26,2026.0,Healthcare -> Healthcare Services,Healthcare,Healthcare Services
31439,useparrot,Spring 2026,X26,2026.0,B2B,B2B,
31398,pavoot,Spring 2026,X26,2026.0,B2B -> Marketing,B2B,Marketing
31512,pentagon,Spring 2026,X26,2026.0,B2B -> Productivity,B2B,Productivity
31333,perfectbit-inc,Spring 2026,X26,2026.0,B2B,B2B,
31550,playablai,Spring 2026,X26,2026.0,Consumer -> Gaming,Consumer,Gaming
31493,plena-health,Spring 2026,X26,2026.0,Healthcare -> Healthcare Services,Healthcare,Healthcare Services
31041,ploy,Spring 2026,X26,2026.0,B2B,B2B,
31480,pops,Spring 2026,X26,2026.0,Consumer -> Gaming,Consumer,Gaming
30944,tryprism,Spring 2026,X26,2026.0,B2B -> Recruiting and Talent,B2B,Recruiting and Talent
31507,projectx,Spring 2026,X26,2026.0,B2B -> Infrastructure,B2B,Infrastructure
31436,prototypingio,Spring 2026,X26,2026.0,Industrials -> Manufacturing and Robotics,Industrials,Manufacturing and Robotics
31494,raspire,Spring 2026,X26,2026.0,B2B -> Security,B2B,Security
31458,reason-machines,Spring 2026,X26,2026.0,B2B -> Productivity,B2B,Productivity
31546,reasonblocks,Spring 2026,X26,2026.0,B2B,B2B,
31279,regbase,Spring 2026,X26,2026.0,B2B -> Legal,B2B,Legal
31410,rentahuman,Spring 2026,X26,2026.0,Consumer -> Job and Career Services,Consumer,Job and Career Services
31345,replicas,Spring 2026,X26,2026.0,"B2B -> Engineering, Product and Design",B2B,"Engineering, Product and Design"
31438,result,Spring 2026,X26,2026.0,Consumer,Consumer,
31527,revnu,Spring 2026,X26,2026.0,B2B -> Marketing,B2B,Marketing
31450,river-markets,Spring 2026,X26,2026.0,Fintech,Fintech,
31346,rudus,Spring 2026,X26,2026.0,Real Estate and Construction -> Construction,Real Estate and Construction,Construction
31518,runtime,Spring 2026,X26,2026.0,"B2B -> Engineering, Product and Design",B2B,"Engineering, Product and Design"
31363,saffron,Spring 2026,X26,2026.0,B2B -> Recruiting and Talent,B2B,Recruiting and Talent
31408,salesgraph,Spring 2026,X26,2026.0,B2B -> Sales,B2B,Sales
31481,saudara-ai,Spring 2026,X26,2026.0,B2B,B2B,
31433,savant,Spring 2026,X26,2026.0,B2B -> Productivity,B2B,Productivity
31211,sazabi,Spring 2026,X26,2026.0,B2B -> Infrastructure,B2B,Infrastructure
31351,scope,Spring 2026,X26,2026.0,B2B,B2B,
31407,sherpa,Spring 2026,X26,2026.0,B2B,B2B,
31478,silmaril,Spring 2026,X26,2026.0,B2B,B2B,
30779,smartbase,Spring 2026,X26,2026.0,B2B -> Operations,B2B,Operations
31464,soria,Spring 2026,X26,2026.0,Fintech -> Asset Management,Fintech,Asset Management
31419,stablebrowse,Spring 2026,X26,2026.0,Industrials -> Manufacturing and Robotics,Industrials,Manufacturing and Robotics
31332,stage,Spring 2026,X26,2026.0,"B2B -> Engineering, Product and Design",B2B,"Engineering, Product and Design"
31330,standard-signal,Spring 2026,X26,2026.0,Fintech -> Asset Management,Fintech,Asset Management
31402,standout,Spring 2026,X26,2026.0,B2B -> Recruiting and Talent,B2B,Recruiting and Talent
31380,superlog,Spring 2026,X26,2026.0,"B2B -> Engineering, Product and Design",B2B,"Engineering, Product and Design"
31222,superset,Spring 2026,X26,2026.0,"B2B -> Engineering, Product and Design",B2B,"Engineering, Product and Design"
31325,surtr-defense-systems,Spring 2026,X26,2026.0,Industrials -> Defense,Industrials,Defense
31415,synphony,Spring 2026,X26,2026.0,Industrials -> Manufacturing and Robotics,Industrials,Manufacturing and Robotics
31418,taiga,Spring 2026,X26,2026.0,Healthcare -> Healthcare Services,Healthcare,Healthcare Services
30963,takecareos,Spring 2026,X26,2026.0,B2B,B2B,
31470,tasklet-2,Spring 2026,X26,2026.0,B2B -> Productivity,B2B,Productivity
31374,tenet-industries,Spring 2026,X26,2026.0,Industrials -> Defense,Industrials,Defense
31491,testerarmy,Spring 2026,X26,2026.0,"B2B -> Engineering, Product and Design",B2B,"Engineering, Product and Design"
31371,the-company-company,Spring 2026,X26,2026.0,B2B,B2B,
31563,thomas,Spring 2026,X26,2026.0,B2B,B2B,
31506,tolmo,Spring 2026,X26,2026.0,B2B -> Security,B2B,Security
31344,totalis,Spring 2026,X26,2026.0,Fintech -> Consumer Finance,Fintech,Consumer Finance
31372,trellistech,Spring 2026,X26,2026.0,B2B -> Operations,B2B,Operations
31359,twolabs,Spring 2026,X26,2026.0,Industrials -> Manufacturing and Robotics,Industrials,Manufacturing and Robotics
31526,uno-wallet,Spring 2026,X26,2026.0,Fintech -> Payments,Fintech,Payments
31404,userlens,Spring 2026,X26,2026.0,B2B -> Productivity,B2B,Productivity
31457,valctrl,Spring 2026,X26,2026.0,Fintech -> Banking and Exchange,Fintech,Banking and Exchange
31430,voquill,Spring 2026,X26,2026.0,Healthcare,Healthcare,
31466,walter,Spring 2026,X26,2026.0,B2B -> Operations,B2B,Operations
31472,wato,Spring 2026,X26,2026.0,B2B -> Infrastructure,B2B,Infrastructure
31390,wealor,Spring 2026,X26,2026.0,Fintech -> Asset Management,Fintech,Asset Management
31517,youart,Spring 2026,X26,2026.0,Consumer -> Content,Consumer,Content
31368,zenbu-2,Spring 2026,X26,2026.0,"B2B -> Engineering, Product and Design",B2B,"Engineering, Product and Design"
31459,zibra-labs,Spring 2026,X26,2026.0,B2B -> Infrastructure,B2B,Infrastructure
31385,zolvo,Spring 2026,X26,2026.0,Fintech -> Credit and Lending,Fintech,Credit and Lending
31538,flowscope,Spring 2026,X26,2026.0,B2B,B2B,
29155,jo,Spring 2026,X26,2026.0,Consumer,Consumer,
31329,primitive,Spring 2026,X26,2026.0,B2B -> Infrastructure,B2B,Infrastructure
31396,qomplement,Spring 2026,X26,2026.0,B2B,B2B,
31400,shotwellai,Spring 2026,X26,2026.0,Industrials -> Manufacturing and Robotics,Industrials,Manufacturing and Robotics
31448,smol-machines,Spring 2026,X26,2026.0,B2B -> Infrastructure,B2B,Infrastructure
31455,tdaycom,Spring 2026,X26,2026.0,B2B -> Marketing,B2B,Marketing
31403,transload,Spring 2026,X26,2026.0,B2B -> Supply Chain and Logistics,B2B,Supply Chain and Logistics
32552,6thsense,Summer 2026,S26,2026.0,Industrials -> Manufacturing and Robotics,Industrials,Manufacturing and Robotics
33056,83-sciences,Summer 2026,S26,2026.0,Industrials,Industrials,
32584,aerogen-systems,Summer 2026,S26,2026.0,Industrials,Industrials,
32518,agency-tool-company,Summer 2026,S26,2026.0,Industrials -> Manufacturing and Robotics,Industrials,Manufacturing and Robotics
33250,agent-fm,Summer 2026,S26,2026.0,"B2B -> Engineering, Product and Design",B2B,"Engineering, Product and Design"
33018,agentcard,Summer 2026,S26,2026.0,Fintech,Fintech,
33019,agnost-ai,Summer 2026,S26,2026.0,B2B -> Analytics,B2B,Analytics
32619,akon-labs,Summer 2026,S26,2026.0,B2B,B2B,
32621,aktoria-robotics,Summer 2026,S26,2026.0,Industrials -> Manufacturing and Robotics,Industrials,Manufacturing and Robotics
32262,alkera-ai,Summer 2026,S26,2026.0,"B2B -> Engineering, Product and Design",B2B,"Engineering, Product and Design"
33441,allia-health,Summer 2026,S26,2026.0,Healthcare -> Healthcare Services,Healthcare,Healthcare Services
32204,alloovium,Summer 2026,S26,2026.0,Real Estate and Construction -> Construction,Real Estate and Construction,Construction
32588,almanac,Summer 2026,S26,2026.0,B2B,B2B,
31557,amorphic-labs,Summer 2026,S26,2026.0,"B2B -> Engineering, Product and Design",B2B,"Engineering, Product and Design"
31298,applied-electrodynamics-inc,Summer 2026,S26,2026.0,Industrials,Industrials,
32749,arbital,Summer 2026,S26,2026.0,Fintech -> Consumer Finance,Fintech,Consumer Finance
31216,archal,Summer 2026,S26,2026.0,B2B -> Infrastructure,B2B,Infrastructure
31184,assemble,Summer 2026,S26,2026.0,B2B,B2B,
30653,withasync,Summer 2026,S26,2026.0,B2B,B2B,
31532,atlas-discovery,Summer 2026,S26,2026.0,Healthcare -> Drug Discovery and Delivery,Healthcare,Drug Discovery and Delivery
31257,atlia,Summer 2026,S26,2026.0,Real Estate and Construction -> Housing and Real Estate,Real Estate and Construction,Housing and Real Estate
33607,atomarine,Summer 2026,S26,2026.0,Industrials -> Energy,Industrials,Energy
32222,audun,Summer 2026,S26,2026.0,Fintech,Fintech,
33314,avoca-systems,Summer 2026,S26,2026.0,Healthcare,Healthcare,
33045,axelrod,Summer 2026,S26,2026.0,B2B,B2B,
28841,baud,Summer 2026,S26,2026.0,Industrials,Industrials,
32133,belvedir,Summer 2026,S26,2026.0,B2B,B2B,
32161,bernard,Summer 2026,S26,2026.0,B2B -> Operations,B2B,Operations
33606,billow-ai-labs,Summer 2026,S26,2026.0,B2B -> Finance and Accounting,B2B,Finance and Accounting
32200,bizmark,Summer 2026,S26,2026.0,B2B,B2B,
32551,bloomy,Summer 2026,S26,2026.0,Education,Education,
32197,buildbox,Summer 2026,S26,2026.0,B2B -> Analytics,B2B,Analytics
32220,ai-coach,Summer 2026,S26,2026.0,B2B -> Sales,B2B,Sales
32288,callbook-ai,Summer 2026,S26,2026.0,B2B,B2B,
33046,carsignal,Summer 2026,S26,2026.0,B2B,B2B,
33021,care-gp,Summer 2026,S26,2026.0,Healthcare,Healthcare,
33673,caution,Summer 2026,S26,2026.0,B2B -> Infrastructure,B2B,Infrastructure
32520,cerenovus,Summer 2026,S26,2026.0,B2B -> Operations,B2B,Operations
33055,chromie,Summer 2026,S26,2026.0,B2B,B2B,
32618,click,Summer 2026,S26,2026.0,B2B -> Analytics,B2B,Analytics
33738,coarena,Summer 2026,S26,2026.0,"B2B -> Engineering, Product and Design",B2B,"Engineering, Product and Design"
32230,codag,Summer 2026,S26,2026.0,B2B -> Infrastructure,B2B,Infrastructure
32814,computable,Summer 2026,S26,2026.0,Fintech,Fintech,
33936,conifer,Summer 2026,S26,2026.0,B2B,B2B,
32227,contextdev,Summer 2026,S26,2026.0,B2B -> Infrastructure,B2B,Infrastructure
31261,control-seat,Summer 2026,S26,2026.0,Industrials,Industrials,
33012,cosmic-robotics,Summer 2026,S26,2026.0,Industrials,Industrials,
31268,cova,Summer 2026,S26,2026.0,Healthcare,Healthcare,
33345,cuebench,Summer 2026,S26,2026.0,B2B,B2B,
32649,daqstra,Summer 2026,S26,2026.0,B2B,B2B,
31223,datoric,Summer 2026,S26,2026.0,B2B,B2B,
33344,dawn-industries,Summer 2026,S26,2026.0,Industrials -> Manufacturing and Robotics,Industrials,Manufacturing and Robotics
33047,decawork,Summer 2026,S26,2026.0,B2B -> Infrastructure,B2B,Infrastructure
32206,deepreach-inc,Summer 2026,S26,2026.0,B2B,B2B,
32286,definite,Summer 2026,S26,2026.0,B2B -> Finance and Accounting,B2B,Finance and Accounting
32782,denta,Summer 2026,S26,2026.0,Fintech -> Insurance,Fintech,Insurance
33050,derya,Summer 2026,S26,2026.0,B2B -> Supply Chain and Logistics,B2B,Supply Chain and Logistics
32202,dialogus,Summer 2026,S26,2026.0,B2B -> Infrastructure,B2B,Infrastructure
31277,dipole-labs,Summer 2026,S26,2026.0,Industrials,Industrials,
33248,dock,Summer 2026,S26,2026.0,B2B,B2B,
32122,donkey,Summer 2026,S26,2026.0,B2B -> Supply Chain and Logistics,B2B,Supply Chain and Logistics
31258,dream,Summer 2026,S26,2026.0,B2B,B2B,
33281,earendil-robotics,Summer 2026,S26,2026.0,Industrials -> Defense,Industrials,Defense
31582,edgerun,Summer 2026,S26,2026.0,Industrials -> Defense,Industrials,Defense
32484,edotenv,Summer 2026,S26,2026.0,B2B,B2B,
33805,edviro,Summer 2026,S26,2026.0,B2B -> Infrastructure,B2B,Infrastructure
32129,egoist-machines,Summer 2026,S26,2026.0,Consumer,Consumer,
32753,ekho-labs,Summer 2026,S26,2026.0,B2B -> Supply Chain and Logistics,B2B,Supply Chain and Logistics
31234,ekpa,Summer 2026,S26,2026.0,Fintech -> Asset Management,Fintech,Asset Management
32156,enact,Summer 2026,S26,2026.0,Industrials -> Manufacturing and Robotics,Industrials,Manufacturing and Robotics
32124,erinys,Summer 2026,S26,2026.0,B2B -> Legal,B2B,Legal
33312,ethos-space-resources,Summer 2026,S26,2026.0,Industrials -> Aviation and Space,Industrials,Aviation and Space
30735,evergrove,Summer 2026,S26,2026.0,Healthcare,Healthcare,
32947,executor,Summer 2026,S26,2026.0,B2B -> Infrastructure,B2B,Infrastructure
32233,exosat,Summer 2026,S26,2026.0,Industrials -> Aviation and Space,Industrials,Aviation and Space
33806,experiential-labs,Summer 2026,S26,2026.0,B2B -> Infrastructure,B2B,Infrastructure
32624,fabraix,Summer 2026,S26,2026.0,B2B -> Security,B2B,Security
32987,familiar,Summer 2026,S26,2026.0,B2B -> Infrastructure,B2B,Infrastructure
32816,financial-datasets,Summer 2026,S26,2026.0,B2B,B2B,
32193,floracene,Summer 2026,S26,2026.0,Healthcare,Healthcare,
33282,florin,Summer 2026,S26,2026.0,Fintech -> Insurance,Fintech,Insurance
32525,flowmanual,Summer 2026,S26,2026.0,Real Estate and Construction -> Construction,Real Estate and Construction,Construction
30923,frontier-computing,Summer 2026,S26,2026.0,Industrials,Industrials,
32194,guild,Summer 2026,S26,2026.0,Industrials -> Defense,Industrials,Defense
33016,gamgee,Summer 2026,S26,2026.0,Healthcare -> Drug Discovery and Delivery,Healthcare,Drug Discovery and Delivery
31592,gitcafe,Summer 2026,S26,2026.0,B2B -> Infrastructure,B2B,Infrastructure
32226,glen,Summer 2026,S26,2026.0,B2B -> Productivity,B2B,Productivity
32583,graphify-labs,Summer 2026,S26,2026.0,"B2B -> Engineering, Product and Design",B2B,"Engineering, Product and Design"
32586,greypoint-industries,Summer 2026,S26,2026.0,Industrials -> Defense,Industrials,Defense
33144,grip,Summer 2026,S26,2026.0,Industrials -> Manufacturing and Robotics,Industrials,Manufacturing and Robotics
32221,grocalo,Summer 2026,S26,2026.0,Consumer -> Content,Consumer,Content
32170,gutgutgoose,Summer 2026,S26,2026.0,Healthcare,Healthcare,
32123,manufacturingintelligence,Summer 2026,S26,2026.0,Industrials,Industrials,
33279,hebbian-robotics,Summer 2026,S26,2026.0,Industrials -> Manufacturing and Robotics,Industrials,Manufacturing and Robotics
32585,hilstart,Summer 2026,S26,2026.0,Industrials -> Manufacturing and Robotics,Industrials,Manufacturing and Robotics
33277,hop-aero,Summer 2026,S26,2026.0,Industrials -> Defense,Industrials,Defense
32089,hoplite,Summer 2026,S26,2026.0,"B2B -> Engineering, Product and Design",B2B,"Engineering, Product and Design"
33062,hubble-ai,Summer 2026,S26,2026.0,Healthcare -> Healthcare IT,Healthcare,Healthcare IT
33177,hyperprobe,Summer 2026,S26,2026.0,"B2B -> Engineering, Product and Design",B2B,"Engineering, Product and Design"
32188,impact-drones,Summer 2026,S26,2026.0,Industrials -> Defense,Industrials,Defense
31340,illume-labs,Summer 2026,S26,2026.0,Healthcare -> Consumer Health and Wellness,Healthcare,Consumer Health and Wellness
30672,induction-labs,Summer 2026,S26,2026.0,B2B -> Infrastructure,B2B,Infrastructure
33014,inkbox,Summer 2026,S26,2026.0,B2B -> Infrastructure,B2B,Infrastructure
32190,instaplay,Summer 2026,S26,2026.0,Consumer -> Gaming,Consumer,Gaming
32187,insurf,Summer 2026,S26,2026.0,Healthcare,Healthcare,
32781,isengard-industries-inc,Summer 2026,S26,2026.0,Industrials -> Defense,Industrials,Defense
32172,jcode,Summer 2026,S26,2026.0,Consumer,Consumer,
32137,kara,Summer 2026,S26,2026.0,Industrials,Industrials,
31825,kebra,Summer 2026,S26,2026.0,B2B -> Operations,B2B,Operations
32682,lato,Summer 2026,S26,2026.0,B2B,B2B,
33054,lamb-labs,Summer 2026,S26,2026.0,B2B,B2B,
32914,last-accounting-company,Summer 2026,S26,2026.0,B2B -> Finance and Accounting,B2B,Finance and Accounting
32171,lemonlime,Summer 2026,S26,2026.0,B2B,B2B,
33023,levocred-ai,Summer 2026,S26,2026.0,Fintech,Fintech,
31226,libra-robotics,Summer 2026,S26,2026.0,Industrials -> Manufacturing and Robotics,Industrials,Manufacturing and Robotics
31304,litmus-hiring,Summer 2026,S26,2026.0,B2B,B2B,
33283,locke,Summer 2026,S26,2026.0,B2B,B2B,
32848,luca-iq,Summer 2026,S26,2026.0,B2B -> Finance and Accounting,B2B,Finance and Accounting
32985,lumeria,Summer 2026,S26,2026.0,Healthcare -> Consumer Health and Wellness,Healthcare,Consumer Health and Wellness
32191,lyon,Summer 2026,S26,2026.0,B2B -> Analytics,B2B,Analytics
32205,mochitv,Summer 2026,S26,2026.0,Consumer -> Content,Consumer,Content
33639,magma,Summer 2026,S26,2026.0,B2B -> Infrastructure,B2B,Infrastructure
32157,maingen,Summer 2026,S26,2026.0,Industrials -> Energy,Industrials,Energy
32260,manifold-2,Summer 2026,S26,2026.0,Industrials -> Manufacturing and Robotics,Industrials,Manufacturing and Robotics
32223,joinmarble,Summer 2026,S26,2026.0,B2B,B2B,
32981,marengo,Summer 2026,S26,2026.0,Industrials -> Energy,Industrials,Energy
31352,marker,Summer 2026,S26,2026.0,B2B -> Productivity,B2B,Productivity
32988,markov,Summer 2026,S26,2026.0,B2B -> Infrastructure,B2B,Infrastructure
32128,mass-magnetics,Summer 2026,S26,2026.0,Industrials -> Defense,Industrials,Defense
31495,mentlio,Summer 2026,S26,2026.0,B2B,B2B,
31249,meteoric,Summer 2026,S26,2026.0,Industrials -> Climate,Industrials,Climate
33052,mireye,Summer 2026,S26,2026.0,B2B -> Infrastructure,B2B,Infrastructure
32521,molagri,Summer 2026,S26,2026.0,Industrials -> Agriculture,Industrials,Agriculture
32201,mosaic-inc,Summer 2026,S26,2026.0,B2B,B2B,
31341,most-robotic,Summer 2026,S26,2026.0,Industrials -> Manufacturing and Robotics,Industrials,Manufacturing and Robotics
32752,moving-atoms,Summer 2026,S26,2026.0,Industrials -> Manufacturing and Robotics,Industrials,Manufacturing and Robotics
32138,nebula-security,Summer 2026,S26,2026.0,B2B -> Security,B2B,Security
32716,neuromorphic,Summer 2026,S26,2026.0,Industrials -> Manufacturing and Robotics,Industrials,Manufacturing and Robotics
32717,neuron-industries,Summer 2026,S26,2026.0,Industrials -> Manufacturing and Robotics,Industrials,Manufacturing and Robotics
33342,nex,Summer 2026,S26,2026.0,B2B -> Sales,B2B,Sales
32553,noril1,Summer 2026,S26,2026.0,Industrials -> Manufacturing and Robotics,Industrials,Manufacturing and Robotics
30728,os3,Summer 2026,S26,2026.0,Industrials -> Manufacturing and Robotics,Industrials,Manufacturing and Robotics
32130,olam-labs,Summer 2026,S26,2026.0,B2B,B2B,
32623,omanta,Summer 2026,S26,2026.0,Healthcare,Healthcare,
33320,onecli,Summer 2026,S26,2026.0,B2B -> Security,B2B,Security
31074,onetriangle,Summer 2026,S26,2026.0,B2B -> Infrastructure,B2B,Infrastructure
32554,ooak-data,Summer 2026,S26,2026.0,B2B,B2B,
33249,openrelay,Summer 2026,S26,2026.0,"B2B -> Engineering, Product and Design",B2B,"Engineering, Product and Design"
33969,opentag,Summer 2026,S26,2026.0,B2B,B2B,
32121,opentrade,Summer 2026,S26,2026.0,Consumer,Consumer,
31301,openvector,Summer 2026,S26,2026.0,B2B -> Infrastructure,B2B,Infrastructure
31342,osmaura,Summer 2026,S26,2026.0,B2B,B2B,
33540,osseus,Summer 2026,S26,2026.0,"B2B -> Engineering, Product and Design",B2B,"Engineering, Product and Design"
33278,princeps,Summer 2026,S26,2026.0,Fintech -> Insurance,Fintech,Insurance
32913,pacific,Summer 2026,S26,2026.0,Industrials,Industrials,
31349,palette-2,Summer 2026,S26,2026.0,B2B,B2B,
32136,palisade,Summer 2026,S26,2026.0,"B2B -> Engineering, Product and Design",B2B,"Engineering, Product and Design"
33059,palisade-2,Summer 2026,S26,2026.0,B2B -> Security,B2B,Security
31989,pango,Summer 2026,S26,2026.0,B2B -> Retail,B2B,Retail
32134,parasma,Summer 2026,S26,2026.0,B2B -> Infrastructure,B2B,Infrastructure
32522,peer,Summer 2026,S26,2026.0,B2B -> Supply Chain and Logistics,B2B,Supply Chain and Logistics
33048,pennant,Summer 2026,S26,2026.0,Fintech -> Asset Management,Fintech,Asset Management
32127,perceptron-ml,Summer 2026,S26,2026.0,B2B,B2B,
33310,petrarch,Summer 2026,S26,2026.0,B2B,B2B,
32526,talentpluto,Summer 2026,S26,2026.0,B2B -> Recruiting and Talent,B2B,Recruiting and Talent
32748,pokerclubhub,Summer 2026,S26,2026.0,Consumer -> Gaming,Consumer,Gaming
31272,poth-labs,Summer 2026,S26,2026.0,B2B,B2B,
33022,praxis-robotics,Summer 2026,S26,2026.0,Industrials,Industrials,
31086,prescience-inc,Summer 2026,S26,2026.0,Healthcare,Healthcare,
32164,prized,Summer 2026,S26,2026.0,"B2B -> Engineering, Product and Design",B2B,"Engineering, Product and Design"
32254,prodigy-research,Summer 2026,S26,2026.0,Fintech,Fintech,
31569,proprio-robotics,Summer 2026,S26,2026.0,Industrials -> Manufacturing and Robotics,Industrials,Manufacturing and Robotics
33017,provenmetal,Summer 2026,S26,2026.0,Industrials -> Manufacturing and Robotics,Industrials,Manufacturing and Robotics
32625,qlo,Summer 2026,S26,2026.0,Fintech -> Insurance,Fintech,Insurance
33020,radley,Summer 2026,S26,2026.0,Healthcare,Healthcare,
31161,rapidfolio,Summer 2026,S26,2026.0,B2B,B2B,
32261,rasyn,Summer 2026,S26,2026.0,Healthcare,Healthcare,
32622,rational,Summer 2026,S26,2026.0,B2B -> Operations,B2B,Operations
32195,realpact,Summer 2026,S26,2026.0,Real Estate and Construction -> Housing and Real Estate,Real Estate and Construction,Housing and Real Estate
32155,rex-inc,Summer 2026,S26,2026.0,B2B -> Finance and Accounting,B2B,Finance and Accounting
32198,riften,Summer 2026,S26,2026.0,B2B -> Infrastructure,B2B,Infrastructure
31570,rindler,Summer 2026,S26,2026.0,"B2B -> Engineering, Product and Design",B2B,"Engineering, Product and Design"
32192,rise-reforming,Summer 2026,S26,2026.0,Industrials -> Climate,Industrials,Climate
32650,risklytics,Summer 2026,S26,2026.0,Fintech -> Insurance,Fintech,Insurance
33349,robocurve,Summer 2026,S26,2026.0,Industrials -> Manufacturing and Robotics,Industrials,Manufacturing and Robotics
32979,ronanrx-inc,Summer 2026,S26,2026.0,Healthcare,Healthcare,
33408,salem-robotics-inc,Summer 2026,S26,2026.0,Industrials -> Manufacturing and Robotics,Industrials,Manufacturing and Robotics
32131,shielded,Summer 2026,S26,2026.0,B2B -> Finance and Accounting,B2B,Finance and Accounting
33053,shiraz-ai,Summer 2026,S26,2026.0,Industrials -> Manufacturing and Robotics,Industrials,Manufacturing and Robotics
31437,textsidekick,Summer 2026,S26,2026.0,B2B -> Operations,B2B,Operations
33111,skymerse,Summer 2026,S26,2026.0,Industrials -> Aviation and Space,Industrials,Aviation and Space
33311,spaceflow-technologies-inc,Summer 2026,S26,2026.0,B2B -> Supply Chain and Logistics,B2B,Supply Chain and Logistics
32257,spectre-intelligence,Summer 2026,S26,2026.0,Fintech -> Asset Management,Fintech,Asset Management
32169,speko,Summer 2026,S26,2026.0,B2B -> Infrastructure,B2B,Infrastructure
32517,standard-machines,Summer 2026,S26,2026.0,B2B,B2B,
32225,stoa,Summer 2026,S26,2026.0,Fintech,Fintech,
32523,stratum-industries,Summer 2026,S26,2026.0,Government,Government,
32162,studio,Summer 2026,S26,2026.0,B2B -> Analytics,B2B,Analytics
33313,subvysion,Summer 2026,S26,2026.0,Real Estate and Construction -> Construction,Real Estate and Construction,Construction
30914,sunflower,Summer 2026,S26,2026.0,Healthcare -> Healthcare Services,Healthcare,Healthcare Services
32168,synapse-semiconductor,Summer 2026,S26,2026.0,Industrials,Industrials,
32587,tarebio,Summer 2026,S26,2026.0,Healthcare -> Drug Discovery and Delivery,Healthcare,Drug Discovery and Delivery
32319,tarifflo-inc,Summer 2026,S26,2026.0,B2B -> Supply Chain and Logistics,B2B,Supply Chain and Logistics
32627,tenor,Summer 2026,S26,2026.0,B2B,B2B,
30904,tensr,Summer 2026,S26,2026.0,Industrials -> Manufacturing and Robotics,Industrials,Manufacturing and Robotics
31858,torus,Summer 2026,S26,2026.0,Industrials,Industrials,
32253,touchmark,Summer 2026,S26,2026.0,B2B -> Infrastructure,B2B,Infrastructure
33051,touchy,Summer 2026,S26,2026.0,Consumer,Consumer,
33178,tovenai,Summer 2026,S26,2026.0,Fintech -> Banking and Exchange,Fintech,Banking and Exchange
32418,traceforce,Summer 2026,S26,2026.0,B2B -> Security,B2B,Security
33316,tracer,Summer 2026,S26,2026.0,B2B,B2B,
31537,trident,Summer 2026,S26,2026.0,B2B -> Security,B2B,Security
32135,trope,Summer 2026,S26,2026.0,B2B,B2B,
32815,trynearby,Summer 2026,S26,2026.0,B2B -> Marketing,B2B,Marketing
31259,tsenta,Summer 2026,S26,2026.0,Consumer -> Job and Career Services,Consumer,Job and Career Services
32750,ultrasonium,Summer 2026,S26,2026.0,Industrials -> Manufacturing and Robotics,Industrials,Manufacturing and Robotics
32167,understudy-labs,Summer 2026,S26,2026.0,B2B -> Infrastructure,B2B,Infrastructure
32620,vendo,Summer 2026,S26,2026.0,"B2B -> Engineering, Product and Design",B2B,"Engineering, Product and Design"
32189,verdant,Summer 2026,S26,2026.0,Government,Government,
33179,verdict-machine,Summer 2026,S26,2026.0,B2B -> Security,B2B,Security
33319,vernius-systems-inc,Summer 2026,S26,2026.0,Industrials -> Defense,Industrials,Defense
32751,vestris,Summer 2026,S26,2026.0,Real Estate and Construction -> Housing and Real Estate,Real Estate and Construction,Housing and Real Estate
31047,waddle-labs,Summer 2026,S26,2026.0,Industrials -> Manufacturing and Robotics,Industrials,Manufacturing and Robotics
32948,waybill,Summer 2026,S26,2026.0,B2B -> Supply Chain and Logistics,B2B,Supply Chain and Logistics
32617,whitespace,Summer 2026,S26,2026.0,B2B -> Supply Chain and Logistics,B2B,Supply Chain and Logistics
31425,wondertx,Summer 2026,S26,2026.0,Healthcare -> Therapeutics,Healthcare,Therapeutics
33317,wondering,Summer 2026,S26,2026.0,Consumer,Consumer,
32256,zaplar,Summer 2026,S26,2026.0,B2B -> Operations,B2B,Operations
32154,zomma,Summer 2026,S26,2026.0,B2B,B2B,
33573,hardware-intelligence,Summer 2026,S26,2026.0,"B2B -> Engineering, Product and Design",B2B,"Engineering, Product and Design"
33348,hiloop,Summer 2026,S26,2026.0,B2B -> Infrastructure,B2B,Infrastructure
32527,machine0,Summer 2026,S26,2026.0,B2B -> Infrastructure,B2B,Infrastructure
31555,rekursivai,Summer 2026,S26,2026.0,B2B -> Productivity,B2B,Productivity
32259,screenpipe,Summer 2026,S26,2026.0,B2B -> Productivity,B2B,Productivity
31923,tash,Summer 2026,S26,2026.0,Consumer,Consumer,
35290,antropi-robotics,Fall 2026,F26,2026.0,Industrials -> Manufacturing and Robotics,Industrials,Manufacturing and Robotics
35261,asakana,Fall 2026,F26,2026.0,Consumer -> Food and Beverage,Consumer,Food and Beverage
34928,ascii,Fall 2026,F26,2026.0,B2B -> Infrastructure,B2B,Infrastructure
35058,capveon,Fall 2026,F26,2026.0,Government,Government,
31461,collar,Fall 2026,F26,2026.0,B2B,B2B,
36084,covera,Fall 2026,F26,2026.0,Fintech -> Insurance,Fintech,Insurance
31452,degla-inc,Fall 2026,F26,2026.0,Industrials -> Drones,Industrials,Drones
35850,dreamscale-labs,Fall 2026,F26,2026.0,Industrials -> Manufacturing and Robotics,Industrials,Manufacturing and Robotics
35094,useforward,Fall 2026,F26,2026.0,B2B,B2B,
31378,godhands,Fall 2026,F26,2026.0,B2B,B2B,
35522,hemlock,Fall 2026,F26,2026.0,Industrials -> Manufacturing and Robotics,Industrials,Manufacturing and Robotics
35265,hopper,Fall 2026,F26,2026.0,B2B -> Infrastructure,B2B,Infrastructure
34365,lambda-robotics,Fall 2026,F26,2026.0,Industrials -> Manufacturing and Robotics,Industrials,Manufacturing and Robotics
35190,lantern-ai,Fall 2026,F26,2026.0,B2B -> Human Resources,B2B,Human Resources
33804,lightfield,Fall 2026,F26,2026.0,B2B -> Legal,B2B,Legal
38061,maritime,Fall 2026,F26,2026.0,B2B -> Infrastructure,B2B,Infrastructure
35257,nodus-compute,Fall 2026,F26,2026.0,B2B,B2B,
35260,onepatch,Fall 2026,F26,2026.0,"B2B -> Engineering, Product and Design",B2B,"Engineering, Product and Design"
35525,orca-aerospace,Fall 2026,F26,2026.0,Industrials -> Aviation and Space,Industrials,Aviation and Space
34794,qokedas,Fall 2026,F26,2026.0,B2B,B2B,
36940,quippy,Fall 2026,F26,2026.0,Consumer,Consumer,
37600,redoubt-insurance,Fall 2026,F26,2026.0,Fintech -> Insurance,Fintech,Insurance
31591,rightnow,Fall 2026,F26,2026.0,B2B -> Infrastructure,B2B,Infrastructure
34597,sentient-os,Fall 2026,F26,2026.0,B2B -> Productivity,B2B,Productivity
33838,simantic,Fall 2026,F26,2026.0,"B2B -> Engineering, Product and Design",B2B,"Engineering, Product and Design"
34629,simulithic,Fall 2026,F26,2026.0,"B2B -> Engineering, Product and Design",B2B,"Engineering, Product and Design"
36708,sinter-systems,Fall 2026,F26,2026.0,Industrials -> Manufacturing and Robotics,Industrials,Manufacturing and Robotics
35128,talos-us,Fall 2026,F26,2026.0,Industrials -> Energy,Industrials,Energy
37272,the-subvocal-company,Fall 2026,F26,2026.0,Consumer -> Consumer Electronics,Consumer,Consumer Electronics
34761,veeza-ai,Fall 2026,F26,2026.0,"Consumer -> Travel, Leisure and Tourism",Consumer,"Travel, Leisure and Tourism"
32352,veltha,Fall 2026,F26,2026.0,Fintech -> Insurance,Fintech,Insurance
35784,vorelios,Fall 2026,F26,2026.0,B2B,B2B,
35395,workers-io,Fall 2026,F26,2026.0,"B2B -> Engineering, Product and Design",B2B,"Engineering, Product and Design"
36348,antimattr,Fall 2026,F26,2026.0,Consumer -> Consumer Electronics,Consumer,Consumer Electronics
34464,herdr,Fall 2026,F26,2026.0,"B2B -> Engineering, Product and Design",B2B,"Engineering, Product and Design"
32165,rote,Winter 2027,W27,2027.0,B2B -> Operations,B2B,Operations
