company_id,company_slug,batch,batch_code,year,tag
23629,axar-ai,Winter 2021,W21,2021,Developer Tools
23629,axar-ai,Winter 2021,W21,2021,B2B
23629,axar-ai,Winter 2021,W21,2021,AI
22579,abacum,Winter 2021,W21,2021,FinOps
22579,abacum,Winter 2021,W21,2021,SaaS
23096,aerotime,Winter 2021,W21,2021,SaaS
23096,aerotime,Winter 2021,W21,2021,Productivity
23292,agendapro,Winter 2021,W21,2021,SaaS
23292,agendapro,Winter 2021,W21,2021,E-commerce
22630,alba-orbital,Winter 2021,W21,2021,Hard Tech
22630,alba-orbital,Winter 2021,W21,2021,Satellites
22640,albedo,Winter 2021,W21,2021,Hard Tech
22640,albedo,Winter 2021,W21,2021,Satellites
22640,albedo,Winter 2021,W21,2021,Climate
22640,albedo,Winter 2021,W21,2021,Aerospace
22834,alinea,Winter 2021,W21,2021,Artificial Intelligence
22834,alinea,Winter 2021,W21,2021,Education
22834,alinea,Winter 2021,W21,2021,Fintech
22834,alinea,Winter 2021,W21,2021,Social
23630,alltruists,Winter 2021,W21,2021,Subscriptions
23630,alltruists,Winter 2021,W21,2021,Kids
23270,alokai,Winter 2021,W21,2021,Developer Tools
23270,alokai,Winter 2021,W21,2021,Open Source
23270,alokai,Winter 2021,W21,2021,E-commerce
23315,alpas,Winter 2021,W21,2021,Supply Chain
23315,alpas,Winter 2021,W21,2021,Procurement
22866,anima,Winter 2021,W21,2021,Deep Learning
22866,anima,Winter 2021,W21,2021,SaaS
22866,anima,Winter 2021,W21,2021,Consumer Health Services
23537,arpio,Winter 2021,W21,2021,Cloud Workload Protection
23537,arpio,Winter 2021,W21,2021,SaaS
23537,arpio,Winter 2021,W21,2021,B2B
22627,atomic-industries,Winter 2021,W21,2021,Artificial Intelligence
22627,atomic-industries,Winter 2021,W21,2021,Hard Tech
22627,atomic-industries,Winter 2021,W21,2021,Manufacturing
22581,atrato,Winter 2021,W21,2021,Fintech
22581,atrato,Winter 2021,W21,2021,Payments
22581,atrato,Winter 2021,W21,2021,Consumer Finance
22935,aurabeat,Winter 2021,W21,2021,Hardware
22935,aurabeat,Winter 2021,W21,2021,Energy
22934,auricle,Winter 2021,W21,2021,Hard Tech
22934,auricle,Winter 2021,W21,2021,Neurotechnology
22934,auricle,Winter 2021,W21,2021,Health Tech
22934,auricle,Winter 2021,W21,2021,Medical Devices
22934,auricle,Winter 2021,W21,2021,Healthcare
22771,avenue,Winter 2021,W21,2021,Developer Tools
22771,avenue,Winter 2021,W21,2021,SaaS
22771,avenue,Winter 2021,W21,2021,Data Engineering
23515,avion-school,Winter 2021,W21,2021,Education
23515,avion-school,Winter 2021,W21,2021,eLearning
23515,avion-school,Winter 2021,W21,2021,Recruiting
22828,aviron-interactive,Winter 2021,W21,2021,Sports Tech
22828,aviron-interactive,Winter 2021,W21,2021,Consumer Health Services
22828,aviron-interactive,Winter 2021,W21,2021,Gaming
22717,avocado,Winter 2021,W21,2021,Fintech
22717,avocado,Winter 2021,W21,2021,Generative AI
22717,avocado,Winter 2021,W21,2021,Restaurant Tech
22717,avocado,Winter 2021,W21,2021,AI
22717,avocado,Winter 2021,W21,2021,AI Assistant
23423,awari,Winter 2021,W21,2021,Education
23423,awari,Winter 2021,W21,2021,eLearning
22742,axiom-ai,Winter 2021,W21,2021,Robotic Process Automation
22742,axiom-ai,Winter 2021,W21,2021,SaaS
22779,axle-health,Winter 2021,W21,2021,Scheduling
22779,axle-health,Winter 2021,W21,2021,Logistics
22779,axle-health,Winter 2021,W21,2021,Healthcare
23412,axolo,Winter 2021,W21,2021,Developer Tools
23412,axolo,Winter 2021,W21,2021,SaaS
22718,bewell-digital,Winter 2021,W21,2021,SaaS
23175,betterhalf,Winter 2021,W21,2021,Dating
23175,betterhalf,Winter 2021,W21,2021,India
22792,bimaplan,Winter 2021,W21,2021,Fintech
22792,bimaplan,Winter 2021,W21,2021,Microinsurance
23190,biodock,Winter 2021,W21,2021,Deep Learning
23190,biodock,Winter 2021,W21,2021,SaaS
23190,biodock,Winter 2021,W21,2021,AI
23445,blink,Winter 2021,W21,2021,E-Commerce
23445,blink,Winter 2021,W21,2021,Logistics
23555,bloom-3,Winter 2021,W21,2021,Education
23555,bloom-3,Winter 2021,W21,2021,Fintech
23555,bloom-3,Winter 2021,W21,2021,Edtech
22703,bluelight,Winter 2021,W21,2021,SaaS
22703,bluelight,Winter 2021,W21,2021,B2B
22703,bluelight,Winter 2021,W21,2021,Analytics
23121,botbuilt,Winter 2021,W21,2021,Robotic Process Automation
23121,botbuilt,Winter 2021,W21,2021,Robotics
23121,botbuilt,Winter 2021,W21,2021,Construction
23121,botbuilt,Winter 2021,W21,2021,Housing
22881,briohr,Winter 2021,W21,2021,SaaS
22881,briohr,Winter 2021,W21,2021,Human Resources
22881,briohr,Winter 2021,W21,2021,B2B
22612,bristle,Winter 2021,W21,2021,Consumer Health Services
22612,bristle,Winter 2021,W21,2021,Telemedicine
23434,broad,Winter 2021,W21,2021,Fintech
22791,bueno-finance,Winter 2021,W21,2021,Fintech
22791,bueno-finance,Winter 2021,W21,2021,India
22791,bueno-finance,Winter 2021,W21,2021,Neobank
23371,businessonbot,Winter 2021,W21,2021,Artificial Intelligence
23371,businessonbot,Winter 2021,W21,2021,SaaS
23371,businessonbot,Winter 2021,W21,2021,E-commerce
22829,camber-2,Winter 2021,W21,2021,Mental Health Tech
22829,camber-2,Winter 2021,W21,2021,Health Tech
23631,camelan,Winter 2021,W21,2021,Marketplace
23631,camelan,Winter 2021,W21,2021,Video
23186,camp,Winter 2021,W21,2021,GovTech
23186,camp,Winter 2021,W21,2021,Crypto / Web3
23186,camp,Winter 2021,W21,2021,Infrastructure
22870,care-weather,Winter 2021,W21,2021,Hard Tech
22870,care-weather,Winter 2021,W21,2021,Space Exploration
22870,care-weather,Winter 2021,W21,2021,Satellites
22870,care-weather,Winter 2021,W21,2021,Weather
22870,care-weather,Winter 2021,W21,2021,Agriculture
22745,cashbook,Winter 2021,W21,2021,Fintech
22745,cashbook,Winter 2021,W21,2021,SaaS
22745,cashbook,Winter 2021,W21,2021,B2B
22775,charge-running,Winter 2021,W21,2021,SaaS
22775,charge-running,Winter 2021,W21,2021,Consumer Health Services
22775,charge-running,Winter 2021,W21,2021,Subscriptions
23279,chatwoot,Winter 2021,W21,2021,B2B
23279,chatwoot,Winter 2021,W21,2021,Customer Success
23279,chatwoot,Winter 2021,W21,2021,Open Source
23279,chatwoot,Winter 2021,W21,2021,Customer Service
23279,chatwoot,Winter 2021,W21,2021,Customer Support
23435,cheqout,Winter 2021,W21,2021,Payments
23633,chorus-sleep,Winter 2021,W21,2021,Mental Health Tech
23633,chorus-sleep,Winter 2021,W21,2021,Sleep Tech
23633,chorus-sleep,Winter 2021,W21,2021,Health Tech
22711,clay,Winter 2021,W21,2021,SaaS
22711,clay,Winter 2021,W21,2021,Productivity
22711,clay,Winter 2021,W21,2021,Collaboration
22711,clay,Winter 2021,W21,2021,Design Tools
23550,clear,Winter 2021,W21,2021,Marketplace
23550,clear,Winter 2021,W21,2021,Consumer
23550,clear,Winter 2021,W21,2021,Digital Health
23550,clear,Winter 2021,W21,2021,Data Engineering
22752,clipdrop,Winter 2021,W21,2021,SaaS
22752,clipdrop,Winter 2021,W21,2021,Computer Vision
22752,clipdrop,Winter 2021,W21,2021,Design Tools
23276,codeball,Winter 2021,W21,2021,Artificial Intelligence
23276,codeball,Winter 2021,W21,2021,Developer Tools
23276,codeball,Winter 2021,W21,2021,SaaS
22955,coderhouse,Winter 2021,W21,2021,Education
22955,coderhouse,Winter 2021,W21,2021,eLearning
22955,coderhouse,Winter 2021,W21,2021,Community
22997,codingal,Winter 2021,W21,2021,Education
22997,codingal,Winter 2021,W21,2021,eLearning
22997,codingal,Winter 2021,W21,2021,Edtech
23200,compose-ai,Winter 2021,W21,2021,Artificial Intelligence
23200,compose-ai,Winter 2021,W21,2021,NLP
23200,compose-ai,Winter 2021,W21,2021,Email
22841,controlhub,Winter 2021,W21,2021,Fintech
22841,controlhub,Winter 2021,W21,2021,SaaS
22841,controlhub,Winter 2021,W21,2021,B2B
22706,curvenote,Winter 2021,W21,2021,Documents
22706,curvenote,Winter 2021,W21,2021,Developer Tools
22706,curvenote,Winter 2021,W21,2021,SaaS
22781,cyble,Winter 2021,W21,2021,SaaS
22781,cyble,Winter 2021,W21,2021,Security
22781,cyble,Winter 2021,W21,2021,AI
22987,darrow,Winter 2021,W21,2021,LegalTech
22842,dashlabs-ai,Winter 2021,W21,2021,Health Tech
22842,dashlabs-ai,Winter 2021,W21,2021,B2B
22842,dashlabs-ai,Winter 2021,W21,2021,Digital Health
22842,dashlabs-ai,Winter 2021,W21,2021,Healthcare IT
23303,dataherald,Winter 2021,W21,2021,AI-Enhanced Learning
23303,dataherald,Winter 2021,W21,2021,Artificial Intelligence
23303,dataherald,Winter 2021,W21,2021,SaaS
23303,dataherald,Winter 2021,W21,2021,B2B
22951,datrics,Winter 2021,W21,2021,B2B
22951,datrics,Winter 2021,W21,2021,Analytics
22951,datrics,Winter 2021,W21,2021,Healthcare
22951,datrics,Winter 2021,W21,2021,Health Insurance
22951,datrics,Winter 2021,W21,2021,AI
23405,dayra,Winter 2021,W21,2021,Banking as a Service
23405,dayra,Winter 2021,W21,2021,Fintech
22470,degrees-of-freedom,Winter 2021,W21,2021,Virtual Reality
22470,degrees-of-freedom,Winter 2021,W21,2021,Nonprofit
22470,degrees-of-freedom,Winter 2021,W21,2021,HR Tech
22470,degrees-of-freedom,Winter 2021,W21,2021,Edtech
22470,degrees-of-freedom,Winter 2021,W21,2021,AI
23458,djamo,Winter 2021,W21,2021,Fintech
22656,dreamworld,Winter 2021,W21,2021,Gaming
23400,dressd,Winter 2021,W21,2021,Marketplace
23400,dressd,Winter 2021,W21,2021,Consumer
23400,dressd,Winter 2021,W21,2021,E-commerce
23038,dyte,Winter 2021,W21,2021,Video
23038,dyte,Winter 2021,W21,2021,API
23038,dyte,Winter 2021,W21,2021,Telecommunications
23264,eat-blueprint,Winter 2021,W21,2021,Anti-Aging
23264,eat-blueprint,Winter 2021,W21,2021,Fitness
23264,eat-blueprint,Winter 2021,W21,2021,Food
23264,eat-blueprint,Winter 2021,W21,2021,Health & Wellness
23264,eat-blueprint,Winter 2021,W21,2021,Food & Beverage
22831,emerge-tools,Winter 2021,W21,2021,Artificial Intelligence
22831,emerge-tools,Winter 2021,W21,2021,Developer Tools
22831,emerge-tools,Winter 2021,W21,2021,B2B
22831,emerge-tools,Winter 2021,W21,2021,Enterprise
23037,enable-us,Winter 2021,W21,2021,Artificial Intelligence
23037,enable-us,Winter 2021,W21,2021,SaaS
23037,enable-us,Winter 2021,W21,2021,B2B
22744,encord,Winter 2021,W21,2021,Machine Learning
22744,encord,Winter 2021,W21,2021,Robotics
22744,encord,Winter 2021,W21,2021,Enterprise Software
22744,encord,Winter 2021,W21,2021,Infrastructure
22744,encord,Winter 2021,W21,2021,AI
22953,enode,Winter 2021,W21,2021,Climate
22953,enode,Winter 2021,W21,2021,API
22953,enode,Winter 2021,W21,2021,Energy
22953,enode,Winter 2021,W21,2021,Infrastructure
23263,entelexo-biotherapeutics,Winter 2021,W21,2021,Biotech
23433,estoca,Winter 2021,W21,2021,B2B
23433,estoca,Winter 2021,W21,2021,Logistics
23433,estoca,Winter 2021,W21,2021,E-commerce
22787,expent-inc,Winter 2021,W21,2021,Machine Learning
22787,expent-inc,Winter 2021,W21,2021,SaaS
22787,expent-inc,Winter 2021,W21,2021,B2B
22787,expent-inc,Winter 2021,W21,2021,AI
23189,fable,Winter 2021,W21,2021,SaaS
23189,fable,Winter 2021,W21,2021,Productivity
23189,fable,Winter 2021,W21,2021,Enterprise Software
22786,faction,Winter 2021,W21,2021,Autonomous Delivery
22786,faction,Winter 2021,W21,2021,Robotics
22786,faction,Winter 2021,W21,2021,Logistics
22786,faction,Winter 2021,W21,2021,Electric Vehicles
22786,faction,Winter 2021,W21,2021,Self-Driving Vehicles
22879,fathom,Winter 2021,W21,2021,SaaS
22879,fathom,Winter 2021,W21,2021,B2B
22879,fathom,Winter 2021,W21,2021,Productivity
22879,fathom,Winter 2021,W21,2021,AI
22879,fathom,Winter 2021,W21,2021,Note-taking
23174,feroot-security,Winter 2021,W21,2021,Compliance
23174,feroot-security,Winter 2021,W21,2021,Security
23174,feroot-security,Winter 2021,W21,2021,Privacy
22826,fifthtry,Winter 2021,W21,2021,Documents
22826,fifthtry,Winter 2021,W21,2021,Developer Tools
23065,finantier,Winter 2021,W21,2021,Fintech
23065,finantier,Winter 2021,W21,2021,SaaS
23065,finantier,Winter 2021,W21,2021,B2B
22755,finary,Winter 2021,W21,2021,Fintech
22755,finary,Winter 2021,W21,2021,Community
22903,finary-com,Winter 2021,W21,2021,Fintech
22903,finary-com,Winter 2021,W21,2021,Investing
22903,finary-com,Winter 2021,W21,2021,Neobank
22667,finley,Winter 2021,W21,2021,Fintech
22667,finley,Winter 2021,W21,2021,SaaS
22667,finley,Winter 2021,W21,2021,Enterprise
22836,fintoc,Winter 2021,W21,2021,Developer Tools
22836,fintoc,Winter 2021,W21,2021,Fintech
22836,fintoc,Winter 2021,W21,2021,SaaS
22836,fintoc,Winter 2021,W21,2021,Payments
22882,firstsupport-ai,Winter 2021,W21,2021,Artificial Intelligence
22882,firstsupport-ai,Winter 2021,W21,2021,SaaS
22882,firstsupport-ai,Winter 2021,W21,2021,B2B
22882,firstsupport-ai,Winter 2021,W21,2021,Customer Support
22882,firstsupport-ai,Winter 2021,W21,2021,AI Assistant
22796,firstbase-io,Winter 2021,W21,2021,SaaS
22796,firstbase-io,Winter 2021,W21,2021,B2B
22796,firstbase-io,Winter 2021,W21,2021,LegalTech
23128,fithub-2,Winter 2021,W21,2021,Grocery
23128,fithub-2,Winter 2021,W21,2021,E-commerce
22989,flextock,Winter 2021,W21,2021,Logistics
22989,flextock,Winter 2021,W21,2021,Supply Chain
22774,flok,Winter 2021,W21,2021,Marketplace
22774,flok,Winter 2021,W21,2021,Travel
22774,flok,Winter 2021,W21,2021,Remote
23316,floweq,Winter 2021,W21,2021,B2B
23316,floweq,Winter 2021,W21,2021,Customer Success
23316,floweq,Winter 2021,W21,2021,Compliance
23316,floweq,Winter 2021,W21,2021,API
23316,floweq,Winter 2021,W21,2021,Enterprise
23645,flux-2,Winter 2021,W21,2021,DeFi
23645,flux-2,Winter 2021,W21,2021,Crypto / Web3
22708,flux-auto,Winter 2021,W21,2021,Artificial Intelligence
22708,flux-auto,Winter 2021,W21,2021,Autonomous Trucking
22708,flux-auto,Winter 2021,W21,2021,Hard Tech
22708,flux-auto,Winter 2021,W21,2021,Robotics
22708,flux-auto,Winter 2021,W21,2021,AI
23511,forcyte-biotechnologies,Winter 2021,W21,2021,Drug discovery
23328,compound-writing,Winter 2021,W21,2021,Productivity
22714,fountain9,Winter 2021,W21,2021,Artificial Intelligence
22714,fountain9,Winter 2021,W21,2021,Warehouse Management Tech
22714,fountain9,Winter 2021,W21,2021,E-commerce
22714,fountain9,Winter 2021,W21,2021,Supply Chain
22714,fountain9,Winter 2021,W21,2021,Retail
22751,fractional,Winter 2021,W21,2021,Fintech
22751,fractional,Winter 2021,W21,2021,Real Estate
22751,fractional,Winter 2021,W21,2021,Community
23415,friz,Winter 2021,W21,2021,Developer Tools
23415,friz,Winter 2021,W21,2021,SaaS
23415,friz,Winter 2021,W21,2021,Design Tools
23415,friz,Winter 2021,W21,2021,Social Media
23415,friz,Winter 2021,W21,2021,AI
22788,functionup-fanplay,Winter 2021,W21,2021,Education
22788,functionup-fanplay,Winter 2021,W21,2021,Income Share Agreements
22788,functionup-fanplay,Winter 2021,W21,2021,eLearning
23305,galaxy,Winter 2021,W21,2021,Developer Tools
23305,galaxy,Winter 2021,W21,2021,Gaming
22702,gerald-technologies-inc,Winter 2021,W21,2021,Fintech
22702,gerald-technologies-inc,Winter 2021,W21,2021,Payments
22702,gerald-technologies-inc,Winter 2021,W21,2021,Consumer
23389,gigs,Winter 2021,W21,2021,Fintech
23389,gigs,Winter 2021,W21,2021,HR Tech
23389,gigs,Winter 2021,W21,2021,API
23389,gigs,Winter 2021,W21,2021,AI
22673,gigs-live,Winter 2021,W21,2021,SaaS
22673,gigs-live,Winter 2021,W21,2021,Entertainment
22673,gigs-live,Winter 2021,W21,2021,Media
22888,gimbooks,Winter 2021,W21,2021,Fintech
22888,gimbooks,Winter 2021,W21,2021,SaaS
22888,gimbooks,Winter 2021,W21,2021,B2B
22712,gobuild-fka-brick,Winter 2021,W21,2021,Fintech
22712,gobuild-fka-brick,Winter 2021,W21,2021,Housing
22712,gobuild-fka-brick,Winter 2021,W21,2021,Proptech
22565,gonddo,Winter 2021,W21,2021,Marketplace
22777,gradia-health,Winter 2021,W21,2021,Consumer Health Services
22777,gradia-health,Winter 2021,W21,2021,Health Tech
22777,gradia-health,Winter 2021,W21,2021,Telehealth
22777,gradia-health,Winter 2021,W21,2021,Digital Health
22777,gradia-health,Winter 2021,W21,2021,Healthcare
23306,greaseboss,Winter 2021,W21,2021,Hardware
23306,greaseboss,Winter 2021,W21,2021,IoT
22947,great-question,Winter 2021,W21,2021,SaaS
22947,great-question,Winter 2021,W21,2021,B2B
22947,great-question,Winter 2021,W21,2021,Design Tools
22889,greywing,Winter 2021,W21,2021,Hard Tech
22889,greywing,Winter 2021,W21,2021,SaaS
22889,greywing,Winter 2021,W21,2021,Maritime
22789,gridware,Winter 2021,W21,2021,Hardware
22789,gridware,Winter 2021,W21,2021,Climate
22789,gridware,Winter 2021,W21,2021,Energy
22789,gridware,Winter 2021,W21,2021,Enterprise Software
22677,gromo,Winter 2021,W21,2021,Fintech
22677,gromo,Winter 2021,W21,2021,Insurance
23556,h3x-technologies,Winter 2021,W21,2021,Airplanes
23556,h3x-technologies,Winter 2021,W21,2021,Climate
23556,h3x-technologies,Winter 2021,W21,2021,Electric Vehicles
23453,hubuc,Winter 2021,W21,2021,Fintech
23453,hubuc,Winter 2021,W21,2021,Payments
23453,hubuc,Winter 2021,W21,2021,B2B
23453,hubuc,Winter 2021,W21,2021,API
23453,hubuc,Winter 2021,W21,2021,Infrastructure
22668,hapi,Winter 2021,W21,2021,Fintech
22668,hapi,Winter 2021,W21,2021,Finance
22668,hapi,Winter 2021,W21,2021,Consumer Finance
22668,hapi,Winter 2021,W21,2021,Trading
22668,hapi,Winter 2021,W21,2021,Cryptocurrency
23259,haystack,Winter 2021,W21,2021,Analytics
22876,hermes-robotics,Winter 2021,W21,2021,Autonomous Trucking
22876,hermes-robotics,Winter 2021,W21,2021,Hard Tech
22876,hermes-robotics,Winter 2021,W21,2021,Robotics
22876,hermes-robotics,Winter 2021,W21,2021,Defense
23242,homebreeze,Winter 2021,W21,2021,Marketplace
23242,homebreeze,Winter 2021,W21,2021,Real Estate
23242,homebreeze,Winter 2021,W21,2021,Proptech
23242,homebreeze,Winter 2021,W21,2021,Climate
23242,homebreeze,Winter 2021,W21,2021,Home Services
22983,homebase,Winter 2021,W21,2021,Fintech
22983,homebase,Winter 2021,W21,2021,Proptech
23266,houm,Winter 2021,W21,2021,Marketplace
23266,houm,Winter 2021,W21,2021,Proptech
22658,howdy-com,Winter 2021,W21,2021,B2B
22658,howdy-com,Winter 2021,W21,2021,Recruiting
22784,huddlefire,Winter 2021,W21,2021,SaaS
22942,hudu,Winter 2021,W21,2021,SaaS
22942,hudu,Winter 2021,W21,2021,B2B
22942,hudu,Winter 2021,W21,2021,Workflow Automation
22638,humaans,Winter 2021,W21,2021,SaaS
22638,humaans,Winter 2021,W21,2021,Human Resources
22638,humaans,Winter 2021,W21,2021,B2B
22638,humaans,Winter 2021,W21,2021,Enterprise
22638,humaans,Winter 2021,W21,2021,AI
23636,humance,Winter 2021,W21,2021,Artificial Intelligence
23636,humance,Winter 2021,W21,2021,Construction
23636,humance,Winter 2021,W21,2021,B2B
23636,humance,Winter 2021,W21,2021,Scheduling
22778,hyperglue,Winter 2021,W21,2021,Machine Learning
22778,hyperglue,Winter 2021,W21,2021,B2B
22778,hyperglue,Winter 2021,W21,2021,NLP
23280,infracost,Winter 2021,W21,2021,Developer Tools
23280,infracost,Winter 2021,W21,2021,DevSecOps
23280,infracost,Winter 2021,W21,2021,FinOps
23280,infracost,Winter 2021,W21,2021,B2B
23280,infracost,Winter 2021,W21,2021,Open Source
23062,inpharmd,Winter 2021,W21,2021,Artificial Intelligence
23062,inpharmd,Winter 2021,W21,2021,B2B
23062,inpharmd,Winter 2021,W21,2021,Telemedicine
22944,invoid,Winter 2021,W21,2021,Machine Learning
22944,invoid,Winter 2021,W21,2021,SaaS
22944,invoid,Winter 2021,W21,2021,B2B
23397,jetdocs,Winter 2021,W21,2021,SaaS
23397,jetdocs,Winter 2021,W21,2021,B2B
23440,jiga,Winter 2021,W21,2021,B2B
23440,jiga,Winter 2021,W21,2021,Manufacturing
23440,jiga,Winter 2021,W21,2021,Supply Chain
22705,joinsub,Winter 2021,W21,2021,Fintech
22705,joinsub,Winter 2021,W21,2021,B2B
22705,joinsub,Winter 2021,W21,2021,Subscriptions
23638,journey,Winter 2021,W21,2021,SaaS
23638,journey,Winter 2021,W21,2021,B2B
23638,journey,Winter 2021,W21,2021,AI
23052,juicy-marbles,Winter 2021,W21,2021,Climate
23052,juicy-marbles,Winter 2021,W21,2021,ClimateTech
22823,june,Winter 2021,W21,2021,Analytics
22823,june,Winter 2021,W21,2021,Data Visualization
23635,kanda,Winter 2021,W21,2021,Fintech
23635,kanda,Winter 2021,W21,2021,SaaS
23635,kanda,Winter 2021,W21,2021,Proptech
23302,kidato,Winter 2021,W21,2021,Education
23302,kidato,Winter 2021,W21,2021,eLearning
23597,kilobaser,Winter 2021,W21,2021,Hard Tech
23597,kilobaser,Winter 2021,W21,2021,Hardware
23597,kilobaser,Winter 2021,W21,2021,Medical Devices
23290,kitemaker,Winter 2021,W21,2021,Developer Tools
23290,kitemaker,Winter 2021,W21,2021,Productivity
23290,kitemaker,Winter 2021,W21,2021,Team Collaboration
23290,kitemaker,Winter 2021,W21,2021,Remote Work
23661,kiwify,Winter 2021,W21,2021,eLearning
22844,kodo,Winter 2021,W21,2021,Fintech
22709,krab,Winter 2021,W21,2021,Fintech
22709,krab,Winter 2021,W21,2021,SaaS
22857,kredi,Winter 2021,W21,2021,Fintech
22857,kredi,Winter 2021,W21,2021,Latin America
22857,kredi,Winter 2021,W21,2021,Lending
22846,lalabox,Winter 2021,W21,2021,Consumer
22846,lalabox,Winter 2021,W21,2021,E-commerce
23220,lamar-health,Winter 2021,W21,2021,Health Tech
23220,lamar-health,Winter 2021,W21,2021,AI
22741,laudspeaker,Winter 2021,W21,2021,SaaS
22741,laudspeaker,Winter 2021,W21,2021,B2B
22741,laudspeaker,Winter 2021,W21,2021,Open Source
22741,laudspeaker,Winter 2021,W21,2021,Automation
23085,launcher-labs,Winter 2021,W21,2021,Crypto / Web3
23085,launcher-labs,Winter 2021,W21,2021,Consumer
22833,lendflow,Winter 2021,W21,2021,Lending
22969,lighttwist,Winter 2021,W21,2021,Augmented Reality
22969,lighttwist,Winter 2021,W21,2021,Computer Vision
22969,lighttwist,Winter 2021,W21,2021,Design Tools
22693,lion-pose,Winter 2021,W21,2021,Consumer
22693,lion-pose,Winter 2021,W21,2021,Healthcare
22693,lion-pose,Winter 2021,W21,2021,Beauty
22693,lion-pose,Winter 2021,W21,2021,E-commerce
22906,liveflow,Winter 2021,W21,2021,Finance
22906,liveflow,Winter 2021,W21,2021,AI
22869,logica,Winter 2021,W21,2021,FinOps
22869,logica,Winter 2021,W21,2021,Fintech
22869,logica,Winter 2021,W21,2021,SaaS
22974,logisticsos,Winter 2021,W21,2021,SaaS
22974,logisticsos,Winter 2021,W21,2021,Delivery
22974,logisticsos,Winter 2021,W21,2021,Logistics
22974,logisticsos,Winter 2021,W21,2021,API
22974,logisticsos,Winter 2021,W21,2021,Cloud Computing
23269,lunatic,Winter 2021,W21,2021,Developer Tools
23269,lunatic,Winter 2021,W21,2021,SaaS
23269,lunatic,Winter 2021,W21,2021,Open Source
22659,lygg,Winter 2021,W21,2021,Anti-Aging
22659,lygg,Winter 2021,W21,2021,Beauty
23327,machine26,Winter 2021,W21,2021,Marketplace
23327,machine26,Winter 2021,W21,2021,Construction
23613,magicbell,Winter 2021,W21,2021,Developer Tools
23613,magicbell,Winter 2021,W21,2021,SaaS
23193,manara,Winter 2021,W21,2021,Education
23193,manara,Winter 2021,W21,2021,Edtech
22948,marcopolo,Winter 2021,W21,2021,Marketplace
22948,marcopolo,Winter 2021,W21,2021,B2B
23541,mayan,Winter 2021,W21,2021,SaaS
23541,mayan,Winter 2021,W21,2021,Analytics
23541,mayan,Winter 2021,W21,2021,E-commerce
22885,measured,Winter 2021,W21,2021,Consumer Health Services
22885,measured,Winter 2021,W21,2021,E-commerce
22885,measured,Winter 2021,W21,2021,Subscriptions
22663,medme-health,Winter 2021,W21,2021,SaaS
22663,medme-health,Winter 2021,W21,2021,B2B
22663,medme-health,Winter 2021,W21,2021,Digital Health
22663,medme-health,Winter 2021,W21,2021,Healthcare
22663,medme-health,Winter 2021,W21,2021,Healthcare IT
23518,meetanyway,Winter 2021,W21,2021,SaaS
23518,meetanyway,Winter 2021,W21,2021,B2B
23518,meetanyway,Winter 2021,W21,2021,Social
23240,mendel,Winter 2021,W21,2021,Fintech
23240,mendel,Winter 2021,W21,2021,B2B
23642,meru-com,Winter 2021,W21,2021,Fintech
23642,meru-com,Winter 2021,W21,2021,Marketplace
23437,mezli,Winter 2021,W21,2021,Food Service Robots & Machines
23437,mezli,Winter 2021,W21,2021,Ghost Kitchens
23437,mezli,Winter 2021,W21,2021,Robotics
23050,milk-video,Winter 2021,W21,2021,Machine Learning
23050,milk-video,Winter 2021,W21,2021,Design Tools
23050,milk-video,Winter 2021,W21,2021,Video
23521,mindportal,Winter 2021,W21,2021,Artificial Intelligence
23521,mindportal,Winter 2021,W21,2021,Neurotechnology
23521,mindportal,Winter 2021,W21,2021,AI
22855,mindee,Winter 2021,W21,2021,Artificial Intelligence
22855,mindee,Winter 2021,W21,2021,Deep Learning
22855,mindee,Winter 2021,W21,2021,Developer Tools
22855,mindee,Winter 2021,W21,2021,Automation
22855,mindee,Winter 2021,W21,2021,APIs
22676,modernloop,Winter 2021,W21,2021,B2B
22676,modernloop,Winter 2021,W21,2021,Recruiting
22676,modernloop,Winter 2021,W21,2021,Productivity
22676,modernloop,Winter 2021,W21,2021,HR Tech
22676,modernloop,Winter 2021,W21,2021,Remote Work
22700,moichor,Winter 2021,W21,2021,Diagnostics
23265,mono,Winter 2021,W21,2021,Fintech
23304,moonshot-brands,Winter 2021,W21,2021,E-commerce
23261,morada-uno,Winter 2021,W21,2021,Real Estate
23261,morada-uno,Winter 2021,W21,2021,Insurance
23261,morada-uno,Winter 2021,W21,2021,Latin America
23202,moxion-power-co,Winter 2021,W21,2021,Energy Storage
23202,moxion-power-co,Winter 2021,W21,2021,Climate
23202,moxion-power-co,Winter 2021,W21,2021,Energy
23202,moxion-power-co,Winter 2021,W21,2021,Renewable Energy
23202,moxion-power-co,Winter 2021,W21,2021,Electric Vehicles
23568,my-nextderma,Winter 2021,W21,2021,Consumer Health Services
23568,my-nextderma,Winter 2021,W21,2021,Telemedicine
23430,mystic,Winter 2021,W21,2021,AIOps
23430,mystic,Winter 2021,W21,2021,Artificial Intelligence
23430,mystic,Winter 2021,W21,2021,Developer Tools
23430,mystic,Winter 2021,W21,2021,Machine Learning
23185,mythia,Winter 2021,W21,2021,Fintech
23185,mythia,Winter 2021,W21,2021,Gaming
23656,nano-technologies,Winter 2021,W21,2021,Fintech
23656,nano-technologies,Winter 2021,W21,2021,SaaS
23431,navattic,Winter 2021,W21,2021,SaaS
23431,navattic,Winter 2021,W21,2021,B2B
23431,navattic,Winter 2021,W21,2021,Sales
23431,navattic,Winter 2021,W21,2021,Marketing
23431,navattic,Winter 2021,W21,2021,Conversational AI
22600,neverland,Winter 2021,W21,2021,Marketplace
22600,neverland,Winter 2021,W21,2021,Gardening
23632,nextpay,Winter 2021,W21,2021,Banking as a Service
23632,nextpay,Winter 2021,W21,2021,Fintech
23632,nextpay,Winter 2021,W21,2021,B2B
23000,nimbus-3,Winter 2021,W21,2021,Artificial Intelligence
23000,nimbus-3,Winter 2021,W21,2021,Infrastructure
23000,nimbus-3,Winter 2021,W21,2021,Operations
22840,nirva,Winter 2021,W21,2021,Digital Health
22840,nirva,Winter 2021,W21,2021,Healthcare
22840,nirva,Winter 2021,W21,2021,Health & Wellness
22975,noble,Winter 2021,W21,2021,Fintech
22975,noble,Winter 2021,W21,2021,SaaS
22699,nourish,Winter 2021,W21,2021,Consumer Health Services
22699,nourish,Winter 2021,W21,2021,Healthcare
22780,noya,Winter 2021,W21,2021,Carbon Capture and Removal
22780,noya,Winter 2021,W21,2021,Climate
23522,nuntius-therapeutics,Winter 2021,W21,2021,Gene Therapy
23522,nuntius-therapeutics,Winter 2021,W21,2021,Nanomedicine
22698,observa,Winter 2021,W21,2021,Security
22797,octifi,Winter 2021,W21,2021,Fintech
23366,olaclick,Winter 2021,W21,2021,SaaS
23366,olaclick,Winter 2021,W21,2021,B2B
23366,olaclick,Winter 2021,W21,2021,Food Tech
23634,ollama,Winter 2021,W21,2021,Artificial Intelligence
23634,ollama,Winter 2021,W21,2021,Developer Tools
23634,ollama,Winter 2021,W21,2021,Open Source
23238,ontop,Winter 2021,W21,2021,Fintech
23238,ontop,Winter 2021,W21,2021,SaaS
23238,ontop,Winter 2021,W21,2021,B2B
23238,ontop,Winter 2021,W21,2021,HR Tech
22986,opencode,Winter 2021,W21,2021,Developer Tools
22986,opencode,Winter 2021,W21,2021,Open Source
22843,orbillion-bio,Winter 2021,W21,2021,Cultured Meat
22843,orbillion-bio,Winter 2021,W21,2021,Climate
22843,orbillion-bio,Winter 2021,W21,2021,Food Tech
23461,outfit,Winter 2021,W21,2021,Consumer
23461,outfit,Winter 2021,W21,2021,Construction
23277,pagaloop,Winter 2021,W21,2021,Fintech
23277,pagaloop,Winter 2021,W21,2021,Payments
22861,pangea-app,Winter 2021,W21,2021,Marketplace
22861,pangea-app,Winter 2021,W21,2021,Recruiting
22861,pangea-app,Winter 2021,W21,2021,AI Assistant
22832,parsagon,Winter 2021,W21,2021,Artificial Intelligence
22832,parsagon,Winter 2021,W21,2021,Monitoring
22832,parsagon,Winter 2021,W21,2021,AI
22985,partnered-2,Winter 2021,W21,2021,SaaS
22985,partnered-2,Winter 2021,W21,2021,B2B
22672,pensil,Winter 2021,W21,2021,SaaS
22672,pensil,Winter 2021,W21,2021,Community
22672,pensil,Winter 2021,W21,2021,Gaming
22672,pensil,Winter 2021,W21,2021,Chat
22672,pensil,Winter 2021,W21,2021,Live
22806,per-diem,Winter 2021,W21,2021,Payments
22806,per-diem,Winter 2021,W21,2021,Consumer
22806,per-diem,Winter 2021,W21,2021,B2B
22722,pesto,Winter 2021,W21,2021,Fintech
23162,phoenix,Winter 2021,W21,2021,Consumer Health Services
23162,phoenix,Winter 2021,W21,2021,Telehealth
23162,phoenix,Winter 2021,W21,2021,Consumer
23162,phoenix,Winter 2021,W21,2021,Digital Health
22681,pibit-ai,Winter 2021,W21,2021,Artificial Intelligence
22681,pibit-ai,Winter 2021,W21,2021,Generative AI
22681,pibit-ai,Winter 2021,W21,2021,B2B
22681,pibit-ai,Winter 2021,W21,2021,Insurance
22750,pingpong,Winter 2021,W21,2021,SaaS
23610,pipebio,Winter 2021,W21,2021,AI-powered Drug Discovery
23610,pipebio,Winter 2021,W21,2021,Machine Learning
23610,pipebio,Winter 2021,W21,2021,SaaS
23041,platypus,Winter 2021,W21,2021,B2B
23041,platypus,Winter 2021,W21,2021,Workflow Automation
23041,platypus,Winter 2021,W21,2021,Data Engineering
23041,platypus,Winter 2021,W21,2021,AI Assistant
22652,playmaker,Winter 2021,W21,2021,Sports Tech
22652,playmaker,Winter 2021,W21,2021,Community
23414,poliglota,Winter 2021,W21,2021,Education
23414,poliglota,Winter 2021,W21,2021,eLearning
22878,popl,Winter 2021,W21,2021,Artificial Intelligence
22878,popl,Winter 2021,W21,2021,SaaS
22878,popl,Winter 2021,W21,2021,B2B
22878,popl,Winter 2021,W21,2021,Emerging Markets
22878,popl,Winter 2021,W21,2021,AI
22738,pragmatic-leaders-ankai-inc,Winter 2021,W21,2021,Artificial Intelligence
22738,pragmatic-leaders-ankai-inc,Winter 2021,W21,2021,SaaS
22738,pragmatic-leaders-ankai-inc,Winter 2021,W21,2021,eLearning
22738,pragmatic-leaders-ankai-inc,Winter 2021,W21,2021,Sales Enablement
22738,pragmatic-leaders-ankai-inc,Winter 2021,W21,2021,AI
23239,preki,Winter 2021,W21,2021,SaaS
23239,preki,Winter 2021,W21,2021,B2B
23239,preki,Winter 2021,W21,2021,E-commerce
23278,prendea,Winter 2021,W21,2021,Education
23278,prendea,Winter 2021,W21,2021,eLearning
23278,prendea,Winter 2021,W21,2021,Subscriptions
22772,prequel,Winter 2021,W21,2021,SaaS
22772,prequel,Winter 2021,W21,2021,Analytics
22772,prequel,Winter 2021,W21,2021,Data Engineering
22867,procoto,Winter 2021,W21,2021,Fintech
22867,procoto,Winter 2021,W21,2021,SaaS
22867,procoto,Winter 2021,W21,2021,Procurement
22827,promoted,Winter 2021,W21,2021,Machine Learning
22827,promoted,Winter 2021,W21,2021,Marketplace
22827,promoted,Winter 2021,W21,2021,B2B
22827,promoted,Winter 2021,W21,2021,E-commerce
23398,prospa,Winter 2021,W21,2021,Fintech
23398,prospa,Winter 2021,W21,2021,B2B
22830,pry-financials,Winter 2021,W21,2021,Fintech
22830,pry-financials,Winter 2021,W21,2021,Finance
22883,purpose-finance,Winter 2021,W21,2021,Fintech
23229,pyroscope,Winter 2021,W21,2021,Developer Tools
23229,pyroscope,Winter 2021,W21,2021,SaaS
23229,pyroscope,Winter 2021,W21,2021,Open Source
23229,pyroscope,Winter 2021,W21,2021,Kubernetes
22661,quadrant-eye,Winter 2021,W21,2021,Artificial Intelligence
22661,quadrant-eye,Winter 2021,W21,2021,Deep Learning
22661,quadrant-eye,Winter 2021,W21,2021,Digital Health
22661,quadrant-eye,Winter 2021,W21,2021,Telemedicine
22850,quadrant-health,Winter 2021,W21,2021,SaaS
22850,quadrant-health,Winter 2021,W21,2021,Healthcare IT
22850,quadrant-health,Winter 2021,W21,2021,AI
22701,queenly,Winter 2021,W21,2021,Marketplace
22701,queenly,Winter 2021,W21,2021,Sustainable Fashion
22701,queenly,Winter 2021,W21,2021,E-commerce
22995,quicknode,Winter 2021,W21,2021,Developer Tools
22995,quicknode,Winter 2021,W21,2021,SaaS
22995,quicknode,Winter 2021,W21,2021,Crypto / Web3
22995,quicknode,Winter 2021,W21,2021,API
22990,quotabook,Winter 2021,W21,2021,Fintech
22990,quotabook,Winter 2021,W21,2021,SaaS
22990,quotabook,Winter 2021,W21,2021,B2B
22887,r2,Winter 2021,W21,2021,Fintech
22887,r2,Winter 2021,W21,2021,B2B
23369,regent,Winter 2021,W21,2021,Climate
23369,regent,Winter 2021,W21,2021,Electric Vehicles
23369,regent,Winter 2021,W21,2021,Aerospace
23369,regent,Winter 2021,W21,2021,Maritime
23156,roger,Winter 2021,W21,2021,Documents
23156,roger,Winter 2021,W21,2021,SaaS
23156,roger,Winter 2021,W21,2021,B2B
23156,roger,Winter 2021,W21,2021,Sales
23156,roger,Winter 2021,W21,2021,Legal
23105,reclaim-protocol,Winter 2021,W21,2021,Identity
23105,reclaim-protocol,Winter 2021,W21,2021,AI
23146,redcliffe-lifetech,Winter 2021,W21,2021,Consumer Health Services
23146,redcliffe-lifetech,Winter 2021,W21,2021,Health Tech
23146,redcliffe-lifetech,Winter 2021,W21,2021,Digital Health
23146,redcliffe-lifetech,Winter 2021,W21,2021,Healthcare
23146,redcliffe-lifetech,Winter 2021,W21,2021,Diagnostics
23317,rejoy-health,Winter 2021,W21,2021,Artificial Intelligence
23317,rejoy-health,Winter 2021,W21,2021,AI
22905,remora,Winter 2021,W21,2021,Hard Tech
22905,remora,Winter 2021,W21,2021,Climate
22905,remora,Winter 2021,W21,2021,ClimateTech
23611,reshape-biotech,Winter 2021,W21,2021,Robotics
23611,reshape-biotech,Winter 2021,W21,2021,Biotech
22996,resquared,Winter 2021,W21,2021,SaaS
22996,resquared,Winter 2021,W21,2021,B2B
22996,resquared,Winter 2021,W21,2021,Sales
22996,resquared,Winter 2021,W21,2021,Proptech
22996,resquared,Winter 2021,W21,2021,Marketing
23399,rethoric,Winter 2021,W21,2021,B2B
23399,rethoric,Winter 2021,W21,2021,Social Media
23399,rethoric,Winter 2021,W21,2021,Marketing
22884,rinsed,Winter 2021,W21,2021,Artificial Intelligence
22884,rinsed,Winter 2021,W21,2021,B2B
22884,rinsed,Winter 2021,W21,2021,E-commerce
22884,rinsed,Winter 2021,W21,2021,Subscriptions
22660,rocketsdr,Winter 2021,W21,2021,Sales
22660,rocketsdr,Winter 2021,W21,2021,AI
22875,roin-technologies,Winter 2021,W21,2021,Hard Tech
22875,roin-technologies,Winter 2021,W21,2021,Hardware
22875,roin-technologies,Winter 2021,W21,2021,Robotics
23459,routine,Winter 2021,W21,2021,Artificial Intelligence
23459,routine,Winter 2021,W21,2021,Productivity
23459,routine,Winter 2021,W21,2021,Collaboration
23459,routine,Winter 2021,W21,2021,Automation
23127,rulebricks,Winter 2021,W21,2021,Developer Tools
23127,rulebricks,Winter 2021,W21,2021,SaaS
23127,rulebricks,Winter 2021,W21,2021,B2B
23127,rulebricks,Winter 2021,W21,2021,Workflow Automation
23127,rulebricks,Winter 2021,W21,2021,Enterprise Software
22591,runway,Winter 2021,W21,2021,SaaS
22591,runway,Winter 2021,W21,2021,B2B
22664,sbx-robotics,Winter 2021,W21,2021,Artificial Intelligence
22664,sbx-robotics,Winter 2021,W21,2021,Machine Learning
22664,sbx-robotics,Winter 2021,W21,2021,Robotics
22664,sbx-robotics,Winter 2021,W21,2021,Computer Vision
22664,sbx-robotics,Winter 2021,W21,2021,Data Engineering
23139,seer,Winter 2021,W21,2021,SaaS
22743,segments-ai,Winter 2021,W21,2021,Deep Learning
22743,segments-ai,Winter 2021,W21,2021,Developer Tools
22743,segments-ai,Winter 2021,W21,2021,Computer Vision
22957,sendbox,Winter 2021,W21,2021,Logistics
22957,sendbox,Winter 2021,W21,2021,E-commerce
22617,serna-bio,Winter 2021,W21,2021,Biotech
22617,serna-bio,Winter 2021,W21,2021,Drug discovery
23599,shepherd,Winter 2021,W21,2021,Construction
23599,shepherd,Winter 2021,W21,2021,Insurance
23599,shepherd,Winter 2021,W21,2021,Energy
22671,signoz,Winter 2021,W21,2021,Developer Tools
22671,signoz,Winter 2021,W21,2021,SaaS
22671,signoz,Winter 2021,W21,2021,B2B
22671,signoz,Winter 2021,W21,2021,Open Source
23056,simplify,Winter 2021,W21,2021,Generative AI
23056,simplify,Winter 2021,W21,2021,Machine Learning
23056,simplify,Winter 2021,W21,2021,Marketplace
23056,simplify,Winter 2021,W21,2021,Recruiting
22776,sivo,Winter 2021,W21,2021,Artificial Intelligence
22776,sivo,Winter 2021,W21,2021,Fintech
22696,slashauth,Winter 2021,W21,2021,Crypto / Web3
22696,slashauth,Winter 2021,W21,2021,B2B
22696,slashauth,Winter 2021,W21,2021,Security
22720,smartcuts,Winter 2021,W21,2021,No-code
22720,smartcuts,Winter 2021,W21,2021,Automation
23036,solo,Winter 2021,W21,2021,Fintech
23036,solo,Winter 2021,W21,2021,Consumer
23036,solo,Winter 2021,W21,2021,LegalTech
23421,somos,Winter 2021,W21,2021,Latin America
23421,somos,Winter 2021,W21,2021,Telecommunications
23226,soraban,Winter 2021,W21,2021,AI-Enhanced Learning
23226,soraban,Winter 2021,W21,2021,Robotic Process Automation
23226,soraban,Winter 2021,W21,2021,SaaS
23368,spline,Winter 2021,W21,2021,Artificial Intelligence
23368,spline,Winter 2021,W21,2021,Design Tools
23368,spline,Winter 2021,W21,2021,AR
22666,spokn,Winter 2021,W21,2021,eLearning
22666,spokn,Winter 2021,W21,2021,B2B
22666,spokn,Winter 2021,W21,2021,Culture
22713,spruceid,Winter 2021,W21,2021,GovTech
22713,spruceid,Winter 2021,W21,2021,Crypto / Web3
22713,spruceid,Winter 2021,W21,2021,Identity
22713,spruceid,Winter 2021,W21,2021,Privacy
22713,spruceid,Winter 2021,W21,2021,Infrastructure
22669,stacksi,Winter 2021,W21,2021,Compliance
22669,stacksi,Winter 2021,W21,2021,Cybersecurity
23236,stayflexi,Winter 2021,W21,2021,Travel
23048,stoke-space,Winter 2021,W21,2021,Space Exploration
23048,stoke-space,Winter 2021,W21,2021,Satellites
23063,striga,Winter 2021,W21,2021,Crypto / Web3
23063,striga,Winter 2021,W21,2021,Compliance
22785,supadock,Winter 2021,W21,2021,Artificial Intelligence
22785,supadock,Winter 2021,W21,2021,Logistics
22785,supadock,Winter 2021,W21,2021,Conversational AI
23355,svix,Winter 2021,W21,2021,Developer Tools
23355,svix,Winter 2021,W21,2021,Open Source
23355,svix,Winter 2021,W21,2021,API
23324,swadesi-way,Winter 2021,W21,2021,Grocery
23324,swadesi-way,Winter 2021,W21,2021,Consumer
23324,swadesi-way,Winter 2021,W21,2021,Climate
23324,swadesi-way,Winter 2021,W21,2021,E-commerce
23324,swadesi-way,Winter 2021,W21,2021,Food
23598,swiftsku,Winter 2021,W21,2021,Fintech
23598,swiftsku,Winter 2021,W21,2021,SaaS
23598,swiftsku,Winter 2021,W21,2021,B2B
23598,swiftsku,Winter 2021,W21,2021,Analytics
23598,swiftsku,Winter 2021,W21,2021,Retail Tech
22662,taloflow,Winter 2021,W21,2021,Developer Tools
22662,taloflow,Winter 2021,W21,2021,SaaS
23075,taofi,Winter 2021,W21,2021,Artificial Intelligence
23075,taofi,Winter 2021,W21,2021,DeFi
23084,taste,Winter 2021,W21,2021,Ghost Kitchens
23084,taste,Winter 2021,W21,2021,Marketplace
23084,taste,Winter 2021,W21,2021,Delivery
23008,techbiz,Winter 2021,W21,2021,SaaS
23008,techbiz,Winter 2021,W21,2021,SMB
22782,terapify,Winter 2021,W21,2021,Mental Health Tech
22782,terapify,Winter 2021,W21,2021,Consumer Health Services
22782,terapify,Winter 2021,W21,2021,Telemedicine
23612,terra-api,Winter 2021,W21,2021,SaaS
23612,terra-api,Winter 2021,W21,2021,B2B
23612,terra-api,Winter 2021,W21,2021,Digital Health
22958,text-blaze,Winter 2021,W21,2021,Robotic Process Automation
22958,text-blaze,Winter 2021,W21,2021,SaaS
22958,text-blaze,Winter 2021,W21,2021,B2B
22624,the-third-place,Winter 2021,W21,2021,SaaS
22624,the-third-place,Winter 2021,W21,2021,Community
22624,the-third-place,Winter 2021,W21,2021,Subscriptions
23053,tilt-2,Winter 2021,W21,2021,Hardware
23053,tilt-2,Winter 2021,W21,2021,Consumer
23053,tilt-2,Winter 2021,W21,2021,Fitness
23053,tilt-2,Winter 2021,W21,2021,India
23053,tilt-2,Winter 2021,W21,2021,Mobility
23064,tint,Winter 2021,W21,2021,Artificial Intelligence
23064,tint,Winter 2021,W21,2021,Developer Tools
23064,tint,Winter 2021,W21,2021,Fintech
22854,topkey,Winter 2021,W21,2021,Fintech
22854,topkey,Winter 2021,W21,2021,Real Estate
22854,topkey,Winter 2021,W21,2021,Proptech
22991,topline-pro,Winter 2021,W21,2021,SaaS
23017,tractian,Winter 2021,W21,2021,SaaS
23017,tractian,Winter 2021,W21,2021,IoT
23017,tractian,Winter 2021,W21,2021,B2B
23017,tractian,Winter 2021,W21,2021,Operations
23017,tractian,Winter 2021,W21,2021,AI
23357,treinta,Winter 2021,W21,2021,Artificial Intelligence
23357,treinta,Winter 2021,W21,2021,Subscriptions
22952,trela,Winter 2021,W21,2021,Grocery
22952,trela,Winter 2021,W21,2021,Marketplace
22968,trendpop,Winter 2021,W21,2021,Analytics
22968,trendpop,Winter 2021,W21,2021,Social Media
22968,trendpop,Winter 2021,W21,2021,Music
22968,trendpop,Winter 2021,W21,2021,Creator Economy
22618,trestle-biotherapeutics,Winter 2021,W21,2021,Biotech
23539,triomics,Winter 2021,W21,2021,Healthcare
23539,triomics,Winter 2021,W21,2021,Healthcare IT
22704,triplit,Winter 2021,W21,2021,Developer Tools
22704,triplit,Winter 2021,W21,2021,SaaS
22704,triplit,Winter 2021,W21,2021,Web Development
22704,triplit,Winter 2021,W21,2021,Cloud Computing
22704,triplit,Winter 2021,W21,2021,Databases
22880,true3d,Winter 2021,W21,2021,Artificial Intelligence
22880,true3d,Winter 2021,W21,2021,Video
22880,true3d,Winter 2021,W21,2021,Media
22880,true3d,Winter 2021,W21,2021,Infrastructure
22715,tupelo,Winter 2021,W21,2021,Fintech
22715,tupelo,Winter 2021,W21,2021,Marketplace
23457,turing-college,Winter 2021,W21,2021,Education
23429,upchieve,Winter 2021,W21,2021,Education
23429,upchieve,Winter 2021,W21,2021,Nonprofit
22853,udhaar-app,Winter 2021,W21,2021,Fintech
23370,uiflow,Winter 2021,W21,2021,Developer Tools
23370,uiflow,Winter 2021,W21,2021,SaaS
23370,uiflow,Winter 2021,W21,2021,B2B
22675,unfurl,Winter 2021,W21,2021,Delivery
22675,unfurl,Winter 2021,W21,2021,Food Tech
23054,unschool,Winter 2021,W21,2021,Education
23054,unschool,Winter 2021,W21,2021,eLearning
22764,valink-therapeutics,Winter 2021,W21,2021,Biotech
22764,valink-therapeutics,Winter 2021,W21,2021,Therapeutics
22764,valink-therapeutics,Winter 2021,W21,2021,Drug discovery
22835,vapi,Winter 2021,W21,2021,Artificial Intelligence
22970,veera-health,Winter 2021,W21,2021,Consumer Health Services
22970,veera-health,Winter 2021,W21,2021,Femtech
23443,vendease,Winter 2021,W21,2021,Supply Chain
23443,vendease,Winter 2021,W21,2021,Food & Beverage
23191,venu-ai,Winter 2021,W21,2021,Artificial Intelligence
23191,venu-ai,Winter 2021,W21,2021,B2B
23191,venu-ai,Winter 2021,W21,2021,Community
23191,venu-ai,Winter 2021,W21,2021,Sales
23191,venu-ai,Winter 2021,W21,2021,Marketing
22902,verak,Winter 2021,W21,2021,Insurance
22790,version-story-compare,Winter 2021,W21,2021,SaaS
22790,version-story-compare,Winter 2021,W21,2021,B2B
22790,version-story-compare,Winter 2021,W21,2021,Legal
22790,version-story-compare,Winter 2021,W21,2021,LegalTech
22790,version-story-compare,Winter 2021,W21,2021,AI
23416,voosh,Winter 2021,W21,2021,Food Tech
23452,wasp,Winter 2021,W21,2021,Developer Tools
23452,wasp,Winter 2021,W21,2021,Open Source
23530,waydev,Winter 2021,W21,2021,AIOps
23530,waydev,Winter 2021,W21,2021,Artificial Intelligence
23530,waydev,Winter 2021,W21,2021,Analytics
23530,waydev,Winter 2021,W21,2021,AI
23530,waydev,Winter 2021,W21,2021,AI Assistant
22665,waypoint,Winter 2021,W21,2021,SaaS
22665,waypoint,Winter 2021,W21,2021,B2B
22665,waypoint,Winter 2021,W21,2021,Design
22665,waypoint,Winter 2021,W21,2021,Email
22665,waypoint,Winter 2021,W21,2021,APIs
22533,webiny,Winter 2021,W21,2021,Developer Tools
22533,webiny,Winter 2021,W21,2021,B2B
22533,webiny,Winter 2021,W21,2021,Open Source
22719,weekday,Winter 2021,W21,2021,B2B
22719,weekday,Winter 2021,W21,2021,Recruiting
23167,worksphere,Winter 2021,W21,2021,SaaS
23167,worksphere,Winter 2021,W21,2021,B2B
22707,wyndly,Winter 2021,W21,2021,Consumer Health Services
22707,wyndly,Winter 2021,W21,2021,Consumer
22707,wyndly,Winter 2021,W21,2021,Digital Health
22707,wyndly,Winter 2021,W21,2021,Healthcare
22783,yourquote,Winter 2021,W21,2021,Subscriptions
22783,yourquote,Winter 2021,W21,2021,Social Network
23260,z1,Winter 2021,W21,2021,Fintech
23260,z1,Winter 2021,W21,2021,Payments
23260,z1,Winter 2021,W21,2021,Consumer
23260,z1,Winter 2021,W21,2021,Lending
23260,z1,Winter 2021,W21,2021,Neobank
23074,zoko,Winter 2021,W21,2021,Generative AI
23074,zoko,Winter 2021,W21,2021,SaaS
23074,zoko,Winter 2021,W21,2021,E-commerce
23268,zealth,Winter 2021,W21,2021,Health Tech
23268,zealth,Winter 2021,W21,2021,Remote
23268,zealth,Winter 2021,W21,2021,Oncology
22721,zepto,Winter 2021,W21,2021,Grocery
22721,zepto,Winter 2021,W21,2021,Delivery
23271,ziina,Winter 2021,W21,2021,Fintech
23271,ziina,Winter 2021,W21,2021,Payments
23271,ziina,Winter 2021,W21,2021,Neobank
22674,arnata,Winter 2021,W21,2021,Artificial Intelligence
22674,arnata,Winter 2021,W21,2021,Generative AI
22674,arnata,Winter 2021,W21,2021,B2B
22674,arnata,Winter 2021,W21,2021,Logistics
22674,arnata,Winter 2021,W21,2021,Supply Chain
22632,authzed,Winter 2021,W21,2021,Artificial Intelligence
22632,authzed,Winter 2021,W21,2021,Developer Tools
22632,authzed,Winter 2021,W21,2021,Security
22632,authzed,Winter 2021,W21,2021,Open Source
22632,authzed,Winter 2021,W21,2021,Data Engineering
23462,boitas-com,Winter 2021,W21,2021,Marketplace
23042,clicoh,Winter 2021,W21,2021,Warehouse Management Tech
23042,clicoh,Winter 2021,W21,2021,B2B
23042,clicoh,Winter 2021,W21,2021,Logistics
22608,cloud-humans,Winter 2021,W21,2021,Artificial Intelligence
22608,cloud-humans,Winter 2021,W21,2021,SaaS
22608,cloud-humans,Winter 2021,W21,2021,Chatbot
22608,cloud-humans,Winter 2021,W21,2021,Customer Service
23640,eqtble,Winter 2021,W21,2021,SaaS
23640,eqtble,Winter 2021,W21,2021,Human Resources
23640,eqtble,Winter 2021,W21,2021,B2B
22625,gaiia,Winter 2021,W21,2021,IoT
22625,gaiia,Winter 2021,W21,2021,Mobility
22625,gaiia,Winter 2021,W21,2021,Telecommunications
23460,hoop-dev,Winter 2021,W21,2021,Developer Tools
23460,hoop-dev,Winter 2021,W21,2021,DevSecOps
23318,inbalance,Winter 2021,W21,2021,Energy Storage
23318,inbalance,Winter 2021,W21,2021,SaaS
23318,inbalance,Winter 2021,W21,2021,Climate
22773,nohq,Winter 2021,W21,2021,Fintech
23413,peoplecq,Winter 2021,W21,2021,Recruiting
23413,peoplecq,Winter 2021,W21,2021,HR Tech
23073,unsurvey,Winter 2021,W21,2021,B2B
23073,unsurvey,Winter 2021,W21,2021,Feedback
23073,unsurvey,Winter 2021,W21,2021,Market Research
23073,unsurvey,Winter 2021,W21,2021,AI
22856,weweb-io,Winter 2021,W21,2021,Developer Tools
22856,weweb-io,Winter 2021,W21,2021,Web Development
22890,zingbus,Winter 2021,W21,2021,Marketplace
22890,zingbus,Winter 2021,W21,2021,Travel
24256,ai-tech-packs,Summer 2021,S21,2021,SaaS
24256,ai-tech-packs,Summer 2021,S21,2021,Manufacturing
23884,aoa-dx-inc,Summer 2021,S21,2021,Healthcare
23884,aoa-dx-inc,Summer 2021,S21,2021,Diagnostics
23884,aoa-dx-inc,Summer 2021,S21,2021,Women's Health
23988,arq,Summer 2021,S21,2021,Fintech
23988,arq,Summer 2021,S21,2021,Crypto / Web3
24726,abatable,Summer 2021,S21,2021,Carbon Capture and Removal
24726,abatable,Summer 2021,S21,2021,B2B
24726,abatable,Summer 2021,S21,2021,Climate
24147,abbot,Summer 2021,S21,2021,Developer Tools
24147,abbot,Summer 2021,S21,2021,SaaS
24147,abbot,Summer 2021,S21,2021,Customer Success
24685,abhi,Summer 2021,S21,2021,Fintech
23958,abstra,Summer 2021,S21,2021,Artificial Intelligence
23958,abstra,Summer 2021,S21,2021,SaaS
23958,abstra,Summer 2021,S21,2021,Finance
23958,abstra,Summer 2021,S21,2021,B2B
23958,abstra,Summer 2021,S21,2021,Automation
24505,adaptyv,Summer 2021,S21,2021,AI-powered Drug Discovery
24505,adaptyv,Summer 2021,S21,2021,Synthetic Biology
24571,adni,Summer 2021,S21,2021,Artificial Intelligence
24571,adni,Summer 2021,S21,2021,Marketplace
24571,adni,Summer 2021,S21,2021,SaaS
24571,adni,Summer 2021,S21,2021,Recruiting
24571,adni,Summer 2021,S21,2021,Healthcare
24819,adravision,Summer 2021,S21,2021,Artificial Intelligence
24819,adravision,Summer 2021,S21,2021,Healthcare
24819,adravision,Summer 2021,S21,2021,Health Insurance
24819,adravision,Summer 2021,S21,2021,Diagnostics
24086,advantage-club,Summer 2021,S21,2021,SaaS
24086,advantage-club,Summer 2021,S21,2021,Human Resources
24086,advantage-club,Summer 2021,S21,2021,B2B
24086,advantage-club,Summer 2021,S21,2021,HR Tech
24587,aer,Summer 2021,S21,2021,Fintech
24587,aer,Summer 2021,S21,2021,B2B
24587,aer,Summer 2021,S21,2021,Regtech
24040,affogato-ai,Summer 2021,S21,2021,Artificial Intelligence
24040,affogato-ai,Summer 2021,S21,2021,Generative AI
24040,affogato-ai,Summer 2021,S21,2021,AI
23845,agape,Summer 2021,S21,2021,Health & Wellness
24871,ahazou,Summer 2021,S21,2021,Fintech
24871,ahazou,Summer 2021,S21,2021,SaaS
24871,ahazou,Summer 2021,S21,2021,B2B
24042,akudo,Summer 2021,S21,2021,Fintech
24525,akute-health,Summer 2021,S21,2021,SaaS
24525,akute-health,Summer 2021,S21,2021,B2B
24525,akute-health,Summer 2021,S21,2021,Telemedicine
24428,aleph,Summer 2021,S21,2021,Finance
24422,aleph-solutions-alephee,Summer 2021,S21,2021,Marketplace
24422,aleph-solutions-alephee,Summer 2021,S21,2021,B2B
24422,aleph-solutions-alephee,Summer 2021,S21,2021,E-commerce
24094,algouniversity,Summer 2021,S21,2021,Education
24094,algouniversity,Summer 2021,S21,2021,Income Share Agreements
24094,algouniversity,Summer 2021,S21,2021,eLearning
24600,algofi,Summer 2021,S21,2021,Crypto / Web3
24883,amenli,Summer 2021,S21,2021,Fintech
24883,amenli,Summer 2021,S21,2021,Insurance
24141,anakin,Summer 2021,S21,2021,Artificial Intelligence
24141,anakin,Summer 2021,S21,2021,Developer Tools
24141,anakin,Summer 2021,S21,2021,API
24034,ananya-health,Summer 2021,S21,2021,Hardware
24034,ananya-health,Summer 2021,S21,2021,Health Tech
24034,ananya-health,Summer 2021,S21,2021,Medical Devices
24549,ancana,Summer 2021,S21,2021,Marketplace
24549,ancana,Summer 2021,S21,2021,Real Estate
24549,ancana,Summer 2021,S21,2021,Travel
24549,ancana,Summer 2021,S21,2021,Proptech
24343,apollo-2,Summer 2021,S21,2021,Fintech
24096,appx,Summer 2021,S21,2021,Education
24096,appx,Summer 2021,S21,2021,SaaS
24096,appx,Summer 2021,S21,2021,B2B
24194,aqua,Summer 2021,S21,2021,Fintech
24194,aqua,Summer 2021,S21,2021,Finance
24194,aqua,Summer 2021,S21,2021,Investing
24194,aqua,Summer 2021,S21,2021,Investments
23968,archbee,Summer 2021,S21,2021,Developer Tools
23968,archbee,Summer 2021,S21,2021,B2B
24398,arengu,Summer 2021,S21,2021,Developer Tools
24398,arengu,Summer 2021,S21,2021,SaaS
24398,arengu,Summer 2021,S21,2021,B2B
24349,arrow,Summer 2021,S21,2021,Fintech
24349,arrow,Summer 2021,S21,2021,E-commerce
23943,artillery,Summer 2021,S21,2021,Developer Tools
23943,artillery,Summer 2021,S21,2021,SaaS
23943,artillery,Summer 2021,S21,2021,Open Source
23943,artillery,Summer 2021,S21,2021,DevOps
24450,astek-diagnostics-inc,Summer 2021,S21,2021,Microfluidics
24450,astek-diagnostics-inc,Summer 2021,S21,2021,Medical Devices
24746,atlas,Summer 2021,S21,2021,Restaurant Tech
24055,atmana,Summer 2021,S21,2021,Mental Health Tech
24841,aviator,Summer 2021,S21,2021,Developer Tools
24841,aviator,Summer 2021,S21,2021,SaaS
24841,aviator,Summer 2021,S21,2021,B2B
24170,awesomic,Summer 2021,S21,2021,Marketplace
24170,awesomic,Summer 2021,S21,2021,B2B
24170,awesomic,Summer 2021,S21,2021,Recruiting
24170,awesomic,Summer 2021,S21,2021,Design
24170,awesomic,Summer 2021,S21,2021,Web Development
24082,bluumbio,Summer 2021,S21,2021,Biotech
24082,bluumbio,Summer 2021,S21,2021,Sustainability
23969,baraka,Summer 2021,S21,2021,Fintech
24666,baubap,Summer 2021,S21,2021,Machine Learning
24666,baubap,Summer 2021,S21,2021,Lending
24913,beau,Summer 2021,S21,2021,SaaS
24913,beau,Summer 2021,S21,2021,B2B
24913,beau,Summer 2021,S21,2021,Productivity
24913,beau,Summer 2021,S21,2021,Customer Success
24913,beau,Summer 2021,S21,2021,Collaboration
23939,beeper,Summer 2021,S21,2021,SaaS
23939,beeper,Summer 2021,S21,2021,Community
24799,birdie,Summer 2021,S21,2021,SaaS
24799,birdie,Summer 2021,S21,2021,B2B
24799,birdie,Summer 2021,S21,2021,Productivity
24799,birdie,Summer 2021,S21,2021,Sales
24140,bite-ninja,Summer 2021,S21,2021,Artificial Intelligence
24140,bite-ninja,Summer 2021,S21,2021,Food Service Robots & Machines
24140,bite-ninja,Summer 2021,S21,2021,SaaS
24818,blackoaktv,Summer 2021,S21,2021,Entertainment
24818,blackoaktv,Summer 2021,S21,2021,Community
24818,blackoaktv,Summer 2021,S21,2021,Subscriptions
23820,blixo,Summer 2021,S21,2021,Fintech
23820,blixo,Summer 2021,S21,2021,SaaS
23820,blixo,Summer 2021,S21,2021,Payments
24065,boldvoice,Summer 2021,S21,2021,Education
24065,boldvoice,Summer 2021,S21,2021,Speech Recognition
24543,bolster,Summer 2021,S21,2021,Fintech
24543,bolster,Summer 2021,S21,2021,Marketplace
24543,bolster,Summer 2021,S21,2021,Proptech
24250,breadcrumbs-io,Summer 2021,S21,2021,Analytics
24250,breadcrumbs-io,Summer 2021,S21,2021,No-code
24244,bree,Summer 2021,S21,2021,Fintech
24165,brite,Summer 2021,S21,2021,SaaS
24165,brite,Summer 2021,S21,2021,HR Tech
24589,buoyant-aero,Summer 2021,S21,2021,Robotics
24589,buoyant-aero,Summer 2021,S21,2021,Drones
24589,buoyant-aero,Summer 2021,S21,2021,Advertising
24280,buro-de-ingresos,Summer 2021,S21,2021,Payroll
24280,buro-de-ingresos,Summer 2021,S21,2021,API
24025,buzzle,Summer 2021,S21,2021,AI-Enhanced Learning
24025,buzzle,Summer 2021,S21,2021,SaaS
24025,buzzle,Summer 2021,S21,2021,B2B
24701,byte-kitchen,Summer 2021,S21,2021,Ghost Kitchens
24701,byte-kitchen,Summer 2021,S21,2021,B2B
24701,byte-kitchen,Summer 2021,S21,2021,E-commerce
24817,bytebot,Summer 2021,S21,2021,Generative AI
24817,bytebot,Summer 2021,S21,2021,Robotic Process Automation
24817,bytebot,Summer 2021,S21,2021,SaaS
24817,bytebot,Summer 2021,S21,2021,AI
24817,bytebot,Summer 2021,S21,2021,AI Assistant
24129,cabal,Summer 2021,S21,2021,SaaS
24129,cabal,Summer 2021,S21,2021,B2B
24129,cabal,Summer 2021,S21,2021,Community
24867,cache,Summer 2021,S21,2021,Marketplace
24867,cache,Summer 2021,S21,2021,Delivery
24857,cafe,Summer 2021,S21,2021,Community
24857,cafe,Summer 2021,S21,2021,HR Tech
24857,cafe,Summer 2021,S21,2021,Social Network
24622,caire-health,Summer 2021,S21,2021,Artificial Intelligence
24622,caire-health,Summer 2021,S21,2021,Medical Devices
24762,canopi,Summer 2021,S21,2021,Carbon Capture and Removal
24762,canopi,Summer 2021,S21,2021,Crypto / Web3
24762,canopi,Summer 2021,S21,2021,Climate
23960,carbonfact,Summer 2021,S21,2021,SaaS
23960,carbonfact,Summer 2021,S21,2021,Sustainable Fashion
23960,carbonfact,Summer 2021,S21,2021,Climate
25047,careerist,Summer 2021,S21,2021,Education
25047,careerist,Summer 2021,S21,2021,Fintech
25047,careerist,Summer 2021,S21,2021,Recruiting
24354,cartpanda,Summer 2021,S21,2021,SaaS
24354,cartpanda,Summer 2021,S21,2021,E-commerce
24008,catena-biosciences,Summer 2021,S21,2021,Biotech
24008,catena-biosciences,Summer 2021,S21,2021,Therapeutics
24737,cellchorus,Summer 2021,S21,2021,AI-powered Drug Discovery
24737,cellchorus,Summer 2021,S21,2021,Machine Learning
24303,cero,Summer 2021,S21,2021,Machine Learning
24303,cero,Summer 2021,S21,2021,Consumer Health Services
24303,cero,Summer 2021,S21,2021,B2B
24303,cero,Summer 2021,S21,2021,NLP
24873,charge-robotics,Summer 2021,S21,2021,Robotics
24873,charge-robotics,Summer 2021,S21,2021,Solar Power
24873,charge-robotics,Summer 2021,S21,2021,Construction
24873,charge-robotics,Summer 2021,S21,2021,Climate
24563,chari,Summer 2021,S21,2021,Fintech
24563,chari,Summer 2021,S21,2021,Grocery
24563,chari,Summer 2021,S21,2021,E-commerce
24884,chipax,Summer 2021,S21,2021,Fintech
24884,chipax,Summer 2021,S21,2021,SaaS
24884,chipax,Summer 2021,S21,2021,B2B
24275,cloudanix,Summer 2021,S21,2021,Cloud Workload Protection
24275,cloudanix,Summer 2021,S21,2021,DevSecOps
24275,cloudanix,Summer 2021,S21,2021,Identity
24275,cloudanix,Summer 2021,S21,2021,Security
24348,cloudthread,Summer 2021,S21,2021,Developer Tools
24348,cloudthread,Summer 2021,S21,2021,FinOps
24348,cloudthread,Summer 2021,S21,2021,B2B
24348,cloudthread,Summer 2021,S21,2021,Workflow Automation
24348,cloudthread,Summer 2021,S21,2021,Cloud Computing
24391,coloop,Summer 2021,S21,2021,Generative AI
24391,coloop,Summer 2021,S21,2021,Market Research
24538,coast,Summer 2021,S21,2021,SaaS
24538,coast,Summer 2021,S21,2021,B2B
24538,coast,Summer 2021,S21,2021,Sales
24538,coast,Summer 2021,S21,2021,Sales Enablement
24538,coast,Summer 2021,S21,2021,API
23777,cococart,Summer 2021,S21,2021,SaaS
23777,cococart,Summer 2021,S21,2021,B2B
23777,cococart,Summer 2021,S21,2021,E-commerce
24374,coinrule,Summer 2021,S21,2021,Fintech
24374,coinrule,Summer 2021,S21,2021,Crypto / Web3
24374,coinrule,Summer 2021,S21,2021,Trading
24374,coinrule,Summer 2021,S21,2021,AI
24374,coinrule,Summer 2021,S21,2021,Stocks
24370,comet-health,Summer 2021,S21,2021,Consumer Health Services
24370,comet-health,Summer 2021,S21,2021,Telemedicine
24163,commery,Summer 2021,S21,2021,Marketplace
24163,commery,Summer 2021,S21,2021,Proptech
23971,concord-materials,Summer 2021,S21,2021,Fintech
23971,concord-materials,Summer 2021,S21,2021,Machine Learning
23971,concord-materials,Summer 2021,S21,2021,Marketplace
23971,concord-materials,Summer 2021,S21,2021,Insurance
23971,concord-materials,Summer 2021,S21,2021,Enterprise
24064,confido,Summer 2021,S21,2021,Fintech
24064,confido,Summer 2021,S21,2021,SaaS
24064,confido,Summer 2021,S21,2021,B2B
24064,confido,Summer 2021,S21,2021,Analytics
24064,confido,Summer 2021,S21,2021,AI
24725,contraforce,Summer 2021,S21,2021,SaaS
24725,contraforce,Summer 2021,S21,2021,Security
24725,contraforce,Summer 2021,S21,2021,AI
24045,coulomb-ai,Summer 2021,S21,2021,Climate
24045,coulomb-ai,Summer 2021,S21,2021,Electric Vehicles
24045,coulomb-ai,Summer 2021,S21,2021,AI
24257,covie,Summer 2021,S21,2021,Fintech
24257,covie,Summer 2021,S21,2021,Health Tech
24257,covie,Summer 2021,S21,2021,Insurance
24773,crew,Summer 2021,S21,2021,Recruiting
24773,crew,Summer 2021,S21,2021,Sales Enablement
24773,crew,Summer 2021,S21,2021,Talent Acquisition
24773,crew,Summer 2021,S21,2021,CRM
24485,cumbuca,Summer 2021,S21,2021,Fintech
24485,cumbuca,Summer 2021,S21,2021,B2B
24485,cumbuca,Summer 2021,S21,2021,API
24485,cumbuca,Summer 2021,S21,2021,Infrastructure
23956,customily,Summer 2021,S21,2021,SaaS
23956,customily,Summer 2021,S21,2021,B2B
23956,customily,Summer 2021,S21,2021,E-commerce
24153,dailybot,Summer 2021,S21,2021,Artificial Intelligence
24153,dailybot,Summer 2021,S21,2021,Developer Tools
24153,dailybot,Summer 2021,S21,2021,SaaS
24153,dailybot,Summer 2021,S21,2021,Collaboration
24153,dailybot,Summer 2021,S21,2021,AI Assistant
24846,datlo,Summer 2021,S21,2021,SaaS
24846,datlo,Summer 2021,S21,2021,Geographic Information System
24846,datlo,Summer 2021,S21,2021,B2B
24049,deed,Summer 2021,S21,2021,SaaS
24049,deed,Summer 2021,S21,2021,B2B
24049,deed,Summer 2021,S21,2021,Enterprise
23955,deskimo,Summer 2021,S21,2021,Marketplace
23955,deskimo,Summer 2021,S21,2021,SaaS
23955,deskimo,Summer 2021,S21,2021,Proptech
24291,digibuild,Summer 2021,S21,2021,Artificial Intelligence
24291,digibuild,Summer 2021,S21,2021,SaaS
24291,digibuild,Summer 2021,S21,2021,Supply Chain
24291,digibuild,Summer 2021,S21,2021,AI
24291,digibuild,Summer 2021,S21,2021,ML
24445,digistain,Summer 2021,S21,2021,Medical Devices
24557,dots-2,Summer 2021,S21,2021,Fintech
24557,dots-2,Summer 2021,S21,2021,Payments
24557,dots-2,Summer 2021,S21,2021,API
24557,dots-2,Summer 2021,S21,2021,Creator Economy
24132,doublehq,Summer 2021,S21,2021,Fintech
24132,doublehq,Summer 2021,S21,2021,SaaS
24132,doublehq,Summer 2021,S21,2021,B2B
24091,echoes-hq,Summer 2021,S21,2021,Developer Tools
24091,echoes-hq,Summer 2021,S21,2021,SaaS
24091,echoes-hq,Summer 2021,S21,2021,B2B
24414,encuadrado,Summer 2021,S21,2021,Fintech
24414,encuadrado,Summer 2021,S21,2021,Marketplace
24414,encuadrado,Summer 2021,S21,2021,SaaS
24499,endla,Summer 2021,S21,2021,Analytics
24499,endla,Summer 2021,S21,2021,Energy
24499,endla,Summer 2021,S21,2021,Big Data
24258,enerjazz,Summer 2021,S21,2021,Climate
24270,enso,Summer 2021,S21,2021,SaaS
24270,enso,Summer 2021,S21,2021,Open Source
24138,epinoma,Summer 2021,S21,2021,Synthetic Biology
24138,epinoma,Summer 2021,S21,2021,Biotech
23817,epsilon3-inc,Summer 2021,S21,2021,Commercial Space Launch
23817,epsilon3-inc,Summer 2021,S21,2021,SaaS
23817,epsilon3-inc,Summer 2021,S21,2021,Space Exploration
23817,epsilon3-inc,Summer 2021,S21,2021,B2B
23817,epsilon3-inc,Summer 2021,S21,2021,Enterprise Software
24875,equipt-health,Summer 2021,S21,2021,Sleep Tech
24875,equipt-health,Summer 2021,S21,2021,Consumer Health Services
24875,equipt-health,Summer 2021,S21,2021,Digital Health
24875,equipt-health,Summer 2021,S21,2021,Telemedicine
24827,evidence,Summer 2021,S21,2021,Developer Tools
24827,evidence,Summer 2021,S21,2021,B2B
24827,evidence,Summer 2021,S21,2021,Analytics
24827,evidence,Summer 2021,S21,2021,Data Engineering
24827,evidence,Summer 2021,S21,2021,Data Visualization
24484,evidently-ai,Summer 2021,S21,2021,Developer Tools
24484,evidently-ai,Summer 2021,S21,2021,Machine Learning
24484,evidently-ai,Summer 2021,S21,2021,B2B
24484,evidently-ai,Summer 2021,S21,2021,Open Source
24893,exa,Summer 2021,S21,2021,Developer Tools
24893,exa,Summer 2021,S21,2021,Search
24893,exa,Summer 2021,S21,2021,AI
24893,exa,Summer 2021,S21,2021,APIs
24550,examedi,Summer 2021,S21,2021,Marketplace
24550,examedi,Summer 2021,S21,2021,Consumer Health Services
24380,fastfarma,Summer 2021,S21,2021,E-commerce
24599,female-invest,Summer 2021,S21,2021,Fintech
24599,female-invest,Summer 2021,S21,2021,eLearning
24599,female-invest,Summer 2021,S21,2021,Investing
24598,ferveret-inc,Summer 2021,S21,2021,Hardware
24598,ferveret-inc,Summer 2021,S21,2021,Climate
24598,ferveret-inc,Summer 2021,S21,2021,Energy
24629,filadd,Summer 2021,S21,2021,Education
24629,filadd,Summer 2021,S21,2021,eLearning
24629,filadd,Summer 2021,S21,2021,Community
24597,filta,Summer 2021,S21,2021,Augmented Reality
24597,filta,Summer 2021,S21,2021,Crypto / Web3
24597,filta,Summer 2021,S21,2021,Virtual Reality
23986,fingo-africa,Summer 2021,S21,2021,Neobank
23985,firstquadrant,Summer 2021,S21,2021,Artificial Intelligence
23985,firstquadrant,Summer 2021,S21,2021,SaaS
23985,firstquadrant,Summer 2021,S21,2021,Sales
23985,firstquadrant,Summer 2021,S21,2021,Sales Enablement
23985,firstquadrant,Summer 2021,S21,2021,AI
24169,fitia,Summer 2021,S21,2021,Consumer
24169,fitia,Summer 2021,S21,2021,Fitness
24169,fitia,Summer 2021,S21,2021,Health & Wellness
24530,float,Summer 2021,S21,2021,Fintech
24530,float,Summer 2021,S21,2021,B2B
24530,float,Summer 2021,S21,2021,E-commerce
24540,floatpays-inc,Summer 2021,S21,2021,Fintech
24540,floatpays-inc,Summer 2021,S21,2021,SaaS
23972,flow-club,Summer 2021,S21,2021,Consumer
23972,flow-club,Summer 2021,S21,2021,Community
23972,flow-club,Summer 2021,S21,2021,Productivity
23972,flow-club,Summer 2021,S21,2021,Health & Wellness
23972,flow-club,Summer 2021,S21,2021,Remote Work
24026,flowbo-inc,Summer 2021,S21,2021,Fintech
24026,flowbo-inc,Summer 2021,S21,2021,Marketplace
24026,flowbo-inc,Summer 2021,S21,2021,Creator Economy
24475,flowly,Summer 2021,S21,2021,Health Tech
24158,forage-2,Summer 2021,S21,2021,Fintech
24158,forage-2,Summer 2021,S21,2021,GovTech
24158,forage-2,Summer 2021,S21,2021,Payments
24408,forage-mail,Summer 2021,S21,2021,Consumer
24408,forage-mail,Summer 2021,S21,2021,Productivity
24408,forage-mail,Summer 2021,S21,2021,Email
24408,forage-mail,Summer 2021,S21,2021,AI
24408,forage-mail,Summer 2021,S21,2021,AI Assistant
24379,formance,Summer 2021,S21,2021,Developer Tools
24379,formance,Summer 2021,S21,2021,Fintech
24379,formance,Summer 2021,S21,2021,Payments
24379,formance,Summer 2021,S21,2021,B2B
24379,formance,Summer 2021,S21,2021,Open Source
24446,freterium,Summer 2021,S21,2021,Logistics
24446,freterium,Summer 2021,S21,2021,Supply Chain
24038,frontpage,Summer 2021,S21,2021,Fintech
24038,frontpage,Summer 2021,S21,2021,Community
24830,gamerpay,Summer 2021,S21,2021,Fintech
24830,gamerpay,Summer 2021,S21,2021,Marketplace
24830,gamerpay,Summer 2021,S21,2021,Gaming
24574,genomelink,Summer 2021,S21,2021,Consumer Health Services
24574,genomelink,Summer 2021,S21,2021,Genomics
24575,genuity,Summer 2021,S21,2021,SaaS
24575,genuity,Summer 2021,S21,2021,Enterprise Software
24345,geostar,Summer 2021,S21,2021,SaaS
24345,geostar,Summer 2021,S21,2021,B2B
24345,geostar,Summer 2021,S21,2021,Sales
24345,geostar,Summer 2021,S21,2021,Sales Enablement
24345,geostar,Summer 2021,S21,2021,Market Research
24390,getdot,Summer 2021,S21,2021,SaaS
24390,getdot,Summer 2021,S21,2021,B2B
24390,getdot,Summer 2021,S21,2021,Analytics
24390,getdot,Summer 2021,S21,2021,Enterprise
24390,getdot,Summer 2021,S21,2021,AI
24264,glitzi,Summer 2021,S21,2021,Marketplace
24264,glitzi,Summer 2021,S21,2021,Beauty
24264,glitzi,Summer 2021,S21,2021,Health & Wellness
23963,gobillion,Summer 2021,S21,2021,E-commerce
24005,goodkind,Summer 2021,S21,2021,Education
24005,goodkind,Summer 2021,S21,2021,SaaS
24005,goodkind,Summer 2021,S21,2021,B2B
24005,goodkind,Summer 2021,S21,2021,Video
24252,govly,Summer 2021,S21,2021,SaaS
24252,govly,Summer 2021,S21,2021,GovTech
24868,heo-robotics,Summer 2021,S21,2021,Space Exploration
24868,heo-robotics,Summer 2021,S21,2021,Aerospace
24868,heo-robotics,Summer 2021,S21,2021,Defense
24467,harmonic-discovery,Summer 2021,S21,2021,AI-powered Drug Discovery
24467,harmonic-discovery,Summer 2021,S21,2021,Biotech
24467,harmonic-discovery,Summer 2021,S21,2021,Healthcare
24467,harmonic-discovery,Summer 2021,S21,2021,Drug discovery
23842,hedgehog,Summer 2021,S21,2021,DeFi
23842,hedgehog,Summer 2021,S21,2021,Fintech
23842,hedgehog,Summer 2021,S21,2021,Crypto / Web3
24488,heimdal,Summer 2021,S21,2021,Carbon Capture and Removal
24488,heimdal,Summer 2021,S21,2021,Climate
24460,hera,Summer 2021,S21,2021,Productivity
24460,hera,Summer 2021,S21,2021,Calendar
24489,heycharge,Summer 2021,S21,2021,Climate
24197,quid,Summer 2021,S21,2021,SaaS
24197,quid,Summer 2021,S21,2021,B2B
24197,quid,Summer 2021,S21,2021,Productivity
24197,quid,Summer 2021,S21,2021,Messaging
24756,hirebolt,Summer 2021,S21,2021,Recruiting
24756,hirebolt,Summer 2021,S21,2021,HR Tech
24539,hitpay,Summer 2021,S21,2021,Fintech
24539,hitpay,Summer 2021,S21,2021,Payments
23953,hive-health,Summer 2021,S21,2021,Fintech
23953,hive-health,Summer 2021,S21,2021,Payments
23953,hive-health,Summer 2021,S21,2021,Telehealth
23953,hive-health,Summer 2021,S21,2021,Digital Health
23953,hive-health,Summer 2021,S21,2021,Health Insurance
24586,hudson-labs,Summer 2021,S21,2021,Artificial Intelligence
24586,hudson-labs,Summer 2021,S21,2021,Fintech
24586,hudson-labs,Summer 2021,S21,2021,SaaS
24601,humane-genomics,Summer 2021,S21,2021,Hard Tech
24601,humane-genomics,Summer 2021,S21,2021,Synthetic Biology
22763,hyper,Summer 2021,S21,2021,SaaS
22763,hyper,Summer 2021,S21,2021,Payments
22763,hyper,Summer 2021,S21,2021,Community
24177,hypertrader,Summer 2021,S21,2021,Fintech
24177,hypertrader,Summer 2021,S21,2021,SaaS
24177,hypertrader,Summer 2021,S21,2021,Crypto / Web3
24177,hypertrader,Summer 2021,S21,2021,Investing
24206,hyperbrowser,Summer 2021,S21,2021,Developer Tools
24206,hyperbrowser,Summer 2021,S21,2021,B2B
24206,hyperbrowser,Summer 2021,S21,2021,AI
24351,hypercontext,Summer 2021,S21,2021,Productivity
24150,hypercore,Summer 2021,S21,2021,Fintech
24150,hypercore,Summer 2021,S21,2021,SaaS
24150,hypercore,Summer 2021,S21,2021,B2B
23727,hyperseed,Summer 2021,S21,2021,FinOps
23727,hyperseed,Summer 2021,S21,2021,Fintech
23727,hyperseed,Summer 2021,S21,2021,SaaS
23727,hyperseed,Summer 2021,S21,2021,Finance
23727,hyperseed,Summer 2021,S21,2021,B2B
24572,infina,Summer 2021,S21,2021,Fintech
24572,infina,Summer 2021,S21,2021,Investing
24373,infiuss-health,Summer 2021,S21,2021,Marketplace
24373,infiuss-health,Summer 2021,S21,2021,B2B
24443,inflow,Summer 2021,S21,2021,Mental Health Tech
24443,inflow,Summer 2021,S21,2021,Consumer Health Services
24143,instakin,Summer 2021,S21,2021,Fintech
24143,instakin,Summer 2021,S21,2021,Consumer
24143,instakin,Summer 2021,S21,2021,Neobank
24079,instacrops,Summer 2021,S21,2021,Sustainability
24079,instacrops,Summer 2021,S21,2021,Agriculture
24353,intellect,Summer 2021,S21,2021,Digital Health
24353,intellect,Summer 2021,S21,2021,Healthcare
24353,intellect,Summer 2021,S21,2021,Health Insurance
24353,intellect,Summer 2021,S21,2021,Health & Wellness
24353,intellect,Summer 2021,S21,2021,Mental Health
23819,inversion-space,Summer 2021,S21,2021,Hard Tech
23819,inversion-space,Summer 2021,S21,2021,Hardware
23819,inversion-space,Summer 2021,S21,2021,Transportation
23819,inversion-space,Summer 2021,S21,2021,Aerospace
24266,ivella,Summer 2021,S21,2021,Banking as a Service
24266,ivella,Summer 2021,S21,2021,Fintech
24266,ivella,Summer 2021,S21,2021,Consumer Finance
24164,ivy-homes,Summer 2021,S21,2021,Proptech
23973,jestor,Summer 2021,S21,2021,B2B
23973,jestor,Summer 2021,S21,2021,Productivity
23973,jestor,Summer 2021,S21,2021,Operations
23973,jestor,Summer 2021,S21,2021,AI
24205,jovian,Summer 2021,S21,2021,AI-Enhanced Learning
24205,jovian,Summer 2021,S21,2021,Developer Tools
24205,jovian,Summer 2021,S21,2021,Education
24205,jovian,Summer 2021,S21,2021,Machine Learning
23970,jupe,Summer 2021,S21,2021,Hardware
23970,jupe,Summer 2021,S21,2021,Housing
23970,jupe,Summer 2021,S21,2021,Manufacturing
23970,jupe,Summer 2021,S21,2021,Proptech
23970,jupe,Summer 2021,S21,2021,Climate
24426,kaipod-learning,Summer 2021,S21,2021,Education
24426,kaipod-learning,Summer 2021,S21,2021,eLearning
24426,kaipod-learning,Summer 2021,S21,2021,Consumer
24039,kalam-labs,Summer 2021,S21,2021,Drones
24039,kalam-labs,Summer 2021,S21,2021,Aerospace
24039,kalam-labs,Summer 2021,S21,2021,AI
24649,kapacity-io,Summer 2021,S21,2021,Real Estate
24649,kapacity-io,Summer 2021,S21,2021,Climate
24649,kapacity-io,Summer 2021,S21,2021,Renewable Energy
24006,karbon-card,Summer 2021,S21,2021,Fintech
24006,karbon-card,Summer 2021,S21,2021,B2B
24192,kaya,Summer 2021,S21,2021,SaaS
24192,kaya,Summer 2021,S21,2021,B2B
24192,kaya,Summer 2021,S21,2021,Analytics
24192,kaya,Summer 2021,S21,2021,Marketing
24192,kaya,Summer 2021,S21,2021,AI
24207,keyri,Summer 2021,S21,2021,SaaS
24207,keyri,Summer 2021,S21,2021,B2B
24207,keyri,Summer 2021,S21,2021,Security
24167,kindamagical,Summer 2021,S21,2021,Design Tools
24628,kiwi-biosciences,Summer 2021,S21,2021,Biotech
24628,kiwi-biosciences,Summer 2021,S21,2021,Food Tech
24424,kodda,Summer 2021,S21,2021,Consumer Health Services
24424,kodda,Summer 2021,S21,2021,Digital Health
24424,kodda,Summer 2021,S21,2021,Health & Wellness
24181,kodex,Summer 2021,S21,2021,GovTech
24181,kodex,Summer 2021,S21,2021,Compliance
24181,kodex,Summer 2021,S21,2021,LegalTech
24181,kodex,Summer 2021,S21,2021,Regtech
24162,konta-com,Summer 2021,S21,2021,Artificial Intelligence
24162,konta-com,Summer 2021,S21,2021,Fintech
24162,konta-com,Summer 2021,S21,2021,SaaS
24041,koshex,Summer 2021,S21,2021,Fintech
24415,kurios,Summer 2021,S21,2021,eLearning
24415,kurios,Summer 2021,S21,2021,Latin America
24151,lago,Summer 2021,S21,2021,FinOps
24151,lago,Summer 2021,S21,2021,Fintech
24151,lago,Summer 2021,S21,2021,SaaS
24151,lago,Summer 2021,S21,2021,Open Source
24151,lago,Summer 2021,S21,2021,Billing
24156,lariat-data,Summer 2021,S21,2021,Machine Learning
24156,lariat-data,Summer 2021,S21,2021,Big Data
24156,lariat-data,Summer 2021,S21,2021,Data Engineering
24241,laudable,Summer 2021,S21,2021,SaaS
24241,laudable,Summer 2021,S21,2021,B2B
24241,laudable,Summer 2021,S21,2021,Video
23946,legion-health,Summer 2021,S21,2021,Consumer Health Services
23946,legion-health,Summer 2021,S21,2021,Telehealth
23946,legion-health,Summer 2021,S21,2021,Healthcare
23946,legion-health,Summer 2021,S21,2021,Mental Health
23946,legion-health,Summer 2021,S21,2021,AI
24372,lemfi,Summer 2021,S21,2021,Fintech
23974,level,Summer 2021,S21,2021,Fintech
23974,level,Summer 2021,S21,2021,Lending
24498,levo,Summer 2021,S21,2021,Fintech
24498,levo,Summer 2021,S21,2021,B2B
24498,levo,Summer 2021,S21,2021,Investing
24037,levro,Summer 2021,S21,2021,Fintech
24037,levro,Summer 2021,S21,2021,Payments
24037,levro,Summer 2021,S21,2021,Finance
24037,levro,Summer 2021,S21,2021,B2B
24037,levro,Summer 2021,S21,2021,International
24879,lightly,Summer 2021,S21,2021,Machine Learning
24879,lightly,Summer 2021,S21,2021,Data Labeling
24558,litnerd,Summer 2021,S21,2021,Education
24558,litnerd,Summer 2021,S21,2021,SaaS
24558,litnerd,Summer 2021,S21,2021,Media
24558,litnerd,Summer 2021,S21,2021,Kids
24925,liv-labs-inc,Summer 2021,S21,2021,Hardware
24925,liv-labs-inc,Summer 2021,S21,2021,Consumer Health Services
24925,liv-labs-inc,Summer 2021,S21,2021,Women's Health
24925,liv-labs-inc,Summer 2021,S21,2021,Consumer Products
23831,lobby,Summer 2021,S21,2021,Marketplace
23831,lobby,Summer 2021,S21,2021,Telehealth
23831,lobby,Summer 2021,S21,2021,Healthcare
24190,locale,Summer 2021,S21,2021,Grocery
24190,locale,Summer 2021,S21,2021,Marketplace
24190,locale,Summer 2021,S21,2021,Delivery
24190,locale,Summer 2021,S21,2021,Food
24355,lootrush,Summer 2021,S21,2021,Crypto / Web3
24624,luable,Summer 2021,S21,2021,Fintech
24822,luminate-medical,Summer 2021,S21,2021,Hard Tech
24822,luminate-medical,Summer 2021,S21,2021,Consumer Health Services
24822,luminate-medical,Summer 2021,S21,2021,Medical Devices
24369,mable,Summer 2021,S21,2021,Health Tech
24369,mable,Summer 2021,S21,2021,Telehealth
24369,mable,Summer 2021,S21,2021,Genomics
24551,mach9,Summer 2021,S21,2021,Machine Learning
24551,mach9,Summer 2021,S21,2021,Computer Vision
24551,mach9,Summer 2021,S21,2021,Design Tools
24551,mach9,Summer 2021,S21,2021,Infrastructure
24551,mach9,Summer 2021,S21,2021,AI
24136,madeats,Summer 2021,S21,2021,Ghost Kitchens
24136,madeats,Summer 2021,S21,2021,E-commerce
24044,mailmodo,Summer 2021,S21,2021,SaaS
24466,makani-science,Summer 2021,S21,2021,Health Tech
24466,makani-science,Summer 2021,S21,2021,Medical Devices
24640,malga,Summer 2021,S21,2021,SaaS
24640,malga,Summer 2021,S21,2021,Payments
24640,malga,Summer 2021,S21,2021,B2B
24382,malloc-inc,Summer 2021,S21,2021,Privacy
24382,malloc-inc,Summer 2021,S21,2021,Cybersecurity
24382,malloc-inc,Summer 2021,S21,2021,Defense
24382,malloc-inc,Summer 2021,S21,2021,AI
24176,maroo,Summer 2021,S21,2021,Fintech
24176,maroo,Summer 2021,S21,2021,SaaS
24176,maroo,Summer 2021,S21,2021,B2B
23451,marqvision,Summer 2021,S21,2021,Artificial Intelligence
23451,marqvision,Summer 2021,S21,2021,SaaS
23451,marqvision,Summer 2021,S21,2021,Computer Vision
23451,marqvision,Summer 2021,S21,2021,B2B
23451,marqvision,Summer 2021,S21,2021,LegalTech
24330,matidor-com,Summer 2021,S21,2021,SaaS
24330,matidor-com,Summer 2021,S21,2021,Geographic Information System
24330,matidor-com,Summer 2021,S21,2021,B2B
24528,matrubials-inc,Summer 2021,S21,2021,AI-powered Drug Discovery
24528,matrubials-inc,Summer 2021,S21,2021,Women's Health
24528,matrubials-inc,Summer 2021,S21,2021,Therapeutics
24915,mecho-autotech,Summer 2021,S21,2021,Auto Commerce
24915,mecho-autotech,Summer 2021,S21,2021,Marketplace
24915,mecho-autotech,Summer 2021,S21,2021,E-commerce
24820,medium-biosciences,Summer 2021,S21,2021,Artificial Intelligence
24820,medium-biosciences,Summer 2021,S21,2021,Machine Learning
24820,medium-biosciences,Summer 2021,S21,2021,Biotech
24692,membo,Summer 2021,S21,2021,Grocery
24692,membo,Summer 2021,S21,2021,Marketplace
24692,membo,Summer 2021,S21,2021,Delivery
23818,mentorcam,Summer 2021,S21,2021,Education
23818,mentorcam,Summer 2021,S21,2021,Marketplace
24509,mentum,Summer 2021,S21,2021,Artificial Intelligence
24509,mentum,Summer 2021,S21,2021,SaaS
24509,mentum,Summer 2021,S21,2021,B2B
24509,mentum,Summer 2021,S21,2021,Supply Chain
24509,mentum,Summer 2021,S21,2021,Procurement
24378,mergent,Summer 2021,S21,2021,Developer Tools
24508,meticulous,Summer 2021,S21,2021,Developer Tools
24508,meticulous,Summer 2021,S21,2021,Hard Tech
24508,meticulous,Summer 2021,S21,2021,SaaS
24185,micro-meat,Summer 2021,S21,2021,Hard Tech
24185,micro-meat,Summer 2021,S21,2021,Cultured Meat
24185,micro-meat,Summer 2021,S21,2021,Biotech
24185,micro-meat,Summer 2021,S21,2021,Climate
24185,micro-meat,Summer 2021,S21,2021,Food Tech
24383,milky-way-ai,Summer 2021,S21,2021,Artificial Intelligence
24383,milky-way-ai,Summer 2021,S21,2021,SaaS
24383,milky-way-ai,Summer 2021,S21,2021,Computer Vision
24346,mindfi,Summer 2021,S21,2021,Machine Learning
24346,mindfi,Summer 2021,S21,2021,Mental Health Tech
24346,mindfi,Summer 2021,S21,2021,B2B
24346,mindfi,Summer 2021,S21,2021,HR Tech
24346,mindfi,Summer 2021,S21,2021,Health & Wellness
24779,mindmesh,Summer 2021,S21,2021,SaaS
24779,mindmesh,Summer 2021,S21,2021,Productivity
24779,mindmesh,Summer 2021,S21,2021,Remote Work
23951,mindstate-design-labs,Summer 2021,S21,2021,Artificial Intelligence
23951,mindstate-design-labs,Summer 2021,S21,2021,Hard Tech
23951,mindstate-design-labs,Summer 2021,S21,2021,Neurotechnology
23951,mindstate-design-labs,Summer 2021,S21,2021,Biotech
23951,mindstate-design-labs,Summer 2021,S21,2021,AI
24461,mine,Summer 2021,S21,2021,Artificial Intelligence
24461,mine,Summer 2021,S21,2021,Fintech
24461,mine,Summer 2021,S21,2021,Consumer
24461,mine,Summer 2021,S21,2021,Consumer Finance
24395,miniloop,Summer 2021,S21,2021,AI
24395,miniloop,Summer 2021,S21,2021,AI Assistant
24100,mobileboost,Summer 2021,S21,2021,Artificial Intelligence
24100,mobileboost,Summer 2021,S21,2021,Developer Tools
24100,mobileboost,Summer 2021,S21,2021,Generative AI
24100,mobileboost,Summer 2021,S21,2021,B2B
24100,mobileboost,Summer 2021,S21,2021,No-code
24371,momo-medical,Summer 2021,S21,2021,SaaS
24371,momo-medical,Summer 2021,S21,2021,IoT
24371,momo-medical,Summer 2021,S21,2021,B2B
24269,monet,Summer 2021,S21,2021,Fintech
24248,monto,Summer 2021,S21,2021,Fintech
24248,monto,Summer 2021,S21,2021,B2B
24700,moving-parts,Summer 2021,S21,2021,Developer Tools
24627,nasdisc,Summer 2021,S21,2021,Art Trading Platforms
24627,nasdisc,Summer 2021,S21,2021,Marketplace
24627,nasdisc,Summer 2021,S21,2021,E-commerce
24876,nash,Summer 2021,S21,2021,Marketplace
24876,nash,Summer 2021,S21,2021,SaaS
24876,nash,Summer 2021,S21,2021,B2B
24876,nash,Summer 2021,S21,2021,Delivery
24876,nash,Summer 2021,S21,2021,Logistics
24095,neodocs,Summer 2021,S21,2021,Artificial Intelligence
24095,neodocs,Summer 2021,S21,2021,Consumer Health Services
24095,neodocs,Summer 2021,S21,2021,Medical Devices
24157,nexus,Summer 2021,S21,2021,Fintech
24157,nexus,Summer 2021,S21,2021,Neobank
24084,nino-foods,Summer 2021,S21,2021,Ghost Kitchens
24084,nino-foods,Summer 2021,S21,2021,Delivery
24084,nino-foods,Summer 2021,S21,2021,E-commerce
24084,nino-foods,Summer 2021,S21,2021,Food & Beverage
24562,noloco,Summer 2021,S21,2021,Developer Tools
24562,noloco,Summer 2021,S21,2021,SaaS
24562,noloco,Summer 2021,S21,2021,No-code
24579,nomod,Summer 2021,S21,2021,Fintech
24579,nomod,Summer 2021,S21,2021,Payments
24653,novatr,Summer 2021,S21,2021,Education
24653,novatr,Summer 2021,S21,2021,eLearning
24053,odwen,Summer 2021,S21,2021,Marketplace
24053,odwen,Summer 2021,S21,2021,Warehouse Management Tech
24053,odwen,Summer 2021,S21,2021,B2B
23947,odys-aviation,Summer 2021,S21,2021,Hard Tech
23947,odys-aviation,Summer 2021,S21,2021,Airplanes
23947,odys-aviation,Summer 2021,S21,2021,Climate
24254,okani,Summer 2021,S21,2021,Consumer Health Services
24254,okani,Summer 2021,S21,2021,Primary Care
24404,oneschema,Summer 2021,S21,2021,Artificial Intelligence
24404,oneschema,Summer 2021,S21,2021,SaaS
24404,oneschema,Summer 2021,S21,2021,B2B
24404,oneschema,Summer 2021,S21,2021,Workflow Automation
24404,oneschema,Summer 2021,S21,2021,AI
24843,oneshop,Summer 2021,S21,2021,SaaS
24843,oneshop,Summer 2021,S21,2021,E-commerce
24302,onestopkitchen,Summer 2021,S21,2021,Ghost Kitchens
24302,onestopkitchen,Summer 2021,S21,2021,E-commerce
24302,onestopkitchen,Summer 2021,S21,2021,AI
24230,onebrief,Summer 2021,S21,2021,SaaS
24230,onebrief,Summer 2021,S21,2021,GovTech
24230,onebrief,Summer 2021,S21,2021,Defense
24544,onfolk,Summer 2021,S21,2021,SaaS
24544,onfolk,Summer 2021,S21,2021,B2B
24544,onfolk,Summer 2021,S21,2021,Payroll
24580,onsite-pro,Summer 2021,S21,2021,Construction
24580,onsite-pro,Summer 2021,S21,2021,B2B
24580,onsite-pro,Summer 2021,S21,2021,Climate
23781,openlayer,Summer 2021,S21,2021,AIOps
23781,openlayer,Summer 2021,S21,2021,Artificial Intelligence
23781,openlayer,Summer 2021,S21,2021,Developer Tools
23781,openlayer,Summer 2021,S21,2021,Generative AI
23781,openlayer,Summer 2021,S21,2021,Machine Learning
24774,opkit,Summer 2021,S21,2021,SaaS
24774,opkit,Summer 2021,S21,2021,Health Tech
24774,opkit,Summer 2021,S21,2021,Digital Health
24774,opkit,Summer 2021,S21,2021,Healthcare
24774,opkit,Summer 2021,S21,2021,Conversational AI
24691,orderli,Summer 2021,S21,2021,SaaS
24691,orderli,Summer 2021,S21,2021,B2B
24691,orderli,Summer 2021,S21,2021,E-commerce
24727,output,Summer 2021,S21,2021,AI-powered Drug Discovery
24727,output,Summer 2021,S21,2021,Generative AI
24727,output,Summer 2021,S21,2021,Biotech
24727,output,Summer 2021,S21,2021,AI
24602,payze,Summer 2021,S21,2021,Fintech
24602,payze,Summer 2021,S21,2021,B2B
24821,pactima,Summer 2021,S21,2021,Documents
24821,pactima,Summer 2021,S21,2021,SaaS
24821,pactima,Summer 2021,S21,2021,B2B
23780,palettehq,Summer 2021,S21,2021,SaaS
23780,palettehq,Summer 2021,S21,2021,B2B
23780,palettehq,Summer 2021,S21,2021,Sales
24682,pandai,Summer 2021,S21,2021,Education
24682,pandai,Summer 2021,S21,2021,SaaS
24682,pandai,Summer 2021,S21,2021,Subscriptions
24081,parallel-bio,Summer 2021,S21,2021,AI-powered Drug Discovery
24081,parallel-bio,Summer 2021,S21,2021,Biotech
24159,patterns,Summer 2021,S21,2021,Analytics
24159,patterns,Summer 2021,S21,2021,Data Science
24159,patterns,Summer 2021,S21,2021,Data Engineering
24159,patterns,Summer 2021,S21,2021,Data Visualization
24874,payflow,Summer 2021,S21,2021,Fintech
24874,payflow,Summer 2021,S21,2021,SaaS
24874,payflow,Summer 2021,S21,2021,HR Tech
24874,payflow,Summer 2021,S21,2021,Lending
24479,payhippo,Summer 2021,S21,2021,Fintech
24255,perfekto,Summer 2021,S21,2021,Grocery
24255,perfekto,Summer 2021,S21,2021,Sustainability
24255,perfekto,Summer 2021,S21,2021,Climate
24255,perfekto,Summer 2021,S21,2021,E-commerce
24255,perfekto,Summer 2021,S21,2021,Subscriptions
24759,phykos,Summer 2021,S21,2021,Carbon Capture and Removal
24759,phykos,Summer 2021,S21,2021,Climate
24882,pide-directo,Summer 2021,S21,2021,Autonomous Delivery
24882,pide-directo,Summer 2021,S21,2021,SaaS
24882,pide-directo,Summer 2021,S21,2021,E-commerce
24882,pide-directo,Summer 2021,S21,2021,Enterprise Software
24251,pideaky,Summer 2021,S21,2021,Fintech
24569,pillar,Summer 2021,S21,2021,Consumer Health Services
24569,pillar,Summer 2021,S21,2021,Digital Health
24569,pillar,Summer 2021,S21,2021,Healthcare
23950,pipekit,Summer 2021,S21,2021,Developer Tools
23950,pipekit,Summer 2021,S21,2021,Open Source
23950,pipekit,Summer 2021,S21,2021,Data Engineering
23950,pipekit,Summer 2021,S21,2021,DevOps
24188,pirouette-pharma,Summer 2021,S21,2021,Health Tech
24188,pirouette-pharma,Summer 2021,S21,2021,Medical Devices
24188,pirouette-pharma,Summer 2021,S21,2021,Biotech
24188,pirouette-pharma,Summer 2021,S21,2021,Healthcare
24754,plai,Summer 2021,S21,2021,Marketing
24754,plai,Summer 2021,S21,2021,Advertising
24260,planet-a-foods,Summer 2021,S21,2021,Climate
24260,planet-a-foods,Summer 2021,S21,2021,ClimateTech
24253,pluggy,Summer 2021,S21,2021,Fintech
24253,pluggy,Summer 2021,S21,2021,API
24477,portao-3,Summer 2021,S21,2021,Fintech
24477,portao-3,Summer 2021,S21,2021,B2B
24477,portao-3,Summer 2021,S21,2021,Travel
23860,positional,Summer 2021,S21,2021,SaaS
23860,positional,Summer 2021,S21,2021,Marketing
23860,positional,Summer 2021,S21,2021,SEO
23977,potion,Summer 2021,S21,2021,Generative AI
23977,potion,Summer 2021,S21,2021,Hard Tech
23977,potion,Summer 2021,S21,2021,B2B
23977,potion,Summer 2021,S21,2021,AI
23783,promakhos-therapeutics,Summer 2021,S21,2021,Therapeutics
24046,propreturns,Summer 2021,S21,2021,Fintech
24046,propreturns,Summer 2021,S21,2021,Marketplace
24046,propreturns,Summer 2021,S21,2021,Proptech
24823,protego,Summer 2021,S21,2021,SaaS
24823,protego,Summer 2021,S21,2021,B2B
24444,protex-ai,Summer 2021,S21,2021,Industrial Workplace Safety
24444,protex-ai,Summer 2021,S21,2021,Machine Learning
24444,protex-ai,Summer 2021,S21,2021,B2B
24606,pylon,Summer 2021,S21,2021,Enterprise Software
24858,quest,Summer 2021,S21,2021,Community
24858,quest,Summer 2021,S21,2021,Podcasts
24139,reprosent,Summer 2021,S21,2021,Biometrics
24139,reprosent,Summer 2021,S21,2021,Consumer Health Services
24139,reprosent,Summer 2021,S21,2021,Digital Health
24139,reprosent,Summer 2021,S21,2021,Healthcare
24139,reprosent,Summer 2021,S21,2021,Oncology
24130,rgi-labs,Summer 2021,S21,2021,Artificial Intelligence
24130,rgi-labs,Summer 2021,S21,2021,AI
24555,rmfg,Summer 2021,S21,2021,Robotics
24555,rmfg,Summer 2021,S21,2021,Manufacturing
24555,rmfg,Summer 2021,S21,2021,Industrial
24203,redbean,Summer 2021,S21,2021,Entertainment
24203,redbean,Summer 2021,S21,2021,AI
23832,reframe,Summer 2021,S21,2021,Mental Health Tech
23832,reframe,Summer 2021,S21,2021,Consumer Health Services
23832,reframe,Summer 2021,S21,2021,Consumer
24152,rendalomaq,Summer 2021,S21,2021,Construction
24152,rendalomaq,Summer 2021,S21,2021,B2B
23979,replo,Summer 2021,S21,2021,Artificial Intelligence
23979,replo,Summer 2021,S21,2021,Developer Tools
23979,replo,Summer 2021,S21,2021,Marketing
23979,replo,Summer 2021,S21,2021,AI
24243,repool,Summer 2021,S21,2021,Fintech
24243,repool,Summer 2021,S21,2021,SaaS
24556,revery-ai,Summer 2021,S21,2021,Artificial Intelligence
24556,revery-ai,Summer 2021,S21,2021,Generative AI
24556,revery-ai,Summer 2021,S21,2021,Social
24556,revery-ai,Summer 2021,S21,2021,E-commerce
24556,revery-ai,Summer 2021,S21,2021,Creator Economy
24926,revolve-surgical,Summer 2021,S21,2021,Hardware
24926,revolve-surgical,Summer 2021,S21,2021,Medical Robotics
24926,revolve-surgical,Summer 2021,S21,2021,Medical Devices
24199,rinse,Summer 2021,S21,2021,Consumer Health Services
24199,rinse,Summer 2021,S21,2021,Digital Health
24199,rinse,Summer 2021,S21,2021,Telemedicine
24199,rinse,Summer 2021,S21,2021,Primary Care
24083,rivia-ai,Summer 2021,S21,2021,SaaS
24083,rivia-ai,Summer 2021,S21,2021,B2B
24083,rivia-ai,Summer 2021,S21,2021,Sales
23978,rootly,Summer 2021,S21,2021,AIOps
23978,rootly,Summer 2021,S21,2021,Developer Tools
23978,rootly,Summer 2021,S21,2021,SaaS
23978,rootly,Summer 2021,S21,2021,B2B
23978,rootly,Summer 2021,S21,2021,Security
24339,ruta-health,Summer 2021,S21,2021,Consumer Health Services
24339,ruta-health,Summer 2021,S21,2021,Health Tech
24339,ruta-health,Summer 2021,S21,2021,Digital Health
24339,ruta-health,Summer 2021,S21,2021,Healthcare
24339,ruta-health,Summer 2021,S21,2021,Health & Wellness
24669,ruth-health,Summer 2021,S21,2021,Telehealth
24669,ruth-health,Summer 2021,S21,2021,Women's Health
24795,sfa-therapeutics-inc,Summer 2021,S21,2021,AI-powered Drug Discovery
24795,sfa-therapeutics-inc,Summer 2021,S21,2021,Anti-Aging
24795,sfa-therapeutics-inc,Summer 2021,S21,2021,Biotech
24795,sfa-therapeutics-inc,Summer 2021,S21,2021,Health & Wellness
24795,sfa-therapeutics-inc,Summer 2021,S21,2021,Biotechnology
24166,safebeat,Summer 2021,S21,2021,AI-Enhanced Learning
24166,safebeat,Summer 2021,S21,2021,Medical Devices
24166,safebeat,Summer 2021,S21,2021,Digital Health
24166,safebeat,Summer 2021,S21,2021,Therapeutics
24892,safer-management,Summer 2021,S21,2021,Artificial Intelligence
24892,safer-management,Summer 2021,S21,2021,Education
24892,safer-management,Summer 2021,S21,2021,Machine Learning
24059,salarybook,Summer 2021,S21,2021,Fintech
24059,salarybook,Summer 2021,S21,2021,SaaS
24059,salarybook,Summer 2021,S21,2021,B2B
24198,salarybox,Summer 2021,S21,2021,Artificial Intelligence
24198,salarybox,Summer 2021,S21,2021,SaaS
24198,salarybox,Summer 2021,S21,2021,B2B
24866,satsuma,Summer 2021,S21,2021,Developer Tools
24866,satsuma,Summer 2021,S21,2021,SaaS
24866,satsuma,Summer 2021,S21,2021,Crypto / Web3
24866,satsuma,Summer 2021,S21,2021,Data Engineering
24367,scispot-io,Summer 2021,S21,2021,Generative AI
24367,scispot-io,Summer 2021,S21,2021,SaaS
24367,scispot-io,Summer 2021,S21,2021,B2B
24367,scispot-io,Summer 2021,S21,2021,AI
24304,scratch-data,Summer 2021,S21,2021,Developer Tools
24304,scratch-data,Summer 2021,S21,2021,SaaS
24304,scratch-data,Summer 2021,S21,2021,B2B
24304,scratch-data,Summer 2021,S21,2021,Analytics
24304,scratch-data,Summer 2021,S21,2021,Databases
24191,secoda,Summer 2021,S21,2021,Artificial Intelligence
24191,secoda,Summer 2021,S21,2021,SaaS
24191,secoda,Summer 2021,S21,2021,B2B
24191,secoda,Summer 2021,S21,2021,Analytics
24191,secoda,Summer 2021,S21,2021,Data Engineering
24235,senpai-gg,Summer 2021,S21,2021,Artificial Intelligence
24235,senpai-gg,Summer 2021,S21,2021,Assistive Tech
24235,senpai-gg,Summer 2021,S21,2021,Gaming
24705,sensible-biotechnologies,Summer 2021,S21,2021,Synthetic Biology
24705,sensible-biotechnologies,Summer 2021,S21,2021,Biotech
24705,sensible-biotechnologies,Summer 2021,S21,2021,Manufacturing
24705,sensible-biotechnologies,Summer 2021,S21,2021,Therapeutics
24705,sensible-biotechnologies,Summer 2021,S21,2021,Biotechnology
24204,sentiyen,Summer 2021,S21,2021,AI-Enhanced Learning
24204,sentiyen,Summer 2021,S21,2021,Artificial Intelligence
24204,sentiyen,Summer 2021,S21,2021,AI Assistant
24381,sequin,Summer 2021,S21,2021,Generative AI
24381,sequin,Summer 2021,S21,2021,B2B
24381,sequin,Summer 2021,S21,2021,Operations
24668,shape,Summer 2021,S21,2021,Analytics
24668,shape,Summer 2021,S21,2021,Enterprise
24668,shape,Summer 2021,S21,2021,AI
24406,shimmer,Summer 2021,S21,2021,Mental Health Tech
24406,shimmer,Summer 2021,S21,2021,Community
24385,shipblu,Summer 2021,S21,2021,Delivery
24385,shipblu,Summer 2021,S21,2021,AI
24596,siglo,Summer 2021,S21,2021,Fintech
24596,siglo,Summer 2021,S21,2021,Community
24596,siglo,Summer 2021,S21,2021,Telecommunications
24282,sigmaos,Summer 2021,S21,2021,SaaS
24282,sigmaos,Summer 2021,S21,2021,Productivity
24282,sigmaos,Summer 2021,S21,2021,Collaboration
24514,sirka,Summer 2021,S21,2021,Consumer Health Services
24828,sitenna,Summer 2021,S21,2021,Marketplace
23120,slash,Summer 2021,S21,2021,Fintech
24135,sleek,Summer 2021,S21,2021,Artificial Intelligence
24135,sleek,Summer 2021,S21,2021,Machine Learning
24135,sleek,Summer 2021,S21,2021,E-commerce
23796,slope,Summer 2021,S21,2021,Artificial Intelligence
23796,slope,Summer 2021,S21,2021,Fintech
23796,slope,Summer 2021,S21,2021,Machine Learning
23796,slope,Summer 2021,S21,2021,Payments
23796,slope,Summer 2021,S21,2021,Fraud Detection
24142,snapcalorie,Summer 2021,S21,2021,Computer Vision
24142,snapcalorie,Summer 2021,S21,2021,Fitness
24142,snapcalorie,Summer 2021,S21,2021,AI
24137,soco,Summer 2021,S21,2021,Consumer
24137,soco,Summer 2021,S21,2021,Chatbot
24137,soco,Summer 2021,S21,2021,Retail
24137,soco,Summer 2021,S21,2021,AI
24137,soco,Summer 2021,S21,2021,AI Assistant
24024,solarmente,Summer 2021,S21,2021,Solar Power
24024,solarmente,Summer 2021,S21,2021,Climate
24024,solarmente,Summer 2021,S21,2021,Consumer Finance
24024,solarmente,Summer 2021,S21,2021,ClimateTech
24506,spark-studio,Summer 2021,S21,2021,AI-Enhanced Learning
24506,spark-studio,Summer 2021,S21,2021,Education
24506,spark-studio,Summer 2021,S21,2021,Generative AI
24506,spark-studio,Summer 2021,S21,2021,eLearning
24506,spark-studio,Summer 2021,S21,2021,AI
24816,spoken,Summer 2021,S21,2021,Artificial Intelligence
24816,spoken,Summer 2021,S21,2021,Machine Learning
24816,spoken,Summer 2021,S21,2021,Marketplace
24816,spoken,Summer 2021,S21,2021,Consumer
24816,spoken,Summer 2021,S21,2021,E-commerce
24237,sproutfi,Summer 2021,S21,2021,Fintech
24787,squire-ai,Summer 2021,S21,2021,Artificial Intelligence
24787,squire-ai,Summer 2021,S21,2021,Developer Tools
24787,squire-ai,Summer 2021,S21,2021,SaaS
24787,squire-ai,Summer 2021,S21,2021,Compliance
24787,squire-ai,Summer 2021,S21,2021,Security
24407,stardex,Summer 2021,S21,2021,SaaS
24407,stardex,Summer 2021,S21,2021,Productivity
24861,stepful,Summer 2021,S21,2021,eLearning
24861,stepful,Summer 2021,S21,2021,Healthcare
23957,stipop,Summer 2021,S21,2021,Marketplace
23957,stipop,Summer 2021,S21,2021,Consumer
23957,stipop,Summer 2021,S21,2021,Community
24720,storylane,Summer 2021,S21,2021,SaaS
24720,storylane,Summer 2021,S21,2021,B2B
24635,stownest,Summer 2021,S21,2021,Warehouse Management Tech
24635,stownest,Summer 2021,S21,2021,B2B
24719,strideq,Summer 2021,S21,2021,Food Service Robots & Machines
24719,strideq,Summer 2021,S21,2021,SaaS
24719,strideq,Summer 2021,S21,2021,E-commerce
24131,strive-math,Summer 2021,S21,2021,Education
24148,studystream,Summer 2021,S21,2021,Education
24914,sully-ai,Summer 2021,S21,2021,Artificial Intelligence
24914,sully-ai,Summer 2021,S21,2021,SaaS
24914,sully-ai,Summer 2021,S21,2021,Health Tech
24914,sully-ai,Summer 2021,S21,2021,B2B
24914,sully-ai,Summer 2021,S21,2021,Healthcare
23948,staffbar,Summer 2021,S21,2021,Developer Tools
23948,staffbar,Summer 2021,S21,2021,Payments
23948,staffbar,Summer 2021,S21,2021,AI
24686,suplias,Summer 2021,S21,2021,Fintech
24686,suplias,Summer 2021,S21,2021,Marketplace
24686,suplias,Summer 2021,S21,2021,B2B
24093,swipe-2,Summer 2021,S21,2021,Artificial Intelligence
24093,swipe-2,Summer 2021,S21,2021,Fintech
24093,swipe-2,Summer 2021,S21,2021,SaaS
24093,swipe-2,Summer 2021,S21,2021,B2B
24093,swipe-2,Summer 2021,S21,2021,AI Assistant
24859,synder,Summer 2021,S21,2021,E-Commerce
23959,tag,Summer 2021,S21,2021,FinOps
23959,tag,Summer 2021,S21,2021,Fintech
24154,tablevibe-co,Summer 2021,S21,2021,SaaS
24154,tablevibe-co,Summer 2021,S21,2021,E-commerce
24154,tablevibe-co,Summer 2021,S21,2021,Food Tech
24154,tablevibe-co,Summer 2021,S21,2021,Retail
24839,talentdrop,Summer 2021,S21,2021,Marketplace
24839,talentdrop,Summer 2021,S21,2021,SaaS
24839,talentdrop,Summer 2021,S21,2021,Recruiting
23945,talus-bio,Summer 2021,S21,2021,Biotech
23945,talus-bio,Summer 2021,S21,2021,Genomics
23945,talus-bio,Summer 2021,S21,2021,Drug discovery
24195,tarsal,Summer 2021,S21,2021,B2B
24195,tarsal,Summer 2021,S21,2021,Cybersecurity
24195,tarsal,Summer 2021,S21,2021,Big Data
24195,tarsal,Summer 2021,S21,2021,Data Engineering
24161,tavus,Summer 2021,S21,2021,Artificial Intelligence
24161,tavus,Summer 2021,S21,2021,Generative AI
24161,tavus,Summer 2021,S21,2021,B2B
24161,tavus,Summer 2021,S21,2021,Video
24161,tavus,Summer 2021,S21,2021,Infrastructure
24604,telivy,Summer 2021,S21,2021,Security
24604,telivy,Summer 2021,S21,2021,Cybersecurity
24573,telmai,Summer 2021,S21,2021,Analytics
24573,telmai,Summer 2021,S21,2021,AI
24573,telmai,Summer 2021,S21,2021,ML
24567,tenyks,Summer 2021,S21,2021,Artificial Intelligence
24567,tenyks,Summer 2021,S21,2021,Computer Vision
24567,tenyks,Summer 2021,S21,2021,Video
24567,tenyks,Summer 2021,S21,2021,AI
24567,tenyks,Summer 2021,S21,2021,AI Assistant
24529,the-breakaway,Summer 2021,S21,2021,Fitness
24529,the-breakaway,Summer 2021,S21,2021,Health & Wellness
24271,tiriel-ai,Summer 2021,S21,2021,Artificial Intelligence
24271,tiriel-ai,Summer 2021,S21,2021,Logistics
24271,tiriel-ai,Summer 2021,S21,2021,Supply Chain
24271,tiriel-ai,Summer 2021,S21,2021,Transportation
24870,titipku,Summer 2021,S21,2021,Grocery
24870,titipku,Summer 2021,S21,2021,Marketplace
24870,titipku,Summer 2021,S21,2021,Delivery
24907,toku,Summer 2021,S21,2021,FinOps
24907,toku,Summer 2021,S21,2021,Fintech
24907,toku,Summer 2021,S21,2021,SaaS
24907,toku,Summer 2021,S21,2021,Payments
24907,toku,Summer 2021,S21,2021,Subscriptions
24531,transastra-corporation,Summer 2021,S21,2021,Space Exploration
24347,truss,Summer 2021,S21,2021,Fintech
24347,truss,Summer 2021,S21,2021,Payments
24347,truss,Summer 2021,S21,2021,Construction
24638,tuli-health,Summer 2021,S21,2021,SaaS
24638,tuli-health,Summer 2021,S21,2021,Telemedicine
24638,tuli-health,Summer 2021,S21,2021,Primary Care
24865,turion-space,Summer 2021,S21,2021,Space Exploration
24865,turion-space,Summer 2021,S21,2021,Satellites
24149,union54,Summer 2021,S21,2021,FinOps
24149,union54,Summer 2021,S21,2021,Fintech
24149,union54,Summer 2021,S21,2021,Consumer
24149,union54,Summer 2021,S21,2021,B2B
24149,union54,Summer 2021,S21,2021,Messaging
24108,v-flow-medical-inc,Summer 2021,S21,2021,Medical Devices
23967,varos,Summer 2021,S21,2021,SaaS
23967,varos,Summer 2021,S21,2021,B2B
23967,varos,Summer 2021,S21,2021,Analytics
24840,vedabio,Summer 2021,S21,2021,Hard Tech
24845,verano-health,Summer 2021,S21,2021,Mental Health Tech
24845,verano-health,Summer 2021,S21,2021,Consumer Health Services
24845,verano-health,Summer 2021,S21,2021,Healthcare IT
24681,verde,Summer 2021,S21,2021,Fintech
24681,verde,Summer 2021,S21,2021,SaaS
24681,verde,Summer 2021,S21,2021,B2B
24180,verihubs,Summer 2021,S21,2021,Artificial Intelligence
24180,verihubs,Summer 2021,S21,2021,SaaS
24180,verihubs,Summer 2021,S21,2021,B2B
24616,vibe-kanban,Summer 2021,S21,2021,Artificial Intelligence
24616,vibe-kanban,Summer 2021,S21,2021,Machine Learning
24616,vibe-kanban,Summer 2021,S21,2021,Open Source
24429,vinco,Summer 2021,S21,2021,Education
24429,vinco,Summer 2021,S21,2021,Marketplace
24429,vinco,Summer 2021,S21,2021,SaaS
22694,vogent,Summer 2021,S21,2021,Artificial Intelligence
22694,vogent,Summer 2021,S21,2021,SaaS
22694,vogent,Summer 2021,S21,2021,B2B
22694,vogent,Summer 2021,S21,2021,Sales
22694,vogent,Summer 2021,S21,2021,Operations
23861,wabi,Summer 2021,S21,2021,SaaS
23861,wabi,Summer 2021,S21,2021,Creator Economy
24344,warpbuild,Summer 2021,S21,2021,Developer Tools
24344,warpbuild,Summer 2021,S21,2021,Generative AI
24344,warpbuild,Summer 2021,S21,2021,SaaS
24344,warpbuild,Summer 2021,S21,2021,Productivity
24344,warpbuild,Summer 2021,S21,2021,DevOps
24259,warpfy,Summer 2021,S21,2021,Artificial Intelligence
24259,warpfy,Summer 2021,S21,2021,Marketplace
24259,warpfy,Summer 2021,S21,2021,E-commerce
24259,warpfy,Summer 2021,S21,2021,Retail
24507,warrant,Summer 2021,S21,2021,Developer Tools
24507,warrant,Summer 2021,S21,2021,B2B
24507,warrant,Summer 2021,S21,2021,Open Source
24507,warrant,Summer 2021,S21,2021,API
24590,waterplan,Summer 2021,S21,2021,Machine Learning
24590,waterplan,Summer 2021,S21,2021,SaaS
24590,waterplan,Summer 2021,S21,2021,B2B
24590,waterplan,Summer 2021,S21,2021,Climate
24590,waterplan,Summer 2021,S21,2021,ClimateTech
24384,whalesync,Summer 2021,S21,2021,SaaS
24384,whalesync,Summer 2021,S21,2021,Remote Work
24384,whalesync,Summer 2021,S21,2021,No-code
24384,whalesync,Summer 2021,S21,2021,Data Engineering
24384,whalesync,Summer 2021,S21,2021,Web Development
24481,whaly,Summer 2021,S21,2021,Data Engineering
24526,writesonic,Summer 2021,S21,2021,Artificial Intelligence
24526,writesonic,Summer 2021,S21,2021,Generative AI
24526,writesonic,Summer 2021,S21,2021,SaaS
24526,writesonic,Summer 2021,S21,2021,B2B
24368,yemaachi-biotechnology,Summer 2021,S21,2021,Biotech
24368,yemaachi-biotechnology,Summer 2021,S21,2021,Diagnostics
24368,yemaachi-biotechnology,Summer 2021,S21,2021,Therapeutics
23952,yummy-inc,Summer 2021,S21,2021,Marketplace
23952,yummy-inc,Summer 2021,S21,2021,SaaS
23952,yummy-inc,Summer 2021,S21,2021,Delivery
23952,yummy-inc,Summer 2021,S21,2021,Ridesharing
23659,zage,Summer 2021,S21,2021,Fintech
24058,zeit-medical,Summer 2021,S21,2021,Sleep Tech
24058,zeit-medical,Summer 2021,S21,2021,Consumer Health Services
24058,zeit-medical,Summer 2021,S21,2021,Medical Devices
24160,posturehealth-inc,Summer 2021,S21,2021,Consumer Health Services
24160,posturehealth-inc,Summer 2021,S21,2021,Digital Health
24476,zensors-inc,Summer 2021,S21,2021,AIOps
24476,zensors-inc,Summer 2021,S21,2021,Artificial Intelligence
24416,zoios,Summer 2021,S21,2021,Mental Health Tech
24416,zoios,Summer 2021,S21,2021,SaaS
24416,zoios,Summer 2021,S21,2021,B2B
24603,resident-boost,Summer 2021,S21,2021,B2B
24603,resident-boost,Summer 2021,S21,2021,Proptech
24603,resident-boost,Summer 2021,S21,2021,AI
24497,asim,Summer 2021,S21,2021,Artificial Intelligence
24497,asim,Summer 2021,S21,2021,Consumer
24497,asim,Summer 2021,S21,2021,No-code
24497,asim,Summer 2021,S21,2021,Consumer Products
24497,asim,Summer 2021,S21,2021,AI
24292,fluke,Summer 2021,S21,2021,B2B
24292,fluke,Summer 2021,S21,2021,Telecommunications
23944,hotglue,Summer 2021,S21,2021,Developer Tools
23944,hotglue,Summer 2021,S21,2021,SaaS
23944,hotglue,Summer 2021,S21,2021,B2B
24679,idemeum,Summer 2021,S21,2021,B2B
24679,idemeum,Summer 2021,S21,2021,Security
24329,inai,Summer 2021,S21,2021,Fintech
24329,inai,Summer 2021,S21,2021,SaaS
24459,lapzo,Summer 2021,S21,2021,Education
24459,lapzo,Summer 2021,S21,2021,SaaS
24459,lapzo,Summer 2021,S21,2021,B2B
23885,marketfeed,Summer 2021,S21,2021,Fintech
23885,marketfeed,Summer 2021,S21,2021,Trading
23885,marketfeed,Summer 2021,S21,2021,Stocks
24524,outloud-ai,Summer 2021,S21,2021,Machine Learning
24524,outloud-ai,Summer 2021,S21,2021,SaaS
24524,outloud-ai,Summer 2021,S21,2021,B2B
24268,testrigor,Summer 2021,S21,2021,Developer Tools
24268,testrigor,Summer 2021,S21,2021,SaaS
24168,trii,Summer 2021,S21,2021,Fintech
24080,zazos,Summer 2021,S21,2021,Artificial Intelligence
24080,zazos,Summer 2021,S21,2021,Developer Tools
24080,zazos,Summer 2021,S21,2021,SaaS
24080,zazos,Summer 2021,S21,2021,HR Tech
24080,zazos,Summer 2021,S21,2021,AI Assistant
26019,ayc-fund,Winter 2022,W22,2022,Crypto / Web3
26019,ayc-fund,Winter 2022,W22,2022,Finance
26019,ayc-fund,Winter 2022,W22,2022,Trading
26019,ayc-fund,Winter 2022,W22,2022,AI
26019,ayc-fund,Winter 2022,W22,2022,Cryptocurrency
25330,actipulse-neuroscience,Winter 2022,W22,2022,Mental Health Tech
25330,actipulse-neuroscience,Winter 2022,W22,2022,Neurotechnology
25330,actipulse-neuroscience,Winter 2022,W22,2022,Medical Devices
25273,agave,Winter 2022,W22,2022,SaaS
25273,agave,Winter 2022,W22,2022,Construction
25273,agave,Winter 2022,W22,2022,B2B
25273,agave,Winter 2022,W22,2022,Proptech
25696,agency,Winter 2022,W22,2022,SaaS
25696,agency,Winter 2022,W22,2022,B2B
25696,agency,Winter 2022,W22,2022,Compliance
25696,agency,Winter 2022,W22,2022,Security
25696,agency,Winter 2022,W22,2022,Enterprise
26253,aisupervision,Winter 2022,W22,2022,Manufacturing
26253,aisupervision,Winter 2022,W22,2022,Industrial
26120,airmyne,Winter 2022,W22,2022,Carbon Capture and Removal
26120,airmyne,Winter 2022,W22,2022,Hard Tech
26120,airmyne,Winter 2022,W22,2022,Hardware
26120,airmyne,Winter 2022,W22,2022,Climate
25753,airwork,Winter 2022,W22,2022,Marketplace
25753,airwork,Winter 2022,W22,2022,B2B
25753,airwork,Winter 2022,W22,2022,Recruiting
25753,airwork,Winter 2022,W22,2022,Enterprise Software
25753,airwork,Winter 2022,W22,2022,AI
25723,aklimate,Winter 2022,W22,2022,SaaS
25723,aklimate,Winter 2022,W22,2022,B2B
25723,aklimate,Winter 2022,W22,2022,Climate
25271,alfie,Winter 2022,W22,2022,Digital Health
25271,alfie,Winter 2022,W22,2022,Telemedicine
25700,alga-biosciences,Winter 2022,W22,2022,Biotech
25700,alga-biosciences,Winter 2022,W22,2022,Climate
25700,alga-biosciences,Winter 2022,W22,2022,Agriculture
26210,alima,Winter 2022,W22,2022,B2B
26210,alima,Winter 2022,W22,2022,Logistics
25449,alixia,Winter 2022,W22,2022,Biotech
25449,alixia,Winter 2022,W22,2022,Therapeutics
25449,alixia,Winter 2022,W22,2022,Drug discovery
25449,alixia,Winter 2022,W22,2022,Oncology
25449,alixia,Winter 2022,W22,2022,Biotechnology
25931,amal-invest,Winter 2022,W22,2022,Fintech
25931,amal-invest,Winter 2022,W22,2022,Investing
25931,amal-invest,Winter 2022,W22,2022,Retail
25058,andi,Winter 2022,W22,2022,Artificial Intelligence
25058,andi,Winter 2022,W22,2022,Generative AI
25058,andi,Winter 2022,W22,2022,Consumer
25058,andi,Winter 2022,W22,2022,API
25058,andi,Winter 2022,W22,2022,Search
25865,andson-biotech,Winter 2022,W22,2022,Gene Therapy
25865,andson-biotech,Winter 2022,W22,2022,Hard Tech
25865,andson-biotech,Winter 2022,W22,2022,Biotech
25865,andson-biotech,Winter 2022,W22,2022,Healthcare
25865,andson-biotech,Winter 2022,W22,2022,Therapeutics
25655,anfin,Winter 2022,W22,2022,Fintech
25655,anfin,Winter 2022,W22,2022,Consumer
25655,anfin,Winter 2022,W22,2022,Investing
26021,anja-health,Winter 2022,W22,2022,Consumer Health Services
26021,anja-health,Winter 2022,W22,2022,Consumer
26021,anja-health,Winter 2022,W22,2022,Healthcare
25512,ankr-health,Winter 2022,W22,2022,Generative AI
25512,ankr-health,Winter 2022,W22,2022,Telehealth
25512,ankr-health,Winter 2022,W22,2022,B2B
25512,ankr-health,Winter 2022,W22,2022,Digital Health
25512,ankr-health,Winter 2022,W22,2022,Telemedicine
25757,antwalk,Winter 2022,W22,2022,Education
25757,antwalk,Winter 2022,W22,2022,eLearning
25757,antwalk,Winter 2022,W22,2022,Enterprise
25106,apollo-3,Winter 2022,W22,2022,DeFi
25106,apollo-3,Winter 2022,W22,2022,Fintech
25106,apollo-3,Winter 2022,W22,2022,Crypto / Web3
25118,arc-2,Winter 2022,W22,2022,Banking as a Service
25118,arc-2,Winter 2022,W22,2022,Fintech
25118,arc-2,Winter 2022,W22,2022,B2B
25118,arc-2,Winter 2022,W22,2022,Neobank
25725,argo,Winter 2022,W22,2022,Crypto / Web3
25725,argo,Winter 2022,W22,2022,Consumer
25725,argo,Winter 2022,W22,2022,Entertainment
25725,argo,Winter 2022,W22,2022,Social
25725,argo,Winter 2022,W22,2022,Infrastructure
25937,argument-computer-corporation,Winter 2022,W22,2022,Crypto / Web3
25937,argument-computer-corporation,Winter 2022,W22,2022,Security
25937,argument-computer-corporation,Winter 2022,W22,2022,Cryptography
25737,arintra,Winter 2022,W22,2022,SaaS
25737,arintra,Winter 2022,W22,2022,Health Tech
25737,arintra,Winter 2022,W22,2022,Digital Health
25737,arintra,Winter 2022,W22,2022,Healthcare
25737,arintra,Winter 2022,W22,2022,Enterprise Software
25585,armilla-ai,Winter 2022,W22,2022,Artificial Intelligence
25585,armilla-ai,Winter 2022,W22,2022,Generative AI
25585,armilla-ai,Winter 2022,W22,2022,Insurance
25981,arpari,Winter 2022,W22,2022,Fintech
25981,arpari,Winter 2022,W22,2022,SaaS
25981,arpari,Winter 2022,W22,2022,Real Estate
25981,arpari,Winter 2022,W22,2022,Payments
25981,arpari,Winter 2022,W22,2022,Neobank
25403,aspora,Winter 2022,W22,2022,Fintech
25262,astroforge,Winter 2022,W22,2022,Hard Tech
25262,astroforge,Winter 2022,W22,2022,Robotics
25262,astroforge,Winter 2022,W22,2022,Space Exploration
25262,astroforge,Winter 2022,W22,2022,Satellites
25480,atlas-2,Winter 2022,W22,2022,SaaS
25480,atlas-2,Winter 2022,W22,2022,B2B
25480,atlas-2,Winter 2022,W22,2022,Customer Success
25480,atlas-2,Winter 2022,W22,2022,Customer Service
25480,atlas-2,Winter 2022,W22,2022,Customer Support
25075,attack-capital,Winter 2022,W22,2022,AI
25928,attain,Winter 2022,W22,2022,Marketplace
25928,attain,Winter 2022,W22,2022,SaaS
25928,attain,Winter 2022,W22,2022,B2B
25928,attain,Winter 2022,W22,2022,Supply Chain
25928,attain,Winter 2022,W22,2022,Food Tech
25892,avairsense,Winter 2022,W22,2022,Artificial Intelligence
25892,avairsense,Winter 2022,W22,2022,Hardware
25892,avairsense,Winter 2022,W22,2022,Consumer
25892,avairsense,Winter 2022,W22,2022,Electronics
26004,avocademy,Winter 2022,W22,2022,Education
26004,avocademy,Winter 2022,W22,2022,Design
25607,axis,Winter 2022,W22,2022,Machine Learning
25607,axis,Winter 2022,W22,2022,B2B
25607,axis,Winter 2022,W22,2022,Subscriptions
25607,axis,Winter 2022,W22,2022,Regtech
25351,axross-pte-ltd,Winter 2022,W22,2022,B2B
25351,axross-pte-ltd,Winter 2022,W22,2022,Manufacturing
25351,axross-pte-ltd,Winter 2022,W22,2022,AI
26331,bby,Winter 2022,W22,2022,Health Tech
26331,bby,Winter 2022,W22,2022,Medical Devices
26331,bby,Winter 2022,W22,2022,Healthcare
25596,bakool,Winter 2022,W22,2022,Grocery
25596,bakool,Winter 2022,W22,2022,Consumer
25596,bakool,Winter 2022,W22,2022,Delivery
25596,bakool,Winter 2022,W22,2022,Logistics
25596,bakool,Winter 2022,W22,2022,E-commerce
25575,beam,Winter 2022,W22,2022,Artificial Intelligence
25575,beam,Winter 2022,W22,2022,Developer Tools
25575,beam,Winter 2022,W22,2022,Open Source
25575,beam,Winter 2022,W22,2022,Cloud Computing
25973,belozfi,Winter 2022,W22,2022,Fintech
25973,belozfi,Winter 2022,W22,2022,Lending
25973,belozfi,Winter 2022,W22,2022,Consumer Finance
25825,bemlo,Winter 2022,W22,2022,SaaS
25825,bemlo,Winter 2022,W22,2022,B2B
25825,bemlo,Winter 2022,W22,2022,Healthcare
25825,bemlo,Winter 2022,W22,2022,Enterprise Software
25825,bemlo,Winter 2022,W22,2022,AI
25728,benson,Winter 2022,W22,2022,Investing
25924,better-opinions,Winter 2022,W22,2022,Fintech
25924,better-opinions,Winter 2022,W22,2022,Consumer
25924,better-opinions,Winter 2022,W22,2022,B2B
25924,better-opinions,Winter 2022,W22,2022,Gaming
26134,beyond-aero,Winter 2022,W22,2022,Hydrogen Energy
26134,beyond-aero,Winter 2022,W22,2022,Airplanes
26134,beyond-aero,Winter 2022,W22,2022,Energy
26134,beyond-aero,Winter 2022,W22,2022,Electric Vehicles
26134,beyond-aero,Winter 2022,W22,2022,Aerospace
25615,bharatx,Winter 2022,W22,2022,Fintech
25615,bharatx,Winter 2022,W22,2022,Consumer
25569,bifrost,Winter 2022,W22,2022,Crypto / Web3
25569,bifrost,Winter 2022,W22,2022,Finance
25569,bifrost,Winter 2022,W22,2022,Cryptography
25354,blaze,Winter 2022,W22,2022,SaaS
25354,blaze,Winter 2022,W22,2022,B2B
25354,blaze,Winter 2022,W22,2022,Sales
25354,blaze,Winter 2022,W22,2022,Marketing
25989,blink-new,Winter 2022,W22,2022,SaaS
25989,blink-new,Winter 2022,W22,2022,B2B
25989,blink-new,Winter 2022,W22,2022,Chatbot
25989,blink-new,Winter 2022,W22,2022,No-code
25989,blink-new,Winter 2022,W22,2022,AI
25730,blitzllama,Winter 2022,W22,2022,SaaS
25291,boardcave,Winter 2022,W22,2022,Marketplace
25291,boardcave,Winter 2022,W22,2022,Media
25291,boardcave,Winter 2022,W22,2022,E-commerce
25491,bobidi,Winter 2022,W22,2022,Generative AI
25491,bobidi,Winter 2022,W22,2022,Machine Learning
25491,bobidi,Winter 2022,W22,2022,Human Resources
25491,bobidi,Winter 2022,W22,2022,AI
25777,botcity,Winter 2022,W22,2022,Developer Tools
25777,botcity,Winter 2022,W22,2022,Open Source
25777,botcity,Winter 2022,W22,2022,Infrastructure
25777,botcity,Winter 2022,W22,2022,AI
25678,botin,Winter 2022,W22,2022,Fintech
25678,botin,Winter 2022,W22,2022,Crypto / Web3
25685,boya,Winter 2022,W22,2022,FinOps
25685,boya,Winter 2022,W22,2022,Fintech
25685,boya,Winter 2022,W22,2022,Payments
25685,boya,Winter 2022,W22,2022,B2B
25685,boya,Winter 2022,W22,2022,Neobank
25905,bracket,Winter 2022,W22,2022,SaaS
25905,bracket,Winter 2022,W22,2022,B2B
25905,bracket,Winter 2022,W22,2022,Data Engineering
25871,brainboard,Winter 2022,W22,2022,Developer Tools
25871,brainboard,Winter 2022,W22,2022,DevOps
25871,brainboard,Winter 2022,W22,2022,Cloud Computing
25871,brainboard,Winter 2022,W22,2022,Infrastructure
25819,broccoli-ai,Winter 2022,W22,2022,Artificial Intelligence
25819,broccoli-ai,Winter 2022,W22,2022,Home Services
25819,broccoli-ai,Winter 2022,W22,2022,AI
25819,broccoli-ai,Winter 2022,W22,2022,AI Assistant
25349,brown-foods,Winter 2022,W22,2022,Cellular Agriculture
25349,brown-foods,Winter 2022,W22,2022,Biotech
25349,brown-foods,Winter 2022,W22,2022,Climate
25349,brown-foods,Winter 2022,W22,2022,Food Tech
25583,bunkyr,Winter 2022,W22,2022,Developer Tools
25583,bunkyr,Winter 2022,W22,2022,SaaS
25583,bunkyr,Winter 2022,W22,2022,Crypto / Web3
25583,bunkyr,Winter 2022,W22,2022,B2B
25583,bunkyr,Winter 2022,W22,2022,Security
25418,cutr,Winter 2022,W22,2022,Marketplace
25418,cutr,Winter 2022,W22,2022,Manufacturing
25306,capuchin,Winter 2022,W22,2022,Artificial Intelligence
25306,capuchin,Winter 2022,W22,2022,Manufacturing
25306,capuchin,Winter 2022,W22,2022,Defense
25306,capuchin,Winter 2022,W22,2022,Search
25782,carbon-crusher,Winter 2022,W22,2022,Carbon Capture and Removal
25782,carbon-crusher,Winter 2022,W22,2022,Construction
25782,carbon-crusher,Winter 2022,W22,2022,Climate
25593,cardda,Winter 2022,W22,2022,Fintech
25593,cardda,Winter 2022,W22,2022,SaaS
25593,cardda,Winter 2022,W22,2022,Payments
25593,cardda,Winter 2022,W22,2022,B2B
25593,cardda,Winter 2022,W22,2022,Neobank
25754,cash-flow-portal,Winter 2022,W22,2022,Marketplace
25754,cash-flow-portal,Winter 2022,W22,2022,SaaS
25754,cash-flow-portal,Winter 2022,W22,2022,Real Estate
25754,cash-flow-portal,Winter 2022,W22,2022,B2B
25754,cash-flow-portal,Winter 2022,W22,2022,Proptech
26043,cashmere,Winter 2022,W22,2022,DeFi
26043,cashmere,Winter 2022,W22,2022,Crypto / Web3
26043,cashmere,Winter 2022,W22,2022,DAO
25404,castia,Winter 2022,W22,2022,Fintech
25404,castia,Winter 2022,W22,2022,Consumer
25404,castia,Winter 2022,W22,2022,Proptech
25588,castled-io,Winter 2022,W22,2022,SaaS
26094,cellbyte,Winter 2022,W22,2022,Artificial Intelligence
26094,cellbyte,Winter 2022,W22,2022,Data Science
26094,cellbyte,Winter 2022,W22,2022,Healthcare IT
25537,cerebrium,Winter 2022,W22,2022,Machine Learning
25537,cerebrium,Winter 2022,W22,2022,Infrastructure
25537,cerebrium,Winter 2022,W22,2022,AI
25337,cherry-recommends,Winter 2022,W22,2022,Machine Learning
25337,cherry-recommends,Winter 2022,W22,2022,SaaS
25337,cherry-recommends,Winter 2022,W22,2022,E-commerce
26121,cinapse,Winter 2022,W22,2022,SaaS
26121,cinapse,Winter 2022,W22,2022,B2B
26121,cinapse,Winter 2022,W22,2022,Entertainment
26121,cinapse,Winter 2022,W22,2022,Productivity
26121,cinapse,Winter 2022,W22,2022,Enterprise
25763,cinder-2,Winter 2022,W22,2022,SaaS
25763,cinder-2,Winter 2022,W22,2022,B2B
25763,cinder-2,Winter 2022,W22,2022,Compliance
25763,cinder-2,Winter 2022,W22,2022,Trust & Safety
25763,cinder-2,Winter 2022,W22,2022,AI
26054,circular,Winter 2022,W22,2022,Fintech
26054,circular,Winter 2022,W22,2022,Marketplace
26054,circular,Winter 2022,W22,2022,Consumer
26054,circular,Winter 2022,W22,2022,E-commerce
25960,clupp,Winter 2022,W22,2022,Insurance
25999,codec,Winter 2022,W22,2022,Video
25999,codec,Winter 2022,W22,2022,AI
26147,cofactr,Winter 2022,W22,2022,Hardware
26147,cofactr,Winter 2022,W22,2022,B2B
26147,cofactr,Winter 2022,W22,2022,Logistics
26147,cofactr,Winter 2022,W22,2022,Supply Chain
25343,coffeeai,Winter 2022,W22,2022,Artificial Intelligence
25343,coffeeai,Winter 2022,W22,2022,SaaS
25343,coffeeai,Winter 2022,W22,2022,B2B
25343,coffeeai,Winter 2022,W22,2022,Sales
25343,coffeeai,Winter 2022,W22,2022,Sales Enablement
25672,cogram,Winter 2022,W22,2022,Artificial Intelligence
25672,cogram,Winter 2022,W22,2022,B2B
25657,complete,Winter 2022,W22,2022,SaaS
25657,complete,Winter 2022,W22,2022,B2B
25657,complete,Winter 2022,W22,2022,HR Tech
25526,complif,Winter 2022,W22,2022,Fintech
25526,complif,Winter 2022,W22,2022,SaaS
25526,complif,Winter 2022,W22,2022,B2B
25526,complif,Winter 2022,W22,2022,Compliance
25526,complif,Winter 2022,W22,2022,Regtech
25160,compra-rapida,Winter 2022,W22,2022,Fintech
25160,compra-rapida,Winter 2022,W22,2022,B2B
25160,compra-rapida,Winter 2022,W22,2022,E-commerce
25720,convoy-2,Winter 2022,W22,2022,Developer Tools
25720,convoy-2,Winter 2022,W22,2022,B2B
25720,convoy-2,Winter 2022,W22,2022,Open Source
25450,corveus-medical,Winter 2022,W22,2022,Medical Devices
25680,cotera,Winter 2022,W22,2022,Artificial Intelligence
25680,cotera,Winter 2022,W22,2022,Analytics
25680,cotera,Winter 2022,W22,2022,Marketing
25787,courtyard-io,Winter 2022,W22,2022,Marketplace
25787,courtyard-io,Winter 2022,W22,2022,Consumer
25787,courtyard-io,Winter 2022,W22,2022,E-commerce
25338,cozmo-ai,Winter 2022,W22,2022,Artificial Intelligence
25338,cozmo-ai,Winter 2022,W22,2022,Insurance
25338,cozmo-ai,Winter 2022,W22,2022,Enterprise
25338,cozmo-ai,Winter 2022,W22,2022,Conversational AI
25332,craniometrix,Winter 2022,W22,2022,Neurotechnology
25332,craniometrix,Winter 2022,W22,2022,Health Tech
25332,craniometrix,Winter 2022,W22,2022,Digital Health
26277,credibook,Winter 2022,W22,2022,B2B
26277,credibook,Winter 2022,W22,2022,E-commerce
25559,creizer,Winter 2022,W22,2022,Fintech
25559,creizer,Winter 2022,W22,2022,E-commerce
25529,roomplays,Winter 2022,W22,2022,B2B
25529,roomplays,Winter 2022,W22,2022,Sales
25529,roomplays,Winter 2022,W22,2022,Sales Enablement
25529,roomplays,Winter 2022,W22,2022,AI
25529,roomplays,Winter 2022,W22,2022,AI Assistant
25684,curacel,Winter 2022,W22,2022,SaaS
25684,curacel,Winter 2022,W22,2022,B2B
25684,curacel,Winter 2022,W22,2022,Insurance
25684,curacel,Winter 2022,W22,2022,Healthcare IT
25684,curacel,Winter 2022,W22,2022,AI
25911,cypher,Winter 2022,W22,2022,DeFi
25911,cypher,Winter 2022,W22,2022,Crypto / Web3
25911,cypher,Winter 2022,W22,2022,Payments
26035,darsel,Winter 2022,W22,2022,AI-Enhanced Learning
26035,darsel,Winter 2022,W22,2022,Education
26035,darsel,Winter 2022,W22,2022,eLearning
26035,darsel,Winter 2022,W22,2022,Nonprofit
25587,dart,Winter 2022,W22,2022,Artificial Intelligence
25587,dart,Winter 2022,W22,2022,Generative AI
25587,dart,Winter 2022,W22,2022,B2B
25587,dart,Winter 2022,W22,2022,Productivity
25587,dart,Winter 2022,W22,2022,AI
26073,dealls-jobs-and-mentoring,Winter 2022,W22,2022,SaaS
26073,dealls-jobs-and-mentoring,Winter 2022,W22,2022,B2B
26073,dealls-jobs-and-mentoring,Winter 2022,W22,2022,Recruiting
26073,dealls-jobs-and-mentoring,Winter 2022,W22,2022,HR Tech
25950,decent,Winter 2022,W22,2022,Developer Tools
25950,decent,Winter 2022,W22,2022,Crypto / Web3
25950,decent,Winter 2022,W22,2022,B2B
25950,decent,Winter 2022,W22,2022,Cryptocurrency
25731,demo-gorilla,Winter 2022,W22,2022,SaaS
25731,demo-gorilla,Winter 2022,W22,2022,Sales
25788,dimorder,Winter 2022,W22,2022,Fintech
25788,dimorder,Winter 2022,W22,2022,SaaS
25788,dimorder,Winter 2022,W22,2022,B2B
25788,dimorder,Winter 2022,W22,2022,Supply Chain
25486,dioptra,Winter 2022,W22,2022,Generative AI
25486,dioptra,Winter 2022,W22,2022,Legal
25486,dioptra,Winter 2022,W22,2022,LegalTech
25716,dojah-inc,Winter 2022,W22,2022,SaaS
25716,dojah-inc,Winter 2022,W22,2022,B2B
25716,dojah-inc,Winter 2022,W22,2022,Identity
25716,dojah-inc,Winter 2022,W22,2022,API
25576,drivingforce,Winter 2022,W22,2022,Fintech
25576,drivingforce,Winter 2022,W22,2022,SaaS
25576,drivingforce,Winter 2022,W22,2022,Logistics
25576,drivingforce,Winter 2022,W22,2022,HR Tech
25746,durioo,Winter 2022,W22,2022,Entertainment
25746,durioo,Winter 2022,W22,2022,Subscriptions
25398,dynamo-ai,Winter 2022,W22,2022,Machine Learning
25398,dynamo-ai,Winter 2022,W22,2022,Privacy
25398,dynamo-ai,Winter 2022,W22,2022,Data Engineering
25670,eazipay-inc,Winter 2022,W22,2022,Fintech
25670,eazipay-inc,Winter 2022,W22,2022,Payments
25670,eazipay-inc,Winter 2022,W22,2022,Payroll
25542,elementary,Winter 2022,W22,2022,Developer Tools
25542,elementary,Winter 2022,W22,2022,Analytics
25542,elementary,Winter 2022,W22,2022,Open Source
25542,elementary,Winter 2022,W22,2022,Data Engineering
25120,elevate,Winter 2022,W22,2022,Fintech
25120,elevate,Winter 2022,W22,2022,Payments
25120,elevate,Winter 2022,W22,2022,Consumer
25120,elevate,Winter 2022,W22,2022,Neobank
25711,elphinstone-inc,Winter 2022,W22,2022,Fintech
25711,elphinstone-inc,Winter 2022,W22,2022,SaaS
25516,emigre,Winter 2022,W22,2022,Fintech
25516,emigre,Winter 2022,W22,2022,Consumer
25516,emigre,Winter 2022,W22,2022,Neobank
25590,emobi,Winter 2022,W22,2022,Artificial Intelligence
25590,emobi,Winter 2022,W22,2022,API
25590,emobi,Winter 2022,W22,2022,Energy
25590,emobi,Winter 2022,W22,2022,Electric Vehicles
25590,emobi,Winter 2022,W22,2022,ML
25331,engage-bio,Winter 2022,W22,2022,Synthetic Biology
25331,engage-bio,Winter 2022,W22,2022,Biotech
25331,engage-bio,Winter 2022,W22,2022,Healthcare
25331,engage-bio,Winter 2022,W22,2022,Therapeutics
25331,engage-bio,Winter 2022,W22,2022,Drug discovery
25673,enlightra,Winter 2022,W22,2022,Hard Tech
25673,enlightra,Winter 2022,W22,2022,Hardware
26254,eventual,Winter 2022,W22,2022,Computer Vision
25820,fello,Winter 2022,W22,2022,Fintech
25820,fello,Winter 2022,W22,2022,Consumer
25820,fello,Winter 2022,W22,2022,Gaming
25519,fieldproxy,Winter 2022,W22,2022,SaaS
25519,fieldproxy,Winter 2022,W22,2022,Productivity
25683,finflx,Winter 2022,W22,2022,Fintech
25683,finflx,Winter 2022,W22,2022,SaaS
25683,finflx,Winter 2022,W22,2022,B2B
26016,finku,Winter 2022,W22,2022,Fintech
26016,finku,Winter 2022,W22,2022,AI Assistant
26242,finnix,Winter 2022,W22,2022,Fintech
26242,finnix,Winter 2022,W22,2022,Entertainment
26242,finnix,Winter 2022,W22,2022,Music
26242,finnix,Winter 2022,W22,2022,Creator Economy
25712,finnt,Winter 2022,W22,2022,Finance
25712,finnt,Winter 2022,W22,2022,B2B
25712,finnt,Winter 2022,W22,2022,Workflow Automation
25712,finnt,Winter 2022,W22,2022,Enterprise Software
25712,finnt,Winter 2022,W22,2022,AI
25532,fintelite,Winter 2022,W22,2022,Artificial Intelligence
25532,fintelite,Winter 2022,W22,2022,Fintech
25532,fintelite,Winter 2022,W22,2022,Machine Learning
25532,fintelite,Winter 2022,W22,2022,Lending
25552,firezone,Winter 2022,W22,2022,DevSecOps
25552,firezone,Winter 2022,W22,2022,Next-gen Network Security
25552,firezone,Winter 2022,W22,2022,B2B
25552,firezone,Winter 2022,W22,2022,Security
25552,firezone,Winter 2022,W22,2022,Open Source
25608,flagright,Winter 2022,W22,2022,Fintech
25608,flagright,Winter 2022,W22,2022,B2B
25608,flagright,Winter 2022,W22,2022,Compliance
25608,flagright,Winter 2022,W22,2022,Regtech
25608,flagright,Winter 2022,W22,2022,AI
25978,fleek,Winter 2022,W22,2022,Marketplace
25978,fleek,Winter 2022,W22,2022,B2B
25978,fleek,Winter 2022,W22,2022,E-commerce
25361,fleetzero,Winter 2022,W22,2022,Climate
26238,flike,Winter 2022,W22,2022,Artificial Intelligence
26238,flike,Winter 2022,W22,2022,Machine Learning
25974,float-health,Winter 2022,W22,2022,Health Tech
25334,flowdeploy,Winter 2022,W22,2022,Developer Tools
25334,flowdeploy,Winter 2022,W22,2022,Drug discovery
25334,flowdeploy,Winter 2022,W22,2022,Data Engineering
26267,fresh-factory,Winter 2022,W22,2022,Warehouse Management Tech
26267,fresh-factory,Winter 2022,W22,2022,B2B
26267,fresh-factory,Winter 2022,W22,2022,Logistics
25722,fuell,Winter 2022,W22,2022,Fintech
26051,gimo,Winter 2022,W22,2022,Fintech
26051,gimo,Winter 2022,W22,2022,Payments
25613,gauss,Winter 2022,W22,2022,Fintech
25613,gauss,Winter 2022,W22,2022,Consumer
25717,glep,Winter 2022,W22,2022,Fintech
25717,glep,Winter 2022,W22,2022,Enterprise Software
25717,glep,Winter 2022,W22,2022,Neobank
25976,gojom,Winter 2022,W22,2022,Fintech
25976,gojom,Winter 2022,W22,2022,Machine Learning
25976,gojom,Winter 2022,W22,2022,Proptech
26108,gosats,Winter 2022,W22,2022,E-commerce
26108,gosats,Winter 2022,W22,2022,India
26125,govdash,Winter 2022,W22,2022,Artificial Intelligence
26125,govdash,Winter 2022,W22,2022,Generative AI
26125,govdash,Winter 2022,W22,2022,GovTech
25713,grey,Winter 2022,W22,2022,Fintech
25713,grey,Winter 2022,W22,2022,Consumer
25713,grey,Winter 2022,W22,2022,B2B
25713,grey,Winter 2022,W22,2022,Neobank
25174,growthbook,Winter 2022,W22,2022,Developer Tools
25174,growthbook,Winter 2022,W22,2022,B2B
25174,growthbook,Winter 2022,W22,2022,Analytics
25174,growthbook,Winter 2022,W22,2022,Open Source
25363,gym-class,Winter 2022,W22,2022,Virtual Reality
25363,gym-class,Winter 2022,W22,2022,Consumer
25363,gym-class,Winter 2022,W22,2022,Gaming
25363,gym-class,Winter 2022,W22,2022,Social
25363,gym-class,Winter 2022,W22,2022,AI
25923,hoai,Winter 2022,W22,2022,Artificial Intelligence
25923,hoai,Winter 2022,W22,2022,SaaS
25923,hoai,Winter 2022,W22,2022,Real Estate
25923,hoai,Winter 2022,W22,2022,Community
25923,hoai,Winter 2022,W22,2022,AI
25606,hokali,Winter 2022,W22,2022,Marketplace
25606,hokali,Winter 2022,W22,2022,Edtech
25521,happl,Winter 2022,W22,2022,SaaS
25521,happl,Winter 2022,W22,2022,HR Tech
25521,happl,Winter 2022,W22,2022,Insurance
26033,heptabase,Winter 2022,W22,2022,Artificial Intelligence
26033,heptabase,Winter 2022,W22,2022,SaaS
26033,heptabase,Winter 2022,W22,2022,Consumer
26033,heptabase,Winter 2022,W22,2022,Productivity
26033,heptabase,Winter 2022,W22,2022,Note-taking
25445,heyfood,Winter 2022,W22,2022,Marketplace
25445,heyfood,Winter 2022,W22,2022,SaaS
25445,heyfood,Winter 2022,W22,2022,Consumer
26190,hippobuild,Winter 2022,W22,2022,SaaS
26190,hippobuild,Winter 2022,W22,2022,Construction
25396,homeroom,Winter 2022,W22,2022,Machine Learning
25396,homeroom,Winter 2022,W22,2022,Real Estate
25396,homeroom,Winter 2022,W22,2022,Proptech
25396,homeroom,Winter 2022,W22,2022,NLP
25396,homeroom,Winter 2022,W22,2022,Data Engineering
25983,housewarming,Winter 2022,W22,2022,Artificial Intelligence
25983,housewarming,Winter 2022,W22,2022,Consumer
25983,housewarming,Winter 2022,W22,2022,Entertainment
25983,housewarming,Winter 2022,W22,2022,Social
25983,housewarming,Winter 2022,W22,2022,AI
25313,hubble-network,Winter 2022,W22,2022,Developer Tools
25313,hubble-network,Winter 2022,W22,2022,Hard Tech
25313,hubble-network,Winter 2022,W22,2022,Hardware
25313,hubble-network,Winter 2022,W22,2022,IoT
25313,hubble-network,Winter 2022,W22,2022,Satellites
25991,humand,Winter 2022,W22,2022,Artificial Intelligence
25991,humand,Winter 2022,W22,2022,Generative AI
25991,humand,Winter 2022,W22,2022,SaaS
25991,humand,Winter 2022,W22,2022,B2B
25991,humand,Winter 2022,W22,2022,Productivity
25738,hydra,Winter 2022,W22,2022,Developer Tools
25738,hydra,Winter 2022,W22,2022,Analytics
25738,hydra,Winter 2022,W22,2022,Open Source
25738,hydra,Winter 2022,W22,2022,Data Engineering
25448,hypahub,Winter 2022,W22,2022,Machine Learning
25448,hypahub,Winter 2022,W22,2022,Biotech
25448,hypahub,Winter 2022,W22,2022,Analytics
25509,hyperbeam,Winter 2022,W22,2022,Developer Tools
25509,hyperbeam,Winter 2022,W22,2022,eLearning
25509,hyperbeam,Winter 2022,W22,2022,Virtual Reality
25509,hyperbeam,Winter 2022,W22,2022,API
25509,hyperbeam,Winter 2022,W22,2022,Remote Work
25654,imt-care,Winter 2022,W22,2022,Healthcare
25654,imt-care,Winter 2022,W22,2022,Insurance
25654,imt-care,Winter 2022,W22,2022,India
25634,iomete,Winter 2022,W22,2022,Analytics
26072,impossible-metals,Winter 2022,W22,2022,Artificial Intelligence
26072,impossible-metals,Winter 2022,W22,2022,Hard Tech
26072,impossible-metals,Winter 2022,W22,2022,Robotics
26072,impossible-metals,Winter 2022,W22,2022,Mining
26072,impossible-metals,Winter 2022,W22,2022,ClimateTech
25400,industrial-next,Winter 2022,W22,2022,Artificial Intelligence
25400,industrial-next,Winter 2022,W22,2022,Hard Tech
25400,industrial-next,Winter 2022,W22,2022,Robotics
25400,industrial-next,Winter 2022,W22,2022,Manufacturing
25394,inferedge,Winter 2022,W22,2022,Artificial Intelligence
25394,inferedge,Winter 2022,W22,2022,Fintech
25394,inferedge,Winter 2022,W22,2022,B2B
25394,inferedge,Winter 2022,W22,2022,Enterprise Software
25394,inferedge,Winter 2022,W22,2022,Investments
24078,instalab,Winter 2022,W22,2022,Consumer Health Services
24078,instalab,Winter 2022,W22,2022,Health Tech
24078,instalab,Winter 2022,W22,2022,Telemedicine
24078,instalab,Winter 2022,W22,2022,Health & Wellness
24078,instalab,Winter 2022,W22,2022,AI
25451,instant-labs,Winter 2022,W22,2022,SaaS
25451,instant-labs,Winter 2022,W22,2022,B2B
25451,instant-labs,Winter 2022,W22,2022,Marketing
25399,invert,Winter 2022,W22,2022,Cellular Agriculture
25399,invert,Winter 2022,W22,2022,Machine Learning
25399,invert,Winter 2022,W22,2022,Synthetic Biology
25399,invert,Winter 2022,W22,2022,Biotech
25914,iotflows-inc,Winter 2022,W22,2022,Artificial Intelligence
25914,iotflows-inc,Winter 2022,W22,2022,Hardware
25914,iotflows-inc,Winter 2022,W22,2022,SaaS
25914,iotflows-inc,Winter 2022,W22,2022,IoT
25914,iotflows-inc,Winter 2022,W22,2022,Manufacturing
25511,iron-leap,Winter 2022,W22,2022,Artificial Intelligence
25949,jamsocket,Winter 2022,W22,2022,Cloud Computing
25823,joe,Winter 2022,W22,2022,Fintech
25823,joe,Winter 2022,W22,2022,Consumer
25907,joon-health,Winter 2022,W22,2022,Mental Health Tech
25907,joon-health,Winter 2022,W22,2022,Consumer Health Services
25907,joon-health,Winter 2022,W22,2022,Consumer
25433,jumpwire,Winter 2022,W22,2022,Security
25433,jumpwire,Winter 2022,W22,2022,Data Labeling
25433,jumpwire,Winter 2022,W22,2022,Databases
26264,jutsoo,Winter 2022,W22,2022,FinOps
26264,jutsoo,Winter 2022,W22,2022,Fintech
26264,jutsoo,Winter 2022,W22,2022,SaaS
26264,jutsoo,Winter 2022,W22,2022,B2B
26264,jutsoo,Winter 2022,W22,2022,Enterprise Software
25689,kaagaz,Winter 2022,W22,2022,SaaS
25689,kaagaz,Winter 2022,W22,2022,India
25644,kable,Winter 2022,W22,2022,Developer Tools
25644,kable,Winter 2022,W22,2022,API
25644,kable,Winter 2022,W22,2022,Billing
25304,kapital-bank,Winter 2022,W22,2022,Fintech
25304,kapital-bank,Winter 2022,W22,2022,SaaS
25304,kapital-bank,Winter 2022,W22,2022,Payments
25304,kapital-bank,Winter 2022,W22,2022,B2B
25304,kapital-bank,Winter 2022,W22,2022,Neobank
26205,karate-labs,Winter 2022,W22,2022,Developer Tools
26205,karate-labs,Winter 2022,W22,2022,SaaS
26205,karate-labs,Winter 2022,W22,2022,API
25419,kaso,Winter 2022,W22,2022,Artificial Intelligence
25419,kaso,Winter 2022,W22,2022,Marketplace
25419,kaso,Winter 2022,W22,2022,Supply Chain
25419,kaso,Winter 2022,W22,2022,Food Tech
25419,kaso,Winter 2022,W22,2022,AI
26034,kenobi,Winter 2022,W22,2022,SaaS
26034,kenobi,Winter 2022,W22,2022,B2B
26034,kenobi,Winter 2022,W22,2022,Sales
26034,kenobi,Winter 2022,W22,2022,Sales Enablement
26034,kenobi,Winter 2022,W22,2022,AI
25417,koala,Winter 2022,W22,2022,Education
25417,koala,Winter 2022,W22,2022,Marketplace
25417,koala,Winter 2022,W22,2022,Gaming
25417,koala,Winter 2022,W22,2022,Metaverse
26138,korrai,Winter 2022,W22,2022,Artificial Intelligence
26138,korrai,Winter 2022,W22,2022,Construction
26138,korrai,Winter 2022,W22,2022,Insurance
26138,korrai,Winter 2022,W22,2022,Mining
25835,kular,Winter 2022,W22,2022,SaaS
25835,kular,Winter 2022,W22,2022,B2B
25835,kular,Winter 2022,W22,2022,Marketing
25835,kular,Winter 2022,W22,2022,Advertising
25561,lancedb,Winter 2022,W22,2022,AIOps
25561,lancedb,Winter 2022,W22,2022,Machine Learning
25561,lancedb,Winter 2022,W22,2022,Open Source
25561,lancedb,Winter 2022,W22,2022,Data Engineering
25528,lenk,Winter 2022,W22,2022,Fintech
25528,lenk,Winter 2022,W22,2022,B2B
25538,lexter-ai,Winter 2022,W22,2022,Machine Learning
25538,lexter-ai,Winter 2022,W22,2022,LegalTech
25287,lifeat,Winter 2022,W22,2022,Consumer
25287,lifeat,Winter 2022,W22,2022,Productivity
25817,lifecast,Winter 2022,W22,2022,Machine Learning
25817,lifecast,Winter 2022,W22,2022,Robotics
25817,lifecast,Winter 2022,W22,2022,Virtual Reality
25557,lightmeter,Winter 2022,W22,2022,Delivery
25557,lightmeter,Winter 2022,W22,2022,Sales
25557,lightmeter,Winter 2022,W22,2022,Email
25692,livedocs,Winter 2022,W22,2022,SaaS
25692,livedocs,Winter 2022,W22,2022,Productivity
25692,livedocs,Winter 2022,W22,2022,Analytics
26294,lizza,Winter 2022,W22,2022,Marketplace
26294,lizza,Winter 2022,W22,2022,SaaS
26294,lizza,Winter 2022,W22,2022,E-commerce
25340,loops,Winter 2022,W22,2022,Email
25724,lovage,Winter 2022,W22,2022,SaaS
25724,lovage,Winter 2022,W22,2022,B2B
25724,lovage,Winter 2022,W22,2022,Marketing
25724,lovage,Winter 2022,W22,2022,SMB
25724,lovage,Winter 2022,W22,2022,AI
25311,lumina,Winter 2022,W22,2022,AIOps
25311,lumina,Winter 2022,W22,2022,Marketplace
25311,lumina,Winter 2022,W22,2022,SaaS
25311,lumina,Winter 2022,W22,2022,Community
25311,lumina,Winter 2022,W22,2022,Automation
25682,lunajoy-health,Winter 2022,W22,2022,Mental Health Tech
25682,lunajoy-health,Winter 2022,W22,2022,Digital Health
25682,lunajoy-health,Winter 2022,W22,2022,Femtech
25620,magna,Winter 2022,W22,2022,DeFi
25620,magna,Winter 2022,W22,2022,DAO
26003,mahaana-wealth,Winter 2022,W22,2022,Fintech
25996,marathon-education,Winter 2022,W22,2022,Education
25671,markaz-technologies,Winter 2022,W22,2022,Marketplace
25671,markaz-technologies,Winter 2022,W22,2022,E-commerce
26303,massdriver,Winter 2022,W22,2022,Developer Tools
26303,massdriver,Winter 2022,W22,2022,DevSecOps
26303,massdriver,Winter 2022,W22,2022,Kubernetes
25810,material-depot,Winter 2022,W22,2022,Marketplace
25810,material-depot,Winter 2022,W22,2022,Construction
25810,material-depot,Winter 2022,W22,2022,Proptech
25152,mederva,Winter 2022,W22,2022,Consumer Health Services
25152,mederva,Winter 2022,W22,2022,Telehealth
25152,mederva,Winter 2022,W22,2022,Digital Health
25152,mederva,Winter 2022,W22,2022,Healthcare
25473,miggos,Winter 2022,W22,2022,Fintech
25473,miggos,Winter 2022,W22,2022,Marketplace
25473,miggos,Winter 2022,W22,2022,B2B
26307,tradex,Winter 2022,W22,2022,Consumer
26307,tradex,Winter 2022,W22,2022,Gaming
26307,tradex,Winter 2022,W22,2022,Social
26307,tradex,Winter 2022,W22,2022,Marketing
25643,mintlify,Winter 2022,W22,2022,Developer Tools
25328,momento,Winter 2022,W22,2022,Fintech
25328,momento,Winter 2022,W22,2022,Machine Learning
25328,momento,Winter 2022,W22,2022,Consumer
25328,momento,Winter 2022,W22,2022,Insurance
26290,mono-2,Winter 2022,W22,2022,Fintech
26290,mono-2,Winter 2022,W22,2022,Payments
26290,mono-2,Winter 2022,W22,2022,Neobank
25279,moots,Winter 2022,W22,2022,Artificial Intelligence
25279,moots,Winter 2022,W22,2022,Collaboration
25558,mosaicvoice,Winter 2022,W22,2022,Artificial Intelligence
25558,mosaicvoice,Winter 2022,W22,2022,Call Center
25527,munily,Winter 2022,W22,2022,Proptech
25518,mysivi,Winter 2022,W22,2022,AI-Enhanced Learning
25518,mysivi,Winter 2022,W22,2022,Education
25518,mysivi,Winter 2022,W22,2022,eLearning
25518,mysivi,Winter 2022,W22,2022,Consumer
25447,myria,Winter 2022,W22,2022,Marketplace
25447,myria,Winter 2022,W22,2022,Consumer
25447,myria,Winter 2022,W22,2022,Community
26278,nftscoring,Winter 2022,W22,2022,Trading
26278,nftscoring,Winter 2022,W22,2022,NFT
26278,nftscoring,Winter 2022,W22,2022,Cryptocurrency
26052,nara,Winter 2022,W22,2022,Artificial Intelligence
26052,nara,Winter 2022,W22,2022,Sales
26052,nara,Winter 2022,W22,2022,Customer Service
26052,nara,Winter 2022,W22,2022,Customer Support
26052,nara,Winter 2022,W22,2022,AI Assistant
25758,nash-2,Winter 2022,W22,2022,Banking as a Service
25758,nash-2,Winter 2022,W22,2022,FinOps
25758,nash-2,Winter 2022,W22,2022,Fintech
25758,nash-2,Winter 2022,W22,2022,B2B
25650,nearwave,Winter 2022,W22,2022,Artificial Intelligence
25650,nearwave,Winter 2022,W22,2022,Hard Tech
25650,nearwave,Winter 2022,W22,2022,Hardware
25650,nearwave,Winter 2022,W22,2022,SaaS
25650,nearwave,Winter 2022,W22,2022,Medical Devices
25350,nest-genomics,Winter 2022,W22,2022,SaaS
25350,nest-genomics,Winter 2022,W22,2022,Health Tech
25350,nest-genomics,Winter 2022,W22,2022,Digital Health
25350,nest-genomics,Winter 2022,W22,2022,Genomics
25350,nest-genomics,Winter 2022,W22,2022,Primary Care
26049,netmaker,Winter 2022,W22,2022,DevSecOps
26049,netmaker,Winter 2022,W22,2022,Next-gen Network Security
26049,netmaker,Winter 2022,W22,2022,Open Source
26049,netmaker,Winter 2022,W22,2022,Kubernetes
24352,nira-energy,Winter 2022,W22,2022,Solar Power
24352,nira-energy,Winter 2022,W22,2022,Climate
24352,nira-energy,Winter 2022,W22,2022,Energy
24352,nira-energy,Winter 2022,W22,2022,Renewable Energy
24352,nira-energy,Winter 2022,W22,2022,ClimateTech
25921,nophin,Winter 2022,W22,2022,Generative AI
25921,nophin,Winter 2022,W22,2022,SaaS
25921,nophin,Winter 2022,W22,2022,Real Estate
25921,nophin,Winter 2022,W22,2022,Proptech
25921,nophin,Winter 2022,W22,2022,AI Assistant
25086,northwind,Winter 2022,W22,2022,Consumer Health Services
25086,northwind,Winter 2022,W22,2022,Health Tech
25086,northwind,Winter 2022,W22,2022,Digital Health
25086,northwind,Winter 2022,W22,2022,Healthcare
25086,northwind,Winter 2022,W22,2022,Telemedicine
25779,nullstone,Winter 2022,W22,2022,Developer Tools
25779,nullstone,Winter 2022,W22,2022,SaaS
25779,nullstone,Winter 2022,W22,2022,B2B
25876,numida,Winter 2022,W22,2022,Fintech
25876,numida,Winter 2022,W22,2022,Microinsurance
25358,nyckel,Winter 2022,W22,2022,Machine Learning
25358,nyckel,Winter 2022,W22,2022,API
25358,nyckel,Winter 2022,W22,2022,AI
26118,offbeast,Winter 2022,W22,2022,Clean Meat
26118,offbeast,Winter 2022,W22,2022,Cultured Meat
26118,offbeast,Winter 2022,W22,2022,Climate
26118,offbeast,Winter 2022,W22,2022,Food Tech
25592,ole,Winter 2022,W22,2022,Delivery
25592,ole,Winter 2022,W22,2022,E-Commerce
25592,ole,Winter 2022,W22,2022,Fashion
26050,olympian-motors,Winter 2022,W22,2022,Consumer
26050,olympian-motors,Winter 2022,W22,2022,Manufacturing
26050,olympian-motors,Winter 2022,W22,2022,Climate
26050,olympian-motors,Winter 2022,W22,2022,Transportation
26050,olympian-motors,Winter 2022,W22,2022,Electric Vehicles
25571,azuki,Winter 2022,W22,2022,Entertainment
25571,azuki,Winter 2022,W22,2022,Subscriptions
26266,onboard-io,Winter 2022,W22,2022,SaaS
26266,onboard-io,Winter 2022,W22,2022,B2B
26266,onboard-io,Winter 2022,W22,2022,Productivity
26266,onboard-io,Winter 2022,W22,2022,Customer Success
26266,onboard-io,Winter 2022,W22,2022,Collaboration
25401,onyx-private,Winter 2022,W22,2022,Fintech
25061,optery,Winter 2022,W22,2022,SaaS
25061,optery,Winter 2022,W22,2022,Consumer
25061,optery,Winter 2022,W22,2022,Security
25061,optery,Winter 2022,W22,2022,Privacy
25061,optery,Winter 2022,W22,2022,Enterprise Software
25475,orca,Winter 2022,W22,2022,Fintech
25475,orca,Winter 2022,W22,2022,Neobank
26122,origami-therapeutics-inc,Winter 2022,W22,2022,Biotech
26122,origami-therapeutics-inc,Winter 2022,W22,2022,Therapeutics
26122,origami-therapeutics-inc,Winter 2022,W22,2022,Drug discovery
25539,oto,Winter 2022,W22,2022,Consumer Health Services
25539,oto,Winter 2022,W22,2022,Health Tech
25539,oto,Winter 2022,W22,2022,Digital Health
25472,ozone,Winter 2022,W22,2022,Productivity
25472,ozone,Winter 2022,W22,2022,Collaboration
25472,ozone,Winter 2022,W22,2022,Design Tools
25891,pina,Winter 2022,W22,2022,Fintech
25891,pina,Winter 2022,W22,2022,Machine Learning
25589,palitronica-inc,Winter 2022,W22,2022,Hard Tech
25589,palitronica-inc,Winter 2022,W22,2022,Hardware
25589,palitronica-inc,Winter 2022,W22,2022,Security
26183,pantore-pay,Winter 2022,W22,2022,Fintech
26183,pantore-pay,Winter 2022,W22,2022,Lending
25776,partna,Winter 2022,W22,2022,Fintech
25776,partna,Winter 2022,W22,2022,Payments
25776,partna,Winter 2022,W22,2022,Remittances
25660,paycaddy,Winter 2022,W22,2022,Banking as a Service
25660,paycaddy,Winter 2022,W22,2022,Fintech
25660,paycaddy,Winter 2022,W22,2022,B2B
25694,paycrunch,Winter 2022,W22,2022,Fintech
25694,paycrunch,Winter 2022,W22,2022,Payments
25694,paycrunch,Winter 2022,W22,2022,India
25357,peakpath,Winter 2022,W22,2022,Mental Health Tech
25357,peakpath,Winter 2022,W22,2022,Biometrics
25317,peakflo,Winter 2022,W22,2022,Fintech
25317,peakflo,Winter 2022,W22,2022,SaaS
25317,peakflo,Winter 2022,W22,2022,B2B
25278,pelm,Winter 2022,W22,2022,Climate
25278,pelm,Winter 2022,W22,2022,API
25278,pelm,Winter 2022,W22,2022,Energy
25347,perl-street,Winter 2022,W22,2022,Climate
25647,permitflow,Winter 2022,W22,2022,GovTech
25647,permitflow,Winter 2022,W22,2022,Construction
25647,permitflow,Winter 2022,W22,2022,Proptech
25647,permitflow,Winter 2022,W22,2022,AI
25553,phase-biolabs,Winter 2022,W22,2022,Climate
26243,phoenix-hydrogen,Winter 2022,W22,2022,Energy Storage
26243,phoenix-hydrogen,Winter 2022,W22,2022,Hydrogen Energy
26243,phoenix-hydrogen,Winter 2022,W22,2022,Marketplace
26243,phoenix-hydrogen,Winter 2022,W22,2022,Climate
26243,phoenix-hydrogen,Winter 2022,W22,2022,ClimateTech
26042,pigeon-2,Winter 2022,W22,2022,Fintech
26042,pigeon-2,Winter 2022,W22,2022,Consumer
26042,pigeon-2,Winter 2022,W22,2022,LegalTech
26137,pina-earth,Winter 2022,W22,2022,Climate
26137,pina-earth,Winter 2022,W22,2022,ClimateTech
25975,ploomber,Winter 2022,W22,2022,Developer Tools
25975,ploomber,Winter 2022,W22,2022,Machine Learning
25975,ploomber,Winter 2022,W22,2022,Analytics
25975,ploomber,Winter 2022,W22,2022,AI
25658,plumter,Winter 2022,W22,2022,Fintech
25695,pluto-markets,Winter 2022,W22,2022,Fintech
25695,pluto-markets,Winter 2022,W22,2022,Crypto / Web3
26109,poko,Winter 2022,W22,2022,Developer Tools
26109,poko,Winter 2022,W22,2022,Crypto / Web3
26109,poko,Winter 2022,W22,2022,Payments
26109,poko,Winter 2022,W22,2022,Gaming
26109,poko,Winter 2022,W22,2022,Creator Economy
25309,policyfly,Winter 2022,W22,2022,Marketplace
25309,policyfly,Winter 2022,W22,2022,Insurance
25309,policyfly,Winter 2022,W22,2022,AI
25866,ponyrun,Winter 2022,W22,2022,Analytics
25866,ponyrun,Winter 2022,W22,2022,Sales
25866,ponyrun,Winter 2022,W22,2022,Operations
25866,ponyrun,Winter 2022,W22,2022,AI
25866,ponyrun,Winter 2022,W22,2022,AI Assistant
25677,posh,Winter 2022,W22,2022,Energy Storage
26012,postal,Winter 2022,W22,2022,Artificial Intelligence
26012,postal,Winter 2022,W22,2022,Compliance
26012,postal,Winter 2022,W22,2022,Operations
26012,postal,Winter 2022,W22,2022,AI
26148,powerdocs,Winter 2022,W22,2022,Documents
26148,powerdocs,Winter 2022,W22,2022,SaaS
26148,powerdocs,Winter 2022,W22,2022,AI Assistant
26053,powerhouse-ai,Winter 2022,W22,2022,SaaS
26053,powerhouse-ai,Winter 2022,W22,2022,Warehouse Management Tech
26053,powerhouse-ai,Winter 2022,W22,2022,Logistics
25697,prembly,Winter 2022,W22,2022,B2B
25697,prembly,Winter 2022,W22,2022,Identity
25697,prembly,Winter 2022,W22,2022,Security
25697,prembly,Winter 2022,W22,2022,API
25329,promptloop,Winter 2022,W22,2022,Artificial Intelligence
25329,promptloop,Winter 2022,W22,2022,Generative AI
25329,promptloop,Winter 2022,W22,2022,SaaS
25329,promptloop,Winter 2022,W22,2022,Sales
25329,promptloop,Winter 2022,W22,2022,Market Research
25946,propelauth,Winter 2022,W22,2022,Developer Tools
25946,propelauth,Winter 2022,W22,2022,SaaS
25946,propelauth,Winter 2022,W22,2022,B2B
25946,propelauth,Winter 2022,W22,2022,Identity
25344,proper,Winter 2022,W22,2022,Fintech
25344,proper,Winter 2022,W22,2022,SaaS
25344,proper,Winter 2022,W22,2022,B2B
25360,pursuit-2,Winter 2022,W22,2022,Marketplace
25360,pursuit-2,Winter 2022,W22,2022,Sustainable Tourism
25360,pursuit-2,Winter 2022,W22,2022,Real Estate
25360,pursuit-2,Winter 2022,W22,2022,Travel
25360,pursuit-2,Winter 2022,W22,2022,Investments
25525,pyrls,Winter 2022,W22,2022,SaaS
25525,pyrls,Winter 2022,W22,2022,Healthcare
25959,quik,Winter 2022,W22,2022,Marketplace
25959,quik,Winter 2022,W22,2022,SaaS
25959,quik,Winter 2022,W22,2022,Delivery
25929,quan,Winter 2022,W22,2022,Mental Health Tech
25929,quan,Winter 2022,W22,2022,SaaS
25929,quan,Winter 2022,W22,2022,B2B
25929,quan,Winter 2022,W22,2022,HR Tech
25929,quan,Winter 2022,W22,2022,Subscriptions
26066,query-vary,Winter 2022,W22,2022,AIOps
26066,query-vary,Winter 2022,W22,2022,Artificial Intelligence
26066,query-vary,Winter 2022,W22,2022,Developer Tools
26066,query-vary,Winter 2022,W22,2022,B2B
26066,query-vary,Winter 2022,W22,2022,AI
25572,rdash,Winter 2022,W22,2022,SaaS
25572,rdash,Winter 2022,W22,2022,Construction
25572,rdash,Winter 2022,W22,2022,B2B
25572,rdash,Winter 2022,W22,2022,Architecture
25572,rdash,Winter 2022,W22,2022,Infrastructure
25985,rthm,Winter 2022,W22,2022,Artificial Intelligence
25985,rthm,Winter 2022,W22,2022,Consumer Health Services
25985,rthm,Winter 2022,W22,2022,Health Tech
25985,rthm,Winter 2022,W22,2022,Digital Health
25985,rthm,Winter 2022,W22,2022,Telemedicine
25305,railbird,Winter 2022,W22,2022,Fintech
25305,railbird,Winter 2022,W22,2022,Marketplace
25984,rallyuxr,Winter 2022,W22,2022,SaaS
25984,rallyuxr,Winter 2022,W22,2022,B2B
25984,rallyuxr,Winter 2022,W22,2022,Design Tools
25755,rank,Winter 2022,W22,2022,Banking as a Service
25755,rank,Winter 2022,W22,2022,Fintech
25755,rank,Winter 2022,W22,2022,Neobank
25605,ranla,Winter 2022,W22,2022,B2B
25605,ranla,Winter 2022,W22,2022,Sales
25605,ranla,Winter 2022,W22,2022,Sales Enablement
25605,ranla,Winter 2022,W22,2022,Marketing
25312,ravion,Winter 2022,W22,2022,Cloud Computing
26296,reality-defender,Winter 2022,W22,2022,Artificial Intelligence
26296,reality-defender,Winter 2022,W22,2022,SaaS
26296,reality-defender,Winter 2022,W22,2022,Deepfake Detection
26296,reality-defender,Winter 2022,W22,2022,Security
26296,reality-defender,Winter 2022,W22,2022,Privacy
25315,rebill,Winter 2022,W22,2022,Fintech
25315,rebill,Winter 2022,W22,2022,SaaS
25315,rebill,Winter 2022,W22,2022,Payments
25315,rebill,Winter 2022,W22,2022,B2B
25315,rebill,Winter 2022,W22,2022,Subscriptions
25610,redbrick-ai,Winter 2022,W22,2022,AIOps
25610,redbrick-ai,Winter 2022,W22,2022,Machine Learning
25610,redbrick-ai,Winter 2022,W22,2022,Healthcare
25272,redbird,Winter 2022,W22,2022,Analytics
25645,refinetrain-ai,Winter 2022,W22,2022,Artificial Intelligence
25645,refinetrain-ai,Winter 2022,W22,2022,B2B
25645,refinetrain-ai,Winter 2022,W22,2022,AI
25603,reforged-labs,Winter 2022,W22,2022,Artificial Intelligence
25603,reforged-labs,Winter 2022,W22,2022,B2B
25603,reforged-labs,Winter 2022,W22,2022,Gaming
25603,reforged-labs,Winter 2022,W22,2022,Marketing
25603,reforged-labs,Winter 2022,W22,2022,Advertising
25540,rehook-ai,Winter 2022,W22,2022,SaaS
25540,rehook-ai,Winter 2022,W22,2022,B2B
25540,rehook-ai,Winter 2022,W22,2022,Marketing
25274,remedial-health,Winter 2022,W22,2022,Fintech
25274,remedial-health,Winter 2022,W22,2022,B2B
25274,remedial-health,Winter 2022,W22,2022,E-commerce
26268,remi,Winter 2022,W22,2022,SaaS
26268,remi,Winter 2022,W22,2022,Solar Power
26268,remi,Winter 2022,W22,2022,Construction
26268,remi,Winter 2022,W22,2022,Proptech
26268,remi,Winter 2022,W22,2022,Climate
25690,requestly,Winter 2022,W22,2022,Developer Tools
25690,requestly,Winter 2022,W22,2022,SaaS
25690,requestly,Winter 2022,W22,2022,Open Source
25690,requestly,Winter 2022,W22,2022,API
26032,reviving-mind,Winter 2022,W22,2022,Consumer Health Services
26032,reviving-mind,Winter 2022,W22,2022,Digital Health
26032,reviving-mind,Winter 2022,W22,2022,Healthcare
26032,reviving-mind,Winter 2022,W22,2022,Telemedicine
26139,revoy,Winter 2022,W22,2022,Logistics
26139,revoy,Winter 2022,W22,2022,Climate
26139,revoy,Winter 2022,W22,2022,Electric Vehicles
25968,rider,Winter 2022,W22,2022,B2B
25968,rider,Winter 2022,W22,2022,Logistics
25968,rider,Winter 2022,W22,2022,E-commerce
25822,rome,Winter 2022,W22,2022,Marketplace
25822,rome,Winter 2022,W22,2022,Logistics
25321,rosebud-biosciences,Winter 2022,W22,2022,AI-powered Drug Discovery
25321,rosebud-biosciences,Winter 2022,W22,2022,Pediatrics
25321,rosebud-biosciences,Winter 2022,W22,2022,Biotech
25402,rownd,Winter 2022,W22,2022,Artificial Intelligence
25402,rownd,Winter 2022,W22,2022,Drones
25402,rownd,Winter 2022,W22,2022,Open Source
25402,rownd,Winter 2022,W22,2022,ML
25652,salt,Winter 2022,W22,2022,Fintech
25652,salt,Winter 2022,W22,2022,SaaS
25652,salt,Winter 2022,W22,2022,B2B
25930,snab,Winter 2022,W22,2022,Fintech
25930,snab,Winter 2022,W22,2022,SaaS
25930,snab,Winter 2022,W22,2022,B2B
25951,soteri-skin,Winter 2022,W22,2022,E-commerce
25951,soteri-skin,Winter 2022,W22,2022,Skincare
25319,samos-insurance,Winter 2022,W22,2022,Fintech
25319,samos-insurance,Winter 2022,W22,2022,Consumer Health Services
25319,samos-insurance,Winter 2022,W22,2022,Health Tech
25319,samos-insurance,Winter 2022,W22,2022,Healthcare
25319,samos-insurance,Winter 2022,W22,2022,Insurance
25353,sarus,Winter 2022,W22,2022,Analytics
25353,sarus,Winter 2022,W22,2022,Compliance
25353,sarus,Winter 2022,W22,2022,Data Engineering
25789,savein,Winter 2022,W22,2022,Fintech
25789,savein,Winter 2022,W22,2022,Marketplace
25789,savein,Winter 2022,W22,2022,Healthcare
25285,scout-2,Winter 2022,W22,2022,Consumer Health Services
25285,scout-2,Winter 2022,W22,2022,COVID-19
25285,scout-2,Winter 2022,W22,2022,Health Tech
25285,scout-2,Winter 2022,W22,2022,Diagnostics
25285,scout-2,Winter 2022,W22,2022,Consumer Products
25397,seabound,Winter 2022,W22,2022,Hard Tech
25397,seabound,Winter 2022,W22,2022,Climate
25397,seabound,Winter 2022,W22,2022,Transportation
25348,sei-ai,Winter 2022,W22,2022,AI
25348,sei-ai,Winter 2022,W22,2022,AI Assistant
26265,seis,Winter 2022,W22,2022,Fintech
26265,seis,Winter 2022,W22,2022,Consumer Finance
26265,seis,Winter 2022,W22,2022,Neobank
25395,sekilo,Winter 2022,W22,2022,Supply Chain
25395,sekilo,Winter 2022,W22,2022,Food
25308,selia,Winter 2022,W22,2022,Mental Health Tech
25308,selia,Winter 2022,W22,2022,Consumer Health Services
25308,selia,Winter 2022,W22,2022,Digital Health
25308,selia,Winter 2022,W22,2022,Health & Wellness
25727,sendme-inc,Winter 2022,W22,2022,Artificial Intelligence
25727,sendme-inc,Winter 2022,W22,2022,E-commerce
25727,sendme-inc,Winter 2022,W22,2022,Food Tech
25966,sendo,Winter 2022,W22,2022,Developer Tools
25966,sendo,Winter 2022,W22,2022,Messaging
25966,sendo,Winter 2022,W22,2022,API
25966,sendo,Winter 2022,W22,2022,SMS
23954,serif-health,Winter 2022,W22,2022,Artificial Intelligence
23954,serif-health,Winter 2022,W22,2022,Health Tech
23954,serif-health,Winter 2022,W22,2022,Analytics
23954,serif-health,Winter 2022,W22,2022,Healthcare
23954,serif-health,Winter 2022,W22,2022,API
25679,sero,Winter 2022,W22,2022,SaaS
25679,sero,Winter 2022,W22,2022,B2B
25679,sero,Winter 2022,W22,2022,Customer Success
25969,shaped,Winter 2022,W22,2022,Search
25969,shaped,Winter 2022,W22,2022,AI
25969,shaped,Winter 2022,W22,2022,Recommendation System
25333,shinkei-systems,Winter 2022,W22,2022,Hardware
25333,shinkei-systems,Winter 2022,W22,2022,Robotics
25333,shinkei-systems,Winter 2022,W22,2022,Food Tech
25333,shinkei-systems,Winter 2022,W22,2022,Agriculture
25476,shuttle-central,Winter 2022,W22,2022,B2B
25476,shuttle-central,Winter 2022,W22,2022,Travel
25476,shuttle-central,Winter 2022,W22,2022,E-commerce
25476,shuttle-central,Winter 2022,W22,2022,Transportation
25476,shuttle-central,Winter 2022,W22,2022,Mobility
25307,sieve,Winter 2022,W22,2022,Developer Tools
25307,sieve,Winter 2022,W22,2022,Video
25307,sieve,Winter 2022,W22,2022,Data Labeling
25307,sieve,Winter 2022,W22,2022,Data Engineering
25307,sieve,Winter 2022,W22,2022,AI
25656,siftly,Winter 2022,W22,2022,Artificial Intelligence
25656,siftly,Winter 2022,W22,2022,SEO
25656,siftly,Winter 2022,W22,2022,AI
26425,simplehash,Winter 2022,W22,2022,Developer Tools
26425,simplehash,Winter 2022,W22,2022,SaaS
26425,simplehash,Winter 2022,W22,2022,Crypto / Web3
26425,simplehash,Winter 2022,W22,2022,NFT
25752,simplifyd-systems,Winter 2022,W22,2022,B2B
25379,skillza,Winter 2022,W22,2022,Education
25635,skylink,Winter 2022,W22,2022,Artificial Intelligence
25635,skylink,Winter 2022,W22,2022,Travel
25733,smarthelio,Winter 2022,W22,2022,Solar Power
25733,smarthelio,Winter 2022,W22,2022,Climate
25733,smarthelio,Winter 2022,W22,2022,Enterprise Software
25733,smarthelio,Winter 2022,W22,2022,AI
25584,snaptrade,Winter 2022,W22,2022,Developer Tools
25584,snaptrade,Winter 2022,W22,2022,Fintech
25584,snaptrade,Winter 2022,W22,2022,B2B
25584,snaptrade,Winter 2022,W22,2022,API
25586,soon,Winter 2022,W22,2022,Fintech
25586,soon,Winter 2022,W22,2022,Crypto / Web3
25586,soon,Winter 2022,W22,2022,Investing
25582,sophys,Winter 2022,W22,2022,Artificial Intelligence
25582,sophys,Winter 2022,W22,2022,Analytics
25582,sophys,Winter 2022,W22,2022,Healthcare
25339,sota2,Winter 2022,W22,2022,Artificial Intelligence
25339,sota2,Winter 2022,W22,2022,B2B
25339,sota2,Winter 2022,W22,2022,Sales Enablement
25339,sota2,Winter 2022,W22,2022,Enterprise Software
25339,sota2,Winter 2022,W22,2022,AI
25948,spade,Winter 2022,W22,2022,Artificial Intelligence
25948,spade,Winter 2022,W22,2022,Fintech
25948,spade,Winter 2022,W22,2022,Machine Learning
25948,spade,Winter 2022,W22,2022,Payments
25948,spade,Winter 2022,W22,2022,Data Labeling
25681,spadeworks,Winter 2022,W22,2022,SaaS
25681,spadeworks,Winter 2022,W22,2022,B2B
25617,speechly,Winter 2022,W22,2022,Artificial Intelligence
25617,speechly,Winter 2022,W22,2022,Developer Tools
25617,speechly,Winter 2022,W22,2022,Speech Recognition
25618,sphere,Winter 2022,W22,2022,Finance
25618,sphere,Winter 2022,W22,2022,B2B
25618,sphere,Winter 2022,W22,2022,AI
25356,spinach-ai,Winter 2022,W22,2022,SaaS
25356,spinach-ai,Winter 2022,W22,2022,Productivity
25356,spinach-ai,Winter 2022,W22,2022,AI
25356,spinach-ai,Winter 2022,W22,2022,Conversational AI
25356,spinach-ai,Winter 2022,W22,2022,AI Assistant
25110,spot-health,Winter 2022,W22,2022,Telehealth
25110,spot-health,Winter 2022,W22,2022,Healthcare
25110,spot-health,Winter 2022,W22,2022,Diagnostics
25732,sprites,Winter 2022,W22,2022,B2B
25732,sprites,Winter 2022,W22,2022,Marketing
25732,sprites,Winter 2022,W22,2022,Advertising
25732,sprites,Winter 2022,W22,2022,AI
25342,stably-ai-orca,Winter 2022,W22,2022,Artificial Intelligence
25342,stably-ai-orca,Winter 2022,W22,2022,Developer Tools
25342,stably-ai-orca,Winter 2022,W22,2022,SaaS
25342,stably-ai-orca,Winter 2022,W22,2022,DevOps
25342,stably-ai-orca,Winter 2022,W22,2022,Web Development
25616,stackshine,Winter 2022,W22,2022,Robotic Process Automation
25616,stackshine,Winter 2022,W22,2022,Productivity
25616,stackshine,Winter 2022,W22,2022,Analytics
25616,stackshine,Winter 2022,W22,2022,Enterprise
25616,stackshine,Winter 2022,W22,2022,Data Engineering
25144,stafbook,Winter 2022,W22,2022,SaaS
25144,stafbook,Winter 2022,W22,2022,B2B
25144,stafbook,Winter 2022,W22,2022,HR Tech
25649,stairs-financial,Winter 2022,W22,2022,Fintech
25649,stairs-financial,Winter 2022,W22,2022,GovTech
25649,stairs-financial,Winter 2022,W22,2022,Proptech
25327,starling,Winter 2022,W22,2022,Machine Learning
25327,starling,Winter 2022,W22,2022,Medical Devices
25327,starling,Winter 2022,W22,2022,Digital Health
25954,status,Winter 2022,W22,2022,Consumer
25954,status,Winter 2022,W22,2022,Gaming
25954,status,Winter 2022,W22,2022,Social
25954,status,Winter 2022,W22,2022,AI
25560,stock-unlock,Winter 2022,W22,2022,Fintech
25560,stock-unlock,Winter 2022,W22,2022,SaaS
25560,stock-unlock,Winter 2022,W22,2022,Finance
25560,stock-unlock,Winter 2022,W22,2022,Investing
25275,strac,Winter 2022,W22,2022,Generative AI
25275,strac,Winter 2022,W22,2022,SaaS
25275,strac,Winter 2022,W22,2022,Security
25275,strac,Winter 2022,W22,2022,Enterprise
25275,strac,Winter 2022,W22,2022,AI
25594,streak-2,Winter 2022,W22,2022,Fintech
25714,strong-compute,Winter 2022,W22,2022,Artificial Intelligence
25714,strong-compute,Winter 2022,W22,2022,Machine Learning
25714,strong-compute,Winter 2022,W22,2022,Cloud Computing
25715,subscriptionflow,Winter 2022,W22,2022,AIOps
25715,subscriptionflow,Winter 2022,W22,2022,Fintech
25715,subscriptionflow,Winter 2022,W22,2022,SaaS
25641,suggestr,Winter 2022,W22,2022,SaaS
25641,suggestr,Winter 2022,W22,2022,E-commerce
25355,supertone,Winter 2022,W22,2022,SaaS
25355,supertone,Winter 2022,W22,2022,Consumer
25355,supertone,Winter 2022,W22,2022,Music
25303,syrona-health,Winter 2022,W22,2022,Healthcare
25303,syrona-health,Winter 2022,W22,2022,Women's Health
25614,t3-chat,Winter 2022,W22,2022,Artificial Intelligence
25614,t3-chat,Winter 2022,W22,2022,Developer Tools
25614,t3-chat,Winter 2022,W22,2022,Consumer
25614,t3-chat,Winter 2022,W22,2022,AI
26065,tai,Winter 2022,W22,2022,Fintech
26065,tai,Winter 2022,W22,2022,Consumer
26065,tai,Winter 2022,W22,2022,Investing
25286,tybr-health,Winter 2022,W22,2022,B2B
25286,tybr-health,Winter 2022,W22,2022,Medical Devices
25778,take-app,Winter 2022,W22,2022,SaaS
25778,take-app,Winter 2022,W22,2022,B2B
25778,take-app,Winter 2022,W22,2022,E-commerce
25827,talentropy-ai,Winter 2022,W22,2022,SaaS
25827,talentropy-ai,Winter 2022,W22,2022,B2B
25827,talentropy-ai,Winter 2022,W22,2022,HR Tech
25827,talentropy-ai,Winter 2022,W22,2022,AI
25381,teamout,Winter 2022,W22,2022,Marketplace
25381,teamout,Winter 2022,W22,2022,Travel
25721,tendo,Winter 2022,W22,2022,Fintech
25721,tendo,Winter 2022,W22,2022,Marketplace
25721,tendo,Winter 2022,W22,2022,Logistics
25721,tendo,Winter 2022,W22,2022,Social
25721,tendo,Winter 2022,W22,2022,E-commerce
26041,the-ankler,Winter 2022,W22,2022,Entertainment
25849,theneo,Winter 2022,W22,2022,Artificial Intelligence
25849,theneo,Winter 2022,W22,2022,Developer Tools
25849,theneo,Winter 2022,W22,2022,API
25849,theneo,Winter 2022,W22,2022,AI
25674,toko,Winter 2022,W22,2022,AI-Enhanced Learning
25674,toko,Winter 2022,W22,2022,Education
25674,toko,Winter 2022,W22,2022,Generative AI
25674,toko,Winter 2022,W22,2022,Machine Learning
25674,toko,Winter 2022,W22,2022,Consumer
25693,tola,Winter 2022,W22,2022,Fintech
25693,tola,Winter 2022,W22,2022,SaaS
25870,top-road,Winter 2022,W22,2022,Fintech
25870,top-road,Winter 2022,W22,2022,Generative AI
25870,top-road,Winter 2022,W22,2022,Payments
25870,top-road,Winter 2022,W22,2022,Analytics
25870,top-road,Winter 2022,W22,2022,AI
25935,topship,Winter 2022,W22,2022,B2B
25935,topship,Winter 2022,W22,2022,Logistics
25935,topship,Winter 2022,W22,2022,E-commerce
25935,topship,Winter 2022,W22,2022,Supply Chain
25864,torpedo-therapeutics,Winter 2022,W22,2022,Neurotechnology
25864,torpedo-therapeutics,Winter 2022,W22,2022,Medical Devices
25864,torpedo-therapeutics,Winter 2022,W22,2022,Biotech
25444,touch-and-pay-technologies-limited,Winter 2022,W22,2022,Fintech
25444,touch-and-pay-technologies-limited,Winter 2022,W22,2022,Payments
25743,trackingplan,Winter 2022,W22,2022,SaaS
25743,trackingplan,Winter 2022,W22,2022,Analytics
25743,trackingplan,Winter 2022,W22,2022,Data Engineering
25346,transfez,Winter 2022,W22,2022,Fintech
25346,transfez,Winter 2022,W22,2022,SaaS
25346,transfez,Winter 2022,W22,2022,Neobank
25314,trellus,Winter 2022,W22,2022,AI-Enhanced Learning
25314,trellus,Winter 2022,W22,2022,Artificial Intelligence
25314,trellus,Winter 2022,W22,2022,SaaS
25314,trellus,Winter 2022,W22,2022,B2B
25314,trellus,Winter 2022,W22,2022,Sales
26067,trusty,Winter 2022,W22,2022,Marketplace
26067,trusty,Winter 2022,W22,2022,Real Estate
26067,trusty,Winter 2022,W22,2022,Consumer
26067,trusty,Winter 2022,W22,2022,B2B
26067,trusty,Winter 2022,W22,2022,Proptech
25316,trebol,Winter 2022,W22,2022,Fintech
25316,trebol,Winter 2022,W22,2022,SaaS
25316,trebol,Winter 2022,W22,2022,B2B
25316,trebol,Winter 2022,W22,2022,Legal
25316,trebol,Winter 2022,W22,2022,Enterprise
25659,tuva-health,Winter 2022,W22,2022,SaaS
25659,tuva-health,Winter 2022,W22,2022,B2B
25659,tuva-health,Winter 2022,W22,2022,Digital Health
25915,unison,Winter 2022,W22,2022,Hardware
25915,unison,Winter 2022,W22,2022,Virtual Reality
25915,unison,Winter 2022,W22,2022,Consumer
25915,unison,Winter 2022,W22,2022,Gaming
25522,unlayer,Winter 2022,W22,2022,Artificial Intelligence
25522,unlayer,Winter 2022,W22,2022,Developer Tools
25522,unlayer,Winter 2022,W22,2022,SaaS
25522,unlayer,Winter 2022,W22,2022,Design Tools
25522,unlayer,Winter 2022,W22,2022,AI Assistant
25986,unravel-carbon,Winter 2022,W22,2022,SaaS
25986,unravel-carbon,Winter 2022,W22,2022,B2B
25986,unravel-carbon,Winter 2022,W22,2022,Climate
25958,unsaddl,Winter 2022,W22,2022,SaaS
25958,unsaddl,Winter 2022,W22,2022,Human Resources
25958,unsaddl,Winter 2022,W22,2022,B2B
25517,upbanx,Winter 2022,W22,2022,Fintech
25517,upbanx,Winter 2022,W22,2022,Marketplace
25517,upbanx,Winter 2022,W22,2022,Crypto / Web3
25517,upbanx,Winter 2022,W22,2022,Creator Economy
25513,valari,Winter 2022,W22,2022,Banking as a Service
25513,valari,Winter 2022,W22,2022,Fintech
25513,valari,Winter 2022,W22,2022,B2B
25513,valari,Winter 2022,W22,2022,API
25322,vantedgeai,Winter 2022,W22,2022,Fintech
25322,vantedgeai,Winter 2022,W22,2022,SaaS
25322,vantedgeai,Winter 2022,W22,2022,Workflow Automation
25322,vantedgeai,Winter 2022,W22,2022,Analytics
25322,vantedgeai,Winter 2022,W22,2022,AI
26206,vecindario,Winter 2022,W22,2022,Fintech
26206,vecindario,Winter 2022,W22,2022,SaaS
26206,vecindario,Winter 2022,W22,2022,Proptech
25663,velt,Winter 2022,W22,2022,Developer Tools
25663,velt,Winter 2022,W22,2022,SaaS
25663,velt,Winter 2022,W22,2022,Collaboration
25663,velt,Winter 2022,W22,2022,Compliance
25663,velt,Winter 2022,W22,2022,AI
25446,vendoo,Winter 2022,W22,2022,SaaS
25446,vendoo,Winter 2022,W22,2022,E-commerce
25726,vendy,Winter 2022,W22,2022,Payments
25726,vendy,Winter 2022,W22,2022,B2B
25726,vendy,Winter 2022,W22,2022,E-commerce
25918,venue-ink,Winter 2022,W22,2022,Fintech
25918,venue-ink,Winter 2022,W22,2022,SaaS
25918,venue-ink,Winter 2022,W22,2022,Creator Economy
25541,versable,Winter 2022,W22,2022,Manufacturing
25541,versable,Winter 2022,W22,2022,Data Engineering
25541,versable,Winter 2022,W22,2022,AI
25541,versable,Winter 2022,W22,2022,Automotive
25912,vessel,Winter 2022,W22,2022,Sales
25912,vessel,Winter 2022,W22,2022,API
25912,vessel,Winter 2022,W22,2022,Marketing
25912,vessel,Winter 2022,W22,2022,Customer Support
25912,vessel,Winter 2022,W22,2022,CRM
25818,vimmerse,Winter 2022,W22,2022,Developer Tools
25818,vimmerse,Winter 2022,W22,2022,B2B
25818,vimmerse,Winter 2022,W22,2022,Video
25818,vimmerse,Winter 2022,W22,2022,Advertising
25818,vimmerse,Winter 2022,W22,2022,AI
25965,vobi,Winter 2022,W22,2022,Marketplace
25965,vobi,Winter 2022,W22,2022,SaaS
25965,vobi,Winter 2022,W22,2022,Construction
25965,vobi,Winter 2022,W22,2022,B2B
25992,wantd,Winter 2022,W22,2022,Marketplace
25992,wantd,Winter 2022,W22,2022,E-commerce
25341,wagetap,Winter 2022,W22,2022,Fintech
25341,wagetap,Winter 2022,W22,2022,Consumer
25318,wereno,Winter 2022,W22,2022,Artificial Intelligence
25318,wereno,Winter 2022,W22,2022,Real Estate
25318,wereno,Winter 2022,W22,2022,Construction
25318,wereno,Winter 2022,W22,2022,Proptech
26311,whitelab-genomics,Winter 2022,W22,2022,Artificial Intelligence
26311,whitelab-genomics,Winter 2022,W22,2022,Gene Therapy
26311,whitelab-genomics,Winter 2022,W22,2022,Cell Therapy
26311,whitelab-genomics,Winter 2022,W22,2022,Genomics
25515,whiz,Winter 2022,W22,2022,Fintech
25515,whiz,Winter 2022,W22,2022,Payments
25515,whiz,Winter 2022,W22,2022,Consumer
25515,whiz,Winter 2022,W22,2022,Neobank
25665,wibond,Winter 2022,W22,2022,Banking as a Service
25665,wibond,Winter 2022,W22,2022,Cashierless Checkout
25665,wibond,Winter 2022,W22,2022,Fintech
25320,wingback,Winter 2022,W22,2022,Fintech
25320,wingback,Winter 2022,W22,2022,SaaS
25320,wingback,Winter 2022,W22,2022,API
25320,wingback,Winter 2022,W22,2022,Enterprise
25320,wingback,Winter 2022,W22,2022,Infrastructure
25972,winter,Winter 2022,W22,2022,Crypto / Web3
25995,workflow86,Winter 2022,W22,2022,SaaS
25995,workflow86,Winter 2022,W22,2022,B2B
25995,workflow86,Winter 2022,W22,2022,Enterprise
25995,workflow86,Winter 2022,W22,2022,No-code
25995,workflow86,Winter 2022,W22,2022,AI
25060,wyvern,Winter 2022,W22,2022,Hard Tech
25060,wyvern,Winter 2022,W22,2022,Satellites
25060,wyvern,Winter 2022,W22,2022,Climate
25359,yezza,Winter 2022,W22,2022,SaaS
25359,yezza,Winter 2022,W22,2022,B2B
25359,yezza,Winter 2022,W22,2022,E-commerce
25573,zorba,Winter 2022,W22,2022,Real Estate
25573,zorba,Winter 2022,W22,2022,Sales
25573,zorba,Winter 2022,W22,2022,Marketing
26163,beu-delivery,Winter 2022,W22,2022,Delivery
26163,beu-delivery,Winter 2022,W22,2022,Logistics
26163,beu-delivery,Winter 2022,W22,2022,Food Tech
25745,goodfin,Winter 2022,W22,2022,Artificial Intelligence
25745,goodfin,Winter 2022,W22,2022,Fintech
25531,haddock,Winter 2022,W22,2022,Fintech
25531,haddock,Winter 2022,W22,2022,SaaS
25531,haddock,Winter 2022,W22,2022,B2B
25531,haddock,Winter 2022,W22,2022,AI
25531,haddock,Winter 2022,W22,2022,AI Assistant
25831,mutable-ai,Winter 2022,W22,2022,Developer Tools
25831,mutable-ai,Winter 2022,W22,2022,Productivity
25831,mutable-ai,Winter 2022,W22,2022,AI
25967,ngrow-ai,Winter 2022,W22,2022,SaaS
25691,voize,Winter 2022,W22,2022,Machine Learning
25691,voize,Winter 2022,W22,2022,Speech Recognition
25691,voize,Winter 2022,W22,2022,Healthcare
25691,voize,Winter 2022,W22,2022,NLP
25977,yhangry,Winter 2022,W22,2022,Marketplace
26861,100x,Summer 2022,S22,2022,Artificial Intelligence
26861,100x,Summer 2022,S22,2022,AI
26861,100x,Summer 2022,S22,2022,AI Assistant
26769,alt-tex,Summer 2022,S22,2022,Carbon Capture and Removal
26769,alt-tex,Summer 2022,S22,2022,Bioplastic
26769,alt-tex,Summer 2022,S22,2022,Biotech
26769,alt-tex,Summer 2022,S22,2022,Climate
26769,alt-tex,Summer 2022,S22,2022,Food Tech
27258,accessowl,Summer 2022,S22,2022,SaaS
27258,accessowl,Summer 2022,S22,2022,B2B
27258,accessowl,Summer 2022,S22,2022,Compliance
27258,accessowl,Summer 2022,S22,2022,Security
26792,activepieces,Summer 2022,S22,2022,Workflow Automation
26792,activepieces,Summer 2022,S22,2022,Open Source
26792,activepieces,Summer 2022,S22,2022,No-code
26792,activepieces,Summer 2022,S22,2022,Enterprise Software
26792,activepieces,Summer 2022,S22,2022,AI
27097,ad-army,Summer 2022,S22,2022,Generative AI
27097,ad-army,Summer 2022,S22,2022,B2B
27097,ad-army,Summer 2022,S22,2022,Marketing
27097,ad-army,Summer 2022,S22,2022,Creator Economy
27097,ad-army,Summer 2022,S22,2022,AI
27086,aiprise,Summer 2022,S22,2022,Fintech
27086,aiprise,Summer 2022,S22,2022,B2B
27086,aiprise,Summer 2022,S22,2022,Identity
27086,aiprise,Summer 2022,S22,2022,Compliance
27086,aiprise,Summer 2022,S22,2022,Regtech
26880,airhart-aeronautics,Summer 2022,S22,2022,Airplanes
26880,airhart-aeronautics,Summer 2022,S22,2022,Aerospace
26666,airtrain-ai,Summer 2022,S22,2022,AIOps
26666,airtrain-ai,Summer 2022,S22,2022,Developer Tools
26666,airtrain-ai,Summer 2022,S22,2022,SaaS
26666,airtrain-ai,Summer 2022,S22,2022,Cloud Computing
26666,airtrain-ai,Summer 2022,S22,2022,AI
26501,albiware-inc,Summer 2022,S22,2022,SaaS
26501,albiware-inc,Summer 2022,S22,2022,Insurance
27249,aldara,Summer 2022,S22,2022,Fintech
27249,aldara,Summer 2022,S22,2022,Real Estate
27249,aldara,Summer 2022,S22,2022,Proptech
27191,algotest,Summer 2022,S22,2022,Fintech
27191,algotest,Summer 2022,S22,2022,No-code
26681,alma,Summer 2022,S22,2022,Fintech
26681,alma,Summer 2022,S22,2022,Payments
26681,alma,Summer 2022,S22,2022,Gaming
26681,alma,Summer 2022,S22,2022,Consumer Finance
26681,alma,Summer 2022,S22,2022,Neobank
27159,almond,Summer 2022,S22,2022,Consumer Health Services
27159,almond,Summer 2022,S22,2022,Telehealth
27159,almond,Summer 2022,S22,2022,Consumer
27159,almond,Summer 2022,S22,2022,Healthcare
27159,almond,Summer 2022,S22,2022,Femtech
26719,alterya,Summer 2022,S22,2022,Fintech
26719,alterya,Summer 2022,S22,2022,SaaS
26719,alterya,Summer 2022,S22,2022,Crypto / Web3
26719,alterya,Summer 2022,S22,2022,Analytics
26719,alterya,Summer 2022,S22,2022,API
27049,anchor,Summer 2022,S22,2022,Banking as a Service
27049,anchor,Summer 2022,S22,2022,Fintech
27049,anchor,Summer 2022,S22,2022,Payments
27049,anchor,Summer 2022,S22,2022,B2B
27049,anchor,Summer 2022,S22,2022,API
26885,anythingllm,Summer 2022,S22,2022,Artificial Intelligence
26885,anythingllm,Summer 2022,S22,2022,Open Source
26885,anythingllm,Summer 2022,S22,2022,AI Assistant
26802,apply-design,Summer 2022,S22,2022,Generative AI
26802,apply-design,Summer 2022,S22,2022,SaaS
26802,apply-design,Summer 2022,S22,2022,Computer Vision
26802,apply-design,Summer 2022,S22,2022,Proptech
26802,apply-design,Summer 2022,S22,2022,E-commerce
27045,argovox,Summer 2022,S22,2022,Fintech
27045,argovox,Summer 2022,S22,2022,Healthcare
27045,argovox,Summer 2022,S22,2022,LegalTech
27045,argovox,Summer 2022,S22,2022,Call Center
27045,argovox,Summer 2022,S22,2022,AI Assistant
26736,array-labs,Summer 2022,S22,2022,Satellites
27042,artemis-search,Summer 2022,S22,2022,Artificial Intelligence
27042,artemis-search,Summer 2022,S22,2022,Machine Learning
27042,artemis-search,Summer 2022,S22,2022,SaaS
27042,artemis-search,Summer 2022,S22,2022,B2B
27042,artemis-search,Summer 2022,S22,2022,Search
27046,atlaswork,Summer 2022,S22,2022,B2B
27046,atlaswork,Summer 2022,S22,2022,AI
26913,aurelian,Summer 2022,S22,2022,SaaS
26913,aurelian,Summer 2022,S22,2022,GovTech
26913,aurelian,Summer 2022,S22,2022,AI
26897,aviaryai,Summer 2022,S22,2022,Fintech
26897,aviaryai,Summer 2022,S22,2022,B2B
26897,aviaryai,Summer 2022,S22,2022,AI
26897,aviaryai,Summer 2022,S22,2022,AI Assistant
27141,avina,Summer 2022,S22,2022,B2B
27141,avina,Summer 2022,S22,2022,Sales
27141,avina,Summer 2022,S22,2022,Marketing
27141,avina,Summer 2022,S22,2022,AI
27250,axle,Summer 2022,S22,2022,Artificial Intelligence
27250,axle,Summer 2022,S22,2022,Developer Tools
27250,axle,Summer 2022,S22,2022,Fintech
27250,axle,Summer 2022,S22,2022,B2B
27250,axle,Summer 2022,S22,2022,Insurance
26749,ballerine,Summer 2022,S22,2022,Compliance
26749,ballerine,Summer 2022,S22,2022,Fraud Detection
26564,banabo,Summer 2022,S22,2022,SaaS
26564,banabo,Summer 2022,S22,2022,B2B
26564,banabo,Summer 2022,S22,2022,Analytics
26850,biggerpicture,Summer 2022,S22,2022,Scheduling
26850,biggerpicture,Summer 2022,S22,2022,Logistics
26850,biggerpicture,Summer 2022,S22,2022,Supply Chain
26675,birch-biosciences,Summer 2022,S22,2022,Machine Learning
26675,birch-biosciences,Summer 2022,S22,2022,Synthetic Biology
26675,birch-biosciences,Summer 2022,S22,2022,Biotech
26675,birch-biosciences,Summer 2022,S22,2022,Climate
26675,birch-biosciences,Summer 2022,S22,2022,ClimateTech
26881,bitstack,Summer 2022,S22,2022,Crypto / Web3
26881,bitstack,Summer 2022,S22,2022,Neobank
26778,blee,Summer 2022,S22,2022,Fintech
26778,blee,Summer 2022,S22,2022,LegalTech
26778,blee,Summer 2022,S22,2022,AI
26717,blitz,Summer 2022,S22,2022,SaaS
26717,blitz,Summer 2022,S22,2022,B2B
26717,blitz,Summer 2022,S22,2022,No-code
26717,blitz,Summer 2022,S22,2022,AI
26717,blitz,Summer 2022,S22,2022,Databases
27167,blockscope,Summer 2022,S22,2022,Cryptocurrency
26740,bluehill-payments,Summer 2022,S22,2022,Payments
26740,bluehill-payments,Summer 2022,S22,2022,Productivity
26740,bluehill-payments,Summer 2022,S22,2022,Operations
26742,boostly,Summer 2022,S22,2022,SaaS
26742,boostly,Summer 2022,S22,2022,B2B
26742,boostly,Summer 2022,S22,2022,Messaging
26742,boostly,Summer 2022,S22,2022,Food Tech
27140,boton,Summer 2022,S22,2022,SaaS
27140,boton,Summer 2022,S22,2022,AI
26732,bricksai,Summer 2022,S22,2022,Developer Tools
26732,bricksai,Summer 2022,S22,2022,B2B
26770,bridgecard,Summer 2022,S22,2022,Banking as a Service
26770,bridgecard,Summer 2022,S22,2022,Fintech
26770,bridgecard,Summer 2022,S22,2022,Payments
26770,bridgecard,Summer 2022,S22,2022,B2B
26770,bridgecard,Summer 2022,S22,2022,API
26712,bunting-labs,Summer 2022,S22,2022,Artificial Intelligence
26712,bunting-labs,Summer 2022,S22,2022,SaaS
26712,bunting-labs,Summer 2022,S22,2022,Geographic Information System
26712,bunting-labs,Summer 2022,S22,2022,B2B
26712,bunting-labs,Summer 2022,S22,2022,Web Development
27221,capsule,Summer 2022,S22,2022,Artificial Intelligence
27221,capsule,Summer 2022,S22,2022,Generative AI
27221,capsule,Summer 2022,S22,2022,Machine Learning
27221,capsule,Summer 2022,S22,2022,Computer Vision
27221,capsule,Summer 2022,S22,2022,E-commerce
26725,codexa,Summer 2022,S22,2022,Fintech
26725,codexa,Summer 2022,S22,2022,Crypto / Web3
26725,codexa,Summer 2022,S22,2022,Payments
26725,codexa,Summer 2022,S22,2022,Supply Chain
26725,codexa,Summer 2022,S22,2022,AI
27248,cambio-2,Summer 2022,S22,2022,Artificial Intelligence
27248,cambio-2,Summer 2022,S22,2022,Real Estate
27248,cambio-2,Summer 2022,S22,2022,B2B
26794,capix,Summer 2022,S22,2022,Fintech
26794,capix,Summer 2022,S22,2022,Finance
26794,capix,Summer 2022,S22,2022,Sales Enablement
26782,cashboard,Summer 2022,S22,2022,FinOps
26782,cashboard,Summer 2022,S22,2022,Fintech
26782,cashboard,Summer 2022,S22,2022,SaaS
26782,cashboard,Summer 2022,S22,2022,B2B
26782,cashboard,Summer 2022,S22,2022,Collaboration
26718,cerrion,Summer 2022,S22,2022,Artificial Intelligence
26718,cerrion,Summer 2022,S22,2022,Deep Learning
26718,cerrion,Summer 2022,S22,2022,Computer Vision
26718,cerrion,Summer 2022,S22,2022,Video
26718,cerrion,Summer 2022,S22,2022,Manufacturing
26730,champ,Summer 2022,S22,2022,Artificial Intelligence
26730,champ,Summer 2022,S22,2022,B2B
26730,champ,Summer 2022,S22,2022,Sales
26707,chariot-2,Summer 2022,S22,2022,Fintech
26707,chariot-2,Summer 2022,S22,2022,SaaS
26707,chariot-2,Summer 2022,S22,2022,Payments
26707,chariot-2,Summer 2022,S22,2022,Nonprofit
26707,chariot-2,Summer 2022,S22,2022,B2B
26660,chordio,Summer 2022,S22,2022,SaaS
26660,chordio,Summer 2022,S22,2022,B2B
26903,chowdeck,Summer 2022,S22,2022,Logistics
26671,ciro,Summer 2022,S22,2022,Artificial Intelligence
26671,ciro,Summer 2022,S22,2022,SaaS
26671,ciro,Summer 2022,S22,2022,B2B
26671,ciro,Summer 2022,S22,2022,Sales
26554,cisterna-biologics,Summer 2022,S22,2022,Synthetic Biology
26554,cisterna-biologics,Summer 2022,S22,2022,Biotech
26554,cisterna-biologics,Summer 2022,S22,2022,Therapeutics
27172,clearline,Summer 2022,S22,2022,Artificial Intelligence
27172,clearline,Summer 2022,S22,2022,SaaS
27172,clearline,Summer 2022,S22,2022,B2B
27172,clearline,Summer 2022,S22,2022,Automotive
26525,clinikally,Summer 2022,S22,2022,Consumer Health Services
26525,clinikally,Summer 2022,S22,2022,Telehealth
26525,clinikally,Summer 2022,S22,2022,Consumer
26525,clinikally,Summer 2022,S22,2022,Digital Health
26525,clinikally,Summer 2022,S22,2022,E-commerce
27039,cobbery,Summer 2022,S22,2022,Artificial Intelligence
26781,codecrafters,Summer 2022,S22,2022,Developer Tools
26781,codecrafters,Summer 2022,S22,2022,Education
26781,codecrafters,Summer 2022,S22,2022,eLearning
26781,codecrafters,Summer 2022,S22,2022,Careers
27090,compup,Summer 2022,S22,2022,SaaS
27090,compup,Summer 2022,S22,2022,Human Resources
27090,compup,Summer 2022,S22,2022,B2B
27090,compup,Summer 2022,S22,2022,HR Tech
27253,cone,Summer 2022,S22,2022,SaaS
27253,cone,Summer 2022,S22,2022,B2B
27253,cone,Summer 2022,S22,2022,Workflow Automation
26882,coris,Summer 2022,S22,2022,Artificial Intelligence
26882,coris,Summer 2022,S22,2022,Fintech
26882,coris,Summer 2022,S22,2022,B2B
26882,coris,Summer 2022,S22,2022,Compliance
26724,coupl,Summer 2022,S22,2022,Fintech
26724,coupl,Summer 2022,S22,2022,Consumer
27260,coverage-cat,Summer 2022,S22,2022,Fintech
27260,coverage-cat,Summer 2022,S22,2022,Machine Learning
27260,coverage-cat,Summer 2022,S22,2022,Insurance
26739,craze,Summer 2022,S22,2022,Artificial Intelligence
26739,craze,Summer 2022,S22,2022,Video
26739,craze,Summer 2022,S22,2022,Media
26723,customeros,Summer 2022,S22,2022,B2B
26723,customeros,Summer 2022,S22,2022,Sales
26723,customeros,Summer 2022,S22,2022,Marketing
26723,customeros,Summer 2022,S22,2022,Advertising
26723,customeros,Summer 2022,S22,2022,AI
26752,delegasi,Summer 2022,S22,2022,Fintech
26752,delegasi,Summer 2022,S22,2022,SaaS
26752,delegasi,Summer 2022,S22,2022,B2B
27206,delfino-ai,Summer 2022,S22,2022,Generative AI
27206,delfino-ai,Summer 2022,S22,2022,Machine Learning
27206,delfino-ai,Summer 2022,S22,2022,Health Tech
27206,delfino-ai,Summer 2022,S22,2022,AI
26663,denormalized,Summer 2022,S22,2022,Analytics
26663,denormalized,Summer 2022,S22,2022,Infrastructure
27264,dev-tools-ai,Summer 2022,S22,2022,Artificial Intelligence
27264,dev-tools-ai,Summer 2022,S22,2022,B2B
27264,dev-tools-ai,Summer 2022,S22,2022,Productivity
27264,dev-tools-ai,Summer 2022,S22,2022,Enterprise
26711,devyce,Summer 2022,S22,2022,Telecommunications
26673,dialect-2,Summer 2022,S22,2022,Generative AI
26673,dialect-2,Summer 2022,S22,2022,SaaS
26673,dialect-2,Summer 2022,S22,2022,AI
26768,disclo,Summer 2022,S22,2022,Human Resources
26768,disclo,Summer 2022,S22,2022,B2B
26768,disclo,Summer 2022,S22,2022,Compliance
26768,disclo,Summer 2022,S22,2022,HR Tech
26709,dittofeed,Summer 2022,S22,2022,B2B
26709,dittofeed,Summer 2022,S22,2022,Messaging
26709,dittofeed,Summer 2022,S22,2022,Open Source
26898,diversion,Summer 2022,S22,2022,SaaS
26898,diversion,Summer 2022,S22,2022,Virtual Reality
26898,diversion,Summer 2022,S22,2022,Enterprise
26898,diversion,Summer 2022,S22,2022,Cloud Computing
26735,dr-treat,Summer 2022,S22,2022,Telehealth
26735,dr-treat,Summer 2022,S22,2022,Consumer
26735,dr-treat,Summer 2022,S22,2022,Digital Health
27160,drahim,Summer 2022,S22,2022,Fintech
27160,drahim,Summer 2022,S22,2022,Analytics
27160,drahim,Summer 2022,S22,2022,Investing
27054,ekho,Summer 2022,S22,2022,Auto Commerce
27054,ekho,Summer 2022,S22,2022,Fintech
27054,ekho,Summer 2022,S22,2022,Compliance
27054,ekho,Summer 2022,S22,2022,Automotive
26668,elessar,Summer 2022,S22,2022,Artificial Intelligence
26668,elessar,Summer 2022,S22,2022,Productivity
25059,emerge-career,Summer 2022,S22,2022,Education
25059,emerge-career,Summer 2022,S22,2022,GovTech
27165,entvin,Summer 2022,S22,2022,SaaS
27165,entvin,Summer 2022,S22,2022,Health Tech
27165,entvin,Summer 2022,S22,2022,B2B
27165,entvin,Summer 2022,S22,2022,Healthcare IT
26743,ethosx,Summer 2022,S22,2022,DeFi
26743,ethosx,Summer 2022,S22,2022,Fintech
26743,ethosx,Summer 2022,S22,2022,Crypto / Web3
26743,ethosx,Summer 2022,S22,2022,Consumer
26743,ethosx,Summer 2022,S22,2022,B2B
26427,eugit-therapeutics,Summer 2022,S22,2022,Cell Therapy
26427,eugit-therapeutics,Summer 2022,S22,2022,Synthetic Biology
26427,eugit-therapeutics,Summer 2022,S22,2022,Therapeutics
26427,eugit-therapeutics,Summer 2022,S22,2022,Oncology
26427,eugit-therapeutics,Summer 2022,S22,2022,Biotechnology
26801,evoly,Summer 2022,S22,2022,Climate
26801,evoly,Summer 2022,S22,2022,Energy
27175,express-building,Summer 2022,S22,2022,Fintech
27175,express-building,Summer 2022,S22,2022,Real Estate
27175,express-building,Summer 2022,S22,2022,B2B
27175,express-building,Summer 2022,S22,2022,Proptech
27175,express-building,Summer 2022,S22,2022,Lending
27041,feather-2,Summer 2022,S22,2022,Artificial Intelligence
27041,feather-2,Summer 2022,S22,2022,SaaS
26737,fetii,Summer 2022,S22,2022,Artificial Intelligence
26737,fetii,Summer 2022,S22,2022,Transportation
27038,fini,Summer 2022,S22,2022,Generative AI
27038,fini,Summer 2022,S22,2022,Machine Learning
27038,fini,Summer 2022,S22,2022,SaaS
27038,fini,Summer 2022,S22,2022,B2B
27038,fini,Summer 2022,S22,2022,AI
27152,firecrawl,Summer 2022,S22,2022,Developer Tools
27152,firecrawl,Summer 2022,S22,2022,Open Source
27152,firecrawl,Summer 2022,S22,2022,AI
26825,flair-labs,Summer 2022,S22,2022,Artificial Intelligence
26825,flair-labs,Summer 2022,S22,2022,Fintech
26825,flair-labs,Summer 2022,S22,2022,AI Assistant
27219,flatx,Summer 2022,S22,2022,Marketplace
27219,flatx,Summer 2022,S22,2022,Real Estate
27219,flatx,Summer 2022,S22,2022,Housing
26901,flycode,Summer 2022,S22,2022,Artificial Intelligence
26901,flycode,Summer 2022,S22,2022,Fintech
26901,flycode,Summer 2022,S22,2022,Payments
26901,flycode,Summer 2022,S22,2022,E-commerce
26901,flycode,Summer 2022,S22,2022,Subscriptions
27147,foodcourt,Summer 2022,S22,2022,Ghost Kitchens
27147,foodcourt,Summer 2022,S22,2022,Consumer
27147,foodcourt,Summer 2022,S22,2022,Delivery
27147,foodcourt,Summer 2022,S22,2022,Food Tech
27040,grai,Summer 2022,S22,2022,Developer Tools
27040,grai,Summer 2022,S22,2022,SaaS
27040,grai,Summer 2022,S22,2022,Analytics
27040,grai,Summer 2022,S22,2022,Open Source
27040,grai,Summer 2022,S22,2022,Data Engineering
27263,guardian-bio,Summer 2022,S22,2022,Biotech
27263,guardian-bio,Summer 2022,S22,2022,Healthcare
27263,guardian-bio,Summer 2022,S22,2022,Therapeutics
27263,guardian-bio,Summer 2022,S22,2022,Oncology
26795,gullak-money,Summer 2022,S22,2022,Fintech
26795,gullak-money,Summer 2022,S22,2022,Consumer
27109,homli,Summer 2022,S22,2022,Artificial Intelligence
27109,homli,Summer 2022,S22,2022,Real Estate
27109,homli,Summer 2022,S22,2022,Consumer
27109,homli,Summer 2022,S22,2022,Proptech
27109,homli,Summer 2022,S22,2022,AI
26883,hedgehog-2,Summer 2022,S22,2022,Robotics
26883,hedgehog-2,Summer 2022,S22,2022,Climate
26883,hedgehog-2,Summer 2022,S22,2022,Food Tech
26883,hedgehog-2,Summer 2022,S22,2022,Agriculture
26883,hedgehog-2,Summer 2022,S22,2022,AI
26812,hype,Summer 2022,S22,2022,Fintech
26812,hype,Summer 2022,S22,2022,Crypto / Web3
26812,hype,Summer 2022,S22,2022,Consumer
26812,hype,Summer 2022,S22,2022,Entertainment
26657,hyperdx,Summer 2022,S22,2022,Developer Tools
26657,hyperdx,Summer 2022,S22,2022,SaaS
26657,hyperdx,Summer 2022,S22,2022,B2B
26657,hyperdx,Summer 2022,S22,2022,Open Source
26657,hyperdx,Summer 2022,S22,2022,Infrastructure
26818,hypestream,Summer 2022,S22,2022,SaaS
26818,hypestream,Summer 2022,S22,2022,B2B
26818,hypestream,Summer 2022,S22,2022,Enterprise Software
26806,illuminant-surgical,Summer 2022,S22,2022,Medical Robotics
26806,illuminant-surgical,Summer 2022,S22,2022,Augmented Reality
26806,illuminant-surgical,Summer 2022,S22,2022,Robotic Surgery
26806,illuminant-surgical,Summer 2022,S22,2022,Medical Devices
26806,illuminant-surgical,Summer 2022,S22,2022,Navigation
26722,impractical,Summer 2022,S22,2022,Generative AI
26722,impractical,Summer 2022,S22,2022,Sales
26722,impractical,Summer 2022,S22,2022,Sales Enablement
26722,impractical,Summer 2022,S22,2022,AI
27224,invision-medical-technology,Summer 2022,S22,2022,Artificial Intelligence
27224,invision-medical-technology,Summer 2022,S22,2022,Health Tech
27224,invision-medical-technology,Summer 2022,S22,2022,Diagnostics
26655,instant,Summer 2022,S22,2022,Developer Tools
27261,integrated-reasoning,Summer 2022,S22,2022,Artificial Intelligence
27261,integrated-reasoning,Summer 2022,S22,2022,Developer Tools
27261,integrated-reasoning,Summer 2022,S22,2022,Hard Tech
27261,integrated-reasoning,Summer 2022,S22,2022,Hardware
27261,integrated-reasoning,Summer 2022,S22,2022,SaaS
26738,integration-labs,Summer 2022,S22,2022,SaaS
26738,integration-labs,Summer 2022,S22,2022,Workflow Automation
26738,integration-labs,Summer 2022,S22,2022,API
26738,integration-labs,Summer 2022,S22,2022,Automation
27255,intuned,Summer 2022,S22,2022,Developer Tools
27255,intuned,Summer 2022,S22,2022,Robotic Process Automation
27255,intuned,Summer 2022,S22,2022,B2B
27255,intuned,Summer 2022,S22,2022,API
27255,intuned,Summer 2022,S22,2022,AI
27142,invofox,Summer 2022,S22,2022,Fintech
27142,invofox,Summer 2022,S22,2022,AI
27173,jamble,Summer 2022,S22,2022,Marketplace
27173,jamble,Summer 2022,S22,2022,Sustainable Fashion
27173,jamble,Summer 2022,S22,2022,Consumer
27173,jamble,Summer 2022,S22,2022,Social
27173,jamble,Summer 2022,S22,2022,Creator Economy
27158,jasmine-energy,Summer 2022,S22,2022,Artificial Intelligence
27158,jasmine-energy,Summer 2022,S22,2022,Solar Power
27158,jasmine-energy,Summer 2022,S22,2022,Energy
27158,jasmine-energy,Summer 2022,S22,2022,Renewable Energy
27158,jasmine-energy,Summer 2022,S22,2022,AI Assistant
26800,juicebox,Summer 2022,S22,2022,Generative AI
26800,juicebox,Summer 2022,S22,2022,B2B
26800,juicebox,Summer 2022,S22,2022,Recruiting
26800,juicebox,Summer 2022,S22,2022,HR Tech
26800,juicebox,Summer 2022,S22,2022,AI
26670,julius,Summer 2022,S22,2022,AI
27222,kamion,Summer 2022,S22,2022,Marketplace
27222,kamion,Summer 2022,S22,2022,Logistics
27205,kashin,Summer 2022,S22,2022,Fintech
27124,kemnet,Summer 2022,S22,2022,Marketplace
27124,kemnet,Summer 2022,S22,2022,B2B
27124,kemnet,Summer 2022,S22,2022,Digital Health
27124,kemnet,Summer 2022,S22,2022,E-commerce
27124,kemnet,Summer 2022,S22,2022,Therapeutics
25151,keylika,Summer 2022,S22,2022,AI-powered Drug Discovery
25151,keylika,Summer 2022,S22,2022,Medical Devices
25151,keylika,Summer 2022,S22,2022,Drug Delivery
25151,keylika,Summer 2022,S22,2022,Nanotechnology
25151,keylika,Summer 2022,S22,2022,Therapeutics
27185,knowtex,Summer 2022,S22,2022,Artificial Intelligence
27185,knowtex,Summer 2022,S22,2022,Health Tech
27185,knowtex,Summer 2022,S22,2022,B2B
27185,knowtex,Summer 2022,S22,2022,Productivity
27185,knowtex,Summer 2022,S22,2022,Digital Health
27161,krave-mart,Summer 2022,S22,2022,Grocery
27161,krave-mart,Summer 2022,S22,2022,Consumer
27161,krave-mart,Summer 2022,S22,2022,Delivery
27161,krave-mart,Summer 2022,S22,2022,Logistics
27161,krave-mart,Summer 2022,S22,2022,E-commerce
27092,lamin,Summer 2022,S22,2022,Developer Tools
27092,lamin,Summer 2022,S22,2022,Machine Learning
27092,lamin,Summer 2022,S22,2022,Biotech
27092,lamin,Summer 2022,S22,2022,Open Source
27092,lamin,Summer 2022,S22,2022,Data Engineering
27252,landeed,Summer 2022,S22,2022,Documents
27252,landeed,Summer 2022,S22,2022,Fintech
27252,landeed,Summer 2022,S22,2022,Legal
27252,landeed,Summer 2022,S22,2022,Proptech
27252,landeed,Summer 2022,S22,2022,AI
26890,latent-space,Summer 2022,S22,2022,SaaS
26890,latent-space,Summer 2022,S22,2022,Workflow Automation
26890,latent-space,Summer 2022,S22,2022,AI
26505,layerup,Summer 2022,S22,2022,Generative AI
26505,layerup,Summer 2022,S22,2022,B2B
26505,layerup,Summer 2022,S22,2022,Enterprise
26505,layerup,Summer 2022,S22,2022,AI
27157,levers,Summer 2022,S22,2022,SaaS
27157,levers,Summer 2022,S22,2022,Finance
27251,lotus,Summer 2022,S22,2022,Fintech
27251,lotus,Summer 2022,S22,2022,SaaS
27251,lotus,Summer 2022,S22,2022,Open Source
27251,lotus,Summer 2022,S22,2022,Enterprise
26753,lyra,Summer 2022,S22,2022,Crypto / Web3
26753,lyra,Summer 2022,S22,2022,Consumer
26753,lyra,Summer 2022,S22,2022,NFT
26708,makeasite,Summer 2022,S22,2022,Consumer
26708,makeasite,Summer 2022,S22,2022,AI
26809,malama-health,Summer 2022,S22,2022,Health Tech
26809,malama-health,Summer 2022,S22,2022,Digital Health
26809,malama-health,Summer 2022,S22,2022,Healthcare
26809,malama-health,Summer 2022,S22,2022,Femtech
26899,manatee,Summer 2022,S22,2022,B2B
26899,manatee,Summer 2022,S22,2022,Sales
27268,materee,Summer 2022,S22,2022,Construction
27268,materee,Summer 2022,S22,2022,B2B
26807,maverickx,Summer 2022,S22,2022,Energy
26902,maya-labs,Summer 2022,S22,2022,Artificial Intelligence
26902,maya-labs,Summer 2022,S22,2022,Generative AI
26902,maya-labs,Summer 2022,S22,2022,Robotic Process Automation
26902,maya-labs,Summer 2022,S22,2022,B2B
26413,medplum,Summer 2022,S22,2022,Developer Tools
26413,medplum,Summer 2022,S22,2022,Open Source
26413,medplum,Summer 2022,S22,2022,Healthcare
26669,mercator,Summer 2022,S22,2022,Generative AI
26669,mercator,Summer 2022,S22,2022,SaaS
26669,mercator,Summer 2022,S22,2022,B2B
27037,metriport,Summer 2022,S22,2022,B2B
27037,metriport,Summer 2022,S22,2022,Digital Health
27037,metriport,Summer 2022,S22,2022,Healthcare
27037,metriport,Summer 2022,S22,2022,API
27037,metriport,Summer 2022,S22,2022,AI
26756,midplane,Summer 2022,S22,2022,Generative AI
26756,midplane,Summer 2022,S22,2022,B2B
26756,midplane,Summer 2022,S22,2022,Productivity
26756,midplane,Summer 2022,S22,2022,Data Engineering
26756,midplane,Summer 2022,S22,2022,AI
26851,mistle,Summer 2022,S22,2022,B2B
26851,mistle,Summer 2022,S22,2022,Open Source
26851,mistle,Summer 2022,S22,2022,AI
26727,moneco,Summer 2022,S22,2022,Fintech
26727,moneco,Summer 2022,S22,2022,Neobank
27174,monterey-ai,Summer 2022,S22,2022,Artificial Intelligence
27174,monterey-ai,Summer 2022,S22,2022,Generative AI
27174,monterey-ai,Summer 2022,S22,2022,Productivity
27174,monterey-ai,Summer 2022,S22,2022,Enterprise
27174,monterey-ai,Summer 2022,S22,2022,AI
27269,morf-health,Summer 2022,S22,2022,Health Tech
27269,morf-health,Summer 2022,S22,2022,Healthcare IT
27177,movinglake,Summer 2022,S22,2022,SaaS
27177,movinglake,Summer 2022,S22,2022,B2B
27177,movinglake,Summer 2022,S22,2022,Analytics
27177,movinglake,Summer 2022,S22,2022,API
27177,movinglake,Summer 2022,S22,2022,Data Engineering
26819,namecard-ai,Summer 2022,S22,2022,Generative AI
26819,namecard-ai,Summer 2022,S22,2022,SaaS
26819,namecard-ai,Summer 2022,S22,2022,B2B
26819,namecard-ai,Summer 2022,S22,2022,Sales
26872,neosync,Summer 2022,S22,2022,Developer Tools
26872,neosync,Summer 2022,S22,2022,SaaS
26872,neosync,Summer 2022,S22,2022,B2B
26860,newscatcher,Summer 2022,S22,2022,Artificial Intelligence
26860,newscatcher,Summer 2022,S22,2022,SaaS
26860,newscatcher,Summer 2022,S22,2022,Enterprise
26860,newscatcher,Summer 2022,S22,2022,Big Data
26860,newscatcher,Summer 2022,S22,2022,Enterprise Software
26779,notebook-labs,Summer 2022,S22,2022,DeFi
26779,notebook-labs,Summer 2022,S22,2022,Crypto / Web3
26779,notebook-labs,Summer 2022,S22,2022,Identity
26754,novig,Summer 2022,S22,2022,Fintech
26754,novig,Summer 2022,S22,2022,Marketplace
26754,novig,Summer 2022,S22,2022,Sports Tech
26754,novig,Summer 2022,S22,2022,Gaming
26750,numind,Summer 2022,S22,2022,AIOps
26750,numind,Summer 2022,S22,2022,Artificial Intelligence
26750,numind,Summer 2022,S22,2022,Machine Learning
26750,numind,Summer 2022,S22,2022,NLP
27162,oneleet,Summer 2022,S22,2022,SaaS
27162,oneleet,Summer 2022,S22,2022,B2B
27162,oneleet,Summer 2022,S22,2022,Compliance
27162,oneleet,Summer 2022,S22,2022,Security
27162,oneleet,Summer 2022,S22,2022,AI
26776,overwatch,Summer 2022,S22,2022,Artificial Intelligence
26776,overwatch,Summer 2022,S22,2022,Cybersecurity
26776,overwatch,Summer 2022,S22,2022,Fraud Prevention
26776,overwatch,Summer 2022,S22,2022,Fraud Detection
26662,paces,Summer 2022,S22,2022,Proptech
26662,paces,Summer 2022,S22,2022,Climate
26662,paces,Summer 2022,S22,2022,Energy
26662,paces,Summer 2022,S22,2022,Automation
26662,paces,Summer 2022,S22,2022,AI
26476,pana,Summer 2022,S22,2022,Fintech
26476,pana,Summer 2022,S22,2022,Consumer
26476,pana,Summer 2022,S22,2022,Social
26476,pana,Summer 2022,S22,2022,Neobank
26741,paragon-ai,Summer 2022,S22,2022,SaaS
26741,paragon-ai,Summer 2022,S22,2022,B2B
26741,paragon-ai,Summer 2022,S22,2022,Productivity
26741,paragon-ai,Summer 2022,S22,2022,Sales
26741,paragon-ai,Summer 2022,S22,2022,AI
26713,pasito,Summer 2022,S22,2022,Health Tech
26713,pasito,Summer 2022,S22,2022,Insurance
26713,pasito,Summer 2022,S22,2022,AI
27048,payfura,Summer 2022,S22,2022,DeFi
27048,payfura,Summer 2022,S22,2022,Fintech
27048,payfura,Summer 2022,S22,2022,SaaS
27048,payfura,Summer 2022,S22,2022,Crypto / Web3
27048,payfura,Summer 2022,S22,2022,Payments
26811,payload,Summer 2022,S22,2022,Developer Tools
26811,payload,Summer 2022,S22,2022,Open Source
26811,payload,Summer 2022,S22,2022,API
26676,penguin-ai,Summer 2022,S22,2022,Generative AI
26676,penguin-ai,Summer 2022,S22,2022,SaaS
26676,penguin-ai,Summer 2022,S22,2022,B2B
26676,penguin-ai,Summer 2022,S22,2022,Sales
26877,peoplebox,Summer 2022,S22,2022,Artificial Intelligence
26877,peoplebox,Summer 2022,S22,2022,SaaS
26877,peoplebox,Summer 2022,S22,2022,B2B
26877,peoplebox,Summer 2022,S22,2022,Recruiting
26877,peoplebox,Summer 2022,S22,2022,HR Tech
26808,phind,Summer 2022,S22,2022,Generative AI
26808,phind,Summer 2022,S22,2022,Search
26808,phind,Summer 2022,S22,2022,AI
26808,phind,Summer 2022,S22,2022,AI Assistant
27267,ping,Summer 2022,S22,2022,Crypto / Web3
27267,ping,Summer 2022,S22,2022,Payments
27267,ping,Summer 2022,S22,2022,Neobank
27262,pivo-technology-inc,Summer 2022,S22,2022,Fintech
27262,pivo-technology-inc,Summer 2022,S22,2022,Payments
27262,pivo-technology-inc,Summer 2022,S22,2022,B2B
27262,pivo-technology-inc,Summer 2022,S22,2022,Supply Chain
27262,pivo-technology-inc,Summer 2022,S22,2022,Neobank
26900,pluralith,Summer 2022,S22,2022,Developer Tools
26900,pluralith,Summer 2022,S22,2022,DevSecOps
26900,pluralith,Summer 2022,S22,2022,SaaS
27047,plutto,Summer 2022,S22,2022,Fintech
27047,plutto,Summer 2022,S22,2022,Identity
27047,plutto,Summer 2022,S22,2022,Latin America
27047,plutto,Summer 2022,S22,2022,Enterprise Software
26480,poly,Summer 2022,S22,2022,Generative AI
26480,poly,Summer 2022,S22,2022,Consumer
26480,poly,Summer 2022,S22,2022,API
26480,poly,Summer 2022,S22,2022,AI
27361,polymath-robotics,Summer 2022,S22,2022,Hard Tech
27361,polymath-robotics,Summer 2022,S22,2022,Machine Learning
27361,polymath-robotics,Summer 2022,S22,2022,Robotics
27361,polymath-robotics,Summer 2022,S22,2022,Unmanned Vehicle
27361,polymath-robotics,Summer 2022,S22,2022,AI
26796,popsy,Summer 2022,S22,2022,SaaS
26796,popsy,Summer 2022,S22,2022,B2B
26796,popsy,Summer 2022,S22,2022,Marketing
26796,popsy,Summer 2022,S22,2022,Automation
26796,popsy,Summer 2022,S22,2022,AI
27137,primevault,Summer 2022,S22,2022,Fintech
27137,primevault,Summer 2022,S22,2022,Crypto / Web3
27137,primevault,Summer 2022,S22,2022,Payments
27137,primevault,Summer 2022,S22,2022,B2B
27137,primevault,Summer 2022,S22,2022,Infrastructure
26863,provision,Summer 2022,S22,2022,Documents
26863,provision,Summer 2022,S22,2022,Machine Learning
26863,provision,Summer 2022,S22,2022,Construction
26863,provision,Summer 2022,S22,2022,Productivity
26863,provision,Summer 2022,S22,2022,NLP
26862,pulppo,Summer 2022,S22,2022,Real Estate
26862,pulppo,Summer 2022,S22,2022,Proptech
27178,pump-co,Summer 2022,S22,2022,Artificial Intelligence
27178,pump-co,Summer 2022,S22,2022,FinOps
27178,pump-co,Summer 2022,S22,2022,Fintech
27178,pump-co,Summer 2022,S22,2022,SaaS
27178,pump-co,Summer 2022,S22,2022,B2B
27052,quindar,Summer 2022,S22,2022,SaaS
27052,quindar,Summer 2022,S22,2022,Space Exploration
27052,quindar,Summer 2022,S22,2022,Satellites
27052,quindar,Summer 2022,S22,2022,Aerospace
26912,quinn,Summer 2022,S22,2022,Generative AI
26912,quinn,Summer 2022,S22,2022,Biotech
26912,quinn,Summer 2022,S22,2022,Enterprise
26912,quinn,Summer 2022,S22,2022,AI
27194,rever,Summer 2022,S22,2022,Fintech
27194,rever,Summer 2022,S22,2022,SaaS
27194,rever,Summer 2022,S22,2022,B2B
27194,rever,Summer 2022,S22,2022,Logistics
27194,rever,Summer 2022,S22,2022,E-commerce
26783,raven,Summer 2022,S22,2022,AI-Enhanced Learning
26783,raven,Summer 2022,S22,2022,Artificial Intelligence
26783,raven,Summer 2022,S22,2022,Manufacturing
26783,raven,Summer 2022,S22,2022,AI Assistant
27096,relate,Summer 2022,S22,2022,SaaS
27096,relate,Summer 2022,S22,2022,B2B
27096,relate,Summer 2022,S22,2022,Sales
27096,relate,Summer 2022,S22,2022,CRM
27095,relay-health,Summer 2022,S22,2022,Mental Health Tech
27095,relay-health,Summer 2022,S22,2022,Health Tech
27095,relay-health,Summer 2022,S22,2022,Community
27095,relay-health,Summer 2022,S22,2022,Productivity
27168,relevium-medical,Summer 2022,S22,2022,Medical Devices
27168,relevium-medical,Summer 2022,S22,2022,Healthcare
27168,relevium-medical,Summer 2022,S22,2022,Therapeutics
27168,relevium-medical,Summer 2022,S22,2022,Drug discovery
26907,rima-ai,Summer 2022,S22,2022,Artificial Intelligence
26907,rima-ai,Summer 2022,S22,2022,Finance
26907,rima-ai,Summer 2022,S22,2022,B2B
26907,rima-ai,Summer 2022,S22,2022,Analytics
26797,rio,Summer 2022,S22,2022,Fintech
26797,rio,Summer 2022,S22,2022,Crypto / Web3
26797,rio,Summer 2022,S22,2022,Payments
26797,rio,Summer 2022,S22,2022,Latin America
27085,roforco,Summer 2022,S22,2022,Consumer
27085,roforco,Summer 2022,S22,2022,Gaming
26733,roxels,Summer 2022,S22,2022,Artificial Intelligence
26733,roxels,Summer 2022,S22,2022,B2B
26733,roxels,Summer 2022,S22,2022,AI Assistant
26715,ruleset,Summer 2022,S22,2022,Fintech
26715,ruleset,Summer 2022,S22,2022,B2B
27108,sanifu,Summer 2022,S22,2022,SaaS
27108,sanifu,Summer 2022,S22,2022,B2B
27108,sanifu,Summer 2022,S22,2022,Analytics
27108,sanifu,Summer 2022,S22,2022,Data Engineering
27108,sanifu,Summer 2022,S22,2022,AI
27190,sculpt,Summer 2022,S22,2022,B2B
27190,sculpt,Summer 2022,S22,2022,Manufacturing
27190,sculpt,Summer 2022,S22,2022,Enterprise
26784,seaflight-technologies,Summer 2022,S22,2022,Robotics
26784,seaflight-technologies,Summer 2022,S22,2022,Airplanes
26784,seaflight-technologies,Summer 2022,S22,2022,Logistics
26784,seaflight-technologies,Summer 2022,S22,2022,Climate
26784,seaflight-technologies,Summer 2022,S22,2022,Transportation
26734,serinus-biosciences,Summer 2022,S22,2022,Biotech
26734,serinus-biosciences,Summer 2022,S22,2022,Therapeutics
26734,serinus-biosciences,Summer 2022,S22,2022,Oncology
26871,shipmates,Summer 2022,S22,2022,Logistics
26693,sigmamind-ai,Summer 2022,S22,2022,SaaS
26693,sigmamind-ai,Summer 2022,S22,2022,B2B
26693,sigmamind-ai,Summer 2022,S22,2022,Call Center
26693,sigmamind-ai,Summer 2022,S22,2022,AI
26693,sigmamind-ai,Summer 2022,S22,2022,Conversational AI
26751,signatur-biosciences,Summer 2022,S22,2022,Biotech
26751,signatur-biosciences,Summer 2022,S22,2022,Healthcare
26751,signatur-biosciences,Summer 2022,S22,2022,Diagnostics
25249,silkchart,Summer 2022,S22,2022,SaaS
25249,silkchart,Summer 2022,S22,2022,B2B
25249,silkchart,Summer 2022,S22,2022,Sales
25249,silkchart,Summer 2022,S22,2022,Sales Enablement
25249,silkchart,Summer 2022,S22,2022,AI
26847,slauth-io,Summer 2022,S22,2022,Developer Tools
26847,slauth-io,Summer 2022,S22,2022,DevSecOps
26847,slauth-io,Summer 2022,S22,2022,Productivity
26847,slauth-io,Summer 2022,S22,2022,Compliance
26847,slauth-io,Summer 2022,S22,2022,Security
27155,sonnet,Summer 2022,S22,2022,Generative AI
27155,sonnet,Summer 2022,S22,2022,B2B
27155,sonnet,Summer 2022,S22,2022,Productivity
26705,stackup,Summer 2022,S22,2022,Developer Tools
26705,stackup,Summer 2022,S22,2022,SaaS
26705,stackup,Summer 2022,S22,2022,Crypto / Web3
26705,stackup,Summer 2022,S22,2022,B2B
26705,stackup,Summer 2022,S22,2022,Open Source
26667,star,Summer 2022,S22,2022,Consumer
26667,star,Summer 2022,S22,2022,Gaming
26667,star,Summer 2022,S22,2022,No-code
26667,star,Summer 2022,S22,2022,Creator Economy
26667,star,Summer 2022,S22,2022,AI
26780,stellar,Summer 2022,S22,2022,SaaS
26780,stellar,Summer 2022,S22,2022,B2B
26780,stellar,Summer 2022,S22,2022,Productivity
26780,stellar,Summer 2022,S22,2022,Analytics
26661,stream,Summer 2022,S22,2022,Fintech
26661,stream,Summer 2022,S22,2022,SaaS
26661,stream,Summer 2022,S22,2022,B2B
26661,stream,Summer 2022,S22,2022,Insurance
26755,sunlight,Summer 2022,S22,2022,Fintech
26755,sunlight,Summer 2022,S22,2022,Payments
26755,sunlight,Summer 2022,S22,2022,B2B
26755,sunlight,Summer 2022,S22,2022,API
27146,sunpia,Summer 2022,S22,2022,Developer Tools
27146,sunpia,Summer 2022,S22,2022,Kubernetes
27146,sunpia,Summer 2022,S22,2022,Data Engineering
27154,superbar,Summer 2022,S22,2022,SaaS
27154,superbar,Summer 2022,S22,2022,B2B
27154,superbar,Summer 2022,S22,2022,Marketing
27154,superbar,Summer 2022,S22,2022,Enterprise
26706,superpowered-ai,Summer 2022,S22,2022,Developer Tools
26706,superpowered-ai,Summer 2022,S22,2022,Generative AI
26706,superpowered-ai,Summer 2022,S22,2022,SaaS
26706,superpowered-ai,Summer 2022,S22,2022,B2B
26706,superpowered-ai,Summer 2022,S22,2022,AI
26869,sytex,Summer 2022,S22,2022,SaaS
26869,sytex,Summer 2022,S22,2022,B2B
26710,tailor,Summer 2022,S22,2022,Developer Tools
26710,tailor,Summer 2022,S22,2022,SaaS
26710,tailor,Summer 2022,S22,2022,B2B
26710,tailor,Summer 2022,S22,2022,API
26710,tailor,Summer 2022,S22,2022,Enterprise
26803,tank-payments,Summer 2022,S22,2022,Fintech
26803,tank-payments,Summer 2022,S22,2022,SaaS
26803,tank-payments,Summer 2022,S22,2022,Payments
26803,tank-payments,Summer 2022,S22,2022,Logistics
26803,tank-payments,Summer 2022,S22,2022,Supply Chain
27184,taro,Summer 2022,S22,2022,Developer Tools
27184,taro,Summer 2022,S22,2022,Education
27184,taro,Summer 2022,S22,2022,Community
27184,taro,Summer 2022,S22,2022,Video
27184,taro,Summer 2022,S22,2022,Creator Economy
26870,thera,Summer 2022,S22,2022,Artificial Intelligence
26870,thera,Summer 2022,S22,2022,Fintech
26870,thera,Summer 2022,S22,2022,B2B
26870,thera,Summer 2022,S22,2022,Payroll
26870,thera,Summer 2022,S22,2022,Cryptocurrency
25267,tigereye,Summer 2022,S22,2022,Artificial Intelligence
25267,tigereye,Summer 2022,S22,2022,SaaS
25267,tigereye,Summer 2022,S22,2022,Construction
26764,tranch,Summer 2022,S22,2022,Fintech
26764,tranch,Summer 2022,S22,2022,SaaS
27091,trendex-connect-with-stars,Summer 2022,S22,2022,Sports Tech
26720,truebiz,Summer 2022,S22,2022,Fintech
26720,truebiz,Summer 2022,S22,2022,B2B
26720,truebiz,Summer 2022,S22,2022,Identity
26720,truebiz,Summer 2022,S22,2022,Regtech
26690,truva,Summer 2022,S22,2022,Artificial Intelligence
26690,truva,Summer 2022,S22,2022,B2B
26690,truva,Summer 2022,S22,2022,Sales
26690,truva,Summer 2022,S22,2022,Sales Enablement
26690,truva,Summer 2022,S22,2022,Conversational AI
26704,two-dots,Summer 2022,S22,2022,Artificial Intelligence
26704,two-dots,Summer 2022,S22,2022,Fintech
26704,two-dots,Summer 2022,S22,2022,Real Estate
26704,two-dots,Summer 2022,S22,2022,B2B
26704,two-dots,Summer 2022,S22,2022,ML
27143,typeless,Summer 2022,S22,2022,Generative AI
27143,typeless,Summer 2022,S22,2022,Machine Learning
27143,typeless,Summer 2022,S22,2022,Messaging
27143,typeless,Summer 2022,S22,2022,API
27143,typeless,Summer 2022,S22,2022,AI
26859,typewise,Summer 2022,S22,2022,Artificial Intelligence
26859,typewise,Summer 2022,S22,2022,B2B
26859,typewise,Summer 2022,S22,2022,Productivity
26859,typewise,Summer 2022,S22,2022,API
27051,unthread,Summer 2022,S22,2022,Artificial Intelligence
27051,unthread,Summer 2022,S22,2022,SaaS
27051,unthread,Summer 2022,S22,2022,B2B
27051,unthread,Summer 2022,S22,2022,Customer Support
27153,uplink,Summer 2022,S22,2022,Documents
27153,uplink,Summer 2022,S22,2022,SaaS
27153,uplink,Summer 2022,S22,2022,B2B
27153,uplink,Summer 2022,S22,2022,Productivity
27153,uplink,Summer 2022,S22,2022,Collaboration
27198,velontra,Summer 2022,S22,2022,Commercial Space Launch
27198,velontra,Summer 2022,S22,2022,Hardware
27198,velontra,Summer 2022,S22,2022,Drones
27198,velontra,Summer 2022,S22,2022,Aerospace
26703,versa,Summer 2022,S22,2022,Fintech
27055,vinci-games,Summer 2022,S22,2022,Virtual Reality
27055,vinci-games,Summer 2022,S22,2022,Consumer
27055,vinci-games,Summer 2022,S22,2022,Gaming
27055,vinci-games,Summer 2022,S22,2022,Metaverse
27195,vizzly,Summer 2022,S22,2022,Developer Tools
27195,vizzly,Summer 2022,S22,2022,SaaS
27195,vizzly,Summer 2022,S22,2022,B2B
27195,vizzly,Summer 2022,S22,2022,Analytics
27195,vizzly,Summer 2022,S22,2022,API
27078,wand-solar,Summer 2022,S22,2022,Solar Power
27078,wand-solar,Summer 2022,S22,2022,Real Estate
27078,wand-solar,Summer 2022,S22,2022,Climate
27078,wand-solar,Summer 2022,S22,2022,ClimateTech
26659,weltio,Summer 2022,S22,2022,Fintech
26659,weltio,Summer 2022,S22,2022,Crypto / Web3
26659,weltio,Summer 2022,S22,2022,Investing
26659,weltio,Summer 2022,S22,2022,Retail
26793,windmill,Summer 2022,S22,2022,Developer Tools
26793,windmill,Summer 2022,S22,2022,SaaS
26793,windmill,Summer 2022,S22,2022,B2B
26793,windmill,Summer 2022,S22,2022,Workflow Automation
26793,windmill,Summer 2022,S22,2022,Open Source
26654,wolfia,Summer 2022,S22,2022,Generative AI
26654,wolfia,Summer 2022,S22,2022,Security
26654,wolfia,Summer 2022,S22,2022,Sales
26654,wolfia,Summer 2022,S22,2022,LegalTech
27166,wondercraft,Summer 2022,S22,2022,Artificial Intelligence
27166,wondercraft,Summer 2022,S22,2022,SaaS
27166,wondercraft,Summer 2022,S22,2022,B2B
27166,wondercraft,Summer 2022,S22,2022,Podcasts
27166,wondercraft,Summer 2022,S22,2022,AI
26876,zoltar-labs,Summer 2022,S22,2022,SaaS
26876,zoltar-labs,Summer 2022,S22,2022,Customer Success
26876,zoltar-labs,Summer 2022,S22,2022,Customer Support
26876,zoltar-labs,Summer 2022,S22,2022,Enterprise Software
27164,autone,Summer 2022,S22,2022,Sustainable Fashion
27164,autone,Summer 2022,S22,2022,Consumer
27164,autone,Summer 2022,S22,2022,Supply Chain
27164,autone,Summer 2022,S22,2022,Retail
26716,erad,Summer 2022,S22,2022,Fintech
26716,erad,Summer 2022,S22,2022,Payments
26716,erad,Summer 2022,S22,2022,B2B
26726,ilumadata,Summer 2022,S22,2022,Developer Tools
26726,ilumadata,Summer 2022,S22,2022,B2B
26726,ilumadata,Summer 2022,S22,2022,Analytics
26726,ilumadata,Summer 2022,S22,2022,Enterprise
26726,ilumadata,Summer 2022,S22,2022,Data Engineering
27094,nsave,Summer 2022,S22,2022,Fintech
27094,nsave,Summer 2022,S22,2022,Neobank
27906,1stcollab,Winter 2023,W23,2023,Artificial Intelligence
27906,1stcollab,Winter 2023,W23,2023,Machine Learning
27906,1stcollab,Winter 2023,W23,2023,Marketing
27906,1stcollab,Winter 2023,W23,2023,Advertising
27906,1stcollab,Winter 2023,W23,2023,Creator Economy
27925,222,Winter 2023,W23,2023,Machine Learning
27925,222,Winter 2023,W23,2023,Marketplace
27925,222,Winter 2023,W23,2023,Consumer
27925,222,Winter 2023,W23,2023,Social
27925,222,Winter 2023,W23,2023,AI
28367,adri-ai,Winter 2023,W23,2023,Enterprise Software
28367,adri-ai,Winter 2023,W23,2023,AI
28158,adventris-pharmaceuticals,Winter 2023,W23,2023,Biotech
28158,adventris-pharmaceuticals,Winter 2023,W23,2023,Healthcare
28158,adventris-pharmaceuticals,Winter 2023,W23,2023,Therapeutics
28158,adventris-pharmaceuticals,Winter 2023,W23,2023,Drug discovery
28158,adventris-pharmaceuticals,Winter 2023,W23,2023,Oncology
27968,alaan,Winter 2023,W23,2023,Fintech
27968,alaan,Winter 2023,W23,2023,Payments
27968,alaan,Winter 2023,W23,2023,B2B
27968,alaan,Winter 2023,W23,2023,Enterprise Software
27840,alloy,Winter 2023,W23,2023,Design Tools
26884,alphawatch-ai,Winter 2023,W23,2023,Generative AI
26884,alphawatch-ai,Winter 2023,W23,2023,Finance
26884,alphawatch-ai,Winter 2023,W23,2023,Enterprise
26884,alphawatch-ai,Winter 2023,W23,2023,AI Assistant
27923,ariglad,Winter 2023,W23,2023,AI-Enhanced Learning
27923,ariglad,Winter 2023,W23,2023,B2B
27923,ariglad,Winter 2023,W23,2023,Customer Success
27923,ariglad,Winter 2023,W23,2023,Customer Service
27923,ariglad,Winter 2023,W23,2023,Customer Support
27971,arroyo,Winter 2023,W23,2023,Developer Tools
27971,arroyo,Winter 2023,W23,2023,SaaS
27971,arroyo,Winter 2023,W23,2023,Open Source
27971,arroyo,Winter 2023,W23,2023,Cloud Computing
28214,atmeto,Winter 2023,W23,2023,Energy Storage
28214,atmeto,Winter 2023,W23,2023,Reinforcement Learning
28214,atmeto,Winter 2023,W23,2023,Climate
28214,atmeto,Winter 2023,W23,2023,Energy
28214,atmeto,Winter 2023,W23,2023,ClimateTech
28414,automat,Winter 2023,W23,2023,Documents
28414,automat,Winter 2023,W23,2023,Artificial Intelligence
28414,automat,Winter 2023,W23,2023,Developer Tools
28414,automat,Winter 2023,W23,2023,Robotic Process Automation
28414,automat,Winter 2023,W23,2023,Automation
27701,backdrop,Winter 2023,W23,2023,Fintech
27701,backdrop,Winter 2023,W23,2023,B2B
27701,backdrop,Winter 2023,W23,2023,Enterprise Software
27701,backdrop,Winter 2023,W23,2023,AI
28127,benchmark,Winter 2023,W23,2023,Artificial Intelligence
28127,benchmark,Winter 2023,W23,2023,Fintech
28127,benchmark,Winter 2023,W23,2023,Finance
28127,benchmark,Winter 2023,W23,2023,AI Assistant
28111,berry,Winter 2023,W23,2023,Artificial Intelligence
28111,berry,Winter 2023,W23,2023,Generative AI
28111,berry,Winter 2023,W23,2023,Customer Success
28111,berry,Winter 2023,W23,2023,AI
28111,berry,Winter 2023,W23,2023,Conversational AI
27834,bluebirds,Winter 2023,W23,2023,B2B
27834,bluebirds,Winter 2023,W23,2023,Sales
27834,bluebirds,Winter 2023,W23,2023,Enterprise
27834,bluebirds,Winter 2023,W23,2023,AI
27862,bluedot,Winter 2023,W23,2023,Fintech
27862,bluedot,Winter 2023,W23,2023,Climate
27862,bluedot,Winter 2023,W23,2023,Transportation
27862,bluedot,Winter 2023,W23,2023,ClimateTech
27672,blyss,Winter 2023,W23,2023,Security
27672,blyss,Winter 2023,W23,2023,Privacy
27672,blyss,Winter 2023,W23,2023,AI
27894,booth-ai,Winter 2023,W23,2023,Artificial Intelligence
27894,booth-ai,Winter 2023,W23,2023,Generative AI
27894,booth-ai,Winter 2023,W23,2023,E-commerce
27894,booth-ai,Winter 2023,W23,2023,Marketing
27894,booth-ai,Winter 2023,W23,2023,Retail
27938,boundary,Winter 2023,W23,2023,Artificial Intelligence
27938,boundary,Winter 2023,W23,2023,Developer Tools
27938,boundary,Winter 2023,W23,2023,Generative AI
27938,boundary,Winter 2023,W23,2023,Machine Learning
27938,boundary,Winter 2023,W23,2023,AI
27712,brewit,Winter 2023,W23,2023,Analytics
27712,brewit,Winter 2023,W23,2023,Data Visualization
27712,brewit,Winter 2023,W23,2023,AI
27712,brewit,Winter 2023,W23,2023,AI Assistant
27893,buildjet,Winter 2023,W23,2023,Developer Tools
27893,buildjet,Winter 2023,W23,2023,SaaS
27893,buildjet,Winter 2023,W23,2023,B2B
27893,buildjet,Winter 2023,W23,2023,Infrastructure
27841,bujeti,Winter 2023,W23,2023,Fintech
27841,bujeti,Winter 2023,W23,2023,SaaS
27841,bujeti,Winter 2023,W23,2023,Payments
27841,bujeti,Winter 2023,W23,2023,B2B
27810,cakework,Winter 2023,W23,2023,Developer Tools
27810,cakework,Winter 2023,W23,2023,B2B
27810,cakework,Winter 2023,W23,2023,Cloud Computing
27810,cakework,Winter 2023,W23,2023,Infrastructure
27676,cardinal,Winter 2023,W23,2023,Generative AI
27676,cardinal,Winter 2023,W23,2023,SaaS
27676,cardinal,Winter 2023,W23,2023,B2B
27676,cardinal,Winter 2023,W23,2023,Productivity
27676,cardinal,Winter 2023,W23,2023,Analytics
27842,chart,Winter 2023,W23,2023,FinOps
27842,chart,Winter 2023,W23,2023,Fintech
27842,chart,Winter 2023,W23,2023,Finance
27254,chima,Winter 2023,W23,2023,Artificial Intelligence
27254,chima,Winter 2023,W23,2023,Developer Tools
27254,chima,Winter 2023,W23,2023,Generative AI
27254,chima,Winter 2023,W23,2023,SaaS
27254,chima,Winter 2023,W23,2023,B2B
27879,choppy,Winter 2023,W23,2023,Consumer
27879,choppy,Winter 2023,W23,2023,Climate
27879,choppy,Winter 2023,W23,2023,Food Tech
27879,choppy,Winter 2023,W23,2023,Food & Beverage
27879,choppy,Winter 2023,W23,2023,Consumer Products
28070,clad,Winter 2023,W23,2023,Marketplace
28070,clad,Winter 2023,W23,2023,SaaS
28070,clad,Winter 2023,W23,2023,Construction
28070,clad,Winter 2023,W23,2023,B2B
28070,clad,Winter 2023,W23,2023,Collaboration
27936,clickpe,Winter 2023,W23,2023,Fintech
27936,clickpe,Winter 2023,W23,2023,Marketplace
27936,clickpe,Winter 2023,W23,2023,B2B
27844,cloudchipr,Winter 2023,W23,2023,Developer Tools
27844,cloudchipr,Winter 2023,W23,2023,FinOps
27844,cloudchipr,Winter 2023,W23,2023,SaaS
27844,cloudchipr,Winter 2023,W23,2023,B2B
27982,clueso,Winter 2023,W23,2023,Generative AI
27982,clueso,Winter 2023,W23,2023,SaaS
27982,clueso,Winter 2023,W23,2023,B2B
27982,clueso,Winter 2023,W23,2023,Customer Success
27982,clueso,Winter 2023,W23,2023,Enterprise
27853,cobblestone,Winter 2023,W23,2023,Fintech
27853,cobblestone,Winter 2023,W23,2023,Real Estate
27853,cobblestone,Winter 2023,W23,2023,B2B
28108,codeparrot-ai,Winter 2023,W23,2023,Artificial Intelligence
28108,codeparrot-ai,Winter 2023,W23,2023,Developer Tools
28108,codeparrot-ai,Winter 2023,W23,2023,Productivity
28108,codeparrot-ai,Winter 2023,W23,2023,AI
27991,coldreach,Winter 2023,W23,2023,Artificial Intelligence
27991,coldreach,Winter 2023,W23,2023,Generative AI
27991,coldreach,Winter 2023,W23,2023,SaaS
27991,coldreach,Winter 2023,W23,2023,B2B
27991,coldreach,Winter 2023,W23,2023,Sales
27966,combinehealth,Winter 2023,W23,2023,Artificial Intelligence
27966,combinehealth,Winter 2023,W23,2023,Machine Learning
27966,combinehealth,Winter 2023,W23,2023,Healthcare
28093,common-paper,Winter 2023,W23,2023,SaaS
28093,common-paper,Winter 2023,W23,2023,Open Source
28093,common-paper,Winter 2023,W23,2023,Sales
28093,common-paper,Winter 2023,W23,2023,Legal
28093,common-paper,Winter 2023,W23,2023,LegalTech
27699,concourse,Winter 2023,W23,2023,Artificial Intelligence
27699,concourse,Winter 2023,W23,2023,Fintech
27699,concourse,Winter 2023,W23,2023,SaaS
27699,concourse,Winter 2023,W23,2023,B2B
27699,concourse,Winter 2023,W23,2023,AI
28110,conduit,Winter 2023,W23,2023,Artificial Intelligence
28110,conduit,Winter 2023,W23,2023,SaaS
28110,conduit,Winter 2023,W23,2023,B2B
28110,conduit,Winter 2023,W23,2023,Logistics
28110,conduit,Winter 2023,W23,2023,Enterprise Software
27824,coperniq,Winter 2023,W23,2023,SaaS
27824,coperniq,Winter 2023,W23,2023,Solar Power
27824,coperniq,Winter 2023,W23,2023,B2B
27824,coperniq,Winter 2023,W23,2023,Climate
27824,coperniq,Winter 2023,W23,2023,Renewable Energy
28077,corgi-labs,Winter 2023,W23,2023,Artificial Intelligence
28077,corgi-labs,Winter 2023,W23,2023,Payments
28077,corgi-labs,Winter 2023,W23,2023,Analytics
28077,corgi-labs,Winter 2023,W23,2023,E-commerce
28077,corgi-labs,Winter 2023,W23,2023,Fraud Detection
27839,cosine,Winter 2023,W23,2023,Artificial Intelligence
27839,cosine,Winter 2023,W23,2023,Developer Tools
27839,cosine,Winter 2023,W23,2023,Generative AI
27839,cosine,Winter 2023,W23,2023,Machine Learning
27839,cosine,Winter 2023,W23,2023,NLP
27825,creatorml,Winter 2023,W23,2023,B2B
27825,creatorml,Winter 2023,W23,2023,Analytics
27825,creatorml,Winter 2023,W23,2023,AI
27690,credal-ai,Winter 2023,W23,2023,Artificial Intelligence
27690,credal-ai,Winter 2023,W23,2023,Generative AI
27690,credal-ai,Winter 2023,W23,2023,Cybersecurity
27690,credal-ai,Winter 2023,W23,2023,Enterprise
28081,dagworks-inc,Winter 2023,W23,2023,AIOps
28081,dagworks-inc,Winter 2023,W23,2023,Artificial Intelligence
28081,dagworks-inc,Winter 2023,W23,2023,Developer Tools
28081,dagworks-inc,Winter 2023,W23,2023,Generative AI
28081,dagworks-inc,Winter 2023,W23,2023,Open Source
27703,dashdive,Winter 2023,W23,2023,FinOps
27703,dashdive,Winter 2023,W23,2023,SaaS
27703,dashdive,Winter 2023,W23,2023,Enterprise Software
27867,datasuite,Winter 2023,W23,2023,Artificial Intelligence
27867,datasuite,Winter 2023,W23,2023,Developer Tools
27867,datasuite,Winter 2023,W23,2023,Generative AI
27867,datasuite,Winter 2023,W23,2023,Machine Learning
27867,datasuite,Winter 2023,W23,2023,DevOps
27812,dataglade,Winter 2023,W23,2023,Fintech
27812,dataglade,Winter 2023,W23,2023,Generative AI
27812,dataglade,Winter 2023,W23,2023,SaaS
27812,dataglade,Winter 2023,W23,2023,Finance
27812,dataglade,Winter 2023,W23,2023,AI
28097,decohere,Winter 2023,W23,2023,Artificial Intelligence
28097,decohere,Winter 2023,W23,2023,Generative AI
28097,decohere,Winter 2023,W23,2023,Consumer
28097,decohere,Winter 2023,W23,2023,Video
28097,decohere,Winter 2023,W23,2023,AI
27972,defer,Winter 2023,W23,2023,Developer Tools
27972,defer,Winter 2023,W23,2023,SaaS
27708,demospace,Winter 2023,W23,2023,AI
27693,depot,Winter 2023,W23,2023,Developer Tools
27693,depot,Winter 2023,W23,2023,DevOps
27668,designbase,Winter 2023,W23,2023,Developer Tools
27668,designbase,Winter 2023,W23,2023,Design Tools
27668,designbase,Winter 2023,W23,2023,AI
28037,diffuse-bio,Winter 2023,W23,2023,AI-powered Drug Discovery
28037,diffuse-bio,Winter 2023,W23,2023,Deep Learning
28037,diffuse-bio,Winter 2023,W23,2023,Generative AI
28037,diffuse-bio,Winter 2023,W23,2023,Machine Learning
28037,diffuse-bio,Winter 2023,W23,2023,Biotech
27763,double-coding-copilot,Winter 2023,W23,2023,Artificial Intelligence
27763,double-coding-copilot,Winter 2023,W23,2023,Developer Tools
27763,double-coding-copilot,Winter 2023,W23,2023,SaaS
27763,double-coding-copilot,Winter 2023,W23,2023,Chatbot
27763,double-coding-copilot,Winter 2023,W23,2023,Enterprise
27686,drdroid,Winter 2023,W23,2023,Developer Tools
27686,drdroid,Winter 2023,W23,2023,SaaS
27686,drdroid,Winter 2023,W23,2023,B2B
27860,dream3d,Winter 2023,W23,2023,Artificial Intelligence
27860,dream3d,Winter 2023,W23,2023,Generative AI
27860,dream3d,Winter 2023,W23,2023,Computer Vision
27967,echo,Winter 2023,W23,2023,Generative AI
27967,echo,Winter 2023,W23,2023,B2B
27967,echo,Winter 2023,W23,2023,Sales
27809,edgebit,Winter 2023,W23,2023,DevSecOps
27809,edgebit,Winter 2023,W23,2023,B2B
27809,edgebit,Winter 2023,W23,2023,Security
28071,epsilon,Winter 2023,W23,2023,Education
28071,epsilon,Winter 2023,W23,2023,Productivity
28071,epsilon,Winter 2023,W23,2023,AI
28216,escape,Winter 2023,W23,2023,Developer Tools
28216,escape,Winter 2023,W23,2023,Security
28216,escape,Winter 2023,W23,2023,API
28216,escape,Winter 2023,W23,2023,GraphQL
27871,extend,Winter 2023,W23,2023,Documents
27871,extend,Winter 2023,W23,2023,Developer Tools
27871,extend,Winter 2023,W23,2023,B2B
27871,extend,Winter 2023,W23,2023,AI
27883,ezdubs,Winter 2023,W23,2023,Generative AI
27883,ezdubs,Winter 2023,W23,2023,API
27883,ezdubs,Winter 2023,W23,2023,Telecommunications
27883,ezdubs,Winter 2023,W23,2023,AI
28119,fabius,Winter 2023,W23,2023,Generative AI
28119,fabius,Winter 2023,W23,2023,SaaS
28119,fabius,Winter 2023,W23,2023,B2B
28119,fabius,Winter 2023,W23,2023,Sales
28119,fabius,Winter 2023,W23,2023,AI
27939,factiq,Winter 2023,W23,2023,Artificial Intelligence
27939,factiq,Winter 2023,W23,2023,Investing
27939,factiq,Winter 2023,W23,2023,Data Visualization
27939,factiq,Winter 2023,W23,2023,AI Assistant
27945,fairway-health,Winter 2023,W23,2023,Health Tech
27945,fairway-health,Winter 2023,W23,2023,B2B
27945,fairway-health,Winter 2023,W23,2023,Healthcare
27945,fairway-health,Winter 2023,W23,2023,Health Insurance
27945,fairway-health,Winter 2023,W23,2023,AI
27974,fastgen,Winter 2023,W23,2023,Developer Tools
27974,fastgen,Winter 2023,W23,2023,B2B
27974,fastgen,Winter 2023,W23,2023,API
27974,fastgen,Winter 2023,W23,2023,No-code
28103,fern,Winter 2023,W23,2023,Developer Tools
28103,fern,Winter 2023,W23,2023,SaaS
28103,fern,Winter 2023,W23,2023,B2B
28103,fern,Winter 2023,W23,2023,Open Source
28103,fern,Winter 2023,W23,2023,API
28371,fetchr,Winter 2023,W23,2023,Consumer
28371,fetchr,Winter 2023,W23,2023,E-commerce
28371,fetchr,Winter 2023,W23,2023,Fashion
28371,fetchr,Winter 2023,W23,2023,AI
27952,finic,Winter 2023,W23,2023,Compliance
27952,finic,Winter 2023,W23,2023,Enterprise
27952,finic,Winter 2023,W23,2023,Automation
27952,finic,Winter 2023,W23,2023,Fraud Detection
27952,finic,Winter 2023,W23,2023,AI
28410,finta,Winter 2023,W23,2023,SaaS
27927,fintool,Winter 2023,W23,2023,Artificial Intelligence
27927,fintool,Winter 2023,W23,2023,Finance
27927,fintool,Winter 2023,W23,2023,Trading
27704,flexdesk,Winter 2023,W23,2023,Real Estate
27704,flexdesk,Winter 2023,W23,2023,B2B
27704,flexdesk,Winter 2023,W23,2023,HR Tech
27704,flexdesk,Winter 2023,W23,2023,Proptech
27819,flexwash,Winter 2023,W23,2023,SaaS
27819,flexwash,Winter 2023,W23,2023,B2B
27819,flexwash,Winter 2023,W23,2023,Subscriptions
27819,flexwash,Winter 2023,W23,2023,Retail
27819,flexwash,Winter 2023,W23,2023,SMB
27873,floworks,Winter 2023,W23,2023,Generative AI
27873,floworks,Winter 2023,W23,2023,Productivity
27873,floworks,Winter 2023,W23,2023,Sales
27873,floworks,Winter 2023,W23,2023,AI
27873,floworks,Winter 2023,W23,2023,AI Assistant
27852,frigade,Winter 2023,W23,2023,SaaS
27852,frigade,Winter 2023,W23,2023,Customer Success
27852,frigade,Winter 2023,W23,2023,Customer Service
27852,frigade,Winter 2023,W23,2023,AI
27852,frigade,Winter 2023,W23,2023,AI Assistant
27766,glass-health,Winter 2023,W23,2023,Artificial Intelligence
27766,glass-health,Winter 2023,W23,2023,SaaS
27766,glass-health,Winter 2023,W23,2023,Health Tech
27766,glass-health,Winter 2023,W23,2023,Digital Health
27766,glass-health,Winter 2023,W23,2023,Healthcare
27818,gluetrail,Winter 2023,W23,2023,Artificial Intelligence
27818,gluetrail,Winter 2023,W23,2023,Productivity
27818,gluetrail,Winter 2023,W23,2023,Sales Enablement
27818,gluetrail,Winter 2023,W23,2023,Marketing
27818,gluetrail,Winter 2023,W23,2023,Customer Support
27899,goodcourse,Winter 2023,W23,2023,eLearning
27843,gooseworks,Winter 2023,W23,2023,Artificial Intelligence
27843,gooseworks,Winter 2023,W23,2023,Video
27843,gooseworks,Winter 2023,W23,2023,Marketing
27843,gooseworks,Winter 2023,W23,2023,Advertising
27843,gooseworks,Winter 2023,W23,2023,AI
27943,hadrius,Winter 2023,W23,2023,SaaS
27943,hadrius,Winter 2023,W23,2023,B2B
27943,hadrius,Winter 2023,W23,2023,Compliance
27943,hadrius,Winter 2023,W23,2023,Regtech
27943,hadrius,Winter 2023,W23,2023,AI
27710,hammr,Winter 2023,W23,2023,HR Tech
27710,hammr,Winter 2023,W23,2023,Payroll
27855,haven-2,Winter 2023,W23,2023,SaaS
27855,haven-2,Winter 2023,W23,2023,Real Estate
27855,haven-2,Winter 2023,W23,2023,B2B
27855,haven-2,Winter 2023,W23,2023,Proptech
27855,haven-2,Winter 2023,W23,2023,AI
27919,helicone,Winter 2023,W23,2023,AIOps
27919,helicone,Winter 2023,W23,2023,Developer Tools
27919,helicone,Winter 2023,W23,2023,Analytics
27919,helicone,Winter 2023,W23,2023,Open Source
28072,helios,Winter 2023,W23,2023,SaaS
28072,helios,Winter 2023,W23,2023,B2B
28072,helios,Winter 2023,W23,2023,AI
28091,hindsight,Winter 2023,W23,2023,B2B
28091,hindsight,Winter 2023,W23,2023,Analytics
28091,hindsight,Winter 2023,W23,2023,Sales
28091,hindsight,Winter 2023,W23,2023,Sales Enablement
28091,hindsight,Winter 2023,W23,2023,AI
27956,hippo-scribe,Winter 2023,W23,2023,Artificial Intelligence
27956,hippo-scribe,Winter 2023,W23,2023,Health Tech
27956,hippo-scribe,Winter 2023,W23,2023,Healthcare
27956,hippo-scribe,Winter 2023,W23,2023,AI
27956,hippo-scribe,Winter 2023,W23,2023,AI Assistant
27921,homeflow,Winter 2023,W23,2023,Real Estate
27921,homeflow,Winter 2023,W23,2023,Proptech
27961,hona,Winter 2023,W23,2023,SaaS
27961,hona,Winter 2023,W23,2023,B2B
27951,honeydew,Winter 2023,W23,2023,SaaS
27951,honeydew,Winter 2023,W23,2023,B2B
27951,honeydew,Winter 2023,W23,2023,Analytics
27951,honeydew,Winter 2023,W23,2023,Data Engineering
27911,icepanel,Winter 2023,W23,2023,Developer Tools
27911,icepanel,Winter 2023,W23,2023,SaaS
27911,icepanel,Winter 2023,W23,2023,B2B
27911,icepanel,Winter 2023,W23,2023,Collaboration
27911,icepanel,Winter 2023,W23,2023,Enterprise
27875,iliad,Winter 2023,W23,2023,Generative AI
27875,iliad,Winter 2023,W23,2023,Gaming
27875,iliad,Winter 2023,W23,2023,Design Tools
27875,iliad,Winter 2023,W23,2023,AI
27705,indexical,Winter 2023,W23,2023,Developer Tools
27705,indexical,Winter 2023,W23,2023,Generative AI
27705,indexical,Winter 2023,W23,2023,SaaS
27705,indexical,Winter 2023,W23,2023,B2B
27705,indexical,Winter 2023,W23,2023,Enterprise
27957,infinia,Winter 2023,W23,2023,Payments
27957,infinia,Winter 2023,W23,2023,Cryptocurrency
27664,infisical,Winter 2023,W23,2023,Developer Tools
27664,infisical,Winter 2023,W23,2023,SaaS
27664,infisical,Winter 2023,W23,2023,B2B
27664,infisical,Winter 2023,W23,2023,Security
27664,infisical,Winter 2023,W23,2023,Open Source
27881,inkeep,Winter 2023,W23,2023,Developer Tools
27881,inkeep,Winter 2023,W23,2023,Workflow Automation
27881,inkeep,Winter 2023,W23,2023,Customer Support
27881,inkeep,Winter 2023,W23,2023,No-code
27881,inkeep,Winter 2023,W23,2023,AI Assistant
28113,interlock,Winter 2023,W23,2023,Artificial Intelligence
28159,invitris,Winter 2023,W23,2023,Biotech
28159,invitris,Winter 2023,W23,2023,Nanotechnology
28159,invitris,Winter 2023,W23,2023,Drug discovery
28079,invopop,Winter 2023,W23,2023,FinOps
28079,invopop,Winter 2023,W23,2023,Fintech
28079,invopop,Winter 2023,W23,2023,Compliance
27902,kv-cash,Winter 2023,W23,2023,Crypto / Web3
27902,kv-cash,Winter 2023,W23,2023,Open Source
27902,kv-cash,Winter 2023,W23,2023,AI
27902,kv-cash,Winter 2023,W23,2023,Cryptocurrency
28074,keep,Winter 2023,W23,2023,SaaS
28074,keep,Winter 2023,W23,2023,B2B
28074,keep,Winter 2023,W23,2023,Open Source
28074,keep,Winter 2023,W23,2023,Monitoring
27858,kivo-health,Winter 2023,W23,2023,Consumer Health Services
27858,kivo-health,Winter 2023,W23,2023,Telehealth
27858,kivo-health,Winter 2023,W23,2023,Digital Health
27858,kivo-health,Winter 2023,W23,2023,Healthcare
27953,koywe,Winter 2023,W23,2023,Fintech
27953,koywe,Winter 2023,W23,2023,Crypto / Web3
27953,koywe,Winter 2023,W23,2023,Payments
28218,kyber,Winter 2023,W23,2023,Generative AI
28218,kyber,Winter 2023,W23,2023,SaaS
28218,kyber,Winter 2023,W23,2023,Insurance
28218,kyber,Winter 2023,W23,2023,Enterprise
28218,kyber,Winter 2023,W23,2023,Regtech
27669,laminate,Winter 2023,W23,2023,Fintech
27669,laminate,Winter 2023,W23,2023,B2B
27669,laminate,Winter 2023,W23,2023,API
27870,langfuse,Winter 2023,W23,2023,Developer Tools
27870,langfuse,Winter 2023,W23,2023,Generative AI
27870,langfuse,Winter 2023,W23,2023,Analytics
27870,langfuse,Winter 2023,W23,2023,Open Source
27870,langfuse,Winter 2023,W23,2023,AI
27700,latent,Winter 2023,W23,2023,Artificial Intelligence
27700,latent,Winter 2023,W23,2023,B2B
27700,latent,Winter 2023,W23,2023,Healthcare
27700,latent,Winter 2023,W23,2023,Insurance
27700,latent,Winter 2023,W23,2023,Enterprise
27201,lavo-life-sciences,Winter 2023,W23,2023,AI-powered Drug Discovery
27201,lavo-life-sciences,Winter 2023,W23,2023,Machine Learning
27201,lavo-life-sciences,Winter 2023,W23,2023,Biotech
27201,lavo-life-sciences,Winter 2023,W23,2023,Drug discovery
27687,layup,Winter 2023,W23,2023,Artificial Intelligence
27687,layup,Winter 2023,W23,2023,SaaS
27687,layup,Winter 2023,W23,2023,B2B
28361,lightski,Winter 2023,W23,2023,Developer Tools
28361,lightski,Winter 2023,W23,2023,Generative AI
28361,lightski,Winter 2023,W23,2023,SaaS
28361,lightski,Winter 2023,W23,2023,B2B
27836,linkgrep,Winter 2023,W23,2023,B2B
27836,linkgrep,Winter 2023,W23,2023,Productivity
27836,linkgrep,Winter 2023,W23,2023,Collaboration
27836,linkgrep,Winter 2023,W23,2023,Remote Work
27836,linkgrep,Winter 2023,W23,2023,AI Assistant
27675,linum,Winter 2023,W23,2023,Artificial Intelligence
27675,linum,Winter 2023,W23,2023,Video
28409,litellm,Winter 2023,W23,2023,AIOps
28409,litellm,Winter 2023,W23,2023,Artificial Intelligence
28409,litellm,Winter 2023,W23,2023,Developer Tools
28409,litellm,Winter 2023,W23,2023,Generative AI
28409,litellm,Winter 2023,W23,2023,Open Source
28090,littio,Winter 2023,W23,2023,Fintech
28090,littio,Winter 2023,W23,2023,Crypto / Web3
27985,loula,Winter 2023,W23,2023,Health Tech
27985,loula,Winter 2023,W23,2023,Digital Health
27985,loula,Winter 2023,W23,2023,Healthcare
27985,loula,Winter 2023,W23,2023,Health Insurance
27985,loula,Winter 2023,W23,2023,Women's Health
28129,luca,Winter 2023,W23,2023,Machine Learning
28129,luca,Winter 2023,W23,2023,SaaS
28129,luca,Winter 2023,W23,2023,Retail
27697,lume-2,Winter 2023,W23,2023,SaaS
27697,lume-2,Winter 2023,W23,2023,B2B
27697,lume-2,Winter 2023,W23,2023,Data Engineering
27697,lume-2,Winter 2023,W23,2023,Infrastructure
27697,lume-2,Winter 2023,W23,2023,AI
27713,lynx,Winter 2023,W23,2023,Artificial Intelligence
27713,lynx,Winter 2023,W23,2023,Developer Tools
27713,lynx,Winter 2023,W23,2023,DevOps
27713,lynx,Winter 2023,W23,2023,AI Assistant
27909,magicflow,Winter 2023,W23,2023,Artificial Intelligence
27909,magicflow,Winter 2023,W23,2023,Developer Tools
27909,magicflow,Winter 2023,W23,2023,Generative AI
27909,magicflow,Winter 2023,W23,2023,AI
28006,mantys,Winter 2023,W23,2023,SaaS
28006,mantys,Winter 2023,W23,2023,Healthcare IT
27677,matano,Winter 2023,W23,2023,DevSecOps
27677,matano,Winter 2023,W23,2023,Analytics
27677,matano,Winter 2023,W23,2023,Open Source
27677,matano,Winter 2023,W23,2023,Cybersecurity
28089,maxi,Winter 2023,W23,2023,Artificial Intelligence
28089,maxi,Winter 2023,W23,2023,Fintech
28089,maxi,Winter 2023,W23,2023,Consumer Finance
28089,maxi,Winter 2023,W23,2023,AI Assistant
27740,mercoa,Winter 2023,W23,2023,Fintech
27740,mercoa,Winter 2023,W23,2023,API
28183,metal,Winter 2023,W23,2023,Fintech
28183,metal,Winter 2023,W23,2023,SaaS
28183,metal,Winter 2023,W23,2023,Finance
28183,metal,Winter 2023,W23,2023,Investing
28183,metal,Winter 2023,W23,2023,AI
28421,metal-2,Winter 2023,W23,2023,B2B
28421,metal-2,Winter 2023,W23,2023,Investing
28421,metal-2,Winter 2023,W23,2023,Enterprise Software
28421,metal-2,Winter 2023,W23,2023,Investments
28421,metal-2,Winter 2023,W23,2023,Fundraising
27666,middleware,Winter 2023,W23,2023,AIOps
27666,middleware,Winter 2023,W23,2023,SaaS
27666,middleware,Winter 2023,W23,2023,AI
28007,milio,Winter 2023,W23,2023,Fintech
28007,milio,Winter 2023,W23,2023,SaaS
28007,milio,Winter 2023,W23,2023,Payments
28007,milio,Winter 2023,W23,2023,B2B
27671,miracle,Winter 2023,W23,2023,SaaS
27671,miracle,Winter 2023,W23,2023,B2B
27671,miracle,Winter 2023,W23,2023,Biotech
27671,miracle,Winter 2023,W23,2023,Healthcare
28205,modulari-t,Winter 2023,W23,2023,Gene Therapy
28205,modulari-t,Winter 2023,W23,2023,Cell Therapy
28205,modulari-t,Winter 2023,W23,2023,Synthetic Biology
28205,modulari-t,Winter 2023,W23,2023,Biotech
28205,modulari-t,Winter 2023,W23,2023,Oncology
27424,mogara,Winter 2023,W23,2023,Finance
27424,mogara,Winter 2023,W23,2023,B2B
27702,mulligan,Winter 2023,W23,2023,Documents
27702,mulligan,Winter 2023,W23,2023,Generative AI
27702,mulligan,Winter 2023,W23,2023,Finance
27702,mulligan,Winter 2023,W23,2023,Workflow Automation
27702,mulligan,Winter 2023,W23,2023,Insurance
27728,nango,Winter 2023,W23,2023,Developer Tools
27728,nango,Winter 2023,W23,2023,SaaS
27728,nango,Winter 2023,W23,2023,Open Source
27728,nango,Winter 2023,W23,2023,API
27814,narrative,Winter 2023,W23,2023,Artificial Intelligence
27831,neptyne,Winter 2023,W23,2023,Generative AI
27831,neptyne,Winter 2023,W23,2023,Data Science
27831,neptyne,Winter 2023,W23,2023,Data Visualization
27859,no-cap,Winter 2023,W23,2023,Artificial Intelligence
27859,no-cap,Winter 2023,W23,2023,Investing
27859,no-cap,Winter 2023,W23,2023,Fundraising
27696,novelcare,Winter 2023,W23,2023,Artificial Intelligence
27696,novelcare,Winter 2023,W23,2023,Health Tech
27696,novelcare,Winter 2023,W23,2023,B2B
27696,novelcare,Winter 2023,W23,2023,Healthcare
27696,novelcare,Winter 2023,W23,2023,Enterprise Software
27735,numeral,Winter 2023,W23,2023,Fintech
27735,numeral,Winter 2023,W23,2023,SaaS
27735,numeral,Winter 2023,W23,2023,Finance
27735,numeral,Winter 2023,W23,2023,Compliance
27735,numeral,Winter 2023,W23,2023,E-commerce
27815,ofone,Winter 2023,W23,2023,Generative AI
27815,ofone,Winter 2023,W23,2023,Restaurant Tech
27762,ohm-2,Winter 2023,W23,2023,Artificial Intelligence
27762,ohm-2,Winter 2023,W23,2023,Hardware
27762,ohm-2,Winter 2023,W23,2023,Data Engineering
27762,ohm-2,Winter 2023,W23,2023,AI
27813,omnistrate,Winter 2023,W23,2023,Developer Tools
27813,omnistrate,Winter 2023,W23,2023,SaaS
27813,omnistrate,Winter 2023,W23,2023,B2B
27813,omnistrate,Winter 2023,W23,2023,Cloud Computing
27813,omnistrate,Winter 2023,W23,2023,Infrastructure
27674,onetext,Winter 2023,W23,2023,Fintech
27674,onetext,Winter 2023,W23,2023,Payments
27674,onetext,Winter 2023,W23,2023,Consumer
27674,onetext,Winter 2023,W23,2023,B2B
27674,onetext,Winter 2023,W23,2023,E-commerce
28096,openint,Winter 2023,W23,2023,Developer Tools
28096,openint,Winter 2023,W23,2023,SaaS
28096,openint,Winter 2023,W23,2023,Open Source
28096,openint,Winter 2023,W23,2023,AI
27816,opensight,Winter 2023,W23,2023,Generative AI
27816,opensight,Winter 2023,W23,2023,B2B
27816,opensight,Winter 2023,W23,2023,Customer Success
27816,opensight,Winter 2023,W23,2023,Customer Support
27901,orchid,Winter 2023,W23,2023,Artificial Intelligence
27901,orchid,Winter 2023,W23,2023,Mental Health Tech
27901,orchid,Winter 2023,W23,2023,SaaS
27901,orchid,Winter 2023,W23,2023,Health Tech
27901,orchid,Winter 2023,W23,2023,Healthcare
27924,outsail-technologies,Winter 2023,W23,2023,Logistics
27924,outsail-technologies,Winter 2023,W23,2023,Climate
27924,outsail-technologies,Winter 2023,W23,2023,ClimateTech
27868,outerbase,Winter 2023,W23,2023,Developer Tools
27868,outerbase,Winter 2023,W23,2023,Generative AI
27868,outerbase,Winter 2023,W23,2023,Analytics
27868,outerbase,Winter 2023,W23,2023,Data Engineering
27868,outerbase,Winter 2023,W23,2023,AI
27823,overflux,Winter 2023,W23,2023,Logistics
27823,overflux,Winter 2023,W23,2023,Proptech
27823,overflux,Winter 2023,W23,2023,Climate
27823,overflux,Winter 2023,W23,2023,Transportation
27823,overflux,Winter 2023,W23,2023,Electric Vehicles
27898,overlord,Winter 2023,W23,2023,Mental Health Tech
27898,overlord,Winter 2023,W23,2023,Consumer
27898,overlord,Winter 2023,W23,2023,Fitness
27898,overlord,Winter 2023,W23,2023,Productivity
27898,overlord,Winter 2023,W23,2023,Digital Health
27754,pair-ai,Winter 2023,W23,2023,AI-Enhanced Learning
27754,pair-ai,Winter 2023,W23,2023,Artificial Intelligence
27754,pair-ai,Winter 2023,W23,2023,Marketplace
27754,pair-ai,Winter 2023,W23,2023,eLearning
27754,pair-ai,Winter 2023,W23,2023,Creator Economy
27714,palomma,Winter 2023,W23,2023,SaaS
27714,palomma,Winter 2023,W23,2023,Payments
27714,palomma,Winter 2023,W23,2023,Finance
27714,palomma,Winter 2023,W23,2023,B2B
27714,palomma,Winter 2023,W23,2023,AI
28425,pando-bioscience,Winter 2023,W23,2023,Generative AI
28425,pando-bioscience,Winter 2023,W23,2023,Synthetic Biology
28425,pando-bioscience,Winter 2023,W23,2023,Biotech
28425,pando-bioscience,Winter 2023,W23,2023,Diagnostics
27694,paperplane,Winter 2023,W23,2023,Fintech
27694,paperplane,Winter 2023,W23,2023,SaaS
27694,paperplane,Winter 2023,W23,2023,AI
27725,parabolic,Winter 2023,W23,2023,Generative AI
27725,parabolic,Winter 2023,W23,2023,Customer Success
27725,parabolic,Winter 2023,W23,2023,Customer Support
28045,peeba,Winter 2023,W23,2023,Fintech
28045,peeba,Winter 2023,W23,2023,Marketplace
28045,peeba,Winter 2023,W23,2023,B2B
28045,peeba,Winter 2023,W23,2023,Retail
28301,persana-ai,Winter 2023,W23,2023,Generative AI
28301,persana-ai,Winter 2023,W23,2023,Sales
28301,persana-ai,Winter 2023,W23,2023,AI
28112,persist-ai,Winter 2023,W23,2023,Machine Learning
28112,persist-ai,Winter 2023,W23,2023,Robotics
28112,persist-ai,Winter 2023,W23,2023,Microfluidics
28112,persist-ai,Winter 2023,W23,2023,Nanotechnology
28112,persist-ai,Winter 2023,W23,2023,Therapeutics
28175,pier,Winter 2023,W23,2023,Artificial Intelligence
28175,pier,Winter 2023,W23,2023,Fintech
28175,pier,Winter 2023,W23,2023,SaaS
28175,pier,Winter 2023,W23,2023,B2B
28175,pier,Winter 2023,W23,2023,Compliance
28416,pierre,Winter 2023,W23,2023,AI-Enhanced Learning
28416,pierre,Winter 2023,W23,2023,Developer Tools
28416,pierre,Winter 2023,W23,2023,B2B
28416,pierre,Winter 2023,W23,2023,Productivity
28416,pierre,Winter 2023,W23,2023,Collaboration
27695,pigeon,Winter 2023,W23,2023,B2B
28073,playai,Winter 2023,W23,2023,Generative AI
28073,playai,Winter 2023,W23,2023,API
27785,pledge-health,Winter 2023,W23,2023,SaaS
27785,pledge-health,Winter 2023,W23,2023,Health Tech
27785,pledge-health,Winter 2023,W23,2023,B2B
27785,pledge-health,Winter 2023,W23,2023,Workflow Automation
27846,polotab,Winter 2023,W23,2023,SaaS
27846,polotab,Winter 2023,W23,2023,Payments
27846,polotab,Winter 2023,W23,2023,B2B
27846,polotab,Winter 2023,W23,2023,Analytics
27846,polotab,Winter 2023,W23,2023,Food Tech
27821,poplarml,Winter 2023,W23,2023,AIOps
27821,poplarml,Winter 2023,W23,2023,Artificial Intelligence
27821,poplarml,Winter 2023,W23,2023,Machine Learning
27821,poplarml,Winter 2023,W23,2023,B2B
27821,poplarml,Winter 2023,W23,2023,API
27992,proglix,Winter 2023,W23,2023,Marketplace
27992,proglix,Winter 2023,W23,2023,B2B
27992,proglix,Winter 2023,W23,2023,Manufacturing
27992,proglix,Winter 2023,W23,2023,E-commerce
27876,propexo,Winter 2023,W23,2023,Developer Tools
27876,propexo,Winter 2023,W23,2023,SaaS
27876,propexo,Winter 2023,W23,2023,B2B
27876,propexo,Winter 2023,W23,2023,Proptech
27876,propexo,Winter 2023,W23,2023,API
28069,pylon-2,Winter 2023,W23,2023,B2B
28069,pylon-2,Winter 2023,W23,2023,Customer Success
28069,pylon-2,Winter 2023,W23,2023,Customer Support
28069,pylon-2,Winter 2023,W23,2023,AI
27878,ruuf,Winter 2023,W23,2023,Solar Power
27878,ruuf,Winter 2023,W23,2023,Climate
27878,ruuf,Winter 2023,W23,2023,Renewable Energy
27878,ruuf,Winter 2023,W23,2023,ClimateTech
27960,radical,Winter 2023,W23,2023,Drones
27960,radical,Winter 2023,W23,2023,Satellites
27960,radical,Winter 2023,W23,2023,Aerospace
27986,rally-tax,Winter 2023,W23,2023,Fintech
27986,rally-tax,Winter 2023,W23,2023,Consumer
27673,reflex,Winter 2023,W23,2023,Artificial Intelligence
27673,reflex,Winter 2023,W23,2023,Developer Tools
27673,reflex,Winter 2023,W23,2023,Open Source
27673,reflex,Winter 2023,W23,2023,Web Development
27673,reflex,Winter 2023,W23,2023,Infrastructure
27983,retape,Winter 2023,W23,2023,Generative AI
27983,retape,Winter 2023,W23,2023,SaaS
27983,retape,Winter 2023,W23,2023,Finance
27983,retape,Winter 2023,W23,2023,B2B
28087,rivet,Winter 2023,W23,2023,B2B
28087,rivet,Winter 2023,W23,2023,Open Source
28087,rivet,Winter 2023,W23,2023,Infrastructure
27692,rollstack-2,Winter 2023,W23,2023,Artificial Intelligence
27692,rollstack-2,Winter 2023,W23,2023,Productivity
27692,rollstack-2,Winter 2023,W23,2023,Analytics
27692,rollstack-2,Winter 2023,W23,2023,Data Visualization
27734,rubber-ducky-labs,Winter 2023,W23,2023,Artificial Intelligence
27734,rubber-ducky-labs,Winter 2023,W23,2023,E-commerce
27734,rubber-ducky-labs,Winter 2023,W23,2023,Recommendation System
27583,rubbrband,Winter 2023,W23,2023,Artificial Intelligence
27583,rubbrband,Winter 2023,W23,2023,Video
27583,rubbrband,Winter 2023,W23,2023,Advertising
27941,sage-ai,Winter 2023,W23,2023,Developer Tools
27941,sage-ai,Winter 2023,W23,2023,SaaS
27941,sage-ai,Winter 2023,W23,2023,B2B
27941,sage-ai,Winter 2023,W23,2023,AI Assistant
27808,salient,Winter 2023,W23,2023,Fintech
27808,salient,Winter 2023,W23,2023,Generative AI
27808,salient,Winter 2023,W23,2023,B2B
27808,salient,Winter 2023,W23,2023,Operations
27808,salient,Winter 2023,W23,2023,AI
27491,sameday,Winter 2023,W23,2023,Generative AI
27491,sameday,Winter 2023,W23,2023,B2B
27491,sameday,Winter 2023,W23,2023,Sales Enablement
27491,sameday,Winter 2023,W23,2023,Automation
27491,sameday,Winter 2023,W23,2023,AI
28018,sanvivo,Winter 2023,W23,2023,Marketplace
28018,sanvivo,Winter 2023,W23,2023,SaaS
28018,sanvivo,Winter 2023,W23,2023,Consumer Health Services
28018,sanvivo,Winter 2023,W23,2023,Delivery
27828,scanbase,Winter 2023,W23,2023,Machine Learning
27828,scanbase,Winter 2023,W23,2023,Computer Vision
27828,scanbase,Winter 2023,W23,2023,Health Tech
27828,scanbase,Winter 2023,W23,2023,Telemedicine
27828,scanbase,Winter 2023,W23,2023,AI
28368,second,Winter 2023,W23,2023,Developer Tools
28368,second,Winter 2023,W23,2023,Enterprise
28368,second,Winter 2023,W23,2023,AI
27942,sensorsurf,Winter 2023,W23,2023,SaaS
27942,sensorsurf,Winter 2023,W23,2023,DevOps
27942,sensorsurf,Winter 2023,W23,2023,AI
28221,serial,Winter 2023,W23,2023,SaaS
28221,serial,Winter 2023,W23,2023,Analytics
28221,serial,Winter 2023,W23,2023,Manufacturing
27987,shekel-mobility,Winter 2023,W23,2023,Fintech
27987,shekel-mobility,Winter 2023,W23,2023,B2B
27987,shekel-mobility,Winter 2023,W23,2023,Neobank
27950,sherloq,Winter 2023,W23,2023,Generative AI
27950,sherloq,Winter 2023,W23,2023,SaaS
27950,sherloq,Winter 2023,W23,2023,B2B
27950,sherloq,Winter 2023,W23,2023,Analytics
27950,sherloq,Winter 2023,W23,2023,AI
27892,shortloop,Winter 2023,W23,2023,Generative AI
27892,shortloop,Winter 2023,W23,2023,B2B
27892,shortloop,Winter 2023,W23,2023,AI
27892,shortloop,Winter 2023,W23,2023,Automotive
27947,shortbread,Winter 2023,W23,2023,Artificial Intelligence
27947,shortbread,Winter 2023,W23,2023,Consumer
27947,shortbread,Winter 2023,W23,2023,Entertainment
27947,shortbread,Winter 2023,W23,2023,Media
27984,sirdab,Winter 2023,W23,2023,Warehouse Management Tech
27984,sirdab,Winter 2023,W23,2023,B2B
27984,sirdab,Winter 2023,W23,2023,Logistics
28192,skyhook,Winter 2023,W23,2023,Developer Tools
28192,skyhook,Winter 2023,W23,2023,SaaS
28192,skyhook,Winter 2023,W23,2023,B2B
28192,skyhook,Winter 2023,W23,2023,Kubernetes
28192,skyhook,Winter 2023,W23,2023,DevOps
28082,sorted,Winter 2023,W23,2023,SaaS
28082,sorted,Winter 2023,W23,2023,B2B
28082,sorted,Winter 2023,W23,2023,Productivity
28082,sorted,Winter 2023,W23,2023,Collaboration
28082,sorted,Winter 2023,W23,2023,Subscriptions
28413,speccheck,Winter 2023,W23,2023,SaaS
28413,speccheck,Winter 2023,W23,2023,Payments
28413,speccheck,Winter 2023,W23,2023,Health Tech
28413,speccheck,Winter 2023,W23,2023,B2B
28413,speccheck,Winter 2023,W23,2023,API
27667,stackai,Winter 2023,W23,2023,Enterprise
27667,stackai,Winter 2023,W23,2023,Automation
27667,stackai,Winter 2023,W23,2023,AI
27907,storyboarder,Winter 2023,W23,2023,Entertainment
27907,storyboarder,Winter 2023,W23,2023,Media
27907,storyboarder,Winter 2023,W23,2023,Creator Economy
28075,stralis-aircraft,Winter 2023,W23,2023,Hard Tech
28075,stralis-aircraft,Winter 2023,W23,2023,Hydrogen Energy
28075,stralis-aircraft,Winter 2023,W23,2023,Airplanes
28075,stralis-aircraft,Winter 2023,W23,2023,Climate
28075,stralis-aircraft,Winter 2023,W23,2023,Electric Vehicles
27684,struct,Winter 2023,W23,2023,Fintech
27684,struct,Winter 2023,W23,2023,SaaS
27684,struct,Winter 2023,W23,2023,LegalTech
27684,struct,Winter 2023,W23,2023,CRM
27854,suger,Winter 2023,W23,2023,Marketplace
27854,suger,Winter 2023,W23,2023,SaaS
27854,suger,Winter 2023,W23,2023,B2B
27854,suger,Winter 2023,W23,2023,Sales
28107,superapi,Winter 2023,W23,2023,Developer Tools
28107,superapi,Winter 2023,W23,2023,API
27978,superkalam,Winter 2023,W23,2023,AI-Enhanced Learning
27978,superkalam,Winter 2023,W23,2023,Artificial Intelligence
27978,superkalam,Winter 2023,W23,2023,Education
27978,superkalam,Winter 2023,W23,2023,Edtech
27978,superkalam,Winter 2023,W23,2023,AI
27685,syncly,Winter 2023,W23,2023,Generative AI
27685,syncly,Winter 2023,W23,2023,SaaS
27685,syncly,Winter 2023,W23,2023,B2B
27685,syncly,Winter 2023,W23,2023,Social Media
27685,syncly,Winter 2023,W23,2023,Marketing
27897,tableflow,Winter 2023,W23,2023,Documents
27897,tableflow,Winter 2023,W23,2023,SaaS
27897,tableflow,Winter 2023,W23,2023,Data Engineering
27897,tableflow,Winter 2023,W23,2023,Automation
27897,tableflow,Winter 2023,W23,2023,AI
28080,tagsafe,Winter 2023,W23,2023,SaaS
28080,tagsafe,Winter 2023,W23,2023,B2B
28080,tagsafe,Winter 2023,W23,2023,Analytics
28080,tagsafe,Winter 2023,W23,2023,Automation
27811,tennr,Winter 2023,W23,2023,SaaS
27811,tennr,Winter 2023,W23,2023,Workflow Automation
27811,tennr,Winter 2023,W23,2023,Healthcare
28382,theya,Winter 2023,W23,2023,Fintech
28382,theya,Winter 2023,W23,2023,Crypto / Web3
28382,theya,Winter 2023,W23,2023,Consumer
28382,theya,Winter 2023,W23,2023,Neobank
27678,traceloop,Winter 2023,W23,2023,Developer Tools
27678,traceloop,Winter 2023,W23,2023,Generative AI
27678,traceloop,Winter 2023,W23,2023,SaaS
27678,traceloop,Winter 2023,W23,2023,Open Source
27707,trackstar,Winter 2023,W23,2023,SaaS
27707,trackstar,Winter 2023,W23,2023,B2B
27707,trackstar,Winter 2023,W23,2023,Logistics
27707,trackstar,Winter 2023,W23,2023,Supply Chain
27680,trigger-dev,Winter 2023,W23,2023,Developer Tools
27680,trigger-dev,Winter 2023,W23,2023,SaaS
27680,trigger-dev,Winter 2023,W23,2023,B2B
27680,trigger-dev,Winter 2023,W23,2023,Open Source
27680,trigger-dev,Winter 2023,W23,2023,AI
27832,trigo,Winter 2023,W23,2023,Fintech
27832,trigo,Winter 2023,W23,2023,B2B
27832,trigo,Winter 2023,W23,2023,Proptech
27832,trigo,Winter 2023,W23,2023,API
27832,trigo,Winter 2023,W23,2023,Enterprise
27896,truewind,Winter 2023,W23,2023,Fintech
27896,truewind,Winter 2023,W23,2023,Generative AI
27896,truewind,Winter 2023,W23,2023,SaaS
27896,truewind,Winter 2023,W23,2023,B2B
27896,truewind,Winter 2023,W23,2023,AI
28329,type,Winter 2023,W23,2023,Artificial Intelligence
28329,type,Winter 2023,W23,2023,SaaS
28329,type,Winter 2023,W23,2023,Consumer
28329,type,Winter 2023,W23,2023,Productivity
26837,unify,Winter 2023,W23,2023,Artificial Intelligence
26837,unify,Winter 2023,W23,2023,Productivity
26837,unify,Winter 2023,W23,2023,Open Source
26837,unify,Winter 2023,W23,2023,AI
26837,unify,Winter 2023,W23,2023,AI Assistant
28099,unstatiq,Winter 2023,W23,2023,Health Tech
28099,unstatiq,Winter 2023,W23,2023,Finance
28099,unstatiq,Winter 2023,W23,2023,B2B
28099,unstatiq,Winter 2023,W23,2023,Supply Chain
28372,upfront,Winter 2023,W23,2023,Marketplace
28372,upfront,Winter 2023,W23,2023,Consumer
28372,upfront,Winter 2023,W23,2023,Home Services
28372,upfront,Winter 2023,W23,2023,AI Assistant
28418,vaero,Winter 2023,W23,2023,Artificial Intelligence
28418,vaero,Winter 2023,W23,2023,SaaS
28418,vaero,Winter 2023,W23,2023,Consumer
28418,vaero,Winter 2023,W23,2023,B2B
27926,variance,Winter 2023,W23,2023,Artificial Intelligence
27926,variance,Winter 2023,W23,2023,Compliance
27926,variance,Winter 2023,W23,2023,Cybersecurity
27926,variance,Winter 2023,W23,2023,Enterprise Software
28178,vector,Winter 2023,W23,2023,Generative AI
28178,vector,Winter 2023,W23,2023,SaaS
28178,vector,Winter 2023,W23,2023,B2B
28178,vector,Winter 2023,W23,2023,Marketing
28178,vector,Winter 2023,W23,2023,Enterprise
27882,velos,Winter 2023,W23,2023,Artificial Intelligence
27882,velos,Winter 2023,W23,2023,Generative AI
27882,velos,Winter 2023,W23,2023,Reinforcement Learning
27882,velos,Winter 2023,W23,2023,Robotic Process Automation
27882,velos,Winter 2023,W23,2023,Automation
27969,vendah,Winter 2023,W23,2023,Marketplace
28366,vendora,Winter 2023,W23,2023,Artificial Intelligence
28366,vendora,Winter 2023,W23,2023,Grocery
28366,vendora,Winter 2023,W23,2023,Payments
28366,vendora,Winter 2023,W23,2023,B2B
28366,vendora,Winter 2023,W23,2023,Retail
28162,verata,Winter 2023,W23,2023,Fintech
28162,verata,Winter 2023,W23,2023,Generative AI
28162,verata,Winter 2023,W23,2023,SaaS
28162,verata,Winter 2023,W23,2023,HR Tech
27774,versive,Winter 2023,W23,2023,Artificial Intelligence
27774,versive,Winter 2023,W23,2023,SaaS
27774,versive,Winter 2023,W23,2023,B2B
27774,versive,Winter 2023,W23,2023,Design Tools
27774,versive,Winter 2023,W23,2023,Market Research
27683,versori,Winter 2023,W23,2023,SaaS
27683,versori,Winter 2023,W23,2023,B2B
27683,versori,Winter 2023,W23,2023,API
27683,versori,Winter 2023,W23,2023,No-code
27683,versori,Winter 2023,W23,2023,Data Engineering
27698,viddy,Winter 2023,W23,2023,SaaS
27698,viddy,Winter 2023,W23,2023,B2B
27698,viddy,Winter 2023,W23,2023,Video
27698,viddy,Winter 2023,W23,2023,E-commerce
27959,vitalize,Winter 2023,W23,2023,SaaS
27959,vitalize,Winter 2023,W23,2023,B2B
27959,vitalize,Winter 2023,W23,2023,Healthcare
28118,vocode,Winter 2023,W23,2023,Developer Tools
28118,vocode,Winter 2023,W23,2023,Generative AI
28118,vocode,Winter 2023,W23,2023,Open Source
28118,vocode,Winter 2023,W23,2023,Conversational AI
28116,wallbit,Winter 2023,W23,2023,Fintech
28116,wallbit,Winter 2023,W23,2023,Investing
28116,wallbit,Winter 2023,W23,2023,Neobank
28369,warp,Winter 2023,W23,2023,B2B
28369,warp,Winter 2023,W23,2023,HR Tech
28369,warp,Winter 2023,W23,2023,Payroll
28369,warp,Winter 2023,W23,2023,Operations
28369,warp,Winter 2023,W23,2023,AI
28088,waza,Winter 2023,W23,2023,Fintech
28088,waza,Winter 2023,W23,2023,Payments
28088,waza,Winter 2023,W23,2023,B2B
28088,waza,Winter 2023,W23,2023,Emerging Markets
27890,wild-moose,Winter 2023,W23,2023,Developer Tools
27890,wild-moose,Winter 2023,W23,2023,Generative AI
27890,wild-moose,Winter 2023,W23,2023,SaaS
27890,wild-moose,Winter 2023,W23,2023,B2B
27890,wild-moose,Winter 2023,W23,2023,AI
28417,yuma-ai,Winter 2023,W23,2023,Artificial Intelligence
28417,yuma-ai,Winter 2023,W23,2023,Customer Support
28417,yuma-ai,Winter 2023,W23,2023,AI
28417,yuma-ai,Winter 2023,W23,2023,Conversational AI
28417,yuma-ai,Winter 2023,W23,2023,AI Assistant
27807,zerodev,Winter 2023,W23,2023,Crypto / Web3
27869,co-dev,Winter 2023,W23,2023,Artificial Intelligence
27869,co-dev,Winter 2023,W23,2023,Developer Tools
27869,co-dev,Winter 2023,W23,2023,AI
27869,co-dev,Winter 2023,W23,2023,AI Assistant
27857,coil-inc,Winter 2023,W23,2023,Gaming
27857,coil-inc,Winter 2023,W23,2023,Media
27857,coil-inc,Winter 2023,W23,2023,AI
28141,highlight-io,Winter 2023,W23,2023,Developer Tools
28141,highlight-io,Winter 2023,W23,2023,SaaS
28141,highlight-io,Winter 2023,W23,2023,B2B
28141,highlight-io,Winter 2023,W23,2023,Open Source
28141,highlight-io,Winter 2023,W23,2023,Monitoring
28019,inbuild,Winter 2023,W23,2023,AI-Enhanced Learning
28019,inbuild,Winter 2023,W23,2023,Fintech
28019,inbuild,Winter 2023,W23,2023,Payments
28019,inbuild,Winter 2023,W23,2023,Construction
28019,inbuild,Winter 2023,W23,2023,Proptech
27820,infranew,Winter 2023,W23,2023,Artificial Intelligence
27820,infranew,Winter 2023,W23,2023,Developer Tools
27820,infranew,Winter 2023,W23,2023,SaaS
27820,infranew,Winter 2023,W23,2023,B2B
27820,infranew,Winter 2023,W23,2023,Cloud Computing
27817,loopfour,Winter 2023,W23,2023,AI-Enhanced Learning
27817,loopfour,Winter 2023,W23,2023,Workflow Automation
27817,loopfour,Winter 2023,W23,2023,Automation
27817,loopfour,Winter 2023,W23,2023,Operations
27817,loopfour,Winter 2023,W23,2023,AI Assistant
28415,moonrepo,Winter 2023,W23,2023,Developer Tools
28415,moonrepo,Winter 2023,W23,2023,SaaS
28415,moonrepo,Winter 2023,W23,2023,Productivity
28415,moonrepo,Winter 2023,W23,2023,Open Source
28415,moonrepo,Winter 2023,W23,2023,Enterprise
28114,rex-fit,Winter 2023,W23,2023,Artificial Intelligence
28114,rex-fit,Winter 2023,W23,2023,Hard Tech
28114,rex-fit,Winter 2023,W23,2023,Computer Vision
28114,rex-fit,Winter 2023,W23,2023,Consumer Health Services
28114,rex-fit,Winter 2023,W23,2023,Fitness
27679,rift,Winter 2023,W23,2023,SaaS
27679,rift,Winter 2023,W23,2023,B2B
27679,rift,Winter 2023,W23,2023,Sales
27492,zudowork,Winter 2023,W23,2023,AI
28786,accend,Summer 2023,S23,2023,Fintech
28786,accend,Summer 2023,S23,2023,Generative AI
28786,accend,Summer 2023,S23,2023,Finance
28786,accend,Summer 2023,S23,2023,AI
29106,affinity,Summer 2023,S23,2023,Fintech
29106,affinity,Summer 2023,S23,2023,Workflow Automation
29106,affinity,Summer 2023,S23,2023,Team Collaboration
29106,affinity,Summer 2023,S23,2023,Compliance
29106,affinity,Summer 2023,S23,2023,HR Tech
28932,agentcollect,Summer 2023,S23,2023,Artificial Intelligence
28932,agentcollect,Summer 2023,S23,2023,Fintech
28932,agentcollect,Summer 2023,S23,2023,B2B
28932,agentcollect,Summer 2023,S23,2023,Enterprise Software
29110,aisdr,Summer 2023,S23,2023,Artificial Intelligence
29110,aisdr,Summer 2023,S23,2023,SaaS
29110,aisdr,Summer 2023,S23,2023,B2B
29110,aisdr,Summer 2023,S23,2023,Sales
29110,aisdr,Summer 2023,S23,2023,AI
28827,airgoods,Summer 2023,S23,2023,Grocery
28827,airgoods,Summer 2023,S23,2023,Supply Chain
28827,airgoods,Summer 2023,S23,2023,Food & Beverage
28844,alguna,Summer 2023,S23,2023,Fintech
28844,alguna,Summer 2023,S23,2023,SaaS
28844,alguna,Summer 2023,S23,2023,B2B
28844,alguna,Summer 2023,S23,2023,Enterprise
28844,alguna,Summer 2023,S23,2023,AI
29008,andromeda-surgical,Summer 2023,S23,2023,Hard Tech
29008,andromeda-surgical,Summer 2023,S23,2023,Machine Learning
29008,andromeda-surgical,Summer 2023,S23,2023,Medical Robotics
29008,andromeda-surgical,Summer 2023,S23,2023,Medical Devices
29008,andromeda-surgical,Summer 2023,S23,2023,AI
28857,arcimus,Summer 2023,S23,2023,Artificial Intelligence
28857,arcimus,Summer 2023,S23,2023,Generative AI
28857,arcimus,Summer 2023,S23,2023,B2B
28650,artie,Summer 2023,S23,2023,Developer Tools
28650,artie,Summer 2023,S23,2023,SaaS
28650,artie,Summer 2023,S23,2023,Data Engineering
28650,artie,Summer 2023,S23,2023,Enterprise Software
28815,atla,Summer 2023,S23,2023,AIOps
28815,atla,Summer 2023,S23,2023,Artificial Intelligence
28815,atla,Summer 2023,S23,2023,Developer Tools
28815,atla,Summer 2023,S23,2023,Analytics
28815,atla,Summer 2023,S23,2023,AI
28998,automorphic,Summer 2023,S23,2023,AIOps
28998,automorphic,Summer 2023,S23,2023,Deep Learning
28998,automorphic,Summer 2023,S23,2023,Developer Tools
28998,automorphic,Summer 2023,S23,2023,Infrastructure
28998,automorphic,Summer 2023,S23,2023,AI
29136,autotab,Summer 2023,S23,2023,Artificial Intelligence
29136,autotab,Summer 2023,S23,2023,Productivity
29136,autotab,Summer 2023,S23,2023,Enterprise
29136,autotab,Summer 2023,S23,2023,Automation
28999,baserun,Summer 2023,S23,2023,AIOps
28999,baserun,Summer 2023,S23,2023,Artificial Intelligence
28999,baserun,Summer 2023,S23,2023,Developer Tools
28999,baserun,Summer 2023,S23,2023,B2B
28999,baserun,Summer 2023,S23,2023,AI
28976,bolto,Summer 2023,S23,2023,Recruiting
28976,bolto,Summer 2023,S23,2023,HR Tech
28976,bolto,Summer 2023,S23,2023,AI
28759,branch-ai,Summer 2023,S23,2023,Artificial Intelligence
28759,branch-ai,Summer 2023,S23,2023,SaaS
28759,branch-ai,Summer 2023,S23,2023,B2B
28759,branch-ai,Summer 2023,S23,2023,Retail
28759,branch-ai,Summer 2023,S23,2023,Search
28929,bretton-ai,Summer 2023,S23,2023,Artificial Intelligence
28929,bretton-ai,Summer 2023,S23,2023,Fintech
28929,bretton-ai,Summer 2023,S23,2023,Payments
28929,bretton-ai,Summer 2023,S23,2023,B2B
28929,bretton-ai,Summer 2023,S23,2023,Compliance
28868,briefer,Summer 2023,S23,2023,Developer Tools
28868,briefer,Summer 2023,S23,2023,B2B
28868,briefer,Summer 2023,S23,2023,Data Science
28868,briefer,Summer 2023,S23,2023,Data Engineering
28868,briefer,Summer 2023,S23,2023,Data Visualization
28851,bronco-ai,Summer 2023,S23,2023,Artificial Intelligence
28851,bronco-ai,Summer 2023,S23,2023,B2B
28851,bronco-ai,Summer 2023,S23,2023,Enterprise Software
28851,bronco-ai,Summer 2023,S23,2023,Semiconductors
28836,heysol,Summer 2023,S23,2023,Artificial Intelligence
28836,heysol,Summer 2023,S23,2023,Developer Tools
28836,heysol,Summer 2023,S23,2023,Generative AI
28836,heysol,Summer 2023,S23,2023,SaaS
29088,cair-health,Summer 2023,S23,2023,Artificial Intelligence
29088,cair-health,Summer 2023,S23,2023,Health Tech
29088,cair-health,Summer 2023,S23,2023,Healthcare
29088,cair-health,Summer 2023,S23,2023,Health Insurance
29088,cair-health,Summer 2023,S23,2023,ML
28845,campfire-2,Summer 2023,S23,2023,Fintech
28845,campfire-2,Summer 2023,S23,2023,SaaS
28845,campfire-2,Summer 2023,S23,2023,AI
28842,capi-money,Summer 2023,S23,2023,Fintech
28842,capi-money,Summer 2023,S23,2023,Payments
28886,cardinal-gray,Summer 2023,S23,2023,Artificial Intelligence
28886,cardinal-gray,Summer 2023,S23,2023,Enterprise Software
28886,cardinal-gray,Summer 2023,S23,2023,Consumer Finance
28886,cardinal-gray,Summer 2023,S23,2023,Automation
28886,cardinal-gray,Summer 2023,S23,2023,Automotive
28939,careoasis,Summer 2023,S23,2023,Consumer Health Services
28939,careoasis,Summer 2023,S23,2023,Healthcare
28939,careoasis,Summer 2023,S23,2023,Health Insurance
28811,casca,Summer 2023,S23,2023,Artificial Intelligence
28811,casca,Summer 2023,S23,2023,Conversational Banking
28811,casca,Summer 2023,S23,2023,Fintech
28811,casca,Summer 2023,S23,2023,Machine Learning
28811,casca,Summer 2023,S23,2023,Finance
29154,catamaran,Summer 2023,S23,2023,Machine Learning
29154,catamaran,Summer 2023,S23,2023,Finance
29154,catamaran,Summer 2023,S23,2023,Analytics
29154,catamaran,Summer 2023,S23,2023,Insurance
29154,catamaran,Summer 2023,S23,2023,Investing
29071,cedalio,Summer 2023,S23,2023,Fintech
29071,cedalio,Summer 2023,S23,2023,Finance
29071,cedalio,Summer 2023,S23,2023,Data Engineering
29071,cedalio,Summer 2023,S23,2023,AI
28812,cedana,Summer 2023,S23,2023,Deep Learning
28812,cedana,Summer 2023,S23,2023,Developer Tools
28812,cedana,Summer 2023,S23,2023,Cloud Computing
28812,cedana,Summer 2023,S23,2023,Infrastructure
28812,cedana,Summer 2023,S23,2023,AI
29152,cembla,Summer 2023,S23,2023,SaaS
29152,cembla,Summer 2023,S23,2023,GovTech
29152,cembla,Summer 2023,S23,2023,B2B
29152,cembla,Summer 2023,S23,2023,Legal
28404,cercli,Summer 2023,S23,2023,SaaS
28404,cercli,Summer 2023,S23,2023,HR Tech
28404,cercli,Summer 2023,S23,2023,Payroll
29004,chatter,Summer 2023,S23,2023,AIOps
29004,chatter,Summer 2023,S23,2023,Developer Tools
29004,chatter,Summer 2023,S23,2023,Generative AI
29004,chatter,Summer 2023,S23,2023,SaaS
29100,chequpi,Summer 2023,S23,2023,Fintech
29100,chequpi,Summer 2023,S23,2023,Payments
29100,chequpi,Summer 2023,S23,2023,India
29100,chequpi,Summer 2023,S23,2023,Consumer Finance
28881,chow-central-inc,Summer 2023,S23,2023,Consumer
28881,chow-central-inc,Summer 2023,S23,2023,Restaurant Tech
28881,chow-central-inc,Summer 2023,S23,2023,Food
28881,chow-central-inc,Summer 2023,S23,2023,Food & Beverage
28780,clearest-health,Summer 2023,S23,2023,Artificial Intelligence
28780,clearest-health,Summer 2023,S23,2023,SaaS
28780,clearest-health,Summer 2023,S23,2023,Health Tech
28780,clearest-health,Summer 2023,S23,2023,B2B
28780,clearest-health,Summer 2023,S23,2023,Healthcare IT
29153,coba,Summer 2023,S23,2023,Fintech
29153,coba,Summer 2023,S23,2023,Latin America
29153,coba,Summer 2023,S23,2023,Remittances
29153,coba,Summer 2023,S23,2023,Neobank
29156,codestory,Summer 2023,S23,2023,Developer Tools
29156,codestory,Summer 2023,S23,2023,AI
29134,cognitio-labs,Summer 2023,S23,2023,AIOps
29134,cognitio-labs,Summer 2023,S23,2023,B2B
29134,cognitio-labs,Summer 2023,S23,2023,Data Science
29134,cognitio-labs,Summer 2023,S23,2023,AI
29134,cognitio-labs,Summer 2023,S23,2023,AI Assistant
29121,constructable,Summer 2023,S23,2023,SaaS
29121,constructable,Summer 2023,S23,2023,Construction
29121,constructable,Summer 2023,S23,2023,B2B
29121,constructable,Summer 2023,S23,2023,Productivity
29121,constructable,Summer 2023,S23,2023,AI
28957,continue,Summer 2023,S23,2023,Artificial Intelligence
28957,continue,Summer 2023,S23,2023,Developer Tools
28816,contour,Summer 2023,S23,2023,Artificial Intelligence
28816,contour,Summer 2023,S23,2023,B2B
28816,contour,Summer 2023,S23,2023,Workflow Automation
28816,contour,Summer 2023,S23,2023,Healthcare
28816,contour,Summer 2023,S23,2023,Enterprise Software
28983,converge,Summer 2023,S23,2023,SaaS
28983,converge,Summer 2023,S23,2023,Analytics
28983,converge,Summer 2023,S23,2023,E-commerce
28983,converge,Summer 2023,S23,2023,Marketing
28983,converge,Summer 2023,S23,2023,Infrastructure
28862,corgea,Summer 2023,S23,2023,Developer Tools
28862,corgea,Summer 2023,S23,2023,SaaS
28862,corgea,Summer 2023,S23,2023,Security
28862,corgea,Summer 2023,S23,2023,Cybersecurity
28862,corgea,Summer 2023,S23,2023,AI
28858,craftos,Summer 2023,S23,2023,SaaS
28858,craftos,Summer 2023,S23,2023,B2B
28858,craftos,Summer 2023,S23,2023,Retail
28823,craftwork,Summer 2023,S23,2023,Proptech
28823,craftwork,Summer 2023,S23,2023,Home Services
28823,craftwork,Summer 2023,S23,2023,Home Automation
28829,datashare,Summer 2023,S23,2023,Analytics
28829,datashare,Summer 2023,S23,2023,Data Engineering
28829,datashare,Summer 2023,S23,2023,Databases
28787,deasy-labs,Summer 2023,S23,2023,Artificial Intelligence
28787,deasy-labs,Summer 2023,S23,2023,Data Labeling
28787,deasy-labs,Summer 2023,S23,2023,Big Data
28787,deasy-labs,Summer 2023,S23,2023,AI Assistant
28787,deasy-labs,Summer 2023,S23,2023,Databases
28890,decoda-health,Summer 2023,S23,2023,Artificial Intelligence
28890,decoda-health,Summer 2023,S23,2023,SaaS
28890,decoda-health,Summer 2023,S23,2023,Digital Health
28890,decoda-health,Summer 2023,S23,2023,Healthcare IT
28884,dialtone,Summer 2023,S23,2023,Artificial Intelligence
28884,dialtone,Summer 2023,S23,2023,B2B
28884,dialtone,Summer 2023,S23,2023,AI
28805,diligent,Summer 2023,S23,2023,Fintech
28805,diligent,Summer 2023,S23,2023,Compliance
28805,diligent,Summer 2023,S23,2023,Fraud Prevention
28805,diligent,Summer 2023,S23,2023,Regtech
28805,diligent,Summer 2023,S23,2023,AI
29003,disputeninja,Summer 2023,S23,2023,Artificial Intelligence
29003,disputeninja,Summer 2023,S23,2023,SaaS
29003,disputeninja,Summer 2023,S23,2023,Payments
29003,disputeninja,Summer 2023,S23,2023,B2B
28854,docsum,Summer 2023,S23,2023,Documents
28854,docsum,Summer 2023,S23,2023,B2B
28854,docsum,Summer 2023,S23,2023,Legal
28854,docsum,Summer 2023,S23,2023,LegalTech
28854,docsum,Summer 2023,S23,2023,AI
29086,eden-care,Summer 2023,S23,2023,Fintech
29086,eden-care,Summer 2023,S23,2023,Health Insurance
29086,eden-care,Summer 2023,S23,2023,Infrastructure
28784,elyos-ai,Summer 2023,S23,2023,Artificial Intelligence
28784,elyos-ai,Summer 2023,S23,2023,SaaS
28784,elyos-ai,Summer 2023,S23,2023,B2B
28784,elyos-ai,Summer 2023,S23,2023,AI Assistant
29046,elythea,Summer 2023,S23,2023,Health Tech
29046,elythea,Summer 2023,S23,2023,Digital Health
29046,elythea,Summer 2023,S23,2023,Women's Health
29046,elythea,Summer 2023,S23,2023,AI
29046,elythea,Summer 2023,S23,2023,ML
28936,empirical-health,Summer 2023,S23,2023,Generative AI
28936,empirical-health,Summer 2023,S23,2023,Machine Learning
28936,empirical-health,Summer 2023,S23,2023,Consumer Health Services
28936,empirical-health,Summer 2023,S23,2023,Healthcare
28936,empirical-health,Summer 2023,S23,2023,AI
28981,energent-ai,Summer 2023,S23,2023,Productivity
28981,energent-ai,Summer 2023,S23,2023,Big Data
28981,energent-ai,Summer 2023,S23,2023,Enterprise Software
28981,energent-ai,Summer 2023,S23,2023,Automation
28981,energent-ai,Summer 2023,S23,2023,AI Assistant
29002,envelope,Summer 2023,S23,2023,Fintech
29002,envelope,Summer 2023,S23,2023,Consumer
29002,envelope,Summer 2023,S23,2023,Neobank
28900,epsilla,Summer 2023,S23,2023,SaaS
28900,epsilla,Summer 2023,S23,2023,Infrastructure
28900,epsilla,Summer 2023,S23,2023,AI
28900,epsilla,Summer 2023,S23,2023,Databases
29074,fiber-ai,Summer 2023,S23,2023,Generative AI
29074,fiber-ai,Summer 2023,S23,2023,SaaS
29074,fiber-ai,Summer 2023,S23,2023,Recruiting
29074,fiber-ai,Summer 2023,S23,2023,Sales
29074,fiber-ai,Summer 2023,S23,2023,AI
28880,fleetworks,Summer 2023,S23,2023,Logistics
28880,fleetworks,Summer 2023,S23,2023,AI
29162,flex,Summer 2023,S23,2023,Fintech
29162,flex,Summer 2023,S23,2023,Marketplace
29162,flex,Summer 2023,S23,2023,Health & Wellness
28982,flint-2,Summer 2023,S23,2023,Education
28982,flint-2,Summer 2023,S23,2023,Generative AI
28982,flint-2,Summer 2023,S23,2023,Edtech
28982,flint-2,Summer 2023,S23,2023,AI
29105,flowiseai,Summer 2023,S23,2023,Artificial Intelligence
29105,flowiseai,Summer 2023,S23,2023,Developer Tools
29105,flowiseai,Summer 2023,S23,2023,Generative AI
29105,flowiseai,Summer 2023,S23,2023,Open Source
28935,fortuna-health,Summer 2023,S23,2023,Health Tech
28935,fortuna-health,Summer 2023,S23,2023,Healthcare
28935,fortuna-health,Summer 2023,S23,2023,Healthcare IT
29112,foundation-2,Summer 2023,S23,2023,SaaS
29112,foundation-2,Summer 2023,S23,2023,Real Estate
29112,foundation-2,Summer 2023,S23,2023,B2B
29112,foundation-2,Summer 2023,S23,2023,Proptech
29112,foundation-2,Summer 2023,S23,2023,AI Assistant
29108,giga,Summer 2023,S23,2023,Artificial Intelligence
29108,giga,Summer 2023,S23,2023,AI
28938,glade,Summer 2023,S23,2023,Generative AI
28938,glade,Summer 2023,S23,2023,Consumer
28938,glade,Summer 2023,S23,2023,Entertainment
28938,glade,Summer 2023,S23,2023,Gaming
28938,glade,Summer 2023,S23,2023,AI
28974,gleam,Summer 2023,S23,2023,Artificial Intelligence
28974,gleam,Summer 2023,S23,2023,Biotech
28974,gleam,Summer 2023,S23,2023,Healthcare
29123,glide-2,Summer 2023,S23,2023,Developer Tools
29123,glide-2,Summer 2023,S23,2023,Crypto / Web3
29123,glide-2,Summer 2023,S23,2023,B2B
29123,glide-2,Summer 2023,S23,2023,API
29123,glide-2,Summer 2023,S23,2023,Infrastructure
28838,greentally,Summer 2023,S23,2023,Artificial Intelligence
28838,greentally,Summer 2023,S23,2023,Generative AI
28838,greentally,Summer 2023,S23,2023,Machine Learning
28838,greentally,Summer 2023,S23,2023,SaaS
28838,greentally,Summer 2023,S23,2023,AI
28940,guac,Summer 2023,S23,2023,Grocery
28940,guac,Summer 2023,S23,2023,Machine Learning
28940,guac,Summer 2023,S23,2023,Climate
28940,guac,Summer 2023,S23,2023,Supply Chain
29069,happyrobot,Summer 2023,S23,2023,Logistics
29069,happyrobot,Summer 2023,S23,2023,AI Assistant
28869,health-harbor,Summer 2023,S23,2023,SaaS
28869,health-harbor,Summer 2023,S23,2023,B2B
28869,health-harbor,Summer 2023,S23,2023,Healthcare IT
28869,health-harbor,Summer 2023,S23,2023,Billing
28869,health-harbor,Summer 2023,S23,2023,AI
29159,healthtech-1,Summer 2023,S23,2023,Health Tech
29159,healthtech-1,Summer 2023,S23,2023,Workflow Automation
29159,healthtech-1,Summer 2023,S23,2023,Digital Health
29159,healthtech-1,Summer 2023,S23,2023,Healthcare
29159,healthtech-1,Summer 2023,S23,2023,Healthcare IT
28885,hiro,Summer 2023,S23,2023,Developer Tools
28885,hiro,Summer 2023,S23,2023,B2B
28885,hiro,Summer 2023,S23,2023,Infrastructure
28589,hockeystack,Summer 2023,S23,2023,SaaS
28589,hockeystack,Summer 2023,S23,2023,B2B
28589,hockeystack,Summer 2023,S23,2023,Analytics
28589,hockeystack,Summer 2023,S23,2023,Sales
28589,hockeystack,Summer 2023,S23,2023,Marketing
28593,hylight,Summer 2023,S23,2023,Hydrogen Energy
28593,hylight,Summer 2023,S23,2023,B2B
28593,hylight,Summer 2023,S23,2023,Climate
28593,hylight,Summer 2023,S23,2023,Energy
28593,hylight,Summer 2023,S23,2023,Aerospace
28788,hyperbound,Summer 2023,S23,2023,AI-Enhanced Learning
28788,hyperbound,Summer 2023,S23,2023,B2B
28788,hyperbound,Summer 2023,S23,2023,Sales
28788,hyperbound,Summer 2023,S23,2023,Sales Enablement
28788,hyperbound,Summer 2023,S23,2023,Conversational AI
29006,inari,Summer 2023,S23,2023,Artificial Intelligence
29006,inari,Summer 2023,S23,2023,Generative AI
29006,inari,Summer 2023,S23,2023,B2B
29006,inari,Summer 2023,S23,2023,Analytics
29006,inari,Summer 2023,S23,2023,Enterprise
29103,inconvo,Summer 2023,S23,2023,Artificial Intelligence
29103,inconvo,Summer 2023,S23,2023,Developer Tools
29103,inconvo,Summer 2023,S23,2023,Analytics
29103,inconvo,Summer 2023,S23,2023,API
29040,inventive-ai,Summer 2023,S23,2023,Artificial Intelligence
29040,inventive-ai,Summer 2023,S23,2023,Generative AI
29040,inventive-ai,Summer 2023,S23,2023,SaaS
29040,inventive-ai,Summer 2023,S23,2023,B2B
29040,inventive-ai,Summer 2023,S23,2023,Sales
28978,khoj,Summer 2023,S23,2023,Generative AI
28978,khoj,Summer 2023,S23,2023,Consumer
28978,khoj,Summer 2023,S23,2023,Productivity
28978,khoj,Summer 2023,S23,2023,Open Source
28978,khoj,Summer 2023,S23,2023,AI Assistant
28707,kino-ai,Summer 2023,S23,2023,Artificial Intelligence
28707,kino-ai,Summer 2023,S23,2023,Entertainment
28707,kino-ai,Summer 2023,S23,2023,Video
28707,kino-ai,Summer 2023,S23,2023,AI Assistant
29102,kips-health,Summer 2023,S23,2023,Artificial Intelligence
29102,kips-health,Summer 2023,S23,2023,Consumer Health Services
29102,kips-health,Summer 2023,S23,2023,Health Tech
29102,kips-health,Summer 2023,S23,2023,Healthcare
28852,kite,Summer 2023,S23,2023,Video
28852,kite,Summer 2023,S23,2023,Media
28852,kite,Summer 2023,S23,2023,Marketing
28852,kite,Summer 2023,S23,2023,Advertising
28852,kite,Summer 2023,S23,2023,AI
28971,kobalt-labs,Summer 2023,S23,2023,Banking as a Service
28971,kobalt-labs,Summer 2023,S23,2023,Fintech
29041,langdock,Summer 2023,S23,2023,Artificial Intelligence
29041,langdock,Summer 2023,S23,2023,AI
28743,leafpress,Summer 2023,S23,2023,Enterprise
28743,leafpress,Summer 2023,S23,2023,Enterprise Software
28743,leafpress,Summer 2023,S23,2023,Infrastructure
29160,letterbook,Summer 2023,S23,2023,Customer Service
29160,letterbook,Summer 2023,S23,2023,Customer Support
29160,letterbook,Summer 2023,S23,2023,AI
28813,lifelike,Summer 2023,S23,2023,Generative AI
28937,lifestylerx,Summer 2023,S23,2023,Health Tech
28937,lifestylerx,Summer 2023,S23,2023,Telehealth
28937,lifestylerx,Summer 2023,S23,2023,Healthcare
28937,lifestylerx,Summer 2023,S23,2023,Health & Wellness
29089,line-build,Summer 2023,S23,2023,Payments
29089,line-build,Summer 2023,S23,2023,Construction
29089,line-build,Summer 2023,S23,2023,Climate
29089,line-build,Summer 2023,S23,2023,Renewable Energy
29089,line-build,Summer 2023,S23,2023,ClimateTech
28894,lysto,Summer 2023,S23,2023,Artificial Intelligence
28859,micsi,Summer 2023,S23,2023,Computer Vision
28859,micsi,Summer 2023,S23,2023,Medical Devices
28859,micsi,Summer 2023,S23,2023,Healthcare
28795,magic-loops,Summer 2023,S23,2023,Generative AI
28795,magic-loops,Summer 2023,S23,2023,Consumer
28795,magic-loops,Summer 2023,S23,2023,Productivity
28795,magic-loops,Summer 2023,S23,2023,Automation
28899,maintouch,Summer 2023,S23,2023,Marketing
28818,mandel-ai,Summer 2023,S23,2023,Logistics
28818,mandel-ai,Summer 2023,S23,2023,Manufacturing
28818,mandel-ai,Summer 2023,S23,2023,Supply Chain
28818,mandel-ai,Summer 2023,S23,2023,Procurement
28818,mandel-ai,Summer 2023,S23,2023,AI
28967,mantlebio,Summer 2023,S23,2023,SaaS
28967,mantlebio,Summer 2023,S23,2023,Biotech
28967,mantlebio,Summer 2023,S23,2023,Data Science
28923,maven-bio,Summer 2023,S23,2023,Generative AI
28923,maven-bio,Summer 2023,S23,2023,Biotech
28923,maven-bio,Summer 2023,S23,2023,Healthcare
28923,maven-bio,Summer 2023,S23,2023,Enterprise
28923,maven-bio,Summer 2023,S23,2023,Healthcare IT
28928,medisearch,Summer 2023,S23,2023,Artificial Intelligence
28928,medisearch,Summer 2023,S23,2023,Generative AI
28928,medisearch,Summer 2023,S23,2023,Consumer Health Services
28928,medisearch,Summer 2023,S23,2023,Digital Health
28928,medisearch,Summer 2023,S23,2023,Healthcare
28927,metalware,Summer 2023,S23,2023,DevSecOps
28927,metalware,Summer 2023,S23,2023,Hardware
28927,metalware,Summer 2023,S23,2023,GovTech
28927,metalware,Summer 2023,S23,2023,Cybersecurity
28927,metalware,Summer 2023,S23,2023,Enterprise
28779,metoro,Summer 2023,S23,2023,Developer Tools
28779,metoro,Summer 2023,S23,2023,Kubernetes
28779,metoro,Summer 2023,S23,2023,DevOps
28779,metoro,Summer 2023,S23,2023,AI
28930,midrender,Summer 2023,S23,2023,Design
28930,midrender,Summer 2023,S23,2023,Design Tools
28930,midrender,Summer 2023,S23,2023,Video
28930,midrender,Summer 2023,S23,2023,Marketing
28930,midrender,Summer 2023,S23,2023,AI
29081,minded,Summer 2023,S23,2023,Artificial Intelligence
29081,minded,Summer 2023,S23,2023,B2B
29081,minded,Summer 2023,S23,2023,API
29081,minded,Summer 2023,S23,2023,Customer Support
29081,minded,Summer 2023,S23,2023,AI Assistant
29115,mocha,Summer 2023,S23,2023,Artificial Intelligence
29115,mocha,Summer 2023,S23,2023,No-code
29115,mocha,Summer 2023,S23,2023,Web Development
29120,morph,Summer 2023,S23,2023,Artificial Intelligence
29120,morph,Summer 2023,S23,2023,Developer Tools
29120,morph,Summer 2023,S23,2023,Generative AI
29120,morph,Summer 2023,S23,2023,API
29120,morph,Summer 2023,S23,2023,AI
29045,movley,Summer 2023,S23,2023,Artificial Intelligence
29045,movley,Summer 2023,S23,2023,Logistics
29045,movley,Summer 2023,S23,2023,Manufacturing
29045,movley,Summer 2023,S23,2023,E-commerce
29045,movley,Summer 2023,S23,2023,Supply Chain
29051,nanograb,Summer 2023,S23,2023,AI-powered Drug Discovery
29051,nanograb,Summer 2023,S23,2023,Nanomedicine
29051,nanograb,Summer 2023,S23,2023,Biotech
29051,nanograb,Summer 2023,S23,2023,Drug Delivery
29051,nanograb,Summer 2023,S23,2023,Therapeutics
29119,nowadays,Summer 2023,S23,2023,Artificial Intelligence
29119,nowadays,Summer 2023,S23,2023,B2B
29119,nowadays,Summer 2023,S23,2023,Logistics
29119,nowadays,Summer 2023,S23,2023,Marketing
29119,nowadays,Summer 2023,S23,2023,AI
28891,numen,Summer 2023,S23,2023,Machine Learning
28891,numen,Summer 2023,S23,2023,Biotech
28891,numen,Summer 2023,S23,2023,Healthcare
28891,numen,Summer 2023,S23,2023,Diagnostics
28891,numen,Summer 2023,S23,2023,AI
28853,obento-health,Summer 2023,S23,2023,B2B
28853,obento-health,Summer 2023,S23,2023,Medical Devices
28853,obento-health,Summer 2023,S23,2023,Healthcare
28853,obento-health,Summer 2023,S23,2023,CRM
28853,obento-health,Summer 2023,S23,2023,AI
28794,ohmic-biosciences,Summer 2023,S23,2023,Synthetic Biology
28794,ohmic-biosciences,Summer 2023,S23,2023,Biotech
28794,ohmic-biosciences,Summer 2023,S23,2023,Climate
28794,ohmic-biosciences,Summer 2023,S23,2023,Agriculture
28794,ohmic-biosciences,Summer 2023,S23,2023,Genetic Engineering
29187,openpipe,Summer 2023,S23,2023,AIOps
29187,openpipe,Summer 2023,S23,2023,Artificial Intelligence
29187,openpipe,Summer 2023,S23,2023,Open Source
28814,opentools,Summer 2023,S23,2023,Marketplace
28814,opentools,Summer 2023,S23,2023,AI
29137,opensteer,Summer 2023,S23,2023,Artificial Intelligence
29137,opensteer,Summer 2023,S23,2023,Robotic Process Automation
29137,opensteer,Summer 2023,S23,2023,B2B
29137,opensteer,Summer 2023,S23,2023,API
29137,opensteer,Summer 2023,S23,2023,Automation
28776,ora-ai,Summer 2023,S23,2023,Artificial Intelligence
28776,ora-ai,Summer 2023,S23,2023,Education
28776,ora-ai,Summer 2023,S23,2023,Healthcare
29157,orbio-earth,Summer 2023,S23,2023,Artificial Intelligence
29157,orbio-earth,Summer 2023,S23,2023,Satellites
29157,orbio-earth,Summer 2023,S23,2023,Analytics
29157,orbio-earth,Summer 2023,S23,2023,Climate
29157,orbio-earth,Summer 2023,S23,2023,Energy
28864,outset,Summer 2023,S23,2023,SaaS
28864,outset,Summer 2023,S23,2023,B2B
28864,outset,Summer 2023,S23,2023,Market Research
28864,outset,Summer 2023,S23,2023,Enterprise Software
28864,outset,Summer 2023,S23,2023,AI
29087,paradedb,Summer 2023,S23,2023,Developer Tools
29087,paradedb,Summer 2023,S23,2023,Analytics
29087,paradedb,Summer 2023,S23,2023,Open Source
29087,paradedb,Summer 2023,S23,2023,Infrastructure
29087,paradedb,Summer 2023,S23,2023,Databases
28846,parea,Summer 2023,S23,2023,Developer Tools
28846,parea,Summer 2023,S23,2023,Generative AI
28846,parea,Summer 2023,S23,2023,SaaS
28846,parea,Summer 2023,S23,2023,DevOps
28846,parea,Summer 2023,S23,2023,Monitoring
28659,peerdb,Summer 2023,S23,2023,Developer Tools
28659,peerdb,Summer 2023,S23,2023,Open Source
28659,peerdb,Summer 2023,S23,2023,Data Engineering
28659,peerdb,Summer 2023,S23,2023,Enterprise Software
28659,peerdb,Summer 2023,S23,2023,Databases
28966,pincites,Summer 2023,S23,2023,Artificial Intelligence
28966,pincites,Summer 2023,S23,2023,B2B
28966,pincites,Summer 2023,S23,2023,Legal
28966,pincites,Summer 2023,S23,2023,LegalTech
28807,pointhound,Summer 2023,S23,2023,Artificial Intelligence
28807,pointhound,Summer 2023,S23,2023,Fintech
28807,pointhound,Summer 2023,S23,2023,Consumer
28807,pointhound,Summer 2023,S23,2023,Travel
28808,proprise,Summer 2023,S23,2023,Machine Learning
28808,proprise,Summer 2023,S23,2023,SaaS
28808,proprise,Summer 2023,S23,2023,Real Estate
28808,proprise,Summer 2023,S23,2023,B2B
28808,proprise,Summer 2023,S23,2023,Analytics
28821,prosper,Summer 2023,S23,2023,Health Tech
28821,prosper,Summer 2023,S23,2023,B2B
28821,prosper,Summer 2023,S23,2023,Healthcare
28821,prosper,Summer 2023,S23,2023,AI
28849,punchcard,Summer 2023,S23,2023,SaaS
28849,punchcard,Summer 2023,S23,2023,B2B
28849,punchcard,Summer 2023,S23,2023,AI
29053,pure,Summer 2023,S23,2023,Marketplace
29085,quill-bills,Summer 2023,S23,2023,Artificial Intelligence
29085,quill-bills,Summer 2023,S23,2023,Healthcare
29085,quill-bills,Summer 2023,S23,2023,Health Insurance
29085,quill-bills,Summer 2023,S23,2023,Healthcare IT
29085,quill-bills,Summer 2023,S23,2023,Billing
28992,rankai,Summer 2023,S23,2023,Artificial Intelligence
28992,rankai,Summer 2023,S23,2023,SaaS
28992,rankai,Summer 2023,S23,2023,B2B
28992,rankai,Summer 2023,S23,2023,Marketing
28997,read-bean,Summer 2023,S23,2023,AI-Enhanced Learning
28997,read-bean,Summer 2023,S23,2023,Education
28997,read-bean,Summer 2023,S23,2023,eLearning
28809,readily,Summer 2023,S23,2023,B2B
28809,readily,Summer 2023,S23,2023,Compliance
28809,readily,Summer 2023,S23,2023,Healthcare
28809,readily,Summer 2023,S23,2023,Regtech
28809,readily,Summer 2023,S23,2023,AI
29078,recipeui,Summer 2023,S23,2023,Developer Tools
29078,recipeui,Summer 2023,S23,2023,Open Source
29078,recipeui,Summer 2023,S23,2023,API
28799,remy,Summer 2023,S23,2023,Generative AI
28799,remy,Summer 2023,S23,2023,Health Insurance
28799,remy,Summer 2023,S23,2023,Operations
28799,remy,Summer 2023,S23,2023,AI
28882,repaint,Summer 2023,S23,2023,SaaS
28882,repaint,Summer 2023,S23,2023,Chatbot
28882,repaint,Summer 2023,S23,2023,Design
28882,repaint,Summer 2023,S23,2023,Web Development
28882,repaint,Summer 2023,S23,2023,AI
28744,reworkd,Summer 2023,S23,2023,Artificial Intelligence
28744,reworkd,Summer 2023,S23,2023,Generative AI
28744,reworkd,Summer 2023,S23,2023,B2B
28744,reworkd,Summer 2023,S23,2023,Open Source
28958,rimward,Summer 2023,S23,2023,Machine Learning
28958,rimward,Summer 2023,S23,2023,Computer Vision
28958,rimward,Summer 2023,S23,2023,B2B
28958,rimward,Summer 2023,S23,2023,Security
28958,rimward,Summer 2023,S23,2023,Enterprise
29093,roame,Summer 2023,S23,2023,Artificial Intelligence
29093,roame,Summer 2023,S23,2023,SaaS
29093,roame,Summer 2023,S23,2023,Travel
29093,roame,Summer 2023,S23,2023,Airlines
29093,roame,Summer 2023,S23,2023,Consumer Finance
28843,sid,Summer 2023,S23,2023,Artificial Intelligence
28843,sid,Summer 2023,S23,2023,Infrastructure
28843,sid,Summer 2023,S23,2023,AI
29107,saatvy,Summer 2023,S23,2023,Consumer Health Services
29107,saatvy,Summer 2023,S23,2023,Health & Wellness
29107,saatvy,Summer 2023,S23,2023,AI
29000,safetykit,Summer 2023,S23,2023,Fintech
29000,safetykit,Summer 2023,S23,2023,Compliance
29000,safetykit,Summer 2023,S23,2023,Trust & Safety
29042,sante,Summer 2023,S23,2023,Fintech
29042,sante,Summer 2023,S23,2023,SaaS
29042,sante,Summer 2023,S23,2023,B2B
29042,sante,Summer 2023,S23,2023,Retail
28863,serra,Summer 2023,S23,2023,Artificial Intelligence
28863,serra,Summer 2023,S23,2023,Recruiting
28863,serra,Summer 2023,S23,2023,HR Tech
28863,serra,Summer 2023,S23,2023,Enterprise Software
28863,serra,Summer 2023,S23,2023,AI Assistant
28867,shasta-health,Summer 2023,S23,2023,Health Tech
28867,shasta-health,Summer 2023,S23,2023,Digital Health
28867,shasta-health,Summer 2023,S23,2023,Healthcare
28867,shasta-health,Summer 2023,S23,2023,Healthcare IT
28867,shasta-health,Summer 2023,S23,2023,AI
28902,sidenote,Summer 2023,S23,2023,Productivity
28902,sidenote,Summer 2023,S23,2023,Automation
28902,sidenote,Summer 2023,S23,2023,AI
29010,silimate,Summer 2023,S23,2023,Artificial Intelligence
29010,silimate,Summer 2023,S23,2023,Developer Tools
29010,silimate,Summer 2023,S23,2023,B2B
29010,silimate,Summer 2023,S23,2023,Enterprise Software
29010,silimate,Summer 2023,S23,2023,Semiconductors
29113,simbie-ai,Summer 2023,S23,2023,Artificial Intelligence
29113,simbie-ai,Summer 2023,S23,2023,SaaS
29113,simbie-ai,Summer 2023,S23,2023,Health Tech
29146,singularity,Summer 2023,S23,2023,Hardware
29146,singularity,Summer 2023,S23,2023,Manufacturing
29146,singularity,Summer 2023,S23,2023,Aerospace
28887,skyvern,Summer 2023,S23,2023,Artificial Intelligence
28887,skyvern,Summer 2023,S23,2023,Robotic Process Automation
28887,skyvern,Summer 2023,S23,2023,Workflow Automation
28887,skyvern,Summer 2023,S23,2023,Open Source
28887,skyvern,Summer 2023,S23,2023,API
28979,slicker,Summer 2023,S23,2023,Artificial Intelligence
28979,slicker,Summer 2023,S23,2023,FinOps
28979,slicker,Summer 2023,S23,2023,SaaS
28979,slicker,Summer 2023,S23,2023,Payments
28979,slicker,Summer 2023,S23,2023,Subscriptions
29080,smobi,Summer 2023,S23,2023,B2B
29080,smobi,Summer 2023,S23,2023,API
29080,smobi,Summer 2023,S23,2023,Marketing
29080,smobi,Summer 2023,S23,2023,SMS
29080,smobi,Summer 2023,S23,2023,Telecommunications
28802,sohar-health,Summer 2023,S23,2023,Artificial Intelligence
28802,sohar-health,Summer 2023,S23,2023,Health Tech
28802,sohar-health,Summer 2023,S23,2023,Digital Health
28802,sohar-health,Summer 2023,S23,2023,API
28802,sohar-health,Summer 2023,S23,2023,Data Science
28996,sola,Summer 2023,S23,2023,Artificial Intelligence
28996,sola,Summer 2023,S23,2023,Robotic Process Automation
28996,sola,Summer 2023,S23,2023,Workflow Automation
28996,sola,Summer 2023,S23,2023,Automation
28839,spine-ai,Summer 2023,S23,2023,Artificial Intelligence
28839,spine-ai,Summer 2023,S23,2023,Generative AI
28839,spine-ai,Summer 2023,S23,2023,SaaS
29082,strada,Summer 2023,S23,2023,SaaS
29082,strada,Summer 2023,S23,2023,B2B
29082,strada,Summer 2023,S23,2023,Insurance
29082,strada,Summer 2023,S23,2023,AI
29118,structured-labs,Summer 2023,S23,2023,Artificial Intelligence
29118,structured-labs,Summer 2023,S23,2023,Developer Tools
29118,structured-labs,Summer 2023,S23,2023,Search
28969,studdy,Summer 2023,S23,2023,AI-Enhanced Learning
28969,studdy,Summer 2023,S23,2023,Education
28969,studdy,Summer 2023,S23,2023,Consumer
28969,studdy,Summer 2023,S23,2023,Edtech
28969,studdy,Summer 2023,S23,2023,AI
28837,subsets,Summer 2023,S23,2023,Machine Learning
28837,subsets,Summer 2023,S23,2023,B2B
28837,subsets,Summer 2023,S23,2023,Enterprise Software
28837,subsets,Summer 2023,S23,2023,AI
28921,surface-labs,Summer 2023,S23,2023,Sales
28921,surface-labs,Summer 2023,S23,2023,Marketing
28921,surface-labs,Summer 2023,S23,2023,Advertising
28921,surface-labs,Summer 2023,S23,2023,AI
28921,surface-labs,Summer 2023,S23,2023,Conversational AI
29013,sweep,Summer 2023,S23,2023,Artificial Intelligence
29013,sweep,Summer 2023,S23,2023,Developer Tools
29013,sweep,Summer 2023,S23,2023,AI Assistant
28835,synch,Summer 2023,S23,2023,Generative AI
28835,synch,Summer 2023,S23,2023,SaaS
28835,synch,Summer 2023,S23,2023,B2B
28826,talc,Summer 2023,S23,2023,Artificial Intelligence
29150,tempo-2,Summer 2023,S23,2023,Artificial Intelligence
29150,tempo-2,Summer 2023,S23,2023,Developer Tools
29150,tempo-2,Summer 2023,S23,2023,B2B
29150,tempo-2,Summer 2023,S23,2023,Design Tools
29150,tempo-2,Summer 2023,S23,2023,AI
28860,terminal,Summer 2023,S23,2023,Developer Tools
28860,terminal,Summer 2023,S23,2023,Logistics
28860,terminal,Summer 2023,S23,2023,API
28860,terminal,Summer 2023,S23,2023,Supply Chain
28860,terminal,Summer 2023,S23,2023,Transportation
29073,terracotta-ai,Summer 2023,S23,2023,Artificial Intelligence
29073,terracotta-ai,Summer 2023,S23,2023,Developer Tools
29073,terracotta-ai,Summer 2023,S23,2023,DevOps
29073,terracotta-ai,Summer 2023,S23,2023,Infrastructure
29079,tiptap,Summer 2023,S23,2023,Artificial Intelligence
29079,tiptap,Summer 2023,S23,2023,Developer Tools
29079,tiptap,Summer 2023,S23,2023,Open Source
28968,trainy,Summer 2023,S23,2023,Developer Tools
28968,trainy,Summer 2023,S23,2023,Machine Learning
28968,trainy,Summer 2023,S23,2023,SaaS
28968,trainy,Summer 2023,S23,2023,Infrastructure
29090,trayd,Summer 2023,S23,2023,Fintech
29090,trayd,Summer 2023,S23,2023,SaaS
29090,trayd,Summer 2023,S23,2023,Construction
29090,trayd,Summer 2023,S23,2023,Proptech
29090,trayd,Summer 2023,S23,2023,Payroll
28660,tremor,Summer 2023,S23,2023,Data Visualization
28660,tremor,Summer 2023,S23,2023,Web Development
28777,twenty,Summer 2023,S23,2023,SaaS
28777,twenty,Summer 2023,S23,2023,B2B
28777,twenty,Summer 2023,S23,2023,Open Source
28777,twenty,Summer 2023,S23,2023,Sales
28777,twenty,Summer 2023,S23,2023,CRM
29117,twine,Summer 2023,S23,2023,Artificial Intelligence
29117,twine,Summer 2023,S23,2023,Sales
29117,twine,Summer 2023,S23,2023,Sales Enablement
29117,twine,Summer 2023,S23,2023,Marketing
29117,twine,Summer 2023,S23,2023,SMB
28920,unhaze,Summer 2023,S23,2023,SaaS
28920,unhaze,Summer 2023,S23,2023,B2B
28920,unhaze,Summer 2023,S23,2023,Sales
28920,unhaze,Summer 2023,S23,2023,AI
28994,vango-ai,Summer 2023,S23,2023,Developer Tools
28994,vango-ai,Summer 2023,S23,2023,Generative AI
28994,vango-ai,Summer 2023,S23,2023,Design
28994,vango-ai,Summer 2023,S23,2023,Gaming
28994,vango-ai,Summer 2023,S23,2023,AI
28977,vaultpay,Summer 2023,S23,2023,Fintech
28977,vaultpay,Summer 2023,S23,2023,Payments
28977,vaultpay,Summer 2023,S23,2023,B2B
28977,vaultpay,Summer 2023,S23,2023,Neobank
29001,vectorshift,Summer 2023,S23,2023,Artificial Intelligence
29001,vectorshift,Summer 2023,S23,2023,Generative AI
29001,vectorshift,Summer 2023,S23,2023,Finance
28847,venta-ai,Summer 2023,S23,2023,Artificial Intelligence
28847,venta-ai,Summer 2023,S23,2023,Sales
28893,vetrec,Summer 2023,S23,2023,Artificial Intelligence
28893,vetrec,Summer 2023,S23,2023,Generative AI
28893,vetrec,Summer 2023,S23,2023,Health Tech
28931,vizly,Summer 2023,S23,2023,Artificial Intelligence
28931,vizly,Summer 2023,S23,2023,Privacy
28931,vizly,Summer 2023,S23,2023,Data Science
28931,vizly,Summer 2023,S23,2023,Data Visualization
28931,vizly,Summer 2023,S23,2023,AI
29122,wattson-health,Summer 2023,S23,2023,Artificial Intelligence
29122,wattson-health,Summer 2023,S23,2023,SaaS
29122,wattson-health,Summer 2023,S23,2023,Healthcare
29122,wattson-health,Summer 2023,S23,2023,Healthcare IT
29122,wattson-health,Summer 2023,S23,2023,AI Assistant
29091,webhound,Summer 2023,S23,2023,Artificial Intelligence
29091,webhound,Summer 2023,S23,2023,Generative AI
29091,webhound,Summer 2023,S23,2023,Consumer
29091,webhound,Summer 2023,S23,2023,Search
29091,webhound,Summer 2023,S23,2023,AI
28778,xeol,Summer 2023,S23,2023,Artificial Intelligence
28778,xeol,Summer 2023,S23,2023,Security
28778,xeol,Summer 2023,S23,2023,Cybersecurity
28810,zelos-cloud,Summer 2023,S23,2023,Hard Tech
28810,zelos-cloud,Summer 2023,S23,2023,Manufacturing
28810,zelos-cloud,Summer 2023,S23,2023,Data Visualization
29092,dili,Summer 2023,S23,2023,Fintech
29092,dili,Summer 2023,S23,2023,B2B
29092,dili,Summer 2023,S23,2023,Compliance
29092,dili,Summer 2023,S23,2023,Energy
29092,dili,Summer 2023,S23,2023,AI
28663,kapa-ai,Summer 2023,S23,2023,Artificial Intelligence
28663,kapa-ai,Summer 2023,S23,2023,Generative AI
28663,kapa-ai,Summer 2023,S23,2023,AI
28663,kapa-ai,Summer 2023,S23,2023,Conversational AI
28663,kapa-ai,Summer 2023,S23,2023,AI Assistant
28907,refine,Summer 2023,S23,2023,Developer Tools
28907,refine,Summer 2023,S23,2023,Open Source
28907,refine,Summer 2023,S23,2023,Web Development
28959,sizeless,Summer 2023,S23,2023,Artificial Intelligence
28959,sizeless,Summer 2023,S23,2023,Computer Vision
28959,sizeless,Summer 2023,S23,2023,Real Estate
28959,sizeless,Summer 2023,S23,2023,Construction
28959,sizeless,Summer 2023,S23,2023,Energy
29018,sudocode,Summer 2023,S23,2023,Artificial Intelligence
29018,sudocode,Summer 2023,S23,2023,Developer Tools
29018,sudocode,Summer 2023,S23,2023,Generative AI
29018,sudocode,Summer 2023,S23,2023,AI
29125,truemetrics,Summer 2023,S23,2023,Artificial Intelligence
29125,truemetrics,Summer 2023,S23,2023,Delivery
29125,truemetrics,Summer 2023,S23,2023,Logistics
29125,truemetrics,Summer 2023,S23,2023,ML
29391,abel,Winter 2024,W24,2024,Artificial Intelligence
29391,abel,Winter 2024,W24,2024,Generative AI
29391,abel,Winter 2024,W24,2024,B2B
29391,abel,Winter 2024,W24,2024,Legal
29391,abel,Winter 2024,W24,2024,LegalTech
29443,adapted,Winter 2024,W24,2024,Artificial Intelligence
29443,adapted,Winter 2024,W24,2024,Fitness
29443,adapted,Winter 2024,W24,2024,Digital Health
29443,adapted,Winter 2024,W24,2024,Health & Wellness
29358,aedilic,Winter 2024,W24,2024,Computer Vision
29358,aedilic,Winter 2024,W24,2024,AI
29383,aftercare,Winter 2024,W24,2024,SaaS
29383,aftercare,Winter 2024,W24,2024,Productivity
29383,aftercare,Winter 2024,W24,2024,Feedback
29383,aftercare,Winter 2024,W24,2024,Data Visualization
29275,agentic-labs-2,Winter 2024,W24,2024,Artificial Intelligence
29275,agentic-labs-2,Winter 2024,W24,2024,Developer Tools
29272,aidy,Winter 2024,W24,2024,Consumer Health Services
29272,aidy,Winter 2024,W24,2024,Digital Health
29420,alai,Winter 2024,W24,2024,Artificial Intelligence
29420,alai,Winter 2024,W24,2024,Productivity
29263,alex-com,Winter 2024,W24,2024,SaaS
29263,alex-com,Winter 2024,W24,2024,B2B
29263,alex-com,Winter 2024,W24,2024,Recruiting
29263,alex-com,Winter 2024,W24,2024,HR Tech
29263,alex-com,Winter 2024,W24,2024,AI
29253,andon-labs,Winter 2024,W24,2024,Machine Learning
29253,andon-labs,Winter 2024,W24,2024,AI
29386,andy-ai,Winter 2024,W24,2024,Artificial Intelligence
29386,andy-ai,Winter 2024,W24,2024,SaaS
29386,andy-ai,Winter 2024,W24,2024,Health Tech
29386,andy-ai,Winter 2024,W24,2024,B2B
29386,andy-ai,Winter 2024,W24,2024,Healthcare
29450,aqua-voice,Winter 2024,W24,2024,Artificial Intelligence
29450,aqua-voice,Winter 2024,W24,2024,Consumer
29450,aqua-voice,Winter 2024,W24,2024,Productivity
29450,aqua-voice,Winter 2024,W24,2024,AI
29464,arcane,Winter 2024,W24,2024,Artificial Intelligence
29464,arcane,Winter 2024,W24,2024,Generative AI
29464,arcane,Winter 2024,W24,2024,AI
29288,arini,Winter 2024,W24,2024,Artificial Intelligence
29288,arini,Winter 2024,W24,2024,Health Tech
29288,arini,Winter 2024,W24,2024,Dental
29288,arini,Winter 2024,W24,2024,Call Center
29288,arini,Winter 2024,W24,2024,AI
29295,artisan,Winter 2024,W24,2024,Artificial Intelligence
29295,artisan,Winter 2024,W24,2024,B2B
29295,artisan,Winter 2024,W24,2024,Sales
29295,artisan,Winter 2024,W24,2024,Automation
29295,artisan,Winter 2024,W24,2024,AI Assistant
29315,attunement,Winter 2024,W24,2024,Artificial Intelligence
29315,attunement,Winter 2024,W24,2024,Workflow Automation
29315,attunement,Winter 2024,W24,2024,Healthcare
29284,averyiq,Winter 2024,W24,2024,Real Estate
29284,averyiq,Winter 2024,W24,2024,Proptech
29284,averyiq,Winter 2024,W24,2024,Telecommunications
29284,averyiq,Winter 2024,W24,2024,AI
29277,basalt,Winter 2024,W24,2024,Artificial Intelligence
29277,basalt,Winter 2024,W24,2024,Satellites
29277,basalt,Winter 2024,W24,2024,Aerospace
29277,basalt,Winter 2024,W24,2024,Automation
29277,basalt,Winter 2024,W24,2024,Defense
29451,basepilot,Winter 2024,W24,2024,Artificial Intelligence
29451,basepilot,Winter 2024,W24,2024,Insurance
29451,basepilot,Winter 2024,W24,2024,No-code
29451,basepilot,Winter 2024,W24,2024,Automation
29451,basepilot,Winter 2024,W24,2024,AI Assistant
29409,betterbasket,Winter 2024,W24,2024,Artificial Intelligence
29409,betterbasket,Winter 2024,W24,2024,B2B
29409,betterbasket,Winter 2024,W24,2024,Analytics
29409,betterbasket,Winter 2024,W24,2024,Food & Beverage
29409,betterbasket,Winter 2024,W24,2024,Retail
29307,blume-benefits,Winter 2024,W24,2024,Artificial Intelligence
29307,blume-benefits,Winter 2024,W24,2024,Health Insurance
29307,blume-benefits,Winter 2024,W24,2024,AI Assistant
29417,brainbase-labs,Winter 2024,W24,2024,Artificial Intelligence
29417,brainbase-labs,Winter 2024,W24,2024,Generative AI
29417,brainbase-labs,Winter 2024,W24,2024,SaaS
29417,brainbase-labs,Winter 2024,W24,2024,B2B
29417,brainbase-labs,Winter 2024,W24,2024,Workflow Automation
29281,breez-labs,Winter 2024,W24,2024,Artificial Intelligence
29370,browser-buddy,Winter 2024,W24,2024,Consumer
29370,browser-buddy,Winter 2024,W24,2024,AI
29376,carma,Winter 2024,W24,2024,B2B
29376,carma,Winter 2024,W24,2024,Workflow Automation
29376,carma,Winter 2024,W24,2024,Compliance
29376,carma,Winter 2024,W24,2024,AI
29376,carma,Winter 2024,W24,2024,Automotive
29276,carousel-technologies,Winter 2024,W24,2024,Finance
29276,carousel-technologies,Winter 2024,W24,2024,B2B
29276,carousel-technologies,Winter 2024,W24,2024,Enterprise Software
29320,celest,Winter 2024,W24,2024,Developer Tools
29320,celest,Winter 2024,W24,2024,SaaS
29320,celest,Winter 2024,W24,2024,B2B
29320,celest,Winter 2024,W24,2024,Cloud Computing
29320,celest,Winter 2024,W24,2024,Infrastructure
29399,centauri-ai,Winter 2024,W24,2024,Developer Tools
29399,centauri-ai,Winter 2024,W24,2024,Workflow Automation
29399,centauri-ai,Winter 2024,W24,2024,AI
29356,centralize,Winter 2024,W24,2024,Artificial Intelligence
29356,centralize,Winter 2024,W24,2024,SaaS
29356,centralize,Winter 2024,W24,2024,B2B
29356,centralize,Winter 2024,W24,2024,Sales
29356,centralize,Winter 2024,W24,2024,AI
29339,clarion,Winter 2024,W24,2024,Artificial Intelligence
29339,clarion,Winter 2024,W24,2024,Health Tech
29339,clarion,Winter 2024,W24,2024,Digital Health
29339,clarion,Winter 2024,W24,2024,Healthcare
29395,clarum,Winter 2024,W24,2024,Fintech
29395,clarum,Winter 2024,W24,2024,SaaS
29395,clarum,Winter 2024,W24,2024,Finance
29395,clarum,Winter 2024,W24,2024,B2B
29395,clarum,Winter 2024,W24,2024,AI
29414,cleva,Winter 2024,W24,2024,Fintech
29414,cleva,Winter 2024,W24,2024,Crypto / Web3
29414,cleva,Winter 2024,W24,2024,Remote Work
29414,cleva,Winter 2024,W24,2024,Emerging Markets
29414,cleva,Winter 2024,W24,2024,Neobank
29481,cocrafter,Winter 2024,W24,2024,Marketplace
29481,cocrafter,Winter 2024,W24,2024,Construction
29368,codeant-ai,Winter 2024,W24,2024,Cybersecurity
29455,commodityai,Winter 2024,W24,2024,B2B
29455,commodityai,Winter 2024,W24,2024,Workflow Automation
29455,commodityai,Winter 2024,W24,2024,Enterprise Software
29455,commodityai,Winter 2024,W24,2024,AI
29380,conduit-ai,Winter 2024,W24,2024,Travel
29380,conduit-ai,Winter 2024,W24,2024,Sales
29380,conduit-ai,Winter 2024,W24,2024,Customer Service
29380,conduit-ai,Winter 2024,W24,2024,AI
29338,consul,Winter 2024,W24,2024,Fintech
29338,consul,Winter 2024,W24,2024,Payments
29306,copper-health,Winter 2024,W24,2024,Health Tech
29306,copper-health,Winter 2024,W24,2024,Telehealth
29306,copper-health,Winter 2024,W24,2024,B2B
29306,copper-health,Winter 2024,W24,2024,Digital Health
29306,copper-health,Winter 2024,W24,2024,AI
29207,cora,Winter 2024,W24,2024,Consumer
29207,cora,Winter 2024,W24,2024,Fitness
29207,cora,Winter 2024,W24,2024,AI
29207,cora,Winter 2024,W24,2024,AI Assistant
29508,crowdvolt,Winter 2024,W24,2024,Marketplace
29508,crowdvolt,Winter 2024,W24,2024,Entertainment
29508,crowdvolt,Winter 2024,W24,2024,Social Network
29508,crowdvolt,Winter 2024,W24,2024,Music
29508,crowdvolt,Winter 2024,W24,2024,Infrastructure
29334,decipher-ai,Winter 2024,W24,2024,Artificial Intelligence
29334,decipher-ai,Winter 2024,W24,2024,Developer Tools
29334,decipher-ai,Winter 2024,W24,2024,B2B
29334,decipher-ai,Winter 2024,W24,2024,Enterprise Software
29334,decipher-ai,Winter 2024,W24,2024,AI
29422,deep24,Winter 2024,W24,2024,Recruiting
29422,deep24,Winter 2024,W24,2024,Health & Wellness
29422,deep24,Winter 2024,W24,2024,Social Network
29422,deep24,Winter 2024,W24,2024,AI Assistant
29447,deepnight,Winter 2024,W24,2024,Artificial Intelligence
29447,deepnight,Winter 2024,W24,2024,Computer Vision
29404,diana,Winter 2024,W24,2024,Artificial Intelligence
29404,diana,Winter 2024,W24,2024,Productivity
29404,diana,Winter 2024,W24,2024,SMB
29404,diana,Winter 2024,W24,2024,Operations
29404,diana,Winter 2024,W24,2024,AI Assistant
29364,dime-2,Winter 2024,W24,2024,Healthcare
29436,downlink,Winter 2024,W24,2024,Artificial Intelligence
29436,downlink,Winter 2024,W24,2024,Developer Tools
29436,downlink,Winter 2024,W24,2024,SaaS
29436,downlink,Winter 2024,W24,2024,API
29367,draftaid,Winter 2024,W24,2024,Construction
29367,draftaid,Winter 2024,W24,2024,Design
29367,draftaid,Winter 2024,W24,2024,Manufacturing
29367,draftaid,Winter 2024,W24,2024,Architecture
29367,draftaid,Winter 2024,W24,2024,AI Assistant
29503,dragoneye,Winter 2024,W24,2024,Developer Tools
29503,dragoneye,Winter 2024,W24,2024,Computer Vision
29503,dragoneye,Winter 2024,W24,2024,AI
29503,dragoneye,Winter 2024,W24,2024,ML
29184,drymerge,Winter 2024,W24,2024,Artificial Intelligence
29184,drymerge,Winter 2024,W24,2024,CRM
29184,drymerge,Winter 2024,W24,2024,Automation
29238,duckie,Winter 2024,W24,2024,Artificial Intelligence
29238,duckie,Winter 2024,W24,2024,Generative AI
29238,duckie,Winter 2024,W24,2024,Customer Support
29238,duckie,Winter 2024,W24,2024,Operations
29238,duckie,Winter 2024,W24,2024,AI
29299,ecliptor,Winter 2024,W24,2024,Artificial Intelligence
29299,ecliptor,Winter 2024,W24,2024,B2B
29299,ecliptor,Winter 2024,W24,2024,Sales
29396,edgetrace,Winter 2024,W24,2024,Artificial Intelligence
29396,edgetrace,Winter 2024,W24,2024,GovTech
29396,edgetrace,Winter 2024,W24,2024,Computer Vision
29396,edgetrace,Winter 2024,W24,2024,B2B
29396,edgetrace,Winter 2024,W24,2024,Video
29297,eggnog,Winter 2024,W24,2024,Artificial Intelligence
29297,eggnog,Winter 2024,W24,2024,Entertainment
29297,eggnog,Winter 2024,W24,2024,Social Media
29297,eggnog,Winter 2024,W24,2024,Video
29365,ellipsis,Winter 2024,W24,2024,Artificial Intelligence
29365,ellipsis,Winter 2024,W24,2024,Developer Tools
29365,ellipsis,Winter 2024,W24,2024,Machine Learning
29365,ellipsis,Winter 2024,W24,2024,AI
29381,elodin,Winter 2024,W24,2024,Hard Tech
29381,elodin,Winter 2024,W24,2024,Drones
29381,elodin,Winter 2024,W24,2024,Satellites
29381,elodin,Winter 2024,W24,2024,Rocketry
29381,elodin,Winter 2024,W24,2024,Aerospace
29470,eris-biotech,Winter 2024,W24,2024,Biotech
29470,eris-biotech,Winter 2024,W24,2024,Therapeutics
29470,eris-biotech,Winter 2024,W24,2024,Drug discovery
29470,eris-biotech,Winter 2024,W24,2024,Oncology
29181,event-horizon-labs,Winter 2024,W24,2024,Finance
29181,event-horizon-labs,Winter 2024,W24,2024,Investing
29181,event-horizon-labs,Winter 2024,W24,2024,AI
29350,feldy,Winter 2024,W24,2024,Artificial Intelligence
29350,feldy,Winter 2024,W24,2024,Construction
29350,feldy,Winter 2024,W24,2024,Home Services
29350,feldy,Winter 2024,W24,2024,AI
29449,fileforge,Winter 2024,W24,2024,Documents
29449,fileforge,Winter 2024,W24,2024,Developer Tools
29449,fileforge,Winter 2024,W24,2024,B2B
29449,fileforge,Winter 2024,W24,2024,API
29352,firebender,Winter 2024,W24,2024,Artificial Intelligence
29352,firebender,Winter 2024,W24,2024,AI Assistant
29452,fluently,Winter 2024,W24,2024,Education
29452,fluently,Winter 2024,W24,2024,SaaS
29452,fluently,Winter 2024,W24,2024,Consumer
29452,fluently,Winter 2024,W24,2024,Productivity
29452,fluently,Winter 2024,W24,2024,AI
29416,focal,Winter 2024,W24,2024,Artificial Intelligence
29416,focal,Winter 2024,W24,2024,Consumer
29416,focal,Winter 2024,W24,2024,Video
29499,forge,Winter 2024,W24,2024,Artificial Intelligence
29499,forge,Winter 2024,W24,2024,B2B
29499,forge,Winter 2024,W24,2024,Logistics
29499,forge,Winter 2024,W24,2024,Supply Chain
29519,forge-rewards,Winter 2024,W24,2024,Artificial Intelligence
29519,forge-rewards,Winter 2024,W24,2024,Restaurant Tech
29519,forge-rewards,Winter 2024,W24,2024,Food Tech
29290,furtherai,Winter 2024,W24,2024,Insurance
29269,garage-2,Winter 2024,W24,2024,Marketplace
29513,getcrux,Winter 2024,W24,2024,Artificial Intelligence
29513,getcrux,Winter 2024,W24,2024,SaaS
29513,getcrux,Winter 2024,W24,2024,Analytics
29513,getcrux,Winter 2024,W24,2024,Marketing
29513,getcrux,Winter 2024,W24,2024,Automation
29322,glimmer,Winter 2024,W24,2024,Search
29322,glimmer,Winter 2024,W24,2024,AI
29341,gloglo,Winter 2024,W24,2024,Artificial Intelligence
29341,gloglo,Winter 2024,W24,2024,Consumer Health Services
29341,gloglo,Winter 2024,W24,2024,Consumer
29341,gloglo,Winter 2024,W24,2024,E-commerce
29341,gloglo,Winter 2024,W24,2024,AI Assistant
29485,granza-bio,Winter 2024,W24,2024,Synthetic Biology
29485,granza-bio,Winter 2024,W24,2024,Biotech
29485,granza-bio,Winter 2024,W24,2024,Healthcare
29485,granza-bio,Winter 2024,W24,2024,Therapeutics
29485,granza-bio,Winter 2024,W24,2024,Oncology
29298,greenboard,Winter 2024,W24,2024,Fintech
29298,greenboard,Winter 2024,W24,2024,SaaS
29298,greenboard,Winter 2024,W24,2024,Compliance
29298,greenboard,Winter 2024,W24,2024,Operations
29298,greenboard,Winter 2024,W24,2024,AI
29226,greptile,Winter 2024,W24,2024,Artificial Intelligence
29226,greptile,Winter 2024,W24,2024,Developer Tools
29226,greptile,Winter 2024,W24,2024,AI
29328,guide-labs,Winter 2024,W24,2024,Artificial Intelligence
29233,happenstance,Winter 2024,W24,2024,Artificial Intelligence
29433,hatchet-run,Winter 2024,W24,2024,Developer Tools
29433,hatchet-run,Winter 2024,W24,2024,Open Source
29433,hatchet-run,Winter 2024,W24,2024,Infrastructure
29385,hazel-2,Winter 2024,W24,2024,GovTech
29385,hazel-2,Winter 2024,W24,2024,Procurement
29385,hazel-2,Winter 2024,W24,2024,AI
29403,heartbyte,Winter 2024,W24,2024,Generative AI
29403,heartbyte,Winter 2024,W24,2024,Consumer
29403,heartbyte,Winter 2024,W24,2024,Entertainment
29403,heartbyte,Winter 2024,W24,2024,Social Media
29342,inquery-2,Winter 2024,W24,2024,Documents
29342,inquery-2,Winter 2024,W24,2024,Insurance
29342,inquery-2,Winter 2024,W24,2024,AI
29342,inquery-2,Winter 2024,W24,2024,AI Assistant
29533,indemni,Winter 2024,W24,2024,Identity
29533,indemni,Winter 2024,W24,2024,Logistics
29533,indemni,Winter 2024,W24,2024,Supply Chain
29533,indemni,Winter 2024,W24,2024,Fraud Prevention
29533,indemni,Winter 2024,W24,2024,Fraud Detection
29343,infinity,Winter 2024,W24,2024,Fintech
29343,infinity,Winter 2024,W24,2024,Payments
29343,infinity,Winter 2024,W24,2024,B2B
29343,infinity,Winter 2024,W24,2024,Investing
29343,infinity,Winter 2024,W24,2024,International
29511,inspectmind-ai,Winter 2024,W24,2024,Artificial Intelligence
29511,inspectmind-ai,Winter 2024,W24,2024,Construction
29511,inspectmind-ai,Winter 2024,W24,2024,B2B
29511,inspectmind-ai,Winter 2024,W24,2024,Proptech
29511,inspectmind-ai,Winter 2024,W24,2024,AI
29498,integuru,Winter 2024,W24,2024,Artificial Intelligence
29498,integuru,Winter 2024,W24,2024,Developer Tools
29498,integuru,Winter 2024,W24,2024,B2B
29498,integuru,Winter 2024,W24,2024,API
29498,integuru,Winter 2024,W24,2024,Automation
29407,justai,Winter 2024,W24,2024,Artificial Intelligence
29407,justai,Winter 2024,W24,2024,Reinforcement Learning
29407,justai,Winter 2024,W24,2024,Workflow Automation
29407,justai,Winter 2024,W24,2024,Personalization
29407,justai,Winter 2024,W24,2024,Marketing
29523,k-scale-labs,Winter 2024,W24,2024,Machine Learning
29523,k-scale-labs,Winter 2024,W24,2024,Robotics
29523,k-scale-labs,Winter 2024,W24,2024,Consumer
29523,k-scale-labs,Winter 2024,W24,2024,AI
29245,kabilah,Winter 2024,W24,2024,Generative AI
29245,kabilah,Winter 2024,W24,2024,Digital Health
29245,kabilah,Winter 2024,W24,2024,Healthcare
29245,kabilah,Winter 2024,W24,2024,AI
29270,keystroke,Winter 2024,W24,2024,Artificial Intelligence
29270,keystroke,Winter 2024,W24,2024,Developer Tools
29270,keystroke,Winter 2024,W24,2024,Generative AI
29270,keystroke,Winter 2024,W24,2024,Workflow Automation
29270,keystroke,Winter 2024,W24,2024,Automation
29178,lantern-2,Winter 2024,W24,2024,Artificial Intelligence
29178,lantern-2,Winter 2024,W24,2024,B2B
29178,lantern-2,Winter 2024,W24,2024,Open Source
29178,lantern-2,Winter 2024,W24,2024,Enterprise
29178,lantern-2,Winter 2024,W24,2024,Databases
29501,latted,Winter 2024,W24,2024,B2B
29501,latted,Winter 2024,W24,2024,Video
29501,latted,Winter 2024,W24,2024,Marketing
29501,latted,Winter 2024,W24,2024,AI
29278,leaping,Winter 2024,W24,2024,Developer Tools
29278,leaping,Winter 2024,W24,2024,AI Assistant
29201,legora,Winter 2024,W24,2024,Artificial Intelligence
29201,legora,Winter 2024,W24,2024,Generative AI
29201,legora,Winter 2024,W24,2024,LegalTech
29333,lemonslice,Winter 2024,W24,2024,Artificial Intelligence
29333,lemonslice,Winter 2024,W24,2024,Consumer
29333,lemonslice,Winter 2024,W24,2024,Video
29419,lumetric,Winter 2024,W24,2024,B2B
29419,lumetric,Winter 2024,W24,2024,Productivity
29419,lumetric,Winter 2024,W24,2024,AI
29459,lumona,Winter 2024,W24,2024,Artificial Intelligence
29459,lumona,Winter 2024,W24,2024,Generative AI
29459,lumona,Winter 2024,W24,2024,Consumer
29459,lumona,Winter 2024,W24,2024,Search
29461,magic-hour,Winter 2024,W24,2024,Artificial Intelligence
29461,magic-hour,Winter 2024,W24,2024,B2B
29461,magic-hour,Winter 2024,W24,2024,Video
29461,magic-hour,Winter 2024,W24,2024,Media
29461,magic-hour,Winter 2024,W24,2024,Creator Economy
29397,manifold-freight,Winter 2024,W24,2024,Artificial Intelligence
29397,manifold-freight,Winter 2024,W24,2024,B2B
29397,manifold-freight,Winter 2024,W24,2024,Logistics
29397,manifold-freight,Winter 2024,W24,2024,Automation
29456,marblism,Winter 2024,W24,2024,Generative AI
29456,marblism,Winter 2024,W24,2024,AI
29456,marblism,Winter 2024,W24,2024,AI Assistant
29522,marr-labs,Winter 2024,W24,2024,Artificial Intelligence
29522,marr-labs,Winter 2024,W24,2024,Conversational AI
29522,marr-labs,Winter 2024,W24,2024,AI Assistant
29506,mathos,Winter 2024,W24,2024,AI-Enhanced Learning
29506,mathos,Winter 2024,W24,2024,Education
29506,mathos,Winter 2024,W24,2024,Generative AI
29506,mathos,Winter 2024,W24,2024,Edtech
29506,mathos,Winter 2024,W24,2024,AI
29319,meticulate,Winter 2024,W24,2024,Artificial Intelligence
29319,meticulate,Winter 2024,W24,2024,Generative AI
29319,meticulate,Winter 2024,W24,2024,SaaS
29319,meticulate,Winter 2024,W24,2024,Sales
29366,metofico,Winter 2024,W24,2024,SaaS
29366,metofico,Winter 2024,W24,2024,Data Science
29366,metofico,Winter 2024,W24,2024,No-code
29366,metofico,Winter 2024,W24,2024,Data Visualization
29453,miden,Winter 2024,W24,2024,Fintech
29453,miden,Winter 2024,W24,2024,Payments
29453,miden,Winter 2024,W24,2024,B2B
29453,miden,Winter 2024,W24,2024,APIs
29516,million,Winter 2024,W24,2024,Artificial Intelligence
29410,model-ml,Winter 2024,W24,2024,Artificial Intelligence
29410,model-ml,Winter 2024,W24,2024,SaaS
29410,model-ml,Winter 2024,W24,2024,Finance
29410,model-ml,Winter 2024,W24,2024,B2B
29256,momentic,Winter 2024,W24,2024,Artificial Intelligence
29256,momentic,Winter 2024,W24,2024,Developer Tools
29256,momentic,Winter 2024,W24,2024,B2B
29256,momentic,Winter 2024,W24,2024,Enterprise Software
29326,monumint,Winter 2024,W24,2024,Fintech
29326,monumint,Winter 2024,W24,2024,Finance
29326,monumint,Winter 2024,W24,2024,B2B
29326,monumint,Winter 2024,W24,2024,AI
29355,nanocorp,Winter 2024,W24,2024,AI
29183,navier-ai,Winter 2024,W24,2024,Aerospace
29183,navier-ai,Winter 2024,W24,2024,AI
29183,navier-ai,Winter 2024,W24,2024,Automotive
29249,nuanced,Winter 2024,W24,2024,Developer Tools
29249,nuanced,Winter 2024,W24,2024,AI
29249,nuanced,Winter 2024,W24,2024,AI Assistant
29442,ocular-ai,Winter 2024,W24,2024,Machine Learning
29442,ocular-ai,Winter 2024,W24,2024,Speech Recognition
29442,ocular-ai,Winter 2024,W24,2024,Data Engineering
29442,ocular-ai,Winter 2024,W24,2024,AI
29473,oddsview,Winter 2024,W24,2024,Sports Tech
29473,oddsview,Winter 2024,W24,2024,Consumer
29390,offdeal,Winter 2024,W24,2024,Artificial Intelligence
29390,offdeal,Winter 2024,W24,2024,Fintech
29390,offdeal,Winter 2024,W24,2024,B2B
29390,offdeal,Winter 2024,W24,2024,SMB
29312,onegrep,Winter 2024,W24,2024,Generative AI
29312,onegrep,Winter 2024,W24,2024,B2B
29312,onegrep,Winter 2024,W24,2024,DevOps
29312,onegrep,Winter 2024,W24,2024,Conversational AI
29177,onyx,Winter 2024,W24,2024,Open Source
29177,onyx,Winter 2024,W24,2024,NLP
29177,onyx,Winter 2024,W24,2024,Enterprise
29177,onyx,Winter 2024,W24,2024,Search
29177,onyx,Winter 2024,W24,2024,AI
29360,open,Winter 2024,W24,2024,Generative AI
29360,open,Winter 2024,W24,2024,Customer Service
29360,open,Winter 2024,W24,2024,Customer Support
29360,open,Winter 2024,W24,2024,Conversational AI
29360,open,Winter 2024,W24,2024,AI Assistant
29466,openfoundry,Winter 2024,W24,2024,Developer Tools
29466,openfoundry,Winter 2024,W24,2024,B2B
29466,openfoundry,Winter 2024,W24,2024,Open Source
29466,openfoundry,Winter 2024,W24,2024,Infrastructure
29466,openfoundry,Winter 2024,W24,2024,AI
29394,opencall,Winter 2024,W24,2024,Healthcare
29424,openmart,Winter 2024,W24,2024,Artificial Intelligence
29424,openmart,Winter 2024,W24,2024,SaaS
29424,openmart,Winter 2024,W24,2024,B2B
29424,openmart,Winter 2024,W24,2024,Sales
29424,openmart,Winter 2024,W24,2024,AI
29345,pandasai,Winter 2024,W24,2024,Artificial Intelligence
29345,pandasai,Winter 2024,W24,2024,Analytics
29345,pandasai,Winter 2024,W24,2024,Data Visualization
29345,pandasai,Winter 2024,W24,2024,AI
29303,panelytic,Winter 2024,W24,2024,Artificial Intelligence
29348,parallel,Winter 2024,W24,2024,Artificial Intelligence
29348,parallel,Winter 2024,W24,2024,Healthcare
29348,parallel,Winter 2024,W24,2024,Automation
29527,parcelbio,Winter 2024,W24,2024,Gene Therapy
29527,parcelbio,Winter 2024,W24,2024,Synthetic Biology
29527,parcelbio,Winter 2024,W24,2024,Biotech
29527,parcelbio,Winter 2024,W24,2024,Therapeutics
29527,parcelbio,Winter 2024,W24,2024,Drug discovery
29285,patchwork,Winter 2024,W24,2024,SaaS
29285,patchwork,Winter 2024,W24,2024,B2B
29285,patchwork,Winter 2024,W24,2024,Productivity
29285,patchwork,Winter 2024,W24,2024,Collaboration
29285,patchwork,Winter 2024,W24,2024,AI
29362,pazi,Winter 2024,W24,2024,Developer Tools
29362,pazi,Winter 2024,W24,2024,Security
29362,pazi,Winter 2024,W24,2024,Web Development
29362,pazi,Winter 2024,W24,2024,AI
29477,piramidal,Winter 2024,W24,2024,Artificial Intelligence
29477,piramidal,Winter 2024,W24,2024,Neurotechnology
29273,pivot-robotics,Winter 2024,W24,2024,Artificial Intelligence
29273,pivot-robotics,Winter 2024,W24,2024,Robotics
29273,pivot-robotics,Winter 2024,W24,2024,Industrial
29286,pointone,Winter 2024,W24,2024,Artificial Intelligence
29286,pointone,Winter 2024,W24,2024,SaaS
29286,pointone,Winter 2024,W24,2024,B2B
29286,pointone,Winter 2024,W24,2024,Legal
29465,polar,Winter 2024,W24,2024,Fintech
29465,polar,Winter 2024,W24,2024,Crypto / Web3
29465,polar,Winter 2024,W24,2024,Investing
29465,polar,Winter 2024,W24,2024,Remittances
29465,polar,Winter 2024,W24,2024,Neobank
29332,polished,Winter 2024,W24,2024,Artificial Intelligence
29332,polished,Winter 2024,W24,2024,Developer Tools
29332,polished,Winter 2024,W24,2024,SaaS
29332,polished,Winter 2024,W24,2024,B2B
29332,polished,Winter 2024,W24,2024,Advertising
29247,precip,Winter 2024,W24,2024,Consumer
29247,precip,Winter 2024,W24,2024,Climate
29247,precip,Winter 2024,W24,2024,API
29247,precip,Winter 2024,W24,2024,Agriculture
29247,precip,Winter 2024,W24,2024,AI
29375,preloop,Winter 2024,W24,2024,Artificial Intelligence
29375,preloop,Winter 2024,W24,2024,Deep Learning
29375,preloop,Winter 2024,W24,2024,Developer Tools
29375,preloop,Winter 2024,W24,2024,Machine Learning
29375,preloop,Winter 2024,W24,2024,Data Science
29265,pretzel-ai,Winter 2024,W24,2024,Artificial Intelligence
29265,pretzel-ai,Winter 2024,W24,2024,Open Source
29398,prosights,Winter 2024,W24,2024,Artificial Intelligence
29398,prosights,Winter 2024,W24,2024,Fintech
29398,prosights,Winter 2024,W24,2024,Analytics
29398,prosights,Winter 2024,W24,2024,Enterprise Software
29398,prosights,Winter 2024,W24,2024,Investments
29324,promptarmor,Winter 2024,W24,2024,Generative AI
29324,promptarmor,Winter 2024,W24,2024,Security
29324,promptarmor,Winter 2024,W24,2024,Cybersecurity
29324,promptarmor,Winter 2024,W24,2024,AI
29260,quary,Winter 2024,W24,2024,Artificial Intelligence
29260,quary,Winter 2024,W24,2024,Analytics
29260,quary,Winter 2024,W24,2024,Data Science
29260,quary,Winter 2024,W24,2024,Data Engineering
29260,quary,Winter 2024,W24,2024,AI
29291,roe,Winter 2024,W24,2024,Fintech
29291,roe,Winter 2024,W24,2024,Generative AI
29291,roe,Winter 2024,W24,2024,Compliance
29291,roe,Winter 2024,W24,2024,Regtech
29189,radmate-ai,Winter 2024,W24,2024,Artificial Intelligence
29189,radmate-ai,Winter 2024,W24,2024,SaaS
29189,radmate-ai,Winter 2024,W24,2024,Digital Health
29189,radmate-ai,Winter 2024,W24,2024,Enterprise Software
29189,radmate-ai,Winter 2024,W24,2024,AI Assistant
29401,raindrop,Winter 2024,W24,2024,Artificial Intelligence
29401,raindrop,Winter 2024,W24,2024,B2B
29401,raindrop,Winter 2024,W24,2024,Monitoring
29401,raindrop,Winter 2024,W24,2024,AI
29254,reducto,Winter 2024,W24,2024,Documents
29254,reducto,Winter 2024,W24,2024,Data Engineering
29254,reducto,Winter 2024,W24,2024,Enterprise Software
29254,reducto,Winter 2024,W24,2024,Search
29254,reducto,Winter 2024,W24,2024,AI
29478,reform,Winter 2024,W24,2024,Workflow Automation
29478,reform,Winter 2024,W24,2024,Compliance
29478,reform,Winter 2024,W24,2024,Logistics
29478,reform,Winter 2024,W24,2024,Supply Chain
29478,reform,Winter 2024,W24,2024,AI
29185,relari,Winter 2024,W24,2024,Robotics
29353,resonance,Winter 2024,W24,2024,Artificial Intelligence
29353,resonance,Winter 2024,W24,2024,Reinforcement Learning
29353,resonance,Winter 2024,W24,2024,SaaS
29353,resonance,Winter 2024,W24,2024,Subscriptions
29353,resonance,Winter 2024,W24,2024,Marketing
29325,respan,Winter 2024,W24,2024,AIOps
29325,respan,Winter 2024,W24,2024,Developer Tools
29325,respan,Winter 2024,W24,2024,SaaS
29325,respan,Winter 2024,W24,2024,Monitoring
29325,respan,Winter 2024,W24,2024,AI
29517,retailready,Winter 2024,W24,2024,B2B
29517,retailready,Winter 2024,W24,2024,Compliance
29517,retailready,Winter 2024,W24,2024,Logistics
29517,retailready,Winter 2024,W24,2024,Supply Chain
29517,retailready,Winter 2024,W24,2024,AI
29441,retell-ai,Winter 2024,W24,2024,Artificial Intelligence
29441,retell-ai,Winter 2024,W24,2024,AI
29405,risotto,Winter 2024,W24,2024,Artificial Intelligence
29405,risotto,Winter 2024,W24,2024,B2B
29405,risotto,Winter 2024,W24,2024,Compliance
29405,risotto,Winter 2024,W24,2024,Security
29405,risotto,Winter 2024,W24,2024,Enterprise
29440,rove,Winter 2024,W24,2024,Artificial Intelligence
29440,rove,Winter 2024,W24,2024,Fintech
29440,rove,Winter 2024,W24,2024,Consumer
29440,rove,Winter 2024,W24,2024,Travel
29460,ryse,Winter 2024,W24,2024,Fintech
29460,ryse,Winter 2024,W24,2024,Machine Learning
29460,ryse,Winter 2024,W24,2024,Marketplace
29460,ryse,Winter 2024,W24,2024,B2B
29460,ryse,Winter 2024,W24,2024,Proptech
29258,saga-ai,Winter 2024,W24,2024,SaaS
29258,saga-ai,Winter 2024,W24,2024,Healthcare
29258,saga-ai,Winter 2024,W24,2024,Operations
29258,saga-ai,Winter 2024,W24,2024,AI
29372,sagaland,Winter 2024,W24,2024,Consumer
29372,sagaland,Winter 2024,W24,2024,Entertainment
29372,sagaland,Winter 2024,W24,2024,AI
29357,salvy,Winter 2024,W24,2024,SaaS
29357,salvy,Winter 2024,W24,2024,B2B
29357,salvy,Winter 2024,W24,2024,Latin America
29357,salvy,Winter 2024,W24,2024,Telecommunications
29357,salvy,Winter 2024,W24,2024,AI
29418,sample,Winter 2024,W24,2024,Health Tech
29418,sample,Winter 2024,W24,2024,Healthcare IT
29336,cpgscout,Winter 2024,W24,2024,Analytics
29336,cpgscout,Winter 2024,W24,2024,Sales Enablement
29336,cpgscout,Winter 2024,W24,2024,Food & Beverage
29196,scritch,Winter 2024,W24,2024,Artificial Intelligence
29196,scritch,Winter 2024,W24,2024,Consumer Health Services
29196,scritch,Winter 2024,W24,2024,Health Tech
29196,scritch,Winter 2024,W24,2024,B2B
29196,scritch,Winter 2024,W24,2024,Healthcare
29313,selera-medical,Winter 2024,W24,2024,Medical Devices
29313,selera-medical,Winter 2024,W24,2024,Healthcare
29471,senso,Winter 2024,W24,2024,Artificial Intelligence
29471,senso,Winter 2024,W24,2024,Generative AI
29471,senso,Winter 2024,W24,2024,AI Assistant
29432,shepherd-2,Winter 2024,W24,2024,AI-Enhanced Learning
29432,shepherd-2,Winter 2024,W24,2024,Artificial Intelligence
29432,shepherd-2,Winter 2024,W24,2024,Education
29432,shepherd-2,Winter 2024,W24,2024,Generative AI
29432,shepherd-2,Winter 2024,W24,2024,Marketplace
29472,silogy,Winter 2024,W24,2024,Artificial Intelligence
29472,silogy,Winter 2024,W24,2024,Developer Tools
29472,silogy,Winter 2024,W24,2024,Semiconductors
29363,solari-ai,Winter 2024,W24,2024,Artificial Intelligence
29363,solari-ai,Winter 2024,W24,2024,Workflow Automation
29363,solari-ai,Winter 2024,W24,2024,Team Collaboration
29363,solari-ai,Winter 2024,W24,2024,Chatbots
29363,solari-ai,Winter 2024,W24,2024,No-code
29244,sonia,Winter 2024,W24,2024,Consumer Health Services
29244,sonia,Winter 2024,W24,2024,Digital Health
29244,sonia,Winter 2024,W24,2024,AI
29382,soundry-ai,Winter 2024,W24,2024,Social Media
29382,soundry-ai,Winter 2024,W24,2024,Music
29382,soundry-ai,Winter 2024,W24,2024,AI
29382,soundry-ai,Winter 2024,W24,2024,AI Assistant
29438,spark,Winter 2024,W24,2024,Energy Storage
29438,spark,Winter 2024,W24,2024,Solar Power
29438,spark,Winter 2024,W24,2024,Climate
29438,spark,Winter 2024,W24,2024,Energy
29438,spark,Winter 2024,W24,2024,AI
29330,speck,Winter 2024,W24,2024,Artificial Intelligence
29330,speck,Winter 2024,W24,2024,B2B
29330,speck,Winter 2024,W24,2024,Sales
29330,speck,Winter 2024,W24,2024,Sales Enablement
29330,speck,Winter 2024,W24,2024,AI
29318,starjar,Winter 2024,W24,2024,Artificial Intelligence
29318,starjar,Winter 2024,W24,2024,SaaS
29318,starjar,Winter 2024,W24,2024,Healthcare
29318,starjar,Winter 2024,W24,2024,Enterprise Software
29206,stitch-technologies,Winter 2024,W24,2024,Developer Tools
29206,stitch-technologies,Winter 2024,W24,2024,SaaS
29374,superagent,Winter 2024,W24,2024,Artificial Intelligence
29374,superagent,Winter 2024,W24,2024,Security
29374,superagent,Winter 2024,W24,2024,Open Source
29374,superagent,Winter 2024,W24,2024,AI
29293,suretynow,Winter 2024,W24,2024,Fintech
29293,suretynow,Winter 2024,W24,2024,B2B
29293,suretynow,Winter 2024,W24,2024,Insurance
29305,synsorybio,Winter 2024,W24,2024,Synthetic Biology
29305,synsorybio,Winter 2024,W24,2024,Biotech
29305,synsorybio,Winter 2024,W24,2024,Therapeutics
29305,synsorybio,Winter 2024,W24,2024,Oncology
29340,tamarind-bio,Winter 2024,W24,2024,AI-powered Drug Discovery
29340,tamarind-bio,Winter 2024,W24,2024,Artificial Intelligence
29340,tamarind-bio,Winter 2024,W24,2024,SaaS
29340,tamarind-bio,Winter 2024,W24,2024,B2B
29340,tamarind-bio,Winter 2024,W24,2024,Biotech
29241,tekton-dynamics,Winter 2024,W24,2024,Artificial Intelligence
29241,tekton-dynamics,Winter 2024,W24,2024,Robotics
29241,tekton-dynamics,Winter 2024,W24,2024,Manufacturing
29241,tekton-dynamics,Winter 2024,W24,2024,Industrial
29435,terrakotta,Winter 2024,W24,2024,Real Estate
29435,terrakotta,Winter 2024,W24,2024,Sales
29435,terrakotta,Winter 2024,W24,2024,Telecommunications
29435,terrakotta,Winter 2024,W24,2024,Home Services
29435,terrakotta,Winter 2024,W24,2024,Conversational AI
29186,tesseral,Winter 2024,W24,2024,Developer Tools
29186,tesseral,Winter 2024,W24,2024,SaaS
29186,tesseral,Winter 2024,W24,2024,Security
29186,tesseral,Winter 2024,W24,2024,Open Source
29186,tesseral,Winter 2024,W24,2024,API
29500,the-new-money-company,Winter 2024,W24,2024,Fintech
29500,the-new-money-company,Winter 2024,W24,2024,Payments
29500,the-new-money-company,Winter 2024,W24,2024,B2B
29500,the-new-money-company,Winter 2024,W24,2024,Insurance
29500,the-new-money-company,Winter 2024,W24,2024,Enterprise
29421,thorntale,Winter 2024,W24,2024,Artificial Intelligence
29421,thorntale,Winter 2024,W24,2024,SaaS
29421,thorntale,Winter 2024,W24,2024,Consumer
29421,thorntale,Winter 2024,W24,2024,B2B
29421,thorntale,Winter 2024,W24,2024,Productivity
29377,toma,Winter 2024,W24,2024,Marketing
29377,toma,Winter 2024,W24,2024,Customer Support
29377,toma,Winter 2024,W24,2024,AI
29377,toma,Winter 2024,W24,2024,Automotive
29377,toma,Winter 2024,W24,2024,Conversational AI
29335,toolify,Winter 2024,W24,2024,Artificial Intelligence
29335,toolify,Winter 2024,W24,2024,Developer Tools
29335,toolify,Winter 2024,W24,2024,B2B
29301,topo,Winter 2024,W24,2024,SaaS
29301,topo,Winter 2024,W24,2024,Sales
29301,topo,Winter 2024,W24,2024,AI
29505,tower,Winter 2024,W24,2024,Artificial Intelligence
29505,tower,Winter 2024,W24,2024,Workflow Automation
29505,tower,Winter 2024,W24,2024,Legal
29505,tower,Winter 2024,W24,2024,LegalTech
29505,tower,Winter 2024,W24,2024,AI Assistant
29246,tracecat,Winter 2024,W24,2024,Security
29246,tracecat,Winter 2024,W24,2024,Open Source
29246,tracecat,Winter 2024,W24,2024,Enterprise
29246,tracecat,Winter 2024,W24,2024,Automation
29246,tracecat,Winter 2024,W24,2024,AI
29300,trellis-ai,Winter 2024,W24,2024,B2B
29300,trellis-ai,Winter 2024,W24,2024,Data Engineering
29300,trellis-ai,Winter 2024,W24,2024,Infrastructure
29300,trellis-ai,Winter 2024,W24,2024,AI
29300,trellis-ai,Winter 2024,W24,2024,Databases
29379,trieve,Winter 2024,W24,2024,Developer Tools
29379,trieve,Winter 2024,W24,2024,Open Source
29379,trieve,Winter 2024,W24,2024,API
29379,trieve,Winter 2024,W24,2024,Search
29379,trieve,Winter 2024,W24,2024,AI
29423,triply,Winter 2024,W24,2024,Fintech
29423,triply,Winter 2024,W24,2024,Marketplace
29423,triply,Winter 2024,W24,2024,SaaS
29423,triply,Winter 2024,W24,2024,Travel
29257,tuesday-labs,Winter 2024,W24,2024,Robotics
29257,tuesday-labs,Winter 2024,W24,2024,Consumer
29257,tuesday-labs,Winter 2024,W24,2024,Gaming
29257,tuesday-labs,Winter 2024,W24,2024,Electronics
29257,tuesday-labs,Winter 2024,W24,2024,AI
29310,tusk,Winter 2024,W24,2024,Artificial Intelligence
29310,tusk,Winter 2024,W24,2024,Developer Tools
29310,tusk,Winter 2024,W24,2024,Open Source
29231,ubicloud,Winter 2024,W24,2024,Cloud Computing
29231,ubicloud,Winter 2024,W24,2024,Infrastructure
29231,ubicloud,Winter 2024,W24,2024,AI
29231,ubicloud,Winter 2024,W24,2024,Databases
29182,upsolve-ai,Winter 2024,W24,2024,Developer Tools
29182,upsolve-ai,Winter 2024,W24,2024,B2B
29182,upsolve-ai,Winter 2024,W24,2024,Analytics
29182,upsolve-ai,Winter 2024,W24,2024,Big Data
29182,upsolve-ai,Winter 2024,W24,2024,AI
29454,veles,Winter 2024,W24,2024,Artificial Intelligence
29454,veles,Winter 2024,W24,2024,B2B
29454,veles,Winter 2024,W24,2024,Sales
29454,veles,Winter 2024,W24,2024,Enterprise
29429,velorum-therapeutics,Winter 2024,W24,2024,Biotech
29429,velorum-therapeutics,Winter 2024,W24,2024,Healthcare
29429,velorum-therapeutics,Winter 2024,W24,2024,Therapeutics
29429,velorum-therapeutics,Winter 2024,W24,2024,Drug discovery
29429,velorum-therapeutics,Winter 2024,W24,2024,Oncology
29302,verse-therapy,Winter 2024,W24,2024,Consumer Health Services
29302,verse-therapy,Winter 2024,W24,2024,Digital Health
29347,vibrant-labs,Winter 2024,W24,2024,Developer Tools
29347,vibrant-labs,Winter 2024,W24,2024,Generative AI
29347,vibrant-labs,Winter 2024,W24,2024,Reinforcement Learning
29347,vibrant-labs,Winter 2024,W24,2024,Open Source
29347,vibrant-labs,Winter 2024,W24,2024,AI
29444,vista-power,Winter 2024,W24,2024,Energy Storage
29444,vista-power,Winter 2024,W24,2024,B2B
29444,vista-power,Winter 2024,W24,2024,Sustainability
29444,vista-power,Winter 2024,W24,2024,Manufacturing
29444,vista-power,Winter 2024,W24,2024,Renewable Energy
29496,voxops-ai,Winter 2024,W24,2024,Artificial Intelligence
29496,voxops-ai,Winter 2024,W24,2024,B2B
29496,voxops-ai,Winter 2024,W24,2024,Enterprise
29496,voxops-ai,Winter 2024,W24,2024,Automotive
29283,wavelength,Winter 2024,W24,2024,B2B
29283,wavelength,Winter 2024,W24,2024,Productivity
29283,wavelength,Winter 2024,W24,2024,Customer Success
29283,wavelength,Winter 2024,W24,2024,Customer Support
29378,whip,Winter 2024,W24,2024,Social
29378,whip,Winter 2024,W24,2024,Social Network
29378,whip,Winter 2024,W24,2024,AI
29510,yarn-2,Winter 2024,W24,2024,Artificial Intelligence
29510,yarn-2,Winter 2024,W24,2024,B2B
29510,yarn-2,Winter 2024,W24,2024,Sales
29510,yarn-2,Winter 2024,W24,2024,Video
29510,yarn-2,Winter 2024,W24,2024,Marketing
28965,yenmo,Winter 2024,W24,2024,Fintech
28965,yenmo,Winter 2024,W24,2024,Lending
28965,yenmo,Winter 2024,W24,2024,Consumer Finance
29402,yondu,Winter 2024,W24,2024,Hard Tech
29402,yondu,Winter 2024,W24,2024,Robotics
29402,yondu,Winter 2024,W24,2024,Logistics
29402,yondu,Winter 2024,W24,2024,AI
29323,zaymo,Winter 2024,W24,2024,E-commerce
29323,zaymo,Winter 2024,W24,2024,Marketing
29323,zaymo,Winter 2024,W24,2024,Email
29425,zep-ai,Winter 2024,W24,2024,Developer Tools
29425,zep-ai,Winter 2024,W24,2024,Infrastructure
29425,zep-ai,Winter 2024,W24,2024,AI
29425,zep-ai,Winter 2024,W24,2024,Conversational AI
29425,zep-ai,Winter 2024,W24,2024,AI Assistant
29439,camelai,Winter 2024,W24,2024,Artificial Intelligence
29439,camelai,Winter 2024,W24,2024,SaaS
29439,camelai,Winter 2024,W24,2024,Data Science
29439,camelai,Winter 2024,W24,2024,Data Visualization
29354,crmcopilot,Winter 2024,W24,2024,Sales
29354,crmcopilot,Winter 2024,W24,2024,Sales Enablement
29354,crmcopilot,Winter 2024,W24,2024,Automation
29354,crmcopilot,Winter 2024,W24,2024,AI
29205,ego,Winter 2024,W24,2024,Artificial Intelligence
29205,ego,Winter 2024,W24,2024,Consumer
29205,ego,Winter 2024,W24,2024,AI
29205,ego,Winter 2024,W24,2024,Conversational AI
29239,ion-design,Winter 2024,W24,2024,Design Tools
29239,ion-design,Winter 2024,W24,2024,Marketing
29239,ion-design,Winter 2024,W24,2024,AI
29507,kater-ai,Winter 2024,W24,2024,Artificial Intelligence
29507,kater-ai,Winter 2024,W24,2024,Analytics
29507,kater-ai,Winter 2024,W24,2024,Data Engineering
29261,malibou,Winter 2024,W24,2024,B2B
29261,malibou,Winter 2024,W24,2024,Productivity
29261,malibou,Winter 2024,W24,2024,HR Tech
29261,malibou,Winter 2024,W24,2024,Payroll
29261,malibou,Winter 2024,W24,2024,SMB
29266,ncompass-technologies,Winter 2024,W24,2024,Artificial Intelligence
29266,ncompass-technologies,Winter 2024,W24,2024,Developer Tools
29266,ncompass-technologies,Winter 2024,W24,2024,Hardware
29266,ncompass-technologies,Winter 2024,W24,2024,Open Source
29502,renderlet,Winter 2024,W24,2024,Developer Tools
29502,renderlet,Winter 2024,W24,2024,Design Tools
29502,renderlet,Winter 2024,W24,2024,Data Visualization
29798,ai-2,Summer 2024,S24,2024,SaaS
29798,ai-2,Summer 2024,S24,2024,B2B
29798,ai-2,Summer 2024,S24,2024,LegalTech
29733,1849-bio,Summer 2024,S24,2024,Hard Tech
29733,1849-bio,Summer 2024,S24,2024,Synthetic Biology
29733,1849-bio,Summer 2024,S24,2024,Biotech
29733,1849-bio,Summer 2024,S24,2024,Climate
29733,1849-bio,Summer 2024,S24,2024,Mining
29406,acx,Summer 2024,S24,2024,Synthetic Biology
29406,acx,Summer 2024,S24,2024,Biotech
29406,acx,Summer 2024,S24,2024,Healthcare
29406,acx,Summer 2024,S24,2024,Agriculture
29406,acx,Summer 2024,S24,2024,Drug discovery
29972,affil-ai,Summer 2024,S24,2024,Artificial Intelligence
29972,affil-ai,Summer 2024,S24,2024,SaaS
29972,affil-ai,Summer 2024,S24,2024,B2B
29972,affil-ai,Summer 2024,S24,2024,Compliance
29972,affil-ai,Summer 2024,S24,2024,Marketing
29723,aluna,Summer 2024,S24,2024,Artificial Intelligence
29694,aminoanalytica,Summer 2024,S24,2024,Nanosensors
29694,aminoanalytica,Summer 2024,S24,2024,Synthetic Biology
29694,aminoanalytica,Summer 2024,S24,2024,Biotech
29694,aminoanalytica,Summer 2024,S24,2024,Diagnostics
29738,anara,Summer 2024,S24,2024,Artificial Intelligence
29738,anara,Summer 2024,S24,2024,Consumer
29738,anara,Summer 2024,S24,2024,B2B
29957,anglera,Summer 2024,S24,2024,Artificial Intelligence
29957,anglera,Summer 2024,S24,2024,Machine Learning
29957,anglera,Summer 2024,S24,2024,SaaS
29957,anglera,Summer 2024,S24,2024,B2B
29957,anglera,Summer 2024,S24,2024,E-commerce
29713,anthrogen,Summer 2024,S24,2024,Artificial Intelligence
29713,anthrogen,Summer 2024,S24,2024,Deep Learning
29713,anthrogen,Summer 2024,S24,2024,Biotech
29571,apten,Summer 2024,S24,2024,Sales
29571,apten,Summer 2024,S24,2024,Marketing
29571,apten,Summer 2024,S24,2024,SMS
29571,apten,Summer 2024,S24,2024,AI Assistant
29680,ares-industries,Summer 2024,S24,2024,Aerospace
29680,ares-industries,Summer 2024,S24,2024,Industrial
29813,argil,Summer 2024,S24,2024,Generative AI
29813,argil,Summer 2024,S24,2024,Social Media
29973,arva-ai,Summer 2024,S24,2024,Artificial Intelligence
29973,arva-ai,Summer 2024,S24,2024,Fintech
29973,arva-ai,Summer 2024,S24,2024,B2B
29973,arva-ai,Summer 2024,S24,2024,Compliance
29973,arva-ai,Summer 2024,S24,2024,Regtech
29824,assembly-hoa,Summer 2024,S24,2024,Artificial Intelligence
29824,assembly-hoa,Summer 2024,S24,2024,Fintech
29824,assembly-hoa,Summer 2024,S24,2024,Real Estate
29824,assembly-hoa,Summer 2024,S24,2024,Housing
29824,assembly-hoa,Summer 2024,S24,2024,Proptech
29698,autopallet-robotics,Summer 2024,S24,2024,Hard Tech
29698,autopallet-robotics,Summer 2024,S24,2024,Machine Learning
29698,autopallet-robotics,Summer 2024,S24,2024,Warehouse Management Tech
29698,autopallet-robotics,Summer 2024,S24,2024,Swarm Robotics
29698,autopallet-robotics,Summer 2024,S24,2024,Automation
29753,autumn-labs,Summer 2024,S24,2024,Hardware
29753,autumn-labs,Summer 2024,S24,2024,Robotic Process Automation
29753,autumn-labs,Summer 2024,S24,2024,SaaS
29753,autumn-labs,Summer 2024,S24,2024,Robotics
29753,autumn-labs,Summer 2024,S24,2024,Manufacturing
29794,baseline-ai,Summer 2024,S24,2024,Artificial Intelligence
29794,baseline-ai,Summer 2024,S24,2024,SaaS
29794,baseline-ai,Summer 2024,S24,2024,Health Tech
29794,baseline-ai,Summer 2024,S24,2024,B2B
29794,baseline-ai,Summer 2024,S24,2024,Biotech
29636,bayesline,Summer 2024,S24,2024,Fintech
29636,bayesline,Summer 2024,S24,2024,Finance
29636,bayesline,Summer 2024,S24,2024,B2B
29636,bayesline,Summer 2024,S24,2024,Analytics
29636,bayesline,Summer 2024,S24,2024,AI
29712,benchify,Summer 2024,S24,2024,Artificial Intelligence
29712,benchify,Summer 2024,S24,2024,Finance
29712,benchify,Summer 2024,S24,2024,B2B
29712,benchify,Summer 2024,S24,2024,Healthcare
29712,benchify,Summer 2024,S24,2024,Insurance
29749,biocartesian,Summer 2024,S24,2024,Hard Tech
29749,biocartesian,Summer 2024,S24,2024,B2B
29749,biocartesian,Summer 2024,S24,2024,Biotech
29749,biocartesian,Summer 2024,S24,2024,Diagnostics
29749,biocartesian,Summer 2024,S24,2024,Drug discovery
29840,blaze-2,Summer 2024,S24,2024,Fintech
29840,blaze-2,Summer 2024,S24,2024,Crypto / Web3
29840,blaze-2,Summer 2024,S24,2024,Payments
29840,blaze-2,Summer 2024,S24,2024,Finance
29840,blaze-2,Summer 2024,S24,2024,AI
29810,bluedoor,Summer 2024,S24,2024,Artificial Intelligence
29810,bluedoor,Summer 2024,S24,2024,GovTech
29775,brighterway,Summer 2024,S24,2024,Artificial Intelligence
29775,brighterway,Summer 2024,S24,2024,Health Tech
29775,brighterway,Summer 2024,S24,2024,Healthcare
29775,brighterway,Summer 2024,S24,2024,LegalTech
29775,brighterway,Summer 2024,S24,2024,AI
29955,browseros,Summer 2024,S24,2024,Generative AI
29955,browseros,Summer 2024,S24,2024,Consumer
29955,browseros,Summer 2024,S24,2024,B2B
29955,browseros,Summer 2024,S24,2024,AI
29847,bucket-robotics,Summer 2024,S24,2024,Robotic Process Automation
29847,bucket-robotics,Summer 2024,S24,2024,Robotics
29847,bucket-robotics,Summer 2024,S24,2024,Computer Vision
29847,bucket-robotics,Summer 2024,S24,2024,Manufacturing
29639,callback,Summer 2024,S24,2024,AIOps
29639,callback,Summer 2024,S24,2024,B2B
29639,callback,Summer 2024,S24,2024,Automation
29639,callback,Summer 2024,S24,2024,Operations
29963,capitol-ai,Summer 2024,S24,2024,AI-Enhanced Learning
29963,capitol-ai,Summer 2024,S24,2024,Workflow Automation
29963,capitol-ai,Summer 2024,S24,2024,Analytics
29963,capitol-ai,Summer 2024,S24,2024,Media
29963,capitol-ai,Summer 2024,S24,2024,AI
29791,cartage,Summer 2024,S24,2024,Machine Learning
29791,cartage,Summer 2024,S24,2024,Workflow Automation
29791,cartage,Summer 2024,S24,2024,Logistics
29791,cartage,Summer 2024,S24,2024,Supply Chain
29791,cartage,Summer 2024,S24,2024,AI
29327,central,Summer 2024,S24,2024,Fintech
29327,central,Summer 2024,S24,2024,B2B
29327,central,Summer 2024,S24,2024,HR Tech
29327,central,Summer 2024,S24,2024,Payroll
29327,central,Summer 2024,S24,2024,AI
29582,cheers,Summer 2024,S24,2024,Analytics
29582,cheers,Summer 2024,S24,2024,Feedback
29582,cheers,Summer 2024,S24,2024,AI
29582,cheers,Summer 2024,S24,2024,Reviews
29729,clearly-ai,Summer 2024,S24,2024,Artificial Intelligence
29729,clearly-ai,Summer 2024,S24,2024,Generative AI
29729,clearly-ai,Summer 2024,S24,2024,Security
29729,clearly-ai,Summer 2024,S24,2024,Privacy
29729,clearly-ai,Summer 2024,S24,2024,AI
29665,cloudglue,Summer 2024,S24,2024,Developer Tools
29665,cloudglue,Summer 2024,S24,2024,Machine Learning
29665,cloudglue,Summer 2024,S24,2024,Video
29665,cloudglue,Summer 2024,S24,2024,AI
29683,codeviz,Summer 2024,S24,2024,Artificial Intelligence
29683,codeviz,Summer 2024,S24,2024,Developer Tools
29683,codeviz,Summer 2024,S24,2024,Productivity
29627,codes-health,Summer 2024,S24,2024,Health Tech
29627,codes-health,Summer 2024,S24,2024,B2B
29627,codes-health,Summer 2024,S24,2024,LegalTech
29627,codes-health,Summer 2024,S24,2024,AI
29596,comfy-deploy,Summer 2024,S24,2024,Media
29989,conductor,Summer 2024,S24,2024,Artificial Intelligence
29989,conductor,Summer 2024,S24,2024,Developer Tools
29754,conductor-quantum,Summer 2024,S24,2024,Artificial Intelligence
29754,conductor-quantum,Summer 2024,S24,2024,Hard Tech
29754,conductor-quantum,Summer 2024,S24,2024,Machine Learning
29754,conductor-quantum,Summer 2024,S24,2024,Quantum Computing
29754,conductor-quantum,Summer 2024,S24,2024,Semiconductors
29717,conveo,Summer 2024,S24,2024,SaaS
29717,conveo,Summer 2024,S24,2024,Feedback
29717,conveo,Summer 2024,S24,2024,Market Research
29717,conveo,Summer 2024,S24,2024,Enterprise Software
29717,conveo,Summer 2024,S24,2024,Conversational AI
29646,corgi-insurance,Summer 2024,S24,2024,Artificial Intelligence
29646,corgi-insurance,Summer 2024,S24,2024,Fintech
29646,corgi-insurance,Summer 2024,S24,2024,Insurance
29524,coval,Summer 2024,S24,2024,Artificial Intelligence
29524,coval,Summer 2024,S24,2024,Developer Tools
29524,coval,Summer 2024,S24,2024,SaaS
29524,coval,Summer 2024,S24,2024,B2B
29524,coval,Summer 2024,S24,2024,Monitoring
29716,creativemode,Summer 2024,S24,2024,Consumer
29716,creativemode,Summer 2024,S24,2024,Entertainment
29716,creativemode,Summer 2024,S24,2024,Gaming
29716,creativemode,Summer 2024,S24,2024,AI
29807,dataleap,Summer 2024,S24,2024,Generative AI
29807,dataleap,Summer 2024,S24,2024,Enterprise Software
29807,dataleap,Summer 2024,S24,2024,AI
29852,dayflow,Summer 2024,S24,2024,Consumer
29852,dayflow,Summer 2024,S24,2024,Productivity
29852,dayflow,Summer 2024,S24,2024,AI
29655,decisional-ai,Summer 2024,S24,2024,Artificial Intelligence
29655,decisional-ai,Summer 2024,S24,2024,B2B
29655,decisional-ai,Summer 2024,S24,2024,Workflow Automation
29655,decisional-ai,Summer 2024,S24,2024,Automation
29655,decisional-ai,Summer 2024,S24,2024,Operations
29672,deepsim-inc,Summer 2024,S24,2024,B2B
29672,deepsim-inc,Summer 2024,S24,2024,Semiconductors
29672,deepsim-inc,Summer 2024,S24,2024,AI
29695,dench-com,Summer 2024,S24,2024,Workflow Automation
29695,dench-com,Summer 2024,S24,2024,Open Source
29695,dench-com,Summer 2024,S24,2024,CRM
29695,dench-com,Summer 2024,S24,2024,AI
29695,dench-com,Summer 2024,S24,2024,AI Assistant
29635,digitalcarbon,Summer 2024,S24,2024,Computer Vision
29635,digitalcarbon,Summer 2024,S24,2024,Real Estate
29635,digitalcarbon,Summer 2024,S24,2024,B2B
29635,digitalcarbon,Summer 2024,S24,2024,E-commerce
29635,digitalcarbon,Summer 2024,S24,2024,AI
29851,diode-computers-inc,Summer 2024,S24,2024,Hardware
29851,diode-computers-inc,Summer 2024,S24,2024,Manufacturing
29851,diode-computers-inc,Summer 2024,S24,2024,Electronics
29761,distro,Summer 2024,S24,2024,SaaS
29761,distro,Summer 2024,S24,2024,B2B
29761,distro,Summer 2024,S24,2024,Manufacturing
29761,distro,Summer 2024,S24,2024,Supply Chain
29761,distro,Summer 2024,S24,2024,AI
29679,dodo,Summer 2024,S24,2024,Health Tech
29679,dodo,Summer 2024,S24,2024,Dental
29679,dodo,Summer 2024,S24,2024,Call Center
29679,dodo,Summer 2024,S24,2024,AI
29679,dodo,Summer 2024,S24,2024,Conversational AI
29572,domu-technology-inc,Summer 2024,S24,2024,AIOps
29572,domu-technology-inc,Summer 2024,S24,2024,Artificial Intelligence
29572,domu-technology-inc,Summer 2024,S24,2024,Call Center
29572,domu-technology-inc,Summer 2024,S24,2024,AI Assistant
29575,doublezero,Summer 2024,S24,2024,Developer Tools
29575,doublezero,Summer 2024,S24,2024,Infrastructure
29575,doublezero,Summer 2024,S24,2024,AI
29828,draft-the-record,Summer 2024,S24,2024,Artificial Intelligence
29828,draft-the-record,Summer 2024,S24,2024,Legal
29828,draft-the-record,Summer 2024,S24,2024,LegalTech
29828,draft-the-record,Summer 2024,S24,2024,AI Assistant
29990,dreamrp,Summer 2024,S24,2024,Artificial Intelligence
29990,dreamrp,Summer 2024,S24,2024,Generative AI
29990,dreamrp,Summer 2024,S24,2024,Consumer
29990,dreamrp,Summer 2024,S24,2024,Entertainment
29990,dreamrp,Summer 2024,S24,2024,AI
29746,drillbit,Summer 2024,S24,2024,Artificial Intelligence
29746,drillbit,Summer 2024,S24,2024,Home Services
29605,educato,Summer 2024,S24,2024,Artificial Intelligence
29605,educato,Summer 2024,S24,2024,Education
29605,educato,Summer 2024,S24,2024,Edtech
29841,elayne,Summer 2024,S24,2024,Artificial Intelligence
29841,elayne,Summer 2024,S24,2024,Fintech
29841,elayne,Summer 2024,S24,2024,B2B
29841,elayne,Summer 2024,S24,2024,Legal
29841,elayne,Summer 2024,S24,2024,Consumer Finance
29676,elevate-2,Summer 2024,S24,2024,AIOps
29676,elevate-2,Summer 2024,S24,2024,Artificial Intelligence
29676,elevate-2,Summer 2024,S24,2024,Finance
29676,elevate-2,Summer 2024,S24,2024,B2B
29676,elevate-2,Summer 2024,S24,2024,Automation
29768,ember-robotics,Summer 2024,S24,2024,Developer Tools
29768,ember-robotics,Summer 2024,S24,2024,Robotics
29768,ember-robotics,Summer 2024,S24,2024,B2B
29768,ember-robotics,Summer 2024,S24,2024,Analytics
29768,ember-robotics,Summer 2024,S24,2024,Data Visualization
29765,emergent,Summer 2024,S24,2024,Generative AI
29765,emergent,Summer 2024,S24,2024,Consumer
29765,emergent,Summer 2024,S24,2024,No-code
29765,emergent,Summer 2024,S24,2024,AI
29623,entangl,Summer 2024,S24,2024,Artificial Intelligence
29623,entangl,Summer 2024,S24,2024,Aerospace
29623,entangl,Summer 2024,S24,2024,Enterprise Software
29623,entangl,Summer 2024,S24,2024,Automation
29623,entangl,Summer 2024,S24,2024,Automotive
29475,evolvere-biosciences,Summer 2024,S24,2024,AI-powered Drug Discovery
29475,evolvere-biosciences,Summer 2024,S24,2024,Artificial Intelligence
29475,evolvere-biosciences,Summer 2024,S24,2024,Biotech
29475,evolvere-biosciences,Summer 2024,S24,2024,Therapeutics
29475,evolvere-biosciences,Summer 2024,S24,2024,Biotechnology
29735,finny-ai,Summer 2024,S24,2024,Fintech
29735,finny-ai,Summer 2024,S24,2024,Machine Learning
29735,finny-ai,Summer 2024,S24,2024,Finance
29735,finny-ai,Summer 2024,S24,2024,Sales Enablement
29735,finny-ai,Summer 2024,S24,2024,Automation
29711,fazeshift,Summer 2024,S24,2024,Fintech
29711,fazeshift,Summer 2024,S24,2024,B2B
29711,fazeshift,Summer 2024,S24,2024,AI
29952,ficra,Summer 2024,S24,2024,B2B
29952,ficra,Summer 2024,S24,2024,Social Media
29952,ficra,Summer 2024,S24,2024,Automation
29952,ficra,Summer 2024,S24,2024,Creator Economy
29952,ficra,Summer 2024,S24,2024,AI
29796,finosu,Summer 2024,S24,2024,Fintech
29796,finosu,Summer 2024,S24,2024,B2B
29796,finosu,Summer 2024,S24,2024,Lending
29796,finosu,Summer 2024,S24,2024,Consumer Finance
29651,firstwork,Summer 2024,S24,2024,Artificial Intelligence
29651,firstwork,Summer 2024,S24,2024,SaaS
29651,firstwork,Summer 2024,S24,2024,Human Resources
29651,firstwork,Summer 2024,S24,2024,Workflow Automation
29651,firstwork,Summer 2024,S24,2024,Compliance
29965,formula-insight,Summer 2024,S24,2024,Fintech
29965,formula-insight,Summer 2024,S24,2024,SaaS
29965,formula-insight,Summer 2024,S24,2024,B2B
29965,formula-insight,Summer 2024,S24,2024,Workflow Automation
29965,formula-insight,Summer 2024,S24,2024,Enterprise Software
29976,freestyle,Summer 2024,S24,2024,Artificial Intelligence
29976,freestyle,Summer 2024,S24,2024,Developer Tools
29976,freestyle,Summer 2024,S24,2024,Cloud Computing
29349,fuse-2,Summer 2024,S24,2024,Artificial Intelligence
29349,fuse-2,Summer 2024,S24,2024,Fintech
29349,fuse-2,Summer 2024,S24,2024,Payments
29349,fuse-2,Summer 2024,S24,2024,B2B
29349,fuse-2,Summer 2024,S24,2024,Healthcare
29693,gauge,Summer 2024,S24,2024,SaaS
29693,gauge,Summer 2024,S24,2024,B2B
29693,gauge,Summer 2024,S24,2024,Analytics
29693,gauge,Summer 2024,S24,2024,Marketing
29693,gauge,Summer 2024,S24,2024,AI
29805,handled,Summer 2024,S24,2024,Artificial Intelligence
29805,handled,Summer 2024,S24,2024,B2B
29805,handled,Summer 2024,S24,2024,Workflow Automation
29805,handled,Summer 2024,S24,2024,Logistics
29805,handled,Summer 2024,S24,2024,E-commerce
29797,haystackeditor,Summer 2024,S24,2024,Developer Tools
29797,haystackeditor,Summer 2024,S24,2024,B2B
29797,haystackeditor,Summer 2024,S24,2024,Productivity
29797,haystackeditor,Summer 2024,S24,2024,AI
29954,henry-2,Summer 2024,S24,2024,Generative AI
29954,henry-2,Summer 2024,S24,2024,SaaS
29954,henry-2,Summer 2024,S24,2024,Real Estate
29954,henry-2,Summer 2024,S24,2024,AI
29954,henry-2,Summer 2024,S24,2024,AI Assistant
29800,heroui,Summer 2024,S24,2024,Developer Tools
29800,heroui,Summer 2024,S24,2024,SaaS
29800,heroui,Summer 2024,S24,2024,Design Tools
29800,heroui,Summer 2024,S24,2024,AI
29660,hyrex,Summer 2024,S24,2024,AIOps
29660,hyrex,Summer 2024,S24,2024,Developer Tools
29660,hyrex,Summer 2024,S24,2024,Cloud Computing
29660,hyrex,Summer 2024,S24,2024,Infrastructure
29770,intryc,Summer 2024,S24,2024,Customer Success
29770,intryc,Summer 2024,S24,2024,Analytics
29770,intryc,Summer 2024,S24,2024,Customer Support
29770,intryc,Summer 2024,S24,2024,Operations
29641,invaria,Summer 2024,S24,2024,Artificial Intelligence
29641,invaria,Summer 2024,S24,2024,Developer Tools
29641,invaria,Summer 2024,S24,2024,DevOps
29854,keet,Summer 2024,S24,2024,Artificial Intelligence
29854,keet,Summer 2024,S24,2024,Education
29854,keet,Summer 2024,S24,2024,Consumer
29690,kenley,Summer 2024,S24,2024,Artificial Intelligence
29690,kenley,Summer 2024,S24,2024,Generative AI
29690,kenley,Summer 2024,S24,2024,Finance
29690,kenley,Summer 2024,S24,2024,Productivity
29714,kopra-bio,Summer 2024,S24,2024,Gene Therapy
29714,kopra-bio,Summer 2024,S24,2024,Synthetic Biology
29714,kopra-bio,Summer 2024,S24,2024,Biotech
29714,kopra-bio,Summer 2024,S24,2024,Therapeutics
29714,kopra-bio,Summer 2024,S24,2024,Oncology
29766,kura-ai,Summer 2024,S24,2024,Artificial Intelligence
29766,kura-ai,Summer 2024,S24,2024,Generative AI
29766,kura-ai,Summer 2024,S24,2024,AI
29782,laminar,Summer 2024,S24,2024,AIOps
29782,laminar,Summer 2024,S24,2024,Developer Tools
29782,laminar,Summer 2024,S24,2024,SaaS
29782,laminar,Summer 2024,S24,2024,B2B
29782,laminar,Summer 2024,S24,2024,AI
29702,ledgerup,Summer 2024,S24,2024,Finance
29702,ledgerup,Summer 2024,S24,2024,Billing
29702,ledgerup,Summer 2024,S24,2024,AI
29705,lighthouz-ai,Summer 2024,S24,2024,Artificial Intelligence
29705,lighthouz-ai,Summer 2024,S24,2024,SaaS
29705,lighthouz-ai,Summer 2024,S24,2024,Workflow Automation
29705,lighthouz-ai,Summer 2024,S24,2024,Logistics
29705,lighthouz-ai,Summer 2024,S24,2024,Supply Chain
29412,ligo-biosciences,Summer 2024,S24,2024,Artificial Intelligence
29412,ligo-biosciences,Summer 2024,S24,2024,Deep Learning
29412,ligo-biosciences,Summer 2024,S24,2024,Synthetic Biology
29412,ligo-biosciences,Summer 2024,S24,2024,Biotech
29412,ligo-biosciences,Summer 2024,S24,2024,Climate
29685,joinlore,Summer 2024,S24,2024,Artificial Intelligence
29685,joinlore,Summer 2024,S24,2024,Generative AI
29685,joinlore,Summer 2024,S24,2024,Consumer
29678,lucible,Summer 2024,S24,2024,Fintech
29678,lucible,Summer 2024,S24,2024,Investing
29678,lucible,Summer 2024,S24,2024,Neobank
29760,mage-legal,Summer 2024,S24,2024,Artificial Intelligence
29760,mage-legal,Summer 2024,S24,2024,Legal
29760,mage-legal,Summer 2024,S24,2024,LegalTech
29760,mage-legal,Summer 2024,S24,2024,AI
29736,magicode,Summer 2024,S24,2024,Developer Tools
29736,magicode,Summer 2024,S24,2024,Generative AI
29736,magicode,Summer 2024,S24,2024,SaaS
29736,magicode,Summer 2024,S24,2024,B2B
29736,magicode,Summer 2024,S24,2024,Enterprise Software
29647,maitai,Summer 2024,S24,2024,AIOps
29647,maitai,Summer 2024,S24,2024,Artificial Intelligence
29647,maitai,Summer 2024,S24,2024,Developer Tools
29647,maitai,Summer 2024,S24,2024,Enterprise
29647,maitai,Summer 2024,S24,2024,AI
29585,mem0,Summer 2024,S24,2024,Developer Tools
29585,mem0,Summer 2024,S24,2024,Generative AI
29585,mem0,Summer 2024,S24,2024,Open Source
29585,mem0,Summer 2024,S24,2024,Infrastructure
29585,mem0,Summer 2024,S24,2024,AI
29977,merlin-ai,Summer 2024,S24,2024,SaaS
29977,merlin-ai,Summer 2024,S24,2024,Construction
29977,merlin-ai,Summer 2024,S24,2024,B2B
29977,merlin-ai,Summer 2024,S24,2024,Enterprise Software
29977,merlin-ai,Summer 2024,S24,2024,AI
29966,mica-ai,Summer 2024,S24,2024,Data Science
29966,mica-ai,Summer 2024,S24,2024,Data Engineering
29966,mica-ai,Summer 2024,S24,2024,Enterprise Software
29687,minusx,Summer 2024,S24,2024,Artificial Intelligence
29687,minusx,Summer 2024,S24,2024,Machine Learning
29687,minusx,Summer 2024,S24,2024,Analytics
29687,minusx,Summer 2024,S24,2024,Data Science
29687,minusx,Summer 2024,S24,2024,AI Assistant
29569,miru-ml,Summer 2024,S24,2024,Developer Tools
29569,miru-ml,Summer 2024,S24,2024,Robotics
29569,miru-ml,Summer 2024,S24,2024,DevOps
29706,mito-health,Summer 2024,S24,2024,Consumer Health Services
29706,mito-health,Summer 2024,S24,2024,Digital Health
29706,mito-health,Summer 2024,S24,2024,AI
29704,modus,Summer 2024,S24,2024,Artificial Intelligence
29704,modus,Summer 2024,S24,2024,Finance
29704,modus,Summer 2024,S24,2024,B2B
29704,modus,Summer 2024,S24,2024,HR Tech
29704,modus,Summer 2024,S24,2024,Operations
29829,moreta,Summer 2024,S24,2024,Fintech
29829,moreta,Summer 2024,S24,2024,Payments
29829,moreta,Summer 2024,S24,2024,Consumer
29829,moreta,Summer 2024,S24,2024,Travel
29829,moreta,Summer 2024,S24,2024,Consumer Finance
29663,networkocean,Summer 2024,S24,2024,Artificial Intelligence
29663,networkocean,Summer 2024,S24,2024,Hard Tech
29663,networkocean,Summer 2024,S24,2024,Hardware
29663,networkocean,Summer 2024,S24,2024,Cloud Computing
29663,networkocean,Summer 2024,S24,2024,ClimateTech
29853,no-logo,Summer 2024,S24,2024,Consumer
29853,no-logo,Summer 2024,S24,2024,Manufacturing
29853,no-logo,Summer 2024,S24,2024,E-commerce
29853,no-logo,Summer 2024,S24,2024,Supply Chain
29853,no-logo,Summer 2024,S24,2024,AI
29795,odo,Summer 2024,S24,2024,SaaS
29795,odo,Summer 2024,S24,2024,Productivity
29795,odo,Summer 2024,S24,2024,Email
29795,odo,Summer 2024,S24,2024,AI
29795,odo,Summer 2024,S24,2024,AI Assistant
29724,ontra-mobility,Summer 2024,S24,2024,Artificial Intelligence
29724,ontra-mobility,Summer 2024,S24,2024,Civic Tech
29724,ontra-mobility,Summer 2024,S24,2024,GovTech
29724,ontra-mobility,Summer 2024,S24,2024,Climate
29724,ontra-mobility,Summer 2024,S24,2024,Transportation
29751,opslane,Summer 2024,S24,2024,Artificial Intelligence
29751,opslane,Summer 2024,S24,2024,Developer Tools
29751,opslane,Summer 2024,S24,2024,Open Source
29751,opslane,Summer 2024,S24,2024,Enterprise
29751,opslane,Summer 2024,S24,2024,DevOps
29826,orca-client,Summer 2024,S24,2024,Artificial Intelligence
29826,orca-client,Summer 2024,S24,2024,Consumer
29826,orca-client,Summer 2024,S24,2024,Gaming
29826,orca-client,Summer 2024,S24,2024,AI
29826,orca-client,Summer 2024,S24,2024,AI Assistant
29969,orgorg,Summer 2024,S24,2024,B2B
29969,orgorg,Summer 2024,S24,2024,Productivity
29969,orgorg,Summer 2024,S24,2024,Collaboration
29969,orgorg,Summer 2024,S24,2024,Operations
29992,outerport,Summer 2024,S24,2024,Hardware
29992,outerport,Summer 2024,S24,2024,Manufacturing
29992,outerport,Summer 2024,S24,2024,Semiconductors
29992,outerport,Summer 2024,S24,2024,Industrial
29387,overeasy,Summer 2024,S24,2024,Artificial Intelligence
29387,overeasy,Summer 2024,S24,2024,Generative AI
29387,overeasy,Summer 2024,S24,2024,AI
29964,overlap,Summer 2024,S24,2024,Artificial Intelligence
29964,overlap,Summer 2024,S24,2024,Consumer
29964,overlap,Summer 2024,S24,2024,Media
29964,overlap,Summer 2024,S24,2024,Podcasts
29844,oway,Summer 2024,S24,2024,B2B
29844,oway,Summer 2024,S24,2024,API
29844,oway,Summer 2024,S24,2024,Supply Chain
29844,oway,Summer 2024,S24,2024,Infrastructure
29844,oway,Summer 2024,S24,2024,AI
29789,paasa,Summer 2024,S24,2024,Fintech
29789,paasa,Summer 2024,S24,2024,Consumer
29789,paasa,Summer 2024,S24,2024,Investing
29789,paasa,Summer 2024,S24,2024,Emerging Markets
29786,palmier,Summer 2024,S24,2024,SaaS
29786,palmier,Summer 2024,S24,2024,Consumer
29786,palmier,Summer 2024,S24,2024,Video
29786,palmier,Summer 2024,S24,2024,AI
29721,panora,Summer 2024,S24,2024,API
29721,panora,Summer 2024,S24,2024,Supply Chain
29721,panora,Summer 2024,S24,2024,Infrastructure
29721,panora,Summer 2024,S24,2024,AI
29684,parahelp,Summer 2024,S24,2024,Customer Success
29684,parahelp,Summer 2024,S24,2024,Customer Service
29684,parahelp,Summer 2024,S24,2024,Customer Support
29684,parahelp,Summer 2024,S24,2024,AI
29684,parahelp,Summer 2024,S24,2024,Conversational AI
29772,parley,Summer 2024,S24,2024,Artificial Intelligence
29772,parley,Summer 2024,S24,2024,SaaS
29772,parley,Summer 2024,S24,2024,Legal
29772,parley,Summer 2024,S24,2024,LegalTech
29772,parley,Summer 2024,S24,2024,Immigration
29983,pathpilot,Summer 2024,S24,2024,Finance
29983,pathpilot,Summer 2024,S24,2024,B2B
29983,pathpilot,Summer 2024,S24,2024,Lending
29983,pathpilot,Summer 2024,S24,2024,AI
29857,pharos,Summer 2024,S24,2024,Healthcare
29857,pharos,Summer 2024,S24,2024,AI
29769,pinnacle,Summer 2024,S24,2024,Developer Tools
29769,pinnacle,Summer 2024,S24,2024,B2B
29769,pinnacle,Summer 2024,S24,2024,Sales
29769,pinnacle,Summer 2024,S24,2024,E-commerce
29769,pinnacle,Summer 2024,S24,2024,SMS
29950,pipeshift,Summer 2024,S24,2024,AIOps
29950,pipeshift,Summer 2024,S24,2024,Artificial Intelligence
29950,pipeshift,Summer 2024,S24,2024,Infrastructure
29950,pipeshift,Summer 2024,S24,2024,AI
29950,pipeshift,Summer 2024,S24,2024,ML
29739,planbase,Summer 2024,S24,2024,Artificial Intelligence
29739,planbase,Summer 2024,S24,2024,SaaS
29739,planbase,Summer 2024,S24,2024,Health Tech
29739,planbase,Summer 2024,S24,2024,B2B
29739,planbase,Summer 2024,S24,2024,AI
29701,plume,Summer 2024,S24,2024,Artificial Intelligence
29701,plume,Summer 2024,S24,2024,Solar Power
29701,plume,Summer 2024,S24,2024,B2B
29701,plume,Summer 2024,S24,2024,Energy
29701,plume,Summer 2024,S24,2024,Industrial
29251,poka-labs,Summer 2024,S24,2024,SaaS
29251,poka-labs,Summer 2024,S24,2024,Supply Chain
29251,poka-labs,Summer 2024,S24,2024,AI
29251,poka-labs,Summer 2024,S24,2024,Industrial
29821,polymet,Summer 2024,S24,2024,Artificial Intelligence
29778,praxos,Summer 2024,S24,2024,B2B
29778,praxos,Summer 2024,S24,2024,Messaging
29778,praxos,Summer 2024,S24,2024,AI
29778,praxos,Summer 2024,S24,2024,Conversational AI
29608,pre,Summer 2024,S24,2024,SaaS
29608,pre,Summer 2024,S24,2024,B2B
29608,pre,Summer 2024,S24,2024,Investing
29608,pre,Summer 2024,S24,2024,Feedback
29608,pre,Summer 2024,S24,2024,Operations
29780,presti-ai,Summer 2024,S24,2024,Artificial Intelligence
29780,presti-ai,Summer 2024,S24,2024,B2B
29780,presti-ai,Summer 2024,S24,2024,E-commerce
29780,presti-ai,Summer 2024,S24,2024,AI
29607,prohostai,Summer 2024,S24,2024,Artificial Intelligence
29607,prohostai,Summer 2024,S24,2024,SaaS
29607,prohostai,Summer 2024,S24,2024,B2B
29607,prohostai,Summer 2024,S24,2024,Travel
29607,prohostai,Summer 2024,S24,2024,AI Assistant
29815,propaya,Summer 2024,S24,2024,Artificial Intelligence
29815,propaya,Summer 2024,S24,2024,Real Estate
29815,propaya,Summer 2024,S24,2024,Proptech
29668,proxis,Summer 2024,S24,2024,SaaS
29668,proxis,Summer 2024,S24,2024,B2B
29668,proxis,Summer 2024,S24,2024,Productivity
29668,proxis,Summer 2024,S24,2024,Email
29668,proxis,Summer 2024,S24,2024,AI
29833,quetzal,Summer 2024,S24,2024,Artificial Intelligence
29833,quetzal,Summer 2024,S24,2024,SaaS
29833,quetzal,Summer 2024,S24,2024,Enterprise Software
29833,quetzal,Summer 2024,S24,2024,International
29634,random-labs,Summer 2024,S24,2024,Developer Tools
29634,random-labs,Summer 2024,S24,2024,Open Source
29634,random-labs,Summer 2024,S24,2024,AI
29634,random-labs,Summer 2024,S24,2024,AI Assistant
29834,rastro,Summer 2024,S24,2024,Artificial Intelligence
29834,rastro,Summer 2024,S24,2024,Manufacturing
29834,rastro,Summer 2024,S24,2024,Retail Tech
29834,rastro,Summer 2024,S24,2024,Retail
29740,redouble-ai,Summer 2024,S24,2024,Artificial Intelligence
29740,redouble-ai,Summer 2024,S24,2024,Generative AI
29740,redouble-ai,Summer 2024,S24,2024,B2B
29740,redouble-ai,Summer 2024,S24,2024,Workflow Automation
29740,redouble-ai,Summer 2024,S24,2024,Enterprise
29762,remade,Summer 2024,S24,2024,Artificial Intelligence
29762,remade,Summer 2024,S24,2024,Generative AI
29762,remade,Summer 2024,S24,2024,SaaS
29762,remade,Summer 2024,S24,2024,Consumer
29762,remade,Summer 2024,S24,2024,Social Media
29837,rentflow,Summer 2024,S24,2024,Fintech
29837,rentflow,Summer 2024,S24,2024,Generative AI
29837,rentflow,Summer 2024,S24,2024,SaaS
29837,rentflow,Summer 2024,S24,2024,Payments
29837,rentflow,Summer 2024,S24,2024,Proptech
29801,rescript,Summer 2024,S24,2024,SaaS
29801,rescript,Summer 2024,S24,2024,Civic Tech
29801,rescript,Summer 2024,S24,2024,B2B
29801,rescript,Summer 2024,S24,2024,LegalTech
29801,rescript,Summer 2024,S24,2024,AI
29667,rewbi,Summer 2024,S24,2024,B2B
29667,rewbi,Summer 2024,S24,2024,Energy
29667,rewbi,Summer 2024,S24,2024,Renewable Energy
29667,rewbi,Summer 2024,S24,2024,Cloud Computing
29667,rewbi,Summer 2024,S24,2024,ClimateTech
29793,riskangle,Summer 2024,S24,2024,SaaS
29793,riskangle,Summer 2024,S24,2024,B2B
29793,riskangle,Summer 2024,S24,2024,Legal
29793,riskangle,Summer 2024,S24,2024,Insurance
29793,riskangle,Summer 2024,S24,2024,AI
29951,rowboat-labs,Summer 2024,S24,2024,Productivity
29951,rowboat-labs,Summer 2024,S24,2024,Open Source
29951,rowboat-labs,Summer 2024,S24,2024,AI Assistant
29682,runlocal-ai,Summer 2024,S24,2024,Artificial Intelligence
29682,runlocal-ai,Summer 2024,S24,2024,Developer Tools
29682,runlocal-ai,Summer 2024,S24,2024,Computer Vision
29682,runlocal-ai,Summer 2024,S24,2024,ML
29643,sagecare,Summer 2024,S24,2024,AIOps
29643,sagecare,Summer 2024,S24,2024,Automation
29643,sagecare,Summer 2024,S24,2024,AI
29848,saldor,Summer 2024,S24,2024,B2B
29848,saldor,Summer 2024,S24,2024,Procurement
29588,saphira-ai,Summer 2024,S24,2024,Hardware
29588,saphira-ai,Summer 2024,S24,2024,Robotics
29588,saphira-ai,Summer 2024,S24,2024,Compliance
29588,saphira-ai,Summer 2024,S24,2024,Enterprise
29588,saphira-ai,Summer 2024,S24,2024,AI
29730,saturn,Summer 2024,S24,2024,Fintech
29730,saturn,Summer 2024,S24,2024,Generative AI
29730,saturn,Summer 2024,S24,2024,B2B
29671,scape,Summer 2024,S24,2024,Artificial Intelligence
29671,scape,Summer 2024,S24,2024,Generative AI
29671,scape,Summer 2024,S24,2024,SaaS
29671,scape,Summer 2024,S24,2024,API
29671,scape,Summer 2024,S24,2024,AI
29748,seals-ai,Summer 2024,S24,2024,SaaS
29748,seals-ai,Summer 2024,S24,2024,B2B
29748,seals-ai,Summer 2024,S24,2024,AI
29784,sensei,Summer 2024,S24,2024,Artificial Intelligence
29784,sensei,Summer 2024,S24,2024,Hard Tech
29784,sensei,Summer 2024,S24,2024,Marketplace
29784,sensei,Summer 2024,S24,2024,Robotics
29784,sensei,Summer 2024,S24,2024,Data Engineering
29825,sepal-ai,Summer 2024,S24,2024,AIOps
29825,sepal-ai,Summer 2024,S24,2024,Reinforcement Learning
29825,sepal-ai,Summer 2024,S24,2024,Data Labeling
29825,sepal-ai,Summer 2024,S24,2024,AI
29745,sharpe,Summer 2024,S24,2024,Finance
29745,sharpe,Summer 2024,S24,2024,Analytics
29745,sharpe,Summer 2024,S24,2024,Big Data
29745,sharpe,Summer 2024,S24,2024,Data Engineering
29745,sharpe,Summer 2024,S24,2024,AI
29661,silurian,Summer 2024,S24,2024,Artificial Intelligence
29661,silurian,Summer 2024,S24,2024,Climate
29661,silurian,Summer 2024,S24,2024,Insurance
29661,silurian,Summer 2024,S24,2024,Agriculture
29661,silurian,Summer 2024,S24,2024,Energy
29978,simcare,Summer 2024,S24,2024,AI-Enhanced Learning
29978,simcare,Summer 2024,S24,2024,Education
29978,simcare,Summer 2024,S24,2024,Healthcare
29978,simcare,Summer 2024,S24,2024,Edtech
29785,simple-ai,Summer 2024,S24,2024,Artificial Intelligence
29785,simple-ai,Summer 2024,S24,2024,Sales
29785,simple-ai,Summer 2024,S24,2024,Call Center
29785,simple-ai,Summer 2024,S24,2024,Operations
29785,simple-ai,Summer 2024,S24,2024,AI
29296,simplex,Summer 2024,S24,2024,Machine Learning
29296,simplex,Summer 2024,S24,2024,Robotic Process Automation
29296,simplex,Summer 2024,S24,2024,B2B
29296,simplex,Summer 2024,S24,2024,AI
29773,soff,Summer 2024,S24,2024,Artificial Intelligence
29773,soff,Summer 2024,S24,2024,B2B
29773,soff,Summer 2024,S24,2024,Sales
29773,soff,Summer 2024,S24,2024,Manufacturing
29773,soff,Summer 2024,S24,2024,Supply Chain
29650,sorcerer,Summer 2024,S24,2024,Artificial Intelligence
29650,sorcerer,Summer 2024,S24,2024,Hard Tech
29650,sorcerer,Summer 2024,S24,2024,Hardware
29650,sorcerer,Summer 2024,S24,2024,Climate
29650,sorcerer,Summer 2024,S24,2024,Aerospace
29597,spaceium-inc,Summer 2024,S24,2024,Hard Tech
29597,spaceium-inc,Summer 2024,S24,2024,Robotics
29597,spaceium-inc,Summer 2024,S24,2024,Space Exploration
29597,spaceium-inc,Summer 2024,S24,2024,Aerospace
29474,spur,Summer 2024,S24,2024,Developer Tools
29474,spur,Summer 2024,S24,2024,B2B
29474,spur,Summer 2024,S24,2024,AI
29808,starcloud,Summer 2024,S24,2024,Hard Tech
29808,starcloud,Summer 2024,S24,2024,Satellites
29808,starcloud,Summer 2024,S24,2024,Climate
29808,starcloud,Summer 2024,S24,2024,Cloud Computing
29808,starcloud,Summer 2024,S24,2024,AI
29654,stardrift,Summer 2024,S24,2024,Consumer
29654,stardrift,Summer 2024,S24,2024,Travel
29654,stardrift,Summer 2024,S24,2024,AI
29673,storia-ai,Summer 2024,S24,2024,Artificial Intelligence
29673,storia-ai,Summer 2024,S24,2024,Developer Tools
29673,storia-ai,Summer 2024,S24,2024,Machine Learning
29673,storia-ai,Summer 2024,S24,2024,SaaS
29574,superunit,Summer 2024,S24,2024,SaaS
29574,superunit,Summer 2024,S24,2024,B2B
29574,superunit,Summer 2024,S24,2024,HR Tech
29574,superunit,Summer 2024,S24,2024,Enterprise Software
29574,superunit,Summer 2024,S24,2024,AI
29850,surebright,Summer 2024,S24,2024,E-commerce
29850,surebright,Summer 2024,S24,2024,Insurance
29850,surebright,Summer 2024,S24,2024,Retail
29850,surebright,Summer 2024,S24,2024,AI
29987,syntra,Summer 2024,S24,2024,Artificial Intelligence
29987,syntra,Summer 2024,S24,2024,FinOps
29987,syntra,Summer 2024,S24,2024,Fintech
29987,syntra,Summer 2024,S24,2024,Healthcare IT
29691,tandem-2,Summer 2024,S24,2024,Real Estate
29691,tandem-2,Summer 2024,S24,2024,B2B
29691,tandem-2,Summer 2024,S24,2024,Proptech
29710,taxgpt,Summer 2024,S24,2024,Artificial Intelligence
29710,taxgpt,Summer 2024,S24,2024,Fintech
29710,taxgpt,Summer 2024,S24,2024,B2B
29779,the-forecasting-company,Summer 2024,S24,2024,Artificial Intelligence
29779,the-forecasting-company,Summer 2024,S24,2024,B2B
29779,the-forecasting-company,Summer 2024,S24,2024,Supply Chain
29779,the-forecasting-company,Summer 2024,S24,2024,Enterprise Software
29779,the-forecasting-company,Summer 2024,S24,2024,AI
29589,theseus,Summer 2024,S24,2024,Robotics
29589,theseus,Summer 2024,S24,2024,Drones
29589,theseus,Summer 2024,S24,2024,Defense
29767,thunder-compute,Summer 2024,S24,2024,Developer Tools
29767,thunder-compute,Summer 2024,S24,2024,Data Science
29767,thunder-compute,Summer 2024,S24,2024,Cloud Computing
29767,thunder-compute,Summer 2024,S24,2024,Infrastructure
29767,thunder-compute,Summer 2024,S24,2024,AI
29804,thyme,Summer 2024,S24,2024,Artificial Intelligence
29804,thyme,Summer 2024,S24,2024,Fintech
29804,thyme,Summer 2024,S24,2024,Finance
29689,tivara,Summer 2024,S24,2024,Artificial Intelligence
29689,tivara,Summer 2024,S24,2024,SaaS
29689,tivara,Summer 2024,S24,2024,B2B
29689,tivara,Summer 2024,S24,2024,Healthcare
29836,tradeflow,Summer 2024,S24,2024,FinOps
29836,tradeflow,Summer 2024,S24,2024,Fintech
29836,tradeflow,Summer 2024,S24,2024,SaaS
29836,tradeflow,Summer 2024,S24,2024,B2B
29836,tradeflow,Summer 2024,S24,2024,AI
29830,typa,Summer 2024,S24,2024,Artificial Intelligence
29830,typa,Summer 2024,S24,2024,Generative AI
29830,typa,Summer 2024,S24,2024,Social Media
29830,typa,Summer 2024,S24,2024,Marketing
29557,ultra,Summer 2024,S24,2024,Robotics
29557,ultra,Summer 2024,S24,2024,Logistics
29557,ultra,Summer 2024,S24,2024,AI
29557,ultra,Summer 2024,S24,2024,Industrial
29659,unbound,Summer 2024,S24,2024,Artificial Intelligence
29659,unbound,Summer 2024,S24,2024,Privacy
29659,unbound,Summer 2024,S24,2024,Cybersecurity
29659,unbound,Summer 2024,S24,2024,Data Labeling
29573,undermind,Summer 2024,S24,2024,Machine Learning
29573,undermind,Summer 2024,S24,2024,Biotech
29573,undermind,Summer 2024,S24,2024,Search
29573,undermind,Summer 2024,S24,2024,AI
29579,understood-care,Summer 2024,S24,2024,Health Tech
29579,understood-care,Summer 2024,S24,2024,Healthcare
29579,understood-care,Summer 2024,S24,2024,Health Insurance
29579,understood-care,Summer 2024,S24,2024,AI
29579,understood-care,Summer 2024,S24,2024,AI Assistant
29633,unsloth-ai,Summer 2024,S24,2024,Developer Tools
29633,unsloth-ai,Summer 2024,S24,2024,Generative AI
29633,unsloth-ai,Summer 2024,S24,2024,Open Source
29633,unsloth-ai,Summer 2024,S24,2024,Infrastructure
29633,unsloth-ai,Summer 2024,S24,2024,AI
29849,usul,Summer 2024,S24,2024,Artificial Intelligence
29849,usul,Summer 2024,S24,2024,Generative AI
29849,usul,Summer 2024,S24,2024,GovTech
29814,vendra,Summer 2024,S24,2024,Hardware
29814,vendra,Summer 2024,S24,2024,Manufacturing
29814,vendra,Summer 2024,S24,2024,Supply Chain
29814,vendra,Summer 2024,S24,2024,Aerospace
29814,vendra,Summer 2024,S24,2024,Defense
29858,vera-health,Summer 2024,S24,2024,Artificial Intelligence
29858,vera-health,Summer 2024,S24,2024,Digital Health
29858,vera-health,Summer 2024,S24,2024,Healthcare
29734,vibe,Summer 2024,S24,2024,Developer Tools
29734,vibe,Summer 2024,S24,2024,SaaS
29734,vibe,Summer 2024,S24,2024,B2B
29734,vibe,Summer 2024,S24,2024,Web Development
29734,vibe,Summer 2024,S24,2024,AI
29644,videogen,Summer 2024,S24,2024,eLearning
29644,videogen,Summer 2024,S24,2024,Video
29644,videogen,Summer 2024,S24,2024,API
29644,videogen,Summer 2024,S24,2024,Marketing
29644,videogen,Summer 2024,S24,2024,AI Assistant
29967,village-labs,Summer 2024,S24,2024,Fintech
29967,village-labs,Summer 2024,S24,2024,Human Resources
29960,void,Summer 2024,S24,2024,Artificial Intelligence
29960,void,Summer 2024,S24,2024,Developer Tools
29835,voker,Summer 2024,S24,2024,Developer Tools
29835,voker,Summer 2024,S24,2024,Generative AI
29835,voker,Summer 2024,S24,2024,Analytics
29835,voker,Summer 2024,S24,2024,Big Data
29835,voker,Summer 2024,S24,2024,AI
29819,weel,Summer 2024,S24,2024,Augmented Reality
29819,weel,Summer 2024,S24,2024,Computer Vision
29819,weel,Summer 2024,S24,2024,Navigation
29819,weel,Summer 2024,S24,2024,Mobility
29819,weel,Summer 2024,S24,2024,Automotive
29649,wordware,Summer 2024,S24,2024,AIOps
29649,wordware,Summer 2024,S24,2024,Developer Tools
29649,wordware,Summer 2024,S24,2024,Infrastructure
29649,wordware,Summer 2024,S24,2024,AI
29764,zeit-ai,Summer 2024,S24,2024,Artificial Intelligence
29764,zeit-ai,Summer 2024,S24,2024,SaaS
29764,zeit-ai,Summer 2024,S24,2024,B2B
29764,zeit-ai,Summer 2024,S24,2024,Analytics
29764,zeit-ai,Summer 2024,S24,2024,Data Engineering
29812,zeropath,Summer 2024,S24,2024,Artificial Intelligence
29812,zeropath,Summer 2024,S24,2024,Developer Tools
29812,zeropath,Summer 2024,S24,2024,B2B
29812,zeropath,Summer 2024,S24,2024,Security
29812,zeropath,Summer 2024,S24,2024,Cybersecurity
29777,zettascale,Summer 2024,S24,2024,Hard Tech
29777,zettascale,Summer 2024,S24,2024,Semiconductors
29777,zettascale,Summer 2024,S24,2024,Infrastructure
29777,zettascale,Summer 2024,S24,2024,AI
29731,zoa-research,Summer 2024,S24,2024,Data Science
29731,zoa-research,Summer 2024,S24,2024,AI
29670,zuni,Summer 2024,S24,2024,Generative AI
29670,zuni,Summer 2024,S24,2024,Productivity
29670,zuni,Summer 2024,S24,2024,AI Assistant
29823,autarc,Summer 2024,S24,2024,Artificial Intelligence
29823,autarc,Summer 2024,S24,2024,Lidar
29823,autarc,Summer 2024,S24,2024,Computer Vision
29823,autarc,Summer 2024,S24,2024,B2B
29823,autarc,Summer 2024,S24,2024,AI Assistant
29688,camfer,Summer 2024,S24,2024,Generative AI
29688,camfer,Summer 2024,S24,2024,Hardware
29688,camfer,Summer 2024,S24,2024,Productivity
29688,camfer,Summer 2024,S24,2024,Manufacturing
29688,camfer,Summer 2024,S24,2024,AI
29719,cmux,Summer 2024,S24,2024,Developer Tools
29719,cmux,Summer 2024,S24,2024,Open Source
29719,cmux,Summer 2024,S24,2024,AI
29747,deepsilicon,Summer 2024,S24,2024,Edge Computing Semiconductors
29747,deepsilicon,Summer 2024,S24,2024,Hard Tech
29747,deepsilicon,Summer 2024,S24,2024,AI
29856,et-al,Summer 2024,S24,2024,AI-Enhanced Learning
29856,et-al,Summer 2024,S24,2024,Consumer
29856,et-al,Summer 2024,S24,2024,Productivity
29856,et-al,Summer 2024,S24,2024,AI
29728,expand-ai,Summer 2024,S24,2024,Developer Tools
29728,expand-ai,Summer 2024,S24,2024,Infrastructure
29653,ideate-xyz,Summer 2024,S24,2024,Developer Tools
29653,ideate-xyz,Summer 2024,S24,2024,Generative AI
29653,ideate-xyz,Summer 2024,S24,2024,SaaS
29653,ideate-xyz,Summer 2024,S24,2024,Gaming
29839,pap,Summer 2024,S24,2024,Fintech
29839,pap,Summer 2024,S24,2024,Consumer
29839,pap,Summer 2024,S24,2024,Consumer Finance
29839,pap,Summer 2024,S24,2024,AI Assistant
29750,winfunc,Summer 2024,S24,2024,Artificial Intelligence
29750,winfunc,Summer 2024,S24,2024,SaaS
29750,winfunc,Summer 2024,S24,2024,B2B
29750,winfunc,Summer 2024,S24,2024,Security
29750,winfunc,Summer 2024,S24,2024,AI
29532,angstrom-ai,Summer 2024,S24,2024,AI-powered Drug Discovery
29532,angstrom-ai,Summer 2024,S24,2024,Artificial Intelligence
29532,angstrom-ai,Summer 2024,S24,2024,Biotech
29532,angstrom-ai,Summer 2024,S24,2024,Drug discovery
29532,angstrom-ai,Summer 2024,S24,2024,AI
30078,abundant,Fall 2024,F24,2024,AIOps
30078,abundant,Fall 2024,F24,2024,Artificial Intelligence
30078,abundant,Fall 2024,F24,2024,API
30078,abundant,Fall 2024,F24,2024,AI
30037,afternoon-co,Fall 2024,F24,2024,SaaS
30105,archilabs,Fall 2024,F24,2024,SaaS
30105,archilabs,Fall 2024,F24,2024,Construction
30105,archilabs,Fall 2024,F24,2024,B2B
30105,archilabs,Fall 2024,F24,2024,Proptech
30105,archilabs,Fall 2024,F24,2024,AI
30045,archil,Fall 2024,F24,2024,Developer Tools
30045,archil,Fall 2024,F24,2024,Machine Learning
30045,archil,Fall 2024,F24,2024,Big Data
30045,archil,Fall 2024,F24,2024,Infrastructure
30045,archil,Fall 2024,F24,2024,AI
30077,autocomputer,Fall 2024,F24,2024,Artificial Intelligence
30077,autocomputer,Fall 2024,F24,2024,Deep Learning
30077,autocomputer,Fall 2024,F24,2024,B2B
30077,autocomputer,Fall 2024,F24,2024,Enterprise
30077,autocomputer,Fall 2024,F24,2024,Automation
30054,ctgt,Fall 2024,F24,2024,B2B
30054,ctgt,Fall 2024,F24,2024,Enterprise
30054,ctgt,Fall 2024,F24,2024,AI
30030,candle,Fall 2024,F24,2024,Artificial Intelligence
30030,candle,Fall 2024,F24,2024,Consumer
30030,candle,Fall 2024,F24,2024,AI
30096,capy,Fall 2024,F24,2024,AI
30096,capy,Fall 2024,F24,2024,AI Assistant
30124,careforce,Fall 2024,F24,2024,Health Tech
30124,careforce,Fall 2024,F24,2024,Healthcare
30124,careforce,Fall 2024,F24,2024,Healthcare IT
30124,careforce,Fall 2024,F24,2024,Call Center
30124,careforce,Fall 2024,F24,2024,AI
30046,cekura-ai,Fall 2024,F24,2024,Developer Tools
30046,cekura-ai,Fall 2024,F24,2024,SaaS
30046,cekura-ai,Fall 2024,F24,2024,B2B
30065,withcharm,Fall 2024,F24,2024,Crypto / Web3
30065,withcharm,Fall 2024,F24,2024,Payments
30065,withcharm,Fall 2024,F24,2024,Consumer
30065,withcharm,Fall 2024,F24,2024,Messaging
30065,withcharm,Fall 2024,F24,2024,Social Media
30014,clarus,Fall 2024,F24,2024,Finance
30095,consus,Fall 2024,F24,2024,Artificial Intelligence
30095,consus,Fall 2024,F24,2024,Developer Tools
30095,consus,Fall 2024,F24,2024,Aerospace
30095,consus,Fall 2024,F24,2024,Defense
30083,curo,Fall 2024,F24,2024,Transportation
30083,curo,Fall 2024,F24,2024,Energy
30083,curo,Fall 2024,F24,2024,Automotive
30032,darkgrade,Fall 2024,F24,2024,Consumer
30032,darkgrade,Fall 2024,F24,2024,Social Media
30032,darkgrade,Fall 2024,F24,2024,Video
30032,darkgrade,Fall 2024,F24,2024,Media
30032,darkgrade,Fall 2024,F24,2024,AI
30080,dexter,Fall 2024,F24,2024,SaaS
30080,dexter,Fall 2024,F24,2024,B2B
30080,dexter,Fall 2024,F24,2024,Analytics
30080,dexter,Fall 2024,F24,2024,Procurement
30080,dexter,Fall 2024,F24,2024,Automation
30102,diffusion-studio,Fall 2024,F24,2024,Artificial Intelligence
30102,diffusion-studio,Fall 2024,F24,2024,Consumer
30102,diffusion-studio,Fall 2024,F24,2024,Video
30102,diffusion-studio,Fall 2024,F24,2024,Media
30102,diffusion-studio,Fall 2024,F24,2024,AI
30027,durate,Fall 2024,F24,2024,SaaS
30027,durate,Fall 2024,F24,2024,Healthcare
30027,durate,Fall 2024,F24,2024,Healthcare IT
30047,endstack,Fall 2024,F24,2024,Developer Tools
30047,endstack,Fall 2024,F24,2024,Generative AI
30047,endstack,Fall 2024,F24,2024,AI
30047,endstack,Fall 2024,F24,2024,AI Assistant
30110,forerunner-ai,Fall 2024,F24,2024,Airlines
30110,forerunner-ai,Fall 2024,F24,2024,Aerospace
30110,forerunner-ai,Fall 2024,F24,2024,AI
30063,freebuff,Fall 2024,F24,2024,Artificial Intelligence
30063,freebuff,Fall 2024,F24,2024,Developer Tools
30116,freestyle-ai,Fall 2024,F24,2024,Artificial Intelligence
30116,freestyle-ai,Fall 2024,F24,2024,Productivity
30116,freestyle-ai,Fall 2024,F24,2024,Email
30116,freestyle-ai,Fall 2024,F24,2024,AI Assistant
30109,futureclinic,Fall 2024,F24,2024,Health Tech
30109,futureclinic,Fall 2024,F24,2024,Digital Health
30109,futureclinic,Fall 2024,F24,2024,Healthcare
30028,gait,Fall 2024,F24,2024,Developer Tools
30028,gait,Fall 2024,F24,2024,AI
30018,galini,Fall 2024,F24,2024,Artificial Intelligence
30018,galini,Fall 2024,F24,2024,SaaS
30018,galini,Fall 2024,F24,2024,B2B
30018,galini,Fall 2024,F24,2024,Compliance
30018,galini,Fall 2024,F24,2024,Enterprise
30099,gander,Fall 2024,F24,2024,Artificial Intelligence
30099,gander,Fall 2024,F24,2024,SaaS
30099,gander,Fall 2024,F24,2024,Aerospace
30087,gecko-security,Fall 2024,F24,2024,SaaS
30087,gecko-security,Fall 2024,F24,2024,B2B
30087,gecko-security,Fall 2024,F24,2024,Security
30087,gecko-security,Fall 2024,F24,2024,Cybersecurity
30087,gecko-security,Fall 2024,F24,2024,AI
30031,getcho,Fall 2024,F24,2024,SaaS
30031,getcho,Fall 2024,F24,2024,Delivery
30031,getcho,Fall 2024,F24,2024,Logistics
30031,getcho,Fall 2024,F24,2024,E-commerce
30031,getcho,Fall 2024,F24,2024,Retail Tech
30064,hybrd,Fall 2024,F24,2024,Health Tech
30064,hybrd,Fall 2024,F24,2024,Consumer
30064,hybrd,Fall 2024,F24,2024,Fitness
30064,hybrd,Fall 2024,F24,2024,Digital Health
30064,hybrd,Fall 2024,F24,2024,AI
30034,healthspark,Fall 2024,F24,2024,Health Tech
30034,healthspark,Fall 2024,F24,2024,Digital Health
30034,healthspark,Fall 2024,F24,2024,Healthcare
30034,healthspark,Fall 2024,F24,2024,AI
30129,humanlayer,Fall 2024,F24,2024,Artificial Intelligence
30129,humanlayer,Fall 2024,F24,2024,Developer Tools
30052,issen,Fall 2024,F24,2024,Education
30052,issen,Fall 2024,F24,2024,Generative AI
30052,issen,Fall 2024,F24,2024,Consumer
30052,issen,Fall 2024,F24,2024,AI
30097,innate,Fall 2024,F24,2024,Artificial Intelligence
30097,innate,Fall 2024,F24,2024,Developer Tools
30097,innate,Fall 2024,F24,2024,Hard Tech
30097,innate,Fall 2024,F24,2024,Robotics
30056,keye,Fall 2024,F24,2024,Artificial Intelligence
30056,keye,Fall 2024,F24,2024,Finance
30056,keye,Fall 2024,F24,2024,Investing
30056,keye,Fall 2024,F24,2024,Enterprise Software
30056,keye,Fall 2024,F24,2024,AI
30101,kilvin,Fall 2024,F24,2024,Developer Tools
30101,kilvin,Fall 2024,F24,2024,Productivity
30101,kilvin,Fall 2024,F24,2024,Data Engineering
30101,kilvin,Fall 2024,F24,2024,Automation
30101,kilvin,Fall 2024,F24,2024,AI
30115,laminar-com,Fall 2024,F24,2024,B2B
30115,laminar-com,Fall 2024,F24,2024,Enterprise Software
30115,laminar-com,Fall 2024,F24,2024,AI
30060,lingodotdev,Fall 2024,F24,2024,Developer Tools
30060,lingodotdev,Fall 2024,F24,2024,B2B
30060,lingodotdev,Fall 2024,F24,2024,International
30060,lingodotdev,Fall 2024,F24,2024,Infrastructure
30060,lingodotdev,Fall 2024,F24,2024,AI
30127,loombotic,Fall 2024,F24,2024,Manufacturing
30057,luthor,Fall 2024,F24,2024,B2B
30057,luthor,Fall 2024,F24,2024,Compliance
30057,luthor,Fall 2024,F24,2024,Marketing
30057,luthor,Fall 2024,F24,2024,Regtech
30057,luthor,Fall 2024,F24,2024,AI
30048,astrix-health,Fall 2024,F24,2024,Machine Learning
30048,astrix-health,Fall 2024,F24,2024,Marketplace
30048,astrix-health,Fall 2024,F24,2024,Recruiting
30048,astrix-health,Fall 2024,F24,2024,Healthcare
30048,astrix-health,Fall 2024,F24,2024,AI
30113,melder,Fall 2024,F24,2024,Artificial Intelligence
30113,melder,Fall 2024,F24,2024,Generative AI
30113,melder,Fall 2024,F24,2024,Data Engineering
30103,metreecs,Fall 2024,F24,2024,Machine Learning
30103,metreecs,Fall 2024,F24,2024,Retail Tech
30103,metreecs,Fall 2024,F24,2024,AI
30079,moonshine,Fall 2024,F24,2024,Artificial Intelligence
30079,moonshine,Fall 2024,F24,2024,Machine Learning
30033,openbenchmarks,Fall 2024,F24,2024,Artificial Intelligence
30033,openbenchmarks,Fall 2024,F24,2024,SaaS
30033,openbenchmarks,Fall 2024,F24,2024,B2B
30033,openbenchmarks,Fall 2024,F24,2024,SEO
30090,origami-2,Fall 2024,F24,2024,Workflow Automation
30090,origami-2,Fall 2024,F24,2024,Sales
30090,origami-2,Fall 2024,F24,2024,Search
30073,pearson-labs,Fall 2024,F24,2024,Artificial Intelligence
30073,pearson-labs,Fall 2024,F24,2024,Generative AI
30073,pearson-labs,Fall 2024,F24,2024,Legal
30073,pearson-labs,Fall 2024,F24,2024,LegalTech
30088,permitportal,Fall 2024,F24,2024,Real Estate
30088,permitportal,Fall 2024,F24,2024,Construction
30088,permitportal,Fall 2024,F24,2024,AI
30039,raycaster,Fall 2024,F24,2024,Artificial Intelligence
30039,raycaster,Fall 2024,F24,2024,SaaS
30039,raycaster,Fall 2024,F24,2024,Biotech
30039,raycaster,Fall 2024,F24,2024,Enterprise Software
30117,relvy-ai,Fall 2024,F24,2024,Developer Tools
30117,relvy-ai,Fall 2024,F24,2024,SaaS
30117,relvy-ai,Fall 2024,F24,2024,B2B
30117,relvy-ai,Fall 2024,F24,2024,DevOps
30117,relvy-ai,Fall 2024,F24,2024,AI
30049,reticular,Fall 2024,F24,2024,Generative AI
30049,reticular,Fall 2024,F24,2024,Consumer Health Services
30049,reticular,Fall 2024,F24,2024,Biotech
30041,revyl,Fall 2024,F24,2024,Artificial Intelligence
30041,revyl,Fall 2024,F24,2024,Developer Tools
30041,revyl,Fall 2024,F24,2024,B2B
30041,revyl,Fall 2024,F24,2024,Infrastructure
30055,riskcube,Fall 2024,F24,2024,Fintech
30055,riskcube,Fall 2024,F24,2024,Insurance
30055,riskcube,Fall 2024,F24,2024,Defense
30055,riskcube,Fall 2024,F24,2024,AI
30017,riveter,Fall 2024,F24,2024,Artificial Intelligence
30017,riveter,Fall 2024,F24,2024,B2B
30017,riveter,Fall 2024,F24,2024,E-commerce
30017,riveter,Fall 2024,F24,2024,Market Research
30017,riveter,Fall 2024,F24,2024,AI
30036,rulebase,Fall 2024,F24,2024,Customer Success
30036,rulebase,Fall 2024,F24,2024,Customer Service
30036,rulebase,Fall 2024,F24,2024,Customer Support
30114,ryvn,Fall 2024,F24,2024,Developer Tools
30114,ryvn,Fall 2024,F24,2024,SaaS
30114,ryvn,Fall 2024,F24,2024,DevOps
30114,ryvn,Fall 2024,F24,2024,Infrastructure
30044,sandra-ai,Fall 2024,F24,2024,Automotive
30044,sandra-ai,Fall 2024,F24,2024,AI Assistant
30068,stewdio,Fall 2024,F24,2024,Design
30068,stewdio,Fall 2024,F24,2024,Design Tools
30068,stewdio,Fall 2024,F24,2024,Video
30068,stewdio,Fall 2024,F24,2024,Advertising
30068,stewdio,Fall 2024,F24,2024,AI
30023,streamable,Fall 2024,F24,2024,Consumer
30023,streamable,Fall 2024,F24,2024,Social Media
30023,streamable,Fall 2024,F24,2024,Live
30023,streamable,Fall 2024,F24,2024,AI
30108,struct-ai,Fall 2024,F24,2024,Artificial Intelligence
30108,struct-ai,Fall 2024,F24,2024,Developer Tools
30108,struct-ai,Fall 2024,F24,2024,B2B
30108,struct-ai,Fall 2024,F24,2024,DevOps
30108,struct-ai,Fall 2024,F24,2024,Enterprise Software
30106,sunset,Fall 2024,F24,2024,Fintech
30106,sunset,Fall 2024,F24,2024,Consumer Finance
30107,surge,Fall 2024,F24,2024,Developer Tools
30107,surge,Fall 2024,F24,2024,SaaS
30107,surge,Fall 2024,F24,2024,API
30107,surge,Fall 2024,F24,2024,Telecommunications
30107,surge,Fall 2024,F24,2024,Infrastructure
30022,symphony,Fall 2024,F24,2024,SaaS
30022,symphony,Fall 2024,F24,2024,B2B
30022,symphony,Fall 2024,F24,2024,HR Tech
30022,symphony,Fall 2024,F24,2024,AI
30125,synth-3,Fall 2024,F24,2024,Reinforcement Learning
30125,synth-3,Fall 2024,F24,2024,AI
30075,tiny,Fall 2024,F24,2024,SaaS
30075,tiny,Fall 2024,F24,2024,B2B
30075,tiny,Fall 2024,F24,2024,Workflow Automation
30075,tiny,Fall 2024,F24,2024,Manufacturing
30075,tiny,Fall 2024,F24,2024,Enterprise Software
30066,unusual,Fall 2024,F24,2024,Sales
30066,unusual,Fall 2024,F24,2024,Marketing
30066,unusual,Fall 2024,F24,2024,AI
29577,variant,Fall 2024,F24,2024,Developer Tools
29577,variant,Fall 2024,F24,2024,Design Tools
29577,variant,Fall 2024,F24,2024,AI
30112,vaya,Fall 2024,F24,2024,Consumer
30112,vaya,Fall 2024,F24,2024,Travel
30043,vespper,Fall 2024,F24,2024,Documents
30043,vespper,Fall 2024,F24,2024,Artificial Intelligence
30043,vespper,Fall 2024,F24,2024,Developer Tools
30043,vespper,Fall 2024,F24,2024,B2B
30043,vespper,Fall 2024,F24,2024,API
30042,vortexify,Fall 2024,F24,2024,Artificial Intelligence
30042,vortexify,Fall 2024,F24,2024,Supply Chain
30042,vortexify,Fall 2024,F24,2024,Big Data
30042,vortexify,Fall 2024,F24,2024,Operations
30042,vortexify,Fall 2024,F24,2024,AI Assistant
30016,zeroframe,Fall 2024,F24,2024,Artificial Intelligence
30016,zeroframe,Fall 2024,F24,2024,Machine Learning
30051,attimet,Fall 2024,F24,2024,Artificial Intelligence
30051,attimet,Fall 2024,F24,2024,Finance
30051,attimet,Fall 2024,F24,2024,Trading
30040,supercontrast,Fall 2024,F24,2024,Machine Learning
30040,supercontrast,Fall 2024,F24,2024,Design
30040,supercontrast,Fall 2024,F24,2024,Design Tools
30074,vly-ai-2,Fall 2024,F24,2024,Artificial Intelligence
30074,vly-ai-2,Fall 2024,F24,2024,No-code
30074,vly-ai-2,Fall 2024,F24,2024,AI
30111,x1,Fall 2024,F24,2024,AI-Enhanced Learning
30111,x1,Fall 2024,F24,2024,Developer Tools
30111,x1,Fall 2024,F24,2024,Generative AI
30111,x1,Fall 2024,F24,2024,No-code
30111,x1,Fall 2024,F24,2024,Automation
30221,a1zap-by-a1base,Winter 2025,W25,2025,Social
30234,adam,Winter 2025,W25,2025,Artificial Intelligence
30234,adam,Winter 2025,W25,2025,Hardware
30234,adam,Winter 2025,W25,2025,Design
30303,afterquery,Winter 2025,W25,2025,Artificial Intelligence
30303,afterquery,Winter 2025,W25,2025,B2B
30303,afterquery,Winter 2025,W25,2025,Data Labeling
30303,afterquery,Winter 2025,W25,2025,Big Data
30303,afterquery,Winter 2025,W25,2025,AI
30278,agentin-ai,Winter 2025,W25,2025,Reinforcement Learning
30278,agentin-ai,Winter 2025,W25,2025,Enterprise
30278,agentin-ai,Winter 2025,W25,2025,AI
30197,alice-tech,Winter 2025,W25,2025,AI-Enhanced Learning
30197,alice-tech,Winter 2025,W25,2025,Artificial Intelligence
30197,alice-tech,Winter 2025,W25,2025,Education
30197,alice-tech,Winter 2025,W25,2025,Generative AI
30197,alice-tech,Winter 2025,W25,2025,SaaS
30238,amby-health,Winter 2025,W25,2025,SaaS
30238,amby-health,Winter 2025,W25,2025,Health Tech
30238,amby-health,Winter 2025,W25,2025,Digital Health
30238,amby-health,Winter 2025,W25,2025,Healthcare
30238,amby-health,Winter 2025,W25,2025,Health & Wellness
30307,archon,Winter 2025,W25,2025,GovTech
30307,archon,Winter 2025,W25,2025,Compliance
30307,archon,Winter 2025,W25,2025,Cybersecurity
30307,archon,Winter 2025,W25,2025,Cloud Computing
30298,artificial-societies,Winter 2025,W25,2025,Artificial Intelligence
30298,artificial-societies,Winter 2025,W25,2025,B2B
30298,artificial-societies,Winter 2025,W25,2025,Market Research
30259,asteroid,Winter 2025,W25,2025,Artificial Intelligence
30259,asteroid,Winter 2025,W25,2025,Robotic Process Automation
30259,asteroid,Winter 2025,W25,2025,Health Tech
30259,asteroid,Winter 2025,W25,2025,B2B
30259,asteroid,Winter 2025,W25,2025,Automation
30202,astro,Winter 2025,W25,2025,Solar Power
30202,astro,Winter 2025,W25,2025,Energy
30202,astro,Winter 2025,W25,2025,Renewable Energy
30202,astro,Winter 2025,W25,2025,ClimateTech
30202,astro,Winter 2025,W25,2025,AI
30353,axal,Winter 2025,W25,2025,Hardware
30353,axal,Winter 2025,W25,2025,Robotics
30353,axal,Winter 2025,W25,2025,Manufacturing
30353,axal,Winter 2025,W25,2025,Electronics
30192,axiom,Winter 2025,W25,2025,Fintech
30192,axiom,Winter 2025,W25,2025,Crypto / Web3
30192,axiom,Winter 2025,W25,2025,Consumer Finance
30192,axiom,Winter 2025,W25,2025,Trading
30240,bezel,Winter 2025,W25,2025,Generative AI
30240,bezel,Winter 2025,W25,2025,Machine Learning
30240,bezel,Winter 2025,W25,2025,Marketing
30363,blindpay,Winter 2025,W25,2025,Developer Tools
30363,blindpay,Winter 2025,W25,2025,Fintech
30363,blindpay,Winter 2025,W25,2025,Crypto / Web3
30363,blindpay,Winter 2025,W25,2025,Payments
30363,blindpay,Winter 2025,W25,2025,API
30334,bluebook,Winter 2025,W25,2025,Fintech
30334,bluebook,Winter 2025,W25,2025,B2B
30334,bluebook,Winter 2025,W25,2025,AI
30341,browser-use,Winter 2025,W25,2025,Open Source
30341,browser-use,Winter 2025,W25,2025,API
30341,browser-use,Winter 2025,W25,2025,Automation
30341,browser-use,Winter 2025,W25,2025,AI
30279,bystreet,Winter 2025,W25,2025,SaaS
30279,bystreet,Winter 2025,W25,2025,B2B
30279,bystreet,Winter 2025,W25,2025,Proptech
30287,calltree,Winter 2025,W25,2025,Generative AI
30287,calltree,Winter 2025,W25,2025,SaaS
30287,calltree,Winter 2025,W25,2025,B2B
30287,calltree,Winter 2025,W25,2025,Customer Service
30287,calltree,Winter 2025,W25,2025,AI
30178,candor,Winter 2025,W25,2025,Artificial Intelligence
30178,candor,Winter 2025,W25,2025,GovTech
30273,candor-security,Winter 2025,W25,2025,Cybersecurity
30273,candor-security,Winter 2025,W25,2025,AI
30239,cardamon,Winter 2025,W25,2025,Fintech
30239,cardamon,Winter 2025,W25,2025,Compliance
30239,cardamon,Winter 2025,W25,2025,Regtech
30239,cardamon,Winter 2025,W25,2025,AI
30227,caseflood-ai,Winter 2025,W25,2025,Artificial Intelligence
30227,caseflood-ai,Winter 2025,W25,2025,B2B
30227,caseflood-ai,Winter 2025,W25,2025,Sales
30227,caseflood-ai,Winter 2025,W25,2025,Legal
30227,caseflood-ai,Winter 2025,W25,2025,Call Center
30343,cedar,Winter 2025,W25,2025,Sales
30343,cedar,Winter 2025,W25,2025,Sales Enablement
30343,cedar,Winter 2025,W25,2025,CRM
30343,cedar,Winter 2025,W25,2025,Email
30266,cenote,Winter 2025,W25,2025,B2B
30266,cenote,Winter 2025,W25,2025,Digital Health
30266,cenote,Winter 2025,W25,2025,E-commerce
30266,cenote,Winter 2025,W25,2025,AI
30243,cifrato,Winter 2025,W25,2025,FinOps
30243,cifrato,Winter 2025,W25,2025,SaaS
30243,cifrato,Winter 2025,W25,2025,AI
30209,closure,Winter 2025,W25,2025,GovTech
30209,closure,Winter 2025,W25,2025,LegalTech
30209,closure,Winter 2025,W25,2025,AI
30283,confident-ai,Winter 2025,W25,2025,Developer Tools
30283,confident-ai,Winter 2025,W25,2025,Generative AI
30283,confident-ai,Winter 2025,W25,2025,Open Source
30283,confident-ai,Winter 2025,W25,2025,AI
30215,contrario,Winter 2025,W25,2025,SaaS
30215,contrario,Winter 2025,W25,2025,Recruiting
30215,contrario,Winter 2025,W25,2025,AI
30338,copycat,Winter 2025,W25,2025,Artificial Intelligence
30338,copycat,Winter 2025,W25,2025,Insurance
30319,corsair,Winter 2025,W25,2025,Developer Tools
30319,corsair,Winter 2025,W25,2025,B2B
30319,corsair,Winter 2025,W25,2025,Workflow Automation
30319,corsair,Winter 2025,W25,2025,Open Source
30319,corsair,Winter 2025,W25,2025,Personalization
30252,cuckoo-labs,Winter 2025,W25,2025,Artificial Intelligence
30252,cuckoo-labs,Winter 2025,W25,2025,B2B
30252,cuckoo-labs,Winter 2025,W25,2025,Sales
30252,cuckoo-labs,Winter 2025,W25,2025,Marketing
30201,dartboard,Winter 2025,W25,2025,Artificial Intelligence
30201,dartboard,Winter 2025,W25,2025,Hardware
30201,dartboard,Winter 2025,W25,2025,Robotics
30201,dartboard,Winter 2025,W25,2025,Energy
30201,dartboard,Winter 2025,W25,2025,Industrial
29988,delineate,Winter 2025,W25,2025,SaaS
29988,delineate,Winter 2025,W25,2025,Biotech
29988,delineate,Winter 2025,W25,2025,AI
30351,joindex,Winter 2025,W25,2025,Artificial Intelligence
30351,joindex,Winter 2025,W25,2025,Productivity
30351,joindex,Winter 2025,W25,2025,Consumer Products
30351,joindex,Winter 2025,W25,2025,AI
30198,dollyglot,Winter 2025,W25,2025,Generative AI
30198,dollyglot,Winter 2025,W25,2025,Consumer
30198,dollyglot,Winter 2025,W25,2025,Social
30198,dollyglot,Winter 2025,W25,2025,Conversational AI
30165,edexia,Winter 2025,W25,2025,AI-Enhanced Learning
30165,edexia,Winter 2025,W25,2025,Artificial Intelligence
30165,edexia,Winter 2025,W25,2025,Education
30165,edexia,Winter 2025,W25,2025,SaaS
30165,edexia,Winter 2025,W25,2025,AI Assistant
30226,elip-ai,Winter 2025,W25,2025,Artificial Intelligence
30226,elip-ai,Winter 2025,W25,2025,B2B
30226,elip-ai,Winter 2025,W25,2025,Recruiting
30339,ergo,Winter 2025,W25,2025,SaaS
30339,ergo,Winter 2025,W25,2025,B2B
30339,ergo,Winter 2025,W25,2025,Sales
30339,ergo,Winter 2025,W25,2025,AI
30185,excellence-learning,Winter 2025,W25,2025,AI-Enhanced Learning
30185,excellence-learning,Winter 2025,W25,2025,Education
30185,excellence-learning,Winter 2025,W25,2025,SaaS
30185,excellence-learning,Winter 2025,W25,2025,Edtech
29986,exin-therapeutics,Winter 2025,W25,2025,Neurotechnology
29986,exin-therapeutics,Winter 2025,W25,2025,Biotech
29986,exin-therapeutics,Winter 2025,W25,2025,Therapeutics
30284,exla,Winter 2025,W25,2025,Artificial Intelligence
30284,exla,Winter 2025,W25,2025,Infrastructure
30305,forge-automation,Winter 2025,W25,2025,Hard Tech
30305,forge-automation,Winter 2025,W25,2025,Hardware
30305,forge-automation,Winter 2025,W25,2025,Robotics
30305,forge-automation,Winter 2025,W25,2025,Manufacturing
30305,forge-automation,Winter 2025,W25,2025,Industrial
30270,g-lnk,Winter 2025,W25,2025,SaaS
30270,g-lnk,Winter 2025,W25,2025,Health Tech
30270,g-lnk,Winter 2025,W25,2025,B2B
30270,g-lnk,Winter 2025,W25,2025,Digital Health
30270,g-lnk,Winter 2025,W25,2025,AI Assistant
30258,gale,Winter 2025,W25,2025,Artificial Intelligence
30258,gale,Winter 2025,W25,2025,B2B
30258,gale,Winter 2025,W25,2025,Legal
30258,gale,Winter 2025,W25,2025,HR Tech
30258,gale,Winter 2025,W25,2025,Immigration
30276,general-trajectory,Winter 2025,W25,2025,Robotics
30276,general-trajectory,Winter 2025,W25,2025,AI
30254,hud,Winter 2025,W25,2025,Artificial Intelligence
30254,hud,Winter 2025,W25,2025,Reinforcement Learning
30265,harbera,Winter 2025,W25,2025,Artificial Intelligence
30265,harbera,Winter 2025,W25,2025,Health Tech
30265,harbera,Winter 2025,W25,2025,Healthcare
30265,harbera,Winter 2025,W25,2025,Healthcare IT
30265,harbera,Winter 2025,W25,2025,AI
30288,harper,Winter 2025,W25,2025,Fintech
30288,harper,Winter 2025,W25,2025,Insurance
30288,harper,Winter 2025,W25,2025,AI
30295,infinite,Winter 2025,W25,2025,Developer Tools
30295,infinite,Winter 2025,W25,2025,Payments
30295,infinite,Winter 2025,W25,2025,B2B
30295,infinite,Winter 2025,W25,2025,Compliance
30347,instinct-space,Winter 2025,W25,2025,Hard Tech
30347,instinct-space,Winter 2025,W25,2025,Space Exploration
30233,inversion-semiconductor,Winter 2025,W25,2025,Hardware
30233,inversion-semiconductor,Winter 2025,W25,2025,Manufacturing
30233,inversion-semiconductor,Winter 2025,W25,2025,Semiconductors
30200,karoo,Winter 2025,W25,2025,Fintech
30200,karoo,Winter 2025,W25,2025,Consumer
30200,karoo,Winter 2025,W25,2025,Neobank
30285,karsa,Winter 2025,W25,2025,Fintech
30285,karsa,Winter 2025,W25,2025,Emerging Markets
30285,karsa,Winter 2025,W25,2025,Cryptocurrency
30181,leaping-ai,Winter 2025,W25,2025,Artificial Intelligence
30181,leaping-ai,Winter 2025,W25,2025,B2B
30181,leaping-ai,Winter 2025,W25,2025,Conversational AI
30269,liquid-compute,Winter 2025,W25,2025,FinOps
30269,liquid-compute,Winter 2025,W25,2025,Fintech
30269,liquid-compute,Winter 2025,W25,2025,Infrastructure
30269,liquid-compute,Winter 2025,W25,2025,AI
30267,lopus,Winter 2025,W25,2025,Artificial Intelligence
30267,lopus,Winter 2025,W25,2025,B2B
30267,lopus,Winter 2025,W25,2025,Analytics
30272,lucidic-ai,Winter 2025,W25,2025,AIOps
30272,lucidic-ai,Winter 2025,W25,2025,Artificial Intelligence
30272,lucidic-ai,Winter 2025,W25,2025,Developer Tools
30272,lucidic-ai,Winter 2025,W25,2025,SaaS
30272,lucidic-ai,Winter 2025,W25,2025,Automation
30229,maive,Winter 2025,W25,2025,Artificial Intelligence
30229,maive,Winter 2025,W25,2025,Home Services
30224,maritime-fusion,Winter 2025,W25,2025,Fusion Energy
30224,maritime-fusion,Winter 2025,W25,2025,Hard Tech
30224,maritime-fusion,Winter 2025,W25,2025,Energy
30304,mastra,Winter 2025,W25,2025,Artificial Intelligence
30304,mastra,Winter 2025,W25,2025,Developer Tools
30304,mastra,Winter 2025,W25,2025,Open Source
30304,mastra,Winter 2025,W25,2025,AI
30251,mecha-health,Winter 2025,W25,2025,Artificial Intelligence
30251,mecha-health,Winter 2025,W25,2025,Machine Learning
30251,mecha-health,Winter 2025,W25,2025,Computer Vision
30251,mecha-health,Winter 2025,W25,2025,Health Tech
30251,mecha-health,Winter 2025,W25,2025,Healthcare
30365,mentra,Winter 2025,W25,2025,Artificial Intelligence
30365,mentra,Winter 2025,W25,2025,Hardware
30365,mentra,Winter 2025,W25,2025,Consumer
30365,mentra,Winter 2025,W25,2025,Open Source
30365,mentra,Winter 2025,W25,2025,AR
30292,mesh-2,Winter 2025,W25,2025,FinOps
30292,mesh-2,Winter 2025,W25,2025,Fintech
30292,mesh-2,Winter 2025,W25,2025,Finance
30292,mesh-2,Winter 2025,W25,2025,AI
30302,misprint,Winter 2025,W25,2025,Marketplace
30302,misprint,Winter 2025,W25,2025,Consumer
30299,miyagi-labs,Winter 2025,W25,2025,AI-Enhanced Learning
30299,miyagi-labs,Winter 2025,W25,2025,Education
30299,miyagi-labs,Winter 2025,W25,2025,eLearning
30299,miyagi-labs,Winter 2025,W25,2025,Edtech
30271,mundo-ai,Winter 2025,W25,2025,Artificial Intelligence
30271,mundo-ai,Winter 2025,W25,2025,Machine Learning
30271,mundo-ai,Winter 2025,W25,2025,AI
30286,nitrode,Winter 2025,W25,2025,Machine Learning
30286,nitrode,Winter 2025,W25,2025,B2B
30286,nitrode,Winter 2025,W25,2025,Data Engineering
30286,nitrode,Winter 2025,W25,2025,AI
30242,oki,Winter 2025,W25,2025,SaaS
30242,oki,Winter 2025,W25,2025,B2B
30242,oki,Winter 2025,W25,2025,Enterprise
30242,oki,Winter 2025,W25,2025,AI
30255,olive,Winter 2025,W25,2025,Artificial Intelligence
30255,olive,Winter 2025,W25,2025,Productivity
30255,olive,Winter 2025,W25,2025,Team Collaboration
29999,onlook,Winter 2025,W25,2025,Artificial Intelligence
29999,onlook,Winter 2025,W25,2025,Developer Tools
29999,onlook,Winter 2025,W25,2025,Design
29999,onlook,Winter 2025,W25,2025,Design Tools
30297,openintake,Winter 2025,W25,2025,SaaS
30297,openintake,Winter 2025,W25,2025,B2B
30297,openintake,Winter 2025,W25,2025,Sales
30297,openintake,Winter 2025,W25,2025,Legal
30297,openintake,Winter 2025,W25,2025,LegalTech
30315,optifye-ai,Winter 2025,W25,2025,Hard Tech
30315,optifye-ai,Winter 2025,W25,2025,Computer Vision
30315,optifye-ai,Winter 2025,W25,2025,Manufacturing
30247,osmosis,Winter 2025,W25,2025,Artificial Intelligence
30247,osmosis,Winter 2025,W25,2025,Machine Learning
30247,osmosis,Winter 2025,W25,2025,Reinforcement Learning
30247,osmosis,Winter 2025,W25,2025,Infrastructure
30291,outlit,Winter 2025,W25,2025,Artificial Intelligence
30291,outlit,Winter 2025,W25,2025,B2B
30291,outlit,Winter 2025,W25,2025,Customer Success
30176,outship,Winter 2025,W25,2025,Artificial Intelligence
30176,outship,Winter 2025,W25,2025,B2B
30176,outship,Winter 2025,W25,2025,Recruiting
29727,overstand-labs,Winter 2025,W25,2025,Artificial Intelligence
29727,overstand-labs,Winter 2025,W25,2025,LegalTech
29727,overstand-labs,Winter 2025,W25,2025,Data Science
29727,overstand-labs,Winter 2025,W25,2025,Data Engineering
29727,overstand-labs,Winter 2025,W25,2025,Conversational AI
30214,ovlo,Winter 2025,W25,2025,SaaS
30214,ovlo,Winter 2025,W25,2025,AI Assistant
30337,paratus-health,Winter 2025,W25,2025,Sales
30337,paratus-health,Winter 2025,W25,2025,Sales Enablement
30337,paratus-health,Winter 2025,W25,2025,Digital Health
30337,paratus-health,Winter 2025,W25,2025,Healthcare IT
30296,peppr-ai,Winter 2025,W25,2025,Sales
30296,peppr-ai,Winter 2025,W25,2025,Sales Enablement
30317,permitify,Winter 2025,W25,2025,Generative AI
30317,permitify,Winter 2025,W25,2025,GovTech
30317,permitify,Winter 2025,W25,2025,Computer Vision
30317,permitify,Winter 2025,W25,2025,Construction
30262,pickle-2,Winter 2025,W25,2025,Artificial Intelligence
30262,pickle-2,Winter 2025,W25,2025,Hardware
30262,pickle-2,Winter 2025,W25,2025,Augmented Reality
30262,pickle-2,Winter 2025,W25,2025,Consumer
30314,pinch,Winter 2025,W25,2025,Artificial Intelligence
30314,pinch,Winter 2025,W25,2025,Telecommunications
30187,praxim,Winter 2025,W25,2025,Artificial Intelligence
30187,praxim,Winter 2025,W25,2025,SaaS
30187,praxim,Winter 2025,W25,2025,Consumer
30187,praxim,Winter 2025,W25,2025,B2B
30187,praxim,Winter 2025,W25,2025,Databases
30320,proception-inc,Winter 2025,W25,2025,Artificial Intelligence
30320,proception-inc,Winter 2025,W25,2025,Robotics
30207,promptless,Winter 2025,W25,2025,Artificial Intelligence
30207,promptless,Winter 2025,W25,2025,Developer Tools
30207,promptless,Winter 2025,W25,2025,Generative AI
30207,promptless,Winter 2025,W25,2025,SaaS
30207,promptless,Winter 2025,W25,2025,B2B
30160,quantstruct,Winter 2025,W25,2025,Artificial Intelligence
30160,quantstruct,Winter 2025,W25,2025,Developer Tools
30160,quantstruct,Winter 2025,W25,2025,B2B
30160,quantstruct,Winter 2025,W25,2025,API
30160,quantstruct,Winter 2025,W25,2025,Automation
30235,rally-3,Winter 2025,W25,2025,Fintech
30235,rally-3,Winter 2025,W25,2025,Logistics
30235,rally-3,Winter 2025,W25,2025,Transportation
30235,rally-3,Winter 2025,W25,2025,AI
30277,rejot,Winter 2025,W25,2025,Developer Tools
30277,rejot,Winter 2025,W25,2025,API
30277,rejot,Winter 2025,W25,2025,Infrastructure
30277,rejot,Winter 2025,W25,2025,Databases
30324,rebolt,Winter 2025,W25,2025,Enterprise Software
30324,rebolt,Winter 2025,W25,2025,AI
30324,rebolt,Winter 2025,W25,2025,AI Assistant
30316,reditus-space,Winter 2025,W25,2025,Hard Tech
30316,reditus-space,Winter 2025,W25,2025,Manufacturing
30316,reditus-space,Winter 2025,W25,2025,Aerospace
30174,revise-robotics,Winter 2025,W25,2025,Robotic Process Automation
30174,revise-robotics,Winter 2025,W25,2025,ClimateTech
30174,revise-robotics,Winter 2025,W25,2025,Electronics
30282,riviera,Winter 2025,W25,2025,SaaS
30282,riviera,Winter 2025,W25,2025,B2B
30282,riviera,Winter 2025,W25,2025,Travel
30282,riviera,Winter 2025,W25,2025,Analytics
30282,riviera,Winter 2025,W25,2025,AI
30325,roark,Winter 2025,W25,2025,Analytics
30325,roark,Winter 2025,W25,2025,AI
30325,roark,Winter 2025,W25,2025,Conversational AI
30230,salespatriot,Winter 2025,W25,2025,SaaS
30230,salespatriot,Winter 2025,W25,2025,B2B
30230,salespatriot,Winter 2025,W25,2025,Sales
30230,salespatriot,Winter 2025,W25,2025,AI
30230,salespatriot,Winter 2025,W25,2025,Industrial
30205,scout-4,Winter 2025,W25,2025,Artificial Intelligence
30205,scout-4,Winter 2025,W25,2025,Education
30205,scout-4,Winter 2025,W25,2025,Workflow Automation
30294,sennu-ai,Winter 2025,W25,2025,Artificial Intelligence
30294,sennu-ai,Winter 2025,W25,2025,Generative AI
30294,sennu-ai,Winter 2025,W25,2025,SaaS
30294,sennu-ai,Winter 2025,W25,2025,B2B
30294,sennu-ai,Winter 2025,W25,2025,AI
30322,spott,Winter 2025,W25,2025,Artificial Intelligence
30322,spott,Winter 2025,W25,2025,SaaS
30322,spott,Winter 2025,W25,2025,B2B
30322,spott,Winter 2025,W25,2025,HR Tech
30322,spott,Winter 2025,W25,2025,Enterprise Software
30190,steinmetz,Winter 2025,W25,2025,Hardware
30190,steinmetz,Winter 2025,W25,2025,Electric Vehicles
30190,steinmetz,Winter 2025,W25,2025,Electronics
30264,stillwind,Winter 2025,W25,2025,AIOps
30264,stillwind,Winter 2025,W25,2025,Electronics
30264,stillwind,Winter 2025,W25,2025,AI
30216,sublingual,Winter 2025,W25,2025,Developer Tools
30216,sublingual,Winter 2025,W25,2025,Open Source
30216,sublingual,Winter 2025,W25,2025,Infrastructure
30216,sublingual,Winter 2025,W25,2025,AI
30246,swerve,Winter 2025,W25,2025,Artificial Intelligence
30246,swerve,Winter 2025,W25,2025,Consumer
30246,swerve,Winter 2025,W25,2025,Entertainment
30340,tamlabs,Winter 2025,W25,2025,Artificial Intelligence
30340,tamlabs,Winter 2025,W25,2025,Finance
30340,tamlabs,Winter 2025,W25,2025,Workflow Automation
30340,tamlabs,Winter 2025,W25,2025,Legal
30340,tamlabs,Winter 2025,W25,2025,Enterprise
30345,tee-time-tommy,Winter 2025,W25,2025,Sports Tech
30345,tee-time-tommy,Winter 2025,W25,2025,Consumer
30345,tee-time-tommy,Winter 2025,W25,2025,Booking
30333,tensorpool,Winter 2025,W25,2025,AIOps
30333,tensorpool,Winter 2025,W25,2025,Developer Tools
30333,tensorpool,Winter 2025,W25,2025,SaaS
30333,tensorpool,Winter 2025,W25,2025,DevOps
30333,tensorpool,Winter 2025,W25,2025,Cloud Computing
30236,tergle,Winter 2025,W25,2025,Generative AI
30236,tergle,Winter 2025,W25,2025,AI
30290,tire-swing,Winter 2025,W25,2025,GovTech
30290,tire-swing,Winter 2025,W25,2025,Real Estate
30290,tire-swing,Winter 2025,W25,2025,Housing
30290,tire-swing,Winter 2025,W25,2025,Compliance
30290,tire-swing,Winter 2025,W25,2025,Legal
30218,toothy-ai,Winter 2025,W25,2025,Artificial Intelligence
30218,toothy-ai,Winter 2025,W25,2025,Health Tech
30218,toothy-ai,Winter 2025,W25,2025,Healthcare
30218,toothy-ai,Winter 2025,W25,2025,Dental
30218,toothy-ai,Winter 2025,W25,2025,Conversational AI
30350,trainloop,Winter 2025,W25,2025,Developer Tools
30350,trainloop,Winter 2025,W25,2025,Generative AI
30350,trainloop,Winter 2025,W25,2025,Reinforcement Learning
30274,trata,Winter 2025,W25,2025,Artificial Intelligence
30274,trata,Winter 2025,W25,2025,Finance
30274,trata,Winter 2025,W25,2025,B2B
30274,trata,Winter 2025,W25,2025,Community
30274,trata,Winter 2025,W25,2025,Investing
30225,trava,Winter 2025,W25,2025,Generative AI
30225,trava,Winter 2025,W25,2025,B2B
30225,trava,Winter 2025,W25,2025,Compliance
30225,trava,Winter 2025,W25,2025,Logistics
30225,trava,Winter 2025,W25,2025,Supply Chain
30237,trim,Winter 2025,W25,2025,AI
30213,truffle-ai,Winter 2025,W25,2025,Artificial Intelligence
30213,truffle-ai,Winter 2025,W25,2025,Developer Tools
30213,truffle-ai,Winter 2025,W25,2025,Generative AI
30213,truffle-ai,Winter 2025,W25,2025,Infrastructure
30213,truffle-ai,Winter 2025,W25,2025,AI Assistant
30183,tweeksio,Winter 2025,W25,2025,Artificial Intelligence
30183,tweeksio,Winter 2025,W25,2025,Consumer
30183,tweeksio,Winter 2025,W25,2025,AI
29959,uncommon-therapeutics,Winter 2025,W25,2025,Gene Therapy
29959,uncommon-therapeutics,Winter 2025,W25,2025,CRISPR
29959,uncommon-therapeutics,Winter 2025,W25,2025,Biotechnology
30357,vantel,Winter 2025,W25,2025,Documents
30357,vantel,Winter 2025,W25,2025,Insurance
30357,vantel,Winter 2025,W25,2025,CRM
30220,verbiflow,Winter 2025,W25,2025,SaaS
30220,verbiflow,Winter 2025,W25,2025,Analytics
30220,verbiflow,Winter 2025,W25,2025,Sales
30220,verbiflow,Winter 2025,W25,2025,Sales Enablement
30220,verbiflow,Winter 2025,W25,2025,AI
30179,vetnio,Winter 2025,W25,2025,Artificial Intelligence
30179,vetnio,Winter 2025,W25,2025,SaaS
30179,vetnio,Winter 2025,W25,2025,B2B
30179,vetnio,Winter 2025,W25,2025,AI
30203,vocality-health,Winter 2025,W25,2025,Artificial Intelligence
30203,vocality-health,Winter 2025,W25,2025,Healthcare
30203,vocality-health,Winter 2025,W25,2025,Health & Wellness
30228,weave-3,Winter 2025,W25,2025,B2B
30228,weave-3,Winter 2025,W25,2025,Analytics
30228,weave-3,Winter 2025,W25,2025,AI
30318,wildcard,Winter 2025,W25,2025,Generative AI
30318,wildcard,Winter 2025,W25,2025,E-commerce
30318,wildcard,Winter 2025,W25,2025,Marketing
30318,wildcard,Winter 2025,W25,2025,Retail Tech
30318,wildcard,Winter 2025,W25,2025,AI
30321,woz,Winter 2025,W25,2025,Artificial Intelligence
30321,woz,Winter 2025,W25,2025,SaaS
30321,woz,Winter 2025,W25,2025,AI
29790,youshift,Winter 2025,W25,2025,Artificial Intelligence
29790,youshift,Winter 2025,W25,2025,Health Tech
29790,youshift,Winter 2025,W25,2025,Healthcare
29790,youshift,Winter 2025,W25,2025,HR Tech
29790,youshift,Winter 2025,W25,2025,Operations
30223,a0-dev,Winter 2025,W25,2025,Artificial Intelligence
30223,a0-dev,Winter 2025,W25,2025,Developer Tools
30223,a0-dev,Winter 2025,W25,2025,Generative AI
30223,a0-dev,Winter 2025,W25,2025,Design
30355,assistant-ui,Winter 2025,W25,2025,Developer Tools
30355,assistant-ui,Winter 2025,W25,2025,Generative AI
30355,assistant-ui,Winter 2025,W25,2025,Chat
30355,assistant-ui,Winter 2025,W25,2025,Web Development
30355,assistant-ui,Winter 2025,W25,2025,AI Assistant
30199,awen,Winter 2025,W25,2025,Generative AI
30199,awen,Winter 2025,W25,2025,SaaS
30199,awen,Winter 2025,W25,2025,Creator Economy
30232,carecycle,Winter 2025,W25,2025,Health Insurance
30232,carecycle,Winter 2025,W25,2025,Telecommunications
30232,carecycle,Winter 2025,W25,2025,Conversational AI
30253,finbar,Winter 2025,W25,2025,Documents
30253,finbar,Winter 2025,W25,2025,Fintech
30253,finbar,Winter 2025,W25,2025,Finance
30253,finbar,Winter 2025,W25,2025,Workflow Automation
30212,superglue,Winter 2025,W25,2025,Open Source
30212,superglue,Winter 2025,W25,2025,API
30212,superglue,Winter 2025,W25,2025,Enterprise
30212,superglue,Winter 2025,W25,2025,Enterprise Software
30212,superglue,Winter 2025,W25,2025,AI
30427,acolite,Spring 2025,X25,2025,Artificial Intelligence
30427,acolite,Spring 2025,X25,2025,Insurance
30427,acolite,Spring 2025,X25,2025,Operations
30529,adentris,Spring 2025,X25,2025,Artificial Intelligence
30529,adentris,Spring 2025,X25,2025,Health Tech
30529,adentris,Spring 2025,X25,2025,B2B
30529,adentris,Spring 2025,X25,2025,Compliance
30529,adentris,Spring 2025,X25,2025,Enterprise Software
30498,alkali,Spring 2025,X25,2025,B2B
30498,alkali,Spring 2025,X25,2025,Design Tools
30498,alkali,Spring 2025,X25,2025,AI Assistant
30430,almond-2,Spring 2025,X25,2025,Hardware
30430,almond-2,Spring 2025,X25,2025,Robotics
30430,almond-2,Spring 2025,X25,2025,Manufacturing
30430,almond-2,Spring 2025,X25,2025,Automation
30430,almond-2,Spring 2025,X25,2025,AI
30435,alpha-research,Spring 2025,X25,2025,Market Research
30485,anana,Spring 2025,X25,2025,Artificial Intelligence
30485,anana,Spring 2025,X25,2025,B2B
30403,aravolta,Spring 2025,X25,2025,Enterprise Software
30403,aravolta,Spring 2025,X25,2025,Cloud Computing
30403,aravolta,Spring 2025,X25,2025,Monitoring
30449,attune,Spring 2025,X25,2025,Developer Tools
30449,attune,Spring 2025,X25,2025,Infrastructure
29662,atum-works,Spring 2025,X25,2025,Hard Tech
29662,atum-works,Spring 2025,X25,2025,3D Printing
29662,atum-works,Spring 2025,X25,2025,Semiconductors
30425,auctor,Spring 2025,X25,2025,Generative AI
30425,auctor,Spring 2025,X25,2025,SaaS
30425,auctor,Spring 2025,X25,2025,Productivity
30173,aviro,Spring 2025,X25,2025,Reinforcement Learning
30438,beluga,Spring 2025,X25,2025,Marketing
30438,beluga,Spring 2025,X25,2025,Advertising
30438,beluga,Spring 2025,X25,2025,Creator Economy
30438,beluga,Spring 2025,X25,2025,AI
30500,besimple-ai,Spring 2025,X25,2025,AIOps
30500,besimple-ai,Spring 2025,X25,2025,Artificial Intelligence
30500,besimple-ai,Spring 2025,X25,2025,Data Labeling
30452,better-auth,Spring 2025,X25,2025,Developer Tools
30452,better-auth,Spring 2025,X25,2025,Security
30452,better-auth,Spring 2025,X25,2025,Open Source
30406,bitboard,Spring 2025,X25,2025,B2B
30406,bitboard,Spring 2025,X25,2025,Analytics
30406,bitboard,Spring 2025,X25,2025,Data Visualization
30406,bitboard,Spring 2025,X25,2025,AI
30558,bitpatrol,Spring 2025,X25,2025,DevSecOps
30558,bitpatrol,Spring 2025,X25,2025,Machine Learning
30558,bitpatrol,Spring 2025,X25,2025,Cybersecurity
30366,blaxel,Spring 2025,X25,2025,Artificial Intelligence
30366,blaxel,Spring 2025,X25,2025,Developer Tools
30366,blaxel,Spring 2025,X25,2025,Cloud Computing
30366,blaxel,Spring 2025,X25,2025,Infrastructure
30451,bluejay,Spring 2025,X25,2025,AI
30553,blueshoe,Spring 2025,X25,2025,Artificial Intelligence
30553,blueshoe,Spring 2025,X25,2025,Consumer
30553,blueshoe,Spring 2025,X25,2025,B2B
30553,blueshoe,Spring 2025,X25,2025,Legal
30553,blueshoe,Spring 2025,X25,2025,LegalTech
30554,bond,Spring 2025,X25,2025,B2B
30554,bond,Spring 2025,X25,2025,Workflow Automation
30554,bond,Spring 2025,X25,2025,Productivity
30554,bond,Spring 2025,X25,2025,AI Assistant
30509,boost-robotics,Spring 2025,X25,2025,Artificial Intelligence
30509,boost-robotics,Spring 2025,X25,2025,Hard Tech
30509,boost-robotics,Spring 2025,X25,2025,Hardware
30509,boost-robotics,Spring 2025,X25,2025,Robotics
30509,boost-robotics,Spring 2025,X25,2025,Infrastructure
30516,bramante,Spring 2025,X25,2025,Artificial Intelligence
30516,bramante,Spring 2025,X25,2025,Biotech
30516,bramante,Spring 2025,X25,2025,Manufacturing
30543,oncactus,Spring 2025,X25,2025,Artificial Intelligence
30543,oncactus,Spring 2025,X25,2025,B2B
30543,oncactus,Spring 2025,X25,2025,Home Services
30428,capacitive,Spring 2025,X25,2025,Developer Tools
30428,capacitive,Spring 2025,X25,2025,SaaS
30428,capacitive,Spring 2025,X25,2025,Enterprise Software
30501,cartpole,Spring 2025,X25,2025,Artificial Intelligence
30501,cartpole,Spring 2025,X25,2025,Reinforcement Learning
30501,cartpole,Spring 2025,X25,2025,Data Labeling
30501,cartpole,Spring 2025,X25,2025,ML
30556,cascade-space,Spring 2025,X25,2025,Hard Tech
30556,cascade-space,Spring 2025,X25,2025,Hardware
30556,cascade-space,Spring 2025,X25,2025,SaaS
30556,cascade-space,Spring 2025,X25,2025,Aerospace
30556,cascade-space,Spring 2025,X25,2025,Industrial
30384,chestnut,Spring 2025,X25,2025,Fintech
30384,chestnut,Spring 2025,X25,2025,Real Estate
30384,chestnut,Spring 2025,X25,2025,Consumer
30384,chestnut,Spring 2025,X25,2025,AI
30459,chiron,Spring 2025,X25,2025,AI-Enhanced Learning
30459,chiron,Spring 2025,X25,2025,Developer Tools
30459,chiron,Spring 2025,X25,2025,Education
30459,chiron,Spring 2025,X25,2025,Edtech
30429,claim-health,Spring 2025,X25,2025,Healthcare
30439,clarm,Spring 2025,X25,2025,Artificial Intelligence
30439,clarm,Spring 2025,X25,2025,Sales
30439,clarm,Spring 2025,X25,2025,Marketing
30439,clarm,Spring 2025,X25,2025,Customer Support
30439,clarm,Spring 2025,X25,2025,AI
30468,clidey,Spring 2025,X25,2025,Developer Tools
30468,clidey,Spring 2025,X25,2025,SaaS
30468,clidey,Spring 2025,X25,2025,B2B
30468,clidey,Spring 2025,X25,2025,AI
30541,code-four,Spring 2025,X25,2025,Artificial Intelligence
30541,code-four,Spring 2025,X25,2025,GovTech
30541,code-four,Spring 2025,X25,2025,Computer Vision
30565,cohesive,Spring 2025,X25,2025,Generative AI
30565,cohesive,Spring 2025,X25,2025,SaaS
30565,cohesive,Spring 2025,X25,2025,B2B
30565,cohesive,Spring 2025,X25,2025,Sales
30565,cohesive,Spring 2025,X25,2025,AI
30535,cotool,Spring 2025,X25,2025,SaaS
30535,cotool,Spring 2025,X25,2025,Compliance
30535,cotool,Spring 2025,X25,2025,Security
30535,cotool,Spring 2025,X25,2025,Cybersecurity
30479,crimson,Spring 2025,X25,2025,SaaS
30479,crimson,Spring 2025,X25,2025,Legal
30479,crimson,Spring 2025,X25,2025,AI
30420,cua,Spring 2025,X25,2025,Open Source
30562,docket,Spring 2025,X25,2025,Artificial Intelligence
30562,docket,Spring 2025,X25,2025,Developer Tools
30562,docket,Spring 2025,X25,2025,B2B
30562,docket,Spring 2025,X25,2025,Enterprise Software
30513,eloquent-ai,Spring 2025,X25,2025,Fintech
30513,eloquent-ai,Spring 2025,X25,2025,B2B
30513,eloquent-ai,Spring 2025,X25,2025,Enterprise
30513,eloquent-ai,Spring 2025,X25,2025,AI
30431,feyn,Spring 2025,X25,2025,Artificial Intelligence
30431,feyn,Spring 2025,X25,2025,Developer Tools
30431,feyn,Spring 2025,X25,2025,AI
30431,feyn,Spring 2025,X25,2025,ML
30480,flott-hq,Spring 2025,X25,2025,Logistics
30480,flott-hq,Spring 2025,X25,2025,Transportation
30480,flott-hq,Spring 2025,X25,2025,Operations
30480,flott-hq,Spring 2025,X25,2025,AI Assistant
30560,foundation-industries,Spring 2025,X25,2025,Manufacturing
30560,foundation-industries,Spring 2025,X25,2025,Industrial
30462,freesolo,Spring 2025,X25,2025,Reinforcement Learning
30462,freesolo,Spring 2025,X25,2025,B2B
30462,freesolo,Spring 2025,X25,2025,AI
30399,frekil,Spring 2025,X25,2025,Health Tech
30399,frekil,Spring 2025,X25,2025,B2B
30399,frekil,Spring 2025,X25,2025,Biotech
30399,frekil,Spring 2025,X25,2025,Healthcare
30399,frekil,Spring 2025,X25,2025,AI
30559,godela,Spring 2025,X25,2025,Artificial Intelligence
30559,godela,Spring 2025,X25,2025,Hard Tech
30559,godela,Spring 2025,X25,2025,Hardware
30559,godela,Spring 2025,X25,2025,Aerospace
30559,godela,Spring 2025,X25,2025,ML
30407,golf,Spring 2025,X25,2025,Artificial Intelligence
30407,golf,Spring 2025,X25,2025,Developer Tools
30407,golf,Spring 2025,X25,2025,Security
30407,golf,Spring 2025,X25,2025,Infrastructure
30417,groundcontrol,Spring 2025,X25,2025,SaaS
30417,groundcontrol,Spring 2025,X25,2025,Manufacturing
30417,groundcontrol,Spring 2025,X25,2025,Aerospace
30469,habit,Spring 2025,X25,2025,Robotics
30469,habit,Spring 2025,X25,2025,Consumer
30469,habit,Spring 2025,X25,2025,B2B
30469,habit,Spring 2025,X25,2025,Retail
30469,habit,Spring 2025,X25,2025,AI
30442,hanji,Spring 2025,X25,2025,Documents
30442,hanji,Spring 2025,X25,2025,Artificial Intelligence
30442,hanji,Spring 2025,X25,2025,Developer Tools
30432,helixdb,Spring 2025,X25,2025,Developer Tools
30432,helixdb,Spring 2025,X25,2025,Open Source
30432,helixdb,Spring 2025,X25,2025,Infrastructure
30432,helixdb,Spring 2025,X25,2025,AI
30432,helixdb,Spring 2025,X25,2025,Databases
30519,hemut,Spring 2025,X25,2025,SaaS
30519,hemut,Spring 2025,X25,2025,Logistics
30519,hemut,Spring 2025,X25,2025,AI
30497,human-behavior,Spring 2025,X25,2025,Artificial Intelligence
30497,human-behavior,Spring 2025,X25,2025,Developer Tools
30497,human-behavior,Spring 2025,X25,2025,Analytics
30487,irbc,Spring 2025,X25,2025,Artificial Intelligence
30487,irbc,Spring 2025,X25,2025,Fintech
30487,irbc,Spring 2025,X25,2025,B2B
30487,irbc,Spring 2025,X25,2025,Neobank
30437,kaelio,Spring 2025,X25,2025,Open Source
30437,kaelio,Spring 2025,X25,2025,AI
30521,kairos,Spring 2025,X25,2025,AIOps
30521,kairos,Spring 2025,X25,2025,Artificial Intelligence
30521,kairos,Spring 2025,X25,2025,Machine Learning
30521,kairos,Spring 2025,X25,2025,Reinforcement Learning
30418,kanava-ai,Spring 2025,X25,2025,Sales
30418,kanava-ai,Spring 2025,X25,2025,Supply Chain
30418,kanava-ai,Spring 2025,X25,2025,AI
30418,kanava-ai,Spring 2025,X25,2025,AI Assistant
30418,kanava-ai,Spring 2025,X25,2025,Industrial
30402,kashikoi,Spring 2025,X25,2025,Developer Tools
30402,kashikoi,Spring 2025,X25,2025,Generative AI
30402,kashikoi,Spring 2025,X25,2025,Machine Learning
30402,kashikoi,Spring 2025,X25,2025,AI
30450,kestral,Spring 2025,X25,2025,Artificial Intelligence
30450,kestral,Spring 2025,X25,2025,Productivity
30450,kestral,Spring 2025,X25,2025,Team Collaboration
30446,kirana-ai,Spring 2025,X25,2025,Grocery
30446,kirana-ai,Spring 2025,X25,2025,Computer Vision
30446,kirana-ai,Spring 2025,X25,2025,Retail
30446,kirana-ai,Spring 2025,X25,2025,AI
30482,lucis,Spring 2025,X25,2025,Telehealth
30482,lucis,Spring 2025,X25,2025,Digital Health
30482,lucis,Spring 2025,X25,2025,Health & Wellness
30482,lucis,Spring 2025,X25,2025,AI
30540,lumari,Spring 2025,X25,2025,B2B
30540,lumari,Spring 2025,X25,2025,Manufacturing
30540,lumari,Spring 2025,X25,2025,Supply Chain
30540,lumari,Spring 2025,X25,2025,Operations
30540,lumari,Spring 2025,X25,2025,AI
30445,mbodi-ai,Spring 2025,X25,2025,Robotics
30445,mbodi-ai,Spring 2025,X25,2025,Automation
30445,mbodi-ai,Spring 2025,X25,2025,AI
30523,mesmer,Spring 2025,X25,2025,Artificial Intelligence
30523,mesmer,Spring 2025,X25,2025,SaaS
30523,mesmer,Spring 2025,X25,2025,Productivity
30523,mesmer,Spring 2025,X25,2025,Team Collaboration
30523,mesmer,Spring 2025,X25,2025,AI
30531,moby-analytics,Spring 2025,X25,2025,Artificial Intelligence
30531,moby-analytics,Spring 2025,X25,2025,Automation
30475,morphik,Spring 2025,X25,2025,B2B
30475,morphik,Spring 2025,X25,2025,Healthcare
30475,morphik,Spring 2025,X25,2025,AI
30512,morphoai,Spring 2025,X25,2025,Robotics
30512,morphoai,Spring 2025,X25,2025,Manufacturing
30512,morphoai,Spring 2025,X25,2025,AI
30502,nodi-energy,Spring 2025,X25,2025,Energy Storage
30502,nodi-energy,Spring 2025,X25,2025,Hard Tech
30502,nodi-energy,Spring 2025,X25,2025,Hardware
30502,nodi-energy,Spring 2025,X25,2025,Energy
30502,nodi-energy,Spring 2025,X25,2025,Electronics
30522,naive,Spring 2025,X25,2025,Infrastructure
30522,naive,Spring 2025,X25,2025,AI
30532,nimbic-ai,Spring 2025,X25,2025,SaaS
30532,nimbic-ai,Spring 2025,X25,2025,AI
30476,nomi,Spring 2025,X25,2025,Sales
30476,nomi,Spring 2025,X25,2025,Sales Enablement
30476,nomi,Spring 2025,X25,2025,AI
30491,novoflow,Spring 2025,X25,2025,Health Tech
30518,orchid-ai,Spring 2025,X25,2025,Artificial Intelligence
30518,orchid-ai,Spring 2025,X25,2025,AI Assistant
30455,paper-instruments,Spring 2025,X25,2025,AIOps
30455,paper-instruments,Spring 2025,X25,2025,Generative AI
30455,paper-instruments,Spring 2025,X25,2025,AI
30507,paraquery,Spring 2025,X25,2025,Developer Tools
30507,paraquery,Spring 2025,X25,2025,Analytics
30507,paraquery,Spring 2025,X25,2025,Big Data
30507,paraquery,Spring 2025,X25,2025,Enterprise Software
30507,paraquery,Spring 2025,X25,2025,Infrastructure
30453,parsewise,Spring 2025,X25,2025,Documents
30453,parsewise,Spring 2025,X25,2025,Artificial Intelligence
30453,parsewise,Spring 2025,X25,2025,Finance
30453,parsewise,Spring 2025,X25,2025,API
30453,parsewise,Spring 2025,X25,2025,Insurance
30533,pelica,Spring 2025,X25,2025,Artificial Intelligence
30533,pelica,Spring 2025,X25,2025,B2B
30533,pelica,Spring 2025,X25,2025,Healthcare
30533,pelica,Spring 2025,X25,2025,Healthcare IT
30533,pelica,Spring 2025,X25,2025,AI
30444,percival,Spring 2025,X25,2025,Artificial Intelligence
30444,percival,Spring 2025,X25,2025,Developer Tools
30444,percival,Spring 2025,X25,2025,Data Science
30448,pgdog,Spring 2025,X25,2025,Databases
30465,photonium,Spring 2025,X25,2025,Hard Tech
30465,photonium,Spring 2025,X25,2025,Hardware
30465,photonium,Spring 2025,X25,2025,Machine Learning
30465,photonium,Spring 2025,X25,2025,B2B
30465,photonium,Spring 2025,X25,2025,Manufacturing
30400,plexe,Spring 2025,X25,2025,Machine Learning
30400,plexe,Spring 2025,X25,2025,Data Science
30400,plexe,Spring 2025,X25,2025,AI
30492,prism,Spring 2025,X25,2025,Developer Tools
30492,prism,Spring 2025,X25,2025,Infrastructure
30528,probo,Spring 2025,X25,2025,SaaS
30528,probo,Spring 2025,X25,2025,B2B
30528,probo,Spring 2025,X25,2025,Compliance
30528,probo,Spring 2025,X25,2025,Cybersecurity
30367,qfex,Spring 2025,X25,2025,Fintech
30367,qfex,Spring 2025,X25,2025,Marketplace
30367,qfex,Spring 2025,X25,2025,Trading
30496,qualgent,Spring 2025,X25,2025,Artificial Intelligence
30496,qualgent,Spring 2025,X25,2025,B2B
30496,qualgent,Spring 2025,X25,2025,AI
30426,ralo,Spring 2025,X25,2025,Fintech
30426,ralo,Spring 2025,X25,2025,Consumer Finance
30426,ralo,Spring 2025,X25,2025,AI
30530,rimba,Spring 2025,X25,2025,SaaS
30530,rimba,Spring 2025,X25,2025,Enterprise Software
30530,rimba,Spring 2025,X25,2025,AI
30440,sim,Spring 2025,X25,2025,AI
30464,sixtyfour,Spring 2025,X25,2025,B2B
30464,sixtyfour,Spring 2025,X25,2025,Enterprise Software
30464,sixtyfour,Spring 2025,X25,2025,Infrastructure
30464,sixtyfour,Spring 2025,X25,2025,AI
30545,starsling,Spring 2025,X25,2025,Artificial Intelligence
30545,starsling,Spring 2025,X25,2025,Developer Tools
30545,starsling,Spring 2025,X25,2025,B2B
30545,starsling,Spring 2025,X25,2025,DevOps
30545,starsling,Spring 2025,X25,2025,AI
30561,sureform,Spring 2025,X25,2025,Marketplace
30561,sureform,Spring 2025,X25,2025,Robotics
30561,sureform,Spring 2025,X25,2025,Data Labeling
30561,sureform,Spring 2025,X25,2025,AI
30421,synthio-labs,Spring 2025,X25,2025,Artificial Intelligence
30421,synthio-labs,Spring 2025,X25,2025,Biotech
30421,synthio-labs,Spring 2025,X25,2025,Healthcare
30421,synthio-labs,Spring 2025,X25,2025,Enterprise
30463,tegore,Spring 2025,X25,2025,Artificial Intelligence
30463,tegore,Spring 2025,X25,2025,Education
30463,tegore,Spring 2025,X25,2025,Consumer
30547,text-ai,Spring 2025,X25,2025,Artificial Intelligence
30547,text-ai,Spring 2025,X25,2025,Consumer
30547,text-ai,Spring 2025,X25,2025,Social
30547,text-ai,Spring 2025,X25,2025,Social Network
30433,the-robot-learning-company,Spring 2025,X25,2025,Machine Learning
30433,the-robot-learning-company,Spring 2025,X25,2025,Robotics
30548,theorem-2,Spring 2025,X25,2025,Machine Learning
30488,theta,Spring 2025,X25,2025,Artificial Intelligence
30488,theta,Spring 2025,X25,2025,Reinforcement Learning
30488,theta,Spring 2025,X25,2025,B2B
30456,tinfoil,Spring 2025,X25,2025,Artificial Intelligence
30456,tinfoil,Spring 2025,X25,2025,Developer Tools
30456,tinfoil,Spring 2025,X25,2025,Security
30456,tinfoil,Spring 2025,X25,2025,Privacy
30456,tinfoil,Spring 2025,X25,2025,Cloud Computing
30443,units,Spring 2025,X25,2025,Education
30443,units,Spring 2025,X25,2025,Consumer
30443,units,Spring 2025,X25,2025,AI
30542,vision-lab,Spring 2025,X25,2025,Robotics
30542,vision-lab,Spring 2025,X25,2025,Manufacturing
30542,vision-lab,Spring 2025,X25,2025,Data Engineering
30542,vision-lab,Spring 2025,X25,2025,AI
30329,waffle,Spring 2025,X25,2025,Consumer
30329,waffle,Spring 2025,X25,2025,AI
30544,wavedash,Spring 2025,X25,2025,Artificial Intelligence
30544,wavedash,Spring 2025,X25,2025,Consumer
30544,wavedash,Spring 2025,X25,2025,Gaming
30544,wavedash,Spring 2025,X25,2025,Web Development
29666,willow,Spring 2025,X25,2025,Artificial Intelligence
29666,willow,Spring 2025,X25,2025,Consumer
29666,willow,Spring 2025,X25,2025,Productivity
29666,willow,Spring 2025,X25,2025,AI
30434,zeon-systems,Spring 2025,X25,2025,Artificial Intelligence
30434,zeon-systems,Spring 2025,X25,2025,Robotic Process Automation
30434,zeon-systems,Spring 2025,X25,2025,Robotics
30434,zeon-systems,Spring 2025,X25,2025,Automation
30526,chrt,Spring 2025,X25,2025,Autonomous Shipping
30526,chrt,Spring 2025,X25,2025,Logistics
30526,chrt,Spring 2025,X25,2025,Healthcare
30526,chrt,Spring 2025,X25,2025,Manufacturing
30526,chrt,Spring 2025,X25,2025,Industrial
30411,cubic,Spring 2025,X25,2025,Developer Tools
30539,mlop,Spring 2025,X25,2025,AIOps
30539,mlop,Spring 2025,X25,2025,Developer Tools
30539,mlop,Spring 2025,X25,2025,Machine Learning
30539,mlop,Spring 2025,X25,2025,SaaS
30405,nao-labs,Spring 2025,X25,2025,Analytics
30405,nao-labs,Spring 2025,X25,2025,Open Source
30405,nao-labs,Spring 2025,X25,2025,AI
30423,neoncoral,Spring 2025,X25,2025,Artificial Intelligence
30423,neoncoral,Spring 2025,X25,2025,Consumer
30423,neoncoral,Spring 2025,X25,2025,Social Media
30423,neoncoral,Spring 2025,X25,2025,Social
30552,sieveai,Spring 2025,X25,2025,Investing
30552,sieveai,Spring 2025,X25,2025,Data Engineering
30552,sieveai,Spring 2025,X25,2025,APIs
30441,stratify,Spring 2025,X25,2025,B2B
30441,stratify,Spring 2025,X25,2025,Design
30441,stratify,Spring 2025,X25,2025,Consumer Products
30441,stratify,Spring 2025,X25,2025,AI
30441,stratify,Spring 2025,X25,2025,Conversational AI
30484,throxy,Spring 2025,X25,2025,Artificial Intelligence
30484,throxy,Spring 2025,X25,2025,B2B
30484,throxy,Spring 2025,X25,2025,Sales
30484,throxy,Spring 2025,X25,2025,Automation
30596,adaptional,Summer 2025,S25,2025,AIOps
30596,adaptional,Summer 2025,S25,2025,Artificial Intelligence
30596,adaptional,Summer 2025,S25,2025,Insurance
30596,adaptional,Summer 2025,S25,2025,Enterprise
30596,adaptional,Summer 2025,S25,2025,Enterprise Software
30611,agentmail,Summer 2025,S25,2025,Developer Tools
30611,agentmail,Summer 2025,S25,2025,API
30611,agentmail,Summer 2025,S25,2025,Email
30727,alara,Summer 2025,S25,2025,Artificial Intelligence
30727,alara,Summer 2025,S25,2025,Dental
30727,alara,Summer 2025,S25,2025,Procurement
30704,albacore-inc,Summer 2025,S25,2025,Drones
30704,albacore-inc,Summer 2025,S25,2025,Maritime
30704,albacore-inc,Summer 2025,S25,2025,Defense
30651,alter,Summer 2025,S25,2025,AIOps
30651,alter,Summer 2025,S25,2025,Developer Tools
30651,alter,Summer 2025,S25,2025,DevSecOps
30651,alter,Summer 2025,S25,2025,Security
30651,alter,Summer 2025,S25,2025,AI
30738,altur,Summer 2025,S25,2025,Artificial Intelligence
30614,astor,Summer 2025,S25,2025,Fintech
30614,astor,Summer 2025,S25,2025,Investing
30614,astor,Summer 2025,S25,2025,Consumer Finance
30614,astor,Summer 2025,S25,2025,AI
30720,autosana,Summer 2025,S25,2025,Artificial Intelligence
30720,autosana,Summer 2025,S25,2025,Developer Tools
30720,autosana,Summer 2025,S25,2025,B2B
30720,autosana,Summer 2025,S25,2025,Enterprise Software
30792,geo-ai,Summer 2025,S25,2025,Workflow Automation
30792,geo-ai,Summer 2025,S25,2025,Sales
30792,geo-ai,Summer 2025,S25,2025,Marketing
30792,geo-ai,Summer 2025,S25,2025,AI
30813,blue,Summer 2025,S25,2025,Hardware
30813,blue,Summer 2025,S25,2025,Productivity
30813,blue,Summer 2025,S25,2025,AI
30774,clodo,Summer 2025,S25,2025,Artificial Intelligence
30774,clodo,Summer 2025,S25,2025,B2B
30774,clodo,Summer 2025,S25,2025,Recruiting
30774,clodo,Summer 2025,S25,2025,Sales
30774,clodo,Summer 2025,S25,2025,AI Assistant
30510,cactus-compute,Summer 2025,S25,2025,Artificial Intelligence
30510,cactus-compute,Summer 2025,S25,2025,Developer Tools
30510,cactus-compute,Summer 2025,S25,2025,Hard Tech
30510,cactus-compute,Summer 2025,S25,2025,Open Source
30510,cactus-compute,Summer 2025,S25,2025,AI
30759,certus-ai,Summer 2025,S25,2025,Artificial Intelligence
30759,certus-ai,Summer 2025,S25,2025,SaaS
30759,certus-ai,Summer 2025,S25,2025,B2B
30759,certus-ai,Summer 2025,S25,2025,Restaurant Tech
30759,certus-ai,Summer 2025,S25,2025,AI
30695,channel3,Summer 2025,S25,2025,Artificial Intelligence
30695,channel3,Summer 2025,S25,2025,E-commerce
30711,char,Summer 2025,S25,2025,Artificial Intelligence
30711,char,Summer 2025,S25,2025,SaaS
30711,char,Summer 2025,S25,2025,Productivity
30711,char,Summer 2025,S25,2025,Open Source
30711,char,Summer 2025,S25,2025,AI Assistant
30603,closera,Summer 2025,S25,2025,Artificial Intelligence
30603,closera,Summer 2025,S25,2025,Generative AI
30603,closera,Summer 2025,S25,2025,B2B
30626,contextfort,Summer 2025,S25,2025,Cybersecurity
30626,contextfort,Summer 2025,S25,2025,AI
30747,convexia,Summer 2025,S25,2025,AI-powered Drug Discovery
30747,convexia,Summer 2025,S25,2025,Biotech
30747,convexia,Summer 2025,S25,2025,Drug Delivery
30647,cyberdesk,Summer 2025,S25,2025,Artificial Intelligence
30647,cyberdesk,Summer 2025,S25,2025,Developer Tools
30647,cyberdesk,Summer 2025,S25,2025,Robotic Process Automation
30647,cyberdesk,Summer 2025,S25,2025,Workflow Automation
30647,cyberdesk,Summer 2025,S25,2025,Enterprise Software
30628,datafruit,Summer 2025,S25,2025,Artificial Intelligence
30628,datafruit,Summer 2025,S25,2025,Enterprise Software
30605,dedalus-labs,Summer 2025,S25,2025,Artificial Intelligence
30605,dedalus-labs,Summer 2025,S25,2025,Developer Tools
30605,dedalus-labs,Summer 2025,S25,2025,Workflow Automation
30605,dedalus-labs,Summer 2025,S25,2025,DevOps
30662,deepaware-ai-robotics-center-of-silicon-valley,Summer 2025,S25,2025,Artificial Intelligence
30662,deepaware-ai-robotics-center-of-silicon-valley,Summer 2025,S25,2025,Machine Learning
30662,deepaware-ai-robotics-center-of-silicon-valley,Summer 2025,S25,2025,Robotics
30662,deepaware-ai-robotics-center-of-silicon-valley,Summer 2025,S25,2025,Supply Chain
30662,deepaware-ai-robotics-center-of-silicon-valley,Summer 2025,S25,2025,Data Engineering
30637,design-arena,Summer 2025,S25,2025,Artificial Intelligence
30637,design-arena,Summer 2025,S25,2025,Design
30637,design-arena,Summer 2025,S25,2025,Crowdsourcing
30684,doe,Summer 2025,S25,2025,Artificial Intelligence
30684,doe,Summer 2025,S25,2025,Generative AI
30684,doe,Summer 2025,S25,2025,SaaS
30684,doe,Summer 2025,S25,2025,Productivity
30684,doe,Summer 2025,S25,2025,Data Visualization
30781,duranium,Summer 2025,S25,2025,Manufacturing
30781,duranium,Summer 2025,S25,2025,Advanced Materials
30781,duranium,Summer 2025,S25,2025,ClimateTech
30636,effigov,Summer 2025,S25,2025,Artificial Intelligence
30636,effigov,Summer 2025,S25,2025,GovTech
30691,embedder,Summer 2025,S25,2025,Artificial Intelligence
30691,embedder,Summer 2025,S25,2025,Developer Tools
30691,embedder,Summer 2025,S25,2025,Hardware
30691,embedder,Summer 2025,S25,2025,B2B
30694,epicenter,Summer 2025,S25,2025,SaaS
30694,epicenter,Summer 2025,S25,2025,Productivity
30694,epicenter,Summer 2025,S25,2025,Open Source
30694,epicenter,Summer 2025,S25,2025,Note-taking
30694,epicenter,Summer 2025,S25,2025,AI Assistant
30832,f2,Summer 2025,S25,2025,AI
30741,f4-industries,Summer 2025,S25,2025,Hardware
30741,f4-industries,Summer 2025,S25,2025,B2B
30741,f4-industries,Summer 2025,S25,2025,Industrial
30716,finto-de,Summer 2025,S25,2025,Artificial Intelligence
30716,finto-de,Summer 2025,S25,2025,Fintech
30716,finto-de,Summer 2025,S25,2025,B2B
30716,finto-de,Summer 2025,S25,2025,Enterprise
30716,finto-de,Summer 2025,S25,2025,AI
30775,fleetline,Summer 2025,S25,2025,Artificial Intelligence
30775,fleetline,Summer 2025,S25,2025,Logistics
30775,fleetline,Summer 2025,S25,2025,Supply Chain
30775,fleetline,Summer 2025,S25,2025,Data Science
30729,floot,Summer 2025,S25,2025,Artificial Intelligence
30729,floot,Summer 2025,S25,2025,SaaS
30729,floot,Summer 2025,S25,2025,No-code
30729,floot,Summer 2025,S25,2025,Web Development
30771,flywheel-ai,Summer 2025,S25,2025,Deep Learning
30771,flywheel-ai,Summer 2025,S25,2025,Hardware
30771,flywheel-ai,Summer 2025,S25,2025,Construction
30655,frizzle,Summer 2025,S25,2025,Artificial Intelligence
30655,frizzle,Summer 2025,S25,2025,Education
30655,frizzle,Summer 2025,S25,2025,SaaS
30655,frizzle,Summer 2025,S25,2025,B2B
30655,frizzle,Summer 2025,S25,2025,Productivity
30598,getasap,Summer 2025,S25,2025,B2B
30598,getasap,Summer 2025,S25,2025,Logistics
30598,getasap,Summer 2025,S25,2025,Supply Chain
30696,ghosteye,Summer 2025,S25,2025,B2B
30696,ghosteye,Summer 2025,S25,2025,Cybersecurity
30696,ghosteye,Summer 2025,S25,2025,AI
30618,golpo,Summer 2025,S25,2025,Education
30618,golpo,Summer 2025,S25,2025,eLearning
30618,golpo,Summer 2025,S25,2025,Video
30618,golpo,Summer 2025,S25,2025,Sales Enablement
30618,golpo,Summer 2025,S25,2025,Marketing
30732,humoniq,Summer 2025,S25,2025,Travel
30732,humoniq,Summer 2025,S25,2025,AI
30732,humoniq,Summer 2025,S25,2025,Conversational AI
30789,interfere,Summer 2025,S25,2025,Developer Tools
30789,interfere,Summer 2025,S25,2025,Design
30789,interfere,Summer 2025,S25,2025,AI
30762,kernel,Summer 2025,S25,2025,Artificial Intelligence
30762,kernel,Summer 2025,S25,2025,Developer Tools
30762,kernel,Summer 2025,S25,2025,Cloud Computing
30762,kernel,Summer 2025,S25,2025,Infrastructure
30664,kestroll,Summer 2025,S25,2025,AI
30721,knowlify,Summer 2025,S25,2025,Artificial Intelligence
30721,knowlify,Summer 2025,S25,2025,Education
30721,knowlify,Summer 2025,S25,2025,Generative AI
30721,knowlify,Summer 2025,S25,2025,Video
30721,knowlify,Summer 2025,S25,2025,Enterprise Software
30625,llm-stats,Summer 2025,S25,2025,Infrastructure
30625,llm-stats,Summer 2025,S25,2025,AI
30615,lanesurf,Summer 2025,S25,2025,Artificial Intelligence
30615,lanesurf,Summer 2025,S25,2025,B2B
30615,lanesurf,Summer 2025,S25,2025,Logistics
30615,lanesurf,Summer 2025,S25,2025,Supply Chain
30615,lanesurf,Summer 2025,S25,2025,AI
30630,lark,Summer 2025,S25,2025,Artificial Intelligence
30630,lark,Summer 2025,S25,2025,Developer Tools
30630,lark,Summer 2025,S25,2025,B2B
30630,lark,Summer 2025,S25,2025,DevOps
30630,lark,Summer 2025,S25,2025,Automation
30649,lilac,Summer 2025,S25,2025,Machine Learning
30649,lilac,Summer 2025,S25,2025,Cloud Computing
30649,lilac,Summer 2025,S25,2025,Infrastructure
30649,lilac,Summer 2025,S25,2025,AI
30622,liva-ai,Summer 2025,S25,2025,Marketplace
30622,liva-ai,Summer 2025,S25,2025,B2B
30622,liva-ai,Summer 2025,S25,2025,Data Labeling
30622,liva-ai,Summer 2025,S25,2025,Big Data
30622,liva-ai,Summer 2025,S25,2025,AI
30638,lotas,Summer 2025,S25,2025,Artificial Intelligence
30638,lotas,Summer 2025,S25,2025,Developer Tools
30638,lotas,Summer 2025,S25,2025,Data Science
30638,lotas,Summer 2025,S25,2025,Data Visualization
30804,luminal,Summer 2025,S25,2025,AIOps
30804,luminal,Summer 2025,S25,2025,Artificial Intelligence
30804,luminal,Summer 2025,S25,2025,Developer Tools
30804,luminal,Summer 2025,S25,2025,Cloud Computing
30660,magnitude,Summer 2025,S25,2025,Artificial Intelligence
30660,magnitude,Summer 2025,S25,2025,Developer Tools
30660,magnitude,Summer 2025,S25,2025,Open Source
30660,magnitude,Summer 2025,S25,2025,Infrastructure
30660,magnitude,Summer 2025,S25,2025,AI
30608,mangodesk,Summer 2025,S25,2025,AI
30710,manufact,Summer 2025,S25,2025,Developer Tools
30710,manufact,Summer 2025,S25,2025,B2B
30710,manufact,Summer 2025,S25,2025,Open Source
30710,manufact,Summer 2025,S25,2025,Infrastructure
30710,manufact,Summer 2025,S25,2025,AI
30731,maximal,Summer 2025,S25,2025,Artificial Intelligence
30731,maximal,Summer 2025,S25,2025,Logistics
30731,maximal,Summer 2025,S25,2025,Supply Chain
30602,meteor,Summer 2025,S25,2025,Artificial Intelligence
30602,meteor,Summer 2025,S25,2025,Consumer
30602,meteor,Summer 2025,S25,2025,AI Assistant
30701,mimos,Summer 2025,S25,2025,Artificial Intelligence
30701,mimos,Summer 2025,S25,2025,SaaS
30701,mimos,Summer 2025,S25,2025,LegalTech
30777,modelence,Summer 2025,S25,2025,Artificial Intelligence
30777,modelence,Summer 2025,S25,2025,Developer Tools
30777,modelence,Summer 2025,S25,2025,Infrastructure
30640,monarcha,Summer 2025,S25,2025,Artificial Intelligence
30640,monarcha,Summer 2025,S25,2025,Geographic Information System
30640,monarcha,Summer 2025,S25,2025,B2B
30352,monte,Summer 2025,S25,2025,Reinforcement Learning
30352,monte,Summer 2025,S25,2025,B2B
30352,monte,Summer 2025,S25,2025,Infrastructure
30352,monte,Summer 2025,S25,2025,AI
30713,motives,Summer 2025,S25,2025,Artificial Intelligence
30713,motives,Summer 2025,S25,2025,B2B
30713,motives,Summer 2025,S25,2025,Marketing
30713,motives,Summer 2025,S25,2025,Market Research
30786,munify,Summer 2025,S25,2025,Fintech
30786,munify,Summer 2025,S25,2025,Consumer
30786,munify,Summer 2025,S25,2025,B2B
30786,munify,Summer 2025,S25,2025,Consumer Finance
30786,munify,Summer 2025,S25,2025,Neobank
30795,noso-labs,Summer 2025,S25,2025,Artificial Intelligence
30673,nexa-labs,Summer 2025,S25,2025,Livestock Health
30673,nexa-labs,Summer 2025,S25,2025,Medical Devices
30673,nexa-labs,Summer 2025,S25,2025,Agriculture
30673,nexa-labs,Summer 2025,S25,2025,AI
30673,nexa-labs,Summer 2025,S25,2025,Biotechnology
30697,normal,Summer 2025,S25,2025,Artificial Intelligence
30697,normal,Summer 2025,S25,2025,Hardware
30697,normal,Summer 2025,S25,2025,Manufacturing
30697,normal,Summer 2025,S25,2025,Industrial
30756,notte,Summer 2025,S25,2025,Developer Tools
30756,notte,Summer 2025,S25,2025,Automation
30756,notte,Summer 2025,S25,2025,AI
30818,nox-metals,Summer 2025,S25,2025,Manufacturing
30700,nozomio,Summer 2025,S25,2025,Artificial Intelligence
30700,nozomio,Summer 2025,S25,2025,Developer Tools
30700,nozomio,Summer 2025,S25,2025,Consumer
30643,nuntius,Summer 2025,S25,2025,Artificial Intelligence
30643,nuntius,Summer 2025,S25,2025,Reinforcement Learning
30768,okibi,Summer 2025,S25,2025,Developer Tools
30768,okibi,Summer 2025,S25,2025,SaaS
30768,okibi,Summer 2025,S25,2025,AI
30722,omnara,Summer 2025,S25,2025,Artificial Intelligence
30722,omnara,Summer 2025,S25,2025,Developer Tools
30722,omnara,Summer 2025,S25,2025,AI Assistant
30652,ondeck-ai,Summer 2025,S25,2025,Machine Learning
30652,ondeck-ai,Summer 2025,S25,2025,SaaS
30652,ondeck-ai,Summer 2025,S25,2025,Computer Vision
30652,ondeck-ai,Summer 2025,S25,2025,B2B
30652,ondeck-ai,Summer 2025,S25,2025,Video
30686,onestop,Summer 2025,S25,2025,Artificial Intelligence
30743,opennote,Summer 2025,S25,2025,AI-Enhanced Learning
30743,opennote,Summer 2025,S25,2025,Education
30743,opennote,Summer 2025,S25,2025,SaaS
30743,opennote,Summer 2025,S25,2025,Consumer
30743,opennote,Summer 2025,S25,2025,Productivity
30736,pares-ai,Summer 2025,S25,2025,Artificial Intelligence
30736,pares-ai,Summer 2025,S25,2025,Real Estate
30736,pares-ai,Summer 2025,S25,2025,Proptech
30736,pares-ai,Summer 2025,S25,2025,Conversational AI
30755,pally,Summer 2025,S25,2025,Artificial Intelligence
30755,pally,Summer 2025,S25,2025,Consumer
30755,pally,Summer 2025,S25,2025,B2B
30755,pally,Summer 2025,S25,2025,Productivity
30755,pally,Summer 2025,S25,2025,Search
30807,paloma,Summer 2025,S25,2025,Artificial Intelligence
30807,paloma,Summer 2025,S25,2025,SaaS
30807,paloma,Summer 2025,S25,2025,Analytics
30807,paloma,Summer 2025,S25,2025,Manufacturing
30807,paloma,Summer 2025,S25,2025,Operations
30665,pangolin,Summer 2025,S25,2025,Security
30665,pangolin,Summer 2025,S25,2025,Open Source
30665,pangolin,Summer 2025,S25,2025,Enterprise Software
30665,pangolin,Summer 2025,S25,2025,Networks
30671,panoptive,Summer 2025,S25,2025,B2B
30671,panoptive,Summer 2025,S25,2025,Biotech
30671,panoptive,Summer 2025,S25,2025,Infrastructure
30671,panoptive,Summer 2025,S25,2025,AI
30778,perspectives-health,Summer 2025,S25,2025,Workflow Automation
30778,perspectives-health,Summer 2025,S25,2025,Healthcare
30778,perspectives-health,Summer 2025,S25,2025,Mental Health
30778,perspectives-health,Summer 2025,S25,2025,Healthcare IT
30707,phases,Summer 2025,S25,2025,Healthcare IT
30707,phases,Summer 2025,S25,2025,AI
30707,phases,Summer 2025,S25,2025,Conversational AI
30703,physical-turing,Summer 2025,S25,2025,Robotics
30703,physical-turing,Summer 2025,S25,2025,B2B
30703,physical-turing,Summer 2025,S25,2025,AI
30623,playgent,Summer 2025,S25,2025,SaaS
30623,playgent,Summer 2025,S25,2025,Infrastructure
30623,playgent,Summer 2025,S25,2025,AI
30748,pleom,Summer 2025,S25,2025,Artificial Intelligence
30748,pleom,Summer 2025,S25,2025,Generative AI
30748,pleom,Summer 2025,S25,2025,Analytics
30748,pleom,Summer 2025,S25,2025,Big Data
30748,pleom,Summer 2025,S25,2025,AI
30719,procindex,Summer 2025,S25,2025,Fintech
30719,procindex,Summer 2025,S25,2025,Finance
30719,procindex,Summer 2025,S25,2025,B2B
30719,procindex,Summer 2025,S25,2025,AI
30659,proliferate,Summer 2025,S25,2025,Artificial Intelligence
30659,proliferate,Summer 2025,S25,2025,Developer Tools
30659,proliferate,Summer 2025,S25,2025,SaaS
30659,proliferate,Summer 2025,S25,2025,B2B
30739,quotain,Summer 2025,S25,2025,Sales
30739,quotain,Summer 2025,S25,2025,Sales Enablement
30739,quotain,Summer 2025,S25,2025,AI
30761,reacher,Summer 2025,S25,2025,Artificial Intelligence
30761,reacher,Summer 2025,S25,2025,B2B
30761,reacher,Summer 2025,S25,2025,E-commerce
30761,reacher,Summer 2025,S25,2025,Creator Economy
30763,rebulk,Summer 2025,S25,2025,Computer Vision
30763,rebulk,Summer 2025,S25,2025,Supply Chain
30763,rebulk,Summer 2025,S25,2025,Agriculture
30763,rebulk,Summer 2025,S25,2025,AI
30763,rebulk,Summer 2025,S25,2025,Industrial
30712,relling,Summer 2025,S25,2025,Artificial Intelligence
30712,relling,Summer 2025,S25,2025,Robotics
30680,riverbank,Summer 2025,S25,2025,IoT Security
30680,riverbank,Summer 2025,S25,2025,Enterprise Software
30680,riverbank,Summer 2025,S25,2025,AI
30785,rowflow,Summer 2025,S25,2025,Artificial Intelligence
30785,rowflow,Summer 2025,S25,2025,B2B
30785,rowflow,Summer 2025,S25,2025,Workflow Automation
30785,rowflow,Summer 2025,S25,2025,Chat
30798,ruvo,Summer 2025,S25,2025,Fintech
30798,ruvo,Summer 2025,S25,2025,Crypto / Web3
30798,ruvo,Summer 2025,S25,2025,Payments
30796,outrove,Summer 2025,S25,2025,AI
30413,serafis,Summer 2025,S25,2025,Artificial Intelligence
30413,serafis,Summer 2025,S25,2025,SaaS
30413,serafis,Summer 2025,S25,2025,Finance
30413,serafis,Summer 2025,S25,2025,Investing
30413,serafis,Summer 2025,S25,2025,Search
30744,sigmanticai,Summer 2025,S25,2025,Hard Tech
30744,sigmanticai,Summer 2025,S25,2025,Hardware
30744,sigmanticai,Summer 2025,S25,2025,B2B
30744,sigmanticai,Summer 2025,S25,2025,AI
30744,sigmanticai,Summer 2025,S25,2025,AI Assistant
30669,slashy,Summer 2025,S25,2025,Productivity
30669,slashy,Summer 2025,S25,2025,Enterprise Software
30669,slashy,Summer 2025,S25,2025,Automation
30669,slashy,Summer 2025,S25,2025,Email
30669,slashy,Summer 2025,S25,2025,AI Assistant
30791,spotlight-realty,Summer 2025,S25,2025,Machine Learning
30791,spotlight-realty,Summer 2025,S25,2025,Real Estate
30676,stellon-labs,Summer 2025,S25,2025,Artificial Intelligence
30676,stellon-labs,Summer 2025,S25,2025,Edge Computing Semiconductors
30661,stockline,Summer 2025,S25,2025,SaaS
30661,stockline,Summer 2025,S25,2025,B2B
30661,stockline,Summer 2025,S25,2025,Food & Beverage
30661,stockline,Summer 2025,S25,2025,AI
29697,stormy,Summer 2025,S25,2025,Artificial Intelligence
29697,stormy,Summer 2025,S25,2025,SaaS
29697,stormy,Summer 2025,S25,2025,B2B
29697,stormy,Summer 2025,S25,2025,Customer Service
30782,tectoai,Summer 2025,S25,2025,Artificial Intelligence
30663,tesora,Summer 2025,S25,2025,API
30663,tesora,Summer 2025,S25,2025,Insurance
30663,tesora,Summer 2025,S25,2025,AI
30683,theora,Summer 2025,S25,2025,Marketing
30683,theora,Summer 2025,S25,2025,Market Research
30629,topological,Summer 2025,S25,2025,Reinforcement Learning
30629,topological,Summer 2025,S25,2025,Robotics
30629,topological,Summer 2025,S25,2025,Design Tools
30629,topological,Summer 2025,S25,2025,3D Printing
30629,topological,Summer 2025,S25,2025,AI
30687,trace-so,Summer 2025,S25,2025,SaaS
30687,trace-so,Summer 2025,S25,2025,B2B
30687,trace-so,Summer 2025,S25,2025,Productivity
30687,trace-so,Summer 2025,S25,2025,Enterprise Software
30687,trace-so,Summer 2025,S25,2025,AI
30610,traceroot-ai,Summer 2025,S25,2025,Developer Tools
30610,traceroot-ai,Summer 2025,S25,2025,Infrastructure
30610,traceroot-ai,Summer 2025,S25,2025,AI
30702,twentytwo,Summer 2025,S25,2025,Artificial Intelligence
30702,twentytwo,Summer 2025,S25,2025,Synthetic Biology
30702,twentytwo,Summer 2025,S25,2025,Biotech
30702,twentytwo,Summer 2025,S25,2025,Compliance
30702,twentytwo,Summer 2025,S25,2025,Security
30806,uplift-ai,Summer 2025,S25,2025,Speech Recognition
30806,uplift-ai,Summer 2025,S25,2025,Conversational AI
30797,veritus,Summer 2025,S25,2025,Fintech
30797,veritus,Summer 2025,S25,2025,Lending
30797,veritus,Summer 2025,S25,2025,AI
30699,vibeflow,Summer 2025,S25,2025,Artificial Intelligence
30699,vibeflow,Summer 2025,S25,2025,Developer Tools
30699,vibeflow,Summer 2025,S25,2025,Consumer
30699,vibeflow,Summer 2025,S25,2025,B2B
30644,wafer,Summer 2025,S25,2025,AI
30616,args,Summer 2025,S25,2025,Developer Tools
30616,args,Summer 2025,S25,2025,B2B
30689,b12-labs,Summer 2025,S25,2025,AI-powered Drug Discovery
30689,b12-labs,Summer 2025,S25,2025,Robotics
30801,burnt,Summer 2025,S25,2025,Supply Chain
30801,burnt,Summer 2025,S25,2025,Food Tech
30801,burnt,Summer 2025,S25,2025,AI
30670,cocreate,Summer 2025,S25,2025,Consumer
30670,cocreate,Summer 2025,S25,2025,Video
30730,idler,Summer 2025,S25,2025,Reinforcement Learning
30612,truthsystems,Summer 2025,S25,2025,Artificial Intelligence
30612,truthsystems,Summer 2025,S25,2025,B2B
30958,absurd,Fall 2025,F25,2025,Generative AI
30958,absurd,Fall 2025,F25,2025,Video
30958,absurd,Fall 2025,F25,2025,Media
30958,absurd,Fall 2025,F25,2025,Marketing
30958,absurd,Fall 2025,F25,2025,Advertising
30910,aleph-lab,Fall 2025,F25,2025,Artificial Intelligence
30895,allus-ai,Fall 2025,F25,2025,Machine Learning
30895,allus-ai,Fall 2025,F25,2025,SaaS
30895,allus-ai,Fall 2025,F25,2025,Computer Vision
30895,allus-ai,Fall 2025,F25,2025,Manufacturing
30895,allus-ai,Fall 2025,F25,2025,AI
31010,amika,Fall 2025,F25,2025,Machine Learning
31010,amika,Fall 2025,F25,2025,B2B
31010,amika,Fall 2025,F25,2025,Infrastructure
31010,amika,Fall 2025,F25,2025,AI
30999,antigen,Fall 2025,F25,2025,Cybersecurity
30999,antigen,Fall 2025,F25,2025,AI
30937,anto-biosciences,Fall 2025,F25,2025,Artificial Intelligence
30937,anto-biosciences,Fall 2025,F25,2025,Generative AI
30937,anto-biosciences,Fall 2025,F25,2025,Biotech
30937,anto-biosciences,Fall 2025,F25,2025,Genomics
30937,anto-biosciences,Fall 2025,F25,2025,Drug discovery
30943,aside,Fall 2025,F25,2025,Artificial Intelligence
30943,aside,Fall 2025,F25,2025,SaaS
30943,aside,Fall 2025,F25,2025,Automation
30956,automax-ai,Fall 2025,F25,2025,B2B
30956,automax-ai,Fall 2025,F25,2025,Proptech
30591,autonomous-technologies-group,Fall 2025,F25,2025,Artificial Intelligence
30591,autonomous-technologies-group,Fall 2025,F25,2025,Consumer Finance
30996,axial,Fall 2025,F25,2025,Artificial Intelligence
30996,axial,Fall 2025,F25,2025,Manufacturing
30996,axial,Fall 2025,F25,2025,Industrial
30989,bluma,Fall 2025,F25,2025,B2B
30989,bluma,Fall 2025,F25,2025,Social Media
30989,bluma,Fall 2025,F25,2025,Video
30989,bluma,Fall 2025,F25,2025,Marketing
30989,bluma,Fall 2025,F25,2025,Advertising
30853,bolna-ai,Fall 2025,F25,2025,Artificial Intelligence
30853,bolna-ai,Fall 2025,F25,2025,B2B
30853,bolna-ai,Fall 2025,F25,2025,Infrastructure
30853,bolna-ai,Fall 2025,F25,2025,Conversational AI
30982,boom-ai,Fall 2025,F25,2025,Artificial Intelligence
30982,boom-ai,Fall 2025,F25,2025,B2B
30982,boom-ai,Fall 2025,F25,2025,E-commerce
30982,boom-ai,Fall 2025,F25,2025,SMB
30982,boom-ai,Fall 2025,F25,2025,AI
30917,bravi,Fall 2025,F25,2025,B2B
30917,bravi,Fall 2025,F25,2025,Manufacturing
30917,bravi,Fall 2025,F25,2025,Automation
30917,bravi,Fall 2025,F25,2025,Home Services
30917,bravi,Fall 2025,F25,2025,AI Assistant
30835,brickanta,Fall 2025,F25,2025,Machine Learning
30835,brickanta,Fall 2025,F25,2025,Construction
30835,brickanta,Fall 2025,F25,2025,AI
30835,brickanta,Fall 2025,F25,2025,AI Assistant
30871,bron,Fall 2025,F25,2025,Sports Tech
30871,bron,Fall 2025,F25,2025,Analytics
30871,bron,Fall 2025,F25,2025,AI
30871,bron,Fall 2025,F25,2025,AI Assistant
30861,caddy,Fall 2025,F25,2025,Artificial Intelligence
30861,caddy,Fall 2025,F25,2025,Automation
30861,caddy,Fall 2025,F25,2025,AI Assistant
30957,clad-labs,Fall 2025,F25,2025,Customer Success
30957,clad-labs,Fall 2025,F25,2025,Customer Support
30886,clerked,Fall 2025,F25,2025,Fintech
30886,clerked,Fall 2025,F25,2025,Finance
30886,clerked,Fall 2025,F25,2025,Enterprise
30886,clerked,Fall 2025,F25,2025,AI
31002,clicks-health,Fall 2025,F25,2025,Artificial Intelligence
31002,clicks-health,Fall 2025,F25,2025,Health Tech
31002,clicks-health,Fall 2025,F25,2025,Healthcare
31002,clicks-health,Fall 2025,F25,2025,Health Insurance
31022,coasts,Fall 2025,F25,2025,Developer Tools
31022,coasts,Fall 2025,F25,2025,B2B
31022,coasts,Fall 2025,F25,2025,Productivity
31022,coasts,Fall 2025,F25,2025,Design
31022,coasts,Fall 2025,F25,2025,Web Development
30919,codyco,Fall 2025,F25,2025,AI
30919,codyco,Fall 2025,F25,2025,Conversational AI
30918,complydo,Fall 2025,F25,2025,B2B
30918,complydo,Fall 2025,F25,2025,Compliance
30918,complydo,Fall 2025,F25,2025,LegalTech
30918,complydo,Fall 2025,F25,2025,Cybersecurity
30918,complydo,Fall 2025,F25,2025,AI
30921,compyle,Fall 2025,F25,2025,Artificial Intelligence
30921,compyle,Fall 2025,F25,2025,Developer Tools
30921,compyle,Fall 2025,F25,2025,AI
30930,cortex-ai,Fall 2025,F25,2025,Artificial Intelligence
30930,cortex-ai,Fall 2025,F25,2025,Reinforcement Learning
30930,cortex-ai,Fall 2025,F25,2025,Robotics
30949,crunched,Fall 2025,F25,2025,Finance
30949,crunched,Fall 2025,F25,2025,Productivity
30949,crunched,Fall 2025,F25,2025,Analytics
30962,denki,Fall 2025,F25,2025,FinOps
30962,denki,Fall 2025,F25,2025,Compliance
30962,denki,Fall 2025,F25,2025,AI
30962,denki,Fall 2025,F25,2025,AI Assistant
30816,digipals,Fall 2025,F25,2025,Consumer
30816,digipals,Fall 2025,F25,2025,Social Media
30816,digipals,Fall 2025,F25,2025,Social
30816,digipals,Fall 2025,F25,2025,Social Network
30816,digipals,Fall 2025,F25,2025,AI
30993,diligencesquared-inc,Fall 2025,F25,2025,Artificial Intelligence
30993,diligencesquared-inc,Fall 2025,F25,2025,Analytics
30993,diligencesquared-inc,Fall 2025,F25,2025,Market Research
30821,efference,Fall 2025,F25,2025,Robotics
30821,efference,Fall 2025,F25,2025,Computer Vision
30940,everest,Fall 2025,F25,2025,B2B
30939,expected-parrot,Fall 2025,F25,2025,Generative AI
30939,expected-parrot,Fall 2025,F25,2025,SaaS
30939,expected-parrot,Fall 2025,F25,2025,Open Source
31001,fastshot,Fall 2025,F25,2025,Developer Tools
31001,fastshot,Fall 2025,F25,2025,No-code
31001,fastshot,Fall 2025,F25,2025,AI
31001,fastshot,Fall 2025,F25,2025,AI Assistant
30569,fifth-door,Fall 2025,F25,2025,Consumer
30569,fifth-door,Fall 2025,F25,2025,Gaming
30569,fifth-door,Fall 2025,F25,2025,AI
30884,flick,Fall 2025,F25,2025,Artificial Intelligence
30884,flick,Fall 2025,F25,2025,Creator Economy
30991,forge-robotics,Fall 2025,F25,2025,Robotic Process Automation
30991,forge-robotics,Fall 2025,F25,2025,Robotics
30991,forge-robotics,Fall 2025,F25,2025,Industrial
30981,freeport-markets,Fall 2025,F25,2025,Fintech
30981,freeport-markets,Fall 2025,F25,2025,Crypto / Web3
30981,freeport-markets,Fall 2025,F25,2025,Investing
30981,freeport-markets,Fall 2025,F25,2025,Consumer Finance
30981,freeport-markets,Fall 2025,F25,2025,AI
29161,goldbridge,Fall 2025,F25,2025,Real Estate
29161,goldbridge,Fall 2025,F25,2025,Finance
29161,goldbridge,Fall 2025,F25,2025,Proptech
29161,goldbridge,Fall 2025,F25,2025,Neobank
29161,goldbridge,Fall 2025,F25,2025,AI
30911,helonic,Fall 2025,F25,2025,Artificial Intelligence
30911,helonic,Fall 2025,F25,2025,Construction
30911,helonic,Fall 2025,F25,2025,B2B
30911,helonic,Fall 2025,F25,2025,Workflow Automation
30911,helonic,Fall 2025,F25,2025,Architecture
30854,hyperspell,Fall 2025,F25,2025,Machine Learning
30854,hyperspell,Fall 2025,F25,2025,SaaS
30854,hyperspell,Fall 2025,F25,2025,Data Engineering
30854,hyperspell,Fall 2025,F25,2025,AI
30965,icarus,Fall 2025,F25,2025,Hardware
30965,icarus,Fall 2025,F25,2025,Aerospace
30965,icarus,Fall 2025,F25,2025,Defense
30938,imagine-ai,Fall 2025,F25,2025,Artificial Intelligence
30938,imagine-ai,Fall 2025,F25,2025,B2B
30938,imagine-ai,Fall 2025,F25,2025,Sales
30938,imagine-ai,Fall 2025,F25,2025,Marketing
30869,kaigo-health,Fall 2025,F25,2025,Health Tech
30869,kaigo-health,Fall 2025,F25,2025,Digital Health
30869,kaigo-health,Fall 2025,F25,2025,Healthcare IT
30903,kestrel-ai,Fall 2025,F25,2025,AIOps
30903,kestrel-ai,Fall 2025,F25,2025,Developer Tools
30903,kestrel-ai,Fall 2025,F25,2025,DevOps
30903,kestrel-ai,Fall 2025,F25,2025,Infrastructure
30870,koyal,Fall 2025,F25,2025,Generative AI
30870,koyal,Fall 2025,F25,2025,Entertainment
30870,koyal,Fall 2025,F25,2025,Video
30870,koyal,Fall 2025,F25,2025,Media
30870,koyal,Fall 2025,F25,2025,Creator Economy
30888,lakonia,Fall 2025,F25,2025,GovTech
30888,lakonia,Fall 2025,F25,2025,NLP
30888,lakonia,Fall 2025,F25,2025,Defense
30822,lapis,Fall 2025,F25,2025,Artificial Intelligence
30822,lapis,Fall 2025,F25,2025,B2B
30822,lapis,Fall 2025,F25,2025,Marketing
30822,lapis,Fall 2025,F25,2025,Advertising
30822,lapis,Fall 2025,F25,2025,AI
30983,layers,Fall 2025,F25,2025,Artificial Intelligence
30983,layers,Fall 2025,F25,2025,Consumer Health Services
30983,layers,Fall 2025,F25,2025,Health Tech
30983,layers,Fall 2025,F25,2025,Beauty
30983,layers,Fall 2025,F25,2025,Health & Wellness
30932,leadbay,Fall 2025,F25,2025,B2B
30932,leadbay,Fall 2025,F25,2025,Sales
30932,leadbay,Fall 2025,F25,2025,AI
30969,uselemma,Fall 2025,F25,2025,Artificial Intelligence
30969,uselemma,Fall 2025,F25,2025,Developer Tools
30969,uselemma,Fall 2025,F25,2025,B2B
30969,uselemma,Fall 2025,F25,2025,Infrastructure
30969,uselemma,Fall 2025,F25,2025,AI
30920,lexi,Fall 2025,F25,2025,SaaS
30920,lexi,Fall 2025,F25,2025,B2B
30920,lexi,Fall 2025,F25,2025,Legal
30920,lexi,Fall 2025,F25,2025,LegalTech
30920,lexi,Fall 2025,F25,2025,AI
30987,lightberry,Fall 2025,F25,2025,Hard Tech
30987,lightberry,Fall 2025,F25,2025,Hardware
30987,lightberry,Fall 2025,F25,2025,Robotics
30987,lightberry,Fall 2025,F25,2025,Design
30987,lightberry,Fall 2025,F25,2025,Conversational AI
30859,locus,Fall 2025,F25,2025,Finance
30859,locus,Fall 2025,F25,2025,AI
30907,logical,Fall 2025,F25,2025,Consumer
30907,logical,Fall 2025,F25,2025,B2B
30907,logical,Fall 2025,F25,2025,Productivity
30907,logical,Fall 2025,F25,2025,AI
30907,logical,Fall 2025,F25,2025,AI Assistant
30900,logosguard,Fall 2025,F25,2025,Artificial Intelligence
30900,logosguard,Fall 2025,F25,2025,B2B
30900,logosguard,Fall 2025,F25,2025,Compliance
30900,logosguard,Fall 2025,F25,2025,Security
30900,logosguard,Fall 2025,F25,2025,Cybersecurity
30997,lunabill,Fall 2025,F25,2025,Generative AI
30997,lunabill,Fall 2025,F25,2025,Health Tech
30997,lunabill,Fall 2025,F25,2025,Healthcare
30997,lunabill,Fall 2025,F25,2025,Healthcare IT
30997,lunabill,Fall 2025,F25,2025,AI
30865,lunavo,Fall 2025,F25,2025,Logistics
30865,lunavo,Fall 2025,F25,2025,Transportation
30865,lunavo,Fall 2025,F25,2025,Operations
30865,lunavo,Fall 2025,F25,2025,AI Assistant
30849,movedot,Fall 2025,F25,2025,Hardware
30849,movedot,Fall 2025,F25,2025,Manufacturing
30849,movedot,Fall 2025,F25,2025,AI
30849,movedot,Fall 2025,F25,2025,Automotive
30849,movedot,Fall 2025,F25,2025,Industrial
26144,mspilot,Fall 2025,F25,2025,Generative AI
26144,mspilot,Fall 2025,F25,2025,B2B
26144,mspilot,Fall 2025,F25,2025,No-code
26144,mspilot,Fall 2025,F25,2025,Infrastructure
26144,mspilot,Fall 2025,F25,2025,AI
30975,madethis,Fall 2025,F25,2025,Artificial Intelligence
30975,madethis,Fall 2025,F25,2025,Operations
31005,markit,Fall 2025,F25,2025,Workflow Automation
31005,markit,Fall 2025,F25,2025,Compliance
31005,markit,Fall 2025,F25,2025,Consumer Products
31005,markit,Fall 2025,F25,2025,AI
31020,mayflower,Fall 2025,F25,2025,GovTech
31020,mayflower,Fall 2025,F25,2025,LegalTech
31020,mayflower,Fall 2025,F25,2025,Immigration
30978,miniswap,Fall 2025,F25,2025,Marketplace
30978,miniswap,Fall 2025,F25,2025,Consumer
30978,miniswap,Fall 2025,F25,2025,Gaming
30874,minro,Fall 2025,F25,2025,B2B
30874,minro,Fall 2025,F25,2025,Customer Success
30812,mixy,Fall 2025,F25,2025,Artificial Intelligence
30812,mixy,Fall 2025,F25,2025,Consumer
30812,mixy,Fall 2025,F25,2025,Entertainment
30812,mixy,Fall 2025,F25,2025,Social
30812,mixy,Fall 2025,F25,2025,Music
31008,moss,Fall 2025,F25,2025,Developer Tools
31008,moss,Fall 2025,F25,2025,SaaS
31008,moss,Fall 2025,F25,2025,AI
30950,usenarrative,Fall 2025,F25,2025,Sports Tech
30950,usenarrative,Fall 2025,F25,2025,B2B
30950,usenarrative,Fall 2025,F25,2025,Video
30950,usenarrative,Fall 2025,F25,2025,AI
30852,gpt,Fall 2025,F25,2025,Artificial Intelligence
30852,gpt,Fall 2025,F25,2025,No-code
30852,gpt,Fall 2025,F25,2025,Enterprise Software
30889,nivara,Fall 2025,F25,2025,B2B
30889,nivara,Fall 2025,F25,2025,AI
30657,nori,Fall 2025,F25,2025,Artificial Intelligence
30657,nori,Fall 2025,F25,2025,Consumer Health Services
30657,nori,Fall 2025,F25,2025,Health Tech
30657,nori,Fall 2025,F25,2025,Digital Health
30657,nori,Fall 2025,F25,2025,Health & Wellness
30868,norra,Fall 2025,F25,2025,Hardware
30868,norra,Fall 2025,F25,2025,Health Tech
30868,norra,Fall 2025,F25,2025,Logistics
30868,norra,Fall 2025,F25,2025,Healthcare
30868,norra,Fall 2025,F25,2025,AI
30631,null-labs,Fall 2025,F25,2025,Robotics
30631,null-labs,Fall 2025,F25,2025,Aerospace
31011,openroll,Fall 2025,F25,2025,Artificial Intelligence
31011,openroll,Fall 2025,F25,2025,B2B
31011,openroll,Fall 2025,F25,2025,Productivity
31011,openroll,Fall 2025,F25,2025,HR Tech
31011,openroll,Fall 2025,F25,2025,Enterprise Software
30848,parrot,Fall 2025,F25,2025,AI-Enhanced Learning
30848,parrot,Fall 2025,F25,2025,Education
30846,parse-bot,Fall 2025,F25,2025,Developer Tools
30846,parse-bot,Fall 2025,F25,2025,API
30846,parse-bot,Fall 2025,F25,2025,Big Data
30936,patent-watch,Fall 2025,F25,2025,Artificial Intelligence
30936,patent-watch,Fall 2025,F25,2025,SaaS
30936,patent-watch,Fall 2025,F25,2025,B2B
30936,patent-watch,Fall 2025,F25,2025,Legal
30936,patent-watch,Fall 2025,F25,2025,LegalTech
30967,perseus,Fall 2025,F25,2025,Artificial Intelligence
30967,perseus,Fall 2025,F25,2025,Genetic Engineering
30947,philon,Fall 2025,F25,2025,Artificial Intelligence
30947,philon,Fall 2025,F25,2025,Robotics
29763,piggy-robotics,Fall 2025,F25,2025,Smart Home Assistants
29763,piggy-robotics,Fall 2025,F25,2025,Robotics
29763,piggy-robotics,Fall 2025,F25,2025,AI
29763,piggy-robotics,Fall 2025,F25,2025,Home Automation
30931,pixley-ai,Fall 2025,F25,2025,AI-Enhanced Learning
30931,pixley-ai,Fall 2025,F25,2025,Generative AI
30931,pixley-ai,Fall 2025,F25,2025,AI
30925,play-health,Fall 2025,F25,2025,Biometrics
30925,play-health,Fall 2025,F25,2025,Biotech
30925,play-health,Fall 2025,F25,2025,Digital Health
30925,play-health,Fall 2025,F25,2025,Health & Wellness
30925,play-health,Fall 2025,F25,2025,Women's Health
30592,prox,Fall 2025,F25,2025,Artificial Intelligence
30592,prox,Fall 2025,F25,2025,Customer Success
30592,prox,Fall 2025,F25,2025,E-commerce
30592,prox,Fall 2025,F25,2025,Customer Support
30929,radiusbrowser,Fall 2025,F25,2025,Artificial Intelligence
30929,radiusbrowser,Fall 2025,F25,2025,Developer Tools
30929,radiusbrowser,Fall 2025,F25,2025,Design
30929,radiusbrowser,Fall 2025,F25,2025,Design Tools
30912,redapto,Fall 2025,F25,2025,B2B
30912,redapto,Fall 2025,F25,2025,AI
30953,relaw,Fall 2025,F25,2025,Artificial Intelligence
30953,relaw,Fall 2025,F25,2025,SaaS
30953,relaw,Fall 2025,F25,2025,Legal
30829,remedy,Fall 2025,F25,2025,Healthcare
31013,rivet-design,Fall 2025,F25,2025,Artificial Intelligence
31013,rivet-design,Fall 2025,F25,2025,Design
31013,rivet-design,Fall 2025,F25,2025,Design Tools
31013,rivet-design,Fall 2025,F25,2025,AI
30977,rovi-health,Fall 2025,F25,2025,Consumer Health Services
30977,rovi-health,Fall 2025,F25,2025,Health Tech
30977,rovi-health,Fall 2025,F25,2025,Digital Health
30977,rovi-health,Fall 2025,F25,2025,Healthcare
30977,rovi-health,Fall 2025,F25,2025,Health Insurance
30916,rovr,Fall 2025,F25,2025,Artificial Intelligence
30916,rovr,Fall 2025,F25,2025,Developer Tools
30916,rovr,Fall 2025,F25,2025,B2B
30899,sciloop,Fall 2025,F25,2025,Marketplace
30899,sciloop,Fall 2025,F25,2025,Data Labeling
30899,sciloop,Fall 2025,F25,2025,Big Data
30899,sciloop,Fall 2025,F25,2025,AI
30856,scoop,Fall 2025,F25,2025,Artificial Intelligence
30856,scoop,Fall 2025,F25,2025,B2B
30856,scoop,Fall 2025,F25,2025,Biotech
30856,scoop,Fall 2025,F25,2025,Compliance
30856,scoop,Fall 2025,F25,2025,Biotechnology
30922,selfin,Fall 2025,F25,2025,Fintech
30922,selfin,Fall 2025,F25,2025,Finance
30922,selfin,Fall 2025,F25,2025,Consumer
30922,selfin,Fall 2025,F25,2025,Consumer Finance
30922,selfin,Fall 2025,F25,2025,Neobank
30887,sellraze,Fall 2025,F25,2025,Artificial Intelligence
30887,sellraze,Fall 2025,F25,2025,Marketplace
30887,sellraze,Fall 2025,F25,2025,Consumer
30887,sellraze,Fall 2025,F25,2025,E-commerce
30885,semble,Fall 2025,F25,2025,SaaS
30885,semble,Fall 2025,F25,2025,AI
30862,sorce,Fall 2025,F25,2025,Marketplace
30862,sorce,Fall 2025,F25,2025,Consumer
30862,sorce,Fall 2025,F25,2025,Recruiting
30862,sorce,Fall 2025,F25,2025,AI
30867,soren,Fall 2025,F25,2025,B2B
30867,soren,Fall 2025,F25,2025,Enterprise
30867,soren,Fall 2025,F25,2025,Enterprise Software
30867,soren,Fall 2025,F25,2025,Operations
30867,soren,Fall 2025,F25,2025,AI
30946,sourcebot,Fall 2025,F25,2025,Artificial Intelligence
30946,sourcebot,Fall 2025,F25,2025,Developer Tools
30946,sourcebot,Fall 2025,F25,2025,Open Source
30954,specific,Fall 2025,F25,2025,Developer Tools
30954,specific,Fall 2025,F25,2025,No-code
30954,specific,Fall 2025,F25,2025,DevOps
30954,specific,Fall 2025,F25,2025,AI
31009,specific-labs,Fall 2025,F25,2025,Generative AI
31009,specific-labs,Fall 2025,F25,2025,SaaS
31009,specific-labs,Fall 2025,F25,2025,B2B
30845,structured-ai,Fall 2025,F25,2025,Artificial Intelligence
30845,structured-ai,Fall 2025,F25,2025,Computer Vision
30845,structured-ai,Fall 2025,F25,2025,Construction
30845,structured-ai,Fall 2025,F25,2025,Architecture
30851,sylvian,Fall 2025,F25,2025,Reinforcement Learning
30851,sylvian,Fall 2025,F25,2025,B2B
30851,sylvian,Fall 2025,F25,2025,AI
30873,tell-if-ai,Fall 2025,F25,2025,Artificial Intelligence
30873,tell-if-ai,Fall 2025,F25,2025,Telehealth
30873,tell-if-ai,Fall 2025,F25,2025,Social Media
30873,tell-if-ai,Fall 2025,F25,2025,Marketing
30873,tell-if-ai,Fall 2025,F25,2025,Advertising
30863,the-context-company,Fall 2025,F25,2025,Artificial Intelligence
30863,the-context-company,Fall 2025,F25,2025,Developer Tools
30863,the-context-company,Fall 2025,F25,2025,B2B
30863,the-context-company,Fall 2025,F25,2025,Analytics
30863,the-context-company,Fall 2025,F25,2025,Monitoring
30928,thesis,Fall 2025,F25,2025,Hard Tech
30928,thesis,Fall 2025,F25,2025,Machine Learning
30928,thesis,Fall 2025,F25,2025,Robotics
30928,thesis,Fall 2025,F25,2025,AI
30934,tornyol,Fall 2025,F25,2025,Hardware
30934,tornyol,Fall 2025,F25,2025,Robotics
30934,tornyol,Fall 2025,F25,2025,Drones
30877,trelium,Fall 2025,F25,2025,B2B
30877,trelium,Fall 2025,F25,2025,Workflow Automation
30877,trelium,Fall 2025,F25,2025,AI
30894,unsiloed-ai,Fall 2025,F25,2025,Artificial Intelligence
30894,unsiloed-ai,Fall 2025,F25,2025,B2B
30894,unsiloed-ai,Fall 2025,F25,2025,Infrastructure
30894,unsiloed-ai,Fall 2025,F25,2025,APIs
30844,uplane,Fall 2025,F25,2025,SaaS
30844,uplane,Fall 2025,F25,2025,B2B
30844,uplane,Fall 2025,F25,2025,Analytics
30844,uplane,Fall 2025,F25,2025,Advertising
30844,uplane,Fall 2025,F25,2025,AI
30995,velvet,Fall 2025,F25,2025,Generative AI
30995,velvet,Fall 2025,F25,2025,Data Engineering
30995,velvet,Fall 2025,F25,2025,AI
30995,velvet,Fall 2025,F25,2025,Conversational AI
30875,veria-labs,Fall 2025,F25,2025,Security
30875,veria-labs,Fall 2025,F25,2025,Cybersecurity
30875,veria-labs,Fall 2025,F25,2025,AI
30881,wardstone,Fall 2025,F25,2025,Hard Tech
30881,wardstone,Fall 2025,F25,2025,Satellites
30881,wardstone,Fall 2025,F25,2025,Rocketry
30881,wardstone,Fall 2025,F25,2025,Aerospace
30881,wardstone,Fall 2025,F25,2025,Defense
31007,zarna,Fall 2025,F25,2025,Investments
31007,zarna,Fall 2025,F25,2025,AI
30850,zavo,Fall 2025,F25,2025,Artificial Intelligence
30850,zavo,Fall 2025,F25,2025,Fintech
30850,zavo,Fall 2025,F25,2025,Payments
30850,zavo,Fall 2025,F25,2025,B2B
30850,zavo,Fall 2025,F25,2025,Restaurant Tech
31021,zephyr-fusion,Fall 2025,F25,2025,Fusion Energy
31021,zephyr-fusion,Fall 2025,F25,2025,Hard Tech
31021,zephyr-fusion,Fall 2025,F25,2025,Satellites
31021,zephyr-fusion,Fall 2025,F25,2025,Aerospace
30864,daridev,Fall 2025,F25,2025,Developer Tools
30864,daridev,Fall 2025,F25,2025,B2B
30883,hillclimb,Fall 2025,F25,2025,Reinforcement Learning
31018,item,Fall 2025,F25,2025,B2B
31018,item,Fall 2025,F25,2025,CRM
31018,item,Fall 2025,F25,2025,Automation
31018,item,Fall 2025,F25,2025,AI Assistant
30935,s2-dev,Fall 2025,F25,2025,Developer Tools
30935,s2-dev,Fall 2025,F25,2025,Open Source
30935,s2-dev,Fall 2025,F25,2025,API
30935,s2-dev,Fall 2025,F25,2025,Infrastructure
30935,s2-dev,Fall 2025,F25,2025,Databases
31118,devfast,Winter 2026,W26,2026,Developer Tools
31098,10x-science,Winter 2026,W26,2026,SaaS
31098,10x-science,Winter 2026,W26,2026,B2B
31098,10x-science,Winter 2026,W26,2026,Biotech
31098,10x-science,Winter 2026,W26,2026,AI
30906,agentic-fabriq,Winter 2026,W26,2026,Artificial Intelligence
30906,agentic-fabriq,Winter 2026,W26,2026,B2B
30906,agentic-fabriq,Winter 2026,W26,2026,Identity
30906,agentic-fabriq,Winter 2026,W26,2026,Cybersecurity
31231,anchorhead,Winter 2026,W26,2026,Reinforcement Learning
31192,approxima,Winter 2026,W26,2026,Enterprise Software
31192,approxima,Winter 2026,W26,2026,Infrastructure
31192,approxima,Winter 2026,W26,2026,AI
31139,ashr,Winter 2026,W26,2026,Artificial Intelligence
31139,ashr,Winter 2026,W26,2026,Deep Learning
31139,ashr,Winter 2026,W26,2026,Generative AI
31139,ashr,Winter 2026,W26,2026,Reinforcement Learning
31139,ashr,Winter 2026,W26,2026,Data Engineering
31130,autositu,Winter 2026,W26,2026,Real Estate
31130,autositu,Winter 2026,W26,2026,Construction
30620,bidflow,Winter 2026,W26,2026,SaaS
30620,bidflow,Winter 2026,W26,2026,Computer Vision
30620,bidflow,Winter 2026,W26,2026,Construction
30620,bidflow,Winter 2026,W26,2026,Infrastructure
31285,brumby,Winter 2026,W26,2026,Reinforcement Learning
31285,brumby,Winter 2026,W26,2026,Drones
31285,brumby,Winter 2026,W26,2026,Computer Vision
31285,brumby,Winter 2026,W26,2026,Agriculture
31215,bubble-lab,Winter 2026,W26,2026,Artificial Intelligence
31215,bubble-lab,Winter 2026,W26,2026,Automation
31215,bubble-lab,Winter 2026,W26,2026,Operations
30913,captain,Winter 2026,W26,2026,B2B
30913,captain,Winter 2026,W26,2026,API
30913,captain,Winter 2026,W26,2026,Data Engineering
30913,captain,Winter 2026,W26,2026,Infrastructure
31295,carrot-labs,Winter 2026,W26,2026,AIOps
31295,carrot-labs,Winter 2026,W26,2026,Artificial Intelligence
31295,carrot-labs,Winter 2026,W26,2026,FinOps
31295,carrot-labs,Winter 2026,W26,2026,B2B
31295,carrot-labs,Winter 2026,W26,2026,AI
31025,claimglide,Winter 2026,W26,2026,Digital Health
31025,claimglide,Winter 2026,W26,2026,Healthcare
31025,claimglide,Winter 2026,W26,2026,AI
31025,claimglide,Winter 2026,W26,2026,AI Assistant
31241,corelayer,Winter 2026,W26,2026,Developer Tools
31241,corelayer,Winter 2026,W26,2026,B2B
31241,corelayer,Winter 2026,W26,2026,Enterprise Software
31241,corelayer,Winter 2026,W26,2026,AI
31051,corvera,Winter 2026,W26,2026,SaaS
31051,corvera,Winter 2026,W26,2026,Consumer
31051,corvera,Winter 2026,W26,2026,B2B
31051,corvera,Winter 2026,W26,2026,Data Engineering
31051,corvera,Winter 2026,W26,2026,AI
31187,fenrock-ai,Winter 2026,W26,2026,Artificial Intelligence
31187,fenrock-ai,Winter 2026,W26,2026,Fintech
31187,fenrock-ai,Winter 2026,W26,2026,AI
31152,fern-bot,Winter 2026,W26,2026,Robotics
31152,fern-bot,Winter 2026,W26,2026,Infrastructure
31243,foreman,Winter 2026,W26,2026,Artificial Intelligence
31243,foreman,Winter 2026,W26,2026,Finance
31243,foreman,Winter 2026,W26,2026,Construction
31243,foreman,Winter 2026,W26,2026,Scheduling
31243,foreman,Winter 2026,W26,2026,Enterprise Software
31255,grade,Winter 2026,W26,2026,Fintech
31255,grade,Winter 2026,W26,2026,Payments
31255,grade,Winter 2026,W26,2026,Payroll
31255,grade,Winter 2026,W26,2026,AI
31030,haladir,Winter 2026,W26,2026,Artificial Intelligence
31030,haladir,Winter 2026,W26,2026,Logistics
31030,haladir,Winter 2026,W26,2026,Supply Chain
31030,haladir,Winter 2026,W26,2026,Operations
31165,brownie,Winter 2026,W26,2026,AIOps
31165,brownie,Winter 2026,W26,2026,Artificial Intelligence
31165,brownie,Winter 2026,W26,2026,Developer Tools
31168,instinct-xyz,Winter 2026,W26,2026,Artificial Intelligence
31168,instinct-xyz,Winter 2026,W26,2026,Machine Learning
31168,instinct-xyz,Winter 2026,W26,2026,Trading
31168,instinct-xyz,Winter 2026,W26,2026,Cryptocurrency
31197,inventoryquant,Winter 2026,W26,2026,Insurance
31197,inventoryquant,Winter 2026,W26,2026,AI
31083,kita,Winter 2026,W26,2026,Fintech
31083,kita,Winter 2026,W26,2026,Computer Vision
31083,kita,Winter 2026,W26,2026,Lending
31083,kita,Winter 2026,W26,2026,Emerging Markets
31132,mousecat,Winter 2026,W26,2026,Compliance
31132,mousecat,Winter 2026,W26,2026,Fraud Detection
31019,ndea-com,Winter 2026,W26,2026,Artificial Intelligence
31019,ndea-com,Winter 2026,W26,2026,Deep Learning
31019,ndea-com,Winter 2026,W26,2026,Hard Tech
31019,ndea-com,Winter 2026,W26,2026,Remote Work
31019,ndea-com,Winter 2026,W26,2026,ML
31283,ossus,Winter 2026,W26,2026,Culture
31283,ossus,Winter 2026,W26,2026,AI
31114,pirislabs,Winter 2026,W26,2026,Artificial Intelligence
31114,pirislabs,Winter 2026,W26,2026,Hard Tech
31114,pirislabs,Winter 2026,W26,2026,Hardware
31114,pirislabs,Winter 2026,W26,2026,Infrastructure
31155,q2q,Winter 2026,W26,2026,Fintech
31155,q2q,Winter 2026,W26,2026,SaaS
31155,q2q,Winter 2026,W26,2026,B2B
31155,q2q,Winter 2026,W26,2026,AI
31145,ramain,Winter 2026,W26,2026,Artificial Intelligence
31145,ramain,Winter 2026,W26,2026,Robotic Process Automation
31145,ramain,Winter 2026,W26,2026,Automation
31232,remy-ai,Winter 2026,W26,2026,Robotics
31232,remy-ai,Winter 2026,W26,2026,Logistics
31200,ressl-ai,Winter 2026,W26,2026,B2B
31200,ressl-ai,Winter 2026,W26,2026,Operations
31200,ressl-ai,Winter 2026,W26,2026,AI
31189,revion,Winter 2026,W26,2026,Artificial Intelligence
31189,revion,Winter 2026,W26,2026,Automotive
31276,ritivel,Winter 2026,W26,2026,Generative AI
31276,ritivel,Winter 2026,W26,2026,Compliance
31276,ritivel,Winter 2026,W26,2026,Enterprise Software
31276,ritivel,Winter 2026,W26,2026,Regtech
31276,ritivel,Winter 2026,W26,2026,Biotechnology
31147,salus,Winter 2026,W26,2026,Artificial Intelligence
31147,salus,Winter 2026,W26,2026,Developer Tools
31147,salus,Winter 2026,W26,2026,B2B
31147,salus,Winter 2026,W26,2026,API
31147,salus,Winter 2026,W26,2026,Infrastructure
31180,seeing-systems,Winter 2026,W26,2026,Hardware
31180,seeing-systems,Winter 2026,W26,2026,Drones
31180,seeing-systems,Winter 2026,W26,2026,Defense
31180,seeing-systems,Winter 2026,W26,2026,AI
31224,servo7,Winter 2026,W26,2026,Artificial Intelligence
31224,servo7,Winter 2026,W26,2026,Robotics
31224,servo7,Winter 2026,W26,2026,Logistics
31224,servo7,Winter 2026,W26,2026,Automation
31300,shofo,Winter 2026,W26,2026,Artificial Intelligence
31300,shofo,Winter 2026,W26,2026,Data Labeling
31300,shofo,Winter 2026,W26,2026,Infrastructure
31203,sitefire,Winter 2026,W26,2026,Artificial Intelligence
31203,sitefire,Winter 2026,W26,2026,Analytics
31203,sitefire,Winter 2026,W26,2026,Marketing
31133,skillsync,Winter 2026,W26,2026,Developer Tools
31262,talking-computers,Winter 2026,W26,2026,Artificial Intelligence
31191,traverse,Winter 2026,W26,2026,Machine Learning
31191,traverse,Winter 2026,W26,2026,Reinforcement Learning
31191,traverse,Winter 2026,W26,2026,AI
31244,turnstone,Winter 2026,W26,2026,Artificial Intelligence
30876,velum-labs,Winter 2026,W26,2026,Machine Learning
30876,velum-labs,Winter 2026,W26,2026,Data Engineering
31263,veriad,Winter 2026,W26,2026,Artificial Intelligence
31263,veriad,Winter 2026,W26,2026,B2B
31263,veriad,Winter 2026,W26,2026,Marketing
31263,veriad,Winter 2026,W26,2026,Advertising
31182,visibl-semiconductors,Winter 2026,W26,2026,Artificial Intelligence
31182,visibl-semiconductors,Winter 2026,W26,2026,Hard Tech
31182,visibl-semiconductors,Winter 2026,W26,2026,Enterprise
31182,visibl-semiconductors,Winter 2026,W26,2026,Enterprise Software
31182,visibl-semiconductors,Winter 2026,W26,2026,Semiconductors
31219,voxel-energy,Winter 2026,W26,2026,Artificial Intelligence
31219,voxel-energy,Winter 2026,W26,2026,Hardware
31219,voxel-energy,Winter 2026,W26,2026,Solar Power
31219,voxel-energy,Winter 2026,W26,2026,Energy
31219,voxel-energy,Winter 2026,W26,2026,Renewable Energy
31230,o11,Winter 2026,W26,2026,SaaS
31230,o11,Winter 2026,W26,2026,Finance
31230,o11,Winter 2026,W26,2026,B2B
31230,o11,Winter 2026,W26,2026,AI
31043,advanced-metal-research,Spring 2026,X26,2026,Hardware
31043,advanced-metal-research,Spring 2026,X26,2026,Robotics
31043,advanced-metal-research,Spring 2026,X26,2026,Manufacturing
31444,alchemize,Spring 2026,X26,2026,Developer Tools
31444,alchemize,Spring 2026,X26,2026,B2B
31444,alchemize,Spring 2026,X26,2026,Productivity
31444,alchemize,Spring 2026,X26,2026,Enterprise Software
31367,andustry,Spring 2026,X26,2026,Trading
31451,archer,Spring 2026,X26,2026,Crypto / Web3
31451,archer,Spring 2026,X26,2026,Neobank
31451,archer,Spring 2026,X26,2026,AI
31535,arlo-industries,Spring 2026,X26,2026,Hard Tech
31535,arlo-industries,Spring 2026,X26,2026,Hardware
31535,arlo-industries,Spring 2026,X26,2026,Defense
31463,armature,Spring 2026,X26,2026,Artificial Intelligence
31463,armature,Spring 2026,X26,2026,Marketing
31463,armature,Spring 2026,X26,2026,SEO
31463,armature,Spring 2026,X26,2026,AI
31463,armature,Spring 2026,X26,2026,APIs
31543,centralcoms,Spring 2026,X26,2026,Home Services
31562,cohesion,Spring 2026,X26,2026,Finance
31362,discovered-materials,Spring 2026,X26,2026,Semiconductors
31362,discovered-materials,Spring 2026,X26,2026,AI
31294,dispatch,Spring 2026,X26,2026,Hard Tech
31414,dreach,Spring 2026,X26,2026,B2B
31414,dreach,Spring 2026,X26,2026,Recruiting
31414,dreach,Spring 2026,X26,2026,Messaging
31414,dreach,Spring 2026,X26,2026,Sales Enablement
31454,ed1th,Spring 2026,X26,2026,Hardware
31454,ed1th,Spring 2026,X26,2026,Consumer
31454,ed1th,Spring 2026,X26,2026,AI Assistant
31549,enjamb-labs,Spring 2026,X26,2026,Artificial Intelligence
31549,enjamb-labs,Spring 2026,X26,2026,SaaS
31549,enjamb-labs,Spring 2026,X26,2026,B2B
31549,enjamb-labs,Spring 2026,X26,2026,Biotech
31549,enjamb-labs,Spring 2026,X26,2026,Automation
31516,expanse,Spring 2026,X26,2026,Deep Learning
31516,expanse,Spring 2026,X26,2026,B2B
31516,expanse,Spring 2026,X26,2026,Infrastructure
31516,expanse,Spring 2026,X26,2026,ML
30915,finaldose,Spring 2026,X26,2026,Artificial Intelligence
30915,finaldose,Spring 2026,X26,2026,Gene Therapy
30915,finaldose,Spring 2026,X26,2026,Therapeutics
30915,finaldose,Spring 2026,X26,2026,Genetic Engineering
31381,govguard,Spring 2026,X26,2026,GovTech
31323,hedge,Spring 2026,X26,2026,Fintech
31323,hedge,Spring 2026,X26,2026,B2B
31323,hedge,Spring 2026,X26,2026,Insurance
31323,hedge,Spring 2026,X26,2026,AI
31375,hub,Spring 2026,X26,2026,Robotics
31375,hub,Spring 2026,X26,2026,Crowdsourcing
31375,hub,Spring 2026,X26,2026,Big Data
31375,hub,Spring 2026,X26,2026,Infrastructure
31375,hub,Spring 2026,X26,2026,AI
31076,imperfect,Spring 2026,X26,2026,Artificial Intelligence
31076,imperfect,Spring 2026,X26,2026,Digital Health
31076,imperfect,Spring 2026,X26,2026,Health & Wellness
31076,imperfect,Spring 2026,X26,2026,AI Assistant
31441,infera,Spring 2026,X26,2026,SaaS
31441,infera,Spring 2026,X26,2026,B2B
31441,infera,Spring 2026,X26,2026,Biotech
31441,infera,Spring 2026,X26,2026,Automation
31441,infera,Spring 2026,X26,2026,AI
31409,instaagent,Spring 2026,X26,2026,Marketing
31409,instaagent,Spring 2026,X26,2026,Advertising
31246,inth,Spring 2026,X26,2026,Developer Tools
31246,inth,Spring 2026,X26,2026,Compliance
31246,inth,Spring 2026,X26,2026,Web Development
31246,inth,Spring 2026,X26,2026,Trust & Safety
31246,inth,Spring 2026,X26,2026,AI
31432,keyframe-labs,Spring 2026,X26,2026,Artificial Intelligence
31432,keyframe-labs,Spring 2026,X26,2026,Developer Tools
31432,keyframe-labs,Spring 2026,X26,2026,SaaS
31432,keyframe-labs,Spring 2026,X26,2026,B2B
31432,keyframe-labs,Spring 2026,X26,2026,API
31420,kimpton,Spring 2026,X26,2026,Artificial Intelligence
31420,kimpton,Spring 2026,X26,2026,B2B
31420,kimpton,Spring 2026,X26,2026,Investments
31420,kimpton,Spring 2026,X26,2026,Trading
31520,kinect,Spring 2026,X26,2026,E-commerce
31382,kinro,Spring 2026,X26,2026,Fintech
31382,kinro,Spring 2026,X26,2026,Insurance
31382,kinro,Spring 2026,X26,2026,Consumer Finance
31327,korso,Spring 2026,X26,2026,SaaS
31327,korso,Spring 2026,X26,2026,Consumer
31327,korso,Spring 2026,X26,2026,Social
31424,lab0,Spring 2026,X26,2026,SaaS
31424,lab0,Spring 2026,X26,2026,B2B
31424,lab0,Spring 2026,X26,2026,Enterprise
31424,lab0,Spring 2026,X26,2026,AI
31533,lattice-health,Spring 2026,X26,2026,Healthcare
31533,lattice-health,Spring 2026,X26,2026,Healthcare IT
31376,light-anchor,Spring 2026,X26,2026,Artificial Intelligence
31376,light-anchor,Spring 2026,X26,2026,E-commerce
31046,linzumi,Spring 2026,X26,2026,Artificial Intelligence
31046,linzumi,Spring 2026,X26,2026,Developer Tools
31046,linzumi,Spring 2026,X26,2026,Chat
31529,mochatrade,Spring 2026,X26,2026,Consumer Finance
31343,multiplier,Spring 2026,X26,2026,Artificial Intelligence
31343,multiplier,Spring 2026,X26,2026,Fintech
31343,multiplier,Spring 2026,X26,2026,Productivity
31343,multiplier,Spring 2026,X26,2026,Investing
31343,multiplier,Spring 2026,X26,2026,Stocks
31366,nine-fives,Spring 2026,X26,2026,Hard Tech
31366,nine-fives,Spring 2026,X26,2026,Aerospace
31366,nine-fives,Spring 2026,X26,2026,Telecommunications
31428,ontora,Spring 2026,X26,2026,Robotic Process Automation
31428,ontora,Spring 2026,X26,2026,Enterprise
31428,ontora,Spring 2026,X26,2026,AI
31486,ornadyne,Spring 2026,X26,2026,Hard Tech
31486,ornadyne,Spring 2026,X26,2026,Robotics
31486,ornadyne,Spring 2026,X26,2026,Drones
31486,ornadyne,Spring 2026,X26,2026,Aerospace
31486,ornadyne,Spring 2026,X26,2026,Defense
31550,playablai,Spring 2026,X26,2026,Consumer
31550,playablai,Spring 2026,X26,2026,Gaming
31550,playablai,Spring 2026,X26,2026,AI
31480,pops,Spring 2026,X26,2026,Artificial Intelligence
31480,pops,Spring 2026,X26,2026,Consumer
31480,pops,Spring 2026,X26,2026,Gaming
31480,pops,Spring 2026,X26,2026,Social
31458,reason-machines,Spring 2026,X26,2026,Developer Tools
31458,reason-machines,Spring 2026,X26,2026,Enterprise Software
31458,reason-machines,Spring 2026,X26,2026,Cloud Computing
31527,revnu,Spring 2026,X26,2026,B2B
31527,revnu,Spring 2026,X26,2026,Advertising
31527,revnu,Spring 2026,X26,2026,AI
31363,saffron,Spring 2026,X26,2026,SaaS
31363,saffron,Spring 2026,X26,2026,Human Resources
31363,saffron,Spring 2026,X26,2026,HR Tech
31419,stablebrowse,Spring 2026,X26,2026,Robotics
31419,stablebrowse,Spring 2026,X26,2026,AI
31380,superlog,Spring 2026,X26,2026,Artificial Intelligence
31380,superlog,Spring 2026,X26,2026,Developer Tools
31380,superlog,Spring 2026,X26,2026,Open Source
31380,superlog,Spring 2026,X26,2026,Kubernetes
31380,superlog,Spring 2026,X26,2026,Enterprise Software
31222,superset,Spring 2026,X26,2026,Artificial Intelligence
31222,superset,Spring 2026,X26,2026,Developer Tools
31222,superset,Spring 2026,X26,2026,Consumer
31222,superset,Spring 2026,X26,2026,B2B
31222,superset,Spring 2026,X26,2026,Enterprise Software
31506,tolmo,Spring 2026,X26,2026,DevSecOps
31506,tolmo,Spring 2026,X26,2026,Security
31506,tolmo,Spring 2026,X26,2026,AI
31359,twolabs,Spring 2026,X26,2026,Artificial Intelligence
31359,twolabs,Spring 2026,X26,2026,Robotics
31526,uno-wallet,Spring 2026,X26,2026,Artificial Intelligence
31526,uno-wallet,Spring 2026,X26,2026,Fintech
31526,uno-wallet,Spring 2026,X26,2026,Payments
31526,uno-wallet,Spring 2026,X26,2026,Consumer
31526,uno-wallet,Spring 2026,X26,2026,Infrastructure
31404,userlens,Spring 2026,X26,2026,Artificial Intelligence
31404,userlens,Spring 2026,X26,2026,Productivity
31404,userlens,Spring 2026,X26,2026,Enterprise Software
31404,userlens,Spring 2026,X26,2026,AI Assistant
31368,zenbu-2,Spring 2026,X26,2026,Artificial Intelligence
31368,zenbu-2,Spring 2026,X26,2026,Developer Tools
31368,zenbu-2,Spring 2026,X26,2026,Open Source
29155,jo,Spring 2026,X26,2026,Consumer
29155,jo,Spring 2026,X26,2026,AI Assistant
32552,6thsense,Summer 2026,S26,2026,Robotics
33056,83-sciences,Summer 2026,S26,2026,Hard Tech
33056,83-sciences,Summer 2026,S26,2026,Advanced Materials
33056,83-sciences,Summer 2026,S26,2026,AI
32584,aerogen-systems,Summer 2026,S26,2026,Hard Tech
32584,aerogen-systems,Summer 2026,S26,2026,B2B
32584,aerogen-systems,Summer 2026,S26,2026,Manufacturing
32584,aerogen-systems,Summer 2026,S26,2026,Semiconductors
32518,agency-tool-company,Summer 2026,S26,2026,Developer Tools
32518,agency-tool-company,Summer 2026,S26,2026,Robotics
32518,agency-tool-company,Summer 2026,S26,2026,Automation
32518,agency-tool-company,Summer 2026,S26,2026,Infrastructure
32518,agency-tool-company,Summer 2026,S26,2026,Self-Driving Vehicles
33250,agent-fm,Summer 2026,S26,2026,Artificial Intelligence
33250,agent-fm,Summer 2026,S26,2026,Developer Tools
33250,agent-fm,Summer 2026,S26,2026,Productivity
33018,agentcard,Summer 2026,S26,2026,Fintech
33019,agnost-ai,Summer 2026,S26,2026,Artificial Intelligence
33019,agnost-ai,Summer 2026,S26,2026,Developer Tools
33019,agnost-ai,Summer 2026,S26,2026,Analytics
33019,agnost-ai,Summer 2026,S26,2026,Monitoring
32619,akon-labs,Summer 2026,S26,2026,Artificial Intelligence
32619,akon-labs,Summer 2026,S26,2026,Generative AI
32619,akon-labs,Summer 2026,S26,2026,SaaS
32619,akon-labs,Summer 2026,S26,2026,B2B
32621,aktoria-robotics,Summer 2026,S26,2026,Robotics
32621,aktoria-robotics,Summer 2026,S26,2026,Enterprise Software
32262,alkera-ai,Summer 2026,S26,2026,Artificial Intelligence
32262,alkera-ai,Summer 2026,S26,2026,Developer Tools
32262,alkera-ai,Summer 2026,S26,2026,Data Science
32262,alkera-ai,Summer 2026,S26,2026,Data Engineering
32262,alkera-ai,Summer 2026,S26,2026,Enterprise Software
33441,allia-health,Summer 2026,S26,2026,Artificial Intelligence
33441,allia-health,Summer 2026,S26,2026,Healthcare
33441,allia-health,Summer 2026,S26,2026,Mental Health
32204,alloovium,Summer 2026,S26,2026,Construction
32204,alloovium,Summer 2026,S26,2026,AI
32588,almanac,Summer 2026,S26,2026,Artificial Intelligence
32588,almanac,Summer 2026,S26,2026,Generative AI
32588,almanac,Summer 2026,S26,2026,AI Assistant
31557,amorphic-labs,Summer 2026,S26,2026,Artificial Intelligence
31557,amorphic-labs,Summer 2026,S26,2026,Marketplace
31557,amorphic-labs,Summer 2026,S26,2026,B2B
31298,applied-electrodynamics-inc,Summer 2026,S26,2026,Hard Tech
31298,applied-electrodynamics-inc,Summer 2026,S26,2026,Hardware
31298,applied-electrodynamics-inc,Summer 2026,S26,2026,Construction
31298,applied-electrodynamics-inc,Summer 2026,S26,2026,Manufacturing
31298,applied-electrodynamics-inc,Summer 2026,S26,2026,Defense
32749,arbital,Summer 2026,S26,2026,Artificial Intelligence
32749,arbital,Summer 2026,S26,2026,Fintech
32749,arbital,Summer 2026,S26,2026,Crypto / Web3
32749,arbital,Summer 2026,S26,2026,Investing
32749,arbital,Summer 2026,S26,2026,Trading
31216,archal,Summer 2026,S26,2026,Artificial Intelligence
31216,archal,Summer 2026,S26,2026,Developer Tools
31216,archal,Summer 2026,S26,2026,API
31216,archal,Summer 2026,S26,2026,Infrastructure
31184,assemble,Summer 2026,S26,2026,SaaS
31184,assemble,Summer 2026,S26,2026,Enterprise Software
31184,assemble,Summer 2026,S26,2026,AI
30653,withasync,Summer 2026,S26,2026,B2B
30653,withasync,Summer 2026,S26,2026,AI
31532,atlas-discovery,Summer 2026,S26,2026,AI-powered Drug Discovery
31532,atlas-discovery,Summer 2026,S26,2026,Drug discovery
31532,atlas-discovery,Summer 2026,S26,2026,Biotechnology
31257,atlia,Summer 2026,S26,2026,Artificial Intelligence
31257,atlia,Summer 2026,S26,2026,Real Estate
31257,atlia,Summer 2026,S26,2026,Big Data
33607,atomarine,Summer 2026,S26,2026,Hard Tech
33607,atomarine,Summer 2026,S26,2026,Energy
32222,audun,Summer 2026,S26,2026,Artificial Intelligence
32222,audun,Summer 2026,S26,2026,Fintech
32222,audun,Summer 2026,S26,2026,Finance
32222,audun,Summer 2026,S26,2026,AI
33314,avoca-systems,Summer 2026,S26,2026,Healthcare
33314,avoca-systems,Summer 2026,S26,2026,Enterprise Software
33314,avoca-systems,Summer 2026,S26,2026,Healthcare IT
33045,axelrod,Summer 2026,S26,2026,Artificial Intelligence
33045,axelrod,Summer 2026,S26,2026,Travel
28841,baud,Summer 2026,S26,2026,Hard Tech
28841,baud,Summer 2026,S26,2026,Semiconductors
28841,baud,Summer 2026,S26,2026,AI
32133,belvedir,Summer 2026,S26,2026,Machine Learning
32133,belvedir,Summer 2026,S26,2026,Infrastructure
32161,bernard,Summer 2026,S26,2026,Home Services
32161,bernard,Summer 2026,S26,2026,AI
33606,billow-ai-labs,Summer 2026,S26,2026,Artificial Intelligence
33606,billow-ai-labs,Summer 2026,S26,2026,Finance
33606,billow-ai-labs,Summer 2026,S26,2026,B2B
33606,billow-ai-labs,Summer 2026,S26,2026,Workflow Automation
32200,bizmark,Summer 2026,S26,2026,Artificial Intelligence
32200,bizmark,Summer 2026,S26,2026,Manufacturing
32200,bizmark,Summer 2026,S26,2026,Automation
32200,bizmark,Summer 2026,S26,2026,AI
32551,bloomy,Summer 2026,S26,2026,AI-Enhanced Learning
32551,bloomy,Summer 2026,S26,2026,Artificial Intelligence
32551,bloomy,Summer 2026,S26,2026,Education
32551,bloomy,Summer 2026,S26,2026,eLearning
32551,bloomy,Summer 2026,S26,2026,Personalization
32197,buildbox,Summer 2026,S26,2026,Analytics
32197,buildbox,Summer 2026,S26,2026,Enterprise Software
32197,buildbox,Summer 2026,S26,2026,AI
32220,ai-coach,Summer 2026,S26,2026,Artificial Intelligence
32220,ai-coach,Summer 2026,S26,2026,SaaS
32220,ai-coach,Summer 2026,S26,2026,B2B
32220,ai-coach,Summer 2026,S26,2026,Sales
32220,ai-coach,Summer 2026,S26,2026,Sales Enablement
32288,callbook-ai,Summer 2026,S26,2026,AI
33046,carsignal,Summer 2026,S26,2026,Artificial Intelligence
33046,carsignal,Summer 2026,S26,2026,Hardware
33046,carsignal,Summer 2026,S26,2026,SaaS
33046,carsignal,Summer 2026,S26,2026,B2B
33046,carsignal,Summer 2026,S26,2026,Automotive
33021,care-gp,Summer 2026,S26,2026,SaaS
33021,care-gp,Summer 2026,S26,2026,Healthcare
33021,care-gp,Summer 2026,S26,2026,AI
33673,caution,Summer 2026,S26,2026,Cybersecurity
33673,caution,Summer 2026,S26,2026,Cloud Computing
33673,caution,Summer 2026,S26,2026,Infrastructure
33055,chromie,Summer 2026,S26,2026,GovTech
33055,chromie,Summer 2026,S26,2026,Workflow Automation
32618,click,Summer 2026,S26,2026,Artificial Intelligence
32618,click,Summer 2026,S26,2026,API
32618,click,Summer 2026,S26,2026,Infrastructure
33738,coarena,Summer 2026,S26,2026,AIOps
33738,coarena,Summer 2026,S26,2026,Artificial Intelligence
33738,coarena,Summer 2026,S26,2026,Machine Learning
33738,coarena,Summer 2026,S26,2026,Reinforcement Learning
33738,coarena,Summer 2026,S26,2026,Data Labeling
32230,codag,Summer 2026,S26,2026,Developer Tools
32814,computable,Summer 2026,S26,2026,Artificial Intelligence
32814,computable,Summer 2026,S26,2026,Marketplace
32814,computable,Summer 2026,S26,2026,Finance
32814,computable,Summer 2026,S26,2026,Cloud Computing
32814,computable,Summer 2026,S26,2026,Trading
33936,conifer,Summer 2026,S26,2026,Artificial Intelligence
33936,conifer,Summer 2026,S26,2026,Developer Tools
33936,conifer,Summer 2026,S26,2026,B2B
33936,conifer,Summer 2026,S26,2026,Security
32227,contextdev,Summer 2026,S26,2026,B2B
32227,contextdev,Summer 2026,S26,2026,AI
32227,contextdev,Summer 2026,S26,2026,APIs
31261,control-seat,Summer 2026,S26,2026,Workflow Automation
31261,control-seat,Summer 2026,S26,2026,Monitoring
31261,control-seat,Summer 2026,S26,2026,Industrial
33012,cosmic-robotics,Summer 2026,S26,2026,Hard Tech
33012,cosmic-robotics,Summer 2026,S26,2026,Robotics
33012,cosmic-robotics,Summer 2026,S26,2026,Construction
33012,cosmic-robotics,Summer 2026,S26,2026,Aerospace
31268,cova,Summer 2026,S26,2026,Consumer Health Services
31268,cova,Summer 2026,S26,2026,Healthcare
31268,cova,Summer 2026,S26,2026,AI
33345,cuebench,Summer 2026,S26,2026,Reinforcement Learning
33345,cuebench,Summer 2026,S26,2026,Data Engineering
32649,daqstra,Summer 2026,S26,2026,Hard Tech
32649,daqstra,Summer 2026,S26,2026,AI
31223,datoric,Summer 2026,S26,2026,Artificial Intelligence
31223,datoric,Summer 2026,S26,2026,Data Labeling
31223,datoric,Summer 2026,S26,2026,ML
33344,dawn-industries,Summer 2026,S26,2026,Artificial Intelligence
33047,decawork,Summer 2026,S26,2026,B2B
33047,decawork,Summer 2026,S26,2026,Infrastructure
33047,decawork,Summer 2026,S26,2026,AI
32206,deepreach-inc,Summer 2026,S26,2026,Artificial Intelligence
32206,deepreach-inc,Summer 2026,S26,2026,Hardware
32206,deepreach-inc,Summer 2026,S26,2026,Machine Learning
32206,deepreach-inc,Summer 2026,S26,2026,Robotics
32206,deepreach-inc,Summer 2026,S26,2026,Computer Vision
32286,definite,Summer 2026,S26,2026,Artificial Intelligence
32286,definite,Summer 2026,S26,2026,Fintech
32286,definite,Summer 2026,S26,2026,SaaS
32286,definite,Summer 2026,S26,2026,Finance
32782,denta,Summer 2026,S26,2026,Artificial Intelligence
32782,denta,Summer 2026,S26,2026,Fintech
32782,denta,Summer 2026,S26,2026,Healthcare
32782,denta,Summer 2026,S26,2026,Health Insurance
33050,derya,Summer 2026,S26,2026,AIOps
33050,derya,Summer 2026,S26,2026,Logistics
33050,derya,Summer 2026,S26,2026,Supply Chain
33050,derya,Summer 2026,S26,2026,Procurement
33050,derya,Summer 2026,S26,2026,Automation
32202,dialogus,Summer 2026,S26,2026,B2B
32202,dialogus,Summer 2026,S26,2026,Customer Support
31277,dipole-labs,Summer 2026,S26,2026,Hard Tech
31277,dipole-labs,Summer 2026,S26,2026,Semiconductors
31277,dipole-labs,Summer 2026,S26,2026,AI
33248,dock,Summer 2026,S26,2026,B2B
33248,dock,Summer 2026,S26,2026,AI
32122,donkey,Summer 2026,S26,2026,Logistics
32122,donkey,Summer 2026,S26,2026,Manufacturing
32122,donkey,Summer 2026,S26,2026,Supply Chain
32122,donkey,Summer 2026,S26,2026,AI
31258,dream,Summer 2026,S26,2026,Artificial Intelligence
31258,dream,Summer 2026,S26,2026,Hardware
31258,dream,Summer 2026,S26,2026,Machine Learning
31258,dream,Summer 2026,S26,2026,Computer Vision
31258,dream,Summer 2026,S26,2026,B2B
33281,earendil-robotics,Summer 2026,S26,2026,Drones
33281,earendil-robotics,Summer 2026,S26,2026,Swarm Robotics
33281,earendil-robotics,Summer 2026,S26,2026,AR
31582,edgerun,Summer 2026,S26,2026,Robotics
31582,edgerun,Summer 2026,S26,2026,Defense
32484,edotenv,Summer 2026,S26,2026,Reinforcement Learning
32484,edotenv,Summer 2026,S26,2026,Time Series
33805,edviro,Summer 2026,S26,2026,Deep Learning
33805,edviro,Summer 2026,S26,2026,B2B
33805,edviro,Summer 2026,S26,2026,Energy
32129,egoist-machines,Summer 2026,S26,2026,Personalization
32129,egoist-machines,Summer 2026,S26,2026,Privacy
32129,egoist-machines,Summer 2026,S26,2026,Consumer Products
32129,egoist-machines,Summer 2026,S26,2026,AI
32129,egoist-machines,Summer 2026,S26,2026,AI Assistant
32753,ekho-labs,Summer 2026,S26,2026,SaaS
31234,ekpa,Summer 2026,S26,2026,Consumer Finance
32156,enact,Summer 2026,S26,2026,Reinforcement Learning
32156,enact,Summer 2026,S26,2026,Robotics
32156,enact,Summer 2026,S26,2026,AI
32124,erinys,Summer 2026,S26,2026,Artificial Intelligence
32124,erinys,Summer 2026,S26,2026,Legal
32124,erinys,Summer 2026,S26,2026,LegalTech
33312,ethos-space-resources,Summer 2026,S26,2026,Hard Tech
33312,ethos-space-resources,Summer 2026,S26,2026,Exascale Computing
33312,ethos-space-resources,Summer 2026,S26,2026,Energy
33312,ethos-space-resources,Summer 2026,S26,2026,Aerospace
33312,ethos-space-resources,Summer 2026,S26,2026,Industrial
30735,evergrove,Summer 2026,S26,2026,Healthcare
30735,evergrove,Summer 2026,S26,2026,Insurance
30735,evergrove,Summer 2026,S26,2026,AI
32947,executor,Summer 2026,S26,2026,AIOps
32947,executor,Summer 2026,S26,2026,Artificial Intelligence
32947,executor,Summer 2026,S26,2026,SaaS
32233,exosat,Summer 2026,S26,2026,Space Exploration
32233,exosat,Summer 2026,S26,2026,Satellites
32233,exosat,Summer 2026,S26,2026,Aerospace
32233,exosat,Summer 2026,S26,2026,Telecommunications
32233,exosat,Summer 2026,S26,2026,AI
33806,experiential-labs,Summer 2026,S26,2026,Reinforcement Learning
33806,experiential-labs,Summer 2026,S26,2026,Infrastructure
33806,experiential-labs,Summer 2026,S26,2026,AI
32624,fabraix,Summer 2026,S26,2026,Artificial Intelligence
32624,fabraix,Summer 2026,S26,2026,Reinforcement Learning
32624,fabraix,Summer 2026,S26,2026,Cybersecurity
32987,familiar,Summer 2026,S26,2026,Generative AI
32987,familiar,Summer 2026,S26,2026,B2B
32987,familiar,Summer 2026,S26,2026,Entertainment
32987,familiar,Summer 2026,S26,2026,AI
32816,financial-datasets,Summer 2026,S26,2026,Artificial Intelligence
32816,financial-datasets,Summer 2026,S26,2026,Fintech
32816,financial-datasets,Summer 2026,S26,2026,Investing
32816,financial-datasets,Summer 2026,S26,2026,Stocks
32193,floracene,Summer 2026,S26,2026,Health Tech
32193,floracene,Summer 2026,S26,2026,Medical Devices
32193,floracene,Summer 2026,S26,2026,Digital Health
32193,floracene,Summer 2026,S26,2026,Enterprise Software
32193,floracene,Summer 2026,S26,2026,Healthcare IT
33282,florin,Summer 2026,S26,2026,Artificial Intelligence
33282,florin,Summer 2026,S26,2026,Fintech
33282,florin,Summer 2026,S26,2026,Insurance
32525,flowmanual,Summer 2026,S26,2026,SaaS
32525,flowmanual,Summer 2026,S26,2026,Construction
32525,flowmanual,Summer 2026,S26,2026,Workflow Automation
30923,frontier-computing,Summer 2026,S26,2026,Artificial Intelligence
30923,frontier-computing,Summer 2026,S26,2026,Hard Tech
30923,frontier-computing,Summer 2026,S26,2026,Hardware
32194,guild,Summer 2026,S26,2026,Artificial Intelligence
32194,guild,Summer 2026,S26,2026,Manufacturing
32194,guild,Summer 2026,S26,2026,Supply Chain
32194,guild,Summer 2026,S26,2026,Defense
33016,gamgee,Summer 2026,S26,2026,Biotech
33016,gamgee,Summer 2026,S26,2026,Genomics
33016,gamgee,Summer 2026,S26,2026,Oncology
33016,gamgee,Summer 2026,S26,2026,AI
31592,gitcafe,Summer 2026,S26,2026,Developer Tools
31592,gitcafe,Summer 2026,S26,2026,B2B
31592,gitcafe,Summer 2026,S26,2026,DevOps
31592,gitcafe,Summer 2026,S26,2026,AI
32226,glen,Summer 2026,S26,2026,Generative AI
32226,glen,Summer 2026,S26,2026,B2B
32226,glen,Summer 2026,S26,2026,AI
32583,graphify-labs,Summer 2026,S26,2026,Developer Tools
32583,graphify-labs,Summer 2026,S26,2026,Open Source
32586,greypoint-industries,Summer 2026,S26,2026,Hardware
32586,greypoint-industries,Summer 2026,S26,2026,Robotics
32586,greypoint-industries,Summer 2026,S26,2026,Drones
32586,greypoint-industries,Summer 2026,S26,2026,Defense
33144,grip,Summer 2026,S26,2026,Robotic Process Automation
33144,grip,Summer 2026,S26,2026,Sustainability
32221,grocalo,Summer 2026,S26,2026,Entertainment
32221,grocalo,Summer 2026,S26,2026,Creator Economy
32221,grocalo,Summer 2026,S26,2026,AI
32170,gutgutgoose,Summer 2026,S26,2026,Consumer
32170,gutgutgoose,Summer 2026,S26,2026,Biotech
32170,gutgutgoose,Summer 2026,S26,2026,Personalization
32170,gutgutgoose,Summer 2026,S26,2026,Health & Wellness
32123,manufacturingintelligence,Summer 2026,S26,2026,B2B
32123,manufacturingintelligence,Summer 2026,S26,2026,Design
32123,manufacturingintelligence,Summer 2026,S26,2026,Design Tools
32123,manufacturingintelligence,Summer 2026,S26,2026,Manufacturing
32123,manufacturingintelligence,Summer 2026,S26,2026,Industrial
33279,hebbian-robotics,Summer 2026,S26,2026,Artificial Intelligence
33279,hebbian-robotics,Summer 2026,S26,2026,Robotics
33279,hebbian-robotics,Summer 2026,S26,2026,Data Science
33279,hebbian-robotics,Summer 2026,S26,2026,Data Engineering
33279,hebbian-robotics,Summer 2026,S26,2026,Databases
32585,hilstart,Summer 2026,S26,2026,Developer Tools
32585,hilstart,Summer 2026,S26,2026,Hardware
32089,hoplite,Summer 2026,S26,2026,Developer Tools
32089,hoplite,Summer 2026,S26,2026,Cloud Computing
32089,hoplite,Summer 2026,S26,2026,AI
33062,hubble-ai,Summer 2026,S26,2026,B2B
33062,hubble-ai,Summer 2026,S26,2026,Healthcare
33177,hyperprobe,Summer 2026,S26,2026,AIOps
33177,hyperprobe,Summer 2026,S26,2026,Artificial Intelligence
33177,hyperprobe,Summer 2026,S26,2026,Developer Tools
33177,hyperprobe,Summer 2026,S26,2026,SaaS
33177,hyperprobe,Summer 2026,S26,2026,DevOps
32188,impact-drones,Summer 2026,S26,2026,Artificial Intelligence
32188,impact-drones,Summer 2026,S26,2026,Hardware
32188,impact-drones,Summer 2026,S26,2026,Drones
32188,impact-drones,Summer 2026,S26,2026,Swarm Robotics
31340,illume-labs,Summer 2026,S26,2026,Artificial Intelligence
31340,illume-labs,Summer 2026,S26,2026,Generative AI
31340,illume-labs,Summer 2026,S26,2026,Health Tech
31340,illume-labs,Summer 2026,S26,2026,Biotech
31340,illume-labs,Summer 2026,S26,2026,Health & Wellness
30672,induction-labs,Summer 2026,S26,2026,Deep Learning
30672,induction-labs,Summer 2026,S26,2026,Hard Tech
30672,induction-labs,Summer 2026,S26,2026,AI
33014,inkbox,Summer 2026,S26,2026,Developer Tools
33014,inkbox,Summer 2026,S26,2026,Infrastructure
33014,inkbox,Summer 2026,S26,2026,AI
32190,instaplay,Summer 2026,S26,2026,Artificial Intelligence
32190,instaplay,Summer 2026,S26,2026,Gaming
32187,insurf,Summer 2026,S26,2026,Health Tech
32187,insurf,Summer 2026,S26,2026,Healthcare
32187,insurf,Summer 2026,S26,2026,Insurance
32187,insurf,Summer 2026,S26,2026,Automation
32187,insurf,Summer 2026,S26,2026,AI
32781,isengard-industries-inc,Summer 2026,S26,2026,Artificial Intelligence
32781,isengard-industries-inc,Summer 2026,S26,2026,Swarm Robotics
32781,isengard-industries-inc,Summer 2026,S26,2026,Unmanned Vehicle
32172,jcode,Summer 2026,S26,2026,Artificial Intelligence
32172,jcode,Summer 2026,S26,2026,Developer Tools
32137,kara,Summer 2026,S26,2026,Hardware
32137,kara,Summer 2026,S26,2026,B2B
32137,kara,Summer 2026,S26,2026,Manufacturing
32137,kara,Summer 2026,S26,2026,Advanced Materials
31825,kebra,Summer 2026,S26,2026,Artificial Intelligence
31825,kebra,Summer 2026,S26,2026,B2B
31825,kebra,Summer 2026,S26,2026,Home Services
31825,kebra,Summer 2026,S26,2026,Operations
32682,lato,Summer 2026,S26,2026,B2B
32682,lato,Summer 2026,S26,2026,Investing
32682,lato,Summer 2026,S26,2026,Market Research
32682,lato,Summer 2026,S26,2026,AI
33054,lamb-labs,Summer 2026,S26,2026,Artificial Intelligence
33054,lamb-labs,Summer 2026,S26,2026,Hardware
33054,lamb-labs,Summer 2026,S26,2026,B2B
33054,lamb-labs,Summer 2026,S26,2026,Semiconductors
33054,lamb-labs,Summer 2026,S26,2026,AI
32914,last-accounting-company,Summer 2026,S26,2026,Artificial Intelligence
32914,last-accounting-company,Summer 2026,S26,2026,Fintech
32914,last-accounting-company,Summer 2026,S26,2026,Finance
32171,lemonlime,Summer 2026,S26,2026,SaaS
32171,lemonlime,Summer 2026,S26,2026,Sales
32171,lemonlime,Summer 2026,S26,2026,Marketing
32171,lemonlime,Summer 2026,S26,2026,AI
33023,levocred-ai,Summer 2026,S26,2026,Finance
33023,levocred-ai,Summer 2026,S26,2026,B2B
33023,levocred-ai,Summer 2026,S26,2026,Enterprise Software
31226,libra-robotics,Summer 2026,S26,2026,Hard Tech
31226,libra-robotics,Summer 2026,S26,2026,Robotics
31226,libra-robotics,Summer 2026,S26,2026,Construction
31226,libra-robotics,Summer 2026,S26,2026,Energy
31226,libra-robotics,Summer 2026,S26,2026,AI
31304,litmus-hiring,Summer 2026,S26,2026,Recruiting
31304,litmus-hiring,Summer 2026,S26,2026,Data Engineering
31304,litmus-hiring,Summer 2026,S26,2026,AI
33283,locke,Summer 2026,S26,2026,GovTech
33283,locke,Summer 2026,S26,2026,AI
32848,luca-iq,Summer 2026,S26,2026,B2B
32848,luca-iq,Summer 2026,S26,2026,API
32848,luca-iq,Summer 2026,S26,2026,Infrastructure
32848,luca-iq,Summer 2026,S26,2026,AI
32985,lumeria,Summer 2026,S26,2026,Artificial Intelligence
32985,lumeria,Summer 2026,S26,2026,Consumer Health Services
32985,lumeria,Summer 2026,S26,2026,Health Tech
32985,lumeria,Summer 2026,S26,2026,Health & Wellness
32985,lumeria,Summer 2026,S26,2026,Skincare
32191,lyon,Summer 2026,S26,2026,Machine Learning
32191,lyon,Summer 2026,S26,2026,Finance
32191,lyon,Summer 2026,S26,2026,Data Science
32191,lyon,Summer 2026,S26,2026,Big Data
32205,mochitv,Summer 2026,S26,2026,Consumer
32205,mochitv,Summer 2026,S26,2026,AI
33639,magma,Summer 2026,S26,2026,Reinforcement Learning
33639,magma,Summer 2026,S26,2026,Data Engineering
33639,magma,Summer 2026,S26,2026,AI
32157,maingen,Summer 2026,S26,2026,Artificial Intelligence
32157,maingen,Summer 2026,S26,2026,B2B
32157,maingen,Summer 2026,S26,2026,Energy
32157,maingen,Summer 2026,S26,2026,Big Data
32157,maingen,Summer 2026,S26,2026,AI
32260,manifold-2,Summer 2026,S26,2026,Hardware
32260,manifold-2,Summer 2026,S26,2026,Warehouse Management Tech
32260,manifold-2,Summer 2026,S26,2026,Robotics
32260,manifold-2,Summer 2026,S26,2026,Logistics
32260,manifold-2,Summer 2026,S26,2026,Supply Chain
32223,joinmarble,Summer 2026,S26,2026,SaaS
32223,joinmarble,Summer 2026,S26,2026,Restaurant Tech
32223,joinmarble,Summer 2026,S26,2026,AI
32981,marengo,Summer 2026,S26,2026,Artificial Intelligence
32981,marengo,Summer 2026,S26,2026,Design
32981,marengo,Summer 2026,S26,2026,Energy
32981,marengo,Summer 2026,S26,2026,Architecture
31352,marker,Summer 2026,S26,2026,Artificial Intelligence
31352,marker,Summer 2026,S26,2026,Generative AI
31352,marker,Summer 2026,S26,2026,SaaS
31352,marker,Summer 2026,S26,2026,B2B
31352,marker,Summer 2026,S26,2026,Workflow Automation
32988,markov,Summer 2026,S26,2026,Reinforcement Learning
32988,markov,Summer 2026,S26,2026,Data Labeling
32988,markov,Summer 2026,S26,2026,Data Engineering
32128,mass-magnetics,Summer 2026,S26,2026,Hard Tech
32128,mass-magnetics,Summer 2026,S26,2026,Robotics
32128,mass-magnetics,Summer 2026,S26,2026,Drones
32128,mass-magnetics,Summer 2026,S26,2026,Manufacturing
32128,mass-magnetics,Summer 2026,S26,2026,Defense
31495,mentlio,Summer 2026,S26,2026,Developer Tools
31495,mentlio,Summer 2026,S26,2026,Machine Learning
31495,mentlio,Summer 2026,S26,2026,Productivity
31249,meteoric,Summer 2026,S26,2026,Hard Tech
31249,meteoric,Summer 2026,S26,2026,Renewable Energy
31249,meteoric,Summer 2026,S26,2026,ClimateTech
33052,mireye,Summer 2026,S26,2026,Geographic Information System
33052,mireye,Summer 2026,S26,2026,AI
33052,mireye,Summer 2026,S26,2026,Location-based
32521,molagri,Summer 2026,S26,2026,Synthetic Biology
32521,molagri,Summer 2026,S26,2026,Biotech
32521,molagri,Summer 2026,S26,2026,Sustainability
32521,molagri,Summer 2026,S26,2026,Climate
32521,molagri,Summer 2026,S26,2026,Agriculture
32201,mosaic-inc,Summer 2026,S26,2026,Artificial Intelligence
31341,most-robotic,Summer 2026,S26,2026,Robotics
31341,most-robotic,Summer 2026,S26,2026,AI
32752,moving-atoms,Summer 2026,S26,2026,Hard Tech
32752,moving-atoms,Summer 2026,S26,2026,Robotics
32752,moving-atoms,Summer 2026,S26,2026,Virtual Reality
32752,moving-atoms,Summer 2026,S26,2026,Data Labeling
32752,moving-atoms,Summer 2026,S26,2026,AI
32138,nebula-security,Summer 2026,S26,2026,B2B
32138,nebula-security,Summer 2026,S26,2026,Security
32138,nebula-security,Summer 2026,S26,2026,Cybersecurity
32138,nebula-security,Summer 2026,S26,2026,Enterprise
32138,nebula-security,Summer 2026,S26,2026,AI
32716,neuromorphic,Summer 2026,S26,2026,Artificial Intelligence
32716,neuromorphic,Summer 2026,S26,2026,Hard Tech
32716,neuromorphic,Summer 2026,S26,2026,Robotics
32716,neuromorphic,Summer 2026,S26,2026,B2B
32716,neuromorphic,Summer 2026,S26,2026,Biotech
32717,neuron-industries,Summer 2026,S26,2026,Robotic Process Automation
32717,neuron-industries,Summer 2026,S26,2026,Manufacturing
32717,neuron-industries,Summer 2026,S26,2026,Automation
32717,neuron-industries,Summer 2026,S26,2026,Industrial
33342,nex,Summer 2026,S26,2026,AIOps
33342,nex,Summer 2026,S26,2026,Workflow Automation
33342,nex,Summer 2026,S26,2026,Sales
32553,noril1,Summer 2026,S26,2026,Hard Tech
32553,noril1,Summer 2026,S26,2026,Hardware
32553,noril1,Summer 2026,S26,2026,Robotics
30728,os3,Summer 2026,S26,2026,Hardware
30728,os3,Summer 2026,S26,2026,Robotics
30728,os3,Summer 2026,S26,2026,B2B
30728,os3,Summer 2026,S26,2026,AI
32130,olam-labs,Summer 2026,S26,2026,Artificial Intelligence
32130,olam-labs,Summer 2026,S26,2026,Reinforcement Learning
32130,olam-labs,Summer 2026,S26,2026,Gaming
32130,olam-labs,Summer 2026,S26,2026,Data Engineering
32623,omanta,Summer 2026,S26,2026,Digital Health
32623,omanta,Summer 2026,S26,2026,Healthcare
32623,omanta,Summer 2026,S26,2026,Health & Wellness
32623,omanta,Summer 2026,S26,2026,Oncology
32623,omanta,Summer 2026,S26,2026,AI
33320,onecli,Summer 2026,S26,2026,B2B
33320,onecli,Summer 2026,S26,2026,Security
33320,onecli,Summer 2026,S26,2026,Open Source
33320,onecli,Summer 2026,S26,2026,Infrastructure
33320,onecli,Summer 2026,S26,2026,AI
31074,onetriangle,Summer 2026,S26,2026,Artificial Intelligence
31074,onetriangle,Summer 2026,S26,2026,Open Source
31074,onetriangle,Summer 2026,S26,2026,Infrastructure
32554,ooak-data,Summer 2026,S26,2026,Artificial Intelligence
32554,ooak-data,Summer 2026,S26,2026,Reinforcement Learning
33249,openrelay,Summer 2026,S26,2026,AI
33969,opentag,Summer 2026,S26,2026,AIOps
33969,opentag,Summer 2026,S26,2026,B2B
33969,opentag,Summer 2026,S26,2026,Workflow Automation
33969,opentag,Summer 2026,S26,2026,Enterprise Software
33969,opentag,Summer 2026,S26,2026,AI
32121,opentrade,Summer 2026,S26,2026,Finance
32121,opentrade,Summer 2026,S26,2026,Gaming
32121,opentrade,Summer 2026,S26,2026,Investing
32121,opentrade,Summer 2026,S26,2026,Consumer Finance
32121,opentrade,Summer 2026,S26,2026,Stocks
31301,openvector,Summer 2026,S26,2026,Robotics
31301,openvector,Summer 2026,S26,2026,Computer Vision
31301,openvector,Summer 2026,S26,2026,Infrastructure
31301,openvector,Summer 2026,S26,2026,Industrial
31342,osmaura,Summer 2026,S26,2026,Artificial Intelligence
31342,osmaura,Summer 2026,S26,2026,B2B
31342,osmaura,Summer 2026,S26,2026,Sales Enablement
31342,osmaura,Summer 2026,S26,2026,LegalTech
31342,osmaura,Summer 2026,S26,2026,Customer Service
33540,osseus,Summer 2026,S26,2026,Robotics
33540,osseus,Summer 2026,S26,2026,B2B
33540,osseus,Summer 2026,S26,2026,Biotech
33540,osseus,Summer 2026,S26,2026,Healthcare
33540,osseus,Summer 2026,S26,2026,AI
33278,princeps,Summer 2026,S26,2026,Artificial Intelligence
33278,princeps,Summer 2026,S26,2026,Machine Learning
32913,pacific,Summer 2026,S26,2026,Fintech
32913,pacific,Summer 2026,S26,2026,Robotics
32913,pacific,Summer 2026,S26,2026,Space Exploration
32913,pacific,Summer 2026,S26,2026,Manufacturing
32913,pacific,Summer 2026,S26,2026,AI
31349,palette-2,Summer 2026,S26,2026,Generative AI
31349,palette-2,Summer 2026,S26,2026,Video
31349,palette-2,Summer 2026,S26,2026,AI
32136,palisade,Summer 2026,S26,2026,Artificial Intelligence
32136,palisade,Summer 2026,S26,2026,Marketplace
32136,palisade,Summer 2026,S26,2026,Sales
32136,palisade,Summer 2026,S26,2026,E-commerce
33059,palisade-2,Summer 2026,S26,2026,SaaS
33059,palisade-2,Summer 2026,S26,2026,B2B
33059,palisade-2,Summer 2026,S26,2026,Cybersecurity
33059,palisade-2,Summer 2026,S26,2026,AI
31989,pango,Summer 2026,S26,2026,Artificial Intelligence
31989,pango,Summer 2026,S26,2026,Logistics
31989,pango,Summer 2026,S26,2026,E-commerce
31989,pango,Summer 2026,S26,2026,Retail
32134,parasma,Summer 2026,S26,2026,Machine Learning
32134,parasma,Summer 2026,S26,2026,Neurotechnology
32134,parasma,Summer 2026,S26,2026,AI
32522,peer,Summer 2026,S26,2026,Digital Freight Brokerage
32522,peer,Summer 2026,S26,2026,Logistics
33048,pennant,Summer 2026,S26,2026,Fintech
33048,pennant,Summer 2026,S26,2026,Investing
33048,pennant,Summer 2026,S26,2026,AI
32127,perceptron-ml,Summer 2026,S26,2026,Artificial Intelligence
32127,perceptron-ml,Summer 2026,S26,2026,B2B
32127,perceptron-ml,Summer 2026,S26,2026,Legal
32127,perceptron-ml,Summer 2026,S26,2026,Automation
33310,petrarch,Summer 2026,S26,2026,Marketplace
33310,petrarch,Summer 2026,S26,2026,B2B
33310,petrarch,Summer 2026,S26,2026,Data Engineering
32526,talentpluto,Summer 2026,S26,2026,Artificial Intelligence
32526,talentpluto,Summer 2026,S26,2026,Careers
32526,talentpluto,Summer 2026,S26,2026,Conversational AI
32748,pokerclubhub,Summer 2026,S26,2026,SaaS
32748,pokerclubhub,Summer 2026,S26,2026,Crypto / Web3
32748,pokerclubhub,Summer 2026,S26,2026,Gaming
32748,pokerclubhub,Summer 2026,S26,2026,eSports
31272,poth-labs,Summer 2026,S26,2026,Artificial Intelligence
31272,poth-labs,Summer 2026,S26,2026,SaaS
31272,poth-labs,Summer 2026,S26,2026,B2B
31272,poth-labs,Summer 2026,S26,2026,Workflow Automation
31272,poth-labs,Summer 2026,S26,2026,Market Research
33022,praxis-robotics,Summer 2026,S26,2026,Hard Tech
33022,praxis-robotics,Summer 2026,S26,2026,Reinforcement Learning
33022,praxis-robotics,Summer 2026,S26,2026,Robotic Process Automation
31086,prescience-inc,Summer 2026,S26,2026,B2B
31086,prescience-inc,Summer 2026,S26,2026,Health Insurance
31086,prescience-inc,Summer 2026,S26,2026,Insurance
32164,prized,Summer 2026,S26,2026,Developer Tools
32164,prized,Summer 2026,S26,2026,SaaS
32254,prodigy-research,Summer 2026,S26,2026,Artificial Intelligence
32254,prodigy-research,Summer 2026,S26,2026,Reinforcement Learning
32254,prodigy-research,Summer 2026,S26,2026,Finance
32254,prodigy-research,Summer 2026,S26,2026,Investing
32254,prodigy-research,Summer 2026,S26,2026,Trading
31569,proprio-robotics,Summer 2026,S26,2026,Robotics
31569,proprio-robotics,Summer 2026,S26,2026,AI
33017,provenmetal,Summer 2026,S26,2026,Hardware
33017,provenmetal,Summer 2026,S26,2026,Manufacturing
33017,provenmetal,Summer 2026,S26,2026,Electronics
32625,qlo,Summer 2026,S26,2026,Artificial Intelligence
32625,qlo,Summer 2026,S26,2026,Insurance
32625,qlo,Summer 2026,S26,2026,Enterprise Software
33020,radley,Summer 2026,S26,2026,B2B
33020,radley,Summer 2026,S26,2026,Healthcare
31161,rapidfolio,Summer 2026,S26,2026,Artificial Intelligence
31161,rapidfolio,Summer 2026,S26,2026,Fintech
31161,rapidfolio,Summer 2026,S26,2026,SaaS
31161,rapidfolio,Summer 2026,S26,2026,Enterprise
31161,rapidfolio,Summer 2026,S26,2026,Automation
32261,rasyn,Summer 2026,S26,2026,Artificial Intelligence
32261,rasyn,Summer 2026,S26,2026,Deep Learning
32261,rasyn,Summer 2026,S26,2026,Biotech
32261,rasyn,Summer 2026,S26,2026,Manufacturing
32622,rational,Summer 2026,S26,2026,Artificial Intelligence
32622,rational,Summer 2026,S26,2026,Finance
32622,rational,Summer 2026,S26,2026,B2B
32622,rational,Summer 2026,S26,2026,Enterprise
32195,realpact,Summer 2026,S26,2026,Real Estate
32195,realpact,Summer 2026,S26,2026,Enterprise Software
32195,realpact,Summer 2026,S26,2026,AI
32155,rex-inc,Summer 2026,S26,2026,Artificial Intelligence
32155,rex-inc,Summer 2026,S26,2026,B2B
32155,rex-inc,Summer 2026,S26,2026,Enterprise
32155,rex-inc,Summer 2026,S26,2026,Enterprise Software
32198,riften,Summer 2026,S26,2026,Artificial Intelligence
32198,riften,Summer 2026,S26,2026,Developer Tools
32198,riften,Summer 2026,S26,2026,Reinforcement Learning
32198,riften,Summer 2026,S26,2026,Open Source
32198,riften,Summer 2026,S26,2026,Infrastructure
31570,rindler,Summer 2026,S26,2026,Developer Tools
31570,rindler,Summer 2026,S26,2026,SaaS
31570,rindler,Summer 2026,S26,2026,Infrastructure
31570,rindler,Summer 2026,S26,2026,AI
32192,rise-reforming,Summer 2026,S26,2026,Hard Tech
32192,rise-reforming,Summer 2026,S26,2026,Smart Waste Management
32192,rise-reforming,Summer 2026,S26,2026,Alternative Fuels
32192,rise-reforming,Summer 2026,S26,2026,Renewable Energy
32192,rise-reforming,Summer 2026,S26,2026,ClimateTech
32650,risklytics,Summer 2026,S26,2026,Artificial Intelligence
32650,risklytics,Summer 2026,S26,2026,Hardware
32650,risklytics,Summer 2026,S26,2026,Machine Learning
32650,risklytics,Summer 2026,S26,2026,B2B
32650,risklytics,Summer 2026,S26,2026,Insurance
33349,robocurve,Summer 2026,S26,2026,Artificial Intelligence
33349,robocurve,Summer 2026,S26,2026,Hard Tech
33349,robocurve,Summer 2026,S26,2026,Hardware
33349,robocurve,Summer 2026,S26,2026,Robotics
33349,robocurve,Summer 2026,S26,2026,Open Source
32979,ronanrx-inc,Summer 2026,S26,2026,Health Tech
32979,ronanrx-inc,Summer 2026,S26,2026,Telehealth
32979,ronanrx-inc,Summer 2026,S26,2026,Therapeutics
33408,salem-robotics-inc,Summer 2026,S26,2026,Hard Tech
33408,salem-robotics-inc,Summer 2026,S26,2026,Robotics
33408,salem-robotics-inc,Summer 2026,S26,2026,Energy
33408,salem-robotics-inc,Summer 2026,S26,2026,Defense
33408,salem-robotics-inc,Summer 2026,S26,2026,Industrial
32131,shielded,Summer 2026,S26,2026,Fintech
32131,shielded,Summer 2026,S26,2026,Supply Chain
32131,shielded,Summer 2026,S26,2026,Agriculture
32131,shielded,Summer 2026,S26,2026,Energy
32131,shielded,Summer 2026,S26,2026,Infrastructure
33053,shiraz-ai,Summer 2026,S26,2026,Generative AI
33053,shiraz-ai,Summer 2026,S26,2026,Robotics
33053,shiraz-ai,Summer 2026,S26,2026,Manufacturing
31437,textsidekick,Summer 2026,S26,2026,SaaS
31437,textsidekick,Summer 2026,S26,2026,B2B
31437,textsidekick,Summer 2026,S26,2026,Manufacturing
31437,textsidekick,Summer 2026,S26,2026,AI Assistant
31437,textsidekick,Summer 2026,S26,2026,Industrial
33111,skymerse,Summer 2026,S26,2026,Artificial Intelligence
33111,skymerse,Summer 2026,S26,2026,Airlines
33111,skymerse,Summer 2026,S26,2026,Aerospace
33311,spaceflow-technologies-inc,Summer 2026,S26,2026,Workflow Automation
33311,spaceflow-technologies-inc,Summer 2026,S26,2026,Logistics
33311,spaceflow-technologies-inc,Summer 2026,S26,2026,Manufacturing
33311,spaceflow-technologies-inc,Summer 2026,S26,2026,Supply Chain
32257,spectre-intelligence,Summer 2026,S26,2026,Biotech
32257,spectre-intelligence,Summer 2026,S26,2026,Investing
32257,spectre-intelligence,Summer 2026,S26,2026,Trading
32257,spectre-intelligence,Summer 2026,S26,2026,Semiconductors
32169,speko,Summer 2026,S26,2026,Developer Tools
32169,speko,Summer 2026,S26,2026,AI
32169,speko,Summer 2026,S26,2026,Conversational AI
32517,standard-machines,Summer 2026,S26,2026,Semiconductors
32517,standard-machines,Summer 2026,S26,2026,AI
32225,stoa,Summer 2026,S26,2026,Fintech
32225,stoa,Summer 2026,S26,2026,Hardware
32225,stoa,Summer 2026,S26,2026,Marketplace
32225,stoa,Summer 2026,S26,2026,Infrastructure
32225,stoa,Summer 2026,S26,2026,AI
32523,stratum-industries,Summer 2026,S26,2026,Artificial Intelligence
32523,stratum-industries,Summer 2026,S26,2026,GovTech
32523,stratum-industries,Summer 2026,S26,2026,Automation
32162,studio,Summer 2026,S26,2026,Artificial Intelligence
32162,studio,Summer 2026,S26,2026,B2B
32162,studio,Summer 2026,S26,2026,Analytics
32162,studio,Summer 2026,S26,2026,Market Research
32162,studio,Summer 2026,S26,2026,AI
33313,subvysion,Summer 2026,S26,2026,Hard Tech
33313,subvysion,Summer 2026,S26,2026,Computer Vision
33313,subvysion,Summer 2026,S26,2026,Real Estate
33313,subvysion,Summer 2026,S26,2026,Construction
33313,subvysion,Summer 2026,S26,2026,Infrastructure
32168,synapse-semiconductor,Summer 2026,S26,2026,Edge Computing Semiconductors
32168,synapse-semiconductor,Summer 2026,S26,2026,Hard Tech
32168,synapse-semiconductor,Summer 2026,S26,2026,Robotics
32168,synapse-semiconductor,Summer 2026,S26,2026,Defense
32168,synapse-semiconductor,Summer 2026,S26,2026,AI
32587,tarebio,Summer 2026,S26,2026,Vaccines
32587,tarebio,Summer 2026,S26,2026,Synthetic Biology
32587,tarebio,Summer 2026,S26,2026,Biotechnology
32319,tarifflo-inc,Summer 2026,S26,2026,B2B
32319,tarifflo-inc,Summer 2026,S26,2026,LegalTech
32319,tarifflo-inc,Summer 2026,S26,2026,Supply Chain
32627,tenor,Summer 2026,S26,2026,Artificial Intelligence
32627,tenor,Summer 2026,S26,2026,B2B
32627,tenor,Summer 2026,S26,2026,Automation
30904,tensr,Summer 2026,S26,2026,Deep Learning
30904,tensr,Summer 2026,S26,2026,Hardware
30904,tensr,Summer 2026,S26,2026,Robotics
30904,tensr,Summer 2026,S26,2026,Automation
30904,tensr,Summer 2026,S26,2026,Industrial
31858,torus,Summer 2026,S26,2026,Construction
31858,torus,Summer 2026,S26,2026,Energy
31858,torus,Summer 2026,S26,2026,Enterprise Software
31858,torus,Summer 2026,S26,2026,AI
31858,torus,Summer 2026,S26,2026,Industrial
32253,touchmark,Summer 2026,S26,2026,Artificial Intelligence
32253,touchmark,Summer 2026,S26,2026,Infrastructure
33051,touchy,Summer 2026,S26,2026,Consumer
33051,touchy,Summer 2026,S26,2026,Productivity
33051,touchy,Summer 2026,S26,2026,AI
33051,touchy,Summer 2026,S26,2026,AI Assistant
33178,tovenai,Summer 2026,S26,2026,Artificial Intelligence
33178,tovenai,Summer 2026,S26,2026,Fintech
33178,tovenai,Summer 2026,S26,2026,Compliance
33178,tovenai,Summer 2026,S26,2026,Regtech
32418,traceforce,Summer 2026,S26,2026,Artificial Intelligence
32418,traceforce,Summer 2026,S26,2026,SaaS
32418,traceforce,Summer 2026,S26,2026,Security
32418,traceforce,Summer 2026,S26,2026,Cybersecurity
32418,traceforce,Summer 2026,S26,2026,Enterprise
33316,tracer,Summer 2026,S26,2026,Machine Learning
33316,tracer,Summer 2026,S26,2026,Open Source
33316,tracer,Summer 2026,S26,2026,AI
31537,trident,Summer 2026,S26,2026,Artificial Intelligence
31537,trident,Summer 2026,S26,2026,Security
31537,trident,Summer 2026,S26,2026,Cybersecurity
32135,trope,Summer 2026,S26,2026,Artificial Intelligence
32135,trope,Summer 2026,S26,2026,SaaS
32135,trope,Summer 2026,S26,2026,B2B
32815,trynearby,Summer 2026,S26,2026,Restaurant Tech
32815,trynearby,Summer 2026,S26,2026,Marketing
32815,trynearby,Summer 2026,S26,2026,Creator Economy
32815,trynearby,Summer 2026,S26,2026,SMB
31259,tsenta,Summer 2026,S26,2026,Artificial Intelligence
31259,tsenta,Summer 2026,S26,2026,Marketplace
31259,tsenta,Summer 2026,S26,2026,Consumer
31259,tsenta,Summer 2026,S26,2026,Recruiting
31259,tsenta,Summer 2026,S26,2026,HR Tech
32750,ultrasonium,Summer 2026,S26,2026,Hard Tech
32750,ultrasonium,Summer 2026,S26,2026,Hardware
32750,ultrasonium,Summer 2026,S26,2026,Robotics
32750,ultrasonium,Summer 2026,S26,2026,Manufacturing
32167,understudy-labs,Summer 2026,S26,2026,Artificial Intelligence
32167,understudy-labs,Summer 2026,S26,2026,Open Source
32167,understudy-labs,Summer 2026,S26,2026,AI
32167,understudy-labs,Summer 2026,S26,2026,ML
32620,vendo,Summer 2026,S26,2026,Artificial Intelligence
32620,vendo,Summer 2026,S26,2026,B2B
32620,vendo,Summer 2026,S26,2026,Customer Success
32620,vendo,Summer 2026,S26,2026,Open Source
32189,verdant,Summer 2026,S26,2026,GovTech
32189,verdant,Summer 2026,S26,2026,Real Estate
32189,verdant,Summer 2026,S26,2026,Construction
32189,verdant,Summer 2026,S26,2026,Housing
33179,verdict-machine,Summer 2026,S26,2026,Crypto / Web3
33179,verdict-machine,Summer 2026,S26,2026,Security
33179,verdict-machine,Summer 2026,S26,2026,AI
33319,vernius-systems-inc,Summer 2026,S26,2026,Hard Tech
33319,vernius-systems-inc,Summer 2026,S26,2026,Drones
33319,vernius-systems-inc,Summer 2026,S26,2026,Radar
33319,vernius-systems-inc,Summer 2026,S26,2026,Aerospace
33319,vernius-systems-inc,Summer 2026,S26,2026,Defense
32751,vestris,Summer 2026,S26,2026,Workflow Automation
32751,vestris,Summer 2026,S26,2026,Home Services
31047,waddle-labs,Summer 2026,S26,2026,Developer Tools
31047,waddle-labs,Summer 2026,S26,2026,Generative AI
31047,waddle-labs,Summer 2026,S26,2026,Robotics
31047,waddle-labs,Summer 2026,S26,2026,Automation
32948,waybill,Summer 2026,S26,2026,Artificial Intelligence
32948,waybill,Summer 2026,S26,2026,Logistics
32948,waybill,Summer 2026,S26,2026,Procurement
32617,whitespace,Summer 2026,S26,2026,Artificial Intelligence
32617,whitespace,Summer 2026,S26,2026,SaaS
32617,whitespace,Summer 2026,S26,2026,B2B
32617,whitespace,Summer 2026,S26,2026,Supply Chain
31425,wondertx,Summer 2026,S26,2026,AI-powered Drug Discovery
31425,wondertx,Summer 2026,S26,2026,Generative AI
31425,wondertx,Summer 2026,S26,2026,Biotech
33317,wondering,Summer 2026,S26,2026,AI-Enhanced Learning
33317,wondering,Summer 2026,S26,2026,Education
33317,wondering,Summer 2026,S26,2026,Consumer
33317,wondering,Summer 2026,S26,2026,AI
33317,wondering,Summer 2026,S26,2026,AI Assistant
32256,zaplar,Summer 2026,S26,2026,Artificial Intelligence
32256,zaplar,Summer 2026,S26,2026,B2B
32154,zomma,Summer 2026,S26,2026,Robotic Process Automation
32154,zomma,Summer 2026,S26,2026,Finance
32154,zomma,Summer 2026,S26,2026,B2B
32154,zomma,Summer 2026,S26,2026,Workflow Automation
32154,zomma,Summer 2026,S26,2026,AI
33573,hardware-intelligence,Summer 2026,S26,2026,Artificial Intelligence
33573,hardware-intelligence,Summer 2026,S26,2026,Developer Tools
33573,hardware-intelligence,Summer 2026,S26,2026,Hardware
33573,hardware-intelligence,Summer 2026,S26,2026,Enterprise Software
33573,hardware-intelligence,Summer 2026,S26,2026,Semiconductors
33348,hiloop,Summer 2026,S26,2026,Artificial Intelligence
33348,hiloop,Summer 2026,S26,2026,Developer Tools
33348,hiloop,Summer 2026,S26,2026,Machine Learning
33348,hiloop,Summer 2026,S26,2026,Reinforcement Learning
33348,hiloop,Summer 2026,S26,2026,Infrastructure
32527,machine0,Summer 2026,S26,2026,Developer Tools
32527,machine0,Summer 2026,S26,2026,Cloud Computing
31555,rekursivai,Summer 2026,S26,2026,Artificial Intelligence
31555,rekursivai,Summer 2026,S26,2026,Deep Learning
31555,rekursivai,Summer 2026,S26,2026,Machine Learning
32259,screenpipe,Summer 2026,S26,2026,SaaS
32259,screenpipe,Summer 2026,S26,2026,B2B
32259,screenpipe,Summer 2026,S26,2026,Enterprise
32259,screenpipe,Summer 2026,S26,2026,Enterprise Software
32259,screenpipe,Summer 2026,S26,2026,AI
31923,tash,Summer 2026,S26,2026,Consumer
31923,tash,Summer 2026,S26,2026,Investing
35290,antropi-robotics,Fall 2026,F26,2026,Robotics
35290,antropi-robotics,Fall 2026,F26,2026,Manufacturing
35261,asakana,Fall 2026,F26,2026,SaaS
35261,asakana,Fall 2026,F26,2026,Food & Beverage
34928,ascii,Fall 2026,F26,2026,Developer Tools
34928,ascii,Fall 2026,F26,2026,Cloud Computing
35058,capveon,Fall 2026,F26,2026,GovTech
31461,collar,Fall 2026,F26,2026,Artificial Intelligence
31461,collar,Fall 2026,F26,2026,Finance
36084,covera,Fall 2026,F26,2026,AIOps
31452,degla-inc,Fall 2026,F26,2026,Artificial Intelligence
31452,degla-inc,Fall 2026,F26,2026,Hard Tech
31452,degla-inc,Fall 2026,F26,2026,Drones
31452,degla-inc,Fall 2026,F26,2026,Aerospace
31452,degla-inc,Fall 2026,F26,2026,AI
35850,dreamscale-labs,Fall 2026,F26,2026,Artificial Intelligence
35850,dreamscale-labs,Fall 2026,F26,2026,Robotics
35850,dreamscale-labs,Fall 2026,F26,2026,Infrastructure
35094,useforward,Fall 2026,F26,2026,Artificial Intelligence
35094,useforward,Fall 2026,F26,2026,Fintech
35094,useforward,Fall 2026,F26,2026,B2B
31378,godhands,Fall 2026,F26,2026,Documents
31378,godhands,Fall 2026,F26,2026,Artificial Intelligence
31378,godhands,Fall 2026,F26,2026,Developer Tools
31378,godhands,Fall 2026,F26,2026,DevOps
35522,hemlock,Fall 2026,F26,2026,Hard Tech
35522,hemlock,Fall 2026,F26,2026,Hardware
35265,hopper,Fall 2026,F26,2026,Infrastructure
35265,hopper,Fall 2026,F26,2026,AI
34365,lambda-robotics,Fall 2026,F26,2026,Robotics
34365,lambda-robotics,Fall 2026,F26,2026,Infrastructure
34365,lambda-robotics,Fall 2026,F26,2026,AI
35190,lantern-ai,Fall 2026,F26,2026,Artificial Intelligence
35190,lantern-ai,Fall 2026,F26,2026,Human Resources
35190,lantern-ai,Fall 2026,F26,2026,Recruiting
35190,lantern-ai,Fall 2026,F26,2026,HR Tech
35190,lantern-ai,Fall 2026,F26,2026,Talent Acquisition
33804,lightfield,Fall 2026,F26,2026,SaaS
33804,lightfield,Fall 2026,F26,2026,B2B
33804,lightfield,Fall 2026,F26,2026,Legal
38061,maritime,Fall 2026,F26,2026,Developer Tools
38061,maritime,Fall 2026,F26,2026,Cloud Computing
38061,maritime,Fall 2026,F26,2026,Infrastructure
35257,nodus-compute,Fall 2026,F26,2026,Artificial Intelligence
35257,nodus-compute,Fall 2026,F26,2026,Infrastructure
35260,onepatch,Fall 2026,F26,2026,DevOps
35260,onepatch,Fall 2026,F26,2026,Automation
35260,onepatch,Fall 2026,F26,2026,AI
35525,orca-aerospace,Fall 2026,F26,2026,AIOps
35525,orca-aerospace,Fall 2026,F26,2026,Space Exploration
35525,orca-aerospace,Fall 2026,F26,2026,Satellites
34794,qokedas,Fall 2026,F26,2026,Artificial Intelligence
34794,qokedas,Fall 2026,F26,2026,Deep Learning
36940,quippy,Fall 2026,F26,2026,AI-Enhanced Learning
36940,quippy,Fall 2026,F26,2026,Social
36940,quippy,Fall 2026,F26,2026,Health & Wellness
37600,redoubt-insurance,Fall 2026,F26,2026,Artificial Intelligence
37600,redoubt-insurance,Fall 2026,F26,2026,Insurance
34597,sentient-os,Fall 2026,F26,2026,Artificial Intelligence
34597,sentient-os,Fall 2026,F26,2026,Productivity
34597,sentient-os,Fall 2026,F26,2026,AI
33838,simantic,Fall 2026,F26,2026,Developer Tools
33838,simantic,Fall 2026,F26,2026,Hardware
33838,simantic,Fall 2026,F26,2026,Semiconductors
33838,simantic,Fall 2026,F26,2026,Electronics
33838,simantic,Fall 2026,F26,2026,AI
34629,simulithic,Fall 2026,F26,2026,Artificial Intelligence
36708,sinter-systems,Fall 2026,F26,2026,3D Printing
36708,sinter-systems,Fall 2026,F26,2026,Manufacturing
36708,sinter-systems,Fall 2026,F26,2026,Advanced Materials
35128,talos-us,Fall 2026,F26,2026,Deep Learning
35128,talos-us,Fall 2026,F26,2026,IoT
35128,talos-us,Fall 2026,F26,2026,Energy
37272,the-subvocal-company,Fall 2026,F26,2026,Hard Tech
34761,veeza-ai,Fall 2026,F26,2026,AIOps
34761,veeza-ai,Fall 2026,F26,2026,Consumer
34761,veeza-ai,Fall 2026,F26,2026,AI
32352,veltha,Fall 2026,F26,2026,Fintech
32352,veltha,Fall 2026,F26,2026,Insurance
35784,vorelios,Fall 2026,F26,2026,Hard Tech
35784,vorelios,Fall 2026,F26,2026,B2B
35784,vorelios,Fall 2026,F26,2026,AI
35395,workers-io,Fall 2026,F26,2026,Artificial Intelligence
35395,workers-io,Fall 2026,F26,2026,Developer Tools
35395,workers-io,Fall 2026,F26,2026,B2B
35395,workers-io,Fall 2026,F26,2026,Infrastructure
36348,antimattr,Fall 2026,F26,2026,Hardware
36348,antimattr,Fall 2026,F26,2026,Consumer
36348,antimattr,Fall 2026,F26,2026,AI
34464,herdr,Fall 2026,F26,2026,Artificial Intelligence
34464,herdr,Fall 2026,F26,2026,Developer Tools
34464,herdr,Fall 2026,F26,2026,AI Assistant
32165,rote,Winter 2027,W27,2027,B2B
32165,rote,Winter 2027,W27,2027,Workflow Automation
32165,rote,Winter 2027,W27,2027,Insurance
