company_id,batch,label_type,from_snapshot,to_snapshot,added,removed
1744,W18,tag,2024-08-22,2024-09-01,Operations,
1752,W18,industry,2024-08-22,2024-09-01,B2B,Consumer
1891,S18,subindustry,2024-08-22,2024-09-01,B2B -> Finance and Accounting,B2B -> Legal
11948,W19,tag,2024-08-22,2024-09-01,AI,Artificial Intelligence
12236,W19,tag,2024-08-22,2024-09-01,Payments,
23085,W21,tag,2024-08-22,2024-09-01,,Marketplace
23264,W21,subindustry,2024-08-22,2024-09-01,Consumer -> Food and Beverage,B2B -> Productivity
23399,W21,tag,2024-08-22,2024-09-01,,Fundraising
24192,S21,tag,2024-08-22,2024-09-01,AI,Artificial Intelligence
24259,S21,tag,2024-08-22,2024-09-01,Artificial Intelligence|Retail,
24382,S21,tag,2024-08-22,2024-09-01,Consumer,
25342,W22,tag,2024-08-22,2024-09-01,AI|DevOps|Web Development,Artificial Intelligence
25712,W22,tag,2024-08-22,2024-09-01,Artificial Intelligence,AI
26670,S22,tag,2024-08-22,2024-09-01,Artificial Intelligence,AI
27045,S22,tag,2024-08-22,2024-09-01,Health Tech|Healthcare|Healthcare IT,
27162,S22,tag,2024-08-22,2024-09-01,AI,Artificial Intelligence
27814,W23,tag,2024-08-22,2024-09-01,Artificial Intelligence,AI
27855,W23,tag,2024-08-22,2024-09-01,AI,Artificial Intelligence
27869,W23,tag,2024-08-22,2024-09-01,AI,Artificial Intelligence
27873,W23,tag,2024-08-22,2024-09-01,,Generative AI|NLP|SaaS|Sales
27957,W23,tag,2024-08-22,2024-09-01,,B2B|Fintech|Payments
28069,W23,tag,2024-08-22,2024-09-01,AI,Artificial Intelligence
28368,W23,tag,2024-08-22,2024-09-01,AI,Artificial Intelligence
28809,S23,tag,2024-08-22,2024-09-01,AI,Artificial Intelligence
28811,S23,tag,2024-08-22,2024-09-01,AI,Artificial Intelligence
28884,S23,tag,2024-08-22,2024-09-01,AI,Artificial Intelligence
28887,S23,tag,2024-08-22,2024-09-01,AI,Artificial Intelligence
28932,S23,tag,2024-08-22,2024-09-01,AI,Artificial Intelligence
29040,S23,tag,2024-08-22,2024-09-01,AI,Artificial Intelligence
29134,S23,tag,2024-08-22,2024-09-01,AI,Artificial Intelligence
29254,W24,tag,2024-08-22,2024-09-01,AI,Artificial Intelligence
29263,W24,tag,2024-08-22,2024-09-01,AI,Artificial Intelligence
29273,W24,tag,2024-08-22,2024-09-01,Artificial Intelligence,AI
29301,W24,tag,2024-08-22,2024-09-01,Artificial Intelligence,AI
29315,W24,tag,2024-08-22,2024-09-01,Artificial Intelligence|Workflow Automation,AI|Machine Learning|Mental Health
29334,W24,tag,2024-08-22,2024-09-01,Artificial Intelligence,AI
29349,S24,tag,2024-08-22,2024-09-01,AI,Artificial Intelligence
29363,W24,subindustry,2024-08-22,2024-09-01,"B2B -> Engineering, Product and Design",Consumer
29377,W24,tag,2024-08-22,2024-09-01,Artificial Intelligence,AI
29392,W24,tag,2024-08-22,2024-09-01,Cybersecurity,Consumer|Machine Learning|Recommendation System|Social Media
29402,W24,tag,2024-08-22,2024-09-01,Artificial Intelligence|Retail Tech,AI|Navigation
29402,W24,industry,2024-08-22,2024-09-01,B2B,Industrials
29422,W24,industry,2024-08-22,2024-09-01,Education,B2B
29439,W24,tag,2024-08-22,2024-09-01,AI Assistant|API|Artificial Intelligence,AI
29475,S24,tag,2024-08-22,2024-09-01,Artificial Intelligence,
29499,W24,tag,2024-08-22,2024-09-01,B2B|Hardware|Procurement|Supply Chain,
29572,S24,tag,2024-08-22,2024-09-01,Artificial Intelligence,AI
29574,S24,tag,2024-08-22,2024-09-01,Artificial Intelligence,AI
29582,S24,tag,2024-08-22,2024-09-01,Artificial Intelligence,AI
29605,S24,tag,2024-08-22,2024-09-01,AI,Artificial Intelligence
29637,S24,tag,2024-08-22,2024-09-01,AI|B2B|Market Research|Sales,Artificial Intelligence|Conversational AI|Developer Tools|Infrastructure
29641,S24,tag,2024-08-22,2024-09-01,AI,Artificial Intelligence
29646,S24,tag,2024-08-22,2024-09-01,,API
29655,S24,tag,2024-08-22,2024-09-01,Artificial Intelligence,AI
29655,S24,industry,2024-08-22,2024-09-01,Fintech,B2B
29665,S24,tag,2024-08-22,2024-09-01,AI,Artificial Intelligence
29670,S24,tag,2024-08-22,2024-09-01,AI Assistant|Email|Generative AI|Productivity,Developer Tools|Infrastructure|Web Development
29675,S24,tag,2024-08-22,2024-09-01,Artificial Intelligence,ClimateTech
29675,S24,industry,2024-08-22,2024-09-01,B2B,Industrials
29678,S24,tag,2024-08-22,2024-09-01,,Artificial Intelligence|Enterprise Software
29680,S24,tag,2024-08-22,2024-09-01,Industrial,GovTech
29684,S24,tag,2024-08-22,2024-09-01,Artificial Intelligence|Customer Service,AI|Customer Success
29687,S24,tag,2024-08-22,2024-09-01,Artificial Intelligence,AI
29689,S24,tag,2024-08-22,2024-09-01,Artificial Intelligence,AI
29694,S24,tag,2024-08-22,2024-09-01,AI-powered Drug Discovery|Artificial Intelligence,AI
29694,S24,industry,2024-08-22,2024-09-01,Healthcare,B2B
29698,S24,tag,2024-08-22,2024-09-01,Machine Learning,Grocery
29702,S24,tag,2024-08-22,2024-09-01,AI,Artificial Intelligence
29705,S24,tag,2024-08-22,2024-09-01,AI Assistant|Artificial Intelligence|SaaS|Workflow Automation,AI|Generative AI|Procurement
29708,S24,tag,2024-08-22,2024-09-01,SaaS,
29711,S24,tag,2024-08-22,2024-09-01,Artificial Intelligence,AI
29714,S24,tag,2024-08-22,2024-09-01,Synthetic Biology,Drug discovery
29716,S24,tag,2024-08-22,2024-09-01,AI,Artificial Intelligence
29719,S24,tag,2024-08-22,2024-09-01,AI,Artificial Intelligence
29721,S24,tag,2024-08-22,2024-09-01,AI,Artificial Intelligence
29729,S24,tag,2024-08-22,2024-09-01,Artificial Intelligence,AI
29757,S24,tag,2024-08-22,2024-09-01,Artificial Intelligence,AI
29759,S24,tag,2024-08-22,2024-09-01,,Marketplace
29764,S24,tag,2024-08-22,2024-09-01,Artificial Intelligence|B2B,AI|Generative AI
29768,S24,tag,2024-08-22,2024-09-01,AI,Artificial Intelligence
29773,S24,tag,2024-08-22,2024-09-01,Enterprise Software,
29774,S24,tag,2024-08-22,2024-09-01,Artificial Intelligence,AI
29777,S24,tag,2024-08-22,2024-09-01,Machine Learning|Semiconductors,
29778,S24,tag,2024-08-22,2024-09-01,Artificial Intelligence,AI
29779,S24,tag,2024-08-22,2024-09-01,AI,Artificial Intelligence
29782,S24,tag,2024-08-22,2024-09-01,AI,Artificial Intelligence
29793,S24,tag,2024-08-22,2024-09-01,Artificial Intelligence,AI
29794,S24,tag,2024-08-22,2024-09-01,AI,Artificial Intelligence
29812,S24,tag,2024-08-22,2024-09-01,AI,Artificial Intelligence
29814,S24,tag,2024-08-22,2024-09-01,AI|B2B,
29815,S24,tag,2024-08-22,2024-09-01,Housing|Proptech,
29818,S24,tag,2024-08-22,2024-09-01,Artificial Intelligence|B2B|SaaS,
29826,S24,tag,2024-08-22,2024-09-01,AI|Consumer Products|Note-taking|Productivity,AIOps|Artificial Intelligence|Developer Tools|Open Source
29826,S24,industry,2024-08-22,2024-09-01,Consumer,B2B
29833,S24,tag,2024-08-22,2024-09-01,AI,Artificial Intelligence
29835,S24,tag,2024-08-22,2024-09-01,Artificial Intelligence,AI|Chatbot
29841,S24,tag,2024-08-22,2024-09-01,Artificial Intelligence,AI
29848,S24,tag,2024-08-22,2024-09-01,AI|Data Engineering|Generative AI,Artificial Intelligence
29857,S24,tag,2024-08-22,2024-09-01,AI,Artificial Intelligence
29962,S24,tag,2024-08-22,2024-09-01,Fashion|Furniture,Consumer
29962,S24,industry,2024-08-22,2024-09-01,B2B,Consumer
29968,S24,tag,2024-08-22,2024-09-01,B2B,
29972,S24,tag,2024-08-22,2024-09-01,AI,Artificial Intelligence
29976,S24,tag,2024-08-22,2024-09-01,Open Source,
29980,S24,tag,2024-08-22,2024-09-01,AI,Artificial Intelligence
29981,S24,tag,2024-08-22,2024-09-01,AI,Artificial Intelligence
105,S11,tag,2024-09-01,2024-10-01,AI,Artificial Intelligence
748,W15,tag,2024-09-01,2024-10-01,AI,Artificial Intelligence
996,W16,tag,2024-09-01,2024-10-01,AI|AI Assistant|Open Source,
1051,W16,tag,2024-09-01,2024-10-01,Artificial Intelligence,AI
1226,S16,tag,2024-09-01,2024-10-01,AI,Artificial Intelligence
1641,S17,tag,2024-09-01,2024-10-01,AI,Artificial Intelligence
1671,S17,tag,2024-09-01,2024-10-01,AI,Artificial Intelligence
11934,W19,industry,2024-09-01,2024-10-01,Consumer,B2B
12042,W19,tag,2024-09-01,2024-10-01,AI,Artificial Intelligence
12632,S19,tag,2024-09-01,2024-10-01,Artificial Intelligence,AI
12738,S19,tag,2024-09-01,2024-10-01,Artificial Intelligence,AI
12863,S19,tag,2024-09-01,2024-10-01,AI,Artificial Intelligence
12871,W20,tag,2024-09-01,2024-10-01,Artificial Intelligence,AI
13085,W20,tag,2024-09-01,2024-10-01,Robotics,
13085,W20,industry,2024-09-01,2024-10-01,Industrials,Real Estate and Construction
13141,W20,tag,2024-09-01,2024-10-01,Artificial Intelligence|Enterprise,B2B|Cloud Computing|Data Engineering|Enterprise Software
13218,W20,tag,2024-09-01,2024-10-01,AI,Artificial Intelligence
13233,W20,tag,2024-09-01,2024-10-01,Productivity,
13309,W20,tag,2024-09-01,2024-10-01,Artificial Intelligence|Finance,Infrastructure
13330,S20,tag,2024-09-01,2024-10-01,AI,Artificial Intelligence
21727,S20,tag,2024-09-01,2024-10-01,,Neobank
21767,S20,tag,2024-09-01,2024-10-01,Chatbot|SaaS,Productivity
21894,S20,tag,2024-09-01,2024-10-01,,NLP
22079,S20,tag,2024-09-01,2024-10-01,Cybersecurity,
22126,S20,tag,2024-09-01,2024-10-01,Artificial Intelligence|Data Science|Developer Tools,Enterprise|No-code
22184,S20,tag,2024-09-01,2024-10-01,Messaging|Social|Social Network,Community
22252,S20,tag,2024-09-01,2024-10-01,No-code,
22708,W21,tag,2024-09-01,2024-10-01,Artificial Intelligence,AI
22835,W21,tag,2024-09-01,2024-10-01,AI,Artificial Intelligence
22880,W21,tag,2024-09-01,2024-10-01,AI|Virtual Reality|eSports,Artificial Intelligence|Creator Economy|SaaS
23193,W21,tag,2024-09-01,2024-10-01,Edtech,Recruiting
23220,W21,tag,2024-09-01,2024-10-01,AI,Artificial Intelligence
23946,S21,tag,2024-09-01,2024-10-01,Artificial Intelligence,AI
23951,S21,tag,2024-09-01,2024-10-01,AI,Artificial Intelligence
23978,S21,tag,2024-09-01,2024-10-01,AIOps|Security,
23979,S21,tag,2024-09-01,2024-10-01,AI|Marketing,Design Tools|E-commerce|SaaS
24100,S21,tag,2024-09-01,2024-10-01,Artificial Intelligence,AI
24390,S21,tag,2024-09-01,2024-10-01,Artificial Intelligence,AI
24555,S21,tag,2024-09-01,2024-10-01,Industrial|Manufacturing|Robotics,
24558,S21,tag,2024-09-01,2024-10-01,Kids|Media|SaaS,Live
24787,S21,tag,2024-09-01,2024-10-01,Artificial Intelligence,AI
24816,S21,tag,2024-09-01,2024-10-01,Artificial Intelligence,AI
25318,W22,tag,2024-09-01,2024-10-01,Construction|Real Estate,
25351,W22,tag,2024-09-01,2024-10-01,Artificial Intelligence|Manufacturing,E-commerce|Retail
25356,W22,tag,2024-09-01,2024-10-01,AI,Artificial Intelligence
25451,W22,tag,2024-09-01,2024-10-01,AI,Artificial Intelligence
25491,W22,tag,2024-09-01,2024-10-01,Human Resources,AIOps|NLP
25511,W22,tag,2024-09-01,2024-10-01,AI,Artificial Intelligence
25537,W22,tag,2024-09-01,2024-10-01,Artificial Intelligence,AI
25573,W22,tag,2024-09-01,2024-10-01,Marketing|Sales,Marketplace
25635,W22,tag,2024-09-01,2024-10-01,AI,Artificial Intelligence
25645,W22,tag,2024-09-01,2024-10-01,Artificial Intelligence,AI
25650,W22,tag,2024-09-01,2024-10-01,Artificial Intelligence|Hard Tech|Hardware|SaaS,Healthcare|Oncology
25732,W22,tag,2024-09-01,2024-10-01,Artificial Intelligence|B2B|Generative AI,AI
25913,W22,tag,2024-09-01,2024-10-01,Sales|Sales Enablement,Proptech|Real Estate
25918,W22,tag,2024-09-01,2024-10-01,Creator Economy|Fintech,Community|HR Tech|Remote Work|Video
25918,W22,industry,2024-09-01,2024-10-01,Fintech,B2B
25921,W22,tag,2024-09-01,2024-10-01,AI Assistant|Generative AI|SaaS,Artificial Intelligence|Fintech
25991,W22,tag,2024-09-01,2024-10-01,Artificial Intelligence,AI
26505,S22,tag,2024-09-01,2024-10-01,AI,Artificial Intelligence
26658,S22,tag,2024-09-01,2024-10-01,,Fintech|Payments
26662,S22,tag,2024-09-01,2024-10-01,AI,Artificial Intelligence
26676,S22,subindustry,2024-09-01,2024-10-01,B2B -> Sales,B2B -> Marketing
26708,S22,tag,2024-09-01,2024-10-01,AI,Consumer Health Services|Fitness
26819,S22,tag,2024-09-01,2024-10-01,Sales,AI Assistant|Operations
26825,S22,tag,2024-09-01,2024-10-01,AI,Artificial Intelligence
26885,S22,tag,2024-09-01,2024-10-01,AI Assistant|Artificial Intelligence,AI|B2B|Consumer|Productivity
27045,S22,tag,2024-09-01,2024-10-01,AI Assistant|Call Center,Health Tech|Healthcare IT
27152,S22,tag,2024-09-01,2024-10-01,Artificial Intelligence|Developer Tools|Open Source,AI
27172,S22,tag,2024-09-01,2024-10-01,Artificial Intelligence,AI
27190,S22,tag,2024-09-01,2024-10-01,Enterprise|Manufacturing,Digital Freight Brokerage|Logistics|Supply Chain
27198,S22,tag,2024-09-01,2024-10-01,Aerospace,Satellites|Space Exploration
27261,S22,tag,2024-09-01,2024-10-01,Artificial Intelligence,AI
27673,W23,tag,2024-09-01,2024-10-01,Artificial Intelligence,
27695,W23,tag,2024-09-01,2024-10-01,B2B,
27708,W23,tag,2024-09-01,2024-10-01,AI,Artificial Intelligence
27763,W23,tag,2024-09-01,2024-10-01,Artificial Intelligence,AI
27820,W23,tag,2024-09-01,2024-10-01,Open Source,
27828,W23,tag,2024-09-01,2024-10-01,AI,Artificial Intelligence
27875,W23,tag,2024-09-01,2024-10-01,Artificial Intelligence,AI
27890,W23,tag,2024-09-01,2024-10-01,AI,Artificial Intelligence
27892,W23,tag,2024-09-01,2024-10-01,Artificial Intelligence|Conversational AI|Generative AI,API|B2B
27943,W23,tag,2024-09-01,2024-10-01,AI,Artificial Intelligence
27952,W23,tag,2024-09-01,2024-10-01,Artificial Intelligence|Web Development,Finance|Fintech
27952,W23,industry,2024-09-01,2024-10-01,B2B,Fintech
27958,W23,tag,2024-09-01,2024-10-01,,B2B|Design Tools|Developer Tools|Open Source|SaaS
27983,W23,tag,2024-09-01,2024-10-01,Generative AI|Sales,Data Engineering
27985,W23,tag,2024-09-01,2024-10-01,Women's Health,Health & Wellness
28091,W23,tag,2024-09-01,2024-10-01,Artificial Intelligence,AI
28425,W23,tag,2024-09-01,2024-10-01,,AI-powered Drug Discovery
28744,S23,tag,2024-09-01,2024-10-01,Artificial Intelligence,AI
28778,S23,subindustry,2024-09-01,2024-10-01,B2B -> Security,B2B -> Infrastructure
28780,S23,tag,2024-09-01,2024-10-01,Artificial Intelligence,AI
28841,S23,tag,2024-09-01,2024-10-01,Artificial Intelligence,AI
28853,S23,tag,2024-09-01,2024-10-01,AI|CRM|Medical Devices,Consumer|Health & Wellness|Marketplace
28869,S23,tag,2024-09-01,2024-10-01,AI,Artificial Intelligence
28884,S23,tag,2024-09-01,2024-10-01,Artificial Intelligence|Logistics|Manufacturing|Operations|Supply Chain,AI|Developer Tools|Generative AI|Infrastructure
28884,S23,industry,2024-09-01,2024-10-01,Industrials,B2B
28893,S23,tag,2024-09-01,2024-10-01,Artificial Intelligence,AI
28900,S23,tag,2024-09-01,2024-10-01,AI,Artificial Intelligence
28911,S23,tag,2024-09-01,2024-10-01,,Artificial Intelligence|B2B|Fintech|HR Tech|SaaS
28922,S23,tag,2024-09-01,2024-10-01,Workflow Automation,
28938,S23,tag,2024-09-01,2024-10-01,AI,Artificial Intelligence
28957,S23,tag,2024-09-01,2024-10-01,Artificial Intelligence,AI
28977,S23,tag,2024-09-01,2024-10-01,Neobank,Infrastructure|SaaS
28978,S23,tag,2024-09-01,2024-10-01,Productivity,Artificial Intelligence
29000,S23,tag,2024-09-01,2024-10-01,Compliance|Fintech|Trust & Safety,
29010,S23,tag,2024-09-01,2024-10-01,AI|B2B|Developer Tools|Enterprise Software|Semiconductors,
29040,S23,tag,2024-09-01,2024-10-01,Artificial Intelligence,AI
29046,S23,tag,2024-09-01,2024-10-01,AI,Artificial Intelligence
29069,S23,tag,2024-09-01,2024-10-01,AI Assistant|Logistics,
29103,S23,tag,2024-09-01,2024-10-01,Conversational AI|SaaS,AI Assistant|Developer Tools
29107,S23,subindustry,2024-09-01,2024-10-01,Healthcare -> Consumer Health and Wellness,B2B
29177,W24,tag,2024-09-01,2024-10-01,Enterprise|NLP|Open Source|Search,
29182,W24,tag,2024-09-01,2024-10-01,AI|Analytics|B2B|Big Data|Developer Tools,
29207,W24,tag,2024-09-01,2024-10-01,Artificial Intelligence,AI
29238,W24,tag,2024-09-01,2024-10-01,Artificial Intelligence,AI
29251,S24,tag,2024-09-01,2024-10-01,Artificial Intelligence,AI
29259,W24,tag,2024-09-01,2024-10-01,Payments|Telecommunications,Dental
29270,W24,tag,2024-09-01,2024-10-01,Data Engineering|Data Science|Data Visualization|Databases,AI|Developer Tools|Infrastructure|SaaS
29274,W24,tag,2024-09-01,2024-10-01,AI|Consumer|Gaming|Social,Analytics|Artificial Intelligence|B2B|Generative AI
29274,W24,industry,2024-09-01,2024-10-01,Consumer,B2B
29274,W24,subindustry,2024-09-01,2024-10-01,Consumer -> Gaming,B2B -> Analytics
29287,W24,tag,2024-09-01,2024-10-01,Artificial Intelligence,AI
29296,S24,subindustry,2024-09-01,2024-10-01,"B2B -> Engineering, Product and Design",B2B -> Infrastructure
29327,S24,tag,2024-09-01,2024-10-01,Artificial Intelligence,AI
29328,W24,tag,2024-09-01,2024-10-01,Artificial Intelligence,AI
29330,W24,tag,2024-09-01,2024-10-01,Developer Tools|Web Development,Automation|Productivity
29339,W24,tag,2024-09-01,2024-10-01,AI|Digital Health|Health Tech|Healthcare,
29340,W24,tag,2024-09-01,2024-10-01,,AI-powered Drug Discovery|B2B|Biotechnology|Machine Learning|SaaS
29342,W24,tag,2024-09-01,2024-10-01,Artificial Intelligence,AI
29349,S24,tag,2024-09-01,2024-10-01,Artificial Intelligence,AI
29350,W24,tag,2024-09-01,2024-10-01,Artificial Intelligence,AI
29352,W24,tag,2024-09-01,2024-10-01,AI Assistant|Artificial Intelligence|Developer Tools|Enterprise,AI|B2B|Marketing|SaaS|Sales
29353,W24,tag,2024-09-01,2024-10-01,AI,Artificial Intelligence
29363,W24,tag,2024-09-01,2024-10-01,AI,Artificial Intelligence
29368,W24,tag,2024-09-01,2024-10-01,AI,Artificial Intelligence
29370,W24,tag,2024-09-01,2024-10-01,,SaaS
29372,W24,tag,2024-09-01,2024-10-01,Artificial Intelligence,AI|Design
29373,W24,tag,2024-09-01,2024-10-01,B2B|DevOps|SaaS,Data Science|FinOps|Finance|Fintech
29374,W24,tag,2024-09-01,2024-10-01,Compliance|Regtech|SaaS,Developer Tools|Open Source
29387,S24,tag,2024-09-01,2024-10-01,Artificial Intelligence|Automation|Design Tools|Generative AI,Computer Vision|Open Source
29389,W24,tag,2024-09-01,2024-10-01,,AI|B2B|Compliance|Health Tech|SaaS
29390,W24,tag,2024-09-01,2024-10-01,Artificial Intelligence,AI Assistant|Generative AI
29412,S24,tag,2024-09-01,2024-10-01,AI,Artificial Intelligence
29412,S24,subindustry,2024-09-01,2024-10-01,Healthcare -> Industrial Bio,Healthcare
29425,W24,tag,2024-09-01,2024-10-01,Artificial Intelligence,AI
29443,W24,tag,2024-09-01,2024-10-01,Consumer|Media|Video,GovTech
29443,W24,industry,2024-09-01,2024-10-01,Consumer,Government
29459,W24,tag,2024-09-01,2024-10-01,AI,Artificial Intelligence
29474,S24,tag,2024-09-01,2024-10-01,Artificial Intelligence,AI
29475,S24,subindustry,2024-09-01,2024-10-01,Healthcare -> Therapeutics,Unspecified
29506,W24,tag,2024-09-01,2024-10-01,AI,Artificial Intelligence
29512,W24,tag,2024-09-01,2024-10-01,,AI|AIOps|API|B2B|Developer Tools
29518,W24,tag,2024-09-01,2024-10-01,Finance|HR Tech|Operations,Consumer|Entertainment|Marketplace
29518,W24,industry,2024-09-01,2024-10-01,Fintech,Consumer
29557,S24,subindustry,2024-09-01,2024-10-01,Industrials -> Manufacturing and Robotics,B2B
29558,S24,tag,2024-09-01,2024-10-01,,AI Assistant|Artificial Intelligence|Civic Tech|GovTech|Video
29558,S24,subindustry,2024-09-01,2024-10-01,Government,B2B
29569,S24,subindustry,2024-09-01,2024-10-01,B2B -> Infrastructure,"B2B -> Engineering, Product and Design"
29570,S24,tag,2024-09-01,2024-10-01,Artificial Intelligence,
29572,S24,tag,2024-09-01,2024-10-01,AI,Artificial Intelligence
29573,S24,industry,2024-09-01,2024-10-01,B2B,Education
29574,S24,tag,2024-09-01,2024-10-01,AI|Fintech|Machine Learning,Analytics|Artificial Intelligence|E-commerce
29579,S24,tag,2024-09-01,2024-10-01,Artificial Intelligence|Automation|Health Tech|Healthcare,
29582,S24,tag,2024-09-01,2024-10-01,AI,Artificial Intelligence
29585,S24,tag,2024-09-01,2024-10-01,Generative AI|Open Source,
29588,S24,tag,2024-09-01,2024-10-01,AI,Artificial Intelligence
29591,S24,tag,2024-09-01,2024-10-01,Hard Tech,IoT
29596,S24,tag,2024-09-01,2024-10-01,AI,Artificial Intelligence
29605,S24,tag,2024-09-01,2024-10-01,Artificial Intelligence,AI
29607,S24,subindustry,2024-09-01,2024-10-01,B2B,Unspecified
29608,S24,tag,2024-09-01,2024-10-01,Edtech,
29610,S24,tag,2024-09-01,2024-10-01,,Analytics|Artificial Intelligence|B2B|Developer Tools
29611,S24,tag,2024-09-01,2024-10-01,Artificial Intelligence|Machine Learning,AI|SaaS
29613,S24,tag,2024-09-01,2024-10-01,,B2B|Finance|Health Insurance|Infrastructure|Insurance
29627,S24,tag,2024-09-01,2024-10-01,Artificial Intelligence,AI
29636,S24,tag,2024-09-01,2024-10-01,AI,Artificial Intelligence
29637,S24,subindustry,2024-09-01,2024-10-01,B2B -> Sales,B2B -> Infrastructure
29639,S24,tag,2024-09-01,2024-10-01,Automation,
29639,S24,subindustry,2024-09-01,2024-10-01,B2B -> Operations,B2B -> Recruiting and Talent
29641,S24,tag,2024-09-01,2024-10-01,Artificial Intelligence,AI
29643,S24,tag,2024-09-01,2024-10-01,,Consumer Health Services|Digital Health|Health Tech|Marketplace
29646,S24,tag,2024-09-01,2024-10-01,,Artificial Intelligence|Fintech|Insurance
29647,S24,tag,2024-09-01,2024-10-01,Developer Tools|SaaS,API
29650,S24,tag,2024-09-01,2024-10-01,AI,Artificial Intelligence
29653,S24,tag,2024-09-01,2024-10-01,SaaS,
29654,S24,tag,2024-09-01,2024-10-01,DevOps|Infrastructure,AI|Cloud Computing
29654,S24,subindustry,2024-09-01,2024-10-01,"B2B -> Engineering, Product and Design",Unspecified
29655,S24,subindustry,2024-09-01,2024-10-01,Fintech,B2B
29658,S24,tag,2024-09-01,2024-10-01,Artificial Intelligence,AI
29658,S24,industry,2024-09-01,2024-10-01,Industrials,B2B
29658,S24,subindustry,2024-09-01,2024-10-01,Industrials -> Climate,B2B
29660,S24,tag,2024-09-01,2024-10-01,Cloud Computing,Chat
29663,S24,tag,2024-09-01,2024-10-01,Artificial Intelligence,AI
29665,S24,tag,2024-09-01,2024-10-01,Artificial Intelligence,AI
29665,S24,subindustry,2024-09-01,2024-10-01,B2B -> Infrastructure,Unspecified
29666,S24,tag,2024-09-01,2024-10-01,Artificial Intelligence,Fintech
29668,S24,subindustry,2024-09-01,2024-10-01,"B2B -> Engineering, Product and Design",Unspecified
29670,S24,subindustry,2024-09-01,2024-10-01,B2B -> Productivity,"B2B -> Engineering, Product and Design"
29672,S24,tag,2024-09-01,2024-10-01,Artificial Intelligence|Semiconductors,AI
29672,S24,subindustry,2024-09-01,2024-10-01,"B2B -> Engineering, Product and Design",B2B -> Productivity
29675,S24,tag,2024-09-01,2024-10-01,AI,Artificial Intelligence
29675,S24,subindustry,2024-09-01,2024-10-01,B2B,Industrials -> Climate
29678,S24,tag,2024-09-01,2024-10-01,Artificial Intelligence,Logistics
29682,S24,tag,2024-09-01,2024-10-01,Artificial Intelligence,AI
29682,S24,subindustry,2024-09-01,2024-10-01,"B2B -> Engineering, Product and Design",B2B
29684,S24,tag,2024-09-01,2024-10-01,AI,Artificial Intelligence
29685,S24,tag,2024-09-01,2024-10-01,AI,
29686,S24,subindustry,2024-09-01,2024-10-01,B2B,B2B -> Marketing
29687,S24,tag,2024-09-01,2024-10-01,AI,Artificial Intelligence
29689,S24,subindustry,2024-09-01,2024-10-01,Healthcare,Unspecified
29690,S24,tag,2024-09-01,2024-10-01,Artificial Intelligence,AI
29690,S24,subindustry,2024-09-01,2024-10-01,B2B -> Productivity,Consumer
29694,S24,tag,2024-09-01,2024-10-01,Climate|Industrial|Manufacturing,Artificial Intelligence
29694,S24,subindustry,2024-09-01,2024-10-01,Healthcare -> Industrial Bio,"B2B -> Engineering, Product and Design"
29695,S24,tag,2024-09-01,2024-10-01,Artificial Intelligence|Generative AI,AI
29701,S24,tag,2024-09-01,2024-10-01,Climate|Real Estate,
29702,S24,tag,2024-09-01,2024-10-01,Artificial Intelligence,AI
29703,S24,tag,2024-09-01,2024-10-01,Artificial Intelligence|Compliance|SaaS,AI|Enterprise
29705,S24,tag,2024-09-01,2024-10-01,AI,Artificial Intelligence
29706,S24,tag,2024-09-01,2024-10-01,Artificial Intelligence,AI
29707,S24,subindustry,2024-09-01,2024-10-01,Healthcare,Fintech -> Consumer Finance
29708,S24,tag,2024-09-01,2024-10-01,Generative AI|Infrastructure|Open Source,Developer Tools
29710,S24,tag,2024-09-01,2024-10-01,Artificial Intelligence,AI
29711,S24,tag,2024-09-01,2024-10-01,AI,Artificial Intelligence
29713,S24,tag,2024-09-01,2024-10-01,Deep Learning|Industrial|Synthetic Biology,Biotech
29715,S24,tag,2024-09-01,2024-10-01,Artificial Intelligence,
29719,S24,tag,2024-09-01,2024-10-01,Artificial Intelligence,AI
29724,S24,subindustry,2024-09-01,2024-10-01,Government,B2B -> Supply Chain and Logistics
29730,S24,subindustry,2024-09-01,2024-10-01,Fintech,B2B -> Productivity
29731,S24,subindustry,2024-09-01,2024-10-01,B2B -> Legal,B2B
29732,S24,tag,2024-09-01,2024-10-01,,AI Assistant|AI-powered Drug Discovery|Manufacturing|SaaS
29733,S24,subindustry,2024-09-01,2024-10-01,Industrials,Unspecified
29734,S24,tag,2024-09-01,2024-10-01,Artificial Intelligence,AI
29734,S24,subindustry,2024-09-01,2024-10-01,B2B -> Operations,B2B -> Sales
29736,S24,tag,2024-09-01,2024-10-01,B2B|SaaS,
29738,S24,tag,2024-09-01,2024-10-01,B2B,Productivity
29738,S24,industry,2024-09-01,2024-10-01,B2B,Consumer
29738,S24,subindustry,2024-09-01,2024-10-01,B2B,Consumer
29739,S24,subindustry,2024-09-01,2024-10-01,Healthcare -> Healthcare IT,B2B -> Operations
29740,S24,subindustry,2024-09-01,2024-10-01,B2B,B2B -> Productivity
29745,S24,tag,2024-09-01,2024-10-01,AI,Artificial Intelligence
29746,S24,tag,2024-09-01,2024-10-01,Artificial Intelligence,AI
29751,S24,tag,2024-09-01,2024-10-01,Artificial Intelligence|DevOps|Enterprise|Open Source,AIOps|B2B
29753,S24,subindustry,2024-09-01,2024-10-01,Industrials -> Manufacturing and Robotics,"B2B -> Engineering, Product and Design"
29754,S24,tag,2024-09-01,2024-10-01,AI,Artificial Intelligence
29755,S24,tag,2024-09-01,2024-10-01,,Artificial Intelligence|Compliance|Fintech|Supply Chain
29757,S24,tag,2024-09-01,2024-10-01,AI,Artificial Intelligence
29757,S24,subindustry,2024-09-01,2024-10-01,Healthcare,Unspecified
29758,S24,tag,2024-09-01,2024-10-01,Consumer Finance,Social
29764,S24,tag,2024-09-01,2024-10-01,AI,Artificial Intelligence
29767,S24,tag,2024-09-01,2024-10-01,AI,Artificial Intelligence
29767,S24,subindustry,2024-09-01,2024-10-01,B2B -> Infrastructure,Unspecified
29768,S24,tag,2024-09-01,2024-10-01,B2B,AI
29773,S24,subindustry,2024-09-01,2024-10-01,B2B -> Supply Chain and Logistics,B2B
29774,S24,tag,2024-09-01,2024-10-01,,Artificial Intelligence|Industrial|Mining
29776,S24,tag,2024-09-01,2024-10-01,Construction|Documents|Generative AI|GovTech|Proptech,
29777,S24,tag,2024-09-01,2024-10-01,Artificial Intelligence,AI
29778,S24,tag,2024-09-01,2024-10-01,B2B|Compliance|Generative AI,
29779,S24,tag,2024-09-01,2024-10-01,Artificial Intelligence,
29779,S24,subindustry,2024-09-01,2024-10-01,B2B,Unspecified
29781,S24,tag,2024-09-01,2024-10-01,Hard Tech|SaaS,API|Robotic Process Automation
29783,S24,tag,2024-09-01,2024-10-01,Security,
29784,S24,tag,2024-09-01,2024-10-01,Artificial Intelligence,AI
29784,S24,subindustry,2024-09-01,2024-10-01,Industrials -> Manufacturing and Robotics,Unspecified
29785,S24,tag,2024-09-01,2024-10-01,Artificial Intelligence,
29786,S24,tag,2024-09-01,2024-10-01,AI,Artificial Intelligence
29787,S24,tag,2024-09-01,2024-10-01,Artificial Intelligence,AI
29788,S24,tag,2024-09-01,2024-10-01,B2B|Enterprise Software,Security
29788,S24,subindustry,2024-09-01,2024-10-01,B2B -> Security,Education
29789,S24,tag,2024-09-01,2024-10-01,Emerging Markets,
29789,S24,subindustry,2024-09-01,2024-10-01,Fintech -> Asset Management,B2B -> Finance and Accounting
29791,S24,tag,2024-09-01,2024-10-01,AI|Supply Chain,Artificial Intelligence
29792,S24,tag,2024-09-01,2024-10-01,Artificial Intelligence,AI
29792,S24,subindustry,2024-09-01,2024-10-01,B2B -> Productivity,B2B -> Finance and Accounting
29793,S24,subindustry,2024-09-01,2024-10-01,B2B,B2B -> Sales
29794,S24,tag,2024-09-01,2024-10-01,Artificial Intelligence,AI
29794,S24,subindustry,2024-09-01,2024-10-01,Healthcare -> Healthcare IT,Healthcare
29796,S24,subindustry,2024-09-01,2024-10-01,Fintech -> Credit and Lending,Fintech -> Insurance
29797,S24,tag,2024-09-01,2024-10-01,AI|B2B|Productivity,
29799,S24,tag,2024-09-01,2024-10-01,B2B|Subscriptions,DevOps
29800,S24,tag,2024-09-01,2024-10-01,Artificial Intelligence,
29804,S24,tag,2024-09-01,2024-10-01,Artificial Intelligence,AI
29804,S24,subindustry,2024-09-01,2024-10-01,B2B -> Finance and Accounting,Unspecified
29809,S24,tag,2024-09-01,2024-10-01,API,
29810,S24,subindustry,2024-09-01,2024-10-01,"B2B -> Engineering, Product and Design",B2B
29815,S24,tag,2024-09-01,2024-10-01,AI,Artificial Intelligence
29818,S24,tag,2024-09-01,2024-10-01,AI,Artificial Intelligence
29821,S24,tag,2024-09-01,2024-10-01,Artificial Intelligence,AI
29822,S24,tag,2024-09-01,2024-10-01,AI|B2B,Logistics|Supply Chain
29822,S24,subindustry,2024-09-01,2024-10-01,B2B -> Operations,Unspecified
29823,S24,tag,2024-09-01,2024-10-01,Artificial Intelligence|B2B|Climate|Computer Vision|Lidar,
29824,S24,tag,2024-09-01,2024-10-01,Artificial Intelligence,AI
29825,S24,tag,2024-09-01,2024-10-01,Artificial Intelligence,AI
29826,S24,tag,2024-09-01,2024-10-01,AI-Enhanced Learning,
29826,S24,subindustry,2024-09-01,2024-10-01,Consumer,"B2B -> Engineering, Product and Design"
29828,S24,tag,2024-09-01,2024-10-01,Consumer,AI Assistant
29828,S24,subindustry,2024-09-01,2024-10-01,Consumer -> Content,Unspecified
29830,S24,tag,2024-09-01,2024-10-01,AI,Analytics|Artificial Intelligence|Monitoring
29830,S24,subindustry,2024-09-01,2024-10-01,"B2B -> Engineering, Product and Design",B2B -> Analytics
29833,S24,tag,2024-09-01,2024-10-01,Artificial Intelligence,AI
29833,S24,subindustry,2024-09-01,2024-10-01,"B2B -> Engineering, Product and Design",B2B
29834,S24,subindustry,2024-09-01,2024-10-01,Consumer,B2B -> Retail
29835,S24,tag,2024-09-01,2024-10-01,AI|SaaS,Artificial Intelligence
29836,S24,tag,2024-09-01,2024-10-01,AI,Artificial Intelligence
29841,S24,tag,2024-09-01,2024-10-01,AI,Artificial Intelligence
29847,S24,tag,2024-09-01,2024-10-01,Hard Tech,Robotic Process Automation
29848,S24,tag,2024-09-01,2024-10-01,Artificial Intelligence|Robotic Process Automation,AI|AIOps
29848,S24,subindustry,2024-09-01,2024-10-01,"B2B -> Engineering, Product and Design",B2B
29849,S24,tag,2024-09-01,2024-10-01,Artificial Intelligence|B2B|Procurement,AI|Legal
29850,S24,tag,2024-09-01,2024-10-01,Artificial Intelligence,AI
29857,S24,subindustry,2024-09-01,2024-10-01,Healthcare -> Healthcare IT,B2B -> Infrastructure
29858,S24,subindustry,2024-09-01,2024-10-01,Healthcare -> Healthcare Services,Healthcare
29950,S24,tag,2024-09-01,2024-10-01,AI|Artificial Intelligence,
29951,S24,subindustry,2024-09-01,2024-10-01,B2B,Unspecified
29956,S24,tag,2024-09-01,2024-10-01,Artificial Intelligence,AI
29956,S24,subindustry,2024-09-01,2024-10-01,Government,B2B -> Infrastructure
29957,S24,tag,2024-09-01,2024-10-01,AI|Machine Learning,API|Artificial Intelligence
29962,S24,tag,2024-09-01,2024-10-01,SaaS|Sales,Electronics|Fashion|Furniture|Search
29962,S24,subindustry,2024-09-01,2024-10-01,"B2B -> Engineering, Product and Design",Consumer
29963,S24,subindustry,2024-09-01,2024-10-01,B2B -> Productivity,Consumer
29965,S24,tag,2024-09-01,2024-10-01,Fintech,Productivity
29972,S24,subindustry,2024-09-01,2024-10-01,B2B -> Marketing,Fintech
29973,S24,tag,2024-09-01,2024-10-01,Regtech,
29977,S24,tag,2024-09-01,2024-10-01,B2B,Manufacturing
29977,S24,subindustry,2024-09-01,2024-10-01,B2B,Unspecified
29978,S24,tag,2024-09-01,2024-10-01,,Education|Healthcare
29980,S24,tag,2024-09-01,2024-10-01,AI Assistant,
29980,S24,subindustry,2024-09-01,2024-10-01,B2B -> Finance and Accounting,Unspecified
29981,S24,subindustry,2024-09-01,2024-10-01,Healthcare -> Healthcare IT,Healthcare
29983,S24,tag,2024-09-01,2024-10-01,,AI|Artificial Intelligence|B2B|Customer Success|Generative AI
29987,S24,tag,2024-09-01,2024-10-01,Artificial Intelligence,Billing
29992,S24,tag,2024-09-01,2024-10-01,Artificial Intelligence,
662,S14,tag,2024-10-01,2024-11-01,AI,Artificial Intelligence
762,W15,tag,2024-10-01,2024-11-01,Artificial Intelligence|Climate,AI|ClimateTech
797,W15,tag,2024-10-01,2024-11-01,,eLearning
797,W15,industry,2024-10-01,2024-11-01,Real Estate and Construction,B2B
818,W15,tag,2024-10-01,2024-11-01,E-commerce,E-Commerce
851,W15,tag,2024-10-01,2024-11-01,SaaS,
1018,W16,tag,2024-10-01,2024-11-01,CRM,
1530,W17,tag,2024-10-01,2024-11-01,AI,Artificial Intelligence
1656,S17,tag,2024-10-01,2024-11-01,Productivity|Social,
1729,W18,tag,2024-10-01,2024-11-01,Artificial Intelligence,AI
1826,W18,tag,2024-10-01,2024-11-01,Artificial Intelligence,AI
11960,W19,tag,2024-10-01,2024-11-01,,Analytics
12283,W19,tag,2024-10-01,2024-11-01,AI|B2B|Customer Service,Recruiting
12283,W19,industry,2024-10-01,2024-11-01,B2B,Consumer
12507,S19,tag,2024-10-01,2024-11-01,Artificial Intelligence,AI
12768,S19,tag,2024-10-01,2024-11-01,AR|Artificial Intelligence,
12831,W20,tag,2024-10-01,2024-11-01,,Fintech
13098,W20,tag,2024-10-01,2024-11-01,Artificial Intelligence|Enterprise Software,
13147,W20,tag,2024-10-01,2024-11-01,Artificial Intelligence,AI
13240,W20,tag,2024-10-01,2024-11-01,Retail Tech|SaaS,
13519,W20,tag,2024-10-01,2024-11-01,Artificial Intelligence,AI
21769,S20,tag,2024-10-01,2024-11-01,AI,Artificial Intelligence
21894,S20,tag,2024-10-01,2024-11-01,Artificial Intelligence,AI
22076,S20,tag,2024-10-01,2024-11-01,AI|Data Visualization,SaaS
22195,S20,tag,2024-10-01,2024-11-01,,Fintech
22195,S20,industry,2024-10-01,2024-11-01,Healthcare,Fintech
22277,S20,tag,2024-10-01,2024-11-01,Artificial Intelligence,
22831,W21,tag,2024-10-01,2024-11-01,Artificial Intelligence,AI
22835,W21,tag,2024-10-01,2024-11-01,Artificial Intelligence,AI
23041,W21,subindustry,2024-10-01,2024-11-01,B2B,"B2B -> Engineering, Product and Design"
23156,W21,tag,2024-10-01,2024-11-01,Legal|Sales,
23174,W21,tag,2024-10-01,2024-11-01,Compliance|Privacy,
23303,W21,tag,2024-10-01,2024-11-01,AI,Artificial Intelligence
24100,S21,tag,2024-10-01,2024-11-01,AI,Artificial Intelligence
24270,S21,tag,2024-10-01,2024-11-01,,Developer Tools
24291,S21,tag,2024-10-01,2024-11-01,AI|ML,Construction|Proptech
24304,S21,subindustry,2024-10-01,2024-11-01,B2B -> Infrastructure,B2B -> Finance and Accounting
24509,S21,tag,2024-10-01,2024-11-01,Artificial Intelligence|B2B|Procurement|Supply Chain,
24539,S21,tag,2024-10-01,2024-11-01,,No-code|SMB|SaaS
24551,S21,tag,2024-10-01,2024-11-01,AI,Artificial Intelligence
24605,S21,subindustry,2024-10-01,2024-11-01,"B2B -> Engineering, Product and Design",Consumer -> Content
24914,S21,tag,2024-10-01,2024-11-01,AI,Artificial Intelligence
25279,W22,tag,2024-10-01,2024-11-01,AI Assistant|Artificial Intelligence|Social Media|Social Network,Advertising|Creator Economy|Sales
25348,W22,tag,2024-10-01,2024-11-01,Artificial Intelligence,AI
25351,W22,tag,2024-10-01,2024-11-01,AI,Artificial Intelligence
25400,W22,tag,2024-10-01,2024-11-01,AI,Artificial Intelligence
25511,W22,tag,2024-10-01,2024-11-01,,AI|Video
25541,W22,tag,2024-10-01,2024-11-01,Artificial Intelligence,AI
25575,W22,tag,2024-10-01,2024-11-01,Artificial Intelligence,AI
25603,W22,tag,2024-10-01,2024-11-01,AI,Artificial Intelligence
25618,W22,tag,2024-10-01,2024-11-01,AI,Artificial Intelligence
25696,W22,tag,2024-10-01,2024-11-01,B2B|Compliance,Consumer|Insurance
25712,W22,tag,2024-10-01,2024-11-01,AI,Artificial Intelligence
25726,W22,tag,2024-10-01,2024-11-01,E-commerce,Fintech
25787,W22,tag,2024-10-01,2024-11-01,Consumer|Sports Tech,NFT
25819,W22,tag,2024-10-01,2024-11-01,,API|Climate|Electric Vehicles|Energy
25989,W22,tag,2024-10-01,2024-11-01,AI|Marketing|Sales,Analytics
26655,S22,tag,2024-10-01,2024-11-01,,API|Developer Tools
26690,S22,tag,2024-10-01,2024-11-01,AI|Conversational AI|Sales|Sales Enablement,AI Assistant|Artificial Intelligence|Customer Success
26704,S22,tag,2024-10-01,2024-11-01,AI,Artificial Intelligence
26730,S22,tag,2024-10-01,2024-11-01,Artificial Intelligence,Fintech
26803,S22,tag,2024-10-01,2024-11-01,Fintech|SaaS,
27042,S22,tag,2024-10-01,2024-11-01,Artificial Intelligence|Machine Learning|Search,Customer Support
27141,S22,tag,2024-10-01,2024-11-01,Artificial Intelligence|B2B,AI|Analytics
27152,S22,tag,2024-10-01,2024-11-01,AI,Artificial Intelligence
27162,S22,tag,2024-10-01,2024-11-01,Artificial Intelligence,AI
27165,S22,tag,2024-10-01,2024-11-01,Health Tech,
27172,S22,tag,2024-10-01,2024-11-01,AI,Artificial Intelligence
27491,W23,tag,2024-10-01,2024-11-01,Artificial Intelligence,AI
27687,W23,tag,2024-10-01,2024-11-01,Recruiting,Customer Success
27691,W23,tag,2024-10-01,2024-11-01,Artificial Intelligence,AI
27699,W23,tag,2024-10-01,2024-11-01,,B2B|Fintech|SaaS
27842,W23,tag,2024-10-01,2024-11-01,FinOps|Fintech,Artificial Intelligence|B2B|Compliance|Machine Learning
27873,W23,tag,2024-10-01,2024-11-01,AI|AI Assistant|Generative AI|Productivity|Sales,
27874,W23,tag,2024-10-01,2024-11-01,AI,Artificial Intelligence
27875,W23,tag,2024-10-01,2024-11-01,AI,Artificial Intelligence
27883,W23,tag,2024-10-01,2024-11-01,Artificial Intelligence,AI
27897,W23,tag,2024-10-01,2024-11-01,AI,Artificial Intelligence
27952,W23,tag,2024-10-01,2024-11-01,AI,Artificial Intelligence
28077,W23,tag,2024-10-01,2024-11-01,Analytics|Artificial Intelligence|E-commerce|Fraud Detection|Payments,
28077,W23,industry,2024-10-01,2024-11-01,Fintech,B2B
28096,W23,tag,2024-10-01,2024-11-01,Artificial Intelligence,
28371,W23,tag,2024-10-01,2024-11-01,Artificial Intelligence,AI
28372,W23,subindustry,2024-10-01,2024-11-01,Consumer -> Home and Personal,B2B -> Retail
28404,S23,tag,2024-10-01,2024-11-01,HR Tech|Payroll|SaaS,
28707,S23,tag,2024-10-01,2024-11-01,,Artificial Intelligence|B2B|Computer Vision|Media|Video
28841,S23,tag,2024-10-01,2024-11-01,AI,Artificial Intelligence
28843,S23,tag,2024-10-01,2024-11-01,,AI|Data Science|Developer Tools|Generative AI
28884,S23,tag,2024-10-01,2024-11-01,AI,Artificial Intelligence
28884,S23,industry,2024-10-01,2024-11-01,B2B,Industrials
28927,S23,tag,2024-10-01,2024-11-01,Cybersecurity|Enterprise,Semiconductors
28938,S23,tag,2024-10-01,2024-11-01,Artificial Intelligence,AI
29007,S23,tag,2024-10-01,2024-11-01,Consumer|Dating|Gaming,B2B|Hardware|Supply Chain
29007,S23,industry,2024-10-01,2024-11-01,Consumer,B2B
29010,S23,tag,2024-10-01,2024-11-01,Artificial Intelligence,AI
29045,S23,tag,2024-10-01,2024-11-01,,E-commerce|Marketplace|SaaS|Supply Chain
29073,S23,tag,2024-10-01,2024-11-01,,Automation|Cybersecurity|DevSecOps|Generative AI|Security
29082,S23,tag,2024-10-01,2024-11-01,Fintech,Automation|Enterprise Software
29093,S23,tag,2024-10-01,2024-11-01,Artificial Intelligence,AI
29093,S23,industry,2024-10-01,2024-11-01,Consumer,Fintech
29118,S23,tag,2024-10-01,2024-11-01,AI,Artificial Intelligence
29119,S23,tag,2024-10-01,2024-11-01,AI|Artificial Intelligence|B2B|Logistics|Marketing,
29120,S23,tag,2024-10-01,2024-11-01,AI,Artificial Intelligence
29136,S23,tag,2024-10-01,2024-11-01,AI|Automation|Enterprise|Productivity,
29246,W24,tag,2024-10-01,2024-11-01,Artificial Intelligence|Open Source,AI|Monitoring
29247,W24,tag,2024-10-01,2024-11-01,AI,Artificial Intelligence
29251,S24,tag,2024-10-01,2024-11-01,AI,Artificial Intelligence
29256,W24,tag,2024-10-01,2024-11-01,AI,Artificial Intelligence
29259,W24,tag,2024-10-01,2024-11-01,,Artificial Intelligence|Healthcare|Payments|Scheduling|Telecommunications
29272,W24,tag,2024-10-01,2024-11-01,,Artificial Intelligence|GovTech|Workflow Automation
29274,W24,tag,2024-10-01,2024-11-01,Artificial Intelligence,AI
29295,W24,tag,2024-10-01,2024-11-01,Artificial Intelligence,AI
29301,W24,tag,2024-10-01,2024-11-01,AI,Artificial Intelligence
29302,W24,tag,2024-10-01,2024-11-01,Consumer Health Services|Digital Health,AI Assistant|Analytics|Artificial Intelligence|Data Visualization|Healthcare IT
29306,W24,tag,2024-10-01,2024-11-01,AI|Digital Health|Health Tech|Telehealth,Artificial Intelligence|Automation|Productivity|SaaS
29306,W24,industry,2024-10-01,2024-11-01,Healthcare,B2B
29314,W24,tag,2024-10-01,2024-11-01,Artificial Intelligence|Insurance,AI|Investing
29319,W24,tag,2024-10-01,2024-11-01,AI|Finance|Generative AI|Investing|Sales,
29326,W24,tag,2024-10-01,2024-11-01,Artificial Intelligence|Automation|Documents|Finance,
29328,W24,tag,2024-10-01,2024-11-01,AI,Artificial Intelligence
29334,W24,tag,2024-10-01,2024-11-01,AI,Artificial Intelligence
29360,W24,tag,2024-10-01,2024-11-01,Artificial Intelligence,AI
29372,W24,tag,2024-10-01,2024-11-01,AI,Artificial Intelligence
29373,W24,tag,2024-10-01,2024-11-01,Developer Tools,
29377,W24,tag,2024-10-01,2024-11-01,AI,Artificial Intelligence
29379,W24,tag,2024-10-01,2024-11-01,AI,Artificial Intelligence
29396,W24,tag,2024-10-01,2024-11-01,AI,Artificial Intelligence
29398,W24,tag,2024-10-01,2024-11-01,AI,Artificial Intelligence
29425,W24,tag,2024-10-01,2024-11-01,AI,Artificial Intelligence
29438,W24,tag,2024-10-01,2024-11-01,Climate,
29447,W24,tag,2024-10-01,2024-11-01,AI,Artificial Intelligence
29478,W24,tag,2024-10-01,2024-11-01,Artificial Intelligence,AI
29482,W24,tag,2024-10-01,2024-11-01,,HR Tech|Health Insurance|Health Tech|Healthcare|SaaS
29513,W24,tag,2024-10-01,2024-11-01,AI|Analytics|Automation|Marketing|SaaS,
29515,W24,tag,2024-10-01,2024-11-01,AI,Artificial Intelligence
29519,W24,tag,2024-10-01,2024-11-01,Artificial Intelligence,AI
29522,W24,tag,2024-10-01,2024-11-01,Conversational AI,AI
29569,S24,tag,2024-10-01,2024-11-01,,DevOps
29575,S24,tag,2024-10-01,2024-11-01,AI,Artificial Intelligence
29575,S24,industry,2024-10-01,2024-11-01,B2B,Consumer
29575,S24,subindustry,2024-10-01,2024-11-01,B2B -> Productivity,Consumer
29579,S24,tag,2024-10-01,2024-11-01,AI,Artificial Intelligence
29589,S24,tag,2024-10-01,2024-11-01,,Computer Vision|Drones|Hard Tech
29637,S24,tag,2024-10-01,2024-11-01,,AI|B2B|Generative AI|Market Research|Sales
29642,S24,tag,2024-10-01,2024-11-01,,B2B|Developer Tools|Identity|Open Source|SaaS
29644,S24,tag,2024-10-01,2024-11-01,Artificial Intelligence,AI
29645,S24,tag,2024-10-01,2024-11-01,,Artificial Intelligence|B2B|Conversational AI|SaaS|Telecommunications
29646,S24,tag,2024-10-01,2024-11-01,Artificial Intelligence|Fintech|Insurance,
29653,S24,tag,2024-10-01,2024-11-01,Developer Tools,Creator Economy
29654,S24,tag,2024-10-01,2024-11-01,AI,Artificial Intelligence
29659,S24,tag,2024-10-01,2024-11-01,,B2B|Cybersecurity|Enterprise|SaaS
29663,S24,tag,2024-10-01,2024-11-01,AI,Artificial Intelligence
29675,S24,tag,2024-10-01,2024-11-01,,AI|B2B|Climate|Compliance|SaaS
29684,S24,tag,2024-10-01,2024-11-01,Artificial Intelligence,AI
29688,S24,tag,2024-10-01,2024-11-01,AI,Artificial Intelligence
29692,S24,tag,2024-10-01,2024-11-01,,AI|Consumer|Hard Tech|Machine Learning|Robotics
29695,S24,tag,2024-10-01,2024-11-01,AI,Artificial Intelligence
29713,S24,tag,2024-10-01,2024-11-01,,Climate|Deep Learning|Industrial|Robotics|Synthetic Biology
29719,S24,tag,2024-10-01,2024-11-01,AI,Artificial Intelligence
29731,S24,tag,2024-10-01,2024-11-01,,B2B|Legal|LegalTech
29737,S24,tag,2024-10-01,2024-11-01,,Developer Tools|Generative AI|Hardware|Manufacturing|Productivity
29745,S24,tag,2024-10-01,2024-11-01,Finance,Healthcare|Operations
29745,S24,industry,2024-10-01,2024-11-01,B2B,Healthcare
29746,S24,tag,2024-10-01,2024-11-01,AI,Artificial Intelligence
29767,S24,tag,2024-10-01,2024-11-01,Artificial Intelligence,AI
29781,S24,tag,2024-10-01,2024-11-01,Open Source,SaaS
29782,S24,tag,2024-10-01,2024-11-01,Artificial Intelligence,AI
29792,S24,tag,2024-10-01,2024-11-01,AI,Artificial Intelligence
29793,S24,tag,2024-10-01,2024-11-01,AI|Insurance,Artificial Intelligence|Customer Success
29818,S24,tag,2024-10-01,2024-11-01,,AI|B2B|Fintech|SaaS
29820,S24,tag,2024-10-01,2024-11-01,,Crypto / Web3|Fintech|SMB
29821,S24,tag,2024-10-01,2024-11-01,,Artificial Intelligence|Design Tools|Developer Tools
29841,S24,tag,2024-10-01,2024-11-01,,AI|Fintech|HR Tech|Health Tech|LegalTech
29848,S24,tag,2024-10-01,2024-11-01,,Data Engineering|Robotic Process Automation|Search
29849,S24,tag,2024-10-01,2024-11-01,AI,Artificial Intelligence
29854,S24,tag,2024-10-01,2024-11-01,AI,Artificial Intelligence
29956,S24,tag,2024-10-01,2024-11-01,AI,Artificial Intelligence
30023,F24,tag,2024-10-01,2024-11-01,Artificial Intelligence|Culture,AI|AI-Enhanced Learning
30108,F24,tag,2024-10-01,2024-11-01,AI,Artificial Intelligence
641,W14,tag,2024-11-01,2024-12-01,AI,Artificial Intelligence
1509,W17,tag,2024-11-01,2024-12-01,AI,Artificial Intelligence
12278,W19,tag,2024-11-01,2024-12-01,API|Banking as a Service|Payments,Marketplace
12536,S19,tag,2024-11-01,2024-12-01,Artificial Intelligence,AI
12632,S19,tag,2024-11-01,2024-12-01,AI,Artificial Intelligence
12862,S19,tag,2024-11-01,2024-12-01,AI|Data Visualization,Developer Tools
13185,W20,industry,2024-11-01,2024-12-01,Fintech,B2B
22076,S20,tag,2024-11-01,2024-12-01,Artificial Intelligence,AI
22278,S20,tag,2024-11-01,2024-12-01,Payments,Marketplace
22278,S20,industry,2024-11-01,2024-12-01,B2B,Consumer
22880,W21,tag,2024-11-01,2024-12-01,,AI|Generative AI|Video|Virtual Reality|eSports
22974,W21,tag,2024-11-01,2024-12-01,API|Cloud Computing|Logistics,E-commerce
23121,W21,tag,2024-11-01,2024-12-01,Housing,
23430,W21,tag,2024-11-01,2024-12-01,Artificial Intelligence,AI
23451,S21,tag,2024-11-01,2024-12-01,Artificial Intelligence,AI
23521,W21,tag,2024-11-01,2024-12-01,Artificial Intelligence,Hardware
23952,S21,tag,2024-11-01,2024-12-01,SaaS,Fintech
24180,S21,tag,2024-11-01,2024-12-01,Artificial Intelligence,AI
24181,S21,tag,2024-11-01,2024-12-01,GovTech,
24292,S21,tag,2024-11-01,2024-12-01,B2B,
24408,S21,tag,2024-11-01,2024-12-01,Consumer|Email|Social,B2B|Crypto / Web3|SaaS
24408,S21,industry,2024-11-01,2024-12-01,Consumer,B2B
24874,S21,tag,2024-11-01,2024-12-01,HR Tech|Lending|SaaS,Neobank
25275,W22,tag,2024-11-01,2024-12-01,Artificial Intelligence,AI
25329,W22,tag,2024-11-01,2024-12-01,AI|Sales,Artificial Intelligence|Fintech
25529,W22,tag,2024-11-01,2024-12-01,Artificial Intelligence,AI
25532,W22,tag,2024-11-01,2024-12-01,Artificial Intelligence,AI
25603,W22,subindustry,2024-11-01,2024-12-01,B2B -> Marketing,Consumer -> Gaming
25605,W22,tag,2024-11-01,2024-12-01,Marketing|Sales|Sales Enablement,Digital Freight Brokerage|Logistics|Supply Chain
25618,W22,tag,2024-11-01,2024-12-01,Artificial Intelligence,AI
25712,W22,subindustry,2024-11-01,2024-12-01,B2B -> Finance and Accounting,Fintech -> Consumer Finance
25966,W22,subindustry,2024-11-01,2024-12-01,"B2B -> Engineering, Product and Design",Consumer -> Content
25969,W22,tag,2024-11-01,2024-12-01,Artificial Intelligence,AI
26148,W22,tag,2024-11-01,2024-12-01,Collaboration|Documents|SaaS,Community|E-commerce|Marketplace
26148,W22,industry,2024-11-01,2024-12-01,B2B,Consumer
26709,S22,tag,2024-11-01,2024-12-01,Messaging,Developer Tools
26792,S22,tag,2024-11-01,2024-12-01,Artificial Intelligence|Enterprise Software|Workflow Automation,API|Robotic Process Automation
26793,S22,tag,2024-11-01,2024-12-01,Workflow Automation,No-code
27151,S22,tag,2024-11-01,2024-12-01,AI,HR Tech|Mental Health Tech
27152,S22,tag,2024-11-01,2024-12-01,Artificial Intelligence,AI
27492,W23,tag,2024-11-01,2024-12-01,Artificial Intelligence|Video,AI|B2B
27492,W23,industry,2024-11-01,2024-12-01,Consumer,B2B
27687,W23,tag,2024-11-01,2024-12-01,AI,Artificial Intelligence|Recruiting
27692,W23,tag,2024-11-01,2024-12-01,Artificial Intelligence,AI
27699,W23,tag,2024-11-01,2024-12-01,Artificial Intelligence|B2B|Fintech|SaaS,
27713,W23,tag,2024-11-01,2024-12-01,AI Assistant|Artificial Intelligence|DevOps|Developer Tools,
27822,W23,tag,2024-11-01,2024-12-01,,AI|Generative AI|GovTech
27867,W23,tag,2024-11-01,2024-12-01,Legal|LegalTech,Developer Tools|Infrastructure
27869,W23,tag,2024-11-01,2024-12-01,Artificial Intelligence,AI
27874,W23,tag,2024-11-01,2024-12-01,Artificial Intelligence,AI
27881,W23,tag,2024-11-01,2024-12-01,Customer Service,Developer Tools
27883,W23,tag,2024-11-01,2024-12-01,AI,Artificial Intelligence|Media
27883,W23,industry,2024-11-01,2024-12-01,Consumer,B2B
27897,W23,tag,2024-11-01,2024-12-01,Artificial Intelligence,AI
27935,W23,tag,2024-11-01,2024-12-01,AI,Artificial Intelligence
27952,W23,tag,2024-11-01,2024-12-01,Artificial Intelligence|Automation|Compliance|Fraud Detection,AI|Data Engineering|Web Development
27952,W23,industry,2024-11-01,2024-12-01,Fintech,B2B
28069,W23,tag,2024-11-01,2024-12-01,Artificial Intelligence,AI
28081,W23,tag,2024-11-01,2024-12-01,AIOps|Artificial Intelligence,AI|Analytics
28127,W23,tag,2024-11-01,2024-12-01,AI,Artificial Intelligence
28663,S23,tag,2024-11-01,2024-12-01,AI|AI Assistant|Artificial Intelligence|Conversational AI|Generative AI,
28744,S23,tag,2024-11-01,2024-12-01,AI,Artificial Intelligence
28841,S23,tag,2024-11-01,2024-12-01,Manufacturing,B2B|SaaS
28851,S23,tag,2024-11-01,2024-12-01,Semiconductors,Manufacturing|Operations
28884,S23,tag,2024-11-01,2024-12-01,Artificial Intelligence|Consumer|Search,AI|Logistics|Manufacturing|Operations|Supply Chain
28884,S23,industry,2024-11-01,2024-12-01,Consumer,B2B
28891,S23,tag,2024-11-01,2024-12-01,Artificial Intelligence|Biotech|Computer Vision|Diagnostics|Healthcare,
29005,S23,tag,2024-11-01,2024-12-01,AI,Artificial Intelligence
29010,S23,tag,2024-11-01,2024-12-01,AI,Artificial Intelligence
29019,S23,tag,2024-11-01,2024-12-01,Chat|Messaging,Analytics|Artificial Intelligence|Chatbot
29080,S23,tag,2024-11-01,2024-12-01,E-commerce|Marketing|SMS|SaaS,Analytics|Fintech|Real Estate|SMB
29080,S23,industry,2024-11-01,2024-12-01,B2B,Consumer
29082,S23,tag,2024-11-01,2024-12-01,Artificial Intelligence,AI
29091,S23,tag,2024-11-01,2024-12-01,AI|Search,Artificial Intelligence|Education
29113,S23,tag,2024-11-01,2024-12-01,AI|Health Tech|SaaS,
29115,S23,tag,2024-11-01,2024-12-01,Artificial Intelligence|No-code|Web Development,Developer Tools|Open Source
29137,S23,tag,2024-11-01,2024-12-01,AI,Artificial Intelligence
29156,S23,tag,2024-11-01,2024-12-01,AI,Artificial Intelligence
29157,S23,tag,2024-11-01,2024-12-01,Artificial Intelligence,AI
29178,W24,tag,2024-11-01,2024-12-01,Artificial Intelligence,AI
29184,W24,tag,2024-11-01,2024-12-01,,API|Artificial Intelligence|Automation|Infrastructure|SaaS
29205,W24,tag,2024-11-01,2024-12-01,AI|Artificial Intelligence|Consumer|Gaming|Generative AI,
29253,W24,tag,2024-11-01,2024-12-01,AI|Machine Learning,
29263,W24,tag,2024-11-01,2024-12-01,Artificial Intelligence,AI
29271,W24,tag,2024-11-01,2024-12-01,,Apparel|B2B|Marketplace
29283,W24,tag,2024-11-01,2024-12-01,Customer Success|Customer Support,Artificial Intelligence|Developer Tools
29294,W24,tag,2024-11-01,2024-12-01,,AI|B2B|CRM|Machine Learning|Sales
29295,W24,tag,2024-11-01,2024-12-01,AI,Artificial Intelligence
29307,W24,tag,2024-11-01,2024-12-01,AI,Artificial Intelligence
29323,W24,tag,2024-11-01,2024-12-01,,B2B|Design Tools|E-commerce|Email|Marketing
29324,W24,tag,2024-11-01,2024-12-01,Artificial Intelligence,AI
29330,W24,tag,2024-11-01,2024-12-01,AI,
29334,W24,tag,2024-11-01,2024-12-01,Analytics|Enterprise Software,Monitoring|SaaS
29342,W24,tag,2024-11-01,2024-12-01,AI,Artificial Intelligence
29356,W24,tag,2024-11-01,2024-12-01,Artificial Intelligence|Sales,Analytics|Generative AI
29360,W24,tag,2024-11-01,2024-12-01,AI,Artificial Intelligence
29363,W24,tag,2024-11-01,2024-12-01,Artificial Intelligence,AI
29368,W24,tag,2024-11-01,2024-12-01,,AI|B2B|Developer Tools|Productivity|SaaS
29372,W24,tag,2024-11-01,2024-12-01,Open Source,
29373,W24,tag,2024-11-01,2024-12-01,,Developer Tools
29381,W24,tag,2024-11-01,2024-12-01,Hard Tech,Space Exploration
29383,W24,tag,2024-11-01,2024-12-01,Data Visualization|Feedback,E-commerce|Marketing
29402,W24,tag,2024-11-01,2024-12-01,,Artificial Intelligence|Generative AI|Hard Tech|Retail Tech|Robotics
29409,W24,tag,2024-11-01,2024-12-01,AI,Artificial Intelligence
29410,W24,tag,2024-11-01,2024-12-01,Artificial Intelligence,AI
29419,W24,tag,2024-11-01,2024-12-01,AI,Artificial Intelligence
29439,W24,tag,2024-11-01,2024-12-01,AI|Data Science|Data Visualization,AI Assistant|API|Artificial Intelligence
29440,W24,industry,2024-11-01,2024-12-01,Consumer,Fintech
29442,W24,tag,2024-11-01,2024-12-01,Computer Vision|Data Engineering|Developer Tools|Machine Learning,B2B|Generative AI|Open Source|Productivity
29523,W24,tag,2024-11-01,2024-12-01,AI,Artificial Intelligence
29533,W24,tag,2024-11-01,2024-12-01,Logistics|Supply Chain,
29533,W24,subindustry,2024-11-01,2024-12-01,B2B -> Supply Chain and Logistics,B2B
29568,S24,tag,2024-11-01,2024-12-01,,Consumer Finance|Fintech|Payments
29575,S24,tag,2024-11-01,2024-12-01,Artificial Intelligence,AI
29623,S24,tag,2024-11-01,2024-12-01,Artificial Intelligence,AI
29640,S24,tag,2024-11-01,2024-12-01,,AI|Artificial Intelligence|B2B|Fintech|SaaS
29655,S24,tag,2024-11-01,2024-12-01,AI,Artificial Intelligence
29657,S24,tag,2024-11-01,2024-12-01,,AI|Automation|Logistics|Robotics|Transportation
29661,S24,tag,2024-11-01,2024-12-01,AI,Artificial Intelligence
29678,S24,tag,2024-11-01,2024-12-01,Fintech|Investing|Neobank,Artificial Intelligence|Healthcare|Scheduling
29694,S24,tag,2024-11-01,2024-12-01,Synthetic Biology,AI-powered Drug Discovery
29697,S24,tag,2024-11-01,2024-12-01,B2B|Marketing|SaaS,AI Assistant|Consumer|Productivity
29697,S24,industry,2024-11-01,2024-12-01,B2B,Consumer
29697,S24,subindustry,2024-11-01,2024-12-01,B2B -> Marketing,Consumer
29703,S24,tag,2024-11-01,2024-12-01,AI,Artificial Intelligence
29715,S24,tag,2024-11-01,2024-12-01,,AI Assistant|Artificial Intelligence|Real Estate|SaaS
29719,S24,tag,2024-11-01,2024-12-01,Artificial Intelligence,AI
29741,S24,tag,2024-11-01,2024-12-01,Artificial Intelligence|FinOps,AI|Fintech
29746,S24,tag,2024-11-01,2024-12-01,,AI|B2B|SaaS
29756,S24,tag,2024-11-01,2024-12-01,,Collaboration|Education|Enterprise Software|Productivity|SaaS
29758,S24,tag,2024-11-01,2024-12-01,,Consumer|Consumer Finance|Sports Tech
29759,S24,tag,2024-11-01,2024-12-01,,AI|Artificial Intelligence|Data Engineering|Generative AI
29761,S24,tag,2024-11-01,2024-12-01,Artificial Intelligence,AI
29767,S24,tag,2024-11-01,2024-12-01,Data Science,B2B
29788,S24,tag,2024-11-01,2024-12-01,AI,Artificial Intelligence
29793,S24,tag,2024-11-01,2024-12-01,Artificial Intelligence,AI
29800,S24,tag,2024-11-01,2024-12-01,AI,Artificial Intelligence
29803,S24,tag,2024-11-01,2024-12-01,,Climate|Energy Storage|Enterprise Software|Hard Tech|Open Source
29822,S24,tag,2024-11-01,2024-12-01,Artificial Intelligence,
29848,S24,tag,2024-11-01,2024-12-01,AI,Artificial Intelligence
29849,S24,tag,2024-11-01,2024-12-01,Artificial Intelligence,AI
29978,S24,tag,2024-11-01,2024-12-01,AI|AI-Enhanced Learning|Edtech|Education|Healthcare,
29982,S24,tag,2024-11-01,2024-12-01,Education|Recruiting,Industrial|Supply Chain
29987,S24,tag,2024-11-01,2024-12-01,,Artificial Intelligence|Healthcare|Healthcare IT
30016,F24,tag,2024-11-01,2024-12-01,AI|Customer Support,Customer Success
30018,F24,tag,2024-11-01,2024-12-01,B2B|Enterprise|SaaS,Developer Tools
30022,F24,tag,2024-11-01,2024-12-01,Artificial Intelligence|HR Tech,Generative AI|Recruiting|Talent Acquisition
30023,F24,tag,2024-11-01,2024-12-01,AI,Artificial Intelligence
30036,F24,tag,2024-11-01,2024-12-01,FinOps|Fraud Detection|Fraud Prevention,Compliance|Operations
30039,F24,tag,2024-11-01,2024-12-01,Artificial Intelligence|B2B|Enterprise|Productivity,AI Assistant|Data Science|Market Research|Sales Enablement
30040,F24,tag,2024-11-01,2024-12-01,Design|Design Tools,AIOps
30041,F24,tag,2024-11-01,2024-12-01,Artificial Intelligence,AI
30043,F24,tag,2024-11-01,2024-12-01,DevOps,
30043,F24,subindustry,2024-11-01,2024-12-01,"B2B -> Engineering, Product and Design",Unspecified
30045,F24,tag,2024-11-01,2024-12-01,AI|Developer Tools|Infrastructure,Computational Storage
30046,F24,tag,2024-11-01,2024-12-01,AI|AI Assistant|Conversational AI,Artificial Intelligence|Developer Tools
30046,F24,subindustry,2024-11-01,2024-12-01,"B2B -> Engineering, Product and Design",B2B -> Legal
30048,F24,tag,2024-11-01,2024-12-01,Artificial Intelligence|Machine Learning|Supply Chain,AIOps|Developer Tools
30050,F24,tag,2024-11-01,2024-12-01,Artificial Intelligence|SaaS,AI
30051,F24,tag,2024-11-01,2024-12-01,AI,Artificial Intelligence
30052,F24,tag,2024-11-01,2024-12-01,AI|Consumer|Education,
30059,F24,tag,2024-11-01,2024-12-01,Artificial Intelligence,AI
30060,F24,tag,2024-11-01,2024-12-01,Artificial Intelligence|Open Source,AI
30063,F24,tag,2024-11-01,2024-12-01,AI Assistant|Artificial Intelligence,
30064,F24,tag,2024-11-01,2024-12-01,Artificial Intelligence,AI
30079,F24,industry,2024-11-01,2024-12-01,B2B,Consumer
30080,F24,tag,2024-11-01,2024-12-01,Automation,No-code
30091,F24,tag,2024-11-01,2024-12-01,LegalTech,
30096,F24,tag,2024-11-01,2024-12-01,AI|API|Developer Tools|Infrastructure,AI Assistant|B2B|Generative AI|SaaS|Sales
30100,F24,tag,2024-11-01,2024-12-01,,AI Assistant|Artificial Intelligence|Developer Tools
30103,F24,tag,2024-11-01,2024-12-01,AI|Machine Learning|Retail Tech,
30108,F24,tag,2024-11-01,2024-12-01,Artificial Intelligence,AI
30110,F24,tag,2024-11-01,2024-12-01,AI,Artificial Intelligence
30117,F24,tag,2024-11-01,2024-12-01,Artificial Intelligence|B2B|DevOps|Developer Tools|SaaS,
30118,F24,tag,2024-11-01,2024-12-01,AI,Artificial Intelligence
30126,F24,tag,2024-11-01,2024-12-01,Hardware|SaaS,
780,W15,tag,2024-12-01,2025-01-01,AI,Artificial Intelligence
797,W15,subindustry,2024-12-01,2025-01-01,Real Estate and Construction -> Construction,B2B -> Infrastructure
802,W15,tag,2024-12-01,2025-01-01,Delivery,
889,S15,subindustry,2024-12-01,2025-01-01,B2B -> Operations,Consumer -> Food and Beverage
1498,W17,subindustry,2024-12-01,2025-01-01,B2B,B2B -> Finance and Accounting
1596,S17,tag,2024-12-01,2025-01-01,Carbon Capture and Removal|Climate,
1596,S17,industry,2024-12-01,2025-01-01,Industrials,B2B
1752,W18,subindustry,2024-12-01,2025-01-01,B2B -> Finance and Accounting,Consumer -> Apparel and Cosmetics
1965,S18,subindustry,2024-12-01,2025-01-01,Healthcare -> Healthcare Services,Healthcare -> Medical Devices
2017,S18,subindustry,2024-12-01,2025-01-01,B2B,B2B -> Human Resources
2033,S18,subindustry,2024-12-01,2025-01-01,Fintech -> Payments,B2B -> Human Resources
11960,W19,subindustry,2024-12-01,2025-01-01,B2B -> Operations,B2B -> Retail
12036,W19,subindustry,2024-12-01,2025-01-01,Healthcare -> Healthcare IT,Healthcare -> Diagnostics
12043,W19,tag,2024-12-01,2025-01-01,,AI|Fintech|SaaS
12043,W19,industry,2024-12-01,2025-01-01,Real Estate and Construction,B2B
12070,W19,tag,2024-12-01,2025-01-01,Security,SaaS
12283,W19,subindustry,2024-12-01,2025-01-01,B2B,Consumer -> Job and Career Services
12545,S19,tag,2024-12-01,2025-01-01,B2B,
12622,S19,tag,2024-12-01,2025-01-01,Artificial Intelligence|Hardware,Food & Beverage
12660,S19,subindustry,2024-12-01,2025-01-01,Consumer,"B2B -> Engineering, Product and Design"
13104,W20,tag,2024-12-01,2025-01-01,,SEO
13224,W20,tag,2024-12-01,2025-01-01,AI,Artificial Intelligence
13231,W20,tag,2024-12-01,2025-01-01,Artificial Intelligence|B2B|Compliance,Databases
13522,W20,subindustry,2024-12-01,2025-01-01,Industrials,Industrials -> Climate
21766,S20,tag,2024-12-01,2025-01-01,SaaS,
21882,S20,tag,2024-12-01,2025-01-01,AI|Enterprise Software|Healthcare IT|Workflow Automation,Fintech|Health Tech
22218,S20,tag,2024-12-01,2025-01-01,Artificial Intelligence,AI
22278,S20,subindustry,2024-12-01,2025-01-01,B2B -> Sales,Consumer -> Content
22322,S20,industry,2024-12-01,2025-01-01,Fintech,Real Estate and Construction
22470,W21,tag,2024-12-01,2025-01-01,AI|Edtech|HR Tech,Education
22668,W21,tag,2024-12-01,2025-01-01,Consumer Finance|Cryptocurrency|Finance|Trading,
22674,W21,tag,2024-12-01,2025-01-01,AI|Generative AI,Fintech|Transportation
22713,W21,subindustry,2024-12-01,2025-01-01,Government,B2B -> Infrastructure
22779,W21,subindustry,2024-12-01,2025-01-01,Healthcare -> Healthcare IT,Healthcare -> Consumer Health and Wellness
22880,W21,tag,2024-12-01,2025-01-01,Artificial Intelligence|Gaming|Media|Virtual Reality|eSports,
23120,S21,tag,2024-12-01,2025-01-01,,Consumer
23242,W21,tag,2024-12-01,2025-01-01,Climate|Home Services|Proptech|Real Estate,
23862,S21,tag,2024-12-01,2025-01-01,,B2B|Fintech|SaaS
23946,S21,subindustry,2024-12-01,2025-01-01,Healthcare -> Consumer Health and Wellness,Healthcare
23973,S21,tag,2024-12-01,2025-01-01,Artificial Intelligence,AI
24064,S21,tag,2024-12-01,2025-01-01,AI,Artificial Intelligence
24302,S21,tag,2024-12-01,2025-01-01,AI,Artificial Intelligence
24497,S21,tag,2024-12-01,2025-01-01,Artificial Intelligence|Consumer|Consumer Products|No-code,AI|Housing|IoT|Proptech
24497,S21,industry,2024-12-01,2025-01-01,Consumer,Real Estate and Construction
24893,S21,tag,2024-12-01,2025-01-01,AI,Artificial Intelligence
25075,W22,tag,2024-12-01,2025-01-01,Artificial Intelligence,
25273,W22,tag,2024-12-01,2025-01-01,,API
25338,W22,tag,2024-12-01,2025-01-01,AI|Artificial Intelligence|Conversational AI|Infrastructure,Fintech|Neobank|Payments
25338,W22,industry,2024-12-01,2025-01-01,B2B,Fintech
25342,W22,tag,2024-12-01,2025-01-01,Artificial Intelligence,AI
25572,W22,subindustry,2024-12-01,2025-01-01,B2B -> Infrastructure,B2B -> Retail
25575,W22,tag,2024-12-01,2025-01-01,AI,Artificial Intelligence
25618,W22,tag,2024-12-01,2025-01-01,AI,Artificial Intelligence
25753,W22,tag,2024-12-01,2025-01-01,AI,Artificial Intelligence
25789,W22,subindustry,2024-12-01,2025-01-01,Healthcare -> Consumer Health and Wellness,Fintech -> Credit and Lending
25825,W22,tag,2024-12-01,2025-01-01,Enterprise|Enterprise Software,Marketplace|Recruiting
25995,W22,tag,2024-12-01,2025-01-01,Artificial Intelligence,AI
26015,W22,tag,2024-12-01,2025-01-01,B2B|Nonprofit|Productivity,Biotech|Fertility Tech|Genomics
26015,W22,industry,2024-12-01,2025-01-01,B2B,Healthcare
26505,S22,tag,2024-12-01,2025-01-01,Artificial Intelligence,AI
26704,S22,tag,2024-12-01,2025-01-01,Artificial Intelligence,AI|Proptech
26825,S22,tag,2024-12-01,2025-01-01,Real Estate,Generative AI|NLP
26890,S22,tag,2024-12-01,2025-01-01,AI|SaaS|Workflow Automation,Fintech|Payments
26890,S22,industry,2024-12-01,2025-01-01,Consumer,B2B
26897,S22,tag,2024-12-01,2025-01-01,Artificial Intelligence|B2B,AI|Consumer|Social
27143,S22,tag,2024-12-01,2025-01-01,API|Messaging,Consumer|Dating
27143,S22,industry,2024-12-01,2025-01-01,B2B,Consumer
27162,S22,tag,2024-12-01,2025-01-01,AI,Artificial Intelligence
27687,W23,tag,2024-12-01,2025-01-01,Artificial Intelligence,AI
27694,W23,subindustry,2024-12-01,2025-01-01,Fintech -> Credit and Lending,B2B -> Sales
27697,W23,tag,2024-12-01,2025-01-01,AI,Artificial Intelligence
27870,W23,tag,2024-12-01,2025-01-01,Artificial Intelligence,AI
27950,W23,tag,2024-12-01,2025-01-01,AI,Artificial Intelligence
28096,W23,tag,2024-12-01,2025-01-01,AI,Artificial Intelligence
28329,W23,tag,2024-12-01,2025-01-01,Artificial Intelligence|SaaS,
28792,S23,tag,2024-12-01,2025-01-01,AI,Artificial Intelligence|Consumer|Social Media
28792,S23,industry,2024-12-01,2025-01-01,B2B,Consumer
28807,S23,tag,2024-12-01,2025-01-01,AI,Artificial Intelligence
28811,S23,tag,2024-12-01,2025-01-01,Artificial Intelligence,AI
28816,S23,tag,2024-12-01,2025-01-01,Call Center,Developer Tools
28839,S23,tag,2024-12-01,2025-01-01,Artificial Intelligence,AI
28862,S23,tag,2024-12-01,2025-01-01,Artificial Intelligence,AI
28893,S23,tag,2024-12-01,2025-01-01,AI,Artificial Intelligence
28932,S23,tag,2024-12-01,2025-01-01,Artificial Intelligence,AI
28938,S23,tag,2024-12-01,2025-01-01,AI,Artificial Intelligence
28971,S23,tag,2024-12-01,2025-01-01,,Artificial Intelligence|Compliance|Generative AI
28976,S23,tag,2024-12-01,2025-01-01,,AI|B2B|HR Tech|Payroll|Recruiting
28983,S23,tag,2024-12-01,2025-01-01,Marketing,Data Engineering
28992,S23,tag,2024-12-01,2025-01-01,Artificial Intelligence,AI|SEO
29045,S23,tag,2024-12-01,2025-01-01,Artificial Intelligence|E-commerce|Logistics|Manufacturing|Supply Chain,
29088,S23,tag,2024-12-01,2025-01-01,Artificial Intelligence,AI
29134,S23,tag,2024-12-01,2025-01-01,Artificial Intelligence,AI
29162,S23,tag,2024-12-01,2025-01-01,Fintech|Health & Wellness|Marketplace,
29244,W24,tag,2024-12-01,2025-01-01,,Artificial Intelligence|Healthcare|Mental Health
29254,W24,tag,2024-12-01,2025-01-01,Artificial Intelligence,AI
29256,W24,tag,2024-12-01,2025-01-01,Artificial Intelligence,AI
29314,W24,tag,2024-12-01,2025-01-01,AI,Artificial Intelligence
29328,W24,tag,2024-12-01,2025-01-01,Artificial Intelligence,AI
29334,W24,tag,2024-12-01,2025-01-01,Artificial Intelligence,AI
29339,W24,tag,2024-12-01,2025-01-01,Artificial Intelligence,AI
29340,W24,tag,2024-12-01,2025-01-01,AI-powered Drug Discovery|Artificial Intelligence|B2B|Biotech|SaaS,
29353,W24,tag,2024-12-01,2025-01-01,Artificial Intelligence|Subscriptions,AI|Customer Success
29374,W24,tag,2024-12-01,2025-01-01,,Compliance|Regtech
29380,W24,tag,2024-12-01,2025-01-01,,AI|B2B|Proptech|Real Estate|SaaS
29383,W24,tag,2024-12-01,2025-01-01,Productivity,B2B
29389,W24,tag,2024-12-01,2025-01-01,Artificial Intelligence|B2B|Compliance|Cybersecurity|SaaS,
29399,W24,tag,2024-12-01,2025-01-01,,AI|B2B|Data Engineering|Data Science|Fintech
29402,W24,tag,2024-12-01,2025-01-01,Artificial Intelligence|Hard Tech|Logistics|Robotics,
29402,W24,industry,2024-12-01,2025-01-01,Industrials,B2B
29443,W24,tag,2024-12-01,2025-01-01,AI,Artificial Intelligence
29510,W24,tag,2024-12-01,2025-01-01,Artificial Intelligence,AI
29513,W24,tag,2024-12-01,2025-01-01,Artificial Intelligence,AI
29515,W24,tag,2024-12-01,2025-01-01,Artificial Intelligence,AI
29517,W24,tag,2024-12-01,2025-01-01,Artificial Intelligence,AI
29524,S24,tag,2024-12-01,2025-01-01,,Artificial Intelligence|B2B|Developer Tools|Infrastructure
29582,S24,tag,2024-12-01,2025-01-01,Artificial Intelligence,AI
29596,S24,tag,2024-12-01,2025-01-01,Artificial Intelligence,AI
29605,S24,tag,2024-12-01,2025-01-01,AI,Artificial Intelligence
29654,S24,tag,2024-12-01,2025-01-01,Artificial Intelligence|Robotic Process Automation,AI|DevOps
29665,S24,tag,2024-12-01,2025-01-01,AI-Enhanced Learning|Machine Learning,ML|Media
29665,S24,industry,2024-12-01,2025-01-01,Consumer,B2B
29721,S24,tag,2024-12-01,2025-01-01,Artificial Intelligence|Logistics|Warehouse Management Tech,AI|Developer Tools|Open Source
29725,S24,tag,2024-12-01,2025-01-01,,B2B|E-commerce|Machine Learning|Retail|SaaS
29772,S24,tag,2024-12-01,2025-01-01,Artificial Intelligence,AI
29777,S24,tag,2024-12-01,2025-01-01,AI,Artificial Intelligence
29787,S24,tag,2024-12-01,2025-01-01,,Artificial Intelligence|Conversational AI|Restaurant Tech|SaaS
29796,S24,tag,2024-12-01,2025-01-01,,Compliance
29808,S24,tag,2024-12-01,2025-01-01,Climate,Artificial Intelligence
29810,S24,tag,2024-12-01,2025-01-01,Web Development,API|Automation|Developer Tools
29810,S24,industry,2024-12-01,2025-01-01,Consumer,B2B
29815,S24,tag,2024-12-01,2025-01-01,Artificial Intelligence,AI
29825,S24,tag,2024-12-01,2025-01-01,AI,Artificial Intelligence
29830,S24,tag,2024-12-01,2025-01-01,Marketing,
29849,S24,tag,2024-12-01,2025-01-01,AI,Artificial Intelligence
29956,S24,tag,2024-12-01,2025-01-01,GovTech,Civic Tech|Infrastructure
30014,F24,tag,2024-12-01,2025-01-01,Artificial Intelligence,AI
30016,F24,tag,2024-12-01,2025-01-01,Artificial Intelligence,AI
30027,F24,tag,2024-12-01,2025-01-01,Healthcare|Healthcare IT,
30029,F24,tag,2024-12-01,2025-01-01,AI,Artificial Intelligence
30032,F24,tag,2024-12-01,2025-01-01,Artificial Intelligence,AI
30039,F24,tag,2024-12-01,2025-01-01,AI|Biotech,Artificial Intelligence|Productivity
30042,F24,tag,2024-12-01,2025-01-01,Artificial Intelligence,AI
30044,F24,tag,2024-12-01,2025-01-01,AI Assistant,Customer Service|Generative AI
30046,F24,tag,2024-12-01,2025-01-01,,AI|AI Assistant|B2B|Conversational AI|Infrastructure
30053,F24,tag,2024-12-01,2025-01-01,,AI-Enhanced Learning|Edtech
30055,F24,tag,2024-12-01,2025-01-01,,Climate
30059,F24,tag,2024-12-01,2025-01-01,AI,Artificial Intelligence
30060,F24,tag,2024-12-01,2025-01-01,AI,Artificial Intelligence
30063,F24,tag,2024-12-01,2025-01-01,AI,Artificial Intelligence
30064,F24,tag,2024-12-01,2025-01-01,AI,Artificial Intelligence
30066,F24,tag,2024-12-01,2025-01-01,Artificial Intelligence,AI
30067,F24,tag,2024-12-01,2025-01-01,AI,Artificial Intelligence
30074,F24,tag,2024-12-01,2025-01-01,Artificial Intelligence,AI
30076,F24,tag,2024-12-01,2025-01-01,,B2B|Enterprise Software|Marketing|Sales Enablement|Talent Acquisition
30086,F24,tag,2024-12-01,2025-01-01,,Compliance|Fintech
30090,F24,tag,2024-12-01,2025-01-01,,AI|B2B|SaaS|Sales|Sales Enablement
30091,F24,tag,2024-12-01,2025-01-01,,Artificial Intelligence|Finance|Fintech|Generative AI|LegalTech
30095,F24,tag,2024-12-01,2025-01-01,Artificial Intelligence|Hard Tech,
30097,F24,industry,2024-12-01,2025-01-01,Consumer,Industrials
30099,F24,tag,2024-12-01,2025-01-01,Artificial Intelligence,AI
30103,F24,tag,2024-12-01,2025-01-01,Artificial Intelligence,AI
30110,F24,tag,2024-12-01,2025-01-01,Artificial Intelligence,AI
30111,F24,tag,2024-12-01,2025-01-01,AI,Artificial Intelligence
30117,F24,tag,2024-12-01,2025-01-01,AI,Artificial Intelligence
30118,F24,tag,2024-12-01,2025-01-01,,AI|B2B|Digital Health|Healthcare|SaaS
30124,F24,tag,2024-12-01,2025-01-01,AI,Artificial Intelligence
30129,F24,tag,2024-12-01,2025-01-01,,Developer Tools|Generative AI
30131,F24,tag,2024-12-01,2025-01-01,AI,Artificial Intelligence
30208,W25,subindustry,2024-12-01,2025-01-01,B2B,Unspecified
473,W13,tag,2025-01-01,2025-02-01,Data Engineering|Data Visualization,
574,W14,tag,2025-01-01,2025-02-01,,Insurance|LegalTech|Travel
740,W15,tag,2025-01-01,2025-02-01,Artificial Intelligence,AI
1461,W17,tag,2025-01-01,2025-02-01,AI,Artificial Intelligence
1702,S17,tag,2025-01-01,2025-02-01,Artificial Intelligence,AI
1832,W18,tag,2025-01-01,2025-02-01,AI,Artificial Intelligence
1988,S18,tag,2025-01-01,2025-02-01,Consumer Finance,
11960,W19,tag,2025-01-01,2025-02-01,Operations,
12062,W19,tag,2025-01-01,2025-02-01,Artificial Intelligence|Dating|Social Network,
12247,W19,tag,2025-01-01,2025-02-01,CRM|Creator Economy|Marketing,Marketplace
12536,S19,tag,2025-01-01,2025-02-01,AI,Artificial Intelligence
12837,S19,tag,2025-01-01,2025-02-01,GovTech,
13141,W20,tag,2025-01-01,2025-02-01,AI,Artificial Intelligence
13150,S20,tag,2025-01-01,2025-02-01,AI|Data Science|Data Visualization,Developer Tools|No-code
13309,W20,tag,2025-01-01,2025-02-01,AI,Artificial Intelligence
13519,W20,tag,2025-01-01,2025-02-01,AI,Artificial Intelligence
13579,W20,tag,2025-01-01,2025-02-01,AI Assistant|Consumer,Robotic Process Automation
21862,S20,tag,2025-01-01,2025-02-01,B2B,
21909,S20,subindustry,2025-01-01,2025-02-01,B2B -> Operations,Healthcare -> Healthcare IT
22217,S20,subindustry,2025-01-01,2025-02-01,Industrials -> Manufacturing and Robotics,Industrials -> Climate
22218,S20,subindustry,2025-01-01,2025-02-01,B2B -> Retail,B2B -> Marketing
22277,S20,tag,2025-01-01,2025-02-01,AI,Artificial Intelligence
22305,S20,subindustry,2025-01-01,2025-02-01,Healthcare -> Industrial Bio,Industrials -> Agriculture
22694,S21,tag,2025-01-01,2025-02-01,Artificial Intelligence,AI
22704,W21,subindustry,2025-01-01,2025-02-01,"B2B -> Engineering, Product and Design",B2B -> Productivity
22744,W21,subindustry,2025-01-01,2025-02-01,B2B -> Infrastructure,"B2B -> Engineering, Product and Design"
22806,W21,subindustry,2025-01-01,2025-02-01,B2B -> Marketing,Fintech -> Payments
22952,W21,subindustry,2025-01-01,2025-02-01,Consumer -> Food and Beverage,B2B -> Retail
22974,W21,subindustry,2025-01-01,2025-02-01,B2B -> Supply Chain and Logistics,B2B -> Infrastructure
22996,W21,subindustry,2025-01-01,2025-02-01,B2B -> Marketing,B2B -> Retail
23105,W21,tag,2025-01-01,2025-02-01,AI|AIOps,
23238,W21,subindustry,2025-01-01,2025-02-01,B2B,Fintech
23303,W21,tag,2025-01-01,2025-02-01,Artificial Intelligence,AI
23472,W21,subindustry,2025-01-01,2025-02-01,Consumer -> Virtual and Augmented Reality,B2B
23531,W21,tag,2025-01-01,2025-02-01,,Developer Tools|Fintech
23629,W21,tag,2025-01-01,2025-02-01,Developer Tools|Open Source,B2B|SaaS
24024,S21,tag,2025-01-01,2025-02-01,Consumer Finance,
24040,S21,subindustry,2025-01-01,2025-02-01,"B2B -> Engineering, Product and Design",Fintech -> Consumer Finance
24078,W22,subindustry,2025-01-01,2025-02-01,Healthcare -> Consumer Health and Wellness,Healthcare
24166,S21,subindustry,2025-01-01,2025-02-01,Healthcare -> Medical Devices,Healthcare -> Diagnostics
24188,S21,tag,2025-01-01,2025-02-01,Biotech|Healthcare,
24206,S21,tag,2025-01-01,2025-02-01,Artificial Intelligence|Developer Tools,API|Open Source|SaaS|Security
24259,S21,subindustry,2025-01-01,2025-02-01,Consumer -> Home and Personal,Consumer
24408,S21,tag,2025-01-01,2025-02-01,Productivity,Social
24476,S21,tag,2025-01-01,2025-02-01,,Computer Vision
24497,S21,subindustry,2025-01-01,2025-02-01,Consumer,Real Estate and Construction -> Housing and Real Estate
24526,S21,tag,2025-01-01,2025-02-01,AI,Artificial Intelligence
24615,S21,subindustry,2025-01-01,2025-02-01,B2B -> Sales,B2B -> Productivity
24914,S21,tag,2025-01-01,2025-02-01,Artificial Intelligence,AI
24934,S21,subindustry,2025-01-01,2025-02-01,Fintech -> Payments,B2B -> Supply Chain and Logistics
25061,W22,subindustry,2025-01-01,2025-02-01,B2B -> Security,Consumer -> Home and Personal
25342,W22,tag,2025-01-01,2025-02-01,AI,Artificial Intelligence
25351,W22,subindustry,2025-01-01,2025-02-01,"B2B -> Engineering, Product and Design",B2B -> Retail
25360,W22,subindustry,2025-01-01,2025-02-01,Real Estate and Construction -> Housing and Real Estate,"Consumer -> Travel, Leisure and Tourism"
25395,W22,subindustry,2025-01-01,2025-02-01,B2B -> Supply Chain and Logistics,Consumer
25511,W22,tag,2025-01-01,2025-02-01,Advertising|Artificial Intelligence|Marketing|Social Media|Video,
25541,W22,subindustry,2025-01-01,2025-02-01,B2B -> Retail,B2B -> Infrastructure
25573,W22,subindustry,2025-01-01,2025-02-01,Real Estate and Construction,Real Estate and Construction -> Housing and Real Estate
25603,W22,industry,2025-01-01,2025-02-01,Consumer,B2B
25605,W22,subindustry,2025-01-01,2025-02-01,B2B -> Marketing,B2B -> Supply Chain and Logistics
25656,W22,tag,2025-01-01,2025-02-01,E-commerce,AI Assistant
25712,W22,tag,2025-01-01,2025-02-01,Artificial Intelligence,AI
25732,W22,subindustry,2025-01-01,2025-02-01,Consumer -> Gaming,B2B
25763,W22,tag,2025-01-01,2025-02-01,Artificial Intelligence,AI
25819,W22,tag,2025-01-01,2025-02-01,Artificial Intelligence|Home Services,
25825,W22,subindustry,2025-01-01,2025-02-01,Healthcare -> Healthcare IT,Healthcare -> Healthcare Services
25827,W22,tag,2025-01-01,2025-02-01,AI|SaaS,Enterprise|Fintech
25911,W22,subindustry,2025-01-01,2025-02-01,B2B -> Finance and Accounting,Fintech -> Consumer Finance
25913,W22,tag,2025-01-01,2025-02-01,AI Assistant|Artificial Intelligence,Sales|Sales Enablement
25913,W22,industry,2025-01-01,2025-02-01,B2B,Real Estate and Construction
25918,W22,subindustry,2025-01-01,2025-02-01,Fintech -> Payments,B2B
25923,W22,subindustry,2025-01-01,2025-02-01,B2B -> Infrastructure,Real Estate and Construction -> Housing and Real Estate
25937,W22,subindustry,2025-01-01,2025-02-01,B2B,Fintech
25983,W22,tag,2025-01-01,2025-02-01,AI,Artificial Intelligence
26033,W22,subindustry,2025-01-01,2025-02-01,Consumer,B2B -> Productivity
26138,W22,tag,2025-01-01,2025-02-01,Artificial Intelligence,AI
26148,W22,tag,2025-01-01,2025-02-01,AI Assistant,Collaboration
26662,S22,tag,2025-01-01,2025-02-01,Artificial Intelligence,AI
26671,S22,tag,2025-01-01,2025-02-01,Artificial Intelligence,AI
26704,S22,tag,2025-01-01,2025-02-01,AI,Artificial Intelligence
26715,S22,tag,2025-01-01,2025-02-01,B2B|Fintech,Gaming
26715,S22,industry,2025-01-01,2025-02-01,B2B,Consumer
26715,S22,subindustry,2025-01-01,2025-02-01,B2B,Consumer -> Gaming
26730,S22,tag,2025-01-01,2025-02-01,Sales,Enterprise|SaaS
26783,S22,tag,2025-01-01,2025-02-01,AI Assistant|AI-Enhanced Learning|Artificial Intelligence|Manufacturing,B2B|Developer Tools|SaaS
26800,S22,tag,2025-01-01,2025-02-01,Artificial Intelligence,AI
26808,S22,tag,2025-01-01,2025-02-01,AI,Artificial Intelligence|Developer Tools
26861,S22,tag,2025-01-01,2025-02-01,AI|AI Assistant|Artificial Intelligence,Developer Tools
26897,S22,tag,2025-01-01,2025-02-01,AI,Artificial Intelligence
26913,S22,tag,2025-01-01,2025-02-01,AI|GovTech,Artificial Intelligence
27039,S22,tag,2025-01-01,2025-02-01,Artificial Intelligence,Creator Economy|Live|Payments
27039,S22,industry,2025-01-01,2025-02-01,B2B,Consumer
27041,S22,tag,2025-01-01,2025-02-01,Artificial Intelligence|Fintech|Lending,B2B|Developer Tools|Infrastructure|SaaS
27041,S22,industry,2025-01-01,2025-02-01,Fintech,B2B
27051,S22,tag,2025-01-01,2025-02-01,Artificial Intelligence,AI
27142,S22,tag,2025-01-01,2025-02-01,AI,Artificial Intelligence
27151,S22,tag,2025-01-01,2025-02-01,Artificial Intelligence,AI
27152,S22,tag,2025-01-01,2025-02-01,AI,Artificial Intelligence
27172,S22,tag,2025-01-01,2025-02-01,Artificial Intelligence,AI
27248,S22,tag,2025-01-01,2025-02-01,,Climate|ClimateTech
27667,W23,tag,2025-01-01,2025-02-01,,AI Assistant|Artificial Intelligence
27692,W23,tag,2025-01-01,2025-02-01,AI,Artificial Intelligence
27852,W23,tag,2025-01-01,2025-02-01,,API|B2B|Developer Tools|Open Source|SaaS
27871,W23,tag,2025-01-01,2025-02-01,Artificial Intelligence|B2B|Data Science|Documents,
27875,W23,tag,2025-01-01,2025-02-01,Artificial Intelligence,AI
27927,W23,tag,2025-01-01,2025-02-01,Artificial Intelligence,AI
28087,W23,industry,2025-01-01,2025-02-01,B2B,Consumer
28111,W23,tag,2025-01-01,2025-02-01,AI|Artificial Intelligence|Conversational AI|Customer Success|Generative AI,
28371,W23,tag,2025-01-01,2025-02-01,AI,Artificial Intelligence
28418,W23,tag,2025-01-01,2025-02-01,AI|Consumer,Legal|LegalTech
28418,W23,industry,2025-01-01,2025-02-01,Consumer,B2B
28802,S23,tag,2025-01-01,2025-02-01,Artificial Intelligence,AI
28816,S23,tag,2025-01-01,2025-02-01,,Call Center
28837,S23,tag,2025-01-01,2025-02-01,Artificial Intelligence|Enterprise Software,Automation|CRM|Enterprise
28841,S23,tag,2025-01-01,2025-02-01,Artificial Intelligence|Generative AI,AI|Manufacturing
28854,S23,tag,2025-01-01,2025-02-01,AI,Artificial Intelligence
28880,S23,tag,2025-01-01,2025-02-01,Artificial Intelligence|Logistics,
28891,S23,tag,2025-01-01,2025-02-01,AI,Artificial Intelligence
28927,S23,tag,2025-01-01,2025-02-01,AI,Artificial Intelligence
28933,S23,tag,2025-01-01,2025-02-01,,B2B|Cybersecurity|SaaS|Security
28957,S23,tag,2025-01-01,2025-02-01,AI,Artificial Intelligence
28958,S23,tag,2025-01-01,2025-02-01,Analytics|Enterprise|SaaS,Developer Tools|Open Source|Productivity
28979,S23,tag,2025-01-01,2025-02-01,Artificial Intelligence|FinOps|Subscriptions,AI|Analytics|Enterprise
28991,S23,tag,2025-01-01,2025-02-01,Artificial Intelligence|Data Engineering,AI
28997,S23,tag,2025-01-01,2025-02-01,AI-Enhanced Learning|Education|eLearning,
29001,S23,tag,2025-01-01,2025-02-01,AI,Artificial Intelligence
29002,S23,tag,2025-01-01,2025-02-01,Artificial Intelligence,AI
29006,S23,tag,2025-01-01,2025-02-01,AI,Artificial Intelligence
29019,S23,tag,2025-01-01,2025-02-01,,Chat|Messaging|SMS
29021,S23,tag,2025-01-01,2025-02-01,AI,Artificial Intelligence
29040,S23,tag,2025-01-01,2025-02-01,AI,Artificial Intelligence
29045,S23,tag,2025-01-01,2025-02-01,AI,Artificial Intelligence
29082,S23,tag,2025-01-01,2025-02-01,Insurance,Fintech
29091,S23,tag,2025-01-01,2025-02-01,Artificial Intelligence,AI
29093,S23,tag,2025-01-01,2025-02-01,AI,Artificial Intelligence
29101,S23,tag,2025-01-01,2025-02-01,,Data Engineering|Infrastructure|Operations|Sales|Sales Enablement
29103,S23,tag,2025-01-01,2025-02-01,API|Analytics|Developer Tools,
29115,S23,tag,2025-01-01,2025-02-01,AI,Artificial Intelligence
29118,S23,tag,2025-01-01,2025-02-01,Artificial Intelligence|Data Visualization|Developer Tools|Open Source,AI|B2B|Generative AI|Workflow Automation
29125,S23,tag,2025-01-01,2025-02-01,AI,Artificial Intelligence
29128,S23,tag,2025-01-01,2025-02-01,,Artificial Intelligence|Biotech|Biotechnology|Drug discovery|Therapeutics
29136,S23,tag,2025-01-01,2025-02-01,Artificial Intelligence,AI
29137,S23,tag,2025-01-01,2025-02-01,Artificial Intelligence,AI
29158,S23,tag,2025-01-01,2025-02-01,,Agriculture|Artificial Intelligence|Climate|Genomics|Sustainability
29181,W24,tag,2025-01-01,2025-02-01,,Developer Tools
29245,W24,tag,2025-01-01,2025-02-01,Generative AI,Artificial Intelligence|Health Tech
29249,W24,tag,2025-01-01,2025-02-01,AI Assistant|Artificial Intelligence|Developer Tools,
29251,S24,tag,2025-01-01,2025-02-01,Artificial Intelligence,AI
29268,W24,tag,2025-01-01,2025-02-01,,Primary Care
29274,W24,tag,2025-01-01,2025-02-01,AI,Artificial Intelligence
29296,S24,tag,2025-01-01,2025-02-01,Robotic Process Automation,Data Labeling|Robotics
29311,W24,tag,2025-01-01,2025-02-01,DevOps|Developer Tools|Infrastructure,HR Tech|Recruiting
29314,W24,tag,2025-01-01,2025-02-01,,AI|Finance|Insurance|Productivity|SaaS
29328,W24,tag,2025-01-01,2025-02-01,,API|Artificial Intelligence|Generative AI|Machine Learning
29347,W24,tag,2025-01-01,2025-02-01,AI|Generative AI,Artificial Intelligence
29353,W24,tag,2025-01-01,2025-02-01,AI|Marketing,Artificial Intelligence|Enterprise Software
29354,W24,tag,2025-01-01,2025-02-01,AI,Artificial Intelligence
29355,W24,tag,2025-01-01,2025-02-01,Artificial Intelligence|Robotics,AI|Analytics|Conversational AI|Generative AI|SaaS
29358,W24,tag,2025-01-01,2025-02-01,,Artificial Intelligence|B2B|Marketplace
29358,W24,industry,2025-01-01,2025-02-01,Consumer,B2B
29360,W24,tag,2025-01-01,2025-02-01,Artificial Intelligence,AI
29377,W24,tag,2025-01-01,2025-02-01,Artificial Intelligence,AI
29385,W24,tag,2025-01-01,2025-02-01,Artificial Intelligence|GovTech|Procurement,
29392,W24,industry,2025-01-01,2025-02-01,B2B,Consumer
29431,W24,tag,2025-01-01,2025-02-01,,AI|Music|Social
29436,W24,tag,2025-01-01,2025-02-01,AI|API|SaaS,Cybersecurity|Data Engineering|Open Source
29442,W24,tag,2025-01-01,2025-02-01,AI,Artificial Intelligence
29447,W24,tag,2025-01-01,2025-02-01,Artificial Intelligence,AI
29471,W24,tag,2025-01-01,2025-02-01,,Artificial Intelligence|Conversational AI|Enterprise Software|Generative AI|SaaS
29478,W24,tag,2025-01-01,2025-02-01,AI,Artificial Intelligence
29498,W24,tag,2025-01-01,2025-02-01,AI|API|B2B|Developer Tools|Open Source,
29505,W24,tag,2025-01-01,2025-02-01,Artificial Intelligence,AI
29513,W24,tag,2025-01-01,2025-02-01,AI,Artificial Intelligence
29515,W24,tag,2025-01-01,2025-02-01,AI,Artificial Intelligence
29575,S24,tag,2025-01-01,2025-02-01,AI|Developer Tools|Infrastructure,AI Assistant|Artificial Intelligence|Email|Productivity
29605,S24,tag,2025-01-01,2025-02-01,Artificial Intelligence,AI
29608,S24,tag,2025-01-01,2025-02-01,Automotive|Community|Social,Artificial Intelligence|Edtech|Kids
29627,S24,tag,2025-01-01,2025-02-01,AI,Artificial Intelligence
29646,S24,tag,2025-01-01,2025-02-01,AI,Artificial Intelligence
29655,S24,tag,2025-01-01,2025-02-01,Artificial Intelligence,AI
29661,S24,tag,2025-01-01,2025-02-01,Artificial Intelligence,AI
29667,S24,tag,2025-01-01,2025-02-01,,AI|Artificial Intelligence|B2B|Climate|Energy
29676,S24,tag,2025-01-01,2025-02-01,Artificial Intelligence|Automation|B2B|Finance,AI|AI Assistant|Fintech|Payments
29676,S24,industry,2025-01-01,2025-02-01,B2B,Fintech
29690,S24,tag,2025-01-01,2025-02-01,Generative AI,
29699,S24,tag,2025-01-01,2025-02-01,Data Engineering,Supply Chain
29702,S24,tag,2025-01-01,2025-02-01,AI,Artificial Intelligence|SMB
29707,S24,tag,2025-01-01,2025-02-01,AI,Artificial Intelligence
29709,S24,tag,2025-01-01,2025-02-01,,Artificial Intelligence|Healthcare|Robotic Process Automation
29716,S24,tag,2025-01-01,2025-02-01,Artificial Intelligence,AI
29721,S24,tag,2025-01-01,2025-02-01,AI,Artificial Intelligence
29727,W25,tag,2025-01-01,2025-02-01,API|Customer Success|Customer Support,Sales|Sales Enablement
29727,W25,subindustry,2025-01-01,2025-02-01,B2B -> Productivity,B2B -> Sales
29729,S24,tag,2025-01-01,2025-02-01,AI|Generative AI,Artificial Intelligence
29738,S24,tag,2025-01-01,2025-02-01,Artificial Intelligence,AI
29745,S24,tag,2025-01-01,2025-02-01,Developer Tools,Finance
29757,S24,tag,2025-01-01,2025-02-01,Artificial Intelligence,AI
29764,S24,tag,2025-01-01,2025-02-01,,AI|Analytics|B2B|Conversational AI|Data Science
29792,S24,tag,2025-01-01,2025-02-01,Artificial Intelligence,AI
29793,S24,tag,2025-01-01,2025-02-01,Legal,Enterprise
29810,S24,tag,2025-01-01,2025-02-01,AI|Automation,Web Development
29822,S24,tag,2025-01-01,2025-02-01,,AI|Artificial Intelligence
29835,S24,tag,2025-01-01,2025-02-01,,AI|AIOps|B2B|Developer Tools|SaaS
29847,S24,tag,2025-01-01,2025-02-01,,Computer Vision|Hard Tech|Industrial|Manufacturing|Robotics
29849,S24,tag,2025-01-01,2025-02-01,Artificial Intelligence,AI
29849,S24,industry,2025-01-01,2025-02-01,Government,B2B
29850,S24,tag,2025-01-01,2025-02-01,AI,Artificial Intelligence
29854,S24,tag,2025-01-01,2025-02-01,Artificial Intelligence,AI
29955,S24,tag,2025-01-01,2025-02-01,Generative AI,
29956,S24,tag,2025-01-01,2025-02-01,,AI|GovTech|Transportation
29957,S24,tag,2025-01-01,2025-02-01,Artificial Intelligence,AI
29962,S24,tag,2025-01-01,2025-02-01,Artificial Intelligence|Trust & Safety,E-commerce|Sales
29973,S24,tag,2025-01-01,2025-02-01,,Compliance|Fintech|Generative AI|Regtech
29992,S24,tag,2025-01-01,2025-02-01,AI,Artificial Intelligence
30014,F24,tag,2025-01-01,2025-02-01,AI,Artificial Intelligence
30016,F24,tag,2025-01-01,2025-02-01,AI|Enterprise,Artificial Intelligence|B2B|Customer Support
30021,F24,tag,2025-01-01,2025-02-01,Artificial Intelligence,AI
30027,F24,tag,2025-01-01,2025-02-01,,B2B|Scheduling
30039,F24,tag,2025-01-01,2025-02-01,,AI|B2B|Biotech|Enterprise|Sales
30059,F24,tag,2025-01-01,2025-02-01,,AI|B2B|Compliance|Fintech
30063,F24,tag,2025-01-01,2025-02-01,,AI|AI Assistant|Developer Tools|Enterprise Software|Generative AI
30066,F24,tag,2025-01-01,2025-02-01,AI|Web Development,Advertising|Artificial Intelligence
30086,F24,tag,2025-01-01,2025-02-01,B2B|Billing|SaaS,Operations|Workflow Automation
30095,F24,tag,2025-01-01,2025-02-01,,Aerospace|Artificial Intelligence|GovTech|Hard Tech
30096,F24,tag,2025-01-01,2025-02-01,,AI|API|Developer Tools|Infrastructure
30099,F24,tag,2025-01-01,2025-02-01,AI,Artificial Intelligence
30104,F24,tag,2025-01-01,2025-02-01,,B2B|Enterprise Software|Generative AI|Sales
30107,F24,tag,2025-01-01,2025-02-01,,API|No-code|SMS|SaaS|Telecommunications
30108,F24,tag,2025-01-01,2025-02-01,AI,Artificial Intelligence
30111,F24,tag,2025-01-01,2025-02-01,Artificial Intelligence,AI
30113,F24,tag,2025-01-01,2025-02-01,,Procurement|Supply Chain
30124,F24,tag,2025-01-01,2025-02-01,,AI|AI Assistant|AIOps|Health Tech|Healthcare
30165,W25,tag,2025-01-01,2025-02-01,AI,Artificial Intelligence
30241,W25,tag,2025-01-01,2025-02-01,AI,
30288,W25,tag,2025-01-01,2025-02-01,AI,Artificial Intelligence
188,S10,tag,2025-02-01,2025-03-01,E-commerce,E-Commerce
1079,W16,tag,2025-02-01,2025-03-01,AI|Artificial Intelligence,Developer Tools|Messaging
1280,S16,tag,2025-02-01,2025-03-01,Healthcare,Analytics
1280,S16,industry,2025-02-01,2025-03-01,Consumer,Education
1280,S16,subindustry,2025-02-01,2025-03-01,Consumer -> Virtual and Augmented Reality,Education
1498,W17,tag,2025-02-01,2025-03-01,AI,Artificial Intelligence
1671,S17,tag,2025-02-01,2025-03-01,Artificial Intelligence,AI
12064,W19,tag,2025-02-01,2025-03-01,Payroll,Compliance
12619,S19,tag,2025-02-01,2025-03-01,Digital Health|Health Tech|Mental Health|Telehealth|Women's Health,Consumer Health Services|Mental Health Tech|Sleep Tech
22080,S20,tag,2025-02-01,2025-03-01,Health Tech,
22218,S20,tag,2025-02-01,2025-03-01,AI,Artificial Intelligence
22273,S20,tag,2025-02-01,2025-03-01,,Artificial Intelligence|Collaboration|Compliance|SaaS
22674,W21,tag,2025-02-01,2025-03-01,Artificial Intelligence,AI
22702,W21,tag,2025-02-01,2025-03-01,,Neobank|SaaS
22843,W21,industry,2025-02-01,2025-03-01,Industrials,Consumer
22884,W21,tag,2025-02-01,2025-03-01,Artificial Intelligence,
23781,S21,tag,2025-02-01,2025-03-01,Artificial Intelligence,AI
24100,S21,tag,2025-02-01,2025-03-01,Artificial Intelligence,AI
24153,S21,tag,2025-02-01,2025-03-01,AI,Artificial Intelligence
24192,S21,tag,2025-02-01,2025-03-01,Artificial Intelligence,AI
24271,S21,tag,2025-02-01,2025-03-01,Generative AI|Supply Chain,Fintech|Transportation
24391,S21,tag,2025-02-01,2025-03-01,Artificial Intelligence,AI
24408,S21,tag,2025-02-01,2025-03-01,AI|AI Assistant,
24497,S21,tag,2025-02-01,2025-03-01,AI,
24526,S21,tag,2025-02-01,2025-03-01,Artificial Intelligence,AI
24773,S21,tag,2025-02-01,2025-03-01,Sales Enablement|Talent Acquisition,
24795,S21,tag,2025-02-01,2025-03-01,Anti-Aging|Biotech|Biotechnology|Health & Wellness,
24925,S21,tag,2025-02-01,2025-03-01,,Medical Devices
25348,W22,tag,2025-02-01,2025-03-01,AI,Artificial Intelligence
25541,W22,tag,2025-02-01,2025-03-01,AI,Artificial Intelligence
25588,W22,subindustry,2025-02-01,2025-03-01,B2B -> Marketing,"B2B -> Engineering, Product and Design"
25590,W22,tag,2025-02-01,2025-03-01,Artificial Intelligence,AI
25603,W22,tag,2025-02-01,2025-03-01,Artificial Intelligence,AI
25618,W22,tag,2025-02-01,2025-03-01,Artificial Intelligence,AI
25645,W22,tag,2025-02-01,2025-03-01,AI,Artificial Intelligence
25684,W22,tag,2025-02-01,2025-03-01,Artificial Intelligence|Healthcare IT,API|Fintech
25691,W22,tag,2025-02-01,2025-03-01,Machine Learning|NLP,
25870,W22,industry,2025-02-01,2025-03-01,Fintech,B2B
25923,W22,tag,2025-02-01,2025-03-01,AI|Community|Real Estate,API|Developer Tools|Email
25991,W22,tag,2025-02-01,2025-03-01,AI,Artificial Intelligence
26134,W22,tag,2025-02-01,2025-03-01,,Aerospace|Airplanes|Climate|Electric Vehicles|Hydrogen Energy
26654,S22,tag,2025-02-01,2025-03-01,Sales|Sales Enablement,Compliance|Security
26670,S22,tag,2025-02-01,2025-03-01,AI,Artificial Intelligence
26723,S22,tag,2025-02-01,2025-03-01,Sales,Data Engineering|Enterprise
26794,S22,tag,2025-02-01,2025-03-01,Sales Enablement,Banking as a Service|Infrastructure
26796,S22,tag,2025-02-01,2025-03-01,AI|Automation|B2B|Marketing,Creator Economy|Design Tools|Developer Tools|No-code
26796,S22,industry,2025-02-01,2025-03-01,B2B,Consumer
26808,S22,tag,2025-02-01,2025-03-01,Artificial Intelligence,AI
26851,S22,tag,2025-02-01,2025-03-01,AI|Generative AI,HR Tech
27051,S22,tag,2025-02-01,2025-03-01,AI,Artificial Intelligence
27091,S22,industry,2025-02-01,2025-03-01,Consumer,Fintech
27141,S22,tag,2025-02-01,2025-03-01,AI,Artificial Intelligence
27178,S22,tag,2025-02-01,2025-03-01,AI,Artificial Intelligence
27667,W23,tag,2025-02-01,2025-03-01,Artificial Intelligence,AI
27693,W23,tag,2025-02-01,2025-03-01,,B2B|DevOps|Developer Tools|SaaS
27697,W23,tag,2025-02-01,2025-03-01,Artificial Intelligence,AI
27701,W23,tag,2025-02-01,2025-03-01,AI|Enterprise Software,Enterprise|SaaS
27808,W23,tag,2025-02-01,2025-03-01,Artificial Intelligence,AI
27820,W23,tag,2025-02-01,2025-03-01,Artificial Intelligence,Open Source
27840,W23,tag,2025-02-01,2025-03-01,,B2B|Collaboration|Productivity|SaaS
27869,W23,tag,2025-02-01,2025-03-01,AI,
27871,W23,tag,2025-02-01,2025-03-01,AI|Developer Tools,Artificial Intelligence|Data Science
27875,W23,tag,2025-02-01,2025-03-01,AI|Gaming,Artificial Intelligence
27881,W23,tag,2025-02-01,2025-03-01,AI Assistant|Customer Success,AI|Artificial Intelligence
27882,W23,tag,2025-02-01,2025-03-01,Automation|Robotic Process Automation,AIOps|NLP
27896,W23,tag,2025-02-01,2025-03-01,Artificial Intelligence,AI
27956,W23,subindustry,2025-02-01,2025-03-01,Healthcare,B2B
27964,W23,tag,2025-02-01,2025-03-01,Artificial Intelligence,AI
27966,W23,tag,2025-02-01,2025-03-01,AI|Healthcare,Developer Tools|Generative AI|Open Source|SaaS
27966,W23,industry,2025-02-01,2025-03-01,Healthcare,B2B
27969,W23,tag,2025-02-01,2025-03-01,,E-commerce|Retail
27983,W23,tag,2025-02-01,2025-03-01,Finance,Sales
28114,W23,tag,2025-02-01,2025-03-01,Artificial Intelligence,AI
28366,W23,tag,2025-02-01,2025-03-01,Artificial Intelligence|B2B|Grocery|Payments|Retail,
28409,W23,tag,2025-02-01,2025-03-01,,Artificial Intelligence|Developer Tools|Generative AI
28418,W23,tag,2025-02-01,2025-03-01,Artificial Intelligence,AI
28776,S23,tag,2025-02-01,2025-03-01,AI,Artificial Intelligence
28776,S23,industry,2025-02-01,2025-03-01,Education,Healthcare
28799,S23,tag,2025-02-01,2025-03-01,AI|Health Insurance|Operations,Artificial Intelligence|B2B|Productivity|Security
28799,S23,industry,2025-02-01,2025-03-01,Healthcare,B2B
28807,S23,tag,2025-02-01,2025-03-01,Artificial Intelligence|Consumer|Fintech,AI|Airlines|Finance|Search
28847,S23,tag,2025-02-01,2025-03-01,AI,Artificial Intelligence
28891,S23,tag,2025-02-01,2025-03-01,Artificial Intelligence,AI
28922,W25,subindustry,2025-02-01,2025-03-01,Healthcare,B2B -> Analytics
28926,S23,tag,2025-02-01,2025-03-01,,Email|Messaging|Productivity|SaaS|Team Collaboration
28927,S23,tag,2025-02-01,2025-03-01,Artificial Intelligence,AI
28936,S23,tag,2025-02-01,2025-03-01,AI,Artificial Intelligence
28939,S23,tag,2025-02-01,2025-03-01,Health Insurance,Fintech|Healthcare IT
28957,S23,tag,2025-02-01,2025-03-01,Artificial Intelligence,AI
28968,S23,tag,2025-02-01,2025-03-01,Infrastructure,Open Source
29005,S23,tag,2025-02-01,2025-03-01,Artificial Intelligence|Cybersecurity|Security,AI|Market Research
29006,S23,tag,2025-02-01,2025-03-01,Artificial Intelligence,AI
29013,S23,tag,2025-02-01,2025-03-01,AI Assistant|Artificial Intelligence|Developer Tools,
29026,S23,tag,2025-02-01,2025-03-01,Proptech,Consumer
29045,S23,tag,2025-02-01,2025-03-01,Artificial Intelligence,AI
29074,S23,tag,2025-02-01,2025-03-01,AI,Artificial Intelligence
29082,S23,tag,2025-02-01,2025-03-01,AI,Artificial Intelligence
29093,S23,tag,2025-02-01,2025-03-01,Artificial Intelligence,AI
29118,S23,tag,2025-02-01,2025-03-01,AI,Artificial Intelligence
29231,W24,tag,2025-02-01,2025-03-01,Artificial Intelligence|Cloud Computing|Databases|Infrastructure,
29246,W24,tag,2025-02-01,2025-03-01,AI,Artificial Intelligence
29251,S24,tag,2025-02-01,2025-03-01,AI,Artificial Intelligence
29256,W24,tag,2025-02-01,2025-03-01,AI,Artificial Intelligence
29266,W24,tag,2025-02-01,2025-03-01,AI,Artificial Intelligence
29274,W24,tag,2025-02-01,2025-03-01,,AI|Consumer|Gaming|Social
29296,S24,tag,2025-02-01,2025-03-01,AI,Artificial Intelligence
29324,W24,tag,2025-02-01,2025-03-01,AI,Artificial Intelligence
29325,W24,tag,2025-02-01,2025-03-01,AIOps|Artificial Intelligence|Monitoring,AI|API|B2B
29333,W24,tag,2025-02-01,2025-03-01,AI,Artificial Intelligence
29334,W24,tag,2025-02-01,2025-03-01,AI,Artificial Intelligence
29342,W24,industry,2025-02-01,2025-03-01,Healthcare,Fintech
29364,W24,tag,2025-02-01,2025-03-01,,Enterprise Software|Manufacturing|SaaS
29365,W24,tag,2025-02-01,2025-03-01,Machine Learning,Generative AI|SaaS
29374,W24,tag,2025-02-01,2025-03-01,AI,Artificial Intelligence
29377,W24,tag,2025-02-01,2025-03-01,AI,Artificial Intelligence
29387,S24,tag,2025-02-01,2025-03-01,,Automation|Design Tools
29400,W24,tag,2025-02-01,2025-03-01,Computer Vision|Data Engineering|Enterprise Software|Open Source,AI|API|Artificial Intelligence|Generative AI
29400,W24,industry,2025-02-01,2025-03-01,B2B,Consumer
29413,W24,tag,2025-02-01,2025-03-01,,Consumer Health Services|Health Insurance|Health Tech|Healthcare
29443,W24,tag,2025-02-01,2025-03-01,,Consumer|Media|Video
29455,W24,tag,2025-02-01,2025-03-01,Artificial Intelligence,AI
29474,S24,tag,2025-02-01,2025-03-01,AI,Artificial Intelligence
29477,W24,tag,2025-02-01,2025-03-01,,Artificial Intelligence|Diagnostics|Hard Tech|Health Tech|Neurotechnology
29498,W24,tag,2025-02-01,2025-03-01,Artificial Intelligence,AI
29568,S24,industry,2025-02-01,2025-03-01,B2B,Fintech
29573,S24,tag,2025-02-01,2025-03-01,AI,Artificial Intelligence
29577,F24,tag,2025-02-01,2025-03-01,,AI
29582,S24,tag,2025-02-01,2025-03-01,AI,Artificial Intelligence
29588,S24,tag,2025-02-01,2025-03-01,,AI|Aerospace|Automotive|Enterprise Software|Robotics
29627,S24,tag,2025-02-01,2025-03-01,LegalTech,AI Assistant
29633,S24,tag,2025-02-01,2025-03-01,,AI|Cloud Computing|Generative AI|No-code|Open Source
29650,S24,tag,2025-02-01,2025-03-01,Artificial Intelligence|Hardware,AI
29654,S24,tag,2025-02-01,2025-03-01,AI,Artificial Intelligence
29661,S24,tag,2025-02-01,2025-03-01,AI,Artificial Intelligence
29683,S24,tag,2025-02-01,2025-03-01,Artificial Intelligence,AI
29689,S24,tag,2025-02-01,2025-03-01,AI,Artificial Intelligence
29694,S24,tag,2025-02-01,2025-03-01,AI,Industrial
29695,S24,tag,2025-02-01,2025-03-01,Artificial Intelligence|B2B|Conversational AI|Legal|LegalTech,AI|Consumer|Entertainment|Generative AI
29695,S24,industry,2025-02-01,2025-03-01,B2B,Consumer
29706,S24,tag,2025-02-01,2025-03-01,,Anti-Aging|Artificial Intelligence|Consumer Health Services|Digital Health|Health Tech
29710,S24,tag,2025-02-01,2025-03-01,AI,Artificial Intelligence
29731,S24,tag,2025-02-01,2025-03-01,AI|GovTech,
29731,S24,industry,2025-02-01,2025-03-01,Government,B2B
29738,S24,tag,2025-02-01,2025-03-01,AI,Artificial Intelligence
29738,S24,industry,2025-02-01,2025-03-01,Consumer,B2B
29777,S24,tag,2025-02-01,2025-03-01,,AI|Hard Tech|Hardware|Machine Learning|Semiconductors
29781,S24,tag,2025-02-01,2025-03-01,,B2B|Developer Tools|Hard Tech|Open Source|Robotics
29799,S24,tag,2025-02-01,2025-03-01,,B2B|Developer Tools|Machine Learning|Subscriptions
29800,S24,tag,2025-02-01,2025-03-01,Artificial Intelligence,AI
29805,S24,tag,2025-02-01,2025-03-01,E-commerce|SaaS,Emerging Markets|Logistics
29814,S24,tag,2025-02-01,2025-03-01,Artificial Intelligence|Manufacturing|Supply Chain,AI|B2B|Collaboration|SaaS
29814,S24,industry,2025-02-01,2025-03-01,Industrials,B2B
29822,S24,tag,2025-02-01,2025-03-01,,B2B|E-commerce
29825,S24,tag,2025-02-01,2025-03-01,Artificial Intelligence,AI
29826,S24,tag,2025-02-01,2025-03-01,Artificial Intelligence,AI
29837,S24,tag,2025-02-01,2025-03-01,Fintech|Payments|Proptech,HR Tech|Recruiting|Talent Acquisition
29849,S24,tag,2025-02-01,2025-03-01,,Artificial Intelligence|B2B|Big Data|GovTech|Procurement
29960,S24,tag,2025-02-01,2025-03-01,,Artificial Intelligence
29978,S24,tag,2025-02-01,2025-03-01,Artificial Intelligence,AI
29999,W25,tag,2025-02-01,2025-03-01,AI,Artificial Intelligence
30017,F24,tag,2025-02-01,2025-03-01,Data Labeling,Analytics
30021,F24,tag,2025-02-01,2025-03-01,AI,Artificial Intelligence
30023,F24,tag,2025-02-01,2025-03-01,,AI|Culture|Developer Tools|Open Source
30045,F24,tag,2025-02-01,2025-03-01,Artificial Intelligence,AI
30047,F24,tag,2025-02-01,2025-03-01,Artificial Intelligence,AI
30051,F24,tag,2025-02-01,2025-03-01,Artificial Intelligence,AI|Trust & Safety
30074,F24,tag,2025-02-01,2025-03-01,AI,Artificial Intelligence
30078,F24,tag,2025-02-01,2025-03-01,Artificial Intelligence,AI
30086,F24,tag,2025-02-01,2025-03-01,Payments|Subscriptions,
30111,F24,tag,2025-02-01,2025-03-01,,Artificial Intelligence|Automation|Developer Tools|No-code|Workflow Automation
30113,F24,tag,2025-02-01,2025-03-01,Artificial Intelligence,AI
30116,F24,tag,2025-02-01,2025-03-01,AI,Artificial Intelligence
30126,F24,tag,2025-02-01,2025-03-01,,Computer Vision|GovTech|Hardware|SaaS|Transportation
30189,W25,tag,2025-02-01,2025-03-01,Artificial Intelligence,AI
30192,W25,tag,2025-02-01,2025-03-01,,Consumer Finance|Crypto / Web3|Cryptocurrency|Fintech|Trading
30193,W25,tag,2025-02-01,2025-03-01,,Documents
30197,W25,tag,2025-02-01,2025-03-01,AI,Artificial Intelligence
30212,W25,tag,2025-02-01,2025-03-01,AI,Artificial Intelligence
30223,W25,tag,2025-02-01,2025-03-01,Artificial Intelligence,AI
30231,W25,tag,2025-02-01,2025-03-01,AIOps|Generative AI,AI|Analytics
30247,W25,tag,2025-02-01,2025-03-01,Machine Learning|Reinforcement Learning,Big Data|Data Engineering
30260,W25,tag,2025-02-01,2025-03-01,Construction,Aerospace
30262,W25,tag,2025-02-01,2025-03-01,Remote Work,AR|SaaS
30262,W25,subindustry,2025-02-01,2025-03-01,Consumer -> Social,Consumer
30272,W25,tag,2025-02-01,2025-03-01,AIOps|Artificial Intelligence|Automation|Developer Tools,AI|Computer Vision|Deep Learning|Machine Learning
30286,W25,tag,2025-02-01,2025-03-01,Artificial Intelligence,AI
30288,W25,tag,2025-02-01,2025-03-01,Artificial Intelligence,AI
30301,W25,tag,2025-02-01,2025-03-01,Artificial Intelligence,AI
30317,W25,tag,2025-02-01,2025-03-01,Construction|GovTech,
30321,W25,tag,2025-02-01,2025-03-01,Artificial Intelligence,
30322,W25,tag,2025-02-01,2025-03-01,Artificial Intelligence|B2B|Enterprise Software,Generative AI
30325,W25,tag,2025-02-01,2025-03-01,Artificial Intelligence,AI
30338,W25,tag,2025-02-01,2025-03-01,Artificial Intelligence|Robotic Process Automation,
30339,W25,tag,2025-02-01,2025-03-01,Artificial Intelligence,AI
30351,W25,tag,2025-02-01,2025-03-01,AI Assistant|Automation|Consumer Products|Productivity,Analytics|Customer Success|Developer Tools|Market Research
30351,W25,industry,2025-02-01,2025-03-01,Consumer,B2B
30356,W25,tag,2025-02-01,2025-03-01,AI,Artificial Intelligence
30365,W25,tag,2025-02-01,2025-03-01,Artificial Intelligence,AI
1875,W18,subindustry,2025-03-01,2025-04-01,Industrials -> Climate,Industrials -> Drones
1898,W19,tag,2025-03-01,2025-04-01,AI,Artificial Intelligence
2025,S18,tag,2025-03-01,2025-04-01,AI|Consumer Products|Health & Wellness,
12043,W19,subindustry,2025-03-01,2025-04-01,Real Estate and Construction -> Construction,B2B -> Finance and Accounting
12091,W19,tag,2025-03-01,2025-04-01,AIOps|Artificial Intelligence|ML,Deep Learning
12597,S19,subindustry,2025-03-01,2025-04-01,Industrials -> Manufacturing and Robotics,Industrials -> Drones
12619,S19,subindustry,2025-03-01,2025-04-01,Healthcare -> Medical Devices,Healthcare -> Consumer Health and Wellness
12660,S19,tag,2025-03-01,2025-04-01,AI,Artificial Intelligence
12738,S19,tag,2025-03-01,2025-04-01,AI,Artificial Intelligence
13265,W20,subindustry,2025-03-01,2025-04-01,"B2B -> Engineering, Product and Design",B2B -> Productivity
13346,W20,tag,2025-03-01,2025-04-01,Artificial Intelligence,
13481,S20,subindustry,2025-03-01,2025-04-01,Fintech,Fintech -> Asset Management
13579,W20,subindustry,2025-03-01,2025-04-01,B2B -> Infrastructure,Fintech -> Payments
21769,S20,tag,2025-03-01,2025-04-01,Artificial Intelligence,AI
21881,S20,tag,2025-03-01,2025-04-01,AI,
22076,S20,tag,2025-03-01,2025-04-01,AI,Artificial Intelligence
22083,S20,tag,2025-03-01,2025-04-01,Recruiting|Talent Acquisition,Community|Education|Marketplace
22083,S20,industry,2025-03-01,2025-04-01,B2B,Education
22151,S20,subindustry,2025-03-01,2025-04-01,B2B -> Marketing,"B2B -> Engineering, Product and Design"
22277,S20,tag,2025-03-01,2025-04-01,Artificial Intelligence,AI
22322,S20,tag,2025-03-01,2025-04-01,B2B|SaaS,
22322,S20,industry,2025-03-01,2025-04-01,B2B,Fintech
22708,W21,tag,2025-03-01,2025-04-01,AI,Artificial Intelligence
22738,W21,tag,2025-03-01,2025-04-01,AI|SaaS|Sales Enablement|eLearning,AI-Enhanced Learning|Machine Learning|Recruiting
22738,W21,industry,2025-03-01,2025-04-01,B2B,Consumer
23105,W21,tag,2025-03-01,2025-04-01,Artificial Intelligence,AI
23357,W21,tag,2025-03-01,2025-04-01,SaaS,Fintech
23357,W21,industry,2025-03-01,2025-04-01,B2B,Fintech
23629,W21,tag,2025-03-01,2025-04-01,B2B|Operations,Developer Tools|Open Source
24353,S21,tag,2025-03-01,2025-04-01,Digital Health|Health & Wellness|Health Insurance|Healthcare|Mental Health,Consumer Health Services|Mental Health Tech
24567,S21,tag,2025-03-01,2025-04-01,AI|AI Assistant|Artificial Intelligence|Video,AIOps|API|Deep Learning|Developer Tools
24589,S21,tag,2025-03-01,2025-04-01,Advertising,Autonomous Delivery
24616,S21,tag,2025-03-01,2025-04-01,Artificial Intelligence,AI
24876,S21,tag,2025-03-01,2025-04-01,Logistics|SaaS,
24893,S21,tag,2025-03-01,2025-04-01,Artificial Intelligence,AI
25267,S22,tag,2025-03-01,2025-04-01,Finance|Marketing,
25491,W22,tag,2025-03-01,2025-04-01,AI,Artificial Intelligence
25537,W22,subindustry,2025-03-01,2025-04-01,B2B -> Infrastructure,B2B -> Analytics
25635,W22,tag,2025-03-01,2025-04-01,Artificial Intelligence,AI
25716,W22,tag,2025-03-01,2025-04-01,AI,Artificial Intelligence
25745,W22,tag,2025-03-01,2025-04-01,AI,Artificial Intelligence
25777,W22,tag,2025-03-01,2025-04-01,Artificial Intelligence|Infrastructure,AI|Computer Vision|Robotic Process Automation
25954,W22,tag,2025-03-01,2025-04-01,Artificial Intelligence|Consumer,Music
26020,W22,tag,2025-03-01,2025-04-01,,Machine Learning|Mental Health Tech|NLP|Nonprofit|Social
26072,W22,tag,2025-03-01,2025-04-01,ClimateTech|Hard Tech,Climate|Energy
26671,S22,tag,2025-03-01,2025-04-01,AI,Artificial Intelligence
26706,S22,tag,2025-03-01,2025-04-01,AI,Artificial Intelligence
26806,S22,tag,2025-03-01,2025-04-01,Augmented Reality|Medical Devices|Medical Robotics|Navigation|Robotic Surgery,
26807,S22,tag,2025-03-01,2025-04-01,Energy,Biotech|Climate|Genetic Engineering|Genomics
26898,S22,tag,2025-03-01,2025-04-01,Cloud Computing|Virtual Reality,DevSecOps|Developer Tools
27037,S22,tag,2025-03-01,2025-04-01,Artificial Intelligence,Developer Tools
27158,S22,tag,2025-03-01,2025-04-01,AI Assistant|Artificial Intelligence|Energy|Renewable Energy|Solar Power,Climate|Crypto / Web3|Marketplace
27178,S22,tag,2025-03-01,2025-04-01,Artificial Intelligence,AI
27667,W23,subindustry,2025-03-01,2025-04-01,B2B,"B2B -> Engineering, Product and Design"
27693,W23,tag,2025-03-01,2025-04-01,DevOps|Developer Tools,
27734,W23,tag,2025-03-01,2025-04-01,Artificial Intelligence|E-commerce|Recommendation System,
27839,W23,tag,2025-03-01,2025-04-01,AI,Artificial Intelligence
27852,W23,tag,2025-03-01,2025-04-01,AI Assistant|Artificial Intelligence|Customer Service|Customer Success|SaaS,
27859,W23,tag,2025-03-01,2025-04-01,Artificial Intelligence|Investing,AI Assistant|B2B|Community|Workflow Automation
27859,W23,industry,2025-03-01,2025-04-01,Consumer,B2B
27871,W23,tag,2025-03-01,2025-04-01,Artificial Intelligence,AI
27892,W23,tag,2025-03-01,2025-04-01,AI,Artificial Intelligence
27896,W23,tag,2025-03-01,2025-04-01,AI,Artificial Intelligence
27947,W23,tag,2025-03-01,2025-04-01,AI,Artificial Intelligence
27952,W23,tag,2025-03-01,2025-04-01,AI,Artificial Intelligence
28091,W23,tag,2025-03-01,2025-04-01,Analytics,AI Assistant
28114,W23,tag,2025-03-01,2025-04-01,AI,Artificial Intelligence
28127,W23,tag,2025-03-01,2025-04-01,AI Assistant|Artificial Intelligence|Fintech,AI|Investing|SaaS
28160,W23,tag,2025-03-01,2025-04-01,,Digital Health|Health Tech|Healthcare
28162,W23,tag,2025-03-01,2025-04-01,Fintech,Enterprise
28175,W23,tag,2025-03-01,2025-04-01,Compliance,
28409,W23,tag,2025-03-01,2025-04-01,AIOps|Artificial Intelligence|Developer Tools|Generative AI|Open Source,
28845,S23,tag,2025-03-01,2025-04-01,Artificial Intelligence,
28847,S23,tag,2025-03-01,2025-04-01,,AI|AI Assistant|SaaS|Sales|Sales Enablement
28867,S23,tag,2025-03-01,2025-04-01,Artificial Intelligence,AI
28882,S23,tag,2025-03-01,2025-04-01,Analytics|DevOps,Design|Design Tools
28891,S23,tag,2025-03-01,2025-04-01,AI,Artificial Intelligence
28894,S23,tag,2025-03-01,2025-04-01,AI,Artificial Intelligence
28927,S23,tag,2025-03-01,2025-04-01,AI,Artificial Intelligence
29069,S23,subindustry,2025-03-01,2025-04-01,B2B -> Supply Chain and Logistics,"B2B -> Engineering, Product and Design"
29073,S23,tag,2025-03-01,2025-04-01,Artificial Intelligence|DevOps|Developer Tools|Infrastructure,
29088,S23,tag,2025-03-01,2025-04-01,AI,Artificial Intelligence
29103,S23,tag,2025-03-01,2025-04-01,,Developer Tools
29118,S23,tag,2025-03-01,2025-04-01,Artificial Intelligence,AI
29120,S23,tag,2025-03-01,2025-04-01,Artificial Intelligence,AI
29121,S23,tag,2025-03-01,2025-04-01,Artificial Intelligence,AI
29137,S23,tag,2025-03-01,2025-04-01,,Consumer Products|E-commerce|Search
29184,W24,tag,2025-03-01,2025-04-01,AI|Automation|CRM,
29239,W24,tag,2025-03-01,2025-04-01,AI,Artificial Intelligence
29257,W24,tag,2025-03-01,2025-04-01,AI|Consumer|Gaming|Robotics,
29257,W24,industry,2025-03-01,2025-04-01,Consumer,Industrials
29287,W24,tag,2025-03-01,2025-04-01,AI,Artificial Intelligence
29317,W24,tag,2025-03-01,2025-04-01,,Generative AI|SaaS|Workflow Automation
29326,W24,tag,2025-03-01,2025-04-01,AI,Artificial Intelligence
29339,W24,tag,2025-03-01,2025-04-01,AI,Artificial Intelligence
29348,W24,tag,2025-03-01,2025-04-01,Artificial Intelligence|Healthcare,AI|Marketing|Messaging
29348,W24,industry,2025-03-01,2025-04-01,Healthcare,B2B
29355,W24,tag,2025-03-01,2025-04-01,AI,Artificial Intelligence
29360,W24,tag,2025-03-01,2025-04-01,Customer Service|Customer Support,Artificial Intelligence
29369,W24,tag,2025-03-01,2025-04-01,,Aerospace|Airplanes|Commercial Space Launch
29372,W24,tag,2025-03-01,2025-04-01,Artificial Intelligence,AI
29377,W24,tag,2025-03-01,2025-04-01,Artificial Intelligence,AI
29389,W24,tag,2025-03-01,2025-04-01,AI,Artificial Intelligence
29422,W24,tag,2025-03-01,2025-04-01,AI Assistant|Education|Recruiting|Social Media|Social Network,
29436,W24,tag,2025-03-01,2025-04-01,Artificial Intelligence,AI
29443,W24,tag,2025-03-01,2025-04-01,Artificial Intelligence,AI
29465,W24,subindustry,2025-03-01,2025-04-01,Fintech -> Banking and Exchange,B2B -> Infrastructure
29478,W24,tag,2025-03-01,2025-04-01,,AI|Logistics|SaaS|Supply Chain
29499,W24,tag,2025-03-01,2025-04-01,,Hardware|Procurement
29516,W24,tag,2025-03-01,2025-04-01,,AI Assistant|Developer Tools|ML|Open Source|Web Development
29516,W24,industry,2025-03-01,2025-04-01,Consumer,B2B
29557,S24,tag,2025-03-01,2025-04-01,Industrial,Hard Tech
29569,S24,tag,2025-03-01,2025-04-01,DevOps,AIOps|IoT
29572,S24,tag,2025-03-01,2025-04-01,Artificial Intelligence,AI
29633,S24,tag,2025-03-01,2025-04-01,AI|Artificial Intelligence|Generative AI|Infrastructure|Open Source,
29647,S24,tag,2025-03-01,2025-04-01,AI|AIOps|Enterprise,B2B|SaaS
29651,S24,tag,2025-03-01,2025-04-01,Artificial Intelligence,AI
29653,S24,tag,2025-03-01,2025-04-01,Gaming,Design|Design Tools
29659,S24,tag,2025-03-01,2025-04-01,Artificial Intelligence|Cybersecurity|Data Labeling|Privacy,
29661,S24,tag,2025-03-01,2025-04-01,Artificial Intelligence,AI
29665,S24,tag,2025-03-01,2025-04-01,Developer Tools,AI-Enhanced Learning|Search
29665,S24,industry,2025-03-01,2025-04-01,B2B,Consumer
29666,S24,tag,2025-03-01,2025-04-01,AI|Consumer|Productivity,B2B|Health Insurance|Health Tech|Healthcare
29666,S24,industry,2025-03-01,2025-04-01,Consumer,B2B
29668,S24,tag,2025-03-01,2025-04-01,,AI|Artificial Intelligence|Cloud Computing|Generative AI
29676,S24,tag,2025-03-01,2025-04-01,AI,Artificial Intelligence
29684,S24,tag,2025-03-01,2025-04-01,,Artificial Intelligence|B2B|Customer Service|Customer Support|Ticketing
29697,S24,tag,2025-03-01,2025-04-01,Artificial Intelligence,AI
29699,S24,tag,2025-03-01,2025-04-01,,B2B|Data Engineering|Enterprise Software|Generative AI|SaaS
29703,S24,tag,2025-03-01,2025-04-01,Artificial Intelligence,AI
29705,S24,tag,2025-03-01,2025-04-01,Artificial Intelligence|Logistics,AI|AI Assistant
29723,S24,tag,2025-03-01,2025-04-01,Health Tech,Databases|Security
29734,S24,tag,2025-03-01,2025-04-01,AI|Developer Tools|Web Development,Artificial Intelligence|Fintech|Operations
29738,S24,industry,2025-03-01,2025-04-01,B2B,Consumer
29751,S24,tag,2025-03-01,2025-04-01,AI,Artificial Intelligence
29761,S24,tag,2025-03-01,2025-04-01,AI,Artificial Intelligence
29762,S24,tag,2025-03-01,2025-04-01,Consumer|Generative AI,B2B|Marketing
29762,S24,industry,2025-03-01,2025-04-01,Consumer,B2B
29777,S24,tag,2025-03-01,2025-04-01,Artificial Intelligence|Hardware|Semiconductors,
29785,S24,tag,2025-03-01,2025-04-01,Call Center|Operations,Consumer
29785,S24,industry,2025-03-01,2025-04-01,B2B,Consumer
29790,W25,tag,2025-03-01,2025-04-01,AI,Artificial Intelligence
29800,S24,tag,2025-03-01,2025-04-01,AI,Artificial Intelligence
29805,S24,tag,2025-03-01,2025-04-01,AI|Workflow Automation,Retail|Supply Chain
29841,S24,tag,2025-03-01,2025-04-01,AI|B2B|Fintech|LegalTech,
29953,S24,tag,2025-03-01,2025-04-01,,AI Assistant|Call Center|Healthcare
29955,S24,tag,2025-03-01,2025-04-01,Machine Learning,
29973,S24,tag,2025-03-01,2025-04-01,Artificial Intelligence|B2B|Compliance|Fintech|Regtech,
29982,S24,tag,2025-03-01,2025-04-01,,Education|Manufacturing|Recruiting
29983,S24,tag,2025-03-01,2025-04-01,Analytics|Artificial Intelligence|B2B|SaaS,
29986,W25,tag,2025-03-01,2025-04-01,,Gene Therapy
29988,W25,tag,2025-03-01,2025-04-01,AI,Artificial Intelligence
29999,W25,tag,2025-03-01,2025-04-01,,AI|Design|Design Tools|Developer Tools|Open Source
30020,W25,subindustry,2025-03-01,2025-04-01,Healthcare -> Healthcare IT,Consumer
30039,F24,tag,2025-03-01,2025-04-01,Artificial Intelligence|Biotech|Enterprise Software|SaaS,
30041,F24,tag,2025-03-01,2025-04-01,AI,Artificial Intelligence
30078,F24,tag,2025-03-01,2025-04-01,AI|API,Collaboration|Developer Tools|Recruiting
30090,F24,tag,2025-03-01,2025-04-01,Sales|Search|Workflow Automation,
30107,F24,tag,2025-03-01,2025-04-01,API|Developer Tools|Infrastructure|SaaS|Telecommunications,
30111,F24,tag,2025-03-01,2025-04-01,Artificial Intelligence|Data Labeling|Deep Learning|Developer Tools|Reinforcement Learning,
30112,F24,tag,2025-03-01,2025-04-01,B2B|Sales|Sales Enablement,Artificial Intelligence|Developer Tools
30125,F24,tag,2025-03-01,2025-04-01,,Artificial Intelligence|Infrastructure|Reinforcement Learning
30172,W25,tag,2025-03-01,2025-04-01,,AI|Aerospace
30176,W25,tag,2025-03-01,2025-04-01,Artificial Intelligence,AI
30177,W25,tag,2025-03-01,2025-04-01,,Architecture|Artificial Intelligence|B2B|Computer Vision|Construction
30181,W25,tag,2025-03-01,2025-04-01,Artificial Intelligence|B2B,Customer Service|Generative AI
30183,W25,tag,2025-03-01,2025-04-01,Artificial Intelligence,AI
30188,W25,tag,2025-03-01,2025-04-01,AI,
30189,W25,tag,2025-03-01,2025-04-01,AI,Artificial Intelligence
30192,W25,tag,2025-03-01,2025-04-01,Consumer Finance|Crypto / Web3|Fintech|Trading,
30192,W25,subindustry,2025-03-01,2025-04-01,Fintech -> Consumer Finance,Unspecified
30193,W25,tag,2025-03-01,2025-04-01,AI|SaaS,Artificial Intelligence
30194,W25,tag,2025-03-01,2025-04-01,,Artificial Intelligence|Automation|Autonomous Delivery|Drones|GovTech
30196,W25,tag,2025-03-01,2025-04-01,,Generative AI|Machine Learning
30196,W25,industry,2025-03-01,2025-04-01,B2B,Consumer
30197,W25,tag,2025-03-01,2025-04-01,Artificial Intelligence,AI
30201,W25,tag,2025-03-01,2025-04-01,AI,Artificial Intelligence
30202,W25,tag,2025-03-01,2025-04-01,AI,Artificial Intelligence
30203,W25,tag,2025-03-01,2025-04-01,Artificial Intelligence,AI
30204,W25,tag,2025-03-01,2025-04-01,Open Source,
30205,W25,tag,2025-03-01,2025-04-01,,Education
30210,W25,tag,2025-03-01,2025-04-01,Artificial Intelligence,AI
30214,W25,tag,2025-03-01,2025-04-01,AI Assistant|E-commerce|SaaS,AI
30215,W25,tag,2025-03-01,2025-04-01,B2B|SaaS,Conversational AI|Marketplace|Recruiting
30218,W25,tag,2025-03-01,2025-04-01,Artificial Intelligence,AI
30220,W25,tag,2025-03-01,2025-04-01,AI,Artificial Intelligence
30222,W25,tag,2025-03-01,2025-04-01,Artificial Intelligence,AI
30223,W25,tag,2025-03-01,2025-04-01,AI,Artificial Intelligence
30228,W25,tag,2025-03-01,2025-04-01,AI|Analytics|B2B,Artificial Intelligence|Enterprise Software|Machine Learning
30229,W25,tag,2025-03-01,2025-04-01,Artificial Intelligence,AI
30235,W25,tag,2025-03-01,2025-04-01,AI,Artificial Intelligence
30237,W25,subindustry,2025-03-01,2025-04-01,"B2B -> Engineering, Product and Design",Industrials -> Energy
30239,W25,tag,2025-03-01,2025-04-01,Artificial Intelligence,AI
30241,W25,tag,2025-03-01,2025-04-01,,AI|API|Developer Tools|Search
30242,W25,tag,2025-03-01,2025-04-01,Artificial Intelligence,AI
30244,W25,tag,2025-03-01,2025-04-01,,AI Assistant|Artificial Intelligence|Video
30250,W25,tag,2025-03-01,2025-04-01,AI,
30251,W25,tag,2025-03-01,2025-04-01,Artificial Intelligence,AI
30255,W25,tag,2025-03-01,2025-04-01,AI,Artificial Intelligence
30256,W25,tag,2025-03-01,2025-04-01,Artificial Intelligence,AI
30257,W25,tag,2025-03-01,2025-04-01,,Construction|Hardware|Self-Driving Vehicles
30258,W25,tag,2025-03-01,2025-04-01,Artificial Intelligence,AI
30259,W25,tag,2025-03-01,2025-04-01,AI|Artificial Intelligence|Automation|B2B|Robotic Process Automation,AIOps|Developer Tools|Generative AI
30264,W25,tag,2025-03-01,2025-04-01,AI,Artificial Intelligence
30267,W25,tag,2025-03-01,2025-04-01,AI,Artificial Intelligence
30270,W25,tag,2025-03-01,2025-04-01,,AI|Artificial Intelligence|B2B|Health Tech|Machine Learning
30272,W25,tag,2025-03-01,2025-04-01,AI,Artificial Intelligence
30273,W25,tag,2025-03-01,2025-04-01,Artificial Intelligence|B2B,AI
30274,W25,tag,2025-03-01,2025-04-01,,Artificial Intelligence|B2B|Databases|Finance|SaaS
30276,W25,tag,2025-03-01,2025-04-01,AI,Artificial Intelligence
30278,W25,tag,2025-03-01,2025-04-01,AI,Artificial Intelligence
30279,W25,tag,2025-03-01,2025-04-01,Enterprise,
30282,W25,tag,2025-03-01,2025-04-01,AI,Artificial Intelligence
30283,W25,tag,2025-03-01,2025-04-01,Artificial Intelligence,AI
30286,W25,tag,2025-03-01,2025-04-01,,Artificial Intelligence|Consumer|Developer Tools|Gaming|Generative AI
30290,W25,subindustry,2025-03-01,2025-04-01,B2B -> Legal,B2B -> Security
30294,W25,tag,2025-03-01,2025-04-01,,AI|Artificial Intelligence|SaaS|Sales|Sales Enablement
30295,W25,tag,2025-03-01,2025-04-01,Compliance|Developer Tools,
30299,W25,tag,2025-03-01,2025-04-01,Media,AI-Enhanced Learning
30302,W25,tag,2025-03-01,2025-04-01,,Consumer|E-commerce|Marketplace
30307,W25,tag,2025-03-01,2025-04-01,Cloud Computing|Cybersecurity,Artificial Intelligence|Automation|B2B|GovTech
30315,W25,tag,2025-03-01,2025-04-01,Hard Tech,
30319,W25,tag,2025-03-01,2025-04-01,AI,Artificial Intelligence
30320,W25,tag,2025-03-01,2025-04-01,AI,Artificial Intelligence
30322,W25,tag,2025-03-01,2025-04-01,AI,Artificial Intelligence
30325,W25,tag,2025-03-01,2025-04-01,AI,Artificial Intelligence
30328,W25,tag,2025-03-01,2025-04-01,AI,Artificial Intelligence
30337,W25,tag,2025-03-01,2025-04-01,,Digital Health|Health Tech
30338,W25,tag,2025-03-01,2025-04-01,,Workflow Automation
30345,W25,tag,2025-03-01,2025-04-01,AI,Artificial Intelligence
30346,W25,tag,2025-03-01,2025-04-01,,B2B|Construction|Generative AI|Sales Enablement
30348,W25,tag,2025-03-01,2025-04-01,,AI|Computer Vision|Customer Support|SaaS
30349,W25,tag,2025-03-01,2025-04-01,,Artificial Intelligence|B2B
30357,W25,tag,2025-03-01,2025-04-01,Artificial Intelligence,AI
464,S12,tag,2025-04-01,2025-05-01,AI Assistant|Artificial Intelligence,API|Telecommunications
714,S14,tag,2025-04-01,2025-05-01,CRM,
1272,S16,tag,2025-04-01,2025-05-01,Artificial Intelligence|SaaS|Telehealth,Biotech|Medical Devices
1988,S18,tag,2025-04-01,2025-05-01,Artificial Intelligence,
12821,S19,tag,2025-04-01,2025-05-01,AI|Enterprise Software|Marketing,Analytics|Enterprise
12871,W20,tag,2025-04-01,2025-05-01,AI,Artificial Intelligence
13081,W20,tag,2025-04-01,2025-05-01,Therapeutics,
13147,W20,tag,2025-04-01,2025-05-01,AI,Artificial Intelligence
13231,W20,tag,2025-04-01,2025-05-01,AI,Artificial Intelligence
13307,S20,tag,2025-04-01,2025-05-01,AI,Artificial Intelligence
13322,W20,tag,2025-04-01,2025-05-01,AI Assistant|Artificial Intelligence|Generative AI,
13344,W20,tag,2025-04-01,2025-05-01,Consumer|Social,AI|Artificial Intelligence|B2B|Generative AI|SaaS
13344,W20,industry,2025-04-01,2025-05-01,Consumer,B2B
21784,S20,tag,2025-04-01,2025-05-01,Artificial Intelligence,
22218,S20,tag,2025-04-01,2025-05-01,Artificial Intelligence,AI
22277,S20,tag,2025-04-01,2025-05-01,AI,Artificial Intelligence
22277,S20,subindustry,2025-04-01,2025-05-01,B2B,B2B -> Finance and Accounting
22790,W21,tag,2025-04-01,2025-05-01,AI,
22850,W21,tag,2025-04-01,2025-05-01,AI,Artificial Intelligence
22880,W21,tag,2025-04-01,2025-05-01,AI|Infrastructure,Artificial Intelligence|Gaming|Virtual Reality|eSports
23191,W21,tag,2025-04-01,2025-05-01,Artificial Intelligence,AI
23451,S21,tag,2025-04-01,2025-05-01,AI,Artificial Intelligence
23472,W21,tag,2025-04-01,2025-05-01,,AI|Artificial Intelligence|Generative AI|Video
23946,S21,tag,2025-04-01,2025-05-01,Consumer Health Services|Telehealth,Digital Health|Health Tech
23979,S21,tag,2025-04-01,2025-05-01,Artificial Intelligence|Developer Tools,
24130,S21,tag,2025-04-01,2025-05-01,Assistive Tech|Consumer Health Services|Health Tech|Telehealth,B2B|Compliance|SaaS|Security
24130,S21,industry,2025-04-01,2025-05-01,Healthcare,B2B
24192,S21,tag,2025-04-01,2025-05-01,AI,Artificial Intelligence
24206,S21,tag,2025-04-01,2025-05-01,AI,Artificial Intelligence
24382,S21,tag,2025-04-01,2025-05-01,Enterprise Software|Privacy,Machine Learning|SaaS
24395,S21,tag,2025-04-01,2025-05-01,Billing|Developer Tools|Web Development,API|Analytics|Crypto / Web3|Fintech
24817,S21,tag,2025-04-01,2025-05-01,B2B|Generative AI,AI|API
24914,S21,tag,2025-04-01,2025-05-01,AI,Artificial Intelligence
25279,W22,tag,2025-04-01,2025-05-01,AI,Artificial Intelligence
25342,W22,tag,2025-04-01,2025-05-01,Artificial Intelligence,AI
25363,W22,tag,2025-04-01,2025-05-01,AI|Consumer,Fitness|Sports Tech
25561,W22,tag,2025-04-01,2025-05-01,Open Source,
25608,W22,tag,2025-04-01,2025-05-01,AI,Artificial Intelligence
25835,W22,tag,2025-04-01,2025-05-01,Advertising|Marketing,
25913,W22,tag,2025-04-01,2025-05-01,,AI Assistant|Artificial Intelligence
25981,W22,tag,2025-04-01,2025-05-01,Payments,Proptech
25991,W22,tag,2025-04-01,2025-05-01,Artificial Intelligence,AI
26505,S22,tag,2025-04-01,2025-05-01,AI,Artificial Intelligence
26671,S22,tag,2025-04-01,2025-05-01,Artificial Intelligence,AI
26693,S22,tag,2025-04-01,2025-05-01,,E-commerce
26912,S22,tag,2025-04-01,2025-05-01,Artificial Intelligence,AI|Health Tech
27667,W23,tag,2025-04-01,2025-05-01,AI,Artificial Intelligence
27692,W23,tag,2025-04-01,2025-05-01,Artificial Intelligence,AI
27702,W23,tag,2025-04-01,2025-05-01,Finance|Insurance,B2B|Machine Learning
27714,W23,tag,2025-04-01,2025-05-01,Artificial Intelligence|B2B|Finance|Payments|SaaS,
27714,W23,industry,2025-04-01,2025-05-01,Real Estate and Construction,Fintech
27811,W23,tag,2025-04-01,2025-05-01,Healthcare,
27902,W23,tag,2025-04-01,2025-05-01,Artificial Intelligence,Enterprise
27926,W23,tag,2025-04-01,2025-05-01,AI,Artificial Intelligence
28069,W23,tag,2025-04-01,2025-05-01,AI,Artificial Intelligence
28077,W23,subindustry,2025-04-01,2025-05-01,Fintech -> Payments,B2B -> Analytics
28183,W23,tag,2025-04-01,2025-05-01,,AI|AI Assistant|B2B|Finance|Fintech
28329,W23,tag,2025-04-01,2025-05-01,Marketing|Productivity,
28784,S23,tag,2025-04-01,2025-05-01,,Climate|ClimateTech|Energy
28784,S23,industry,2025-04-01,2025-05-01,B2B,Industrials
28805,S23,tag,2025-04-01,2025-05-01,Artificial Intelligence,AI
28809,S23,tag,2025-04-01,2025-05-01,,AI|Compliance|Health Insurance|Healthcare|Regtech
28814,S23,tag,2025-04-01,2025-05-01,Artificial Intelligence|Developer Tools|Marketplace,B2B|Fintech|Generative AI
28818,S23,tag,2025-04-01,2025-05-01,Artificial Intelligence|Manufacturing,AI|Generative AI
28837,S23,tag,2025-04-01,2025-05-01,AI,Artificial Intelligence
28839,S23,tag,2025-04-01,2025-05-01,AI|Fintech|Investing,Analytics|Artificial Intelligence|Conversational AI
28839,S23,industry,2025-04-01,2025-05-01,Fintech,B2B
28841,S23,tag,2025-04-01,2025-05-01,B2B|Conversational AI,Design Tools|Generative AI
28891,S23,tag,2025-04-01,2025-05-01,Artificial Intelligence,AI
28894,S23,tag,2025-04-01,2025-05-01,Artificial Intelligence|Automation|CRM,AI|B2B|Workflow Automation
29003,S23,tag,2025-04-01,2025-05-01,Artificial Intelligence|Payments,
29005,S23,tag,2025-04-01,2025-05-01,AI,Artificial Intelligence
29010,S23,tag,2025-04-01,2025-05-01,Artificial Intelligence,AI
29013,S23,tag,2025-04-01,2025-05-01,AI,Artificial Intelligence
29080,S23,tag,2025-04-01,2025-05-01,API|Telecommunications,E-commerce|SaaS
29092,S23,tag,2025-04-01,2025-05-01,Compliance|Energy,Finance|Investing
29122,S23,tag,2025-04-01,2025-05-01,AI Assistant|Artificial Intelligence|Healthcare|Healthcare IT|SaaS,
29137,S23,tag,2025-04-01,2025-05-01,AI|E-commerce,Artificial Intelligence
29177,W24,tag,2025-04-01,2025-05-01,Artificial Intelligence,
29182,W24,tag,2025-04-01,2025-05-01,Artificial Intelligence,AI
29254,W24,tag,2025-04-01,2025-05-01,AI,Artificial Intelligence
29287,W24,tag,2025-04-01,2025-05-01,,AI
29296,S24,tag,2025-04-01,2025-05-01,Artificial Intelligence,AI
29301,W24,tag,2025-04-01,2025-05-01,Artificial Intelligence,AI
29324,W24,tag,2025-04-01,2025-05-01,Artificial Intelligence,AI
29341,W24,tag,2025-04-01,2025-05-01,AI,Artificial Intelligence
29349,S24,tag,2025-04-01,2025-05-01,AI,Artificial Intelligence
29354,W24,tag,2025-04-01,2025-05-01,,Databases
29358,W24,tag,2025-04-01,2025-05-01,Artificial Intelligence|Consumer,AI
29361,W24,subindustry,2025-04-01,2025-05-01,Consumer -> Content,Unspecified
29380,W24,tag,2025-04-01,2025-05-01,Artificial Intelligence,
29390,W24,tag,2025-04-01,2025-05-01,AI,Artificial Intelligence
29398,W24,tag,2025-04-01,2025-05-01,Artificial Intelligence,AI
29400,W24,tag,2025-04-01,2025-05-01,,Computer Vision|Data Engineering|Enterprise Software|Open Source|Search
29401,W24,tag,2025-04-01,2025-05-01,AI|Artificial Intelligence|B2B|Developer Tools|Monitoring,
29421,W24,tag,2025-04-01,2025-05-01,Artificial Intelligence|Consumer,Collaboration|Data Visualization
29443,W24,tag,2025-04-01,2025-05-01,AI|Conversational AI,Artificial Intelligence
29450,W24,tag,2025-04-01,2025-05-01,AI,Artificial Intelligence
29454,W24,tag,2025-04-01,2025-05-01,AI,Artificial Intelligence
29455,W24,tag,2025-04-01,2025-05-01,AI,Artificial Intelligence|Supply Chain
29456,W24,tag,2025-04-01,2025-05-01,,Developer Tools
29457,W24,subindustry,2025-04-01,2025-05-01,B2B,Unspecified
29459,W24,tag,2025-04-01,2025-05-01,Artificial Intelligence,AI
29496,W24,tag,2025-04-01,2025-05-01,AI,Construction|Fintech|SaaS
29499,W24,tag,2025-04-01,2025-05-01,Artificial Intelligence|Logistics,
29509,W24,subindustry,2025-04-01,2025-05-01,B2B -> Infrastructure,Unspecified
29516,W24,subindustry,2025-04-01,2025-05-01,Consumer -> Content,B2B
29518,W24,tag,2025-04-01,2025-05-01,,Finance|HR Tech|Operations|Sports Tech
29574,S24,tag,2025-04-01,2025-05-01,Artificial Intelligence,AI|Fintech
29577,F24,tag,2025-04-01,2025-05-01,AI,Artificial Intelligence
29588,S24,tag,2025-04-01,2025-05-01,Artificial Intelligence|Compliance|Enterprise|Hardware|Robotics,
29589,S24,tag,2025-04-01,2025-05-01,Drones,
29605,S24,tag,2025-04-01,2025-05-01,AI,Artificial Intelligence
29644,S24,tag,2025-04-01,2025-05-01,,Artificial Intelligence|Generative AI|SaaS|Video
29646,S24,tag,2025-04-01,2025-05-01,Artificial Intelligence,AI
29649,S24,tag,2025-04-01,2025-05-01,Artificial Intelligence,AI
29650,S24,tag,2025-04-01,2025-05-01,AI,Artificial Intelligence
29665,S24,tag,2025-04-01,2025-05-01,AI,Artificial Intelligence
29682,S24,tag,2025-04-01,2025-05-01,,Artificial Intelligence|DevOps|Developer Tools|Machine Learning
29685,S24,tag,2025-04-01,2025-05-01,,Logistics|Transportation
29703,S24,tag,2025-04-01,2025-05-01,AI,API|Compliance|SaaS
29705,S24,tag,2025-04-01,2025-05-01,AI,Artificial Intelligence
29711,S24,tag,2025-04-01,2025-05-01,Artificial Intelligence,AI
29716,S24,tag,2025-04-01,2025-05-01,,Artificial Intelligence|B2B|DevOps|Developer Tools|Kubernetes
29738,S24,tag,2025-04-01,2025-05-01,Artificial Intelligence,AI
29751,S24,tag,2025-04-01,2025-05-01,Artificial Intelligence,AI
29762,S24,tag,2025-04-01,2025-05-01,AI,Artificial Intelligence
29765,S24,subindustry,2025-04-01,2025-05-01,"B2B -> Engineering, Product and Design",Unspecified
29776,S24,tag,2025-04-01,2025-05-01,,Construction|Documents|Generative AI|GovTech|Proptech
29778,S24,tag,2025-04-01,2025-05-01,AI|Developer Tools,Artificial Intelligence|B2B|Compliance|Generative AI|Insurance
29797,S24,tag,2025-04-01,2025-05-01,Artificial Intelligence,AI
29848,S24,tag,2025-04-01,2025-05-01,Artificial Intelligence,AI
29951,S24,tag,2025-04-01,2025-05-01,Open Source,API|Customer Support
29972,S24,tag,2025-04-01,2025-05-01,Artificial Intelligence,AI
29982,S24,industry,2025-04-01,2025-05-01,Consumer,B2B
30016,F24,tag,2025-04-01,2025-05-01,,ML
30021,F24,tag,2025-04-01,2025-05-01,,AI|B2B|SaaS
30041,F24,tag,2025-04-01,2025-05-01,Artificial Intelligence,AI
30045,F24,tag,2025-04-01,2025-05-01,,Artificial Intelligence|Big Data|Cloud Computing|Developer Tools|Infrastructure
30057,F24,tag,2025-04-01,2025-05-01,AI,Artificial Intelligence
30060,F24,tag,2025-04-01,2025-05-01,Artificial Intelligence,AI
30064,F24,tag,2025-04-01,2025-05-01,Artificial Intelligence,AI
30068,F24,tag,2025-04-01,2025-05-01,AI|Advertising|Design|Design Tools|Video,Artificial Intelligence|Automation|Customer Success|Customer Support|Enterprise
30068,F24,industry,2025-04-01,2025-05-01,Consumer,B2B
30111,F24,tag,2025-04-01,2025-05-01,AI,Artificial Intelligence
30113,F24,tag,2025-04-01,2025-05-01,AI,Artificial Intelligence
30131,F24,tag,2025-04-01,2025-05-01,,AI|Health Tech|Healthcare
30160,W25,tag,2025-04-01,2025-05-01,AI,Artificial Intelligence
30181,W25,tag,2025-04-01,2025-05-01,AI,Artificial Intelligence
30204,W25,tag,2025-04-01,2025-05-01,,Developer Tools|Infrastructure|Open Source
30205,W25,tag,2025-04-01,2025-05-01,Artificial Intelligence|Education|Workflow Automation,
30210,W25,tag,2025-04-01,2025-05-01,AI,Artificial Intelligence
30212,W25,tag,2025-04-01,2025-05-01,Artificial Intelligence,AI
30215,W25,tag,2025-04-01,2025-05-01,Marketplace|Recruiting,B2B
30224,W25,tag,2025-04-01,2025-05-01,,Fusion Energy
30226,W25,tag,2025-04-01,2025-05-01,Artificial Intelligence,AI
30247,W25,tag,2025-04-01,2025-05-01,,Artificial Intelligence|Developer Tools|Infrastructure|Machine Learning|Reinforcement Learning
30255,W25,tag,2025-04-01,2025-05-01,Artificial Intelligence,AI
30262,W25,tag,2025-04-01,2025-05-01,Artificial Intelligence,AI
30268,W25,tag,2025-04-01,2025-05-01,Artificial Intelligence,AI
30270,W25,tag,2025-04-01,2025-05-01,AI Assistant|B2B|Digital Health|Health Tech|SaaS,
30274,W25,tag,2025-04-01,2025-05-01,Artificial Intelligence|B2B|Community|Finance|Investing,
30275,W25,tag,2025-04-01,2025-05-01,,Artificial Intelligence|SaaS
30281,W25,tag,2025-04-01,2025-05-01,,Artificial Intelligence|Climate|Construction|GovTech|Transportation
30294,W25,tag,2025-04-01,2025-05-01,AI|Artificial Intelligence|B2B|Generative AI|SaaS,
30297,W25,tag,2025-04-01,2025-05-01,B2B,
30298,W25,subindustry,2025-04-01,2025-05-01,B2B -> Analytics,B2B
30301,W25,tag,2025-04-01,2025-05-01,,Artificial Intelligence|B2B|Operations|SaaS|Sales
30307,W25,tag,2025-04-01,2025-05-01,GovTech,
30312,W25,tag,2025-04-01,2025-05-01,,AI|Consumer|E-commerce|Fashion|Retail Tech
30318,W25,tag,2025-04-01,2025-05-01,,AI|API|Developer Tools|Generative AI|SaaS
30321,W25,subindustry,2025-04-01,2025-05-01,B2B,Unspecified
30322,W25,tag,2025-04-01,2025-05-01,Artificial Intelligence,AI
30328,W25,tag,2025-04-01,2025-05-01,,AI|Aerospace|B2B|SaaS
30334,W25,tag,2025-04-01,2025-05-01,AI,Artificial Intelligence
30343,W25,tag,2025-04-01,2025-05-01,,AI Assistant|Artificial Intelligence|B2B|Customer Success|Customer Support
30355,W25,tag,2025-04-01,2025-05-01,AI Assistant|Chat|Web Development,
30368,W25,tag,2025-04-01,2025-05-01,,Agriculture|Robotics|Sustainable Agriculture
465,Summer 2012,tag,2025-05-01,2025-06-01,E-commerce,E-Commerce
679,Summer 2014,tag,2025-05-01,2025-06-01,Augmented Reality|Computer Vision,Furniture
748,Winter 2015,tag,2025-05-01,2025-06-01,Artificial Intelligence|Deep Learning,
1225,Summer 2016,tag,2025-05-01,2025-06-01,Data Science,
1835,Winter 2018,subindustry,2025-05-01,2025-06-01,Consumer -> Content,Consumer -> Virtual and Augmented Reality
1889,Summer 2018,tag,2025-05-01,2025-06-01,Artificial Intelligence,AI
11922,Winter 2019,industry,2025-05-01,2025-06-01,Healthcare,Industrials
11975,Winter 2019,tag,2025-05-01,2025-06-01,Artificial Intelligence,
11991,Winter 2019,tag,2025-05-01,2025-06-01,Artificial Intelligence|B2B|Customer Support|SaaS,
13334,Winter 2020,tag,2025-05-01,2025-06-01,Artificial Intelligence,AI
13549,Winter 2020,tag,2025-05-01,2025-06-01,Artificial Intelligence,
21781,Summer 2020,tag,2025-05-01,2025-06-01,AI,
21857,Summer 2020,tag,2025-05-01,2025-06-01,Artificial Intelligence,AI
21969,Summer 2020,tag,2025-05-01,2025-06-01,AI,Artificial Intelligence
22021,Summer 2020,tag,2025-05-01,2025-06-01,Email|Marketing,
22241,Summer 2020,tag,2025-05-01,2025-06-01,AI,Artificial Intelligence
22751,Winter 2021,tag,2025-05-01,2025-06-01,Real Estate,Crowdfunding
22997,Winter 2021,tag,2025-05-01,2025-06-01,Edtech,
23105,Winter 2021,tag,2025-05-01,2025-06-01,Compliance|Finance,AIOps|API|Crypto / Web3
23220,Winter 2021,tag,2025-05-01,2025-06-01,Artificial Intelligence,AI
24038,Summer 2021,tag,2025-05-01,2025-06-01,Artificial Intelligence,AI
24093,Summer 2021,tag,2025-05-01,2025-06-01,AI Assistant|Artificial Intelligence,
24161,Summer 2021,tag,2025-05-01,2025-06-01,AI,Artificial Intelligence
24191,Summer 2021,tag,2025-05-01,2025-06-01,AI,Developer Tools
24198,Summer 2021,tag,2025-05-01,2025-06-01,Artificial Intelligence,
24203,Summer 2021,tag,2025-05-01,2025-06-01,AI|Entertainment,Art Trading Platforms|Marketplace
24817,Summer 2021,tag,2025-05-01,2025-06-01,AI|AI Assistant,Artificial Intelligence|B2B
25279,Winter 2022,tag,2025-05-01,2025-06-01,Artificial Intelligence,AI|Social Media
25279,Winter 2022,industry,2025-05-01,2025-06-01,Consumer,B2B
25307,Winter 2022,tag,2025-05-01,2025-06-01,AI,Artificial Intelligence
25451,Winter 2022,tag,2025-05-01,2025-06-01,,AI
25537,Winter 2022,tag,2025-05-01,2025-06-01,AI,Artificial Intelligence
25603,Winter 2022,tag,2025-05-01,2025-06-01,AI,Artificial Intelligence
25614,Winter 2022,tag,2025-05-01,2025-06-01,AI|Artificial Intelligence|Consumer|Developer Tools,Media|Video
25635,Winter 2022,tag,2025-05-01,2025-06-01,AI,Artificial Intelligence
25645,Winter 2022,tag,2025-05-01,2025-06-01,Artificial Intelligence,Customer Service|Customer Support
25732,Winter 2022,tag,2025-05-01,2025-06-01,No-code,Gaming
25732,Winter 2022,industry,2025-05-01,2025-06-01,B2B,Consumer
25810,Winter 2022,tag,2025-05-01,2025-06-01,,B2B|SaaS
25870,Winter 2022,tag,2025-05-01,2025-06-01,AI,Artificial Intelligence
26034,Winter 2022,tag,2025-05-01,2025-06-01,AI|Sales|Sales Enablement,API|Climate|ClimateTech
26034,Winter 2022,industry,2025-05-01,2025-06-01,B2B,Industrials
26094,Winter 2022,tag,2025-05-01,2025-06-01,,Databases
26505,Summer 2022,tag,2025-05-01,2025-06-01,Artificial Intelligence,AI
26717,Summer 2022,tag,2025-05-01,2025-06-01,AI|Databases,
26800,Summer 2022,tag,2025-05-01,2025-06-01,AI,Artificial Intelligence
27085,Summer 2022,tag,2025-05-01,2025-06-01,Consumer,
27151,Summer 2022,tag,2025-05-01,2025-06-01,,Artificial Intelligence|B2B|Healthcare|SaaS
27154,Summer 2022,tag,2025-05-01,2025-06-01,E-commerce,Sales
27253,Summer 2022,tag,2025-05-01,2025-06-01,Workflow Automation,Fintech
27667,Winter 2023,tag,2025-05-01,2025-06-01,Artificial Intelligence,AI
27692,Winter 2023,tag,2025-05-01,2025-06-01,,Big Data
27697,Winter 2023,tag,2025-05-01,2025-06-01,AI,Artificial Intelligence
27762,Winter 2023,tag,2025-05-01,2025-06-01,AI|Data Engineering,Artificial Intelligence|Climate|Databases|Energy Storage|Machine Learning
27785,Winter 2023,tag,2025-05-01,2025-06-01,,Fintech
27828,Winter 2023,tag,2025-05-01,2025-06-01,Artificial Intelligence,AI
27859,Winter 2023,tag,2025-05-01,2025-06-01,AI,Artificial Intelligence
27874,Winter 2023,tag,2025-05-01,2025-06-01,,Artificial Intelligence|B2B|Developer Tools|SaaS
27935,Winter 2023,tag,2025-05-01,2025-06-01,Cybersecurity,AI|Data Labeling|Data Science|Developer Tools
27947,Winter 2023,tag,2025-05-01,2025-06-01,Artificial Intelligence,AI
27960,Winter 2023,tag,2025-05-01,2025-06-01,Aerospace|Drones|Satellites,
28417,Winter 2023,tag,2025-05-01,2025-06-01,AI|Conversational AI,
28787,Summer 2023,tag,2025-05-01,2025-06-01,AI,Artificial Intelligence
28792,Summer 2023,tag,2025-05-01,2025-06-01,,AI|Generative AI|Media
28811,Summer 2023,tag,2025-05-01,2025-06-01,AI,Artificial Intelligence
28813,Summer 2023,subindustry,2025-05-01,2025-06-01,Consumer,B2B -> Operations
28814,Summer 2023,tag,2025-05-01,2025-06-01,AI|API,Artificial Intelligence|Developer Tools
28818,Summer 2023,tag,2025-05-01,2025-06-01,Generative AI|Logistics,Artificial Intelligence|Enterprise Software
28822,Summer 2023,tag,2025-05-01,2025-06-01,,Climate|Consumer|Energy|Hardware|Proptech
28836,Summer 2023,tag,2025-05-01,2025-06-01,AI,Artificial Intelligence
28838,Summer 2023,subindustry,2025-05-01,2025-06-01,B2B,B2B -> Analytics
28839,Summer 2023,tag,2025-05-01,2025-06-01,Artificial Intelligence,AI
28841,Summer 2023,tag,2025-05-01,2025-06-01,AI|Workflow Automation,Artificial Intelligence
28847,Summer 2023,tag,2025-05-01,2025-06-01,AI|Sales,
28863,Summer 2023,tag,2025-05-01,2025-06-01,Artificial Intelligence,AI
28880,Summer 2023,tag,2025-05-01,2025-06-01,AI,Artificial Intelligence
28887,Summer 2023,tag,2025-05-01,2025-06-01,Artificial Intelligence,AI
28927,Summer 2023,tag,2025-05-01,2025-06-01,Artificial Intelligence,AI
28981,Summer 2023,tag,2025-05-01,2025-06-01,AI Assistant|Automation|Big Data|Productivity,
29005,Summer 2023,tag,2025-05-01,2025-06-01,,AI|API|B2B|Cybersecurity|Security
29010,Summer 2023,tag,2025-05-01,2025-06-01,AI,Artificial Intelligence
29013,Summer 2023,tag,2025-05-01,2025-06-01,Artificial Intelligence,AI
29026,Summer 2023,tag,2025-05-01,2025-06-01,,Fintech|Lending|Proptech
29091,Summer 2023,tag,2025-05-01,2025-06-01,AI,Entertainment
29105,Summer 2023,tag,2025-05-01,2025-06-01,Artificial Intelligence,AI
29118,Summer 2023,tag,2025-05-01,2025-06-01,AI,Artificial Intelligence
29120,Summer 2023,tag,2025-05-01,2025-06-01,AI|API|Infrastructure,Housing|Travel|Workflow Automation
29160,Summer 2023,tag,2025-05-01,2025-06-01,,AI|Consumer|Generative AI
29177,Winter 2024,tag,2025-05-01,2025-06-01,AI,Artificial Intelligence
29238,Winter 2024,tag,2025-05-01,2025-06-01,AI|Generative AI,Developer Tools
29249,Winter 2024,tag,2025-05-01,2025-06-01,AI,Artificial Intelligence
29263,Winter 2024,subindustry,2025-05-01,2025-06-01,B2B -> Recruiting and Talent,B2B
29273,Winter 2024,tag,2025-05-01,2025-06-01,AI,Artificial Intelligence
29290,Winter 2024,tag,2025-05-01,2025-06-01,Insurance,
29296,Summer 2024,tag,2025-05-01,2025-06-01,AI,Artificial Intelligence
29330,Winter 2024,tag,2025-05-01,2025-06-01,Sales|Sales Enablement,Developer Tools|Web Development
29340,Winter 2024,tag,2025-05-01,2025-06-01,AI,Artificial Intelligence
29346,Winter 2024,subindustry,2025-05-01,2025-06-01,B2B,Unspecified
29349,Summer 2024,tag,2025-05-01,2025-06-01,Artificial Intelligence,AI
29372,Winter 2024,tag,2025-05-01,2025-06-01,AI,Open Source
29372,Winter 2024,industry,2025-05-01,2025-06-01,Consumer,B2B
29374,Winter 2024,tag,2025-05-01,2025-06-01,Artificial Intelligence,AI
29380,Winter 2024,tag,2025-05-01,2025-06-01,AI|Customer Service|Customer Support|Messaging|Sales,Artificial Intelligence
29389,Winter 2024,subindustry,2025-05-01,2025-06-01,B2B -> Security,B2B -> Infrastructure
29419,Winter 2024,tag,2025-05-01,2025-06-01,Artificial Intelligence|B2B|Fintech,AI|AI-Enhanced Learning|Consumer|Entertainment|Podcasts
29419,Winter 2024,industry,2025-05-01,2025-06-01,B2B,Consumer
29439,Winter 2024,tag,2025-05-01,2025-06-01,Artificial Intelligence,AI
29448,Winter 2024,tag,2025-05-01,2025-06-01,,Fintech|International|Payments
29450,Winter 2024,tag,2025-05-01,2025-06-01,Artificial Intelligence|Consumer|Productivity,Documents|Generative AI|NLP
29455,Winter 2024,tag,2025-05-01,2025-06-01,Artificial Intelligence,AI
29456,Winter 2024,tag,2025-05-01,2025-06-01,AI,Artificial Intelligence
29500,Winter 2024,tag,2025-05-01,2025-06-01,B2B|Enterprise|Insurance,Compliance|Emerging Markets|Neobank
29506,Winter 2024,tag,2025-05-01,2025-06-01,Artificial Intelligence,AI
29579,Summer 2024,tag,2025-05-01,2025-06-01,AI Assistant|Artificial Intelligence,AI|Automation
29586,Summer 2024,tag,2025-05-01,2025-06-01,,B2B|DevOps|Developer Tools|Kubernetes|Open Source
29596,Summer 2024,tag,2025-05-01,2025-06-01,Media,API|Artificial Intelligence
29611,Summer 2024,tag,2025-05-01,2025-06-01,AI,Artificial Intelligence
29646,Summer 2024,tag,2025-05-01,2025-06-01,AI,Artificial Intelligence
29649,Summer 2024,tag,2025-05-01,2025-06-01,AI,Artificial Intelligence
29650,Summer 2024,tag,2025-05-01,2025-06-01,Artificial Intelligence,AI
29656,Spring 2025,tag,2025-05-01,2025-06-01,Enterprise Software|Generative AI,
29666,Spring 2025,subindustry,2025-05-01,2025-06-01,Consumer,B2B
29693,Summer 2024,tag,2025-05-01,2025-06-01,AI|Analytics|Marketing,Developer Tools|Open Source|Web Development
29695,Summer 2024,tag,2025-05-01,2025-06-01,AI,Artificial Intelligence
29702,Summer 2024,tag,2025-05-01,2025-06-01,Artificial Intelligence|Billing,AI
29705,Summer 2024,tag,2025-05-01,2025-06-01,Artificial Intelligence,AI
29708,Summer 2024,tag,2025-05-01,2025-06-01,,AI|Generative AI|Infrastructure|Open Source|SaaS
29713,Summer 2024,tag,2025-05-01,2025-06-01,Artificial Intelligence|Biotech|Deep Learning,
29713,Summer 2024,industry,2025-05-01,2025-06-01,Healthcare,Industrials
29731,Summer 2024,tag,2025-05-01,2025-06-01,Artificial Intelligence|Data Science,AI|GovTech
29731,Summer 2024,industry,2025-05-01,2025-06-01,B2B,Government
29738,Summer 2024,tag,2025-05-01,2025-06-01,AI,Artificial Intelligence
29739,Summer 2024,tag,2025-05-01,2025-06-01,AI,
29814,Summer 2024,tag,2025-05-01,2025-06-01,,Artificial Intelligence|Hardware|Manufacturing|Supply Chain
29823,Summer 2024,tag,2025-05-01,2025-06-01,AI,Artificial Intelligence
29848,Summer 2024,tag,2025-05-01,2025-06-01,AI,Artificial Intelligence
29851,Summer 2024,tag,2025-05-01,2025-06-01,Hardware,Generative AI|SaaS
29964,Summer 2024,tag,2025-05-01,2025-06-01,Artificial Intelligence,AI
29973,Summer 2024,tag,2025-05-01,2025-06-01,AI,Artificial Intelligence
29983,Summer 2024,tag,2025-05-01,2025-06-01,Customer Support,Analytics
29989,Summer 2024,tag,2025-05-01,2025-06-01,,AI|Developer Tools|Generative AI
30017,Fall 2024,tag,2025-05-01,2025-06-01,E-commerce,Data Labeling
30033,Fall 2024,tag,2025-05-01,2025-06-01,Sales Enablement,
30036,Fall 2024,tag,2025-05-01,2025-06-01,,FinOps|Finance|Fraud Detection|Fraud Prevention
30048,Fall 2024,tag,2025-05-01,2025-06-01,AI,Artificial Intelligence
30050,Fall 2024,tag,2025-05-01,2025-06-01,AI,Artificial Intelligence
30055,Fall 2024,tag,2025-05-01,2025-06-01,,B2B|SaaS
30057,Fall 2024,tag,2025-05-01,2025-06-01,Artificial Intelligence,AI
30068,Fall 2024,tag,2025-05-01,2025-06-01,Artificial Intelligence,AI
30074,Fall 2024,tag,2025-05-01,2025-06-01,,AI|Enterprise Software|SaaS|Web Development
30097,Fall 2024,tag,2025-05-01,2025-06-01,AI|Developer Tools,AI Assistant|Consumer|Generative AI|Hard Tech
30099,Fall 2024,tag,2025-05-01,2025-06-01,Aerospace|Artificial Intelligence,AI|Customer Support
30108,Fall 2024,tag,2025-05-01,2025-06-01,Artificial Intelligence,AI
30110,Fall 2024,tag,2025-05-01,2025-06-01,Airlines,Manufacturing
30113,Fall 2024,tag,2025-05-01,2025-06-01,Artificial Intelligence,AI
30160,Winter 2025,tag,2025-05-01,2025-06-01,Artificial Intelligence,AI
30182,Winter 2025,tag,2025-05-01,2025-06-01,,AI|Analytics|Big Data|Marketing|Sales
30183,Winter 2025,tag,2025-05-01,2025-06-01,AI,Artificial Intelligence
30189,Winter 2025,tag,2025-05-01,2025-06-01,Artificial Intelligence,AI
30193,Winter 2025,tag,2025-05-01,2025-06-01,Artificial Intelligence|Web Development,AI|AI Assistant|B2B
30212,Winter 2025,tag,2025-05-01,2025-06-01,AI,Artificial Intelligence
30231,Winter 2025,tag,2025-05-01,2025-06-01,Customer Support,Developer Tools
30234,Winter 2025,tag,2025-05-01,2025-06-01,,Design Tools|Generative AI|Hardware
30236,Winter 2025,tag,2025-05-01,2025-06-01,,AI|B2B|Compliance|SaaS
30242,Winter 2025,tag,2025-05-01,2025-06-01,AI,Artificial Intelligence
30247,Winter 2025,tag,2025-05-01,2025-06-01,Artificial Intelligence|Infrastructure|Machine Learning|Reinforcement Learning,
30256,Winter 2025,tag,2025-05-01,2025-06-01,,Artificial Intelligence|B2B|Cryptocurrency|Fintech|Marketplace
30262,Winter 2025,tag,2025-05-01,2025-06-01,AI,Artificial Intelligence
30267,Winter 2025,tag,2025-05-01,2025-06-01,Artificial Intelligence|Enterprise,AI|Social Media
30273,Winter 2025,tag,2025-05-01,2025-06-01,,Artificial Intelligence|B2B|Design Tools|Electronics
30279,Winter 2025,tag,2025-05-01,2025-06-01,Industrial,Enterprise
30325,Winter 2025,tag,2025-05-01,2025-06-01,Artificial Intelligence,AI
30329,Spring 2025,tag,2025-05-01,2025-06-01,Generative AI|Web Development,Artificial Intelligence|Social Media
30329,Spring 2025,subindustry,2025-05-01,2025-06-01,Consumer,Consumer -> Content
30337,Winter 2025,tag,2025-05-01,2025-06-01,AI Assistant|Digital Health|Healthcare IT,
30351,Winter 2025,tag,2025-05-01,2025-06-01,Artificial Intelligence,Automation
30351,Winter 2025,industry,2025-05-01,2025-06-01,B2B,Consumer
30354,Winter 2025,tag,2025-05-01,2025-06-01,,Aerospace|B2B|Design Tools|Developer Tools|Hardware
30399,Spring 2025,industry,2025-05-01,2025-06-01,Healthcare,B2B
30415,Spring 2025,tag,2025-05-01,2025-06-01,AI,Artificial Intelligence
30417,Spring 2025,tag,2025-05-01,2025-06-01,,Aerospace|Industrial|Manufacturing|SaaS
30421,Spring 2025,tag,2025-05-01,2025-06-01,AI|Biotech|Enterprise,Generative AI|SaaS
30421,Spring 2025,industry,2025-05-01,2025-06-01,Healthcare,B2B
30429,Spring 2025,tag,2025-05-01,2025-06-01,Artificial Intelligence,AI
30430,Spring 2025,tag,2025-05-01,2025-06-01,,Artificial Intelligence|B2B|Hardware|Manufacturing|Robotics
30442,Spring 2025,tag,2025-05-01,2025-06-01,AI,Artificial Intelligence
30443,Spring 2025,tag,2025-05-01,2025-06-01,Artificial Intelligence,AI
30444,Spring 2025,tag,2025-05-01,2025-06-01,Automation|Sales|Supply Chain,
30447,Spring 2025,tag,2025-05-01,2025-06-01,Artificial Intelligence|Civic Tech,AI
30453,Spring 2025,tag,2025-05-01,2025-06-01,AI,Artificial Intelligence
30456,Spring 2025,tag,2025-05-01,2025-06-01,AI,Artificial Intelligence
30462,Spring 2025,tag,2025-05-01,2025-06-01,AI|Recruiting,Consumer
30462,Spring 2025,industry,2025-05-01,2025-06-01,B2B,Consumer
30484,Spring 2025,tag,2025-05-01,2025-06-01,Artificial Intelligence|Automation|B2B|Sales,
30492,Spring 2025,tag,2025-05-01,2025-06-01,AI,Artificial Intelligence
30497,Spring 2025,tag,2025-05-01,2025-06-01,Artificial Intelligence,AI
30506,Spring 2025,tag,2025-05-01,2025-06-01,API|Artificial Intelligence,
30507,Spring 2025,tag,2025-05-01,2025-06-01,Developer Tools,Data Engineering
30513,Spring 2025,tag,2025-05-01,2025-06-01,Artificial Intelligence|B2B|Enterprise|Fintech,
30529,Spring 2025,tag,2025-05-01,2025-06-01,B2B,Healthcare IT
30530,Spring 2025,tag,2025-05-01,2025-06-01,Artificial Intelligence,AI
30538,Spring 2025,tag,2025-05-01,2025-06-01,Artificial Intelligence,AI
30544,Spring 2025,tag,2025-05-01,2025-06-01,Consumer|Web Development,Developer Tools|SaaS|Workflow Automation
30544,Spring 2025,industry,2025-05-01,2025-06-01,Consumer,B2B
30549,Spring 2025,tag,2025-05-01,2025-06-01,Artificial Intelligence,AI|Open Source
30557,Spring 2025,tag,2025-05-01,2025-06-01,Artificial Intelligence|Enterprise Software|Workflow Automation,
252,Summer 2009,tag,2025-06-01,2025-07-01,Marketplace,Psychedelics
252,Summer 2009,industry,2025-06-01,2025-07-01,Real Estate and Construction,Healthcare
252,Summer 2009,subindustry,2025-06-01,2025-07-01,Real Estate and Construction,Healthcare -> Therapeutics
419,Summer 2012,industry,2025-06-01,2025-07-01,Consumer,B2B
585,Winter 2014,industry,2025-06-01,2025-07-01,Healthcare,Unspecified
878,Summer 2015,tag,2025-06-01,2025-07-01,Artificial Intelligence,AI
1268,Summer 2016,tag,2025-06-01,2025-07-01,AR|Artificial Intelligence|Consumer|Hardware|Metaverse,Augmented Reality
1272,Summer 2016,tag,2025-06-01,2025-07-01,AI,Artificial Intelligence
1548,Winter 2012,tag,2025-06-01,2025-07-01,Artificial Intelligence,AI
1769,Winter 2018,tag,2025-06-01,2025-07-01,AI|Payments,
1834,Winter 2018,tag,2025-06-01,2025-07-01,Neobank,
1967,Summer 2018,tag,2025-06-01,2025-07-01,Automation|Biotechnology|Hardware|IoT,
11948,Winter 2019,tag,2025-06-01,2025-07-01,Artificial Intelligence,AI
11968,Winter 2019,tag,2025-06-01,2025-07-01,Health & Wellness,Subscriptions
12065,Winter 2019,industry,2025-06-01,2025-07-01,Consumer,B2B
12660,Summer 2019,tag,2025-06-01,2025-07-01,Artificial Intelligence,AI
12833,Summer 2019,tag,2025-06-01,2025-07-01,Consumer Products,
13098,Winter 2020,tag,2025-06-01,2025-07-01,AI,Artificial Intelligence
13273,Winter 2020,tag,2025-06-01,2025-07-01,Artificial Intelligence,AI
13519,Winter 2020,tag,2025-06-01,2025-07-01,Artificial Intelligence,AI
22043,Summer 2020,tag,2025-06-01,2025-07-01,Health & Wellness,
23017,Winter 2021,tag,2025-06-01,2025-07-01,AI,Artificial Intelligence
23539,Winter 2021,tag,2025-06-01,2025-07-01,Healthcare IT,
23954,Winter 2022,tag,2025-06-01,2025-07-01,AI,Artificial Intelligence
24191,Summer 2021,tag,2025-06-01,2025-07-01,Artificial Intelligence,AI
24391,Summer 2021,tag,2025-06-01,2025-07-01,AI,Artificial Intelligence
24404,Summer 2021,tag,2025-06-01,2025-07-01,AI|No-code|Workflow Automation,Data Engineering|Developer Tools
25279,Winter 2022,tag,2025-06-01,2025-07-01,CRM,
25528,Winter 2022,tag,2025-06-01,2025-07-01,B2B,Proptech
25528,Winter 2022,industry,2025-06-01,2025-07-01,Fintech,Real Estate and Construction
25575,Winter 2022,tag,2025-06-01,2025-07-01,Artificial Intelligence|Cloud Computing,AI|Machine Learning
25662,Winter 2022,tag,2025-06-01,2025-07-01,,B2B|Fintech|SaaS
25672,Winter 2022,tag,2025-06-01,2025-07-01,Artificial Intelligence,AI
25819,Winter 2022,tag,2025-06-01,2025-07-01,AI,Artificial Intelligence
25870,Winter 2022,tag,2025-06-01,2025-07-01,Artificial Intelligence,AI
25954,Winter 2022,tag,2025-06-01,2025-07-01,AI,Artificial Intelligence
26094,Winter 2022,tag,2025-06-01,2025-07-01,AI,Artificial Intelligence
26125,Winter 2022,tag,2025-06-01,2025-07-01,AI,Artificial Intelligence
26723,Summer 2022,tag,2025-06-01,2025-07-01,Artificial Intelligence,Customer Success
27037,Summer 2022,tag,2025-06-01,2025-07-01,AI,Artificial Intelligence
27097,Summer 2022,tag,2025-06-01,2025-07-01,Artificial Intelligence,AI
27140,Summer 2022,tag,2025-06-01,2025-07-01,AI,Fintech
27172,Summer 2022,tag,2025-06-01,2025-07-01,AI,Artificial Intelligence
27178,Summer 2022,tag,2025-06-01,2025-07-01,AI,Artificial Intelligence
27583,Winter 2023,industry,2025-06-01,2025-07-01,Consumer,B2B
27692,Winter 2023,tag,2025-06-01,2025-07-01,AI,Artificial Intelligence
27837,Winter 2023,industry,2025-06-01,2025-07-01,B2B,Real Estate and Construction
27947,Winter 2023,tag,2025-06-01,2025-07-01,AI,Artificial Intelligence
28069,Winter 2023,tag,2025-06-01,2025-07-01,Artificial Intelligence,AI
28329,Winter 2023,tag,2025-06-01,2025-07-01,AI,Artificial Intelligence
28799,Summer 2023,subindustry,2025-06-01,2025-07-01,Healthcare -> Healthcare Services,B2B -> Security
28814,Summer 2023,tag,2025-06-01,2025-07-01,Artificial Intelligence,AI|API
28826,Summer 2023,tag,2025-06-01,2025-07-01,Artificial Intelligence,AI|Developer Tools
28841,Summer 2023,tag,2025-06-01,2025-07-01,Artificial Intelligence|Cloud Computing|Infrastructure,AI|Productivity|Workflow Automation
28842,Summer 2023,tag,2025-06-01,2025-07-01,Fintech|Payments,
28857,Summer 2023,tag,2025-06-01,2025-07-01,AI,Artificial Intelligence
28882,Summer 2023,tag,2025-06-01,2025-07-01,Artificial Intelligence|Chatbot|Design|Web Development,Analytics|DevOps|Developer Tools
28884,Summer 2023,tag,2025-06-01,2025-07-01,Enterprise,Consumer|Search
28884,Summer 2023,industry,2025-06-01,2025-07-01,B2B,Consumer
28900,Summer 2023,tag,2025-06-01,2025-07-01,Artificial Intelligence,AI
28928,Summer 2023,tag,2025-06-01,2025-07-01,AI,Artificial Intelligence
28935,Summer 2023,subindustry,2025-06-01,2025-07-01,Healthcare -> Healthcare IT,Healthcare -> Healthcare Services
28971,Summer 2023,subindustry,2025-06-01,2025-07-01,B2B -> Operations,B2B -> Security
28976,Summer 2023,tag,2025-06-01,2025-07-01,Artificial Intelligence|HR Tech|Recruiting,
29021,Summer 2023,tag,2025-06-01,2025-07-01,,AI|Automation|B2B|Operations|SaaS
29071,Summer 2023,tag,2025-06-01,2025-07-01,Artificial Intelligence|Energy,AI|ClimateTech
29074,Summer 2023,tag,2025-06-01,2025-07-01,Artificial Intelligence|Recruiting,AI|B2B
29103,Summer 2023,tag,2025-06-01,2025-07-01,AI Assistant,
29118,Summer 2023,tag,2025-06-01,2025-07-01,Artificial Intelligence,AI
29125,Summer 2023,tag,2025-06-01,2025-07-01,Artificial Intelligence,AI
29181,Winter 2024,industry,2025-06-01,2025-07-01,Fintech,B2B
29196,Winter 2024,tag,2025-06-01,2025-07-01,Artificial Intelligence,AI
29231,Winter 2024,tag,2025-06-01,2025-07-01,AI,Artificial Intelligence
29253,Winter 2024,tag,2025-06-01,2025-07-01,Artificial Intelligence,AI
29257,Winter 2024,tag,2025-06-01,2025-07-01,Electronics,
29288,Winter 2024,subindustry,2025-06-01,2025-07-01,Healthcare -> Healthcare IT,B2B
29291,Winter 2024,tag,2025-06-01,2025-07-01,Compliance|Fintech|Regtech,B2B|Big Data|Infrastructure|SaaS
29310,Winter 2024,tag,2025-06-01,2025-07-01,,AI|Artificial Intelligence|B2B|Developer Tools|SaaS
29311,Winter 2024,subindustry,2025-06-01,2025-07-01,B2B -> Infrastructure,B2B
29334,Winter 2024,tag,2025-06-01,2025-07-01,Artificial Intelligence|Customer Success,AI|Developer Tools
29340,Winter 2024,tag,2025-06-01,2025-07-01,Artificial Intelligence,AI
29341,Winter 2024,tag,2025-06-01,2025-07-01,Artificial Intelligence,AI
29350,Winter 2024,tag,2025-06-01,2025-07-01,AI|CRM,Artificial Intelligence|Renewable Energy|SaaS|Solar Power
29362,Winter 2024,tag,2025-06-01,2025-07-01,Artificial Intelligence|Developer Tools|Security|Web Development,
29374,Winter 2024,tag,2025-06-01,2025-07-01,Open Source,AI Assistant|SaaS
29380,Winter 2024,tag,2025-06-01,2025-07-01,Artificial Intelligence,AI
29401,Winter 2024,tag,2025-06-01,2025-07-01,,Developer Tools
29405,Winter 2024,subindustry,2025-06-01,2025-07-01,B2B -> Operations,B2B
29441,Winter 2024,subindustry,2025-06-01,2025-07-01,B2B -> Infrastructure,B2B
29476,Winter 2024,tag,2025-06-01,2025-07-01,,AI|AI-powered Drug Discovery|Biotech|Drug discovery|Therapeutics
29516,Winter 2024,tag,2025-06-01,2025-07-01,AI,
29572,Summer 2024,tag,2025-06-01,2025-07-01,AI,Artificial Intelligence
29582,Summer 2024,tag,2025-06-01,2025-07-01,Artificial Intelligence,AI
29591,Summer 2024,tag,2025-06-01,2025-07-01,,Data Visualization|Databases|Hard Tech|Industrial|Time Series
29663,Summer 2024,tag,2025-06-01,2025-07-01,Artificial Intelligence,AI
29665,Summer 2024,tag,2025-06-01,2025-07-01,Artificial Intelligence,AI
29667,Summer 2024,tag,2025-06-01,2025-07-01,B2B|ClimateTech|Energy|Energy Storage|Renewable Energy,
29682,Summer 2024,tag,2025-06-01,2025-07-01,Artificial Intelligence|Developer Tools|ML,
29694,Summer 2024,tag,2025-06-01,2025-07-01,Artificial Intelligence|SaaS,AI|Manufacturing
29697,Summer 2024,tag,2025-06-01,2025-07-01,AI,Artificial Intelligence
29713,Summer 2024,subindustry,2025-06-01,2025-07-01,Healthcare,Industrials -> Climate
29729,Summer 2024,tag,2025-06-01,2025-07-01,Artificial Intelligence,AI
29731,Summer 2024,tag,2025-06-01,2025-07-01,AI,Artificial Intelligence
29741,Summer 2024,tag,2025-06-01,2025-07-01,,Artificial Intelligence|Automation|B2B|Billing|FinOps
29762,Summer 2024,tag,2025-06-01,2025-07-01,Artificial Intelligence,AI
29765,Summer 2024,industry,2025-06-01,2025-07-01,Consumer,B2B
29786,Summer 2024,tag,2025-06-01,2025-07-01,Artificial Intelligence,AI
29790,Winter 2025,tag,2025-06-01,2025-07-01,,AI|HR Tech|Healthcare|SaaS|Scheduling
29792,Summer 2024,tag,2025-06-01,2025-07-01,Consumer Finance|Fintech,Enterprise Software|Productivity|Workflow Automation
29792,Summer 2024,industry,2025-06-01,2025-07-01,Fintech,B2B
29801,Summer 2024,tag,2025-06-01,2025-07-01,AI,Artificial Intelligence
29830,Summer 2024,tag,2025-06-01,2025-07-01,Artificial Intelligence,AI
29834,Summer 2024,tag,2025-06-01,2025-07-01,Artificial Intelligence,AI|Consumer
29858,Summer 2024,tag,2025-06-01,2025-07-01,,B2B|Generative AI|Healthcare
29968,Summer 2024,tag,2025-06-01,2025-07-01,,AI|B2B|Developer Tools|Open Source
29973,Summer 2024,tag,2025-06-01,2025-07-01,Artificial Intelligence,AI
29989,Summer 2024,tag,2025-06-01,2025-07-01,Artificial Intelligence|Chat,
29992,Summer 2024,tag,2025-06-01,2025-07-01,Artificial Intelligence,AI
29999,Winter 2025,tag,2025-06-01,2025-07-01,AI|Design|Design Tools|Developer Tools,
30022,Fall 2024,tag,2025-06-01,2025-07-01,AI,Artificial Intelligence
30030,Fall 2024,tag,2025-06-01,2025-07-01,,Retail Tech
30038,Fall 2024,tag,2025-06-01,2025-07-01,,Artificial Intelligence|Conversational AI|Recruiting|SaaS|Talent Acquisition
30051,Fall 2024,tag,2025-06-01,2025-07-01,AI|Deep Learning|Finance|Hard Tech,Artificial Intelligence|Fintech|Infrastructure|Payments
30054,Fall 2024,tag,2025-06-01,2025-07-01,AI,Artificial Intelligence
30055,Fall 2024,tag,2025-06-01,2025-07-01,Artificial Intelligence,
30057,Fall 2024,tag,2025-06-01,2025-07-01,AI,Artificial Intelligence
30074,Fall 2024,tag,2025-06-01,2025-07-01,AI|Artificial Intelligence|No-code,
30103,Fall 2024,tag,2025-06-01,2025-07-01,AI,Artificial Intelligence
30116,Fall 2024,tag,2025-06-01,2025-07-01,Artificial Intelligence,AI
30117,Fall 2024,tag,2025-06-01,2025-07-01,Artificial Intelligence,AI
30119,Fall 2024,tag,2025-06-01,2025-07-01,Artificial Intelligence|Sales,AI|Analytics|Customer Success
30125,Fall 2024,tag,2025-06-01,2025-07-01,Reinforcement Learning,
30191,Spring 2025,tag,2025-06-01,2025-07-01,AI,Artificial Intelligence
30193,Winter 2025,tag,2025-06-01,2025-07-01,AI,Artificial Intelligence
30210,Winter 2025,tag,2025-06-01,2025-07-01,,AI|B2B|Computer Vision|GovTech|Security
30213,Winter 2025,tag,2025-06-01,2025-07-01,Artificial Intelligence,AI
30224,Winter 2025,tag,2025-06-01,2025-07-01,Energy|Fusion Energy|Hard Tech,
30228,Winter 2025,tag,2025-06-01,2025-07-01,Artificial Intelligence,AI
30237,Winter 2025,tag,2025-06-01,2025-07-01,Artificial Intelligence,Aerospace|Climate|Energy|Industrial
30247,Winter 2025,tag,2025-06-01,2025-07-01,,Artificial Intelligence|Infrastructure|Machine Learning|Reinforcement Learning
30250,Winter 2025,tag,2025-06-01,2025-07-01,Artificial Intelligence,AI
30258,Winter 2025,tag,2025-06-01,2025-07-01,AI,Artificial Intelligence
30260,Winter 2025,tag,2025-06-01,2025-07-01,AI,Artificial Intelligence
30263,Winter 2025,tag,2025-06-01,2025-07-01,,AI-powered Drug Discovery|Agriculture|Sustainable Agriculture
30279,Winter 2025,tag,2025-06-01,2025-07-01,Finance,Industrial|Recruiting
30292,Winter 2025,tag,2025-06-01,2025-07-01,,Artificial Intelligence|Enterprise Software|Finance|Productivity
30296,Winter 2025,tag,2025-06-01,2025-07-01,,AI|AI Assistant|Machine Learning
30303,Winter 2025,subindustry,2025-06-01,2025-07-01,B2B -> Infrastructure,B2B -> Finance and Accounting
30329,Spring 2025,tag,2025-06-01,2025-07-01,,Consumer
30329,Spring 2025,industry,2025-06-01,2025-07-01,B2B,Consumer
30367,Spring 2025,tag,2025-06-01,2025-07-01,Fintech|Marketplace,
30384,Spring 2025,tag,2025-06-01,2025-07-01,,Artificial Intelligence|Fintech|Lending|Proptech|Real Estate
30399,Spring 2025,tag,2025-06-01,2025-07-01,Artificial Intelligence,AI
30399,Spring 2025,subindustry,2025-06-01,2025-07-01,Healthcare,B2B
30400,Spring 2025,tag,2025-06-01,2025-07-01,,Developer Tools|Machine Learning|Open Source
30402,Spring 2025,tag,2025-06-01,2025-07-01,AI,Artificial Intelligence
30404,Spring 2025,tag,2025-06-01,2025-07-01,,Artificial Intelligence|Developer Tools|Enterprise
30406,Spring 2025,tag,2025-06-01,2025-07-01,AI,Artificial Intelligence
30407,Spring 2025,tag,2025-06-01,2025-07-01,Artificial Intelligence,AI
30412,Spring 2025,tag,2025-06-01,2025-07-01,,Artificial Intelligence|Design Tools|Developer Tools|No-code
30415,Spring 2025,tag,2025-06-01,2025-07-01,Artificial Intelligence,AI
30417,Spring 2025,tag,2025-06-01,2025-07-01,Aerospace|Manufacturing|SaaS,
30426,Spring 2025,tag,2025-06-01,2025-07-01,AI,Artificial Intelligence
30427,Spring 2025,tag,2025-06-01,2025-07-01,,AI|Analytics|Marketing|SEO
30429,Spring 2025,tag,2025-06-01,2025-07-01,,Artificial Intelligence|Health Tech|Healthcare
30432,Spring 2025,tag,2025-06-01,2025-07-01,Artificial Intelligence,AI
30434,Spring 2025,tag,2025-06-01,2025-07-01,Artificial Intelligence,AI
30435,Spring 2025,tag,2025-06-01,2025-07-01,E-commerce,
30437,Spring 2025,tag,2025-06-01,2025-07-01,AI,
30438,Spring 2025,tag,2025-06-01,2025-07-01,Fintech,Artificial Intelligence
30439,Spring 2025,tag,2025-06-01,2025-07-01,Productivity,Finance
30440,Spring 2025,tag,2025-06-01,2025-07-01,AI,Artificial Intelligence
30441,Spring 2025,tag,2025-06-01,2025-07-01,AI,Artificial Intelligence
30441,Spring 2025,subindustry,2025-06-01,2025-07-01,B2B,Unspecified
30445,Spring 2025,tag,2025-06-01,2025-07-01,AI|Automation|Industrial,Artificial Intelligence
30446,Spring 2025,tag,2025-06-01,2025-07-01,AI|Retail,Artificial Intelligence
30447,Spring 2025,tag,2025-06-01,2025-07-01,,Artificial Intelligence|Civic Tech|GovTech
30448,Spring 2025,tag,2025-06-01,2025-07-01,,Database Sharding|Databases
30449,Spring 2025,tag,2025-06-01,2025-07-01,,B2B|DevOps|Developer Tools|Infrastructure
30451,Spring 2025,tag,2025-06-01,2025-07-01,AI|DevOps|Machine Learning,AIOps|Artificial Intelligence
30453,Spring 2025,tag,2025-06-01,2025-07-01,Artificial Intelligence,AI
30454,Spring 2025,tag,2025-06-01,2025-07-01,Artificial Intelligence|B2B|SaaS|Web Development,
30455,Spring 2025,tag,2025-06-01,2025-07-01,AI|AI Assistant|Data Labeling|Generative AI,
30456,Spring 2025,tag,2025-06-01,2025-07-01,B2B|Cybersecurity|Privacy,Cryptography
30457,Spring 2025,tag,2025-06-01,2025-07-01,AI,Artificial Intelligence
30458,Spring 2025,tag,2025-06-01,2025-07-01,Artificial Intelligence,AI
30461,Spring 2025,tag,2025-06-01,2025-07-01,,AI Assistant|B2B|Fintech|Generative AI|SaaS
30463,Spring 2025,subindustry,2025-06-01,2025-07-01,B2B,Consumer
30466,Spring 2025,tag,2025-06-01,2025-07-01,AI,Artificial Intelligence
30469,Spring 2025,tag,2025-06-01,2025-07-01,B2B|Consumer,Artificial Intelligence|Automotive
30472,Spring 2025,tag,2025-06-01,2025-07-01,,Entertainment|Machine Learning|SaaS|Ticketing
30475,Spring 2025,tag,2025-06-01,2025-07-01,Developer Tools|Search,
30476,Spring 2025,tag,2025-06-01,2025-07-01,AI,Artificial Intelligence
30477,Spring 2025,tag,2025-06-01,2025-07-01,,AI|Cybersecurity|Generative AI|Security
30479,Spring 2025,tag,2025-06-01,2025-07-01,Artificial Intelligence,AI
30484,Spring 2025,tag,2025-06-01,2025-07-01,AI,Artificial Intelligence
30491,Spring 2025,tag,2025-06-01,2025-07-01,,Conversational AI|Customer Service|Healthcare
30497,Spring 2025,tag,2025-06-01,2025-07-01,AI,Artificial Intelligence
30500,Spring 2025,tag,2025-06-01,2025-07-01,AI,
30501,Spring 2025,tag,2025-06-01,2025-07-01,AI,AI Assistant
30503,Spring 2025,tag,2025-06-01,2025-07-01,,LegalTech
30504,Spring 2025,tag,2025-06-01,2025-07-01,,AI|B2B|Entertainment|Legal|Music
30506,Spring 2025,tag,2025-06-01,2025-07-01,SaaS,
30511,Spring 2025,tag,2025-06-01,2025-07-01,,Consumer|Machine Learning|Robotics
30512,Spring 2025,tag,2025-06-01,2025-07-01,Artificial Intelligence|Manufacturing|Robotics,
30512,Spring 2025,subindustry,2025-06-01,2025-07-01,Industrials -> Manufacturing and Robotics,"B2B -> Engineering, Product and Design"
30517,Spring 2025,tag,2025-06-01,2025-07-01,AI,Artificial Intelligence
30518,Spring 2025,tag,2025-06-01,2025-07-01,Artificial Intelligence,AI
30521,Spring 2025,tag,2025-06-01,2025-07-01,Artificial Intelligence,AI
30526,Spring 2025,tag,2025-06-01,2025-07-01,,AI|Digital Freight Brokerage|Marketplace
30527,Spring 2025,tag,2025-06-01,2025-07-01,,AI|B2B|Cybersecurity|Enterprise Software|SaaS
30529,Spring 2025,tag,2025-06-01,2025-07-01,Artificial Intelligence,AI
30530,Spring 2025,subindustry,2025-06-01,2025-07-01,Industrials -> Climate,Industrials
30531,Spring 2025,tag,2025-06-01,2025-07-01,Artificial Intelligence,AI
30532,Spring 2025,tag,2025-06-01,2025-07-01,AI,Artificial Intelligence
30533,Spring 2025,tag,2025-06-01,2025-07-01,Artificial Intelligence,AI
30536,Spring 2025,tag,2025-06-01,2025-07-01,,Artificial Intelligence|Enterprise Software
30541,Spring 2025,industry,2025-06-01,2025-07-01,Government,B2B
30544,Spring 2025,tag,2025-06-01,2025-07-01,AI,Artificial Intelligence
30545,Spring 2025,tag,2025-06-01,2025-07-01,AI|Artificial Intelligence|B2B|DevOps|Developer Tools,
30547,Spring 2025,tag,2025-06-01,2025-07-01,Consumer|Social,
30549,Spring 2025,tag,2025-06-01,2025-07-01,AI,Artificial Intelligence
30556,Spring 2025,tag,2025-06-01,2025-07-01,,Aerospace|Hard Tech|Hardware|Space Exploration
575,Winter 2014,tag,2025-07-01,2025-08-01,E-commerce,E-Commerce
797,Winter 2015,tag,2025-07-01,2025-08-01,Collaboration,
1468,Winter 2017,tag,2025-07-01,2025-08-01,,Medical Devices
1540,Winter 2017,tag,2025-07-01,2025-08-01,API|SaaS,
1744,Winter 2018,tag,2025-07-01,2025-08-01,Artificial Intelligence,Operations
1769,Winter 2018,tag,2025-07-01,2025-08-01,Artificial Intelligence,AI
1891,Summer 2018,tag,2025-07-01,2025-08-01,AI,Artificial Intelligence
2014,Summer 2018,tag,2025-07-01,2025-08-01,Artificial Intelligence,
12527,Summer 2019,tag,2025-07-01,2025-08-01,,Collaboration
12549,Summer 2019,tag,2025-07-01,2025-08-01,AI,Artificial Intelligence
12549,Summer 2019,industry,2025-07-01,2025-08-01,B2B,Consumer
12742,Winter 2020,tag,2025-07-01,2025-08-01,AI|SaaS,FinOps
12838,Summer 2019,tag,2025-07-01,2025-08-01,Enterprise Software,Carbon Capture and Removal|Climate|ClimateTech|Hard Tech|Hardware
12871,Winter 2020,tag,2025-07-01,2025-08-01,Artificial Intelligence|B2B|Productivity|SaaS,
13231,Winter 2020,tag,2025-07-01,2025-08-01,,B2B
13273,Winter 2020,tag,2025-07-01,2025-08-01,AI,Artificial Intelligence
13548,Winter 2020,tag,2025-07-01,2025-08-01,,Medical Devices
13579,Winter 2020,tag,2025-07-01,2025-08-01,,Developer Tools
21857,Summer 2020,tag,2025-07-01,2025-08-01,AI,Artificial Intelligence
22273,Summer 2020,tag,2025-07-01,2025-08-01,Artificial Intelligence|B2B|Productivity|Workflow Automation,
22627,Winter 2021,tag,2025-07-01,2025-08-01,AI,Artificial Intelligence
22638,Winter 2021,tag,2025-07-01,2025-08-01,AI|Enterprise,
22717,Winter 2021,tag,2025-07-01,2025-08-01,AI Assistant|Artificial Intelligence|Generative AI|Restaurant Tech,Food Tech|Marketplace
22951,Winter 2021,tag,2025-07-01,2025-08-01,Health Insurance|Healthcare,Finance|No-code
22951,Winter 2021,industry,2025-07-01,2025-08-01,Healthcare,B2B
23324,Winter 2021,tag,2025-07-01,2025-08-01,Consumer|E-commerce|Food|Grocery,
24039,Summer 2021,tag,2025-07-01,2025-08-01,AI|Aerospace|Drones,Artificial Intelligence|Education|Generative AI
24039,Summer 2021,industry,2025-07-01,2025-08-01,Industrials,Consumer
24130,Summer 2021,tag,2025-07-01,2025-08-01,Healthcare|Healthcare IT,Assistive Tech|Consumer Health Services
24256,Summer 2021,tag,2025-07-01,2025-08-01,Manufacturing,E-commerce|Virtual Reality
24256,Summer 2021,industry,2025-07-01,2025-08-01,B2B,Consumer
24271,Summer 2021,tag,2025-07-01,2025-08-01,AI,Generative AI
24391,Summer 2021,tag,2025-07-01,2025-08-01,Artificial Intelligence,AI
24395,Summer 2021,tag,2025-07-01,2025-08-01,AI|AI Assistant,Billing|Developer Tools|Web Development
24485,Summer 2021,tag,2025-07-01,2025-08-01,API|B2B|Infrastructure,Community
24760,Summer 2021,tag,2025-07-01,2025-08-01,,B2B|Healthcare|Mental Health Tech
24817,Summer 2021,tag,2025-07-01,2025-08-01,Artificial Intelligence,AI
25279,Winter 2022,tag,2025-07-01,2025-08-01,AI,Artificial Intelligence
25329,Winter 2022,tag,2025-07-01,2025-08-01,Artificial Intelligence,AI
25342,Winter 2022,tag,2025-07-01,2025-08-01,AI,Artificial Intelligence
25356,Winter 2022,tag,2025-07-01,2025-08-01,Artificial Intelligence,AI
25603,Winter 2022,tag,2025-07-01,2025-08-01,Artificial Intelligence,AI
25777,Winter 2022,tag,2025-07-01,2025-08-01,AI,Artificial Intelligence
25819,Winter 2022,tag,2025-07-01,2025-08-01,Artificial Intelligence,AI
25825,Winter 2022,tag,2025-07-01,2025-08-01,Artificial Intelligence,Enterprise
25989,Winter 2022,tag,2025-07-01,2025-08-01,Chatbot|No-code,Marketing|Sales
26278,Winter 2022,tag,2025-07-01,2025-08-01,Cryptocurrency|Trading,
26723,Summer 2022,tag,2025-07-01,2025-08-01,AI|Advertising|Marketing,Artificial Intelligence|Open Source
26792,Summer 2022,tag,2025-07-01,2025-08-01,AI,Artificial Intelligence
26882,Summer 2022,tag,2025-07-01,2025-08-01,AI|B2B|Compliance,Insurance
26885,Summer 2022,tag,2025-07-01,2025-08-01,AI,Artificial Intelligence
26890,Summer 2022,tag,2025-07-01,2025-08-01,Artificial Intelligence,AI
26912,Summer 2022,tag,2025-07-01,2025-08-01,AI,Artificial Intelligence
27037,Summer 2022,tag,2025-07-01,2025-08-01,Artificial Intelligence,AI
27038,Summer 2022,tag,2025-07-01,2025-08-01,AI,Artificial Intelligence
27039,Summer 2022,tag,2025-07-01,2025-08-01,AI,Artificial Intelligence
27041,Summer 2022,tag,2025-07-01,2025-08-01,AI,Artificial Intelligence
27165,Summer 2022,industry,2025-07-01,2025-08-01,Healthcare,B2B
27172,Summer 2022,tag,2025-07-01,2025-08-01,Developer Tools,Enterprise|Machine Learning
27675,Winter 2023,tag,2025-07-01,2025-08-01,Artificial Intelligence,AI
27690,Winter 2023,tag,2025-07-01,2025-08-01,Artificial Intelligence,AI
27691,Winter 2023,tag,2025-07-01,2025-08-01,,AI Assistant|Artificial Intelligence|Design Tools|Developer Tools|Generative AI
27871,Winter 2023,tag,2025-07-01,2025-08-01,AI,Artificial Intelligence
28069,Winter 2023,tag,2025-07-01,2025-08-01,AI,Artificial Intelligence
28114,Winter 2023,tag,2025-07-01,2025-08-01,Artificial Intelligence|Hard Tech,AI
28115,Winter 2023,tag,2025-07-01,2025-08-01,AI|Developer Tools|SaaS,
28815,Summer 2023,tag,2025-07-01,2025-08-01,AIOps|Analytics|Developer Tools,Generative AI
28830,Summer 2023,tag,2025-07-01,2025-08-01,,Artificial Intelligence|B2B|E-commerce|ML
28836,Summer 2023,tag,2025-07-01,2025-08-01,Artificial Intelligence,AI
28841,Summer 2023,tag,2025-07-01,2025-08-01,3D Printing|AI|Design|Productivity,Artificial Intelligence|Cloud Computing|Conversational AI|Infrastructure
28884,Summer 2023,tag,2025-07-01,2025-08-01,AI,Artificial Intelligence
28894,Summer 2023,tag,2025-07-01,2025-08-01,,Automation|CRM|Customer Success|Sales
28896,Winter 2024,tag,2025-07-01,2025-08-01,,AI|Artificial Intelligence|B2B|Finance|Investing
28900,Summer 2023,tag,2025-07-01,2025-08-01,AI,Artificial Intelligence
28921,Summer 2023,tag,2025-07-01,2025-08-01,Advertising|Artificial Intelligence|Conversational AI|Marketing|Sales,
28927,Summer 2023,tag,2025-07-01,2025-08-01,AI,Artificial Intelligence
28936,Summer 2023,tag,2025-07-01,2025-08-01,Artificial Intelligence,AI
28966,Summer 2023,tag,2025-07-01,2025-08-01,AI,Artificial Intelligence
28974,Summer 2023,tag,2025-07-01,2025-08-01,,Fintech|Health Insurance
28974,Summer 2023,industry,2025-07-01,2025-08-01,Healthcare,Fintech
28991,Summer 2023,tag,2025-07-01,2025-08-01,AI|Legal|LegalTech,Artificial Intelligence|Data Engineering|Developer Tools
29120,Summer 2023,tag,2025-07-01,2025-08-01,,API|Infrastructure
29134,Summer 2023,tag,2025-07-01,2025-08-01,AI,Artificial Intelligence
29177,Winter 2024,tag,2025-07-01,2025-08-01,Artificial Intelligence,AI
29239,Winter 2024,tag,2025-07-01,2025-08-01,AI Assistant|Artificial Intelligence,AI|Web Development
29241,Winter 2024,tag,2025-07-01,2025-08-01,AI|Manufacturing|Robotics,
29241,Winter 2024,industry,2025-07-01,2025-08-01,Industrials,B2B
29241,Winter 2024,subindustry,2025-07-01,2025-08-01,Industrials -> Manufacturing and Robotics,B2B -> Analytics
29254,Winter 2024,tag,2025-07-01,2025-08-01,Artificial Intelligence,AI
29263,Winter 2024,tag,2025-07-01,2025-08-01,AI,Artificial Intelligence
29265,Winter 2024,tag,2025-07-01,2025-08-01,AI|Billing|Fintech|Payments,Analytics|Artificial Intelligence|Collaboration|Data Science
29265,Winter 2024,industry,2025-07-01,2025-08-01,Fintech,B2B
29268,Winter 2024,tag,2025-07-01,2025-08-01,,AI|Health Insurance|Mental Health
29281,Winter 2024,tag,2025-07-01,2025-08-01,Consumer|Education,
29296,Summer 2024,tag,2025-07-01,2025-08-01,Artificial Intelligence,AI
29303,Winter 2024,tag,2025-07-01,2025-08-01,Artificial Intelligence,AI|Cryptocurrency
29333,Winter 2024,subindustry,2025-07-01,2025-08-01,Consumer -> Content,Unspecified
29334,Winter 2024,tag,2025-07-01,2025-08-01,AI|Developer Tools,Artificial Intelligence|Customer Success
29339,Winter 2024,tag,2025-07-01,2025-08-01,Artificial Intelligence,AI
29350,Winter 2024,tag,2025-07-01,2025-08-01,Artificial Intelligence,AI
29352,Winter 2024,tag,2025-07-01,2025-08-01,,AI Assistant|Artificial Intelligence|Developer Tools|Enterprise
29355,Winter 2024,tag,2025-07-01,2025-08-01,Artificial Intelligence,AI
29364,Winter 2024,tag,2025-07-01,2025-08-01,Healthcare,
29370,Winter 2024,tag,2025-07-01,2025-08-01,Artificial Intelligence,
29372,Winter 2024,tag,2025-07-01,2025-08-01,Consumer|Gaming,
29377,Winter 2024,tag,2025-07-01,2025-08-01,AI,Artificial Intelligence
29384,Winter 2024,tag,2025-07-01,2025-08-01,,B2B|Compliance|Fintech|Generative AI|Lending
29390,Winter 2024,tag,2025-07-01,2025-08-01,Artificial Intelligence,AI
29402,Winter 2024,tag,2025-07-01,2025-08-01,AI,Artificial Intelligence
29419,Winter 2024,tag,2025-07-01,2025-08-01,,Fintech
29442,Winter 2024,tag,2025-07-01,2025-08-01,Artificial Intelligence,AI
29474,Summer 2024,tag,2025-07-01,2025-08-01,Artificial Intelligence,AI
29517,Winter 2024,tag,2025-07-01,2025-08-01,AI,Artificial Intelligence
29582,Summer 2024,tag,2025-07-01,2025-08-01,AI,Artificial Intelligence
29585,Summer 2024,tag,2025-07-01,2025-08-01,Artificial Intelligence,AI
29623,Summer 2024,tag,2025-07-01,2025-08-01,AI,Artificial Intelligence
29633,Summer 2024,tag,2025-07-01,2025-08-01,Developer Tools,AI
29646,Summer 2024,tag,2025-07-01,2025-08-01,Artificial Intelligence,AI
29654,Summer 2024,tag,2025-07-01,2025-08-01,Consumer|Travel,Developer Tools|Infrastructure|Machine Learning|Robotic Process Automation
29654,Summer 2024,industry,2025-07-01,2025-08-01,Consumer,B2B
29655,Summer 2024,tag,2025-07-01,2025-08-01,AI,Artificial Intelligence
29656,Spring 2025,tag,2025-07-01,2025-08-01,,Artificial Intelligence|Enterprise Software|Generative AI
29658,Summer 2024,tag,2025-07-01,2025-08-01,Workflow Automation,Climate|Proptech
29658,Summer 2024,industry,2025-07-01,2025-08-01,B2B,Industrials
29679,Summer 2024,tag,2025-07-01,2025-08-01,,AI Assistant|Call Center|Conversational AI|Healthcare|Healthcare IT
29693,Summer 2024,tag,2025-07-01,2025-08-01,Artificial Intelligence,AI
29695,Summer 2024,tag,2025-07-01,2025-08-01,,AI|B2B|Conversational AI|Legal|LegalTech
29697,Summer 2024,tag,2025-07-01,2025-08-01,Artificial Intelligence,AI
29702,Summer 2024,tag,2025-07-01,2025-08-01,AI,Artificial Intelligence
29731,Summer 2024,tag,2025-07-01,2025-08-01,Artificial Intelligence,AI
29738,Summer 2024,subindustry,2025-07-01,2025-08-01,B2B -> Productivity,B2B
29767,Summer 2024,tag,2025-07-01,2025-08-01,AI,Artificial Intelligence
29785,Summer 2024,subindustry,2025-07-01,2025-08-01,B2B -> Operations,Consumer
29792,Summer 2024,tag,2025-07-01,2025-08-01,,Artificial Intelligence|Consumer Finance|Finance|Fintech
29810,Summer 2024,tag,2025-07-01,2025-08-01,Artificial Intelligence,AI
29825,Summer 2024,tag,2025-07-01,2025-08-01,AI,Artificial Intelligence
29834,Summer 2024,tag,2025-07-01,2025-08-01,AI,Artificial Intelligence
29834,Summer 2024,industry,2025-07-01,2025-08-01,B2B,Consumer
29847,Summer 2024,tag,2025-07-01,2025-08-01,Computer Vision|Manufacturing|Robotic Process Automation|Robotics,
29858,Summer 2024,tag,2025-07-01,2025-08-01,AI|Digital Health|Healthcare,
29955,Summer 2024,tag,2025-07-01,2025-08-01,,Infrastructure
29955,Summer 2024,industry,2025-07-01,2025-08-01,Consumer,B2B
29978,Summer 2024,tag,2025-07-01,2025-08-01,AI,Artificial Intelligence
30016,Fall 2024,tag,2025-07-01,2025-08-01,,AI|Enterprise|Generative AI
30020,Winter 2025,tag,2025-07-01,2025-08-01,,Artificial Intelligence|Health Insurance|Healthcare
30020,Winter 2025,industry,2025-07-01,2025-08-01,Fintech,Healthcare
30030,Fall 2024,tag,2025-07-01,2025-08-01,AI,Artificial Intelligence
30033,Fall 2024,tag,2025-07-01,2025-08-01,,B2B|Generative AI|Sales Enablement
30043,Fall 2024,tag,2025-07-01,2025-08-01,Chatbot|Health Tech|Healthcare IT,AIOps|DevOps|Developer Tools
30043,Fall 2024,industry,2025-07-01,2025-08-01,Healthcare,B2B
30047,Fall 2024,tag,2025-07-01,2025-08-01,AI|Generative AI|Web Development,AI Assistant|Artificial Intelligence
30048,Fall 2024,tag,2025-07-01,2025-08-01,Artificial Intelligence,AI
30051,Fall 2024,tag,2025-07-01,2025-08-01,Artificial Intelligence,AI
30060,Fall 2024,tag,2025-07-01,2025-08-01,AI,Artificial Intelligence
30064,Fall 2024,tag,2025-07-01,2025-08-01,AI,Artificial Intelligence
30068,Fall 2024,tag,2025-07-01,2025-08-01,AI,Artificial Intelligence
30089,Fall 2024,tag,2025-07-01,2025-08-01,,AI Assistant|Compliance|Construction|Note-taking
30096,Fall 2024,tag,2025-07-01,2025-08-01,AI Assistant|Artificial Intelligence,
30108,Fall 2024,tag,2025-07-01,2025-08-01,B2B|Customer Success|Enterprise Software|Operations,Consumer|Consumer Products|Proptech|Real Estate
30108,Fall 2024,industry,2025-07-01,2025-08-01,B2B,Real Estate and Construction
30114,Fall 2024,tag,2025-07-01,2025-08-01,,AIOps
30119,Fall 2024,tag,2025-07-01,2025-08-01,,Artificial Intelligence|Enterprise|SaaS|Sales
30127,Fall 2024,tag,2025-07-01,2025-08-01,,Artificial Intelligence|B2B
30127,Fall 2024,industry,2025-07-01,2025-08-01,Industrials,B2B
30130,Fall 2024,tag,2025-07-01,2025-08-01,,Aerospace|Satellites|Telecommunications
30191,Spring 2025,tag,2025-07-01,2025-08-01,,AI|Design Tools|Semiconductors
30193,Winter 2025,tag,2025-07-01,2025-08-01,,AI|SaaS|Web Development
30214,Winter 2025,tag,2025-07-01,2025-08-01,Automation|Retail Tech|Supply Chain,Conversational AI|E-commerce|Retail
30215,Winter 2025,tag,2025-07-01,2025-08-01,,Marketplace
30220,Winter 2025,tag,2025-07-01,2025-08-01,Artificial Intelligence,AI
30231,Winter 2025,tag,2025-07-01,2025-08-01,Manufacturing,Customer Support
30250,Winter 2025,tag,2025-07-01,2025-08-01,AI,Artificial Intelligence
30254,Winter 2025,tag,2025-07-01,2025-08-01,Artificial Intelligence|Reinforcement Learning,
30261,Winter 2025,tag,2025-07-01,2025-08-01,,Deep Learning|Generative AI|Machine Learning
30262,Winter 2025,tag,2025-07-01,2025-08-01,Artificial Intelligence,AI
30267,Winter 2025,tag,2025-07-01,2025-08-01,AI,Artificial Intelligence
30268,Winter 2025,tag,2025-07-01,2025-08-01,AI,Artificial Intelligence
30302,Winter 2025,tag,2025-07-01,2025-08-01,Consumer|Marketplace,
30324,Winter 2025,tag,2025-07-01,2025-08-01,,AI|Artificial Intelligence|Food Tech
30329,Spring 2025,tag,2025-07-01,2025-08-01,AI|Gaming,Generative AI|Web Development
30329,Spring 2025,industry,2025-07-01,2025-08-01,Consumer,B2B
30356,Winter 2025,tag,2025-07-01,2025-08-01,,AI|AI Assistant|B2B|Generative AI|Market Research
30367,Spring 2025,tag,2025-07-01,2025-08-01,Trading,
30384,Spring 2025,tag,2025-07-01,2025-08-01,Artificial Intelligence|Consumer|Fintech|Real Estate,
30400,Spring 2025,tag,2025-07-01,2025-08-01,AI|Data Science|Machine Learning,
30402,Spring 2025,tag,2025-07-01,2025-08-01,Artificial Intelligence,AI
30405,Spring 2025,tag,2025-07-01,2025-08-01,,Analytics|Data Engineering|Developer Tools|Generative AI
30415,Spring 2025,tag,2025-07-01,2025-08-01,,Artificial Intelligence|B2B|Insurance
30419,Spring 2025,tag,2025-07-01,2025-08-01,,Artificial Intelligence
30420,Spring 2025,tag,2025-07-01,2025-08-01,,Artificial Intelligence|Developer Tools
30434,Spring 2025,tag,2025-07-01,2025-08-01,AI,Artificial Intelligence
30434,Spring 2025,industry,2025-07-01,2025-08-01,Industrials,Healthcare
30442,Spring 2025,tag,2025-07-01,2025-08-01,,Edtech
30443,Spring 2025,tag,2025-07-01,2025-08-01,AI,Artificial Intelligence
30447,Spring 2025,industry,2025-07-01,2025-08-01,Government,B2B
30449,Spring 2025,tag,2025-07-01,2025-08-01,Developer Tools|Infrastructure,
30451,Spring 2025,tag,2025-07-01,2025-08-01,,AI|DevOps|Machine Learning|Monitoring
30454,Spring 2025,tag,2025-07-01,2025-08-01,AI,Artificial Intelligence
30465,Spring 2025,tag,2025-07-01,2025-08-01,,Biotechnology|Hard Tech|Lidar|Quantum Computing|Semiconductors
30468,Spring 2025,tag,2025-07-01,2025-08-01,AI,Artificial Intelligence
30469,Spring 2025,tag,2025-07-01,2025-08-01,Artificial Intelligence,AI
30471,Spring 2025,tag,2025-07-01,2025-08-01,,Artificial Intelligence|Developer Tools|Robotic Process Automation|Workflow Automation
30479,Spring 2025,tag,2025-07-01,2025-08-01,AI,Artificial Intelligence
30503,Spring 2025,tag,2025-07-01,2025-08-01,,B2B|Machine Learning
30513,Spring 2025,tag,2025-07-01,2025-08-01,AI,Artificial Intelligence
30517,Spring 2025,tag,2025-07-01,2025-08-01,,AI|Automation|Fintech|Proptech|Real Estate
30522,Spring 2025,tag,2025-07-01,2025-08-01,,Advertising|Artificial Intelligence|Marketing|SEO
30538,Spring 2025,tag,2025-07-01,2025-08-01,,Artificial Intelligence|B2B|SaaS|Team Collaboration
30541,Spring 2025,tag,2025-07-01,2025-08-01,Artificial Intelligence|GovTech,AI Assistant|Automation|Video
30547,Spring 2025,tag,2025-07-01,2025-08-01,,AI Assistant|AI-Enhanced Learning|Consumer|Generative AI|Social
30549,Spring 2025,tag,2025-07-01,2025-08-01,Artificial Intelligence,AI
30611,Summer 2025,tag,2025-07-01,2025-08-01,AI,Artificial Intelligence
30647,Summer 2025,tag,2025-07-01,2025-08-01,Artificial Intelligence,Open Source
30653,Summer 2025,tag,2025-07-01,2025-08-01,,Nonprofit
30666,Summer 2025,tag,2025-07-01,2025-08-01,,Artificial Intelligence|Health Tech|Healthcare IT|SaaS|Workflow Automation
30700,Summer 2025,tag,2025-07-01,2025-08-01,AI|Generative AI,APIs
30716,Summer 2025,tag,2025-07-01,2025-08-01,B2B|SaaS,Artificial Intelligence|Enterprise Software
30761,Summer 2025,tag,2025-07-01,2025-08-01,AI,Artificial Intelligence
30776,Summer 2025,tag,2025-07-01,2025-08-01,,B2B|Documents|Robotic Process Automation
30805,Summer 2025,tag,2025-07-01,2025-08-01,,Consumer|Marketplace
5,Winter 2012,tag,2025-08-01,2025-09-01,Automation|Manufacturing,
1744,Winter 2018,tag,2025-08-01,2025-09-01,AI,Artificial Intelligence
1940,Summer 2018,tag,2025-08-01,2025-09-01,AI,Artificial Intelligence
1956,Summer 2018,tag,2025-08-01,2025-09-01,AI|Legal|LegalTech|Regtech,Artificial Intelligence|B2B|SaaS
1988,Summer 2018,tag,2025-08-01,2025-09-01,AI,Artificial Intelligence
11968,Winter 2019,tag,2025-08-01,2025-09-01,,Vertical Farming
11976,Winter 2019,tag,2025-08-01,2025-09-01,Artificial Intelligence,AI
12507,Summer 2019,tag,2025-08-01,2025-09-01,AI,Artificial Intelligence
12536,Summer 2019,tag,2025-08-01,2025-09-01,Artificial Intelligence,AI
12838,Summer 2019,industry,2025-08-01,2025-09-01,B2B,Industrials
12862,Summer 2019,tag,2025-08-01,2025-09-01,Artificial Intelligence,AI
13334,Winter 2020,tag,2025-08-01,2025-09-01,AI,Artificial Intelligence
13344,Winter 2020,tag,2025-08-01,2025-09-01,Artificial Intelligence|Productivity,Consumer|Social
13344,Winter 2020,industry,2025-08-01,2025-09-01,B2B,Consumer
21794,Summer 2020,tag,2025-08-01,2025-09-01,Artificial Intelligence|DevOps,API
21894,Summer 2020,tag,2025-08-01,2025-09-01,AI,Artificial Intelligence
23017,Winter 2021,tag,2025-08-01,2025-09-01,Artificial Intelligence,AI
23017,Winter 2021,industry,2025-08-01,2025-09-01,Industrials,B2B
23451,Summer 2021,tag,2025-08-01,2025-09-01,Artificial Intelligence|Computer Vision,AI
24198,Summer 2021,tag,2025-08-01,2025-09-01,AI,Artificial Intelligence
24367,Summer 2021,tag,2025-08-01,2025-09-01,AI|Generative AI,AI Assistant|Artificial Intelligence
24391,Summer 2021,tag,2025-08-01,2025-09-01,AI,Artificial Intelligence
24526,Summer 2021,tag,2025-08-01,2025-09-01,AI,Artificial Intelligence
25058,Winter 2022,tag,2025-08-01,2025-09-01,AI|API|Consumer|Generative AI|Search,
25402,Winter 2022,tag,2025-08-01,2025-09-01,Artificial Intelligence|ML|Open Source,SaaS|Security
25511,Winter 2022,tag,2025-08-01,2025-09-01,AI,Advertising|Artificial Intelligence|Marketing|Social Media|Video
25603,Winter 2022,tag,2025-08-01,2025-09-01,AI,Artificial Intelligence
25603,Winter 2022,industry,2025-08-01,2025-09-01,B2B,Consumer
25712,Winter 2022,tag,2025-08-01,2025-09-01,AI,Artificial Intelligence
25716,Winter 2022,tag,2025-08-01,2025-09-01,API|B2B,AI|Fintech
25732,Winter 2022,tag,2025-08-01,2025-09-01,Marketing,Consumer
26012,Winter 2022,tag,2025-08-01,2025-09-01,AI|Artificial Intelligence|Compliance|Operations,
26094,Winter 2022,subindustry,2025-08-01,2025-09-01,Healthcare -> Healthcare IT,B2B -> Supply Chain and Logistics
26138,Winter 2022,tag,2025-08-01,2025-09-01,AI|Construction,Artificial Intelligence|Climate
26813,Summer 2022,tag,2025-08-01,2025-09-01,,B2B|Enterprise|HR Tech|SaaS
26870,Summer 2022,tag,2025-08-01,2025-09-01,AI|Cryptocurrency|Fintech,Finance|Remote
26901,Summer 2022,tag,2025-08-01,2025-09-01,Artificial Intelligence,AI
26912,Summer 2022,tag,2025-08-01,2025-09-01,Artificial Intelligence,AI
26913,Summer 2022,tag,2025-08-01,2025-09-01,Artificial Intelligence,AI
27037,Summer 2022,tag,2025-08-01,2025-09-01,AI,Artificial Intelligence
27054,Summer 2022,tag,2025-08-01,2025-09-01,Auto Commerce|Automotive|Compliance|Fintech,
27095,Summer 2022,tag,2025-08-01,2025-09-01,Productivity,
27141,Summer 2022,tag,2025-08-01,2025-09-01,Artificial Intelligence,AI
27152,Summer 2022,tag,2025-08-01,2025-09-01,Artificial Intelligence,AI
27583,Winter 2023,tag,2025-08-01,2025-09-01,Artificial Intelligence|Video,
27680,Winter 2023,tag,2025-08-01,2025-09-01,AI,Productivity
27690,Winter 2023,tag,2025-08-01,2025-09-01,AI,API|Artificial Intelligence
27700,Winter 2023,tag,2025-08-01,2025-09-01,AI,Artificial Intelligence
27871,Winter 2023,tag,2025-08-01,2025-09-01,Artificial Intelligence,AI
27906,Winter 2023,tag,2025-08-01,2025-09-01,Advertising|Artificial Intelligence|Creator Economy|Machine Learning|Marketing,
27925,Winter 2023,tag,2025-08-01,2025-09-01,Artificial Intelligence,AI
27966,Winter 2023,tag,2025-08-01,2025-09-01,Artificial Intelligence,AI
27986,Winter 2023,tag,2025-08-01,2025-09-01,Consumer,India|SaaS
28069,Winter 2023,tag,2025-08-01,2025-09-01,Artificial Intelligence,AI
28707,Summer 2023,tag,2025-08-01,2025-09-01,AI Assistant|Artificial Intelligence|Entertainment|Video,
28743,Summer 2023,tag,2025-08-01,2025-09-01,Enterprise|Enterprise Software|Infrastructure,
28784,Summer 2023,tag,2025-08-01,2025-09-01,AI Assistant|Artificial Intelligence,
28811,Summer 2023,tag,2025-08-01,2025-09-01,Artificial Intelligence,AI
28837,Summer 2023,tag,2025-08-01,2025-09-01,Artificial Intelligence,AI
28857,Summer 2023,tag,2025-08-01,2025-09-01,Artificial Intelligence,AI
28879,Summer 2023,tag,2025-08-01,2025-09-01,,AI|AI Assistant|Artificial Intelligence|Data Science|Data Visualization
28880,Summer 2023,tag,2025-08-01,2025-09-01,Artificial Intelligence,AI
28884,Summer 2023,tag,2025-08-01,2025-09-01,,AI|Enterprise
28886,Summer 2023,tag,2025-08-01,2025-09-01,AI,Artificial Intelligence
28929,Summer 2023,tag,2025-08-01,2025-09-01,Artificial Intelligence,AI
28957,Summer 2023,tag,2025-08-01,2025-09-01,AI,Artificial Intelligence
28960,Summer 2023,tag,2025-08-01,2025-09-01,,API|B2B|Developer Tools
28974,Summer 2023,tag,2025-08-01,2025-09-01,Artificial Intelligence|Biotech,
28992,Summer 2023,tag,2025-08-01,2025-09-01,AI,Artificial Intelligence
29002,Summer 2023,tag,2025-08-01,2025-09-01,AI,Artificial Intelligence
29026,Summer 2023,subindustry,2025-08-01,2025-09-01,Fintech -> Asset Management,"B2B -> Engineering, Product and Design"
29103,Summer 2023,tag,2025-08-01,2025-09-01,Developer Tools,Conversational AI
29105,Summer 2023,subindustry,2025-08-01,2025-09-01,"B2B -> Engineering, Product and Design",B2B
29113,Summer 2023,tag,2025-08-01,2025-09-01,Artificial Intelligence,AI
29177,Winter 2024,tag,2025-08-01,2025-09-01,AI,Artificial Intelligence
29184,Winter 2024,tag,2025-08-01,2025-09-01,Artificial Intelligence,AI
29263,Winter 2024,tag,2025-08-01,2025-09-01,Artificial Intelligence,AI
29323,Winter 2024,tag,2025-08-01,2025-09-01,E-commerce|Email|Marketing,
29325,Winter 2024,tag,2025-08-01,2025-09-01,AI,Artificial Intelligence
29327,Summer 2024,tag,2025-08-01,2025-09-01,AI,Artificial Intelligence
29350,Winter 2024,tag,2025-08-01,2025-09-01,AI,Artificial Intelligence
29353,Winter 2024,tag,2025-08-01,2025-09-01,Artificial Intelligence,AI
29358,Winter 2024,tag,2025-08-01,2025-09-01,Computer Vision,Consumer
29358,Winter 2024,industry,2025-08-01,2025-09-01,B2B,Consumer
29370,Winter 2024,tag,2025-08-01,2025-09-01,AI,Artificial Intelligence
29374,Winter 2024,tag,2025-08-01,2025-09-01,AI,
29385,Winter 2024,tag,2025-08-01,2025-09-01,AI,Artificial Intelligence
29394,Winter 2024,subindustry,2025-08-01,2025-09-01,B2B,Unspecified
29414,Winter 2024,tag,2025-08-01,2025-09-01,Neobank,
29447,Winter 2024,subindustry,2025-08-01,2025-09-01,Government,Unspecified
29498,Winter 2024,tag,2025-08-01,2025-09-01,AI|Automation,Artificial Intelligence|Open Source
29508,Winter 2024,tag,2025-08-01,2025-09-01,Infrastructure,Ticketing
29571,Summer 2024,tag,2025-08-01,2025-09-01,,B2B
29579,Summer 2024,tag,2025-08-01,2025-09-01,AI|Health Insurance,Artificial Intelligence
29608,Summer 2024,tag,2025-08-01,2025-09-01,B2B|Feedback|Investing|Operations|SaaS,Automotive|Community|Consumer|Social
29608,Summer 2024,industry,2025-08-01,2025-09-01,B2B,Consumer
29654,Summer 2024,tag,2025-08-01,2025-09-01,Artificial Intelligence,AI
29660,Summer 2024,tag,2025-08-01,2025-09-01,AIOps,AI Assistant|DevOps
29676,Summer 2024,subindustry,2025-08-01,2025-09-01,B2B,Fintech -> Payments
29688,Summer 2024,tag,2025-08-01,2025-09-01,Artificial Intelligence,AI
29710,Summer 2024,tag,2025-08-01,2025-09-01,Artificial Intelligence,AI
29716,Summer 2024,tag,2025-08-01,2025-09-01,Artificial Intelligence|Consumer|Entertainment|Gaming,
29716,Summer 2024,industry,2025-08-01,2025-09-01,Consumer,B2B
29721,Summer 2024,tag,2025-08-01,2025-09-01,Artificial Intelligence,AI
29731,Summer 2024,tag,2025-08-01,2025-09-01,AI,Artificial Intelligence
29754,Summer 2024,tag,2025-08-01,2025-09-01,Artificial Intelligence,AI
29765,Summer 2024,tag,2025-08-01,2025-09-01,AI|B2B|No-code,Developer Tools|Enterprise Software|Generative AI
29765,Summer 2024,subindustry,2025-08-01,2025-09-01,Consumer,"B2B -> Engineering, Product and Design"
29767,Summer 2024,tag,2025-08-01,2025-09-01,Artificial Intelligence,AI
29783,Summer 2024,tag,2025-08-01,2025-09-01,,Drones|Hard Tech|Security
29826,Summer 2024,tag,2025-08-01,2025-09-01,AI|AI Assistant|Consumer|Developer Tools|Gaming,AI-Enhanced Learning|Artificial Intelligence|Consumer Products|Note-taking|Productivity
29830,Summer 2024,tag,2025-08-01,2025-09-01,AI,Artificial Intelligence
29835,Summer 2024,tag,2025-08-01,2025-09-01,Artificial Intelligence|Developer Tools|No-code|Workflow Automation,
29841,Summer 2024,tag,2025-08-01,2025-09-01,Consumer Finance|SaaS,LegalTech
29841,Summer 2024,industry,2025-08-01,2025-09-01,Fintech,B2B
29848,Summer 2024,tag,2025-08-01,2025-09-01,AI Assistant|Artificial Intelligence|Consumer Products|Email|Productivity,AI|Generative AI
29848,Summer 2024,industry,2025-08-01,2025-09-01,Consumer,B2B
29849,Summer 2024,subindustry,2025-08-01,2025-09-01,Government,B2B
29957,Summer 2024,tag,2025-08-01,2025-09-01,AI,Artificial Intelligence
29966,Summer 2024,tag,2025-08-01,2025-09-01,Enterprise Software,Sales|Sales Enablement
29983,Summer 2024,tag,2025-08-01,2025-09-01,Finance,
29989,Summer 2024,tag,2025-08-01,2025-09-01,AI|Developer Tools,Artificial Intelligence
29992,Summer 2024,tag,2025-08-01,2025-09-01,Construction|Industrial|Manufacturing,AIOps|Artificial Intelligence|SaaS
30016,Fall 2024,tag,2025-08-01,2025-09-01,Artificial Intelligence|Machine Learning,
30019,Fall 2024,tag,2025-08-01,2025-09-01,Artificial Intelligence,AI
30030,Fall 2024,tag,2025-08-01,2025-09-01,Artificial Intelligence,
30036,Fall 2024,tag,2025-08-01,2025-09-01,Customer Service|Customer Success|Customer Support,
30054,Fall 2024,tag,2025-08-01,2025-09-01,Artificial Intelligence,AI
30108,Fall 2024,tag,2025-08-01,2025-09-01,AI,Artificial Intelligence
30112,Fall 2024,tag,2025-08-01,2025-09-01,AI Assistant|Booking|Travel,B2B|Sales|Sales Enablement
30112,Fall 2024,industry,2025-08-01,2025-09-01,Consumer,B2B
30115,Fall 2024,tag,2025-08-01,2025-09-01,Artificial Intelligence,AI
30176,Winter 2025,tag,2025-08-01,2025-09-01,AI,Artificial Intelligence
30189,Winter 2025,tag,2025-08-01,2025-09-01,,Artificial Intelligence|Open Source|Security
30205,Winter 2025,tag,2025-08-01,2025-09-01,AI,Artificial Intelligence
30220,Winter 2025,tag,2025-08-01,2025-09-01,AI,Artificial Intelligence
30252,Winter 2025,tag,2025-08-01,2025-09-01,,AI Assistant|Artificial Intelligence|B2B|SaaS
30254,Winter 2025,subindustry,2025-08-01,2025-09-01,"B2B -> Engineering, Product and Design",Unspecified
30258,Winter 2025,tag,2025-08-01,2025-09-01,Artificial Intelligence,AI
30260,Winter 2025,tag,2025-08-01,2025-09-01,,AI|Automation|Construction|Design|Hardware
30268,Winter 2025,tag,2025-08-01,2025-09-01,,AI|Analytics|Marketing
30269,Winter 2025,tag,2025-08-01,2025-09-01,,Gaming|Sports Tech|Trading
30273,Winter 2025,tag,2025-08-01,2025-09-01,AI|Cybersecurity,
30287,Winter 2025,tag,2025-08-01,2025-09-01,Artificial Intelligence,AI
30293,Winter 2025,tag,2025-08-01,2025-09-01,,Aerospace|Hard Tech|Space Exploration
30324,Winter 2025,tag,2025-08-01,2025-09-01,AI Assistant|Artificial Intelligence|Enterprise Software,
30325,Winter 2025,tag,2025-08-01,2025-09-01,AI,Artificial Intelligence
30347,Winter 2025,tag,2025-08-01,2025-09-01,Hard Tech,
30362,Summer 2025,tag,2025-08-01,2025-09-01,Artificial Intelligence,AI
30432,Spring 2025,tag,2025-08-01,2025-09-01,AI,Artificial Intelligence
30440,Spring 2025,tag,2025-08-01,2025-09-01,Artificial Intelligence,AI
30442,Spring 2025,tag,2025-08-01,2025-09-01,Artificial Intelligence,AI
30443,Spring 2025,tag,2025-08-01,2025-09-01,,AI|Edtech|Education
30445,Spring 2025,tag,2025-08-01,2025-09-01,,AI|Automation|Industrial|Robotics
30447,Spring 2025,subindustry,2025-08-01,2025-09-01,Government,B2B
30450,Spring 2025,tag,2025-08-01,2025-09-01,Artificial Intelligence,AI
30453,Spring 2025,tag,2025-08-01,2025-09-01,,Artificial Intelligence|B2B|Data Engineering
30455,Spring 2025,tag,2025-08-01,2025-09-01,,AI Assistant|Data Labeling
30469,Spring 2025,tag,2025-08-01,2025-09-01,AI,Artificial Intelligence
30474,Spring 2025,tag,2025-08-01,2025-09-01,,AI-powered Drug Discovery|Generative AI|Reinforcement Learning
30482,Spring 2025,tag,2025-08-01,2025-09-01,,Anti-Aging|Consumer Health Services|Health & Wellness
30492,Spring 2025,tag,2025-08-01,2025-09-01,Artificial Intelligence,AI
30494,Summer 2025,tag,2025-08-01,2025-09-01,Customer Success,Customer Support
30497,Spring 2025,tag,2025-08-01,2025-09-01,Analytics|Developer Tools,Customer Success|Market Research
30501,Spring 2025,tag,2025-08-01,2025-09-01,Artificial Intelligence,AI
30520,Summer 2025,tag,2025-08-01,2025-09-01,AI,Artificial Intelligence
30521,Spring 2025,tag,2025-08-01,2025-09-01,AI,Artificial Intelligence
30522,Spring 2025,tag,2025-08-01,2025-09-01,AI|Advertising|Marketing|SEO,
30540,Spring 2025,tag,2025-08-01,2025-09-01,Artificial Intelligence|Operations|Sales,AI|No-code
30603,Summer 2025,tag,2025-08-01,2025-09-01,AI,Artificial Intelligence
30606,Summer 2025,tag,2025-08-01,2025-09-01,AI|Home Services,Real Estate
30608,Summer 2025,tag,2025-08-01,2025-09-01,Artificial Intelligence,AI
30612,Summer 2025,subindustry,2025-08-01,2025-09-01,B2B -> Legal,Unspecified
30615,Summer 2025,tag,2025-08-01,2025-09-01,AI,Artificial Intelligence
30619,Summer 2025,industry,2025-08-01,2025-09-01,Fintech,B2B
30622,Summer 2025,tag,2025-08-01,2025-09-01,AI|Big Data|Data Labeling|Marketplace,Artificial Intelligence|Biotech|Health Tech|SaaS
30626,Summer 2025,tag,2025-08-01,2025-09-01,Artificial Intelligence,AI
30644,Summer 2025,tag,2025-08-01,2025-09-01,Artificial Intelligence,AI
30647,Summer 2025,tag,2025-08-01,2025-09-01,AI,Artificial Intelligence
30650,Summer 2025,tag,2025-08-01,2025-09-01,,Advertising|Artificial Intelligence|B2B|Conversational AI|Generative AI
30651,Summer 2025,tag,2025-08-01,2025-09-01,AI,Artificial Intelligence
30653,Summer 2025,tag,2025-08-01,2025-09-01,Billing,
30656,Summer 2025,tag,2025-08-01,2025-09-01,Artificial Intelligence,AI
30660,Summer 2025,tag,2025-08-01,2025-09-01,AI,Artificial Intelligence
30662,Summer 2025,tag,2025-08-01,2025-09-01,Artificial Intelligence|Energy|Infrastructure|Machine Learning|Robotics,Enterprise
30664,Summer 2025,tag,2025-08-01,2025-09-01,Artificial Intelligence,AI
30666,Summer 2025,tag,2025-08-01,2025-09-01,AI|Health Tech,
30668,Summer 2025,tag,2025-08-01,2025-09-01,AI,Artificial Intelligence|Trust & Safety
30669,Summer 2025,tag,2025-08-01,2025-09-01,Artificial Intelligence,AI
30671,Summer 2025,tag,2025-08-01,2025-09-01,Artificial Intelligence,AI
30692,Summer 2025,tag,2025-08-01,2025-09-01,Artificial Intelligence|Automation|Sales,AI Assistant|Generative AI|Productivity
30692,Summer 2025,industry,2025-08-01,2025-09-01,B2B,Consumer
30695,Summer 2025,tag,2025-08-01,2025-09-01,AI|E-commerce,Artificial Intelligence|B2B|Developer Tools|Retail Tech
30696,Summer 2025,tag,2025-08-01,2025-09-01,Artificial Intelligence,AI
30699,Summer 2025,tag,2025-08-01,2025-09-01,Artificial Intelligence,AI
30701,Summer 2025,tag,2025-08-01,2025-09-01,Artificial Intelligence,AI
30709,Summer 2025,tag,2025-08-01,2025-09-01,AI,Artificial Intelligence
30713,Summer 2025,tag,2025-08-01,2025-09-01,AI,Artificial Intelligence
30716,Summer 2025,tag,2025-08-01,2025-09-01,,AI|B2B|Fintech|SaaS
30719,Summer 2025,tag,2025-08-01,2025-09-01,AI,AI Assistant
30720,Summer 2025,tag,2025-08-01,2025-09-01,AI|AIOps,Artificial Intelligence|Developer Tools
30722,Summer 2025,tag,2025-08-01,2025-09-01,Artificial Intelligence,AI
30726,Summer 2025,tag,2025-08-01,2025-09-01,Artificial Intelligence|Enterprise,AI|Fraud Prevention
30729,Summer 2025,tag,2025-08-01,2025-09-01,AI,Artificial Intelligence
30730,Summer 2025,tag,2025-08-01,2025-09-01,Data Engineering|Reinforcement Learning,
30734,Summer 2025,tag,2025-08-01,2025-09-01,Health Insurance|Healthcare|Healthcare IT,Artificial Intelligence
30738,Summer 2025,tag,2025-08-01,2025-09-01,AI,Artificial Intelligence
30747,Summer 2025,tag,2025-08-01,2025-09-01,Artificial Intelligence,AI
30754,Summer 2025,tag,2025-08-01,2025-09-01,AI,Artificial Intelligence
30758,Summer 2025,tag,2025-08-01,2025-09-01,,Design Tools|Generative AI|SaaS
30761,Summer 2025,tag,2025-08-01,2025-09-01,Artificial Intelligence,AI|Marketplace
30763,Summer 2025,tag,2025-08-01,2025-09-01,AI,Artificial Intelligence
30772,Summer 2025,tag,2025-08-01,2025-09-01,AI,Artificial Intelligence
30789,Summer 2025,tag,2025-08-01,2025-09-01,Design|Developer Tools|Infrastructure|Web Development,
30794,Summer 2025,tag,2025-08-01,2025-09-01,,Artificial Intelligence|Compliance|GovTech|SaaS
30797,Summer 2025,tag,2025-08-01,2025-09-01,Artificial Intelligence,AI
30804,Summer 2025,tag,2025-08-01,2025-09-01,,AI|Cloud Computing|Machine Learning|Open Source
30805,Summer 2025,tag,2025-08-01,2025-09-01,AI|Consumer|Marketplace|Social Network,
464,Summer 2012,tag,2025-09-01,2025-10-01,AI,Artificial Intelligence
634,Winter 2014,tag,2025-09-01,2025-10-01,E-commerce,E-Commerce
1016,Winter 2016,tag,2025-09-01,2025-10-01,Mobility|Payments|Transportation,GovTech|Machine Learning
1016,Winter 2016,industry,2025-09-01,2025-10-01,Fintech,Government
1480,Winter 2017,tag,2025-09-01,2025-10-01,,Digital Health
1480,Winter 2017,industry,2025-09-01,2025-10-01,Consumer,Healthcare
1498,Winter 2017,tag,2025-09-01,2025-10-01,Artificial Intelligence,Machine Learning
1826,Winter 2018,tag,2025-09-01,2025-10-01,AI,Artificial Intelligence
1957,Summer 2018,tag,2025-09-01,2025-10-01,AI,Artificial Intelligence
11922,Winter 2019,subindustry,2025-09-01,2025-10-01,Healthcare -> Medical Devices,Industrials -> Manufacturing and Robotics
11968,Winter 2019,tag,2025-09-01,2025-10-01,,Supply Chain
12036,Winter 2019,tag,2025-09-01,2025-10-01,Artificial Intelligence,
12507,Summer 2019,tag,2025-09-01,2025-10-01,Artificial Intelligence,AI
12549,Summer 2019,tag,2025-09-01,2025-10-01,Artificial Intelligence,AI
12549,Summer 2019,subindustry,2025-09-01,2025-10-01,B2B,B2B -> Marketing
12974,Winter 2020,tag,2025-09-01,2025-10-01,API|Developer Tools|Fintech|Payments,Design|Design Tools
13141,Winter 2020,tag,2025-09-01,2025-10-01,Artificial Intelligence,AI
13218,Winter 2020,tag,2025-09-01,2025-10-01,Artificial Intelligence,AI
13231,Winter 2020,tag,2025-09-01,2025-10-01,Artificial Intelligence,AI
13235,Summer 2020,subindustry,2025-09-01,2025-10-01,B2B -> Supply Chain and Logistics,B2B -> Retail
13519,Winter 2020,tag,2025-09-01,2025-10-01,AI,Artificial Intelligence
21784,Summer 2020,tag,2025-09-01,2025-10-01,AI,Artificial Intelligence
21881,Summer 2020,tag,2025-09-01,2025-10-01,Artificial Intelligence,AI
21969,Summer 2020,tag,2025-09-01,2025-10-01,Artificial Intelligence,AI
22046,Summer 2020,tag,2025-09-01,2025-10-01,,Education
22083,Summer 2020,tag,2025-09-01,2025-10-01,AI-Enhanced Learning,
22241,Summer 2020,tag,2025-09-01,2025-10-01,Artificial Intelligence,AI
22277,Summer 2020,tag,2025-09-01,2025-10-01,Artificial Intelligence,AI
22672,Winter 2021,subindustry,2025-09-01,2025-10-01,"B2B -> Engineering, Product and Design",Education
22781,Winter 2021,tag,2025-09-01,2025-10-01,AI,Artificial Intelligence
22880,Winter 2021,tag,2025-09-01,2025-10-01,Artificial Intelligence,AI
22952,Winter 2021,subindustry,2025-09-01,2025-10-01,Consumer,Consumer -> Food and Beverage
23017,Winter 2021,tag,2025-09-01,2025-10-01,AI,Artificial Intelligence
23037,Winter 2021,tag,2025-09-01,2025-10-01,Artificial Intelligence,AI
23357,Winter 2021,subindustry,2025-09-01,2025-10-01,B2B -> Productivity,Fintech -> Payments
23973,Summer 2021,tag,2025-09-01,2025-10-01,AI,Artificial Intelligence
24038,Summer 2021,tag,2025-09-01,2025-10-01,,Artificial Intelligence
24080,Summer 2021,tag,2025-09-01,2025-10-01,AI Assistant|Artificial Intelligence|Developer Tools|HR Tech,No-code
24381,Summer 2021,tag,2025-09-01,2025-10-01,B2B|Generative AI|Operations,Consumer|Consumer Finance|Diversity & Inclusion|Femtech|Fintech
24381,Summer 2021,industry,2025-09-01,2025-10-01,B2B,Fintech
24384,Summer 2021,tag,2025-09-01,2025-10-01,Web Development,
24914,Summer 2021,tag,2025-09-01,2025-10-01,Artificial Intelligence,AI
25307,Winter 2022,tag,2025-09-01,2025-10-01,Artificial Intelligence|Data Engineering|Data Labeling,AI
25338,Winter 2022,subindustry,2025-09-01,2025-10-01,B2B,Fintech -> Payments
25363,Winter 2022,tag,2025-09-01,2025-10-01,Artificial Intelligence,AI
25582,Winter 2022,tag,2025-09-01,2025-10-01,Artificial Intelligence,
25603,Winter 2022,industry,2025-09-01,2025-10-01,Consumer,B2B
25618,Winter 2022,tag,2025-09-01,2025-10-01,AI,Artificial Intelligence
25681,Winter 2022,tag,2025-09-01,2025-10-01,,Marketplace
25745,Winter 2022,tag,2025-09-01,2025-10-01,Artificial Intelligence,AI
25819,Winter 2022,tag,2025-09-01,2025-10-01,AI,Artificial Intelligence
25914,Winter 2022,tag,2025-09-01,2025-10-01,Hardware|SaaS,Deep Learning|Machine Learning
25981,Winter 2022,subindustry,2025-09-01,2025-10-01,Fintech,Fintech -> Banking and Exchange
26138,Winter 2022,tag,2025-09-01,2025-10-01,Artificial Intelligence,
26144,Winter 2022,tag,2025-09-01,2025-10-01,Artificial Intelligence|No-code,Developer Tools|Productivity
26662,Summer 2022,tag,2025-09-01,2025-10-01,AI|Automation,Artificial Intelligence|SaaS
26725,Summer 2022,tag,2025-09-01,2025-10-01,Artificial Intelligence|Supply Chain,
26803,Summer 2022,tag,2025-09-01,2025-10-01,Logistics|Payments|Supply Chain,
26808,Summer 2022,tag,2025-09-01,2025-10-01,AI,Artificial Intelligence
26852,Summer 2022,tag,2025-09-01,2025-10-01,,AI|Artificial Intelligence|B2B|Design|SaaS
26883,Summer 2022,tag,2025-09-01,2025-10-01,AI,Artificial Intelligence
26907,Summer 2022,tag,2025-09-01,2025-10-01,AI|Analytics|B2B|Finance,Auto Commerce|Marketplace|Transportation
26912,Summer 2022,tag,2025-09-01,2025-10-01,AI,Artificial Intelligence
27041,Summer 2022,tag,2025-09-01,2025-10-01,Artificial Intelligence|SaaS,AI|Fintech|Lending
27041,Summer 2022,industry,2025-09-01,2025-10-01,B2B,Fintech
27137,Summer 2022,tag,2025-09-01,2025-10-01,Fintech|Infrastructure|Payments,DAO|DeFi|SaaS
27162,Summer 2022,tag,2025-09-01,2025-10-01,Artificial Intelligence,AI
27178,Summer 2022,tag,2025-09-01,2025-10-01,Artificial Intelligence,AI
27668,Winter 2023,tag,2025-09-01,2025-10-01,AI,Artificial Intelligence
27710,Winter 2023,tag,2025-09-01,2025-10-01,HR Tech|Payroll,
27712,Winter 2023,tag,2025-09-01,2025-10-01,AI,Artificial Intelligence
27820,Winter 2023,tag,2025-09-01,2025-10-01,AI,Artificial Intelligence
27822,Winter 2023,subindustry,2025-09-01,2025-10-01,Government,B2B -> Sales
27837,Winter 2023,subindustry,2025-09-01,2025-10-01,"B2B -> Engineering, Product and Design",Real Estate and Construction -> Construction
27859,Winter 2023,tag,2025-09-01,2025-10-01,Artificial Intelligence,AI
27870,Winter 2023,tag,2025-09-01,2025-10-01,AI,Artificial Intelligence
27881,Winter 2023,tag,2025-09-01,2025-10-01,Developer Tools|No-code|Workflow Automation,Customer Service|Customer Success|Generative AI
27896,Winter 2023,tag,2025-09-01,2025-10-01,Artificial Intelligence,AI
27897,Winter 2023,tag,2025-09-01,2025-10-01,AI|Automation|Documents,Artificial Intelligence|Developer Tools|Open Source
27957,Winter 2023,tag,2025-09-01,2025-10-01,Cryptocurrency|Payments,
27964,Winter 2023,tag,2025-09-01,2025-10-01,,Artificial Intelligence|Gaming
28069,Winter 2023,tag,2025-09-01,2025-10-01,AI,Artificial Intelligence
28183,Winter 2023,subindustry,2025-09-01,2025-10-01,B2B -> Finance and Accounting,B2B -> Infrastructure
28369,Winter 2023,tag,2025-09-01,2025-10-01,HR Tech|Operations,Compliance
28784,Summer 2023,subindustry,2025-09-01,2025-10-01,B2B -> Operations,Industrials -> Climate
28788,Summer 2023,tag,2025-09-01,2025-10-01,Conversational AI,Generative AI
28839,Summer 2023,tag,2025-09-01,2025-10-01,AI,Artificial Intelligence|Fintech|Investing
28839,Summer 2023,industry,2025-09-01,2025-10-01,B2B,Fintech
28841,Summer 2023,tag,2025-09-01,2025-10-01,Artificial Intelligence,AI
28857,Summer 2023,tag,2025-09-01,2025-10-01,Sales,Fintech|Insurance
28879,Summer 2023,tag,2025-09-01,2025-10-01,AI Assistant|Artificial Intelligence|Data Visualization,
28880,Summer 2023,tag,2025-09-01,2025-10-01,AI,Artificial Intelligence
28884,Summer 2023,tag,2025-09-01,2025-10-01,Artificial Intelligence|Automation|Enterprise,
28886,Summer 2023,tag,2025-09-01,2025-10-01,Artificial Intelligence|Automation,AI|Workflow Automation
28922,Winter 2025,tag,2025-09-01,2025-10-01,,Health Insurance|Healthcare|Workflow Automation
28928,Summer 2023,tag,2025-09-01,2025-10-01,Artificial Intelligence,AI
28936,Summer 2023,tag,2025-09-01,2025-10-01,Generative AI|Machine Learning,Telehealth
28936,Summer 2023,subindustry,2025-09-01,2025-10-01,Healthcare -> Consumer Health and Wellness,Healthcare -> Healthcare Services
28959,Summer 2023,tag,2025-09-01,2025-10-01,Artificial Intelligence|Computer Vision|Construction|Energy|Real Estate,AI|AIOps|DevOps|Developer Tools|Infrastructure
28959,Summer 2023,industry,2025-09-01,2025-10-01,Real Estate and Construction,B2B
28966,Summer 2023,tag,2025-09-01,2025-10-01,Artificial Intelligence,AI
29013,Summer 2023,tag,2025-09-01,2025-10-01,AI,Artificial Intelligence
29082,Summer 2023,tag,2025-09-01,2025-10-01,Artificial Intelligence,AI
29082,Summer 2023,subindustry,2025-09-01,2025-10-01,B2B,"B2B -> Engineering, Product and Design"
29085,Summer 2023,tag,2025-09-01,2025-10-01,Billing|Health Insurance|Healthcare|Healthcare IT,Artificial Intelligence|Automation|Fintech
29088,Summer 2023,tag,2025-09-01,2025-10-01,Artificial Intelligence,AI
29118,Summer 2023,tag,2025-09-01,2025-10-01,AI,Artificial Intelligence|Data Visualization|Open Source
29120,Summer 2023,tag,2025-09-01,2025-10-01,API|Developer Tools,
29205,Winter 2024,tag,2025-09-01,2025-10-01,Conversational AI,Generative AI
29246,Winter 2024,tag,2025-09-01,2025-10-01,Artificial Intelligence|Enterprise|Productivity,Cybersecurity|Workflow Automation
29253,Winter 2024,tag,2025-09-01,2025-10-01,AI,Artificial Intelligence
29265,Winter 2024,tag,2025-09-01,2025-10-01,Artificial Intelligence,AI
29268,Winter 2024,subindustry,2025-09-01,2025-10-01,Healthcare,Healthcare -> Healthcare IT
29272,Winter 2024,tag,2025-09-01,2025-10-01,Consumer Health Services|Digital Health,
29272,Winter 2024,industry,2025-09-01,2025-10-01,Healthcare,B2B
29276,Winter 2024,subindustry,2025-09-01,2025-10-01,B2B -> Finance and Accounting,B2B
29281,Winter 2024,subindustry,2025-09-01,2025-10-01,Education,Real Estate and Construction -> Housing and Real Estate
29286,Winter 2024,tag,2025-09-01,2025-10-01,Artificial Intelligence|B2B|Legal|SaaS,
29300,Winter 2024,tag,2025-09-01,2025-10-01,AI,Artificial Intelligence
29325,Winter 2024,tag,2025-09-01,2025-10-01,Artificial Intelligence,AI
29327,Summer 2024,tag,2025-09-01,2025-10-01,Artificial Intelligence,AI
29374,Winter 2024,tag,2025-09-01,2025-10-01,Security,
29380,Winter 2024,tag,2025-09-01,2025-10-01,AI,Artificial Intelligence
29396,Winter 2024,tag,2025-09-01,2025-10-01,Artificial Intelligence|GovTech,AI|API
29398,Winter 2024,tag,2025-09-01,2025-10-01,AI,Artificial Intelligence
29418,Winter 2024,subindustry,2025-09-01,2025-10-01,Healthcare -> Healthcare IT,Industrials
29419,Winter 2024,tag,2025-09-01,2025-10-01,Productivity|Workflow Automation,
29611,Summer 2024,tag,2025-09-01,2025-10-01,Artificial Intelligence,AI|Mental Health
29633,Summer 2024,tag,2025-09-01,2025-10-01,AI,Artificial Intelligence
29654,Summer 2024,tag,2025-09-01,2025-10-01,AI,Artificial Intelligence
29688,Summer 2024,tag,2025-09-01,2025-10-01,AI,Artificial Intelligence
29689,Summer 2024,tag,2025-09-01,2025-10-01,Artificial Intelligence,AI
29694,Summer 2024,tag,2025-09-01,2025-10-01,AI-powered Drug Discovery|Therapeutics,Artificial Intelligence|Climate
29712,Summer 2024,tag,2025-09-01,2025-10-01,Artificial Intelligence|B2B,Enterprise Software|Generative AI
29738,Summer 2024,tag,2025-09-01,2025-10-01,Artificial Intelligence,AI
29767,Summer 2024,tag,2025-09-01,2025-10-01,AI,Artificial Intelligence
29773,Summer 2024,tag,2025-09-01,2025-10-01,Artificial Intelligence|Sales,Enterprise Software|Procurement
29777,Summer 2024,tag,2025-09-01,2025-10-01,AI,Artificial Intelligence
29778,Summer 2024,tag,2025-09-01,2025-10-01,Consumer|Conversational AI,Developer Tools
29778,Summer 2024,industry,2025-09-01,2025-10-01,Consumer,B2B
29800,Summer 2024,tag,2025-09-01,2025-10-01,Artificial Intelligence,AI
29808,Summer 2024,tag,2025-09-01,2025-10-01,Artificial Intelligence,AI
29812,Summer 2024,tag,2025-09-01,2025-10-01,Artificial Intelligence,AI
29825,Summer 2024,tag,2025-09-01,2025-10-01,Artificial Intelligence,AI
29830,Summer 2024,tag,2025-09-01,2025-10-01,Artificial Intelligence|Social Media,AI|B2B
29951,Summer 2024,subindustry,2025-09-01,2025-10-01,"B2B -> Engineering, Product and Design",B2B
29955,Summer 2024,tag,2025-09-01,2025-10-01,B2B|Consumer,AI|Machine Learning
29980,Summer 2024,tag,2025-09-01,2025-10-01,Artificial Intelligence,AI
29992,Summer 2024,tag,2025-09-01,2025-10-01,,Construction|Developer Tools|Industrial|Infrastructure|Manufacturing
30014,Fall 2024,tag,2025-09-01,2025-10-01,Finance,AI|AI Assistant
30024,Fall 2024,tag,2025-09-01,2025-10-01,,B2B|Developer Tools|SaaS
30029,Fall 2024,tag,2025-09-01,2025-10-01,Health Tech,Insurance
30032,Fall 2024,tag,2025-09-01,2025-10-01,AI,Artificial Intelligence
30033,Fall 2024,tag,2025-09-01,2025-10-01,AI|B2B|SaaS|Sales Enablement,
30034,Fall 2024,tag,2025-09-01,2025-10-01,,AI
30043,Fall 2024,tag,2025-09-01,2025-10-01,Healthcare,Chatbot
30055,Fall 2024,tag,2025-09-01,2025-10-01,AI,Artificial Intelligence
30066,Fall 2024,tag,2025-09-01,2025-10-01,,Web Development
30079,Fall 2024,tag,2025-09-01,2025-10-01,Artificial Intelligence|Automation|Indoor Mapping,Media
30086,Summer 2025,tag,2025-09-01,2025-10-01,,B2B|Billing|Payments|SaaS|Subscriptions
30096,Fall 2024,tag,2025-09-01,2025-10-01,AI,Artificial Intelligence
30097,Fall 2024,tag,2025-09-01,2025-10-01,Artificial Intelligence,AI
30111,Fall 2024,tag,2025-09-01,2025-10-01,Automation|Generative AI,AI|Data Labeling|Deep Learning|Reinforcement Learning
30111,Fall 2024,industry,2025-09-01,2025-10-01,Consumer,B2B
30112,Fall 2024,tag,2025-09-01,2025-10-01,Artificial Intelligence,AI
30116,Fall 2024,tag,2025-09-01,2025-10-01,AI,Artificial Intelligence
30117,Fall 2024,tag,2025-09-01,2025-10-01,AI,Artificial Intelligence
30129,Fall 2024,tag,2025-09-01,2025-10-01,Artificial Intelligence|Developer Tools,
30173,Spring 2025,tag,2025-09-01,2025-10-01,AI|Reinforcement Learning,AI Assistant|Artificial Intelligence|Developer Tools
30188,Winter 2025,tag,2025-09-01,2025-10-01,,AI|AI Assistant|Artificial Intelligence|B2B|Real Estate
30188,Winter 2025,industry,2025-09-01,2025-10-01,B2B,Real Estate and Construction
30225,Winter 2025,tag,2025-09-01,2025-10-01,Compliance|Logistics|Supply Chain,HR Tech
30228,Winter 2025,tag,2025-09-01,2025-10-01,AI,Artificial Intelligence
30229,Winter 2025,tag,2025-09-01,2025-10-01,Home Services,Aerospace|Compliance|Computer Vision|Warehouse Management Tech
30229,Winter 2025,industry,2025-09-01,2025-10-01,B2B,Industrials
30247,Winter 2025,tag,2025-09-01,2025-10-01,AI|B2B|Developer Tools|Infrastructure|Reinforcement Learning,
30264,Winter 2025,tag,2025-09-01,2025-10-01,Artificial Intelligence,AI
30267,Winter 2025,tag,2025-09-01,2025-10-01,Analytics|Artificial Intelligence,AI|Sales
30273,Winter 2025,tag,2025-09-01,2025-10-01,Artificial Intelligence,AI
30287,Winter 2025,tag,2025-09-01,2025-10-01,AI,Artificial Intelligence
30314,Winter 2025,tag,2025-09-01,2025-10-01,Artificial Intelligence,AI
30320,Winter 2025,tag,2025-09-01,2025-10-01,Artificial Intelligence,AI
30345,Winter 2025,tag,2025-09-01,2025-10-01,Artificial Intelligence,AI
30350,Winter 2025,subindustry,2025-09-01,2025-10-01,"B2B -> Engineering, Product and Design",B2B
30351,Winter 2025,tag,2025-09-01,2025-10-01,AI,AI Assistant
30352,Summer 2025,subindustry,2025-09-01,2025-10-01,"B2B -> Engineering, Product and Design",Unspecified
30362,Summer 2025,subindustry,2025-09-01,2025-10-01,B2B -> Sales,Unspecified
30366,Spring 2025,tag,2025-09-01,2025-10-01,,AIOps|Infrastructure
30407,Spring 2025,tag,2025-09-01,2025-10-01,AI|Security,Artificial Intelligence
30413,Summer 2025,tag,2025-09-01,2025-10-01,Artificial Intelligence,AI
30422,Spring 2025,tag,2025-09-01,2025-10-01,,Consumer Health Services|Digital Health|Health & Wellness|Health Tech|Healthcare
30432,Spring 2025,tag,2025-09-01,2025-10-01,Artificial Intelligence,AI
30434,Spring 2025,subindustry,2025-09-01,2025-10-01,Industrials -> Manufacturing and Robotics,Healthcare -> Industrial Bio
30437,Spring 2025,tag,2025-09-01,2025-10-01,Analytics,Health Insurance|Healthcare|Healthcare IT
30437,Spring 2025,industry,2025-09-01,2025-10-01,B2B,Healthcare
30439,Spring 2025,tag,2025-09-01,2025-10-01,,AI|Artificial Intelligence|Enterprise|Productivity|SaaS
30440,Spring 2025,tag,2025-09-01,2025-10-01,,Artificial Intelligence|Developer Tools|Open Source
30442,Spring 2025,tag,2025-09-01,2025-10-01,AI,Artificial Intelligence
30443,Spring 2025,tag,2025-09-01,2025-10-01,AI|B2B|Education|Productivity,
30443,Spring 2025,industry,2025-09-01,2025-10-01,Consumer,Education
30451,Spring 2025,tag,2025-09-01,2025-10-01,AI,
30454,Spring 2025,tag,2025-09-01,2025-10-01,Artificial Intelligence,AI
30455,Spring 2025,tag,2025-09-01,2025-10-01,Artificial Intelligence,AI
30464,Spring 2025,tag,2025-09-01,2025-10-01,AI,Artificial Intelligence
30476,Spring 2025,tag,2025-09-01,2025-10-01,Artificial Intelligence,AI
30488,Spring 2025,tag,2025-09-01,2025-10-01,Artificial Intelligence,AI
30492,Spring 2025,tag,2025-09-01,2025-10-01,AI,Artificial Intelligence
30494,Summer 2025,tag,2025-09-01,2025-10-01,AI,Artificial Intelligence
30500,Spring 2025,tag,2025-09-01,2025-10-01,Artificial Intelligence,AI|Generative AI|Reinforcement Learning
30510,Summer 2025,tag,2025-09-01,2025-10-01,AI|Open Source,
30520,Summer 2025,tag,2025-09-01,2025-10-01,Artificial Intelligence,AI
30529,Spring 2025,tag,2025-09-01,2025-10-01,AI,Artificial Intelligence
30540,Spring 2025,tag,2025-09-01,2025-10-01,AI,Artificial Intelligence
30549,Spring 2025,tag,2025-09-01,2025-10-01,AI,Artificial Intelligence
30553,Spring 2025,tag,2025-09-01,2025-10-01,,Fintech|Payments
30556,Spring 2025,tag,2025-09-01,2025-10-01,Aerospace|Hard Tech|Hardware|Industrial|SaaS,
30559,Spring 2025,tag,2025-09-01,2025-10-01,AI|Hard Tech|Hardware,AI-powered Drug Discovery|Artificial Intelligence|Manufacturing
30560,Spring 2025,tag,2025-09-01,2025-10-01,,Hard Tech|Manufacturing|Robotics
30566,Summer 2025,subindustry,2025-09-01,2025-10-01,Consumer,Consumer -> Virtual and Augmented Reality
30582,Summer 2025,tag,2025-09-01,2025-10-01,,Artificial Intelligence|Education
30603,Summer 2025,tag,2025-09-01,2025-10-01,,Marketing|Real Estate
30605,Summer 2025,tag,2025-09-01,2025-10-01,Artificial Intelligence,AI
30606,Summer 2025,tag,2025-09-01,2025-10-01,Artificial Intelligence,AI
30608,Summer 2025,tag,2025-09-01,2025-10-01,,Artificial Intelligence
30612,Summer 2025,tag,2025-09-01,2025-10-01,AI,Artificial Intelligence|LegalTech
30613,Summer 2025,tag,2025-09-01,2025-10-01,AI,Artificial Intelligence
30614,Summer 2025,tag,2025-09-01,2025-10-01,AI,Artificial Intelligence
30615,Summer 2025,tag,2025-09-01,2025-10-01,Artificial Intelligence,AI
30621,Summer 2025,subindustry,2025-09-01,2025-10-01,B2B -> Productivity,B2B
30622,Summer 2025,tag,2025-09-01,2025-10-01,Artificial Intelligence,AI
30624,Summer 2025,tag,2025-09-01,2025-10-01,,AI|Robotics
30625,Summer 2025,tag,2025-09-01,2025-10-01,AI,Artificial Intelligence
30629,Summer 2025,subindustry,2025-09-01,2025-10-01,"B2B -> Engineering, Product and Design",Unspecified
30630,Summer 2025,tag,2025-09-01,2025-10-01,Payments|Subscriptions,Billing|Fraud Detection
30634,Summer 2025,tag,2025-09-01,2025-10-01,,Design Tools|Developer Tools
30643,Summer 2025,subindustry,2025-09-01,2025-10-01,B2B -> Infrastructure,B2B -> Productivity
30644,Summer 2025,tag,2025-09-01,2025-10-01,,Developer Tools
30645,Summer 2025,tag,2025-09-01,2025-10-01,Artificial Intelligence,AI
30647,Summer 2025,tag,2025-09-01,2025-10-01,Enterprise Software|Robotic Process Automation,
30648,Summer 2025,tag,2025-09-01,2025-10-01,AI,Artificial Intelligence
30651,Summer 2025,tag,2025-09-01,2025-10-01,Artificial Intelligence,AI
30652,Summer 2025,tag,2025-09-01,2025-10-01,Machine Learning|SaaS,Maritime|Security
30656,Summer 2025,tag,2025-09-01,2025-10-01,,Artificial Intelligence|Deep Learning|Edge Computing Semiconductors|IoT
30656,Summer 2025,subindustry,2025-09-01,2025-10-01,B2B,Unspecified
30660,Summer 2025,tag,2025-09-01,2025-10-01,Artificial Intelligence|Workflow Automation,AI
30661,Summer 2025,tag,2025-09-01,2025-10-01,Artificial Intelligence|Food & Beverage|SaaS,AI|Enterprise Software|Food|Food Tech
30662,Summer 2025,tag,2025-09-01,2025-10-01,AI,Artificial Intelligence
30664,Summer 2025,tag,2025-09-01,2025-10-01,AI|Consumer Products|Marketing|Media,Artificial Intelligence|Automation|Computer Vision
30666,Summer 2025,tag,2025-09-01,2025-10-01,Artificial Intelligence,AI
30668,Summer 2025,tag,2025-09-01,2025-10-01,Artificial Intelligence,AI
30671,Summer 2025,tag,2025-09-01,2025-10-01,AI|B2B|Infrastructure|Reinforcement Learning,Analytics|Artificial Intelligence|SaaS
30675,Summer 2025,tag,2025-09-01,2025-10-01,AI,Artificial Intelligence
30676,Summer 2025,tag,2025-09-01,2025-10-01,Artificial Intelligence,AI
30680,Summer 2025,tag,2025-09-01,2025-10-01,AI,Artificial Intelligence
30684,Summer 2025,tag,2025-09-01,2025-10-01,AI,Artificial Intelligence
30686,Summer 2025,tag,2025-09-01,2025-10-01,Artificial Intelligence|Entertainment|Media,AI|Cloud Gaming
30691,Summer 2025,tag,2025-09-01,2025-10-01,,Developer Tools|Generative AI|Hardware
30692,Summer 2025,tag,2025-09-01,2025-10-01,AI,Artificial Intelligence
30695,Summer 2025,tag,2025-09-01,2025-10-01,Artificial Intelligence,AI
30696,Summer 2025,tag,2025-09-01,2025-10-01,AI,Artificial Intelligence
30698,Summer 2025,tag,2025-09-01,2025-10-01,,Artificial Intelligence|B2B|SaaS|Sales|Supply Chain
30699,Summer 2025,tag,2025-09-01,2025-10-01,AI,Artificial Intelligence
30701,Summer 2025,industry,2025-09-01,2025-10-01,B2B,Fintech
30703,Summer 2025,tag,2025-09-01,2025-10-01,Consumer,Entertainment
30706,Summer 2025,tag,2025-09-01,2025-10-01,,Artificial Intelligence|Insurance
30708,Summer 2025,tag,2025-09-01,2025-10-01,,Drones|Hardware|Swarm Robotics
30710,Summer 2025,tag,2025-09-01,2025-10-01,,Artificial Intelligence|Developer Tools|Infrastructure|Open Source
30711,Summer 2025,tag,2025-09-01,2025-10-01,AI|Enterprise Software|Productivity,Artificial Intelligence
30712,Summer 2025,tag,2025-09-01,2025-10-01,Artificial Intelligence,AI|AR|B2B
30713,Summer 2025,tag,2025-09-01,2025-10-01,Artificial Intelligence,AI
30716,Summer 2025,tag,2025-09-01,2025-10-01,AI|Artificial Intelligence|B2B|Enterprise|Fintech,
30719,Summer 2025,tag,2025-09-01,2025-10-01,Artificial Intelligence,AI
30721,Summer 2025,tag,2025-09-01,2025-10-01,Artificial Intelligence,AI
30724,Summer 2025,tag,2025-09-01,2025-10-01,,AI|B2B|Education|Infrastructure|SaaS
30726,Summer 2025,tag,2025-09-01,2025-10-01,,Artificial Intelligence|B2B|Enterprise|Fintech|Fraud Detection
30729,Summer 2025,tag,2025-09-01,2025-10-01,Artificial Intelligence,AI|Generative AI
30730,Summer 2025,tag,2025-09-01,2025-10-01,Artificial Intelligence,AI
30731,Summer 2025,tag,2025-09-01,2025-10-01,AI,Artificial Intelligence
30733,Summer 2025,tag,2025-09-01,2025-10-01,Artificial Intelligence,AI
30736,Summer 2025,subindustry,2025-09-01,2025-10-01,Real Estate and Construction,Unspecified
30739,Summer 2025,tag,2025-09-01,2025-10-01,AI,Artificial Intelligence
30739,Summer 2025,subindustry,2025-09-01,2025-10-01,B2B -> Marketing,B2B -> Productivity
30741,Summer 2025,tag,2025-09-01,2025-10-01,B2B,
30742,Summer 2025,tag,2025-09-01,2025-10-01,Artificial Intelligence,AI
30744,Summer 2025,tag,2025-09-01,2025-10-01,AI|B2B,Artificial Intelligence|Semiconductors
30748,Summer 2025,subindustry,2025-09-01,2025-10-01,Consumer -> Consumer Electronics,B2B -> Infrastructure
30755,Summer 2025,tag,2025-09-01,2025-10-01,Artificial Intelligence,AI
30756,Summer 2025,tag,2025-09-01,2025-10-01,Artificial Intelligence,AI
30762,Summer 2025,tag,2025-09-01,2025-10-01,Artificial Intelligence,AI
30763,Summer 2025,tag,2025-09-01,2025-10-01,Artificial Intelligence,AI
30763,Summer 2025,subindustry,2025-09-01,2025-10-01,B2B -> Supply Chain and Logistics,B2B
30768,Summer 2025,tag,2025-09-01,2025-10-01,Artificial Intelligence,AI
30770,Summer 2025,tag,2025-09-01,2025-10-01,AI,AI Assistant
30772,Summer 2025,tag,2025-09-01,2025-10-01,Open Source,
30774,Summer 2025,tag,2025-09-01,2025-10-01,Construction,Real Estate
30774,Summer 2025,subindustry,2025-09-01,2025-10-01,Real Estate and Construction,Real Estate and Construction -> Housing and Real Estate
30775,Summer 2025,tag,2025-09-01,2025-10-01,Artificial Intelligence,AI
30782,Summer 2025,tag,2025-09-01,2025-10-01,,AI|AIOps|Artificial Intelligence|B2B
30785,Summer 2025,tag,2025-09-01,2025-10-01,Artificial Intelligence,AI
30786,Summer 2025,tag,2025-09-01,2025-10-01,B2B,
30789,Summer 2025,tag,2025-09-01,2025-10-01,AI,Infrastructure|Web Development
30795,Summer 2025,tag,2025-09-01,2025-10-01,Artificial Intelligence,
30796,Summer 2025,subindustry,2025-09-01,2025-10-01,B2B -> Recruiting and Talent,Unspecified
30797,Summer 2025,tag,2025-09-01,2025-10-01,AI,Artificial Intelligence
30799,Summer 2025,tag,2025-09-01,2025-10-01,B2B,
30940,Fall 2025,subindustry,2025-09-01,2025-10-01,B2B,Unspecified
662,Summer 2014,tag,2025-10-01,2025-11-01,Artificial Intelligence,AI
888,Summer 2015,tag,2025-10-01,2025-11-01,E-commerce,E-Commerce
902,Summer 2015,tag,2025-10-01,2025-11-01,,AI-powered Drug Discovery|Biotech|Healthcare
977,Winter 2016,tag,2025-10-01,2025-11-01,AI,Artificial Intelligence
1583,Summer 2017,tag,2025-10-01,2025-11-01,Robotics,
1729,Winter 2018,tag,2025-10-01,2025-11-01,AI,Artificial Intelligence
1736,Winter 2018,tag,2025-10-01,2025-11-01,AI|AI Assistant,Marketplace
1802,Winter 2018,tag,2025-10-01,2025-11-01,Consumer|Digital Health|Sleep Tech,
12074,Winter 2019,tag,2025-10-01,2025-11-01,B2B|SaaS,
12536,Summer 2019,tag,2025-10-01,2025-11-01,AI,Artificial Intelligence
12549,Summer 2019,tag,2025-10-01,2025-11-01,AI,Artificial Intelligence
12769,Summer 2019,tag,2025-10-01,2025-11-01,B2B|Marketing,
12863,Summer 2019,tag,2025-10-01,2025-11-01,Artificial Intelligence,AI
12878,Summer 2019,tag,2025-10-01,2025-11-01,Finance,
13177,Winter 2020,tag,2025-10-01,2025-11-01,AI,Artificial Intelligence
13344,Winter 2020,tag,2025-10-01,2025-11-01,Social,Artificial Intelligence|Productivity
13344,Winter 2020,industry,2025-10-01,2025-11-01,Consumer,B2B
13344,Winter 2020,subindustry,2025-10-01,2025-11-01,B2B -> Productivity,"B2B -> Engineering, Product and Design"
13620,Winter 2020,tag,2025-10-01,2025-11-01,AI|AI Assistant,eSports
22002,Summer 2020,tag,2025-10-01,2025-11-01,AI,Artificial Intelligence
22660,Winter 2021,tag,2025-10-01,2025-11-01,AI|Sales,Dental|Healthcare|India
22660,Winter 2021,industry,2025-10-01,2025-11-01,B2B,Healthcare
22681,Winter 2021,tag,2025-10-01,2025-11-01,Artificial Intelligence,Machine Learning|SaaS
22681,Winter 2021,industry,2025-10-01,2025-11-01,Fintech,B2B
22787,Winter 2021,tag,2025-10-01,2025-11-01,AI,
22835,Winter 2021,tag,2025-10-01,2025-11-01,AI,Artificial Intelligence
22880,Winter 2021,tag,2025-10-01,2025-11-01,AI,Artificial Intelligence
23017,Winter 2021,tag,2025-10-01,2025-11-01,Artificial Intelligence,AI
23357,Winter 2021,tag,2025-10-01,2025-11-01,Artificial Intelligence,
23530,Winter 2021,tag,2025-10-01,2025-11-01,AI-Enhanced Learning|Artificial Intelligence,Analytics|B2B
23634,Winter 2021,tag,2025-10-01,2025-11-01,Artificial Intelligence,AI
24045,Summer 2021,tag,2025-10-01,2025-11-01,AI,Artificial Intelligence
24161,Summer 2021,tag,2025-10-01,2025-11-01,Artificial Intelligence,AI
24198,Summer 2021,tag,2025-10-01,2025-11-01,Artificial Intelligence,AI|Fintech
24198,Summer 2021,industry,2025-10-01,2025-11-01,B2B,Fintech
24206,Summer 2021,tag,2025-10-01,2025-11-01,Artificial Intelligence,AI
24229,Summer 2021,tag,2025-10-01,2025-11-01,,Consumer Health Services|Mental Health Tech
24229,Summer 2021,industry,2025-10-01,2025-11-01,B2B,Healthcare
24395,Summer 2021,tag,2025-10-01,2025-11-01,Artificial Intelligence,AI
24538,Summer 2021,subindustry,2025-10-01,2025-11-01,B2B,B2B -> Sales
24819,Summer 2021,tag,2025-10-01,2025-11-01,Artificial Intelligence|Health Insurance,
24925,Summer 2021,tag,2025-10-01,2025-11-01,Consumer Products|Hardware,Digital Health|Health Tech
25075,Winter 2022,tag,2025-10-01,2025-11-01,AI,Artificial Intelligence
25275,Winter 2022,tag,2025-10-01,2025-11-01,AI,Artificial Intelligence
25279,Winter 2022,tag,2025-10-01,2025-11-01,Artificial Intelligence,AI
25316,Winter 2022,tag,2025-10-01,2025-11-01,Legal,API
25318,Winter 2022,tag,2025-10-01,2025-11-01,AI,Artificial Intelligence
25656,Winter 2022,tag,2025-10-01,2025-11-01,AI|SEO,Analytics|Data Science|E-commerce|Generative AI
25677,Winter 2022,tag,2025-10-01,2025-11-01,,Climate|ClimateTech|Robotics
25684,Winter 2022,tag,2025-10-01,2025-11-01,AI,Artificial Intelligence
25947,Winter 2022,tag,2025-10-01,2025-11-01,,B2B|Customer Support|SaaS
25989,Winter 2022,tag,2025-10-01,2025-11-01,Artificial Intelligence,AI
26690,Summer 2022,tag,2025-10-01,2025-11-01,Artificial Intelligence,AI
26693,Summer 2022,tag,2025-10-01,2025-11-01,AI|API|Chat,Artificial Intelligence|Customer Support
26851,Summer 2022,tag,2025-10-01,2025-11-01,Artificial Intelligence,AI
26897,Summer 2022,tag,2025-10-01,2025-11-01,Artificial Intelligence,AI
26912,Summer 2022,tag,2025-10-01,2025-11-01,Artificial Intelligence,AI
27037,Summer 2022,tag,2025-10-01,2025-11-01,Artificial Intelligence,AI
27039,Summer 2022,tag,2025-10-01,2025-11-01,Artificial Intelligence,AI
27109,Summer 2022,tag,2025-10-01,2025-11-01,Artificial Intelligence,Machine Learning
27141,Summer 2022,tag,2025-10-01,2025-11-01,AI,Artificial Intelligence
27184,Summer 2022,industry,2025-10-01,2025-11-01,B2B,Consumer
27491,Winter 2023,tag,2025-10-01,2025-11-01,AI,Artificial Intelligence
27673,Winter 2023,tag,2025-10-01,2025-11-01,AI,Artificial Intelligence
27699,Winter 2023,subindustry,2025-10-01,2025-11-01,B2B -> Finance and Accounting,Fintech -> Payments
27840,Winter 2023,tag,2025-10-01,2025-11-01,AI|Design|Design Tools,
27867,Winter 2023,tag,2025-10-01,2025-11-01,DevOps|Developer Tools,Legal|LegalTech
27882,Winter 2023,tag,2025-10-01,2025-11-01,Artificial Intelligence,AI
27952,Winter 2023,tag,2025-10-01,2025-11-01,Artificial Intelligence|Enterprise,AI|B2B
27986,Winter 2023,tag,2025-10-01,2025-11-01,,Investing|Neobank
28087,Winter 2023,tag,2025-10-01,2025-11-01,,Gaming
28096,Winter 2023,subindustry,2025-10-01,2025-11-01,B2B -> Analytics,Fintech -> Payments
28650,Summer 2023,tag,2025-10-01,2025-11-01,,Open Source
28745,Summer 2023,tag,2025-10-01,2025-11-01,,B2B|Climate|ClimateTech|Enterprise Software
28778,Summer 2023,tag,2025-10-01,2025-11-01,Artificial Intelligence,
28787,Summer 2023,tag,2025-10-01,2025-11-01,Artificial Intelligence,AI
28836,Summer 2023,tag,2025-10-01,2025-11-01,AI,Artificial Intelligence
28837,Summer 2023,subindustry,2025-10-01,2025-11-01,B2B,B2B -> Analytics
28839,Summer 2023,tag,2025-10-01,2025-11-01,Artificial Intelligence,AI
28841,Summer 2023,tag,2025-10-01,2025-11-01,AI,Artificial Intelligence
28864,Summer 2023,tag,2025-10-01,2025-11-01,AI,Artificial Intelligence
28884,Summer 2023,tag,2025-10-01,2025-11-01,AI,Artificial Intelligence
28886,Summer 2023,tag,2025-10-01,2025-11-01,AI,Artificial Intelligence
28891,Summer 2023,tag,2025-10-01,2025-11-01,AI,Artificial Intelligence
28927,Summer 2023,tag,2025-10-01,2025-11-01,DevSecOps|GovTech,AI|Developer Tools
28936,Summer 2023,tag,2025-10-01,2025-11-01,Consumer Health Services,AI Assistant
28982,Summer 2023,tag,2025-10-01,2025-11-01,AI,Artificial Intelligence
28991,Summer 2023,tag,2025-10-01,2025-11-01,Artificial Intelligence,AI
29085,Summer 2023,tag,2025-10-01,2025-11-01,Artificial Intelligence,AI
29115,Summer 2023,tag,2025-10-01,2025-11-01,Artificial Intelligence,AI
29121,Summer 2023,tag,2025-10-01,2025-11-01,AI,Artificial Intelligence
29137,Summer 2023,tag,2025-10-01,2025-11-01,B2B,Consumer|E-commerce
29137,Summer 2023,industry,2025-10-01,2025-11-01,B2B,Consumer
29263,Winter 2024,tag,2025-10-01,2025-11-01,AI,Artificial Intelligence
29315,Winter 2024,tag,2025-10-01,2025-11-01,AI,Artificial Intelligence
29319,Winter 2024,tag,2025-10-01,2025-11-01,Artificial Intelligence,AI
29334,Winter 2024,tag,2025-10-01,2025-11-01,Artificial Intelligence,AI
29407,Winter 2024,tag,2025-10-01,2025-11-01,Artificial Intelligence|Marketing|Personalization|Reinforcement Learning|Workflow Automation,
29409,Winter 2024,tag,2025-10-01,2025-11-01,Artificial Intelligence,AI
29448,Winter 2024,subindustry,2025-10-01,2025-11-01,Fintech -> Payments,Unspecified
29452,Winter 2024,tag,2025-10-01,2025-11-01,Artificial Intelligence|Consumer,AI|B2B
29452,Winter 2024,industry,2025-10-01,2025-11-01,Consumer,B2B
29455,Winter 2024,tag,2025-10-01,2025-11-01,AI,Artificial Intelligence
29496,Winter 2024,tag,2025-10-01,2025-11-01,Artificial Intelligence|Automotive,AI
29516,Winter 2024,tag,2025-10-01,2025-11-01,Artificial Intelligence,AI
29518,Winter 2024,subindustry,2025-10-01,2025-11-01,Fintech,Unspecified
29570,Summer 2024,tag,2025-10-01,2025-11-01,AI,Artificial Intelligence
29623,Summer 2024,tag,2025-10-01,2025-11-01,Artificial Intelligence,AI
29646,Summer 2024,tag,2025-10-01,2025-11-01,AI,Artificial Intelligence
29655,Summer 2024,tag,2025-10-01,2025-11-01,Artificial Intelligence|Automation,AI|Finance|Fintech
29655,Summer 2024,industry,2025-10-01,2025-11-01,B2B,Fintech
29676,Summer 2024,tag,2025-10-01,2025-11-01,Artificial Intelligence,AI
29693,Summer 2024,tag,2025-10-01,2025-11-01,AI,Artificial Intelligence
29719,Summer 2024,tag,2025-10-01,2025-11-01,AI,B2B|Operations
29721,Summer 2024,tag,2025-10-01,2025-11-01,AI|Supply Chain,Artificial Intelligence|Logistics|Warehouse Management Tech
29723,Summer 2024,tag,2025-10-01,2025-11-01,Artificial Intelligence,B2B|Developer Tools|Health Tech
29729,Summer 2024,tag,2025-10-01,2025-11-01,AI,Artificial Intelligence
29738,Summer 2024,tag,2025-10-01,2025-11-01,AI,Artificial Intelligence
29751,Summer 2024,tag,2025-10-01,2025-11-01,AI,Artificial Intelligence
29762,Summer 2024,subindustry,2025-10-01,2025-11-01,Consumer -> Content,B2B -> Marketing
29767,Summer 2024,tag,2025-10-01,2025-11-01,Artificial Intelligence,AI
29777,Summer 2024,tag,2025-10-01,2025-11-01,Artificial Intelligence,AI
29821,Summer 2024,tag,2025-10-01,2025-11-01,Artificial Intelligence,
29852,Summer 2024,tag,2025-10-01,2025-11-01,Artificial Intelligence|Consumer|Productivity,AI|E-commerce|Sales
29852,Summer 2024,industry,2025-10-01,2025-11-01,Consumer,B2B
29952,Summer 2024,tag,2025-10-01,2025-11-01,AI,Artificial Intelligence
29960,Summer 2024,tag,2025-10-01,2025-11-01,Artificial Intelligence,AI
29978,Summer 2024,tag,2025-10-01,2025-11-01,,AI
29989,Summer 2024,tag,2025-10-01,2025-11-01,,Chat
30029,Fall 2024,tag,2025-10-01,2025-11-01,,AI|B2B|Health Tech
30034,Fall 2024,tag,2025-10-01,2025-11-01,AI,Artificial Intelligence
30039,Fall 2024,tag,2025-10-01,2025-11-01,AI,Artificial Intelligence
30041,Fall 2024,tag,2025-10-01,2025-11-01,AI,Artificial Intelligence
30042,Fall 2024,tag,2025-10-01,2025-11-01,AI|Supply Chain,Artificial Intelligence|Manufacturing
30042,Fall 2024,industry,2025-10-01,2025-11-01,B2B,Industrials
30050,Fall 2024,tag,2025-10-01,2025-11-01,,AI|Deep Learning|Developer Tools|Generative AI|SaaS
30051,Fall 2024,tag,2025-10-01,2025-11-01,Trading,Deep Learning|Hard Tech
30080,Fall 2024,tag,2025-10-01,2025-11-01,,Operations
30101,Fall 2024,tag,2025-10-01,2025-11-01,Automation|Developer Tools,Billing|Healthcare
30101,Fall 2024,industry,2025-10-01,2025-11-01,B2B,Healthcare
30108,Fall 2024,tag,2025-10-01,2025-11-01,DevOps|Developer Tools,Customer Success|Operations
30124,Fall 2024,tag,2025-10-01,2025-11-01,Artificial Intelligence|Call Center|Health Tech|Healthcare|Healthcare IT,
30124,Fall 2024,subindustry,2025-10-01,2025-11-01,Healthcare -> Healthcare IT,Healthcare
30165,Winter 2025,tag,2025-10-01,2025-11-01,Artificial Intelligence,AI
30173,Spring 2025,tag,2025-10-01,2025-11-01,Artificial Intelligence,AI
30207,Winter 2025,tag,2025-10-01,2025-11-01,Artificial Intelligence,AI
30234,Winter 2025,tag,2025-10-01,2025-11-01,AI|Design|Hardware,
30249,Winter 2025,tag,2025-10-01,2025-11-01,,AI|B2B|Enterprise|Health Tech|SaaS
30264,Winter 2025,tag,2025-10-01,2025-11-01,Electronics,Developer Tools
30272,Winter 2025,tag,2025-10-01,2025-11-01,Artificial Intelligence,AI
30279,Winter 2025,tag,2025-10-01,2025-11-01,Sales,Finance
30290,Winter 2025,tag,2025-10-01,2025-11-01,GovTech|Housing|Real Estate,Health Insurance|Health Tech|Healthcare
30299,Winter 2025,tag,2025-10-01,2025-11-01,AI|AI-Enhanced Learning|Edtech,Media|SaaS|Video
30329,Spring 2025,tag,2025-10-01,2025-11-01,AI-Enhanced Learning|Education,Gaming
30335,Winter 2025,tag,2025-10-01,2025-11-01,,Cloud Computing|Developer Tools|Generative AI
30336,Spring 2025,tag,2025-10-01,2025-11-01,Compliance,Furniture|Retail Tech
30338,Winter 2025,tag,2025-10-01,2025-11-01,Health Tech|Healthcare,Robotic Process Automation
30338,Winter 2025,industry,2025-10-01,2025-11-01,Healthcare,B2B
30353,Winter 2025,tag,2025-10-01,2025-11-01,Automation|Manufacturing,Developer Tools
30364,Summer 2025,tag,2025-10-01,2025-11-01,,AI|AI Assistant|Artificial Intelligence|B2B|Real Estate
30420,Spring 2025,tag,2025-10-01,2025-11-01,Open Source,
30428,Spring 2025,tag,2025-10-01,2025-11-01,Developer Tools,B2B|Workflow Automation
30443,Spring 2025,tag,2025-10-01,2025-11-01,Consumer,
30444,Spring 2025,tag,2025-10-01,2025-11-01,Data Science|Developer Tools,Automation|SaaS|Sales|Supply Chain
30445,Spring 2025,tag,2025-10-01,2025-11-01,AI|Automation|Robotics,
30450,Spring 2025,tag,2025-10-01,2025-11-01,AI,Artificial Intelligence
30463,Spring 2025,tag,2025-10-01,2025-11-01,Artificial Intelligence|Education,AI|B2B
30463,Spring 2025,industry,2025-10-01,2025-11-01,Education,B2B
30464,Spring 2025,tag,2025-10-01,2025-11-01,Artificial Intelligence,AI
30468,Spring 2025,tag,2025-10-01,2025-11-01,Artificial Intelligence,AI
30494,Summer 2025,tag,2025-10-01,2025-11-01,,AI|B2B|Customer Success|Workflow Automation
30494,Summer 2025,subindustry,2025-10-01,2025-11-01,B2B,Unspecified
30520,Summer 2025,subindustry,2025-10-01,2025-11-01,"B2B -> Engineering, Product and Design",Unspecified
30540,Spring 2025,tag,2025-10-01,2025-11-01,Artificial Intelligence|Supply Chain,AI|Sales|Workflow Automation
30543,Spring 2025,tag,2025-10-01,2025-11-01,,AI|B2B|SaaS
30548,Spring 2025,tag,2025-10-01,2025-11-01,Machine Learning,Artificial Intelligence|B2B|Cybersecurity
30559,Spring 2025,tag,2025-10-01,2025-11-01,Artificial Intelligence,AI
30560,Spring 2025,tag,2025-10-01,2025-11-01,Industrial|Manufacturing,
30561,Spring 2025,tag,2025-10-01,2025-11-01,Artificial Intelligence,AI
30596,Summer 2025,tag,2025-10-01,2025-11-01,AI,Artificial Intelligence
30603,Summer 2025,tag,2025-10-01,2025-11-01,Artificial Intelligence,AI
30607,Summer 2025,tag,2025-10-01,2025-11-01,,Artificial Intelligence|B2B|Marketing|SEO|SaaS
30611,Summer 2025,tag,2025-10-01,2025-11-01,Artificial Intelligence,AI
30620,Summer 2025,tag,2025-10-01,2025-11-01,Artificial Intelligence,AI
30636,Summer 2025,tag,2025-10-01,2025-11-01,,AI|GovTech|SaaS
30644,Summer 2025,tag,2025-10-01,2025-11-01,AI,Artificial Intelligence
30647,Summer 2025,tag,2025-10-01,2025-11-01,Artificial Intelligence,AI
30653,Summer 2025,tag,2025-10-01,2025-11-01,Artificial Intelligence,AI|Billing
30660,Summer 2025,tag,2025-10-01,2025-11-01,AI,Artificial Intelligence
30661,Summer 2025,tag,2025-10-01,2025-11-01,AI,Artificial Intelligence
30663,Summer 2025,tag,2025-10-01,2025-11-01,Artificial Intelligence,AI|Aerospace
30664,Summer 2025,tag,2025-10-01,2025-11-01,Advertising|Design,Consumer Products|Media|Video
30665,Summer 2025,tag,2025-10-01,2025-11-01,,DevOps|Infrastructure|Next-gen Network Security|Open Source|SaaS
30666,Summer 2025,tag,2025-10-01,2025-11-01,AI,Artificial Intelligence
30675,Summer 2025,tag,2025-10-01,2025-11-01,,AI|Developer Tools|Hard Tech|Hardware|Robotics
30683,Summer 2025,tag,2025-10-01,2025-11-01,Food & Beverage|Food Tech|Manufacturing,Data Engineering|Machine Learning|Medical Robotics|Robotic Process Automation|Synthetic Biology
30683,Summer 2025,industry,2025-10-01,2025-11-01,B2B,Healthcare
30690,Summer 2025,tag,2025-10-01,2025-11-01,,AI|Automation|Automotive|Operations|SaaS
30700,Summer 2025,tag,2025-10-01,2025-11-01,,AI|API|Artificial Intelligence|Developer Tools|Generative AI
30709,Summer 2025,tag,2025-10-01,2025-11-01,,AI|Analytics|Biotech|Genomics|No-code
30720,Summer 2025,tag,2025-10-01,2025-11-01,Artificial Intelligence,AI
30730,Summer 2025,tag,2025-10-01,2025-11-01,,Artificial Intelligence|Data Engineering|Enterprise Software|Reinforcement Learning
30734,Summer 2025,tag,2025-10-01,2025-11-01,,AI|Health Insurance|Healthcare|Healthcare IT|SaaS
30740,Summer 2025,tag,2025-10-01,2025-11-01,,AIOps|Reinforcement Learning|SaaS
30768,Summer 2025,tag,2025-10-01,2025-11-01,AI,Artificial Intelligence
30775,Summer 2025,tag,2025-10-01,2025-11-01,AI,Artificial Intelligence
30789,Summer 2025,tag,2025-10-01,2025-11-01,Artificial Intelligence,AI
30797,Summer 2025,tag,2025-10-01,2025-11-01,Artificial Intelligence,AI
30813,Summer 2025,tag,2025-10-01,2025-11-01,,AI|AI Assistant|Hardware|Speech Recognition
30844,Fall 2025,tag,2025-10-01,2025-11-01,AI,Artificial Intelligence
30845,Fall 2025,tag,2025-10-01,2025-11-01,AI,Artificial Intelligence
30850,Fall 2025,tag,2025-10-01,2025-11-01,Artificial Intelligence|Restaurant Tech,AI
30853,Fall 2025,tag,2025-10-01,2025-11-01,,AI|Conversational AI|India
30858,Fall 2025,tag,2025-10-01,2025-11-01,AI|Developer Tools,Artificial Intelligence
30887,Fall 2025,tag,2025-10-01,2025-11-01,AI,Artificial Intelligence
30920,Fall 2025,tag,2025-10-01,2025-11-01,AI|B2B|Legal|LegalTech,
30989,Fall 2025,tag,2025-10-01,2025-11-01,AI,Artificial Intelligence
31002,Fall 2025,tag,2025-10-01,2025-11-01,AI|Recruiting,Artificial Intelligence
76,Summer 2011,subindustry,2025-11-01,2025-12-01,B2B -> Marketing,"B2B -> Engineering, Product and Design"
139,Winter 2011,subindustry,2025-11-01,2025-12-01,Consumer -> Home and Personal,Consumer -> Gaming
419,Summer 2012,subindustry,2025-11-01,2025-12-01,Consumer,B2B -> Productivity
464,Summer 2012,subindustry,2025-11-01,2025-12-01,B2B,"B2B -> Engineering, Product and Design"
577,Winter 2014,subindustry,2025-11-01,2025-12-01,Healthcare,Unspecified
585,Winter 2014,subindustry,2025-11-01,2025-12-01,Healthcare,Unspecified
848,Winter 2015,subindustry,2025-11-01,2025-12-01,B2B -> Productivity,B2B -> Recruiting and Talent
896,Summer 2015,subindustry,2025-11-01,2025-12-01,Industrials -> Climate,Unspecified
1016,Winter 2016,subindustry,2025-11-01,2025-12-01,Fintech -> Payments,Government
1183,Summer 2016,subindustry,2025-11-01,2025-12-01,B2B,B2B -> Security
1462,Winter 2017,subindustry,2025-11-01,2025-12-01,Consumer -> Job and Career Services,Education
1468,Winter 2017,subindustry,2025-11-01,2025-12-01,Industrials -> Energy,Industrials -> Manufacturing and Robotics
1480,Winter 2017,subindustry,2025-11-01,2025-12-01,Consumer,Healthcare -> Healthcare Services
1535,Winter 2017,subindustry,2025-11-01,2025-12-01,Consumer,Consumer -> Home and Personal
1555,Winter 2017,subindustry,2025-11-01,2025-12-01,Education,Unspecified
1596,Summer 2017,subindustry,2025-11-01,2025-12-01,Industrials -> Climate,B2B -> Sales
1629,Summer 2017,subindustry,2025-11-01,2025-12-01,Fintech,Fintech -> Banking and Exchange
1683,Summer 2017,tag,2025-11-01,2025-12-01,AI Assistant|Advertising|Artificial Intelligence,
1683,Summer 2017,industry,2025-11-01,2025-12-01,Consumer,B2B
1683,Summer 2017,subindustry,2025-11-01,2025-12-01,Consumer,B2B -> Recruiting and Talent
1687,Summer 2017,tag,2025-11-01,2025-12-01,AI|API|Speech Recognition,Deep Learning
1736,Winter 2018,subindustry,2025-11-01,2025-12-01,B2B -> Productivity,B2B -> Infrastructure
1891,Summer 2018,subindustry,2025-11-01,2025-12-01,B2B -> Productivity,B2B -> Finance and Accounting
1953,Summer 2018,industry,2025-11-01,2025-12-01,Consumer,B2B
1953,Summer 2018,subindustry,2025-11-01,2025-12-01,"Consumer -> Travel, Leisure and Tourism",B2B
1977,Summer 2018,subindustry,2025-11-01,2025-12-01,Healthcare -> Healthcare IT,Healthcare -> Consumer Health and Wellness
1990,Summer 2018,tag,2025-11-01,2025-12-01,AI|Energy|Mining,
11934,Winter 2019,subindustry,2025-11-01,2025-12-01,Consumer -> Food and Beverage,B2B -> Supply Chain and Logistics
11948,Winter 2019,tag,2025-11-01,2025-12-01,AI|Data Science,Artificial Intelligence
11976,Winter 2019,tag,2025-11-01,2025-12-01,AI,Artificial Intelligence
11986,Winter 2019,subindustry,2025-11-01,2025-12-01,B2B,Consumer -> Apparel and Cosmetics
12036,Winter 2019,subindustry,2025-11-01,2025-12-01,Healthcare -> Diagnostics,Healthcare -> Healthcare IT
12062,Winter 2019,tag,2025-11-01,2025-12-01,AI|Machine Learning|Telecommunications,Dating|Location-based|Social|Social Network
12062,Winter 2019,subindustry,2025-11-01,2025-12-01,Consumer,"Consumer -> Travel, Leisure and Tourism"
12065,Winter 2019,subindustry,2025-11-01,2025-12-01,"Consumer -> Travel, Leisure and Tourism","B2B -> Engineering, Product and Design"
12247,Winter 2019,subindustry,2025-11-01,2025-12-01,Consumer,"Consumer -> Travel, Leisure and Tourism"
12249,Winter 2019,subindustry,2025-11-01,2025-12-01,Fintech -> Asset Management,Fintech -> Banking and Exchange
12278,Winter 2019,subindustry,2025-11-01,2025-12-01,Fintech -> Payments,Fintech -> Banking and Exchange
12533,Summer 2019,subindustry,2025-11-01,2025-12-01,Fintech,Real Estate and Construction -> Housing and Real Estate
12536,Summer 2019,tag,2025-11-01,2025-12-01,Media,Marketing
12536,Summer 2019,industry,2025-11-01,2025-12-01,B2B,Consumer
12536,Summer 2019,subindustry,2025-11-01,2025-12-01,B2B,Consumer -> Gaming
12549,Summer 2019,tag,2025-11-01,2025-12-01,Artificial Intelligence,AI
12553,Summer 2019,subindustry,2025-11-01,2025-12-01,Healthcare -> Consumer Health and Wellness,B2B -> Supply Chain and Logistics
12574,Summer 2019,industry,2025-11-01,2025-12-01,B2B,Consumer
12574,Summer 2019,subindustry,2025-11-01,2025-12-01,B2B -> Marketing,Consumer -> Home and Personal
12665,Summer 2019,subindustry,2025-11-01,2025-12-01,B2B,B2B -> Analytics
12666,Summer 2019,subindustry,2025-11-01,2025-12-01,Industrials,Industrials -> Manufacturing and Robotics
12742,Winter 2020,subindustry,2025-11-01,2025-12-01,B2B -> Finance and Accounting,B2B -> Infrastructure
12797,Summer 2019,subindustry,2025-11-01,2025-12-01,B2B,Consumer
12821,Summer 2019,subindustry,2025-11-01,2025-12-01,B2B -> Marketing,B2B -> Operations
12838,Summer 2019,subindustry,2025-11-01,2025-12-01,B2B,Industrials -> Climate
12862,Summer 2019,subindustry,2025-11-01,2025-12-01,B2B -> Analytics,B2B -> Operations
13085,Winter 2020,subindustry,2025-11-01,2025-12-01,Industrials -> Manufacturing and Robotics,Real Estate and Construction -> Construction
13104,Winter 2020,subindustry,2025-11-01,2025-12-01,B2B -> Sales,B2B -> Marketing
13150,Summer 2020,subindustry,2025-11-01,2025-12-01,B2B -> Analytics,"B2B -> Engineering, Product and Design"
13185,Winter 2020,subindustry,2025-11-01,2025-12-01,Fintech,B2B -> Infrastructure
13312,Winter 2020,tag,2025-11-01,2025-12-01,Developer Tools,
13344,Winter 2020,subindustry,2025-11-01,2025-12-01,Consumer,B2B -> Productivity
13352,Winter 2020,subindustry,2025-11-01,2025-12-01,B2B -> Supply Chain and Logistics,B2B -> Retail
13472,Winter 2020,subindustry,2025-11-01,2025-12-01,B2B -> Marketing,Real Estate and Construction -> Housing and Real Estate
13482,Winter 2020,subindustry,2025-11-01,2025-12-01,Fintech,Fintech -> Banking and Exchange
13548,Winter 2020,subindustry,2025-11-01,2025-12-01,Healthcare,Healthcare -> Medical Devices
13579,Winter 2020,subindustry,2025-11-01,2025-12-01,B2B,B2B -> Infrastructure
21862,Summer 2020,subindustry,2025-11-01,2025-12-01,B2B,Consumer -> Social
21885,Summer 2020,subindustry,2025-11-01,2025-12-01,B2B -> Security,B2B -> Infrastructure
22002,Summer 2020,subindustry,2025-11-01,2025-12-01,B2B -> Retail,B2B -> Marketing
22076,Summer 2020,subindustry,2025-11-01,2025-12-01,B2B -> Operations,"B2B -> Engineering, Product and Design"
22083,Summer 2020,subindustry,2025-11-01,2025-12-01,B2B -> Recruiting and Talent,Education
22195,Summer 2020,subindustry,2025-11-01,2025-12-01,Healthcare,Fintech -> Consumer Finance
22322,Summer 2020,subindustry,2025-11-01,2025-12-01,B2B -> Finance and Accounting,Real Estate and Construction -> Construction
22660,Winter 2021,subindustry,2025-11-01,2025-12-01,B2B -> Sales,Healthcare -> Consumer Health and Wellness
22663,Winter 2021,subindustry,2025-11-01,2025-12-01,Healthcare -> Healthcare IT,Healthcare -> Drug Discovery and Delivery
22681,Winter 2021,subindustry,2025-11-01,2025-12-01,Fintech -> Insurance,B2B -> Operations
22695,Winter 2021,subindustry,2025-11-01,2025-12-01,Healthcare -> Healthcare IT,Healthcare -> Drug Discovery and Delivery
22738,Winter 2021,subindustry,2025-11-01,2025-12-01,B2B,Consumer -> Job and Career Services
22741,Winter 2021,subindustry,2025-11-01,2025-12-01,B2B -> Marketing,"B2B -> Engineering, Product and Design"
22785,Winter 2021,tag,2025-11-01,2025-12-01,Conversational AI|Logistics,Autonomous Trucking|Hard Tech|Robotics|Transportation
22832,Winter 2021,subindustry,2025-11-01,2025-12-01,B2B,"B2B -> Engineering, Product and Design"
22843,Winter 2021,subindustry,2025-11-01,2025-12-01,Industrials -> Climate,Consumer -> Food and Beverage
22878,Winter 2021,tag,2025-11-01,2025-12-01,AI|Artificial Intelligence|B2B|Emerging Markets,IoT
22951,Winter 2021,subindustry,2025-11-01,2025-12-01,Healthcare,"B2B -> Engineering, Product and Design"
23017,Winter 2021,subindustry,2025-11-01,2025-12-01,Industrials,B2B -> Operations
23053,Winter 2021,subindustry,2025-11-01,2025-12-01,Consumer,Consumer -> Transportation Services
23317,Winter 2021,subindustry,2025-11-01,2025-12-01,Healthcare -> Healthcare IT,Healthcare -> Consumer Health and Wellness
23399,Winter 2021,subindustry,2025-11-01,2025-12-01,B2B -> Marketing,B2B -> Sales
23530,Winter 2021,tag,2025-11-01,2025-12-01,Data Visualization,AI Assistant
23530,Winter 2021,subindustry,2025-11-01,2025-12-01,B2B -> Analytics,"B2B -> Engineering, Product and Design"
23629,Winter 2021,subindustry,2025-11-01,2025-12-01,B2B -> Operations,B2B -> Infrastructure
23636,Winter 2021,subindustry,2025-11-01,2025-12-01,Healthcare -> Consumer Health and Wellness,Consumer -> Content
23781,Summer 2021,tag,2025-11-01,2025-12-01,AI,Artificial Intelligence
23957,Summer 2021,subindustry,2025-11-01,2025-12-01,Consumer -> Content,"B2B -> Engineering, Product and Design"
24039,Summer 2021,subindustry,2025-11-01,2025-12-01,Industrials -> Drones,Consumer
24064,Summer 2021,tag,2025-11-01,2025-12-01,B2B,
24080,Summer 2021,subindustry,2025-11-01,2025-12-01,B2B,B2B -> Human Resources
24130,Summer 2021,subindustry,2025-11-01,2025-12-01,Healthcare -> Healthcare IT,B2B -> Security
24192,Summer 2021,subindustry,2025-11-01,2025-12-01,B2B -> Marketing,B2B -> Analytics
24198,Summer 2021,subindustry,2025-11-01,2025-12-01,B2B -> Human Resources,Fintech
24204,Summer 2021,subindustry,2025-11-01,2025-12-01,B2B -> Marketing,Real Estate and Construction -> Housing and Real Estate
24229,Summer 2021,subindustry,2025-11-01,2025-12-01,B2B -> Marketing,Healthcare
24256,Summer 2021,subindustry,2025-11-01,2025-12-01,B2B -> Supply Chain and Logistics,Consumer -> Virtual and Augmented Reality
24344,Summer 2021,subindustry,2025-11-01,2025-12-01,"B2B -> Engineering, Product and Design",B2B -> Infrastructure
24353,Summer 2021,subindustry,2025-11-01,2025-12-01,Healthcare -> Healthcare Services,Healthcare -> Consumer Health and Wellness
24381,Summer 2021,subindustry,2025-11-01,2025-12-01,B2B,Fintech -> Consumer Finance
24384,Summer 2021,subindustry,2025-11-01,2025-12-01,B2B -> Marketing,B2B -> Operations
24395,Summer 2021,subindustry,2025-11-01,2025-12-01,B2B,B2B -> Analytics
24404,Summer 2021,subindustry,2025-11-01,2025-12-01,B2B -> Operations,"B2B -> Engineering, Product and Design"
24408,Summer 2021,subindustry,2025-11-01,2025-12-01,Consumer,B2B -> Productivity
24509,Summer 2021,subindustry,2025-11-01,2025-12-01,B2B -> Supply Chain and Logistics,Fintech -> Asset Management
24679,Summer 2021,subindustry,2025-11-01,2025-12-01,B2B -> Security,B2B
24725,Summer 2021,tag,2025-11-01,2025-12-01,Artificial Intelligence,AI
24737,Summer 2021,subindustry,2025-11-01,2025-12-01,Healthcare -> Drug Discovery and Delivery,Healthcare -> Industrial Bio
24773,Summer 2021,subindustry,2025-11-01,2025-12-01,B2B -> Recruiting and Talent,B2B -> Human Resources
24820,Summer 2021,subindustry,2025-11-01,2025-12-01,Healthcare -> Therapeutics,Healthcare -> Industrial Bio
24914,Summer 2021,tag,2025-11-01,2025-12-01,AI,Artificial Intelligence
25075,Winter 2022,subindustry,2025-11-01,2025-12-01,B2B,Fintech -> Asset Management
25279,Winter 2022,subindustry,2025-11-01,2025-12-01,Consumer -> Social,B2B -> Productivity
25306,Winter 2022,tag,2025-11-01,2025-12-01,AI|Reinforcement Learning,
25309,Winter 2022,tag,2025-11-01,2025-12-01,AI,
25321,Winter 2022,subindustry,2025-11-01,2025-12-01,Healthcare -> Drug Discovery and Delivery,Healthcare -> Therapeutics
25356,Winter 2022,tag,2025-11-01,2025-12-01,AI Assistant|Conversational AI,Collaboration|Remote Work
25356,Winter 2022,subindustry,2025-11-01,2025-12-01,B2B -> Productivity,"B2B -> Engineering, Product and Design"
25394,Winter 2022,tag,2025-11-01,2025-12-01,AI Assistant|Artificial Intelligence|Enterprise Software,Marketplace
25394,Winter 2022,subindustry,2025-11-01,2025-12-01,Fintech -> Asset Management,Fintech
25402,Winter 2022,subindustry,2025-11-01,2025-12-01,B2B -> Infrastructure,B2B -> Security
25451,Winter 2022,subindustry,2025-11-01,2025-12-01,B2B -> Marketing,Consumer -> Social
25491,Winter 2022,subindustry,2025-11-01,2025-12-01,B2B -> Marketing,"B2B -> Engineering, Product and Design"
25511,Winter 2022,subindustry,2025-11-01,2025-12-01,B2B,B2B -> Operations
25528,Winter 2022,subindustry,2025-11-01,2025-12-01,Fintech -> Credit and Lending,Real Estate and Construction
25569,Winter 2022,subindustry,2025-11-01,2025-12-01,Fintech -> Asset Management,"B2B -> Engineering, Product and Design"
25603,Winter 2022,subindustry,2025-11-01,2025-12-01,Consumer -> Gaming,B2B -> Marketing
25619,Winter 2022,tag,2025-11-01,2025-12-01,,B2B|Fintech|SaaS
25645,Winter 2022,subindustry,2025-11-01,2025-12-01,"B2B -> Engineering, Product and Design",B2B
25655,Winter 2022,subindustry,2025-11-01,2025-12-01,Fintech -> Asset Management,Fintech -> Banking and Exchange
25732,Winter 2022,subindustry,2025-11-01,2025-12-01,B2B -> Marketing,Consumer -> Gaming
25819,Winter 2022,tag,2025-11-01,2025-12-01,AI Assistant|Artificial Intelligence,
25870,Winter 2022,subindustry,2025-11-01,2025-12-01,Fintech -> Payments,B2B -> Retail
25911,Winter 2022,industry,2025-11-01,2025-12-01,Fintech,B2B
25911,Winter 2022,subindustry,2025-11-01,2025-12-01,Fintech -> Payments,B2B -> Finance and Accounting
25913,Winter 2022,subindustry,2025-11-01,2025-12-01,B2B,Real Estate and Construction
25914,Winter 2022,subindustry,2025-11-01,2025-12-01,B2B -> Productivity,B2B -> Operations
25923,Winter 2022,subindustry,2025-11-01,2025-12-01,B2B -> Operations,B2B -> Infrastructure
25983,Winter 2022,subindustry,2025-11-01,2025-12-01,Consumer,Consumer -> Social
25999,Winter 2022,subindustry,2025-11-01,2025-12-01,B2B,Consumer -> Content
26015,Winter 2022,subindustry,2025-11-01,2025-12-01,B2B,Fintech -> Consumer Finance
26016,Winter 2022,tag,2025-11-01,2025-12-01,AI Assistant,
26019,Winter 2022,subindustry,2025-11-01,2025-12-01,Fintech -> Asset Management,Consumer
26033,Winter 2022,tag,2025-11-01,2025-12-01,Artificial Intelligence,Assistive Tech
26034,Winter 2022,subindustry,2025-11-01,2025-12-01,B2B -> Sales,Industrials -> Climate
26144,Fall 2025,tag,2025-11-01,2025-12-01,AI|Open Source,Artificial Intelligence
26148,Winter 2022,subindustry,2025-11-01,2025-12-01,B2B,Consumer -> Social
26264,Winter 2022,subindustry,2025-11-01,2025-12-01,B2B -> Finance and Accounting,Consumer -> Food and Beverage
26307,Winter 2022,industry,2025-11-01,2025-12-01,B2B,Consumer
26307,Winter 2022,subindustry,2025-11-01,2025-12-01,B2B -> Productivity,Consumer
26480,Summer 2022,tag,2025-11-01,2025-12-01,AI,Artificial Intelligence
26654,Summer 2022,subindustry,2025-11-01,2025-12-01,B2B -> Sales,B2B -> Security
26667,Summer 2022,tag,2025-11-01,2025-12-01,AI|Creator Economy|Gaming,Community|Crypto / Web3|Fintech
26670,Summer 2022,tag,2025-11-01,2025-12-01,Artificial Intelligence,AI
26713,Summer 2022,tag,2025-11-01,2025-12-01,Artificial Intelligence,
26713,Summer 2022,industry,2025-11-01,2025-12-01,Fintech,B2B
26713,Summer 2022,subindustry,2025-11-01,2025-12-01,Fintech -> Insurance,B2B -> Human Resources
26718,Summer 2022,tag,2025-11-01,2025-12-01,Artificial Intelligence,AI
26723,Summer 2022,subindustry,2025-11-01,2025-12-01,B2B -> Sales,B2B
26730,Summer 2022,subindustry,2025-11-01,2025-12-01,B2B -> Sales,B2B -> Finance and Accounting
26794,Summer 2022,subindustry,2025-11-01,2025-12-01,Fintech,Fintech -> Credit and Lending
26796,Summer 2022,subindustry,2025-11-01,2025-12-01,B2B -> Marketing,Consumer -> Content
26803,Summer 2022,subindustry,2025-11-01,2025-12-01,Fintech -> Payments,Fintech -> Banking and Exchange
26818,Summer 2022,subindustry,2025-11-01,2025-12-01,B2B -> Finance and Accounting,"B2B -> Engineering, Product and Design"
26861,Summer 2022,subindustry,2025-11-01,2025-12-01,B2B -> Productivity,"B2B -> Engineering, Product and Design"
26870,Summer 2022,tag,2025-11-01,2025-12-01,Artificial Intelligence,AI
26877,Summer 2022,tag,2025-11-01,2025-12-01,AI|Recruiting,Enterprise|Productivity
26877,Summer 2022,subindustry,2025-11-01,2025-12-01,B2B -> Human Resources,B2B -> Productivity
26890,Summer 2022,tag,2025-11-01,2025-12-01,AI,Artificial Intelligence
26890,Summer 2022,subindustry,2025-11-01,2025-12-01,Consumer,B2B -> Finance and Accounting
26907,Summer 2022,tag,2025-11-01,2025-12-01,Artificial Intelligence,AI
26907,Summer 2022,subindustry,2025-11-01,2025-12-01,B2B -> Finance and Accounting,B2B -> Supply Chain and Logistics
26912,Summer 2022,subindustry,2025-11-01,2025-12-01,Healthcare -> Drug Discovery and Delivery,Healthcare
27038,Summer 2022,subindustry,2025-11-01,2025-12-01,B2B -> Operations,"B2B -> Engineering, Product and Design"
27039,Summer 2022,subindustry,2025-11-01,2025-12-01,B2B -> Operations,Consumer
27041,Summer 2022,subindustry,2025-11-01,2025-12-01,B2B,B2B -> Sales
27091,Summer 2022,subindustry,2025-11-01,2025-12-01,Consumer,Fintech
27108,Summer 2022,subindustry,2025-11-01,2025-12-01,B2B,Fintech -> Payments
27141,Summer 2022,subindustry,2025-11-01,2025-12-01,B2B -> Sales,B2B -> Analytics
27143,Summer 2022,subindustry,2025-11-01,2025-12-01,B2B,Consumer -> Social
27151,Summer 2022,subindustry,2025-11-01,2025-12-01,Healthcare,Healthcare -> Consumer Health and Wellness
27165,Summer 2022,subindustry,2025-11-01,2025-12-01,Healthcare -> Healthcare IT,B2B -> Supply Chain and Logistics
27172,Summer 2022,subindustry,2025-11-01,2025-12-01,"B2B -> Engineering, Product and Design",B2B
27184,Summer 2022,subindustry,2025-11-01,2025-12-01,B2B -> Recruiting and Talent,Consumer -> Content
27190,Summer 2022,subindustry,2025-11-01,2025-12-01,"B2B -> Engineering, Product and Design",B2B -> Supply Chain and Logistics
27254,Winter 2023,tag,2025-11-01,2025-12-01,Artificial Intelligence,AI
27492,Winter 2023,subindustry,2025-11-01,2025-12-01,Consumer,Fintech
27583,Winter 2023,subindustry,2025-11-01,2025-12-01,Consumer -> Content,"B2B -> Engineering, Product and Design"
27670,Winter 2023,subindustry,2025-11-01,2025-12-01,Fintech -> Consumer Finance,B2B -> Supply Chain and Logistics
27680,Winter 2023,tag,2025-11-01,2025-12-01,Artificial Intelligence,AI
27685,Winter 2023,subindustry,2025-11-01,2025-12-01,"B2B -> Engineering, Product and Design",B2B -> Sales
27687,Winter 2023,subindustry,2025-11-01,2025-12-01,B2B,B2B -> Productivity
27696,Winter 2023,subindustry,2025-11-01,2025-12-01,Healthcare -> Drug Discovery and Delivery,"B2B -> Engineering, Product and Design"
27697,Winter 2023,subindustry,2025-11-01,2025-12-01,"B2B -> Engineering, Product and Design",B2B
27702,Winter 2023,subindustry,2025-11-01,2025-12-01,B2B,B2B -> Infrastructure
27708,Winter 2023,subindustry,2025-11-01,2025-12-01,B2B,"Consumer -> Travel, Leisure and Tourism"
27714,Winter 2023,subindustry,2025-11-01,2025-12-01,Real Estate and Construction,Fintech
27774,Winter 2023,subindustry,2025-11-01,2025-12-01,"B2B -> Engineering, Product and Design",B2B -> Sales
27814,Winter 2023,subindustry,2025-11-01,2025-12-01,B2B -> Productivity,B2B -> Supply Chain and Logistics
27818,Winter 2023,subindustry,2025-11-01,2025-12-01,B2B -> Marketing,B2B -> Operations
27842,Winter 2023,subindustry,2025-11-01,2025-12-01,Fintech,B2B -> Operations
27853,Winter 2023,subindustry,2025-11-01,2025-12-01,Real Estate and Construction,B2B
27857,Winter 2023,subindustry,2025-11-01,2025-12-01,Consumer,Fintech -> Payments
27862,Winter 2023,tag,2025-11-01,2025-12-01,ClimateTech,Electric Vehicles|Payments
27867,Winter 2023,subindustry,2025-11-01,2025-12-01,B2B -> Legal,"B2B -> Engineering, Product and Design"
27869,Winter 2023,subindustry,2025-11-01,2025-12-01,"B2B -> Engineering, Product and Design",Fintech
27880,Winter 2023,subindustry,2025-11-01,2025-12-01,B2B,Healthcare -> Consumer Health and Wellness
27882,Winter 2023,subindustry,2025-11-01,2025-12-01,B2B -> Operations,"B2B -> Engineering, Product and Design"
27883,Winter 2023,subindustry,2025-11-01,2025-12-01,Consumer,B2B
27892,Winter 2023,tag,2025-11-01,2025-12-01,Automotive|B2B,Conversational AI|Developer Tools|SaaS
27897,Winter 2023,subindustry,2025-11-01,2025-12-01,B2B -> Operations,"B2B -> Engineering, Product and Design"
27902,Winter 2023,subindustry,2025-11-01,2025-12-01,B2B,B2B -> Productivity
27923,Winter 2023,subindustry,2025-11-01,2025-12-01,B2B -> Operations,B2B -> Productivity
27935,Winter 2023,subindustry,2025-11-01,2025-12-01,B2B -> Security,B2B -> Infrastructure
27943,Winter 2023,tag,2025-11-01,2025-12-01,Artificial Intelligence,AI
27946,Winter 2023,subindustry,2025-11-01,2025-12-01,Consumer,Fintech -> Banking and Exchange
27952,Winter 2023,subindustry,2025-11-01,2025-12-01,Fintech,"B2B -> Engineering, Product and Design"
27964,Winter 2023,subindustry,2025-11-01,2025-12-01,Consumer -> Gaming,B2B
27966,Winter 2023,subindustry,2025-11-01,2025-12-01,Healthcare -> Healthcare IT,B2B
27983,Winter 2023,subindustry,2025-11-01,2025-12-01,B2B -> Sales,B2B -> Analytics
27985,Winter 2023,subindustry,2025-11-01,2025-12-01,Healthcare -> Healthcare Services,"B2B -> Engineering, Product and Design"
28087,Winter 2023,subindustry,2025-11-01,2025-12-01,B2B -> Infrastructure,Consumer -> Gaming
28099,Winter 2023,subindustry,2025-11-01,2025-12-01,B2B -> Operations,B2B -> Infrastructure
28111,Winter 2023,subindustry,2025-11-01,2025-12-01,B2B -> Operations,B2B -> Productivity
28127,Winter 2023,tag,2025-11-01,2025-12-01,AI,Artificial Intelligence
28127,Winter 2023,subindustry,2025-11-01,2025-12-01,B2B -> Finance and Accounting,Real Estate and Construction
28162,Winter 2023,subindustry,2025-11-01,2025-12-01,B2B,B2B -> Finance and Accounting
28183,Winter 2023,tag,2025-11-01,2025-12-01,AI|Finance|Fintech|Investing|SaaS,
28361,Winter 2023,tag,2025-11-01,2025-12-01,,Analytics
28367,Winter 2023,subindustry,2025-11-01,2025-12-01,B2B -> Security,"B2B -> Engineering, Product and Design"
28412,Winter 2023,subindustry,2025-11-01,2025-12-01,B2B -> Finance and Accounting,B2B -> Marketing
28418,Winter 2023,subindustry,2025-11-01,2025-12-01,Consumer,B2B -> Infrastructure
28425,Winter 2023,subindustry,2025-11-01,2025-12-01,Healthcare -> Industrial Bio,Healthcare -> Healthcare Services
28486,Summer 2023,subindustry,2025-11-01,2025-12-01,Consumer -> Content,Consumer -> Social
28776,Summer 2023,subindustry,2025-11-01,2025-12-01,Education,Healthcare
28780,Summer 2023,subindustry,2025-11-01,2025-12-01,Fintech -> Insurance,B2B
28792,Summer 2023,subindustry,2025-11-01,2025-12-01,B2B,Consumer -> Content
28814,Summer 2023,subindustry,2025-11-01,2025-12-01,"B2B -> Engineering, Product and Design",B2B -> Operations
28815,Summer 2023,subindustry,2025-11-01,2025-12-01,B2B,B2B -> Legal
28818,Summer 2023,subindustry,2025-11-01,2025-12-01,B2B -> Supply Chain and Logistics,Fintech
28839,Summer 2023,tag,2025-11-01,2025-12-01,AI,Artificial Intelligence
28839,Summer 2023,subindustry,2025-11-01,2025-12-01,"B2B -> Engineering, Product and Design",B2B
28841,Summer 2023,tag,2025-11-01,2025-12-01,Artificial Intelligence|Media,3D Printing|AI
28841,Summer 2023,subindustry,2025-11-01,2025-12-01,B2B,B2B -> Productivity
28851,Summer 2023,subindustry,2025-11-01,2025-12-01,"B2B -> Engineering, Product and Design",B2B -> Operations
28853,Summer 2023,subindustry,2025-11-01,2025-12-01,Healthcare -> Medical Devices,Healthcare -> Consumer Health and Wellness
28863,Summer 2023,subindustry,2025-11-01,2025-12-01,B2B -> Recruiting and Talent,"B2B -> Engineering, Product and Design"
28884,Summer 2023,tag,2025-11-01,2025-12-01,Artificial Intelligence|Enterprise Software,
28884,Summer 2023,subindustry,2025-11-01,2025-12-01,B2B,Consumer -> Social
28885,Summer 2023,subindustry,2025-11-01,2025-12-01,B2B -> Security,B2B -> Infrastructure
28886,Summer 2023,tag,2025-11-01,2025-12-01,Artificial Intelligence,AI
28887,Summer 2023,tag,2025-11-01,2025-12-01,AI,Artificial Intelligence
28891,Summer 2023,tag,2025-11-01,2025-12-01,Artificial Intelligence,AI
28893,Summer 2023,subindustry,2025-11-01,2025-12-01,B2B,"B2B -> Engineering, Product and Design"
28894,Summer 2023,subindustry,2025-11-01,2025-12-01,B2B -> Sales,B2B
28899,Summer 2023,subindustry,2025-11-01,2025-12-01,B2B,B2B -> Legal
28921,Summer 2023,subindustry,2025-11-01,2025-12-01,B2B -> Marketing,B2B -> Sales
28923,Summer 2023,subindustry,2025-11-01,2025-12-01,B2B,B2B -> Operations
28927,Summer 2023,subindustry,2025-11-01,2025-12-01,B2B -> Security,"B2B -> Engineering, Product and Design"
28929,Summer 2023,tag,2025-11-01,2025-12-01,AI,Artificial Intelligence
28939,Summer 2023,subindustry,2025-11-01,2025-12-01,Healthcare -> Consumer Health and Wellness,B2B -> Legal
28959,Summer 2023,subindustry,2025-11-01,2025-12-01,Real Estate and Construction,"B2B -> Engineering, Product and Design"
28965,Winter 2024,subindustry,2025-11-01,2025-12-01,Fintech -> Credit and Lending,Fintech
28966,Summer 2023,tag,2025-11-01,2025-12-01,,AI Assistant
28974,Summer 2023,tag,2025-11-01,2025-12-01,AI,Artificial Intelligence
28974,Summer 2023,industry,2025-11-01,2025-12-01,B2B,Healthcare
28974,Summer 2023,subindustry,2025-11-01,2025-12-01,B2B,Fintech -> Insurance
28976,Summer 2023,subindustry,2025-11-01,2025-12-01,B2B -> Human Resources,B2B -> Finance and Accounting
28977,Summer 2023,subindustry,2025-11-01,2025-12-01,Fintech,Fintech -> Payments
28981,Summer 2023,subindustry,2025-11-01,2025-12-01,B2B,"B2B -> Engineering, Product and Design"
28991,Summer 2023,subindustry,2025-11-01,2025-12-01,B2B -> Legal,B2B -> Operations
28992,Summer 2023,subindustry,2025-11-01,2025-12-01,B2B -> Marketing,B2B
28997,Summer 2023,subindustry,2025-11-01,2025-12-01,Consumer,Consumer -> Apparel and Cosmetics
29003,Summer 2023,subindustry,2025-11-01,2025-12-01,B2B,"B2B -> Engineering, Product and Design"
29005,Summer 2023,subindustry,2025-11-01,2025-12-01,B2B -> Security,B2B -> Marketing
29010,Summer 2023,tag,2025-11-01,2025-12-01,Artificial Intelligence,AI
29013,Summer 2023,tag,2025-11-01,2025-12-01,Artificial Intelligence,AI
29019,Summer 2023,subindustry,2025-11-01,2025-12-01,B2B -> Sales,B2B -> Operations
29041,Summer 2023,tag,2025-11-01,2025-12-01,AI|Artificial Intelligence,
29046,Summer 2023,subindustry,2025-11-01,2025-12-01,Healthcare,Healthcare -> Diagnostics
29071,Summer 2023,subindustry,2025-11-01,2025-12-01,B2B,B2B -> Supply Chain and Logistics
29080,Summer 2023,subindustry,2025-11-01,2025-12-01,B2B -> Marketing,Consumer
29082,Summer 2023,tag,2025-11-01,2025-12-01,AI,Artificial Intelligence
29088,Summer 2023,tag,2025-11-01,2025-12-01,AI,Artificial Intelligence
29091,Summer 2023,subindustry,2025-11-01,2025-12-01,Consumer,Consumer -> Gaming
29093,Summer 2023,subindustry,2025-11-01,2025-12-01,"Consumer -> Travel, Leisure and Tourism",Fintech -> Consumer Finance
29103,Summer 2023,subindustry,2025-11-01,2025-12-01,"B2B -> Engineering, Product and Design",B2B -> Productivity
29113,Summer 2023,tag,2025-11-01,2025-12-01,AI,Artificial Intelligence
29118,Summer 2023,tag,2025-11-01,2025-12-01,Artificial Intelligence|Search,AI|Analytics
29134,Summer 2023,subindustry,2025-11-01,2025-12-01,Healthcare,Healthcare -> Healthcare IT
29137,Summer 2023,tag,2025-11-01,2025-12-01,API|Artificial Intelligence|Automation|Robotic Process Automation,AI
29152,Summer 2023,subindustry,2025-11-01,2025-12-01,"B2B -> Engineering, Product and Design",B2B
29160,Summer 2023,subindustry,2025-11-01,2025-12-01,Consumer,Consumer -> Home and Personal
29181,Winter 2024,subindustry,2025-11-01,2025-12-01,Fintech -> Asset Management,B2B
29183,Winter 2024,subindustry,2025-11-01,2025-12-01,Industrials -> Aviation and Space,"B2B -> Engineering, Product and Design"
29185,Winter 2024,subindustry,2025-11-01,2025-12-01,B2B,B2B -> Infrastructure
29196,Winter 2024,tag,2025-11-01,2025-12-01,AI,Artificial Intelligence
29207,Winter 2024,subindustry,2025-11-01,2025-12-01,Consumer -> Home and Personal,B2B
29246,Winter 2024,subindustry,2025-11-01,2025-12-01,B2B -> Productivity,B2B -> Security
29249,Winter 2024,tag,2025-11-01,2025-12-01,Artificial Intelligence,AI
29251,Summer 2024,subindustry,2025-11-01,2025-12-01,B2B -> Supply Chain and Logistics,B2B
29252,Winter 2024,subindustry,2025-11-01,2025-12-01,Healthcare -> Consumer Health and Wellness,Consumer -> Social
29253,Winter 2024,subindustry,2025-11-01,2025-12-01,"B2B -> Engineering, Product and Design",B2B -> Analytics
29257,Winter 2024,subindustry,2025-11-01,2025-12-01,Consumer -> Consumer Electronics,"B2B -> Engineering, Product and Design"
29261,Winter 2024,subindustry,2025-11-01,2025-12-01,B2B -> Human Resources,Unspecified
29265,Winter 2024,subindustry,2025-11-01,2025-12-01,Fintech,Unspecified
29272,Winter 2024,subindustry,2025-11-01,2025-12-01,Healthcare -> Consumer Health and Wellness,B2B -> Operations
29274,Winter 2024,subindustry,2025-11-01,2025-12-01,Consumer,Consumer -> Gaming
29283,Winter 2024,subindustry,2025-11-01,2025-12-01,B2B -> Operations,B2B -> Productivity
29284,Winter 2024,tag,2025-11-01,2025-12-01,AI|Real Estate|Telecommunications,Automotive|Climate|Electric Vehicles|Energy
29284,Winter 2024,industry,2025-11-01,2025-12-01,Real Estate and Construction,Industrials
29284,Winter 2024,subindustry,2025-11-01,2025-12-01,Real Estate and Construction -> Housing and Real Estate,Industrials -> Energy
29285,Winter 2024,subindustry,2025-11-01,2025-12-01,B2B -> Productivity,Consumer
29286,Winter 2024,tag,2025-11-01,2025-12-01,AI,Artificial Intelligence
29297,Winter 2024,subindustry,2025-11-01,2025-12-01,Consumer,B2B
29299,Winter 2024,subindustry,2025-11-01,2025-12-01,B2B -> Sales,"B2B -> Engineering, Product and Design"
29302,Winter 2024,subindustry,2025-11-01,2025-12-01,Healthcare -> Healthcare IT,Unspecified
29303,Winter 2024,subindustry,2025-11-01,2025-12-01,Fintech,B2B -> Analytics
29305,Winter 2024,subindustry,2025-11-01,2025-12-01,Healthcare -> Therapeutics,Healthcare -> Drug Discovery and Delivery
29306,Winter 2024,subindustry,2025-11-01,2025-12-01,Healthcare -> Healthcare IT,Unspecified
29315,Winter 2024,subindustry,2025-11-01,2025-12-01,Healthcare,Healthcare -> Therapeutics
29319,Winter 2024,subindustry,2025-11-01,2025-12-01,B2B,B2B -> Finance and Accounting
29324,Winter 2024,tag,2025-11-01,2025-12-01,AI,Artificial Intelligence
29325,Winter 2024,tag,2025-11-01,2025-12-01,AI,Artificial Intelligence
29326,Winter 2024,subindustry,2025-11-01,2025-12-01,B2B -> Finance and Accounting,B2B -> Infrastructure
29334,Winter 2024,tag,2025-11-01,2025-12-01,AI,Artificial Intelligence
29334,Winter 2024,subindustry,2025-11-01,2025-12-01,"B2B -> Engineering, Product and Design",Unspecified
29336,Winter 2024,subindustry,2025-11-01,2025-12-01,B2B -> Retail,Fintech
29338,Winter 2024,subindustry,2025-11-01,2025-12-01,Fintech -> Payments,B2B -> Finance and Accounting
29339,Winter 2024,tag,2025-11-01,2025-12-01,AI,Artificial Intelligence
29339,Winter 2024,subindustry,2025-11-01,2025-12-01,Healthcare -> Healthcare IT,Healthcare
29340,Winter 2024,tag,2025-11-01,2025-12-01,AI,Artificial Intelligence
29342,Winter 2024,subindustry,2025-11-01,2025-12-01,Healthcare -> Healthcare IT,B2B -> Analytics
29343,Winter 2024,subindustry,2025-11-01,2025-12-01,Fintech -> Payments,Unspecified
29347,Winter 2024,tag,2025-11-01,2025-12-01,Artificial Intelligence,AI
29348,Winter 2024,subindustry,2025-11-01,2025-12-01,Healthcare -> Healthcare IT,B2B -> Marketing
29352,Winter 2024,subindustry,2025-11-01,2025-12-01,"B2B -> Engineering, Product and Design",B2B
29353,Winter 2024,subindustry,2025-11-01,2025-12-01,B2B -> Marketing,B2B
29355,Winter 2024,subindustry,2025-11-01,2025-12-01,B2B,B2B -> Analytics
29356,Winter 2024,subindustry,2025-11-01,2025-12-01,B2B -> Sales,B2B -> Productivity
29358,Winter 2024,subindustry,2025-11-01,2025-12-01,B2B -> Security,B2B
29370,Winter 2024,tag,2025-11-01,2025-12-01,Artificial Intelligence,AI
29372,Winter 2024,subindustry,2025-11-01,2025-12-01,Consumer -> Gaming,"B2B -> Engineering, Product and Design"
29373,Winter 2024,tag,2025-11-01,2025-12-01,,Analytics|B2B|DevOps|SaaS
29373,Winter 2024,subindustry,2025-11-01,2025-12-01,"B2B -> Engineering, Product and Design",B2B -> Analytics
29374,Winter 2024,subindustry,2025-11-01,2025-12-01,B2B -> Security,"B2B -> Engineering, Product and Design"
29375,Winter 2024,subindustry,2025-11-01,2025-12-01,"B2B -> Engineering, Product and Design",B2B -> Analytics
29383,Winter 2024,subindustry,2025-11-01,2025-12-01,B2B,B2B -> Operations
29386,Winter 2024,tag,2025-11-01,2025-12-01,AI,Artificial Intelligence
29386,Winter 2024,subindustry,2025-11-01,2025-12-01,Healthcare -> Healthcare IT,Unspecified
29395,Winter 2024,subindustry,2025-11-01,2025-12-01,B2B -> Finance and Accounting,Unspecified
29396,Winter 2024,subindustry,2025-11-01,2025-12-01,B2B,Unspecified
29399,Winter 2024,subindustry,2025-11-01,2025-12-01,Fintech -> Asset Management,B2B
29400,Winter 2024,subindustry,2025-11-01,2025-12-01,"B2B -> Engineering, Product and Design",B2B
29402,Winter 2024,tag,2025-11-01,2025-12-01,Artificial Intelligence,AI
29402,Winter 2024,subindustry,2025-11-01,2025-12-01,Industrials -> Manufacturing and Robotics,Unspecified
29403,Winter 2024,subindustry,2025-11-01,2025-12-01,Consumer -> Content,Unspecified
29404,Winter 2024,subindustry,2025-11-01,2025-12-01,B2B -> Human Resources,Unspecified
29407,Winter 2024,subindustry,2025-11-01,2025-12-01,B2B -> Marketing,"B2B -> Engineering, Product and Design"
29411,Winter 2024,subindustry,2025-11-01,2025-12-01,B2B,Unspecified
29412,Summer 2024,tag,2025-11-01,2025-12-01,Artificial Intelligence,AI
29413,Winter 2024,subindustry,2025-11-01,2025-12-01,Healthcare -> Healthcare Services,Unspecified
29415,Winter 2024,subindustry,2025-11-01,2025-12-01,Fintech -> Banking and Exchange,Fintech
29419,Winter 2024,subindustry,2025-11-01,2025-12-01,B2B,Unspecified
29421,Winter 2024,subindustry,2025-11-01,2025-12-01,B2B -> Productivity,B2B -> Analytics
29422,Winter 2024,subindustry,2025-11-01,2025-12-01,Education,Consumer -> Content
29431,Winter 2024,subindustry,2025-11-01,2025-12-01,Consumer -> Content,Unspecified
29440,Winter 2024,subindustry,2025-11-01,2025-12-01,"Consumer -> Travel, Leisure and Tourism",Fintech -> Credit and Lending
29442,Winter 2024,subindustry,2025-11-01,2025-12-01,B2B,Unspecified
29443,Winter 2024,subindustry,2025-11-01,2025-12-01,Consumer,B2B -> Sales
29444,Winter 2024,subindustry,2025-11-01,2025-12-01,Industrials -> Energy,Industrials -> Aviation and Space
29450,Winter 2024,subindustry,2025-11-01,2025-12-01,Consumer,Unspecified
29451,Winter 2024,subindustry,2025-11-01,2025-12-01,B2B -> Productivity,"B2B -> Engineering, Product and Design"
29452,Winter 2024,subindustry,2025-11-01,2025-12-01,Consumer,B2B -> Productivity
29456,Winter 2024,subindustry,2025-11-01,2025-12-01,"B2B -> Engineering, Product and Design",Unspecified
29460,Winter 2024,subindustry,2025-11-01,2025-12-01,B2B,Unspecified
29463,Winter 2024,subindustry,2025-11-01,2025-12-01,Healthcare -> Healthcare IT,Healthcare -> Consumer Health and Wellness
29473,Winter 2024,subindustry,2025-11-01,2025-12-01,Consumer,Unspecified
29474,Summer 2024,tag,2025-11-01,2025-12-01,AI,Artificial Intelligence
29476,Winter 2024,subindustry,2025-11-01,2025-12-01,Healthcare -> Therapeutics,Unspecified
29477,Winter 2024,subindustry,2025-11-01,2025-12-01,Healthcare,Healthcare -> Diagnostics
29478,Winter 2024,subindustry,2025-11-01,2025-12-01,B2B -> Supply Chain and Logistics,B2B
29483,Winter 2024,subindustry,2025-11-01,2025-12-01,Fintech -> Insurance,Unspecified
29498,Winter 2024,subindustry,2025-11-01,2025-12-01,"B2B -> Engineering, Product and Design",Unspecified
29499,Winter 2024,subindustry,2025-11-01,2025-12-01,B2B -> Supply Chain and Logistics,B2B
29500,Winter 2024,subindustry,2025-11-01,2025-12-01,Fintech -> Payments,Fintech -> Banking and Exchange
29501,Winter 2024,subindustry,2025-11-01,2025-12-01,"B2B -> Engineering, Product and Design",Unspecified
29502,Winter 2024,subindustry,2025-11-01,2025-12-01,"B2B -> Engineering, Product and Design",Unspecified
29503,Winter 2024,tag,2025-11-01,2025-12-01,AI,Artificial Intelligence
29503,Winter 2024,subindustry,2025-11-01,2025-12-01,"B2B -> Engineering, Product and Design",Unspecified
29505,Winter 2024,subindustry,2025-11-01,2025-12-01,B2B -> Legal,"B2B -> Engineering, Product and Design"
29506,Winter 2024,subindustry,2025-11-01,2025-12-01,Education,Unspecified
29508,Winter 2024,subindustry,2025-11-01,2025-12-01,Consumer,Unspecified
29513,Winter 2024,tag,2025-11-01,2025-12-01,Artificial Intelligence,AI
29522,Winter 2024,subindustry,2025-11-01,2025-12-01,B2B,Unspecified
29568,Summer 2024,subindustry,2025-11-01,2025-12-01,B2B -> Sales,Fintech
29570,Summer 2024,tag,2025-11-01,2025-12-01,Artificial Intelligence,AI
29573,Summer 2024,subindustry,2025-11-01,2025-12-01,B2B,Education
29575,Summer 2024,subindustry,2025-11-01,2025-12-01,"B2B -> Engineering, Product and Design",B2B -> Productivity
29577,Fall 2024,subindustry,2025-11-01,2025-12-01,"B2B -> Engineering, Product and Design",Unspecified
29608,Summer 2024,subindustry,2025-11-01,2025-12-01,B2B -> Operations,Consumer -> Social
29611,Summer 2024,tag,2025-11-01,2025-12-01,AI,Artificial Intelligence
29643,Summer 2024,tag,2025-11-01,2025-12-01,AI|AIOps|Automation,
29643,Summer 2024,subindustry,2025-11-01,2025-12-01,Healthcare -> Healthcare IT,Healthcare -> Consumer Health and Wellness
29649,Summer 2024,tag,2025-11-01,2025-12-01,Artificial Intelligence,AI
29654,Summer 2024,subindustry,2025-11-01,2025-12-01,"Consumer -> Travel, Leisure and Tourism","B2B -> Engineering, Product and Design"
29655,Summer 2024,subindustry,2025-11-01,2025-12-01,B2B,Fintech
29658,Summer 2024,subindustry,2025-11-01,2025-12-01,B2B,Industrials -> Climate
29665,Summer 2024,subindustry,2025-11-01,2025-12-01,B2B,B2B -> Infrastructure
29668,Summer 2024,tag,2025-11-01,2025-12-01,AI|B2B|Email|Productivity|SaaS,
29668,Summer 2024,subindustry,2025-11-01,2025-12-01,B2B,"B2B -> Engineering, Product and Design"
29685,Summer 2024,subindustry,2025-11-01,2025-12-01,B2B,B2B -> Supply Chain and Logistics
29693,Summer 2024,tag,2025-11-01,2025-12-01,Artificial Intelligence,AI
29693,Summer 2024,subindustry,2025-11-01,2025-12-01,B2B -> Marketing,"B2B -> Engineering, Product and Design"
29695,Summer 2024,tag,2025-11-01,2025-12-01,Analytics|Artificial Intelligence|CRM|Documents|Workflow Automation,
29695,Summer 2024,subindustry,2025-11-01,2025-12-01,B2B -> Productivity,Consumer
29699,Summer 2024,subindustry,2025-11-01,2025-12-01,B2B -> Infrastructure,B2B -> Supply Chain and Logistics
29702,Summer 2024,tag,2025-11-01,2025-12-01,Finance,FinOps|Workflow Automation
29703,Summer 2024,tag,2025-11-01,2025-12-01,,AI|Artificial Intelligence|Generative AI
29711,Summer 2024,tag,2025-11-01,2025-12-01,AI,Artificial Intelligence
29716,Summer 2024,subindustry,2025-11-01,2025-12-01,Consumer -> Gaming,B2B
29729,Summer 2024,tag,2025-11-01,2025-12-01,Artificial Intelligence,AI
29731,Summer 2024,subindustry,2025-11-01,2025-12-01,B2B,B2B -> Legal
29734,Summer 2024,subindustry,2025-11-01,2025-12-01,"B2B -> Engineering, Product and Design",B2B -> Operations
29745,Summer 2024,subindustry,2025-11-01,2025-12-01,"B2B -> Engineering, Product and Design",Healthcare
29758,Summer 2024,subindustry,2025-11-01,2025-12-01,Consumer -> Gaming,Consumer -> Content
29763,Fall 2025,tag,2025-11-01,2025-12-01,Artificial Intelligence,AI
29763,Fall 2025,subindustry,2025-11-01,2025-12-01,Industrials -> Manufacturing and Robotics,B2B
29766,Summer 2024,subindustry,2025-11-01,2025-12-01,B2B,B2B -> Supply Chain and Logistics
29769,Summer 2024,subindustry,2025-11-01,2025-12-01,"B2B -> Engineering, Product and Design",B2B -> Marketing
29778,Summer 2024,subindustry,2025-11-01,2025-12-01,Consumer,B2B
29781,Summer 2024,subindustry,2025-11-01,2025-12-01,"B2B -> Engineering, Product and Design",B2B
29786,Summer 2024,tag,2025-11-01,2025-12-01,Consumer|Video,B2B|Developer Tools
29786,Summer 2024,industry,2025-11-01,2025-12-01,Consumer,B2B
29786,Summer 2024,subindustry,2025-11-01,2025-12-01,Consumer -> Content,B2B -> Productivity
29788,Summer 2024,tag,2025-11-01,2025-12-01,Healthcare,
29788,Summer 2024,subindustry,2025-11-01,2025-12-01,B2B,B2B -> Security
29792,Summer 2024,industry,2025-11-01,2025-12-01,B2B,Fintech
29792,Summer 2024,subindustry,2025-11-01,2025-12-01,B2B,B2B -> Productivity
29795,Summer 2024,tag,2025-11-01,2025-12-01,AI|AI Assistant|Email|SaaS,B2B|Generative AI|GovTech|Procurement
29795,Summer 2024,industry,2025-11-01,2025-12-01,B2B,Government
29795,Summer 2024,subindustry,2025-11-01,2025-12-01,B2B,Government
29800,Summer 2024,tag,2025-11-01,2025-12-01,AI,Artificial Intelligence
29805,Summer 2024,subindustry,2025-11-01,2025-12-01,B2B -> Retail,B2B -> Supply Chain and Logistics
29810,Summer 2024,tag,2025-11-01,2025-12-01,AI,Artificial Intelligence
29810,Summer 2024,subindustry,2025-11-01,2025-12-01,Consumer -> Home and Personal,"B2B -> Engineering, Product and Design"
29814,Summer 2024,subindustry,2025-11-01,2025-12-01,Industrials,"B2B -> Engineering, Product and Design"
29818,Summer 2024,industry,2025-11-01,2025-12-01,Healthcare,Fintech
29818,Summer 2024,subindustry,2025-11-01,2025-12-01,Healthcare,Fintech
29819,Summer 2024,subindustry,2025-11-01,2025-12-01,Consumer -> Transportation Services,B2B -> Supply Chain and Logistics
29826,Summer 2024,tag,2025-11-01,2025-12-01,Artificial Intelligence,Developer Tools
29830,Summer 2024,subindustry,2025-11-01,2025-12-01,B2B -> Marketing,"B2B -> Engineering, Product and Design"
29834,Summer 2024,subindustry,2025-11-01,2025-12-01,B2B -> Retail,Consumer
29841,Summer 2024,subindustry,2025-11-01,2025-12-01,Fintech,B2B -> Human Resources
29848,Summer 2024,subindustry,2025-11-01,2025-12-01,Consumer,"B2B -> Engineering, Product and Design"
29852,Summer 2024,subindustry,2025-11-01,2025-12-01,Consumer,B2B
29853,Summer 2024,tag,2025-11-01,2025-12-01,Consumer Products|Creator Economy,Enterprise Software
29857,Summer 2024,tag,2025-11-01,2025-12-01,,Digital Health|Health Tech|Healthcare IT
29858,Summer 2024,tag,2025-11-01,2025-12-01,Artificial Intelligence,AI
29955,Summer 2024,tag,2025-11-01,2025-12-01,AI,Artificial Intelligence
29955,Summer 2024,subindustry,2025-11-01,2025-12-01,Consumer,B2B -> Infrastructure
29957,Summer 2024,tag,2025-11-01,2025-12-01,Artificial Intelligence,AI
29962,Summer 2024,tag,2025-11-01,2025-12-01,AI,Artificial Intelligence
29962,Summer 2024,subindustry,2025-11-01,2025-12-01,B2B,"B2B -> Engineering, Product and Design"
29966,Summer 2024,subindustry,2025-11-01,2025-12-01,B2B,B2B -> Sales
29982,Summer 2024,subindustry,2025-11-01,2025-12-01,Consumer -> Job and Career Services,B2B
29983,Summer 2024,tag,2025-11-01,2025-12-01,AI,Artificial Intelligence
29987,Summer 2024,tag,2025-11-01,2025-12-01,AI|Billing|Healthcare IT,
29992,Summer 2024,subindustry,2025-11-01,2025-12-01,"B2B -> Engineering, Product and Design",B2B -> Infrastructure
30016,Fall 2024,subindustry,2025-11-01,2025-12-01,B2B,"B2B -> Engineering, Product and Design"
30017,Fall 2024,subindustry,2025-11-01,2025-12-01,B2B -> Productivity,B2B
30019,Fall 2024,subindustry,2025-11-01,2025-12-01,Healthcare,B2B -> Sales
30020,Winter 2025,subindustry,2025-11-01,2025-12-01,Fintech -> Credit and Lending,Healthcare -> Healthcare IT
30024,Fall 2024,subindustry,2025-11-01,2025-12-01,"B2B -> Engineering, Product and Design",B2B -> Productivity
30033,Fall 2024,subindustry,2025-11-01,2025-12-01,B2B -> Sales,B2B
30038,Fall 2024,subindustry,2025-11-01,2025-12-01,B2B -> Recruiting and Talent,B2B -> Human Resources
30039,Fall 2024,subindustry,2025-11-01,2025-12-01,B2B -> Productivity,B2B -> Sales
30042,Fall 2024,subindustry,2025-11-01,2025-12-01,B2B -> Supply Chain and Logistics,Unspecified
30043,Fall 2024,subindustry,2025-11-01,2025-12-01,Healthcare -> Healthcare IT,"B2B -> Engineering, Product and Design"
30047,Fall 2024,subindustry,2025-11-01,2025-12-01,B2B,Consumer
30049,Fall 2024,subindustry,2025-11-01,2025-12-01,Healthcare -> Drug Discovery and Delivery,Healthcare -> Healthcare IT
30051,Fall 2024,subindustry,2025-11-01,2025-12-01,Fintech,Fintech -> Payments
30059,Fall 2024,subindustry,2025-11-01,2025-12-01,Fintech,B2B -> Finance and Accounting
30064,Fall 2024,tag,2025-11-01,2025-12-01,Artificial Intelligence,AI
30066,Fall 2024,tag,2025-11-01,2025-12-01,Artificial Intelligence,AI
30068,Fall 2024,subindustry,2025-11-01,2025-12-01,Consumer,B2B -> Security
30077,Fall 2024,subindustry,2025-11-01,2025-12-01,B2B,Consumer
30079,Fall 2024,subindustry,2025-11-01,2025-12-01,B2B,Consumer -> Content
30083,Fall 2024,subindustry,2025-11-01,2025-12-01,Industrials -> Automotive,B2B
30096,Fall 2024,subindustry,2025-11-01,2025-12-01,"B2B -> Engineering, Product and Design",B2B
30097,Fall 2024,tag,2025-11-01,2025-12-01,AI,Artificial Intelligence
30097,Fall 2024,subindustry,2025-11-01,2025-12-01,Consumer -> Consumer Electronics,Industrials -> Manufacturing and Robotics
30100,Fall 2024,subindustry,2025-11-01,2025-12-01,"B2B -> Engineering, Product and Design",Unspecified
30101,Fall 2024,subindustry,2025-11-01,2025-12-01,B2B -> Productivity,Healthcare -> Healthcare Services
30108,Fall 2024,subindustry,2025-11-01,2025-12-01,"B2B -> Engineering, Product and Design",Real Estate and Construction -> Housing and Real Estate
30111,Fall 2024,subindustry,2025-11-01,2025-12-01,Consumer,B2B -> Infrastructure
30112,Fall 2024,subindustry,2025-11-01,2025-12-01,"Consumer -> Travel, Leisure and Tourism","B2B -> Engineering, Product and Design"
30113,Fall 2024,subindustry,2025-11-01,2025-12-01,B2B -> Productivity,Unspecified
30116,Fall 2024,tag,2025-11-01,2025-12-01,Artificial Intelligence,AI
30116,Fall 2024,subindustry,2025-11-01,2025-12-01,Consumer,B2B -> Productivity
30119,Fall 2024,subindustry,2025-11-01,2025-12-01,B2B,B2B -> Analytics
30127,Fall 2024,subindustry,2025-11-01,2025-12-01,Industrials -> Manufacturing and Robotics,Unspecified
30129,Fall 2024,tag,2025-11-01,2025-12-01,AI,Artificial Intelligence
30131,Fall 2024,subindustry,2025-11-01,2025-12-01,Healthcare,Unspecified
30173,Spring 2025,subindustry,2025-11-01,2025-12-01,B2B,Industrials -> Climate
30177,Winter 2025,subindustry,2025-11-01,2025-12-01,Real Estate and Construction -> Construction,B2B
30182,Winter 2025,subindustry,2025-11-01,2025-12-01,B2B -> Infrastructure,B2B -> Marketing
30183,Winter 2025,subindustry,2025-11-01,2025-12-01,B2B -> Recruiting and Talent,Unspecified
30185,Winter 2025,subindustry,2025-11-01,2025-12-01,Education,Unspecified
30187,Winter 2025,subindustry,2025-11-01,2025-12-01,B2B -> Productivity,Fintech -> Insurance
30194,Winter 2025,subindustry,2025-11-01,2025-12-01,Industrials -> Drones,Unspecified
30196,Winter 2025,subindustry,2025-11-01,2025-12-01,B2B -> Productivity,Consumer
30198,Winter 2025,subindustry,2025-11-01,2025-12-01,Consumer,B2B
30201,Winter 2025,subindustry,2025-11-01,2025-12-01,Industrials -> Energy,B2B -> Analytics
30203,Winter 2025,subindustry,2025-11-01,2025-12-01,Healthcare -> Healthcare Services,"B2B -> Engineering, Product and Design"
30207,Winter 2025,tag,2025-11-01,2025-12-01,AI,Artificial Intelligence
30212,Winter 2025,tag,2025-11-01,2025-12-01,Enterprise|Enterprise Software,Developer Tools
30212,Winter 2025,subindustry,2025-11-01,2025-12-01,"B2B -> Engineering, Product and Design",B2B -> Retail
30214,Winter 2025,subindustry,2025-11-01,2025-12-01,B2B -> Supply Chain and Logistics,B2B -> Retail
30217,Winter 2025,tag,2025-11-01,2025-12-01,,Automation|B2B|Generative AI|Investments|Workflow Automation
30217,Winter 2025,subindustry,2025-11-01,2025-12-01,B2B,Fintech -> Asset Management
30222,Winter 2025,subindustry,2025-11-01,2025-12-01,B2B -> Productivity,Consumer
30223,Winter 2025,subindustry,2025-11-01,2025-12-01,"B2B -> Engineering, Product and Design",Unspecified
30225,Winter 2025,subindustry,2025-11-01,2025-12-01,B2B -> Supply Chain and Logistics,B2B -> Recruiting and Talent
30229,Winter 2025,subindustry,2025-11-01,2025-12-01,B2B,Industrials -> Manufacturing and Robotics
30231,Winter 2025,subindustry,2025-11-01,2025-12-01,B2B -> Operations,B2B -> Infrastructure
30235,Winter 2025,subindustry,2025-11-01,2025-12-01,Fintech,Fintech -> Payments
30236,Winter 2025,tag,2025-11-01,2025-12-01,AI|Generative AI,
30241,Winter 2025,subindustry,2025-11-01,2025-12-01,B2B -> Infrastructure,B2B
30255,Winter 2025,subindustry,2025-11-01,2025-12-01,"B2B -> Engineering, Product and Design",Fintech -> Consumer Finance
30258,Winter 2025,tag,2025-11-01,2025-12-01,AI,Artificial Intelligence
30258,Winter 2025,subindustry,2025-11-01,2025-12-01,B2B -> Legal,B2B
30262,Winter 2025,tag,2025-11-01,2025-12-01,Augmented Reality|Hardware,Remote Work|Video
30262,Winter 2025,subindustry,2025-11-01,2025-12-01,Consumer -> Consumer Electronics,Consumer -> Social
30264,Winter 2025,subindustry,2025-11-01,2025-12-01,"B2B -> Engineering, Product and Design",Industrials -> Manufacturing and Robotics
30265,Winter 2025,subindustry,2025-11-01,2025-12-01,Healthcare -> Healthcare IT,Unspecified
30266,Winter 2025,tag,2025-11-01,2025-12-01,Artificial Intelligence,AI
30267,Winter 2025,subindustry,2025-11-01,2025-12-01,B2B -> Analytics,B2B
30268,Winter 2025,subindustry,2025-11-01,2025-12-01,B2B -> Marketing,Consumer -> Content
30269,Winter 2025,subindustry,2025-11-01,2025-12-01,Consumer,Consumer -> Gaming
30271,Winter 2025,subindustry,2025-11-01,2025-12-01,B2B -> Infrastructure,Unspecified
30272,Winter 2025,tag,2025-11-01,2025-12-01,AI,Artificial Intelligence
30273,Winter 2025,subindustry,2025-11-01,2025-12-01,B2B -> Security,"B2B -> Engineering, Product and Design"
30274,Winter 2025,subindustry,2025-11-01,2025-12-01,B2B -> Finance and Accounting,B2B
30276,Winter 2025,subindustry,2025-11-01,2025-12-01,B2B -> Supply Chain and Logistics,Unspecified
30277,Winter 2025,tag,2025-11-01,2025-12-01,API,Enterprise Software
30279,Winter 2025,subindustry,2025-11-01,2025-12-01,B2B,B2B -> Recruiting and Talent
30282,Winter 2025,subindustry,2025-11-01,2025-12-01,B2B,"Consumer -> Travel, Leisure and Tourism"
30291,Winter 2025,tag,2025-11-01,2025-12-01,Artificial Intelligence|Sales,Enterprise|Sales Enablement
30292,Winter 2025,subindustry,2025-11-01,2025-12-01,B2B -> Finance and Accounting,B2B
30296,Winter 2025,subindustry,2025-11-01,2025-12-01,"B2B -> Engineering, Product and Design",B2B -> Security
30297,Winter 2025,tag,2025-11-01,2025-12-01,Legal|LegalTech|Sales,Fintech|Real Estate
30297,Winter 2025,industry,2025-11-01,2025-12-01,B2B,Real Estate and Construction
30297,Winter 2025,subindustry,2025-11-01,2025-12-01,B2B -> Legal,Real Estate and Construction
30299,Winter 2025,tag,2025-11-01,2025-12-01,Artificial Intelligence,AI
30312,Winter 2025,subindustry,2025-11-01,2025-12-01,Consumer -> Apparel and Cosmetics,Consumer
30333,Winter 2025,subindustry,2025-11-01,2025-12-01,B2B -> Infrastructure,B2B
30337,Winter 2025,subindustry,2025-11-01,2025-12-01,Healthcare -> Healthcare IT,B2B
30338,Winter 2025,subindustry,2025-11-01,2025-12-01,Healthcare,B2B -> Productivity
30340,Winter 2025,subindustry,2025-11-01,2025-12-01,B2B -> Productivity,Unspecified
30343,Winter 2025,subindustry,2025-11-01,2025-12-01,"B2B -> Engineering, Product and Design",B2B -> Legal
30347,Winter 2025,tag,2025-11-01,2025-12-01,,Aerospace|Commercial Space Launch|Hard Tech|Satellites|Space Exploration
30349,Winter 2025,subindustry,2025-11-01,2025-12-01,B2B,Unspecified
30351,Winter 2025,subindustry,2025-11-01,2025-12-01,B2B,B2B -> Analytics
30353,Winter 2025,subindustry,2025-11-01,2025-12-01,B2B,"B2B -> Engineering, Product and Design"
30357,Winter 2025,tag,2025-11-01,2025-12-01,,Artificial Intelligence|B2B|Fintech|Insurance|SaaS
30362,Summer 2025,tag,2025-11-01,2025-12-01,AI|Customer Success|Sales,Artificial Intelligence
30366,Spring 2025,tag,2025-11-01,2025-12-01,AI|Cloud Computing|Infrastructure,
30404,Spring 2025,subindustry,2025-11-01,2025-12-01,"B2B -> Engineering, Product and Design",Unspecified
30406,Spring 2025,subindustry,2025-11-01,2025-12-01,Healthcare -> Healthcare Services,B2B
30407,Spring 2025,subindustry,2025-11-01,2025-12-01,B2B -> Security,B2B -> Infrastructure
30421,Spring 2025,subindustry,2025-11-01,2025-12-01,Healthcare,B2B
30426,Spring 2025,subindustry,2025-11-01,2025-12-01,Fintech -> Consumer Finance,Unspecified
30427,Spring 2025,tag,2025-11-01,2025-12-01,AI|Insurance|Operations,
30427,Spring 2025,industry,2025-11-01,2025-12-01,Fintech,B2B
30427,Spring 2025,subindustry,2025-11-01,2025-12-01,Fintech -> Insurance,Real Estate and Construction -> Construction
30432,Spring 2025,tag,2025-11-01,2025-12-01,AI,Artificial Intelligence
30435,Spring 2025,tag,2025-11-01,2025-12-01,Design Tools|Web Development,E-commerce|Fintech|Payments
30435,Spring 2025,industry,2025-11-01,2025-12-01,B2B,Fintech
30435,Spring 2025,subindustry,2025-11-01,2025-12-01,"B2B -> Engineering, Product and Design",Fintech -> Payments
30437,Spring 2025,tag,2025-11-01,2025-12-01,,AI|Analytics|Artificial Intelligence
30437,Spring 2025,subindustry,2025-11-01,2025-12-01,B2B -> Analytics,B2B
30438,Spring 2025,subindustry,2025-11-01,2025-12-01,B2B -> Operations,B2B -> Infrastructure
30439,Spring 2025,tag,2025-11-01,2025-12-01,AI|Customer Support|Developer Tools|Marketing|Sales,
30439,Spring 2025,subindustry,2025-11-01,2025-12-01,B2B -> Productivity,B2B -> Finance and Accounting
30440,Spring 2025,tag,2025-11-01,2025-12-01,Artificial Intelligence,
30443,Spring 2025,tag,2025-11-01,2025-12-01,,Education
30443,Spring 2025,subindustry,2025-11-01,2025-12-01,Consumer,Education
30444,Spring 2025,tag,2025-11-01,2025-12-01,AI,Artificial Intelligence
30444,Spring 2025,subindustry,2025-11-01,2025-12-01,B2B,B2B -> Operations
30446,Spring 2025,subindustry,2025-11-01,2025-12-01,B2B -> Retail,B2B
30449,Spring 2025,subindustry,2025-11-01,2025-12-01,"B2B -> Engineering, Product and Design",B2B -> Productivity
30454,Spring 2025,tag,2025-11-01,2025-12-01,Data Labeling|Market Research|Recruiting|Reinforcement Learning,B2B|Developer Tools|SaaS|Web Development
30458,Spring 2025,subindustry,2025-11-01,2025-12-01,"B2B -> Engineering, Product and Design",Unspecified
30460,Spring 2025,tag,2025-11-01,2025-12-01,Productivity,AIOps|Enterprise|Human Resources|Operations|Recruiting
30460,Spring 2025,industry,2025-11-01,2025-12-01,Consumer,B2B
30460,Spring 2025,subindustry,2025-11-01,2025-12-01,Consumer,B2B -> Operations
30462,Spring 2025,subindustry,2025-11-01,2025-12-01,B2B -> Recruiting and Talent,Consumer -> Social
30463,Spring 2025,subindustry,2025-11-01,2025-12-01,Education,B2B
30465,Spring 2025,subindustry,2025-11-01,2025-12-01,"B2B -> Engineering, Product and Design",Unspecified
30467,Spring 2025,subindustry,2025-11-01,2025-12-01,Real Estate and Construction -> Construction,Real Estate and Construction
30484,Spring 2025,subindustry,2025-11-01,2025-12-01,B2B -> Sales,B2B
30485,Spring 2025,subindustry,2025-11-01,2025-12-01,B2B,Unspecified
30487,Spring 2025,subindustry,2025-11-01,2025-12-01,B2B -> Sales,Unspecified
30488,Spring 2025,tag,2025-11-01,2025-12-01,AI,Artificial Intelligence|Developer Tools
30496,Spring 2025,subindustry,2025-11-01,2025-12-01,B2B,Unspecified
30506,Spring 2025,subindustry,2025-11-01,2025-12-01,B2B,Unspecified
30509,Spring 2025,subindustry,2025-11-01,2025-12-01,Industrials -> Manufacturing and Robotics,"B2B -> Engineering, Product and Design"
30513,Spring 2025,subindustry,2025-11-01,2025-12-01,B2B,B2B -> Finance and Accounting
30516,Spring 2025,subindustry,2025-11-01,2025-12-01,Healthcare,B2B
30517,Spring 2025,subindustry,2025-11-01,2025-12-01,B2B,Real Estate and Construction
30518,Spring 2025,subindustry,2025-11-01,2025-12-01,B2B -> Productivity,Consumer
30522,Spring 2025,tag,2025-11-01,2025-12-01,Sales,Advertising|Marketing
30529,Spring 2025,subindustry,2025-11-01,2025-12-01,Healthcare -> Healthcare IT,B2B -> Operations
30532,Spring 2025,subindustry,2025-11-01,2025-12-01,"B2B -> Engineering, Product and Design",Unspecified
30533,Spring 2025,subindustry,2025-11-01,2025-12-01,"B2B -> Engineering, Product and Design",B2B
30535,Spring 2025,subindustry,2025-11-01,2025-12-01,B2B -> Security,B2B
30536,Spring 2025,subindustry,2025-11-01,2025-12-01,B2B,Unspecified
30540,Spring 2025,subindustry,2025-11-01,2025-12-01,B2B -> Supply Chain and Logistics,B2B -> Finance and Accounting
30541,Spring 2025,subindustry,2025-11-01,2025-12-01,Government,B2B -> Analytics
30543,Spring 2025,tag,2025-11-01,2025-12-01,Artificial Intelligence|B2B,
30544,Spring 2025,subindustry,2025-11-01,2025-12-01,Consumer -> Gaming,"B2B -> Engineering, Product and Design"
30549,Spring 2025,tag,2025-11-01,2025-12-01,,AI|B2B|Infrastructure|Search
30552,Spring 2025,subindustry,2025-11-01,2025-12-01,B2B -> Finance and Accounting,Fintech -> Asset Management
30559,Spring 2025,subindustry,2025-11-01,2025-12-01,"B2B -> Engineering, Product and Design",Unspecified
30560,Spring 2025,subindustry,2025-11-01,2025-12-01,Industrials,Industrials -> Manufacturing and Robotics
30561,Spring 2025,subindustry,2025-11-01,2025-12-01,B2B,B2B -> Analytics
30562,Spring 2025,subindustry,2025-11-01,2025-12-01,"B2B -> Engineering, Product and Design",Unspecified
30565,Spring 2025,subindustry,2025-11-01,2025-12-01,B2B,Unspecified
30592,Fall 2025,tag,2025-11-01,2025-12-01,Artificial Intelligence,AI
30592,Fall 2025,subindustry,2025-11-01,2025-12-01,B2B -> Supply Chain and Logistics,Unspecified
30596,Summer 2025,subindustry,2025-11-01,2025-12-01,B2B,Unspecified
30603,Summer 2025,subindustry,2025-11-01,2025-12-01,B2B,Unspecified
30605,Summer 2025,tag,2025-11-01,2025-12-01,AI,Artificial Intelligence
30606,Summer 2025,tag,2025-11-01,2025-12-01,AI,AI Assistant|Artificial Intelligence|Home Services
30606,Summer 2025,subindustry,2025-11-01,2025-12-01,B2B,Unspecified
30609,Summer 2025,tag,2025-11-01,2025-12-01,,Developer Tools|Infrastructure|Machine Learning
30610,Summer 2025,tag,2025-11-01,2025-12-01,,Developer Tools|Generative AI|Open Source|SaaS
30611,Summer 2025,tag,2025-11-01,2025-12-01,,Artificial Intelligence
30612,Summer 2025,tag,2025-11-01,2025-12-01,Artificial Intelligence,AI
30612,Summer 2025,subindustry,2025-11-01,2025-12-01,B2B -> Infrastructure,B2B -> Legal
30622,Summer 2025,tag,2025-11-01,2025-12-01,AI,Artificial Intelligence
30624,Summer 2025,subindustry,2025-11-01,2025-12-01,Industrials -> Manufacturing and Robotics,Industrials
30626,Summer 2025,subindustry,2025-11-01,2025-12-01,Real Estate and Construction -> Construction,B2B -> Security
30630,Summer 2025,subindustry,2025-11-01,2025-12-01,B2B -> Operations,Unspecified
30634,Summer 2025,subindustry,2025-11-01,2025-12-01,"B2B -> Engineering, Product and Design",Consumer
30637,Summer 2025,subindustry,2025-11-01,2025-12-01,Consumer,Unspecified
30641,Summer 2025,subindustry,2025-11-01,2025-12-01,Healthcare -> Healthcare Services,Fintech -> Insurance
30642,Summer 2025,tag,2025-11-01,2025-12-01,,Artificial Intelligence|B2B|SaaS|Sales|Sales Enablement
30644,Summer 2025,tag,2025-11-01,2025-12-01,Artificial Intelligence,AI
30645,Summer 2025,subindustry,2025-11-01,2025-12-01,"B2B -> Engineering, Product and Design",B2B -> Analytics
30647,Summer 2025,subindustry,2025-11-01,2025-12-01,"B2B -> Engineering, Product and Design",B2B -> Infrastructure
30648,Summer 2025,tag,2025-11-01,2025-12-01,Artificial Intelligence,AI
30651,Summer 2025,subindustry,2025-11-01,2025-12-01,B2B -> Security,B2B -> Infrastructure
30660,Summer 2025,subindustry,2025-11-01,2025-12-01,B2B -> Operations,"B2B -> Engineering, Product and Design"
30663,Summer 2025,subindustry,2025-11-01,2025-12-01,B2B -> Supply Chain and Logistics,B2B
30664,Summer 2025,tag,2025-11-01,2025-12-01,Artificial Intelligence,AI
30664,Summer 2025,subindustry,2025-11-01,2025-12-01,B2B -> Marketing,B2B -> Operations
30668,Summer 2025,subindustry,2025-11-01,2025-12-01,Healthcare,B2B
30681,Summer 2025,tag,2025-11-01,2025-12-01,,AI|B2B|Health Tech|Healthcare|Infrastructure
30685,Summer 2025,tag,2025-11-01,2025-12-01,AI,Artificial Intelligence
30686,Summer 2025,subindustry,2025-11-01,2025-12-01,Consumer,B2B
30687,Summer 2025,subindustry,2025-11-01,2025-12-01,B2B -> Productivity,Fintech
30690,Summer 2025,subindustry,2025-11-01,2025-12-01,Industrials -> Automotive,B2B -> Recruiting and Talent
30691,Summer 2025,tag,2025-11-01,2025-12-01,Artificial Intelligence|B2B|Developer Tools|Hardware,
30691,Summer 2025,subindustry,2025-11-01,2025-12-01,"B2B -> Engineering, Product and Design",B2B
30692,Summer 2025,subindustry,2025-11-01,2025-12-01,B2B -> Sales,Consumer
30699,Summer 2025,subindustry,2025-11-01,2025-12-01,B2B,Consumer
30701,Summer 2025,subindustry,2025-11-01,2025-12-01,B2B,Fintech
30704,Summer 2025,subindustry,2025-11-01,2025-12-01,Government,Industrials -> Drones
30709,Summer 2025,subindustry,2025-11-01,2025-12-01,Healthcare,B2B -> Analytics
30710,Summer 2025,tag,2025-11-01,2025-12-01,Artificial Intelligence|B2B|Developer Tools|Infrastructure|Open Source,
30712,Summer 2025,subindustry,2025-11-01,2025-12-01,B2B -> Infrastructure,Industrials
30717,Summer 2025,tag,2025-11-01,2025-12-01,,AI|Hardware|Insurance
30717,Summer 2025,subindustry,2025-11-01,2025-12-01,Fintech -> Insurance,Industrials -> Energy
30719,Summer 2025,tag,2025-11-01,2025-12-01,AI Assistant,Artificial Intelligence
30720,Summer 2025,tag,2025-11-01,2025-12-01,,AIOps|Artificial Intelligence|SaaS
30730,Summer 2025,subindustry,2025-11-01,2025-12-01,"B2B -> Engineering, Product and Design",B2B -> Operations
30731,Summer 2025,subindustry,2025-11-01,2025-12-01,Fintech -> Asset Management,B2B -> Finance and Accounting
30733,Summer 2025,tag,2025-11-01,2025-12-01,,Artificial Intelligence|CRM|Marketing|Payments|SaaS
30733,Summer 2025,subindustry,2025-11-01,2025-12-01,B2B -> Sales,B2B
30738,Summer 2025,tag,2025-11-01,2025-12-01,,AI|Generative AI|Telecommunications
30742,Summer 2025,tag,2025-11-01,2025-12-01,,Artificial Intelligence|B2B|HR Tech
30744,Summer 2025,subindustry,2025-11-01,2025-12-01,"B2B -> Engineering, Product and Design",B2B -> Infrastructure
30749,Fall 2025,tag,2025-11-01,2025-12-01,AI|B2B,
30749,Fall 2025,subindustry,2025-11-01,2025-12-01,Fintech -> Insurance,Unspecified
30750,Fall 2025,tag,2025-11-01,2025-12-01,AI,Artificial Intelligence
30763,Summer 2025,tag,2025-11-01,2025-12-01,AI,Industrial
30774,Summer 2025,tag,2025-11-01,2025-12-01,,Construction|Proptech
30774,Summer 2025,industry,2025-11-01,2025-12-01,B2B,Real Estate and Construction
30774,Summer 2025,subindustry,2025-11-01,2025-12-01,B2B,Real Estate and Construction
30799,Summer 2025,tag,2025-11-01,2025-12-01,,AI|B2B|Industrial|SaaS
30804,Summer 2025,tag,2025-11-01,2025-12-01,AIOps|Artificial Intelligence|Cloud Computing|Developer Tools,
30805,Summer 2025,tag,2025-11-01,2025-12-01,Artificial Intelligence,AI
30807,Summer 2025,subindustry,2025-11-01,2025-12-01,B2B,B2B -> Sales
30812,Fall 2025,tag,2025-11-01,2025-12-01,Artificial Intelligence,AI
30818,Summer 2025,subindustry,2025-11-01,2025-12-01,Industrials -> Manufacturing and Robotics,Unspecified
30822,Fall 2025,tag,2025-11-01,2025-12-01,AI|B2B,
30828,Fall 2025,tag,2025-11-01,2025-12-01,Artificial Intelligence,AI
30829,Fall 2025,subindustry,2025-11-01,2025-12-01,Healthcare,Healthcare -> Healthcare IT
30837,Fall 2025,tag,2025-11-01,2025-12-01,AI|Conversational AI|Productivity,Augmented Reality|Consumer
30837,Fall 2025,subindustry,2025-11-01,2025-12-01,Consumer,Consumer -> Consumer Electronics
30844,Fall 2025,tag,2025-11-01,2025-12-01,Analytics,
30845,Fall 2025,tag,2025-11-01,2025-12-01,Artificial Intelligence|Computer Vision,AI|B2B|Workflow Automation
30849,Fall 2025,tag,2025-11-01,2025-12-01,AI|Hardware,Artificial Intelligence
30853,Fall 2025,tag,2025-11-01,2025-12-01,Artificial Intelligence|B2B|Conversational AI|Infrastructure,
30854,Fall 2025,tag,2025-11-01,2025-12-01,AI,Artificial Intelligence
30857,Fall 2025,tag,2025-11-01,2025-12-01,Artificial Intelligence,AI
30858,Fall 2025,tag,2025-11-01,2025-12-01,Artificial Intelligence,AI
30858,Fall 2025,subindustry,2025-11-01,2025-12-01,B2B,Unspecified
30859,Fall 2025,tag,2025-11-01,2025-12-01,AI,Artificial Intelligence
30859,Fall 2025,subindustry,2025-11-01,2025-12-01,"B2B -> Engineering, Product and Design",Unspecified
30861,Fall 2025,tag,2025-11-01,2025-12-01,AI|Workflow Automation,AI Assistant|Artificial Intelligence
30861,Fall 2025,subindustry,2025-11-01,2025-12-01,"B2B -> Engineering, Product and Design",B2B -> Sales
30863,Fall 2025,tag,2025-11-01,2025-12-01,AI,Artificial Intelligence
30864,Fall 2025,tag,2025-11-01,2025-12-01,Developer Tools,
30867,Fall 2025,tag,2025-11-01,2025-12-01,AI|Enterprise Software,Analytics|Artificial Intelligence
30867,Fall 2025,subindustry,2025-11-01,2025-12-01,B2B,Unspecified
30870,Fall 2025,tag,2025-11-01,2025-12-01,Media|Video,
30871,Fall 2025,tag,2025-11-01,2025-12-01,Analytics|Artificial Intelligence,AI
30877,Fall 2025,tag,2025-11-01,2025-12-01,B2B|Enterprise Software|Sales|Sales Enablement,AI Assistant|Customer Success|E-commerce
30886,Fall 2025,tag,2025-11-01,2025-12-01,Fintech|SaaS,
30886,Fall 2025,subindustry,2025-11-01,2025-12-01,B2B,B2B -> Finance and Accounting
30889,Fall 2025,tag,2025-11-01,2025-12-01,Artificial Intelligence,AI|FinOps
30894,Fall 2025,tag,2025-11-01,2025-12-01,Artificial Intelligence,AI|Finance
30894,Fall 2025,subindustry,2025-11-01,2025-12-01,B2B,Unspecified
30895,Fall 2025,tag,2025-11-01,2025-12-01,AI,Artificial Intelligence
30895,Fall 2025,subindustry,2025-11-01,2025-12-01,Industrials -> Manufacturing and Robotics,B2B
30899,Fall 2025,tag,2025-11-01,2025-12-01,,AI-powered Drug Discovery|Cloud Computing
30903,Fall 2025,tag,2025-11-01,2025-12-01,AIOps|Cloud Computing|Infrastructure,Swarm AI
30907,Fall 2025,tag,2025-11-01,2025-12-01,AI|B2B|Consumer,Artificial Intelligence
30910,Fall 2025,tag,2025-11-01,2025-12-01,AI,Artificial Intelligence|Edtech|Gaming
30911,Fall 2025,subindustry,2025-11-01,2025-12-01,Real Estate and Construction -> Construction,Unspecified
30916,Fall 2025,tag,2025-11-01,2025-12-01,Developer Tools,Analytics|Market Research
30916,Fall 2025,subindustry,2025-11-01,2025-12-01,"B2B -> Engineering, Product and Design",B2B -> Infrastructure
30918,Fall 2025,tag,2025-11-01,2025-12-01,AI,Artificial Intelligence
30918,Fall 2025,subindustry,2025-11-01,2025-12-01,B2B -> Legal,Unspecified
30919,Fall 2025,tag,2025-11-01,2025-12-01,Artificial Intelligence,AI
30920,Fall 2025,tag,2025-11-01,2025-12-01,SaaS,
30921,Fall 2025,subindustry,2025-11-01,2025-12-01,"B2B -> Engineering, Product and Design",Fintech -> Insurance
30922,Fall 2025,tag,2025-11-01,2025-12-01,Consumer,Artificial Intelligence
30922,Fall 2025,subindustry,2025-11-01,2025-12-01,Fintech -> Consumer Finance,Fintech
30930,Fall 2025,tag,2025-11-01,2025-12-01,Artificial Intelligence,AI
30931,Fall 2025,tag,2025-11-01,2025-12-01,Artificial Intelligence,AI
30932,Fall 2025,tag,2025-11-01,2025-12-01,,Construction|Databases
30936,Fall 2025,tag,2025-11-01,2025-12-01,AI,Artificial Intelligence
30937,Fall 2025,tag,2025-11-01,2025-12-01,Artificial Intelligence|Biotech|Drug discovery,Reinforcement Learning
30945,Fall 2025,subindustry,2025-11-01,2025-12-01,B2B -> Operations,B2B
30947,Fall 2025,subindustry,2025-11-01,2025-12-01,B2B,Consumer -> Consumer Electronics
30948,Fall 2025,tag,2025-11-01,2025-12-01,Developer Tools,Retail Tech
30949,Fall 2025,subindustry,2025-11-01,2025-12-01,B2B -> Finance and Accounting,B2B
30950,Fall 2025,tag,2025-11-01,2025-12-01,Computational Storage|Infrastructure,
30950,Fall 2025,industry,2025-11-01,2025-12-01,B2B,Consumer
30950,Fall 2025,subindustry,2025-11-01,2025-12-01,B2B -> Infrastructure,Consumer -> Content
30953,Fall 2025,tag,2025-11-01,2025-12-01,Customer Support|SaaS|Sales,LegalTech
30953,Fall 2025,subindustry,2025-11-01,2025-12-01,B2B,B2B -> Legal
30954,Fall 2025,tag,2025-11-01,2025-12-01,Artificial Intelligence|DevOps,SaaS
30958,Fall 2025,tag,2025-11-01,2025-12-01,Marketing,
30958,Fall 2025,subindustry,2025-11-01,2025-12-01,B2B -> Marketing,Consumer -> Content
30961,Fall 2025,tag,2025-11-01,2025-12-01,B2B|Customer Success|SaaS,Consumer|Finance|Investing
30961,Fall 2025,subindustry,2025-11-01,2025-12-01,B2B,B2B -> Productivity
30962,Fall 2025,subindustry,2025-11-01,2025-12-01,B2B -> Finance and Accounting,B2B
30966,Fall 2025,tag,2025-11-01,2025-12-01,Artificial Intelligence|Sales,AI
30966,Fall 2025,subindustry,2025-11-01,2025-12-01,B2B -> Sales,B2B
30967,Fall 2025,tag,2025-11-01,2025-12-01,AI,Artificial Intelligence
30967,Fall 2025,subindustry,2025-11-01,2025-12-01,B2B -> Operations,B2B
30977,Fall 2025,tag,2025-11-01,2025-12-01,Healthcare,AI Assistant
30978,Fall 2025,tag,2025-11-01,2025-12-01,Consumer|Gaming,
30983,Fall 2025,tag,2025-11-01,2025-12-01,AI,Artificial Intelligence
30986,Fall 2025,tag,2025-11-01,2025-12-01,,AI|Advertising|Marketing|Sales|Sales Enablement
30989,Fall 2025,tag,2025-11-01,2025-12-01,Artificial Intelligence,AI
30995,Fall 2025,tag,2025-11-01,2025-12-01,B2B|Creator Economy,Advertising|Enterprise Software
30995,Fall 2025,subindustry,2025-11-01,2025-12-01,B2B,B2B -> Marketing
30997,Fall 2025,tag,2025-11-01,2025-12-01,Generative AI|Health Tech,
30999,Fall 2025,tag,2025-11-01,2025-12-01,Artificial Intelligence,AI|SaaS
31005,Fall 2025,tag,2025-11-01,2025-12-01,AI|Supply Chain,Artificial Intelligence
31010,Fall 2025,tag,2025-11-01,2025-12-01,Artificial Intelligence|B2B|Machine Learning|Marketplace|Recruiting,
31011,Fall 2025,tag,2025-11-01,2025-12-01,Enterprise Software,
31013,Fall 2025,tag,2025-11-01,2025-12-01,AI,
878,Summer 2015,tag,2025-12-01,2026-01-01,AI,Artificial Intelligence
1300,Summer 2016,subindustry,2025-12-01,2026-01-01,Industrials -> Defense,Industrials -> Drones
1548,Winter 2012,tag,2025-12-01,2026-01-01,AI,Artificial Intelligence
1729,Winter 2018,tag,2025-12-01,2026-01-01,Artificial Intelligence,AI
11948,Winter 2019,tag,2025-12-01,2026-01-01,Artificial Intelligence,AI
12660,Summer 2019,tag,2025-12-01,2026-01-01,AI,Artificial Intelligence
13141,Winter 2020,tag,2025-12-01,2026-01-01,AI|Developer Tools,Artificial Intelligence|Enterprise
22126,Summer 2020,tag,2025-12-01,2026-01-01,AI,Artificial Intelligence
22277,Summer 2020,tag,2025-12-01,2026-01-01,AI,Artificial Intelligence
22876,Winter 2021,subindustry,2025-12-01,2026-01-01,Industrials -> Defense,Industrials -> Manufacturing and Robotics
23017,Winter 2021,tag,2025-12-01,2026-01-01,AI,Artificial Intelligence
23105,Winter 2021,tag,2025-12-01,2026-01-01,AI,Artificial Intelligence
23530,Winter 2021,tag,2025-12-01,2026-01-01,AI,Artificial Intelligence
23530,Winter 2021,subindustry,2025-12-01,2026-01-01,B2B -> Productivity,B2B -> Analytics
23599,Winter 2021,tag,2025-12-01,2026-01-01,Energy,
24039,Summer 2021,tag,2025-12-01,2026-01-01,Artificial Intelligence|Education,AI
24161,Summer 2021,tag,2025-12-01,2026-01-01,AI,Artificial Intelligence
24382,Summer 2021,industry,2025-12-01,2026-01-01,Industrials,B2B
24382,Summer 2021,subindustry,2025-12-01,2026-01-01,Industrials -> Defense,B2B -> Security
24725,Summer 2021,tag,2025-12-01,2026-01-01,AI,Artificial Intelligence
25267,Summer 2022,tag,2025-12-01,2026-01-01,Artificial Intelligence|Construction,Finance|Marketing|Sales|Sales Enablement
25267,Summer 2022,industry,2025-12-01,2026-01-01,Real Estate and Construction,B2B
25267,Summer 2022,subindustry,2025-12-01,2026-01-01,Real Estate and Construction -> Construction,B2B
25306,Winter 2022,tag,2025-12-01,2026-01-01,Artificial Intelligence,AI
25643,Winter 2022,subindustry,2025-12-01,2026-01-01,"B2B -> Engineering, Product and Design",B2B -> Productivity
25691,Winter 2022,tag,2025-12-01,2026-01-01,Speech Recognition,
25983,Winter 2022,tag,2025-12-01,2026-01-01,Artificial Intelligence,Music
25999,Winter 2022,industry,2025-12-01,2026-01-01,Consumer,B2B
25999,Winter 2022,subindustry,2025-12-01,2026-01-01,Consumer -> Content,B2B
26290,Winter 2022,tag,2025-12-01,2026-01-01,Payments,
26290,Winter 2022,subindustry,2025-12-01,2026-01-01,Fintech -> Payments,Fintech -> Banking and Exchange
26712,Summer 2022,tag,2025-12-01,2026-01-01,Artificial Intelligence|Web Development,AI|Geographic Information System
26730,Summer 2022,tag,2025-12-01,2026-01-01,AI,Artificial Intelligence
26913,Summer 2022,tag,2025-12-01,2026-01-01,AI,Artificial Intelligence
27039,Summer 2022,tag,2025-12-01,2026-01-01,AI,Artificial Intelligence
27167,Summer 2022,tag,2025-12-01,2026-01-01,Cryptocurrency,Crypto / Web3|Developer Tools|SaaS
27252,Summer 2022,tag,2025-12-01,2026-01-01,Artificial Intelligence|Legal,Civic Tech|Insurance
27252,Summer 2022,industry,2025-12-01,2026-01-01,Fintech,Real Estate and Construction
27252,Summer 2022,subindustry,2025-12-01,2026-01-01,Fintech,Real Estate and Construction
27680,Winter 2023,tag,2025-12-01,2026-01-01,AI,Artificial Intelligence
27700,Winter 2023,tag,2025-12-01,2026-01-01,Artificial Intelligence,AI
27808,Winter 2023,tag,2025-12-01,2026-01-01,AI,Artificial Intelligence
27820,Winter 2023,tag,2025-12-01,2026-01-01,Artificial Intelligence,AI
27852,Winter 2023,tag,2025-12-01,2026-01-01,AI,Artificial Intelligence
27926,Winter 2023,tag,2025-12-01,2026-01-01,Artificial Intelligence,AI|Trust & Safety
27939,Winter 2023,tag,2025-12-01,2026-01-01,AI Assistant|Analytics|Data Visualization,Developer Tools|Enterprise|Generative AI|Machine Learning|Open Source
27947,Winter 2023,tag,2025-12-01,2026-01-01,Artificial Intelligence,AI
28069,Winter 2023,tag,2025-12-01,2026-01-01,Artificial Intelligence,AI
28091,Winter 2023,tag,2025-12-01,2026-01-01,AI,Artificial Intelligence
28178,Winter 2023,tag,2025-12-01,2026-01-01,Marketing,
28178,Winter 2023,subindustry,2025-12-01,2026-01-01,B2B -> Marketing,B2B -> Sales
28414,Winter 2023,tag,2025-12-01,2026-01-01,Artificial Intelligence,AI
28836,Summer 2023,tag,2025-12-01,2026-01-01,Artificial Intelligence,AI
28837,Summer 2023,tag,2025-12-01,2026-01-01,AI,Artificial Intelligence
28843,Summer 2023,tag,2025-12-01,2026-01-01,AI|Artificial Intelligence|Infrastructure,
28882,Summer 2023,tag,2025-12-01,2026-01-01,AI,Artificial Intelligence
28890,Summer 2023,tag,2025-12-01,2026-01-01,Artificial Intelligence,AI
28927,Summer 2023,industry,2025-12-01,2026-01-01,Industrials,B2B
28927,Summer 2023,subindustry,2025-12-01,2026-01-01,Industrials -> Defense,B2B -> Security
28936,Summer 2023,tag,2025-12-01,2026-01-01,AI,Artificial Intelligence
28969,Summer 2023,tag,2025-12-01,2026-01-01,AI,Artificial Intelligence
28976,Summer 2023,tag,2025-12-01,2026-01-01,AI,Artificial Intelligence
29079,Summer 2023,tag,2025-12-01,2026-01-01,AI,
29118,Summer 2023,tag,2025-12-01,2026-01-01,AI,Artificial Intelligence
29161,Fall 2025,tag,2025-12-01,2026-01-01,Artificial Intelligence,AI
29246,Winter 2024,tag,2025-12-01,2026-01-01,Automation,AI|Productivity
29263,Winter 2024,tag,2025-12-01,2026-01-01,Artificial Intelligence,AI
29310,Winter 2024,tag,2025-12-01,2026-01-01,Artificial Intelligence|Developer Tools|Open Source,
29319,Winter 2024,tag,2025-12-01,2026-01-01,AI|SaaS,Artificial Intelligence|Finance|Investing
29332,Winter 2024,tag,2025-12-01,2026-01-01,AI Assistant|Customer Service|Customer Success|Customer Support,Consumer Finance|Finance|Fintech|Investing|Stocks
29332,Winter 2024,industry,2025-12-01,2026-01-01,B2B,Fintech
29332,Winter 2024,subindustry,2025-12-01,2026-01-01,"B2B -> Engineering, Product and Design",Fintech -> Asset Management
29333,Winter 2024,tag,2025-12-01,2026-01-01,Artificial Intelligence,AI
29341,Winter 2024,tag,2025-12-01,2026-01-01,AI,Artificial Intelligence
29377,Winter 2024,tag,2025-12-01,2026-01-01,Conversational AI|Customer Support|Marketing,Operations|SaaS
29396,Winter 2024,tag,2025-12-01,2026-01-01,AI,Artificial Intelligence
29402,Winter 2024,tag,2025-12-01,2026-01-01,AI,Artificial Intelligence
29410,Winter 2024,subindustry,2025-12-01,2026-01-01,B2B,B2B -> Finance and Accounting
29419,Winter 2024,tag,2025-12-01,2026-01-01,AI,Artificial Intelligence|Workflow Automation
29420,Winter 2024,tag,2025-12-01,2026-01-01,Artificial Intelligence|Productivity,
29422,Winter 2024,tag,2025-12-01,2026-01-01,Health & Wellness,Education|Social Media
29438,Winter 2024,tag,2025-12-01,2026-01-01,AI|Energy|Energy Storage|Solar Power,
29441,Winter 2024,tag,2025-12-01,2026-01-01,AI|Artificial Intelligence,
29447,Winter 2024,tag,2025-12-01,2026-01-01,AI,Artificial Intelligence
29447,Winter 2024,industry,2025-12-01,2026-01-01,Industrials,Government
29447,Winter 2024,subindustry,2025-12-01,2026-01-01,Industrials -> Defense,Government
29465,Winter 2024,tag,2025-12-01,2026-01-01,Crypto / Web3|Investing|Neobank|Remittances,API|Enterprise Software|Infrastructure|Operations
29465,Winter 2024,subindustry,2025-12-01,2026-01-01,Fintech -> Consumer Finance,Fintech -> Banking and Exchange
29506,Winter 2024,tag,2025-12-01,2026-01-01,AI,Artificial Intelligence
29510,Winter 2024,tag,2025-12-01,2026-01-01,AI,Artificial Intelligence
29570,Summer 2024,tag,2025-12-01,2026-01-01,,Artificial Intelligence|B2B|E-commerce|SaaS|Supply Chain
29611,Summer 2024,tag,2025-12-01,2026-01-01,,AI|Digital Health|Healthcare|Machine Learning
29627,Summer 2024,tag,2025-12-01,2026-01-01,Artificial Intelligence,AI
29634,Summer 2024,tag,2025-12-01,2026-01-01,AI,Artificial Intelligence
29646,Summer 2024,tag,2025-12-01,2026-01-01,Artificial Intelligence,AI
29654,Summer 2024,tag,2025-12-01,2026-01-01,Artificial Intelligence,AI
29672,Summer 2024,tag,2025-12-01,2026-01-01,AI,Artificial Intelligence
29685,Summer 2024,tag,2025-12-01,2026-01-01,Artificial Intelligence|Consumer,AI|B2B
29693,Summer 2024,tag,2025-12-01,2026-01-01,AI,Artificial Intelligence
29719,Summer 2024,tag,2025-12-01,2026-01-01,Open Source,AI
29745,Summer 2024,tag,2025-12-01,2026-01-01,Artificial Intelligence,AI
29746,Summer 2024,tag,2025-12-01,2026-01-01,Artificial Intelligence|Home Services,
29786,Summer 2024,tag,2025-12-01,2026-01-01,AI,Artificial Intelligence
29791,Summer 2024,tag,2025-12-01,2026-01-01,Artificial Intelligence,AI
29793,Summer 2024,tag,2025-12-01,2026-01-01,AI,Artificial Intelligence
29807,Summer 2024,tag,2025-12-01,2026-01-01,Artificial Intelligence,AI Assistant|Market Research|Marketplace
29808,Summer 2024,tag,2025-12-01,2026-01-01,AI,Artificial Intelligence
29825,Summer 2024,tag,2025-12-01,2026-01-01,AI|AIOps|Reinforcement Learning,Artificial Intelligence
29957,Summer 2024,tag,2025-12-01,2026-01-01,AI,Artificial Intelligence
29966,Summer 2024,tag,2025-12-01,2026-01-01,Data Engineering|Data Science,AI|Artificial Intelligence|SaaS
29966,Summer 2024,subindustry,2025-12-01,2026-01-01,B2B -> Operations,B2B
29973,Summer 2024,tag,2025-12-01,2026-01-01,AI,Artificial Intelligence
29980,Summer 2024,tag,2025-12-01,2026-01-01,,AI Assistant|Artificial Intelligence|B2B|Documents
29989,Summer 2024,tag,2025-12-01,2026-01-01,Artificial Intelligence,AI
30039,Fall 2024,tag,2025-12-01,2026-01-01,Artificial Intelligence,AI
30048,Fall 2024,tag,2025-12-01,2026-01-01,AI|Marketplace|Recruiting,Artificial Intelligence|Collaboration|Supply Chain
30054,Fall 2024,tag,2025-12-01,2026-01-01,AI|Finance,Artificial Intelligence|Deep Learning
30077,Fall 2024,tag,2025-12-01,2026-01-01,Artificial Intelligence,AI
30101,Fall 2024,tag,2025-12-01,2026-01-01,AI|Robotic Process Automation,B2B|Generative AI
30111,Fall 2024,tag,2025-12-01,2026-01-01,AI-Enhanced Learning|No-code,
30124,Fall 2024,tag,2025-12-01,2026-01-01,AI,Artificial Intelligence
30129,Fall 2024,tag,2025-12-01,2026-01-01,Artificial Intelligence,AI
30176,Winter 2025,tag,2025-12-01,2026-01-01,Artificial Intelligence,AI
30205,Winter 2025,tag,2025-12-01,2026-01-01,Artificial Intelligence,AI
30209,Winter 2025,tag,2025-12-01,2026-01-01,Artificial Intelligence,AI
30210,Winter 2025,industry,2025-12-01,2026-01-01,Industrials,B2B
30210,Winter 2025,subindustry,2025-12-01,2026-01-01,Industrials -> Defense,B2B -> Security
30252,Winter 2025,tag,2025-12-01,2026-01-01,Artificial Intelligence|B2B|Marketing|Sales,
30258,Winter 2025,tag,2025-12-01,2026-01-01,Artificial Intelligence,AI
30266,Winter 2025,tag,2025-12-01,2026-01-01,AI,Artificial Intelligence
30266,Winter 2025,subindustry,2025-12-01,2026-01-01,Healthcare,Healthcare -> Healthcare Services
30276,Winter 2025,tag,2025-12-01,2026-01-01,,Automation|Supply Chain
30276,Winter 2025,industry,2025-12-01,2026-01-01,Industrials,B2B
30276,Winter 2025,subindustry,2025-12-01,2026-01-01,Industrials -> Manufacturing and Robotics,B2B -> Supply Chain and Logistics
30279,Winter 2025,tag,2025-12-01,2026-01-01,Monitoring,Sales
30283,Winter 2025,tag,2025-12-01,2026-01-01,AI,Artificial Intelligence
30288,Winter 2025,tag,2025-12-01,2026-01-01,AI,Artificial Intelligence
30318,Winter 2025,tag,2025-12-01,2026-01-01,AI|E-commerce|Generative AI|Marketing|Retail Tech,
30319,Winter 2025,tag,2025-12-01,2026-01-01,Artificial Intelligence,AI
30329,Spring 2025,tag,2025-12-01,2026-01-01,Consumer,AI-Enhanced Learning|Education
30336,Spring 2025,tag,2025-12-01,2026-01-01,,Automation|Call Center|Compliance|Operations
30357,Winter 2025,tag,2025-12-01,2026-01-01,CRM|Documents|Insurance,
30384,Spring 2025,tag,2025-12-01,2026-01-01,AI,Artificial Intelligence
30406,Spring 2025,tag,2025-12-01,2026-01-01,Analytics|Artificial Intelligence|B2B|Finance,AI|Healthcare
30406,Spring 2025,industry,2025-12-01,2026-01-01,B2B,Healthcare
30406,Spring 2025,subindustry,2025-12-01,2026-01-01,B2B -> Operations,Healthcare -> Healthcare Services
30421,Spring 2025,tag,2025-12-01,2026-01-01,Artificial Intelligence,AI
30439,Spring 2025,tag,2025-12-01,2026-01-01,Artificial Intelligence,AI
30443,Spring 2025,tag,2025-12-01,2026-01-01,Artificial Intelligence|Reinforcement Learning,AI
30444,Spring 2025,tag,2025-12-01,2026-01-01,Artificial Intelligence,AI
30469,Spring 2025,tag,2025-12-01,2026-01-01,Artificial Intelligence|Retail,AI|Hard Tech
30469,Spring 2025,industry,2025-12-01,2026-01-01,B2B,Industrials
30469,Spring 2025,subindustry,2025-12-01,2026-01-01,B2B -> Retail,Industrials -> Manufacturing and Robotics
30479,Spring 2025,tag,2025-12-01,2026-01-01,Artificial Intelligence,AI
30484,Spring 2025,tag,2025-12-01,2026-01-01,Artificial Intelligence,AI
30515,Spring 2025,tag,2025-12-01,2026-01-01,,AI Assistant|Digital Health|SaaS
30521,Spring 2025,tag,2025-12-01,2026-01-01,Reinforcement Learning,
30533,Spring 2025,tag,2025-12-01,2026-01-01,AI|Healthcare|Healthcare IT,Enterprise Software|Generative AI|SaaS
30559,Spring 2025,tag,2025-12-01,2026-01-01,AI,Artificial Intelligence
30561,Spring 2025,tag,2025-12-01,2026-01-01,AI,Artificial Intelligence
30604,Fall 2025,tag,2025-12-01,2026-01-01,,Automation|Deep Learning|Reinforcement Learning|Robotics
30606,Summer 2025,tag,2025-12-01,2026-01-01,Artificial Intelligence,AI
30615,Summer 2025,tag,2025-12-01,2026-01-01,AI,
30616,Summer 2025,tag,2025-12-01,2026-01-01,,Artificial Intelligence
30649,Summer 2025,tag,2025-12-01,2026-01-01,Artificial Intelligence,AI
30653,Summer 2025,tag,2025-12-01,2026-01-01,AI|Legal,Artificial Intelligence
30655,Summer 2025,tag,2025-12-01,2026-01-01,Artificial Intelligence,AI
30660,Summer 2025,tag,2025-12-01,2026-01-01,AI Assistant|Artificial Intelligence,AI|Workflow Automation
30660,Summer 2025,subindustry,2025-12-01,2026-01-01,B2B -> Productivity,B2B -> Operations
30663,Summer 2025,tag,2025-12-01,2026-01-01,AI,Artificial Intelligence|Procurement
30663,Summer 2025,subindustry,2025-12-01,2026-01-01,B2B -> Operations,B2B -> Supply Chain and Logistics
30666,Summer 2025,tag,2025-12-01,2026-01-01,Artificial Intelligence,AI
30677,Summer 2025,tag,2025-12-01,2026-01-01,,Artificial Intelligence|B2B|Legal|LegalTech|SaaS
30684,Summer 2025,tag,2025-12-01,2026-01-01,Artificial Intelligence|Productivity,AI|Procurement
30684,Summer 2025,subindustry,2025-12-01,2026-01-01,B2B,B2B -> Operations
30685,Summer 2025,tag,2025-12-01,2026-01-01,,AI|Construction|Finance|Real Estate|SaaS
30696,Summer 2025,tag,2025-12-01,2026-01-01,Artificial Intelligence,AI
30699,Summer 2025,tag,2025-12-01,2026-01-01,Artificial Intelligence,AI
30708,Summer 2025,subindustry,2025-12-01,2026-01-01,Industrials -> Defense,Industrials -> Drones
30711,Summer 2025,tag,2025-12-01,2026-01-01,Artificial Intelligence,AI
30722,Summer 2025,tag,2025-12-01,2026-01-01,AI,Artificial Intelligence
30725,Summer 2025,tag,2025-12-01,2026-01-01,,Artificial Intelligence|B2B|Customer Support|E-commerce
30731,Summer 2025,tag,2025-12-01,2026-01-01,Artificial Intelligence|Logistics|Supply Chain,AI|Fintech
30731,Summer 2025,industry,2025-12-01,2026-01-01,B2B,Fintech
30731,Summer 2025,subindustry,2025-12-01,2026-01-01,B2B -> Supply Chain and Logistics,Fintech -> Asset Management
30748,Summer 2025,tag,2025-12-01,2026-01-01,Analytics|Big Data,Electronics|Hardware
30748,Summer 2025,industry,2025-12-01,2026-01-01,B2B,Consumer
30748,Summer 2025,subindustry,2025-12-01,2026-01-01,B2B -> Analytics,Consumer -> Consumer Electronics
30750,Fall 2025,tag,2025-12-01,2026-01-01,Artificial Intelligence,AI
30762,Summer 2025,tag,2025-12-01,2026-01-01,AI,Artificial Intelligence
30774,Summer 2025,tag,2025-12-01,2026-01-01,AI Assistant|B2B|Sales,Artificial Intelligence
30774,Summer 2025,subindustry,2025-12-01,2026-01-01,B2B -> Sales,B2B
30782,Summer 2025,tag,2025-12-01,2026-01-01,Artificial Intelligence,
30789,Summer 2025,tag,2025-12-01,2026-01-01,AI,Artificial Intelligence
30797,Summer 2025,tag,2025-12-01,2026-01-01,AI,Artificial Intelligence
30816,Fall 2025,tag,2025-12-01,2026-01-01,AI,Artificial Intelligence
30822,Fall 2025,tag,2025-12-01,2026-01-01,Marketing,SEO
30828,Fall 2025,tag,2025-12-01,2026-01-01,AI,Artificial Intelligence
30835,Fall 2025,tag,2025-12-01,2026-01-01,Artificial Intelligence,AI
30844,Fall 2025,tag,2025-12-01,2026-01-01,Artificial Intelligence,AI
30847,Fall 2025,tag,2025-12-01,2026-01-01,,AI Assistant|Artificial Intelligence|Proptech|Real Estate|SaaS
30861,Fall 2025,tag,2025-12-01,2026-01-01,Artificial Intelligence,AI
30862,Fall 2025,tag,2025-12-01,2026-01-01,AI,Artificial Intelligence
30867,Fall 2025,tag,2025-12-01,2026-01-01,Artificial Intelligence,AI
30868,Fall 2025,tag,2025-12-01,2026-01-01,Hardware|Logistics,
30871,Fall 2025,tag,2025-12-01,2026-01-01,AI,Artificial Intelligence
30875,Fall 2025,tag,2025-12-01,2026-01-01,AI,Artificial Intelligence
30879,Fall 2025,tag,2025-12-01,2026-01-01,,AI|B2B|Enterprise Software
30881,Fall 2025,tag,2025-12-01,2026-01-01,,Aerospace|Rocketry|Satellites|Space Exploration
30882,Fall 2025,tag,2025-12-01,2026-01-01,AI,Artificial Intelligence
30884,Fall 2025,tag,2025-12-01,2026-01-01,,Creator Economy|Generative AI|Video
30891,Fall 2025,tag,2025-12-01,2026-01-01,Artificial Intelligence,AI
30901,Fall 2025,tag,2025-12-01,2026-01-01,AI,Artificial Intelligence
30907,Fall 2025,tag,2025-12-01,2026-01-01,Artificial Intelligence,AI
30911,Fall 2025,tag,2025-12-01,2026-01-01,Artificial Intelligence,AI
30912,Fall 2025,tag,2025-12-01,2026-01-01,AI,Artificial Intelligence
30918,Fall 2025,tag,2025-12-01,2026-01-01,Artificial Intelligence,AI
30920,Fall 2025,tag,2025-12-01,2026-01-01,Artificial Intelligence,AI
30924,Fall 2025,tag,2025-12-01,2026-01-01,Artificial Intelligence,AI
30925,Fall 2025,subindustry,2025-12-01,2026-01-01,Healthcare,Healthcare -> Consumer Health and Wellness
30928,Fall 2025,tag,2025-12-01,2026-01-01,AI,Artificial Intelligence
30929,Fall 2025,tag,2025-12-01,2026-01-01,AI,Artificial Intelligence
30932,Fall 2025,tag,2025-12-01,2026-01-01,AI,Artificial Intelligence
30937,Fall 2025,tag,2025-12-01,2026-01-01,AI,Artificial Intelligence
30946,Fall 2025,tag,2025-12-01,2026-01-01,Artificial Intelligence,AI
30947,Fall 2025,tag,2025-12-01,2026-01-01,AI,Artificial Intelligence
30950,Fall 2025,tag,2025-12-01,2026-01-01,AI|B2B|Sports Tech,Artificial Intelligence|Computational Storage|Infrastructure
30950,Fall 2025,subindustry,2025-12-01,2026-01-01,B2B -> Marketing,B2B -> Infrastructure
30958,Fall 2025,tag,2025-12-01,2026-01-01,,Advertising|Generative AI|Marketing|Video
30959,Fall 2025,tag,2025-12-01,2026-01-01,,Artificial Intelligence|Conversational AI|Speech Recognition
30960,Fall 2025,tag,2025-12-01,2026-01-01,,Developer Tools|Open Source|SaaS
30962,Fall 2025,tag,2025-12-01,2026-01-01,AI,Artificial Intelligence
30964,Fall 2025,tag,2025-12-01,2026-01-01,Artificial Intelligence,AI
30965,Fall 2025,subindustry,2025-12-01,2026-01-01,Industrials -> Defense,Industrials -> Aviation and Space
30966,Fall 2025,tag,2025-12-01,2026-01-01,,Artificial Intelligence|B2B|SaaS|Sales
30972,Fall 2025,tag,2025-12-01,2026-01-01,Artificial Intelligence,AI
30983,Fall 2025,tag,2025-12-01,2026-01-01,,AI|B2B|Customer Success|Customer Support|Hardware
30989,Fall 2025,tag,2025-12-01,2026-01-01,AI,Artificial Intelligence
30992,Fall 2025,tag,2025-12-01,2026-01-01,,Health Insurance|Healthcare IT|Workflow Automation
30993,Fall 2025,tag,2025-12-01,2026-01-01,Artificial Intelligence,AI
30997,Fall 2025,tag,2025-12-01,2026-01-01,Artificial Intelligence,AI
31002,Fall 2025,tag,2025-12-01,2026-01-01,,AI|Automation|Recruiting|Workflow Automation
31121,Winter 2026,tag,2025-12-01,2026-01-01,AI|Architecture|Construction|Enterprise Software,Artificial Intelligence|SaaS|Sales|Sales Enablement
31121,Winter 2026,subindustry,2025-12-01,2026-01-01,B2B,B2B -> Sales
871,Summer 2015,tag,2026-01-01,2026-02-01,E-commerce,E-Commerce
1271,Summer 2016,tag,2026-01-01,2026-02-01,AI Assistant|Artificial Intelligence|Home Services,
1744,Winter 2018,tag,2026-01-01,2026-02-01,Artificial Intelligence,AI
1832,Winter 2018,tag,2026-01-01,2026-02-01,Artificial Intelligence,AI|DAO
1918,Summer 2018,tag,2026-01-01,2026-02-01,AI,Artificial Intelligence
1957,Summer 2018,tag,2026-01-01,2026-02-01,Artificial Intelligence,AI
11895,Winter 2019,tag,2026-01-01,2026-02-01,AI|Manufacturing,
11895,Winter 2019,industry,2026-01-01,2026-02-01,Industrials,B2B
11895,Winter 2019,subindustry,2026-01-01,2026-02-01,Industrials -> Manufacturing and Robotics,B2B -> Operations
12267,Winter 2019,tag,2026-01-01,2026-02-01,Artificial Intelligence|Robotics,
12536,Summer 2019,tag,2026-01-01,2026-02-01,Artificial Intelligence,AI
12542,Summer 2019,tag,2026-01-01,2026-02-01,Artificial Intelligence,AI
13185,Winter 2020,tag,2026-01-01,2026-02-01,,Crypto / Web3
13185,Winter 2020,industry,2026-01-01,2026-02-01,B2B,Fintech
13185,Winter 2020,subindustry,2026-01-01,2026-02-01,B2B,Fintech
13231,Winter 2020,tag,2026-01-01,2026-02-01,AI,Compliance|Cybersecurity|Security
13231,Winter 2020,subindustry,2026-01-01,2026-02-01,B2B,B2B -> Security
21769,Summer 2020,tag,2026-01-01,2026-02-01,Enterprise,API
22835,Winter 2021,tag,2026-01-01,2026-02-01,Artificial Intelligence,AI
22942,Winter 2021,tag,2026-01-01,2026-02-01,Workflow Automation,
23220,Winter 2021,tag,2026-01-01,2026-02-01,AI,Artificial Intelligence
23459,Winter 2021,tag,2026-01-01,2026-02-01,Artificial Intelligence|Automation|Collaboration,Calendar|Note-taking
23776,Summer 2021,tag,2026-01-01,2026-02-01,,B2B|Fintech
23862,Summer 2021,subindustry,2026-01-01,2026-02-01,B2B -> Finance and Accounting,B2B -> Productivity
23954,Winter 2022,tag,2026-01-01,2026-02-01,Artificial Intelligence,AI
24039,Summer 2021,tag,2026-01-01,2026-02-01,AI,Artificial Intelligence|Education
24382,Summer 2021,tag,2026-01-01,2026-02-01,Artificial Intelligence,Enterprise Software
24461,Summer 2021,tag,2026-01-01,2026-02-01,AI,
24571,Summer 2021,tag,2026-01-01,2026-02-01,AI,B2B
24914,Summer 2021,tag,2026-01-01,2026-02-01,Artificial Intelligence,AI
25279,Winter 2022,tag,2026-01-01,2026-02-01,AI,AI Assistant|Artificial Intelligence|CRM
25279,Winter 2022,industry,2026-01-01,2026-02-01,B2B,Consumer
25279,Winter 2022,subindustry,2026-01-01,2026-02-01,B2B,Consumer -> Social
25307,Winter 2022,tag,2026-01-01,2026-02-01,AI,Artificial Intelligence
25332,Winter 2022,subindustry,2026-01-01,2026-02-01,Healthcare,Healthcare -> Consumer Health and Wellness
25356,Winter 2022,tag,2026-01-01,2026-02-01,AI,Artificial Intelligence
25531,Winter 2022,tag,2026-01-01,2026-02-01,AI|AI Assistant,
25531,Winter 2022,subindustry,2026-01-01,2026-02-01,B2B -> Finance and Accounting,B2B -> Office Management
25724,Winter 2022,tag,2026-01-01,2026-02-01,SMB,
25733,Winter 2022,tag,2026-01-01,2026-02-01,AI|Enterprise Software,
25763,Winter 2022,tag,2026-01-01,2026-02-01,AI,Artificial Intelligence
25870,Winter 2022,tag,2026-01-01,2026-02-01,AI,Artificial Intelligence
25969,Winter 2022,tag,2026-01-01,2026-02-01,AI,API|Artificial Intelligence|Machine Learning
25989,Winter 2022,tag,2026-01-01,2026-02-01,AI,Artificial Intelligence
26125,Winter 2022,tag,2026-01-01,2026-02-01,Artificial Intelligence,AI
26138,Winter 2022,industry,2026-01-01,2026-02-01,Real Estate and Construction,Fintech
26138,Winter 2022,subindustry,2026-01-01,2026-02-01,Real Estate and Construction -> Construction,Fintech -> Insurance
26505,Summer 2022,tag,2026-01-01,2026-02-01,AI,Artificial Intelligence
26654,Summer 2022,tag,2026-01-01,2026-02-01,LegalTech|Security,Sales Enablement
26713,Summer 2022,tag,2026-01-01,2026-02-01,AI,Artificial Intelligence
26778,Summer 2022,tag,2026-01-01,2026-02-01,AI,Artificial Intelligence
26851,Summer 2022,tag,2026-01-01,2026-02-01,AI,Artificial Intelligence
26860,Summer 2022,tag,2026-01-01,2026-02-01,Artificial Intelligence,AI
26882,Summer 2022,tag,2026-01-01,2026-02-01,Artificial Intelligence,AI
26912,Summer 2022,tag,2026-01-01,2026-02-01,AI,Artificial Intelligence
27037,Summer 2022,tag,2026-01-01,2026-02-01,AI,Artificial Intelligence
27046,Summer 2022,tag,2026-01-01,2026-02-01,AI|Construction|Real Estate,Neobank
27046,Summer 2022,industry,2026-01-01,2026-02-01,Real Estate and Construction,Fintech
27046,Summer 2022,subindustry,2026-01-01,2026-02-01,Real Estate and Construction -> Housing and Real Estate,Fintech -> Banking and Exchange
27091,Summer 2022,tag,2026-01-01,2026-02-01,,Fintech|Gaming
27248,Summer 2022,tag,2026-01-01,2026-02-01,Artificial Intelligence,AI
27250,Summer 2022,tag,2026-01-01,2026-02-01,Artificial Intelligence,API
27583,Winter 2023,tag,2026-01-01,2026-02-01,AI|Advertising,Artificial Intelligence
27675,Winter 2023,tag,2026-01-01,2026-02-01,,Consumer|Entertainment
27692,Winter 2023,tag,2026-01-01,2026-02-01,Artificial Intelligence,AI
27701,Winter 2023,tag,2026-01-01,2026-02-01,Artificial Intelligence,AI|Entertainment
27870,Winter 2023,tag,2026-01-01,2026-02-01,Artificial Intelligence,AI
28175,Winter 2023,tag,2026-01-01,2026-02-01,Artificial Intelligence,Developer Tools
28183,Winter 2023,tag,2026-01-01,2026-02-01,Artificial Intelligence,AI
28779,Summer 2023,tag,2026-01-01,2026-02-01,AI,Infrastructure
28809,Summer 2023,tag,2026-01-01,2026-02-01,AI|B2B|Compliance|Healthcare|Regtech,
28812,Summer 2023,tag,2026-01-01,2026-02-01,AI,Artificial Intelligence
28821,Summer 2023,tag,2026-01-01,2026-02-01,AI,Artificial Intelligence
28847,Summer 2023,tag,2026-01-01,2026-02-01,Artificial Intelligence,AI
28857,Summer 2023,tag,2026-01-01,2026-02-01,,Sales
28857,Summer 2023,subindustry,2026-01-01,2026-02-01,B2B -> Recruiting and Talent,B2B
28862,Summer 2023,tag,2026-01-01,2026-02-01,AI,Artificial Intelligence
28879,Summer 2023,tag,2026-01-01,2026-02-01,AI,Artificial Intelligence
28927,Summer 2023,industry,2026-01-01,2026-02-01,B2B,Industrials
28927,Summer 2023,subindustry,2026-01-01,2026-02-01,B2B -> Security,Industrials -> Defense
28938,Summer 2023,tag,2026-01-01,2026-02-01,Artificial Intelligence,AI
28938,Summer 2023,industry,2026-01-01,2026-02-01,B2B,Consumer
28938,Summer 2023,subindustry,2026-01-01,2026-02-01,B2B,Consumer -> Gaming
28957,Summer 2023,tag,2026-01-01,2026-02-01,Artificial Intelligence,AI
28971,Summer 2023,tag,2026-01-01,2026-02-01,Banking as a Service|Fintech,
28974,Summer 2023,tag,2026-01-01,2026-02-01,Artificial Intelligence,AI
28976,Summer 2023,tag,2026-01-01,2026-02-01,Artificial Intelligence,AI
29074,Summer 2023,tag,2026-01-01,2026-02-01,AI,Artificial Intelligence
29113,Summer 2023,tag,2026-01-01,2026-02-01,Artificial Intelligence,AI
29161,Fall 2025,tag,2026-01-01,2026-02-01,AI,Artificial Intelligence
29183,Winter 2024,tag,2026-01-01,2026-02-01,Aerospace|Artificial Intelligence|Automotive,
29263,Winter 2024,tag,2026-01-01,2026-02-01,AI,Artificial Intelligence
29286,Winter 2024,tag,2026-01-01,2026-02-01,Artificial Intelligence,AI
29301,Winter 2024,tag,2026-01-01,2026-02-01,AI,Artificial Intelligence
29319,Winter 2024,tag,2026-01-01,2026-02-01,Artificial Intelligence,AI
29327,Summer 2024,tag,2026-01-01,2026-02-01,AI,Artificial Intelligence
29332,Winter 2024,tag,2026-01-01,2026-02-01,Artificial Intelligence|Workflow Automation,Customer Support
29333,Winter 2024,tag,2026-01-01,2026-02-01,Consumer,Creator Economy
29333,Winter 2024,industry,2026-01-01,2026-02-01,B2B,Consumer
29333,Winter 2024,subindustry,2026-01-01,2026-02-01,B2B,Consumer -> Content
29334,Winter 2024,tag,2026-01-01,2026-02-01,Artificial Intelligence,Analytics
29336,Winter 2024,tag,2026-01-01,2026-02-01,Analytics|Food & Beverage|Sales Enablement,
29350,Winter 2024,tag,2026-01-01,2026-02-01,Artificial Intelligence,AI|Climate
29352,Winter 2024,tag,2026-01-01,2026-02-01,AI Assistant|Artificial Intelligence,
29358,Winter 2024,tag,2026-01-01,2026-02-01,AI,Artificial Intelligence
29363,Winter 2024,tag,2026-01-01,2026-02-01,Chatbots|No-code|Team Collaboration|Workflow Automation,Analytics|Developer Tools
29372,Winter 2024,tag,2026-01-01,2026-02-01,,Gaming
29372,Winter 2024,subindustry,2026-01-01,2026-02-01,Consumer,Consumer -> Gaming
29376,Winter 2024,tag,2026-01-01,2026-02-01,AI|Compliance|Workflow Automation,Auto Commerce|Marketplace|Trust & Safety
29376,Winter 2024,subindustry,2026-01-01,2026-02-01,B2B -> Operations,B2B -> Marketing
29395,Winter 2024,tag,2026-01-01,2026-02-01,AI,Artificial Intelligence
29419,Winter 2024,tag,2026-01-01,2026-02-01,Artificial Intelligence,AI
29425,Winter 2024,tag,2026-01-01,2026-02-01,Artificial Intelligence,AI
29443,Winter 2024,tag,2026-01-01,2026-02-01,Digital Health|Fitness|Health & Wellness,Conversational AI
29517,Winter 2024,tag,2026-01-01,2026-02-01,Artificial Intelligence,AI
29527,Winter 2024,tag,2026-01-01,2026-02-01,,Biotech|Drug Delivery|Gene Therapy|Healthcare|Therapeutics
29574,Summer 2024,tag,2026-01-01,2026-02-01,Enterprise Software|HR Tech,Machine Learning
29646,Summer 2024,tag,2026-01-01,2026-02-01,AI,Artificial Intelligence
29690,Summer 2024,tag,2026-01-01,2026-02-01,AI|Finance,Artificial Intelligence
29691,Summer 2024,tag,2026-01-01,2026-02-01,Proptech,
29712,Summer 2024,tag,2026-01-01,2026-02-01,Finance|Healthcare|Insurance,Developer Tools
29727,Winter 2025,tag,2026-01-01,2026-02-01,Artificial Intelligence|Conversational AI|Data Engineering|Data Science,AI|API|Customer Success|Customer Support
29727,Winter 2025,subindustry,2026-01-01,2026-02-01,B2B -> Analytics,B2B -> Productivity
29745,Summer 2024,tag,2026-01-01,2026-02-01,Analytics|Big Data|Data Engineering|Finance,Automation|Developer Tools
29745,Summer 2024,subindustry,2026-01-01,2026-02-01,B2B -> Analytics,"B2B -> Engineering, Product and Design"
29760,Summer 2024,tag,2026-01-01,2026-02-01,Legal|LegalTech,Consumer|Consumer Products|Real Estate
29760,Summer 2024,industry,2026-01-01,2026-02-01,B2B,Real Estate and Construction
29760,Summer 2024,subindustry,2026-01-01,2026-02-01,B2B -> Legal,Real Estate and Construction -> Housing and Real Estate
29765,Summer 2024,tag,2026-01-01,2026-02-01,Artificial Intelligence|Consumer|Generative AI,AI|B2B
29767,Summer 2024,tag,2026-01-01,2026-02-01,AI,Artificial Intelligence
29782,Summer 2024,tag,2026-01-01,2026-02-01,AI,Artificial Intelligence
29805,Summer 2024,tag,2026-01-01,2026-02-01,Artificial Intelligence|Logistics,AI|SaaS
29808,Summer 2024,tag,2026-01-01,2026-02-01,Artificial Intelligence,AI
29824,Summer 2024,tag,2026-01-01,2026-02-01,AI,Artificial Intelligence
29835,Summer 2024,tag,2026-01-01,2026-02-01,Analytics|Big Data,No-code|Workflow Automation
29853,Summer 2024,tag,2026-01-01,2026-02-01,,Consumer Products|Creator Economy|Manufacturing|Procurement|Supply Chain
29987,Summer 2024,tag,2026-01-01,2026-02-01,Artificial Intelligence,AI
30017,Fall 2024,subindustry,2026-01-01,2026-02-01,"B2B -> Engineering, Product and Design",B2B -> Productivity
30019,Fall 2024,tag,2026-01-01,2026-02-01,,Artificial Intelligence|Dental|Generative AI|Health Tech
30024,Fall 2024,subindustry,2026-01-01,2026-02-01,B2B -> Operations,"B2B -> Engineering, Product and Design"
30032,Fall 2024,tag,2026-01-01,2026-02-01,Artificial Intelligence|Consumer|Media|Social Media|Video,AI|Analytics|Big Data|Data Engineering|Data Science
30041,Fall 2024,tag,2026-01-01,2026-02-01,Artificial Intelligence,AI
30043,Fall 2024,tag,2026-01-01,2026-02-01,AI|Documents|Productivity,Health Tech|Healthcare|Healthcare IT
30043,Fall 2024,industry,2026-01-01,2026-02-01,B2B,Healthcare
30043,Fall 2024,subindustry,2026-01-01,2026-02-01,B2B -> Productivity,Healthcare -> Healthcare IT
30046,Fall 2024,tag,2026-01-01,2026-02-01,B2B|Developer Tools|SaaS,
30051,Fall 2024,tag,2026-01-01,2026-02-01,AI,Artificial Intelligence
30101,Fall 2024,tag,2026-01-01,2026-02-01,Artificial Intelligence,AI
30108,Fall 2024,tag,2026-01-01,2026-02-01,Artificial Intelligence,AI
30125,Fall 2024,tag,2026-01-01,2026-02-01,Artificial Intelligence,
30129,Fall 2024,tag,2026-01-01,2026-02-01,AI,Artificial Intelligence
30183,Winter 2025,tag,2026-01-01,2026-02-01,Artificial Intelligence|Consumer,B2B|Conversational AI|Recruiting|SaaS
30243,Winter 2025,tag,2026-01-01,2026-02-01,Artificial Intelligence,AI
30246,Winter 2025,tag,2026-01-01,2026-02-01,Artificial Intelligence|Generative AI,Video
30247,Winter 2025,tag,2026-01-01,2026-02-01,,AI|B2B|Developer Tools|Infrastructure|Reinforcement Learning
30255,Winter 2025,tag,2026-01-01,2026-02-01,Recruiting|Talent Acquisition,Developer Tools
30255,Winter 2025,subindustry,2026-01-01,2026-02-01,B2B -> Recruiting and Talent,"B2B -> Engineering, Product and Design"
30266,Winter 2025,tag,2026-01-01,2026-02-01,Artificial Intelligence,AI
30269,Winter 2025,tag,2026-01-01,2026-02-01,Fintech|Infrastructure,Marketplace
30279,Winter 2025,tag,2026-01-01,2026-02-01,Proptech|Real Estate,Monitoring
30291,Winter 2025,tag,2026-01-01,2026-02-01,AI,Artificial Intelligence|Sales
30291,Winter 2025,subindustry,2026-01-01,2026-02-01,B2B,B2B -> Sales
30292,Winter 2025,tag,2026-01-01,2026-02-01,Artificial Intelligence|FinOps|Finance|Fintech,
30319,Winter 2025,tag,2026-01-01,2026-02-01,API|Developer Tools|Open Source,Artificial Intelligence|Finance|Investments
30319,Winter 2025,subindustry,2026-01-01,2026-02-01,"B2B -> Engineering, Product and Design",B2B
30322,Winter 2025,tag,2026-01-01,2026-02-01,AI,Artificial Intelligence
30362,Summer 2025,tag,2026-01-01,2026-02-01,,AI|B2B|Customer Success|SaaS|Sales
30399,Spring 2025,tag,2026-01-01,2026-02-01,Healthcare IT,Data Labeling
30426,Spring 2025,tag,2026-01-01,2026-02-01,Artificial Intelligence,AI
30429,Spring 2025,tag,2026-01-01,2026-02-01,Healthcare,
30438,Spring 2025,tag,2026-01-01,2026-02-01,Advertising|Marketing,Fintech
30438,Spring 2025,subindustry,2026-01-01,2026-02-01,B2B -> Marketing,B2B -> Operations
30440,Spring 2025,tag,2026-01-01,2026-02-01,AI,Artificial Intelligence
30457,Spring 2025,tag,2026-01-01,2026-02-01,,AI|SaaS|Scheduling
30458,Spring 2025,tag,2026-01-01,2026-02-01,,AI Assistant|Aerospace|Artificial Intelligence|Manufacturing
30465,Spring 2025,tag,2026-01-01,2026-02-01,B2B|Hard Tech|Hardware|Machine Learning|Manufacturing,
30492,Spring 2025,tag,2026-01-01,2026-02-01,Generative AI|Media|Video,AI|Design|Web Development
30497,Spring 2025,tag,2026-01-01,2026-02-01,Artificial Intelligence,AI
30508,Spring 2025,tag,2026-01-01,2026-02-01,,AI|Hard Tech|Quantum Computing
30522,Spring 2025,tag,2026-01-01,2026-02-01,Infrastructure|Marketing,Sales
30540,Spring 2025,tag,2026-01-01,2026-02-01,Manufacturing,
30544,Spring 2025,tag,2026-01-01,2026-02-01,Artificial Intelligence,AI
30547,Spring 2025,tag,2026-01-01,2026-02-01,Artificial Intelligence|Consumer|Social|Social Network,
30554,Spring 2025,tag,2026-01-01,2026-02-01,AI Assistant|Productivity,Generative AI
30591,Fall 2025,tag,2026-01-01,2026-02-01,Artificial Intelligence,AI
30592,Fall 2025,tag,2026-01-01,2026-02-01,,Artificial Intelligence|Automation|Logistics|Retail|Robotic Process Automation
30606,Summer 2025,tag,2026-01-01,2026-02-01,AI,Artificial Intelligence
30620,Winter 2026,tag,2026-01-01,2026-02-01,AI Assistant|Construction|Infrastructure,Artificial Intelligence|DevOps|Developer Tools|Enterprise Software
30620,Winter 2026,industry,2026-01-01,2026-02-01,Real Estate and Construction,B2B
30620,Winter 2026,subindustry,2026-01-01,2026-02-01,Real Estate and Construction -> Construction,"B2B -> Engineering, Product and Design"
30623,Summer 2025,tag,2026-01-01,2026-02-01,AI|Infrastructure,AI Assistant|Health Tech
30626,Summer 2025,tag,2026-01-01,2026-02-01,AI|Cybersecurity,Artificial Intelligence|Construction
30626,Summer 2025,industry,2026-01-01,2026-02-01,B2B,Real Estate and Construction
30626,Summer 2025,subindustry,2026-01-01,2026-02-01,B2B -> Security,Real Estate and Construction -> Construction
30638,Summer 2025,tag,2026-01-01,2026-02-01,Artificial Intelligence,AI
30644,Summer 2025,tag,2026-01-01,2026-02-01,AI,Artificial Intelligence
30664,Summer 2025,tag,2026-01-01,2026-02-01,AI|Manufacturing,Advertising|Artificial Intelligence|Design|Marketing
30664,Summer 2025,subindustry,2026-01-01,2026-02-01,B2B -> Operations,B2B -> Marketing
30665,Summer 2025,tag,2026-01-01,2026-02-01,Enterprise Software|Networks|Open Source,
30669,Summer 2025,tag,2026-01-01,2026-02-01,Email,Workflow Automation
30681,Summer 2025,tag,2026-01-01,2026-02-01,AI|B2B|Health Tech|Healthcare IT|SaaS,
30686,Summer 2025,tag,2026-01-01,2026-02-01,AI,Artificial Intelligence
30688,Summer 2025,tag,2026-01-01,2026-02-01,,AI|AIOps|Generative AI
30696,Summer 2025,tag,2026-01-01,2026-02-01,AI,Artificial Intelligence
30697,Summer 2025,tag,2026-01-01,2026-02-01,Artificial Intelligence,AI|Compliance
30711,Summer 2025,tag,2026-01-01,2026-02-01,,Artificial Intelligence|B2B|Enterprise Software|Productivity
30712,Summer 2025,tag,2026-01-01,2026-02-01,AI,Artificial Intelligence|Infrastructure
30722,Summer 2025,tag,2026-01-01,2026-02-01,Developer Tools,AIOps
30722,Summer 2025,subindustry,2026-01-01,2026-02-01,"B2B -> Engineering, Product and Design",B2B
30732,Summer 2025,tag,2026-01-01,2026-02-01,Artificial Intelligence,AI
30747,Summer 2025,tag,2026-01-01,2026-02-01,,AI-powered Drug Discovery|Artificial Intelligence|Biotech
30756,Summer 2025,tag,2026-01-01,2026-02-01,AI,Artificial Intelligence
30769,Summer 2025,tag,2026-01-01,2026-02-01,,Computer Vision|Indoor Mapping|ML
30774,Summer 2025,tag,2026-01-01,2026-02-01,Artificial Intelligence,AI
30789,Summer 2025,tag,2026-01-01,2026-02-01,Artificial Intelligence,AI
30805,Summer 2025,tag,2026-01-01,2026-02-01,AI,Artificial Intelligence
30818,Summer 2025,tag,2026-01-01,2026-02-01,Manufacturing,
30832,Summer 2025,tag,2026-01-01,2026-02-01,AI,Artificial Intelligence
30835,Fall 2025,tag,2026-01-01,2026-02-01,AI Assistant|Machine Learning,SaaS
30845,Fall 2025,tag,2026-01-01,2026-02-01,AI,Artificial Intelligence
30854,Fall 2025,tag,2026-01-01,2026-02-01,Artificial Intelligence,AI
30857,Fall 2025,tag,2026-01-01,2026-02-01,AI,Artificial Intelligence
30861,Fall 2025,tag,2026-01-01,2026-02-01,,Artificial Intelligence|Productivity|SaaS|Workflow Automation
30875,Fall 2025,tag,2026-01-01,2026-02-01,Artificial Intelligence,AI
30877,Fall 2025,tag,2026-01-01,2026-02-01,,B2B|Enterprise Software|Sales|Sales Enablement
30890,Fall 2025,tag,2026-01-01,2026-02-01,,AI-Enhanced Learning|Education
30891,Fall 2025,tag,2026-01-01,2026-02-01,,Artificial Intelligence|Cloud Computing|Machine Learning|Open Source
30911,Fall 2025,tag,2026-01-01,2026-02-01,AI,Artificial Intelligence
30919,Fall 2025,tag,2026-01-01,2026-02-01,AI,Artificial Intelligence
30927,Winter 2026,tag,2026-01-01,2026-02-01,Artificial Intelligence,AI
30933,Fall 2025,tag,2026-01-01,2026-02-01,,Computer Vision|Health Tech|Machine Learning
30944,Fall 2025,tag,2026-01-01,2026-02-01,AI,Artificial Intelligence
30945,Fall 2025,tag,2026-01-01,2026-02-01,,Artificial Intelligence|Enterprise|FinOps|Finance
30948,Fall 2025,tag,2026-01-01,2026-02-01,,B2B|Developer Tools|SaaS
30958,Fall 2025,tag,2026-01-01,2026-02-01,Advertising|Generative AI|Marketing|Media|Video,
30962,Fall 2025,tag,2026-01-01,2026-02-01,Artificial Intelligence,AI
30964,Fall 2025,tag,2026-01-01,2026-02-01,,Artificial Intelligence|Fintech
30965,Fall 2025,tag,2026-01-01,2026-02-01,,Swarm Robotics
30967,Fall 2025,tag,2026-01-01,2026-02-01,,AI|Enterprise Software|SaaS|Workflow Automation
30975,Fall 2025,tag,2026-01-01,2026-02-01,,Artificial Intelligence|B2B|Developer Tools|Infrastructure
30989,Fall 2025,tag,2026-01-01,2026-02-01,Artificial Intelligence,AI
30995,Fall 2025,tag,2026-01-01,2026-02-01,Artificial Intelligence,AI
31002,Fall 2025,tag,2026-01-01,2026-02-01,Artificial Intelligence,
31004,Fall 2025,tag,2026-01-01,2026-02-01,,Developer Tools|Fintech
31030,Winter 2026,tag,2026-01-01,2026-02-01,Enterprise Software,Machine Learning|Reinforcement Learning
31051,Winter 2026,tag,2026-01-01,2026-02-01,AI|Supply Chain,
31062,Winter 2026,tag,2026-01-01,2026-02-01,Artificial Intelligence,AI
31077,Winter 2026,tag,2026-01-01,2026-02-01,AI,Artificial Intelligence
31080,Winter 2026,tag,2026-01-01,2026-02-01,Artificial Intelligence,AI
31101,Winter 2026,tag,2026-01-01,2026-02-01,Artificial Intelligence,AI
31112,Winter 2026,tag,2026-01-01,2026-02-01,AI,Artificial Intelligence
31130,Winter 2026,tag,2026-01-01,2026-02-01,LegalTech,
31141,Winter 2026,tag,2026-01-01,2026-02-01,Maritime,
31183,Winter 2026,tag,2026-01-01,2026-02-01,AI Assistant,
31200,Winter 2026,tag,2026-01-01,2026-02-01,AI,Artificial Intelligence|CRM
31212,Winter 2026,tag,2026-01-01,2026-02-01,Artificial Intelligence,AI
31214,Winter 2026,tag,2026-01-01,2026-02-01,AI,Artificial Intelligence
31215,Winter 2026,tag,2026-01-01,2026-02-01,AI|Operations,Artificial Intelligence|Developer Tools
31223,Winter 2026,tag,2026-01-01,2026-02-01,Market Research,Data Labeling
31223,Winter 2026,subindustry,2026-01-01,2026-02-01,B2B,"B2B -> Engineering, Product and Design"
31230,Winter 2026,tag,2026-01-01,2026-02-01,AI|SaaS,Artificial Intelligence
493,Winter 2013,tag,2026-02-01,2026-05-04,AI,Artificial Intelligence
677,Summer 2014,tag,2026-02-01,2026-05-04,Consumer,
703,Summer 2014,subindustry,2026-02-01,2026-05-04,B2B -> Sales,B2B -> Recruiting and Talent
797,Winter 2015,tag,2026-02-01,2026-05-04,AI,Metaverse
913,Summer 2015,subindustry,2026-02-01,2026-05-04,Fintech,Fintech -> Credit and Lending
1018,Winter 2016,tag,2026-02-01,2026-05-04,Operations,CRM
1455,Winter 2017,subindustry,2026-02-01,2026-05-04,Healthcare -> Healthcare Services,Healthcare -> Consumer Health and Wellness
1461,Winter 2017,tag,2026-02-01,2026-05-04,Artificial Intelligence,AI
1498,Winter 2017,tag,2026-02-01,2026-05-04,Finance,
1510,Winter 2017,tag,2026-02-01,2026-05-04,Cloud Computing|DevOps,Email|Marketing
1548,Winter 2012,tag,2026-02-01,2026-05-04,Artificial Intelligence,AI
1703,Summer 2017,tag,2026-02-01,2026-05-04,AI,Artificial Intelligence
1826,Winter 2018,tag,2026-02-01,2026-05-04,Artificial Intelligence|Conversational AI,NLP|Speech Recognition
1832,Winter 2018,tag,2026-02-01,2026-05-04,AI,Artificial Intelligence
1871,Winter 2018,tag,2026-02-01,2026-05-04,AI,Artificial Intelligence
1891,Summer 2018,tag,2026-02-01,2026-05-04,Artificial Intelligence|ML,AI|Machine Learning|SaaS
1970,Summer 2018,tag,2026-02-01,2026-05-04,AI,Artificial Intelligence
2014,Summer 2018,subindustry,2026-02-01,2026-05-04,B2B -> Sales,B2B -> Marketing
2025,Summer 2018,tag,2026-02-01,2026-05-04,Generative AI,Consumer Products
2025,Summer 2018,industry,2026-02-01,2026-05-04,Healthcare,Consumer
2025,Summer 2018,subindustry,2026-02-01,2026-05-04,Healthcare -> Consumer Health and Wellness,Consumer -> Home and Personal
2026,Summer 2018,tag,2026-02-01,2026-05-04,AI Assistant,
11960,Winter 2019,tag,2026-02-01,2026-05-04,Collaboration|Team Collaboration,Enterprise
11975,Winter 2019,tag,2026-02-01,2026-05-04,AI,Artificial Intelligence
12042,Winter 2019,tag,2026-02-01,2026-05-04,Artificial Intelligence|Health Tech,AI|Healthcare IT|Marketplace
12256,Winter 2019,tag,2026-02-01,2026-05-04,Artificial Intelligence|B2B|Developer Tools|Enterprise Software,
12283,Winter 2019,tag,2026-02-01,2026-05-04,Artificial Intelligence|Insurance|Travel,AI|B2B
12553,Summer 2019,tag,2026-02-01,2026-05-04,Hard Tech|Neurotechnology|Robotics,Consumer|Fitness|Health & Wellness|Sports Tech
12553,Summer 2019,industry,2026-02-01,2026-05-04,B2B,Healthcare
12553,Summer 2019,subindustry,2026-02-01,2026-05-04,B2B,Healthcare -> Consumer Health and Wellness
12643,Summer 2019,tag,2026-02-01,2026-05-04,Recruiting,
12648,Summer 2019,tag,2026-02-01,2026-05-04,HR Tech|Marketplace|Talent Acquisition,Recruiting
12863,Summer 2019,tag,2026-02-01,2026-05-04,AI,Artificial Intelligence
12974,Winter 2020,tag,2026-02-01,2026-05-04,AI,API
13141,Winter 2020,tag,2026-02-01,2026-05-04,Artificial Intelligence,AI
13143,Winter 2020,tag,2026-02-01,2026-05-04,AI,Artificial Intelligence|E-commerce|Marketplace
13143,Winter 2020,industry,2026-02-01,2026-05-04,B2B,Consumer
13143,Winter 2020,subindustry,2026-02-01,2026-05-04,B2B -> Productivity,Consumer
13265,Winter 2020,tag,2026-02-01,2026-05-04,Artificial Intelligence|Finance,API
13265,Winter 2020,subindustry,2026-02-01,2026-05-04,B2B -> Finance and Accounting,"B2B -> Engineering, Product and Design"
13519,Winter 2020,tag,2026-02-01,2026-05-04,Artificial Intelligence,AI
21769,Summer 2020,tag,2026-02-01,2026-05-04,AI,Artificial Intelligence
21828,Summer 2020,tag,2026-02-01,2026-05-04,,SaaS
21828,Summer 2020,industry,2026-02-01,2026-05-04,Consumer,B2B
21828,Summer 2020,subindustry,2026-02-01,2026-05-04,Consumer,B2B -> Retail
22124,Summer 2020,tag,2026-02-01,2026-05-04,Artificial Intelligence|Fintech,
22196,Summer 2020,tag,2026-02-01,2026-05-04,Consumer Finance|Fintech|Travel,B2B|Data Science|Healthcare|Synthetic Biology
22196,Summer 2020,industry,2026-02-01,2026-05-04,Fintech,Healthcare
22196,Summer 2020,subindustry,2026-02-01,2026-05-04,Fintech -> Insurance,Healthcare -> Healthcare IT
22627,Winter 2021,tag,2026-02-01,2026-05-04,Artificial Intelligence,AI
22717,Winter 2021,tag,2026-02-01,2026-05-04,AI,Artificial Intelligence
22744,Winter 2021,tag,2026-02-01,2026-05-04,Enterprise Software|Infrastructure|Robotics,AI|Computer Vision|Developer Tools
22781,Winter 2021,tag,2026-02-01,2026-05-04,Artificial Intelligence,AI
22785,Winter 2021,tag,2026-02-01,2026-05-04,Artificial Intelligence,AI
22790,Winter 2021,tag,2026-02-01,2026-05-04,Artificial Intelligence,AI
22790,Winter 2021,subindustry,2026-02-01,2026-05-04,B2B -> Legal,B2B -> Productivity
22840,Winter 2021,tag,2026-02-01,2026-05-04,Digital Health|Healthcare,Consumer Health Services
22879,Winter 2021,tag,2026-02-01,2026-05-04,AI|Note-taking|Productivity,
22880,Winter 2021,tag,2026-02-01,2026-05-04,Video,
22880,Winter 2021,industry,2026-02-01,2026-05-04,B2B,Consumer
22880,Winter 2021,subindustry,2026-02-01,2026-05-04,B2B -> Infrastructure,Consumer -> Content
22906,Winter 2021,tag,2026-02-01,2026-05-04,AI|Finance,Analytics|Fintech|SaaS
23017,Winter 2021,tag,2026-02-01,2026-05-04,Artificial Intelligence,AI
23075,Winter 2021,tag,2026-02-01,2026-05-04,Artificial Intelligence,Fintech|Lending
23075,Winter 2021,subindustry,2026-02-01,2026-05-04,Fintech,Fintech -> Credit and Lending
23105,Winter 2021,tag,2026-02-01,2026-05-04,Artificial Intelligence,AI|Compliance|Finance
23105,Winter 2021,subindustry,2026-02-01,2026-05-04,B2B -> Retail,"B2B -> Engineering, Product and Design"
23301,Winter 2021,tag,2026-02-01,2026-05-04,,Design Tools|Developer Tools|SaaS
23357,Winter 2021,tag,2026-02-01,2026-05-04,Subscriptions,B2B|SaaS
23389,Winter 2021,tag,2026-02-01,2026-05-04,AI,SaaS
23530,Winter 2021,tag,2026-02-01,2026-05-04,AI Assistant|Artificial Intelligence,Data Visualization|Enterprise
23629,Winter 2021,tag,2026-02-01,2026-05-04,Developer Tools,Operations
23629,Winter 2021,subindustry,2026-02-01,2026-05-04,B2B,B2B -> Operations
23946,Summer 2021,tag,2026-02-01,2026-05-04,AI,Artificial Intelligence
23958,Summer 2021,tag,2026-02-01,2026-05-04,Finance,Developer Tools
24064,Summer 2021,tag,2026-02-01,2026-05-04,Artificial Intelligence,AI
24130,Summer 2021,tag,2026-02-01,2026-05-04,Health Insurance,Telehealth
24135,Summer 2021,tag,2026-02-01,2026-05-04,Artificial Intelligence,Fintech
24135,Summer 2021,industry,2026-02-01,2026-05-04,B2B,Fintech
24135,Summer 2021,subindustry,2026-02-01,2026-05-04,B2B,Fintech -> Consumer Finance
24137,Summer 2021,tag,2026-02-01,2026-05-04,AI Assistant|Artificial Intelligence|Chatbot|Consumer|Retail,B2B|E-commerce|SaaS
24137,Summer 2021,industry,2026-02-01,2026-05-04,Consumer,B2B
24137,Summer 2021,subindustry,2026-02-01,2026-05-04,Consumer -> Apparel and Cosmetics,B2B -> Sales
24141,Summer 2021,tag,2026-02-01,2026-05-04,API|Artificial Intelligence|Developer Tools,B2B|E-commerce|SaaS
24153,Summer 2021,tag,2026-02-01,2026-05-04,Artificial Intelligence,AI
24206,Summer 2021,tag,2026-02-01,2026-05-04,AI,Artificial Intelligence
24292,Summer 2021,industry,2026-02-01,2026-05-04,B2B,Consumer
24292,Summer 2021,subindustry,2026-02-01,2026-05-04,B2B,Consumer
24382,Summer 2021,tag,2026-02-01,2026-05-04,AI|Cybersecurity,Artificial Intelligence|Consumer|Security
24382,Summer 2021,industry,2026-02-01,2026-05-04,B2B,Industrials
24382,Summer 2021,subindustry,2026-02-01,2026-05-04,B2B -> Security,Industrials -> Defense
24391,Summer 2021,tag,2026-02-01,2026-05-04,Market Research,AI|NLP
24395,Summer 2021,tag,2026-02-01,2026-05-04,AI,Artificial Intelligence
24404,Summer 2021,tag,2026-02-01,2026-05-04,Artificial Intelligence,AI
24461,Summer 2021,tag,2026-02-01,2026-05-04,Artificial Intelligence,AI
24551,Summer 2021,tag,2026-02-01,2026-05-04,Artificial Intelligence|Design Tools,AI
24571,Summer 2021,tag,2026-02-01,2026-05-04,Artificial Intelligence,AI
24603,Summer 2021,tag,2026-02-01,2026-05-04,AI,Artificial Intelligence
24727,Summer 2021,tag,2026-02-01,2026-05-04,Artificial Intelligence,
24817,Summer 2021,tag,2026-02-01,2026-05-04,AI,Artificial Intelligence
24820,Summer 2021,tag,2026-02-01,2026-05-04,Artificial Intelligence,AI|AI-powered Drug Discovery
24820,Summer 2021,subindustry,2026-02-01,2026-05-04,Healthcare -> Diagnostics,Healthcare -> Therapeutics
24893,Summer 2021,tag,2026-02-01,2026-05-04,AI|Developer Tools,Artificial Intelligence
25279,Winter 2022,tag,2026-02-01,2026-05-04,,Social Network
25306,Winter 2022,tag,2026-02-01,2026-05-04,AI|Security,Artificial Intelligence|Developer Tools|Gaming
25306,Winter 2022,industry,2026-02-01,2026-05-04,B2B,Consumer
25306,Winter 2022,subindustry,2026-02-01,2026-05-04,B2B,Consumer -> Gaming
25338,Winter 2022,tag,2026-02-01,2026-05-04,Enterprise,Artificial Intelligence|Infrastructure
25339,Winter 2022,tag,2026-02-01,2026-05-04,Artificial Intelligence,Marketplace|Travel
25339,Winter 2022,subindustry,2026-02-01,2026-05-04,Consumer,"Consumer -> Travel, Leisure and Tourism"
25363,Winter 2022,tag,2026-02-01,2026-05-04,AI,Artificial Intelligence
25363,Winter 2022,subindustry,2026-02-01,2026-05-04,Consumer -> Social,Consumer -> Virtual and Augmented Reality
25402,Winter 2022,tag,2026-02-01,2026-05-04,AI,Artificial Intelligence
25511,Winter 2022,tag,2026-02-01,2026-05-04,Artificial Intelligence,AI
25603,Winter 2022,tag,2026-02-01,2026-05-04,Artificial Intelligence|Marketing,AI|Generative AI
25603,Winter 2022,industry,2026-02-01,2026-05-04,B2B,Consumer
25603,Winter 2022,subindustry,2026-02-01,2026-05-04,B2B -> Marketing,Consumer -> Gaming
25647,Winter 2022,tag,2026-02-01,2026-05-04,AI,
25663,Winter 2022,tag,2026-02-01,2026-05-04,Artificial Intelligence|Compliance,API|Remote Work
25679,Winter 2022,tag,2026-02-01,2026-05-04,,Customer Support
25724,Winter 2022,tag,2026-02-01,2026-05-04,AI|Marketing,Artificial Intelligence|Productivity
25724,Winter 2022,subindustry,2026-02-01,2026-05-04,B2B -> Marketing,B2B -> Operations
25776,Winter 2022,tag,2026-02-01,2026-05-04,Payments|Remittances,
25787,Winter 2022,tag,2026-02-01,2026-05-04,E-commerce,Sports Tech
25787,Winter 2022,industry,2026-02-01,2026-05-04,Consumer,Fintech
25787,Winter 2022,subindustry,2026-02-01,2026-05-04,Consumer,Fintech -> Asset Management
25948,Winter 2022,tag,2026-02-01,2026-05-04,AI|Data Labeling|Payments,Developer Tools
25948,Winter 2022,industry,2026-02-01,2026-05-04,Fintech,B2B
25948,Winter 2022,subindustry,2026-02-01,2026-05-04,Fintech,"B2B -> Engineering, Product and Design"
25954,Winter 2022,tag,2026-02-01,2026-05-04,Gaming,
25995,Winter 2022,tag,2026-02-01,2026-05-04,AI,Artificial Intelligence
26015,Winter 2022,tag,2026-02-01,2026-05-04,Cybersecurity,Health Insurance|Healthcare IT
26019,Winter 2022,tag,2026-02-01,2026-05-04,AI|Trading,
26134,Winter 2022,tag,2026-02-01,2026-05-04,Aerospace|Airplanes|Electric Vehicles|Energy|Hydrogen Energy,
26296,Winter 2022,tag,2026-02-01,2026-05-04,Artificial Intelligence,AI
26307,Winter 2022,tag,2026-02-01,2026-05-04,Marketing|Social,Fintech
26307,Winter 2022,subindustry,2026-02-01,2026-05-04,B2B -> Marketing,B2B -> Productivity
26655,Summer 2022,tag,2026-02-01,2026-05-04,Developer Tools,
26662,Summer 2022,tag,2026-02-01,2026-05-04,Artificial Intelligence,AI
26670,Summer 2022,tag,2026-02-01,2026-05-04,AI,Artificial Intelligence
26693,Summer 2022,tag,2026-02-01,2026-05-04,Artificial Intelligence,AI|Chat
26724,Summer 2022,tag,2026-02-01,2026-05-04,,Neobank
26730,Summer 2022,tag,2026-02-01,2026-05-04,Artificial Intelligence,AI
26733,Summer 2022,tag,2026-02-01,2026-05-04,Artificial Intelligence,AI|Transportation
26733,Summer 2022,subindustry,2026-02-01,2026-05-04,B2B,B2B -> Supply Chain and Logistics
26737,Summer 2022,tag,2026-02-01,2026-05-04,Artificial Intelligence,
26740,Summer 2022,tag,2026-02-01,2026-05-04,Operations|Productivity,
26740,Summer 2022,industry,2026-02-01,2026-05-04,B2B,Fintech
26740,Summer 2022,subindustry,2026-02-01,2026-05-04,B2B -> Productivity,Fintech -> Payments
26749,Summer 2022,tag,2026-02-01,2026-05-04,Compliance|Fraud Detection,Finance|Open Source
26756,Summer 2022,tag,2026-02-01,2026-05-04,AI Assistant|Artificial Intelligence|Productivity,AI|Data Engineering|Databases
26776,Summer 2022,tag,2026-02-01,2026-05-04,Artificial Intelligence|Fraud Detection|Fraud Prevention,AI|SaaS|Supply Chain
26800,Summer 2022,tag,2026-02-01,2026-05-04,Artificial Intelligence,AI
26825,Summer 2022,tag,2026-02-01,2026-05-04,Fintech,Real Estate
26851,Summer 2022,tag,2026-02-01,2026-05-04,Artificial Intelligence|Open Source,AI|Generative AI|SaaS
26851,Summer 2022,subindustry,2026-02-01,2026-05-04,"B2B -> Engineering, Product and Design",B2B
26859,Summer 2022,tag,2026-02-01,2026-05-04,Artificial Intelligence,AI|Machine Learning
26885,Summer 2022,tag,2026-02-01,2026-05-04,Artificial Intelligence,AI
26897,Summer 2022,tag,2026-02-01,2026-05-04,AI,Artificial Intelligence
27037,Summer 2022,tag,2026-02-01,2026-05-04,Artificial Intelligence,AI
27046,Summer 2022,tag,2026-02-01,2026-05-04,Artificial Intelligence,AI|Construction|Real Estate
27046,Summer 2022,industry,2026-02-01,2026-05-04,B2B,Real Estate and Construction
27046,Summer 2022,subindustry,2026-02-01,2026-05-04,B2B,Real Estate and Construction -> Housing and Real Estate
27108,Summer 2022,tag,2026-02-01,2026-05-04,Analytics|Artificial Intelligence|Data Engineering,AI
27108,Summer 2022,subindustry,2026-02-01,2026-05-04,B2B -> Operations,B2B
27152,Summer 2022,tag,2026-02-01,2026-05-04,AI,Artificial Intelligence
27154,Summer 2022,tag,2026-02-01,2026-05-04,,E-commerce
27172,Summer 2022,tag,2026-02-01,2026-05-04,Automotive,Developer Tools
27219,Summer 2022,tag,2026-02-01,2026-05-04,Housing|Marketplace|Real Estate,Fintech|Neobank|Payments
27219,Summer 2022,industry,2026-02-01,2026-05-04,Real Estate and Construction,Fintech
27219,Summer 2022,subindustry,2026-02-01,2026-05-04,Real Estate and Construction -> Housing and Real Estate,Fintech -> Banking and Exchange
27250,Summer 2022,subindustry,2026-02-01,2026-05-04,Fintech,Fintech -> Insurance
27255,Summer 2022,tag,2026-02-01,2026-05-04,AI,Artificial Intelligence
27492,Winter 2023,tag,2026-02-01,2026-05-04,AI,Artificial Intelligence|Video
27492,Winter 2023,industry,2026-02-01,2026-05-04,B2B,Consumer
27492,Winter 2023,subindustry,2026-02-01,2026-05-04,B2B -> Operations,Consumer
27667,Winter 2023,tag,2026-02-01,2026-05-04,AI,Artificial Intelligence
27673,Winter 2023,tag,2026-02-01,2026-05-04,Artificial Intelligence,AI
27685,Winter 2023,tag,2026-02-01,2026-05-04,Marketing|Social Media,Customer Support
27685,Winter 2023,subindustry,2026-02-01,2026-05-04,B2B -> Marketing,"B2B -> Engineering, Product and Design"
27690,Winter 2023,tag,2026-02-01,2026-05-04,Artificial Intelligence,AI
27696,Winter 2023,tag,2026-02-01,2026-05-04,Artificial Intelligence,AI
27714,Winter 2023,tag,2026-02-01,2026-05-04,AI,Artificial Intelligence
27735,Winter 2023,tag,2026-02-01,2026-05-04,Compliance|Finance|Fintech,
27762,Winter 2023,tag,2026-02-01,2026-05-04,Artificial Intelligence,
27762,Winter 2023,subindustry,2026-02-01,2026-05-04,Industrials,Industrials -> Energy
27766,Winter 2023,tag,2026-02-01,2026-05-04,Artificial Intelligence,
27806,Winter 2023,tag,2026-02-01,2026-05-04,,B2B|E-commerce|Fintech|Neobank|SaaS
27814,Winter 2023,tag,2026-02-01,2026-05-04,,B2B|Logistics|SaaS
27814,Winter 2023,subindustry,2026-02-01,2026-05-04,"B2B -> Engineering, Product and Design",B2B -> Productivity
27828,Winter 2023,tag,2026-02-01,2026-05-04,AI,Artificial Intelligence
27839,Winter 2023,tag,2026-02-01,2026-05-04,Artificial Intelligence,AI
27843,Winter 2023,tag,2026-02-01,2026-05-04,AI Assistant|Marketing|Sales,AIOps|Machine Learning
27843,Winter 2023,subindustry,2026-02-01,2026-05-04,B2B -> Marketing,"B2B -> Engineering, Product and Design"
27871,Winter 2023,tag,2026-02-01,2026-05-04,AI,Artificial Intelligence
27875,Winter 2023,tag,2026-02-01,2026-05-04,Artificial Intelligence,AI
27902,Winter 2023,tag,2026-02-01,2026-05-04,AI|Crypto / Web3|Cryptocurrency|Open Source,Artificial Intelligence|Compliance|Developer Tools|Productivity|Security
27902,Winter 2023,subindustry,2026-02-01,2026-05-04,B2B -> Infrastructure,B2B
27926,Winter 2023,tag,2026-02-01,2026-05-04,AI,Artificial Intelligence
27935,Winter 2023,tag,2026-02-01,2026-05-04,,Cybersecurity|Generative AI
27943,Winter 2023,tag,2026-02-01,2026-05-04,AI,Artificial Intelligence
28069,Winter 2023,tag,2026-02-01,2026-05-04,AI,Artificial Intelligence
28072,Winter 2023,tag,2026-02-01,2026-05-04,AI,Fintech|Proptech
28072,Winter 2023,industry,2026-02-01,2026-05-04,B2B,Real Estate and Construction
28072,Winter 2023,subindustry,2026-02-01,2026-05-04,B2B,Real Estate and Construction -> Housing and Real Estate
28089,Winter 2023,tag,2026-02-01,2026-05-04,Artificial Intelligence|Fintech,AI|Developer Tools|Manufacturing
28098,Winter 2023,tag,2026-02-01,2026-05-04,,API|Developer Tools|Email|Messaging
28110,Winter 2023,tag,2026-02-01,2026-05-04,Artificial Intelligence,Transportation
28127,Winter 2023,tag,2026-02-01,2026-05-04,Artificial Intelligence,AI
28329,Winter 2023,tag,2026-02-01,2026-05-04,Artificial Intelligence|Consumer,AI|Marketing
28329,Winter 2023,industry,2026-02-01,2026-05-04,Consumer,B2B
28329,Winter 2023,subindustry,2026-02-01,2026-05-04,Consumer -> Content,B2B -> Productivity
28409,Winter 2023,tag,2026-02-01,2026-05-04,AI,Artificial Intelligence
28744,Summer 2023,tag,2026-02-01,2026-05-04,Artificial Intelligence,AI
28745,Summer 2023,industry,2026-02-01,2026-05-04,Industrials,B2B
28745,Summer 2023,subindustry,2026-02-01,2026-05-04,Industrials -> Energy,B2B
28786,Summer 2023,tag,2026-02-01,2026-05-04,AI|Finance|Fintech|Generative AI,
28805,Summer 2023,tag,2026-02-01,2026-05-04,AI,Artificial Intelligence
28809,Summer 2023,tag,2026-02-01,2026-05-04,Artificial Intelligence,AI
28811,Summer 2023,tag,2026-02-01,2026-05-04,AI,Artificial Intelligence
28818,Summer 2023,tag,2026-02-01,2026-05-04,AI,Generative AI
28824,Summer 2023,tag,2026-02-01,2026-05-04,,AI|B2B|Enterprise Software|Generative AI|Procurement
28839,Summer 2023,tag,2026-02-01,2026-05-04,Artificial Intelligence,AI
28841,Summer 2023,tag,2026-02-01,2026-05-04,AI|Computer Vision|Hard Tech,Artificial Intelligence|B2B|Design|Media|Productivity
28845,Summer 2023,tag,2026-02-01,2026-05-04,AI,Artificial Intelligence
28867,Summer 2023,tag,2026-02-01,2026-05-04,AI|Health Tech|Healthcare IT,Artificial Intelligence|Computer Vision|Generative AI
28879,Winter 2026,tag,2026-02-01,2026-05-04,,AI|AI Assistant|Data Visualization
28884,Summer 2023,tag,2026-02-01,2026-05-04,B2B|Sales,Automation|Enterprise|Enterprise Software
28884,Summer 2023,subindustry,2026-02-01,2026-05-04,B2B -> Sales,B2B
28886,Summer 2023,tag,2026-02-01,2026-05-04,AI,Artificial Intelligence
28887,Summer 2023,tag,2026-02-01,2026-05-04,Artificial Intelligence,AI
28890,Summer 2023,tag,2026-02-01,2026-05-04,SaaS,Billing|Messaging
28891,Summer 2023,tag,2026-02-01,2026-05-04,Machine Learning,Computer Vision
28921,Summer 2023,tag,2026-02-01,2026-05-04,AI,Artificial Intelligence
28930,Summer 2023,tag,2026-02-01,2026-05-04,AI|Design|Design Tools|Marketing,Developer Tools|Open Source
28938,Summer 2023,tag,2026-02-01,2026-05-04,AI,Artificial Intelligence
28957,Summer 2023,tag,2026-02-01,2026-05-04,AI|DevOps,Machine Learning|Open Source
28958,Summer 2023,tag,2026-02-01,2026-05-04,Computer Vision|Security,Analytics|SaaS
28958,Summer 2023,subindustry,2026-02-01,2026-05-04,B2B -> Security,B2B -> Productivity
28976,Summer 2023,tag,2026-02-01,2026-05-04,AI,Artificial Intelligence
28992,Summer 2023,tag,2026-02-01,2026-05-04,Artificial Intelligence,AI
29082,Summer 2023,tag,2026-02-01,2026-05-04,Artificial Intelligence,AI
29085,Summer 2023,industry,2026-02-01,2026-05-04,Healthcare,B2B
29085,Summer 2023,subindustry,2026-02-01,2026-05-04,Healthcare -> Healthcare IT,B2B -> Finance and Accounting
29086,Summer 2023,tag,2026-02-01,2026-05-04,Fintech|Infrastructure,Health & Wellness|Insurance
29088,Summer 2023,tag,2026-02-01,2026-05-04,Artificial Intelligence,AI
29092,Summer 2023,tag,2026-02-01,2026-05-04,Artificial Intelligence,AI
29103,Summer 2023,tag,2026-02-01,2026-05-04,Artificial Intelligence,AI Assistant|SaaS
29118,Summer 2023,tag,2026-02-01,2026-05-04,Artificial Intelligence,AI
29120,Summer 2023,subindustry,2026-02-01,2026-05-04,B2B -> Infrastructure,B2B
29134,Summer 2023,tag,2026-02-01,2026-05-04,AI Assistant|AIOps|Artificial Intelligence,AI|Health Tech|Healthcare IT
29134,Summer 2023,industry,2026-02-01,2026-05-04,Industrials,Healthcare
29134,Summer 2023,subindustry,2026-02-01,2026-05-04,Industrials,Healthcare
29137,Summer 2023,tag,2026-02-01,2026-05-04,AI,Artificial Intelligence
29152,Summer 2023,tag,2026-02-01,2026-05-04,GovTech|Legal,Big Data|Data Labeling|Developer Tools
29152,Summer 2023,subindustry,2026-02-01,2026-05-04,B2B -> Legal,"B2B -> Engineering, Product and Design"
29160,Summer 2023,tag,2026-02-01,2026-05-04,Customer Service|Customer Support,AI Assistant
29181,Winter 2024,tag,2026-02-01,2026-05-04,Finance|Investing,Artificial Intelligence|Infrastructure|Search
29182,Winter 2024,tag,2026-02-01,2026-05-04,AI,Artificial Intelligence
29196,Winter 2024,tag,2026-02-01,2026-05-04,Artificial Intelligence,AI
29201,Winter 2024,tag,2026-02-01,2026-05-04,Artificial Intelligence,AI
29205,Winter 2024,tag,2026-02-01,2026-05-04,,Gaming
29207,Winter 2024,tag,2026-02-01,2026-05-04,AI|Consumer|Fitness,Artificial Intelligence|Conversational AI|Marketplace|Real Estate
29207,Winter 2024,subindustry,2026-02-01,2026-05-04,Consumer,Consumer -> Home and Personal
29239,Winter 2024,tag,2026-02-01,2026-05-04,AI|Marketing,AI Assistant|Artificial Intelligence|Developer Tools
29244,Winter 2024,tag,2026-02-01,2026-05-04,Artificial Intelligence|Consumer Health Services|Digital Health,
29246,Winter 2024,tag,2026-02-01,2026-05-04,Security,
29246,Winter 2024,subindustry,2026-02-01,2026-05-04,B2B -> Security,B2B -> Productivity
29251,Summer 2024,tag,2026-02-01,2026-05-04,Artificial Intelligence,AI
29258,Winter 2024,tag,2026-02-01,2026-05-04,AI|Healthcare,Analytics|Artificial Intelligence|Big Data
29258,Winter 2024,subindustry,2026-02-01,2026-05-04,B2B -> Operations,B2B -> Analytics
29263,Winter 2024,tag,2026-02-01,2026-05-04,Artificial Intelligence,AI
29265,Winter 2024,tag,2026-02-01,2026-05-04,,Billing|Fintech|Payments
29265,Winter 2024,industry,2026-02-01,2026-05-04,B2B,Fintech
29265,Winter 2024,subindustry,2026-02-01,2026-05-04,"B2B -> Engineering, Product and Design",Fintech
29266,Winter 2024,tag,2026-02-01,2026-05-04,Artificial Intelligence|Developer Tools,AI|API|Cloud Computing
29270,Winter 2024,tag,2026-02-01,2026-05-04,Artificial Intelligence|Automation|Developer Tools|Workflow Automation,Data Engineering|Data Science|Data Visualization|Databases
29273,Winter 2024,tag,2026-02-01,2026-05-04,Artificial Intelligence,AI
29284,Winter 2024,tag,2026-02-01,2026-05-04,Artificial Intelligence,AI
29286,Winter 2024,tag,2026-02-01,2026-05-04,AI,Artificial Intelligence
29286,Winter 2024,subindustry,2026-02-01,2026-05-04,B2B -> Infrastructure,B2B -> Legal
29298,Winter 2024,tag,2026-02-01,2026-05-04,Artificial Intelligence|Compliance|Fintech|Operations|SaaS,
29325,Winter 2024,tag,2026-02-01,2026-05-04,Artificial Intelligence,AI
29325,Winter 2024,subindustry,2026-02-01,2026-05-04,B2B -> Infrastructure,"B2B -> Engineering, Product and Design"
29332,Winter 2024,tag,2026-02-01,2026-05-04,Advertising|B2B|Developer Tools|SaaS,AI Assistant|Customer Service|Customer Success|Workflow Automation
29333,Winter 2024,tag,2026-02-01,2026-05-04,AI,Artificial Intelligence
29340,Winter 2024,tag,2026-02-01,2026-05-04,Artificial Intelligence,AI
29341,Winter 2024,tag,2026-02-01,2026-05-04,Artificial Intelligence|Customer Service|E-commerce,AI|Customer Support|Developer Tools
29347,Winter 2024,tag,2026-02-01,2026-05-04,AI|Reinforcement Learning,Artificial Intelligence
29355,Winter 2024,tag,2026-02-01,2026-05-04,AI,Artificial Intelligence|Robotics
29355,Winter 2024,industry,2026-02-01,2026-05-04,Consumer,B2B
29355,Winter 2024,subindustry,2026-02-01,2026-05-04,Consumer,B2B
29362,Winter 2024,tag,2026-02-01,2026-05-04,AI,Artificial Intelligence
29368,Winter 2024,tag,2026-02-01,2026-05-04,Cybersecurity,
29370,Winter 2024,tag,2026-02-01,2026-05-04,AI,Artificial Intelligence
29372,Winter 2024,tag,2026-02-01,2026-05-04,,AI|Consumer|Generative AI
29380,Winter 2024,tag,2026-02-01,2026-05-04,Artificial Intelligence,AI
29382,Winter 2024,tag,2026-02-01,2026-05-04,AI,Artificial Intelligence
29386,Winter 2024,tag,2026-02-01,2026-05-04,Artificial Intelligence,AI
29394,Winter 2024,tag,2026-02-01,2026-05-04,Healthcare,
29397,Winter 2024,tag,2026-02-01,2026-05-04,Artificial Intelligence,AI
29400,Winter 2024,subindustry,2026-02-01,2026-05-04,B2B,"B2B -> Engineering, Product and Design"
29404,Winter 2024,tag,2026-02-01,2026-05-04,AI Assistant|Productivity|SMB,Compliance|HR Tech|Human Resources
29404,Winter 2024,subindustry,2026-02-01,2026-05-04,B2B,B2B -> Human Resources
29407,Winter 2024,tag,2026-02-01,2026-05-04,AI,Artificial Intelligence
29417,Winter 2024,tag,2026-02-01,2026-05-04,Artificial Intelligence,AI
29419,Winter 2024,tag,2026-02-01,2026-05-04,AI,Artificial Intelligence
29425,Winter 2024,tag,2026-02-01,2026-05-04,AI,Artificial Intelligence
29439,Winter 2024,tag,2026-02-01,2026-05-04,AI,Artificial Intelligence
29440,Winter 2024,tag,2026-02-01,2026-05-04,Artificial Intelligence,AI
29441,Winter 2024,subindustry,2026-02-01,2026-05-04,B2B,B2B -> Infrastructure
29443,Winter 2024,tag,2026-02-01,2026-05-04,Artificial Intelligence,AI
29451,Winter 2024,tag,2026-02-01,2026-05-04,Insurance,SaaS
29452,Winter 2024,tag,2026-02-01,2026-05-04,AI,Artificial Intelligence
29454,Winter 2024,tag,2026-02-01,2026-05-04,Artificial Intelligence,AI
29471,Winter 2024,tag,2026-02-01,2026-05-04,AI Assistant|Artificial Intelligence|Generative AI,
29471,Winter 2024,subindustry,2026-02-01,2026-05-04,B2B,B2B -> Analytics
29499,Winter 2024,tag,2026-02-01,2026-05-04,AI,Artificial Intelligence
29501,Winter 2024,tag,2026-02-01,2026-05-04,AI|Marketing|Video,Artificial Intelligence|Developer Tools
29517,Winter 2024,tag,2026-02-01,2026-05-04,AI,Artificial Intelligence
29524,Summer 2024,tag,2026-02-01,2026-05-04,AI|B2B|Developer Tools|Monitoring|SaaS,
29589,Summer 2024,tag,2026-02-01,2026-05-04,Robotics,
29605,Summer 2024,tag,2026-02-01,2026-05-04,Artificial Intelligence,AI
29627,Summer 2024,tag,2026-02-01,2026-05-04,,Healthcare
29627,Summer 2024,industry,2026-02-01,2026-05-04,B2B,Healthcare
29627,Summer 2024,subindustry,2026-02-01,2026-05-04,B2B,Healthcare
29643,Summer 2024,tag,2026-02-01,2026-05-04,Artificial Intelligence,AI
29646,Summer 2024,tag,2026-02-01,2026-05-04,Artificial Intelligence,AI
29654,Summer 2024,tag,2026-02-01,2026-05-04,AI,Artificial Intelligence
29658,Summer 2024,tag,2026-02-01,2026-05-04,,Artificial Intelligence|SaaS|Workflow Automation
29665,Summer 2024,tag,2026-02-01,2026-05-04,AI,Artificial Intelligence
29679,Summer 2024,tag,2026-02-01,2026-05-04,AI|Call Center|Conversational AI|Dental|Health Tech,
29682,Summer 2024,tag,2026-02-01,2026-05-04,AI|Computer Vision,Artificial Intelligence
29690,Summer 2024,tag,2026-02-01,2026-05-04,Artificial Intelligence,AI
29691,Summer 2024,tag,2026-02-01,2026-05-04,,Marketplace
29693,Summer 2024,tag,2026-02-01,2026-05-04,Artificial Intelligence,AI
29695,Summer 2024,tag,2026-02-01,2026-05-04,AI|AI Assistant|Open Source,Analytics|Artificial Intelligence|Documents
29701,Summer 2024,tag,2026-02-01,2026-05-04,Artificial Intelligence|B2B|Energy|Industrial|Solar Power,Climate|ClimateTech|Real Estate|Renewable Energy|SaaS
29716,Summer 2024,tag,2026-02-01,2026-05-04,AI,Artificial Intelligence
29719,Summer 2024,tag,2026-02-01,2026-05-04,AI,Artificial Intelligence
29727,Winter 2025,tag,2026-02-01,2026-05-04,LegalTech,
29729,Summer 2024,tag,2026-02-01,2026-05-04,AI,
29754,Summer 2024,tag,2026-02-01,2026-05-04,AI,Artificial Intelligence
29765,Summer 2024,tag,2026-02-01,2026-05-04,AI,Artificial Intelligence
29767,Summer 2024,tag,2026-02-01,2026-05-04,Artificial Intelligence,AI
29785,Summer 2024,tag,2026-02-01,2026-05-04,Sales,AI Assistant
29785,Summer 2024,subindustry,2026-02-01,2026-05-04,B2B -> Sales,B2B -> Operations
29786,Summer 2024,tag,2026-02-01,2026-05-04,Artificial Intelligence,AI
29788,Summer 2024,tag,2026-02-01,2026-05-04,,AI|B2B|Enterprise Software|Healthcare
29790,Winter 2025,tag,2026-02-01,2026-05-04,AI|HR Tech|Health Tech|Healthcare|Operations,
29797,Summer 2024,tag,2026-02-01,2026-05-04,AI,Artificial Intelligence
29807,Summer 2024,tag,2026-02-01,2026-05-04,AI,Artificial Intelligence
29808,Summer 2024,tag,2026-02-01,2026-05-04,AI,Artificial Intelligence
29810,Summer 2024,tag,2026-02-01,2026-05-04,Artificial Intelligence|Consumer Finance|Finance,AI|Automation
29810,Summer 2024,industry,2026-02-01,2026-05-04,Fintech,Consumer
29810,Summer 2024,subindustry,2026-02-01,2026-05-04,Fintech -> Consumer Finance,Consumer -> Home and Personal
29814,Summer 2024,tag,2026-02-01,2026-05-04,Hardware|Manufacturing|Supply Chain,
29824,Summer 2024,tag,2026-02-01,2026-05-04,Artificial Intelligence,AI
29828,Summer 2024,tag,2026-02-01,2026-05-04,AI,Artificial Intelligence
29829,Summer 2024,tag,2026-02-01,2026-05-04,Consumer Finance,
29834,Summer 2024,tag,2026-02-01,2026-05-04,Artificial Intelligence|Manufacturing,AI
29835,Summer 2024,tag,2026-02-01,2026-05-04,AI|Generative AI,Artificial Intelligence
29844,Summer 2024,tag,2026-02-01,2026-05-04,Artificial Intelligence|Infrastructure,Machine Learning|Marketplace|Ridesharing
29844,Summer 2024,subindustry,2026-02-01,2026-05-04,B2B -> Infrastructure,B2B -> Supply Chain and Logistics
29848,Summer 2024,tag,2026-02-01,2026-05-04,Civic Tech|GovTech,AI Assistant|Consumer Products|Email|Productivity
29848,Summer 2024,industry,2026-02-01,2026-05-04,Government,Consumer
29848,Summer 2024,subindustry,2026-02-01,2026-05-04,Government,Consumer
29849,Summer 2024,tag,2026-02-01,2026-05-04,Artificial Intelligence|Generative AI|GovTech,
29850,Summer 2024,tag,2026-02-01,2026-05-04,,AI|E-commerce|Fintech|Insurance|Retail
29852,Summer 2024,tag,2026-02-01,2026-05-04,AI,Artificial Intelligence
29950,Summer 2024,tag,2026-02-01,2026-05-04,ML,Generative AI
29951,Summer 2024,tag,2026-02-01,2026-05-04,AI Assistant|Productivity,B2B|Conversational AI|Generative AI
29951,Summer 2024,industry,2026-02-01,2026-05-04,Consumer,B2B
29951,Summer 2024,subindustry,2026-02-01,2026-05-04,Consumer,"B2B -> Engineering, Product and Design"
29957,Summer 2024,tag,2026-02-01,2026-05-04,Artificial Intelligence,AI
29963,Summer 2024,tag,2026-02-01,2026-05-04,AI,Artificial Intelligence
29983,Summer 2024,tag,2026-02-01,2026-05-04,Lending,Customer Support|SaaS
29987,Summer 2024,tag,2026-02-01,2026-05-04,Big Data,Billing
29989,Summer 2024,tag,2026-02-01,2026-05-04,AI,Artificial Intelligence
29999,Winter 2025,tag,2026-02-01,2026-05-04,Artificial Intelligence,AI
30020,Winter 2025,industry,2026-02-01,2026-05-04,B2B,Fintech
30020,Winter 2025,subindustry,2026-02-01,2026-05-04,B2B,Fintech -> Credit and Lending
30041,Fall 2024,tag,2026-02-01,2026-05-04,AI,Artificial Intelligence
30045,Fall 2024,tag,2026-02-01,2026-05-04,AI|Big Data|Developer Tools|Infrastructure|Machine Learning,
30047,Fall 2024,tag,2026-02-01,2026-05-04,AI Assistant|Artificial Intelligence,AI|Web Development
30054,Fall 2024,tag,2026-02-01,2026-05-04,Artificial Intelligence,AI|Finance|SaaS
30055,Fall 2024,tag,2026-02-01,2026-05-04,Artificial Intelligence,AI
30057,Fall 2024,tag,2026-02-01,2026-05-04,Artificial Intelligence|Compliance|Regtech,AI
30057,Fall 2024,subindustry,2026-02-01,2026-05-04,B2B,B2B -> Marketing
30060,Fall 2024,tag,2026-02-01,2026-05-04,Artificial Intelligence|Infrastructure,AI|Open Source
30062,Fall 2024,tag,2026-02-01,2026-05-04,,AI Assistant|Construction|Machine Learning
30066,Fall 2024,tag,2026-02-01,2026-05-04,AI,Artificial Intelligence
30067,Fall 2024,tag,2026-02-01,2026-05-04,,AI|B2B|Compliance|LegalTech|Workflow Automation
30079,Fall 2024,tag,2026-02-01,2026-05-04,AI,Artificial Intelligence|Automation|Indoor Mapping|Video
30080,Fall 2024,tag,2026-02-01,2026-05-04,Analytics|Procurement,Workflow Automation
30087,Fall 2024,tag,2026-02-01,2026-05-04,AI,Artificial Intelligence
30101,Fall 2024,tag,2026-02-01,2026-05-04,Data Engineering|Productivity,Robotic Process Automation|SaaS
30101,Fall 2024,subindustry,2026-02-01,2026-05-04,"B2B -> Engineering, Product and Design",B2B -> Productivity
30112,Fall 2024,tag,2026-02-01,2026-05-04,Consumer,AI Assistant|Artificial Intelligence|Booking
30116,Fall 2024,tag,2026-02-01,2026-05-04,AI,Artificial Intelligence
30125,Fall 2024,tag,2026-02-01,2026-05-04,AI,Artificial Intelligence
30173,Spring 2025,tag,2026-02-01,2026-05-04,,Artificial Intelligence|Generative AI
30176,Winter 2025,tag,2026-02-01,2026-05-04,Recruiting,Finance|SaaS
30176,Winter 2025,subindustry,2026-02-01,2026-05-04,B2B -> Recruiting and Talent,B2B
30181,Winter 2025,tag,2026-02-01,2026-05-04,Artificial Intelligence,AI
30207,Winter 2025,tag,2026-02-01,2026-05-04,Artificial Intelligence,AI
30221,Winter 2025,tag,2026-02-01,2026-05-04,Social,Developer Tools
30222,Winter 2025,tag,2026-02-01,2026-05-04,,AI Assistant|Artificial Intelligence|Automation|Hard Tech|Reinforcement Learning
30227,Winter 2025,tag,2026-02-01,2026-05-04,Artificial Intelligence|B2B|Call Center|Sales,AI Assistant|Conversational AI
30228,Winter 2025,tag,2026-02-01,2026-05-04,Artificial Intelligence,AI
30230,Winter 2025,tag,2026-02-01,2026-05-04,Artificial Intelligence|B2B|Industrial|Sales,GovTech
30231,Winter 2025,tag,2026-02-01,2026-05-04,,AIOps|Generative AI|Manufacturing|SaaS
30246,Winter 2025,tag,2026-02-01,2026-05-04,,AI|Generative AI
30247,Winter 2025,tag,2026-02-01,2026-05-04,Artificial Intelligence|Infrastructure|Machine Learning|Reinforcement Learning,
30248,Winter 2025,tag,2026-02-01,2026-05-04,,B2B|E-commerce|Generative AI|Retail
30248,Winter 2025,subindustry,2026-02-01,2026-05-04,B2B,B2B -> Analytics
30250,Winter 2025,tag,2026-02-01,2026-05-04,Artificial Intelligence|B2B|Dental|SaaS,AI|AI-Enhanced Learning|Edtech
30250,Winter 2025,industry,2026-02-01,2026-05-04,Healthcare,Education
30250,Winter 2025,subindustry,2026-02-01,2026-05-04,Healthcare,Education
30255,Winter 2025,tag,2026-02-01,2026-05-04,AI|Productivity|Team Collaboration,Artificial Intelligence|B2B|Recruiting|Talent Acquisition
30267,Winter 2025,tag,2026-02-01,2026-05-04,,Enterprise|Market Research
30269,Winter 2025,tag,2026-02-01,2026-05-04,Artificial Intelligence|FinOps,
30269,Winter 2025,industry,2026-02-01,2026-05-04,Fintech,Consumer
30269,Winter 2025,subindustry,2026-02-01,2026-05-04,Fintech -> Banking and Exchange,Consumer
30272,Winter 2025,tag,2026-02-01,2026-05-04,Artificial Intelligence,AI
30273,Winter 2025,tag,2026-02-01,2026-05-04,AI,Artificial Intelligence
30279,Winter 2025,tag,2026-02-01,2026-05-04,,Real Estate
30283,Winter 2025,tag,2026-02-01,2026-05-04,Artificial Intelligence,AI
30284,Winter 2025,tag,2026-02-01,2026-05-04,Artificial Intelligence,AI
30286,Winter 2025,tag,2026-02-01,2026-05-04,Artificial Intelligence|B2B|Data Engineering|Machine Learning,
30286,Winter 2025,industry,2026-02-01,2026-05-04,B2B,Consumer
30286,Winter 2025,subindustry,2026-02-01,2026-05-04,B2B,Consumer -> Gaming
30291,Winter 2025,tag,2026-02-01,2026-05-04,API|Artificial Intelligence|Infrastructure,AI
30291,Winter 2025,subindustry,2026-02-01,2026-05-04,B2B -> Infrastructure,B2B
30292,Winter 2025,tag,2026-02-01,2026-05-04,AI,Artificial Intelligence
30299,Winter 2025,tag,2026-02-01,2026-05-04,,AI-Enhanced Learning|Artificial Intelligence|Edtech|Education|Generative AI
30319,Winter 2025,tag,2026-02-01,2026-05-04,Personalization,API
30321,Winter 2025,tag,2026-02-01,2026-05-04,,Design|No-code
30322,Winter 2025,tag,2026-02-01,2026-05-04,Artificial Intelligence,AI
30324,Winter 2025,tag,2026-02-01,2026-05-04,AI,Artificial Intelligence
30338,Winter 2025,tag,2026-02-01,2026-05-04,Logistics|Operations,AI|Health Tech
30338,Winter 2025,industry,2026-02-01,2026-05-04,Fintech,Healthcare
30338,Winter 2025,subindustry,2026-02-01,2026-05-04,Fintech -> Insurance,Healthcare
30339,Winter 2025,tag,2026-02-01,2026-05-04,AI,Artificial Intelligence
30340,Winter 2025,tag,2026-02-01,2026-05-04,Artificial Intelligence,AI
30341,Winter 2025,tag,2026-02-01,2026-05-04,API|Artificial Intelligence,
30343,Winter 2025,tag,2026-02-01,2026-05-04,CRM|Email|Sales|Sales Enablement,
30345,Winter 2025,tag,2026-02-01,2026-05-04,Booking|Consumer|Sports Tech,Artificial Intelligence|Design|Design Tools
30351,Winter 2025,tag,2026-02-01,2026-05-04,,Generative AI
30351,Winter 2025,subindustry,2026-02-01,2026-05-04,B2B -> Productivity,B2B
30366,Spring 2025,tag,2026-02-01,2026-05-04,Artificial Intelligence|Developer Tools,AI
30399,Spring 2025,tag,2026-02-01,2026-05-04,AI|Biotech,Artificial Intelligence|Healthcare IT
30402,Spring 2025,tag,2026-02-01,2026-05-04,AI,Artificial Intelligence
30405,Spring 2025,tag,2026-02-01,2026-05-04,AI|Analytics|Open Source,
30406,Spring 2025,tag,2026-02-01,2026-05-04,Data Visualization,Finance|Operations
30406,Spring 2025,subindustry,2026-02-01,2026-05-04,B2B -> Analytics,B2B -> Operations
30407,Spring 2025,tag,2026-02-01,2026-05-04,Artificial Intelligence,AI
30409,Spring 2025,tag,2026-02-01,2026-05-04,AI,Artificial Intelligence
30413,Summer 2025,tag,2026-02-01,2026-05-04,Investing,
30430,Spring 2025,tag,2026-02-01,2026-05-04,AI|Automation|Hardware|Manufacturing|Robotics,
30434,Spring 2025,tag,2026-02-01,2026-05-04,Artificial Intelligence,AI
30435,Spring 2025,tag,2026-02-01,2026-05-04,Market Research,Design Tools|Web Development
30437,Spring 2025,tag,2026-02-01,2026-05-04,AI,
30437,Spring 2025,subindustry,2026-02-01,2026-05-04,B2B,B2B -> Analytics
30438,Spring 2025,tag,2026-02-01,2026-05-04,Artificial Intelligence,AI
30443,Spring 2025,tag,2026-02-01,2026-05-04,AI,Artificial Intelligence
30448,Spring 2025,tag,2026-02-01,2026-05-04,Databases,
30450,Spring 2025,tag,2026-02-01,2026-05-04,Artificial Intelligence,AI
30451,Spring 2025,tag,2026-02-01,2026-05-04,Artificial Intelligence,AI
30454,Spring 2025,tag,2026-02-01,2026-05-04,,Artificial Intelligence|Data Labeling|Market Research|Recruiting|Reinforcement Learning
30455,Spring 2025,tag,2026-02-01,2026-05-04,AI,Artificial Intelligence
30456,Spring 2025,tag,2026-02-01,2026-05-04,Artificial Intelligence|Cloud Computing|Developer Tools,AI|B2B|Cybersecurity
30462,Spring 2025,tag,2026-02-01,2026-05-04,Artificial Intelligence|Reinforcement Learning,AI|Recruiting|SaaS
30462,Spring 2025,subindustry,2026-02-01,2026-05-04,"B2B -> Engineering, Product and Design",B2B -> Recruiting and Talent
30464,Spring 2025,tag,2026-02-01,2026-05-04,B2B|Enterprise Software|Infrastructure,Operations|Sales|Sales Enablement
30464,Spring 2025,subindustry,2026-02-01,2026-05-04,B2B -> Infrastructure,B2B -> Operations
30466,Spring 2025,tag,2026-02-01,2026-05-04,,AI|Advanced Materials|Biotech|Data Engineering|Nanotechnology
30469,Spring 2025,tag,2026-02-01,2026-05-04,AI,Artificial Intelligence
30476,Spring 2025,tag,2026-02-01,2026-05-04,AI,Artificial Intelligence
30482,Spring 2025,tag,2026-02-01,2026-05-04,AI|Digital Health|Health & Wellness|Telehealth,
30484,Spring 2025,tag,2026-02-01,2026-05-04,AI,Artificial Intelligence
30485,Spring 2025,tag,2026-02-01,2026-05-04,AI,AI Assistant|Enterprise Software|Generative AI
30487,Spring 2025,tag,2026-02-01,2026-05-04,AI,Artificial Intelligence
30488,Spring 2025,tag,2026-02-01,2026-05-04,Artificial Intelligence,AI
30501,Spring 2025,tag,2026-02-01,2026-05-04,AI|Data Labeling,Artificial Intelligence|Developer Tools|SaaS
30506,Spring 2025,tag,2026-02-01,2026-05-04,Data Science|Reinforcement Learning,API|Open Source|SaaS
30512,Spring 2025,tag,2026-02-01,2026-05-04,AI,Artificial Intelligence
30516,Spring 2025,industry,2026-02-01,2026-05-04,Industrials,Healthcare
30516,Spring 2025,subindustry,2026-02-01,2026-05-04,Industrials -> Manufacturing and Robotics,Healthcare
30518,Spring 2025,tag,2026-02-01,2026-05-04,,Email|Open Source
30520,Summer 2025,tag,2026-02-01,2026-05-04,,Artificial Intelligence|B2B|Developer Tools
30522,Spring 2025,tag,2026-02-01,2026-05-04,Artificial Intelligence,AI|Marketing|SEO
30530,Spring 2025,tag,2026-02-01,2026-05-04,AI,Artificial Intelligence
30542,Spring 2025,tag,2026-02-01,2026-05-04,Artificial Intelligence|Data Engineering|Robotics,Computer Vision|Generative AI|Operations
30542,Spring 2025,industry,2026-02-01,2026-05-04,Industrials,B2B
30542,Spring 2025,subindustry,2026-02-01,2026-05-04,Industrials -> Manufacturing and Robotics,B2B -> Operations
30548,Spring 2025,subindustry,2026-02-01,2026-05-04,"B2B -> Engineering, Product and Design",B2B -> Security
30561,Spring 2025,tag,2026-02-01,2026-05-04,Artificial Intelligence|Data Labeling|Marketplace|Robotics,AI|B2B
30566,Summer 2025,tag,2026-02-01,2026-05-04,,AI|AI Assistant|Marketplace
30592,Fall 2025,tag,2026-02-01,2026-05-04,Artificial Intelligence|Customer Success|Customer Support|E-commerce,
30592,Fall 2025,subindustry,2026-02-01,2026-05-04,B2B -> Retail,B2B -> Supply Chain and Logistics
30596,Summer 2025,tag,2026-02-01,2026-05-04,Artificial Intelligence,AI
30605,Summer 2025,tag,2026-02-01,2026-05-04,Artificial Intelligence,AI
30605,Summer 2025,subindustry,2026-02-01,2026-05-04,B2B -> Infrastructure,B2B
30606,Summer 2025,tag,2026-02-01,2026-05-04,,AI
30608,Summer 2025,tag,2026-02-01,2026-05-04,Artificial Intelligence,
30618,Summer 2025,tag,2026-02-01,2026-05-04,Sales Enablement|eLearning,B2B|Developer Tools
30620,Winter 2026,tag,2026-02-01,2026-05-04,Computer Vision,AI Assistant
30622,Summer 2025,tag,2026-02-01,2026-05-04,Artificial Intelligence,AI
30625,Summer 2025,tag,2026-02-01,2026-05-04,Infrastructure,AIOps|Developer Tools|Generative AI|SaaS
30625,Summer 2025,subindustry,2026-02-01,2026-05-04,B2B -> Infrastructure,B2B
30628,Summer 2025,tag,2026-02-01,2026-05-04,Artificial Intelligence|Enterprise Software,Cloud Computing|DevOps|Infrastructure
30630,Summer 2025,tag,2026-02-01,2026-05-04,AI|Automation|DevOps|Developer Tools,Artificial Intelligence|Fintech|Payments|Subscriptions
30630,Summer 2025,subindustry,2026-02-01,2026-05-04,"B2B -> Engineering, Product and Design",B2B -> Operations
30631,Fall 2025,subindustry,2026-02-01,2026-05-04,Industrials -> Defense,Industrials
30635,Winter 2026,tag,2026-02-01,2026-05-04,,Aerospace|Construction|Space Exploration|Travel
30640,Summer 2025,tag,2026-02-01,2026-05-04,Artificial Intelligence,AI
30641,Winter 2026,tag,2026-02-01,2026-05-04,,Health Insurance|Health Tech|Healthcare
30646,Spring 2026,tag,2026-02-01,2026-05-04,,B2B|Conversational AI|Fintech|Generative AI|SaaS
30646,Spring 2026,subindustry,2026-02-01,2026-05-04,B2B,B2B -> Finance and Accounting
30648,Summer 2025,tag,2026-02-01,2026-05-04,,Artificial Intelligence|B2B|DevOps|SaaS
30649,Summer 2025,tag,2026-02-01,2026-05-04,AI,Artificial Intelligence
30659,Summer 2025,tag,2026-02-01,2026-05-04,AI,Artificial Intelligence
30660,Summer 2025,tag,2026-02-01,2026-05-04,AI|Developer Tools|Infrastructure|Open Source,AI Assistant|Automation|Productivity|SaaS
30660,Summer 2025,subindustry,2026-02-01,2026-05-04,"B2B -> Engineering, Product and Design",B2B -> Productivity
30662,Summer 2025,tag,2026-02-01,2026-05-04,Artificial Intelligence|Data Engineering|Supply Chain,AI|Energy|Infrastructure
30662,Summer 2025,industry,2026-02-01,2026-05-04,Industrials,B2B
30662,Summer 2025,subindustry,2026-02-01,2026-05-04,Industrials -> Manufacturing and Robotics,B2B -> Infrastructure
30663,Summer 2025,tag,2026-02-01,2026-05-04,,AI|B2B|Supply Chain
30664,Summer 2025,tag,2026-02-01,2026-05-04,Artificial Intelligence,AI|Manufacturing
30668,Summer 2025,tag,2026-02-01,2026-05-04,,Artificial Intelligence|Health Tech|Healthcare|SaaS
30670,Summer 2025,tag,2026-02-01,2026-05-04,,Artificial Intelligence
30671,Summer 2025,tag,2026-02-01,2026-05-04,Artificial Intelligence|Biotech,AI|Reinforcement Learning
30673,Summer 2025,tag,2026-02-01,2026-05-04,AI,Artificial Intelligence
30687,Summer 2025,tag,2026-02-01,2026-05-04,AI|Enterprise Software,Artificial Intelligence|Workflow Automation
30692,Summer 2025,tag,2026-02-01,2026-05-04,,AI|Automation|Sales
30692,Summer 2025,industry,2026-02-01,2026-05-04,Consumer,B2B
30692,Summer 2025,subindustry,2026-02-01,2026-05-04,Consumer,B2B -> Sales
30699,Summer 2025,tag,2026-02-01,2026-05-04,AI,Artificial Intelligence
30700,Summer 2025,tag,2026-02-01,2026-05-04,API|Artificial Intelligence|Developer Tools,
30703,Summer 2025,tag,2026-02-01,2026-05-04,AI,Artificial Intelligence|Music
30704,Summer 2025,industry,2026-02-01,2026-05-04,Industrials,Government
30704,Summer 2025,subindustry,2026-02-01,2026-05-04,Industrials -> Defense,Government
30707,Summer 2025,tag,2026-02-01,2026-05-04,AI,Artificial Intelligence
30711,Summer 2025,tag,2026-02-01,2026-05-04,AI|AI Assistant|Open Source|Productivity|SaaS,
30713,Summer 2025,tag,2026-02-01,2026-05-04,AI,Artificial Intelligence
30719,Summer 2025,tag,2026-02-01,2026-05-04,AI|B2B|Finance|Fintech,AI Assistant|Calendar|Consumer|Email|Productivity
30719,Summer 2025,industry,2026-02-01,2026-05-04,B2B,Consumer
30719,Summer 2025,subindustry,2026-02-01,2026-05-04,B2B -> Finance and Accounting,Consumer
30720,Summer 2025,tag,2026-02-01,2026-05-04,Artificial Intelligence|B2B|Developer Tools|Enterprise Software,
30721,Summer 2025,tag,2026-02-01,2026-05-04,Enterprise Software|Generative AI|Video,AI-Enhanced Learning|B2B
30722,Summer 2025,tag,2026-02-01,2026-05-04,Artificial Intelligence,AI
30730,Summer 2025,tag,2026-02-01,2026-05-04,Reinforcement Learning,
30731,Summer 2025,tag,2026-02-01,2026-05-04,,B2B|SaaS|Supply Chain
30738,Summer 2025,tag,2026-02-01,2026-05-04,AI,
30739,Summer 2025,tag,2026-02-01,2026-05-04,Artificial Intelligence|Data Visualization|Sales Enablement,AI|E-commerce|Marketing
30739,Summer 2025,subindustry,2026-02-01,2026-05-04,B2B -> Sales,B2B -> Marketing
30743,Summer 2025,tag,2026-02-01,2026-05-04,Productivity,
30743,Summer 2025,industry,2026-02-01,2026-05-04,Consumer,Education
30743,Summer 2025,subindustry,2026-02-01,2026-05-04,Consumer,Education
30747,Summer 2025,tag,2026-02-01,2026-05-04,AI-powered Drug Discovery|Biotech|Drug Delivery,
30749,Fall 2025,tag,2026-02-01,2026-05-04,,AI|Artificial Intelligence|B2B|Fintech|Insurance
30754,Summer 2025,tag,2026-02-01,2026-05-04,,AI|B2B|Health Tech|SaaS
30763,Summer 2025,tag,2026-02-01,2026-05-04,Computer Vision|Industrial|Supply Chain,Artificial Intelligence|B2B|Drones
30772,Summer 2025,tag,2026-02-01,2026-05-04,Artificial Intelligence,AI
30774,Summer 2025,tag,2026-02-01,2026-05-04,AI|Recruiting,Artificial Intelligence
30775,Summer 2025,tag,2026-02-01,2026-05-04,Artificial Intelligence,AI
30789,Summer 2025,tag,2026-02-01,2026-05-04,AI,Artificial Intelligence
30802,Summer 2025,tag,2026-02-01,2026-05-04,,Artificial Intelligence|Call Center|Fintech|Retail
30804,Summer 2025,tag,2026-02-01,2026-05-04,AI,Artificial Intelligence
30813,Summer 2025,tag,2026-02-01,2026-05-04,AI|Hardware|Productivity,
30821,Fall 2025,tag,2026-02-01,2026-05-04,,Artificial Intelligence|Machine Learning
30822,Fall 2025,tag,2026-02-01,2026-05-04,Advertising,Analytics
30822,Fall 2025,subindustry,2026-02-01,2026-05-04,B2B -> Marketing,B2B -> Analytics
30835,Fall 2025,tag,2026-02-01,2026-05-04,AI,Artificial Intelligence
30837,Fall 2025,tag,2026-02-01,2026-05-04,,AI|Artificial Intelligence|Conversational AI|Productivity
30851,Fall 2025,tag,2026-02-01,2026-05-04,AI,Artificial Intelligence
30854,Fall 2025,tag,2026-02-01,2026-05-04,Data Engineering|SaaS,B2B|Developer Tools|Infrastructure
30857,Fall 2025,tag,2026-02-01,2026-05-04,Artificial Intelligence,AI
30858,Fall 2025,tag,2026-02-01,2026-05-04,,Artificial Intelligence|Developer Tools|Enterprise Software
30860,Winter 2026,tag,2026-02-01,2026-05-04,,AI|Fintech
30861,Fall 2025,tag,2026-02-01,2026-05-04,AI Assistant|Artificial Intelligence,
30863,Fall 2025,tag,2026-02-01,2026-05-04,Artificial Intelligence,AI
30864,Fall 2025,tag,2026-02-01,2026-05-04,,Robotic Process Automation|Workflow Automation
30864,Fall 2025,subindustry,2026-02-01,2026-05-04,"B2B -> Engineering, Product and Design",B2B
30874,Fall 2025,tag,2026-02-01,2026-05-04,B2B|Developer Tools,AI Assistant|Calendar|Consumer|Email|Productivity
30874,Fall 2025,industry,2026-02-01,2026-05-04,B2B,Consumer
30874,Fall 2025,subindustry,2026-02-01,2026-05-04,"B2B -> Engineering, Product and Design",Consumer
30875,Fall 2025,tag,2026-02-01,2026-05-04,AI|Cybersecurity,Artificial Intelligence
30876,Winter 2026,tag,2026-02-01,2026-05-04,Data Engineering,Open Source|Privacy|Security
30877,Fall 2025,tag,2026-02-01,2026-05-04,AI|B2B|Workflow Automation,
30877,Fall 2025,subindustry,2026-02-01,2026-05-04,B2B,B2B -> Sales
30882,Fall 2025,tag,2026-02-01,2026-05-04,,AI|Analytics|Design Tools
30887,Fall 2025,tag,2026-02-01,2026-05-04,Artificial Intelligence,AI
30889,Fall 2025,tag,2026-02-01,2026-05-04,,SaaS
30889,Fall 2025,subindustry,2026-02-01,2026-05-04,B2B -> Security,B2B -> Infrastructure
30895,Fall 2025,tag,2026-02-01,2026-05-04,Artificial Intelligence,AI
30896,Fall 2025,tag,2026-02-01,2026-05-04,,AI|Artificial Intelligence|Cryptography|Cybersecurity|Security
30899,Fall 2025,tag,2026-02-01,2026-05-04,Artificial Intelligence|Big Data|Data Labeling|Marketplace,AI Assistant|Machine Learning|SaaS
30899,Fall 2025,subindustry,2026-02-01,2026-05-04,B2B -> Infrastructure,B2B -> Productivity
30905,Winter 2026,tag,2026-02-01,2026-05-04,,AI|Artificial Intelligence|Real Estate
30906,Winter 2026,tag,2026-02-01,2026-05-04,,AIOps|API|DevSecOps|Infrastructure|SaaS
30906,Winter 2026,subindustry,2026-02-01,2026-05-04,B2B -> Security,B2B
30907,Fall 2025,tag,2026-02-01,2026-05-04,AI,Artificial Intelligence
30910,Fall 2025,tag,2026-02-01,2026-05-04,Artificial Intelligence,AI
30912,Fall 2025,tag,2026-02-01,2026-05-04,Artificial Intelligence,AI
30913,Winter 2026,tag,2026-02-01,2026-05-04,API|B2B|Infrastructure,Big Data|Developer Tools
30918,Fall 2025,tag,2026-02-01,2026-05-04,AI,Artificial Intelligence
30924,Fall 2025,tag,2026-02-01,2026-05-04,,Artificial Intelligence|B2B|Insurance
30927,Winter 2026,tag,2026-02-01,2026-05-04,,Artificial Intelligence|B2B|Compliance|Workflow Automation
30928,Fall 2025,tag,2026-02-01,2026-05-04,Artificial Intelligence,AI
30929,Fall 2025,tag,2026-02-01,2026-05-04,Artificial Intelligence,AI
30931,Fall 2025,tag,2026-02-01,2026-05-04,AI,Artificial Intelligence
30932,Fall 2025,tag,2026-02-01,2026-05-04,Artificial Intelligence,AI
30936,Fall 2025,tag,2026-02-01,2026-05-04,Artificial Intelligence,AI
30938,Fall 2025,tag,2026-02-01,2026-05-04,AI|Marketing,SaaS
30940,Fall 2025,tag,2026-02-01,2026-05-04,Entertainment,B2B|SaaS|Ticketing
30940,Fall 2025,industry,2026-02-01,2026-05-04,Consumer,B2B
30940,Fall 2025,subindustry,2026-02-01,2026-05-04,Consumer,B2B
30942,Fall 2025,tag,2026-02-01,2026-05-04,,AI|Artificial Intelligence|Collaboration|Developer Tools
30943,Fall 2025,tag,2026-02-01,2026-05-04,AI|Automation,AI Assistant|B2B|Sales Enablement
30943,Fall 2025,industry,2026-02-01,2026-05-04,Consumer,B2B
30943,Fall 2025,subindustry,2026-02-01,2026-05-04,Consumer,B2B -> Sales
30947,Fall 2025,tag,2026-02-01,2026-05-04,Artificial Intelligence,AI
30954,Fall 2025,tag,2026-02-01,2026-05-04,AI,Artificial Intelligence
30961,Fall 2025,tag,2026-02-01,2026-05-04,AI|Deep Learning|Generative AI|Machine Learning,Artificial Intelligence|B2B|Customer Success|Enterprise|SaaS
30961,Fall 2025,subindustry,2026-02-01,2026-05-04,"B2B -> Engineering, Product and Design",B2B
30962,Fall 2025,tag,2026-02-01,2026-05-04,AI,Artificial Intelligence
30970,Fall 2025,tag,2026-02-01,2026-05-04,Machine Learning,Crowdsourcing
30987,Fall 2025,tag,2026-02-01,2026-05-04,Design|Hard Tech|Hardware,
30989,Fall 2025,tag,2026-02-01,2026-05-04,Advertising,Artificial Intelligence
30995,Fall 2025,tag,2026-02-01,2026-05-04,,Artificial Intelligence|B2B|Creator Economy|Media|Video
30996,Fall 2025,tag,2026-02-01,2026-05-04,AI|Industrial|Legal|Real Estate,Aerospace|Hard Tech|Manufacturing
30996,Fall 2025,industry,2026-02-01,2026-05-04,Real Estate and Construction,Industrials
30996,Fall 2025,subindustry,2026-02-01,2026-05-04,Real Estate and Construction,Industrials -> Aviation and Space
30997,Fall 2025,tag,2026-02-01,2026-05-04,AI,Artificial Intelligence
30999,Fall 2025,tag,2026-02-01,2026-05-04,,Advertising|Artificial Intelligence|Marketing|Video
30999,Fall 2025,subindustry,2026-02-01,2026-05-04,"B2B -> Engineering, Product and Design",B2B -> Marketing
31003,Winter 2026,tag,2026-02-01,2026-05-04,,Drones|Energy|Infrastructure
31008,Fall 2025,tag,2026-02-01,2026-05-04,AI,Artificial Intelligence
31010,Fall 2025,tag,2026-02-01,2026-05-04,Infrastructure,Marketplace|Recruiting
31010,Fall 2025,subindustry,2026-02-01,2026-05-04,B2B -> Infrastructure,B2B -> Human Resources
31011,Fall 2025,tag,2026-02-01,2026-05-04,Artificial Intelligence|Productivity,AI|Data Visualization
31023,Winter 2026,tag,2026-02-01,2026-05-04,,IoT|Proptech|Sustainability|Warehouse Management Tech
31023,Winter 2026,industry,2026-02-01,2026-05-04,Industrials,B2B
31023,Winter 2026,subindustry,2026-02-01,2026-05-04,Industrials -> Energy,"B2B -> Engineering, Product and Design"
31030,Winter 2026,tag,2026-02-01,2026-05-04,Logistics|Operations|Reinforcement Learning,Enterprise Software
31030,Winter 2026,subindustry,2026-02-01,2026-05-04,B2B -> Operations,B2B -> Infrastructure
31036,Winter 2026,tag,2026-02-01,2026-05-04,,Architecture|Artificial Intelligence|Biotech|Biotechnology|Sports Tech
31040,Winter 2026,tag,2026-02-01,2026-05-04,,Consumer|Crypto / Web3|NFT
31048,Winter 2026,tag,2026-02-01,2026-05-04,,AI|FinOps|Fintech|SaaS
31051,Winter 2026,tag,2026-02-01,2026-05-04,,AI|AIOps|B2B|SaaS|Supply Chain
31054,Winter 2026,tag,2026-02-01,2026-05-04,,AI|Artificial Intelligence|Generative AI
31057,Winter 2026,tag,2026-02-01,2026-05-04,,Aerospace|B2B|Robotics|Self-Driving Vehicles|Trust & Safety
31062,Winter 2026,tag,2026-02-01,2026-05-04,,Artificial Intelligence|Electronics|Hardware|Robotics
31077,Winter 2026,tag,2026-02-01,2026-05-04,,AI|Insurance
31080,Winter 2026,tag,2026-02-01,2026-05-04,AI|Biometrics|Fraud Detection|Fraud Prevention,Artificial Intelligence|SaaS
31083,Winter 2026,tag,2026-02-01,2026-05-04,Computer Vision|Lending,SaaS
31085,Winter 2026,tag,2026-02-01,2026-05-04,,AI|Healthcare
31088,Winter 2026,tag,2026-02-01,2026-05-04,,AI|Developer Tools|Enterprise
31089,Winter 2026,tag,2026-02-01,2026-05-04,,B2B|Conversational AI|Customer Service|SaaS
31091,Winter 2026,tag,2026-02-01,2026-05-04,,Developer Tools|Generative AI
31092,Winter 2026,tag,2026-02-01,2026-05-04,,Fintech
31094,Winter 2026,tag,2026-02-01,2026-05-04,,Artificial Intelligence|Computer Vision|SaaS
31094,Winter 2026,subindustry,2026-02-01,2026-05-04,B2B -> Security,B2B -> Retail
31098,Winter 2026,tag,2026-02-01,2026-05-04,,Enterprise Software
31101,Winter 2026,tag,2026-02-01,2026-05-04,SaaS,HR Tech
31106,Winter 2026,tag,2026-02-01,2026-05-04,,Hardware|Machine Learning|Monitoring|SaaS|Security
31107,Winter 2026,tag,2026-02-01,2026-05-04,,Electronics|Hardware|Workflow Automation
31107,Winter 2026,subindustry,2026-02-01,2026-05-04,B2B,"B2B -> Engineering, Product and Design"
31108,Winter 2026,tag,2026-02-01,2026-05-04,,Biotech
31112,Winter 2026,tag,2026-02-01,2026-05-04,,AI|Machine Learning|Reinforcement Learning
31112,Winter 2026,subindustry,2026-02-01,2026-05-04,B2B -> Supply Chain and Logistics,B2B
31120,Winter 2026,tag,2026-02-01,2026-05-04,,Aerospace|Manufacturing
31121,Winter 2026,tag,2026-02-01,2026-05-04,,AI|Architecture|Construction|Enterprise Software
31123,Winter 2026,tag,2026-02-01,2026-05-04,,B2B|Design Tools|Developer Tools
31128,Winter 2026,tag,2026-02-01,2026-05-04,,B2B|Infrastructure|Machine Learning
31129,Winter 2026,tag,2026-02-01,2026-05-04,,AI|Agriculture
31129,Winter 2026,industry,2026-02-01,2026-05-04,Fintech,Industrials
31129,Winter 2026,subindustry,2026-02-01,2026-05-04,Fintech -> Insurance,Industrials -> Agriculture
31130,Winter 2026,tag,2026-02-01,2026-05-04,,Generative AI|GovTech|LegalTech|Real Estate
31132,Winter 2026,tag,2026-02-01,2026-05-04,,Artificial Intelligence|Fintech|Fraud Detection
31133,Winter 2026,tag,2026-02-01,2026-05-04,,Artificial Intelligence|HR Tech|Open Source|Recruiting
31135,Winter 2026,tag,2026-02-01,2026-05-04,,Automation|Electric Vehicles|Energy|Robotics|SaaS
31137,Winter 2026,tag,2026-02-01,2026-05-04,,B2B|Big Data|Marketplace
31140,Winter 2026,tag,2026-02-01,2026-05-04,,AI|Artificial Intelligence|Consumer|Gaming|Web Development
31141,Winter 2026,tag,2026-02-01,2026-05-04,,Computer Vision|Food Tech|Maritime|Robotics
31144,Winter 2026,tag,2026-02-01,2026-05-04,,Drones|Hard Tech
31145,Winter 2026,tag,2026-02-01,2026-05-04,Artificial Intelligence|Automation|Robotic Process Automation,AI|Computer Vision|Machine Learning
31146,Winter 2026,tag,2026-02-01,2026-05-04,,Artificial Intelligence|Compliance|Legal|LegalTech|Marketplace
31149,Winter 2026,tag,2026-02-01,2026-05-04,,Artificial Intelligence|Automation|Documents
31151,Winter 2026,tag,2026-02-01,2026-05-04,,Developer Tools|Productivity
31152,Winter 2026,tag,2026-02-01,2026-05-04,Infrastructure|Robotics,AI|Deep Learning|Generative AI
31152,Winter 2026,subindustry,2026-02-01,2026-05-04,B2B -> Infrastructure,B2B
31153,Winter 2026,tag,2026-02-01,2026-05-04,,AI|Recruiting
31154,Winter 2026,tag,2026-02-01,2026-05-04,,API|Artificial Intelligence|Crypto / Web3|Payments
31155,Winter 2026,tag,2026-02-01,2026-05-04,AI,Artificial Intelligence
31163,Winter 2026,tag,2026-02-01,2026-05-04,,Artificial Intelligence|Digital Health|Health Tech|Healthcare
31164,Winter 2026,tag,2026-02-01,2026-05-04,,Artificial Intelligence|B2B|Developer Tools|Enterprise Software
31167,Winter 2026,tag,2026-02-01,2026-05-04,,Artificial Intelligence|LegalTech
31173,Winter 2026,tag,2026-02-01,2026-05-04,,AI|Advertising|Marketing|Trading
31174,Winter 2026,tag,2026-02-01,2026-05-04,,Cybersecurity|Reinforcement Learning
31175,Winter 2026,tag,2026-02-01,2026-05-04,,Artificial Intelligence|Consumer|Gaming|Marketplace
31176,Winter 2026,tag,2026-02-01,2026-05-04,,Biotech|SaaS
31177,Winter 2026,tag,2026-02-01,2026-05-04,,Health Tech
31178,Winter 2026,tag,2026-02-01,2026-05-04,,Artificial Intelligence|Media|SaaS|Video
31179,Winter 2026,tag,2026-02-01,2026-05-04,,B2B|Developer Tools|Enterprise|Enterprise Software|Workflow Automation
31180,Winter 2026,tag,2026-02-01,2026-05-04,Aerospace|Artificial Intelligence|Drones,Robotics|Swarm AI
31182,Winter 2026,tag,2026-02-01,2026-05-04,,AI|Enterprise Software|Semiconductors
31183,Winter 2026,tag,2026-02-01,2026-05-04,,AI Assistant|Call Center|Conversational AI|Customer Service
31185,Winter 2026,tag,2026-02-01,2026-05-04,,AI|Artificial Intelligence|B2B|Developer Tools|Enterprise Software
31187,Winter 2026,tag,2026-02-01,2026-05-04,,AI|Artificial Intelligence|Compliance|Fintech
31187,Winter 2026,subindustry,2026-02-01,2026-05-04,Fintech -> Banking and Exchange,Fintech
31191,Winter 2026,tag,2026-02-01,2026-05-04,,AI|Reinforcement Learning
31192,Winter 2026,tag,2026-02-01,2026-05-04,AI,API
31192,Winter 2026,subindustry,2026-02-01,2026-05-04,"B2B -> Engineering, Product and Design",B2B -> Analytics
31200,Winter 2026,tag,2026-02-01,2026-05-04,,AI|B2B|Operations|Workflow Automation
31204,Winter 2026,tag,2026-02-01,2026-05-04,,Finance|Investing|Trading
31205,Winter 2026,tag,2026-02-01,2026-05-04,,AI|Data Labeling|Robotics
31207,Winter 2026,tag,2026-02-01,2026-05-04,,AI Assistant|SaaS|Sales|Sales Enablement
31208,Winter 2026,tag,2026-02-01,2026-05-04,,Artificial Intelligence|Enterprise Software|Security
31209,Winter 2026,tag,2026-02-01,2026-05-04,,Deep Learning|Satellites|Weather
31210,Winter 2026,tag,2026-02-01,2026-05-04,,Artificial Intelligence|DevOps|Developer Tools
31212,Winter 2026,tag,2026-02-01,2026-05-04,,Aerospace|Artificial Intelligence|Satellites
31213,Winter 2026,tag,2026-02-01,2026-05-04,,B2B|Infrastructure|SaaS
31214,Winter 2026,tag,2026-02-01,2026-05-04,,AI|Hardware|Note-taking|Productivity
31215,Winter 2026,tag,2026-02-01,2026-05-04,Artificial Intelligence|Automation,AI
31215,Winter 2026,subindustry,2026-02-01,2026-05-04,B2B -> Operations,"B2B -> Engineering, Product and Design"
31217,Winter 2026,tag,2026-02-01,2026-05-04,,AI|Artificial Intelligence|B2B|Big Data
31219,Winter 2026,tag,2026-02-01,2026-05-04,Artificial Intelligence|Energy|Hardware|Solar Power,AI|Infrastructure
31223,Winter 2026,tag,2026-02-01,2026-05-04,Data Labeling|ML,B2B|Market Research|SaaS
31224,Winter 2026,tag,2026-02-01,2026-05-04,,Artificial Intelligence|Logistics|Robotics
31224,Winter 2026,industry,2026-02-01,2026-05-04,Industrials,B2B
31224,Winter 2026,subindustry,2026-02-01,2026-05-04,Industrials -> Manufacturing and Robotics,B2B -> Supply Chain and Logistics
31227,Winter 2026,tag,2026-02-01,2026-05-04,,Artificial Intelligence|Cryptocurrency|Fintech
31230,Winter 2026,tag,2026-02-01,2026-05-04,,AI|B2B|Finance|Fintech|SaaS
31233,Winter 2026,tag,2026-02-01,2026-05-04,,Industrial|SaaS
31236,Winter 2026,tag,2026-02-01,2026-05-04,,Artificial Intelligence|Automation|Fintech
31240,Winter 2026,tag,2026-02-01,2026-05-04,,Legal|LegalTech
31241,Winter 2026,tag,2026-02-01,2026-05-04,,AI|Artificial Intelligence|B2B|Developer Tools|Enterprise Software
31242,Winter 2026,tag,2026-02-01,2026-05-04,,Analytics|B2B|Machine Learning|SaaS
31243,Winter 2026,tag,2026-02-01,2026-05-04,,Artificial Intelligence|Construction|Proptech|Real Estate
31244,Winter 2026,tag,2026-02-01,2026-05-04,,AI Assistant|Artificial Intelligence|Chatbot|Enterprise|Generative AI
31245,Winter 2026,tag,2026-02-01,2026-05-04,,Energy|Infrastructure|SaaS
31247,Winter 2026,tag,2026-02-01,2026-05-04,,AI|B2B|GovTech|Legal|SaaS
31252,Winter 2026,tag,2026-02-01,2026-05-04,,AI|Analytics|SaaS
31252,Winter 2026,subindustry,2026-02-01,2026-05-04,B2B -> Infrastructure,B2B -> Analytics
31255,Winter 2026,tag,2026-02-01,2026-05-04,Artificial Intelligence|Payments|Payroll,B2B
31255,Winter 2026,subindustry,2026-02-01,2026-05-04,Fintech,Fintech -> Payments
31263,Winter 2026,tag,2026-02-01,2026-05-04,,B2B|Compliance|Marketing
31271,Winter 2026,tag,2026-02-01,2026-05-04,,AI|API|Developer Tools|Geographic Information System|Search
31273,Winter 2026,tag,2026-02-01,2026-05-04,,Fintech
31274,Winter 2026,tag,2026-02-01,2026-05-04,,Artificial Intelligence|Logistics|Supply Chain
31278,Winter 2026,tag,2026-02-01,2026-05-04,,AIOps|Transportation|Workflow Automation
31283,Winter 2026,tag,2026-02-01,2026-05-04,Big Data|Infrastructure,Computer Vision
31283,Winter 2026,subindustry,2026-02-01,2026-05-04,B2B -> Infrastructure,B2B
31285,Winter 2026,tag,2026-02-01,2026-05-04,Agriculture|Computer Vision,Livestock Health|Robotics|Sustainable Agriculture
31287,Winter 2026,tag,2026-02-01,2026-05-04,,Aerospace|Fuel Cells|Hard Tech|Hardware|Maritime
31292,Winter 2026,tag,2026-02-01,2026-05-04,,AI|B2B|Hard Tech|Hardware
31300,Winter 2026,tag,2026-02-01,2026-05-04,Infrastructure,API|Big Data|Social Media
31306,Winter 2026,tag,2026-02-01,2026-05-04,,Design Tools|Entertainment|Generative AI|Media|Video
1530,Winter 2017,subindustry,2026-05-04,2026-06-01,B2B -> Productivity,"B2B -> Engineering, Product and Design"
1548,Winter 2012,tag,2026-05-04,2026-06-01,AI,Artificial Intelligence
1588,Summer 2017,tag,2026-05-04,2026-06-01,,Automotive|Diagnostics
1702,Summer 2017,tag,2026-05-04,2026-06-01,AI,Artificial Intelligence
1778,Winter 2018,tag,2026-05-04,2026-06-01,Artificial Intelligence,Fintech|Latin America|Supply Chain
1953,Summer 2018,tag,2026-05-04,2026-06-01,B2B,Developer Tools
12036,Winter 2019,tag,2026-05-04,2026-06-01,AI,Artificial Intelligence
12074,Winter 2019,industry,2026-05-04,2026-06-01,B2B,Fintech
12074,Winter 2019,subindustry,2026-05-04,2026-06-01,B2B -> Finance and Accounting,Fintech
12090,Winter 2019,tag,2026-05-04,2026-06-01,AI|Consumer,
12090,Winter 2019,subindustry,2026-05-04,2026-06-01,Consumer,Consumer -> Food and Beverage
12618,Summer 2019,tag,2026-05-04,2026-06-01,Artificial Intelligence|Data Engineering,Developer Tools
12632,Summer 2019,tag,2026-05-04,2026-06-01,Artificial Intelligence,AI
13109,Winter 2020,tag,2026-05-04,2026-06-01,Artificial Intelligence,AI
13316,Winter 2020,tag,2026-05-04,2026-06-01,Health Tech,
13346,Winter 2020,tag,2026-05-04,2026-06-01,AI|Biotech|Biotechnology|Sustainable Agriculture,Artificial Intelligence|Vertical Farming
13549,Winter 2020,tag,2026-05-04,2026-06-01,AI,
13549,Winter 2020,subindustry,2026-05-04,2026-06-01,B2B,B2B -> Infrastructure
22744,Winter 2021,tag,2026-05-04,2026-06-01,AI,Artificial Intelligence
22781,Winter 2021,tag,2026-05-04,2026-06-01,AI,Artificial Intelligence
23120,Summer 2021,tag,2026-05-04,2026-06-01,,E-commerce
24355,Summer 2021,tag,2026-05-04,2026-06-01,,Cloud Gaming
24355,Summer 2021,industry,2026-05-04,2026-06-01,Fintech,Consumer
24355,Summer 2021,subindustry,2026-05-04,2026-06-01,Fintech,Consumer -> Gaming
24374,Summer 2021,tag,2026-05-04,2026-06-01,AI|Stocks|Trading,
24526,Summer 2021,tag,2026-05-04,2026-06-01,Artificial Intelligence,AI
24615,Summer 2021,tag,2026-05-04,2026-06-01,,API|Artificial Intelligence|B2B|Generative AI
24727,Summer 2021,tag,2026-05-04,2026-06-01,AI,Artificial Intelligence
24727,Summer 2021,subindustry,2026-05-04,2026-06-01,Healthcare -> Drug Discovery and Delivery,Healthcare -> Therapeutics
25306,Winter 2022,tag,2026-05-04,2026-06-01,Artificial Intelligence,AI
25529,Winter 2022,tag,2026-05-04,2026-06-01,AI,Artificial Intelligence
25732,Winter 2022,tag,2026-05-04,2026-06-01,Advertising|SEO,Generative AI|No-code
25950,Winter 2022,tag,2026-05-04,2026-06-01,,NFT
26704,Summer 2022,tag,2026-05-04,2026-06-01,ML|Real Estate,
26704,Summer 2022,industry,2026-05-04,2026-06-01,Fintech,B2B
26704,Summer 2022,subindustry,2026-05-04,2026-06-01,Fintech -> Consumer Finance,B2B
26739,Summer 2022,tag,2026-05-04,2026-06-01,AI,Compliance|Fintech|HR Tech|Payroll|SaaS
26739,Summer 2022,subindustry,2026-05-04,2026-06-01,B2B -> Productivity,B2B -> Human Resources
26818,Summer 2022,tag,2026-05-04,2026-06-01,,Finance|Productivity
26818,Summer 2022,subindustry,2026-05-04,2026-06-01,B2B,B2B -> Finance and Accounting
26837,Winter 2023,tag,2026-05-04,2026-06-01,AI Assistant|Investing|Real Estate,API|Generative AI|SaaS
26837,Winter 2023,subindustry,2026-05-04,2026-06-01,B2B -> Productivity,B2B -> Infrastructure
26851,Summer 2022,tag,2026-05-04,2026-06-01,AI,Artificial Intelligence
26877,Summer 2022,tag,2026-05-04,2026-06-01,Artificial Intelligence,AI
26912,Summer 2022,tag,2026-05-04,2026-06-01,Artificial Intelligence,AI
27037,Summer 2022,tag,2026-05-04,2026-06-01,AI,Artificial Intelligence
27108,Summer 2022,tag,2026-05-04,2026-06-01,AI,Artificial Intelligence
27162,Summer 2022,tag,2026-05-04,2026-06-01,AI,Artificial Intelligence
27185,Summer 2022,tag,2026-05-04,2026-06-01,Artificial Intelligence,AI
27583,Winter 2023,tag,2026-05-04,2026-06-01,Artificial Intelligence,AI
27926,Winter 2023,tag,2026-05-04,2026-06-01,Artificial Intelligence,AI
27952,Winter 2023,tag,2026-05-04,2026-06-01,AI,Artificial Intelligence
28115,Winter 2023,tag,2026-05-04,2026-06-01,,AI|Developer Tools|SaaS
28303,Winter 2023,industry,2026-05-04,2026-06-01,Consumer,B2B
28303,Winter 2023,subindustry,2026-05-04,2026-06-01,Consumer,"B2B -> Engineering, Product and Design"
28367,Winter 2023,tag,2026-05-04,2026-06-01,AI|Enterprise Software,Artificial Intelligence|Compliance|Sales|Security
28367,Winter 2023,subindustry,2026-05-04,2026-06-01,B2B,B2B -> Security
28809,Summer 2023,tag,2026-05-04,2026-06-01,AI,Artificial Intelligence
28816,Summer 2023,tag,2026-05-04,2026-06-01,Artificial Intelligence|Healthcare,Generative AI
28844,Summer 2023,tag,2026-05-04,2026-06-01,AI,Artificial Intelligence
28891,Summer 2023,tag,2026-05-04,2026-06-01,AI,Artificial Intelligence
28932,Summer 2023,tag,2026-05-04,2026-06-01,Enterprise Software,
28976,Summer 2023,tag,2026-05-04,2026-06-01,Artificial Intelligence,AI
28991,Summer 2023,tag,2026-05-04,2026-06-01,,Artificial Intelligence|B2B|Legal|LegalTech
29001,Summer 2023,tag,2026-05-04,2026-06-01,Artificial Intelligence|Finance,AI|Developer Tools|Infrastructure|No-code
29001,Summer 2023,subindustry,2026-05-04,2026-06-01,B2B -> Finance and Accounting,B2B -> Infrastructure
29071,Summer 2023,tag,2026-05-04,2026-06-01,AI|Finance|Fintech,Artificial Intelligence|Energy
29137,Summer 2023,tag,2026-05-04,2026-06-01,Artificial Intelligence,AI
29244,Winter 2024,tag,2026-05-04,2026-06-01,AI,Artificial Intelligence
29251,Summer 2024,tag,2026-05-04,2026-06-01,AI,Artificial Intelligence
29254,Winter 2024,tag,2026-05-04,2026-06-01,AI,Artificial Intelligence
29284,Winter 2024,tag,2026-05-04,2026-06-01,AI,Artificial Intelligence
29296,Summer 2024,tag,2026-05-04,2026-06-01,AI,Artificial Intelligence
29315,Winter 2024,tag,2026-05-04,2026-06-01,Artificial Intelligence,AI
29378,Winter 2024,tag,2026-05-04,2026-06-01,AI|Social|Social Network,
29378,Winter 2024,industry,2026-05-04,2026-06-01,Consumer,B2B
29378,Winter 2024,subindustry,2026-05-04,2026-06-01,Consumer -> Social,"B2B -> Engineering, Product and Design"
29425,Winter 2024,tag,2026-05-04,2026-06-01,Artificial Intelligence,AI
29442,Winter 2024,tag,2026-05-04,2026-06-01,AI|Speech Recognition,Artificial Intelligence|Computer Vision|Developer Tools
29478,Winter 2024,tag,2026-05-04,2026-06-01,Artificial Intelligence|Logistics|Workflow Automation,
29516,Winter 2024,industry,2026-05-04,2026-06-01,B2B,Consumer
29516,Winter 2024,subindustry,2026-05-04,2026-06-01,"B2B -> Engineering, Product and Design",Consumer -> Content
29527,Winter 2024,tag,2026-05-04,2026-06-01,Biotech|Drug discovery|Gene Therapy|Synthetic Biology|Therapeutics,
29585,Summer 2024,tag,2026-05-04,2026-06-01,AI,Artificial Intelligence
29588,Summer 2024,tag,2026-05-04,2026-06-01,AI,Artificial Intelligence
29623,Summer 2024,tag,2026-05-04,2026-06-01,AI,Artificial Intelligence
29643,Summer 2024,tag,2026-05-04,2026-06-01,AI,Artificial Intelligence
29646,Summer 2024,tag,2026-05-04,2026-06-01,AI,Artificial Intelligence
29655,Summer 2024,tag,2026-05-04,2026-06-01,Operations|Workflow Automation,SaaS
29687,Summer 2024,tag,2026-05-04,2026-06-01,Artificial Intelligence,AI
29695,Summer 2024,tag,2026-05-04,2026-06-01,Artificial Intelligence,AI
29740,Summer 2024,tag,2026-05-04,2026-06-01,Artificial Intelligence|Enterprise|Workflow Automation,AI|Enterprise Software
29790,Winter 2025,tag,2026-05-04,2026-06-01,Artificial Intelligence,AI
29791,Summer 2024,tag,2026-05-04,2026-06-01,AI,Artificial Intelligence
29797,Summer 2024,tag,2026-05-04,2026-06-01,Artificial Intelligence,AI
29823,Summer 2024,tag,2026-05-04,2026-06-01,AI Assistant|Artificial Intelligence,AI|Climate
29841,Summer 2024,tag,2026-05-04,2026-06-01,Artificial Intelligence|Legal,AI|SaaS
29844,Summer 2024,tag,2026-05-04,2026-06-01,AI,Artificial Intelligence
29848,Summer 2024,tag,2026-05-04,2026-06-01,AI|Developer Tools,Artificial Intelligence|Civic Tech|GovTech
29987,Summer 2024,tag,2026-05-04,2026-06-01,AI,Artificial Intelligence
30043,Fall 2024,tag,2026-05-04,2026-06-01,API|Artificial Intelligence|Developer Tools,AI|AI Assistant|Productivity
30057,Fall 2024,tag,2026-05-04,2026-06-01,AI,Artificial Intelligence
30060,Fall 2024,tag,2026-05-04,2026-06-01,AI,Artificial Intelligence
30063,Fall 2024,tag,2026-05-04,2026-06-01,Artificial Intelligence|Developer Tools,
30064,Fall 2024,tag,2026-05-04,2026-06-01,AI|Health Tech,Artificial Intelligence|Social
30066,Fall 2024,tag,2026-05-04,2026-06-01,Sales,
30080,Fall 2024,subindustry,2026-05-04,2026-06-01,B2B -> Finance and Accounting,B2B -> Operations
30097,Fall 2024,tag,2026-05-04,2026-06-01,Artificial Intelligence,AI
30110,Fall 2024,tag,2026-05-04,2026-06-01,AI,Artificial Intelligence
30129,Fall 2024,tag,2026-05-04,2026-06-01,Artificial Intelligence,AI
30190,Winter 2025,tag,2026-05-04,2026-06-01,Electric Vehicles|Electronics,
30214,Winter 2025,tag,2026-05-04,2026-06-01,Consumer Products|Conversational AI,Automation|Retail Tech|Supply Chain
30215,Winter 2025,tag,2026-05-04,2026-06-01,Artificial Intelligence,AI
30223,Winter 2025,tag,2026-05-04,2026-06-01,Artificial Intelligence,AI
30230,Winter 2025,tag,2026-05-04,2026-06-01,AI,Artificial Intelligence
30250,Winter 2025,tag,2026-05-04,2026-06-01,,Artificial Intelligence|B2B|Dental|SaaS
30259,Winter 2025,tag,2026-05-04,2026-06-01,Health Tech,AI
30267,Winter 2025,tag,2026-05-04,2026-06-01,AI,Artificial Intelligence
30274,Winter 2025,tag,2026-05-04,2026-06-01,AI,Artificial Intelligence
30296,Winter 2025,tag,2026-05-04,2026-06-01,Sales|Sales Enablement,
30296,Winter 2025,subindustry,2026-05-04,2026-06-01,B2B -> Sales,"B2B -> Engineering, Product and Design"
30322,Winter 2025,tag,2026-05-04,2026-06-01,AI,Artificial Intelligence
30340,Winter 2025,tag,2026-05-04,2026-06-01,Enterprise|Workflow Automation,AI Assistant|Productivity
30352,Summer 2025,tag,2026-05-04,2026-06-01,Artificial Intelligence|Reinforcement Learning,AI|Developer Tools|Open Source
30363,Winter 2025,tag,2026-05-04,2026-06-01,Developer Tools,
30406,Spring 2025,tag,2026-05-04,2026-06-01,AI,Artificial Intelligence
30427,Spring 2025,tag,2026-05-04,2026-06-01,Artificial Intelligence,AI
30430,Spring 2025,tag,2026-05-04,2026-06-01,Artificial Intelligence,AI
30437,Spring 2025,tag,2026-05-04,2026-06-01,Artificial Intelligence,AI
30443,Spring 2025,tag,2026-05-04,2026-06-01,Artificial Intelligence|Education,AI|B2B|Productivity|Reinforcement Learning
30443,Spring 2025,industry,2026-05-04,2026-06-01,Education,Consumer
30443,Spring 2025,subindustry,2026-05-04,2026-06-01,Education,Consumer
30453,Spring 2025,tag,2026-05-04,2026-06-01,API|Artificial Intelligence|Documents|Finance|Insurance,
30468,Spring 2025,tag,2026-05-04,2026-06-01,AI,Artificial Intelligence
30479,Spring 2025,tag,2026-05-04,2026-06-01,AI,Artificial Intelligence
30485,Spring 2025,tag,2026-05-04,2026-06-01,Artificial Intelligence,AI
30521,Spring 2025,tag,2026-05-04,2026-06-01,Machine Learning,Developer Tools|Monitoring
30543,Spring 2025,tag,2026-05-04,2026-06-01,Home Services,
30557,Spring 2025,tag,2026-05-04,2026-06-01,,Artificial Intelligence|Enterprise Software|Health Tech|Insurance|Workflow Automation
30559,Spring 2025,tag,2026-05-04,2026-06-01,Artificial Intelligence,AI
30566,Summer 2025,industry,2026-05-04,2026-06-01,B2B,Consumer
30566,Summer 2025,subindustry,2026-05-04,2026-06-01,B2B -> Analytics,Consumer
30608,Summer 2025,tag,2026-05-04,2026-06-01,AI,Artificial Intelligence
30613,Summer 2025,tag,2026-05-04,2026-06-01,,AI|AI-powered Drug Discovery|Biotech
30636,Summer 2025,tag,2026-05-04,2026-06-01,Artificial Intelligence|GovTech,
30644,Summer 2025,tag,2026-05-04,2026-06-01,Artificial Intelligence,AI
30651,Summer 2025,tag,2026-05-04,2026-06-01,AI,Artificial Intelligence
30653,Summer 2025,tag,2026-05-04,2026-06-01,Artificial Intelligence,AI
30663,Summer 2025,tag,2026-05-04,2026-06-01,API|Artificial Intelligence|Insurance,
30663,Summer 2025,subindustry,2026-05-04,2026-06-01,B2B -> Analytics,B2B -> Operations
30680,Summer 2025,tag,2026-05-04,2026-06-01,AI,Artificial Intelligence
30700,Summer 2025,tag,2026-05-04,2026-06-01,AI|Consumer,API|Artificial Intelligence
30719,Summer 2025,tag,2026-05-04,2026-06-01,Artificial Intelligence,AI
30720,Summer 2025,tag,2026-05-04,2026-06-01,AI,Artificial Intelligence
30736,Summer 2025,tag,2026-05-04,2026-06-01,Artificial Intelligence|Conversational AI|Real Estate,AI|CRM|Generative AI|SaaS
30739,Summer 2025,tag,2026-05-04,2026-06-01,AI|Sales,Artificial Intelligence|Data Visualization
30774,Summer 2025,tag,2026-05-04,2026-06-01,Artificial Intelligence,AI
30804,Summer 2025,tag,2026-05-04,2026-06-01,Artificial Intelligence,AI
30828,Fall 2025,tag,2026-05-04,2026-06-01,,AI|Design
30844,Fall 2025,tag,2026-05-04,2026-06-01,AI,Artificial Intelligence
30857,Fall 2025,tag,2026-05-04,2026-06-01,AI,Artificial Intelligence
30867,Fall 2025,tag,2026-05-04,2026-06-01,Artificial Intelligence,AI
30871,Fall 2025,tag,2026-05-04,2026-06-01,AI Assistant|Artificial Intelligence,AI|Computer Vision
30874,Fall 2025,tag,2026-05-04,2026-06-01,Customer Success,Developer Tools
30878,Fall 2025,tag,2026-05-04,2026-06-01,,AI|B2B|SaaS
30880,Fall 2025,tag,2026-05-04,2026-06-01,,AI|Artificial Intelligence|Chat|Consumer|Search
30885,Fall 2025,tag,2026-05-04,2026-06-01,AI,Artificial Intelligence|Design Tools
30885,Fall 2025,subindustry,2026-05-04,2026-06-01,B2B,"B2B -> Engineering, Product and Design"
30911,Fall 2025,tag,2026-05-04,2026-06-01,Artificial Intelligence,AI
30912,Fall 2025,tag,2026-05-04,2026-06-01,AI,Artificial Intelligence|Customer Support
30918,Fall 2025,tag,2026-05-04,2026-06-01,Compliance,SaaS
30928,Fall 2025,tag,2026-05-04,2026-06-01,AI,Artificial Intelligence
30932,Fall 2025,tag,2026-05-04,2026-06-01,AI,Artificial Intelligence
30937,Fall 2025,tag,2026-05-04,2026-06-01,Artificial Intelligence,AI
30940,Fall 2025,tag,2026-05-04,2026-06-01,B2B,Entertainment|Generative AI
30943,Fall 2025,tag,2026-05-04,2026-06-01,Artificial Intelligence,AI
30946,Fall 2025,tag,2026-05-04,2026-06-01,AI,Artificial Intelligence
30947,Fall 2025,tag,2026-05-04,2026-06-01,AI,Artificial Intelligence
30970,Fall 2025,tag,2026-05-04,2026-06-01,,Artificial Intelligence|Biotechnology|Drug discovery|Machine Learning|Synthetic Biology
30972,Fall 2025,tag,2026-05-04,2026-06-01,,AI Assistant|Artificial Intelligence|B2B|Developer Tools|Enterprise
30975,Fall 2025,tag,2026-05-04,2026-06-01,Artificial Intelligence|Operations,
30975,Fall 2025,subindustry,2026-05-04,2026-06-01,B2B -> Operations,B2B -> Infrastructure
30981,Fall 2025,tag,2026-05-04,2026-06-01,AI,Artificial Intelligence
30995,Fall 2025,tag,2026-05-04,2026-06-01,Artificial Intelligence|Conversational AI|Data Engineering|Generative AI,
30999,Fall 2025,tag,2026-05-04,2026-06-01,AI|Cybersecurity,
31000,Winter 2026,tag,2026-05-04,2026-06-01,Artificial Intelligence|Legal|LegalTech|Operations,
31009,Fall 2025,subindustry,2026-05-04,2026-06-01,B2B,B2B -> Marketing
31030,Winter 2026,tag,2026-05-04,2026-06-01,AI|Supply Chain,Reinforcement Learning
31051,Winter 2026,tag,2026-05-04,2026-06-01,Artificial Intelligence|B2B|Consumer|Data Engineering|SaaS,
31063,Spring 2026,tag,2026-05-04,2026-06-01,,AI|Healthcare|Telehealth|Telemedicine
31076,Spring 2026,tag,2026-05-04,2026-06-01,Digital Health,Fitness
31080,Winter 2026,tag,2026-05-04,2026-06-01,,AI|Biometrics|Fraud Detection|Fraud Prevention|Identity
31101,Winter 2026,tag,2026-05-04,2026-06-01,,Artificial Intelligence|B2B|Immigration|Legal|SaaS
31102,Spring 2026,tag,2026-05-04,2026-06-01,Industrial,
31191,Winter 2026,tag,2026-05-04,2026-06-01,AI|Machine Learning|Reinforcement Learning,
31193,Spring 2026,tag,2026-05-04,2026-06-01,,Aerospace|Drones|GovTech|Hard Tech|Hardware
31215,Winter 2026,tag,2026-05-04,2026-06-01,AI,Artificial Intelligence
31216,Summer 2026,tag,2026-05-04,2026-06-01,AI,Artificial Intelligence
31222,Spring 2026,tag,2026-05-04,2026-06-01,,AI
31223,Winter 2026,tag,2026-05-04,2026-06-01,AI,Artificial Intelligence
31241,Winter 2026,tag,2026-05-04,2026-06-01,Artificial Intelligence|B2B|Developer Tools|Enterprise Software,
31246,Spring 2026,tag,2026-05-04,2026-06-01,Developer Tools|Open Source,
31263,Winter 2026,tag,2026-05-04,2026-06-01,AI Assistant|B2B|Calendar|Email|Productivity,
31263,Winter 2026,subindustry,2026-05-04,2026-06-01,B2B -> Productivity,B2B
31283,Winter 2026,tag,2026-05-04,2026-06-01,Artificial Intelligence|Culture,AI|Big Data|Infrastructure|Machine Learning
31295,Winter 2026,tag,2026-05-04,2026-06-01,AI|AIOps|B2B|FinOps,Automation|Reinforcement Learning
31323,Spring 2026,tag,2026-05-04,2026-06-01,AI,Artificial Intelligence
31333,Spring 2026,tag,2026-05-04,2026-06-01,Infrastructure,AI Assistant|Swarm AI
31333,Spring 2026,industry,2026-05-04,2026-06-01,B2B,Consumer
31333,Spring 2026,subindustry,2026-05-04,2026-06-01,B2B,Consumer
31345,Spring 2026,tag,2026-05-04,2026-06-01,Artificial Intelligence|B2B|SaaS,AI
31360,Spring 2026,tag,2026-05-04,2026-06-01,AI|B2B|Enterprise Software|Generative AI,
31364,Spring 2026,tag,2026-05-04,2026-06-01,API|Artificial Intelligence|Conversational AI|Customer Support,AI|AI Assistant|B2B|Sales
31364,Spring 2026,subindustry,2026-05-04,2026-06-01,B2B,B2B -> Sales
31369,Spring 2026,tag,2026-05-04,2026-06-01,AI,Artificial Intelligence
31373,Spring 2026,tag,2026-05-04,2026-06-01,Artificial Intelligence|Generative AI,AI|AI-Enhanced Learning
31374,Spring 2026,tag,2026-05-04,2026-06-01,,Drones|Industrial
31375,Spring 2026,tag,2026-05-04,2026-06-01,Robotics,
31376,Spring 2026,tag,2026-05-04,2026-06-01,Artificial Intelligence,AI
31380,Spring 2026,tag,2026-05-04,2026-06-01,AI|Developer Tools|Open Source,B2B|SaaS|Sales Enablement
31380,Spring 2026,subindustry,2026-05-04,2026-06-01,"B2B -> Engineering, Product and Design",B2B -> Sales
31385,Spring 2026,tag,2026-05-04,2026-06-01,,Artificial Intelligence|B2B|Lending
31391,Spring 2026,tag,2026-05-04,2026-06-01,AIOps|Artificial Intelligence|Automation,Consumer Finance
31396,Spring 2026,tag,2026-05-04,2026-06-01,Enterprise Software|Logistics|Supply Chain,Documents
31402,Spring 2026,tag,2026-05-04,2026-06-01,Marketplace,Consumer|Recruiting
31402,Spring 2026,industry,2026-05-04,2026-06-01,B2B,Consumer
31402,Spring 2026,subindustry,2026-05-04,2026-06-01,B2B -> Recruiting and Talent,Consumer -> Job and Career Services
31404,Spring 2026,subindustry,2026-05-04,2026-06-01,B2B -> Productivity,B2B -> Operations
31410,Spring 2026,tag,2026-05-04,2026-06-01,Artificial Intelligence,AI
31418,Spring 2026,tag,2026-05-04,2026-06-01,Artificial Intelligence,AI
31419,Spring 2026,tag,2026-05-04,2026-06-01,AI,Artificial Intelligence
31424,Spring 2026,tag,2026-05-04,2026-06-01,AI|Enterprise|Enterprise Software|SaaS,Artificial Intelligence
31426,Spring 2026,tag,2026-05-04,2026-06-01,AI|B2B|Sales,
31427,Spring 2026,tag,2026-05-04,2026-06-01,AI,Artificial Intelligence
31439,Spring 2026,tag,2026-05-04,2026-06-01,Automotive|Workflow Automation,AI-powered Drug Discovery|Biotech|Machine Learning
31440,Spring 2026,tag,2026-05-04,2026-06-01,B2B|Fintech,AIOps|Security
31442,Spring 2026,tag,2026-05-04,2026-06-01,Drones|Robotics|Swarm AI,Batteryless IoT Sensors|Climate
31442,Spring 2026,subindustry,2026-05-04,2026-06-01,Industrials -> Defense,Industrials -> Energy
31445,Spring 2026,tag,2026-05-04,2026-06-01,,B2B|Health Tech|Healthcare|SaaS
31451,Spring 2026,tag,2026-05-04,2026-06-01,AI|Neobank,
31458,Spring 2026,tag,2026-05-04,2026-06-01,Artificial Intelligence|Developer Tools,
31458,Spring 2026,industry,2026-05-04,2026-06-01,B2B,Consumer
31458,Spring 2026,subindustry,2026-05-04,2026-06-01,B2B -> Productivity,Consumer
31460,Spring 2026,tag,2026-05-04,2026-06-01,AI,Artificial Intelligence
31473,Spring 2026,tag,2026-05-04,2026-06-01,,AI|B2B|SaaS|Social Media
31481,Spring 2026,tag,2026-05-04,2026-06-01,Manufacturing|Procurement,
31482,Spring 2026,tag,2026-05-04,2026-06-01,B2B,Consumer Products
31489,Spring 2026,tag,2026-05-04,2026-06-01,AI,Artificial Intelligence
31491,Spring 2026,tag,2026-05-04,2026-06-01,Artificial Intelligence|B2B|Developer Tools,AI
31507,Spring 2026,tag,2026-05-04,2026-06-01,AI,Artificial Intelligence
31512,Spring 2026,tag,2026-05-04,2026-06-01,Artificial Intelligence,AI
31518,Spring 2026,tag,2026-05-04,2026-06-01,Artificial Intelligence,AI
31520,Spring 2026,tag,2026-05-04,2026-06-01,,B2B|Conversational AI|E-commerce
31528,Spring 2026,tag,2026-05-04,2026-06-01,,AI|Artificial Intelligence|Recruiting
31528,Spring 2026,subindustry,2026-05-04,2026-06-01,B2B,B2B -> Human Resources
31531,Spring 2026,tag,2026-05-04,2026-06-01,Artificial Intelligence,AI
31531,Spring 2026,subindustry,2026-05-04,2026-06-01,B2B -> Marketing,B2B
31536,Spring 2026,tag,2026-05-04,2026-06-01,AI,Artificial Intelligence
31546,Spring 2026,tag,2026-05-04,2026-06-01,AI,Artificial Intelligence
31550,Spring 2026,tag,2026-05-04,2026-06-01,AI|Consumer,Artificial Intelligence|B2B
31560,Spring 2026,tag,2026-05-04,2026-06-01,Artificial Intelligence,AI
31561,Spring 2026,tag,2026-05-04,2026-06-01,Aerospace|Hard Tech,Artificial Intelligence|Manufacturing
31564,Spring 2026,tag,2026-05-04,2026-06-01,,Customization|Generative AI|Insurance
52,Winter 2012,tag,2026-06-01,2026-07-01,Defense,
691,Summer 2014,tag,2026-06-01,2026-07-01,Defense,
774,Winter 2015,tag,2026-06-01,2026-07-01,AI-Enhanced Learning|Sales Enablement,Subscriptions|Video
774,Winter 2015,industry,2026-06-01,2026-07-01,B2B,Education
774,Winter 2015,subindustry,2026-06-01,2026-07-01,B2B -> Productivity,Education
856,Winter 2015,tag,2026-06-01,2026-07-01,Artificial Intelligence,AI
1034,Winter 2016,tag,2026-06-01,2026-07-01,Artificial Intelligence|Marketing,
1300,Summer 2016,tag,2026-06-01,2026-07-01,Defense,
1891,Summer 2018,tag,2026-06-01,2026-07-01,AI|Enterprise,ML
1891,Summer 2018,subindustry,2026-06-01,2026-07-01,B2B,B2B -> Productivity
1940,Summer 2018,tag,2026-06-01,2026-07-01,Artificial Intelligence,AI
12071,Winter 2019,tag,2026-06-01,2026-07-01,Defense,
12862,Summer 2019,tag,2026-06-01,2026-07-01,AI,Artificial Intelligence
12974,Winter 2020,tag,2026-06-01,2026-07-01,APIs|Artificial Intelligence,Developer Tools|Fintech|Payments
13705,Winter 2020,tag,2026-06-01,2026-07-01,Artificial Intelligence,
21784,Summer 2020,tag,2026-06-01,2026-07-01,Artificial Intelligence,AI
22273,Summer 2020,tag,2026-06-01,2026-07-01,AI,Artificial Intelligence
22632,Winter 2021,tag,2026-06-01,2026-07-01,Artificial Intelligence,SaaS
22708,Winter 2021,tag,2026-06-01,2026-07-01,Artificial Intelligence,AI
22876,Winter 2021,tag,2026-06-01,2026-07-01,Defense,
23105,Winter 2021,tag,2026-06-01,2026-07-01,AI,Artificial Intelligence
23105,Winter 2021,subindustry,2026-06-01,2026-07-01,B2B -> Recruiting and Talent,B2B -> Retail
23431,Winter 2021,tag,2026-06-01,2026-07-01,Conversational AI,
23530,Winter 2021,tag,2026-06-01,2026-07-01,AIOps|Analytics,AI-Enhanced Learning|Data Engineering
23530,Winter 2021,subindustry,2026-06-01,2026-07-01,"B2B -> Engineering, Product and Design",B2B -> Productivity
23636,Winter 2021,tag,2026-06-01,2026-07-01,AI|B2B|Construction|Scheduling,Consumer Health Services|Mental Health|Subscriptions
23636,Winter 2021,industry,2026-06-01,2026-07-01,Real Estate and Construction,Healthcare
23636,Winter 2021,subindustry,2026-06-01,2026-07-01,Real Estate and Construction -> Construction,Healthcare -> Consumer Health and Wellness
24137,Summer 2021,tag,2026-06-01,2026-07-01,AI,Artificial Intelligence
24230,Summer 2021,tag,2026-06-01,2026-07-01,Defense,
24382,Summer 2021,tag,2026-06-01,2026-07-01,Defense,
24390,Summer 2021,tag,2026-06-01,2026-07-01,AI,Artificial Intelligence
24868,Summer 2021,tag,2026-06-01,2026-07-01,Defense,
25342,Winter 2022,tag,2026-06-01,2026-07-01,Artificial Intelligence,AI
25348,Winter 2022,tag,2026-06-01,2026-07-01,Artificial Intelligence,AI|Compliance
25402,Winter 2022,tag,2026-06-01,2026-07-01,Drones,Developer Tools
25402,Winter 2022,industry,2026-06-01,2026-07-01,Industrials,B2B
25402,Winter 2022,subindustry,2026-06-01,2026-07-01,Industrials -> Drones,B2B -> Infrastructure
25522,Winter 2022,tag,2026-06-01,2026-07-01,AI Assistant|Artificial Intelligence,
26138,Winter 2022,tag,2026-06-01,2026-07-01,Mining,AI
26138,Winter 2022,industry,2026-06-01,2026-07-01,Industrials,Real Estate and Construction
26138,Winter 2022,subindustry,2026-06-01,2026-07-01,Industrials -> Energy,Real Estate and Construction -> Construction
26662,Summer 2022,tag,2026-06-01,2026-07-01,AI,Artificial Intelligence
26693,Summer 2022,tag,2026-06-01,2026-07-01,AI|Call Center|Conversational AI,API|Artificial Intelligence
26704,Summer 2022,tag,2026-06-01,2026-07-01,Artificial Intelligence,AI
26712,Summer 2022,tag,2026-06-01,2026-07-01,AI,Artificial Intelligence
26800,Summer 2022,tag,2026-06-01,2026-07-01,AI,Artificial Intelligence
26825,Summer 2022,tag,2026-06-01,2026-07-01,Artificial Intelligence,AI
26837,Winter 2023,tag,2026-06-01,2026-07-01,Open Source|Productivity,Investing|Real Estate
27039,Summer 2022,tag,2026-06-01,2026-07-01,Artificial Intelligence,AI
27039,Summer 2022,subindustry,2026-06-01,2026-07-01,B2B -> Legal,B2B -> Operations
27051,Summer 2022,tag,2026-06-01,2026-07-01,Artificial Intelligence,AI
27250,Summer 2022,tag,2026-06-01,2026-07-01,AI,Artificial Intelligence
27583,Winter 2023,tag,2026-06-01,2026-07-01,AI,Artificial Intelligence
27811,Winter 2023,tag,2026-06-01,2026-07-01,SaaS|Workflow Automation,
27817,Winter 2023,subindustry,2026-06-01,2026-07-01,Fintech,Fintech -> Payments
27843,Winter 2023,tag,2026-06-01,2026-07-01,Advertising|Video,AI Assistant|Sales
27870,Winter 2023,tag,2026-06-01,2026-07-01,AI,Artificial Intelligence
27896,Winter 2023,tag,2026-06-01,2026-07-01,AI,Artificial Intelligence
28089,Winter 2023,tag,2026-06-01,2026-07-01,AI Assistant|Consumer Finance,B2B|Enterprise
28089,Winter 2023,industry,2026-06-01,2026-07-01,Fintech,B2B
28089,Winter 2023,subindustry,2026-06-01,2026-07-01,Fintech -> Consumer Finance,B2B
28183,Winter 2023,tag,2026-06-01,2026-07-01,AI,Artificial Intelligence
28369,Winter 2023,tag,2026-06-01,2026-07-01,AI,
28776,Summer 2023,tag,2026-06-01,2026-07-01,Artificial Intelligence,AI
28780,Summer 2023,tag,2026-06-01,2026-07-01,AI,Artificial Intelligence
28780,Summer 2023,industry,2026-06-01,2026-07-01,Healthcare,Fintech
28780,Summer 2023,subindustry,2026-06-01,2026-07-01,Healthcare -> Healthcare IT,Fintech -> Insurance
28811,Summer 2023,tag,2026-06-01,2026-07-01,Artificial Intelligence,AI
28841,Summer 2026,tag,2026-06-01,2026-07-01,Hardware,Computer Vision
28841,Summer 2026,industry,2026-06-01,2026-07-01,Industrials,B2B
28841,Summer 2026,subindustry,2026-06-01,2026-07-01,Industrials,B2B
28884,Summer 2023,tag,2026-06-01,2026-07-01,,Sales
28884,Summer 2023,subindustry,2026-06-01,2026-07-01,B2B,B2B -> Sales
28929,Summer 2023,tag,2026-06-01,2026-07-01,Artificial Intelligence,AI
28957,Summer 2023,tag,2026-06-01,2026-07-01,,AI|DevOps|DevSecOps
29002,Summer 2023,tag,2026-06-01,2026-07-01,,AI
29079,Summer 2023,tag,2026-06-01,2026-07-01,Artificial Intelligence,AI
29117,Summer 2023,tag,2026-06-01,2026-07-01,Artificial Intelligence|Marketing|SMB|Sales|Sales Enablement,
29134,Summer 2023,tag,2026-06-01,2026-07-01,AI,Artificial Intelligence
29155,Spring 2026,tag,2026-06-01,2026-07-01,,AI|AI Assistant|Artificial Intelligence|Consumer
29160,Summer 2023,tag,2026-06-01,2026-07-01,AI,Artificial Intelligence
29160,Summer 2023,industry,2026-06-01,2026-07-01,B2B,Consumer
29160,Summer 2023,subindustry,2026-06-01,2026-07-01,B2B -> Operations,Consumer
29181,Winter 2024,tag,2026-06-01,2026-07-01,Artificial Intelligence,AI
29183,Winter 2024,tag,2026-06-01,2026-07-01,AI,Artificial Intelligence
29241,Winter 2024,tag,2026-06-01,2026-07-01,Artificial Intelligence|Industrial,AI
29249,Winter 2024,tag,2026-06-01,2026-07-01,AI,Artificial Intelligence
29249,Winter 2024,industry,2026-06-01,2026-07-01,Consumer,B2B
29249,Winter 2024,subindustry,2026-06-01,2026-07-01,Consumer,B2B
29256,Winter 2024,tag,2026-06-01,2026-07-01,Artificial Intelligence,AI
29303,Winter 2024,tag,2026-06-01,2026-07-01,AI,Artificial Intelligence|Crypto / Web3
29308,Winter 2024,tag,2026-06-01,2026-07-01,,Design Tools|Electronics|Hardware|SaaS
29311,Winter 2024,tag,2026-06-01,2026-07-01,,Artificial Intelligence|DevOps|Developer Tools|Infrastructure
29333,Winter 2024,tag,2026-06-01,2026-07-01,Artificial Intelligence,AI
29341,Winter 2024,tag,2026-06-01,2026-07-01,AI,Artificial Intelligence
29380,Winter 2024,tag,2026-06-01,2026-07-01,AI|Travel,Artificial Intelligence|Customer Support|Messaging
29398,Winter 2024,tag,2026-06-01,2026-07-01,Artificial Intelligence,AI
29398,Winter 2024,subindustry,2026-06-01,2026-07-01,B2B -> Operations,B2B -> Productivity
29478,Winter 2024,tag,2026-06-01,2026-07-01,AI,Artificial Intelligence
29574,Summer 2024,tag,2026-06-01,2026-07-01,AI,Artificial Intelligence
29589,Summer 2024,tag,2026-06-01,2026-07-01,Defense,
29623,Summer 2024,tag,2026-06-01,2026-07-01,Artificial Intelligence,AI
29646,Summer 2024,tag,2026-06-01,2026-07-01,Artificial Intelligence,AI
29694,Summer 2024,tag,2026-06-01,2026-07-01,Diagnostics|Nanosensors,AI-powered Drug Discovery|SaaS
29694,Summer 2024,subindustry,2026-06-01,2026-07-01,Healthcare -> Diagnostics,Healthcare -> Industrial Bio
29697,Summer 2025,tag,2026-06-01,2026-07-01,AI,Artificial Intelligence
29706,Summer 2024,tag,2026-06-01,2026-07-01,AI|Consumer Health Services|Digital Health,
29719,Summer 2024,tag,2026-06-01,2026-07-01,Artificial Intelligence,AI
29751,Summer 2024,tag,2026-06-01,2026-07-01,Artificial Intelligence,AI
29754,Summer 2024,tag,2026-06-01,2026-07-01,Artificial Intelligence,AI
29767,Summer 2024,tag,2026-06-01,2026-07-01,AI,Artificial Intelligence
29777,Summer 2024,tag,2026-06-01,2026-07-01,Hard Tech|Infrastructure,Hardware
29786,Summer 2024,tag,2026-06-01,2026-07-01,AI,Artificial Intelligence
29797,Summer 2024,tag,2026-06-01,2026-07-01,AI,Artificial Intelligence
29801,Summer 2024,tag,2026-06-01,2026-07-01,Artificial Intelligence,AI
29810,Summer 2024,tag,2026-06-01,2026-07-01,API|Big Data,Artificial Intelligence|Consumer Finance|Finance
29810,Summer 2024,industry,2026-06-01,2026-07-01,B2B,Fintech
29810,Summer 2024,subindustry,2026-06-01,2026-07-01,B2B -> Infrastructure,Fintech -> Consumer Finance
29814,Summer 2024,tag,2026-06-01,2026-07-01,Aerospace|Defense,
29814,Summer 2024,subindustry,2026-06-01,2026-07-01,Industrials -> Manufacturing and Robotics,Industrials
29828,Summer 2024,tag,2026-06-01,2026-07-01,AI Assistant|Artificial Intelligence|Legal|LegalTech,AI|Consumer|Conversational AI|Mental Health|Productivity
29828,Summer 2024,industry,2026-06-01,2026-07-01,B2B,Consumer
29828,Summer 2024,subindustry,2026-06-01,2026-07-01,B2B -> Legal,Consumer -> Content
29841,Summer 2024,tag,2026-06-01,2026-07-01,AI,Artificial Intelligence
29848,Summer 2024,tag,2026-06-01,2026-07-01,B2B|Procurement,AI|Developer Tools
29848,Summer 2024,industry,2026-06-01,2026-07-01,B2B,Government
29848,Summer 2024,subindustry,2026-06-01,2026-07-01,B2B -> Supply Chain and Logistics,Government
29853,Summer 2024,tag,2026-06-01,2026-07-01,AI|Consumer|E-commerce|Manufacturing|Supply Chain,
29987,Summer 2024,tag,2026-06-01,2026-07-01,Artificial Intelligence,AI
30023,Fall 2024,tag,2026-06-01,2026-07-01,Artificial Intelligence|Consumer|Live|Social Media,
30032,Fall 2024,tag,2026-06-01,2026-07-01,AI,Artificial Intelligence
30041,Fall 2024,tag,2026-06-01,2026-07-01,Artificial Intelligence,AI
30049,Fall 2024,tag,2026-06-01,2026-07-01,Consumer Health Services,AI-powered Drug Discovery|Therapeutics
30049,Fall 2024,subindustry,2026-06-01,2026-07-01,Healthcare -> Consumer Health and Wellness,Healthcare -> Drug Discovery and Delivery
30051,Fall 2024,tag,2026-06-01,2026-07-01,Artificial Intelligence,AI
30073,Fall 2024,tag,2026-06-01,2026-07-01,Artificial Intelligence,AI
30079,Fall 2024,tag,2026-06-01,2026-07-01,Artificial Intelligence,AI
30095,Fall 2024,tag,2026-06-01,2026-07-01,Aerospace|Artificial Intelligence|Defense|Developer Tools,
30097,Fall 2024,tag,2026-06-01,2026-07-01,AI|Hard Tech,Artificial Intelligence
30101,Fall 2024,tag,2026-06-01,2026-07-01,AI,Artificial Intelligence
30105,Fall 2024,tag,2026-06-01,2026-07-01,AI,Artificial Intelligence
30115,Fall 2024,tag,2026-06-01,2026-07-01,AI|Enterprise Software,Artificial Intelligence|DevOps|Infrastructure
30115,Fall 2024,subindustry,2026-06-01,2026-07-01,B2B,B2B -> Infrastructure
30116,Fall 2024,tag,2026-06-01,2026-07-01,Artificial Intelligence,AI
30228,Winter 2025,tag,2026-06-01,2026-07-01,AI,Artificial Intelligence
30237,Winter 2025,tag,2026-06-01,2026-07-01,AI,Artificial Intelligence
30242,Winter 2025,tag,2026-06-01,2026-07-01,Artificial Intelligence,AI
30243,Winter 2025,tag,2026-06-01,2026-07-01,AI,Artificial Intelligence
30254,Winter 2025,tag,2026-06-01,2026-07-01,AI,Artificial Intelligence
30259,Winter 2025,tag,2026-06-01,2026-07-01,AI,Artificial Intelligence
30267,Winter 2025,tag,2026-06-01,2026-07-01,Artificial Intelligence,AI
30272,Winter 2025,tag,2026-06-01,2026-07-01,AI,Artificial Intelligence
30274,Winter 2025,tag,2026-06-01,2026-07-01,Artificial Intelligence,AI
30283,Winter 2025,tag,2026-06-01,2026-07-01,AI,Artificial Intelligence
30299,Winter 2025,tag,2026-06-01,2026-07-01,AI-Enhanced Learning|Edtech|Education|eLearning,
30318,Winter 2025,tag,2026-06-01,2026-07-01,Artificial Intelligence,AI
30337,Winter 2025,tag,2026-06-01,2026-07-01,Sales|Sales Enablement,AI Assistant
30340,Winter 2025,tag,2026-06-01,2026-07-01,AI,Artificial Intelligence
30347,Winter 2025,tag,2026-06-01,2026-07-01,Hard Tech|Space Exploration,
30349,Winter 2025,industry,2026-06-01,2026-07-01,Fintech,B2B
30349,Winter 2025,subindustry,2026-06-01,2026-07-01,Fintech,B2B
30399,Spring 2025,tag,2026-06-01,2026-07-01,Artificial Intelligence,AI
30426,Spring 2025,tag,2026-06-01,2026-07-01,AI|Consumer Finance,Artificial Intelligence|Consumer
30431,Spring 2025,tag,2026-06-01,2026-07-01,ML,
30437,Spring 2025,tag,2026-06-01,2026-07-01,AI|Open Source,Artificial Intelligence
30439,Spring 2025,tag,2026-06-01,2026-07-01,AI,Developer Tools
30451,Spring 2025,tag,2026-06-01,2026-07-01,AI,Artificial Intelligence
30460,Spring 2025,tag,2026-06-01,2026-07-01,,Productivity
30464,Spring 2025,tag,2026-06-01,2026-07-01,AI,Artificial Intelligence
30467,Spring 2025,tag,2026-06-01,2026-07-01,,B2B|Construction|SaaS
30484,Spring 2025,tag,2026-06-01,2026-07-01,Artificial Intelligence,AI
30492,Spring 2025,tag,2026-06-01,2026-07-01,Developer Tools|Infrastructure,Generative AI|Media|Video
30501,Spring 2025,tag,2026-06-01,2026-07-01,Artificial Intelligence,AI
30506,Spring 2025,tag,2026-06-01,2026-07-01,,AI|Artificial Intelligence|Data Science|Reinforcement Learning
30514,Spring 2025,tag,2026-06-01,2026-07-01,,Artificial Intelligence|B2B|Fintech
30522,Spring 2025,subindustry,2026-06-01,2026-07-01,B2B -> Infrastructure,B2B
30540,Spring 2025,tag,2026-06-01,2026-07-01,AI,Artificial Intelligence
30542,Spring 2025,tag,2026-06-01,2026-07-01,AI,Artificial Intelligence
30553,Spring 2025,tag,2026-06-01,2026-07-01,Artificial Intelligence|B2B|Consumer,Generative AI
30619,Summer 2025,tag,2026-06-01,2026-07-01,,AI|B2B|Fintech|HR Tech|Payroll
30622,Summer 2025,tag,2026-06-01,2026-07-01,AI,Artificial Intelligence
30630,Summer 2025,tag,2026-06-01,2026-07-01,Artificial Intelligence,AI
30637,Summer 2025,tag,2026-06-01,2026-07-01,AI,Artificial Intelligence
30644,Summer 2025,tag,2026-06-01,2026-07-01,AI,Artificial Intelligence
30645,Summer 2025,tag,2026-06-01,2026-07-01,,Artificial Intelligence|B2B|Data Labeling
30649,Summer 2025,tag,2026-06-01,2026-07-01,Artificial Intelligence,AI
30653,Summer 2025,tag,2026-06-01,2026-07-01,,Legal
30660,Summer 2025,tag,2026-06-01,2026-07-01,Enterprise Software,Open Source
30666,Summer 2025,tag,2026-06-01,2026-07-01,,Artificial Intelligence|Health Tech
30669,Summer 2025,tag,2026-06-01,2026-07-01,,Artificial Intelligence|Email
30671,Summer 2025,tag,2026-06-01,2026-07-01,AI,Artificial Intelligence
30686,Summer 2025,tag,2026-06-01,2026-07-01,,Entertainment|Gaming|Media
30701,Summer 2025,tag,2026-06-01,2026-07-01,AI|LegalTech,Artificial Intelligence
30703,Summer 2025,tag,2026-06-01,2026-07-01,B2B|Retail|Robotics,Consumer
30703,Summer 2025,industry,2026-06-01,2026-07-01,Industrials,Consumer
30703,Summer 2025,subindustry,2026-06-01,2026-07-01,Industrials -> Manufacturing and Robotics,Consumer
30704,Summer 2025,tag,2026-06-01,2026-07-01,Defense,
30710,Summer 2025,tag,2026-06-01,2026-07-01,AI,Artificial Intelligence
30712,Summer 2025,tag,2026-06-01,2026-07-01,Artificial Intelligence,AI
30713,Summer 2025,tag,2026-06-01,2026-07-01,Artificial Intelligence,AI
30717,Summer 2025,industry,2026-06-01,2026-07-01,Industrials,Fintech
30717,Summer 2025,subindustry,2026-06-01,2026-07-01,Industrials -> Manufacturing and Robotics,Fintech -> Insurance
30719,Summer 2025,tag,2026-06-01,2026-07-01,AI,Artificial Intelligence
30723,Spring 2026,tag,2026-06-01,2026-07-01,,AI
30729,Summer 2025,tag,2026-06-01,2026-07-01,AI,Artificial Intelligence
30731,Summer 2025,tag,2026-06-01,2026-07-01,AI,Artificial Intelligence
30737,Spring 2026,tag,2026-06-01,2026-07-01,,Artificial Intelligence|Consumer|Consumer Products|Market Research
30738,Summer 2025,tag,2026-06-01,2026-07-01,Artificial Intelligence,AI
30772,Summer 2025,tag,2026-06-01,2026-07-01,,Artificial Intelligence|Developer Tools|Open Source|Web Development
30777,Summer 2025,tag,2026-06-01,2026-07-01,Artificial Intelligence,
30779,Spring 2026,tag,2026-06-01,2026-07-01,,Automation|B2B|Manufacturing|SaaS|Workflow Automation
30789,Summer 2025,tag,2026-06-01,2026-07-01,Artificial Intelligence,AI
30804,Summer 2025,tag,2026-06-01,2026-07-01,AI,Artificial Intelligence
30805,Summer 2025,tag,2026-06-01,2026-07-01,,AI|Consumer|Marketplace|Social Network
30807,Summer 2025,tag,2026-06-01,2026-07-01,Analytics|Manufacturing|Operations,Billing|Customer Success|Sales
30854,Fall 2025,tag,2026-06-01,2026-07-01,AI,Artificial Intelligence
30857,Fall 2025,tag,2026-06-01,2026-07-01,,AI|B2B|Computer Vision|Media|Video
30861,Fall 2025,tag,2026-06-01,2026-07-01,AI,Artificial Intelligence
30862,Fall 2025,tag,2026-06-01,2026-07-01,Artificial Intelligence|Recruiting,AI|HR Tech
30863,Fall 2025,tag,2026-06-01,2026-07-01,AI,Artificial Intelligence
30867,Fall 2025,tag,2026-06-01,2026-07-01,Enterprise Software,Finance
30881,Fall 2025,tag,2026-06-01,2026-07-01,Aerospace|Defense|Hard Tech|Rocketry|Satellites,
30886,Fall 2025,tag,2026-06-01,2026-07-01,Enterprise,AI|SaaS
30888,Fall 2025,tag,2026-06-01,2026-07-01,Defense,
30889,Fall 2025,tag,2026-06-01,2026-07-01,AI,Artificial Intelligence
30889,Fall 2025,subindustry,2026-06-01,2026-07-01,B2B -> Sales,B2B -> Security
30900,Fall 2025,tag,2026-06-01,2026-07-01,Artificial Intelligence,AI
30903,Fall 2025,tag,2026-06-01,2026-07-01,DevOps|Developer Tools,Cloud Computing|Kubernetes|Security
30906,Winter 2026,tag,2026-06-01,2026-07-01,Artificial Intelligence|B2B|Cybersecurity|Identity,
30912,Fall 2025,tag,2026-06-01,2026-07-01,Artificial Intelligence,AI
30928,Fall 2025,tag,2026-06-01,2026-07-01,Automation|Hard Tech|Machine Learning,
30943,Fall 2025,tag,2026-06-01,2026-07-01,AI,Artificial Intelligence
30944,Spring 2026,tag,2026-06-01,2026-07-01,,AI|HR Tech|Recruiting|Talent Acquisition
30946,Fall 2025,tag,2026-06-01,2026-07-01,Artificial Intelligence,AI|B2B|DevSecOps
30954,Fall 2025,tag,2026-06-01,2026-07-01,Artificial Intelligence,AI
30963,Spring 2026,tag,2026-06-01,2026-07-01,,AI|B2B|Health Tech|Healthcare|SaaS
30967,Fall 2025,tag,2026-06-01,2026-07-01,Artificial Intelligence|Genetic Engineering,
30967,Fall 2025,subindustry,2026-06-01,2026-07-01,"B2B -> Engineering, Product and Design",B2B -> Operations
30975,Fall 2025,tag,2026-06-01,2026-07-01,AI,Artificial Intelligence
31000,Winter 2026,tag,2026-06-01,2026-07-01,,Artificial Intelligence|Legal|LegalTech|Operations
31002,Fall 2025,tag,2026-06-01,2026-07-01,AI,Artificial Intelligence
31008,Fall 2025,tag,2026-06-01,2026-07-01,Artificial Intelligence,AI
31102,Spring 2026,tag,2026-06-01,2026-07-01,,AI|Compliance|Hardware|Industrial|Robotics
31117,Spring 2026,tag,2026-06-01,2026-07-01,,AI|AI Assistant
31157,Spring 2026,tag,2026-06-01,2026-07-01,,AI|Architecture|Design|Machine Learning|Real Estate
31182,Winter 2026,tag,2026-06-01,2026-07-01,Artificial Intelligence|Enterprise|Enterprise Software|Hard Tech|Semiconductors,
31189,Winter 2026,tag,2026-06-01,2026-07-01,Artificial Intelligence|Automotive,
31200,Winter 2026,tag,2026-06-01,2026-07-01,Artificial Intelligence|B2B|Operations,
31211,Spring 2026,tag,2026-06-01,2026-07-01,,Developer Tools
31221,Spring 2026,tag,2026-06-01,2026-07-01,,Artificial Intelligence|Big Data|ML|Workflow Automation
31222,Spring 2026,tag,2026-06-01,2026-07-01,Artificial Intelligence|B2B|Consumer|Developer Tools|Enterprise Software,
31224,Winter 2026,tag,2026-06-01,2026-07-01,AI|Automation|Logistics|Robotics,
31243,Winter 2026,tag,2026-06-01,2026-07-01,Artificial Intelligence|Construction|Enterprise Software|Finance|Scheduling,
31246,Spring 2026,tag,2026-06-01,2026-07-01,Artificial Intelligence|Trust & Safety,Open Source
31255,Winter 2026,tag,2026-06-01,2026-07-01,AI,Artificial Intelligence
31259,Summer 2026,tag,2026-06-01,2026-07-01,,Artificial Intelligence|Consumer|HR Tech|Recruiting
31260,Winter 2026,industry,2026-06-01,2026-07-01,Fintech,B2B
31260,Winter 2026,subindustry,2026-06-01,2026-07-01,Fintech -> Credit and Lending,B2B -> Finance and Accounting
31279,Spring 2026,tag,2026-06-01,2026-07-01,,Legal|LegalTech|Regtech|Sales Enablement
31283,Winter 2026,tag,2026-06-01,2026-07-01,AI,Artificial Intelligence
31294,Spring 2026,tag,2026-06-01,2026-07-01,,Advanced Materials|Aerospace|Manufacturing
31323,Spring 2026,tag,2026-06-01,2026-07-01,,AI|B2B|Fintech|Insurance
31326,Spring 2026,tag,2026-06-01,2026-07-01,,Artificial Intelligence|B2B|Health Tech|Mental Health Tech|SaaS
31327,Spring 2026,tag,2026-06-01,2026-07-01,AI|Market Research,Artificial Intelligence|Manufacturing
31329,Spring 2026,tag,2026-06-01,2026-07-01,,Artificial Intelligence|Automation|Developer Tools|Email|Infrastructure
31330,Spring 2026,tag,2026-06-01,2026-07-01,,AI|Finance
31332,Spring 2026,tag,2026-06-01,2026-07-01,,Developer Tools|SaaS
31333,Spring 2026,tag,2026-06-01,2026-07-01,,AI|Infrastructure
31335,Spring 2026,tag,2026-06-01,2026-07-01,,AI|Analytics|Developer Tools|Marketing
31343,Spring 2026,tag,2026-06-01,2026-07-01,,Artificial Intelligence|Investing|Team Collaboration
31344,Spring 2026,tag,2026-06-01,2026-07-01,,APIs|DeFi
31345,Spring 2026,tag,2026-06-01,2026-07-01,,API|Artificial Intelligence|B2B|Developer Tools|SaaS
31346,Spring 2026,tag,2026-06-01,2026-07-01,,Artificial Intelligence|B2B|Construction|SaaS
31350,Spring 2026,tag,2026-06-01,2026-07-01,,B2B|Supply Chain|Workflow Automation
31351,Spring 2026,tag,2026-06-01,2026-07-01,,AI|B2B|Generative AI
31359,Spring 2026,tag,2026-06-01,2026-07-01,Artificial Intelligence,AI
31360,Spring 2026,tag,2026-06-01,2026-07-01,,AI|B2B|Developer Tools|Enterprise Software|Generative AI
31362,Spring 2026,tag,2026-06-01,2026-07-01,,AI|Advanced Materials|Artificial Intelligence|Semiconductors
31364,Spring 2026,tag,2026-06-01,2026-07-01,,API|Artificial Intelligence|Conversational AI|Customer Support|SaaS
31365,Spring 2026,tag,2026-06-01,2026-07-01,,AI|Security
31366,Spring 2026,tag,2026-06-01,2026-07-01,,Electronics|Radar|Telecommunications
31367,Spring 2026,tag,2026-06-01,2026-07-01,,Industrial|Manufacturing|Marketplace|Procurement|Sales
31369,Spring 2026,tag,2026-06-01,2026-07-01,,AI|Hard Tech|Logistics|Robotics
31373,Spring 2026,tag,2026-06-01,2026-07-01,,Artificial Intelligence|B2B|Generative AI|Reinforcement Learning|Semiconductors
31373,Spring 2026,subindustry,2026-06-01,2026-07-01,"B2B -> Engineering, Product and Design",B2B
31374,Spring 2026,tag,2026-06-01,2026-07-01,,Hardware|Manufacturing
31375,Spring 2026,tag,2026-06-01,2026-07-01,Crowdsourcing|Infrastructure,Artificial Intelligence|Data Labeling
31375,Spring 2026,subindustry,2026-06-01,2026-07-01,B2B -> Infrastructure,B2B
31377,Spring 2026,tag,2026-06-01,2026-07-01,,Artificial Intelligence|B2B|Cloud Computing|Enterprise Software
31380,Spring 2026,tag,2026-06-01,2026-07-01,,AI|Artificial Intelligence|Developer Tools|Monitoring|Open Source
31382,Spring 2026,industry,2026-06-01,2026-07-01,Fintech,B2B
31382,Spring 2026,subindustry,2026-06-01,2026-07-01,Fintech -> Insurance,B2B -> Sales
31383,Spring 2026,tag,2026-06-01,2026-07-01,,Consumer Products|Health & Wellness|Health Tech
31386,Spring 2026,tag,2026-06-01,2026-07-01,,Deep Learning|Developer Tools|Generative AI
31388,Spring 2026,tag,2026-06-01,2026-07-01,,Artificial Intelligence|Restaurant Tech|SaaS
31390,Spring 2026,tag,2026-06-01,2026-07-01,,Fintech
31391,Spring 2026,tag,2026-06-01,2026-07-01,,AIOps|Artificial Intelligence|Automation|Finance|Neobank
31393,Spring 2026,tag,2026-06-01,2026-07-01,,Finance|Generative AI|Investments|Market Research|Swarm AI
31393,Spring 2026,subindustry,2026-06-01,2026-07-01,Fintech -> Asset Management,Fintech
31395,Spring 2026,tag,2026-06-01,2026-07-01,,Artificial Intelligence|Developer Tools|Generative AI|SaaS|Team Collaboration
31396,Spring 2026,tag,2026-06-01,2026-07-01,,AI|B2B|Enterprise Software|Logistics|Supply Chain
31398,Spring 2026,tag,2026-06-01,2026-07-01,,AI|B2B|Marketing|Sales
31399,Spring 2026,tag,2026-06-01,2026-07-01,,Advanced Materials|Artificial Intelligence|Climate|Hardware|Industrial
31402,Spring 2026,tag,2026-06-01,2026-07-01,,Artificial Intelligence|Careers|Marketplace
31403,Spring 2026,tag,2026-06-01,2026-07-01,,Computer Vision|Logistics|Supply Chain
31404,Spring 2026,tag,2026-06-01,2026-07-01,,AI Assistant|Customer Success|Enterprise Software|SaaS
31407,Spring 2026,tag,2026-06-01,2026-07-01,,AI|Artificial Intelligence|B2B|Marketing|SaaS
31408,Spring 2026,tag,2026-06-01,2026-07-01,,B2B|SaaS|Sales
31409,Spring 2026,tag,2026-06-01,2026-07-01,,B2B|Generative AI|Marketing|Social Media
31410,Spring 2026,tag,2026-06-01,2026-07-01,,Artificial Intelligence|Marketplace
31411,Spring 2026,tag,2026-06-01,2026-07-01,,Artificial Intelligence|Legal
31413,Spring 2026,tag,2026-06-01,2026-07-01,,Developer Tools|Infrastructure|SaaS
31414,Spring 2026,tag,2026-06-01,2026-07-01,Messaging|Recruiting,Billing|Infrastructure
31415,Spring 2026,tag,2026-06-01,2026-07-01,,Agriculture|Food Service Robots & Machines|Robotics|SaaS
31416,Spring 2026,tag,2026-06-01,2026-07-01,,AI|B2B|Call Center
31417,Spring 2026,tag,2026-06-01,2026-07-01,,B2B|Manufacturing|SaaS
31418,Spring 2026,tag,2026-06-01,2026-07-01,,Artificial Intelligence
31420,Spring 2026,tag,2026-06-01,2026-07-01,,AI|Fintech|Investing
31421,Spring 2026,tag,2026-06-01,2026-07-01,,Edtech|Education|Video
31423,Spring 2026,tag,2026-06-01,2026-07-01,,Artificial Intelligence|B2B|Developer Tools|Monitoring
31424,Spring 2026,tag,2026-06-01,2026-07-01,,AI|B2B|Enterprise|Enterprise Software|SaaS
31426,Spring 2026,tag,2026-06-01,2026-07-01,,AI|B2B|Sales
31427,Spring 2026,tag,2026-06-01,2026-07-01,,AI|Consumer|Digital Health|Fitness|Food
31428,Spring 2026,tag,2026-06-01,2026-07-01,AI|Enterprise|Robotic Process Automation,Analytics|Artificial Intelligence|B2B|Operations
31429,Spring 2026,tag,2026-06-01,2026-07-01,,Analytics|Finance|Fintech
31430,Spring 2026,tag,2026-06-01,2026-07-01,,Artificial Intelligence|Health Tech|SaaS
31432,Spring 2026,tag,2026-06-01,2026-07-01,,AI|API|B2B|Video
31434,Spring 2026,tag,2026-06-01,2026-07-01,,Hardware|Health & Wellness|Medical Devices
31435,Spring 2026,tag,2026-06-01,2026-07-01,,Digital Health|Hard Tech|Medical Devices
31436,Spring 2026,tag,2026-06-01,2026-07-01,,AI|Automation|Hardware|Manufacturing
31438,Spring 2026,tag,2026-06-01,2026-07-01,,Consumer
31439,Spring 2026,tag,2026-06-01,2026-07-01,,Automation|Automotive|SaaS|Workflow Automation
31440,Spring 2026,tag,2026-06-01,2026-07-01,,AI|Artificial Intelligence|B2B|Fintech|Insurance
31441,Spring 2026,tag,2026-06-01,2026-07-01,AI,Artificial Intelligence
31442,Spring 2026,tag,2026-06-01,2026-07-01,,Drones|Hardware|Robotics|Swarm AI
31443,Spring 2026,tag,2026-06-01,2026-07-01,,Consumer Products|Regtech|Retail
31444,Spring 2026,tag,2026-06-01,2026-07-01,,AI|Logistics|Supply Chain
31447,Spring 2026,tag,2026-06-01,2026-07-01,,Fintech|Generative AI|Payments
31448,Spring 2026,tag,2026-06-01,2026-07-01,,Cloud Computing|Infrastructure
31450,Spring 2026,tag,2026-06-01,2026-07-01,,Trading
31451,Spring 2026,tag,2026-06-01,2026-07-01,,Finance
31451,Spring 2026,industry,2026-06-01,2026-07-01,Fintech,B2B
31451,Spring 2026,subindustry,2026-06-01,2026-07-01,Fintech -> Payments,B2B -> Finance and Accounting
31454,Spring 2026,tag,2026-06-01,2026-07-01,,AI Assistant|Analytics|B2B
31456,Spring 2026,tag,2026-06-01,2026-07-01,,AI|Drones|Manufacturing|Robotics
31457,Spring 2026,tag,2026-06-01,2026-07-01,,Analytics|Artificial Intelligence|Data Engineering|Finance|Fintech
31458,Spring 2026,tag,2026-06-01,2026-07-01,,Artificial Intelligence|Developer Tools
31459,Spring 2026,tag,2026-06-01,2026-07-01,,Artificial Intelligence|Cloud Computing|Fintech|Infrastructure
31460,Spring 2026,tag,2026-06-01,2026-07-01,,AI|Computer Vision|Construction|Proptech|Real Estate
31463,Spring 2026,tag,2026-06-01,2026-07-01,,AI
31464,Spring 2026,tag,2026-06-01,2026-07-01,,AI|Fintech|Stocks
31465,Spring 2026,tag,2026-06-01,2026-07-01,,Artificial Intelligence|Hardware|Machine Learning|Robotics|Self-Driving Vehicles
31468,Spring 2026,tag,2026-06-01,2026-07-01,,AI|AIOps|SaaS
31472,Spring 2026,tag,2026-06-01,2026-07-01,,AI|Enterprise Software
31475,Spring 2026,tag,2026-06-01,2026-07-01,,AI|Data Engineering|Infrastructure
31478,Spring 2026,tag,2026-06-01,2026-07-01,,Security
31481,Spring 2026,tag,2026-06-01,2026-07-01,,Artificial Intelligence|B2B|Manufacturing|Procurement|Supply Chain
31482,Spring 2026,tag,2026-06-01,2026-07-01,,B2B|Generative AI|SaaS
31482,Spring 2026,subindustry,2026-06-01,2026-07-01,B2B -> Infrastructure,B2B -> Productivity
31484,Spring 2026,tag,2026-06-01,2026-07-01,,AI-powered Drug Discovery|Biotech|Manufacturing
31485,Spring 2026,tag,2026-06-01,2026-07-01,,Artificial Intelligence|Consumer Health Services|Consumer Products|Hardware|Mental Health Tech
31486,Spring 2026,tag,2026-06-01,2026-07-01,Defense,
31487,Spring 2026,tag,2026-06-01,2026-07-01,,B2B|Real Estate
31488,Spring 2026,tag,2026-06-01,2026-07-01,,AI|B2B|Enterprise Software
31489,Spring 2026,tag,2026-06-01,2026-07-01,,AI|Automation|Robotic Process Automation|Robotics
31491,Spring 2026,tag,2026-06-01,2026-07-01,,Artificial Intelligence|B2B|Developer Tools
31493,Spring 2026,tag,2026-06-01,2026-07-01,,Healthcare|Healthcare IT
31494,Spring 2026,tag,2026-06-01,2026-07-01,,AI|B2B|Cybersecurity|No-code|SaaS
31496,Spring 2026,tag,2026-06-01,2026-07-01,,AI|Developer Tools|Machine Learning|Workflow Automation
31497,Spring 2026,tag,2026-06-01,2026-07-01,,B2B|E-commerce|Generative AI
31498,Spring 2026,tag,2026-06-01,2026-07-01,,AI|Artificial Intelligence
31500,Spring 2026,tag,2026-06-01,2026-07-01,,AI Assistant|AIOps|Artificial Intelligence|Developer Tools|Swarm AI
31501,Spring 2026,tag,2026-06-01,2026-07-01,,Aerospace|Hard Tech|Mobility|Satellites|Transportation
31503,Spring 2026,tag,2026-06-01,2026-07-01,,Manufacturing|Small Modular Reactors
31507,Spring 2026,tag,2026-06-01,2026-07-01,,AI|Cloud Computing|DevOps|Infrastructure|Marketplace
31510,Spring 2026,tag,2026-06-01,2026-07-01,,AI|B2B|Market Research|Marketing
31511,Spring 2026,tag,2026-06-01,2026-07-01,,AI|Automation|Industrial|Manufacturing|Operations
31512,Spring 2026,tag,2026-06-01,2026-07-01,,Artificial Intelligence|B2B|Enterprise Software
31513,Spring 2026,tag,2026-06-01,2026-07-01,,AI|Artificial Intelligence|B2B|Marketing|SaaS
31516,Spring 2026,tag,2026-06-01,2026-07-01,B2B|Deep Learning|ML,AIOps|Developer Tools|Enterprise Software
31517,Spring 2026,tag,2026-06-01,2026-07-01,,Creator Economy|Generative AI|Video
31518,Spring 2026,tag,2026-06-01,2026-07-01,,Artificial Intelligence|Developer Tools
31520,Spring 2026,tag,2026-06-01,2026-07-01,E-commerce,
31522,Spring 2026,tag,2026-06-01,2026-07-01,,Artificial Intelligence|Consumer|Consumer Finance|Fintech
31524,Spring 2026,tag,2026-06-01,2026-07-01,,AI|API|Developer Tools|Telecommunications
31525,Spring 2026,tag,2026-06-01,2026-07-01,,AI|B2B|Finance
31526,Spring 2026,tag,2026-06-01,2026-07-01,Consumer|Fintech|Infrastructure,Consumer Finance
31526,Spring 2026,industry,2026-06-01,2026-07-01,Fintech,Consumer
31526,Spring 2026,subindustry,2026-06-01,2026-07-01,Fintech -> Payments,Consumer
31527,Spring 2026,tag,2026-06-01,2026-07-01,AI|Advertising|B2B,Developer Tools|Marketing
31527,Spring 2026,subindustry,2026-06-01,2026-07-01,B2B -> Marketing,B2B
31529,Spring 2026,tag,2026-06-01,2026-07-01,,Consumer Finance|Crypto / Web3|Fintech
31530,Spring 2026,tag,2026-06-01,2026-07-01,,Hard Tech|Infrastructure|Robotics
31531,Spring 2026,tag,2026-06-01,2026-07-01,,Artificial Intelligence|B2B|Developer Tools
31533,Spring 2026,industry,2026-06-01,2026-07-01,Healthcare,B2B
31533,Spring 2026,subindustry,2026-06-01,2026-07-01,Healthcare,B2B -> Infrastructure
31534,Spring 2026,tag,2026-06-01,2026-07-01,,Artificial Intelligence|Health Tech|SaaS
31535,Spring 2026,tag,2026-06-01,2026-07-01,Defense|Hardware,Aerospace|Drones|Radar|Security
31536,Spring 2026,tag,2026-06-01,2026-07-01,,AI|Enterprise|No-code|SaaS
31538,Spring 2026,tag,2026-06-01,2026-07-01,,Artificial Intelligence|B2B|Enterprise Software
31539,Spring 2026,tag,2026-06-01,2026-07-01,,AI|Artificial Intelligence|Compliance|Fintech|Insurance
31540,Spring 2026,tag,2026-06-01,2026-07-01,,API|Conversational AI|Generative AI
31543,Spring 2026,tag,2026-06-01,2026-07-01,,B2B|Proptech|Real Estate
31544,Spring 2026,tag,2026-06-01,2026-07-01,,AI|B2B|Biotech|Healthcare|Medical Devices
31545,Spring 2026,tag,2026-06-01,2026-07-01,,AIOps|Artificial Intelligence|B2B|Healthcare IT|SaaS
31546,Spring 2026,tag,2026-06-01,2026-07-01,,AI|B2B|SaaS
31547,Spring 2026,tag,2026-06-01,2026-07-01,,Developer Tools|Infrastructure|Open Source
31548,Spring 2026,tag,2026-06-01,2026-07-01,,Artificial Intelligence|Productivity|Team Collaboration
31549,Spring 2026,tag,2026-06-01,2026-07-01,,AI|AI-powered Drug Discovery|B2B|Biotech
31550,Spring 2026,tag,2026-06-01,2026-07-01,,AI|Consumer|Gaming
31552,Spring 2026,tag,2026-06-01,2026-07-01,,AI|Healthcare|Healthcare IT
31553,Spring 2026,tag,2026-06-01,2026-07-01,,B2B|Health Tech|SaaS
31554,Spring 2026,tag,2026-06-01,2026-07-01,,Artificial Intelligence|Open Source|Security
31560,Spring 2026,tag,2026-06-01,2026-07-01,,Artificial Intelligence|Robotics
31561,Spring 2026,tag,2026-06-01,2026-07-01,,Aerospace|Computer Vision|Drones|Hard Tech|Hardware
31562,Spring 2026,tag,2026-06-01,2026-07-01,,Fintech|Investing|SaaS
31563,Spring 2026,tag,2026-06-01,2026-07-01,,AI|Artificial Intelligence|B2B|SaaS
31574,Spring 2026,tag,2026-06-01,2026-07-01,,Education
32194,Summer 2026,tag,2026-06-01,2026-07-01,AI,Artificial Intelligence
1487,Winter 2017,tag,2026-07-01,2026-08-01,Artificial Intelligence,AI
1682,Summer 2017,subindustry,2026-07-01,2026-08-01,B2B -> Office Management,B2B -> Sales
1744,Winter 2018,tag,2026-07-01,2026-08-01,AI,Artificial Intelligence
1861,Winter 2018,tag,2026-07-01,2026-08-01,Marketplace,
1861,Winter 2018,industry,2026-07-01,2026-08-01,Healthcare,Consumer
1861,Winter 2018,subindustry,2026-07-01,2026-08-01,Healthcare,Consumer -> Social
11968,Winter 2019,tag,2026-07-01,2026-08-01,Robotics,Health & Wellness
12042,Winter 2019,tag,2026-07-01,2026-08-01,AI,Artificial Intelligence
12042,Winter 2019,subindustry,2026-07-01,2026-08-01,Healthcare -> Healthcare IT,Healthcare -> Healthcare Services
12608,Summer 2019,tag,2026-07-01,2026-08-01,Cybersecurity|GovTech,Crypto / Web3
13143,Winter 2020,tag,2026-07-01,2026-08-01,Artificial Intelligence,AI
13144,Winter 2020,tag,2026-07-01,2026-08-01,AI|Compliance|Finance|Healthcare|LegalTech,Artificial Intelligence|Deep Learning|Developer Tools
13144,Winter 2020,subindustry,2026-07-01,2026-08-01,B2B,"B2B -> Engineering, Product and Design"
13519,Winter 2020,tag,2026-07-01,2026-08-01,AI,Artificial Intelligence
22241,Summer 2020,tag,2026-07-01,2026-08-01,AI,Artificial Intelligence
22708,Winter 2021,tag,2026-07-01,2026-08-01,AI,Logistics
22790,Winter 2021,tag,2026-07-01,2026-08-01,AI,Artificial Intelligence
22905,Winter 2021,tag,2026-07-01,2026-08-01,Hard Tech,Carbon Capture and Removal
22953,Winter 2021,tag,2026-07-01,2026-08-01,Energy|Infrastructure,Electric Vehicles
23017,Winter 2021,tag,2026-07-01,2026-08-01,AI|Operations,Artificial Intelligence
23629,Winter 2021,tag,2026-07-01,2026-08-01,AI,Artificial Intelligence
23948,Summer 2021,tag,2026-07-01,2026-08-01,AI,
24064,Summer 2021,tag,2026-07-01,2026-08-01,AI,Artificial Intelligence
24141,Summer 2021,subindustry,2026-07-01,2026-08-01,B2B -> Analytics,B2B -> Retail
24404,Summer 2021,tag,2026-07-01,2026-08-01,AI,No-code
24571,Summer 2021,tag,2026-07-01,2026-08-01,AI,Artificial Intelligence
24598,Summer 2021,subindustry,2026-07-01,2026-08-01,Industrials -> Energy,Industrials -> Climate
25118,Winter 2022,tag,2026-07-01,2026-08-01,Banking as a Service|Neobank,SaaS
25279,Winter 2022,tag,2026-07-01,2026-08-01,Artificial Intelligence,AI
25306,Winter 2022,tag,2026-07-01,2026-08-01,Defense|Manufacturing|Search,Reinforcement Learning|Security
25318,Winter 2022,tag,2026-07-01,2026-08-01,Artificial Intelligence,AI|Fintech
25338,Winter 2022,tag,2026-07-01,2026-08-01,Artificial Intelligence|Insurance,AI
25339,Winter 2022,tag,2026-07-01,2026-08-01,AI|B2B|Enterprise Software|Sales Enablement,Consumer
25339,Winter 2022,industry,2026-07-01,2026-08-01,B2B,Consumer
25339,Winter 2022,subindustry,2026-07-01,2026-08-01,B2B -> Sales,Consumer
25394,Winter 2022,tag,2026-07-01,2026-08-01,Investments,AI Assistant
25394,Winter 2022,subindustry,2026-07-01,2026-08-01,Fintech,Fintech -> Asset Management
25402,Winter 2022,tag,2026-07-01,2026-08-01,Artificial Intelligence,AI
25419,Winter 2022,tag,2026-07-01,2026-08-01,AI|Artificial Intelligence,
25585,Winter 2022,tag,2026-07-01,2026-08-01,Generative AI|Insurance,Machine Learning
25585,Winter 2022,industry,2026-07-01,2026-08-01,Fintech,B2B
25585,Winter 2022,subindustry,2026-07-01,2026-08-01,Fintech -> Insurance,B2B -> Analytics
25825,Winter 2022,tag,2026-07-01,2026-08-01,AI,Artificial Intelligence
25948,Winter 2022,tag,2026-07-01,2026-08-01,Artificial Intelligence,AI
25985,Winter 2022,tag,2026-07-01,2026-08-01,Artificial Intelligence,Healthcare
26144,Fall 2025,tag,2026-07-01,2026-08-01,B2B|Infrastructure,Open Source
26525,Summer 2022,tag,2026-07-01,2026-08-01,Consumer,
26756,Summer 2022,tag,2026-07-01,2026-08-01,Data Engineering,AI Assistant
26884,Winter 2023,tag,2026-07-01,2026-08-01,,Workflow Automation
27667,Winter 2023,tag,2026-07-01,2026-08-01,Artificial Intelligence,AI
27701,Winter 2023,tag,2026-07-01,2026-08-01,AI,Artificial Intelligence
27762,Winter 2023,tag,2026-07-01,2026-08-01,Hardware,
27817,Winter 2023,tag,2026-07-01,2026-08-01,Automation|Operations|Workflow Automation,AI|Artificial Intelligence|Fintech
27840,Winter 2023,tag,2026-07-01,2026-08-01,,AI|Design
27939,Winter 2023,tag,2026-07-01,2026-08-01,Artificial Intelligence|Investing,Analytics
27939,Winter 2023,industry,2026-07-01,2026-08-01,Fintech,B2B
27939,Winter 2023,subindustry,2026-07-01,2026-08-01,Fintech -> Asset Management,B2B -> Analytics
27946,Winter 2023,industry,2026-07-01,2026-08-01,Fintech,Consumer
27946,Winter 2023,subindustry,2026-07-01,2026-08-01,Fintech -> Banking and Exchange,Consumer
28329,Winter 2023,subindustry,2026-07-01,2026-08-01,Consumer,Consumer -> Content
28814,Summer 2023,tag,2026-07-01,2026-08-01,AI,Artificial Intelligence
28841,Summer 2026,tag,2026-07-01,2026-08-01,Semiconductors,Hardware
28886,Summer 2023,tag,2026-07-01,2026-08-01,Artificial Intelligence,AI
28893,Summer 2023,tag,2026-07-01,2026-08-01,Artificial Intelligence,AI
28976,Summer 2023,tag,2026-07-01,2026-08-01,AI,Artificial Intelligence
29008,Summer 2023,tag,2026-07-01,2026-08-01,AI,Artificial Intelligence
29040,Summer 2023,tag,2026-07-01,2026-08-01,Artificial Intelligence,AI
29082,Summer 2023,tag,2026-07-01,2026-08-01,AI,Artificial Intelligence
29092,Summer 2023,tag,2026-07-01,2026-08-01,AI,Artificial Intelligence
29155,Spring 2026,tag,2026-07-01,2026-08-01,AI Assistant|Consumer,
29244,Winter 2024,tag,2026-07-01,2026-08-01,Artificial Intelligence,AI
29263,Winter 2024,tag,2026-07-01,2026-08-01,AI,Artificial Intelligence
29277,Winter 2024,tag,2026-07-01,2026-08-01,AI|Defense|Satellites,Enterprise Software
29281,Winter 2024,tag,2026-07-01,2026-08-01,Artificial Intelligence,Consumer|Education
29281,Winter 2024,industry,2026-07-01,2026-08-01,B2B,Education
29281,Winter 2024,subindustry,2026-07-01,2026-08-01,B2B -> Infrastructure,Education
29286,Winter 2024,tag,2026-07-01,2026-08-01,Artificial Intelligence,AI
29295,Winter 2024,tag,2026-07-01,2026-08-01,Artificial Intelligence,AI
29307,Winter 2024,tag,2026-07-01,2026-08-01,Artificial Intelligence,AI
29326,Winter 2024,tag,2026-07-01,2026-08-01,B2B|Fintech,Automation|Documents
29326,Winter 2024,subindustry,2026-07-01,2026-08-01,B2B,B2B -> Finance and Accounting
29328,Winter 2024,tag,2026-07-01,2026-08-01,Artificial Intelligence,
29328,Winter 2024,subindustry,2026-07-01,2026-08-01,B2B -> Infrastructure,B2B
29339,Winter 2024,tag,2026-07-01,2026-08-01,Artificial Intelligence,AI
29341,Winter 2024,tag,2026-07-01,2026-08-01,Consumer|Consumer Health Services,Customer Service|Infrastructure
29341,Winter 2024,industry,2026-07-01,2026-08-01,Consumer,B2B
29341,Winter 2024,subindustry,2026-07-01,2026-08-01,Consumer,B2B -> Infrastructure
29385,Winter 2024,tag,2026-07-01,2026-08-01,Artificial Intelligence,AI
29442,Winter 2024,tag,2026-07-01,2026-08-01,Artificial Intelligence,AI
29464,Winter 2024,tag,2026-07-01,2026-08-01,,Consumer|Gaming
29464,Winter 2024,subindustry,2026-07-01,2026-08-01,Consumer,Consumer -> Gaming
29499,Winter 2024,tag,2026-07-01,2026-08-01,Artificial Intelligence,AI
29519,Winter 2024,tag,2026-07-01,2026-08-01,Restaurant Tech,Fintech
29572,Summer 2024,tag,2026-07-01,2026-08-01,Artificial Intelligence,AI
29627,Summer 2024,tag,2026-07-01,2026-08-01,AI,Artificial Intelligence
29644,Summer 2024,tag,2026-07-01,2026-08-01,AI Assistant|API|Marketing|Video|eLearning,
29649,Summer 2024,tag,2026-07-01,2026-08-01,AI,Artificial Intelligence
29649,Summer 2024,industry,2026-07-01,2026-08-01,Consumer,B2B
29649,Summer 2024,subindustry,2026-07-01,2026-08-01,Consumer,B2B -> Infrastructure
29670,Summer 2024,tag,2026-07-01,2026-08-01,,Email
29682,Summer 2024,tag,2026-07-01,2026-08-01,Artificial Intelligence,AI
29684,Summer 2024,tag,2026-07-01,2026-08-01,Artificial Intelligence|Conversational AI|Customer Service|Customer Success|Customer Support,
29745,Summer 2024,tag,2026-07-01,2026-08-01,AI,Artificial Intelligence
29763,Fall 2025,tag,2026-07-01,2026-08-01,AI,Artificial Intelligence
29777,Summer 2024,tag,2026-07-01,2026-08-01,AI,Artificial Intelligence
29801,Summer 2024,tag,2026-07-01,2026-08-01,AI,Artificial Intelligence
29840,Summer 2024,tag,2026-07-01,2026-08-01,Artificial Intelligence,Travel
29841,Summer 2024,tag,2026-07-01,2026-08-01,Artificial Intelligence,AI
29844,Summer 2024,tag,2026-07-01,2026-08-01,API|Supply Chain,Logistics
29854,Summer 2024,tag,2026-07-01,2026-08-01,Consumer|Education,B2B|Developer Tools
29854,Summer 2024,industry,2026-07-01,2026-08-01,Consumer,B2B
29854,Summer 2024,subindustry,2026-07-01,2026-08-01,Consumer,B2B
29952,Summer 2024,tag,2026-07-01,2026-08-01,Automation|Creator Economy|Social Media,Design Tools|Productivity|Workflow Automation
29973,Summer 2024,tag,2026-07-01,2026-08-01,Artificial Intelligence,AI
29992,Summer 2024,tag,2026-07-01,2026-08-01,Hardware|Industrial|Manufacturing|Semiconductors,
30023,Fall 2024,tag,2026-07-01,2026-08-01,AI,Artificial Intelligence
30042,Fall 2024,tag,2026-07-01,2026-08-01,Big Data|Operations,Data Science|IoT
30042,Fall 2024,subindustry,2026-07-01,2026-08-01,B2B -> Operations,B2B -> Supply Chain and Logistics
30043,Fall 2024,tag,2026-07-01,2026-08-01,AI,Artificial Intelligence
30047,Fall 2024,tag,2026-07-01,2026-08-01,AI,Artificial Intelligence
30054,Fall 2024,tag,2026-07-01,2026-08-01,AI,Artificial Intelligence
30181,Winter 2025,tag,2026-07-01,2026-08-01,AI,Artificial Intelligence
30214,Winter 2025,tag,2026-07-01,2026-08-01,,Consumer Products|Conversational AI
30214,Winter 2025,subindustry,2026-07-01,2026-08-01,B2B -> Recruiting and Talent,B2B -> Supply Chain and Logistics
30226,Winter 2025,tag,2026-07-01,2026-08-01,Recruiting,Finance|Fintech
30254,Winter 2025,tag,2026-07-01,2026-08-01,Artificial Intelligence,AI
30259,Winter 2025,tag,2026-07-01,2026-08-01,Artificial Intelligence,AI
30264,Winter 2025,tag,2026-07-01,2026-08-01,AI,Artificial Intelligence
30266,Winter 2025,tag,2026-07-01,2026-08-01,AI|Digital Health|E-commerce,Artificial Intelligence|Health Tech|Healthcare|Robotic Process Automation
30266,Winter 2025,industry,2026-07-01,2026-08-01,B2B,Healthcare
30266,Winter 2025,subindustry,2026-07-01,2026-08-01,B2B -> Sales,Healthcare
30273,Winter 2025,tag,2026-07-01,2026-08-01,Artificial Intelligence,AI
30284,Winter 2025,tag,2026-07-01,2026-08-01,Infrastructure,Computer Vision|Edge Computing Semiconductors
30284,Winter 2025,subindustry,2026-07-01,2026-08-01,B2B -> Infrastructure,"B2B -> Engineering, Product and Design"
30286,Winter 2025,tag,2026-07-01,2026-08-01,AI,Artificial Intelligence
30298,Winter 2025,tag,2026-07-01,2026-08-01,,Machine Learning|SaaS
30298,Winter 2025,subindustry,2026-07-01,2026-08-01,B2B,B2B -> Analytics
30318,Winter 2025,tag,2026-07-01,2026-08-01,AI,Artificial Intelligence
30338,Winter 2025,tag,2026-07-01,2026-08-01,Insurance,B2B|Healthcare|Logistics|Operations
30340,Winter 2025,tag,2026-07-01,2026-08-01,Artificial Intelligence,AI
30352,Summer 2025,tag,2026-07-01,2026-08-01,AI,Artificial Intelligence
30353,Winter 2025,tag,2026-07-01,2026-08-01,Electronics|Hardware|Robotics,Automation|Enterprise Software
30353,Winter 2025,industry,2026-07-01,2026-08-01,Industrials,B2B
30353,Winter 2025,subindustry,2026-07-01,2026-08-01,Industrials -> Manufacturing and Robotics,B2B
30438,Spring 2025,tag,2026-07-01,2026-08-01,AI,Artificial Intelligence
30442,Spring 2025,tag,2026-07-01,2026-08-01,Artificial Intelligence|Developer Tools|Documents,AI|AI-Enhanced Learning|Education
30442,Spring 2025,industry,2026-07-01,2026-08-01,B2B,Education
30442,Spring 2025,subindustry,2026-07-01,2026-08-01,B2B -> Infrastructure,Education
30462,Spring 2025,tag,2026-07-01,2026-08-01,AI,Artificial Intelligence
30475,Spring 2025,tag,2026-07-01,2026-08-01,AI|B2B|Healthcare,Artificial Intelligence|Databases|Developer Tools|Open Source|Search
30475,Spring 2025,subindustry,2026-07-01,2026-08-01,B2B -> Operations,B2B -> Infrastructure
30487,Spring 2025,tag,2026-07-01,2026-08-01,Artificial Intelligence|Fintech|Neobank,AI|Customer Success|Sales|Telecommunications
30487,Spring 2025,industry,2026-07-01,2026-08-01,Fintech,B2B
30487,Spring 2025,subindustry,2026-07-01,2026-08-01,Fintech -> Banking and Exchange,B2B -> Sales
30516,Spring 2025,tag,2026-07-01,2026-08-01,Artificial Intelligence,AI
30521,Spring 2025,tag,2026-07-01,2026-08-01,Artificial Intelligence,AI
30526,Spring 2025,tag,2026-07-01,2026-08-01,Autonomous Shipping|Healthcare|Industrial|Logistics|Manufacturing,
30598,Summer 2025,tag,2026-07-01,2026-08-01,,E-commerce
30605,Summer 2025,tag,2026-07-01,2026-08-01,AI,Artificial Intelligence
30637,Summer 2025,tag,2026-07-01,2026-08-01,Artificial Intelligence,AI
30638,Summer 2025,tag,2026-07-01,2026-08-01,AI,Artificial Intelligence
30644,Summer 2025,tag,2026-07-01,2026-08-01,Artificial Intelligence,AI
30653,Summer 2026,tag,2026-07-01,2026-08-01,AI,Artificial Intelligence
30663,Summer 2025,tag,2026-07-01,2026-08-01,AI,Artificial Intelligence
30681,Summer 2025,tag,2026-07-01,2026-08-01,,AI|B2B|Health Tech|Healthcare IT|SaaS
30691,Summer 2025,tag,2026-07-01,2026-08-01,AI,Artificial Intelligence
30696,Summer 2025,tag,2026-07-01,2026-08-01,Artificial Intelligence,AI
30703,Summer 2025,tag,2026-07-01,2026-08-01,,Retail
30710,Summer 2025,tag,2026-07-01,2026-08-01,Artificial Intelligence,AI
30720,Summer 2025,tag,2026-07-01,2026-08-01,Artificial Intelligence,AI
30731,Summer 2025,tag,2026-07-01,2026-08-01,Artificial Intelligence|Supply Chain,AI
30732,Summer 2025,tag,2026-07-01,2026-08-01,AI,Artificial Intelligence
30768,Summer 2025,tag,2026-07-01,2026-08-01,Artificial Intelligence|Developer Tools|SaaS,AI|AIOps|Automation|B2B|Conversational AI
30789,Summer 2025,tag,2026-07-01,2026-08-01,AI,Artificial Intelligence
30796,Summer 2025,tag,2026-07-01,2026-08-01,Artificial Intelligence,AI|Recruiting
30796,Summer 2025,subindustry,2026-07-01,2026-08-01,B2B,B2B -> Recruiting and Talent
30844,Fall 2025,tag,2026-07-01,2026-08-01,Artificial Intelligence,AI
30861,Fall 2025,tag,2026-07-01,2026-08-01,Artificial Intelligence|Automation,AI
30863,Fall 2025,tag,2026-07-01,2026-08-01,Artificial Intelligence,AI
30867,Fall 2025,tag,2026-07-01,2026-08-01,AI,Artificial Intelligence
30871,Fall 2025,tag,2026-07-01,2026-08-01,AI,Artificial Intelligence
30871,Fall 2025,industry,2026-07-01,2026-08-01,Consumer,B2B
30871,Fall 2025,subindustry,2026-07-01,2026-08-01,Consumer,B2B -> Analytics
30884,Fall 2025,tag,2026-07-01,2026-08-01,Artificial Intelligence|Creator Economy,
30895,Fall 2025,tag,2026-07-01,2026-08-01,AI,Artificial Intelligence
30899,Fall 2025,tag,2026-07-01,2026-08-01,AI,Artificial Intelligence
30920,Fall 2025,tag,2026-07-01,2026-08-01,AI,Artificial Intelligence
30938,Fall 2025,tag,2026-07-01,2026-08-01,Artificial Intelligence,AI
30943,Fall 2025,tag,2026-07-01,2026-08-01,Artificial Intelligence,AI
30950,Fall 2025,tag,2026-07-01,2026-08-01,Artificial Intelligence,AI
30983,Fall 2025,tag,2026-07-01,2026-08-01,AI|Beauty|Consumer Health Services|Health & Wellness|Health Tech,
30983,Fall 2025,industry,2026-07-01,2026-08-01,Healthcare,B2B
30983,Fall 2025,subindustry,2026-07-01,2026-08-01,Healthcare -> Consumer Health and Wellness,B2B
30996,Fall 2025,tag,2026-07-01,2026-08-01,Artificial Intelligence|Manufacturing,AI|Legal|Real Estate
30996,Fall 2025,industry,2026-07-01,2026-08-01,Industrials,Real Estate and Construction
30996,Fall 2025,subindustry,2026-07-01,2026-08-01,Industrials -> Manufacturing and Robotics,Real Estate and Construction
30997,Fall 2025,tag,2026-07-01,2026-08-01,Artificial Intelligence,AI
31002,Fall 2025,tag,2026-07-01,2026-08-01,Health Insurance|Health Tech|Healthcare,
31008,Fall 2025,tag,2026-07-01,2026-08-01,AI,Artificial Intelligence
31018,Fall 2025,tag,2026-07-01,2026-08-01,CRM,
31030,Winter 2026,tag,2026-07-01,2026-08-01,,Data Engineering
31030,Winter 2026,subindustry,2026-07-01,2026-08-01,B2B -> Supply Chain and Logistics,B2B -> Operations
31051,Winter 2026,tag,2026-07-01,2026-08-01,AI,Artificial Intelligence
31066,Winter 2026,subindustry,2026-07-01,2026-08-01,B2B,B2B -> Finance and Accounting
31076,Spring 2026,tag,2026-07-01,2026-08-01,Artificial Intelligence,AI
31091,Winter 2026,industry,2026-07-01,2026-08-01,Consumer,B2B
31091,Winter 2026,subindustry,2026-07-01,2026-08-01,Consumer -> Consumer Electronics,"B2B -> Engineering, Product and Design"
31098,Winter 2026,tag,2026-07-01,2026-08-01,Artificial Intelligence,AI
31114,Winter 2026,tag,2026-07-01,2026-08-01,Artificial Intelligence|Hard Tech|Hardware|Infrastructure,
31133,Winter 2026,tag,2026-07-01,2026-08-01,Developer Tools,
31133,Winter 2026,subindustry,2026-07-01,2026-08-01,"B2B -> Engineering, Product and Design",B2B -> Human Resources
31153,Winter 2026,subindustry,2026-07-01,2026-08-01,B2B -> Recruiting and Talent,B2B
31172,Winter 2026,industry,2026-07-01,2026-08-01,Real Estate and Construction,B2B
31172,Winter 2026,subindustry,2026-07-01,2026-08-01,Real Estate and Construction -> Construction,B2B -> Infrastructure
31187,Winter 2026,tag,2026-07-01,2026-08-01,AI|Artificial Intelligence|Fintech,
31203,Winter 2026,tag,2026-07-01,2026-08-01,Analytics|Artificial Intelligence|Marketing,
31215,Winter 2026,tag,2026-07-01,2026-08-01,Artificial Intelligence,AI|Workflow Automation
31216,Summer 2026,tag,2026-07-01,2026-08-01,Artificial Intelligence,AI
31222,Spring 2026,tag,2026-07-01,2026-08-01,AI,Artificial Intelligence
31224,Winter 2026,tag,2026-07-01,2026-08-01,Artificial Intelligence,AI
31231,Winter 2026,tag,2026-07-01,2026-08-01,Industrial,Design Tools|Developer Tools
31231,Winter 2026,industry,2026-07-01,2026-08-01,Industrials,B2B
31231,Winter 2026,subindustry,2026-07-01,2026-08-01,Industrials -> Manufacturing and Robotics,"B2B -> Engineering, Product and Design"
31241,Winter 2026,tag,2026-07-01,2026-08-01,AI,Artificial Intelligence
31294,Spring 2026,tag,2026-07-01,2026-08-01,Hard Tech,
31323,Spring 2026,tag,2026-07-01,2026-08-01,AI|B2B|Fintech|Insurance,
31327,Spring 2026,tag,2026-07-01,2026-08-01,Artificial Intelligence,AI
31327,Spring 2026,subindustry,2026-07-01,2026-08-01,B2B,B2B -> Operations
31341,Summer 2026,tag,2026-07-01,2026-08-01,Artificial Intelligence,AI|Generative AI
31362,Spring 2026,tag,2026-07-01,2026-08-01,AI|Semiconductors,
31362,Spring 2026,subindustry,2026-07-01,2026-08-01,Industrials,Industrials -> Energy
31366,Spring 2026,tag,2026-07-01,2026-08-01,Aerospace|Hard Tech|Telecommunications,
31378,Fall 2026,tag,2026-07-01,2026-08-01,Artificial Intelligence|DevOps|Developer Tools|Documents,AI|Robotic Process Automation|Workflow Automation
31380,Spring 2026,tag,2026-07-01,2026-08-01,Artificial Intelligence|Developer Tools|Enterprise Software|Kubernetes|Open Source,
31419,Spring 2026,tag,2026-07-01,2026-08-01,Artificial Intelligence,AI|Automation|Web Development
31424,Spring 2026,tag,2026-07-01,2026-08-01,Artificial Intelligence|B2B|Enterprise|SaaS,
31454,Spring 2026,tag,2026-07-01,2026-08-01,AI Assistant|Consumer|Hardware,
31454,Spring 2026,industry,2026-07-01,2026-08-01,Consumer,B2B
31454,Spring 2026,subindustry,2026-07-01,2026-08-01,Consumer -> Consumer Electronics,B2B -> Analytics
31456,Spring 2026,industry,2026-07-01,2026-08-01,Industrials,B2B
31456,Spring 2026,subindustry,2026-07-01,2026-08-01,Industrials -> Manufacturing and Robotics,B2B -> Infrastructure
31458,Spring 2026,tag,2026-07-01,2026-08-01,Cloud Computing|Developer Tools|Enterprise Software,
31526,Spring 2026,tag,2026-07-01,2026-08-01,Artificial Intelligence,AI
31527,Spring 2026,tag,2026-07-01,2026-08-01,Artificial Intelligence,AI
31549,Spring 2026,tag,2026-07-01,2026-08-01,Artificial Intelligence|Automation|B2B|Biotech|SaaS,
31550,Spring 2026,tag,2026-07-01,2026-08-01,AI|Consumer|Gaming,
32089,Summer 2026,tag,2026-07-01,2026-08-01,AI|Cloud Computing|Developer Tools,Consumer|Fintech|Generative AI
32089,Summer 2026,industry,2026-07-01,2026-08-01,B2B,Fintech
32089,Summer 2026,subindustry,2026-07-01,2026-08-01,"B2B -> Engineering, Product and Design",Fintech -> Consumer Finance
32127,Summer 2026,tag,2026-07-01,2026-08-01,Artificial Intelligence|Legal,AI
32155,Summer 2026,tag,2026-07-01,2026-08-01,Enterprise,
32194,Summer 2026,tag,2026-07-01,2026-08-01,Defense,GovTech
32227,Summer 2026,tag,2026-07-01,2026-08-01,Artificial Intelligence,
32286,Summer 2026,tag,2026-07-01,2026-08-01,Artificial Intelligence|Finance|Fintech,AI|Compliance|Security
32286,Summer 2026,subindustry,2026-07-01,2026-08-01,B2B -> Finance and Accounting,B2B -> Infrastructure
32520,Summer 2026,tag,2026-07-01,2026-08-01,AI|AIOps|B2B|Search,
32526,Summer 2026,tag,2026-07-01,2026-08-01,Conversational AI,Marketplace
32526,Summer 2026,industry,2026-07-01,2026-08-01,Consumer,B2B
32526,Summer 2026,subindustry,2026-07-01,2026-08-01,Consumer -> Job and Career Services,B2B -> Recruiting and Talent
32551,Summer 2026,tag,2026-07-01,2026-08-01,Artificial Intelligence,AI
33052,Summer 2026,tag,2026-07-01,2026-08-01,AI,Artificial Intelligence
33282,Summer 2026,tag,2026-07-01,2026-08-01,Insurance,Banking as a Service|Finance|Neobank
33282,Summer 2026,subindustry,2026-07-01,2026-08-01,Fintech -> Insurance,Fintech
33806,Summer 2026,tag,2026-07-01,2026-08-01,AI,Artificial Intelligence
33838,Fall 2026,tag,2026-07-01,2026-08-01,AI,Artificial Intelligence
252,Summer 2009,tag,2026-08-01,2026-09-01,Construction,
923,Summer 2015,tag,2026-08-01,2026-09-01,AI,
1250,Summer 2016,tag,2026-08-01,2026-09-01,AI|Hard Tech|Hardware,
1636,Summer 2017,tag,2026-08-01,2026-09-01,Fintech|Proptech,
1636,Summer 2017,subindustry,2026-08-01,2026-09-01,Real Estate and Construction,Real Estate and Construction -> Construction
1940,Summer 2018,tag,2026-08-01,2026-09-01,AI,Artificial Intelligence
13118,Winter 2020,tag,2026-08-01,2026-09-01,Artificial Intelligence,AI
13265,Winter 2020,tag,2026-08-01,2026-09-01,AI,Artificial Intelligence
13334,Winter 2020,tag,2026-08-01,2026-09-01,Artificial Intelligence,AI
13519,Winter 2020,tag,2026-08-01,2026-09-01,Artificial Intelligence,AI
13519,Winter 2020,subindustry,2026-08-01,2026-09-01,B2B -> Infrastructure,"B2B -> Engineering, Product and Design"
13705,Winter 2020,tag,2026-08-01,2026-09-01,AI|Biotech|Drug discovery|Therapeutics,AI-powered Drug Discovery|Artificial Intelligence
21969,Summer 2020,tag,2026-08-01,2026-09-01,AI,Artificial Intelligence
22273,Summer 2020,tag,2026-08-01,2026-09-01,Artificial Intelligence,AI
22880,Winter 2021,tag,2026-08-01,2026-09-01,Artificial Intelligence,AI
23190,Winter 2021,tag,2026-08-01,2026-09-01,AI,Artificial Intelligence
23530,Winter 2021,subindustry,2026-08-01,2026-09-01,B2B -> Productivity,"B2B -> Engineering, Product and Design"
23636,Winter 2021,tag,2026-08-01,2026-09-01,Artificial Intelligence,AI
23781,Summer 2021,tag,2026-08-01,2026-09-01,Artificial Intelligence,AI
23951,Summer 2021,tag,2026-08-01,2026-09-01,Artificial Intelligence|Hard Tech|Neurotechnology,Machine Learning|Mental Health Tech|Therapeutics
23973,Summer 2021,tag,2026-08-01,2026-09-01,Operations,No-code
24130,Summer 2021,tag,2026-08-01,2026-09-01,AI|Artificial Intelligence,Health Insurance|Health Tech|Healthcare|Healthcare IT
24130,Summer 2021,industry,2026-08-01,2026-09-01,B2B,Healthcare
24130,Summer 2021,subindustry,2026-08-01,2026-09-01,"B2B -> Engineering, Product and Design",Healthcare -> Healthcare IT
24161,Summer 2021,tag,2026-08-01,2026-09-01,Artificial Intelligence,AI
24166,Summer 2021,tag,2026-08-01,2026-09-01,Digital Health,
24271,Summer 2021,tag,2026-08-01,2026-09-01,Artificial Intelligence|Transportation,AI
24549,Summer 2021,tag,2026-08-01,2026-09-01,Real Estate,
24551,Summer 2021,tag,2026-08-01,2026-09-01,AI,Artificial Intelligence
24571,Summer 2021,tag,2026-08-01,2026-09-01,Artificial Intelligence,AI
25058,Winter 2022,tag,2026-08-01,2026-09-01,Artificial Intelligence,AI
25249,Summer 2022,tag,2026-08-01,2026-09-01,AI,Artificial Intelligence
25322,Winter 2022,tag,2026-08-01,2026-09-01,AI,Artificial Intelligence
25332,Winter 2022,tag,2026-08-01,2026-09-01,Digital Health,
25348,Winter 2022,tag,2026-08-01,2026-09-01,AI,Artificial Intelligence
25400,Winter 2022,tag,2026-08-01,2026-09-01,Artificial Intelligence,AI
25635,Winter 2022,tag,2026-08-01,2026-09-01,Artificial Intelligence,AI
25663,Winter 2022,tag,2026-08-01,2026-09-01,AI,Artificial Intelligence
25717,Winter 2022,tag,2026-08-01,2026-09-01,Enterprise Software|Neobank,Banking as a Service
25737,Winter 2022,tag,2026-08-01,2026-09-01,Enterprise Software,B2B
26094,Winter 2022,tag,2026-08-01,2026-09-01,Artificial Intelligence,AI
26712,Summer 2022,tag,2026-08-01,2026-09-01,Artificial Intelligence|Geographic Information System,AI
26725,Summer 2022,tag,2026-08-01,2026-09-01,AI,Artificial Intelligence
26739,Summer 2022,tag,2026-08-01,2026-09-01,Artificial Intelligence|Media|Video,AI
26739,Summer 2022,industry,2026-08-01,2026-09-01,Consumer,B2B
26739,Summer 2022,subindustry,2026-08-01,2026-09-01,Consumer -> Content,B2B -> Productivity
26756,Summer 2022,tag,2026-08-01,2026-09-01,AI,Artificial Intelligence
26850,Summer 2022,tag,2026-08-01,2026-09-01,Supply Chain,
26912,Summer 2022,tag,2026-08-01,2026-09-01,AI,Artificial Intelligence
27046,Summer 2022,tag,2026-08-01,2026-09-01,AI|B2B,Artificial Intelligence
27092,Summer 2022,industry,2026-08-01,2026-09-01,B2B,Healthcare
27092,Summer 2022,subindustry,2026-08-01,2026-09-01,B2B -> Infrastructure,Healthcare -> Healthcare IT
27162,Summer 2022,tag,2026-08-01,2026-09-01,Artificial Intelligence,AI
27172,Summer 2022,tag,2026-08-01,2026-09-01,Artificial Intelligence,AI
27250,Summer 2022,tag,2026-08-01,2026-09-01,Artificial Intelligence,AI
27583,Winter 2023,tag,2026-08-01,2026-09-01,Artificial Intelligence,AI
27667,Winter 2023,tag,2026-08-01,2026-09-01,AI,Artificial Intelligence
27860,Winter 2023,tag,2026-08-01,2026-09-01,Artificial Intelligence,AI
27875,Winter 2023,tag,2026-08-01,2026-09-01,AI,Artificial Intelligence
27925,Winter 2023,tag,2026-08-01,2026-09-01,AI,Artificial Intelligence
28006,Winter 2023,tag,2026-08-01,2026-09-01,Healthcare IT,B2B|Finance|India
28006,Winter 2023,subindustry,2026-08-01,2026-09-01,B2B -> Operations,B2B -> Analytics
28409,Winter 2023,tag,2026-08-01,2026-09-01,Artificial Intelligence,AI
28780,Summer 2023,tag,2026-08-01,2026-09-01,Artificial Intelligence,AI
28827,Summer 2023,tag,2026-08-01,2026-09-01,Food & Beverage|Grocery|Supply Chain,
28981,Summer 2023,tag,2026-08-01,2026-09-01,Enterprise Software,
29026,Summer 2023,subindustry,2026-08-01,2026-09-01,Fintech,Fintech -> Asset Management
29181,Winter 2024,tag,2026-08-01,2026-09-01,AI,Artificial Intelligence
29185,Winter 2024,tag,2026-08-01,2026-09-01,Robotics,
29185,Winter 2024,industry,2026-08-01,2026-09-01,Industrials,B2B
29185,Winter 2024,subindustry,2026-08-01,2026-09-01,Industrials -> Manufacturing and Robotics,B2B
29244,Winter 2024,tag,2026-08-01,2026-09-01,AI,Artificial Intelligence
29246,Winter 2024,tag,2026-08-01,2026-09-01,AI,Artificial Intelligence
29277,Winter 2024,tag,2026-08-01,2026-09-01,Artificial Intelligence,AI
29298,Winter 2024,tag,2026-08-01,2026-09-01,AI,Artificial Intelligence
29303,Winter 2024,tag,2026-08-01,2026-09-01,Artificial Intelligence,AI
29325,Winter 2024,tag,2026-08-01,2026-09-01,AI,Artificial Intelligence
29341,Winter 2024,tag,2026-08-01,2026-09-01,Artificial Intelligence,AI
29350,Winter 2024,tag,2026-08-01,2026-09-01,AI|Construction|Home Services,CRM
29372,Winter 2024,tag,2026-08-01,2026-09-01,AI|Consumer|Entertainment,Artificial Intelligence
29396,Winter 2024,tag,2026-08-01,2026-09-01,Artificial Intelligence,AI
29399,Winter 2024,tag,2026-08-01,2026-09-01,AI|Developer Tools|Workflow Automation,
29399,Winter 2024,industry,2026-08-01,2026-09-01,B2B,Fintech
29399,Winter 2024,subindustry,2026-08-01,2026-09-01,B2B,Fintech -> Asset Management
29407,Winter 2024,tag,2026-08-01,2026-09-01,Artificial Intelligence,AI
29414,Winter 2024,tag,2026-08-01,2026-09-01,Crypto / Web3,B2B
29439,Winter 2024,tag,2026-08-01,2026-09-01,Artificial Intelligence,AI
29447,Winter 2024,tag,2026-08-01,2026-09-01,Artificial Intelligence,AI
29477,Winter 2024,tag,2026-08-01,2026-09-01,Artificial Intelligence|Neurotechnology,
29510,Winter 2024,tag,2026-08-01,2026-09-01,Artificial Intelligence,AI
29667,Summer 2024,tag,2026-08-01,2026-09-01,Cloud Computing,Energy Storage
29684,Summer 2024,tag,2026-08-01,2026-09-01,AI,Artificial Intelligence
29693,Summer 2024,tag,2026-08-01,2026-09-01,AI,Artificial Intelligence
29694,Summer 2024,tag,2026-08-01,2026-09-01,,Therapeutics
29695,Summer 2024,tag,2026-08-01,2026-09-01,AI,Artificial Intelligence
29697,Summer 2025,tag,2026-08-01,2026-09-01,Artificial Intelligence|Customer Service,AI|Marketing
29697,Summer 2025,subindustry,2026-08-01,2026-09-01,B2B -> Operations,B2B -> Marketing
29719,Summer 2024,tag,2026-08-01,2026-09-01,AI,Artificial Intelligence
29725,Summer 2024,subindustry,2026-08-01,2026-09-01,"B2B -> Engineering, Product and Design",B2B -> Retail
29738,Summer 2024,tag,2026-08-01,2026-09-01,Artificial Intelligence,AI
29748,Summer 2024,tag,2026-08-01,2026-09-01,AI,Artificial Intelligence
29764,Summer 2024,tag,2026-08-01,2026-09-01,Analytics|Artificial Intelligence|B2B|Data Engineering|SaaS,
29778,Summer 2024,tag,2026-08-01,2026-09-01,B2B|Messaging,Consumer
29778,Summer 2024,industry,2026-08-01,2026-09-01,B2B,Consumer
29778,Summer 2024,subindustry,2026-08-01,2026-09-01,B2B,Consumer
29815,Summer 2024,tag,2026-08-01,2026-09-01,,Housing
29840,Summer 2024,tag,2026-08-01,2026-09-01,AI,Artificial Intelligence
29850,Summer 2024,tag,2026-08-01,2026-09-01,AI|E-commerce|Insurance|Retail,
29987,Summer 2024,tag,2026-08-01,2026-09-01,FinOps|Fintech,Big Data
29989,Summer 2024,tag,2026-08-01,2026-09-01,Artificial Intelligence,AI
30033,Fall 2024,tag,2026-08-01,2026-09-01,Artificial Intelligence|SEO,AI|Sales Enablement
30033,Fall 2024,subindustry,2026-08-01,2026-09-01,B2B -> Marketing,B2B -> Sales
30042,Fall 2024,tag,2026-08-01,2026-09-01,Artificial Intelligence,AI
30043,Fall 2024,tag,2026-08-01,2026-09-01,Artificial Intelligence,AI
30055,Fall 2024,tag,2026-08-01,2026-09-01,Defense,
30097,Fall 2024,tag,2026-08-01,2026-09-01,Artificial Intelligence,AI
30115,Fall 2024,tag,2026-08-01,2026-09-01,,Developer Tools
30181,Winter 2025,tag,2026-08-01,2026-09-01,Artificial Intelligence,AI
30201,Winter 2025,tag,2026-08-01,2026-09-01,Artificial Intelligence|Energy|Hardware|Industrial|Robotics,AI|Analytics|B2B|Energy Storage
30201,Winter 2025,subindustry,2026-08-01,2026-09-01,Industrials,Industrials -> Energy
30209,Winter 2025,tag,2026-08-01,2026-09-01,AI|LegalTech,Artificial Intelligence
30215,Winter 2025,tag,2026-08-01,2026-09-01,AI,Artificial Intelligence
30234,Winter 2025,tag,2026-08-01,2026-09-01,Artificial Intelligence,AI
30238,Winter 2025,tag,2026-08-01,2026-09-01,Health & Wellness,Healthcare IT
30238,Winter 2025,subindustry,2026-08-01,2026-09-01,Healthcare -> Consumer Health and Wellness,Healthcare -> Healthcare IT
30242,Winter 2025,tag,2026-08-01,2026-09-01,AI,Artificial Intelligence
30255,Winter 2025,tag,2026-08-01,2026-09-01,Artificial Intelligence,AI
30255,Winter 2025,subindustry,2026-08-01,2026-09-01,B2B,B2B -> Recruiting and Talent
30269,Winter 2025,tag,2026-08-01,2026-09-01,AI,Artificial Intelligence
30272,Winter 2025,tag,2026-08-01,2026-09-01,Artificial Intelligence,AI
30273,Winter 2025,tag,2026-08-01,2026-09-01,AI,Artificial Intelligence
30286,Winter 2025,tag,2026-08-01,2026-09-01,Artificial Intelligence,AI
30291,Winter 2025,tag,2026-08-01,2026-09-01,Customer Success,API|Infrastructure
30291,Winter 2025,subindustry,2026-08-01,2026-09-01,B2B,B2B -> Infrastructure
30322,Winter 2025,tag,2026-08-01,2026-09-01,Artificial Intelligence,AI
30338,Winter 2025,tag,2026-08-01,2026-09-01,AI,Artificial Intelligence
30399,Spring 2025,tag,2026-08-01,2026-09-01,AI,Artificial Intelligence
30423,Spring 2025,tag,2026-08-01,2026-09-01,Artificial Intelligence,AI
30430,Spring 2025,tag,2026-08-01,2026-09-01,AI,Artificial Intelligence
30443,Spring 2025,tag,2026-08-01,2026-09-01,AI,Artificial Intelligence
30491,Spring 2025,tag,2026-08-01,2026-09-01,Health Tech,
30502,Spring 2025,tag,2026-08-01,2026-09-01,Energy Storage,Semiconductors
30522,Spring 2025,tag,2026-08-01,2026-09-01,AI,Artificial Intelligence
30529,Spring 2025,tag,2026-08-01,2026-09-01,Artificial Intelligence,AI
30561,Spring 2025,tag,2026-08-01,2026-09-01,AI,Artificial Intelligence
30610,Summer 2025,tag,2026-08-01,2026-09-01,Artificial Intelligence|Developer Tools|Infrastructure,
30644,Summer 2025,tag,2026-08-01,2026-09-01,AI,Artificial Intelligence
30649,Summer 2025,tag,2026-08-01,2026-09-01,AI,Artificial Intelligence
30659,Summer 2025,tag,2026-08-01,2026-09-01,Artificial Intelligence,AI
30660,Summer 2025,tag,2026-08-01,2026-09-01,Open Source,Enterprise Software
30663,Summer 2025,industry,2026-08-01,2026-09-01,Fintech,B2B
30663,Summer 2025,subindustry,2026-08-01,2026-09-01,Fintech -> Insurance,B2B -> Analytics
30669,Summer 2025,tag,2026-08-01,2026-09-01,AI Assistant|Automation|Email|Enterprise Software|Productivity,
30680,Summer 2025,tag,2026-08-01,2026-09-01,,Cybersecurity
30680,Summer 2025,subindustry,2026-08-01,2026-09-01,B2B -> Infrastructure,B2B
30681,Summer 2025,industry,2026-08-01,2026-09-01,Fintech,Healthcare
30681,Summer 2025,subindustry,2026-08-01,2026-09-01,Fintech -> Consumer Finance,Healthcare -> Healthcare IT
30691,Summer 2025,tag,2026-08-01,2026-09-01,Artificial Intelligence,AI
30696,Summer 2025,tag,2026-08-01,2026-09-01,AI,Artificial Intelligence
30699,Summer 2025,tag,2026-08-01,2026-09-01,Artificial Intelligence,AI
30700,Summer 2025,tag,2026-08-01,2026-09-01,Artificial Intelligence,AI
30700,Summer 2025,industry,2026-08-01,2026-09-01,Consumer,B2B
30700,Summer 2025,subindustry,2026-08-01,2026-09-01,Consumer,"B2B -> Engineering, Product and Design"
30710,Summer 2025,tag,2026-08-01,2026-09-01,AI,Artificial Intelligence
30711,Summer 2025,tag,2026-08-01,2026-09-01,Artificial Intelligence,AI
30729,Summer 2025,tag,2026-08-01,2026-09-01,Artificial Intelligence,AI
30768,Summer 2025,tag,2026-08-01,2026-09-01,AI,Artificial Intelligence
30796,Summer 2025,tag,2026-08-01,2026-09-01,AI,Artificial Intelligence
30804,Summer 2025,tag,2026-08-01,2026-09-01,Artificial Intelligence,AI
30844,Fall 2025,tag,2026-08-01,2026-09-01,AI,Artificial Intelligence
30862,Fall 2025,tag,2026-08-01,2026-09-01,AI,Artificial Intelligence
30867,Fall 2025,tag,2026-08-01,2026-09-01,Operations,
30886,Fall 2025,tag,2026-08-01,2026-09-01,AI,Artificial Intelligence
30912,Fall 2025,tag,2026-08-01,2026-09-01,AI,Artificial Intelligence
30914,Summer 2026,industry,2026-08-01,2026-09-01,Healthcare,Consumer
30914,Summer 2026,subindustry,2026-08-01,2026-09-01,Healthcare -> Healthcare Services,Consumer
30935,Fall 2025,tag,2026-08-01,2026-09-01,Open Source,
30938,Fall 2025,tag,2026-08-01,2026-09-01,AI,Artificial Intelligence
30950,Fall 2025,tag,2026-08-01,2026-09-01,AI,Artificial Intelligence
30953,Fall 2025,tag,2026-08-01,2026-09-01,Legal,Customer Support|Sales
30965,Fall 2025,tag,2026-08-01,2026-09-01,Defense,
30975,Fall 2025,tag,2026-08-01,2026-09-01,Artificial Intelligence,AI
30983,Fall 2025,tag,2026-08-01,2026-09-01,Artificial Intelligence,AI
30995,Fall 2025,tag,2026-08-01,2026-09-01,AI,Artificial Intelligence
30997,Fall 2025,tag,2026-08-01,2026-09-01,AI,Artificial Intelligence
31002,Fall 2025,tag,2026-08-01,2026-09-01,Artificial Intelligence,AI
31005,Fall 2025,tag,2026-08-01,2026-09-01,Compliance|Consumer Products,Logistics|Supply Chain
31005,Fall 2025,subindustry,2026-08-01,2026-09-01,B2B -> Operations,B2B -> Supply Chain and Logistics
31010,Fall 2025,tag,2026-08-01,2026-09-01,AI,Artificial Intelligence
31030,Winter 2026,tag,2026-08-01,2026-09-01,Artificial Intelligence,AI
31074,Summer 2026,tag,2026-08-01,2026-09-01,Artificial Intelligence|Infrastructure|Open Source,AI|B2B|Compliance|Security
31074,Summer 2026,subindustry,2026-08-01,2026-09-01,B2B -> Infrastructure,B2B -> Security
31086,Summer 2026,tag,2026-08-01,2026-09-01,B2B,
31098,Winter 2026,tag,2026-08-01,2026-09-01,AI,Artificial Intelligence
31118,Winter 2026,tag,2026-08-01,2026-09-01,Developer Tools,
31130,Winter 2026,tag,2026-08-01,2026-09-01,Construction|Real Estate,
31132,Winter 2026,tag,2026-08-01,2026-09-01,Compliance|Fraud Detection,
31147,Winter 2026,tag,2026-08-01,2026-09-01,Artificial Intelligence,AI
31161,Summer 2026,tag,2026-08-01,2026-09-01,Artificial Intelligence|Enterprise,AI
31172,Winter 2026,industry,2026-08-01,2026-09-01,B2B,Real Estate and Construction
31172,Winter 2026,subindustry,2026-08-01,2026-09-01,B2B -> Operations,Real Estate and Construction -> Construction
31180,Winter 2026,tag,2026-08-01,2026-09-01,AI|Defense,Aerospace|Artificial Intelligence
31222,Spring 2026,tag,2026-08-01,2026-09-01,Artificial Intelligence,AI
31226,Summer 2026,tag,2026-08-01,2026-09-01,AI|Construction|Energy|Hard Tech|Robotics,Robotic Process Automation|Solar Power|Sustainability
31226,Summer 2026,subindustry,2026-08-01,2026-09-01,Industrials -> Manufacturing and Robotics,Industrials -> Energy
31230,Winter 2026,tag,2026-08-01,2026-09-01,AI|B2B|Finance|SaaS,
31231,Winter 2026,tag,2026-08-01,2026-09-01,Reinforcement Learning,Industrial
31231,Winter 2026,industry,2026-08-01,2026-09-01,B2B,Industrials
31231,Winter 2026,subindustry,2026-08-01,2026-09-01,"B2B -> Engineering, Product and Design",Industrials -> Manufacturing and Robotics
31244,Winter 2026,tag,2026-08-01,2026-09-01,Artificial Intelligence,
31246,Spring 2026,tag,2026-08-01,2026-09-01,AI,Artificial Intelligence
31257,Summer 2026,tag,2026-08-01,2026-09-01,Artificial Intelligence,AI
31259,Summer 2026,tag,2026-08-01,2026-09-01,Artificial Intelligence|Consumer|HR Tech|Marketplace|Recruiting,
31262,Winter 2026,tag,2026-08-01,2026-09-01,Artificial Intelligence,
31263,Winter 2026,tag,2026-08-01,2026-09-01,Advertising|Artificial Intelligence|Marketing,AI Assistant|Calendar|Email|Productivity
31263,Winter 2026,subindustry,2026-08-01,2026-09-01,B2B,B2B -> Productivity
31268,Summer 2026,tag,2026-08-01,2026-09-01,AI,Artificial Intelligence
31304,Summer 2026,tag,2026-08-01,2026-09-01,AI|Data Engineering,Talent Acquisition
31304,Summer 2026,subindustry,2026-08-01,2026-09-01,B2B,B2B -> Recruiting and Talent
31327,Spring 2026,tag,2026-08-01,2026-09-01,Consumer|Social,Artificial Intelligence|Market Research
31340,Summer 2026,tag,2026-08-01,2026-09-01,Artificial Intelligence,AI
31341,Summer 2026,tag,2026-08-01,2026-09-01,AI,Artificial Intelligence|Data Labeling
31341,Summer 2026,industry,2026-08-01,2026-09-01,Industrials,B2B
31341,Summer 2026,subindustry,2026-08-01,2026-09-01,Industrials -> Manufacturing and Robotics,B2B
31343,Spring 2026,tag,2026-08-01,2026-09-01,Artificial Intelligence|Fintech|Investing|Productivity|Stocks,
31382,Spring 2026,tag,2026-08-01,2026-09-01,Consumer Finance|Fintech|Insurance,
31409,Spring 2026,tag,2026-08-01,2026-09-01,Advertising|Marketing,
31419,Spring 2026,tag,2026-08-01,2026-09-01,AI|Robotics,API|Artificial Intelligence
31419,Spring 2026,industry,2026-08-01,2026-09-01,Industrials,B2B
31419,Spring 2026,subindustry,2026-08-01,2026-09-01,Industrials -> Manufacturing and Robotics,B2B -> Infrastructure
31424,Spring 2026,tag,2026-08-01,2026-09-01,AI,Artificial Intelligence
31432,Spring 2026,tag,2026-08-01,2026-09-01,API|Artificial Intelligence|B2B|Developer Tools|SaaS,
31437,Summer 2026,tag,2026-08-01,2026-09-01,Industrial|Manufacturing,
31444,Spring 2026,tag,2026-08-01,2026-09-01,B2B|Developer Tools|Enterprise Software|Productivity,
31444,Spring 2026,subindustry,2026-08-01,2026-09-01,"B2B -> Engineering, Product and Design",B2B -> Supply Chain and Logistics
31527,Spring 2026,tag,2026-08-01,2026-09-01,AI,Artificial Intelligence
31529,Spring 2026,tag,2026-08-01,2026-09-01,Consumer Finance,
31543,Spring 2026,tag,2026-08-01,2026-09-01,Home Services,
31543,Spring 2026,subindustry,2026-08-01,2026-09-01,Real Estate and Construction -> Construction,Real Estate and Construction -> Housing and Real Estate
31557,Summer 2026,tag,2026-08-01,2026-09-01,Artificial Intelligence|Marketplace,AI|Sales
31557,Summer 2026,subindustry,2026-08-01,2026-09-01,"B2B -> Engineering, Product and Design",B2B -> Sales
31562,Spring 2026,tag,2026-08-01,2026-09-01,Finance,
31570,Summer 2026,tag,2026-08-01,2026-09-01,AI|Developer Tools|SaaS,APIs|B2B|Workflow Automation
31570,Summer 2026,subindustry,2026-08-01,2026-09-01,"B2B -> Engineering, Product and Design",B2B -> Infrastructure
31592,Summer 2026,tag,2026-08-01,2026-09-01,AI|B2B,
31923,Summer 2026,tag,2026-08-01,2026-09-01,Consumer,
32123,Summer 2026,tag,2026-08-01,2026-09-01,Design|Design Tools|Industrial,
32129,Summer 2026,tag,2026-08-01,2026-09-01,AI|Personalization|Privacy,Databases
32130,Summer 2026,tag,2026-08-01,2026-09-01,Artificial Intelligence,AI
32133,Summer 2026,tag,2026-08-01,2026-09-01,Infrastructure,Reinforcement Learning
32138,Summer 2026,tag,2026-08-01,2026-09-01,AI,Artificial Intelligence
32154,Summer 2026,tag,2026-08-01,2026-09-01,AI,Artificial Intelligence
32155,Summer 2026,tag,2026-08-01,2026-09-01,Artificial Intelligence,AI
32164,Summer 2026,tag,2026-08-01,2026-09-01,,Productivity
32168,Summer 2026,tag,2026-08-01,2026-09-01,AI,Artificial Intelligence
32170,Summer 2026,tag,2026-08-01,2026-09-01,Consumer,
32171,Summer 2026,tag,2026-08-01,2026-09-01,Marketing|Sales,Workflow Automation
32187,Summer 2026,tag,2026-08-01,2026-09-01,AI|Healthcare|Insurance,Artificial Intelligence
32193,Summer 2026,tag,2026-08-01,2026-09-01,Enterprise Software,Procurement
32194,Summer 2026,tag,2026-08-01,2026-09-01,Artificial Intelligence,AI|Compliance
32195,Summer 2026,tag,2026-08-01,2026-09-01,AI,Artificial Intelligence
32197,Summer 2026,tag,2026-08-01,2026-09-01,AI,Artificial Intelligence
32204,Summer 2026,tag,2026-08-01,2026-09-01,AI,Artificial Intelligence
32226,Summer 2026,tag,2026-08-01,2026-09-01,AI,Artificial Intelligence
32227,Summer 2026,tag,2026-08-01,2026-09-01,AI,Artificial Intelligence
32256,Summer 2026,tag,2026-08-01,2026-09-01,Artificial Intelligence,AI
32259,Summer 2026,tag,2026-08-01,2026-09-01,AI,Artificial Intelligence
32520,Summer 2026,tag,2026-08-01,2026-09-01,,AI|AIOps|Artificial Intelligence|B2B|Search
32520,Summer 2026,subindustry,2026-08-01,2026-09-01,B2B -> Operations,B2B
32523,Summer 2026,tag,2026-08-01,2026-09-01,Artificial Intelligence,AI
32526,Summer 2026,industry,2026-08-01,2026-09-01,B2B,Consumer
32526,Summer 2026,subindustry,2026-08-01,2026-09-01,B2B -> Recruiting and Talent,Consumer -> Job and Career Services
32551,Summer 2026,tag,2026-08-01,2026-09-01,AI,Artificial Intelligence
32552,Summer 2026,tag,2026-08-01,2026-09-01,,AI|Big Data
32583,Summer 2026,tag,2026-08-01,2026-09-01,,Reinforcement Learning
32586,Summer 2026,tag,2026-08-01,2026-09-01,,Manufacturing
32588,Summer 2026,tag,2026-08-01,2026-09-01,AI Assistant|Artificial Intelligence,
32622,Summer 2026,tag,2026-08-01,2026-09-01,Artificial Intelligence,AI
32624,Summer 2026,tag,2026-08-01,2026-09-01,Artificial Intelligence,AI
32650,Summer 2026,tag,2026-08-01,2026-09-01,Hardware,Real Estate
32782,Summer 2026,tag,2026-08-01,2026-09-01,Fintech|Health Insurance,AI|Dental|Healthcare IT
32782,Summer 2026,industry,2026-08-01,2026-09-01,Fintech,Healthcare
32782,Summer 2026,subindustry,2026-08-01,2026-09-01,Fintech -> Insurance,Healthcare -> Healthcare IT
32814,Summer 2026,tag,2026-08-01,2026-09-01,Artificial Intelligence,AI
32848,Summer 2026,tag,2026-08-01,2026-09-01,AI,Artificial Intelligence
33023,Summer 2026,tag,2026-08-01,2026-09-01,Enterprise Software,Investments|Lending
33047,Summer 2026,tag,2026-08-01,2026-09-01,AI,Artificial Intelligence
33050,Summer 2026,tag,2026-08-01,2026-09-01,Automation|Procurement,Digital Freight Brokerage|Finance
33054,Summer 2026,tag,2026-08-01,2026-09-01,Semiconductors,Electronics
33059,Summer 2026,tag,2026-08-01,2026-09-01,AI,Artificial Intelligence
33111,Summer 2026,tag,2026-08-01,2026-09-01,Artificial Intelligence,AI
33177,Summer 2026,tag,2026-08-01,2026-09-01,AIOps|Artificial Intelligence|DevOps,DevSecOps
33313,Summer 2026,tag,2026-08-01,2026-09-01,Computer Vision|Hard Tech|Infrastructure|Real Estate,Augmented Reality
33320,Summer 2026,tag,2026-08-01,2026-09-01,AI,Artificial Intelligence
33342,Summer 2026,tag,2026-08-01,2026-09-01,Sales,
33349,Summer 2026,tag,2026-08-01,2026-09-01,Artificial Intelligence,AI
33408,Summer 2026,tag,2026-08-01,2026-09-01,Defense|Energy,
33540,Summer 2026,tag,2026-08-01,2026-09-01,AI,Artificial Intelligence
33540,Summer 2026,subindustry,2026-08-01,2026-09-01,"B2B -> Engineering, Product and Design",B2B -> Productivity
33738,Summer 2026,tag,2026-08-01,2026-09-01,Artificial Intelligence|Data Labeling|Machine Learning|Reinforcement Learning,Developer Tools|Workflow Automation
33738,Summer 2026,subindustry,2026-08-01,2026-09-01,"B2B -> Engineering, Product and Design",B2B
33806,Summer 2026,tag,2026-08-01,2026-09-01,Reinforcement Learning,
33936,Summer 2026,tag,2026-08-01,2026-09-01,Developer Tools,
