company_id,company_slug,batch,batch_code,year,industry,level
375,clickfacts,Summer 2005,S05,2005,B2B,top
375,clickfacts,Summer 2005,S05,2005,Security,child
380,infogami,Summer 2005,S05,2005,B2B,top
380,infogami,Summer 2005,S05,2005,Analytics,child
378,kiko,Summer 2005,S05,2005,B2B,top
378,kiko,Summer 2005,S05,2005,Productivity,child
373,loopt,Summer 2005,S05,2005,Consumer,top
373,loopt,Summer 2005,S05,2005,Social,child
377,memamp,Summer 2005,S05,2005,B2B,top
384,parakey,Summer 2005,S05,2005,B2B,top
384,parakey,Summer 2005,S05,2005,Infrastructure,child
379,reddit,Summer 2005,S05,2005,Consumer,top
379,reddit,Summer 2005,S05,2005,Content,child
376,simmery,Summer 2005,S05,2005,Consumer,top
376,simmery,Summer 2005,S05,2005,Social,child
374,textpayme,Summer 2005,S05,2005,Fintech,top
374,textpayme,Summer 2005,S05,2005,Consumer Finance,child
372,audiobeta,Winter 2006,W06,2006,B2B,top
372,audiobeta,Winter 2006,W06,2006,Marketing,child
367,clustrix,Winter 2006,W06,2006,B2B,top
367,clustrix,Winter 2006,W06,2006,Infrastructure,child
371,flagr,Winter 2006,W06,2006,Consumer,top
371,flagr,Winter 2006,W06,2006,Social,child
366,inkling,Winter 2006,W06,2006,B2B,top
366,inkling,Winter 2006,W06,2006,Finance and Accounting,child
369,project-wedding,Winter 2006,W06,2006,Consumer,top
369,project-wedding,Winter 2006,W06,2006,Home and Personal,child
368,snipshot,Winter 2006,W06,2006,Consumer,top
368,snipshot,Winter 2006,W06,2006,Content,child
370,wufoo,Winter 2006,W06,2006,B2B,top
370,wufoo,Winter 2006,W06,2006,Marketing,child
358,jamglue,Summer 2006,S06,2006,Consumer,top
358,jamglue,Summer 2006,S06,2006,Content,child
365,jumpchat,Summer 2006,S06,2006,Consumer,top
365,jumpchat,Summer 2006,S06,2006,Social,child
364,likebetter,Summer 2006,S06,2006,Consumer,top
364,likebetter,Summer 2006,S06,2006,Gaming,child
357,omgpop,Summer 2006,S06,2006,Consumer,top
357,omgpop,Summer 2006,S06,2006,Gaming,child
362,pollground,Summer 2006,S06,2006,Consumer,top
362,pollground,Summer 2006,S06,2006,Social,child
356,scribd,Summer 2006,S06,2006,Consumer,top
356,scribd,Summer 2006,S06,2006,Content,child
361,shoutfit,Summer 2006,S06,2006,Consumer,top
361,shoutfit,Summer 2006,S06,2006,Apparel and Cosmetics,child
359,thinkature,Summer 2006,S06,2006,B2B,top
359,thinkature,Summer 2006,S06,2006,Productivity,child
355,xobni,Summer 2006,S06,2006,B2B,top
355,xobni,Summer 2006,S06,2006,Productivity,child
363,zanbazaar,Summer 2006,S06,2006,Consumer,top
363,zanbazaar,Summer 2006,S06,2006,Home and Personal,child
349,auctomatic,Winter 2007,W07,2007,Consumer,top
349,auctomatic,Winter 2007,W07,2007,Home and Personal,child
347,buxfer,Winter 2007,W07,2007,Fintech,top
347,buxfer,Winter 2007,W07,2007,Consumer Finance,child
354,heysan,Winter 2007,W07,2007,Consumer,top
354,heysan,Winter 2007,W07,2007,Social,child
346,octopart,Winter 2007,W07,2007,Industrials,top
346,octopart,Winter 2007,W07,2007,Manufacturing and Robotics,child
353,socialmoth,Winter 2007,W07,2007,Consumer,top
353,socialmoth,Winter 2007,W07,2007,Social,child
345,tsumobi,Winter 2007,W07,2007,Consumer,top
345,tsumobi,Winter 2007,W07,2007,Social,child
383,twitch,Winter 2007,W07,2007,Consumer,top
383,twitch,Winter 2007,W07,2007,Content,child
352,view3,Winter 2007,W07,2007,Industrials,top
352,view3,Winter 2007,W07,2007,Manufacturing and Robotics,child
343,virtualmin,Winter 2007,W07,2007,B2B,top
343,virtualmin,Winter 2007,W07,2007,Infrastructure,child
344,weebly,Winter 2007,W07,2007,B2B,top
344,weebly,Winter 2007,W07,2007,Marketing,child
351,whitenoise,Winter 2007,W07,2007,Consumer,top
351,whitenoise,Winter 2007,W07,2007,Social,child
350,writewith,Winter 2007,W07,2007,Consumer,top
350,writewith,Winter 2007,W07,2007,Content,child
348,zenter,Winter 2007,W07,2007,B2B,top
348,zenter,Winter 2007,W07,2007,Productivity,child
337,anywhere-fm,Summer 2007,S07,2007,Consumer,top
337,anywhere-fm,Summer 2007,S07,2007,Content,child
336,appjet,Summer 2007,S07,2007,B2B,top
336,appjet,Summer 2007,S07,2007,"Engineering, Product and Design",child
342,biographicon,Summer 2007,S07,2007,Consumer,top
342,biographicon,Summer 2007,S07,2007,Content,child
326,blue-frog-gaming,Summer 2007,S07,2007,Consumer,top
326,blue-frog-gaming,Summer 2007,S07,2007,Gaming,child
328,bountii,Summer 2007,S07,2007,Consumer,top
328,bountii,Summer 2007,S07,2007,Home and Personal,child
335,clickpass,Summer 2007,S07,2007,B2B,top
335,clickpass,Summer 2007,S07,2007,"Engineering, Product and Design",child
332,contestmachine,Summer 2007,S07,2007,B2B,top
332,contestmachine,Summer 2007,S07,2007,Marketing,child
327,disqus,Summer 2007,S07,2007,B2B,top
327,disqus,Summer 2007,S07,2007,"Engineering, Product and Design",child
325,dropbox,Summer 2007,S07,2007,B2B,top
325,dropbox,Summer 2007,S07,2007,Productivity,child
341,eivod,Summer 2007,S07,2007,B2B,top
341,eivod,Summer 2007,S07,2007,"Engineering, Product and Design",child
340,fuzzwich,Summer 2007,S07,2007,Consumer,top
340,fuzzwich,Summer 2007,S07,2007,Content,child
329,hello-chair,Summer 2007,S07,2007,Consumer,top
329,hello-chair,Summer 2007,S07,2007,Home and Personal,child
339,meetyu,Summer 2007,S07,2007,Consumer,top
339,meetyu,Summer 2007,S07,2007,Social,child
338,reble,Summer 2007,S07,2007,Consumer,top
338,reble,Summer 2007,S07,2007,Content,child
334,socialpicks,Summer 2007,S07,2007,Consumer,top
334,socialpicks,Summer 2007,S07,2007,Social,child
324,songkick,Summer 2007,S07,2007,Consumer,top
324,songkick,Summer 2007,S07,2007,"Travel, Leisure and Tourism",child
331,splashup,Summer 2007,S07,2007,Consumer,top
331,splashup,Summer 2007,S07,2007,Social,child
333,zumodrive,Summer 2007,S07,2007,B2B,top
333,zumodrive,Summer 2007,S07,2007,Productivity,child
330,ijigg-top440,Summer 2007,S07,2007,Consumer,top
330,ijigg-top440,Summer 2007,S07,2007,Social,child
312,280-north,Winter 2008,W08,2008,B2B,top
312,280-north,Winter 2008,W08,2008,"Engineering, Product and Design",child
305,a-thinking-ape,Winter 2008,W08,2008,B2B,top
305,a-thinking-ape,Winter 2008,W08,2008,Marketing,child
323,bitsample,Winter 2008,W08,2008,B2B,top
323,bitsample,Winter 2008,W08,2008,"Engineering, Product and Design",child
318,deluux,Winter 2008,W08,2008,Consumer,top
318,deluux,Winter 2008,W08,2008,Social,child
309,fathomdb,Winter 2008,W08,2008,B2B,top
309,fathomdb,Winter 2008,W08,2008,Infrastructure,child
311,heroku,Winter 2008,W08,2008,B2B,top
311,heroku,Winter 2008,W08,2008,Infrastructure,child
321,insoshi,Winter 2008,W08,2008,B2B,top
321,insoshi,Winter 2008,W08,2008,Productivity,child
322,joberator,Winter 2008,W08,2008,B2B,top
322,joberator,Winter 2008,W08,2008,Recruiting and Talent,child
317,kirkland-north,Winter 2008,W08,2008,Consumer,top
317,kirkland-north,Winter 2008,W08,2008,Gaming,child
307,machine-zone,Winter 2008,W08,2008,Consumer,top
307,machine-zone,Winter 2008,W08,2008,Gaming,child
308,mightyquiz,Winter 2008,W08,2008,Consumer,top
308,mightyquiz,Winter 2008,W08,2008,Gaming,child
315,mixwit,Winter 2008,W08,2008,Consumer,top
315,mixwit,Winter 2008,W08,2008,Content,child
306,ninite,Winter 2008,W08,2008,B2B,top
306,ninite,Winter 2008,W08,2008,Infrastructure,child
310,omnisio,Winter 2008,W08,2008,Consumer,top
310,omnisio,Winter 2008,W08,2008,Content,child
304,rescuetime,Winter 2008,W08,2008,B2B,top
304,rescuetime,Winter 2008,W08,2008,Productivity,child
320,snaptalent,Winter 2008,W08,2008,B2B,top
320,snaptalent,Winter 2008,W08,2008,Recruiting and Talent,child
314,socialbrowse,Winter 2008,W08,2008,Consumer,top
314,socialbrowse,Winter 2008,W08,2008,Social,child
316,tipjoy,Winter 2008,W08,2008,Fintech,top
316,tipjoy,Winter 2008,W08,2008,Payments,child
303,trigger,Winter 2008,W08,2008,B2B,top
303,trigger,Winter 2008,W08,2008,"Engineering, Product and Design",child
313,wundrbar,Winter 2008,W08,2008,B2B,top
313,wundrbar,Winter 2008,W08,2008,Productivity,child
319,yumdots,Winter 2008,W08,2008,Consumer,top
319,yumdots,Winter 2008,W08,2008,Gaming,child
287,anyvite,Summer 2008,S08,2008,Consumer,top
287,anyvite,Summer 2008,S08,2008,Home and Personal,child
291,backtype,Summer 2008,S08,2008,B2B,top
291,backtype,Summer 2008,S08,2008,Marketing,child
288,co2stats,Summer 2008,S08,2008,B2B,top
288,co2stats,Summer 2008,S08,2008,"Engineering, Product and Design",child
295,claimspotting,Summer 2008,S08,2008,Consumer,top
295,claimspotting,Summer 2008,S08,2008,Gaming,child
284,cloudant,Summer 2008,S08,2008,B2B,top
284,cloudant,Summer 2008,S08,2008,Infrastructure,child
286,frogmetrics,Summer 2008,S08,2008,B2B,top
286,frogmetrics,Summer 2008,S08,2008,Retail,child
285,job-alchemist,Summer 2008,S08,2008,B2B,top
285,job-alchemist,Summer 2008,S08,2008,Recruiting and Talent,child
289,justspotted,Summer 2008,S08,2008,Consumer,top
289,justspotted,Summer 2008,S08,2008,Content,child
283,ohlife,Summer 2008,S08,2008,Consumer,top
283,ohlife,Summer 2008,S08,2008,Content,child
299,people-and-pages,Summer 2008,S08,2008,Consumer,top
299,people-and-pages,Summer 2008,S08,2008,Home and Personal,child
290,picwing,Summer 2008,S08,2008,Consumer,top
290,picwing,Summer 2008,S08,2008,Social,child
300,playreader,Summer 2008,S08,2008,Consumer,top
300,playreader,Summer 2008,S08,2008,Home and Personal,child
282,poll-everywhere,Summer 2008,S08,2008,B2B,top
282,poll-everywhere,Summer 2008,S08,2008,Analytics,child
298,popcuts,Summer 2008,S08,2008,Consumer,top
298,popcuts,Summer 2008,S08,2008,Content,child
281,posterous,Summer 2008,S08,2008,Consumer,top
281,posterous,Summer 2008,S08,2008,Social,child
292,precognate,Summer 2008,S08,2008,Consumer,top
292,precognate,Summer 2008,S08,2008,Gaming,child
302,slinkset,Summer 2008,S08,2008,Consumer,top
302,slinkset,Summer 2008,S08,2008,Content,child
297,snipd,Summer 2008,S08,2008,B2B,top
297,snipd,Summer 2008,S08,2008,Marketing,child
294,team-apart,Summer 2008,S08,2008,B2B,top
294,team-apart,Summer 2008,S08,2008,Productivity,child
296,ticket-stumbler,Summer 2008,S08,2008,Consumer,top
296,ticket-stumbler,Summer 2008,S08,2008,"Travel, Leisure and Tourism",child
301,treehouse,Summer 2008,S08,2008,Consumer,top
301,treehouse,Summer 2008,S08,2008,Social,child
293,youlicit,Summer 2008,S08,2008,Consumer,top
293,youlicit,Summer 2008,S08,2008,Content,child
271,airbnb,Winter 2009,W09,2009,Consumer,top
271,airbnb,Winter 2009,W09,2009,"Travel, Leisure and Tourism",child
275,cloudkick,Winter 2009,W09,2009,B2B,top
275,cloudkick,Winter 2009,W09,2009,Infrastructure,child
272,divvyshot,Winter 2009,W09,2009,Consumer,top
272,divvyshot,Winter 2009,W09,2009,Social,child
274,echodio,Winter 2009,W09,2009,Consumer,top
274,echodio,Winter 2009,W09,2009,Content,child
269,foodoro,Winter 2009,W09,2009,Consumer,top
269,foodoro,Winter 2009,W09,2009,Food and Beverage,child
267,heyzap,Winter 2009,W09,2009,Consumer,top
267,heyzap,Winter 2009,W09,2009,Gaming,child
278,nambii,Winter 2009,W09,2009,Consumer,top
278,nambii,Winter 2009,W09,2009,Social,child
280,petasales,Winter 2009,W09,2009,B2B,top
280,petasales,Winter 2009,W09,2009,Marketing,child
277,picurio,Winter 2009,W09,2009,Consumer,top
277,picurio,Winter 2009,W09,2009,Social,child
265,recurious,Winter 2009,W09,2009,Consumer,top
265,recurious,Winter 2009,W09,2009,Social,child
266,skysheet,Winter 2009,W09,2009,B2B,top
266,skysheet,Winter 2009,W09,2009,Productivity,child
276,spaces-life,Winter 2009,W09,2009,Real Estate and Construction,top
276,spaces-life,Winter 2009,W09,2009,Housing and Real Estate,child
270,volantio,Winter 2009,W09,2009,B2B,top
270,volantio,Winter 2009,W09,2009,Marketing,child
279,voxli,Winter 2009,W09,2009,Consumer,top
279,voxli,Winter 2009,W09,2009,Gaming,child
268,wattvision,Winter 2009,W09,2009,Real Estate and Construction,top
268,wattvision,Winter 2009,W09,2009,Housing and Real Estate,child
273,remail,Winter 2009,W09,2009,B2B,top
273,remail,Winter 2009,W09,2009,Productivity,child
261,adthrow,Summer 2009,S09,2009,B2B,top
261,adthrow,Summer 2009,S09,2009,Marketing,child
243,bump,Summer 2009,S09,2009,Consumer,top
243,bump,Summer 2009,S09,2009,Social,child
251,carwoo,Summer 2009,S09,2009,Consumer,top
251,carwoo,Summer 2009,S09,2009,Transportation Services,child
242,dailybooth,Summer 2009,S09,2009,Consumer,top
242,dailybooth,Summer 2009,S09,2009,Social,child
245,directed-edge,Summer 2009,S09,2009,Consumer,top
245,directed-edge,Summer 2009,S09,2009,Home and Personal,child
253,fanchatter,Summer 2009,S09,2009,B2B,top
253,fanchatter,Summer 2009,S09,2009,Marketing,child
256,flightcaster,Summer 2009,S09,2009,Consumer,top
256,flightcaster,Summer 2009,S09,2009,"Travel, Leisure and Tourism",child
255,graffitigeo,Summer 2009,S09,2009,Consumer,top
255,graffitigeo,Summer 2009,S09,2009,Content,child
241,highlightcam,Summer 2009,S09,2009,Consumer,top
241,highlightcam,Summer 2009,S09,2009,Content,child
264,instantq,Summer 2009,S09,2009,B2B,top
264,instantq,Summer 2009,S09,2009,Retail,child
247,jobspice,Summer 2009,S09,2009,Consumer,top
247,jobspice,Summer 2009,S09,2009,Job and Career Services,child
259,lingt,Summer 2009,S09,2009,Education,top
239,listia,Summer 2009,S09,2009,Consumer,top
239,listia,Summer 2009,S09,2009,Home and Personal,child
250,lockitron,Summer 2009,S09,2009,Consumer,top
250,lockitron,Summer 2009,S09,2009,Consumer Electronics,child
248,mixpanel,Summer 2009,S09,2009,B2B,top
248,mixpanel,Summer 2009,S09,2009,Analytics,child
257,nudgepad,Summer 2009,S09,2009,B2B,top
257,nudgepad,Summer 2009,S09,2009,"Engineering, Product and Design",child
249,olark,Summer 2009,S09,2009,B2B,top
249,olark,Summer 2009,S09,2009,Retail,child
254,plurchase,Summer 2009,S09,2009,Consumer,top
254,plurchase,Summer 2009,S09,2009,Social,child
258,renthop,Summer 2009,S09,2009,Real Estate and Construction,top
258,renthop,Summer 2009,S09,2009,Housing and Real Estate,child
246,rethinkdb,Summer 2009,S09,2009,B2B,top
246,rethinkdb,Summer 2009,S09,2009,Infrastructure,child
260,robohr,Summer 2009,S09,2009,B2B,top
260,robohr,Summer 2009,S09,2009,Human Resources,child
262,stackq,Summer 2009,S09,2009,B2B,top
262,stackq,Summer 2009,S09,2009,"Engineering, Product and Design",child
240,stripe,Summer 2009,S09,2009,Fintech,top
252,tuxebo,Summer 2009,S09,2009,Real Estate and Construction,top
263,wakemate,Summer 2009,S09,2009,Consumer,top
263,wakemate,Summer 2009,S09,2009,Consumer Electronics,child
244,wepay,Summer 2009,S09,2009,Fintech,top
244,wepay,Summer 2009,S09,2009,Payments,child
213,500friends,Winter 2010,W10,2010,B2B,top
213,500friends,Winter 2010,W10,2010,Retail,child
214,all-screen,Winter 2010,W10,2010,B2B,top
214,all-screen,Winter 2010,W10,2010,Marketing,child
225,answerly,Winter 2010,W10,2010,Consumer,top
225,answerly,Winter 2010,W10,2010,Content,child
216,bitplay,Winter 2010,W10,2010,Consumer,top
216,bitplay,Winter 2010,W10,2010,Social,child
230,cardpool,Winter 2010,W10,2010,Consumer,top
230,cardpool,Winter 2010,W10,2010,Home and Personal,child
219,creative-market,Winter 2010,W10,2010,B2B,top
219,creative-market,Winter 2010,W10,2010,"Engineering, Product and Design",child
215,crocodoc,Winter 2010,W10,2010,B2B,top
215,crocodoc,Winter 2010,W10,2010,"Engineering, Product and Design",child
224,cue,Winter 2010,W10,2010,Consumer,top
224,cue,Winter 2010,W10,2010,Home and Personal,child
233,data-marketplace,Winter 2010,W10,2010,B2B,top
233,data-marketplace,Winter 2010,W10,2010,Analytics,child
218,embedly,Winter 2010,W10,2010,B2B,top
218,embedly,Winter 2010,W10,2010,"Engineering, Product and Design",child
232,etacts,Winter 2010,W10,2010,B2B,top
232,etacts,Winter 2010,W10,2010,Sales,child
217,fabricly,Winter 2010,W10,2010,B2B,top
217,fabricly,Winter 2010,W10,2010,Retail,child
229,fithub,Winter 2010,W10,2010,B2B,top
229,fithub,Winter 2010,W10,2010,Retail,child
228,gamador,Winter 2010,W10,2010,Consumer,top
228,gamador,Winter 2010,W10,2010,Gaming,child
236,infoharmoni,Winter 2010,W10,2010,B2B,top
236,infoharmoni,Winter 2010,W10,2010,Marketing,child
222,launchhear,Winter 2010,W10,2010,B2B,top
222,launchhear,Winter 2010,W10,2010,Operations,child
212,mertado,Winter 2010,W10,2010,B2B,top
212,mertado,Winter 2010,W10,2010,Retail,child
382,mixed-media-labs,Winter 2010,W10,2010,Consumer,top
231,movity,Winter 2010,W10,2010,Real Estate and Construction,top
231,movity,Winter 2010,W10,2010,Housing and Real Estate,child
235,newcope,Winter 2010,W10,2010,Consumer,top
235,newcope,Winter 2010,W10,2010,Gaming,child
234,newslabs,Winter 2010,W10,2010,B2B,top
234,newslabs,Winter 2010,W10,2010,"Engineering, Product and Design",child
238,notifo,Winter 2010,W10,2010,B2B,top
238,notifo,Winter 2010,W10,2010,"Engineering, Product and Design",child
220,nowmov,Winter 2010,W10,2010,Consumer,top
220,nowmov,Winter 2010,W10,2010,Content,child
221,optimizely,Winter 2010,W10,2010,B2B,top
221,optimizely,Winter 2010,W10,2010,"Engineering, Product and Design",child
226,ownlocal,Winter 2010,W10,2010,B2B,top
226,ownlocal,Winter 2010,W10,2010,Marketing,child
223,zencoder,Winter 2010,W10,2010,B2B,top
223,zencoder,Winter 2010,W10,2010,Infrastructure,child
227,zenedy,Winter 2010,W10,2010,Consumer,top
227,zenedy,Winter 2010,W10,2010,Content,child
192,1000memories,Summer 2010,S10,2010,Consumer,top
192,1000memories,Summer 2010,S10,2010,Home and Personal,child
209,adgrok,Summer 2010,S10,2010,B2B,top
209,adgrok,Summer 2010,S10,2010,Marketing,child
183,aerofs,Summer 2010,S10,2010,B2B,top
183,aerofs,Summer 2010,S10,2010,Infrastructure,child
188,anylist,Summer 2010,S10,2010,Consumer,top
188,anylist,Summer 2010,S10,2010,Home and Personal,child
189,brushes,Summer 2010,S10,2010,B2B,top
189,brushes,Summer 2010,S10,2010,"Engineering, Product and Design",child
176,chartio,Summer 2010,S10,2010,B2B,top
176,chartio,Summer 2010,S10,2010,Analytics,child
184,chirply,Summer 2010,S10,2010,Consumer,top
184,chirply,Summer 2010,S10,2010,Home and Personal,child
187,demandsphere,Summer 2010,S10,2010,B2B,top
187,demandsphere,Summer 2010,S10,2010,Marketing,child
198,docker,Summer 2010,S10,2010,B2B,top
198,docker,Summer 2010,S10,2010,Infrastructure,child
205,fanvibe,Summer 2010,S10,2010,Consumer,top
205,fanvibe,Summer 2010,S10,2010,Social,child
206,fridge,Summer 2010,S10,2010,Consumer,top
206,fridge,Summer 2010,S10,2010,Social,child
197,futureadvisor,Summer 2010,S10,2010,Fintech,top
197,futureadvisor,Summer 2010,S10,2010,Consumer Finance,child
190,gantto,Summer 2010,S10,2010,B2B,top
190,gantto,Summer 2010,S10,2010,Productivity,child
193,gazehawk,Summer 2010,S10,2010,B2B,top
193,gazehawk,Summer 2010,S10,2010,"Engineering, Product and Design",child
185,habit-labs,Summer 2010,S10,2010,Consumer,top
185,habit-labs,Summer 2010,S10,2010,Social,child
178,hipmunk,Summer 2010,S10,2010,Consumer,top
178,hipmunk,Summer 2010,S10,2010,"Travel, Leisure and Tourism",child
191,homejoy,Summer 2010,S10,2010,Consumer,top
191,homejoy,Summer 2010,S10,2010,Home and Personal,child
211,koduco,Summer 2010,S10,2010,Consumer,top
211,koduco,Summer 2010,S10,2010,Gaming,child
194,leftronic,Summer 2010,S10,2010,Consumer,top
194,leftronic,Summer 2010,S10,2010,Consumer Electronics,child
204,messageparty,Summer 2010,S10,2010,Consumer,top
204,messageparty,Summer 2010,S10,2010,Social,child
196,opzi,Summer 2010,S10,2010,Consumer,top
196,opzi,Summer 2010,S10,2010,Gaming,child
186,padmapper,Summer 2010,S10,2010,Real Estate and Construction,top
186,padmapper,Summer 2010,S10,2010,Housing and Real Estate,child
202,pagerduty,Summer 2010,S10,2010,B2B,top
202,pagerduty,Summer 2010,S10,2010,"Engineering, Product and Design",child
199,post-fm,Summer 2010,S10,2010,B2B,top
199,post-fm,Summer 2010,S10,2010,Productivity,child
177,presto,Summer 2010,S10,2010,B2B,top
177,presto,Summer 2010,S10,2010,Retail,child
210,pribbit,Summer 2010,S10,2010,Consumer,top
210,pribbit,Summer 2010,S10,2010,Social,child
180,rapportive,Summer 2010,S10,2010,B2B,top
180,rapportive,Summer 2010,S10,2010,Productivity,child
203,ready-for-zero,Summer 2010,S10,2010,Fintech,top
203,ready-for-zero,Summer 2010,S10,2010,Consumer Finance,child
181,recurse-center,Summer 2010,S10,2010,Education,top
182,simperium,Summer 2010,S10,2010,B2B,top
182,simperium,Summer 2010,S10,2010,Productivity,child
207,tapzilla,Summer 2010,S10,2010,B2B,top
207,tapzilla,Summer 2010,S10,2010,Marketing,child
179,teevox,Summer 2010,S10,2010,Consumer,top
179,teevox,Summer 2010,S10,2010,Gaming,child
195,upbeat,Summer 2010,S10,2010,Consumer,top
195,upbeat,Summer 2010,S10,2010,Content,child
208,whereoscope,Summer 2010,S10,2010,Consumer,top
208,whereoscope,Summer 2010,S10,2010,Social,child
201,workflowy,Summer 2010,S10,2010,B2B,top
201,workflowy,Summer 2010,S10,2010,Productivity,child
200,indinero,Summer 2010,S10,2010,B2B,top
200,indinero,Summer 2010,S10,2010,Finance and Accounting,child
143,acunote,Winter 2011,W11,2011,B2B,top
143,acunote,Winter 2011,W11,2011,Productivity,child
140,appharbor,Winter 2011,W11,2011,B2B,top
140,appharbor,Winter 2011,W11,2011,Infrastructure,child
159,apportable,Winter 2011,W11,2011,B2B,top
159,apportable,Winter 2011,W11,2011,Infrastructure,child
137,assembled,Winter 2011,W11,2011,Consumer,top
137,assembled,Winter 2011,W11,2011,Social,child
161,balanced,Winter 2011,W11,2011,Fintech,top
161,balanced,Winter 2011,W11,2011,Consumer Finance,child
135,beetailer,Winter 2011,W11,2011,B2B,top
135,beetailer,Winter 2011,W11,2011,Retail,child
160,close,Winter 2011,W11,2011,B2B,top
160,close,Winter 2011,W11,2011,Sales,child
151,comprehend,Winter 2011,W11,2011,Healthcare,top
151,comprehend,Winter 2011,W11,2011,Healthcare IT,child
156,convore,Winter 2011,W11,2011,Consumer,top
156,convore,Winter 2011,W11,2011,Social,child
150,custora,Winter 2011,W11,2011,B2B,top
150,custora,Winter 2011,W11,2011,Analytics,child
170,drchrono,Winter 2011,W11,2011,Healthcare,top
170,drchrono,Winter 2011,W11,2011,Healthcare IT,child
142,earbits,Winter 2011,W11,2011,B2B,top
142,earbits,Winter 2011,W11,2011,Marketing,child
139,fitfu,Winter 2011,W11,2011,Consumer,top
139,fitfu,Winter 2011,W11,2011,Home and Personal,child
158,fivestars,Winter 2011,W11,2011,B2B,top
158,fivestars,Winter 2011,W11,2011,Retail,child
157,flotype,Winter 2011,W11,2011,B2B,top
157,flotype,Winter 2011,W11,2011,Retail,child
168,goat-group,Winter 2011,W11,2011,Consumer,top
168,goat-group,Winter 2011,W11,2011,Apparel and Cosmetics,child
145,hellosign,Winter 2011,W11,2011,B2B,top
145,hellosign,Winter 2011,W11,2011,Productivity,child
148,hotspots,Winter 2011,W11,2011,B2B,top
148,hotspots,Winter 2011,W11,2011,Marketing,child
152,humble-bundle,Winter 2011,W11,2011,Consumer,top
152,humble-bundle,Winter 2011,W11,2011,Gaming,child
154,hyperink,Winter 2011,W11,2011,Consumer,top
154,hyperink,Winter 2011,W11,2011,Content,child
132,inporia,Winter 2011,W11,2011,Consumer,top
132,inporia,Winter 2011,W11,2011,Apparel and Cosmetics,child
155,insight-data-science,Winter 2011,W11,2011,Education,top
146,instapainting,Winter 2011,W11,2011,Consumer,top
146,instapainting,Winter 2011,W11,2011,Home and Personal,child
165,lanyrd,Winter 2011,W11,2011,Consumer,top
165,lanyrd,Winter 2011,W11,2011,Job and Career Services,child
162,mailgun,Winter 2011,W11,2011,B2B,top
162,mailgun,Winter 2011,W11,2011,"Engineering, Product and Design",child
164,mino-games,Winter 2011,W11,2011,Consumer,top
164,mino-games,Winter 2011,W11,2011,Gaming,child
169,orderahead,Winter 2011,W11,2011,Consumer,top
169,orderahead,Winter 2011,W11,2011,Food and Beverage,child
153,pebble,Winter 2011,W11,2011,Consumer,top
153,pebble,Winter 2011,W11,2011,Consumer Electronics,child
144,sendoid,Winter 2011,W11,2011,B2B,top
144,sendoid,Winter 2011,W11,2011,Productivity,child
167,siasto,Winter 2011,W11,2011,B2B,top
167,siasto,Winter 2011,W11,2011,Productivity,child
175,simplylisted,Winter 2011,W11,2011,Consumer,top
175,simplylisted,Winter 2011,W11,2011,Home and Personal,child
134,singlestore,Winter 2011,W11,2011,B2B,top
134,singlestore,Winter 2011,W11,2011,Infrastructure,child
172,storyworth,Winter 2011,W11,2011,Consumer,top
172,storyworth,Winter 2011,W11,2011,Home and Personal,child
173,talkbin,Winter 2011,W11,2011,B2B,top
173,talkbin,Winter 2011,W11,2011,Retail,child
138,talkable,Winter 2011,W11,2011,B2B,top
138,talkable,Winter 2011,W11,2011,Retail,child
136,tellfi,Winter 2011,W11,2011,B2B,top
136,tellfi,Winter 2011,W11,2011,Productivity,child
149,tremendous,Winter 2011,W11,2011,Fintech,top
149,tremendous,Winter 2011,W11,2011,Payments,child
166,trustegg,Winter 2011,W11,2011,Fintech,top
166,trustegg,Winter 2011,W11,2011,Asset Management,child
141,tumult,Winter 2011,W11,2011,B2B,top
141,tumult,Winter 2011,W11,2011,"Engineering, Product and Design",child
163,tutorspree,Winter 2011,W11,2011,Education,top
133,upverter,Winter 2011,W11,2011,B2B,top
133,upverter,Winter 2011,W11,2011,"Engineering, Product and Design",child
129,userfox,Winter 2011,W11,2011,B2B,top
129,userfox,Winter 2011,W11,2011,Marketing,child
174,venuetastic,Winter 2011,W11,2011,B2B,top
174,venuetastic,Winter 2011,W11,2011,Office Management,child
147,you-got-listings-inc,Winter 2011,W11,2011,Real Estate and Construction,top
147,you-got-listings-inc,Winter 2011,W11,2011,Housing and Real Estate,child
171,zerocater,Winter 2011,W11,2011,B2B,top
171,zerocater,Winter 2011,W11,2011,Office Management,child
90,agilemd,Summer 2011,S11,2011,Healthcare,top
90,agilemd,Summer 2011,S11,2011,Healthcare IT,child
79,aisle50,Summer 2011,S11,2011,Consumer,top
79,aisle50,Summer 2011,S11,2011,Home and Personal,child
72,apollo,Summer 2011,S11,2011,B2B,top
72,apollo,Summer 2011,S11,2011,Infrastructure,child
130,automatic,Summer 2011,S11,2011,Consumer,top
130,automatic,Summer 2011,S11,2011,Consumer Electronics,child
106,caviar,Summer 2011,S11,2011,Consumer,top
106,caviar,Summer 2011,S11,2011,Food and Beverage,child
89,citus-data,Summer 2011,S11,2011,B2B,top
89,citus-data,Summer 2011,S11,2011,Infrastructure,child
91,clerky,Summer 2011,S11,2011,B2B,top
91,clerky,Summer 2011,S11,2011,Legal,child
71,clutch,Summer 2011,S11,2011,B2B,top
71,clutch,Summer 2011,S11,2011,"Engineering, Product and Design",child
86,codecademy,Summer 2011,S11,2011,Education,top
117,compose,Summer 2011,S11,2011,B2B,top
117,compose,Summer 2011,S11,2011,Infrastructure,child
87,cryptoseal,Summer 2011,S11,2011,B2B,top
87,cryptoseal,Summer 2011,S11,2011,Infrastructure,child
80,debteye,Summer 2011,S11,2011,Fintech,top
80,debteye,Summer 2011,S11,2011,Consumer Finance,child
126,draft,Summer 2011,S11,2011,B2B,top
126,draft,Summer 2011,S11,2011,Productivity,child
94,dubjoy,Summer 2011,S11,2011,B2B,top
94,dubjoy,Summer 2011,S11,2011,Marketing,child
104,embark,Summer 2011,S11,2011,Consumer,top
104,embark,Summer 2011,S11,2011,Transportation Services,child
108,everyme,Summer 2011,S11,2011,Consumer,top
108,everyme,Summer 2011,S11,2011,Social,child
97,firebase,Summer 2011,S11,2011,B2B,top
97,firebase,Summer 2011,S11,2011,Infrastructure,child
101,fobo,Summer 2011,S11,2011,Consumer,top
101,fobo,Summer 2011,S11,2011,Home and Personal,child
70,freshplum,Summer 2011,S11,2011,B2B,top
70,freshplum,Summer 2011,S11,2011,Analytics,child
75,genius,Summer 2011,S11,2011,Consumer,top
75,genius,Summer 2011,S11,2011,Content,child
118,glassmap,Summer 2011,S11,2011,Consumer,top
118,glassmap,Summer 2011,S11,2011,Social,child
98,gocardless,Summer 2011,S11,2011,Fintech,top
98,gocardless,Summer 2011,S11,2011,Consumer Finance,child
73,hackerrank,Summer 2011,S11,2011,B2B,top
73,hackerrank,Summer 2011,S11,2011,Recruiting and Talent,child
131,hungry-labs,Summer 2011,S11,2011,Consumer,top
131,hungry-labs,Summer 2011,S11,2011,Social,child
116,imgix,Summer 2011,S11,2011,B2B,top
116,imgix,Summer 2011,S11,2011,Infrastructure,child
107,interstate,Summer 2011,S11,2011,B2B,top
107,interstate,Summer 2011,S11,2011,Productivity,child
111,kicksend,Summer 2011,S11,2011,Consumer,top
111,kicksend,Summer 2011,S11,2011,Home and Personal,child
115,launchpad-toys,Summer 2011,S11,2011,Consumer,top
115,launchpad-toys,Summer 2011,S11,2011,Gaming,child
105,leadgenius,Summer 2011,S11,2011,B2B,top
105,leadgenius,Summer 2011,S11,2011,Sales,child
120,leaky,Summer 2011,S11,2011,Fintech,top
120,leaky,Summer 2011,S11,2011,Consumer Finance,child
100,marketbrief,Summer 2011,S11,2011,Fintech,top
100,marketbrief,Summer 2011,S11,2011,Consumer Finance,child
110,mixrank,Summer 2011,S11,2011,B2B,top
76,onesignal,Summer 2011,S11,2011,B2B,top
76,onesignal,Summer 2011,S11,2011,Marketing,child
109,opez,Summer 2011,S11,2011,Consumer,top
109,opez,Summer 2011,S11,2011,Home and Personal,child
99,pagelever,Summer 2011,S11,2011,B2B,top
99,pagelever,Summer 2011,S11,2011,Analytics,child
127,parse,Summer 2011,S11,2011,B2B,top
127,parse,Summer 2011,S11,2011,"Engineering, Product and Design",child
78,paydragon,Summer 2011,S11,2011,Consumer,top
78,paydragon,Summer 2011,S11,2011,Food and Beverage,child
124,perfect-audience,Summer 2011,S11,2011,B2B,top
124,perfect-audience,Summer 2011,S11,2011,Marketing,child
84,phonesys,Summer 2011,S11,2011,B2B,top
84,phonesys,Summer 2011,S11,2011,Infrastructure,child
69,picplum,Summer 2011,S11,2011,Consumer,top
69,picplum,Summer 2011,S11,2011,Home and Personal,child
81,proxino,Summer 2011,S11,2011,B2B,top
81,proxino,Summer 2011,S11,2011,Infrastructure,child
92,quad,Summer 2011,S11,2011,Education,top
85,quartzy,Summer 2011,S11,2011,Healthcare,top
85,quartzy,Summer 2011,S11,2011,Healthcare IT,child
96,realm,Summer 2011,S11,2011,B2B,top
96,realm,Summer 2011,S11,2011,Infrastructure,child
125,rentobo,Summer 2011,S11,2011,Real Estate and Construction,top
125,rentobo,Summer 2011,S11,2011,Housing and Real Estate,child
121,ridejoy,Summer 2011,S11,2011,Consumer,top
121,ridejoy,Summer 2011,S11,2011,Transportation Services,child
83,science-exchange,Summer 2011,S11,2011,Healthcare,top
83,science-exchange,Summer 2011,S11,2011,Healthcare Services,child
88,segment,Summer 2011,S11,2011,B2B,top
88,segment,Summer 2011,S11,2011,Analytics,child
102,sift,Summer 2011,S11,2011,B2B,top
102,sift,Summer 2011,S11,2011,Security,child
123,snapjoy,Summer 2011,S11,2011,Consumer,top
123,snapjoy,Summer 2011,S11,2011,Content,child
82,streak,Summer 2011,S11,2011,B2B,top
82,streak,Summer 2011,S11,2011,Sales,child
74,stypi,Summer 2011,S11,2011,B2B,top
74,stypi,Summer 2011,S11,2011,Productivity,child
122,tapengage,Summer 2011,S11,2011,B2B,top
122,tapengage,Summer 2011,S11,2011,Marketing,child
114,vapor,Summer 2011,S11,2011,Consumer,top
114,vapor,Summer 2011,S11,2011,Social,child
103,verbling,Summer 2011,S11,2011,Education,top
112,videopixie,Summer 2011,S11,2011,B2B,top
112,videopixie,Summer 2011,S11,2011,Marketing,child
119,vidyard,Summer 2011,S11,2011,B2B,top
119,vidyard,Summer 2011,S11,2011,Marketing,child
95,zenbox,Summer 2011,S11,2011,B2B,top
95,zenbox,Summer 2011,S11,2011,Productivity,child
128,zeus,Summer 2011,S11,2011,Real Estate and Construction,top
128,zeus,Summer 2011,S11,2011,Housing and Real Estate,child
77,zigfu,Summer 2011,S11,2011,Consumer,top
77,zigfu,Summer 2011,S11,2011,Gaming,child
7,42floors,Winter 2012,W12,2012,Real Estate and Construction,top
7,42floors,Winter 2012,W12,2012,Housing and Real Estate,child
48,99dresses,Winter 2012,W12,2012,Consumer,top
48,99dresses,Winter 2012,W12,2012,Apparel and Cosmetics,child
15,amiato,Winter 2012,W12,2012,B2B,top
15,amiato,Winter 2012,W12,2012,Infrastructure,child
40,amplitude,Winter 2012,W12,2012,B2B,top
40,amplitude,Winter 2012,W12,2012,Analytics,child
56,ark,Winter 2012,W12,2012,Consumer,top
56,ark,Winter 2012,W12,2012,Content,child
49,authy,Winter 2012,W12,2012,B2B,top
49,authy,Winter 2012,W12,2012,"Engineering, Product and Design",child
46,barsense,Winter 2012,W12,2012,Consumer,top
46,barsense,Winter 2012,W12,2012,Home and Personal,child
23,booksolid,Winter 2012,W12,2012,B2B,top
23,booksolid,Winter 2012,W12,2012,Retail,child
43,brace,Winter 2012,W12,2012,B2B,top
43,brace,Winter 2012,W12,2012,Infrastructure,child
63,carsabi,Winter 2012,W12,2012,Consumer,top
63,carsabi,Winter 2012,W12,2012,Transportation Services,child
29,chute,Winter 2012,W12,2012,B2B,top
29,chute,Winter 2012,W12,2012,Marketing,child
5,circuithub,Winter 2012,W12,2012,Industrials,top
5,circuithub,Winter 2012,W12,2012,Manufacturing and Robotics,child
32,cleverdeck,Winter 2012,W12,2012,Education,top
1719,coderwall,Winter 2012,W12,2012,B2B,top
1719,coderwall,Winter 2012,W12,2012,Productivity,child
17,couple,Winter 2012,W12,2012,Consumer,top
17,couple,Winter 2012,W12,2012,Social,child
55,documents-me,Winter 2012,W12,2012,B2B,top
55,documents-me,Winter 2012,W12,2012,Infrastructure,child
38,exec,Winter 2012,W12,2012,Consumer,top
38,exec,Winter 2012,W12,2012,Home and Personal,child
25,familyleaf,Winter 2012,W12,2012,Consumer,top
25,familyleaf,Winter 2012,W12,2012,Social,child
47,farmlogs,Winter 2012,W12,2012,Industrials,top
47,farmlogs,Winter 2012,W12,2012,Agriculture,child
50,flutter,Winter 2012,W12,2012,B2B,top
50,flutter,Winter 2012,W12,2012,"Engineering, Product and Design",child
51,fond,Winter 2012,W12,2012,B2B,top
51,fond,Winter 2012,W12,2012,Human Resources,child
66,givespark,Winter 2012,W12,2012,B2B,top
66,givespark,Winter 2012,W12,2012,Marketing,child
61,glider,Winter 2012,W12,2012,B2B,top
61,glider,Winter 2012,W12,2012,Productivity,child
39,grouper,Winter 2012,W12,2012,Consumer,top
39,grouper,Winter 2012,W12,2012,Food and Beverage,child
24,gusto,Winter 2012,W12,2012,B2B,top
24,gusto,Winter 2012,W12,2012,Human Resources,child
18,hackpad,Winter 2012,W12,2012,B2B,top
18,hackpad,Winter 2012,W12,2012,Productivity,child
12,hipmob,Winter 2012,W12,2012,B2B,top
12,hipmob,Winter 2012,W12,2012,Operations,child
14,hireart,Winter 2012,W12,2012,B2B,top
14,hireart,Winter 2012,W12,2012,Recruiting and Talent,child
1720,jellyfish-art,Winter 2012,W12,2012,Consumer,top
1720,jellyfish-art,Winter 2012,W12,2012,Home and Personal,child
45,lvl6,Winter 2012,W12,2012,Consumer,top
45,lvl6,Winter 2012,W12,2012,Gaming,child
41,lendup,Winter 2012,W12,2012,Fintech,top
41,lendup,Winter 2012,W12,2012,Credit and Lending,child
54,loom,Winter 2012,W12,2012,Consumer,top
54,loom,Winter 2012,W12,2012,Content,child
33,make-school,Winter 2012,W12,2012,Education,top
26,marft,Winter 2012,W12,2012,B2B,top
26,marft,Winter 2012,W12,2012,"Engineering, Product and Design",child
30,matterport,Winter 2012,W12,2012,Consumer,top
30,matterport,Winter 2012,W12,2012,Virtual and Augmented Reality,child
16,medigram,Winter 2012,W12,2012,Healthcare,top
16,medigram,Winter 2012,W12,2012,Healthcare IT,child
62,medmonk,Winter 2012,W12,2012,Healthcare,top
62,medmonk,Winter 2012,W12,2012,Healthcare Services,child
12824,midnox,Winter 2012,W12,2012,Consumer,top
12824,midnox,Winter 2012,W12,2012,Content,child
27,minefold,Winter 2012,W12,2012,B2B,top
27,minefold,Winter 2012,W12,2012,Infrastructure,child
13,myvr,Winter 2012,W12,2012,Real Estate and Construction,top
13,myvr,Winter 2012,W12,2012,Housing and Real Estate,child
22,optilly-installmonetizer,Winter 2012,W12,2012,B2B,top
22,optilly-installmonetizer,Winter 2012,W12,2012,Marketing,child
52,per-vices,Winter 2012,W12,2012,Industrials,top
34,pixelapse,Winter 2012,W12,2012,B2B,top
34,pixelapse,Winter 2012,W12,2012,"Engineering, Product and Design",child
8,plangrid,Winter 2012,W12,2012,Real Estate and Construction,top
8,plangrid,Winter 2012,W12,2012,Construction,child
59,priceonomics,Winter 2012,W12,2012,B2B,top
59,priceonomics,Winter 2012,W12,2012,Marketing,child
19,rescale,Winter 2012,W12,2012,B2B,top
19,rescale,Winter 2012,W12,2012,"Engineering, Product and Design",child
1548,ridecell,Winter 2012,W12,2012,B2B,top
35,screenleap-inc,Winter 2012,W12,2012,B2B,top
35,screenleap-inc,Winter 2012,W12,2012,Productivity,child
11,sendhub,Winter 2012,W12,2012,B2B,top
11,sendhub,Winter 2012,W12,2012,Productivity,child
60,sendwave,Winter 2012,W12,2012,Fintech,top
60,sendwave,Winter 2012,W12,2012,Payments,child
31,shoptiques,Winter 2012,W12,2012,Consumer,top
31,shoptiques,Winter 2012,W12,2012,Apparel and Cosmetics,child
67,shopular,Winter 2012,W12,2012,Consumer,top
67,shopular,Winter 2012,W12,2012,Home and Personal,child
20,slidepay,Winter 2012,W12,2012,Fintech,top
20,slidepay,Winter 2012,W12,2012,Payments,child
65,socialcam,Winter 2012,W12,2012,Consumer,top
65,socialcam,Winter 2012,W12,2012,Content,child
57,solidstage,Winter 2012,W12,2012,B2B,top
57,solidstage,Winter 2012,W12,2012,"Engineering, Product and Design",child
44,swiftype,Winter 2012,W12,2012,B2B,top
44,swiftype,Winter 2012,W12,2012,"Engineering, Product and Design",child
36,talkray-tikl,Winter 2012,W12,2012,Consumer,top
36,talkray-tikl,Winter 2012,W12,2012,Social,child
21,tap-to-learn,Winter 2012,W12,2012,Consumer,top
21,tap-to-learn,Winter 2012,W12,2012,Gaming,child
10,the-muse,Winter 2012,W12,2012,B2B,top
10,the-muse,Winter 2012,W12,2012,Recruiting and Talent,child
42,tilt,Winter 2012,W12,2012,Fintech,top
42,tilt,Winter 2012,W12,2012,Consumer Finance,child
4940,wave,Winter 2012,W12,2012,Fintech,top
4940,wave,Winter 2012,W12,2012,Payments,child
9,wireover,Winter 2012,W12,2012,B2B,top
9,wireover,Winter 2012,W12,2012,Productivity,child
58,yourmechanic,Winter 2012,W12,2012,Consumer,top
58,yourmechanic,Winter 2012,W12,2012,Transportation Services,child
37,zillabyte,Winter 2012,W12,2012,B2B,top
37,zillabyte,Winter 2012,W12,2012,"Engineering, Product and Design",child
28,zipio,Winter 2012,W12,2012,Consumer,top
28,zipio,Winter 2012,W12,2012,Social,child
6,icracked,Winter 2012,W12,2012,Consumer,top
6,icracked,Winter 2012,W12,2012,Home and Personal,child
469,9gag,Summer 2012,S12,2012,Consumer,top
469,9gag,Summer 2012,S12,2012,Social,child
408,airshared,Summer 2012,S12,2012,Consumer,top
408,airshared,Summer 2012,S12,2012,Home and Personal,child
399,arc,Summer 2012,S12,2012,Industrials,top
399,arc,Summer 2012,S12,2012,Drones,child
458,assorted-bits,Summer 2012,S12,2012,B2B,top
458,assorted-bits,Summer 2012,S12,2012,Productivity,child
444,backerkit,Summer 2012,S12,2012,B2B,top
444,backerkit,Summer 2012,S12,2012,Sales,child
445,benchling,Summer 2012,S12,2012,B2B,top
389,boosted,Summer 2012,S12,2012,Consumer,top
389,boosted,Summer 2012,S12,2012,Consumer Electronics,child
419,braintripping,Summer 2012,S12,2012,Consumer,top
433,bufferbox,Summer 2012,S12,2012,Consumer,top
433,bufferbox,Summer 2012,S12,2012,Home and Personal,child
391,canopy-labs,Summer 2012,S12,2012,B2B,top
391,canopy-labs,Summer 2012,S12,2012,Analytics,child
454,celery,Summer 2012,S12,2012,B2B,top
454,celery,Summer 2012,S12,2012,Retail,child
1360,classdojo,Summer 2012,S12,2012,Education,top
412,clever,Summer 2012,S12,2012,Education,top
447,coco-controller,Summer 2012,S12,2012,Consumer,top
447,coco-controller,Summer 2012,S12,2012,Consumer Electronics,child
439,coinbase,Summer 2012,S12,2012,Fintech,top
439,coinbase,Summer 2012,S12,2012,Banking and Exchange,child
426,collections,Summer 2012,S12,2012,Consumer,top
426,collections,Summer 2012,S12,2012,Home and Personal,child
451,credictive,Summer 2012,S12,2012,B2B,top
451,credictive,Summer 2012,S12,2012,"Engineering, Product and Design",child
418,crohnology-by-healthy-labs,Summer 2012,S12,2012,Healthcare,top
418,crohnology-by-healthy-labs,Summer 2012,S12,2012,Consumer Health and Wellness,child
411,datanitro,Summer 2012,S12,2012,B2B,top
411,datanitro,Summer 2012,S12,2012,"Engineering, Product and Design",child
461,double-robotics,Summer 2012,S12,2012,B2B,top
461,double-robotics,Summer 2012,S12,2012,Productivity,child
427,dreamforge,Summer 2012,S12,2012,B2B,top
427,dreamforge,Summer 2012,S12,2012,"Engineering, Product and Design",child
423,easel,Summer 2012,S12,2012,B2B,top
423,easel,Summer 2012,S12,2012,"Engineering, Product and Design",child
417,eligible,Summer 2012,S12,2012,Healthcare,top
417,eligible,Summer 2012,S12,2012,Healthcare IT,child
453,everyday-me,Summer 2012,S12,2012,Consumer,top
453,everyday-me,Summer 2012,S12,2012,Social,child
425,filestack,Summer 2012,S12,2012,B2B,top
425,filestack,Summer 2012,S12,2012,Productivity,child
446,flightfox,Summer 2012,S12,2012,B2B,top
446,flightfox,Summer 2012,S12,2012,Operations,child
406,framebase,Summer 2012,S12,2012,Consumer,top
406,framebase,Summer 2012,S12,2012,Content,child
397,fullstack-academy,Summer 2012,S12,2012,Education,top
415,fundersclub,Summer 2012,S12,2012,Fintech,top
415,fundersclub,Summer 2012,S12,2012,Asset Management,child
463,getgoing,Summer 2012,S12,2012,Consumer,top
463,getgoing,Summer 2012,S12,2012,"Travel, Leisure and Tourism",child
449,goscale,Summer 2012,S12,2012,B2B,top
449,goscale,Summer 2012,S12,2012,Infrastructure,child
416,binary-thumb,Summer 2012,S12,2012,Consumer,top
405,healthsherpa,Summer 2012,S12,2012,Healthcare,top
405,healthsherpa,Summer 2012,S12,2012,Healthcare Services,child
424,hipset,Summer 2012,S12,2012,Consumer,top
424,hipset,Summer 2012,S12,2012,Content,child
421,hiptype,Summer 2012,S12,2012,B2B,top
421,hiptype,Summer 2012,S12,2012,Analytics,child
403,human-dx,Summer 2012,S12,2012,Healthcare,top
403,human-dx,Summer 2012,S12,2012,Healthcare IT,child
396,imgfave,Summer 2012,S12,2012,Consumer,top
396,imgfave,Summer 2012,S12,2012,Content,child
468,instacart,Summer 2012,S12,2012,Consumer,top
468,instacart,Summer 2012,S12,2012,Food and Beverage,child
393,kamcord,Summer 2012,S12,2012,Consumer,top
393,kamcord,Summer 2012,S12,2012,Gaming,child
431,keychain-logistics,Summer 2012,S12,2012,B2B,top
431,keychain-logistics,Summer 2012,S12,2012,Supply Chain and Logistics,child
422,kippt,Summer 2012,S12,2012,B2B,top
422,kippt,Summer 2012,S12,2012,Productivity,child
388,knowmia,Summer 2012,S12,2012,Education,top
392,leanmarket,Summer 2012,S12,2012,B2B,top
392,leanmarket,Summer 2012,S12,2012,Marketing,child
429,lever,Summer 2012,S12,2012,B2B,top
429,lever,Summer 2012,S12,2012,Recruiting and Talent,child
466,light-table-eve,Summer 2012,S12,2012,B2B,top
466,light-table-eve,Summer 2012,S12,2012,"Engineering, Product and Design",child
420,markupwand,Summer 2012,S12,2012,B2B,top
420,markupwand,Summer 2012,S12,2012,"Engineering, Product and Design",child
441,mattermark,Summer 2012,S12,2012,B2B,top
441,mattermark,Summer 2012,S12,2012,Sales,child
407,mattermost,Summer 2012,S12,2012,B2B,top
407,mattermost,Summer 2012,S12,2012,Productivity,child
452,microeval,Summer 2012,S12,2012,B2B,top
452,microeval,Summer 2012,S12,2012,Human Resources,child
402,mth-sense,Summer 2012,S12,2012,B2B,top
402,mth-sense,Summer 2012,S12,2012,Marketing,child
434,natero,Summer 2012,S12,2012,B2B,top
434,natero,Summer 2012,S12,2012,Operations,child
438,newsblur,Summer 2012,S12,2012,Consumer,top
438,newsblur,Summer 2012,S12,2012,Content,child
432,octavewealth,Summer 2012,S12,2012,B2B,top
432,octavewealth,Summer 2012,S12,2012,Human Resources,child
398,omnivirt,Summer 2012,S12,2012,B2B,top
398,omnivirt,Summer 2012,S12,2012,Marketing,child
456,parallel-universe,Summer 2012,S12,2012,B2B,top
456,parallel-universe,Summer 2012,S12,2012,Infrastructure,child
437,partnered,Summer 2012,S12,2012,B2B,top
437,partnered,Summer 2012,S12,2012,Sales,child
387,pixate,Summer 2012,S12,2012,B2B,top
387,pixate,Summer 2012,S12,2012,Infrastructure,child
464,plivo,Summer 2012,S12,2012,B2B,top
435,profig,Summer 2012,S12,2012,B2B,top
435,profig,Summer 2012,S12,2012,Operations,child
395,rainforest,Summer 2012,S12,2012,B2B,top
395,rainforest,Summer 2012,S12,2012,"Engineering, Product and Design",child
430,reelsurfer,Summer 2012,S12,2012,Consumer,top
430,reelsurfer,Summer 2012,S12,2012,Social,child
450,registrylove,Summer 2012,S12,2012,Consumer,top
450,registrylove,Summer 2012,S12,2012,Home and Personal,child
459,scoutzie,Summer 2012,S12,2012,B2B,top
459,scoutzie,Summer 2012,S12,2012,"Engineering, Product and Design",child
414,smartasset,Summer 2012,S12,2012,Fintech,top
414,smartasset,Summer 2012,S12,2012,Consumer Finance,child
410,soylent,Summer 2012,S12,2012,Consumer,top
410,soylent,Summer 2012,S12,2012,Food and Beverage,child
394,statwing,Summer 2012,S12,2012,B2B,top
394,statwing,Summer 2012,S12,2012,Analytics,child
401,streem,Summer 2012,S12,2012,Consumer,top
401,streem,Summer 2012,S12,2012,Content,child
462,study-edge,Summer 2012,S12,2012,Education,top
440,submittable,Summer 2012,S12,2012,B2B,top
467,svbtle,Summer 2012,S12,2012,Consumer,top
467,svbtle,Summer 2012,S12,2012,Content,child
448,tastemaker,Summer 2012,S12,2012,Consumer,top
448,tastemaker,Summer 2012,S12,2012,Home and Personal,child
404,testmunk,Summer 2012,S12,2012,B2B,top
404,testmunk,Summer 2012,S12,2012,"Engineering, Product and Design",child
465,thread,Summer 2012,S12,2012,Consumer,top
465,thread,Summer 2012,S12,2012,Home and Personal,child
386,tomoguides,Summer 2012,S12,2012,Consumer,top
386,tomoguides,Summer 2012,S12,2012,Content,child
428,upwave,Summer 2012,S12,2012,B2B,top
428,upwave,Summer 2012,S12,2012,Operations,child
460,vastrm,Summer 2012,S12,2012,Consumer,top
460,vastrm,Summer 2012,S12,2012,Apparel and Cosmetics,child
413,vayable,Summer 2012,S12,2012,Consumer,top
413,vayable,Summer 2012,S12,2012,"Travel, Leisure and Tourism",child
457,viacycle,Summer 2012,S12,2012,Consumer,top
457,viacycle,Summer 2012,S12,2012,Transportation Services,child
455,virool,Summer 2012,S12,2012,B2B,top
455,virool,Summer 2012,S12,2012,Marketing,child
443,voicegem,Summer 2012,S12,2012,B2B,top
443,voicegem,Summer 2012,S12,2012,Recruiting and Talent,child
442,zapier,Summer 2012,S12,2012,B2B,top
442,zapier,Summer 2012,S12,2012,Productivity,child
409,zentail,Summer 2012,S12,2012,B2B,top
409,zentail,Summer 2012,S12,2012,Supply Chain and Logistics,child
390,zeromailer,Summer 2012,S12,2012,B2B,top
390,zeromailer,Summer 2012,S12,2012,Productivity,child
513,airware,Winter 2013,W13,2013,Industrials,top
513,airware,Winter 2013,W13,2013,Drones,child
474,appcubator,Winter 2013,W13,2013,B2B,top
474,appcubator,Winter 2013,W13,2013,"Engineering, Product and Design",child
495,beatdeck,Winter 2013,W13,2013,B2B,top
495,beatdeck,Winter 2013,W13,2013,Retail,child
485,bitnami,Winter 2013,W13,2013,B2B,top
485,bitnami,Winter 2013,W13,2013,Infrastructure,child
479,buildzoom,Winter 2013,W13,2013,Consumer,top
479,buildzoom,Winter 2013,W13,2013,Home and Personal,child
486,cheetah,Winter 2013,W13,2013,B2B,top
486,cheetah,Winter 2013,W13,2013,Retail,child
471,circuitlab,Winter 2013,W13,2013,B2B,top
471,circuitlab,Winter 2013,W13,2013,"Engineering, Product and Design",child
504,coin,Winter 2013,W13,2013,Fintech,top
504,coin,Winter 2013,W13,2013,Consumer Finance,child
502,crowdmed,Winter 2013,W13,2013,Healthcare,top
502,crowdmed,Winter 2013,W13,2013,Healthcare Services,child
488,etleap,Winter 2013,W13,2013,B2B,top
488,etleap,Winter 2013,W13,2013,Infrastructure,child
497,experiment,Winter 2013,W13,2013,Healthcare,top
497,experiment,Winter 2013,W13,2013,Healthcare Services,child
482,fivetran,Winter 2013,W13,2013,B2B,top
482,fivetran,Winter 2013,W13,2013,Infrastructure,child
501,flightcar,Winter 2013,W13,2013,Consumer,top
501,flightcar,Winter 2013,W13,2013,"Travel, Leisure and Tourism",child
508,goldbelly,Winter 2013,W13,2013,Consumer,top
508,goldbelly,Winter 2013,W13,2013,Food and Beverage,child
483,grepdata,Winter 2013,W13,2013,B2B,top
483,grepdata,Winter 2013,W13,2013,Analytics,child
498,heap,Winter 2013,W13,2013,B2B,top
498,heap,Winter 2013,W13,2013,Analytics,child
490,influxdata,Winter 2013,W13,2013,B2B,top
490,influxdata,Winter 2013,W13,2013,Infrastructure,child
506,kalibrr,Winter 2013,W13,2013,B2B,top
506,kalibrr,Winter 2013,W13,2013,Operations,child
484,lawdingo,Winter 2013,W13,2013,Consumer,top
484,lawdingo,Winter 2013,W13,2013,Home and Personal,child
509,logiblock,Winter 2013,W13,2013,B2B,top
509,logiblock,Winter 2013,W13,2013,Infrastructure,child
492,lollipuff,Winter 2013,W13,2013,Consumer,top
492,lollipuff,Winter 2013,W13,2013,Apparel and Cosmetics,child
499,medxt,Winter 2013,W13,2013,Healthcare,top
499,medxt,Winter 2013,W13,2013,Healthcare IT,child
487,medisas,Winter 2013,W13,2013,Healthcare,top
487,medisas,Winter 2013,W13,2013,Healthcare IT,child
494,meldium,Winter 2013,W13,2013,B2B,top
494,meldium,Winter 2013,W13,2013,Productivity,child
475,north,Winter 2013,W13,2013,Consumer,top
475,north,Winter 2013,W13,2013,Virtual and Augmented Reality,child
481,padlet,Winter 2013,W13,2013,B2B,top
481,padlet,Winter 2013,W13,2013,Productivity,child
477,paytango,Winter 2013,W13,2013,B2B,top
477,paytango,Winter 2013,W13,2013,Finance and Accounting,child
514,posmetrics,Winter 2013,W13,2013,B2B,top
514,posmetrics,Winter 2013,W13,2013,Retail,child
515,prophecy-sciences,Winter 2013,W13,2013,B2B,top
515,prophecy-sciences,Winter 2013,W13,2013,Recruiting and Talent,child
493,radar,Winter 2013,W13,2013,B2B,top
493,radar,Winter 2013,W13,2013,Retail,child
489,roverride,Winter 2013,W13,2013,Consumer,top
489,roverride,Winter 2013,W13,2013,Transportation Services,child
472,screenhero,Winter 2013,W13,2013,B2B,top
472,screenhero,Winter 2013,W13,2013,Productivity,child
473,interana,Winter 2013,W13,2013,B2B,top
473,interana,Winter 2013,W13,2013,Analytics,child
511,semantics3,Winter 2013,W13,2013,B2B,top
511,semantics3,Winter 2013,W13,2013,Retail,child
500,simplyinsured,Winter 2013,W13,2013,Healthcare,top
500,simplyinsured,Winter 2013,W13,2013,Healthcare Services,child
491,strikingly,Winter 2013,W13,2013,B2B,top
491,strikingly,Winter 2013,W13,2013,Marketing,child
470,styleup,Winter 2013,W13,2013,Consumer,top
470,styleup,Winter 2013,W13,2013,Apparel and Cosmetics,child
496,swapbox,Winter 2013,W13,2013,Consumer,top
496,swapbox,Winter 2013,W13,2013,Home and Personal,child
476,swish,Winter 2013,W13,2013,B2B,top
476,swish,Winter 2013,W13,2013,Supply Chain and Logistics,child
512,teespring,Winter 2013,W13,2013,Consumer,top
512,teespring,Winter 2013,W13,2013,Apparel and Cosmetics,child
480,trainzen,Winter 2013,W13,2013,B2B,top
480,trainzen,Winter 2013,W13,2013,Human Resources,child
478,vaycayhero,Winter 2013,W13,2013,Consumer,top
478,vaycayhero,Winter 2013,W13,2013,"Travel, Leisure and Tourism",child
516,watsi,Winter 2013,W13,2013,Healthcare,top
503,wefunder,Winter 2013,W13,2013,Fintech,top
503,wefunder,Winter 2013,W13,2013,Asset Management,child
505,wevorce,Winter 2013,W13,2013,Consumer,top
505,wevorce,Winter 2013,W13,2013,Home and Personal,child
507,zenefits,Winter 2013,W13,2013,B2B,top
507,zenefits,Winter 2013,W13,2013,Human Resources,child
517,7cups,Summer 2013,S13,2013,Healthcare,top
517,7cups,Summer 2013,S13,2013,Healthcare Services,child
553,amulyte,Summer 2013,S13,2013,Healthcare,top
553,amulyte,Summer 2013,S13,2013,Consumer Health and Wellness,child
521,apptimize,Summer 2013,S13,2013,B2B,top
521,apptimize,Summer 2013,S13,2013,"Engineering, Product and Design",child
556,arcus,Summer 2013,S13,2013,Fintech,top
556,arcus,Summer 2013,S13,2013,Banking and Exchange,child
522,asseta,Summer 2013,S13,2013,B2B,top
557,audobox,Summer 2013,S13,2013,B2B,top
557,audobox,Summer 2013,S13,2013,"Engineering, Product and Design",child
524,bloomthat,Summer 2013,S13,2013,Consumer,top
524,bloomthat,Summer 2013,S13,2013,Home and Personal,child
558,bop-fm,Summer 2013,S13,2013,Consumer,top
558,bop-fm,Summer 2013,S13,2013,Content,child
559,butter-systems,Summer 2013,S13,2013,B2B,top
559,butter-systems,Summer 2013,S13,2013,Retail,child
527,buttercoin,Summer 2013,S13,2013,Fintech,top
527,buttercoin,Summer 2013,S13,2013,Banking and Exchange,child
542,casetext,Summer 2013,S13,2013,B2B,top
542,casetext,Summer 2013,S13,2013,Legal,child
528,coreos,Summer 2013,S13,2013,B2B,top
528,coreos,Summer 2013,S13,2013,Infrastructure,child
540,cratejoy,Summer 2013,S13,2013,B2B,top
540,cratejoy,Summer 2013,S13,2013,Retail,child
529,crowdery,Summer 2013,S13,2013,B2B,top
529,crowdery,Summer 2013,S13,2013,Retail,child
564,datarank,Summer 2013,S13,2013,B2B,top
564,datarank,Summer 2013,S13,2013,Marketing,child
531,doordash,Summer 2013,S13,2013,Consumer,top
531,doordash,Summer 2013,S13,2013,Food and Beverage,child
532,easypost,Summer 2013,S13,2013,B2B,top
532,easypost,Summer 2013,S13,2013,Supply Chain and Logistics,child
570,echo-locker,Summer 2013,S13,2013,Consumer,top
570,echo-locker,Summer 2013,S13,2013,Home and Personal,child
534,estimote-inc,Summer 2013,S13,2013,B2B,top
534,estimote-inc,Summer 2013,S13,2013,Supply Chain and Logistics,child
520,fanhero,Summer 2013,S13,2013,Consumer,top
520,fanhero,Summer 2013,S13,2013,Social,child
535,floobits,Summer 2013,S13,2013,B2B,top
535,floobits,Summer 2013,S13,2013,"Engineering, Product and Design",child
536,glio,Summer 2013,S13,2013,Consumer,top
536,glio,Summer 2013,S13,2013,Apparel and Cosmetics,child
530,gocomm,Summer 2013,S13,2013,B2B,top
530,gocomm,Summer 2013,S13,2013,Productivity,child
537,graft-concepts,Summer 2013,S13,2013,Consumer,top
537,graft-concepts,Summer 2013,S13,2013,Consumer Electronics,child
526,hackermeter,Summer 2013,S13,2013,B2B,top
526,hackermeter,Summer 2013,S13,2013,Recruiting and Talent,child
538,hum,Summer 2013,S13,2013,B2B,top
538,hum,Summer 2013,S13,2013,Productivity,child
569,ixiplay,Summer 2013,S13,2013,Consumer,top
569,ixiplay,Summer 2013,S13,2013,Consumer Electronics,child
565,kivo,Summer 2013,S13,2013,B2B,top
565,kivo,Summer 2013,S13,2013,Productivity,child
543,layer-by-layer,Summer 2013,S13,2013,Consumer,top
543,layer-by-layer,Summer 2013,S13,2013,Home and Personal,child
544,le-tote,Summer 2013,S13,2013,Consumer,top
544,le-tote,Summer 2013,S13,2013,Apparel and Cosmetics,child
552,lob,Summer 2013,S13,2013,B2B,top
552,lob,Summer 2013,S13,2013,Marketing,child
545,localon,Summer 2013,S13,2013,B2B,top
545,localon,Summer 2013,S13,2013,Retail,child
561,lumoid,Summer 2013,S13,2013,Consumer,top
561,lumoid,Summer 2013,S13,2013,Consumer Electronics,child
547,meta,Summer 2013,S13,2013,Consumer,top
547,meta,Summer 2013,S13,2013,Virtual and Augmented Reality,child
548,one-month,Summer 2013,S13,2013,Education,top
549,panorama-education,Summer 2013,S13,2013,Education,top
554,realcrowd,Summer 2013,S13,2013,Real Estate and Construction,top
554,realcrowd,Summer 2013,S13,2013,Housing and Real Estate,child
555,reebee,Summer 2013,S13,2013,Consumer,top
555,reebee,Summer 2013,S13,2013,Home and Personal,child
546,senic,Summer 2013,S13,2013,Consumer,top
546,senic,Summer 2013,S13,2013,Consumer Electronics,child
533,simplelegal,Summer 2013,S13,2013,B2B,top
533,simplelegal,Summer 2013,S13,2013,Legal,child
562,soundfocus,Summer 2013,S13,2013,Healthcare,top
562,soundfocus,Summer 2013,S13,2013,Consumer Health and Wellness,child
541,spoonrocket,Summer 2013,S13,2013,Consumer,top
541,spoonrocket,Summer 2013,S13,2013,Food and Beverage,child
525,stackmachine,Summer 2013,S13,2013,B2B,top
525,stackmachine,Summer 2013,S13,2013,Infrastructure,child
523,standard-treasury,Summer 2013,S13,2013,Fintech,top
523,standard-treasury,Summer 2013,S13,2013,Banking and Exchange,child
560,statuspage,Summer 2013,S13,2013,B2B,top
560,statuspage,Summer 2013,S13,2013,"Engineering, Product and Design",child
519,teleborder,Summer 2013,S13,2013,B2B,top
519,teleborder,Summer 2013,S13,2013,Human Resources,child
563,true-link,Summer 2013,S13,2013,Fintech,top
518,urx,Summer 2013,S13,2013,B2B,top
518,urx,Summer 2013,S13,2013,"Engineering, Product and Design",child
550,watchsend,Summer 2013,S13,2013,B2B,top
550,watchsend,Summer 2013,S13,2013,"Engineering, Product and Design",child
568,webcake,Summer 2013,S13,2013,B2B,top
568,webcake,Summer 2013,S13,2013,"Engineering, Product and Design",child
566,webflow,Summer 2013,S13,2013,B2B,top
566,webflow,Summer 2013,S13,2013,Marketing,child
567,weilos,Summer 2013,S13,2013,Healthcare,top
567,weilos,Summer 2013,S13,2013,Consumer Health and Wellness,child
571,42,Winter 2014,W14,2014,B2B,top
571,42,Winter 2014,W14,2014,Retail,child
572,abacus,Winter 2014,W14,2014,B2B,top
572,abacus,Winter 2014,W14,2014,Finance and Accounting,child
574,airhelp,Winter 2014,W14,2014,Consumer,top
574,airhelp,Winter 2014,W14,2014,"Travel, Leisure and Tourism",child
638,airpair,Winter 2014,W14,2014,B2B,top
638,airpair,Winter 2014,W14,2014,"Engineering, Product and Design",child
636,algolia,Winter 2014,W14,2014,B2B,top
636,algolia,Winter 2014,W14,2014,"Engineering, Product and Design",child
576,ambition,Winter 2014,W14,2014,B2B,top
576,ambition,Winter 2014,W14,2014,Sales,child
578,aptdeco,Winter 2014,W14,2014,Consumer,top
578,aptdeco,Winter 2014,W14,2014,Home and Personal,child
645,avametric,Winter 2014,W14,2014,B2B,top
645,avametric,Winter 2014,W14,2014,"Engineering, Product and Design",child
579,awesometalk,Winter 2014,W14,2014,Consumer,top
579,awesometalk,Winter 2014,W14,2014,Social,child
597,axoni,Winter 2014,W14,2014,Fintech,top
597,axoni,Winter 2014,W14,2014,Banking and Exchange,child
580,bellabeat,Winter 2014,W14,2014,Consumer,top
580,bellabeat,Winter 2014,W14,2014,Consumer Electronics,child
573,boostable,Winter 2014,W14,2014,B2B,top
573,boostable,Winter 2014,W14,2014,Marketing,child
583,cambly,Winter 2014,W14,2014,Education,top
577,caremessage,Winter 2014,W14,2014,Healthcare,top
581,chargehound,Winter 2014,W14,2014,B2B,top
581,chargehound,Winter 2014,W14,2014,Finance and Accounting,child
587,codecombat,Winter 2014,W14,2014,Education,top
588,codenow,Winter 2014,W14,2014,Unspecified,top
590,cruise,Winter 2014,W14,2014,Industrials,top
590,cruise,Winter 2014,W14,2014,Automotive,child
591,dating-ring,Winter 2014,W14,2014,Consumer,top
591,dating-ring,Winter 2014,W14,2014,Social,child
600,devcycle,Winter 2014,W14,2014,B2B,top
600,devcycle,Winter 2014,W14,2014,"Engineering, Product and Design",child
593,drive-pulse,Winter 2014,W14,2014,Consumer,top
593,drive-pulse,Winter 2014,W14,2014,Consumer Electronics,child
643,dyspatch,Winter 2014,W14,2014,B2B,top
643,dyspatch,Winter 2014,W14,2014,Marketing,child
624,edyn,Winter 2014,W14,2014,Industrials,top
624,edyn,Winter 2014,W14,2014,Agriculture,child
602,emailio,Winter 2014,W14,2014,B2B,top
602,emailio,Winter 2014,W14,2014,Productivity,child
594,eventjoy,Winter 2014,W14,2014,B2B,top
594,eventjoy,Winter 2014,W14,2014,Retail,child
595,flexport,Winter 2014,W14,2014,B2B,top
595,flexport,Winter 2014,W14,2014,Supply Chain and Logistics,child
646,framed-data,Winter 2014,W14,2014,B2B,top
646,framed-data,Winter 2014,W14,2014,Analytics,child
584,futureleague,Winter 2014,W14,2014,Consumer,top
584,futureleague,Winter 2014,W14,2014,Home and Personal,child
639,gbatteries,Winter 2014,W14,2014,Industrials,top
639,gbatteries,Winter 2014,W14,2014,Climate,child
637,gobble,Winter 2014,W14,2014,Consumer,top
637,gobble,Winter 2014,W14,2014,Food and Beverage,child
626,guesty,Winter 2014,W14,2014,Real Estate and Construction,top
626,guesty,Winter 2014,W14,2014,Housing and Real Estate,child
607,hoverchat,Winter 2014,W14,2014,Fintech,top
607,hoverchat,Winter 2014,W14,2014,Asset Management,child
647,immunity-project,Winter 2014,W14,2014,Unspecified,top
598,kimono-labs,Winter 2014,W14,2014,B2B,top
598,kimono-labs,Winter 2014,W14,2014,"Engineering, Product and Design",child
599,kuna-systems,Winter 2014,W14,2014,Consumer,top
599,kuna-systems,Winter 2014,W14,2014,Consumer Electronics,child
612,liftigniter,Winter 2014,W14,2014,B2B,top
612,liftigniter,Winter 2014,W14,2014,Marketing,child
603,mbx,Winter 2014,W14,2014,Consumer,top
603,mbx,Winter 2014,W14,2014,Apparel and Cosmetics,child
601,madesolid,Winter 2014,W14,2014,Industrials,top
601,madesolid,Winter 2014,W14,2014,Manufacturing and Robotics,child
621,merrymint,Winter 2014,W14,2014,B2B,top
621,merrymint,Winter 2014,W14,2014,Office Management,child
641,mixerbox,Winter 2014,W14,2014,Consumer,top
604,motionlead,Winter 2014,W14,2014,B2B,top
604,motionlead,Winter 2014,W14,2014,Marketing,child
605,move-loot,Winter 2014,W14,2014,Consumer,top
605,move-loot,Winter 2014,W14,2014,Home and Personal,child
606,next-caller,Winter 2014,W14,2014,B2B,top
606,next-caller,Winter 2014,W14,2014,Sales,child
585,noora-health,Winter 2014,W14,2014,Healthcare,top
608,one-degree,Winter 2014,W14,2014,Unspecified,top
642,opencurriculum,Winter 2014,W14,2014,Unspecified,top
613,piinpoint,Winter 2014,W14,2014,B2B,top
613,piinpoint,Winter 2014,W14,2014,Office Management,child
614,pipelinedb,Winter 2014,W14,2014,B2B,top
614,pipelinedb,Winter 2014,W14,2014,Infrastructure,child
615,povio,Winter 2014,W14,2014,B2B,top
615,povio,Winter 2014,W14,2014,"Engineering, Product and Design",child
616,pushbullet,Winter 2014,W14,2014,Consumer,top
616,pushbullet,Winter 2014,W14,2014,Home and Personal,child
617,rickshaw,Winter 2014,W14,2014,B2B,top
617,rickshaw,Winter 2014,W14,2014,Supply Chain and Logistics,child
618,rocketrip,Winter 2014,W14,2014,B2B,top
618,rocketrip,Winter 2014,W14,2014,Finance and Accounting,child
619,shoobs,Winter 2014,W14,2014,Consumer,top
619,shoobs,Winter 2014,W14,2014,"Travel, Leisure and Tourism",child
623,shopagram,Winter 2014,W14,2014,Consumer,top
620,sketchdeck,Winter 2014,W14,2014,B2B,top
620,sketchdeck,Winter 2014,W14,2014,Productivity,child
622,snapdocs,Winter 2014,W14,2014,Real Estate and Construction,top
622,snapdocs,Winter 2014,W14,2014,Housing and Real Estate,child
610,stacklead,Winter 2014,W14,2014,B2B,top
610,stacklead,Winter 2014,W14,2014,Sales,child
625,style-lend,Winter 2014,W14,2014,Consumer,top
625,style-lend,Winter 2014,W14,2014,Apparel and Cosmetics,child
627,terravion,Winter 2014,W14,2014,Industrials,top
627,terravion,Winter 2014,W14,2014,Agriculture,child
611,theorem,Winter 2014,W14,2014,Fintech,top
611,theorem,Winter 2014,W14,2014,Asset Management,child
589,threadable,Winter 2014,W14,2014,B2B,top
589,threadable,Winter 2014,W14,2014,Productivity,child
628,truevault,Winter 2014,W14,2014,B2B,top
575,two-tap,Winter 2014,W14,2014,B2B,top
575,two-tap,Winter 2014,W14,2014,Retail,child
640,unbabel,Winter 2014,W14,2014,B2B,top
640,unbabel,Winter 2014,W14,2014,Operations,child
629,unicornly,Winter 2014,W14,2014,B2B,top
629,unicornly,Winter 2014,W14,2014,Finance and Accounting,child
648,vidpresso,Winter 2014,W14,2014,B2B,top
648,vidpresso,Winter 2014,W14,2014,Infrastructure,child
630,weave,Winter 2014,W14,2014,B2B,top
630,weave,Winter 2014,W14,2014,Office Management,child
644,whirlscape,Winter 2014,W14,2014,Consumer,top
644,whirlscape,Winter 2014,W14,2014,Social,child
631,wit-ai,Winter 2014,W14,2014,B2B,top
631,wit-ai,Winter 2014,W14,2014,"Engineering, Product and Design",child
592,yumbin,Winter 2014,W14,2014,B2B,top
592,yumbin,Winter 2014,W14,2014,Office Management,child
632,zesty,Winter 2014,W14,2014,B2B,top
632,zesty,Winter 2014,W14,2014,Office Management,child
633,zidisha,Winter 2014,W14,2014,Fintech,top
633,zidisha,Winter 2014,W14,2014,Credit and Lending,child
634,zinc,Winter 2014,W14,2014,B2B,top
634,zinc,Winter 2014,W14,2014,Retail,child
635,zowpow,Winter 2014,W14,2014,Consumer,top
635,zowpow,Winter 2014,W14,2014,Consumer Electronics,child
691,alchemy,Summer 2014,S14,2014,Industrials,top
691,alchemy,Summer 2014,S14,2014,Manufacturing and Robotics,child
651,aptible,Summer 2014,S14,2014,B2B,top
651,aptible,Summer 2014,S14,2014,Infrastructure,child
704,apto-payments,Summer 2014,S14,2014,Fintech,top
704,apto-payments,Summer 2014,S14,2014,Payments,child
653,backpack,Summer 2014,S14,2014,Consumer,top
653,backpack,Summer 2014,S14,2014,Home and Personal,child
654,bannerman,Summer 2014,S14,2014,B2B,top
654,bannerman,Summer 2014,S14,2014,Office Management,child
732,bayes-impact,Summer 2014,S14,2014,Unspecified,top
726,beep,Summer 2014,S14,2014,Industrials,top
726,beep,Summer 2014,S14,2014,Manufacturing and Robotics,child
657,bikanta,Summer 2014,S14,2014,Healthcare,top
657,bikanta,Summer 2014,S14,2014,Diagnostics,child
658,billforward,Summer 2014,S14,2014,Fintech,top
658,billforward,Summer 2014,S14,2014,Payments,child
659,bitaccess,Summer 2014,S14,2014,Fintech,top
659,bitaccess,Summer 2014,S14,2014,Banking and Exchange,child
676,blockspring,Summer 2014,S14,2014,B2B,top
676,blockspring,Summer 2014,S14,2014,Infrastructure,child
661,carlypso,Summer 2014,S14,2014,Consumer,top
661,carlypso,Summer 2014,S14,2014,Transportation Services,child
662,checkr,Summer 2014,S14,2014,B2B,top
662,checkr,Summer 2014,S14,2014,Human Resources,child
698,cheddar,Summer 2014,S14,2014,Fintech,top
698,cheddar,Summer 2014,S14,2014,Banking and Exchange,child
663,clara-labs,Summer 2014,S14,2014,B2B,top
663,clara-labs,Summer 2014,S14,2014,Productivity,child
664,cleartax,Summer 2014,S14,2014,Fintech,top
664,cleartax,Summer 2014,S14,2014,Consumer Finance,child
728,cognito,Summer 2014,S14,2014,B2B,top
728,cognito,Summer 2014,S14,2014,"Engineering, Product and Design",child
665,craft-coffee,Summer 2014,S14,2014,Consumer,top
665,craft-coffee,Summer 2014,S14,2014,Food and Beverage,child
667,doblet,Summer 2014,S14,2014,B2B,top
667,doblet,Summer 2014,S14,2014,Office Management,child
669,fixed,Summer 2014,S14,2014,Consumer,top
669,fixed,Summer 2014,S14,2014,Transportation Services,child
670,flaviar,Summer 2014,S14,2014,Consumer,top
670,flaviar,Summer 2014,S14,2014,Food and Beverage,child
672,flytenow,Summer 2014,S14,2014,Consumer,top
672,flytenow,Summer 2014,S14,2014,"Travel, Leisure and Tourism",child
727,front,Summer 2014,S14,2014,B2B,top
727,front,Summer 2014,S14,2014,Productivity,child
729,ginkgo-bioworks,Summer 2014,S14,2014,Healthcare,top
729,ginkgo-bioworks,Summer 2014,S14,2014,Industrial Bio,child
675,govpredict,Summer 2014,S14,2014,Government,top
677,greentoe,Summer 2014,S14,2014,Consumer,top
677,greentoe,Summer 2014,S14,2014,Consumer Electronics,child
710,hauteday,Summer 2014,S14,2014,Consumer,top
710,hauteday,Summer 2014,S14,2014,Apparel and Cosmetics,child
730,helion-energy,Summer 2014,S14,2014,Industrials,top
730,helion-energy,Summer 2014,S14,2014,Energy,child
714,hive,Summer 2014,S14,2014,B2B,top
714,hive,Summer 2014,S14,2014,Marketing,child
678,hublo,Summer 2014,S14,2014,B2B,top
678,hublo,Summer 2014,S14,2014,Analytics,child
673,hyperpad,Summer 2014,S14,2014,Consumer,top
673,hyperpad,Summer 2014,S14,2014,Gaming,child
680,impraise,Summer 2014,S14,2014,B2B,top
680,impraise,Summer 2014,S14,2014,Human Resources,child
696,in-your-corner,Summer 2014,S14,2014,Healthcare,top
696,in-your-corner,Summer 2014,S14,2014,Healthcare Services,child
682,kash,Summer 2014,S14,2014,Fintech,top
682,kash,Summer 2014,S14,2014,Payments,child
684,lawn-love,Summer 2014,S14,2014,Consumer,top
684,lawn-love,Summer 2014,S14,2014,Home and Personal,child
685,listrunner,Summer 2014,S14,2014,Healthcare,top
685,listrunner,Summer 2014,S14,2014,Healthcare IT,child
688,mtailor,Summer 2014,S14,2014,Consumer,top
688,mtailor,Summer 2014,S14,2014,Apparel and Cosmetics,child
687,metricwire,Summer 2014,S14,2014,Healthcare,top
687,metricwire,Summer 2014,S14,2014,Healthcare IT,child
689,naytev,Summer 2014,S14,2014,B2B,top
689,naytev,Summer 2014,S14,2014,"Engineering, Product and Design",child
690,neptune-io,Summer 2014,S14,2014,B2B,top
690,neptune-io,Summer 2014,S14,2014,Infrastructure,child
692,nightingale,Summer 2014,S14,2014,Healthcare,top
692,nightingale,Summer 2014,S14,2014,Healthcare IT,child
731,oklo,Summer 2014,S14,2014,Industrials,top
731,oklo,Summer 2014,S14,2014,Energy,child
734,one-codex,Summer 2014,S14,2014,Healthcare,top
734,one-codex,Summer 2014,S14,2014,Healthcare IT,child
668,owners-circle,Summer 2014,S14,2014,Fintech,top
668,owners-circle,Summer 2014,S14,2014,Credit and Lending,child
712,paid,Summer 2014,S14,2014,B2B,top
712,paid,Summer 2014,S14,2014,Finance and Accounting,child
655,parenthoods,Summer 2014,S14,2014,Consumer,top
655,parenthoods,Summer 2014,S14,2014,Social,child
715,payable,Summer 2014,S14,2014,B2B,top
715,payable,Summer 2014,S14,2014,Finance and Accounting,child
694,permutive,Summer 2014,S14,2014,B2B,top
694,permutive,Summer 2014,S14,2014,Marketing,child
666,persistiq,Summer 2014,S14,2014,B2B,top
666,persistiq,Summer 2014,S14,2014,Sales,child
695,picnicai,Summer 2014,S14,2014,Healthcare,top
697,product-hunt,Summer 2014,S14,2014,Consumer,top
697,product-hunt,Summer 2014,S14,2014,Content,child
681,protocol-labs,Summer 2014,S14,2014,B2B,top
681,protocol-labs,Summer 2014,S14,2014,Infrastructure,child
735,ravti,Summer 2014,S14,2014,Real Estate and Construction,top
735,ravti,Summer 2014,S14,2014,Housing and Real Estate,child
686,replenish,Summer 2014,S14,2014,B2B,top
686,replenish,Summer 2014,S14,2014,Office Management,child
700,rigetti-computing,Summer 2014,S14,2014,Industrials,top
700,rigetti-computing,Summer 2014,S14,2014,Manufacturing and Robotics,child
719,roomstorm,Summer 2014,S14,2014,Consumer,top
719,roomstorm,Summer 2014,S14,2014,"Travel, Leisure and Tourism",child
701,roost,Summer 2014,S14,2014,B2B,top
701,roost,Summer 2014,S14,2014,"Engineering, Product and Design",child
702,sfox,Summer 2014,S14,2014,Fintech,top
702,sfox,Summer 2014,S14,2014,Banking and Exchange,child
707,salessift,Summer 2014,S14,2014,B2B,top
707,salessift,Summer 2014,S14,2014,Sales,child
705,shipbob,Summer 2014,S14,2014,B2B,top
705,shipbob,Summer 2014,S14,2014,Supply Chain and Logistics,child
706,shout,Summer 2014,S14,2014,Consumer,top
706,shout,Summer 2014,S14,2014,Home and Personal,child
736,sliced-investing,Summer 2014,S14,2014,Fintech,top
736,sliced-investing,Summer 2014,S14,2014,Asset Management,child
709,spotangels,Summer 2014,S14,2014,Consumer,top
709,spotangels,Summer 2014,S14,2014,Transportation Services,child
656,springwit,Summer 2014,S14,2014,Healthcare,top
656,springwit,Summer 2014,S14,2014,Consumer Health and Wellness,child
674,taxa-biotechnologies,Summer 2014,S14,2014,Healthcare,top
674,taxa-biotechnologies,Summer 2014,S14,2014,Consumer Health and Wellness,child
711,tenjin,Summer 2014,S14,2014,B2B,top
711,tenjin,Summer 2014,S14,2014,Marketing,child
713,think-gaming,Summer 2014,S14,2014,B2B,top
713,think-gaming,Summer 2014,S14,2014,Marketing,child
716,tinker,Summer 2014,S14,2014,Fintech,top
716,tinker,Summer 2014,S14,2014,Asset Management,child
717,tule,Summer 2014,S14,2014,Industrials,top
717,tule,Summer 2014,S14,2014,Agriculture,child
738,unwind-me,Summer 2014,S14,2014,Consumer,top
738,unwind-me,Summer 2014,S14,2014,Home and Personal,child
703,usergems,Summer 2014,S14,2014,B2B,top
703,usergems,Summer 2014,S14,2014,Sales,child
679,vizeralabs,Summer 2014,S14,2014,B2B,top
679,vizeralabs,Summer 2014,S14,2014,Retail,child
720,weave-2,Summer 2014,S14,2014,Consumer,top
720,weave-2,Summer 2014,S14,2014,Job and Career Services,child
721,whirl,Summer 2014,S14,2014,B2B,top
721,whirl,Summer 2014,S14,2014,Retail,child
722,women-com,Summer 2014,S14,2014,Consumer,top
722,women-com,Summer 2014,S14,2014,Content,child
733,zenamins,Summer 2014,S14,2014,Consumer,top
733,zenamins,Summer 2014,S14,2014,Food and Beverage,child
652,zip-phone,Summer 2014,S14,2014,Consumer,top
652,zip-phone,Summer 2014,S14,2014,Social,child
725,zoomer,Summer 2014,S14,2014,Consumer,top
725,zoomer,Summer 2014,S14,2014,Food and Beverage,child
747,20n,Winter 2015,W15,2015,Healthcare,top
747,20n,Winter 2015,W15,2015,Industrial Bio,child
742,3dot,Winter 2015,W15,2015,Consumer,top
742,3dot,Winter 2015,W15,2015,Social,child
748,akido-labs,Winter 2015,W15,2015,Healthcare,top
748,akido-labs,Winter 2015,W15,2015,Healthcare IT,child
850,automate-ads,Winter 2015,W15,2015,B2B,top
850,automate-ads,Winter 2015,W15,2015,Marketing,child
843,bagaveev-corporation,Winter 2015,W15,2015,Industrials,top
843,bagaveev-corporation,Winter 2015,W15,2015,Aviation and Space,child
763,bankjoy,Winter 2015,W15,2015,Fintech,top
763,bankjoy,Winter 2015,W15,2015,Banking and Exchange,child
752,bizzy,Winter 2015,W15,2015,B2B,top
752,bizzy,Winter 2015,W15,2015,Retail,child
753,bluesmart,Winter 2015,W15,2015,Consumer,top
753,bluesmart,Winter 2015,W15,2015,Consumer Electronics,child
800,bonfire,Winter 2015,W15,2015,B2B,top
800,bonfire,Winter 2015,W15,2015,Finance and Accounting,child
754,booktrope,Winter 2015,W15,2015,B2B,top
754,booktrope,Winter 2015,W15,2015,Marketing,child
755,bright,Winter 2015,W15,2015,Industrials,top
755,bright,Winter 2015,W15,2015,Energy,child
781,buildscience,Winter 2015,W15,2015,Real Estate and Construction,top
781,buildscience,Winter 2015,W15,2015,Housing and Real Estate,child
846,chariot,Winter 2015,W15,2015,Consumer,top
846,chariot,Winter 2015,W15,2015,Transportation Services,child
802,cleanly,Winter 2015,W15,2015,Consumer,top
802,cleanly,Winter 2015,W15,2015,Home and Personal,child
758,cribspot,Winter 2015,W15,2015,Real Estate and Construction,top
758,cribspot,Winter 2015,W15,2015,Housing and Real Estate,child
759,cyberfend,Winter 2015,W15,2015,B2B,top
759,cyberfend,Winter 2015,W15,2015,Security,child
822,dabble,Winter 2015,W15,2015,B2B,top
822,dabble,Winter 2015,W15,2015,Marketing,child
804,dealyze,Winter 2015,W15,2015,B2B,top
804,dealyze,Winter 2015,W15,2015,Retail,child
760,democracy-earth,Winter 2015,W15,2015,Unspecified,top
1434,democracyos,Winter 2015,W15,2015,Government,top
1166,direct-match,Winter 2015,W15,2015,Fintech,top
1166,direct-match,Winter 2015,W15,2015,Banking and Exchange,child
809,equipmentshare,Winter 2015,W15,2015,Real Estate and Construction,top
809,equipmentshare,Winter 2015,W15,2015,Construction,child
743,final,Winter 2015,W15,2015,Fintech,top
743,final,Winter 2015,W15,2015,Payments,child
847,flip,Winter 2015,W15,2015,Consumer,top
847,flip,Winter 2015,W15,2015,Apparel and Cosmetics,child
810,gitlab,Winter 2015,W15,2015,B2B,top
810,gitlab,Winter 2015,W15,2015,"Engineering, Product and Design",child
764,givemetap,Winter 2015,W15,2015,Consumer,top
764,givemetap,Winter 2015,W15,2015,Home and Personal,child
811,giveffect,Winter 2015,W15,2015,B2B,top
811,giveffect,Winter 2015,W15,2015,Finance and Accounting,child
812,glassjar,Winter 2015,W15,2015,Fintech,top
812,glassjar,Winter 2015,W15,2015,Consumer Finance,child
766,groupahead,Winter 2015,W15,2015,Consumer,top
766,groupahead,Winter 2015,W15,2015,Social,child
767,grubmarket,Winter 2015,W15,2015,B2B,top
767,grubmarket,Winter 2015,W15,2015,Supply Chain and Logistics,child
769,higherme,Winter 2015,W15,2015,B2B,top
769,higherme,Winter 2015,W15,2015,Recruiting and Talent,child
813,industrial-microbes,Winter 2015,W15,2015,Healthcare,top
813,industrial-microbes,Winter 2015,W15,2015,Industrial Bio,child
770,instavest,Winter 2015,W15,2015,Fintech,top
770,instavest,Winter 2015,W15,2015,Asset Management,child
772,kickpay,Winter 2015,W15,2015,B2B,top
772,kickpay,Winter 2015,W15,2015,Finance and Accounting,child
773,labdoor,Winter 2015,W15,2015,Consumer,top
773,labdoor,Winter 2015,W15,2015,Food and Beverage,child
815,level-frames,Winter 2015,W15,2015,Consumer,top
815,level-frames,Winter 2015,W15,2015,Home and Personal,child
805,lucira-health,Winter 2015,W15,2015,Healthcare,top
805,lucira-health,Winter 2015,W15,2015,Diagnostics,child
845,lully,Winter 2015,W15,2015,Healthcare,top
845,lully,Winter 2015,W15,2015,Consumer Health and Wellness,child
855,lumi,Winter 2015,W15,2015,B2B,top
855,lumi,Winter 2015,W15,2015,Supply Chain and Logistics,child
751,magic,Winter 2015,W15,2015,B2B,top
791,makrwatch,Winter 2015,W15,2015,B2B,top
791,makrwatch,Winter 2015,W15,2015,Marketing,child
856,mashgin,Winter 2015,W15,2015,B2B,top
856,mashgin,Winter 2015,W15,2015,Retail,child
817,meadow,Winter 2015,W15,2015,B2B,top
817,meadow,Winter 2015,W15,2015,Retail,child
749,mezmo,Winter 2015,W15,2015,B2B,top
749,mezmo,Winter 2015,W15,2015,Infrastructure,child
792,mobydish,Winter 2015,W15,2015,B2B,top
792,mobydish,Winter 2015,W15,2015,Retail,child
818,moltin,Winter 2015,W15,2015,B2B,top
818,moltin,Winter 2015,W15,2015,Retail,child
814,nextravel,Winter 2015,W15,2015,B2B,top
814,nextravel,Winter 2015,W15,2015,Finance and Accounting,child
819,nextop,Winter 2015,W15,2015,B2B,top
819,nextop,Winter 2015,W15,2015,Infrastructure,child
851,nimblerx,Winter 2015,W15,2015,Healthcare,top
851,nimblerx,Winter 2015,W15,2015,Consumer Health and Wellness,child
852,nomiku,Winter 2015,W15,2015,Consumer,top
852,nomiku,Winter 2015,W15,2015,Home and Personal,child
739,notable-labs,Winter 2015,W15,2015,Healthcare,top
739,notable-labs,Winter 2015,W15,2015,Diagnostics,child
756,numerion-labs,Winter 2015,W15,2015,Healthcare,top
756,numerion-labs,Winter 2015,W15,2015,Drug Discovery and Delivery,child
775,omniref,Winter 2015,W15,2015,B2B,top
775,omniref,Winter 2015,W15,2015,"Engineering, Product and Design",child
777,open-listings,Winter 2015,W15,2015,Real Estate and Construction,top
777,open-listings,Winter 2015,W15,2015,Housing and Real Estate,child
820,outbound,Winter 2015,W15,2015,B2B,top
820,outbound,Winter 2015,W15,2015,Marketing,child
778,pachyderm,Winter 2015,W15,2015,B2B,top
778,pachyderm,Winter 2015,W15,2015,Infrastructure,child
779,pakible,Winter 2015,W15,2015,B2B,top
779,pakible,Winter 2015,W15,2015,Supply Chain and Logistics,child
780,paperspace,Winter 2015,W15,2015,B2B,top
780,paperspace,Winter 2015,W15,2015,"Engineering, Product and Design",child
823,pigeonly,Winter 2015,W15,2015,Consumer,top
823,pigeonly,Winter 2015,W15,2015,Social,child
774,platzi,Winter 2015,W15,2015,B2B,top
774,platzi,Winter 2015,W15,2015,Productivity,child
744,pomello,Winter 2015,W15,2015,B2B,top
744,pomello,Winter 2015,W15,2015,Recruiting and Talent,child
824,popular-pays,Winter 2015,W15,2015,B2B,top
824,popular-pays,Winter 2015,W15,2015,Marketing,child
825,pretty-instant,Winter 2015,W15,2015,Consumer,top
825,pretty-instant,Winter 2015,W15,2015,Home and Personal,child
826,priime,Winter 2015,W15,2015,Consumer,top
826,priime,Winter 2015,W15,2015,Social,child
807,quantierra,Winter 2015,W15,2015,Real Estate and Construction,top
807,quantierra,Winter 2015,W15,2015,Housing and Real Estate,child
740,qventus,Winter 2015,W15,2015,Healthcare,top
740,qventus,Winter 2015,W15,2015,Healthcare IT,child
794,rare-door,Winter 2015,W15,2015,Consumer,top
794,rare-door,Winter 2015,W15,2015,Home and Personal,child
842,raven-tech,Winter 2015,W15,2015,B2B,top
842,raven-tech,Winter 2015,W15,2015,Infrastructure,child
827,razorpay,Winter 2015,W15,2015,Fintech,top
827,razorpay,Winter 2015,W15,2015,Payments,child
783,reschedule-med,Winter 2015,W15,2015,Healthcare,top
783,reschedule-med,Winter 2015,W15,2015,Healthcare IT,child
782,readme,Winter 2015,W15,2015,B2B,top
782,readme,Winter 2015,W15,2015,"Engineering, Product and Design",child
793,remix,Winter 2015,W15,2015,Government,top
849,replika,Winter 2015,W15,2015,Consumer,top
849,replika,Winter 2015,W15,2015,Content,child
828,rescue-forensics,Winter 2015,W15,2015,Government,top
797,resolve,Winter 2015,W15,2015,Real Estate and Construction,top
797,resolve,Winter 2015,W15,2015,Construction,child
787,sirum,Winter 2015,W15,2015,Unspecified,top
786,sails-co,Winter 2015,W15,2015,B2B,top
786,sails-co,Winter 2015,W15,2015,"Engineering, Product and Design",child
829,seed,Winter 2015,W15,2015,Fintech,top
829,seed,Winter 2015,W15,2015,Banking and Exchange,child
857,shasqi,Winter 2015,W15,2015,Healthcare,top
857,shasqi,Winter 2015,W15,2015,Drug Discovery and Delivery,child
785,shift-labs,Winter 2015,W15,2015,Healthcare,top
785,shift-labs,Winter 2015,W15,2015,Medical Devices,child
784,shift-messenger,Winter 2015,W15,2015,B2B,top
784,shift-messenger,Winter 2015,W15,2015,Productivity,child
830,sigopt,Winter 2015,W15,2015,B2B,top
830,sigopt,Winter 2015,W15,2015,"Engineering, Product and Design",child
788,smarking,Winter 2015,W15,2015,B2B,top
788,smarking,Winter 2015,W15,2015,Analytics,child
750,smyte,Winter 2015,W15,2015,B2B,top
750,smyte,Winter 2015,W15,2015,Security,child
765,sparkgift,Winter 2015,W15,2015,Fintech,top
765,sparkgift,Winter 2015,W15,2015,Consumer Finance,child
853,spire-health,Winter 2015,W15,2015,Healthcare,top
853,spire-health,Winter 2015,W15,2015,Consumer Health and Wellness,child
831,spoil,Winter 2015,W15,2015,Consumer,top
831,spoil,Winter 2015,W15,2015,Home and Personal,child
832,standard-cyborg,Winter 2015,W15,2015,Healthcare,top
832,standard-cyborg,Winter 2015,W15,2015,Medical Devices,child
833,tab,Winter 2015,W15,2015,Consumer,top
833,tab,Winter 2015,W15,2015,"Travel, Leisure and Tourism",child
848,tara-ai,Winter 2015,W15,2015,B2B,top
848,tara-ai,Winter 2015,W15,2015,Productivity,child
790,teamnote,Winter 2015,W15,2015,B2B,top
790,teamnote,Winter 2015,W15,2015,Productivity,child
746,tech-in-asia,Winter 2015,W15,2015,Consumer,top
746,tech-in-asia,Winter 2015,W15,2015,Content,child
789,tempo,Winter 2015,W15,2015,Healthcare,top
789,tempo,Winter 2015,W15,2015,Consumer Health and Wellness,child
761,the-human-utility,Winter 2015,W15,2015,Unspecified,top
854,thinair,Winter 2015,W15,2015,B2B,top
854,thinair,Winter 2015,W15,2015,Security,child
835,transcriptic,Winter 2015,W15,2015,Healthcare,top
835,transcriptic,Winter 2015,W15,2015,Healthcare Services,child
795,underground-cellar,Winter 2015,W15,2015,Consumer,top
795,underground-cellar,Winter 2015,W15,2015,Food and Beverage,child
836,valor-water-analytics,Winter 2015,W15,2015,Industrials,top
836,valor-water-analytics,Winter 2015,W15,2015,Climate,child
837,vanhawks,Winter 2015,W15,2015,Consumer,top
837,vanhawks,Winter 2015,W15,2015,Consumer Electronics,child
796,vest,Winter 2015,W15,2015,Fintech,top
796,vest,Winter 2015,W15,2015,Asset Management,child
838,vetpronto,Winter 2015,W15,2015,Healthcare,top
838,vetpronto,Winter 2015,W15,2015,Consumer Health and Wellness,child
801,wayup,Winter 2015,W15,2015,Consumer,top
801,wayup,Winter 2015,W15,2015,Job and Career Services,child
839,wink-health,Winter 2015,W15,2015,Healthcare,top
839,wink-health,Winter 2015,W15,2015,Consumer Health and Wellness,child
768,worklife,Winter 2015,W15,2015,B2B,top
768,worklife,Winter 2015,W15,2015,Productivity,child
840,x-zell,Winter 2015,W15,2015,Healthcare,top
840,x-zell,Winter 2015,W15,2015,Diagnostics,child
798,yesgraph,Winter 2015,W15,2015,B2B,top
798,yesgraph,Winter 2015,W15,2015,Marketing,child
799,yhat,Winter 2015,W15,2015,B2B,top
799,yhat,Winter 2015,W15,2015,"Engineering, Product and Design",child
762,zeitview,Winter 2015,W15,2015,Industrials,top
762,zeitview,Winter 2015,W15,2015,Drones,child
834,zenflow,Winter 2015,W15,2015,Healthcare,top
834,zenflow,Winter 2015,W15,2015,Medical Devices,child
808,ebrandvalue,Winter 2015,W15,2015,B2B,top
808,ebrandvalue,Winter 2015,W15,2015,Marketing,child
941,80-000-hours,Summer 2015,S15,2015,Unspecified,top
903,afrostream,Summer 2015,S15,2015,Consumer,top
903,afrostream,Summer 2015,S15,2015,Content,child
885,airmada,Summer 2015,S15,2015,Industrials,top
885,airmada,Summer 2015,S15,2015,Drones,child
904,apollo-health,Summer 2015,S15,2015,Consumer,top
904,apollo-health,Summer 2015,S15,2015,"Travel, Leisure and Tourism",child
909,appcanary,Summer 2015,S15,2015,B2B,top
909,appcanary,Summer 2015,S15,2015,Security,child
872,assembly,Summer 2015,S15,2015,B2B,top
872,assembly,Summer 2015,S15,2015,Supply Chain and Logistics,child
954,auro-robotics,Summer 2015,S15,2015,Industrials,top
954,auro-robotics,Summer 2015,S15,2015,Automotive,child
906,bistrobot,Summer 2015,S15,2015,B2B,top
906,bistrobot,Summer 2015,S15,2015,Retail,child
960,bitmovin,Summer 2015,S15,2015,B2B,top
960,bitmovin,Summer 2015,S15,2015,Infrastructure,child
948,blitz-esports,Summer 2015,S15,2015,Consumer,top
948,blitz-esports,Summer 2015,S15,2015,Content,child
907,bluecrew,Summer 2015,S15,2015,B2B,top
907,bluecrew,Summer 2015,S15,2015,Recruiting and Talent,child
908,bodyport,Summer 2015,S15,2015,Healthcare,top
908,bodyport,Summer 2015,S15,2015,Consumer Health and Wellness,child
888,branch8,Summer 2015,S15,2015,B2B,top
888,branch8,Summer 2015,S15,2015,Retail,child
886,call9,Summer 2015,S15,2015,Healthcare,top
886,call9,Summer 2015,S15,2015,Healthcare Services,child
887,careledger,Summer 2015,S15,2015,Healthcare,top
887,careledger,Summer 2015,S15,2015,Healthcare Services,child
910,chaldal,Summer 2015,S15,2015,Consumer,top
910,chaldal,Summer 2015,S15,2015,Food and Beverage,child
915,circle-medical,Summer 2015,S15,2015,Healthcare,top
915,circle-medical,Summer 2015,S15,2015,Consumer Health and Wellness,child
911,cloudstitch,Summer 2015,S15,2015,B2B,top
911,cloudstitch,Summer 2015,S15,2015,Productivity,child
962,cofactor-genomics,Summer 2015,S15,2015,Healthcare,top
962,cofactor-genomics,Summer 2015,S15,2015,Diagnostics,child
889,confident-lims,Summer 2015,S15,2015,B2B,top
889,confident-lims,Summer 2015,S15,2015,Operations,child
890,convox,Summer 2015,S15,2015,B2B,top
890,convox,Summer 2015,S15,2015,Infrastructure,child
891,cymmetria,Summer 2015,S15,2015,B2B,top
891,cymmetria,Summer 2015,S15,2015,Security,child
913,drip-capital,Summer 2015,S15,2015,Fintech,top
893,eden,Summer 2015,S15,2015,B2B,top
893,eden,Summer 2015,S15,2015,Human Resources,child
964,eight-sleep,Summer 2015,S15,2015,Consumer,top
964,eight-sleep,Summer 2015,S15,2015,Home and Personal,child
950,fetch,Summer 2015,S15,2015,Consumer,top
950,fetch,Summer 2015,S15,2015,Transportation Services,child
966,flirtey,Summer 2015,S15,2015,Industrials,top
966,flirtey,Summer 2015,S15,2015,Drones,child
943,font-awesome,Summer 2015,S15,2015,B2B,top
943,font-awesome,Summer 2015,S15,2015,"Engineering, Product and Design",child
925,fountain,Summer 2015,S15,2015,B2B,top
925,fountain,Summer 2015,S15,2015,Recruiting and Talent,child
894,foxpass,Summer 2015,S15,2015,B2B,top
894,foxpass,Summer 2015,S15,2015,Security,child
871,gemnote,Summer 2015,S15,2015,B2B,top
871,gemnote,Summer 2015,S15,2015,Office Management,child
971,gigster,Summer 2015,S15,2015,B2B,top
971,gigster,Summer 2015,S15,2015,"Engineering, Product and Design",child
914,givecampus,Summer 2015,S15,2015,Education,top
944,go1,Summer 2015,S15,2015,B2B,top
944,go1,Summer 2015,S15,2015,Human Resources,child
946,her,Summer 2015,S15,2015,Consumer,top
946,her,Summer 2015,S15,2015,Social,child
968,halolife,Summer 2015,S15,2015,Consumer,top
968,halolife,Summer 2015,S15,2015,Home and Personal,child
884,heroic-labs,Summer 2015,S15,2015,Consumer,top
884,heroic-labs,Summer 2015,S15,2015,Gaming,child
882,hickory,Summer 2015,S15,2015,B2B,top
882,hickory,Summer 2015,S15,2015,Human Resources,child
967,human-interest,Summer 2015,S15,2015,B2B,top
967,human-interest,Summer 2015,S15,2015,Human Resources,child
963,instawork,Summer 2015,S15,2015,B2B,top
963,instawork,Summer 2015,S15,2015,Recruiting and Talent,child
930,interviewed,Summer 2015,S15,2015,B2B,top
930,interviewed,Summer 2015,S15,2015,Recruiting and Talent,child
866,ironclad,Summer 2015,S15,2015,B2B,top
866,ironclad,Summer 2015,S15,2015,Legal,child
867,jopwell,Summer 2015,S15,2015,B2B,top
867,jopwell,Summer 2015,S15,2015,Recruiting and Talent,child
955,klarismo,Summer 2015,S15,2015,Healthcare,top
955,klarismo,Summer 2015,S15,2015,Diagnostics,child
868,l,Summer 2015,S15,2015,Consumer,top
868,l,Summer 2015,S15,2015,Home and Personal,child
918,leada,Summer 2015,S15,2015,Education,top
865,leaders-in-tech,Summer 2015,S15,2015,Unspecified,top
920,locent,Summer 2015,S15,2015,B2B,top
920,locent,Summer 2015,S15,2015,Marketing,child
861,lugg,Summer 2015,S15,2015,Consumer,top
861,lugg,Summer 2015,S15,2015,Home and Personal,child
947,maderight,Summer 2015,S15,2015,B2B,top
947,maderight,Summer 2015,S15,2015,Supply Chain and Logistics,child
921,markhor,Summer 2015,S15,2015,Consumer,top
921,markhor,Summer 2015,S15,2015,Apparel and Cosmetics,child
923,microhealth,Summer 2015,S15,2015,Healthcare,top
923,microhealth,Summer 2015,S15,2015,Consumer Health and Wellness,child
953,mimir,Summer 2015,S15,2015,Education,top
956,nebia,Summer 2015,S15,2015,Consumer,top
956,nebia,Summer 2015,S15,2015,Home and Personal,child
869,new-story,Summer 2015,S15,2015,Real Estate and Construction,top
924,ohm,Summer 2015,S15,2015,Industrials,top
924,ohm,Summer 2015,S15,2015,Climate,child
926,oolu,Summer 2015,S15,2015,Industrials,top
926,oolu,Summer 2015,S15,2015,Energy,child
870,openinvest,Summer 2015,S15,2015,Fintech,top
927,paribus,Summer 2015,S15,2015,Fintech,top
873,partnerstack,Summer 2015,S15,2015,B2B,top
873,partnerstack,Summer 2015,S15,2015,Marketing,child
928,picktrace,Summer 2015,S15,2015,Industrials,top
928,picktrace,Summer 2015,S15,2015,Agriculture,child
931,plate-iq,Summer 2015,S15,2015,Fintech,top
931,plate-iq,Summer 2015,S15,2015,Payments,child
959,platejoy,Summer 2015,S15,2015,Consumer,top
959,platejoy,Summer 2015,S15,2015,Food and Beverage,child
929,prayas-analytics,Summer 2015,S15,2015,B2B,top
929,prayas-analytics,Summer 2015,S15,2015,Retail,child
875,ross-intelligence,Summer 2015,S15,2015,B2B,top
875,ross-intelligence,Summer 2015,S15,2015,Legal,child
898,reach,Summer 2015,S15,2015,Industrials,top
898,reach,Summer 2015,S15,2015,Energy,child
932,redcarpetup,Summer 2015,S15,2015,Fintech,top
932,redcarpetup,Summer 2015,S15,2015,Consumer Finance,child
933,reduced-energy-microsystems,Summer 2015,S15,2015,Industrials,top
933,reduced-energy-microsystems,Summer 2015,S15,2015,Manufacturing and Robotics,child
874,roomblocker,Summer 2015,S15,2015,Consumer,top
874,roomblocker,Summer 2015,S15,2015,"Travel, Leisure and Tourism",child
945,saida,Summer 2015,S15,2015,Fintech,top
945,saida,Summer 2015,S15,2015,Credit and Lending,child
934,scentbird,Summer 2015,S15,2015,Consumer,top
934,scentbird,Summer 2015,S15,2015,Apparel and Cosmetics,child
876,scope-ar,Summer 2015,S15,2015,Consumer,top
876,scope-ar,Summer 2015,S15,2015,Virtual and Augmented Reality,child
877,second-measure,Summer 2015,S15,2015,B2B,top
877,second-measure,Summer 2015,S15,2015,Analytics,child
863,serica,Summer 2015,S15,2015,Fintech,top
863,serica,Summer 2015,S15,2015,Banking and Exchange,child
935,seva-coffee,Summer 2015,S15,2015,Consumer,top
935,seva-coffee,Summer 2015,S15,2015,Home and Personal,child
936,shape-shapescale,Summer 2015,S15,2015,Consumer,top
936,shape-shapescale,Summer 2015,S15,2015,Consumer Electronics,child
892,shotput,Summer 2015,S15,2015,B2B,top
892,shotput,Summer 2015,S15,2015,Supply Chain and Logistics,child
937,shred-video,Summer 2015,S15,2015,Consumer,top
937,shred-video,Summer 2015,S15,2015,Content,child
878,snapmagic,Summer 2015,S15,2015,B2B,top
878,snapmagic,Summer 2015,S15,2015,"Engineering, Product and Design",child
879,sourcedna,Summer 2015,S15,2015,B2B,top
879,sourcedna,Summer 2015,S15,2015,"Engineering, Product and Design",child
912,sphere-secure-workspace,Summer 2015,S15,2015,B2B,top
912,sphere-secure-workspace,Summer 2015,S15,2015,Security,child
897,stitch-health,Summer 2015,S15,2015,Healthcare,top
897,stitch-health,Summer 2015,S15,2015,Healthcare IT,child
958,stylebee,Summer 2015,S15,2015,Consumer,top
958,stylebee,Summer 2015,S15,2015,Home and Personal,child
896,sunfarmer,Summer 2015,S15,2015,Industrials,top
896,sunfarmer,Summer 2015,S15,2015,Climate,child
862,teleport,Summer 2015,S15,2015,B2B,top
862,teleport,Summer 2015,S15,2015,Infrastructure,child
969,tenant-turner,Summer 2015,S15,2015,Real Estate and Construction,top
969,tenant-turner,Summer 2015,S15,2015,Housing and Real Estate,child
900,tesorio,Summer 2015,S15,2015,B2B,top
900,tesorio,Summer 2015,S15,2015,Finance and Accounting,child
952,tetrascience,Summer 2015,S15,2015,Healthcare,top
952,tetrascience,Summer 2015,S15,2015,Healthcare IT,child
949,the-ticket-fairy,Summer 2015,S15,2015,Consumer,top
949,the-ticket-fairy,Summer 2015,S15,2015,"Travel, Leisure and Tourism",child
901,thrive-agritech,Summer 2015,S15,2015,Industrials,top
901,thrive-agritech,Summer 2015,S15,2015,Agriculture,child
940,traversal-networks,Summer 2015,S15,2015,B2B,top
940,traversal-networks,Summer 2015,S15,2015,Security,child
860,triplebyte,Summer 2015,S15,2015,B2B,top
860,triplebyte,Summer 2015,S15,2015,Recruiting and Talent,child
970,voiq,Summer 2015,S15,2015,B2B,top
970,voiq,Summer 2015,S15,2015,Sales,child
902,verge-genomics,Summer 2015,S15,2015,Healthcare,top
902,verge-genomics,Summer 2015,S15,2015,Drug Discovery and Delivery,child
881,vernox,Summer 2015,S15,2015,Real Estate and Construction,top
881,vernox,Summer 2015,S15,2015,Construction,child
965,vive,Summer 2015,S15,2015,Consumer,top
965,vive,Summer 2015,S15,2015,Apparel and Cosmetics,child
951,wheelys-cafe,Summer 2015,S15,2015,Consumer,top
951,wheelys-cafe,Summer 2015,S15,2015,Food and Beverage,child
905,willing,Summer 2015,S15,2015,Consumer,top
905,willing,Summer 2015,S15,2015,Home and Personal,child
938,xendit,Summer 2015,S15,2015,Fintech,top
938,xendit,Summer 2015,S15,2015,Payments,child
939,xfers,Summer 2015,S15,2015,Fintech,top
939,xfers,Summer 2015,S15,2015,Payments,child
922,zeplin,Summer 2015,S15,2015,B2B,top
922,zeplin,Summer 2015,S15,2015,"Engineering, Product and Design",child
917,jeugene,Summer 2015,S15,2015,B2B,top
917,jeugene,Summer 2015,S15,2015,Legal,child
864,teabot,Summer 2015,S15,2015,B2B,top
864,teabot,Summer 2015,S15,2015,Human Resources,child
916,zpredicta,Summer 2015,S15,2015,Healthcare,top
916,zpredicta,Summer 2015,S15,2015,Drug Discovery and Delivery,child
1004,able-health,Winter 2016,W16,2016,Healthcare,top
1004,able-health,Winter 2016,W16,2016,Healthcare IT,child
998,algoriz,Winter 2016,W16,2016,Fintech,top
998,algoriz,Winter 2016,W16,2016,Asset Management,child
986,alphaflow,Winter 2016,W16,2016,Fintech,top
986,alphaflow,Winter 2016,W16,2016,Asset Management,child
1214,amberbox-gunshot-detection,Winter 2016,W16,2016,B2B,top
1214,amberbox-gunshot-detection,Winter 2016,W16,2016,Security,child
1046,anchor-health,Winter 2016,W16,2016,Healthcare,top
1046,anchor-health,Winter 2016,W16,2016,Healthcare IT,child
1044,apollo-io,Winter 2016,W16,2016,B2B,top
1044,apollo-io,Winter 2016,W16,2016,Marketing,child
1093,astranis,Winter 2016,W16,2016,Industrials,top
1093,astranis,Winter 2016,W16,2016,Aviation and Space,child
1086,bonsai,Winter 2016,W16,2016,B2B,top
1086,bonsai,Winter 2016,W16,2016,Finance and Accounting,child
1081,boom,Winter 2016,W16,2016,Industrials,top
1081,boom,Winter 2016,W16,2016,Aviation and Space,child
1022,bus-com,Winter 2016,W16,2016,B2B,top
1058,caper,Winter 2016,W16,2016,B2B,top
1058,caper,Winter 2016,W16,2016,Retail,child
1063,carbic,Winter 2016,W16,2016,Industrials,top
1063,carbic,Winter 2016,W16,2016,Energy,child
1031,castle,Winter 2016,W16,2016,Real Estate and Construction,top
1031,castle,Winter 2016,W16,2016,Housing and Real Estate,child
1032,castle-2,Winter 2016,W16,2016,B2B,top
1032,castle-2,Winter 2016,W16,2016,Security,child
985,chatfuel,Winter 2016,W16,2016,B2B,top
985,chatfuel,Winter 2016,W16,2016,"Engineering, Product and Design",child
1006,chillabit,Winter 2016,W16,2016,Consumer,top
1006,chillabit,Winter 2016,W16,2016,Social,child
976,compgun,Winter 2016,W16,2016,B2B,top
976,compgun,Winter 2016,W16,2016,Human Resources,child
1035,constructvr,Winter 2016,W16,2016,Consumer,top
1035,constructvr,Winter 2016,W16,2016,Virtual and Augmented Reality,child
1009,copia,Winter 2016,W16,2016,B2B,top
1009,copia,Winter 2016,W16,2016,Office Management,child
1062,cover,Winter 2016,W16,2016,Fintech,top
1062,cover,Winter 2016,W16,2016,Insurance,child
996,daily,Winter 2016,W16,2016,B2B,top
996,daily,Winter 2016,W16,2016,Productivity,child
1007,deako,Winter 2016,W16,2016,Consumer,top
1007,deako,Winter 2016,W16,2016,Home and Personal,child
977,deepgram,Winter 2016,W16,2016,B2B,top
977,deepgram,Winter 2016,W16,2016,"Engineering, Product and Design",child
1098,devcolor,Winter 2016,W16,2016,Unspecified,top
1008,dosedr,Winter 2016,W16,2016,Healthcare,top
1008,dosedr,Winter 2016,W16,2016,Consumer Health and Wellness,child
1060,elucify,Winter 2016,W16,2016,B2B,top
1060,elucify,Winter 2016,W16,2016,Sales,child
982,embark-trucks,Winter 2016,W16,2016,Industrials,top
982,embark-trucks,Winter 2016,W16,2016,Automotive,child
1050,emburse,Winter 2016,W16,2016,Fintech,top
1050,emburse,Winter 2016,W16,2016,Banking and Exchange,child
1024,enflux,Winter 2016,W16,2016,Healthcare,top
1024,enflux,Winter 2016,W16,2016,Consumer Health and Wellness,child
1061,envyl,Winter 2016,W16,2016,Consumer,top
1061,envyl,Winter 2016,W16,2016,Home and Personal,child
1065,fightcamp,Winter 2016,W16,2016,Consumer,top
1065,fightcamp,Winter 2016,W16,2016,Gaming,child
999,focal-systems,Winter 2016,W16,2016,B2B,top
999,focal-systems,Winter 2016,W16,2016,Retail,child
1037,function-of-beauty,Winter 2016,W16,2016,Consumer,top
1037,function-of-beauty,Winter 2016,W16,2016,Apparel and Cosmetics,child
1051,gecko-robotics,Winter 2016,W16,2016,Industrials,top
1051,gecko-robotics,Winter 2016,W16,2016,Manufacturing and Robotics,child
1064,georgette-packaging,Winter 2016,W16,2016,B2B,top
1064,georgette-packaging,Winter 2016,W16,2016,Supply Chain and Logistics,child
987,getaccept,Winter 2016,W16,2016,B2B,top
987,getaccept,Winter 2016,W16,2016,Sales,child
1010,gigwell,Winter 2016,W16,2016,B2B,top
1010,gigwell,Winter 2016,W16,2016,Productivity,child
1091,gitprime,Winter 2016,W16,2016,B2B,top
1091,gitprime,Winter 2016,W16,2016,"Engineering, Product and Design",child
1052,golorry,Winter 2016,W16,2016,B2B,top
1052,golorry,Winter 2016,W16,2016,Supply Chain and Logistics,child
1025,goodybag,Winter 2016,W16,2016,B2B,top
1025,goodybag,Winter 2016,W16,2016,Office Management,child
1089,hingeto,Winter 2016,W16,2016,Consumer,top
1089,hingeto,Winter 2016,W16,2016,Apparel and Cosmetics,child
1053,histowiz,Winter 2016,W16,2016,Healthcare,top
1053,histowiz,Winter 2016,W16,2016,Healthcare Services,child
1077,index-2,Winter 2016,W16,2016,B2B,top
1077,index-2,Winter 2016,W16,2016,Sales,child
1012,inevitable-tech,Winter 2016,W16,2016,Industrials,top
1012,inevitable-tech,Winter 2016,W16,2016,Agriculture,child
1011,innovein,Winter 2016,W16,2016,Healthcare,top
1011,innovein,Winter 2016,W16,2016,Medical Devices,child
1039,interstate-analytics,Winter 2016,W16,2016,B2B,top
1039,interstate-analytics,Winter 2016,W16,2016,Analytics,child
1099,kip-health,Winter 2016,W16,2016,Healthcare,top
1099,kip-health,Winter 2016,W16,2016,Healthcare IT,child
1066,kisan-network,Winter 2016,W16,2016,Industrials,top
1066,kisan-network,Winter 2016,W16,2016,Agriculture,child
1054,landed,Winter 2016,W16,2016,Fintech,top
1054,landed,Winter 2016,W16,2016,Credit and Lending,child
973,lattice,Winter 2016,W16,2016,B2B,top
973,lattice,Winter 2016,W16,2016,Human Resources,child
1013,lendedu,Winter 2016,W16,2016,Education,top
1000,loop-genomics,Winter 2016,W16,2016,Healthcare,top
1000,loop-genomics,Winter 2016,W16,2016,Diagnostics,child
1038,luciq,Winter 2016,W16,2016,B2B,top
1038,luciq,Winter 2016,W16,2016,"Engineering, Product and Design",child
1014,luminist-labs,Winter 2016,W16,2016,Healthcare,top
1014,luminist-labs,Winter 2016,W16,2016,Diagnostics,child
1097,lygos,Winter 2016,W16,2016,Healthcare,top
1097,lygos,Winter 2016,W16,2016,Industrial Bio,child
1049,lynks,Winter 2016,W16,2016,Consumer,top
1049,lynks,Winter 2016,W16,2016,Apparel and Cosmetics,child
980,magic-instruments,Winter 2016,W16,2016,Consumer,top
980,magic-instruments,Winter 2016,W16,2016,Consumer Electronics,child
990,magicbus,Winter 2016,W16,2016,Consumer,top
990,magicbus,Winter 2016,W16,2016,Transportation Services,child
1028,mailtime,Winter 2016,W16,2016,B2B,top
1028,mailtime,Winter 2016,W16,2016,Productivity,child
991,mason,Winter 2016,W16,2016,B2B,top
1016,meter-feeder,Winter 2016,W16,2016,Fintech,top
1016,meter-feeder,Winter 2016,W16,2016,Payments,child
1017,mineralsoft,Winter 2016,W16,2016,Industrials,top
1017,mineralsoft,Winter 2016,W16,2016,Energy,child
997,mio,Winter 2016,W16,2016,B2B,top
997,mio,Winter 2016,W16,2016,"Engineering, Product and Design",child
1087,modal,Winter 2016,W16,2016,B2B,top
1087,modal,Winter 2016,W16,2016,Retail,child
1029,monthli,Winter 2016,W16,2016,Real Estate and Construction,top
1029,monthli,Winter 2016,W16,2016,Housing and Real Estate,child
972,mux,Winter 2016,W16,2016,B2B,top
972,mux,Winter 2016,W16,2016,Infrastructure,child
1067,nurx,Winter 2016,W16,2016,Healthcare,top
1067,nurx,Winter 2016,W16,2016,Consumer Health and Wellness,child
1056,netbeez,Winter 2016,W16,2016,B2B,top
1056,netbeez,Winter 2016,W16,2016,Infrastructure,child
1033,netomi,Winter 2016,W16,2016,B2B,top
1033,netomi,Winter 2016,W16,2016,Marketing,child
1084,nova,Winter 2016,W16,2016,B2B,top
1084,nova,Winter 2016,W16,2016,Sales,child
1026,open-motors,Winter 2016,W16,2016,Industrials,top
1026,open-motors,Winter 2016,W16,2016,Automotive,child
1030,opentrons,Winter 2016,W16,2016,Healthcare,top
1030,opentrons,Winter 2016,W16,2016,Diagnostics,child
994,outschool,Winter 2016,W16,2016,Education,top
1040,patchwork-security,Winter 2016,W16,2016,B2B,top
1040,patchwork-security,Winter 2016,W16,2016,Security,child
1073,pathmind,Winter 2016,W16,2016,B2B,top
1073,pathmind,Winter 2016,W16,2016,"Engineering, Product and Design",child
1041,pave,Winter 2016,W16,2016,B2B,top
1041,pave,Winter 2016,W16,2016,Analytics,child
1021,paystack,Winter 2016,W16,2016,Fintech,top
1021,paystack,Winter 2016,W16,2016,Payments,child
1100,perlara,Winter 2016,W16,2016,Healthcare,top
1100,perlara,Winter 2016,W16,2016,Drug Discovery and Delivery,child
995,petcube,Winter 2016,W16,2016,Consumer,top
995,petcube,Winter 2016,W16,2016,Consumer Electronics,child
1095,physiohealth,Winter 2016,W16,2016,Healthcare,top
1095,physiohealth,Winter 2016,W16,2016,Healthcare Services,child
1048,plato,Winter 2016,W16,2016,B2B,top
1048,plato,Winter 2016,W16,2016,Productivity,child
1018,pocketsuite,Winter 2016,W16,2016,B2B,top
1018,pocketsuite,Winter 2016,W16,2016,Productivity,child
1042,podium,Winter 2016,W16,2016,B2B,top
1042,podium,Winter 2016,W16,2016,Retail,child
1045,poppy,Winter 2016,W16,2016,Consumer,top
1045,poppy,Winter 2016,W16,2016,Home and Personal,child
1082,protonet,Winter 2016,W16,2016,B2B,top
1082,protonet,Winter 2016,W16,2016,Infrastructure,child
1019,pulpix,Winter 2016,W16,2016,B2B,top
1019,pulpix,Winter 2016,W16,2016,Marketing,child
1068,quilt-data,Winter 2016,W16,2016,B2B,top
1068,quilt-data,Winter 2016,W16,2016,"Engineering, Product and Design",child
1101,qvin,Winter 2016,W16,2016,Healthcare,top
1101,qvin,Winter 2016,W16,2016,Consumer Health and Wellness,child
1103,rappi,Winter 2016,W16,2016,Consumer,top
1103,rappi,Winter 2016,W16,2016,Food and Beverage,child
1069,real-artists,Winter 2016,W16,2016,B2B,top
1069,real-artists,Winter 2016,W16,2016,"Engineering, Product and Design",child
1057,redspread,Winter 2016,W16,2016,B2B,top
1057,redspread,Winter 2016,W16,2016,Infrastructure,child
1080,relativity-space,Winter 2016,W16,2016,Industrials,top
1080,relativity-space,Winter 2016,W16,2016,Aviation and Space,child
1070,restocks,Winter 2016,W16,2016,Consumer,top
1070,restocks,Winter 2016,W16,2016,Apparel and Cosmetics,child
1020,revl,Winter 2016,W16,2016,B2B,top
1020,revl,Winter 2016,W16,2016,Marketing,child
974,soundboks,Winter 2016,W16,2016,Consumer,top
974,soundboks,Winter 2016,W16,2016,Consumer Electronics,child
1043,salt-security,Winter 2016,W16,2016,B2B,top
1043,salt-security,Winter 2016,W16,2016,Security,child
1071,sanitation-and-health-rights-in-india-shri,Winter 2016,W16,2016,Unspecified,top
1079,sendbird,Winter 2016,W16,2016,B2B,top
1079,sendbird,Winter 2016,W16,2016,"Engineering, Product and Design",child
1072,silver,Winter 2016,W16,2016,Consumer,top
1072,silver,Winter 2016,W16,2016,Consumer Electronics,child
1027,start-closing,Winter 2016,W16,2016,Real Estate and Construction,top
1027,start-closing,Winter 2016,W16,2016,Construction,child
978,stealth-worker,Winter 2016,W16,2016,B2B,top
978,stealth-worker,Winter 2016,W16,2016,Recruiting and Talent,child
979,stilt,Winter 2016,W16,2016,Fintech,top
979,stilt,Winter 2016,W16,2016,Credit and Lending,child
1085,streamup,Winter 2016,W16,2016,Consumer,top
1085,streamup,Winter 2016,W16,2016,Social,child
1083,strongintro,Winter 2016,W16,2016,B2B,top
1083,strongintro,Winter 2016,W16,2016,Recruiting and Talent,child
1034,superside,Winter 2016,W16,2016,B2B,top
1034,superside,Winter 2016,W16,2016,Productivity,child
1059,trac,Winter 2016,W16,2016,Healthcare,top
1059,trac,Winter 2016,W16,2016,Consumer Health and Wellness,child
1047,thunkable,Winter 2016,W16,2016,B2B,top
1047,thunkable,Winter 2016,W16,2016,Marketing,child
989,tovala,Winter 2016,W16,2016,Consumer,top
989,tovala,Winter 2016,W16,2016,Home and Personal,child
1001,toymail,Winter 2016,W16,2016,Consumer,top
1001,toymail,Winter 2016,W16,2016,Consumer Electronics,child
1005,truebill,Winter 2016,W16,2016,Fintech,top
1005,truebill,Winter 2016,W16,2016,Consumer Finance,child
1023,unima,Winter 2016,W16,2016,Healthcare,top
1023,unima,Winter 2016,W16,2016,Diagnostics,child
1075,unnyhog,Winter 2016,W16,2016,Consumer,top
1075,unnyhog,Winter 2016,W16,2016,Gaming,child
1002,uplabs,Winter 2016,W16,2016,B2B,top
1002,uplabs,Winter 2016,W16,2016,"Engineering, Product and Design",child
1074,urodev-medical,Winter 2016,W16,2016,Healthcare,top
1074,urodev-medical,Winter 2016,W16,2016,Medical Devices,child
983,vinebox,Winter 2016,W16,2016,Consumer,top
983,vinebox,Winter 2016,W16,2016,Food and Beverage,child
1076,wakie,Winter 2016,W16,2016,Consumer,top
1076,wakie,Winter 2016,W16,2016,Social,child
1003,worldcover,Winter 2016,W16,2016,Fintech,top
1003,worldcover,Winter 2016,W16,2016,Insurance,child
984,yardbook,Winter 2016,W16,2016,B2B,top
984,yardbook,Winter 2016,W16,2016,Finance and Accounting,child
1096,zenysis,Winter 2016,W16,2016,Government,top
1088,flexengage,Winter 2016,W16,2016,B2B,top
1088,flexengage,Winter 2016,W16,2016,Retail,child
988,isono-health,Winter 2016,W16,2016,Healthcare,top
988,isono-health,Winter 2016,W16,2016,Medical Devices,child
1055,mrelief,Winter 2016,W16,2016,Unspecified,top
1283,abundance-labs,Summer 2016,S16,2016,Consumer,top
1283,abundance-labs,Summer 2016,S16,2016,Home and Personal,child
1274,airfordable,Summer 2016,S16,2016,Fintech,top
1274,airfordable,Summer 2016,S16,2016,Credit and Lending,child
1250,airo-health,Summer 2016,S16,2016,Healthcare,top
1250,airo-health,Summer 2016,S16,2016,Consumer Health and Wellness,child
1300,apolloshield,Summer 2016,S16,2016,Industrials,top
1300,apolloshield,Summer 2016,S16,2016,Defense,child
1272,athelas,Summer 2016,S16,2016,Healthcare,top
1433,bird,Summer 2016,S16,2016,B2B,top
1433,bird,Summer 2016,S16,2016,"Engineering, Product and Design",child
1265,bulldozair,Summer 2016,S16,2016,Real Estate and Construction,top
1265,bulldozair,Summer 2016,S16,2016,Construction,child
1239,burrow,Summer 2016,S16,2016,Consumer,top
1239,burrow,Summer 2016,S16,2016,Home and Personal,child
1188,carerev,Summer 2016,S16,2016,Healthcare,top
1188,carerev,Summer 2016,S16,2016,Healthcare Services,child
1287,circa,Summer 2016,S16,2016,B2B,top
1287,circa,Summer 2016,S16,2016,Marketing,child
1236,clip-health,Summer 2016,S16,2016,Healthcare,top
1231,cointent,Summer 2016,S16,2016,B2B,top
1231,cointent,Summer 2016,S16,2016,Marketing,child
1242,coub,Summer 2016,S16,2016,Consumer,top
1242,coub,Summer 2016,S16,2016,Social,child
1285,crowdai,Summer 2016,S16,2016,B2B,top
1276,curtsy,Summer 2016,S16,2016,Consumer,top
1276,curtsy,Summer 2016,S16,2016,Apparel and Cosmetics,child
1267,drivezy,Summer 2016,S16,2016,Consumer,top
1267,drivezy,Summer 2016,S16,2016,"Travel, Leisure and Tourism",child
1344,elemeno-health,Summer 2016,S16,2016,Healthcare,top
1344,elemeno-health,Summer 2016,S16,2016,Healthcare IT,child
1280,emote,Summer 2016,S16,2016,Consumer,top
1280,emote,Summer 2016,S16,2016,Virtual and Augmented Reality,child
1347,expo,Summer 2016,S16,2016,B2B,top
1347,expo,Summer 2016,S16,2016,Infrastructure,child
1234,fabric,Summer 2016,S16,2016,Consumer,top
1234,fabric,Summer 2016,S16,2016,Social,child
1208,farmstead,Summer 2016,S16,2016,Consumer,top
1208,farmstead,Summer 2016,S16,2016,Food and Beverage,child
1284,flutterwave,Summer 2016,S16,2016,Fintech,top
1284,flutterwave,Summer 2016,S16,2016,Payments,child
1282,gtrack-technologies,Summer 2016,S16,2016,Industrials,top
1282,gtrack-technologies,Summer 2016,S16,2016,Energy,child
1264,gogograndparent,Summer 2016,S16,2016,Consumer,top
1264,gogograndparent,Summer 2016,S16,2016,Home and Personal,child
1228,haywheel,Summer 2016,S16,2016,B2B,top
1228,haywheel,Summer 2016,S16,2016,Retail,child
1203,hellobill,Summer 2016,S16,2016,B2B,top
1203,hellobill,Summer 2016,S16,2016,Finance and Accounting,child
1252,hioperator,Summer 2016,S16,2016,B2B,top
1252,hioperator,Summer 2016,S16,2016,Operations,child
1219,hush,Summer 2016,S16,2016,Consumer,top
1219,hush,Summer 2016,S16,2016,Apparel and Cosmetics,child
1341,innov8,Summer 2016,S16,2016,Real Estate and Construction,top
1341,innov8,Summer 2016,S16,2016,Housing and Real Estate,child
1224,instrumentl,Summer 2016,S16,2016,B2B,top
1221,iris-automation,Summer 2016,S16,2016,Industrials,top
1221,iris-automation,Summer 2016,S16,2016,Drones,child
1200,joy,Summer 2016,S16,2016,Consumer,top
1200,joy,Summer 2016,S16,2016,Home and Personal,child
1340,jumpcut,Summer 2016,S16,2016,Education,top
1243,kenota,Summer 2016,S16,2016,Healthcare,top
1243,kenota,Summer 2016,S16,2016,Diagnostics,child
1249,legalist,Summer 2016,S16,2016,Fintech,top
1249,legalist,Summer 2016,S16,2016,Credit and Lending,child
1303,lendsnap,Summer 2016,S16,2016,Fintech,top
1303,lendsnap,Summer 2016,S16,2016,Banking and Exchange,child
1210,livement,Summer 2016,S16,2016,B2B,top
1227,looklive,Summer 2016,S16,2016,Consumer,top
1227,looklive,Summer 2016,S16,2016,Apparel and Cosmetics,child
1266,meesho,Summer 2016,S16,2016,B2B,top
1266,meesho,Summer 2016,S16,2016,Retail,child
1223,metapacket,Summer 2016,S16,2016,B2B,top
1223,metapacket,Summer 2016,S16,2016,Security,child
1180,mindori,Summer 2016,S16,2016,B2B,top
1180,mindori,Summer 2016,S16,2016,Retail,child
1271,miso,Summer 2016,S16,2016,Consumer,top
1271,miso,Summer 2016,S16,2016,Home and Personal,child
1238,mosaix-ai,Summer 2016,S16,2016,Consumer,top
1238,mosaix-ai,Summer 2016,S16,2016,Transportation Services,child
1233,multiply-labs,Summer 2016,S16,2016,Industrials,top
1233,multiply-labs,Summer 2016,S16,2016,Manufacturing and Robotics,child
1247,neowize,Summer 2016,S16,2016,B2B,top
1247,neowize,Summer 2016,S16,2016,Retail,child
1246,new-incentives,Summer 2016,S16,2016,Unspecified,top
1225,nova-credit,Summer 2016,S16,2016,Fintech,top
1225,nova-credit,Summer 2016,S16,2016,Credit and Lending,child
1183,nucypher-aka-threshold-network,Summer 2016,S16,2016,B2B,top
1297,omg-digital,Summer 2016,S16,2016,Consumer,top
1297,omg-digital,Summer 2016,S16,2016,Content,child
1226,onechronos,Summer 2016,S16,2016,Fintech,top
1226,onechronos,Summer 2016,S16,2016,Banking and Exchange,child
1222,opsolutely,Summer 2016,S16,2016,B2B,top
1222,opsolutely,Summer 2016,S16,2016,"Engineering, Product and Design",child
1191,patientbank,Summer 2016,S16,2016,Healthcare,top
1191,patientbank,Summer 2016,S16,2016,Healthcare IT,child
1299,people-ai,Summer 2016,S16,2016,B2B,top
1299,people-ai,Summer 2016,S16,2016,Sales,child
1289,polymail,Summer 2016,S16,2016,B2B,top
1289,polymail,Summer 2016,S16,2016,Productivity,child
1181,prime-lightworks,Summer 2016,S16,2016,Industrials,top
1181,prime-lightworks,Summer 2016,S16,2016,Aviation and Space,child
1352,proxy,Summer 2016,S16,2016,Consumer,top
1352,proxy,Summer 2016,S16,2016,Consumer Electronics,child
1241,pursuit,Summer 2016,S16,2016,Consumer,top
1241,pursuit,Summer 2016,S16,2016,Gaming,child
1339,quero-education,Summer 2016,S16,2016,Education,top
1201,raptor-maps,Summer 2016,S16,2016,Industrials,top
1201,raptor-maps,Summer 2016,S16,2016,Climate,child
1286,ready-education,Summer 2016,S16,2016,Consumer,top
1286,ready-education,Summer 2016,S16,2016,Social,child
1304,reebeez,Summer 2016,S16,2016,Industrials,top
1304,reebeez,Summer 2016,S16,2016,Drones,child
1209,rigplenish,Summer 2016,S16,2016,Healthcare,top
1209,rigplenish,Summer 2016,S16,2016,Healthcare IT,child
1240,robby-technologies,Summer 2016,S16,2016,Industrials,top
1240,robby-technologies,Summer 2016,S16,2016,Manufacturing and Robotics,child
1213,rocketlit,Summer 2016,S16,2016,Education,top
1206,rose-rocket,Summer 2016,S16,2016,B2B,top
1206,rose-rocket,Summer 2016,S16,2016,Supply Chain and Logistics,child
1436,runkit,Summer 2016,S16,2016,B2B,top
1436,runkit,Summer 2016,S16,2016,"Engineering, Product and Design",child
1248,sage-care,Summer 2016,S16,2016,Healthcare,top
1248,sage-care,Summer 2016,S16,2016,Healthcare Services,child
1288,saleswhale,Summer 2016,S16,2016,B2B,top
1288,saleswhale,Summer 2016,S16,2016,Sales,child
1294,scale-ai,Summer 2016,S16,2016,B2B,top
1294,scale-ai,Summer 2016,S16,2016,"Engineering, Product and Design",child
1278,scanate-fellow,Summer 2016,S16,2016,B2B,top
1278,scanate-fellow,Summer 2016,S16,2016,Finance and Accounting,child
1268,seerslab,Summer 2016,S16,2016,Consumer,top
1268,seerslab,Summer 2016,S16,2016,Social,child
1186,selfycart,Summer 2016,S16,2016,B2B,top
1186,selfycart,Summer 2016,S16,2016,Retail,child
1182,seneca-systems,Summer 2016,S16,2016,Government,top
1235,shield-bio,Summer 2016,S16,2016,Healthcare,top
1235,shield-bio,Summer 2016,S16,2016,Diagnostics,child
1211,simplecitizen,Summer 2016,S16,2016,Consumer,top
1211,simplecitizen,Summer 2016,S16,2016,Home and Personal,child
1189,sixa,Summer 2016,S16,2016,B2B,top
1189,sixa,Summer 2016,S16,2016,"Engineering, Product and Design",child
1437,skylights,Summer 2016,S16,2016,Consumer,top
1437,skylights,Summer 2016,S16,2016,Virtual and Augmented Reality,child
1277,smartpath,Summer 2016,S16,2016,Fintech,top
1277,smartpath,Summer 2016,S16,2016,Consumer Finance,child
1185,smartsite,Summer 2016,S16,2016,Real Estate and Construction,top
1185,smartsite,Summer 2016,S16,2016,Construction,child
1269,squire-technologies,Summer 2016,S16,2016,Consumer,top
1269,squire-technologies,Summer 2016,S16,2016,Home and Personal,child
1431,starcity,Summer 2016,S16,2016,Real Estate and Construction,top
1431,starcity,Summer 2016,S16,2016,Housing and Real Estate,child
1273,starsky-robotics,Summer 2016,S16,2016,Industrials,top
1273,starsky-robotics,Summer 2016,S16,2016,Automotive,child
1343,suiteness,Summer 2016,S16,2016,Consumer,top
1343,suiteness,Summer 2016,S16,2016,"Travel, Leisure and Tourism",child
1220,sway-finance,Summer 2016,S16,2016,B2B,top
1220,sway-finance,Summer 2016,S16,2016,Finance and Accounting,child
1244,symple,Summer 2016,S16,2016,B2B,top
1244,symple,Summer 2016,S16,2016,Finance and Accounting,child
1251,synvivia,Summer 2016,S16,2016,Healthcare,top
1251,synvivia,Summer 2016,S16,2016,Industrial Bio,child
1230,techmate,Summer 2016,S16,2016,Consumer,top
1230,techmate,Summer 2016,S16,2016,Home and Personal,child
1270,the-athletic,Summer 2016,S16,2016,Consumer,top
1270,the-athletic,Summer 2016,S16,2016,Content,child
1229,the-flex-company,Summer 2016,S16,2016,Consumer,top
1229,the-flex-company,Summer 2016,S16,2016,Home and Personal,child
1301,ubiq,Summer 2016,S16,2016,B2B,top
1301,ubiq,Summer 2016,S16,2016,Productivity,child
1202,upgraded,Summer 2016,S16,2016,Consumer,top
1202,upgraded,Summer 2016,S16,2016,Consumer Electronics,child
1432,utilityscore,Summer 2016,S16,2016,Consumer,top
1432,utilityscore,Summer 2016,S16,2016,Home and Personal,child
1275,validere,Summer 2016,S16,2016,Industrials,top
1275,validere,Summer 2016,S16,2016,Energy,child
1184,vetcove,Summer 2016,S16,2016,B2B,top
1184,vetcove,Summer 2016,S16,2016,Supply Chain and Logistics,child
1245,vidcode,Summer 2016,S16,2016,Education,top
1205,vote-org,Summer 2016,S16,2016,Consumer,top
1218,whyd,Summer 2016,S16,2016,Consumer,top
1218,whyd,Summer 2016,S16,2016,Consumer Electronics,child
1232,women-who-code,Summer 2016,S16,2016,Unspecified,top
1187,workramp,Summer 2016,S16,2016,B2B,top
1187,workramp,Summer 2016,S16,2016,Human Resources,child
1279,xberts,Summer 2016,S16,2016,Consumer,top
1298,yoshi-mobility,Summer 2016,S16,2016,Consumer,top
1298,yoshi-mobility,Summer 2016,S16,2016,Transportation Services,child
1237,garten,Summer 2016,S16,2016,B2B,top
1237,garten,Summer 2016,S16,2016,Productivity,child
1575,aclu,Winter 2017,W17,2017,Unspecified,top
1524,aon3d,Winter 2017,W17,2017,Industrials,top
1524,aon3d,Winter 2017,W17,2017,Manufacturing and Robotics,child
1503,aella,Winter 2017,W17,2017,Fintech,top
1503,aella,Winter 2017,W17,2017,Credit and Lending,child
1509,alemhealth,Winter 2017,W17,2017,Healthcare,top
1509,alemhealth,Winter 2017,W17,2017,Healthcare Services,child
1487,ambient-ai,Winter 2017,W17,2017,B2B,top
1487,ambient-ai,Winter 2017,W17,2017,Security,child
1550,anasen,Winter 2017,W17,2017,B2B,top
1550,anasen,Winter 2017,W17,2017,Analytics,child
1521,apozy,Winter 2017,W17,2017,B2B,top
1521,apozy,Winter 2017,W17,2017,Security,child
1486,armory,Winter 2017,W17,2017,B2B,top
1486,armory,Winter 2017,W17,2017,Infrastructure,child
1454,arthena,Winter 2017,W17,2017,Fintech,top
1454,arthena,Winter 2017,W17,2017,Asset Management,child
1504,arylla,Winter 2017,W17,2017,Industrials,top
1504,arylla,Winter 2017,W17,2017,Manufacturing and Robotics,child
1528,bios-health,Winter 2017,W17,2017,Healthcare,top
1472,beek,Winter 2017,W17,2017,Consumer,top
1472,beek,Winter 2017,W17,2017,Content,child
1534,bicycle-ai,Winter 2017,W17,2017,B2B,top
1534,bicycle-ai,Winter 2017,W17,2017,Operations,child
1515,bitrise,Winter 2017,W17,2017,B2B,top
1515,bitrise,Winter 2017,W17,2017,Infrastructure,child
1458,bloomapi,Winter 2017,W17,2017,Healthcare,top
1458,bloomapi,Winter 2017,W17,2017,Healthcare IT,child
1444,bountiful,Winter 2017,W17,2017,Industrials,top
1444,bountiful,Winter 2017,W17,2017,Agriculture,child
1525,breaker,Winter 2017,W17,2017,Consumer,top
1525,breaker,Winter 2017,W17,2017,Content,child
1556,brex,Winter 2017,W17,2017,Fintech,top
1556,brex,Winter 2017,W17,2017,Banking and Exchange,child
1512,bulk-mro-industrial-supply,Winter 2017,W17,2017,B2B,top
1512,bulk-mro-industrial-supply,Winter 2017,W17,2017,Supply Chain and Logistics,child
1526,bulletin,Winter 2017,W17,2017,B2B,top
1526,bulletin,Winter 2017,W17,2017,Retail,child
1522,buypower,Winter 2017,W17,2017,Industrials,top
1522,buypower,Winter 2017,W17,2017,Climate,child
1467,cartcam,Winter 2017,W17,2017,Consumer,top
1467,cartcam,Winter 2017,W17,2017,Home and Personal,child
1441,clear-genetics,Winter 2017,W17,2017,Healthcare,top
1441,clear-genetics,Winter 2017,W17,2017,Consumer Health and Wellness,child
1480,clipboard,Winter 2017,W17,2017,Consumer,top
1506,collectly,Winter 2017,W17,2017,Healthcare,top
1506,collectly,Winter 2017,W17,2017,Healthcare IT,child
1445,cowlar,Winter 2017,W17,2017,Industrials,top
1445,cowlar,Winter 2017,W17,2017,Agriculture,child
1532,delee,Winter 2017,W17,2017,Healthcare,top
1532,delee,Winter 2017,W17,2017,Diagnostics,child
1555,dost-education,Winter 2017,W17,2017,Education,top
1483,entry,Winter 2017,W17,2017,B2B,top
1483,entry,Winter 2017,W17,2017,Productivity,child
1462,extern,Winter 2017,W17,2017,Consumer,top
1462,extern,Winter 2017,W17,2017,Job and Career Services,child
1543,faire,Winter 2017,W17,2017,B2B,top
1543,faire,Winter 2017,W17,2017,Retail,child
1510,fastjvm,Winter 2017,W17,2017,B2B,top
1510,fastjvm,Winter 2017,W17,2017,Marketing,child
1492,fibo,Winter 2017,W17,2017,B2B,top
1492,fibo,Winter 2017,W17,2017,Productivity,child
1478,fiix,Winter 2017,W17,2017,Consumer,top
1478,fiix,Winter 2017,W17,2017,Transportation Services,child
1497,firsthand,Winter 2017,W17,2017,B2B,top
1497,firsthand,Winter 2017,W17,2017,Retail,child
1518,floydhub,Winter 2017,W17,2017,B2B,top
1518,floydhub,Winter 2017,W17,2017,"Engineering, Product and Design",child
1560,helix-nanotechnologies,Winter 2017,W17,2017,Healthcare,top
1560,helix-nanotechnologies,Winter 2017,W17,2017,Drug Discovery and Delivery,child
1505,hivy,Winter 2017,W17,2017,B2B,top
1505,hivy,Winter 2017,W17,2017,Office Management,child
1519,hogaru,Winter 2017,W17,2017,Consumer,top
1519,hogaru,Winter 2017,W17,2017,Home and Personal,child
1573,humi,Winter 2017,W17,2017,B2B,top
1573,humi,Winter 2017,W17,2017,Human Resources,child
1551,indee-labs,Winter 2017,W17,2017,Healthcare,top
1551,indee-labs,Winter 2017,W17,2017,Drug Discovery and Delivery,child
1491,innamed,Winter 2017,W17,2017,Healthcare,top
1491,innamed,Winter 2017,W17,2017,Diagnostics,child
1549,kidpass,Winter 2017,W17,2017,Education,top
1464,ledger-investing,Winter 2017,W17,2017,Fintech,top
1464,ledger-investing,Winter 2017,W17,2017,Insurance,child
1460,lithit,Winter 2017,W17,2017,Consumer,top
1460,lithit,Winter 2017,W17,2017,Consumer Electronics,child
1554,lively-inc,Winter 2017,W17,2017,Healthcare,top
1554,lively-inc,Winter 2017,W17,2017,Healthcare IT,child
1450,loop-support,Winter 2017,W17,2017,B2B,top
1450,loop-support,Winter 2017,W17,2017,Recruiting and Talent,child
1461,mdalgorithms-inc,Winter 2017,W17,2017,Healthcare,top
1461,mdalgorithms-inc,Winter 2017,W17,2017,Consumer Health and Wellness,child
1533,marketfox,Winter 2017,W17,2017,B2B,top
1533,marketfox,Winter 2017,W17,2017,Marketing,child
1496,mednet,Winter 2017,W17,2017,Healthcare,top
1496,mednet,Winter 2017,W17,2017,Healthcare IT,child
1557,mirror-ai,Winter 2017,W17,2017,Consumer,top
1557,mirror-ai,Winter 2017,W17,2017,Social,child
1530,nanonets,Winter 2017,W17,2017,B2B,top
1530,nanonets,Winter 2017,W17,2017,Productivity,child
1508,neema,Winter 2017,W17,2017,Fintech,top
1508,neema,Winter 2017,W17,2017,Consumer Finance,child
1547,niles,Winter 2017,W17,2017,B2B,top
1547,niles,Winter 2017,W17,2017,Productivity,child
1553,no-lean-season,Winter 2017,W17,2017,Unspecified,top
1527,nomba,Winter 2017,W17,2017,Fintech,top
1527,nomba,Winter 2017,W17,2017,Payments,child
1468,nuvola,Winter 2017,W17,2017,Industrials,top
1468,nuvola,Winter 2017,W17,2017,Energy,child
1540,onefin,Winter 2017,W17,2017,Fintech,top
1540,onefin,Winter 2017,W17,2017,Credit and Lending,child
1481,origin,Winter 2017,W17,2017,B2B,top
1481,origin,Winter 2017,W17,2017,Office Management,child
1447,pearl,Winter 2017,W17,2017,B2B,top
1447,pearl,Winter 2017,W17,2017,Office Management,child
1559,peer5,Winter 2017,W17,2017,B2B,top
1559,peer5,Winter 2017,W17,2017,Infrastructure,child
1489,penny,Winter 2017,W17,2017,Fintech,top
1489,penny,Winter 2017,W17,2017,Consumer Finance,child
1453,pit-ai,Winter 2017,W17,2017,Fintech,top
1453,pit-ai,Winter 2017,W17,2017,Asset Management,child
1517,plane,Winter 2017,W17,2017,B2B,top
1517,plane,Winter 2017,W17,2017,Human Resources,child
1539,playment,Winter 2017,W17,2017,B2B,top
1539,playment,Winter 2017,W17,2017,"Engineering, Product and Design",child
1465,pulse,Winter 2017,W17,2017,Healthcare,top
1465,pulse,Winter 2017,W17,2017,Consumer Health and Wellness,child
1463,rezi,Winter 2017,W17,2017,Real Estate and Construction,top
1463,rezi,Winter 2017,W17,2017,Housing and Real Estate,child
1495,zestful,Winter 2017,W17,2017,Consumer,top
1484,rankscience,Winter 2017,W17,2017,B2B,top
1484,rankscience,Winter 2017,W17,2017,Marketing,child
1520,reliance-health,Winter 2017,W17,2017,Healthcare,top
1520,reliance-health,Winter 2017,W17,2017,Healthcare Services,child
1507,request-network,Winter 2017,W17,2017,Fintech,top
1507,request-network,Winter 2017,W17,2017,Payments,child
1564,retool,Winter 2017,W17,2017,B2B,top
1564,retool,Winter 2017,W17,2017,Productivity,child
1449,riley,Winter 2017,W17,2017,Real Estate and Construction,top
1449,riley,Winter 2017,W17,2017,Housing and Real Estate,child
1451,rippling,Winter 2017,W17,2017,B2B,top
1451,rippling,Winter 2017,W17,2017,Human Resources,child
1482,sandbox-banking,Winter 2017,W17,2017,Fintech,top
1482,sandbox-banking,Winter 2017,W17,2017,Banking and Exchange,child
1466,scaphold-io,Winter 2017,W17,2017,B2B,top
1466,scaphold-io,Winter 2017,W17,2017,"Engineering, Product and Design",child
1563,scopeai,Winter 2017,W17,2017,B2B,top
1563,scopeai,Winter 2017,W17,2017,Operations,child
1446,scribe,Winter 2017,W17,2017,B2B,top
1446,scribe,Winter 2017,W17,2017,Sales,child
1456,shipamax,Winter 2017,W17,2017,B2B,top
1456,shipamax,Winter 2017,W17,2017,Supply Chain and Logistics,child
1581,sigma-genetics,Winter 2017,W17,2017,Healthcare,top
1581,sigma-genetics,Winter 2017,W17,2017,Therapeutics,child
1448,sinovia-technologies,Winter 2017,W17,2017,Industrials,top
1448,sinovia-technologies,Winter 2017,W17,2017,Manufacturing and Robotics,child
1455,sleep-reset,Winter 2017,W17,2017,Healthcare,top
1455,sleep-reset,Winter 2017,W17,2017,Healthcare Services,child
1523,smart-alto,Winter 2017,W17,2017,Real Estate and Construction,top
1523,smart-alto,Winter 2017,W17,2017,Housing and Real Estate,child
1490,snappr,Winter 2017,W17,2017,B2B,top
1513,solugen,Winter 2017,W17,2017,Healthcare,top
1513,solugen,Winter 2017,W17,2017,Industrial Bio,child
1459,soomgo,Winter 2017,W17,2017,Consumer,top
1459,soomgo,Winter 2017,W17,2017,Home and Personal,child
1542,sourcebeacon,Winter 2017,W17,2017,Consumer,top
1542,sourcebeacon,Winter 2017,W17,2017,Home and Personal,child
1443,speak,Winter 2017,W17,2017,Consumer,top
1443,speak,Winter 2017,W17,2017,Social,child
1476,sudden-coffee,Winter 2017,W17,2017,Consumer,top
1476,sudden-coffee,Winter 2017,W17,2017,Food and Beverage,child
1511,supr-daily,Winter 2017,W17,2017,Consumer,top
1511,supr-daily,Winter 2017,W17,2017,Food and Beverage,child
1493,sycamore,Winter 2017,W17,2017,B2B,top
1493,sycamore,Winter 2017,W17,2017,Recruiting and Talent,child
1536,terark,Winter 2017,W17,2017,B2B,top
1536,terark,Winter 2017,W17,2017,Infrastructure,child
1516,tetra,Winter 2017,W17,2017,B2B,top
1516,tetra,Winter 2017,W17,2017,Productivity,child
1552,the-centre-for-effective-altruism,Winter 2017,W17,2017,Unspecified,top
1475,the-essential,Winter 2017,W17,2017,Consumer,top
1442,tizeti,Winter 2017,W17,2017,Consumer,top
1442,tizeti,Winter 2017,W17,2017,Home and Personal,child
1488,token-transit,Winter 2017,W17,2017,Government,top
1502,tolemi,Winter 2017,W17,2017,Real Estate and Construction,top
1502,tolemi,Winter 2017,W17,2017,Housing and Real Estate,child
1439,trade,Winter 2017,W17,2017,Industrials,top
1439,trade,Winter 2017,W17,2017,Agriculture,child
1474,tress,Winter 2017,W17,2017,Consumer,top
1474,tress,Winter 2017,W17,2017,Social,child
1541,upkeep,Winter 2017,W17,2017,B2B,top
1541,upkeep,Winter 2017,W17,2017,Office Management,child
1473,upcall,Winter 2017,W17,2017,B2B,top
1473,upcall,Winter 2017,W17,2017,Sales,child
1477,vango,Winter 2017,W17,2017,Consumer,top
1477,vango,Winter 2017,W17,2017,Home and Personal,child
1498,veryfi-inc,Winter 2017,W17,2017,B2B,top
1438,voiceops,Winter 2017,W17,2017,B2B,top
1438,voiceops,Winter 2017,W17,2017,Sales,child
1457,volansi,Winter 2017,W17,2017,Industrials,top
1457,volansi,Winter 2017,W17,2017,Drones,child
1485,volt-health,Winter 2017,W17,2017,Healthcare,top
1485,volt-health,Winter 2017,W17,2017,Medical Devices,child
1538,voodoo-manufacturing,Winter 2017,W17,2017,Industrials,top
1538,voodoo-manufacturing,Winter 2017,W17,2017,Manufacturing and Robotics,child
1479,wavy,Winter 2017,W17,2017,Consumer,top
1479,wavy,Winter 2017,W17,2017,Virtual and Augmented Reality,child
1514,waystocap,Winter 2017,W17,2017,B2B,top
1514,waystocap,Winter 2017,W17,2017,Office Management,child
1535,wifi-dabba-inc,Winter 2017,W17,2017,Consumer,top
1500,wright-electric,Winter 2017,W17,2017,Industrials,top
1500,wright-electric,Winter 2017,W17,2017,Aviation and Space,child
1471,zinc-platform,Winter 2017,W17,2017,Fintech,top
1471,zinc-platform,Winter 2017,W17,2017,Insurance,child
1529,zipx,Winter 2017,W17,2017,Consumer,top
1529,zipx,Winter 2017,W17,2017,Food and Beverage,child
1440,boxouse,Winter 2017,W17,2017,Real Estate and Construction,top
1440,boxouse,Winter 2017,W17,2017,Housing and Real Estate,child
1452,lvl5,Winter 2017,W17,2017,Industrials,top
1452,lvl5,Winter 2017,W17,2017,Automotive,child
1700,10-by-10,Summer 2017,S17,2017,B2B,top
1700,10-by-10,Summer 2017,S17,2017,Recruiting and Talent,child
1621,advano,Summer 2017,S17,2017,Industrials,top
1621,advano,Summer 2017,S17,2017,Climate,child
1593,x3-builders,Summer 2017,S17,2017,Real Estate and Construction,top
1593,x3-builders,Summer 2017,S17,2017,Construction,child
1651,airthium,Summer 2017,S17,2017,Industrials,top
1651,airthium,Summer 2017,S17,2017,Climate,child
1661,and-comfort,Summer 2017,S17,2017,Consumer,top
1661,and-comfort,Summer 2017,S17,2017,Apparel and Cosmetics,child
1687,assemblyai,Summer 2017,S17,2017,B2B,top
1687,assemblyai,Summer 2017,S17,2017,Infrastructure,child
1591,audm,Summer 2017,S17,2017,Consumer,top
1591,audm,Summer 2017,S17,2017,Content,child
1588,autohub,Summer 2017,S17,2017,B2B,top
1588,autohub,Summer 2017,S17,2017,Retail,child
1109,billiontoone,Summer 2017,S17,2017,Healthcare,top
1109,billiontoone,Summer 2017,S17,2017,Diagnostics,child
1594,bloom-institute-of-technology,Summer 2017,S17,2017,Education,top
1701,bumpline,Summer 2017,S17,2017,Healthcare,top
1701,bumpline,Summer 2017,S17,2017,Healthcare Services,child
1634,caelum-health,Summer 2017,S17,2017,Healthcare,top
1634,caelum-health,Summer 2017,S17,2017,Consumer Health and Wellness,child
1638,cairns-health,Summer 2017,S17,2017,Healthcare,top
1638,cairns-health,Summer 2017,S17,2017,Consumer Health and Wellness,child
1686,cambridge-cancer-genomics,Summer 2017,S17,2017,Healthcare,top
1686,cambridge-cancer-genomics,Summer 2017,S17,2017,Diagnostics,child
1705,candidately,Summer 2017,S17,2017,B2B,top
1705,candidately,Summer 2017,S17,2017,Recruiting and Talent,child
1597,cardash,Summer 2017,S17,2017,Consumer,top
1597,cardash,Summer 2017,S17,2017,Transportation Services,child
1619,carrot-fertility,Summer 2017,S17,2017,Healthcare,top
1619,carrot-fertility,Summer 2017,S17,2017,Healthcare Services,child
1713,cashfree-payments,Summer 2017,S17,2017,Fintech,top
1713,cashfree-payments,Summer 2017,S17,2017,Payments,child
1615,cocusocial,Summer 2017,S17,2017,Consumer,top
1615,cocusocial,Summer 2017,S17,2017,Food and Beverage,child
1683,commissary-club,Summer 2017,S17,2017,Consumer,top
1628,covetly,Summer 2017,S17,2017,Consumer,top
1628,covetly,Summer 2017,S17,2017,Home and Personal,child
1663,d-id,Summer 2017,S17,2017,B2B,top
1663,d-id,Summer 2017,S17,2017,Security,child
1610,darmiyan,Summer 2017,S17,2017,Healthcare,top
1610,darmiyan,Summer 2017,S17,2017,Diagnostics,child
1714,dharma-labs,Summer 2017,S17,2017,Fintech,top
1714,dharma-labs,Summer 2017,S17,2017,Credit and Lending,child
1605,dropleaf,Summer 2017,S17,2017,Consumer,top
1605,dropleaf,Summer 2017,S17,2017,Gaming,child
1674,eduflow,Summer 2017,S17,2017,Education,top
1578,elucd,Summer 2017,S17,2017,Government,top
1643,entocycle,Summer 2017,S17,2017,Industrials,top
1643,entocycle,Summer 2017,S17,2017,Agriculture,child
1620,enzyme,Summer 2017,S17,2017,Healthcare,top
1620,enzyme,Summer 2017,S17,2017,Healthcare IT,child
1626,escher-reality,Summer 2017,S17,2017,Consumer,top
1626,escher-reality,Summer 2017,S17,2017,Virtual and Augmented Reality,child
1580,fazz,Summer 2017,S17,2017,Fintech,top
1599,fam,Summer 2017,S17,2017,Consumer,top
1599,fam,Summer 2017,S17,2017,Social,child
1672,fastpad,Summer 2017,S17,2017,B2B,top
1672,fastpad,Summer 2017,S17,2017,Recruiting and Talent,child
1601,fat-llama,Summer 2017,S17,2017,Consumer,top
1601,fat-llama,Summer 2017,S17,2017,Consumer Electronics,child
1592,feather,Summer 2017,S17,2017,Consumer,top
1592,feather,Summer 2017,S17,2017,Home and Personal,child
1616,flock-safety,Summer 2017,S17,2017,B2B,top
1616,flock-safety,Summer 2017,S17,2017,"Engineering, Product and Design",child
1658,flowspace,Summer 2017,S17,2017,B2B,top
1658,flowspace,Summer 2017,S17,2017,Supply Chain and Logistics,child
1703,followupthen,Summer 2017,S17,2017,B2B,top
1703,followupthen,Summer 2017,S17,2017,Productivity,child
1696,forever-labs,Summer 2017,S17,2017,Healthcare,top
1696,forever-labs,Summer 2017,S17,2017,Therapeutics,child
1606,gameday,Summer 2017,S17,2017,Consumer,top
1606,gameday,Summer 2017,S17,2017,Gaming,child
1681,gamelynx,Summer 2017,S17,2017,Consumer,top
1681,gamelynx,Summer 2017,S17,2017,Gaming,child
1694,gem,Summer 2017,S17,2017,B2B,top
1694,gem,Summer 2017,S17,2017,Recruiting and Talent,child
1690,goodcover,Summer 2017,S17,2017,Fintech,top
1690,goodcover,Summer 2017,S17,2017,Insurance,child
1653,goosebump,Summer 2017,S17,2017,Consumer,top
1653,goosebump,Summer 2017,S17,2017,Social,child
1623,greo,Summer 2017,S17,2017,Consumer,top
1623,greo,Summer 2017,S17,2017,Social,child
1679,guggy,Summer 2017,S17,2017,Consumer,top
1679,guggy,Summer 2017,S17,2017,Social,child
1656,guilded,Summer 2017,S17,2017,Consumer,top
1656,guilded,Summer 2017,S17,2017,Gaming,child
1678,headstart,Summer 2017,S17,2017,B2B,top
1678,headstart,Summer 2017,S17,2017,Recruiting and Talent,child
1600,helium-health,Summer 2017,S17,2017,Healthcare,top
1600,helium-health,Summer 2017,S17,2017,Healthcare IT,child
1642,helpwear,Summer 2017,S17,2017,Healthcare,top
1642,helpwear,Summer 2017,S17,2017,Medical Devices,child
1657,honeydue,Summer 2017,S17,2017,Fintech,top
1657,honeydue,Summer 2017,S17,2017,Consumer Finance,child
1644,indivio,Summer 2017,S17,2017,B2B,top
1644,indivio,Summer 2017,S17,2017,Marketing,child
1576,jerry-inc,Summer 2017,S17,2017,Fintech,top
1576,jerry-inc,Summer 2017,S17,2017,Insurance,child
1693,just-appraised,Summer 2017,S17,2017,Government,top
1595,leon-and-george,Summer 2017,S17,2017,Consumer,top
1584,long-term-stock-exchange,Summer 2017,S17,2017,Fintech,top
1584,long-term-stock-exchange,Summer 2017,S17,2017,Banking and Exchange,child
1670,lotuspay,Summer 2017,S17,2017,Fintech,top
1670,lotuspay,Summer 2017,S17,2017,Payments,child
1689,lyrebird,Summer 2017,S17,2017,B2B,top
1689,lyrebird,Summer 2017,S17,2017,"Engineering, Product and Design",child
1680,may-mobility,Summer 2017,S17,2017,Industrials,top
1680,may-mobility,Summer 2017,S17,2017,Automotive,child
1632,meetingbird,Summer 2017,S17,2017,B2B,top
1632,meetingbird,Summer 2017,S17,2017,Productivity,child
1688,modern-fertility,Summer 2017,S17,2017,Healthcare,top
1688,modern-fertility,Summer 2017,S17,2017,Consumer Health and Wellness,child
1659,modular-science,Summer 2017,S17,2017,Industrials,top
1659,modular-science,Summer 2017,S17,2017,Agriculture,child
1677,muzz,Summer 2017,S17,2017,Consumer,top
1677,muzz,Summer 2017,S17,2017,Social,child
1617,mystery-org,Summer 2017,S17,2017,Education,top
1624,mystro,Summer 2017,S17,2017,Consumer,top
1624,mystro,Summer 2017,S17,2017,Job and Career Services,child
1704,nextdrop,Summer 2017,S17,2017,Industrials,top
1704,nextdrop,Summer 2017,S17,2017,Energy,child
1609,nimble,Summer 2017,S17,2017,Education,top
1586,nobell-foods,Summer 2017,S17,2017,Consumer,top
1586,nobell-foods,Summer 2017,S17,2017,Food and Beverage,child
1682,officely,Summer 2017,S17,2017,B2B,top
1682,officely,Summer 2017,S17,2017,Office Management,child
1665,oncobox,Summer 2017,S17,2017,Healthcare,top
1665,oncobox,Summer 2017,S17,2017,Diagnostics,child
1673,onelocal,Summer 2017,S17,2017,B2B,top
1673,onelocal,Summer 2017,S17,2017,Retail,child
1675,opearlo,Summer 2017,S17,2017,Consumer,top
1675,opearlo,Summer 2017,S17,2017,Content,child
1579,passerine-aircraft,Summer 2017,S17,2017,Industrials,top
1579,passerine-aircraft,Summer 2017,S17,2017,Aviation and Space,child
1604,pathrise,Summer 2017,S17,2017,Education,top
1666,percept-ai,Summer 2017,S17,2017,B2B,top
1666,percept-ai,Summer 2017,S17,2017,Operations,child
1652,piggy,Summer 2017,S17,2017,Fintech,top
1652,piggy,Summer 2017,S17,2017,Asset Management,child
1633,plasticity,Summer 2017,S17,2017,B2B,top
1633,plasticity,Summer 2017,S17,2017,Productivity,child
1685,polly,Summer 2017,S17,2017,Consumer,top
1685,polly,Summer 2017,S17,2017,Social,child
1639,pop-meals,Summer 2017,S17,2017,Consumer,top
1639,pop-meals,Summer 2017,S17,2017,Food and Beverage,child
1655,predxion-bio,Summer 2017,S17,2017,Healthcare,top
1655,predxion-bio,Summer 2017,S17,2017,Diagnostics,child
1629,prelim,Summer 2017,S17,2017,Fintech,top
1589,prism-labs,Summer 2017,S17,2017,Consumer,top
1589,prism-labs,Summer 2017,S17,2017,Job and Career Services,child
1715,pullrequest,Summer 2017,S17,2017,B2B,top
1715,pullrequest,Summer 2017,S17,2017,"Engineering, Product and Design",child
1582,py,Summer 2017,S17,2017,Education,top
1645,pyka,Summer 2017,S17,2017,Industrials,top
1645,pyka,Summer 2017,S17,2017,Aviation and Space,child
1636,rabbet,Summer 2017,S17,2017,Real Estate and Construction,top
1618,relationship-hero,Summer 2017,S17,2017,Consumer,top
1618,relationship-hero,Summer 2017,S17,2017,Social,child
1596,releaf-earth,Summer 2017,S17,2017,Industrials,top
1596,releaf-earth,Summer 2017,S17,2017,Climate,child
1646,rev-genomics,Summer 2017,S17,2017,Healthcare,top
1646,rev-genomics,Summer 2017,S17,2017,Diagnostics,child
1598,ribbon-health,Summer 2017,S17,2017,Healthcare,top
1598,ribbon-health,Summer 2017,S17,2017,Healthcare IT,child
1640,ridealong,Summer 2017,S17,2017,Government,top
1608,roofr,Summer 2017,S17,2017,Consumer,top
1608,roofr,Summer 2017,S17,2017,Home and Personal,child
1692,routable,Summer 2017,S17,2017,B2B,top
1692,routable,Summer 2017,S17,2017,Finance and Accounting,child
1611,safebutler,Summer 2017,S17,2017,Fintech,top
1611,safebutler,Summer 2017,S17,2017,Insurance,child
1627,semantix,Summer 2017,S17,2017,Healthcare,top
1627,semantix,Summer 2017,S17,2017,Healthcare IT,child
1613,sixty,Summer 2017,S17,2017,B2B,top
1613,sixty,Summer 2017,S17,2017,"Engineering, Product and Design",child
1662,skyscrape,Summer 2017,S17,2017,Industrials,top
1662,skyscrape,Summer 2017,S17,2017,Manufacturing and Robotics,child
1583,skyways,Summer 2017,S17,2017,Industrials,top
1583,skyways,Summer 2017,S17,2017,Drones,child
1637,slik,Summer 2017,S17,2017,B2B,top
1637,slik,Summer 2017,S17,2017,Sales,child
1698,social-construct,Summer 2017,S17,2017,Real Estate and Construction,top
1698,social-construct,Summer 2017,S17,2017,Housing and Real Estate,child
1625,solve,Summer 2017,S17,2017,Consumer,top
1625,solve,Summer 2017,S17,2017,"Travel, Leisure and Tourism",child
1671,sourceress,Summer 2017,S17,2017,B2B,top
1671,sourceress,Summer 2017,S17,2017,"Engineering, Product and Design",child
1641,spect,Summer 2017,S17,2017,Healthcare,top
1641,spect,Summer 2017,S17,2017,Consumer Health and Wellness,child
1603,standard-ai,Summer 2017,S17,2017,B2B,top
1603,standard-ai,Summer 2017,S17,2017,Retail,child
1649,storyboard,Summer 2017,S17,2017,Consumer,top
1649,storyboard,Summer 2017,S17,2017,Social,child
1585,sunfolding,Summer 2017,S17,2017,Industrials,top
1585,sunfolding,Summer 2017,S17,2017,Energy,child
1669,sunu,Summer 2017,S17,2017,Consumer,top
1669,sunu,Summer 2017,S17,2017,Virtual and Augmented Reality,child
1648,surematics,Summer 2017,S17,2017,Fintech,top
1648,surematics,Summer 2017,S17,2017,Insurance,child
1691,templarbit,Summer 2017,S17,2017,B2B,top
1691,templarbit,Summer 2017,S17,2017,Security,child
1664,tesseract,Summer 2017,S17,2017,Industrials,top
1664,tesseract,Summer 2017,S17,2017,Aviation and Space,child
1702,thematic,Summer 2017,S17,2017,B2B,top
1702,thematic,Summer 2017,S17,2017,Analytics,child
1614,therecraft,Summer 2017,S17,2017,Industrials,top
1614,therecraft,Summer 2017,S17,2017,Drones,child
1635,truepill,Summer 2017,S17,2017,Healthcare,top
1635,truepill,Summer 2017,S17,2017,Healthcare IT,child
1602,upcodes,Summer 2017,S17,2017,Real Estate and Construction,top
1602,upcodes,Summer 2017,S17,2017,Construction,child
1630,upfort,Summer 2017,S17,2017,B2B,top
1630,upfort,Summer 2017,S17,2017,Security,child
1697,vida-and-co,Summer 2017,S17,2017,Consumer,top
1697,vida-and-co,Summer 2017,S17,2017,Apparel and Cosmetics,child
1622,value-voting,Summer 2017,S17,2017,Government,top
1587,vergesense,Summer 2017,S17,2017,Real Estate and Construction,top
1587,vergesense,Summer 2017,S17,2017,Housing and Real Estate,child
1667,waterfx,Summer 2017,S17,2017,Industrials,top
1667,waterfx,Summer 2017,S17,2017,Climate,child
1712,wheelstreet,Summer 2017,S17,2017,Consumer,top
1712,wheelstreet,Summer 2017,S17,2017,Transportation Services,child
1631,wildfire,Summer 2017,S17,2017,Consumer,top
1631,wildfire,Summer 2017,S17,2017,Social,child
1684,zendar,Summer 2017,S17,2017,Industrials,top
1684,zendar,Summer 2017,S17,2017,Automotive,child
1668,bxblue,Summer 2017,S17,2017,Fintech,top
1668,bxblue,Summer 2017,S17,2017,Credit and Lending,child
1695,disclosures-io,Summer 2017,S17,2017,Real Estate and Construction,top
1695,disclosures-io,Summer 2017,S17,2017,Housing and Real Estate,child
1647,tpaga,Summer 2017,S17,2017,Fintech,top
1647,tpaga,Summer 2017,S17,2017,Payments,child
1796,aalo,Winter 2018,W18,2018,Consumer,top
1796,aalo,Winter 2018,W18,2018,Home and Personal,child
1809,acely,Winter 2018,W18,2018,Education,top
1875,aerones,Winter 2018,W18,2018,Industrials,top
1875,aerones,Winter 2018,W18,2018,Climate,child
1777,aesculatech,Winter 2018,W18,2018,Healthcare,top
1777,aesculatech,Winter 2018,W18,2018,Medical Devices,child
1842,algosurg-inc,Winter 2018,W18,2018,Healthcare,top
1842,algosurg-inc,Winter 2018,W18,2018,Healthcare Services,child
1863,anjuna,Winter 2018,W18,2018,B2B,top
1863,anjuna,Winter 2018,W18,2018,Security,child
1847,archform,Winter 2018,W18,2018,Healthcare,top
1847,archform,Winter 2018,W18,2018,Medical Devices,child
1834,aspire,Winter 2018,W18,2018,Fintech,top
1834,aspire,Winter 2018,W18,2018,Payments,child
1736,assembly-com,Winter 2018,W18,2018,B2B,top
1736,assembly-com,Winter 2018,W18,2018,Productivity,child
1845,atrium,Winter 2018,W18,2018,B2B,top
1845,atrium,Winter 2018,W18,2018,Legal,child
1757,avro-life-science,Winter 2018,W18,2018,Healthcare,top
1757,avro-life-science,Winter 2018,W18,2018,Drug Discovery and Delivery,child
1730,beanstalk,Winter 2018,W18,2018,Industrials,top
1730,beanstalk,Winter 2018,W18,2018,Agriculture,child
1743,bear-flag-robotics,Winter 2018,W18,2018,Industrials,top
1743,bear-flag-robotics,Winter 2018,W18,2018,Agriculture,child
1855,ben,Winter 2018,W18,2018,Fintech,top
1855,ben,Winter 2018,W18,2018,Banking and Exchange,child
1790,biorender,Winter 2018,W18,2018,B2B,top
1763,biobot-analytics,Winter 2018,W18,2018,Government,top
1731,blueberry-pediatrics,Winter 2018,W18,2018,Healthcare,top
1731,blueberry-pediatrics,Winter 2018,W18,2018,Healthcare IT,child
1733,california-dreamin,Winter 2018,W18,2018,Consumer,top
1733,california-dreamin,Winter 2018,W18,2018,Food and Beverage,child
1867,captivateiq,Winter 2018,W18,2018,B2B,top
1867,captivateiq,Winter 2018,W18,2018,Finance and Accounting,child
1751,clearbrain,Winter 2018,W18,2018,B2B,top
1751,clearbrain,Winter 2018,W18,2018,Marketing,child
1758,closer-sports,Winter 2018,W18,2018,Healthcare,top
1758,closer-sports,Winter 2018,W18,2018,Healthcare IT,child
1766,codestream,Winter 2018,W18,2018,B2B,top
1766,codestream,Winter 2018,W18,2018,"Engineering, Product and Design",child
1818,cognition-ip,Winter 2018,W18,2018,B2B,top
1818,cognition-ip,Winter 2018,W18,2018,Legal,child
1749,cointracker,Winter 2018,W18,2018,Fintech,top
1791,correlia-biosystems,Winter 2018,W18,2018,Healthcare,top
1791,correlia-biosystems,Winter 2018,W18,2018,Diagnostics,child
1856,culture-biosciences,Winter 2018,W18,2018,Healthcare,top
1856,culture-biosciences,Winter 2018,W18,2018,Industrial Bio,child
1776,curious-fictions,Winter 2018,W18,2018,Consumer,top
1776,curious-fictions,Winter 2018,W18,2018,Content,child
1830,dataform,Winter 2018,W18,2018,B2B,top
1830,dataform,Winter 2018,W18,2018,Analytics,child
1779,dear-brightly,Winter 2018,W18,2018,Healthcare,top
1779,dear-brightly,Winter 2018,W18,2018,Consumer Health and Wellness,child
1784,draftbit,Winter 2018,W18,2018,B2B,top
1784,draftbit,Winter 2018,W18,2018,"Engineering, Product and Design",child
1807,edwin,Winter 2018,W18,2018,Education,top
1786,envkey,Winter 2018,W18,2018,B2B,top
1786,envkey,Winter 2018,W18,2018,"Engineering, Product and Design",child
1868,erudifi,Winter 2018,W18,2018,Fintech,top
1868,erudifi,Winter 2018,W18,2018,Credit and Lending,child
1802,evolve-makers-of-podcast-app-and-rest,Winter 2018,W18,2018,Consumer,top
1802,evolve-makers-of-podcast-app-and-rest,Winter 2018,W18,2018,Content,child
1789,evry-health,Winter 2018,W18,2018,Healthcare,top
1789,evry-health,Winter 2018,W18,2018,Healthcare Services,child
1877,fidocure,Winter 2018,W18,2018,Healthcare,top
1877,fidocure,Winter 2018,W18,2018,Healthcare Services,child
1806,flinto,Winter 2018,W18,2018,Fintech,top
1806,flinto,Winter 2018,W18,2018,Payments,child
1744,fondo,Winter 2018,W18,2018,B2B,top
1744,fondo,Winter 2018,W18,2018,Finance and Accounting,child
1819,gainful,Winter 2018,W18,2018,Consumer,top
1819,gainful,Winter 2018,W18,2018,Food and Beverage,child
1774,glimpse-k12,Winter 2018,W18,2018,Education,top
1747,glowing-io,Winter 2018,W18,2018,B2B,top
1839,groww,Winter 2018,W18,2018,Fintech,top
1839,groww,Winter 2018,W18,2018,Asset Management,child
1801,haiku,Winter 2018,W18,2018,B2B,top
1801,haiku,Winter 2018,W18,2018,"Engineering, Product and Design",child
1871,helloverify,Winter 2018,W18,2018,B2B,top
1871,helloverify,Winter 2018,W18,2018,Human Resources,child
1864,hexel,Winter 2018,W18,2018,Consumer,top
1864,hexel,Winter 2018,W18,2018,"Travel, Leisure and Tourism",child
1821,hunter2,Winter 2018,W18,2018,B2B,top
1821,hunter2,Winter 2018,W18,2018,Security,child
1853,iambiq-technologies,Winter 2018,W18,2018,B2B,top
1853,iambiq-technologies,Winter 2018,W18,2018,"Engineering, Product and Design",child
1734,jasper-ai,Winter 2018,W18,2018,B2B,top
1858,jido-maps,Winter 2018,W18,2018,B2B,top
1858,jido-maps,Winter 2018,W18,2018,Infrastructure,child
1750,key-values,Winter 2018,W18,2018,B2B,top
1750,key-values,Winter 2018,W18,2018,Recruiting and Talent,child
1783,lus-brands,Winter 2018,W18,2018,Consumer,top
1783,lus-brands,Winter 2018,W18,2018,Apparel and Cosmetics,child
1881,lambda-tea,Winter 2018,W18,2018,Consumer,top
1881,lambda-tea,Winter 2018,W18,2018,Food and Beverage,child
1816,lawyaw,Winter 2018,W18,2018,B2B,top
1816,lawyaw,Winter 2018,W18,2018,Legal,child
1805,let-s-do-this,Winter 2018,W18,2018,Consumer,top
1805,let-s-do-this,Winter 2018,W18,2018,"Travel, Leisure and Tourism",child
1874,look-after-my-bills,Winter 2018,W18,2018,Fintech,top
1874,look-after-my-bills,Winter 2018,W18,2018,Consumer Finance,child
1721,lucy-goods-inc,Winter 2018,W18,2018,Consumer,top
1721,lucy-goods-inc,Winter 2018,W18,2018,Food and Beverage,child
1760,macromoltek,Winter 2018,W18,2018,Healthcare,top
1760,macromoltek,Winter 2018,W18,2018,Drug Discovery and Delivery,child
1726,mayhem,Winter 2018,W18,2018,Consumer,top
1726,mayhem,Winter 2018,W18,2018,Gaming,child
1843,medumo,Winter 2018,W18,2018,Healthcare,top
1843,medumo,Winter 2018,W18,2018,Healthcare IT,child
1785,meitre,Winter 2018,W18,2018,B2B,top
1785,meitre,Winter 2018,W18,2018,Retail,child
1840,memora-health,Winter 2018,W18,2018,Healthcare,top
1840,memora-health,Winter 2018,W18,2018,Healthcare IT,child
1799,meson,Winter 2018,W18,2018,Consumer,top
1754,mighty-buildings,Winter 2018,W18,2018,Real Estate and Construction,top
1754,mighty-buildings,Winter 2018,W18,2018,Housing and Real Estate,child
1865,mind-emulation-foundation,Winter 2018,W18,2018,Healthcare,top
1865,mind-emulation-foundation,Winter 2018,W18,2018,Therapeutics,child
1771,modern-health,Winter 2018,W18,2018,Healthcare,top
1771,modern-health,Winter 2018,W18,2018,Healthcare Services,child
1835,mojo,Winter 2018,W18,2018,Consumer,top
1835,mojo,Winter 2018,W18,2018,Content,child
1761,nexgent,Winter 2018,W18,2018,Education,top
1824,naborly,Winter 2018,W18,2018,Real Estate and Construction,top
1824,naborly,Winter 2018,W18,2018,Housing and Real Estate,child
1738,necto,Winter 2018,W18,2018,Consumer,top
1738,necto,Winter 2018,W18,2018,Home and Personal,child
1767,nectome,Winter 2018,W18,2018,Healthcare,top
1767,nectome,Winter 2018,W18,2018,Therapeutics,child
1782,newcraft,Winter 2018,W18,2018,B2B,top
1782,newcraft,Winter 2018,W18,2018,"Engineering, Product and Design",child
1654,newfront-insurance,Winter 2018,W18,2018,Fintech,top
1654,newfront-insurance,Winter 2018,W18,2018,Insurance,child
1820,nutrigene,Winter 2018,W18,2018,Consumer,top
1820,nutrigene,Winter 2018,W18,2018,Food and Beverage,child
1778,nuvocargo,Winter 2018,W18,2018,B2B,top
1778,nuvocargo,Winter 2018,W18,2018,Supply Chain and Logistics,child
1838,osimple,Winter 2018,W18,2018,Real Estate and Construction,top
1838,osimple,Winter 2018,W18,2018,Construction,child
1739,observant-ai,Winter 2018,W18,2018,B2B,top
1739,observant-ai,Winter 2018,W18,2018,Operations,child
1859,observe-ai,Winter 2018,W18,2018,B2B,top
1859,observe-ai,Winter 2018,W18,2018,Sales,child
1844,opensea,Winter 2018,W18,2018,Consumer,top
1844,opensea,Winter 2018,W18,2018,Content,child
1792,openland,Winter 2018,W18,2018,Consumer,top
1792,openland,Winter 2018,W18,2018,Social,child
1836,orangewood-labs,Winter 2018,W18,2018,Industrials,top
1836,orangewood-labs,Winter 2018,W18,2018,Manufacturing and Robotics,child
1770,ourmenu,Winter 2018,W18,2018,B2B,top
1770,ourmenu,Winter 2018,W18,2018,Retail,child
1735,ovipost,Winter 2018,W18,2018,Industrials,top
1735,ovipost,Winter 2018,W18,2018,Agriculture,child
1831,pagedraw,Winter 2018,W18,2018,B2B,top
1831,pagedraw,Winter 2018,W18,2018,"Engineering, Product and Design",child
1829,pelago,Winter 2018,W18,2018,Healthcare,top
1829,pelago,Winter 2018,W18,2018,Healthcare Services,child
1773,persephone-biosciences,Winter 2018,W18,2018,Healthcare,top
1773,persephone-biosciences,Winter 2018,W18,2018,Therapeutics,child
1815,players-lounge,Winter 2018,W18,2018,Consumer,top
1815,players-lounge,Winter 2018,W18,2018,Gaming,child
1794,plexus,Winter 2018,W18,2018,Consumer,top
1794,plexus,Winter 2018,W18,2018,Virtual and Augmented Reality,child
1857,point-api,Winter 2018,W18,2018,B2B,top
1857,point-api,Winter 2018,W18,2018,Productivity,child
1725,precious,Winter 2018,W18,2018,Consumer,top
1725,precious,Winter 2018,W18,2018,Social,child
1769,promise,Winter 2018,W18,2018,Government,top
1723,proven-group,Winter 2018,W18,2018,Consumer,top
1814,psylaris,Winter 2018,W18,2018,Healthcare,top
1814,psylaris,Winter 2018,W18,2018,Healthcare Services,child
1741,pulse-2,Winter 2018,W18,2018,B2B,top
1741,pulse-2,Winter 2018,W18,2018,Productivity,child
1727,quantstamp,Winter 2018,W18,2018,B2B,top
1727,quantstamp,Winter 2018,W18,2018,Security,child
1870,qulture-rocks,Winter 2018,W18,2018,B2B,top
1870,qulture-rocks,Winter 2018,W18,2018,Human Resources,child
1879,replit,Winter 2018,W18,2018,B2B,top
1879,replit,Winter 2018,W18,2018,"Engineering, Product and Design",child
1775,reverie-labs,Winter 2018,W18,2018,Healthcare,top
1775,reverie-labs,Winter 2018,W18,2018,Therapeutics,child
1737,rhythmm,Winter 2018,W18,2018,Consumer,top
1737,rhythmm,Winter 2018,W18,2018,Social,child
1869,runa,Winter 2018,W18,2018,B2B,top
1869,runa,Winter 2018,W18,2018,Human Resources,child
1753,srtx,Winter 2018,W18,2018,Industrials,top
1753,srtx,Winter 2018,W18,2018,Manufacturing and Robotics,child
1833,safetywing,Winter 2018,W18,2018,Fintech,top
1833,safetywing,Winter 2018,W18,2018,Insurance,child
1854,bump-2,Winter 2018,W18,2018,Consumer,top
1854,bump-2,Winter 2018,W18,2018,Apparel and Cosmetics,child
1759,sepsis-scout,Winter 2018,W18,2018,Healthcare,top
1759,sepsis-scout,Winter 2018,W18,2018,Healthcare IT,child
1827,sharpestminds,Winter 2018,W18,2018,B2B,top
1827,sharpestminds,Winter 2018,W18,2018,Recruiting and Talent,child
1732,shogun,Winter 2018,W18,2018,B2B,top
1732,shogun,Winter 2018,W18,2018,"Engineering, Product and Design",child
1825,shone,Winter 2018,W18,2018,Industrials,top
1825,shone,Winter 2018,W18,2018,Manufacturing and Robotics,child
1752,simetrik,Winter 2018,W18,2018,B2B,top
1752,simetrik,Winter 2018,W18,2018,Finance and Accounting,child
1746,sixfold-bioscience,Winter 2018,W18,2018,Healthcare,top
1746,sixfold-bioscience,Winter 2018,W18,2018,Drug Discovery and Delivery,child
1724,sketchbox,Winter 2018,W18,2018,Consumer,top
1724,sketchbox,Winter 2018,W18,2018,Virtual and Augmented Reality,child
1764,skip,Winter 2018,W18,2018,Consumer,top
1764,skip,Winter 2018,W18,2018,Transportation Services,child
1748,slite,Winter 2018,W18,2018,B2B,top
1748,slite,Winter 2018,W18,2018,Productivity,child
1882,snackpass,Winter 2018,W18,2018,Consumer,top
1882,snackpass,Winter 2018,W18,2018,Food and Beverage,child
1795,sourcify,Winter 2018,W18,2018,B2B,top
1795,sourcify,Winter 2018,W18,2018,Retail,child
1729,spellbrush,Winter 2018,W18,2018,Consumer,top
1729,spellbrush,Winter 2018,W18,2018,Gaming,child
1793,sqreen,Winter 2018,W18,2018,B2B,top
1793,sqreen,Winter 2018,W18,2018,Security,child
1780,squad,Winter 2018,W18,2018,Consumer,top
1780,squad,Winter 2018,W18,2018,Social,child
1822,station,Winter 2018,W18,2018,B2B,top
1822,station,Winter 2018,W18,2018,Productivity,child
1813,storyline,Winter 2018,W18,2018,B2B,top
1813,storyline,Winter 2018,W18,2018,"Engineering, Product and Design",child
1828,substack,Winter 2018,W18,2018,B2B,top
1828,substack,Winter 2018,W18,2018,Marketing,child
1872,super,Winter 2018,W18,2018,Consumer,top
1800,supermedium,Winter 2018,W18,2018,Consumer,top
1800,supermedium,Winter 2018,W18,2018,Virtual and Augmented Reality,child
1878,swayable,Winter 2018,W18,2018,B2B,top
1878,swayable,Winter 2018,W18,2018,Marketing,child
1852,swipehouse,Winter 2018,W18,2018,Consumer,top
1852,swipehouse,Winter 2018,W18,2018,Social,child
1861,tarjimly-acquired,Winter 2018,W18,2018,Healthcare,top
1832,tilt-fka-delphia,Winter 2018,W18,2018,Fintech,top
1832,tilt-fka-delphia,Winter 2018,W18,2018,Consumer Finance,child
1772,tingles,Winter 2018,W18,2018,Consumer,top
1772,tingles,Winter 2018,W18,2018,Content,child
1756,tipe,Winter 2018,W18,2018,B2B,top
1756,tipe,Winter 2018,W18,2018,Infrastructure,child
1728,torch,Winter 2018,W18,2018,B2B,top
1728,torch,Winter 2018,W18,2018,Recruiting and Talent,child
1768,tradewind-bioscience,Winter 2018,W18,2018,Healthcare,top
1768,tradewind-bioscience,Winter 2018,W18,2018,Therapeutics,child
1810,treasury-prime,Winter 2018,W18,2018,Fintech,top
1810,treasury-prime,Winter 2018,W18,2018,Banking and Exchange,child
1798,tributi,Winter 2018,W18,2018,Consumer,top
1798,tributi,Winter 2018,W18,2018,Home and Personal,child
1808,universe,Winter 2018,W18,2018,Consumer,top
1808,universe,Winter 2018,W18,2018,Content,child
1781,vanta,Winter 2018,W18,2018,B2B,top
1781,vanta,Winter 2018,W18,2018,Security,child
1823,vathys,Winter 2018,W18,2018,Industrials,top
1823,vathys,Winter 2018,W18,2018,Manufacturing and Robotics,child
1866,vena-medical,Winter 2018,W18,2018,Healthcare,top
1866,vena-medical,Winter 2018,W18,2018,Medical Devices,child
1876,veriff,Winter 2018,W18,2018,B2B,top
1876,veriff,Winter 2018,W18,2018,"Engineering, Product and Design",child
1797,viaopt,Winter 2018,W18,2018,B2B,top
1797,viaopt,Winter 2018,W18,2018,Supply Chain and Logistics,child
1851,voicery,Winter 2018,W18,2018,B2B,top
1851,voicery,Winter 2018,W18,2018,"Engineering, Product and Design",child
1826,weekend-fmr-volley,Winter 2018,W18,2018,Consumer,top
1826,weekend-fmr-volley,Winter 2018,W18,2018,Gaming,child
1745,worklytics,Winter 2018,W18,2018,B2B,top
1745,worklytics,Winter 2018,W18,2018,Analytics,child
1837,youteam,Winter 2018,W18,2018,B2B,top
1837,youteam,Winter 2018,W18,2018,Recruiting and Talent,child
1849,zbiotics,Winter 2018,W18,2018,Healthcare,top
1849,zbiotics,Winter 2018,W18,2018,Consumer Health and Wellness,child
1841,zyper,Winter 2018,W18,2018,B2B,top
1841,zyper,Winter 2018,W18,2018,Marketing,child
1804,miru,Winter 2018,W18,2018,B2B,top
1804,miru,Winter 2018,W18,2018,"Engineering, Product and Design",child
1762,onederful,Winter 2018,W18,2018,Healthcare,top
1762,onederful,Winter 2018,W18,2018,Healthcare IT,child
1787,tequitable,Winter 2018,W18,2018,B2B,top
1787,tequitable,Winter 2018,W18,2018,Human Resources,child
1939,64x-bio,Summer 2018,S18,2018,Healthcare,top
1939,64x-bio,Summer 2018,S18,2018,Industrial Bio,child
1910,activeloop,Summer 2018,S18,2018,B2B,top
1910,activeloop,Summer 2018,S18,2018,Infrastructure,child
2034,aesthetic,Summer 2018,S18,2018,B2B,top
2034,aesthetic,Summer 2018,S18,2018,"Engineering, Product and Design",child
1960,ajaib,Summer 2018,S18,2018,Fintech,top
1960,ajaib,Summer 2018,S18,2018,Banking and Exchange,child
1883,allotrope-medical,Summer 2018,S18,2018,Healthcare,top
1883,allotrope-medical,Summer 2018,S18,2018,Medical Devices,child
1970,alpha-vantage,Summer 2018,S18,2018,Fintech,top
1970,alpha-vantage,Summer 2018,S18,2018,Banking and Exchange,child
1940,anima-app,Summer 2018,S18,2018,B2B,top
1940,anima-app,Summer 2018,S18,2018,"Engineering, Product and Design",child
2018,anniecannons,Summer 2018,S18,2018,Education,top
1922,apprentice-health,Summer 2018,S18,2018,Healthcare,top
1922,apprentice-health,Summer 2018,S18,2018,Healthcare IT,child
1927,askmyclass-now-soundkins,Summer 2018,S18,2018,Education,top
1948,avo-2,Summer 2018,S18,2018,Consumer,top
1948,avo-2,Summer 2018,S18,2018,Home and Personal,child
1972,bhrd,Summer 2018,S18,2018,B2B,top
1972,bhrd,Summer 2018,S18,2018,Finance and Accounting,child
1951,berbix,Summer 2018,S18,2018,B2B,top
1951,berbix,Summer 2018,S18,2018,"Engineering, Product and Design",child
1969,bluecargo,Summer 2018,S18,2018,B2B,top
1969,bluecargo,Summer 2018,S18,2018,Supply Chain and Logistics,child
1994,bot-md,Summer 2018,S18,2018,Healthcare,top
1994,bot-md,Summer 2018,S18,2018,Healthcare Services,child
2006,brainhi,Summer 2018,S18,2018,Healthcare,top
2006,brainhi,Summer 2018,S18,2018,Healthcare IT,child
1892,c16-biosciences,Summer 2018,S18,2018,Healthcare,top
1892,c16-biosciences,Summer 2018,S18,2018,Industrial Bio,child
1964,cb-therapeutics,Summer 2018,S18,2018,Healthcare,top
1964,cb-therapeutics,Summer 2018,S18,2018,Industrial Bio,child
1955,cspa,Summer 2018,S18,2018,B2B,top
1955,cspa,Summer 2018,S18,2018,Recruiting and Talent,child
1989,calii,Summer 2018,S18,2018,Consumer,top
1989,calii,Summer 2018,S18,2018,Food and Beverage,child
1979,canary-technologies,Summer 2018,S18,2018,B2B,top
1979,canary-technologies,Summer 2018,S18,2018,Operations,child
2029,circumvent,Summer 2018,S18,2018,Healthcare,top
2029,circumvent,Summer 2018,S18,2018,Therapeutics,child
1933,clear-gene,Summer 2018,S18,2018,Healthcare,top
1933,clear-gene,Summer 2018,S18,2018,Diagnostics,child
1923,college-pulse,Summer 2018,S18,2018,B2B,top
1923,college-pulse,Summer 2018,S18,2018,Analytics,child
1911,contrast,Summer 2018,S18,2018,B2B,top
1911,contrast,Summer 2018,S18,2018,"Engineering, Product and Design",child
1981,coral-genomics,Summer 2018,S18,2018,Healthcare,top
1981,coral-genomics,Summer 2018,S18,2018,Drug Discovery and Delivery,child
1950,corvus-robotics,Summer 2018,S18,2018,Industrials,top
1950,corvus-robotics,Summer 2018,S18,2018,Drones,child
2012,cowrywise,Summer 2018,S18,2018,Fintech,top
2012,cowrywise,Summer 2018,S18,2018,Asset Management,child
2030,culdesac,Summer 2018,S18,2018,Real Estate and Construction,top
2030,culdesac,Summer 2018,S18,2018,Housing and Real Estate,child
1884,curebase,Summer 2018,S18,2018,Healthcare,top
1884,curebase,Summer 2018,S18,2018,Healthcare Services,child
1916,data-driven-bioscience,Summer 2018,S18,2018,Healthcare,top
1916,data-driven-bioscience,Summer 2018,S18,2018,Diagnostics,child
1909,demeanor-co,Summer 2018,S18,2018,Consumer,top
1909,demeanor-co,Summer 2018,S18,2018,Social,child
1899,dinesafe,Summer 2018,S18,2018,Healthcare,top
1899,dinesafe,Summer 2018,S18,2018,Consumer Health and Wellness,child
2027,dorian-therapeutics,Summer 2018,S18,2018,Healthcare,top
2027,dorian-therapeutics,Summer 2018,S18,2018,Therapeutics,child
1961,dreamcraft-entertainment-inc,Summer 2018,S18,2018,Consumer,top
1961,dreamcraft-entertainment-inc,Summer 2018,S18,2018,Gaming,child
1953,duffel,Summer 2018,S18,2018,Consumer,top
1953,duffel,Summer 2018,S18,2018,"Travel, Leisure and Tourism",child
1946,easol,Summer 2018,S18,2018,B2B,top
2003,eden-2,Summer 2018,S18,2018,Healthcare,top
2003,eden-2,Summer 2018,S18,2018,Healthcare IT,child
1938,embeddables,Summer 2018,S18,2018,B2B,top
1938,embeddables,Summer 2018,S18,2018,Productivity,child
2024,enveritas,Summer 2018,S18,2018,Industrials,top
2024,enveritas,Summer 2018,S18,2018,Agriculture,child
1894,exceptionally,Summer 2018,S18,2018,Education,top
1904,frey,Summer 2018,S18,2018,Consumer,top
1904,frey,Summer 2018,S18,2018,Apparel and Cosmetics,child
1973,famegame,Summer 2018,S18,2018,Consumer,top
1973,famegame,Summer 2018,S18,2018,Social,child
1903,federacy,Summer 2018,S18,2018,B2B,top
1903,federacy,Summer 2018,S18,2018,"Engineering, Product and Design",child
1992,fintual,Summer 2018,S18,2018,Fintech,top
1992,fintual,Summer 2018,S18,2018,Consumer Finance,child
2005,four-growers,Summer 2018,S18,2018,Industrials,top
2005,four-growers,Summer 2018,S18,2018,Agriculture,child
2031,gerostate-alpha,Summer 2018,S18,2018,Healthcare,top
2031,gerostate-alpha,Summer 2018,S18,2018,Therapeutics,child
2008,goodly,Summer 2018,S18,2018,B2B,top
2008,goodly,Summer 2018,S18,2018,Human Resources,child
1937,grabb-it,Summer 2018,S18,2018,B2B,top
1937,grabb-it,Summer 2018,S18,2018,Marketing,child
2013,grin,Summer 2018,S18,2018,Consumer,top
2013,grin,Summer 2018,S18,2018,Transportation Services,child
1966,happilabs,Summer 2018,S18,2018,Healthcare,top
1966,happilabs,Summer 2018,S18,2018,Healthcare Services,child
2011,helicarrier-prev-buycoins,Summer 2018,S18,2018,Fintech,top
2011,helicarrier-prev-buycoins,Summer 2018,S18,2018,Banking and Exchange,child
1931,hepatx,Summer 2018,S18,2018,Healthcare,top
1931,hepatx,Summer 2018,S18,2018,Therapeutics,child
1976,heydoctor,Summer 2018,S18,2018,Healthcare,top
1976,heydoctor,Summer 2018,S18,2018,Healthcare IT,child
1886,honeylove,Summer 2018,S18,2018,Consumer,top
1886,honeylove,Summer 2018,S18,2018,Apparel and Cosmetics,child
1921,inkhunter,Summer 2018,S18,2018,Consumer,top
1921,inkhunter,Summer 2018,S18,2018,Virtual and Augmented Reality,child
1954,impactive,Summer 2018,S18,2018,Government,top
1912,inokyo,Summer 2018,S18,2018,B2B,top
1912,inokyo,Summer 2018,S18,2018,Retail,child
1917,inscribe,Summer 2018,S18,2018,B2B,top
1917,inscribe,Summer 2018,S18,2018,Infrastructure,child
1943,ixora,Summer 2018,S18,2018,Consumer,top
1943,ixora,Summer 2018,S18,2018,Virtual and Augmented Reality,child
1918,jitx,Summer 2018,S18,2018,Industrials,top
1918,jitx,Summer 2018,S18,2018,Manufacturing and Robotics,child
2007,khatabook,Summer 2018,S18,2018,Fintech,top
2007,khatabook,Summer 2018,S18,2018,Payments,child
2033,kinside,Summer 2018,S18,2018,Fintech,top
2033,kinside,Summer 2018,S18,2018,Payments,child
2009,kobo360,Summer 2018,S18,2018,B2B,top
2009,kobo360,Summer 2018,S18,2018,Supply Chain and Logistics,child
2037,kunduz,Summer 2018,S18,2018,Education,top
1945,labelflow,Summer 2018,S18,2018,B2B,top
1945,labelflow,Summer 2018,S18,2018,"Engineering, Product and Design",child
2017,leena-ai,Summer 2018,S18,2018,B2B,top
2025,lemonbox,Summer 2018,S18,2018,Healthcare,top
2025,lemonbox,Summer 2018,S18,2018,Consumer Health and Wellness,child
1902,lowkey,Summer 2018,S18,2018,Consumer,top
1902,lowkey,Summer 2018,S18,2018,Gaming,child
2020,mark-cuban-cost-plus-drug-company-pbc,Summer 2018,S18,2018,Healthcare,top
2020,mark-cuban-cost-plus-drug-company-pbc,Summer 2018,S18,2018,Consumer Health and Wellness,child
1926,medinas-health,Summer 2018,S18,2018,Healthcare,top
1926,medinas-health,Summer 2018,S18,2018,Healthcare Services,child
1977,mentalhappy,Summer 2018,S18,2018,Healthcare,top
1977,mentalhappy,Summer 2018,S18,2018,Healthcare IT,child
1935,meru-health,Summer 2018,S18,2018,Healthcare,top
1935,meru-health,Summer 2018,S18,2018,Consumer Health and Wellness,child
1893,modern-treasury,Summer 2018,S18,2018,B2B,top
1893,modern-treasury,Summer 2018,S18,2018,Finance and Accounting,child
1993,momentus,Summer 2018,S18,2018,Industrials,top
1993,momentus,Summer 2018,S18,2018,Aviation and Space,child
2014,mutiny,Summer 2018,S18,2018,B2B,top
2014,mutiny,Summer 2018,S18,2018,Sales,child
1920,mylk-guys,Summer 2018,S18,2018,Consumer,top
1920,mylk-guys,Summer 2018,S18,2018,Food and Beverage,child
1967,cytera-cellworks,Summer 2018,S18,2018,Healthcare,top
1967,cytera-cellworks,Summer 2018,S18,2018,Industrial Bio,child
1991,names-and-faces,Summer 2018,S18,2018,B2B,top
1991,names-and-faces,Summer 2018,S18,2018,Human Resources,child
1998,nestor,Summer 2018,S18,2018,B2B,top
1998,nestor,Summer 2018,S18,2018,Human Resources,child
2002,nova-2,Summer 2018,S18,2018,Fintech,top
1889,owny,Summer 2018,S18,2018,Fintech,top
2032,okcredit,Summer 2018,S18,2018,Fintech,top
2032,okcredit,Summer 2018,S18,2018,Payments,child
1947,onegraph,Summer 2018,S18,2018,B2B,top
1947,onegraph,Summer 2018,S18,2018,"Engineering, Product and Design",child
1908,openwrench,Summer 2018,S18,2018,B2B,top
1908,openwrench,Summer 2018,S18,2018,Operations,child
1925,optic,Summer 2018,S18,2018,B2B,top
1925,optic,Summer 2018,S18,2018,"Engineering, Product and Design",child
2022,oxygen,Summer 2018,S18,2018,Fintech,top
2022,oxygen,Summer 2018,S18,2018,Consumer Finance,child
1934,paladin,Summer 2018,S18,2018,Industrials,top
1934,paladin,Summer 2018,S18,2018,Drones,child
1978,papa,Summer 2018,S18,2018,Healthcare,top
1978,papa,Summer 2018,S18,2018,Healthcare IT,child
1896,passenger-ai,Summer 2018,S18,2018,Industrials,top
1896,passenger-ai,Summer 2018,S18,2018,Automotive,child
1885,penta-medical,Summer 2018,S18,2018,Healthcare,top
1885,penta-medical,Summer 2018,S18,2018,Consumer Health and Wellness,child
2021,perception-biosystems,Summer 2018,S18,2018,Healthcare,top
2021,perception-biosystems,Summer 2018,S18,2018,Therapeutics,child
1888,phiar,Summer 2018,S18,2018,Industrials,top
1888,phiar,Summer 2018,S18,2018,Automotive,child
1965,pine-park-health,Summer 2018,S18,2018,Healthcare,top
1965,pine-park-health,Summer 2018,S18,2018,Healthcare Services,child
1941,pocket-worlds,Summer 2018,S18,2018,Consumer,top
1941,pocket-worlds,Summer 2018,S18,2018,Social,child
1988,prodigal,Summer 2018,S18,2018,Fintech,top
1988,prodigal,Summer 2018,S18,2018,Credit and Lending,child
1958,purple-plate,Summer 2018,S18,2018,Consumer,top
1958,purple-plate,Summer 2018,S18,2018,Food and Beverage,child
1957,quickchat-ai,Summer 2018,S18,2018,B2B,top
1957,quickchat-ai,Summer 2018,S18,2018,Productivity,child
1924,openphone,Summer 2018,S18,2018,B2B,top
1924,openphone,Summer 2018,S18,2018,Operations,child
1932,radix-labs,Summer 2018,S18,2018,Healthcare,top
1932,radix-labs,Summer 2018,S18,2018,Diagnostics,child
1963,rain-neuromorphics,Summer 2018,S18,2018,Industrials,top
1963,rain-neuromorphics,Summer 2018,S18,2018,Manufacturing and Robotics,child
1929,rebellyous-foods,Summer 2018,S18,2018,Healthcare,top
1929,rebellyous-foods,Summer 2018,S18,2018,Industrial Bio,child
1956,regology,Summer 2018,S18,2018,B2B,top
1956,regology,Summer 2018,S18,2018,Legal,child
2028,rejuvenation-technologies-inc,Summer 2018,S18,2018,Healthcare,top
2028,rejuvenation-technologies-inc,Summer 2018,S18,2018,Therapeutics,child
1907,revenuecat,Summer 2018,S18,2018,B2B,top
1907,revenuecat,Summer 2018,S18,2018,"Engineering, Product and Design",child
2023,spate,Summer 2018,S18,2018,B2B,top
2023,spate,Summer 2018,S18,2018,Retail,child
1900,satchel,Summer 2018,S18,2018,Fintech,top
1900,satchel,Summer 2018,S18,2018,Payments,child
1949,scanwell-health,Summer 2018,S18,2018,Healthcare,top
1949,scanwell-health,Summer 2018,S18,2018,Diagnostics,child
2001,shelf-engine,Summer 2018,S18,2018,B2B,top
2001,shelf-engine,Summer 2018,S18,2018,Retail,child
1915,shopwith,Summer 2018,S18,2018,B2B,top
1915,shopwith,Summer 2018,S18,2018,Marketing,child
2004,skydropx,Summer 2018,S18,2018,B2B,top
2004,skydropx,Summer 2018,S18,2018,Supply Chain and Logistics,child
1928,spero-foods,Summer 2018,S18,2018,Healthcare,top
1928,spero-foods,Summer 2018,S18,2018,Industrial Bio,child
2015,synkrino-biotherapeutics,Summer 2018,S18,2018,Healthcare,top
2015,synkrino-biotherapeutics,Summer 2018,S18,2018,Drug Discovery and Delivery,child
1990,tenderd,Summer 2018,S18,2018,B2B,top
1942,tall-poppy,Summer 2018,S18,2018,B2B,top
1942,tall-poppy,Summer 2018,S18,2018,Human Resources,child
1952,the-buttermilk-company,Summer 2018,S18,2018,Consumer,top
1952,the-buttermilk-company,Summer 2018,S18,2018,Food and Beverage,child
1930,the-good-food-institute,Summer 2018,S18,2018,Consumer,top
1930,the-good-food-institute,Summer 2018,S18,2018,Food and Beverage,child
1984,stem-sugar,Summer 2018,S18,2018,Consumer,top
1984,stem-sugar,Summer 2018,S18,2018,Food and Beverage,child
1914,titan,Summer 2018,S18,2018,Fintech,top
1914,titan,Summer 2018,S18,2018,Asset Management,child
1959,ubits,Summer 2018,S18,2018,B2B,top
1959,ubits,Summer 2018,S18,2018,Human Resources,child
1890,user-hero,Summer 2018,S18,2018,B2B,top
1890,user-hero,Summer 2018,S18,2018,"Engineering, Product and Design",child
1901,jetlenses,Summer 2018,S18,2018,Healthcare,top
1901,jetlenses,Summer 2018,S18,2018,Consumer Health and Wellness,child
1936,vimcal,Summer 2018,S18,2018,B2B,top
1936,vimcal,Summer 2018,S18,2018,Productivity,child
1873,synthetic-minds,Summer 2018,S18,2018,B2B,top
1873,synthetic-minds,Summer 2018,S18,2018,Productivity,child
1891,within,Summer 2018,S18,2018,B2B,top
1905,xkit,Summer 2018,S18,2018,B2B,top
1905,xkit,Summer 2018,S18,2018,"Engineering, Product and Design",child
1995,ziffyhomes,Summer 2018,S18,2018,Real Estate and Construction,top
1995,ziffyhomes,Summer 2018,S18,2018,Housing and Real Estate,child
2016,dnovo,Summer 2018,S18,2018,Healthcare,top
2016,dnovo,Summer 2018,S18,2018,Therapeutics,child
1975,hypcloud,Summer 2018,S18,2018,Real Estate and Construction,top
1975,hypcloud,Summer 2018,S18,2018,Housing and Real Estate,child
2026,ilabservice,Summer 2018,S18,2018,B2B,top
2026,ilabservice,Summer 2018,S18,2018,Productivity,child
1897,numericcal-inc,Summer 2018,S18,2018,B2B,top
1897,numericcal-inc,Summer 2018,S18,2018,"Engineering, Product and Design",child
12286,1910,Winter 2019,W19,2019,Healthcare,top
12286,1910,Winter 2019,W19,2019,Therapeutics,child
12252,54gene,Winter 2019,W19,2019,Healthcare,top
12252,54gene,Winter 2019,W19,2019,Consumer Health and Wellness,child
12006,ai-insurance,Winter 2019,W19,2019,Fintech,top
12006,ai-insurance,Winter 2019,W19,2019,Insurance,child
12260,axdraft,Winter 2019,W19,2019,B2B,top
12260,axdraft,Winter 2019,W19,2019,Legal,child
12344,accept-inc,Winter 2019,W19,2019,Fintech,top
12344,accept-inc,Winter 2019,W19,2019,Credit and Lending,child
12242,acciojob,Winter 2019,W19,2019,Education,top
11990,adventurous-co,Winter 2019,W19,2019,Consumer,top
11990,adventurous-co,Winter 2019,W19,2019,Virtual and Augmented Reality,child
11935,allsome-fulfillment,Winter 2019,W19,2019,B2B,top
11935,allsome-fulfillment,Winter 2019,W19,2019,Supply Chain and Logistics,child
11923,allo,Winter 2019,W19,2019,Consumer,top
11923,allo,Winter 2019,W19,2019,Social,child
12271,allure-systems,Winter 2019,W19,2019,B2B,top
12271,allure-systems,Winter 2019,W19,2019,Retail,child
12119,alpaca,Winter 2019,W19,2019,Fintech,top
12119,alpaca,Winter 2019,W19,2019,Banking and Exchange,child
12136,ampup,Winter 2019,W19,2019,Consumer,top
12136,ampup,Winter 2019,W19,2019,Home and Personal,child
11967,ascen,Winter 2019,W19,2019,B2B,top
11967,ascen,Winter 2019,W19,2019,Recruiting and Talent,child
12035,ashby,Winter 2019,W19,2019,B2B,top
12035,ashby,Winter 2019,W19,2019,Recruiting and Talent,child
12034,askdata,Winter 2019,W19,2019,B2B,top
12034,askdata,Winter 2019,W19,2019,Analytics,child
12300,atlas-3,Winter 2019,W19,2019,Fintech,top
12300,atlas-3,Winter 2019,W19,2019,Consumer Finance,child
12012,atomic-alchemy,Winter 2019,W19,2019,Industrials,top
12012,atomic-alchemy,Winter 2019,W19,2019,Manufacturing and Robotics,child
12080,aura-vision,Winter 2019,W19,2019,B2B,top
12080,aura-vision,Winter 2019,W19,2019,Retail,child
12047,auroraq,Winter 2019,W19,2019,Industrials,top
12047,auroraq,Winter 2019,W19,2019,Manufacturing and Robotics,child
12062,autodial-prev-qwest,Winter 2019,W19,2019,Consumer,top
11978,avalanche,Winter 2019,W19,2019,B2B,top
11978,avalanche,Winter 2019,W19,2019,Marketing,child
12003,avo,Winter 2019,W19,2019,B2B,top
12003,avo,Winter 2019,W19,2019,Analytics,child
12065,axel-travel,Winter 2019,W19,2019,Consumer,top
12065,axel-travel,Winter 2019,W19,2019,"Travel, Leisure and Tourism",child
12372,balto,Winter 2019,W19,2019,Consumer,top
12372,balto,Winter 2019,W19,2019,Gaming,child
12284,basement,Winter 2019,W19,2019,Consumer,top
12284,basement,Winter 2019,W19,2019,Social,child
11992,basilica,Winter 2019,W19,2019,B2B,top
11992,basilica,Winter 2019,W19,2019,"Engineering, Product and Design",child
12020,bensen,Winter 2019,W19,2019,B2B,top
12020,bensen,Winter 2019,W19,2019,"Engineering, Product and Design",child
12250,bentocart,Winter 2019,W19,2019,Consumer,top
12250,bentocart,Winter 2019,W19,2019,Food and Beverage,child
12045,blitziq,Winter 2019,W19,2019,B2B,top
12045,blitziq,Winter 2019,W19,2019,Sales,child
11944,bottomless,Winter 2019,W19,2019,Consumer,top
11944,bottomless,Winter 2019,W19,2019,Food and Beverage,child
11976,brainkey,Winter 2019,W19,2019,Healthcare,top
11976,brainkey,Winter 2019,W19,2019,Diagnostics,child
11930,brick-health,Winter 2019,W19,2019,Healthcare,top
11930,brick-health,Winter 2019,W19,2019,Healthcare IT,child
12042,bunkerhill-health,Winter 2019,W19,2019,Healthcare,top
12042,bunkerhill-health,Winter 2019,W19,2019,Healthcare IT,child
12371,buy-me-a-coffee,Winter 2019,W19,2019,Consumer,top
12371,buy-me-a-coffee,Winter 2019,W19,2019,Content,child
11927,encarte,Winter 2019,W19,2019,Fintech,top
11927,encarte,Winter 2019,W19,2019,Payments,child
12175,capture,Winter 2019,W19,2019,B2B,top
12175,capture,Winter 2019,W19,2019,Productivity,child
12072,careertu,Winter 2019,W19,2019,Education,top
12074,caribou,Winter 2019,W19,2019,B2B,top
12074,caribou,Winter 2019,W19,2019,Finance and Accounting,child
12366,catch,Winter 2019,W19,2019,Fintech,top
12366,catch,Winter 2019,W19,2019,Consumer Finance,child
11948,centaur,Winter 2019,W19,2019,Healthcare,top
11948,centaur,Winter 2019,W19,2019,Healthcare IT,child
11964,chaser,Winter 2019,W19,2019,B2B,top
12068,cherry,Winter 2019,W19,2019,B2B,top
12068,cherry,Winter 2019,W19,2019,Human Resources,child
12257,cityfurnish,Winter 2019,W19,2019,Consumer,top
12257,cityfurnish,Winter 2019,W19,2019,Home and Personal,child
12078,cocoon,Winter 2019,W19,2019,Consumer,top
12078,cocoon,Winter 2019,W19,2019,Social,child
11991,community-phone-company,Winter 2019,W19,2019,Consumer,top
11991,community-phone-company,Winter 2019,W19,2019,Home and Personal,child
11954,comradery,Winter 2019,W19,2019,B2B,top
11954,comradery,Winter 2019,W19,2019,Productivity,child
11972,convex,Winter 2019,W19,2019,B2B,top
11972,convex,Winter 2019,W19,2019,Sales,child
12280,cosmic,Winter 2019,W19,2019,B2B,top
12280,cosmic,Winter 2019,W19,2019,"Engineering, Product and Design",child
11985,coursedog,Winter 2019,W19,2019,B2B,top
11985,coursedog,Winter 2019,W19,2019,Operations,child
12248,credpal,Winter 2019,W19,2019,Fintech,top
12248,credpal,Winter 2019,W19,2019,Credit and Lending,child
12262,cuanto,Winter 2019,W19,2019,Fintech,top
12262,cuanto,Winter 2019,W19,2019,Payments,child
12093,dagger,Winter 2019,W19,2019,B2B,top
12093,dagger,Winter 2019,W19,2019,"Engineering, Product and Design",child
12079,dailydoctor,Winter 2019,W19,2019,Healthcare,top
12258,datamode,Winter 2019,W19,2019,B2B,top
12258,datamode,Winter 2019,W19,2019,"Engineering, Product and Design",child
12064,deel,Winter 2019,W19,2019,B2B,top
12064,deel,Winter 2019,W19,2019,Finance and Accounting,child
12005,demodesk,Winter 2019,W19,2019,B2B,top
12005,demodesk,Winter 2019,W19,2019,Sales,child
11955,devflight,Winter 2019,W19,2019,B2B,top
11955,devflight,Winter 2019,W19,2019,"Engineering, Product and Design",child
12014,docbot,Winter 2019,W19,2019,Healthcare,top
12014,docbot,Winter 2019,W19,2019,Healthcare IT,child
12266,dockup,Winter 2019,W19,2019,B2B,top
12266,dockup,Winter 2019,W19,2019,"Engineering, Product and Design",child
12015,docucharm,Winter 2019,W19,2019,B2B,top
12015,docucharm,Winter 2019,W19,2019,Operations,child
12038,doorport,Winter 2019,W19,2019,Real Estate and Construction,top
12038,doorport,Winter 2019,W19,2019,Housing and Real Estate,child
12070,doppler,Winter 2019,W19,2019,B2B,top
12070,doppler,Winter 2019,W19,2019,"Engineering, Product and Design",child
11962,dyneti-technologies,Winter 2019,W19,2019,B2B,top
11962,dyneti-technologies,Winter 2019,W19,2019,Security,child
12358,eclipse-foods,Winter 2019,W19,2019,Consumer,top
12358,eclipse-foods,Winter 2019,W19,2019,Food and Beverage,child
12245,edyst,Winter 2019,W19,2019,Education,top
12031,elph,Winter 2019,W19,2019,B2B,top
12031,elph,Winter 2019,W19,2019,"Engineering, Product and Design",child
12251,emi-labs,Winter 2019,W19,2019,B2B,top
12251,emi-labs,Winter 2019,W19,2019,Recruiting and Talent,child
12210,endpoint-health,Winter 2019,W19,2019,Healthcare,top
12210,endpoint-health,Winter 2019,W19,2019,Therapeutics,child
12013,evo-do,Winter 2019,W19,2019,B2B,top
12013,evo-do,Winter 2019,W19,2019,"Engineering, Product and Design",child
12046,excepgen,Winter 2019,W19,2019,Healthcare,top
12046,excepgen,Winter 2019,W19,2019,Therapeutics,child
12247,exly,Winter 2019,W19,2019,Consumer,top
12279,first,Winter 2019,W19,2019,B2B,top
12279,first,Winter 2019,W19,2019,Operations,child
11974,flower-co,Winter 2019,W19,2019,Consumer,top
11974,flower-co,Winter 2019,W19,2019,Home and Personal,child
11924,flockjay,Winter 2019,W19,2019,B2B,top
11924,flockjay,Winter 2019,W19,2019,Sales,child
12002,forage,Winter 2019,W19,2019,B2B,top
12002,forage,Winter 2019,W19,2019,Recruiting and Talent,child
12264,frubana-inc,Winter 2019,W19,2019,B2B,top
12264,frubana-inc,Winter 2019,W19,2019,Supply Chain and Logistics,child
12073,fuse,Winter 2019,W19,2019,Fintech,top
11921,fuzzbuzz,Winter 2019,W19,2019,B2B,top
11921,fuzzbuzz,Winter 2019,W19,2019,Infrastructure,child
11931,geosite,Winter 2019,W19,2019,B2B,top
11931,geosite,Winter 2019,W19,2019,Operations,child
12256,glide,Winter 2019,W19,2019,B2B,top
12256,glide,Winter 2019,W19,2019,"Engineering, Product and Design",child
12273,globe,Winter 2019,W19,2019,Fintech,top
12273,globe,Winter 2019,W19,2019,Banking and Exchange,child
11984,golinks,Winter 2019,W19,2019,B2B,top
11984,golinks,Winter 2019,W19,2019,Productivity,child
11957,green-energy-exchange,Winter 2019,W19,2019,Industrials,top
11957,green-energy-exchange,Winter 2019,W19,2019,Energy,child
12043,handle,Winter 2019,W19,2019,Real Estate and Construction,top
12043,handle,Winter 2019,W19,2019,Construction,child
11975,hatch,Winter 2019,W19,2019,B2B,top
11975,hatch,Winter 2019,W19,2019,Sales,child
12089,heart-aerospace,Winter 2019,W19,2019,Industrials,top
12089,heart-aerospace,Winter 2019,W19,2019,Aviation and Space,child
11982,herald,Winter 2019,W19,2019,B2B,top
11982,herald,Winter 2019,W19,2019,Office Management,child
12090,hypnos,Winter 2019,W19,2019,Consumer,top
12274,inito,Winter 2019,W19,2019,Healthcare,top
12274,inito,Winter 2019,W19,2019,Consumer Health and Wellness,child
11937,insight,Winter 2019,W19,2019,Consumer,top
12077,instapath-inc,Winter 2019,W19,2019,Healthcare,top
12077,instapath-inc,Winter 2019,W19,2019,Diagnostics,child
12056,intact-therapeutics,Winter 2019,W19,2019,Healthcare,top
12056,intact-therapeutics,Winter 2019,W19,2019,Therapeutics,child
11925,intelline,Winter 2019,W19,2019,Industrials,top
11925,intelline,Winter 2019,W19,2019,Manufacturing and Robotics,child
11938,interprime,Winter 2019,W19,2019,B2B,top
11938,interprime,Winter 2019,W19,2019,Finance and Accounting,child
12084,jetpack-aviation,Winter 2019,W19,2019,Industrials,top
12084,jetpack-aviation,Winter 2019,W19,2019,Aviation and Space,child
2019,juzibot,Winter 2019,W19,2019,B2B,top
2019,juzibot,Winter 2019,W19,2019,"Engineering, Product and Design",child
11943,kalshi,Winter 2019,W19,2019,Fintech,top
11940,keeper-2,Winter 2019,W19,2019,Fintech,top
11940,keeper-2,Winter 2019,W19,2019,Consumer Finance,child
12246,keynua,Winter 2019,W19,2019,B2B,top
12246,keynua,Winter 2019,W19,2019,Productivity,child
11941,kopa,Winter 2019,W19,2019,Real Estate and Construction,top
11941,kopa,Winter 2019,W19,2019,Housing and Real Estate,child
12244,kovi,Winter 2019,W19,2019,Fintech,top
12244,kovi,Winter 2019,W19,2019,Credit and Lending,child
11979,leah-labs,Winter 2019,W19,2019,Healthcare,top
11979,leah-labs,Winter 2019,W19,2019,Therapeutics,child
12057,landed-2,Winter 2019,W19,2019,B2B,top
12057,landed-2,Winter 2019,W19,2019,Recruiting and Talent,child
12276,latchel,Winter 2019,W19,2019,B2B,top
12276,latchel,Winter 2019,W19,2019,Operations,child
12255,lezzoo,Winter 2019,W19,2019,Consumer,top
12255,lezzoo,Winter 2019,W19,2019,Food and Beverage,child
12362,mage,Winter 2019,W19,2019,Consumer,top
12362,mage,Winter 2019,W19,2019,"Travel, Leisure and Tourism",child
12041,maitian-ai,Winter 2019,W19,2019,B2B,top
12041,maitian-ai,Winter 2019,W19,2019,Retail,child
12096,maple-materials,Winter 2019,W19,2019,Industrials,top
12096,maple-materials,Winter 2019,W19,2019,Climate,child
12267,mars-auto,Winter 2019,W19,2019,Industrials,top
12267,mars-auto,Winter 2019,W19,2019,Automotive,child
11977,medcrypt,Winter 2019,W19,2019,Healthcare,top
11977,medcrypt,Winter 2019,W19,2019,Healthcare IT,child
12356,memfault,Winter 2019,W19,2019,B2B,top
12356,memfault,Winter 2019,W19,2019,Analytics,child
11983,middesk,Winter 2019,W19,2019,B2B,top
11983,middesk,Winter 2019,W19,2019,Operations,child
12053,mobot,Winter 2019,W19,2019,B2B,top
12053,mobot,Winter 2019,W19,2019,"Engineering, Product and Design",child
12235,mudrex,Winter 2019,W19,2019,Fintech,top
12235,mudrex,Winter 2019,W19,2019,Asset Management,child
12236,nala,Winter 2019,W19,2019,Fintech,top
12236,nala,Winter 2019,W19,2019,Banking and Exchange,child
11995,nabis,Winter 2019,W19,2019,B2B,top
11995,nabis,Winter 2019,W19,2019,Supply Chain and Logistics,child
12325,naturall-club,Winter 2019,W19,2019,Consumer,top
12325,naturall-club,Winter 2019,W19,2019,Food and Beverage,child
11968,nebullam-dba-clayton-farms,Winter 2019,W19,2019,Consumer,top
11968,nebullam-dba-clayton-farms,Winter 2019,W19,2019,Food and Beverage,child
12237,nowports,Winter 2019,W19,2019,B2B,top
12237,nowports,Winter 2019,W19,2019,Supply Chain and Logistics,child
12297,numero,Winter 2019,W19,2019,Fintech,top
12032,okteto,Winter 2019,W19,2019,B2B,top
12032,okteto,Winter 2019,W19,2019,Infrastructure,child
12094,our-world-in-data,Winter 2019,W19,2019,Education,top
12283,outrival-inc,Winter 2019,W19,2019,B2B,top
11895,overview,Winter 2019,W19,2019,Industrials,top
11895,overview,Winter 2019,W19,2019,Manufacturing and Robotics,child
12067,pnoe,Winter 2019,W19,2019,Healthcare,top
12067,pnoe,Winter 2019,W19,2019,Healthcare Services,child
11936,pachama,Winter 2019,W19,2019,Industrials,top
11936,pachama,Winter 2019,W19,2019,Climate,child
11926,parker,Winter 2019,W19,2019,Fintech,top
11926,parker,Winter 2019,W19,2019,Banking and Exchange,child
11942,pengram,Winter 2019,W19,2019,B2B,top
11942,pengram,Winter 2019,W19,2019,Human Resources,child
12033,pershop,Winter 2019,W19,2019,Consumer,top
12033,pershop,Winter 2019,W19,2019,Apparel and Cosmetics,child
12281,pools-fka-withfriends,Winter 2019,W19,2019,Consumer,top
12281,pools-fka-withfriends,Winter 2019,W19,2019,Social,child
11971,portal-entryways,Winter 2019,W19,2019,B2B,top
11971,portal-entryways,Winter 2019,W19,2019,Office Management,child
11934,positive,Winter 2019,W19,2019,Consumer,top
11934,positive,Winter 2019,W19,2019,Food and Beverage,child
11969,postscript,Winter 2019,W19,2019,B2B,top
11969,postscript,Winter 2019,W19,2019,Marketing,child
11965,preflight,Winter 2019,W19,2019,B2B,top
11965,preflight,Winter 2019,W19,2019,"Engineering, Product and Design",child
12036,probably-genetic,Winter 2019,W19,2019,Healthcare,top
12036,probably-genetic,Winter 2019,W19,2019,Diagnostics,child
12287,prometheus,Winter 2019,W19,2019,Industrials,top
12287,prometheus,Winter 2019,W19,2019,Energy,child
12261,pronto,Winter 2019,W19,2019,Consumer,top
12261,pronto,Winter 2019,W19,2019,Transportation Services,child
12259,pulse-active-stations-network,Winter 2019,W19,2019,Healthcare,top
12259,pulse-active-stations-network,Winter 2019,W19,2019,Consumer Health and Wellness,child
12063,pyxai,Winter 2019,W19,2019,B2B,top
12063,pyxai,Winter 2019,W19,2019,Recruiting and Talent,child
12071,ravn,Winter 2019,W19,2019,Government,top
12088,reelables,Winter 2019,W19,2019,B2B,top
12088,reelables,Winter 2019,W19,2019,Supply Chain and Logistics,child
12011,viosera-therapeutics,Winter 2019,W19,2019,Healthcare,top
12011,viosera-therapeutics,Winter 2019,W19,2019,Therapeutics,child
12263,rune,Winter 2019,W19,2019,Consumer,top
12263,rune,Winter 2019,W19,2019,Gaming,child
11994,sapling-ai,Winter 2019,W19,2019,B2B,top
11994,sapling-ai,Winter 2019,W19,2019,Productivity,child
12374,schoolable,Winter 2019,W19,2019,Education,top
11963,nettrons,Winter 2019,W19,2019,Consumer,top
1898,searchlight,Winter 2019,W19,2019,B2B,top
1898,searchlight,Winter 2019,W19,2019,Recruiting and Talent,child
12238,seawise-capital,Winter 2019,W19,2019,Fintech,top
12238,seawise-capital,Winter 2019,W19,2019,Credit and Lending,child
12393,shef,Winter 2019,W19,2019,Consumer,top
12393,shef,Winter 2019,W19,2019,Food and Beverage,child
12241,shiok-meats,Winter 2019,W19,2019,Healthcare,top
12241,shiok-meats,Winter 2019,W19,2019,Industrial Bio,child
12373,shipper,Winter 2019,W19,2019,B2B,top
12373,shipper,Winter 2019,W19,2019,Supply Chain and Logistics,child
12004,simmer,Winter 2019,W19,2019,Consumer,top
12004,simmer,Winter 2019,W19,2019,"Travel, Leisure and Tourism",child
12234,skill-lync,Winter 2019,W19,2019,Education,top
12239,slapdash,Winter 2019,W19,2019,B2B,top
12239,slapdash,Winter 2019,W19,2019,Productivity,child
11961,sorting-robotics,Winter 2019,W19,2019,B2B,top
11961,sorting-robotics,Winter 2019,W19,2019,Supply Chain and Logistics,child
11949,spaceryde,Winter 2019,W19,2019,Industrials,top
11949,spaceryde,Winter 2019,W19,2019,Aviation and Space,child
12415,spiral-genetics,Winter 2019,W19,2019,Healthcare,top
12415,spiral-genetics,Winter 2019,W19,2019,Healthcare Services,child
11956,spire-law,Winter 2019,W19,2019,B2B,top
11956,spire-law,Winter 2019,W19,2019,Legal,child
12249,spring-in-africa,Winter 2019,W19,2019,Fintech,top
12249,spring-in-africa,Winter 2019,W19,2019,Asset Management,child
12265,sublime-black,Winter 2019,W19,2019,B2B,top
12265,sublime-black,Winter 2019,W19,2019,Security,child
11959,sunsama,Winter 2019,W19,2019,B2B,top
11959,sunsama,Winter 2019,W19,2019,Productivity,child
12091,superb-ai,Winter 2019,W19,2019,B2B,top
12091,superb-ai,Winter 2019,W19,2019,"Engineering, Product and Design",child
12037,supernova,Winter 2019,W19,2019,B2B,top
12037,supernova,Winter 2019,W19,2019,"Engineering, Product and Design",child
12010,switchboard,Winter 2019,W19,2019,B2B,top
12010,switchboard,Winter 2019,W19,2019,Supply Chain and Logistics,child
12352,taali-inc,Winter 2019,W19,2019,Consumer,top
12352,taali-inc,Winter 2019,W19,2019,Food and Beverage,child
12277,tailor-ed,Winter 2019,W19,2019,Education,top
11986,tailornova-couturme,Winter 2019,W19,2019,B2B,top
11919,taobotics,Winter 2019,W19,2019,Industrials,top
11919,taobotics,Winter 2019,W19,2019,Manufacturing and Robotics,child
12039,termius,Winter 2019,W19,2019,B2B,top
12039,termius,Winter 2019,W19,2019,Security,child
11932,the-juggernaut,Winter 2019,W19,2019,Consumer,top
11932,the-juggernaut,Winter 2019,W19,2019,Content,child
11988,thrive-agric,Winter 2019,W19,2019,Industrials,top
11988,thrive-agric,Winter 2019,W19,2019,Agriculture,child
12092,traverse-technologies,Winter 2019,W19,2019,B2B,top
12092,traverse-technologies,Winter 2019,W19,2019,Operations,child
11922,trexo-robotics,Winter 2019,W19,2019,Healthcare,top
11922,trexo-robotics,Winter 2019,W19,2019,Medical Devices,child
12282,truora,Winter 2019,W19,2019,B2B,top
12282,truora,Winter 2019,W19,2019,Operations,child
11946,ultralight,Winter 2019,W19,2019,B2B,top
11946,ultralight,Winter 2019,W19,2019,"Engineering, Product and Design",child
12387,union-apartment,Winter 2019,W19,2019,Real Estate and Construction,top
12387,union-apartment,Winter 2019,W19,2019,Housing and Real Estate,child
12095,upsolve,Winter 2019,W19,2019,Fintech,top
12095,upsolve,Winter 2019,W19,2019,Consumer Finance,child
12083,valo,Winter 2019,W19,2019,Industrials,top
12083,valo,Winter 2019,W19,2019,Climate,child
11939,vectordash,Winter 2019,W19,2019,Consumer,top
11939,vectordash,Winter 2019,W19,2019,Gaming,child
12278,verto,Winter 2019,W19,2019,Fintech,top
12278,verto,Winter 2019,W19,2019,Payments,child
12009,visly,Winter 2019,W19,2019,B2B,top
12009,visly,Winter 2019,W19,2019,Infrastructure,child
11933,volk-wireless,Winter 2019,W19,2019,Consumer,top
11933,volk-wireless,Winter 2019,W19,2019,Home and Personal,child
12085,volta-labs-inc,Winter 2019,W19,2019,Healthcare,top
12085,volta-labs-inc,Winter 2019,W19,2019,Industrial Bio,child
12272,votingworks,Winter 2019,W19,2019,Government,top
12082,wanderlog,Winter 2019,W19,2019,Consumer,top
12082,wanderlog,Winter 2019,W19,2019,Content,child
11993,weathercheck,Winter 2019,W19,2019,Fintech,top
11993,weathercheck,Winter 2019,W19,2019,Insurance,child
11966,windsor,Winter 2019,W19,2019,B2B,top
11981,windwalk,Winter 2019,W19,2019,Consumer,top
11981,windwalk,Winter 2019,W19,2019,Gaming,child
12275,workclout,Winter 2019,W19,2019,B2B,top
12275,workclout,Winter 2019,W19,2019,Supply Chain and Logistics,child
12124,xgenomes,Winter 2019,W19,2019,Healthcare,top
12124,xgenomes,Winter 2019,W19,2019,Diagnostics,child
12355,yourchoice-therapeutics,Winter 2019,W19,2019,Healthcare,top
12355,yourchoice-therapeutics,Winter 2019,W19,2019,Therapeutics,child
12391,zerodown,Winter 2019,W19,2019,Real Estate and Construction,top
12391,zerodown,Winter 2019,W19,2019,Housing and Real Estate,child
11928,zerostorefront,Winter 2019,W19,2019,B2B,top
11928,zerostorefront,Winter 2019,W19,2019,Operations,child
12299,rct-studio,Winter 2019,W19,2019,Consumer,top
12299,rct-studio,Winter 2019,W19,2019,Content,child
12591,actiondesk,Summer 2019,S19,2019,B2B,top
12591,actiondesk,Summer 2019,S19,2019,"Engineering, Product and Design",child
12656,adla,Summer 2019,S19,2019,Consumer,top
12656,adla,Summer 2019,S19,2019,Apparel and Cosmetics,child
12844,alana,Summer 2019,S19,2019,B2B,top
12844,alana,Summer 2019,S19,2019,Recruiting and Talent,child
12532,apero-health,Summer 2019,S19,2019,Healthcare,top
12532,apero-health,Summer 2019,S19,2019,Healthcare IT,child
12897,apurata,Summer 2019,S19,2019,Fintech,top
12897,apurata,Summer 2019,S19,2019,Credit and Lending,child
12663,arpeggio-bio,Summer 2019,S19,2019,Healthcare,top
12663,arpeggio-bio,Summer 2019,S19,2019,Drug Discovery and Delivery,child
12861,asher-bio,Summer 2019,S19,2019,Healthcare,top
12861,asher-bio,Summer 2019,S19,2019,Therapeutics,child
12857,aspect,Summer 2019,S19,2019,B2B,top
12857,aspect,Summer 2019,S19,2019,"Engineering, Product and Design",child
12611,audiofocus,Summer 2019,S19,2019,Healthcare,top
12611,audiofocus,Summer 2019,S19,2019,Medical Devices,child
12639,banner,Summer 2019,S19,2019,Real Estate and Construction,top
12573,bayes,Summer 2019,S19,2019,B2B,top
12573,bayes,Summer 2019,S19,2019,"Engineering, Product and Design",child
12243,beacons,Summer 2019,S19,2019,Consumer,top
12243,beacons,Summer 2019,S19,2019,Social,child
12711,binks,Summer 2019,S19,2019,Consumer,top
12711,binks,Summer 2019,S19,2019,Apparel and Cosmetics,child
12658,blair,Summer 2019,S19,2019,Fintech,top
12658,blair,Summer 2019,S19,2019,Credit and Lending,child
12865,blockstamp,Summer 2019,S19,2019,Industrials,top
12865,blockstamp,Summer 2019,S19,2019,Manufacturing and Robotics,child
12736,boost-biomes,Summer 2019,S19,2019,Industrials,top
12736,boost-biomes,Summer 2019,S19,2019,Agriculture,child
12654,bouncer,Summer 2019,S19,2019,B2B,top
12654,bouncer,Summer 2019,S19,2019,"Engineering, Product and Design",child
12645,brave-care,Summer 2019,S19,2019,Healthcare,top
12645,brave-care,Summer 2019,S19,2019,Healthcare Services,child
12903,breadfast,Summer 2019,S19,2019,Consumer,top
12547,buildstream,Summer 2019,S19,2019,Real Estate and Construction,top
12547,buildstream,Summer 2019,S19,2019,Construction,child
12502,bun,Summer 2019,S19,2019,B2B,top
12502,bun,Summer 2019,S19,2019,Infrastructure,child
12642,canix,Summer 2019,S19,2019,B2B,top
12642,canix,Summer 2019,S19,2019,Security,child
12682,colab,Summer 2019,S19,2019,B2B,top
12682,colab,Summer 2019,S19,2019,"Engineering, Product and Design",child
12856,coco-wallet,Summer 2019,S19,2019,Fintech,top
12856,coco-wallet,Summer 2019,S19,2019,Payments,child
12655,compound,Summer 2019,S19,2019,Fintech,top
12655,compound,Summer 2019,S19,2019,Consumer Finance,child
12534,courier,Summer 2019,S19,2019,B2B,top
12534,courier,Summer 2019,S19,2019,"Engineering, Product and Design",child
12868,covela,Summer 2019,S19,2019,Fintech,top
12868,covela,Summer 2019,S19,2019,Insurance,child
12530,cuboh,Summer 2019,S19,2019,B2B,top
12530,cuboh,Summer 2019,S19,2019,Retail,child
12850,curri,Summer 2019,S19,2019,Real Estate and Construction,top
12850,curri,Summer 2019,S19,2019,Construction,child
12613,dashblock,Summer 2019,S19,2019,B2B,top
12613,dashblock,Summer 2019,S19,2019,"Engineering, Product and Design",child
12669,data-mechanics,Summer 2019,S19,2019,B2B,top
12669,data-mechanics,Summer 2019,S19,2019,Infrastructure,child
12860,deepnote,Summer 2019,S19,2019,B2B,top
12860,deepnote,Summer 2019,S19,2019,"Engineering, Product and Design",child
12769,demand-curve,Summer 2019,S19,2019,Education,top
12525,dex,Summer 2019,S19,2019,Consumer,top
12525,dex,Summer 2019,S19,2019,Home and Personal,child
12739,digi-prex,Summer 2019,S19,2019,Healthcare,top
12739,digi-prex,Summer 2019,S19,2019,Consumer Health and Wellness,child
12662,directshifts,Summer 2019,S19,2019,Healthcare,top
12662,directshifts,Summer 2019,S19,2019,Healthcare Services,child
12129,dover,Summer 2019,S19,2019,B2B,top
12129,dover,Summer 2019,S19,2019,Recruiting and Talent,child
12646,downtobid,Summer 2019,S19,2019,Real Estate and Construction,top
12646,downtobid,Summer 2019,S19,2019,Construction,child
12677,earth-ai,Summer 2019,S19,2019,Industrials,top
12677,earth-ai,Summer 2019,S19,2019,Climate,child
12877,epic-aerospace,Summer 2019,S19,2019,Industrials,top
12877,epic-aerospace,Summer 2019,S19,2019,Aviation and Space,child
12830,eden-farm,Summer 2019,S19,2019,B2B,top
12830,eden-farm,Summer 2019,S19,2019,Supply Chain and Logistics,child
1880,elpha,Summer 2019,S19,2019,Consumer,top
1880,elpha,Summer 2019,S19,2019,Job and Career Services,child
12618,embrace,Summer 2019,S19,2019,B2B,top
12618,embrace,Summer 2019,S19,2019,"Engineering, Product and Design",child
12579,encepheal-therapeutics,Summer 2019,S19,2019,Healthcare,top
12579,encepheal-therapeutics,Summer 2019,S19,2019,Therapeutics,child
12585,ever-loved,Summer 2019,S19,2019,Consumer,top
12585,ever-loved,Summer 2019,S19,2019,Home and Personal,child
12760,fampay,Summer 2019,S19,2019,Fintech,top
12760,fampay,Summer 2019,S19,2019,Payments,child
12628,featurepeek,Summer 2019,S19,2019,B2B,top
12628,featurepeek,Summer 2019,S19,2019,"Engineering, Product and Design",child
12536,figments,Summer 2019,S19,2019,B2B,top
11947,fit-to-form,Summer 2019,S19,2019,Consumer,top
11947,fit-to-form,Summer 2019,S19,2019,Apparel and Cosmetics,child
12648,flo,Summer 2019,S19,2019,B2B,top
12648,flo,Summer 2019,S19,2019,Recruiting and Talent,child
12676,flow,Summer 2019,S19,2019,B2B,top
12676,flow,Summer 2019,S19,2019,Infrastructure,child
12851,flowbot,Summer 2019,S19,2019,B2B,top
12851,flowbot,Summer 2019,S19,2019,Infrastructure,child
12834,flux,Summer 2019,S19,2019,Fintech,top
12834,flux,Summer 2019,S19,2019,Payments,child
12845,freshpaint,Summer 2019,S19,2019,B2B,top
12845,freshpaint,Summer 2019,S19,2019,Infrastructure,child
12631,fynn,Summer 2019,S19,2019,Fintech,top
12631,fynn,Summer 2019,S19,2019,Credit and Lending,child
12614,gen1e-lifesciences,Summer 2019,S19,2019,Healthcare,top
12614,gen1e-lifesciences,Summer 2019,S19,2019,Therapeutics,child
12705,gaiascope,Summer 2019,S19,2019,B2B,top
12546,gamebytes,Summer 2019,S19,2019,Consumer,top
12546,gamebytes,Summer 2019,S19,2019,Gaming,child
22571,gather-2,Summer 2019,S19,2019,Consumer,top
22571,gather-2,Summer 2019,S19,2019,Social,child
12876,gitstart,Summer 2019,S19,2019,B2B,top
12876,gitstart,Summer 2019,S19,2019,"Engineering, Product and Design",child
12829,gotrade,Summer 2019,S19,2019,Fintech,top
12829,gotrade,Summer 2019,S19,2019,Consumer Finance,child
12641,green-canopy-node,Summer 2019,S19,2019,Real Estate and Construction,top
12641,green-canopy-node,Summer 2019,S19,2019,Housing and Real Estate,child
12659,hatchways,Summer 2019,S19,2019,B2B,top
12659,hatchways,Summer 2019,S19,2019,Recruiting and Talent,child
12841,heru,Summer 2019,S19,2019,Fintech,top
12539,hey-healthcare,Summer 2019,S19,2019,B2B,top
12821,hightouch,Summer 2019,S19,2019,B2B,top
12821,hightouch,Summer 2019,S19,2019,Marketing,child
12838,holy-grail-inc,Summer 2019,S19,2019,B2B,top
11987,hutsy,Summer 2019,S19,2019,Real Estate and Construction,top
11987,hutsy,Summer 2019,S19,2019,Housing and Real Estate,child
12578,hype-and-vice,Summer 2019,S19,2019,Consumer,top
12578,hype-and-vice,Summer 2019,S19,2019,Apparel and Cosmetics,child
12842,inevent,Summer 2019,S19,2019,B2B,top
12842,inevent,Summer 2019,S19,2019,Marketing,child
12584,intersect-labs,Summer 2019,S19,2019,B2B,top
12584,intersect-labs,Summer 2019,S19,2019,"Engineering, Product and Design",child
12564,juno-college-of-technology,Summer 2019,S19,2019,Education,top
12574,jupiter,Summer 2019,S19,2019,B2B,top
12574,jupiter,Summer 2019,S19,2019,Marketing,child
12664,kern-systems,Summer 2019,S19,2019,Healthcare,top
12664,kern-systems,Summer 2019,S19,2019,Industrial Bio,child
12740,khabri,Summer 2019,S19,2019,Consumer,top
12740,khabri,Summer 2019,S19,2019,Content,child
12621,kitekraft,Summer 2019,S19,2019,Industrials,top
12621,kitekraft,Summer 2019,S19,2019,Energy,child
12550,kraftful,Summer 2019,S19,2019,B2B,top
12550,kraftful,Summer 2019,S19,2019,"Engineering, Product and Design",child
12640,kubesail,Summer 2019,S19,2019,Consumer,top
12640,kubesail,Summer 2019,S19,2019,Consumer Electronics,child
12875,laika,Summer 2019,S19,2019,Consumer,top
12875,laika,Summer 2019,S19,2019,Home and Personal,child
12610,lantern,Summer 2019,S19,2019,B2B,top
12610,lantern,Summer 2019,S19,2019,Analytics,child
12554,legacy,Summer 2019,S19,2019,Healthcare,top
12554,legacy,Summer 2019,S19,2019,Consumer Health and Wellness,child
12650,lightwell,Summer 2019,S19,2019,B2B,top
12650,lightwell,Summer 2019,S19,2019,"Engineering, Product and Design",child
12700,lineleap,Summer 2019,S19,2019,Consumer,top
12700,lineleap,Summer 2019,S19,2019,Food and Beverage,child
12626,localyze,Summer 2019,S19,2019,B2B,top
12626,localyze,Summer 2019,S19,2019,Human Resources,child
12533,lofty,Summer 2019,S19,2019,Fintech,top
12723,lokal,Summer 2019,S19,2019,Consumer,top
12723,lokal,Summer 2019,S19,2019,Content,child
12597,lucid-bots,Summer 2019,S19,2019,Industrials,top
12597,lucid-bots,Summer 2019,S19,2019,Manufacturing and Robotics,child
12623,lumineye,Summer 2019,S19,2019,Government,top
12615,lunasec,Summer 2019,S19,2019,B2B,top
12615,lunasec,Summer 2019,S19,2019,Security,child
12862,meridian-industries,Summer 2019,S19,2019,B2B,top
12862,meridian-industries,Summer 2019,S19,2019,Analytics,child
12545,method-financial,Summer 2019,S19,2019,Fintech,top
12545,method-financial,Summer 2019,S19,2019,Payments,child
12674,microverse,Summer 2019,S19,2019,Education,top
12555,mighty-health,Summer 2019,S19,2019,Healthcare,top
12555,mighty-health,Summer 2019,S19,2019,Consumer Health and Wellness,child
12653,million-marker,Summer 2019,S19,2019,Healthcare,top
12653,million-marker,Summer 2019,S19,2019,Consumer Health and Wellness,child
12619,mindset-health,Summer 2019,S19,2019,Healthcare,top
12619,mindset-health,Summer 2019,S19,2019,Medical Devices,child
12849,mipos-dev,Summer 2019,S19,2019,B2B,top
12849,mipos-dev,Summer 2019,S19,2019,Retail,child
12526,mofe,Summer 2019,S19,2019,Consumer,top
12526,mofe,Summer 2019,S19,2019,"Travel, Leisure and Tourism",child
12847,mudafy,Summer 2019,S19,2019,Real Estate and Construction,top
12847,mudafy,Summer 2019,S19,2019,Housing and Real Estate,child
12583,muddy,Summer 2019,S19,2019,B2B,top
12583,muddy,Summer 2019,S19,2019,Productivity,child
12835,multis,Summer 2019,S19,2019,Fintech,top
12835,multis,Summer 2019,S19,2019,Banking and Exchange,child
12728,mypetrolpump,Summer 2019,S19,2019,B2B,top
12728,mypetrolpump,Summer 2019,S19,2019,Supply Chain and Logistics,child
12741,namaste-business,Summer 2019,S19,2019,B2B,top
12741,namaste-business,Summer 2019,S19,2019,Retail,child
12598,narrator,Summer 2019,S19,2019,B2B,top
12598,narrator,Summer 2019,S19,2019,Infrastructure,child
12629,nonu,Summer 2019,S19,2019,Healthcare,top
12629,nonu,Summer 2019,S19,2019,Consumer Health and Wellness,child
12600,obie,Summer 2019,S19,2019,Real Estate and Construction,top
12600,obie,Summer 2019,S19,2019,Housing and Real Estate,child
12565,odeko,Summer 2019,S19,2019,B2B,top
12911,odin,Summer 2019,S19,2019,Consumer,top
12911,odin,Summer 2019,S19,2019,Content,child
12637,asayer,Summer 2019,S19,2019,B2B,top
12637,asayer,Summer 2019,S19,2019,Infrastructure,child
12643,outtalent,Summer 2019,S19,2019,Education,top
12582,pair-team,Summer 2019,S19,2019,Healthcare,top
12582,pair-team,Summer 2019,S19,2019,Healthcare Services,child
12542,palifer,Summer 2019,S19,2019,Industrials,top
12542,palifer,Summer 2019,S19,2019,Automotive,child
12453,path,Summer 2019,S19,2019,Fintech,top
12453,path,Summer 2019,S19,2019,Consumer Finance,child
12843,paymongo,Summer 2019,S19,2019,Fintech,top
12843,paymongo,Summer 2019,S19,2019,Payments,child
12548,pillar-2,Summer 2019,S19,2019,Consumer,top
12548,pillar-2,Summer 2019,S19,2019,Content,child
11929,pippin-rent-the-backyard,Summer 2019,S19,2019,Real Estate and Construction,top
11929,pippin-rent-the-backyard,Summer 2019,S19,2019,Housing and Real Estate,child
12665,playably,Summer 2019,S19,2019,B2B,top
12507,playground,Summer 2019,S19,2019,Consumer,top
12507,playground,Summer 2019,S19,2019,Home and Personal,child
12509,popsql,Summer 2019,S19,2019,B2B,top
12509,popsql,Summer 2019,S19,2019,"Engineering, Product and Design",child
12571,preclusio,Summer 2019,S19,2019,B2B,top
12571,preclusio,Summer 2019,S19,2019,Infrastructure,child
12832,predictleads,Summer 2019,S19,2019,B2B,top
12832,predictleads,Summer 2019,S19,2019,Analytics,child
12454,prenda,Summer 2019,S19,2019,Education,top
12612,prolific,Summer 2019,S19,2019,B2B,top
12570,prompt,Summer 2019,S19,2019,B2B,top
12570,prompt,Summer 2019,S19,2019,Infrastructure,child
12727,proof-trading,Summer 2019,S19,2019,Fintech,top
12727,proof-trading,Summer 2019,S19,2019,Banking and Exchange,child
12647,rainbow,Summer 2019,S19,2019,Fintech,top
12647,rainbow,Summer 2019,S19,2019,Consumer Finance,child
12768,ramen-vr,Summer 2019,S19,2019,Consumer,top
12768,ramen-vr,Summer 2019,S19,2019,Gaming,child
12837,recidiviz,Summer 2019,S19,2019,Government,top
12624,revel,Summer 2019,S19,2019,Consumer,top
12624,revel,Summer 2019,S19,2019,Social,child
12541,revercare,Summer 2019,S19,2019,B2B,top
12541,revercare,Summer 2019,S19,2019,Human Resources,child
12660,rosebud-ai,Summer 2019,S19,2019,Consumer,top
12661,rutter,Summer 2019,S19,2019,B2B,top
12661,rutter,Summer 2019,S19,2019,"Engineering, Product and Design",child
12599,sable,Summer 2019,S19,2019,Fintech,top
12599,sable,Summer 2019,S19,2019,Consumer Finance,child
12461,safely-finance,Summer 2019,S19,2019,Consumer,top
12461,safely-finance,Summer 2019,S19,2019,Home and Personal,child
12941,sequence-bio,Summer 2019,S19,2019,Healthcare,top
12941,sequence-bio,Summer 2019,S19,2019,Drug Discovery and Delivery,child
12560,shift-health,Summer 2019,S19,2019,Healthcare,top
12560,shift-health,Summer 2019,S19,2019,Healthcare Services,child
12531,shiru,Summer 2019,S19,2019,Healthcare,top
12531,shiru,Summer 2019,S19,2019,Industrial Bio,child
12572,short-story,Summer 2019,S19,2019,Consumer,top
12572,short-story,Summer 2019,S19,2019,Apparel and Cosmetics,child
12609,soteris,Summer 2019,S19,2019,Fintech,top
12609,soteris,Summer 2019,S19,2019,Insurance,child
12544,souffle-club,Summer 2019,S19,2019,Consumer,top
12544,souffle-club,Summer 2019,S19,2019,Job and Career Services,child
12797,spice-data,Summer 2019,S19,2019,B2B,top
12040,superorder,Summer 2019,S19,2019,B2B,top
12008,swadesh,Summer 2019,S19,2019,Fintech,top
12008,swadesh,Summer 2019,S19,2019,Consumer Finance,child
12549,symplex,Summer 2019,S19,2019,B2B,top
12608,trm-labs,Summer 2019,S19,2019,B2B,top
12608,trm-labs,Summer 2019,S19,2019,Security,child
12630,tandem,Summer 2019,S19,2019,B2B,top
12630,tandem,Summer 2019,S19,2019,Productivity,child
12863,taskade,Summer 2019,S19,2019,B2B,top
12863,taskade,Summer 2019,S19,2019,Productivity,child
12627,taxproper,Summer 2019,S19,2019,Real Estate and Construction,top
12737,tensil,Summer 2019,S19,2019,Industrials,top
12737,tensil,Summer 2019,S19,2019,Manufacturing and Robotics,child
12425,together-software,Summer 2019,S19,2019,B2B,top
12425,together-software,Summer 2019,S19,2019,Human Resources,child
12846,traces,Summer 2019,S19,2019,B2B,top
12846,traces,Summer 2019,S19,2019,Security,child
12839,tranqui-finanzas,Summer 2019,S19,2019,Fintech,top
12839,tranqui-finanzas,Summer 2019,S19,2019,Credit and Lending,child
12836,trella,Summer 2019,S19,2019,B2B,top
12836,trella,Summer 2019,S19,2019,Supply Chain and Logistics,child
12890,unflow,Summer 2019,S19,2019,B2B,top
12890,unflow,Summer 2019,S19,2019,"Engineering, Product and Design",child
12625,upequity,Summer 2019,S19,2019,Real Estate and Construction,top
12625,upequity,Summer 2019,S19,2019,Housing and Real Estate,child
12738,vahan,Summer 2019,S19,2019,B2B,top
12738,vahan,Summer 2019,S19,2019,Recruiting and Talent,child
12853,valiu,Summer 2019,S19,2019,Fintech,top
12853,valiu,Summer 2019,S19,2019,Payments,child
12878,vendr,Summer 2019,S19,2019,B2B,top
12878,vendr,Summer 2019,S19,2019,Operations,child
12854,vitau,Summer 2019,S19,2019,Healthcare,top
12854,vitau,Summer 2019,S19,2019,Healthcare IT,child
12452,vizy,Summer 2019,S19,2019,Consumer,top
12452,vizy,Summer 2019,S19,2019,Transportation Services,child
12867,vorticity,Summer 2019,S19,2019,Industrials,top
12867,vorticity,Summer 2019,S19,2019,Manufacturing and Robotics,child
12504,vouch,Summer 2019,S19,2019,Fintech,top
12504,vouch,Summer 2019,S19,2019,Insurance,child
12580,voyage-biomedical,Summer 2019,S19,2019,Healthcare,top
12580,voyage-biomedical,Summer 2019,S19,2019,Medical Devices,child
12675,wasmer,Summer 2019,S19,2019,B2B,top
12675,wasmer,Summer 2019,S19,2019,Infrastructure,child
12553,well-principled,Summer 2019,S19,2019,B2B,top
12710,wingman,Summer 2019,S19,2019,B2B,top
12710,wingman,Summer 2019,S19,2019,Sales,child
12076,wren,Summer 2019,S19,2019,Industrials,top
12076,wren,Summer 2019,S19,2019,Climate,child
12622,yummy-future,Summer 2019,S19,2019,Industrials,top
12622,yummy-future,Summer 2019,S19,2019,Manufacturing and Robotics,child
12632,zeta-surgical,Summer 2019,S19,2019,Healthcare,top
12632,zeta-surgical,Summer 2019,S19,2019,Medical Devices,child
12575,zeal,Summer 2019,S19,2019,Fintech,top
12657,zergo,Summer 2019,S19,2019,Healthcare,top
12657,zergo,Summer 2019,S19,2019,Diagnostics,child
12240,zippi,Summer 2019,S19,2019,Fintech,top
12240,zippi,Summer 2019,S19,2019,Credit and Lending,child
12527,matagora,Summer 2019,S19,2019,B2B,top
12527,matagora,Summer 2019,S19,2019,Retail,child
12666,spotless-materials,Summer 2019,S19,2019,Industrials,top
12833,stoic,Summer 2019,S19,2019,Healthcare,top
12833,stoic,Summer 2019,S19,2019,Consumer Health and Wellness,child
12855,treble-ai,Summer 2019,S19,2019,B2B,top
12855,treble-ai,Summer 2019,S19,2019,Marketing,child
12848,zeroheight,Summer 2019,S19,2019,B2B,top
12848,zeroheight,Summer 2019,S19,2019,"Engineering, Product and Design",child
13523,99minutos,Winter 2020,W20,2020,B2B,top
13523,99minutos,Winter 2020,W20,2020,Supply Chain and Logistics,child
13316,aios,Winter 2020,W20,2020,Healthcare,top
13316,aios,Winter 2020,W20,2020,Consumer Health and Wellness,child
13081,abalone-bio,Winter 2020,W20,2020,Healthcare,top
13081,abalone-bio,Winter 2020,W20,2020,Drug Discovery and Delivery,child
13340,able,Winter 2020,W20,2020,Consumer,top
13340,able,Winter 2020,W20,2020,Job and Career Services,child
13058,accord,Winter 2020,W20,2020,B2B,top
13058,accord,Winter 2020,W20,2020,Sales,child
13141,aden,Winter 2020,W20,2020,B2B,top
13141,aden,Winter 2020,W20,2020,Infrastructure,child
13549,airbyte,Winter 2020,W20,2020,B2B,top
13705,algen-biotechnologies,Winter 2020,W20,2020,Healthcare,top
13705,algen-biotechnologies,Winter 2020,W20,2020,Drug Discovery and Delivery,child
13217,altay-therapeutics,Winter 2020,W20,2020,Healthcare,top
13217,altay-therapeutics,Winter 2020,W20,2020,Therapeutics,child
13083,alude,Winter 2020,W20,2020,Real Estate and Construction,top
13083,alude,Winter 2020,W20,2020,Housing and Real Estate,child
13415,angle-health,Winter 2020,W20,2020,Fintech,top
13415,angle-health,Winter 2020,W20,2020,Insurance,child
13671,ansa-biotechnologies,Winter 2020,W20,2020,Healthcare,top
13671,ansa-biotechnologies,Winter 2020,W20,2020,Industrial Bio,child
13496,apartio,Winter 2020,W20,2020,Fintech,top
13496,apartio,Winter 2020,W20,2020,Consumer Finance,child
13114,ardis-ai,Winter 2020,W20,2020,B2B,top
13114,ardis-ai,Winter 2020,W20,2020,Infrastructure,child
13522,atmo,Winter 2020,W20,2020,Industrials,top
13477,avion,Winter 2020,W20,2020,Industrials,top
13477,avion,Winter 2020,W20,2020,Drones,child
13485,bamboo,Winter 2020,W20,2020,Fintech,top
13485,bamboo,Winter 2020,W20,2020,Consumer Finance,child
13498,be-go,Winter 2020,W20,2020,B2B,top
13498,be-go,Winter 2020,W20,2020,Supply Chain and Logistics,child
13610,belvo,Winter 2020,W20,2020,Fintech,top
13610,belvo,Winter 2020,W20,2020,Banking and Exchange,child
13170,benepass,Winter 2020,W20,2020,B2B,top
13170,benepass,Winter 2020,W20,2020,Human Resources,child
13372,bikry,Winter 2020,W20,2020,B2B,top
13372,bikry,Winter 2020,W20,2020,Retail,child
13200,blok,Winter 2020,W20,2020,Consumer,top
13200,blok,Winter 2020,W20,2020,Home and Personal,child
13430,breathe-well-being,Winter 2020,W20,2020,Healthcare,top
13430,breathe-well-being,Winter 2020,W20,2020,Consumer Health and Wellness,child
13072,breezeful,Winter 2020,W20,2020,Fintech,top
13072,breezeful,Winter 2020,W20,2020,Credit and Lending,child
13239,buildbuddy,Winter 2020,W20,2020,B2B,top
13239,buildbuddy,Winter 2020,W20,2020,Infrastructure,child
13674,carupi,Winter 2020,W20,2020,Consumer,top
13148,cadence,Winter 2020,W20,2020,B2B,top
13148,cadence,Winter 2020,W20,2020,Human Resources,child
13290,candid-health,Winter 2020,W20,2020,Healthcare,top
13290,candid-health,Winter 2020,W20,2020,Healthcare IT,child
13106,carbon-12-labs,Winter 2020,W20,2020,Fintech,top
13106,carbon-12-labs,Winter 2020,W20,2020,Payments,child
12724,chaos-genius,Winter 2020,W20,2020,B2B,top
12724,chaos-genius,Winter 2020,W20,2020,Analytics,child
13503,checkars,Winter 2020,W20,2020,Consumer,top
13503,checkars,Winter 2020,W20,2020,Transportation Services,child
13344,chutney-inc,Winter 2020,W20,2020,Consumer,top
13161,clayboard,Winter 2020,W20,2020,B2B,top
13161,clayboard,Winter 2020,W20,2020,Productivity,child
13233,cortex,Winter 2020,W20,2020,B2B,top
13233,cortex,Winter 2020,W20,2020,Infrastructure,child
13315,cron,Winter 2020,W20,2020,B2B,top
13315,cron,Winter 2020,W20,2020,Productivity,child
13507,crowdforce,Winter 2020,W20,2020,Fintech,top
13507,crowdforce,Winter 2020,W20,2020,Banking and Exchange,child
13476,daedalus,Winter 2020,W20,2020,Industrials,top
13476,daedalus,Winter 2020,W20,2020,Manufacturing and Robotics,child
13145,dashworks,Winter 2020,W20,2020,B2B,top
13145,dashworks,Winter 2020,W20,2020,Productivity,child
13144,datasaur,Winter 2020,W20,2020,B2B,top
13053,datree,Winter 2020,W20,2020,B2B,top
13053,datree,Winter 2020,W20,2020,Security,child
13120,deep-meditate,Winter 2020,W20,2020,Healthcare,top
13120,deep-meditate,Winter 2020,W20,2020,Consumer Health and Wellness,child
13334,deepsource,Winter 2020,W20,2020,B2B,top
13334,deepsource,Winter 2020,W20,2020,"Engineering, Product and Design",child
13119,ditto,Winter 2020,W20,2020,B2B,top
13119,ditto,Winter 2020,W20,2020,"Engineering, Product and Design",child
12725,docvita,Winter 2020,W20,2020,Healthcare,top
12725,docvita,Winter 2020,W20,2020,Consumer Health and Wellness,child
13273,dropbase,Winter 2020,W20,2020,B2B,top
13273,dropbase,Winter 2020,W20,2020,Operations,child
13219,dropprint-genomics,Winter 2020,W20,2020,Healthcare,top
13219,dropprint-genomics,Winter 2020,W20,2020,Drug Discovery and Delivery,child
13204,duffl,Winter 2020,W20,2020,Consumer,top
13204,duffl,Winter 2020,W20,2020,Food and Beverage,child
13412,easyplan,Winter 2020,W20,2020,Fintech,top
13412,easyplan,Winter 2020,W20,2020,Asset Management,child
13164,edlyft,Winter 2020,W20,2020,B2B,top
13164,edlyft,Winter 2020,W20,2020,Productivity,child
13389,edurev,Winter 2020,W20,2020,Education,top
13483,electroneek,Winter 2020,W20,2020,B2B,top
13224,ello,Winter 2020,W20,2020,Education,top
13096,enveloop,Winter 2020,W20,2020,B2B,top
13096,enveloop,Winter 2020,W20,2020,"Engineering, Product and Design",child
13601,equator-therapeutics,Winter 2020,W20,2020,Healthcare,top
13601,equator-therapeutics,Winter 2020,W20,2020,Therapeutics,child
13146,zelos,Winter 2020,W20,2020,Consumer,top
13146,zelos,Winter 2020,W20,2020,Gaming,child
13140,exosonic-inc,Winter 2020,W20,2020,Industrials,top
13140,exosonic-inc,Winter 2020,W20,2020,Aviation and Space,child
13102,explo,Winter 2020,W20,2020,B2B,top
13102,explo,Winter 2020,W20,2020,Analytics,child
13169,eze,Winter 2020,W20,2020,B2B,top
13169,eze,Winter 2020,W20,2020,Retail,child
13488,futura,Winter 2020,W20,2020,Healthcare,top
13488,futura,Winter 2020,W20,2020,Consumer Health and Wellness,child
12831,facio,Winter 2020,W20,2020,Fintech,top
12831,facio,Winter 2020,W20,2020,Credit and Lending,child
13105,factored-quality,Winter 2020,W20,2020,B2B,top
13105,factored-quality,Winter 2020,W20,2020,Supply Chain and Logistics,child
13167,farcast,Winter 2020,W20,2020,Industrials,top
13167,farcast,Winter 2020,W20,2020,Aviation and Space,child
13178,felix-biotechnology,Winter 2020,W20,2020,Healthcare,top
13178,felix-biotechnology,Winter 2020,W20,2020,Drug Discovery and Delivery,child
12742,finlens,Winter 2020,W20,2020,B2B,top
12742,finlens,Winter 2020,W20,2020,Finance and Accounting,child
13100,fitnessai,Winter 2020,W20,2020,Consumer,top
13100,fitnessai,Winter 2020,W20,2020,Home and Personal,child
13110,flowdash,Winter 2020,W20,2020,B2B,top
13110,flowdash,Winter 2020,W20,2020,"Engineering, Product and Design",child
12974,flowglad,Winter 2020,W20,2020,B2B,top
13175,fly-io,Winter 2020,W20,2020,B2B,top
13175,fly-io,Winter 2020,W20,2020,Infrastructure,child
13495,fondeadora,Winter 2020,W20,2020,Fintech,top
13495,fondeadora,Winter 2020,W20,2020,Banking and Exchange,child
13573,gas-pos,Winter 2020,W20,2020,Fintech,top
13573,gas-pos,Winter 2020,W20,2020,Payments,child
12581,genecis-bio,Winter 2020,W20,2020,Industrials,top
12581,genecis-bio,Winter 2020,W20,2020,Manufacturing and Robotics,child
13216,general-proximity,Winter 2020,W20,2020,Healthcare,top
13216,general-proximity,Winter 2020,W20,2020,Drug Discovery and Delivery,child
13509,giveaway,Winter 2020,W20,2020,Consumer,top
13509,giveaway,Winter 2020,W20,2020,Home and Personal,child
13156,glimpse,Winter 2020,W20,2020,Consumer,top
13156,glimpse,Winter 2020,W20,2020,Social,child
13113,glisten-ai,Winter 2020,W20,2020,B2B,top
13113,glisten-ai,Winter 2020,W20,2020,"Engineering, Product and Design",child
13206,global-belly,Winter 2020,W20,2020,B2B,top
13206,global-belly,Winter 2020,W20,2020,Retail,child
13174,grain,Winter 2020,W20,2020,Fintech,top
13174,grain,Winter 2020,W20,2020,Credit and Lending,child
13508,guruhotel,Winter 2020,W20,2020,Fintech,top
13508,guruhotel,Winter 2020,W20,2020,Payments,child
13133,h1,Winter 2020,W20,2020,Healthcare,top
13133,h1,Winter 2020,W20,2020,Healthcare IT,child
13504,handl,Winter 2020,W20,2020,B2B,top
13504,handl,Winter 2020,W20,2020,Operations,child
13121,handoff,Winter 2020,W20,2020,Real Estate and Construction,top
13121,handoff,Winter 2020,W20,2020,Construction,child
13149,haven,Winter 2020,W20,2020,Fintech,top
13149,haven,Winter 2020,W20,2020,Credit and Lending,child
13516,healthlane,Winter 2020,W20,2020,Healthcare,top
13516,healthlane,Winter 2020,W20,2020,Consumer Health and Wellness,child
12726,helpnow,Winter 2020,W20,2020,Healthcare,top
12726,helpnow,Winter 2020,W20,2020,Healthcare Services,child
13484,hent,Winter 2020,W20,2020,Real Estate and Construction,top
13484,hent,Winter 2020,W20,2020,Housing and Real Estate,child
13061,hideout,Winter 2020,W20,2020,Consumer,top
13061,hideout,Winter 2020,W20,2020,Food and Beverage,child
13353,hiration,Winter 2020,W20,2020,Consumer,top
13353,hiration,Winter 2020,W20,2020,Job and Career Services,child
13400,hiresweet,Winter 2020,W20,2020,B2B,top
13400,hiresweet,Winter 2020,W20,2020,Recruiting and Talent,child
13166,homestead,Winter 2020,W20,2020,Real Estate and Construction,top
13166,homestead,Winter 2020,W20,2020,Housing and Real Estate,child
13095,hoss,Winter 2020,W20,2020,B2B,top
13095,hoss,Winter 2020,W20,2020,"Engineering, Product and Design",child
13572,humanly,Winter 2020,W20,2020,B2B,top
13572,humanly,Winter 2020,W20,2020,Recruiting and Talent,child
13168,infield,Winter 2020,W20,2020,B2B,top
13168,infield,Winter 2020,W20,2020,"Engineering, Product and Design",child
13442,isabl,Winter 2020,W20,2020,Healthcare,top
13442,isabl,Winter 2020,W20,2020,Diagnostics,child
13117,jamiphy,Winter 2020,W20,2020,Consumer,top
13117,jamiphy,Winter 2020,W20,2020,Social,child
13627,jenfi,Winter 2020,W20,2020,Fintech,top
13627,jenfi,Winter 2020,W20,2020,Credit and Lending,child
13673,jet-admin,Winter 2020,W20,2020,B2B,top
13673,jet-admin,Winter 2020,W20,2020,"Engineering, Product and Design",child
13319,jitter,Winter 2020,W20,2020,B2B,top
13319,jitter,Winter 2020,W20,2020,"Engineering, Product and Design",child
13321,junction,Winter 2020,W20,2020,Healthcare,top
13321,junction,Winter 2020,W20,2020,Consumer Health and Wellness,child
13050,kaiten,Winter 2020,W20,2020,Consumer,top
13050,kaiten,Winter 2020,W20,2020,Food and Beverage,child
12950,karat-financial,Winter 2020,W20,2020,Fintech,top
12950,karat-financial,Winter 2020,W20,2020,Credit and Lending,child
13265,kinter,Winter 2020,W20,2020,B2B,top
13265,kinter,Winter 2020,W20,2020,Finance and Accounting,child
13335,kosh,Winter 2020,W20,2020,Fintech,top
13335,kosh,Winter 2020,W20,2020,Credit and Lending,child
13073,laguna,Winter 2020,W20,2020,Real Estate and Construction,top
13073,laguna,Winter 2020,W20,2020,Housing and Real Estate,child
13320,laserfocus,Winter 2020,W20,2020,B2B,top
13320,laserfocus,Winter 2020,W20,2020,Sales,child
13620,legionfarm,Winter 2020,W20,2020,Consumer,top
13620,legionfarm,Winter 2020,W20,2020,Gaming,child
13104,letterdrop,Winter 2020,W20,2020,B2B,top
13104,letterdrop,Winter 2020,W20,2020,Sales,child
13086,lilia,Winter 2020,W20,2020,Healthcare,top
13086,lilia,Winter 2020,W20,2020,Consumer Health and Wellness,child
13497,linkana,Winter 2020,W20,2020,B2B,top
13497,linkana,Winter 2020,W20,2020,Supply Chain and Logistics,child
13532,living-carbon,Winter 2020,W20,2020,Industrials,top
13532,living-carbon,Winter 2020,W20,2020,Climate,child
13205,logarithm-labs,Winter 2020,W20,2020,B2B,top
12743,loop-health,Winter 2020,W20,2020,Healthcare,top
12743,loop-health,Winter 2020,W20,2020,Healthcare Services,child
13215,medicare-vox-fka-fair-square,Winter 2020,W20,2020,Healthcare,top
13215,medicare-vox-fka-fair-square,Winter 2020,W20,2020,Consumer Health and Wellness,child
13616,menten-ai,Winter 2020,W20,2020,Healthcare,top
13616,menten-ai,Winter 2020,W20,2020,Drug Discovery and Delivery,child
13211,metaplane,Winter 2020,W20,2020,B2B,top
13211,metaplane,Winter 2020,W20,2020,"Engineering, Product and Design",child
12638,milo,Winter 2020,W20,2020,Consumer,top
12638,milo,Winter 2020,W20,2020,Home and Personal,child
13098,mindsdb,Winter 2020,W20,2020,B2B,top
13098,mindsdb,Winter 2020,W20,2020,Infrastructure,child
13241,mini-exhibitions,Winter 2020,W20,2020,B2B,top
13241,mini-exhibitions,Winter 2020,W20,2020,Recruiting and Talent,child
13309,modernbanc,Winter 2020,W20,2020,Fintech,top
13351,morphle-labs,Winter 2020,W20,2020,Healthcare,top
13351,morphle-labs,Winter 2020,W20,2020,Medical Devices,child
12871,motion,Winter 2020,W20,2020,B2B,top
12871,motion,Winter 2020,W20,2020,Productivity,child
13223,multiverse,Winter 2020,W20,2020,Consumer,top
13223,multiverse,Winter 2020,W20,2020,Gaming,child
13122,nextmv,Winter 2020,W20,2020,B2B,top
13122,nextmv,Winter 2020,W20,2020,"Engineering, Product and Design",child
13471,nexu,Winter 2020,W20,2020,Fintech,top
13471,nexu,Winter 2020,W20,2020,Credit and Lending,child
13302,nimbus,Winter 2020,W20,2020,Industrials,top
13302,nimbus,Winter 2020,W20,2020,Automotive,child
13506,nomic-bio,Winter 2020,W20,2020,Healthcare,top
13506,nomic-bio,Winter 2020,W20,2020,Diagnostics,child
13076,nugget,Winter 2020,W20,2020,Consumer,top
13076,nugget,Winter 2020,W20,2020,Content,child
13672,ochre-bio,Winter 2020,W20,2020,Healthcare,top
13672,ochre-bio,Winter 2020,W20,2020,Therapeutics,child
13472,oda,Winter 2020,W20,2020,B2B,top
13472,oda,Winter 2020,W20,2020,Marketing,child
13075,okay,Winter 2020,W20,2020,B2B,top
13075,okay,Winter 2020,W20,2020,Productivity,child
13434,openbiome,Winter 2020,W20,2020,Healthcare,top
13434,openbiome,Winter 2020,W20,2020,Therapeutics,child
13115,openunit,Winter 2020,W20,2020,B2B,top
13115,openunit,Winter 2020,W20,2020,Operations,child
13185,operatorio,Winter 2020,W20,2020,B2B,top
13099,ophelia,Winter 2020,W20,2020,Healthcare,top
13099,ophelia,Winter 2020,W20,2020,Consumer Health and Wellness,child
13112,orbiter,Winter 2020,W20,2020,B2B,top
13112,orbiter,Winter 2020,W20,2020,Analytics,child
13480,orchata,Winter 2020,W20,2020,Consumer,top
13480,orchata,Winter 2020,W20,2020,Food and Beverage,child
13408,pahamify,Winter 2020,W20,2020,Education,top
13103,paneau,Winter 2020,W20,2020,Consumer,top
13103,paneau,Winter 2020,W20,2020,Content,child
13111,pantheon,Winter 2020,W20,2020,Education,top
13067,paragon,Winter 2020,W20,2020,B2B,top
13067,paragon,Winter 2020,W20,2020,"Engineering, Product and Design",child
13214,pashi,Winter 2020,W20,2020,Industrials,top
13214,pashi,Winter 2020,W20,2020,Manufacturing and Robotics,child
13341,pay-swifter,Winter 2020,W20,2020,Fintech,top
13341,pay-swifter,Winter 2020,W20,2020,Banking and Exchange,child
13165,peg,Winter 2020,W20,2020,Fintech,top
13165,peg,Winter 2020,W20,2020,Payments,child
13118,perceptive-technologies,Winter 2020,W20,2020,Healthcare,top
13118,perceptive-technologies,Winter 2020,W20,2020,Medical Devices,child
13074,phonic,Winter 2020,W20,2020,B2B,top
13074,phonic,Winter 2020,W20,2020,Marketing,child
13348,pillarplus,Winter 2020,W20,2020,Real Estate and Construction,top
13348,pillarplus,Winter 2020,W20,2020,Construction,child
13213,plura,Winter 2020,W20,2020,Consumer,top
13213,plura,Winter 2020,W20,2020,Social,child
13088,polytomic,Winter 2020,W20,2020,B2B,top
13088,polytomic,Winter 2020,W20,2020,Analytics,child
13332,postera,Winter 2020,W20,2020,Healthcare,top
13332,postera,Winter 2020,W20,2020,Drug Discovery and Delivery,child
13312,posthog,Winter 2020,W20,2020,B2B,top
13312,posthog,Winter 2020,W20,2020,Analytics,child
13525,powerx,Winter 2020,W20,2020,Industrials,top
13525,powerx,Winter 2020,W20,2020,Climate,child
13570,prelay,Winter 2020,W20,2020,B2B,top
13570,prelay,Winter 2020,W20,2020,Sales,child
13158,protobase,Winter 2020,W20,2020,B2B,top
13158,protobase,Winter 2020,W20,2020,"Engineering, Product and Design",child
13097,pulley,Winter 2020,W20,2020,B2B,top
13097,pulley,Winter 2020,W20,2020,Finance and Accounting,child
13231,querypie-ai,Winter 2020,W20,2020,B2B,top
13107,quickcard,Winter 2020,W20,2020,B2B,top
13107,quickcard,Winter 2020,W20,2020,Sales,child
13242,quill,Winter 2020,W20,2020,B2B,top
13242,quill,Winter 2020,W20,2020,Analytics,child
13505,ramani,Winter 2020,W20,2020,B2B,top
13505,ramani,Winter 2020,W20,2020,Retail,child
13414,raycast,Winter 2020,W20,2020,B2B,top
13414,raycast,Winter 2020,W20,2020,Productivity,child
13519,recall-ai,Winter 2020,W20,2020,B2B,top
13519,recall-ai,Winter 2020,W20,2020,Infrastructure,child
13234,release,Winter 2020,W20,2020,B2B,top
13234,release,Winter 2020,W20,2020,"Engineering, Product and Design",child
13147,replicate,Winter 2020,W20,2020,B2B,top
13147,replicate,Winter 2020,W20,2020,Infrastructure,child
13305,revenir,Winter 2020,W20,2020,Fintech,top
13305,revenir,Winter 2020,W20,2020,Consumer Finance,child
13311,riot,Winter 2020,W20,2020,B2B,top
13311,riot,Winter 2020,W20,2020,Security,child
13199,riya-collective,Winter 2020,W20,2020,Consumer,top
13199,riya-collective,Winter 2020,W20,2020,Apparel and Cosmetics,child
13087,robotire,Winter 2020,W20,2020,Industrials,top
13087,robotire,Winter 2020,W20,2020,Automotive,child
13524,send,Winter 2020,W20,2020,B2B,top
13524,send,Winter 2020,W20,2020,Supply Chain and Logistics,child
13151,sinai,Winter 2020,W20,2020,Industrials,top
13151,sinai,Winter 2020,W20,2020,Energy,child
13479,somatic,Winter 2020,W20,2020,Industrials,top
13479,somatic,Winter 2020,W20,2020,Manufacturing and Robotics,child
13500,stark-bank,Winter 2020,W20,2020,Fintech,top
13500,stark-bank,Winter 2020,W20,2020,Banking and Exchange,child
13511,sakneen,Winter 2020,W20,2020,Real Estate and Construction,top
13511,sakneen,Winter 2020,W20,2020,Housing and Real Estate,child
13236,savvy-2,Winter 2020,W20,2020,Fintech,top
13236,savvy-2,Winter 2020,W20,2020,Insurance,child
13501,sayana,Winter 2020,W20,2020,Healthcare,top
13501,sayana,Winter 2020,W20,2020,Consumer Health and Wellness,child
13209,scout,Winter 2020,W20,2020,B2B,top
13209,scout,Winter 2020,W20,2020,Infrastructure,child
13101,segmed,Winter 2020,W20,2020,Healthcare,top
13101,segmed,Winter 2020,W20,2020,Diagnostics,child
13179,signadot,Winter 2020,W20,2020,B2B,top
13179,signadot,Winter 2020,W20,2020,Infrastructure,child
13220,simple-strips,Winter 2020,W20,2020,Healthcare,top
13220,simple-strips,Winter 2020,W20,2020,Diagnostics,child
13322,skypher,Winter 2020,W20,2020,B2B,top
13322,skypher,Winter 2020,W20,2020,Security,child
13323,snapboard,Winter 2020,W20,2020,B2B,top
13323,snapboard,Winter 2020,W20,2020,Productivity,child
13391,spenny,Winter 2020,W20,2020,Fintech,top
13391,spenny,Winter 2020,W20,2020,Consumer Finance,child
13349,sprintai,Winter 2020,W20,2020,B2B,top
13349,sprintai,Winter 2020,W20,2020,Retail,child
13512,stable,Winter 2020,W20,2020,B2B,top
13512,stable,Winter 2020,W20,2020,Office Management,child
13172,startplaying-games,Winter 2020,W20,2020,Consumer,top
13172,startplaying-games,Winter 2020,W20,2020,Gaming,child
13343,stayqrious,Winter 2020,W20,2020,Education,top
13084,stratumai,Winter 2020,W20,2020,Industrials,top
13084,stratumai,Winter 2020,W20,2020,Climate,child
13482,swipe-technologies,Winter 2020,W20,2020,Fintech,top
13406,synapsica-healthcare,Winter 2020,W20,2020,Healthcare,top
13406,synapsica-healthcare,Winter 2020,W20,2020,Diagnostics,child
13536,syncro,Winter 2020,W20,2020,B2B,top
13536,syncro,Winter 2020,W20,2020,Recruiting and Talent,child
13350,tagmango,Winter 2020,W20,2020,Consumer,top
13350,tagmango,Winter 2020,W20,2020,Social,child
13109,taiv,Winter 2020,W20,2020,B2B,top
13109,taiv,Winter 2020,W20,2020,Marketing,child
13494,tajir,Winter 2020,W20,2020,B2B,top
13494,tajir,Winter 2020,W20,2020,Retail,child
13198,talyn-air,Winter 2020,W20,2020,Industrials,top
13198,talyn-air,Winter 2020,W20,2020,Aviation and Space,child
13548,tambua-health,Winter 2020,W20,2020,Healthcare,top
13579,tasker-ai,Winter 2020,W20,2020,B2B,top
13085,teleo,Winter 2020,W20,2020,Industrials,top
13085,teleo,Winter 2020,W20,2020,Manufacturing and Robotics,child
13499,termii,Winter 2020,W20,2020,B2B,top
13499,termii,Winter 2020,W20,2020,Infrastructure,child
13160,terusama,Winter 2020,W20,2020,B2B,top
13160,terusama,Winter 2020,W20,2020,Supply Chain and Logistics,child
13171,the-mercer-club,Winter 2020,W20,2020,Consumer,top
13171,the-mercer-club,Winter 2020,W20,2020,Apparel and Cosmetics,child
13362,thunderpod,Winter 2020,W20,2020,B2B,top
13207,tienda-crypto,Winter 2020,W20,2020,Fintech,top
13207,tienda-crypto,Winter 2020,W20,2020,Banking and Exchange,child
13303,todesktop,Winter 2020,W20,2020,B2B,top
13303,todesktop,Winter 2020,W20,2020,"Engineering, Product and Design",child
13116,tough-commerce,Winter 2020,W20,2020,Real Estate and Construction,top
13116,tough-commerce,Winter 2020,W20,2020,Construction,child
13176,truenorth,Winter 2020,W20,2020,B2B,top
13176,truenorth,Winter 2020,W20,2020,Supply Chain and Logistics,child
13218,turing-labs-inc,Winter 2020,W20,2020,B2B,top
13218,turing-labs-inc,Winter 2020,W20,2020,Retail,child
13238,typedream,Winter 2020,W20,2020,Consumer,top
13238,typedream,Winter 2020,W20,2020,Content,child
13333,upflow,Winter 2020,W20,2020,Fintech,top
13333,upflow,Winter 2020,W20,2020,Payments,child
13346,urbankisaan,Winter 2020,W20,2020,Industrials,top
13346,urbankisaan,Winter 2020,W20,2020,Agriculture,child
13486,valienta,Winter 2020,W20,2020,B2B,top
13486,valienta,Winter 2020,W20,2020,Retail,child
13177,visual-one,Winter 2020,W20,2020,Consumer,top
13177,visual-one,Winter 2020,W20,2020,Consumer Electronics,child
13473,viya,Winter 2020,W20,2020,Real Estate and Construction,top
13473,viya,Winter 2020,W20,2020,Housing and Real Estate,child
13079,volumetric,Winter 2020,W20,2020,Healthcare,top
13079,volumetric,Winter 2020,W20,2020,Industrial Bio,child
13240,vori,Winter 2020,W20,2020,B2B,top
13240,vori,Winter 2020,W20,2020,Retail,child
13157,weav,Winter 2020,W20,2020,B2B,top
13157,weav,Winter 2020,W20,2020,"Engineering, Product and Design",child
13227,welcome,Winter 2020,W20,2020,B2B,top
13227,welcome,Winter 2020,W20,2020,Operations,child
13208,whatnot,Winter 2020,W20,2020,Consumer,top
13557,workpay,Winter 2020,W20,2020,B2B,top
13557,workpay,Winter 2020,W20,2020,Human Resources,child
13642,yassir,Winter 2020,W20,2020,Consumer,top
13642,yassir,Winter 2020,W20,2020,Transportation Services,child
13195,zaam,Winter 2020,W20,2020,B2B,top
13195,zaam,Winter 2020,W20,2020,Operations,child
13052,zaraz,Winter 2020,W20,2020,B2B,top
13052,zaraz,Winter 2020,W20,2020,"Engineering, Product and Design",child
13352,zeo-route-planner,Winter 2020,W20,2020,B2B,top
13352,zeo-route-planner,Winter 2020,W20,2020,Supply Chain and Logistics,child
13405,zumo-labs,Winter 2020,W20,2020,B2B,top
13405,zumo-labs,Winter 2020,W20,2020,"Engineering, Product and Design",child
13502,zynq,Winter 2020,W20,2020,B2B,top
13502,zynq,Winter 2020,W20,2020,Productivity,child
13520,borong,Winter 2020,W20,2020,B2B,top
13520,borong,Winter 2020,W20,2020,Retail,child
13475,delt-ai,Winter 2020,W20,2020,Fintech,top
13475,delt-ai,Winter 2020,W20,2020,Banking and Exchange,child
13347,farmtheory,Winter 2020,W20,2020,B2B,top
13347,farmtheory,Winter 2020,W20,2020,Supply Chain and Logistics,child
13337,godutch,Winter 2020,W20,2020,Fintech,top
13337,godutch,Winter 2020,W20,2020,Payments,child
13310,onetool,Winter 2020,W20,2020,B2B,top
13310,onetool,Winter 2020,W20,2020,Operations,child
13354,ybanq,Winter 2020,W20,2020,Fintech,top
13354,ybanq,Winter 2020,W20,2020,Payments,child
13108,yearend,Winter 2020,W20,2020,Fintech,top
13108,yearend,Winter 2020,W20,2020,Consumer Finance,child
22151,ai-fashion,Summer 2020,S20,2020,B2B,top
22151,ai-fashion,Summer 2020,S20,2020,Marketing,child
22152,afriex,Summer 2020,S20,2020,Fintech,top
22152,afriex,Summer 2020,S20,2020,Payments,child
22077,akiflow,Summer 2020,S20,2020,B2B,top
22077,akiflow,Summer 2020,S20,2020,Productivity,child
19888,altro,Summer 2020,S20,2020,Fintech,top
19888,altro,Summer 2020,S20,2020,Consumer Finance,child
22008,aquarium-learning,Summer 2020,S20,2020,B2B,top
22008,aquarium-learning,Summer 2020,S20,2020,Infrastructure,child
21897,arist,Summer 2020,S20,2020,B2B,top
22084,arketa,Summer 2020,S20,2020,B2B,top
22084,arketa,Summer 2020,S20,2020,Operations,child
22249,artifact,Summer 2020,S20,2020,Consumer,top
22249,artifact,Summer 2020,S20,2020,Content,child
22307,atmos,Summer 2020,S20,2020,Real Estate and Construction,top
22307,atmos,Summer 2020,S20,2020,Housing and Real Estate,child
21791,atob,Summer 2020,S20,2020,Fintech,top
21915,atomic,Summer 2020,S20,2020,B2B,top
21915,atomic,Summer 2020,S20,2020,Retail,child
21855,atomized,Summer 2020,S20,2020,B2B,top
21855,atomized,Summer 2020,S20,2020,Infrastructure,child
22078,awtomic,Summer 2020,S20,2020,B2B,top
22078,awtomic,Summer 2020,S20,2020,Retail,child
22002,bik,Summer 2020,S20,2020,B2B,top
22002,bik,Summer 2020,S20,2020,Retail,child
21988,balance,Summer 2020,S20,2020,Fintech,top
21988,balance,Summer 2020,S20,2020,Payments,child
21771,bandit-ml,Summer 2020,S20,2020,B2B,top
13150,basedash,Summer 2020,S20,2020,B2B,top
13150,basedash,Summer 2020,S20,2020,Analytics,child
21805,bento,Summer 2020,S20,2020,B2B,top
21805,bento,Summer 2020,S20,2020,Productivity,child
21932,biocogniv,Summer 2020,S20,2020,Healthcare,top
21914,bits,Summer 2020,S20,2020,Fintech,top
21914,bits,Summer 2020,S20,2020,Consumer Finance,child
21902,blissway,Summer 2020,S20,2020,Government,top
21784,blue-onion,Summer 2020,S20,2020,B2B,top
21784,blue-onion,Summer 2020,S20,2020,Finance and Accounting,child
22353,brevy,Summer 2020,S20,2020,B2B,top
22353,brevy,Summer 2020,S20,2020,Marketing,child
21863,bukuwarung,Summer 2020,S20,2020,Fintech,top
21863,bukuwarung,Summer 2020,S20,2020,Payments,child
22246,byte,Summer 2020,S20,2020,Consumer,top
22246,byte,Summer 2020,S20,2020,Food and Beverage,child
22323,capway,Summer 2020,S20,2020,Fintech,top
22323,capway,Summer 2020,S20,2020,Consumer Finance,child
22088,carbonchain,Summer 2020,S20,2020,Industrials,top
22088,carbonchain,Summer 2020,S20,2020,Climate,child
21856,charityvest,Summer 2020,S20,2020,Fintech,top
21856,charityvest,Summer 2020,S20,2020,Payments,child
22294,clau,Summer 2020,S20,2020,Real Estate and Construction,top
22294,clau,Summer 2020,S20,2020,Housing and Real Estate,child
21899,clearmix,Summer 2020,S20,2020,B2B,top
21899,clearmix,Summer 2020,S20,2020,Marketing,child
21997,clew,Summer 2020,S20,2020,B2B,top
21997,clew,Summer 2020,S20,2020,Infrastructure,child
22260,clover,Summer 2020,S20,2020,B2B,top
22260,clover,Summer 2020,S20,2020,Productivity,child
22063,cohere,Summer 2020,S20,2020,B2B,top
22063,cohere,Summer 2020,S20,2020,Operations,child
21767,command-ai,Summer 2020,S20,2020,B2B,top
21767,command-ai,Summer 2020,S20,2020,"Engineering, Product and Design",child
21799,conta-simples,Summer 2020,S20,2020,Fintech,top
21799,conta-simples,Summer 2020,S20,2020,Banking and Exchange,child
21882,corecare,Summer 2020,S20,2020,Healthcare,top
21882,corecare,Summer 2020,S20,2020,Healthcare IT,child
21898,cradle,Summer 2020,S20,2020,B2B,top
21898,cradle,Summer 2020,S20,2020,Retail,child
21839,current-foods,Summer 2020,S20,2020,Healthcare,top
21839,current-foods,Summer 2020,S20,2020,Industrial Bio,child
21781,datafold,Summer 2020,S20,2020,B2B,top
21781,datafold,Summer 2020,S20,2020,Analytics,child
22076,dataland,Summer 2020,S20,2020,B2B,top
22076,dataland,Summer 2020,S20,2020,Operations,child
21947,daybreak-health,Summer 2020,S20,2020,Healthcare,top
21947,daybreak-health,Summer 2020,S20,2020,Consumer Health and Wellness,child
22003,decentro,Summer 2020,S20,2020,B2B,top
22003,decentro,Summer 2020,S20,2020,"Engineering, Product and Design",child
21777,depict,Summer 2020,S20,2020,B2B,top
21777,depict,Summer 2020,S20,2020,Marketing,child
21862,dialect,Summer 2020,S20,2020,B2B,top
22131,draftwise,Summer 2020,S20,2020,B2B,top
22131,draftwise,Summer 2020,S20,2020,Legal,child
22055,drapr,Summer 2020,S20,2020,Consumer,top
22055,drapr,Summer 2020,S20,2020,Home and Personal,child
21790,dripos,Summer 2020,S20,2020,Fintech,top
21790,dripos,Summer 2020,S20,2020,Payments,child
21848,gitduck,Summer 2020,S20,2020,B2B,top
21848,gitduck,Summer 2020,S20,2020,"Engineering, Product and Design",child
21828,explorex,Summer 2020,S20,2020,Consumer,top
22228,fancy,Summer 2020,S20,2020,Consumer,top
22228,fancy,Summer 2020,S20,2020,Food and Beverage,child
22054,farel,Summer 2020,S20,2020,B2B,top
22054,farel,Summer 2020,S20,2020,Operations,child
21864,farmako-healthcare,Summer 2020,S20,2020,Healthcare,top
21864,farmako-healthcare,Summer 2020,S20,2020,Healthcare IT,child
22273,fieldguide,Summer 2020,S20,2020,B2B,top
22273,fieldguide,Summer 2020,S20,2020,Productivity,child
13163,fig,Summer 2020,S20,2020,B2B,top
13163,fig,Summer 2020,S20,2020,"Engineering, Product and Design",child
22272,finch,Summer 2020,S20,2020,B2B,top
22272,finch,Summer 2020,S20,2020,"Engineering, Product and Design",child
21793,finmark,Summer 2020,S20,2020,B2B,top
21793,finmark,Summer 2020,S20,2020,Finance and Accounting,child
22046,flint,Summer 2020,S20,2020,Healthcare,top
21895,foreword,Summer 2020,S20,2020,Education,top
22079,formal,Summer 2020,S20,2020,B2B,top
22305,future-fields,Summer 2020,S20,2020,Healthcare,top
22305,future-fields,Summer 2020,S20,2020,Industrial Bio,child
21789,gather,Summer 2020,S20,2020,B2B,top
21789,gather,Summer 2020,S20,2020,Human Resources,child
22334,gilgamesh-pharmaceuticals,Summer 2020,S20,2020,Healthcare,top
22334,gilgamesh-pharmaceuticals,Summer 2020,S20,2020,Drug Discovery and Delivery,child
22218,glimpse-2,Summer 2020,S20,2020,B2B,top
22218,glimpse-2,Summer 2020,S20,2020,Retail,child
22083,henry,Summer 2020,S20,2020,B2B,top
22083,henry,Summer 2020,S20,2020,Recruiting and Talent,child
21962,hellometer,Summer 2020,S20,2020,B2B,top
21962,hellometer,Summer 2020,S20,2020,Retail,child
22269,hellosaurus,Summer 2020,S20,2020,Consumer,top
22269,hellosaurus,Summer 2020,S20,2020,Content,child
22184,here,Summer 2020,S20,2020,Consumer,top
22184,here,Summer 2020,S20,2020,Social,child
22277,heron,Summer 2020,S20,2020,Fintech,top
22053,hotplate,Summer 2020,S20,2020,Consumer,top
22053,hotplate,Summer 2020,S20,2020,Food and Beverage,child
22278,chatpay,Summer 2020,S20,2020,B2B,top
22278,chatpay,Summer 2020,S20,2020,Sales,child
21894,humanloop,Summer 2020,S20,2020,B2B,top
21894,humanloop,Summer 2020,S20,2020,"Engineering, Product and Design",child
21993,hyper-online,Summer 2020,S20,2020,Consumer,top
21993,hyper-online,Summer 2020,S20,2020,Social,child
21811,hypermile,Summer 2020,S20,2020,B2B,top
21811,hypermile,Summer 2020,S20,2020,"Engineering, Product and Design",child
21857,hypotenuse-ai,Summer 2020,S20,2020,B2B,top
21999,in-stock,Summer 2020,S20,2020,B2B,top
21999,in-stock,Summer 2020,S20,2020,Retail,child
21727,increase,Summer 2020,S20,2020,Fintech,top
21727,increase,Summer 2020,S20,2020,Banking and Exchange,child
22257,inspectify,Summer 2020,S20,2020,Real Estate and Construction,top
22257,inspectify,Summer 2020,S20,2020,Housing and Real Estate,child
22032,intelligent,Summer 2020,S20,2020,B2B,top
22032,intelligent,Summer 2020,S20,2020,Sales,child
22007,jam-gg,Summer 2020,S20,2020,Consumer,top
22007,jam-gg,Summer 2020,S20,2020,Gaming,child
21815,jeevam-health,Summer 2020,S20,2020,Healthcare,top
21815,jeevam-health,Summer 2020,S20,2020,Consumer Health and Wellness,child
21768,jeeves,Summer 2020,S20,2020,Fintech,top
19925,jemi,Summer 2020,S20,2020,Consumer,top
19925,jemi,Summer 2020,S20,2020,Social,child
19932,jitsu,Summer 2020,S20,2020,B2B,top
19932,jitsu,Summer 2020,S20,2020,Analytics,child
21963,justo,Summer 2020,S20,2020,B2B,top
21963,justo,Summer 2020,S20,2020,Supply Chain and Logistics,child
21881,kernal-biologics,Summer 2020,S20,2020,Healthcare,top
21881,kernal-biologics,Summer 2020,S20,2020,Therapeutics,child
21957,keydb,Summer 2020,S20,2020,B2B,top
21957,keydb,Summer 2020,S20,2020,Infrastructure,child
22043,kingdom,Summer 2020,S20,2020,Healthcare,top
22043,kingdom,Summer 2020,S20,2020,Industrial Bio,child
21852,known-medicine,Summer 2020,S20,2020,Healthcare,top
21737,lsk-technologies,Summer 2020,S20,2020,Healthcare,top
21737,lsk-technologies,Summer 2020,S20,2020,Diagnostics,child
13090,ladder,Summer 2020,S20,2020,Real Estate and Construction,top
13090,ladder,Summer 2020,S20,2020,Construction,child
22082,laylo,Summer 2020,S20,2020,B2B,top
22082,laylo,Summer 2020,S20,2020,Marketing,child
22174,lendtable,Summer 2020,S20,2020,Fintech,top
22174,lendtable,Summer 2020,S20,2020,Credit and Lending,child
22106,letter,Summer 2020,S20,2020,Fintech,top
22106,letter,Summer 2020,S20,2020,Banking and Exchange,child
21782,hubble,Summer 2020,S20,2020,B2B,top
21782,hubble,Summer 2020,S20,2020,Analytics,child
22044,liyfe,Summer 2020,S20,2020,Healthcare,top
22195,lume,Summer 2020,S20,2020,Healthcare,top
21766,luminai,Summer 2020,S20,2020,B2B,top
21766,luminai,Summer 2020,S20,2020,"Engineering, Product and Design",child
22021,mailwarm,Summer 2020,S20,2020,B2B,top
22021,mailwarm,Summer 2020,S20,2020,Sales,child
21916,marketforce,Summer 2020,S20,2020,B2B,top
21916,marketforce,Summer 2020,S20,2020,Retail,child
22327,matter,Summer 2020,S20,2020,Consumer,top
22327,matter,Summer 2020,S20,2020,Content,child
22196,medpiper-technologies-inc,Summer 2020,S20,2020,Fintech,top
22196,medpiper-technologies-inc,Summer 2020,S20,2020,Insurance,child
22022,memberstack,Summer 2020,S20,2020,Fintech,top
22022,memberstack,Summer 2020,S20,2020,Payments,child
22033,memo,Summer 2020,S20,2020,B2B,top
22033,memo,Summer 2020,S20,2020,"Engineering, Product and Design",child
21949,mesh,Summer 2020,S20,2020,B2B,top
21949,mesh,Summer 2020,S20,2020,Human Resources,child
21733,metamanagement,Summer 2020,S20,2020,B2B,top
21733,metamanagement,Summer 2020,S20,2020,Infrastructure,child
22205,milkrun,Summer 2020,S20,2020,Consumer,top
22205,milkrun,Summer 2020,S20,2020,Food and Beverage,child
22062,minimum,Summer 2020,S20,2020,Industrials,top
22062,minimum,Summer 2020,S20,2020,Climate,child
22126,mito,Summer 2020,S20,2020,B2B,top
22126,mito,Summer 2020,S20,2020,Analytics,child
22217,mobius-materials,Summer 2020,S20,2020,Industrials,top
22217,mobius-materials,Summer 2020,S20,2020,Manufacturing and Robotics,child
21787,momence,Summer 2020,S20,2020,Consumer,top
21787,momence,Summer 2020,S20,2020,"Travel, Leisure and Tourism",child
21858,monosi,Summer 2020,S20,2020,B2B,top
21858,monosi,Summer 2020,S20,2020,"Engineering, Product and Design",child
22248,mozart-data,Summer 2020,S20,2020,B2B,top
22248,mozart-data,Summer 2020,S20,2020,Infrastructure,child
22026,mozper,Summer 2020,S20,2020,Fintech,top
22026,mozper,Summer 2020,S20,2020,Banking and Exchange,child
21992,nabla-bio,Summer 2020,S20,2020,Healthcare,top
21992,nabla-bio,Summer 2020,S20,2020,Drug Discovery and Delivery,child
22045,nephrogen,Summer 2020,S20,2020,Healthcare,top
22045,nephrogen,Summer 2020,S20,2020,Therapeutics,child
22238,nestybox,Summer 2020,S20,2020,B2B,top
22238,nestybox,Summer 2020,S20,2020,Infrastructure,child
21969,nextera-robotics-didgeai,Summer 2020,S20,2020,Industrials,top
21969,nextera-robotics-didgeai,Summer 2020,S20,2020,Manufacturing and Robotics,child
22251,nextstore,Summer 2020,S20,2020,B2B,top
22251,nextstore,Summer 2020,S20,2020,Marketing,child
22004,notabene,Summer 2020,S20,2020,B2B,top
22004,notabene,Summer 2020,S20,2020,Security,child
21813,nototo,Summer 2020,S20,2020,B2B,top
21813,nototo,Summer 2020,S20,2020,Productivity,child
21829,jumpstart,Summer 2020,S20,2020,Fintech,top
21829,jumpstart,Summer 2020,S20,2020,Banking and Exchange,child
21984,oico,Summer 2020,S20,2020,B2B,top
21984,oico,Summer 2020,S20,2020,Operations,child
21900,omni,Summer 2020,S20,2020,B2B,top
21900,omni,Summer 2020,S20,2020,Productivity,child
22052,onekey,Summer 2020,S20,2020,Fintech,top
22052,onekey,Summer 2020,S20,2020,Consumer Finance,child
13159,openbase,Summer 2020,S20,2020,B2B,top
13159,openbase,Summer 2020,S20,2020,"Engineering, Product and Design",child
22080,orange-health-labs,Summer 2020,S20,2020,Healthcare,top
22080,orange-health-labs,Summer 2020,S20,2020,Diagnostics,child
21930,osmind,Summer 2020,S20,2020,Healthcare,top
21930,osmind,Summer 2020,S20,2020,Healthcare IT,child
13435,overfit,Summer 2020,S20,2020,Healthcare,top
13435,overfit,Summer 2020,S20,2020,Consumer Health and Wellness,child
22075,panadata,Summer 2020,S20,2020,Government,top
22268,parade,Summer 2020,S20,2020,B2B,top
22268,parade,Summer 2020,S20,2020,Productivity,child
22111,pardes-bio,Summer 2020,S20,2020,Healthcare,top
22111,pardes-bio,Summer 2020,S20,2020,Drug Discovery and Delivery,child
22267,parrot-software,Summer 2020,S20,2020,B2B,top
22267,parrot-software,Summer 2020,S20,2020,Retail,child
21831,pave-2,Summer 2020,S20,2020,B2B,top
21831,pave-2,Summer 2020,S20,2020,Recruiting and Talent,child
22322,payflow-2,Summer 2020,S20,2020,B2B,top
22322,payflow-2,Summer 2020,S20,2020,Finance and Accounting,child
13307,photoroom,Summer 2020,S20,2020,Consumer,top
13307,photoroom,Summer 2020,S20,2020,Content,child
21996,plerk,Summer 2020,S20,2020,B2B,top
21996,plerk,Summer 2020,S20,2020,Operations,child
13091,porter,Summer 2020,S20,2020,B2B,top
13091,porter,Summer 2020,S20,2020,Infrastructure,child
21847,powerus,Summer 2020,S20,2020,Consumer,top
21847,powerus,Summer 2020,S20,2020,Job and Career Services,child
22301,quell,Summer 2020,S20,2020,Consumer,top
22301,quell,Summer 2020,S20,2020,Consumer Electronics,child
21795,questdb,Summer 2020,S20,2020,B2B,top
21795,questdb,Summer 2020,S20,2020,Infrastructure,child
21814,queue,Summer 2020,S20,2020,B2B,top
21814,queue,Summer 2020,S20,2020,"Engineering, Product and Design",child
21810,rtcanary,Summer 2020,S20,2020,Consumer,top
21810,rtcanary,Summer 2020,S20,2020,Virtual and Augmented Reality,child
13173,racer,Summer 2020,S20,2020,Consumer,top
13173,racer,Summer 2020,S20,2020,Food and Beverage,child
22247,rally,Summer 2020,S20,2020,Consumer,top
22247,rally,Summer 2020,S20,2020,Social,child
22306,rarebird,Summer 2020,S20,2020,Healthcare,top
22306,rarebird,Summer 2020,S20,2020,Industrial Bio,child
22108,ready,Summer 2020,S20,2020,B2B,top
13330,recurrency,Summer 2020,S20,2020,B2B,top
13330,recurrency,Summer 2020,S20,2020,Sales,child
22252,reflect,Summer 2020,S20,2020,B2B,top
22252,reflect,Summer 2020,S20,2020,"Engineering, Product and Design",child
13732,reploy,Summer 2020,S20,2020,B2B,top
13732,reploy,Summer 2020,S20,2020,Infrastructure,child
13235,response,Summer 2020,S20,2020,B2B,top
13235,response,Summer 2020,S20,2020,Supply Chain and Logistics,child
21792,ringmd,Summer 2020,S20,2020,Government,top
22250,riogrande,Summer 2020,S20,2020,Consumer,top
22250,riogrande,Summer 2020,S20,2020,Food and Beverage,child
21769,roboflow,Summer 2020,S20,2020,B2B,top
21769,roboflow,Summer 2020,S20,2020,"Engineering, Product and Design",child
21802,rume,Summer 2020,S20,2020,Consumer,top
21802,rume,Summer 2020,S20,2020,Social,child
22141,safebase,Summer 2020,S20,2020,B2B,top
22141,safebase,Summer 2020,S20,2020,Security,child
21812,safepay,Summer 2020,S20,2020,Fintech,top
21812,safepay,Summer 2020,S20,2020,Payments,child
13230,salesform,Summer 2020,S20,2020,B2B,top
13230,salesform,Summer 2020,S20,2020,Sales,child
22042,sameplan,Summer 2020,S20,2020,B2B,top
22042,sameplan,Summer 2020,S20,2020,Sales,child
22048,scrimba,Summer 2020,S20,2020,Education,top
21909,seal-2,Summer 2020,S20,2020,B2B,top
21909,seal-2,Summer 2020,S20,2020,Operations,child
21800,seam,Summer 2020,S20,2020,B2B,top
21800,seam,Summer 2020,S20,2020,"Engineering, Product and Design",child
21794,shuttle,Summer 2020,S20,2020,B2B,top
21794,shuttle,Summer 2020,S20,2020,Infrastructure,child
22319,siphox-health,Summer 2020,S20,2020,Healthcare,top
22319,siphox-health,Summer 2020,S20,2020,Consumer Health and Wellness,child
22050,skio,Summer 2020,S20,2020,B2B,top
22050,skio,Summer 2020,S20,2020,Marketing,child
22092,socksoho,Summer 2020,S20,2020,Consumer,top
22092,socksoho,Summer 2020,S20,2020,Apparel and Cosmetics,child
22256,sonar,Summer 2020,S20,2020,Consumer,top
22256,sonar,Summer 2020,S20,2020,Social,child
21883,speedscale,Summer 2020,S20,2020,B2B,top
21883,speedscale,Summer 2020,S20,2020,Infrastructure,child
22148,spenmo,Summer 2020,S20,2020,Fintech,top
22148,spenmo,Summer 2020,S20,2020,Banking and Exchange,child
21959,stacker,Summer 2020,S20,2020,B2B,top
21959,stacker,Summer 2020,S20,2020,Productivity,child
21979,statiq,Summer 2020,S20,2020,Industrials,top
21979,statiq,Summer 2020,S20,2020,Energy,child
21985,streamdal,Summer 2020,S20,2020,B2B,top
21985,streamdal,Summer 2020,S20,2020,Infrastructure,child
21827,strive-school,Summer 2020,S20,2020,Education,top
22091,supabase,Summer 2020,S20,2020,B2B,top
22091,supabase,Summer 2020,S20,2020,Infrastructure,child
21770,supertokens,Summer 2020,S20,2020,B2B,top
21770,supertokens,Summer 2020,S20,2020,Security,child
21885,swif-ai,Summer 2020,S20,2020,B2B,top
21885,swif-ai,Summer 2020,S20,2020,Security,child
21860,synapticure,Summer 2020,S20,2020,Healthcare,top
21860,synapticure,Summer 2020,S20,2020,Healthcare Services,child
21896,tangobuilder,Summer 2020,S20,2020,Real Estate and Construction,top
21896,tangobuilder,Summer 2020,S20,2020,Construction,child
22124,taktile,Summer 2020,S20,2020,B2B,top
21958,tappity,Summer 2020,S20,2020,Consumer,top
21958,tappity,Summer 2020,S20,2020,Content,child
22037,tella,Summer 2020,S20,2020,B2B,top
22037,tella,Summer 2020,S20,2020,Productivity,child
13481,thndr,Summer 2020,S20,2020,Fintech,top
22303,todos-comemos,Summer 2020,S20,2020,Consumer,top
22303,todos-comemos,Summer 2020,S20,2020,Food and Beverage,child
22101,together-video-chat,Summer 2020,S20,2020,Consumer,top
22101,together-video-chat,Summer 2020,S20,2020,Home and Personal,child
13306,trident-bioscience,Summer 2020,S20,2020,Healthcare,top
13306,trident-bioscience,Summer 2020,S20,2020,Drug Discovery and Delivery,child
22001,polyops,Summer 2020,S20,2020,B2B,top
22001,polyops,Summer 2020,S20,2020,Analytics,child
22047,tyltgo,Summer 2020,S20,2020,B2B,top
22047,tyltgo,Summer 2020,S20,2020,Supply Chain and Logistics,child
19890,ukama,Summer 2020,S20,2020,B2B,top
13089,unfaze-ai,Summer 2020,S20,2020,B2B,top
21917,vectrix,Summer 2020,S20,2020,B2B,top
21917,vectrix,Summer 2020,S20,2020,Security,child
22206,vena-vitals,Summer 2020,S20,2020,Healthcare,top
22206,vena-vitals,Summer 2020,S20,2020,Medical Devices,child
21816,venostent,Summer 2020,S20,2020,Healthcare,top
21816,venostent,Summer 2020,S20,2020,Medical Devices,child
22321,verifiable,Summer 2020,S20,2020,Healthcare,top
22321,verifiable,Summer 2020,S20,2020,Healthcare IT,child
22049,virtually,Summer 2020,S20,2020,B2B,top
21986,vitable-health,Summer 2020,S20,2020,Healthcare,top
21986,vitable-health,Summer 2020,S20,2020,Healthcare Services,child
21817,volopay,Summer 2020,S20,2020,Fintech,top
21817,volopay,Summer 2020,S20,2020,Payments,child
21998,wareiq,Summer 2020,S20,2020,B2B,top
21998,wareiq,Summer 2020,S20,2020,Supply Chain and Logistics,child
22241,warmly,Summer 2020,S20,2020,B2B,top
22241,warmly,Summer 2020,S20,2020,Sales,child
21901,workbase,Summer 2020,S20,2020,B2B,top
21901,workbase,Summer 2020,S20,2020,Productivity,child
21950,yotta,Summer 2020,S20,2020,Fintech,top
21950,yotta,Summer 2020,S20,2020,Consumer Finance,child
21720,zip,Summer 2020,S20,2020,B2B,top
21720,zip,Summer 2020,S20,2020,Operations,child
21788,zitara-technologies-inc,Summer 2020,S20,2020,Industrials,top
21788,zitara-technologies-inc,Summer 2020,S20,2020,Energy,child
22266,zuddl,Summer 2020,S20,2020,B2B,top
13413,adyn,Summer 2020,S20,2020,Healthcare,top
13413,adyn,Summer 2020,S20,2020,Consumer Health and Wellness,child
21956,buildspace,Summer 2020,S20,2020,Education,top
21903,doola,Summer 2020,S20,2020,B2B,top
21903,doola,Summer 2020,S20,2020,Productivity,child
21772,infeedo-ai,Summer 2020,S20,2020,B2B,top
21772,infeedo-ai,Summer 2020,S20,2020,Human Resources,child
22207,insoma-bio,Summer 2020,S20,2020,Healthcare,top
22207,insoma-bio,Summer 2020,S20,2020,Medical Devices,child
13338,hannah-life-technologies,Summer 2020,S20,2020,Healthcare,top
13338,hannah-life-technologies,Summer 2020,S20,2020,Consumer Health and Wellness,child
21906,webapp-io,Summer 2020,S20,2020,B2B,top
21906,webapp-io,Summer 2020,S20,2020,"Engineering, Product and Design",child
23629,axar-ai,Winter 2021,W21,2021,B2B,top
22579,abacum,Winter 2021,W21,2021,B2B,top
22579,abacum,Winter 2021,W21,2021,Finance and Accounting,child
23096,aerotime,Winter 2021,W21,2021,B2B,top
23096,aerotime,Winter 2021,W21,2021,Productivity,child
23292,agendapro,Winter 2021,W21,2021,B2B,top
23292,agendapro,Winter 2021,W21,2021,Marketing,child
22630,alba-orbital,Winter 2021,W21,2021,Industrials,top
22630,alba-orbital,Winter 2021,W21,2021,Aviation and Space,child
22640,albedo,Winter 2021,W21,2021,Industrials,top
22640,albedo,Winter 2021,W21,2021,Aviation and Space,child
22834,alinea,Winter 2021,W21,2021,Fintech,top
22834,alinea,Winter 2021,W21,2021,Consumer Finance,child
23630,alltruists,Winter 2021,W21,2021,Consumer,top
23630,alltruists,Winter 2021,W21,2021,Job and Career Services,child
23270,alokai,Winter 2021,W21,2021,B2B,top
23270,alokai,Winter 2021,W21,2021,"Engineering, Product and Design",child
23315,alpas,Winter 2021,W21,2021,B2B,top
22866,anima,Winter 2021,W21,2021,Healthcare,top
23537,arpio,Winter 2021,W21,2021,B2B,top
23537,arpio,Winter 2021,W21,2021,Infrastructure,child
22627,atomic-industries,Winter 2021,W21,2021,Industrials,top
22627,atomic-industries,Winter 2021,W21,2021,Manufacturing and Robotics,child
22581,atrato,Winter 2021,W21,2021,Fintech,top
22581,atrato,Winter 2021,W21,2021,Payments,child
22935,aurabeat,Winter 2021,W21,2021,Industrials,top
22935,aurabeat,Winter 2021,W21,2021,Energy,child
22934,auricle,Winter 2021,W21,2021,Healthcare,top
22934,auricle,Winter 2021,W21,2021,Medical Devices,child
23531,authologic,Winter 2021,W21,2021,B2B,top
23531,authologic,Winter 2021,W21,2021,"Engineering, Product and Design",child
22771,avenue,Winter 2021,W21,2021,B2B,top
22771,avenue,Winter 2021,W21,2021,Operations,child
23515,avion-school,Winter 2021,W21,2021,Education,top
22828,aviron-interactive,Winter 2021,W21,2021,Consumer,top
22828,aviron-interactive,Winter 2021,W21,2021,Home and Personal,child
22717,avocado,Winter 2021,W21,2021,B2B,top
22717,avocado,Winter 2021,W21,2021,Retail,child
23423,awari,Winter 2021,W21,2021,Education,top
22742,axiom-ai,Winter 2021,W21,2021,B2B,top
22742,axiom-ai,Winter 2021,W21,2021,Operations,child
22779,axle-health,Winter 2021,W21,2021,Healthcare,top
22779,axle-health,Winter 2021,W21,2021,Healthcare IT,child
23412,axolo,Winter 2021,W21,2021,B2B,top
23412,axolo,Winter 2021,W21,2021,"Engineering, Product and Design",child
22718,bewell-digital,Winter 2021,W21,2021,Healthcare,top
22718,bewell-digital,Winter 2021,W21,2021,Healthcare IT,child
23175,betterhalf,Winter 2021,W21,2021,Consumer,top
23175,betterhalf,Winter 2021,W21,2021,Social,child
22792,bimaplan,Winter 2021,W21,2021,Fintech,top
22792,bimaplan,Winter 2021,W21,2021,Insurance,child
23190,biodock,Winter 2021,W21,2021,Healthcare,top
23190,biodock,Winter 2021,W21,2021,Therapeutics,child
23445,blink,Winter 2021,W21,2021,Industrials,top
23445,blink,Winter 2021,W21,2021,Automotive,child
23555,bloom-3,Winter 2021,W21,2021,Fintech,top
23555,bloom-3,Winter 2021,W21,2021,Consumer Finance,child
22703,bluelight,Winter 2021,W21,2021,B2B,top
22703,bluelight,Winter 2021,W21,2021,Analytics,child
23121,botbuilt,Winter 2021,W21,2021,Industrials,top
23121,botbuilt,Winter 2021,W21,2021,Manufacturing and Robotics,child
22881,briohr,Winter 2021,W21,2021,B2B,top
22881,briohr,Winter 2021,W21,2021,Human Resources,child
22612,bristle,Winter 2021,W21,2021,Healthcare,top
22612,bristle,Winter 2021,W21,2021,Consumer Health and Wellness,child
23434,broad,Winter 2021,W21,2021,Fintech,top
23434,broad,Winter 2021,W21,2021,Banking and Exchange,child
22791,bueno-finance,Winter 2021,W21,2021,Fintech,top
22791,bueno-finance,Winter 2021,W21,2021,Credit and Lending,child
23371,businessonbot,Winter 2021,W21,2021,B2B,top
23371,businessonbot,Winter 2021,W21,2021,Operations,child
22829,camber-2,Winter 2021,W21,2021,Healthcare,top
22829,camber-2,Winter 2021,W21,2021,Healthcare IT,child
23631,camelan,Winter 2021,W21,2021,Consumer,top
23631,camelan,Winter 2021,W21,2021,Home and Personal,child
23186,camp,Winter 2021,W21,2021,Consumer,top
22870,care-weather,Winter 2021,W21,2021,Industrials,top
22870,care-weather,Winter 2021,W21,2021,Aviation and Space,child
22745,cashbook,Winter 2021,W21,2021,B2B,top
22745,cashbook,Winter 2021,W21,2021,Finance and Accounting,child
22775,charge-running,Winter 2021,W21,2021,Consumer,top
22775,charge-running,Winter 2021,W21,2021,Home and Personal,child
23279,chatwoot,Winter 2021,W21,2021,B2B,top
23279,chatwoot,Winter 2021,W21,2021,Operations,child
23435,cheqout,Winter 2021,W21,2021,Fintech,top
23435,cheqout,Winter 2021,W21,2021,Payments,child
23633,chorus-sleep,Winter 2021,W21,2021,B2B,top
22711,clay,Winter 2021,W21,2021,B2B,top
22711,clay,Winter 2021,W21,2021,"Engineering, Product and Design",child
23550,clear,Winter 2021,W21,2021,Consumer,top
23550,clear,Winter 2021,W21,2021,Social,child
22752,clipdrop,Winter 2021,W21,2021,Consumer,top
22752,clipdrop,Winter 2021,W21,2021,Content,child
22710,coverified,Winter 2021,W21,2021,Healthcare,top
22710,coverified,Winter 2021,W21,2021,Healthcare IT,child
23276,codeball,Winter 2021,W21,2021,B2B,top
23276,codeball,Winter 2021,W21,2021,"Engineering, Product and Design",child
22955,coderhouse,Winter 2021,W21,2021,Education,top
22997,codingal,Winter 2021,W21,2021,Education,top
23200,compose-ai,Winter 2021,W21,2021,B2B,top
23200,compose-ai,Winter 2021,W21,2021,Productivity,child
22841,controlhub,Winter 2021,W21,2021,B2B,top
22841,controlhub,Winter 2021,W21,2021,Finance and Accounting,child
22706,curvenote,Winter 2021,W21,2021,Healthcare,top
22706,curvenote,Winter 2021,W21,2021,Healthcare IT,child
22781,cyble,Winter 2021,W21,2021,B2B,top
22781,cyble,Winter 2021,W21,2021,Security,child
22987,darrow,Winter 2021,W21,2021,B2B,top
22987,darrow,Winter 2021,W21,2021,Legal,child
22842,dashlabs-ai,Winter 2021,W21,2021,Healthcare,top
22842,dashlabs-ai,Winter 2021,W21,2021,Healthcare IT,child
23303,dataherald,Winter 2021,W21,2021,B2B,top
22951,datrics,Winter 2021,W21,2021,Healthcare,top
23405,dayra,Winter 2021,W21,2021,Fintech,top
23405,dayra,Winter 2021,W21,2021,Credit and Lending,child
22470,degrees-of-freedom,Winter 2021,W21,2021,Education,top
23458,djamo,Winter 2021,W21,2021,Fintech,top
23458,djamo,Winter 2021,W21,2021,Banking and Exchange,child
22656,dreamworld,Winter 2021,W21,2021,Consumer,top
22656,dreamworld,Winter 2021,W21,2021,Gaming,child
23400,dressd,Winter 2021,W21,2021,Consumer,top
23400,dressd,Winter 2021,W21,2021,Apparel and Cosmetics,child
23038,dyte,Winter 2021,W21,2021,B2B,top
23038,dyte,Winter 2021,W21,2021,Infrastructure,child
23264,eat-blueprint,Winter 2021,W21,2021,Consumer,top
23264,eat-blueprint,Winter 2021,W21,2021,Food and Beverage,child
22831,emerge-tools,Winter 2021,W21,2021,B2B,top
22831,emerge-tools,Winter 2021,W21,2021,"Engineering, Product and Design",child
23037,enable-us,Winter 2021,W21,2021,B2B,top
23037,enable-us,Winter 2021,W21,2021,Sales,child
22744,encord,Winter 2021,W21,2021,B2B,top
22744,encord,Winter 2021,W21,2021,Infrastructure,child
22953,enode,Winter 2021,W21,2021,Industrials,top
22953,enode,Winter 2021,W21,2021,Energy,child
23263,entelexo-biotherapeutics,Winter 2021,W21,2021,Healthcare,top
23263,entelexo-biotherapeutics,Winter 2021,W21,2021,Therapeutics,child
23433,estoca,Winter 2021,W21,2021,B2B,top
23433,estoca,Winter 2021,W21,2021,Supply Chain and Logistics,child
22787,expent-inc,Winter 2021,W21,2021,B2B,top
22787,expent-inc,Winter 2021,W21,2021,Operations,child
23189,fable,Winter 2021,W21,2021,B2B,top
23189,fable,Winter 2021,W21,2021,"Engineering, Product and Design",child
22786,faction,Winter 2021,W21,2021,Industrials,top
22786,faction,Winter 2021,W21,2021,Automotive,child
22879,fathom,Winter 2021,W21,2021,B2B,top
22879,fathom,Winter 2021,W21,2021,Productivity,child
23174,feroot-security,Winter 2021,W21,2021,B2B,top
23174,feroot-security,Winter 2021,W21,2021,Security,child
22826,fifthtry,Winter 2021,W21,2021,B2B,top
22826,fifthtry,Winter 2021,W21,2021,Productivity,child
23065,finantier,Winter 2021,W21,2021,Fintech,top
23065,finantier,Winter 2021,W21,2021,Banking and Exchange,child
22755,finary,Winter 2021,W21,2021,Fintech,top
22755,finary,Winter 2021,W21,2021,Asset Management,child
22903,finary-com,Winter 2021,W21,2021,Fintech,top
22903,finary-com,Winter 2021,W21,2021,Asset Management,child
22667,finley,Winter 2021,W21,2021,Fintech,top
22667,finley,Winter 2021,W21,2021,Credit and Lending,child
22836,fintoc,Winter 2021,W21,2021,Fintech,top
22836,fintoc,Winter 2021,W21,2021,Payments,child
22882,firstsupport-ai,Winter 2021,W21,2021,B2B,top
22882,firstsupport-ai,Winter 2021,W21,2021,Operations,child
22796,firstbase-io,Winter 2021,W21,2021,B2B,top
22796,firstbase-io,Winter 2021,W21,2021,Operations,child
23128,fithub-2,Winter 2021,W21,2021,Consumer,top
23128,fithub-2,Winter 2021,W21,2021,Food and Beverage,child
22989,flextock,Winter 2021,W21,2021,B2B,top
22989,flextock,Winter 2021,W21,2021,Supply Chain and Logistics,child
22774,flok,Winter 2021,W21,2021,B2B,top
23316,floweq,Winter 2021,W21,2021,B2B,top
23316,floweq,Winter 2021,W21,2021,Productivity,child
23301,flutterflow,Winter 2021,W21,2021,B2B,top
23301,flutterflow,Winter 2021,W21,2021,"Engineering, Product and Design",child
23645,flux-2,Winter 2021,W21,2021,Fintech,top
23645,flux-2,Winter 2021,W21,2021,Payments,child
22708,flux-auto,Winter 2021,W21,2021,Industrials,top
22708,flux-auto,Winter 2021,W21,2021,Manufacturing and Robotics,child
23511,forcyte-biotechnologies,Winter 2021,W21,2021,Healthcare,top
23511,forcyte-biotechnologies,Winter 2021,W21,2021,Diagnostics,child
23328,compound-writing,Winter 2021,W21,2021,Consumer,top
23328,compound-writing,Winter 2021,W21,2021,Home and Personal,child
22714,fountain9,Winter 2021,W21,2021,B2B,top
22714,fountain9,Winter 2021,W21,2021,Retail,child
22751,fractional,Winter 2021,W21,2021,Fintech,top
23415,friz,Winter 2021,W21,2021,Consumer,top
23415,friz,Winter 2021,W21,2021,Job and Career Services,child
22788,functionup-fanplay,Winter 2021,W21,2021,Education,top
22695,furmacy,Winter 2021,W21,2021,Healthcare,top
22695,furmacy,Winter 2021,W21,2021,Healthcare IT,child
23305,galaxy,Winter 2021,W21,2021,B2B,top
23305,galaxy,Winter 2021,W21,2021,Infrastructure,child
22702,gerald-technologies-inc,Winter 2021,W21,2021,Fintech,top
23389,gigs,Winter 2021,W21,2021,B2B,top
23389,gigs,Winter 2021,W21,2021,"Engineering, Product and Design",child
22673,gigs-live,Winter 2021,W21,2021,Consumer,top
22888,gimbooks,Winter 2021,W21,2021,B2B,top
22888,gimbooks,Winter 2021,W21,2021,Finance and Accounting,child
22712,gobuild-fka-brick,Winter 2021,W21,2021,Fintech,top
22712,gobuild-fka-brick,Winter 2021,W21,2021,Credit and Lending,child
22565,gonddo,Winter 2021,W21,2021,B2B,top
22565,gonddo,Winter 2021,W21,2021,Retail,child
22777,gradia-health,Winter 2021,W21,2021,Healthcare,top
22777,gradia-health,Winter 2021,W21,2021,Healthcare IT,child
23306,greaseboss,Winter 2021,W21,2021,Industrials,top
23306,greaseboss,Winter 2021,W21,2021,Manufacturing and Robotics,child
22947,great-question,Winter 2021,W21,2021,B2B,top
22947,great-question,Winter 2021,W21,2021,"Engineering, Product and Design",child
22889,greywing,Winter 2021,W21,2021,B2B,top
22889,greywing,Winter 2021,W21,2021,Supply Chain and Logistics,child
22789,gridware,Winter 2021,W21,2021,Industrials,top
22789,gridware,Winter 2021,W21,2021,Energy,child
22677,gromo,Winter 2021,W21,2021,Fintech,top
23556,h3x-technologies,Winter 2021,W21,2021,Industrials,top
23556,h3x-technologies,Winter 2021,W21,2021,Aviation and Space,child
23453,hubuc,Winter 2021,W21,2021,Fintech,top
23453,hubuc,Winter 2021,W21,2021,Payments,child
22668,hapi,Winter 2021,W21,2021,Fintech,top
22668,hapi,Winter 2021,W21,2021,Consumer Finance,child
23259,haystack,Winter 2021,W21,2021,B2B,top
23259,haystack,Winter 2021,W21,2021,"Engineering, Product and Design",child
22876,hermes-robotics,Winter 2021,W21,2021,Industrials,top
22876,hermes-robotics,Winter 2021,W21,2021,Defense,child
23242,homebreeze,Winter 2021,W21,2021,Consumer,top
23242,homebreeze,Winter 2021,W21,2021,Home and Personal,child
22983,homebase,Winter 2021,W21,2021,Real Estate and Construction,top
22983,homebase,Winter 2021,W21,2021,Housing and Real Estate,child
23266,houm,Winter 2021,W21,2021,Real Estate and Construction,top
23266,houm,Winter 2021,W21,2021,Housing and Real Estate,child
22658,howdy-com,Winter 2021,W21,2021,B2B,top
22658,howdy-com,Winter 2021,W21,2021,Recruiting and Talent,child
22784,huddlefire,Winter 2021,W21,2021,B2B,top
22784,huddlefire,Winter 2021,W21,2021,Marketing,child
22942,hudu,Winter 2021,W21,2021,B2B,top
22942,hudu,Winter 2021,W21,2021,Operations,child
22638,humaans,Winter 2021,W21,2021,B2B,top
22638,humaans,Winter 2021,W21,2021,Human Resources,child
23636,humance,Winter 2021,W21,2021,Real Estate and Construction,top
23636,humance,Winter 2021,W21,2021,Construction,child
22778,hyperglue,Winter 2021,W21,2021,B2B,top
22778,hyperglue,Winter 2021,W21,2021,Analytics,child
23280,infracost,Winter 2021,W21,2021,B2B,top
23280,infracost,Winter 2021,W21,2021,"Engineering, Product and Design",child
23062,inpharmd,Winter 2021,W21,2021,Healthcare,top
23062,inpharmd,Winter 2021,W21,2021,Healthcare Services,child
22944,invoid,Winter 2021,W21,2021,B2B,top
23397,jetdocs,Winter 2021,W21,2021,B2B,top
23397,jetdocs,Winter 2021,W21,2021,Operations,child
23440,jiga,Winter 2021,W21,2021,B2B,top
23440,jiga,Winter 2021,W21,2021,Supply Chain and Logistics,child
22705,joinsub,Winter 2021,W21,2021,Fintech,top
22705,joinsub,Winter 2021,W21,2021,Payments,child
23638,journey,Winter 2021,W21,2021,B2B,top
23638,journey,Winter 2021,W21,2021,Sales,child
23052,juicy-marbles,Winter 2021,W21,2021,Consumer,top
23052,juicy-marbles,Winter 2021,W21,2021,Food and Beverage,child
22823,june,Winter 2021,W21,2021,B2B,top
22823,june,Winter 2021,W21,2021,Analytics,child
23635,kanda,Winter 2021,W21,2021,Fintech,top
23635,kanda,Winter 2021,W21,2021,Credit and Lending,child
23302,kidato,Winter 2021,W21,2021,Education,top
23597,kilobaser,Winter 2021,W21,2021,Healthcare,top
23597,kilobaser,Winter 2021,W21,2021,Medical Devices,child
23290,kitemaker,Winter 2021,W21,2021,B2B,top
23290,kitemaker,Winter 2021,W21,2021,"Engineering, Product and Design",child
23661,kiwify,Winter 2021,W21,2021,Education,top
22844,kodo,Winter 2021,W21,2021,Fintech,top
22844,kodo,Winter 2021,W21,2021,Payments,child
22709,krab,Winter 2021,W21,2021,Fintech,top
22709,krab,Winter 2021,W21,2021,Credit and Lending,child
22857,kredi,Winter 2021,W21,2021,Fintech,top
22857,kredi,Winter 2021,W21,2021,Credit and Lending,child
22846,lalabox,Winter 2021,W21,2021,Consumer,top
22846,lalabox,Winter 2021,W21,2021,Content,child
23220,lamar-health,Winter 2021,W21,2021,Healthcare,top
23220,lamar-health,Winter 2021,W21,2021,Healthcare IT,child
22741,laudspeaker,Winter 2021,W21,2021,B2B,top
22741,laudspeaker,Winter 2021,W21,2021,Marketing,child
23085,launcher-labs,Winter 2021,W21,2021,Consumer,top
22833,lendflow,Winter 2021,W21,2021,Fintech,top
22833,lendflow,Winter 2021,W21,2021,Payments,child
22969,lighttwist,Winter 2021,W21,2021,B2B,top
22969,lighttwist,Winter 2021,W21,2021,"Engineering, Product and Design",child
22693,lion-pose,Winter 2021,W21,2021,Consumer,top
22906,liveflow,Winter 2021,W21,2021,B2B,top
22906,liveflow,Winter 2021,W21,2021,Finance and Accounting,child
22869,logica,Winter 2021,W21,2021,B2B,top
22869,logica,Winter 2021,W21,2021,Finance and Accounting,child
22974,logisticsos,Winter 2021,W21,2021,B2B,top
22974,logisticsos,Winter 2021,W21,2021,Supply Chain and Logistics,child
22566,lovd,Winter 2021,W21,2021,Consumer,top
23269,lunatic,Winter 2021,W21,2021,B2B,top
23269,lunatic,Winter 2021,W21,2021,"Engineering, Product and Design",child
22659,lygg,Winter 2021,W21,2021,Consumer,top
22659,lygg,Winter 2021,W21,2021,Apparel and Cosmetics,child
23327,machine26,Winter 2021,W21,2021,Real Estate and Construction,top
23327,machine26,Winter 2021,W21,2021,Construction,child
23613,magicbell,Winter 2021,W21,2021,B2B,top
23613,magicbell,Winter 2021,W21,2021,"Engineering, Product and Design",child
23193,manara,Winter 2021,W21,2021,B2B,top
23193,manara,Winter 2021,W21,2021,Recruiting and Talent,child
22948,marcopolo,Winter 2021,W21,2021,B2B,top
22948,marcopolo,Winter 2021,W21,2021,Operations,child
23541,mayan,Winter 2021,W21,2021,B2B,top
23541,mayan,Winter 2021,W21,2021,Operations,child
22885,measured,Winter 2021,W21,2021,Healthcare,top
22885,measured,Winter 2021,W21,2021,Consumer Health and Wellness,child
22663,medme-health,Winter 2021,W21,2021,Healthcare,top
22663,medme-health,Winter 2021,W21,2021,Healthcare IT,child
23518,meetanyway,Winter 2021,W21,2021,B2B,top
23518,meetanyway,Winter 2021,W21,2021,Operations,child
23240,mendel,Winter 2021,W21,2021,Fintech,top
23240,mendel,Winter 2021,W21,2021,Banking and Exchange,child
23642,meru-com,Winter 2021,W21,2021,B2B,top
23642,meru-com,Winter 2021,W21,2021,Retail,child
23437,mezli,Winter 2021,W21,2021,Consumer,top
23437,mezli,Winter 2021,W21,2021,Food and Beverage,child
23050,milk-video,Winter 2021,W21,2021,B2B,top
23050,milk-video,Winter 2021,W21,2021,Marketing,child
23521,mindportal,Winter 2021,W21,2021,Consumer,top
23521,mindportal,Winter 2021,W21,2021,Consumer Electronics,child
22855,mindee,Winter 2021,W21,2021,B2B,top
22855,mindee,Winter 2021,W21,2021,"Engineering, Product and Design",child
22676,modernloop,Winter 2021,W21,2021,B2B,top
22676,modernloop,Winter 2021,W21,2021,Recruiting and Talent,child
22700,moichor,Winter 2021,W21,2021,Healthcare,top
22700,moichor,Winter 2021,W21,2021,Diagnostics,child
23265,mono,Winter 2021,W21,2021,Fintech,top
23265,mono,Winter 2021,W21,2021,Banking and Exchange,child
23304,moonshot-brands,Winter 2021,W21,2021,Fintech,top
23304,moonshot-brands,Winter 2021,W21,2021,Asset Management,child
23472,moonvalley,Winter 2021,W21,2021,Consumer,top
23472,moonvalley,Winter 2021,W21,2021,Virtual and Augmented Reality,child
23261,morada-uno,Winter 2021,W21,2021,Real Estate and Construction,top
23261,morada-uno,Winter 2021,W21,2021,Housing and Real Estate,child
23202,moxion-power-co,Winter 2021,W21,2021,Industrials,top
23202,moxion-power-co,Winter 2021,W21,2021,Energy,child
23568,my-nextderma,Winter 2021,W21,2021,Healthcare,top
23568,my-nextderma,Winter 2021,W21,2021,Consumer Health and Wellness,child
23430,mystic,Winter 2021,W21,2021,B2B,top
23430,mystic,Winter 2021,W21,2021,Infrastructure,child
23185,mythia,Winter 2021,W21,2021,Fintech,top
23656,nano-technologies,Winter 2021,W21,2021,Fintech,top
23656,nano-technologies,Winter 2021,W21,2021,Credit and Lending,child
23431,navattic,Winter 2021,W21,2021,B2B,top
23431,navattic,Winter 2021,W21,2021,Marketing,child
22600,neverland,Winter 2021,W21,2021,Consumer,top
22600,neverland,Winter 2021,W21,2021,Home and Personal,child
23632,nextpay,Winter 2021,W21,2021,Fintech,top
23632,nextpay,Winter 2021,W21,2021,Banking and Exchange,child
23000,nimbus-3,Winter 2021,W21,2021,B2B,top
23000,nimbus-3,Winter 2021,W21,2021,Infrastructure,child
22840,nirva,Winter 2021,W21,2021,Healthcare,top
22840,nirva,Winter 2021,W21,2021,Healthcare Services,child
22975,noble,Winter 2021,W21,2021,B2B,top
22975,noble,Winter 2021,W21,2021,Finance and Accounting,child
22699,nourish,Winter 2021,W21,2021,Healthcare,top
22780,noya,Winter 2021,W21,2021,Industrials,top
22780,noya,Winter 2021,W21,2021,Climate,child
23522,nuntius-therapeutics,Winter 2021,W21,2021,Healthcare,top
23522,nuntius-therapeutics,Winter 2021,W21,2021,Therapeutics,child
22698,observa,Winter 2021,W21,2021,B2B,top
22698,observa,Winter 2021,W21,2021,Security,child
22797,octifi,Winter 2021,W21,2021,Fintech,top
22797,octifi,Winter 2021,W21,2021,Consumer Finance,child
23366,olaclick,Winter 2021,W21,2021,Consumer,top
23366,olaclick,Winter 2021,W21,2021,Food and Beverage,child
23634,ollama,Winter 2021,W21,2021,B2B,top
23634,ollama,Winter 2021,W21,2021,Infrastructure,child
23238,ontop,Winter 2021,W21,2021,B2B,top
22986,opencode,Winter 2021,W21,2021,B2B,top
22986,opencode,Winter 2021,W21,2021,Infrastructure,child
22843,orbillion-bio,Winter 2021,W21,2021,Industrials,top
22843,orbillion-bio,Winter 2021,W21,2021,Climate,child
23461,outfit,Winter 2021,W21,2021,Consumer,top
23461,outfit,Winter 2021,W21,2021,Home and Personal,child
23277,pagaloop,Winter 2021,W21,2021,Fintech,top
23277,pagaloop,Winter 2021,W21,2021,Payments,child
22861,pangea-app,Winter 2021,W21,2021,B2B,top
22861,pangea-app,Winter 2021,W21,2021,Recruiting and Talent,child
22832,parsagon,Winter 2021,W21,2021,B2B,top
22985,partnered-2,Winter 2021,W21,2021,B2B,top
22985,partnered-2,Winter 2021,W21,2021,Sales,child
22672,pensil,Winter 2021,W21,2021,B2B,top
22672,pensil,Winter 2021,W21,2021,"Engineering, Product and Design",child
22806,per-diem,Winter 2021,W21,2021,B2B,top
22806,per-diem,Winter 2021,W21,2021,Marketing,child
22722,pesto,Winter 2021,W21,2021,Fintech,top
22722,pesto,Winter 2021,W21,2021,Credit and Lending,child
23162,phoenix,Winter 2021,W21,2021,Healthcare,top
23162,phoenix,Winter 2021,W21,2021,Consumer Health and Wellness,child
22681,pibit-ai,Winter 2021,W21,2021,Fintech,top
22681,pibit-ai,Winter 2021,W21,2021,Insurance,child
22750,pingpong,Winter 2021,W21,2021,B2B,top
22750,pingpong,Winter 2021,W21,2021,Productivity,child
23610,pipebio,Winter 2021,W21,2021,Healthcare,top
23610,pipebio,Winter 2021,W21,2021,Therapeutics,child
23041,platypus,Winter 2021,W21,2021,B2B,top
22652,playmaker,Winter 2021,W21,2021,Consumer,top
22652,playmaker,Winter 2021,W21,2021,Content,child
23414,poliglota,Winter 2021,W21,2021,Education,top
22878,popl,Winter 2021,W21,2021,B2B,top
22670,powerrouter,Winter 2021,W21,2021,B2B,top
22670,powerrouter,Winter 2021,W21,2021,Sales,child
22738,pragmatic-leaders-ankai-inc,Winter 2021,W21,2021,B2B,top
23239,preki,Winter 2021,W21,2021,B2B,top
23278,prendea,Winter 2021,W21,2021,Education,top
22772,prequel,Winter 2021,W21,2021,B2B,top
22772,prequel,Winter 2021,W21,2021,Analytics,child
22867,procoto,Winter 2021,W21,2021,B2B,top
22867,procoto,Winter 2021,W21,2021,Finance and Accounting,child
22827,promoted,Winter 2021,W21,2021,B2B,top
23398,prospa,Winter 2021,W21,2021,Fintech,top
23398,prospa,Winter 2021,W21,2021,Banking and Exchange,child
22830,pry-financials,Winter 2021,W21,2021,B2B,top
22830,pry-financials,Winter 2021,W21,2021,Finance and Accounting,child
22883,purpose-finance,Winter 2021,W21,2021,Fintech,top
22883,purpose-finance,Winter 2021,W21,2021,Banking and Exchange,child
23229,pyroscope,Winter 2021,W21,2021,B2B,top
23229,pyroscope,Winter 2021,W21,2021,"Engineering, Product and Design",child
22661,quadrant-eye,Winter 2021,W21,2021,Healthcare,top
22661,quadrant-eye,Winter 2021,W21,2021,Medical Devices,child
22850,quadrant-health,Winter 2021,W21,2021,Healthcare,top
22850,quadrant-health,Winter 2021,W21,2021,Healthcare IT,child
22701,queenly,Winter 2021,W21,2021,Consumer,top
22701,queenly,Winter 2021,W21,2021,Apparel and Cosmetics,child
22995,quicknode,Winter 2021,W21,2021,B2B,top
22995,quicknode,Winter 2021,W21,2021,Infrastructure,child
22990,quotabook,Winter 2021,W21,2021,B2B,top
22990,quotabook,Winter 2021,W21,2021,Finance and Accounting,child
22887,r2,Winter 2021,W21,2021,Fintech,top
22887,r2,Winter 2021,W21,2021,Credit and Lending,child
23369,regent,Winter 2021,W21,2021,Industrials,top
23369,regent,Winter 2021,W21,2021,Aviation and Space,child
23156,roger,Winter 2021,W21,2021,B2B,top
23105,reclaim-protocol,Winter 2021,W21,2021,B2B,top
23105,reclaim-protocol,Winter 2021,W21,2021,Recruiting and Talent,child
23432,recover,Winter 2021,W21,2021,Healthcare,top
23432,recover,Winter 2021,W21,2021,Consumer Health and Wellness,child
23146,redcliffe-lifetech,Winter 2021,W21,2021,Healthcare,top
23146,redcliffe-lifetech,Winter 2021,W21,2021,Diagnostics,child
23317,rejoy-health,Winter 2021,W21,2021,Healthcare,top
23317,rejoy-health,Winter 2021,W21,2021,Healthcare IT,child
22905,remora,Winter 2021,W21,2021,Industrials,top
22905,remora,Winter 2021,W21,2021,Climate,child
23611,reshape-biotech,Winter 2021,W21,2021,Healthcare,top
23611,reshape-biotech,Winter 2021,W21,2021,Industrial Bio,child
22996,resquared,Winter 2021,W21,2021,B2B,top
22996,resquared,Winter 2021,W21,2021,Marketing,child
23399,rethoric,Winter 2021,W21,2021,B2B,top
23399,rethoric,Winter 2021,W21,2021,Marketing,child
22884,rinsed,Winter 2021,W21,2021,B2B,top
22660,rocketsdr,Winter 2021,W21,2021,B2B,top
22660,rocketsdr,Winter 2021,W21,2021,Sales,child
22875,roin-technologies,Winter 2021,W21,2021,Industrials,top
22875,roin-technologies,Winter 2021,W21,2021,Manufacturing and Robotics,child
23459,routine,Winter 2021,W21,2021,B2B,top
23459,routine,Winter 2021,W21,2021,Productivity,child
23127,rulebricks,Winter 2021,W21,2021,B2B,top
23127,rulebricks,Winter 2021,W21,2021,Operations,child
22591,runway,Winter 2021,W21,2021,B2B,top
22591,runway,Winter 2021,W21,2021,"Engineering, Product and Design",child
22664,sbx-robotics,Winter 2021,W21,2021,B2B,top
22664,sbx-robotics,Winter 2021,W21,2021,"Engineering, Product and Design",child
23139,seer,Winter 2021,W21,2021,B2B,top
23139,seer,Winter 2021,W21,2021,Retail,child
22743,segments-ai,Winter 2021,W21,2021,B2B,top
22743,segments-ai,Winter 2021,W21,2021,"Engineering, Product and Design",child
22957,sendbox,Winter 2021,W21,2021,B2B,top
22957,sendbox,Winter 2021,W21,2021,Supply Chain and Logistics,child
22617,serna-bio,Winter 2021,W21,2021,Healthcare,top
22617,serna-bio,Winter 2021,W21,2021,Therapeutics,child
23599,shepherd,Winter 2021,W21,2021,Fintech,top
23599,shepherd,Winter 2021,W21,2021,Insurance,child
22671,signoz,Winter 2021,W21,2021,B2B,top
22671,signoz,Winter 2021,W21,2021,Infrastructure,child
23056,simplify,Winter 2021,W21,2021,Consumer,top
23056,simplify,Winter 2021,W21,2021,Job and Career Services,child
22776,sivo,Winter 2021,W21,2021,Fintech,top
22776,sivo,Winter 2021,W21,2021,Credit and Lending,child
22696,slashauth,Winter 2021,W21,2021,B2B,top
22696,slashauth,Winter 2021,W21,2021,Infrastructure,child
22720,smartcuts,Winter 2021,W21,2021,B2B,top
22720,smartcuts,Winter 2021,W21,2021,Productivity,child
23036,solo,Winter 2021,W21,2021,Fintech,top
23036,solo,Winter 2021,W21,2021,Consumer Finance,child
23421,somos,Winter 2021,W21,2021,Real Estate and Construction,top
23421,somos,Winter 2021,W21,2021,Housing and Real Estate,child
23226,soraban,Winter 2021,W21,2021,B2B,top
23226,soraban,Winter 2021,W21,2021,Finance and Accounting,child
23368,spline,Winter 2021,W21,2021,B2B,top
23368,spline,Winter 2021,W21,2021,Productivity,child
22666,spokn,Winter 2021,W21,2021,B2B,top
22666,spokn,Winter 2021,W21,2021,Operations,child
22713,spruceid,Winter 2021,W21,2021,Government,top
22669,stacksi,Winter 2021,W21,2021,B2B,top
22669,stacksi,Winter 2021,W21,2021,Security,child
23236,stayflexi,Winter 2021,W21,2021,B2B,top
23048,stoke-space,Winter 2021,W21,2021,Industrials,top
23048,stoke-space,Winter 2021,W21,2021,Aviation and Space,child
23063,striga,Winter 2021,W21,2021,Fintech,top
23063,striga,Winter 2021,W21,2021,Payments,child
22785,supadock,Winter 2021,W21,2021,B2B,top
22785,supadock,Winter 2021,W21,2021,Supply Chain and Logistics,child
23355,svix,Winter 2021,W21,2021,B2B,top
23355,svix,Winter 2021,W21,2021,Infrastructure,child
23324,swadesi-way,Winter 2021,W21,2021,Consumer,top
23324,swadesi-way,Winter 2021,W21,2021,Food and Beverage,child
23598,swiftsku,Winter 2021,W21,2021,B2B,top
23598,swiftsku,Winter 2021,W21,2021,Retail,child
22662,taloflow,Winter 2021,W21,2021,B2B,top
22662,taloflow,Winter 2021,W21,2021,"Engineering, Product and Design",child
23075,taofi,Winter 2021,W21,2021,Fintech,top
23084,taste,Winter 2021,W21,2021,Consumer,top
23084,taste,Winter 2021,W21,2021,Food and Beverage,child
23008,techbiz,Winter 2021,W21,2021,B2B,top
22782,terapify,Winter 2021,W21,2021,Healthcare,top
22782,terapify,Winter 2021,W21,2021,Consumer Health and Wellness,child
23612,terra-api,Winter 2021,W21,2021,B2B,top
23612,terra-api,Winter 2021,W21,2021,"Engineering, Product and Design",child
22958,text-blaze,Winter 2021,W21,2021,B2B,top
22958,text-blaze,Winter 2021,W21,2021,Productivity,child
22624,the-third-place,Winter 2021,W21,2021,B2B,top
22624,the-third-place,Winter 2021,W21,2021,Retail,child
23053,tilt-2,Winter 2021,W21,2021,Consumer,top
23064,tint,Winter 2021,W21,2021,Fintech,top
23064,tint,Winter 2021,W21,2021,Insurance,child
22854,topkey,Winter 2021,W21,2021,B2B,top
22854,topkey,Winter 2021,W21,2021,Finance and Accounting,child
22991,topline-pro,Winter 2021,W21,2021,B2B,top
22991,topline-pro,Winter 2021,W21,2021,Operations,child
23017,tractian,Winter 2021,W21,2021,Industrials,top
23357,treinta,Winter 2021,W21,2021,B2B,top
23357,treinta,Winter 2021,W21,2021,Productivity,child
22952,trela,Winter 2021,W21,2021,Consumer,top
22968,trendpop,Winter 2021,W21,2021,B2B,top
22968,trendpop,Winter 2021,W21,2021,Analytics,child
22618,trestle-biotherapeutics,Winter 2021,W21,2021,Healthcare,top
22618,trestle-biotherapeutics,Winter 2021,W21,2021,Industrial Bio,child
23539,triomics,Winter 2021,W21,2021,Healthcare,top
23539,triomics,Winter 2021,W21,2021,Healthcare Services,child
22704,triplit,Winter 2021,W21,2021,B2B,top
22704,triplit,Winter 2021,W21,2021,"Engineering, Product and Design",child
22880,true3d,Winter 2021,W21,2021,B2B,top
22880,true3d,Winter 2021,W21,2021,Infrastructure,child
22715,tupelo,Winter 2021,W21,2021,B2B,top
22715,tupelo,Winter 2021,W21,2021,Finance and Accounting,child
23457,turing-college,Winter 2021,W21,2021,Education,top
23429,upchieve,Winter 2021,W21,2021,Education,top
22853,udhaar-app,Winter 2021,W21,2021,Fintech,top
22853,udhaar-app,Winter 2021,W21,2021,Payments,child
23370,uiflow,Winter 2021,W21,2021,B2B,top
23370,uiflow,Winter 2021,W21,2021,"Engineering, Product and Design",child
22675,unfurl,Winter 2021,W21,2021,Consumer,top
22675,unfurl,Winter 2021,W21,2021,Food and Beverage,child
23054,unschool,Winter 2021,W21,2021,Education,top
22764,valink-therapeutics,Winter 2021,W21,2021,Healthcare,top
22764,valink-therapeutics,Winter 2021,W21,2021,Therapeutics,child
22835,vapi,Winter 2021,W21,2021,B2B,top
22835,vapi,Winter 2021,W21,2021,"Engineering, Product and Design",child
22970,veera-health,Winter 2021,W21,2021,Healthcare,top
22970,veera-health,Winter 2021,W21,2021,Consumer Health and Wellness,child
23443,vendease,Winter 2021,W21,2021,B2B,top
23443,vendease,Winter 2021,W21,2021,Supply Chain and Logistics,child
23191,venu-ai,Winter 2021,W21,2021,B2B,top
22902,verak,Winter 2021,W21,2021,Fintech,top
22902,verak,Winter 2021,W21,2021,Insurance,child
22790,version-story-compare,Winter 2021,W21,2021,B2B,top
22790,version-story-compare,Winter 2021,W21,2021,Legal,child
23416,voosh,Winter 2021,W21,2021,B2B,top
23452,wasp,Winter 2021,W21,2021,B2B,top
23452,wasp,Winter 2021,W21,2021,"Engineering, Product and Design",child
23530,waydev,Winter 2021,W21,2021,B2B,top
23530,waydev,Winter 2021,W21,2021,Productivity,child
22665,waypoint,Winter 2021,W21,2021,B2B,top
22533,webiny,Winter 2021,W21,2021,B2B,top
22533,webiny,Winter 2021,W21,2021,"Engineering, Product and Design",child
22719,weekday,Winter 2021,W21,2021,B2B,top
22719,weekday,Winter 2021,W21,2021,Recruiting and Talent,child
23167,worksphere,Winter 2021,W21,2021,B2B,top
23167,worksphere,Winter 2021,W21,2021,Operations,child
22707,wyndly,Winter 2021,W21,2021,Healthcare,top
22707,wyndly,Winter 2021,W21,2021,Consumer Health and Wellness,child
22783,yourquote,Winter 2021,W21,2021,Consumer,top
22783,yourquote,Winter 2021,W21,2021,Content,child
23260,z1,Winter 2021,W21,2021,Fintech,top
23260,z1,Winter 2021,W21,2021,Consumer Finance,child
23074,zoko,Winter 2021,W21,2021,B2B,top
23074,zoko,Winter 2021,W21,2021,Retail,child
23268,zealth,Winter 2021,W21,2021,Healthcare,top
23268,zealth,Winter 2021,W21,2021,Healthcare IT,child
22721,zepto,Winter 2021,W21,2021,Consumer,top
22721,zepto,Winter 2021,W21,2021,Food and Beverage,child
23271,ziina,Winter 2021,W21,2021,Fintech,top
23271,ziina,Winter 2021,W21,2021,Consumer Finance,child
22674,arnata,Winter 2021,W21,2021,B2B,top
22674,arnata,Winter 2021,W21,2021,Supply Chain and Logistics,child
22632,authzed,Winter 2021,W21,2021,B2B,top
22632,authzed,Winter 2021,W21,2021,"Engineering, Product and Design",child
23462,boitas-com,Winter 2021,W21,2021,B2B,top
23462,boitas-com,Winter 2021,W21,2021,Retail,child
23042,clicoh,Winter 2021,W21,2021,B2B,top
23042,clicoh,Winter 2021,W21,2021,Supply Chain and Logistics,child
22608,cloud-humans,Winter 2021,W21,2021,B2B,top
22608,cloud-humans,Winter 2021,W21,2021,Operations,child
23640,eqtble,Winter 2021,W21,2021,B2B,top
23640,eqtble,Winter 2021,W21,2021,Human Resources,child
22625,gaiia,Winter 2021,W21,2021,B2B,top
22625,gaiia,Winter 2021,W21,2021,Operations,child
23460,hoop-dev,Winter 2021,W21,2021,B2B,top
23460,hoop-dev,Winter 2021,W21,2021,"Engineering, Product and Design",child
23318,inbalance,Winter 2021,W21,2021,Industrials,top
23318,inbalance,Winter 2021,W21,2021,Energy,child
22773,nohq,Winter 2021,W21,2021,B2B,top
22773,nohq,Winter 2021,W21,2021,Human Resources,child
23413,peoplecq,Winter 2021,W21,2021,Fintech,top
23413,peoplecq,Winter 2021,W21,2021,Asset Management,child
23073,unsurvey,Winter 2021,W21,2021,B2B,top
23073,unsurvey,Winter 2021,W21,2021,"Engineering, Product and Design",child
22856,weweb-io,Winter 2021,W21,2021,B2B,top
22856,weweb-io,Winter 2021,W21,2021,Operations,child
22890,zingbus,Winter 2021,W21,2021,Consumer,top
22890,zingbus,Winter 2021,W21,2021,Transportation Services,child
24256,ai-tech-packs,Summer 2021,S21,2021,B2B,top
24256,ai-tech-packs,Summer 2021,S21,2021,Supply Chain and Logistics,child
23884,aoa-dx-inc,Summer 2021,S21,2021,Healthcare,top
23884,aoa-dx-inc,Summer 2021,S21,2021,Diagnostics,child
23988,arq,Summer 2021,S21,2021,Fintech,top
24726,abatable,Summer 2021,S21,2021,Industrials,top
24726,abatable,Summer 2021,S21,2021,Climate,child
24147,abbot,Summer 2021,S21,2021,B2B,top
24147,abbot,Summer 2021,S21,2021,Sales,child
24685,abhi,Summer 2021,S21,2021,Fintech,top
24685,abhi,Summer 2021,S21,2021,Credit and Lending,child
23958,abstra,Summer 2021,S21,2021,B2B,top
23958,abstra,Summer 2021,S21,2021,"Engineering, Product and Design",child
24505,adaptyv,Summer 2021,S21,2021,Healthcare,top
24505,adaptyv,Summer 2021,S21,2021,Drug Discovery and Delivery,child
24571,adni,Summer 2021,S21,2021,Healthcare,top
24819,adravision,Summer 2021,S21,2021,Healthcare,top
24819,adravision,Summer 2021,S21,2021,Healthcare IT,child
24086,advantage-club,Summer 2021,S21,2021,B2B,top
24086,advantage-club,Summer 2021,S21,2021,Human Resources,child
24587,aer,Summer 2021,S21,2021,Fintech,top
24040,affogato-ai,Summer 2021,S21,2021,B2B,top
24040,affogato-ai,Summer 2021,S21,2021,"Engineering, Product and Design",child
23845,agape,Summer 2021,S21,2021,Healthcare,top
23845,agape,Summer 2021,S21,2021,Consumer Health and Wellness,child
24871,ahazou,Summer 2021,S21,2021,B2B,top
24871,ahazou,Summer 2021,S21,2021,Marketing,child
24042,akudo,Summer 2021,S21,2021,Fintech,top
24042,akudo,Summer 2021,S21,2021,Payments,child
24525,akute-health,Summer 2021,S21,2021,Healthcare,top
24525,akute-health,Summer 2021,S21,2021,Healthcare IT,child
24428,aleph,Summer 2021,S21,2021,B2B,top
24428,aleph,Summer 2021,S21,2021,Finance and Accounting,child
24422,aleph-solutions-alephee,Summer 2021,S21,2021,B2B,top
24422,aleph-solutions-alephee,Summer 2021,S21,2021,Retail,child
24094,algouniversity,Summer 2021,S21,2021,Education,top
24229,algoviral,Summer 2021,S21,2021,B2B,top
24229,algoviral,Summer 2021,S21,2021,Marketing,child
24600,algofi,Summer 2021,S21,2021,Fintech,top
24883,amenli,Summer 2021,S21,2021,Fintech,top
24883,amenli,Summer 2021,S21,2021,Insurance,child
24141,anakin,Summer 2021,S21,2021,B2B,top
24141,anakin,Summer 2021,S21,2021,Analytics,child
24034,ananya-health,Summer 2021,S21,2021,Healthcare,top
24034,ananya-health,Summer 2021,S21,2021,Medical Devices,child
24549,ancana,Summer 2021,S21,2021,Consumer,top
24549,ancana,Summer 2021,S21,2021,"Travel, Leisure and Tourism",child
24343,apollo-2,Summer 2021,S21,2021,Fintech,top
24343,apollo-2,Summer 2021,S21,2021,Consumer Finance,child
24096,appx,Summer 2021,S21,2021,Education,top
24194,aqua,Summer 2021,S21,2021,Fintech,top
23968,archbee,Summer 2021,S21,2021,B2B,top
23968,archbee,Summer 2021,S21,2021,"Engineering, Product and Design",child
24398,arengu,Summer 2021,S21,2021,B2B,top
24349,arrow,Summer 2021,S21,2021,Fintech,top
24349,arrow,Summer 2021,S21,2021,Payments,child
23943,artillery,Summer 2021,S21,2021,B2B,top
23943,artillery,Summer 2021,S21,2021,Infrastructure,child
24450,astek-diagnostics-inc,Summer 2021,S21,2021,Healthcare,top
24450,astek-diagnostics-inc,Summer 2021,S21,2021,Diagnostics,child
24746,atlas,Summer 2021,S21,2021,B2B,top
24055,atmana,Summer 2021,S21,2021,Consumer,top
24841,aviator,Summer 2021,S21,2021,B2B,top
24841,aviator,Summer 2021,S21,2021,"Engineering, Product and Design",child
24170,awesomic,Summer 2021,S21,2021,B2B,top
24082,bluumbio,Summer 2021,S21,2021,Healthcare,top
24082,bluumbio,Summer 2021,S21,2021,Industrial Bio,child
23969,baraka,Summer 2021,S21,2021,Fintech,top
23969,baraka,Summer 2021,S21,2021,Asset Management,child
24666,baubap,Summer 2021,S21,2021,Fintech,top
24666,baubap,Summer 2021,S21,2021,Credit and Lending,child
24913,beau,Summer 2021,S21,2021,B2B,top
24913,beau,Summer 2021,S21,2021,Operations,child
23939,beeper,Summer 2021,S21,2021,Consumer,top
24799,birdie,Summer 2021,S21,2021,B2B,top
24799,birdie,Summer 2021,S21,2021,Sales,child
24140,bite-ninja,Summer 2021,S21,2021,B2B,top
24818,blackoaktv,Summer 2021,S21,2021,Consumer,top
24818,blackoaktv,Summer 2021,S21,2021,Content,child
23820,blixo,Summer 2021,S21,2021,B2B,top
23820,blixo,Summer 2021,S21,2021,Finance and Accounting,child
24065,boldvoice,Summer 2021,S21,2021,Consumer,top
24543,bolster,Summer 2021,S21,2021,Real Estate and Construction,top
24543,bolster,Summer 2021,S21,2021,Construction,child
24250,breadcrumbs-io,Summer 2021,S21,2021,B2B,top
24250,breadcrumbs-io,Summer 2021,S21,2021,Sales,child
24244,bree,Summer 2021,S21,2021,Fintech,top
24244,bree,Summer 2021,S21,2021,Consumer Finance,child
24165,brite,Summer 2021,S21,2021,B2B,top
24165,brite,Summer 2021,S21,2021,Human Resources,child
24589,buoyant-aero,Summer 2021,S21,2021,Industrials,top
24589,buoyant-aero,Summer 2021,S21,2021,Drones,child
24280,buro-de-ingresos,Summer 2021,S21,2021,B2B,top
24280,buro-de-ingresos,Summer 2021,S21,2021,Infrastructure,child
24025,buzzle,Summer 2021,S21,2021,B2B,top
24025,buzzle,Summer 2021,S21,2021,"Engineering, Product and Design",child
24701,byte-kitchen,Summer 2021,S21,2021,Consumer,top
24701,byte-kitchen,Summer 2021,S21,2021,Food and Beverage,child
24817,bytebot,Summer 2021,S21,2021,B2B,top
24817,bytebot,Summer 2021,S21,2021,"Engineering, Product and Design",child
24129,cabal,Summer 2021,S21,2021,B2B,top
24867,cache,Summer 2021,S21,2021,Consumer,top
24867,cache,Summer 2021,S21,2021,Food and Beverage,child
24857,cafe,Summer 2021,S21,2021,B2B,top
24857,cafe,Summer 2021,S21,2021,Human Resources,child
24622,caire-health,Summer 2021,S21,2021,Healthcare,top
24622,caire-health,Summer 2021,S21,2021,Diagnostics,child
24762,canopi,Summer 2021,S21,2021,B2B,top
23960,carbonfact,Summer 2021,S21,2021,Industrials,top
23960,carbonfact,Summer 2021,S21,2021,Climate,child
25047,careerist,Summer 2021,S21,2021,Education,top
24354,cartpanda,Summer 2021,S21,2021,B2B,top
24354,cartpanda,Summer 2021,S21,2021,Sales,child
24008,catena-biosciences,Summer 2021,S21,2021,Healthcare,top
24008,catena-biosciences,Summer 2021,S21,2021,Therapeutics,child
24737,cellchorus,Summer 2021,S21,2021,Healthcare,top
24737,cellchorus,Summer 2021,S21,2021,Drug Discovery and Delivery,child
24303,cero,Summer 2021,S21,2021,B2B,top
24873,charge-robotics,Summer 2021,S21,2021,Industrials,top
24873,charge-robotics,Summer 2021,S21,2021,Manufacturing and Robotics,child
24563,chari,Summer 2021,S21,2021,Consumer,top
24563,chari,Summer 2021,S21,2021,Food and Beverage,child
24884,chipax,Summer 2021,S21,2021,B2B,top
24884,chipax,Summer 2021,S21,2021,Finance and Accounting,child
24275,cloudanix,Summer 2021,S21,2021,B2B,top
24275,cloudanix,Summer 2021,S21,2021,Security,child
24348,cloudthread,Summer 2021,S21,2021,B2B,top
24348,cloudthread,Summer 2021,S21,2021,Analytics,child
24391,coloop,Summer 2021,S21,2021,B2B,top
24538,coast,Summer 2021,S21,2021,B2B,top
23777,cococart,Summer 2021,S21,2021,B2B,top
24374,coinrule,Summer 2021,S21,2021,Fintech,top
24370,comet-health,Summer 2021,S21,2021,Healthcare,top
24370,comet-health,Summer 2021,S21,2021,Consumer Health and Wellness,child
24163,commery,Summer 2021,S21,2021,Real Estate and Construction,top
24163,commery,Summer 2021,S21,2021,Housing and Real Estate,child
23971,concord-materials,Summer 2021,S21,2021,Real Estate and Construction,top
23971,concord-materials,Summer 2021,S21,2021,Construction,child
24064,confido,Summer 2021,S21,2021,B2B,top
24064,confido,Summer 2021,S21,2021,Finance and Accounting,child
23862,contalink,Summer 2021,S21,2021,B2B,top
23862,contalink,Summer 2021,S21,2021,Finance and Accounting,child
24725,contraforce,Summer 2021,S21,2021,B2B,top
24725,contraforce,Summer 2021,S21,2021,Security,child
24045,coulomb-ai,Summer 2021,S21,2021,B2B,top
24257,covie,Summer 2021,S21,2021,Fintech,top
24257,covie,Summer 2021,S21,2021,Insurance,child
24773,crew,Summer 2021,S21,2021,B2B,top
24773,crew,Summer 2021,S21,2021,Recruiting and Talent,child
24485,cumbuca,Summer 2021,S21,2021,Fintech,top
23956,customily,Summer 2021,S21,2021,B2B,top
23956,customily,Summer 2021,S21,2021,"Engineering, Product and Design",child
24153,dailybot,Summer 2021,S21,2021,B2B,top
24153,dailybot,Summer 2021,S21,2021,Productivity,child
24846,datlo,Summer 2021,S21,2021,B2B,top
24846,datlo,Summer 2021,S21,2021,Analytics,child
24049,deed,Summer 2021,S21,2021,B2B,top
24049,deed,Summer 2021,S21,2021,Human Resources,child
23955,deskimo,Summer 2021,S21,2021,B2B,top
23955,deskimo,Summer 2021,S21,2021,Office Management,child
24291,digibuild,Summer 2021,S21,2021,Real Estate and Construction,top
24291,digibuild,Summer 2021,S21,2021,Construction,child
24445,digistain,Summer 2021,S21,2021,Healthcare,top
24445,digistain,Summer 2021,S21,2021,Diagnostics,child
24605,dime,Summer 2021,S21,2021,B2B,top
24605,dime,Summer 2021,S21,2021,"Engineering, Product and Design",child
24557,dots-2,Summer 2021,S21,2021,Fintech,top
24557,dots-2,Summer 2021,S21,2021,Payments,child
24132,doublehq,Summer 2021,S21,2021,B2B,top
24132,doublehq,Summer 2021,S21,2021,Finance and Accounting,child
24091,echoes-hq,Summer 2021,S21,2021,B2B,top
24091,echoes-hq,Summer 2021,S21,2021,"Engineering, Product and Design",child
24414,encuadrado,Summer 2021,S21,2021,B2B,top
24414,encuadrado,Summer 2021,S21,2021,Productivity,child
24499,endla,Summer 2021,S21,2021,B2B,top
24499,endla,Summer 2021,S21,2021,"Engineering, Product and Design",child
24258,enerjazz,Summer 2021,S21,2021,Industrials,top
24258,enerjazz,Summer 2021,S21,2021,Climate,child
24270,enso,Summer 2021,S21,2021,B2B,top
24270,enso,Summer 2021,S21,2021,Analytics,child
24138,epinoma,Summer 2021,S21,2021,Healthcare,top
23817,epsilon3-inc,Summer 2021,S21,2021,B2B,top
23817,epsilon3-inc,Summer 2021,S21,2021,Operations,child
24875,equipt-health,Summer 2021,S21,2021,Healthcare,top
24827,evidence,Summer 2021,S21,2021,B2B,top
24827,evidence,Summer 2021,S21,2021,Analytics,child
24484,evidently-ai,Summer 2021,S21,2021,B2B,top
24484,evidently-ai,Summer 2021,S21,2021,Analytics,child
24893,exa,Summer 2021,S21,2021,B2B,top
24550,examedi,Summer 2021,S21,2021,Healthcare,top
24380,fastfarma,Summer 2021,S21,2021,Healthcare,top
24380,fastfarma,Summer 2021,S21,2021,Consumer Health and Wellness,child
24599,female-invest,Summer 2021,S21,2021,Fintech,top
24598,ferveret-inc,Summer 2021,S21,2021,Industrials,top
24598,ferveret-inc,Summer 2021,S21,2021,Energy,child
24629,filadd,Summer 2021,S21,2021,Education,top
24597,filta,Summer 2021,S21,2021,Consumer,top
23986,fingo-africa,Summer 2021,S21,2021,Fintech,top
24842,firstignite,Summer 2021,S21,2021,B2B,top
23985,firstquadrant,Summer 2021,S21,2021,B2B,top
23985,firstquadrant,Summer 2021,S21,2021,Sales,child
24169,fitia,Summer 2021,S21,2021,Healthcare,top
24169,fitia,Summer 2021,S21,2021,Consumer Health and Wellness,child
24530,float,Summer 2021,S21,2021,Fintech,top
24540,floatpays-inc,Summer 2021,S21,2021,Fintech,top
23972,flow-club,Summer 2021,S21,2021,B2B,top
23972,flow-club,Summer 2021,S21,2021,Productivity,child
24026,flowbo-inc,Summer 2021,S21,2021,Fintech,top
24026,flowbo-inc,Summer 2021,S21,2021,Consumer Finance,child
24475,flowly,Summer 2021,S21,2021,Healthcare,top
24475,flowly,Summer 2021,S21,2021,Consumer Health and Wellness,child
24158,forage-2,Summer 2021,S21,2021,Fintech,top
24158,forage-2,Summer 2021,S21,2021,Payments,child
24408,forage-mail,Summer 2021,S21,2021,Consumer,top
24379,formance,Summer 2021,S21,2021,B2B,top
24446,freterium,Summer 2021,S21,2021,B2B,top
24446,freterium,Summer 2021,S21,2021,Supply Chain and Logistics,child
24038,frontpage,Summer 2021,S21,2021,Fintech,top
24038,frontpage,Summer 2021,S21,2021,Asset Management,child
24830,gamerpay,Summer 2021,S21,2021,Consumer,top
24830,gamerpay,Summer 2021,S21,2021,Gaming,child
24574,genomelink,Summer 2021,S21,2021,Healthcare,top
24574,genomelink,Summer 2021,S21,2021,Consumer Health and Wellness,child
24575,genuity,Summer 2021,S21,2021,B2B,top
24345,geostar,Summer 2021,S21,2021,B2B,top
24390,getdot,Summer 2021,S21,2021,B2B,top
24390,getdot,Summer 2021,S21,2021,Analytics,child
24264,glitzi,Summer 2021,S21,2021,Consumer,top
24264,glitzi,Summer 2021,S21,2021,Home and Personal,child
23963,gobillion,Summer 2021,S21,2021,Consumer,top
24005,goodkind,Summer 2021,S21,2021,B2B,top
24005,goodkind,Summer 2021,S21,2021,Sales,child
24252,govly,Summer 2021,S21,2021,Government,top
24868,heo-robotics,Summer 2021,S21,2021,Industrials,top
24868,heo-robotics,Summer 2021,S21,2021,Aviation and Space,child
24467,harmonic-discovery,Summer 2021,S21,2021,Healthcare,top
24467,harmonic-discovery,Summer 2021,S21,2021,Drug Discovery and Delivery,child
23842,hedgehog,Summer 2021,S21,2021,Fintech,top
24488,heimdal,Summer 2021,S21,2021,Industrials,top
24488,heimdal,Summer 2021,S21,2021,Climate,child
24460,hera,Summer 2021,S21,2021,B2B,top
24460,hera,Summer 2021,S21,2021,Productivity,child
24489,heycharge,Summer 2021,S21,2021,Industrials,top
24489,heycharge,Summer 2021,S21,2021,Energy,child
24197,quid,Summer 2021,S21,2021,B2B,top
24197,quid,Summer 2021,S21,2021,Marketing,child
24756,hirebolt,Summer 2021,S21,2021,B2B,top
24756,hirebolt,Summer 2021,S21,2021,Human Resources,child
24539,hitpay,Summer 2021,S21,2021,Fintech,top
24539,hitpay,Summer 2021,S21,2021,Payments,child
23953,hive-health,Summer 2021,S21,2021,Healthcare,top
24586,hudson-labs,Summer 2021,S21,2021,B2B,top
24586,hudson-labs,Summer 2021,S21,2021,Finance and Accounting,child
24601,humane-genomics,Summer 2021,S21,2021,Healthcare,top
24601,humane-genomics,Summer 2021,S21,2021,Therapeutics,child
22763,hyper,Summer 2021,S21,2021,Fintech,top
22763,hyper,Summer 2021,S21,2021,Payments,child
24177,hypertrader,Summer 2021,S21,2021,Fintech,top
24206,hyperbrowser,Summer 2021,S21,2021,B2B,top
24206,hyperbrowser,Summer 2021,S21,2021,Security,child
24351,hypercontext,Summer 2021,S21,2021,B2B,top
24351,hypercontext,Summer 2021,S21,2021,Productivity,child
24150,hypercore,Summer 2021,S21,2021,Fintech,top
24150,hypercore,Summer 2021,S21,2021,Credit and Lending,child
23727,hyperseed,Summer 2021,S21,2021,B2B,top
23727,hyperseed,Summer 2021,S21,2021,Finance and Accounting,child
24615,infer,Summer 2021,S21,2021,B2B,top
24615,infer,Summer 2021,S21,2021,Sales,child
24572,infina,Summer 2021,S21,2021,Fintech,top
24373,infiuss-health,Summer 2021,S21,2021,B2B,top
24443,inflow,Summer 2021,S21,2021,Healthcare,top
24443,inflow,Summer 2021,S21,2021,Therapeutics,child
24143,instakin,Summer 2021,S21,2021,Fintech,top
24143,instakin,Summer 2021,S21,2021,Consumer Finance,child
24079,instacrops,Summer 2021,S21,2021,Industrials,top
24079,instacrops,Summer 2021,S21,2021,Agriculture,child
24353,intellect,Summer 2021,S21,2021,Healthcare,top
24353,intellect,Summer 2021,S21,2021,Healthcare Services,child
23819,inversion-space,Summer 2021,S21,2021,Industrials,top
23819,inversion-space,Summer 2021,S21,2021,Aviation and Space,child
24266,ivella,Summer 2021,S21,2021,Fintech,top
24266,ivella,Summer 2021,S21,2021,Consumer Finance,child
24164,ivy-homes,Summer 2021,S21,2021,Real Estate and Construction,top
24164,ivy-homes,Summer 2021,S21,2021,Housing and Real Estate,child
24934,jabu,Summer 2021,S21,2021,Fintech,top
24934,jabu,Summer 2021,S21,2021,Payments,child
23973,jestor,Summer 2021,S21,2021,B2B,top
23973,jestor,Summer 2021,S21,2021,Productivity,child
24205,jovian,Summer 2021,S21,2021,Education,top
23970,jupe,Summer 2021,S21,2021,Real Estate and Construction,top
23970,jupe,Summer 2021,S21,2021,Housing and Real Estate,child
24426,kaipod-learning,Summer 2021,S21,2021,Education,top
24039,kalam-labs,Summer 2021,S21,2021,Industrials,top
24039,kalam-labs,Summer 2021,S21,2021,Drones,child
24649,kapacity-io,Summer 2021,S21,2021,Industrials,top
24649,kapacity-io,Summer 2021,S21,2021,Energy,child
24006,karbon-card,Summer 2021,S21,2021,Fintech,top
24006,karbon-card,Summer 2021,S21,2021,Credit and Lending,child
24192,kaya,Summer 2021,S21,2021,B2B,top
24192,kaya,Summer 2021,S21,2021,Marketing,child
24207,keyri,Summer 2021,S21,2021,B2B,top
24207,keyri,Summer 2021,S21,2021,Security,child
24167,kindamagical,Summer 2021,S21,2021,B2B,top
24628,kiwi-biosciences,Summer 2021,S21,2021,Healthcare,top
24628,kiwi-biosciences,Summer 2021,S21,2021,Consumer Health and Wellness,child
24424,kodda,Summer 2021,S21,2021,Healthcare,top
24424,kodda,Summer 2021,S21,2021,Consumer Health and Wellness,child
24181,kodex,Summer 2021,S21,2021,B2B,top
24181,kodex,Summer 2021,S21,2021,Legal,child
24162,konta-com,Summer 2021,S21,2021,B2B,top
24162,konta-com,Summer 2021,S21,2021,Finance and Accounting,child
24041,koshex,Summer 2021,S21,2021,Fintech,top
24041,koshex,Summer 2021,S21,2021,Asset Management,child
24415,kurios,Summer 2021,S21,2021,Education,top
24151,lago,Summer 2021,S21,2021,B2B,top
24151,lago,Summer 2021,S21,2021,Finance and Accounting,child
24156,lariat-data,Summer 2021,S21,2021,B2B,top
24156,lariat-data,Summer 2021,S21,2021,"Engineering, Product and Design",child
24241,laudable,Summer 2021,S21,2021,B2B,top
24241,laudable,Summer 2021,S21,2021,Marketing,child
23946,legion-health,Summer 2021,S21,2021,Healthcare,top
23946,legion-health,Summer 2021,S21,2021,Consumer Health and Wellness,child
24372,lemfi,Summer 2021,S21,2021,Fintech,top
24372,lemfi,Summer 2021,S21,2021,Banking and Exchange,child
23974,level,Summer 2021,S21,2021,Fintech,top
23974,level,Summer 2021,S21,2021,Credit and Lending,child
24498,levo,Summer 2021,S21,2021,Fintech,top
24498,levo,Summer 2021,S21,2021,Asset Management,child
24037,levro,Summer 2021,S21,2021,Fintech,top
24037,levro,Summer 2021,S21,2021,Banking and Exchange,child
24879,lightly,Summer 2021,S21,2021,B2B,top
24879,lightly,Summer 2021,S21,2021,"Engineering, Product and Design",child
24558,litnerd,Summer 2021,S21,2021,Education,top
24925,liv-labs-inc,Summer 2021,S21,2021,Healthcare,top
24925,liv-labs-inc,Summer 2021,S21,2021,Consumer Health and Wellness,child
23831,lobby,Summer 2021,S21,2021,Healthcare,top
24190,locale,Summer 2021,S21,2021,Consumer,top
24190,locale,Summer 2021,S21,2021,Food and Beverage,child
24355,lootrush,Summer 2021,S21,2021,Fintech,top
24624,luable,Summer 2021,S21,2021,Fintech,top
24624,luable,Summer 2021,S21,2021,Asset Management,child
24822,luminate-medical,Summer 2021,S21,2021,Healthcare,top
24822,luminate-medical,Summer 2021,S21,2021,Medical Devices,child
24369,mable,Summer 2021,S21,2021,Healthcare,top
24369,mable,Summer 2021,S21,2021,Medical Devices,child
24551,mach9,Summer 2021,S21,2021,B2B,top
24551,mach9,Summer 2021,S21,2021,"Engineering, Product and Design",child
24136,madeats,Summer 2021,S21,2021,Consumer,top
24136,madeats,Summer 2021,S21,2021,Food and Beverage,child
24044,mailmodo,Summer 2021,S21,2021,B2B,top
24044,mailmodo,Summer 2021,S21,2021,Marketing,child
24466,makani-science,Summer 2021,S21,2021,Healthcare,top
24466,makani-science,Summer 2021,S21,2021,Medical Devices,child
24640,malga,Summer 2021,S21,2021,Fintech,top
24640,malga,Summer 2021,S21,2021,Payments,child
24382,malloc-inc,Summer 2021,S21,2021,B2B,top
24382,malloc-inc,Summer 2021,S21,2021,Security,child
24176,maroo,Summer 2021,S21,2021,B2B,top
24176,maroo,Summer 2021,S21,2021,Finance and Accounting,child
23451,marqvision,Summer 2021,S21,2021,B2B,top
24330,matidor-com,Summer 2021,S21,2021,B2B,top
24330,matidor-com,Summer 2021,S21,2021,Productivity,child
24528,matrubials-inc,Summer 2021,S21,2021,Healthcare,top
24528,matrubials-inc,Summer 2021,S21,2021,Drug Discovery and Delivery,child
24915,mecho-autotech,Summer 2021,S21,2021,Industrials,top
24915,mecho-autotech,Summer 2021,S21,2021,Automotive,child
24820,medium-biosciences,Summer 2021,S21,2021,Healthcare,top
24820,medium-biosciences,Summer 2021,S21,2021,Diagnostics,child
24692,membo,Summer 2021,S21,2021,Consumer,top
24692,membo,Summer 2021,S21,2021,Food and Beverage,child
23818,mentorcam,Summer 2021,S21,2021,Education,top
24509,mentum,Summer 2021,S21,2021,B2B,top
24509,mentum,Summer 2021,S21,2021,Supply Chain and Logistics,child
24378,mergent,Summer 2021,S21,2021,B2B,top
24378,mergent,Summer 2021,S21,2021,"Engineering, Product and Design",child
24508,meticulous,Summer 2021,S21,2021,B2B,top
24508,meticulous,Summer 2021,S21,2021,"Engineering, Product and Design",child
24185,micro-meat,Summer 2021,S21,2021,Industrials,top
24185,micro-meat,Summer 2021,S21,2021,Agriculture,child
24383,milky-way-ai,Summer 2021,S21,2021,B2B,top
24383,milky-way-ai,Summer 2021,S21,2021,Retail,child
24346,mindfi,Summer 2021,S21,2021,B2B,top
24346,mindfi,Summer 2021,S21,2021,Human Resources,child
24779,mindmesh,Summer 2021,S21,2021,B2B,top
24779,mindmesh,Summer 2021,S21,2021,Productivity,child
23951,mindstate-design-labs,Summer 2021,S21,2021,Healthcare,top
23951,mindstate-design-labs,Summer 2021,S21,2021,Drug Discovery and Delivery,child
24461,mine,Summer 2021,S21,2021,Fintech,top
24461,mine,Summer 2021,S21,2021,Consumer Finance,child
24395,miniloop,Summer 2021,S21,2021,B2B,top
24405,mixr,Summer 2021,S21,2021,B2B,top
24405,mixr,Summer 2021,S21,2021,Human Resources,child
24100,mobileboost,Summer 2021,S21,2021,B2B,top
24100,mobileboost,Summer 2021,S21,2021,"Engineering, Product and Design",child
24371,momo-medical,Summer 2021,S21,2021,Healthcare,top
24269,monet,Summer 2021,S21,2021,Fintech,top
24248,monto,Summer 2021,S21,2021,Fintech,top
24700,moving-parts,Summer 2021,S21,2021,B2B,top
24700,moving-parts,Summer 2021,S21,2021,"Engineering, Product and Design",child
24627,nasdisc,Summer 2021,S21,2021,Consumer,top
24876,nash,Summer 2021,S21,2021,B2B,top
24876,nash,Summer 2021,S21,2021,Supply Chain and Logistics,child
24095,neodocs,Summer 2021,S21,2021,Healthcare,top
24157,nexus,Summer 2021,S21,2021,Fintech,top
24157,nexus,Summer 2021,S21,2021,Consumer Finance,child
24084,nino-foods,Summer 2021,S21,2021,Consumer,top
24084,nino-foods,Summer 2021,S21,2021,Food and Beverage,child
24562,noloco,Summer 2021,S21,2021,B2B,top
24562,noloco,Summer 2021,S21,2021,"Engineering, Product and Design",child
24579,nomod,Summer 2021,S21,2021,Fintech,top
24579,nomod,Summer 2021,S21,2021,Payments,child
24653,novatr,Summer 2021,S21,2021,Education,top
24053,odwen,Summer 2021,S21,2021,B2B,top
24053,odwen,Summer 2021,S21,2021,Supply Chain and Logistics,child
23947,odys-aviation,Summer 2021,S21,2021,Industrials,top
23947,odys-aviation,Summer 2021,S21,2021,Aviation and Space,child
24254,okani,Summer 2021,S21,2021,Healthcare,top
24254,okani,Summer 2021,S21,2021,Consumer Health and Wellness,child
24404,oneschema,Summer 2021,S21,2021,B2B,top
24404,oneschema,Summer 2021,S21,2021,Operations,child
24843,oneshop,Summer 2021,S21,2021,Consumer,top
24302,onestopkitchen,Summer 2021,S21,2021,Consumer,top
24302,onestopkitchen,Summer 2021,S21,2021,Food and Beverage,child
24230,onebrief,Summer 2021,S21,2021,B2B,top
24544,onfolk,Summer 2021,S21,2021,B2B,top
24544,onfolk,Summer 2021,S21,2021,Human Resources,child
24580,onsite-pro,Summer 2021,S21,2021,B2B,top
23781,openlayer,Summer 2021,S21,2021,B2B,top
23781,openlayer,Summer 2021,S21,2021,"Engineering, Product and Design",child
24774,opkit,Summer 2021,S21,2021,Healthcare,top
24774,opkit,Summer 2021,S21,2021,Healthcare IT,child
24691,orderli,Summer 2021,S21,2021,B2B,top
24727,output,Summer 2021,S21,2021,Healthcare,top
24727,output,Summer 2021,S21,2021,Drug Discovery and Delivery,child
24602,payze,Summer 2021,S21,2021,Fintech,top
24602,payze,Summer 2021,S21,2021,Payments,child
24821,pactima,Summer 2021,S21,2021,B2B,top
24821,pactima,Summer 2021,S21,2021,Legal,child
23780,palettehq,Summer 2021,S21,2021,B2B,top
23780,palettehq,Summer 2021,S21,2021,Sales,child
23776,palla,Summer 2021,S21,2021,Fintech,top
23776,palla,Summer 2021,S21,2021,Payments,child
24682,pandai,Summer 2021,S21,2021,Education,top
24081,parallel-bio,Summer 2021,S21,2021,Healthcare,top
24081,parallel-bio,Summer 2021,S21,2021,Drug Discovery and Delivery,child
24159,patterns,Summer 2021,S21,2021,B2B,top
24159,patterns,Summer 2021,S21,2021,Analytics,child
24874,payflow,Summer 2021,S21,2021,B2B,top
24874,payflow,Summer 2021,S21,2021,Human Resources,child
24479,payhippo,Summer 2021,S21,2021,Fintech,top
24479,payhippo,Summer 2021,S21,2021,Credit and Lending,child
24255,perfekto,Summer 2021,S21,2021,Consumer,top
24255,perfekto,Summer 2021,S21,2021,Food and Beverage,child
24759,phykos,Summer 2021,S21,2021,Industrials,top
24759,phykos,Summer 2021,S21,2021,Climate,child
24882,pide-directo,Summer 2021,S21,2021,B2B,top
24882,pide-directo,Summer 2021,S21,2021,Supply Chain and Logistics,child
24251,pideaky,Summer 2021,S21,2021,Fintech,top
24251,pideaky,Summer 2021,S21,2021,Payments,child
24569,pillar,Summer 2021,S21,2021,Healthcare,top
24569,pillar,Summer 2021,S21,2021,Healthcare Services,child
23950,pipekit,Summer 2021,S21,2021,B2B,top
23950,pipekit,Summer 2021,S21,2021,Infrastructure,child
24188,pirouette-pharma,Summer 2021,S21,2021,Healthcare,top
24188,pirouette-pharma,Summer 2021,S21,2021,Drug Discovery and Delivery,child
24754,plai,Summer 2021,S21,2021,B2B,top
24754,plai,Summer 2021,S21,2021,Marketing,child
24260,planet-a-foods,Summer 2021,S21,2021,Consumer,top
24260,planet-a-foods,Summer 2021,S21,2021,Food and Beverage,child
24253,pluggy,Summer 2021,S21,2021,B2B,top
24253,pluggy,Summer 2021,S21,2021,"Engineering, Product and Design",child
24477,portao-3,Summer 2021,S21,2021,B2B,top
24477,portao-3,Summer 2021,S21,2021,Finance and Accounting,child
23860,positional,Summer 2021,S21,2021,B2B,top
23860,positional,Summer 2021,S21,2021,Marketing,child
23977,potion,Summer 2021,S21,2021,B2B,top
23783,promakhos-therapeutics,Summer 2021,S21,2021,Healthcare,top
23783,promakhos-therapeutics,Summer 2021,S21,2021,Therapeutics,child
24046,propreturns,Summer 2021,S21,2021,Real Estate and Construction,top
24046,propreturns,Summer 2021,S21,2021,Housing and Real Estate,child
24823,protego,Summer 2021,S21,2021,B2B,top
24823,protego,Summer 2021,S21,2021,Security,child
24444,protex-ai,Summer 2021,S21,2021,B2B,top
24444,protex-ai,Summer 2021,S21,2021,Supply Chain and Logistics,child
24606,pylon,Summer 2021,S21,2021,B2B,top
24606,pylon,Summer 2021,S21,2021,Infrastructure,child
24858,quest,Summer 2021,S21,2021,Consumer,top
24858,quest,Summer 2021,S21,2021,Content,child
24139,reprosent,Summer 2021,S21,2021,Healthcare,top
24130,rgi-labs,Summer 2021,S21,2021,B2B,top
24130,rgi-labs,Summer 2021,S21,2021,"Engineering, Product and Design",child
24555,rmfg,Summer 2021,S21,2021,Industrials,top
24555,rmfg,Summer 2021,S21,2021,Manufacturing and Robotics,child
24203,redbean,Summer 2021,S21,2021,Consumer,top
23832,reframe,Summer 2021,S21,2021,Healthcare,top
23832,reframe,Summer 2021,S21,2021,Consumer Health and Wellness,child
24152,rendalomaq,Summer 2021,S21,2021,Real Estate and Construction,top
24152,rendalomaq,Summer 2021,S21,2021,Construction,child
23979,replo,Summer 2021,S21,2021,B2B,top
23979,replo,Summer 2021,S21,2021,"Engineering, Product and Design",child
24243,repool,Summer 2021,S21,2021,Fintech,top
24243,repool,Summer 2021,S21,2021,Asset Management,child
24556,revery-ai,Summer 2021,S21,2021,Consumer,top
24556,revery-ai,Summer 2021,S21,2021,Social,child
24926,revolve-surgical,Summer 2021,S21,2021,Healthcare,top
24926,revolve-surgical,Summer 2021,S21,2021,Medical Devices,child
24199,rinse,Summer 2021,S21,2021,Healthcare,top
24199,rinse,Summer 2021,S21,2021,Consumer Health and Wellness,child
24083,rivia-ai,Summer 2021,S21,2021,B2B,top
24083,rivia-ai,Summer 2021,S21,2021,Marketing,child
23978,rootly,Summer 2021,S21,2021,B2B,top
23978,rootly,Summer 2021,S21,2021,Infrastructure,child
24339,ruta-health,Summer 2021,S21,2021,B2B,top
24669,ruth-health,Summer 2021,S21,2021,Healthcare,top
24669,ruth-health,Summer 2021,S21,2021,Healthcare Services,child
24795,sfa-therapeutics-inc,Summer 2021,S21,2021,Healthcare,top
24795,sfa-therapeutics-inc,Summer 2021,S21,2021,Therapeutics,child
24166,safebeat,Summer 2021,S21,2021,Healthcare,top
24166,safebeat,Summer 2021,S21,2021,Medical Devices,child
24892,safer-management,Summer 2021,S21,2021,B2B,top
24059,salarybook,Summer 2021,S21,2021,B2B,top
24198,salarybox,Summer 2021,S21,2021,B2B,top
24198,salarybox,Summer 2021,S21,2021,Human Resources,child
24866,satsuma,Summer 2021,S21,2021,B2B,top
24866,satsuma,Summer 2021,S21,2021,Infrastructure,child
24367,scispot-io,Summer 2021,S21,2021,B2B,top
24304,scratch-data,Summer 2021,S21,2021,B2B,top
24304,scratch-data,Summer 2021,S21,2021,Infrastructure,child
24191,secoda,Summer 2021,S21,2021,B2B,top
24191,secoda,Summer 2021,S21,2021,Analytics,child
24235,senpai-gg,Summer 2021,S21,2021,Consumer,top
24235,senpai-gg,Summer 2021,S21,2021,Gaming,child
24705,sensible-biotechnologies,Summer 2021,S21,2021,Healthcare,top
24705,sensible-biotechnologies,Summer 2021,S21,2021,Therapeutics,child
24204,sentiyen,Summer 2021,S21,2021,B2B,top
24204,sentiyen,Summer 2021,S21,2021,Marketing,child
24381,sequin,Summer 2021,S21,2021,B2B,top
24668,shape,Summer 2021,S21,2021,B2B,top
24668,shape,Summer 2021,S21,2021,Analytics,child
24406,shimmer,Summer 2021,S21,2021,Healthcare,top
24406,shimmer,Summer 2021,S21,2021,Consumer Health and Wellness,child
24385,shipblu,Summer 2021,S21,2021,B2B,top
24385,shipblu,Summer 2021,S21,2021,Supply Chain and Logistics,child
24596,siglo,Summer 2021,S21,2021,Consumer,top
24282,sigmaos,Summer 2021,S21,2021,Consumer,top
24514,sirka,Summer 2021,S21,2021,Healthcare,top
24514,sirka,Summer 2021,S21,2021,Consumer Health and Wellness,child
24828,sitenna,Summer 2021,S21,2021,B2B,top
23120,slash,Summer 2021,S21,2021,Fintech,top
24135,sleek,Summer 2021,S21,2021,B2B,top
23796,slope,Summer 2021,S21,2021,Fintech,top
23796,slope,Summer 2021,S21,2021,Payments,child
24142,snapcalorie,Summer 2021,S21,2021,Consumer,top
24137,soco,Summer 2021,S21,2021,Consumer,top
24137,soco,Summer 2021,S21,2021,Apparel and Cosmetics,child
24024,solarmente,Summer 2021,S21,2021,Consumer,top
24506,spark-studio,Summer 2021,S21,2021,Education,top
24816,spoken,Summer 2021,S21,2021,Consumer,top
24816,spoken,Summer 2021,S21,2021,Home and Personal,child
24237,sproutfi,Summer 2021,S21,2021,Fintech,top
24787,squire-ai,Summer 2021,S21,2021,B2B,top
24787,squire-ai,Summer 2021,S21,2021,"Engineering, Product and Design",child
24407,stardex,Summer 2021,S21,2021,B2B,top
24861,stepful,Summer 2021,S21,2021,Education,top
23957,stipop,Summer 2021,S21,2021,Consumer,top
23957,stipop,Summer 2021,S21,2021,Content,child
24720,storylane,Summer 2021,S21,2021,B2B,top
24635,stownest,Summer 2021,S21,2021,Consumer,top
24719,strideq,Summer 2021,S21,2021,B2B,top
24719,strideq,Summer 2021,S21,2021,Retail,child
24131,strive-math,Summer 2021,S21,2021,Education,top
24148,studystream,Summer 2021,S21,2021,Education,top
24914,sully-ai,Summer 2021,S21,2021,B2B,top
24914,sully-ai,Summer 2021,S21,2021,Productivity,child
23948,staffbar,Summer 2021,S21,2021,B2B,top
23948,staffbar,Summer 2021,S21,2021,"Engineering, Product and Design",child
24686,suplias,Summer 2021,S21,2021,Fintech,top
24093,swipe-2,Summer 2021,S21,2021,B2B,top
24093,swipe-2,Summer 2021,S21,2021,Finance and Accounting,child
24859,synder,Summer 2021,S21,2021,B2B,top
24859,synder,Summer 2021,S21,2021,Finance and Accounting,child
23959,tag,Summer 2021,S21,2021,Fintech,top
23959,tag,Summer 2021,S21,2021,Banking and Exchange,child
24154,tablevibe-co,Summer 2021,S21,2021,B2B,top
24154,tablevibe-co,Summer 2021,S21,2021,Retail,child
24839,talentdrop,Summer 2021,S21,2021,B2B,top
24839,talentdrop,Summer 2021,S21,2021,Recruiting and Talent,child
23945,talus-bio,Summer 2021,S21,2021,Healthcare,top
23945,talus-bio,Summer 2021,S21,2021,Drug Discovery and Delivery,child
24195,tarsal,Summer 2021,S21,2021,B2B,top
24195,tarsal,Summer 2021,S21,2021,Security,child
24161,tavus,Summer 2021,S21,2021,B2B,top
24604,telivy,Summer 2021,S21,2021,B2B,top
24604,telivy,Summer 2021,S21,2021,Security,child
24573,telmai,Summer 2021,S21,2021,B2B,top
24567,tenyks,Summer 2021,S21,2021,B2B,top
24529,the-breakaway,Summer 2021,S21,2021,Consumer,top
24760,therify,Summer 2021,S21,2021,B2B,top
24760,therify,Summer 2021,S21,2021,Human Resources,child
24271,tiriel-ai,Summer 2021,S21,2021,B2B,top
24271,tiriel-ai,Summer 2021,S21,2021,Supply Chain and Logistics,child
24870,titipku,Summer 2021,S21,2021,Consumer,top
24907,toku,Summer 2021,S21,2021,B2B,top
24907,toku,Summer 2021,S21,2021,Finance and Accounting,child
24531,transastra-corporation,Summer 2021,S21,2021,Industrials,top
24531,transastra-corporation,Summer 2021,S21,2021,Aviation and Space,child
24347,truss,Summer 2021,S21,2021,Fintech,top
24347,truss,Summer 2021,S21,2021,Banking and Exchange,child
24638,tuli-health,Summer 2021,S21,2021,Healthcare,top
24865,turion-space,Summer 2021,S21,2021,Industrials,top
24865,turion-space,Summer 2021,S21,2021,Aviation and Space,child
24149,union54,Summer 2021,S21,2021,Fintech,top
24108,v-flow-medical-inc,Summer 2021,S21,2021,Healthcare,top
24108,v-flow-medical-inc,Summer 2021,S21,2021,Medical Devices,child
23967,varos,Summer 2021,S21,2021,B2B,top
23967,varos,Summer 2021,S21,2021,Analytics,child
24840,vedabio,Summer 2021,S21,2021,Healthcare,top
24840,vedabio,Summer 2021,S21,2021,Diagnostics,child
24845,verano-health,Summer 2021,S21,2021,Healthcare,top
24681,verde,Summer 2021,S21,2021,Fintech,top
24681,verde,Summer 2021,S21,2021,Credit and Lending,child
24180,verihubs,Summer 2021,S21,2021,B2B,top
24180,verihubs,Summer 2021,S21,2021,"Engineering, Product and Design",child
24616,vibe-kanban,Summer 2021,S21,2021,B2B,top
24616,vibe-kanban,Summer 2021,S21,2021,"Engineering, Product and Design",child
24429,vinco,Summer 2021,S21,2021,B2B,top
24429,vinco,Summer 2021,S21,2021,Human Resources,child
22694,vogent,Summer 2021,S21,2021,B2B,top
23861,wabi,Summer 2021,S21,2021,B2B,top
24344,warpbuild,Summer 2021,S21,2021,B2B,top
24344,warpbuild,Summer 2021,S21,2021,"Engineering, Product and Design",child
24259,warpfy,Summer 2021,S21,2021,Consumer,top
24259,warpfy,Summer 2021,S21,2021,Home and Personal,child
24507,warrant,Summer 2021,S21,2021,B2B,top
24507,warrant,Summer 2021,S21,2021,Infrastructure,child
24590,waterplan,Summer 2021,S21,2021,B2B,top
24384,whalesync,Summer 2021,S21,2021,B2B,top
24384,whalesync,Summer 2021,S21,2021,Marketing,child
24481,whaly,Summer 2021,S21,2021,B2B,top
24481,whaly,Summer 2021,S21,2021,Analytics,child
24526,writesonic,Summer 2021,S21,2021,B2B,top
24526,writesonic,Summer 2021,S21,2021,Marketing,child
24368,yemaachi-biotechnology,Summer 2021,S21,2021,Healthcare,top
24368,yemaachi-biotechnology,Summer 2021,S21,2021,Diagnostics,child
23952,yummy-inc,Summer 2021,S21,2021,Consumer,top
23659,zage,Summer 2021,S21,2021,Fintech,top
24058,zeit-medical,Summer 2021,S21,2021,Healthcare,top
24058,zeit-medical,Summer 2021,S21,2021,Medical Devices,child
24160,posturehealth-inc,Summer 2021,S21,2021,Healthcare,top
24160,posturehealth-inc,Summer 2021,S21,2021,Consumer Health and Wellness,child
24476,zensors-inc,Summer 2021,S21,2021,B2B,top
24416,zoios,Summer 2021,S21,2021,B2B,top
24416,zoios,Summer 2021,S21,2021,Human Resources,child
24603,resident-boost,Summer 2021,S21,2021,B2B,top
24497,asim,Summer 2021,S21,2021,Consumer,top
24292,fluke,Summer 2021,S21,2021,B2B,top
23944,hotglue,Summer 2021,S21,2021,B2B,top
23944,hotglue,Summer 2021,S21,2021,"Engineering, Product and Design",child
24679,idemeum,Summer 2021,S21,2021,B2B,top
24679,idemeum,Summer 2021,S21,2021,Security,child
24329,inai,Summer 2021,S21,2021,Fintech,top
24329,inai,Summer 2021,S21,2021,Payments,child
24459,lapzo,Summer 2021,S21,2021,B2B,top
24459,lapzo,Summer 2021,S21,2021,Human Resources,child
23885,marketfeed,Summer 2021,S21,2021,Fintech,top
23885,marketfeed,Summer 2021,S21,2021,Consumer Finance,child
24524,outloud-ai,Summer 2021,S21,2021,B2B,top
24524,outloud-ai,Summer 2021,S21,2021,Retail,child
24268,testrigor,Summer 2021,S21,2021,B2B,top
24268,testrigor,Summer 2021,S21,2021,"Engineering, Product and Design",child
24168,trii,Summer 2021,S21,2021,Fintech,top
24168,trii,Summer 2021,S21,2021,Banking and Exchange,child
24080,zazos,Summer 2021,S21,2021,B2B,top
26019,ayc-fund,Winter 2022,W22,2022,Fintech,top
26019,ayc-fund,Winter 2022,W22,2022,Asset Management,child
25330,actipulse-neuroscience,Winter 2022,W22,2022,Healthcare,top
25330,actipulse-neuroscience,Winter 2022,W22,2022,Medical Devices,child
25273,agave,Winter 2022,W22,2022,B2B,top
25696,agency,Winter 2022,W22,2022,B2B,top
25696,agency,Winter 2022,W22,2022,Security,child
25543,agentnoon,Winter 2022,W22,2022,B2B,top
25543,agentnoon,Winter 2022,W22,2022,Human Resources,child
26253,aisupervision,Winter 2022,W22,2022,Industrials,top
26253,aisupervision,Winter 2022,W22,2022,Manufacturing and Robotics,child
26120,airmyne,Winter 2022,W22,2022,Industrials,top
26120,airmyne,Winter 2022,W22,2022,Climate,child
25753,airwork,Winter 2022,W22,2022,B2B,top
25753,airwork,Winter 2022,W22,2022,Recruiting and Talent,child
25723,aklimate,Winter 2022,W22,2022,B2B,top
25723,aklimate,Winter 2022,W22,2022,Supply Chain and Logistics,child
25271,alfie,Winter 2022,W22,2022,Healthcare,top
25271,alfie,Winter 2022,W22,2022,Healthcare Services,child
25700,alga-biosciences,Winter 2022,W22,2022,Industrials,top
25700,alga-biosciences,Winter 2022,W22,2022,Climate,child
26210,alima,Winter 2022,W22,2022,B2B,top
26210,alima,Winter 2022,W22,2022,Supply Chain and Logistics,child
25449,alixia,Winter 2022,W22,2022,Healthcare,top
25449,alixia,Winter 2022,W22,2022,Therapeutics,child
25931,amal-invest,Winter 2022,W22,2022,Fintech,top
25058,andi,Winter 2022,W22,2022,Consumer,top
25058,andi,Winter 2022,W22,2022,Content,child
25865,andson-biotech,Winter 2022,W22,2022,Healthcare,top
25655,anfin,Winter 2022,W22,2022,Fintech,top
25655,anfin,Winter 2022,W22,2022,Asset Management,child
26021,anja-health,Winter 2022,W22,2022,Healthcare,top
26021,anja-health,Winter 2022,W22,2022,Consumer Health and Wellness,child
25512,ankr-health,Winter 2022,W22,2022,Healthcare,top
25757,antwalk,Winter 2022,W22,2022,Education,top
25106,apollo-3,Winter 2022,W22,2022,Fintech,top
25118,arc-2,Winter 2022,W22,2022,Fintech,top
25725,argo,Winter 2022,W22,2022,Consumer,top
25725,argo,Winter 2022,W22,2022,Content,child
25937,argument-computer-corporation,Winter 2022,W22,2022,B2B,top
25737,arintra,Winter 2022,W22,2022,Healthcare,top
25737,arintra,Winter 2022,W22,2022,Healthcare IT,child
25585,armilla-ai,Winter 2022,W22,2022,Fintech,top
25585,armilla-ai,Winter 2022,W22,2022,Insurance,child
25981,arpari,Winter 2022,W22,2022,Fintech,top
25403,aspora,Winter 2022,W22,2022,Fintech,top
25403,aspora,Winter 2022,W22,2022,Consumer Finance,child
25262,astroforge,Winter 2022,W22,2022,Industrials,top
25262,astroforge,Winter 2022,W22,2022,Manufacturing and Robotics,child
25480,atlas-2,Winter 2022,W22,2022,B2B,top
25480,atlas-2,Winter 2022,W22,2022,Operations,child
25075,attack-capital,Winter 2022,W22,2022,B2B,top
25928,attain,Winter 2022,W22,2022,B2B,top
25892,avairsense,Winter 2022,W22,2022,Consumer,top
25892,avairsense,Winter 2022,W22,2022,Consumer Electronics,child
26004,avocademy,Winter 2022,W22,2022,Education,top
25607,axis,Winter 2022,W22,2022,B2B,top
25607,axis,Winter 2022,W22,2022,Productivity,child
25351,axross-pte-ltd,Winter 2022,W22,2022,B2B,top
25351,axross-pte-ltd,Winter 2022,W22,2022,"Engineering, Product and Design",child
26331,bby,Winter 2022,W22,2022,Healthcare,top
26331,bby,Winter 2022,W22,2022,Medical Devices,child
25596,bakool,Winter 2022,W22,2022,Consumer,top
25575,beam,Winter 2022,W22,2022,B2B,top
25575,beam,Winter 2022,W22,2022,Infrastructure,child
25973,belozfi,Winter 2022,W22,2022,Fintech,top
25973,belozfi,Winter 2022,W22,2022,Credit and Lending,child
25825,bemlo,Winter 2022,W22,2022,Healthcare,top
25825,bemlo,Winter 2022,W22,2022,Healthcare IT,child
25728,benson,Winter 2022,W22,2022,Fintech,top
25728,benson,Winter 2022,W22,2022,Consumer Finance,child
25924,better-opinions,Winter 2022,W22,2022,Consumer,top
25924,better-opinions,Winter 2022,W22,2022,Gaming,child
26134,beyond-aero,Winter 2022,W22,2022,Industrials,top
26134,beyond-aero,Winter 2022,W22,2022,Aviation and Space,child
25615,bharatx,Winter 2022,W22,2022,Fintech,top
25615,bharatx,Winter 2022,W22,2022,Credit and Lending,child
25569,bifrost,Winter 2022,W22,2022,Fintech,top
25569,bifrost,Winter 2022,W22,2022,Asset Management,child
25354,blaze,Winter 2022,W22,2022,B2B,top
25989,blink-new,Winter 2022,W22,2022,B2B,top
25989,blink-new,Winter 2022,W22,2022,"Engineering, Product and Design",child
25730,blitzllama,Winter 2022,W22,2022,B2B,top
25291,boardcave,Winter 2022,W22,2022,Consumer,top
25491,bobidi,Winter 2022,W22,2022,B2B,top
25491,bobidi,Winter 2022,W22,2022,Marketing,child
25777,botcity,Winter 2022,W22,2022,B2B,top
25777,botcity,Winter 2022,W22,2022,"Engineering, Product and Design",child
25678,botin,Winter 2022,W22,2022,Fintech,top
25678,botin,Winter 2022,W22,2022,Asset Management,child
25685,boya,Winter 2022,W22,2022,Fintech,top
25905,bracket,Winter 2022,W22,2022,B2B,top
25905,bracket,Winter 2022,W22,2022,"Engineering, Product and Design",child
25871,brainboard,Winter 2022,W22,2022,B2B,top
25871,brainboard,Winter 2022,W22,2022,"Engineering, Product and Design",child
25819,broccoli-ai,Winter 2022,W22,2022,B2B,top
25819,broccoli-ai,Winter 2022,W22,2022,"Engineering, Product and Design",child
25349,brown-foods,Winter 2022,W22,2022,Healthcare,top
25349,brown-foods,Winter 2022,W22,2022,Industrial Bio,child
25583,bunkyr,Winter 2022,W22,2022,B2B,top
25583,bunkyr,Winter 2022,W22,2022,Security,child
25418,cutr,Winter 2022,W22,2022,B2B,top
25418,cutr,Winter 2022,W22,2022,"Engineering, Product and Design",child
25306,capuchin,Winter 2022,W22,2022,B2B,top
25782,carbon-crusher,Winter 2022,W22,2022,Industrials,top
25782,carbon-crusher,Winter 2022,W22,2022,Climate,child
25593,cardda,Winter 2022,W22,2022,Fintech,top
25593,cardda,Winter 2022,W22,2022,Payments,child
25754,cash-flow-portal,Winter 2022,W22,2022,Real Estate and Construction,top
25754,cash-flow-portal,Winter 2022,W22,2022,Housing and Real Estate,child
26043,cashmere,Winter 2022,W22,2022,Fintech,top
26043,cashmere,Winter 2022,W22,2022,Asset Management,child
25404,castia,Winter 2022,W22,2022,Real Estate and Construction,top
25404,castia,Winter 2022,W22,2022,Housing and Real Estate,child
25588,castled-io,Winter 2022,W22,2022,B2B,top
25588,castled-io,Winter 2022,W22,2022,Marketing,child
26094,cellbyte,Winter 2022,W22,2022,Healthcare,top
26094,cellbyte,Winter 2022,W22,2022,Healthcare IT,child
25537,cerebrium,Winter 2022,W22,2022,B2B,top
25537,cerebrium,Winter 2022,W22,2022,Infrastructure,child
25337,cherry-recommends,Winter 2022,W22,2022,B2B,top
26121,cinapse,Winter 2022,W22,2022,B2B,top
26121,cinapse,Winter 2022,W22,2022,Productivity,child
25763,cinder-2,Winter 2022,W22,2022,B2B,top
25763,cinder-2,Winter 2022,W22,2022,Security,child
26054,circular,Winter 2022,W22,2022,Consumer,top
26054,circular,Winter 2022,W22,2022,Consumer Electronics,child
25960,clupp,Winter 2022,W22,2022,Fintech,top
25960,clupp,Winter 2022,W22,2022,Insurance,child
25999,codec,Winter 2022,W22,2022,Consumer,top
25999,codec,Winter 2022,W22,2022,Content,child
26147,cofactr,Winter 2022,W22,2022,B2B,top
26147,cofactr,Winter 2022,W22,2022,Supply Chain and Logistics,child
25343,coffeeai,Winter 2022,W22,2022,B2B,top
25672,cogram,Winter 2022,W22,2022,B2B,top
25672,cogram,Winter 2022,W22,2022,Productivity,child
25657,complete,Winter 2022,W22,2022,B2B,top
25657,complete,Winter 2022,W22,2022,Human Resources,child
25526,complif,Winter 2022,W22,2022,B2B,top
25526,complif,Winter 2022,W22,2022,Operations,child
25160,compra-rapida,Winter 2022,W22,2022,B2B,top
25160,compra-rapida,Winter 2022,W22,2022,Retail,child
25720,convoy-2,Winter 2022,W22,2022,B2B,top
25720,convoy-2,Winter 2022,W22,2022,"Engineering, Product and Design",child
25450,corveus-medical,Winter 2022,W22,2022,Healthcare,top
25450,corveus-medical,Winter 2022,W22,2022,Medical Devices,child
25680,cotera,Winter 2022,W22,2022,B2B,top
25680,cotera,Winter 2022,W22,2022,Analytics,child
25787,courtyard-io,Winter 2022,W22,2022,Consumer,top
25338,cozmo-ai,Winter 2022,W22,2022,B2B,top
25332,craniometrix,Winter 2022,W22,2022,Healthcare,top
26277,credibook,Winter 2022,W22,2022,B2B,top
26277,credibook,Winter 2022,W22,2022,Retail,child
25559,creizer,Winter 2022,W22,2022,Fintech,top
25559,creizer,Winter 2022,W22,2022,Credit and Lending,child
25529,roomplays,Winter 2022,W22,2022,B2B,top
25529,roomplays,Winter 2022,W22,2022,Sales,child
25684,curacel,Winter 2022,W22,2022,Fintech,top
25684,curacel,Winter 2022,W22,2022,Insurance,child
25911,cypher,Winter 2022,W22,2022,Fintech,top
25911,cypher,Winter 2022,W22,2022,Payments,child
26035,darsel,Winter 2022,W22,2022,Education,top
25587,dart,Winter 2022,W22,2022,B2B,top
25587,dart,Winter 2022,W22,2022,Productivity,child
26073,dealls-jobs-and-mentoring,Winter 2022,W22,2022,B2B,top
26073,dealls-jobs-and-mentoring,Winter 2022,W22,2022,Recruiting and Talent,child
25950,decent,Winter 2022,W22,2022,B2B,top
25950,decent,Winter 2022,W22,2022,Infrastructure,child
25731,demo-gorilla,Winter 2022,W22,2022,B2B,top
25731,demo-gorilla,Winter 2022,W22,2022,Sales,child
25788,dimorder,Winter 2022,W22,2022,B2B,top
25486,dioptra,Winter 2022,W22,2022,B2B,top
25486,dioptra,Winter 2022,W22,2022,Legal,child
25716,dojah-inc,Winter 2022,W22,2022,B2B,top
25716,dojah-inc,Winter 2022,W22,2022,Infrastructure,child
25576,drivingforce,Winter 2022,W22,2022,B2B,top
25576,drivingforce,Winter 2022,W22,2022,Supply Chain and Logistics,child
25814,duplo,Winter 2022,W22,2022,Fintech,top
25746,durioo,Winter 2022,W22,2022,Consumer,top
25746,durioo,Winter 2022,W22,2022,Content,child
25398,dynamo-ai,Winter 2022,W22,2022,B2B,top
25670,eazipay-inc,Winter 2022,W22,2022,Fintech,top
25670,eazipay-inc,Winter 2022,W22,2022,Payments,child
25542,elementary,Winter 2022,W22,2022,B2B,top
25542,elementary,Winter 2022,W22,2022,Analytics,child
25120,elevate,Winter 2022,W22,2022,Fintech,top
25120,elevate,Winter 2022,W22,2022,Payments,child
25711,elphinstone-inc,Winter 2022,W22,2022,Fintech,top
25711,elphinstone-inc,Winter 2022,W22,2022,Asset Management,child
25516,emigre,Winter 2022,W22,2022,Fintech,top
25516,emigre,Winter 2022,W22,2022,Banking and Exchange,child
25590,emobi,Winter 2022,W22,2022,B2B,top
25331,engage-bio,Winter 2022,W22,2022,Healthcare,top
25331,engage-bio,Winter 2022,W22,2022,Therapeutics,child
25673,enlightra,Winter 2022,W22,2022,Industrials,top
26254,eventual,Winter 2022,W22,2022,B2B,top
26254,eventual,Winter 2022,W22,2022,Infrastructure,child
25820,fello,Winter 2022,W22,2022,Fintech,top
25519,fieldproxy,Winter 2022,W22,2022,B2B,top
25519,fieldproxy,Winter 2022,W22,2022,Productivity,child
25683,finflx,Winter 2022,W22,2022,Fintech,top
26016,finku,Winter 2022,W22,2022,Fintech,top
26242,finnix,Winter 2022,W22,2022,Fintech,top
26242,finnix,Winter 2022,W22,2022,Insurance,child
25712,finnt,Winter 2022,W22,2022,B2B,top
25712,finnt,Winter 2022,W22,2022,Finance and Accounting,child
25532,fintelite,Winter 2022,W22,2022,Fintech,top
25552,firezone,Winter 2022,W22,2022,B2B,top
25552,firezone,Winter 2022,W22,2022,Security,child
25608,flagright,Winter 2022,W22,2022,B2B,top
25978,fleek,Winter 2022,W22,2022,B2B,top
25978,fleek,Winter 2022,W22,2022,Retail,child
25361,fleetzero,Winter 2022,W22,2022,Industrials,top
26238,flike,Winter 2022,W22,2022,B2B,top
25974,float-health,Winter 2022,W22,2022,Healthcare,top
25334,flowdeploy,Winter 2022,W22,2022,B2B,top
25334,flowdeploy,Winter 2022,W22,2022,Infrastructure,child
25947,fogbender,Winter 2022,W22,2022,B2B,top
26267,fresh-factory,Winter 2022,W22,2022,B2B,top
26267,fresh-factory,Winter 2022,W22,2022,Supply Chain and Logistics,child
25722,fuell,Winter 2022,W22,2022,B2B,top
25722,fuell,Winter 2022,W22,2022,Finance and Accounting,child
26051,gimo,Winter 2022,W22,2022,Fintech,top
26051,gimo,Winter 2022,W22,2022,Credit and Lending,child
25613,gauss,Winter 2022,W22,2022,Fintech,top
25613,gauss,Winter 2022,W22,2022,Consumer Finance,child
25717,glep,Winter 2022,W22,2022,Fintech,top
25717,glep,Winter 2022,W22,2022,Banking and Exchange,child
25994,glow-energy,Winter 2022,W22,2022,Industrials,top
25994,glow-energy,Winter 2022,W22,2022,Climate,child
25976,gojom,Winter 2022,W22,2022,Real Estate and Construction,top
26108,gosats,Winter 2022,W22,2022,Fintech,top
26125,govdash,Winter 2022,W22,2022,Government,top
25713,grey,Winter 2022,W22,2022,Fintech,top
25174,growthbook,Winter 2022,W22,2022,B2B,top
25174,growthbook,Winter 2022,W22,2022,Analytics,child
25363,gym-class,Winter 2022,W22,2022,Consumer,top
25363,gym-class,Winter 2022,W22,2022,Social,child
25923,hoai,Winter 2022,W22,2022,B2B,top
25923,hoai,Winter 2022,W22,2022,Operations,child
25606,hokali,Winter 2022,W22,2022,B2B,top
25606,hokali,Winter 2022,W22,2022,Marketing,child
25521,happl,Winter 2022,W22,2022,B2B,top
25521,happl,Winter 2022,W22,2022,Human Resources,child
26033,heptabase,Winter 2022,W22,2022,Consumer,top
25445,heyfood,Winter 2022,W22,2022,Consumer,top
25445,heyfood,Winter 2022,W22,2022,Food and Beverage,child
26190,hippobuild,Winter 2022,W22,2022,Real Estate and Construction,top
26190,hippobuild,Winter 2022,W22,2022,Construction,child
25396,homeroom,Winter 2022,W22,2022,Real Estate and Construction,top
25396,homeroom,Winter 2022,W22,2022,Housing and Real Estate,child
25983,housewarming,Winter 2022,W22,2022,Consumer,top
25313,hubble-network,Winter 2022,W22,2022,Industrials,top
25313,hubble-network,Winter 2022,W22,2022,Aviation and Space,child
25991,humand,Winter 2022,W22,2022,B2B,top
25991,humand,Winter 2022,W22,2022,Human Resources,child
25738,hydra,Winter 2022,W22,2022,B2B,top
25738,hydra,Winter 2022,W22,2022,Infrastructure,child
25448,hypahub,Winter 2022,W22,2022,B2B,top
25448,hypahub,Winter 2022,W22,2022,Analytics,child
25509,hyperbeam,Winter 2022,W22,2022,B2B,top
25509,hyperbeam,Winter 2022,W22,2022,"Engineering, Product and Design",child
25654,imt-care,Winter 2022,W22,2022,Healthcare,top
25654,imt-care,Winter 2022,W22,2022,Consumer Health and Wellness,child
25634,iomete,Winter 2022,W22,2022,B2B,top
25634,iomete,Winter 2022,W22,2022,Infrastructure,child
26072,impossible-metals,Winter 2022,W22,2022,Industrials,top
26072,impossible-metals,Winter 2022,W22,2022,Climate,child
25400,industrial-next,Winter 2022,W22,2022,Industrials,top
25400,industrial-next,Winter 2022,W22,2022,Manufacturing and Robotics,child
25394,inferedge,Winter 2022,W22,2022,Fintech,top
24078,instalab,Winter 2022,W22,2022,Healthcare,top
24078,instalab,Winter 2022,W22,2022,Consumer Health and Wellness,child
25451,instant-labs,Winter 2022,W22,2022,B2B,top
25451,instant-labs,Winter 2022,W22,2022,Marketing,child
25399,invert,Winter 2022,W22,2022,Healthcare,top
25399,invert,Winter 2022,W22,2022,Industrial Bio,child
25914,iotflows-inc,Winter 2022,W22,2022,B2B,top
25914,iotflows-inc,Winter 2022,W22,2022,Productivity,child
25511,iron-leap,Winter 2022,W22,2022,B2B,top
25949,jamsocket,Winter 2022,W22,2022,B2B,top
25949,jamsocket,Winter 2022,W22,2022,"Engineering, Product and Design",child
25823,joe,Winter 2022,W22,2022,Fintech,top
25823,joe,Winter 2022,W22,2022,Consumer Finance,child
25907,joon-health,Winter 2022,W22,2022,Healthcare,top
25907,joon-health,Winter 2022,W22,2022,Consumer Health and Wellness,child
25433,jumpwire,Winter 2022,W22,2022,B2B,top
25433,jumpwire,Winter 2022,W22,2022,Security,child
26264,jutsoo,Winter 2022,W22,2022,B2B,top
26264,jutsoo,Winter 2022,W22,2022,Finance and Accounting,child
25689,kaagaz,Winter 2022,W22,2022,Consumer,top
25644,kable,Winter 2022,W22,2022,B2B,top
25644,kable,Winter 2022,W22,2022,Finance and Accounting,child
25304,kapital-bank,Winter 2022,W22,2022,Fintech,top
26205,karate-labs,Winter 2022,W22,2022,B2B,top
26205,karate-labs,Winter 2022,W22,2022,"Engineering, Product and Design",child
25419,kaso,Winter 2022,W22,2022,B2B,top
25419,kaso,Winter 2022,W22,2022,Supply Chain and Logistics,child
26034,kenobi,Winter 2022,W22,2022,B2B,top
26034,kenobi,Winter 2022,W22,2022,Sales,child
25417,koala,Winter 2022,W22,2022,Education,top
26020,koko-2,Winter 2022,W22,2022,Healthcare,top
26020,koko-2,Winter 2022,W22,2022,Consumer Health and Wellness,child
26138,korrai,Winter 2022,W22,2022,Industrials,top
26138,korrai,Winter 2022,W22,2022,Energy,child
25835,kular,Winter 2022,W22,2022,B2B,top
25835,kular,Winter 2022,W22,2022,Sales,child
25561,lancedb,Winter 2022,W22,2022,B2B,top
25561,lancedb,Winter 2022,W22,2022,Infrastructure,child
25528,lenk,Winter 2022,W22,2022,Fintech,top
25528,lenk,Winter 2022,W22,2022,Credit and Lending,child
25538,lexter-ai,Winter 2022,W22,2022,B2B,top
25538,lexter-ai,Winter 2022,W22,2022,Legal,child
25287,lifeat,Winter 2022,W22,2022,Consumer,top
25817,lifecast,Winter 2022,W22,2022,Consumer,top
25557,lightmeter,Winter 2022,W22,2022,B2B,top
25557,lightmeter,Winter 2022,W22,2022,Sales,child
25692,livedocs,Winter 2022,W22,2022,B2B,top
25692,livedocs,Winter 2022,W22,2022,Analytics,child
26294,lizza,Winter 2022,W22,2022,B2B,top
26294,lizza,Winter 2022,W22,2022,Retail,child
25340,loops,Winter 2022,W22,2022,B2B,top
25340,loops,Winter 2022,W22,2022,Marketing,child
25724,lovage,Winter 2022,W22,2022,B2B,top
25724,lovage,Winter 2022,W22,2022,Marketing,child
25311,lumina,Winter 2022,W22,2022,B2B,top
25311,lumina,Winter 2022,W22,2022,Operations,child
25682,lunajoy-health,Winter 2022,W22,2022,Healthcare,top
25682,lunajoy-health,Winter 2022,W22,2022,Healthcare Services,child
25620,magna,Winter 2022,W22,2022,Fintech,top
26003,mahaana-wealth,Winter 2022,W22,2022,Fintech,top
25996,marathon-education,Winter 2022,W22,2022,Education,top
25671,markaz-technologies,Winter 2022,W22,2022,Consumer,top
26303,massdriver,Winter 2022,W22,2022,B2B,top
26303,massdriver,Winter 2022,W22,2022,"Engineering, Product and Design",child
25810,material-depot,Winter 2022,W22,2022,Real Estate and Construction,top
25152,mederva,Winter 2022,W22,2022,Healthcare,top
25473,miggos,Winter 2022,W22,2022,B2B,top
25473,miggos,Winter 2022,W22,2022,Supply Chain and Logistics,child
26307,tradex,Winter 2022,W22,2022,B2B,top
26307,tradex,Winter 2022,W22,2022,Marketing,child
25643,mintlify,Winter 2022,W22,2022,B2B,top
25643,mintlify,Winter 2022,W22,2022,"Engineering, Product and Design",child
25328,momento,Winter 2022,W22,2022,Fintech,top
25328,momento,Winter 2022,W22,2022,Insurance,child
26290,mono-2,Winter 2022,W22,2022,Fintech,top
26290,mono-2,Winter 2022,W22,2022,Payments,child
25279,moots,Winter 2022,W22,2022,B2B,top
25558,mosaicvoice,Winter 2022,W22,2022,B2B,top
25558,mosaicvoice,Winter 2022,W22,2022,Operations,child
25527,munily,Winter 2022,W22,2022,B2B,top
25527,munily,Winter 2022,W22,2022,Security,child
25518,mysivi,Winter 2022,W22,2022,Education,top
25447,myria,Winter 2022,W22,2022,Consumer,top
26278,nftscoring,Winter 2022,W22,2022,Consumer,top
26052,nara,Winter 2022,W22,2022,B2B,top
25758,nash-2,Winter 2022,W22,2022,Fintech,top
25650,nearwave,Winter 2022,W22,2022,Healthcare,top
25650,nearwave,Winter 2022,W22,2022,Medical Devices,child
25350,nest-genomics,Winter 2022,W22,2022,Healthcare,top
25350,nest-genomics,Winter 2022,W22,2022,Healthcare IT,child
26049,netmaker,Winter 2022,W22,2022,B2B,top
26049,netmaker,Winter 2022,W22,2022,Infrastructure,child
24352,nira-energy,Winter 2022,W22,2022,Industrials,top
24352,nira-energy,Winter 2022,W22,2022,Climate,child
25921,nophin,Winter 2022,W22,2022,Fintech,top
25086,northwind,Winter 2022,W22,2022,Healthcare,top
25086,northwind,Winter 2022,W22,2022,Healthcare Services,child
25779,nullstone,Winter 2022,W22,2022,B2B,top
25779,nullstone,Winter 2022,W22,2022,Infrastructure,child
25876,numida,Winter 2022,W22,2022,Fintech,top
25876,numida,Winter 2022,W22,2022,Credit and Lending,child
25358,nyckel,Winter 2022,W22,2022,B2B,top
25358,nyckel,Winter 2022,W22,2022,"Engineering, Product and Design",child
26118,offbeast,Winter 2022,W22,2022,Consumer,top
26118,offbeast,Winter 2022,W22,2022,Food and Beverage,child
25592,ole,Winter 2022,W22,2022,Consumer,top
26050,olympian-motors,Winter 2022,W22,2022,Industrials,top
26050,olympian-motors,Winter 2022,W22,2022,Automotive,child
25571,azuki,Winter 2022,W22,2022,Consumer,top
25571,azuki,Winter 2022,W22,2022,Content,child
26266,onboard-io,Winter 2022,W22,2022,B2B,top
26266,onboard-io,Winter 2022,W22,2022,Productivity,child
25401,onyx-private,Winter 2022,W22,2022,Fintech,top
25061,optery,Winter 2022,W22,2022,B2B,top
25061,optery,Winter 2022,W22,2022,Security,child
25475,orca,Winter 2022,W22,2022,Fintech,top
26122,origami-therapeutics-inc,Winter 2022,W22,2022,Healthcare,top
26122,origami-therapeutics-inc,Winter 2022,W22,2022,Therapeutics,child
25539,oto,Winter 2022,W22,2022,Healthcare,top
25539,oto,Winter 2022,W22,2022,Consumer Health and Wellness,child
25472,ozone,Winter 2022,W22,2022,Consumer,top
25891,pina,Winter 2022,W22,2022,Fintech,top
25589,palitronica-inc,Winter 2022,W22,2022,B2B,top
25589,palitronica-inc,Winter 2022,W22,2022,Security,child
26183,pantore-pay,Winter 2022,W22,2022,Fintech,top
25776,partna,Winter 2022,W22,2022,Fintech,top
25660,paycaddy,Winter 2022,W22,2022,Fintech,top
25694,paycrunch,Winter 2022,W22,2022,Fintech,top
25694,paycrunch,Winter 2022,W22,2022,Credit and Lending,child
25357,peakpath,Winter 2022,W22,2022,B2B,top
25357,peakpath,Winter 2022,W22,2022,Human Resources,child
25317,peakflo,Winter 2022,W22,2022,Fintech,top
25317,peakflo,Winter 2022,W22,2022,Payments,child
25278,pelm,Winter 2022,W22,2022,B2B,top
25278,pelm,Winter 2022,W22,2022,"Engineering, Product and Design",child
25347,perl-street,Winter 2022,W22,2022,Fintech,top
25347,perl-street,Winter 2022,W22,2022,Credit and Lending,child
25647,permitflow,Winter 2022,W22,2022,Real Estate and Construction,top
25647,permitflow,Winter 2022,W22,2022,Construction,child
25553,phase-biolabs,Winter 2022,W22,2022,Industrials,top
25553,phase-biolabs,Winter 2022,W22,2022,Climate,child
26243,phoenix-hydrogen,Winter 2022,W22,2022,Industrials,top
26243,phoenix-hydrogen,Winter 2022,W22,2022,Energy,child
26042,pigeon-2,Winter 2022,W22,2022,Fintech,top
26137,pina-earth,Winter 2022,W22,2022,Industrials,top
26137,pina-earth,Winter 2022,W22,2022,Climate,child
25975,ploomber,Winter 2022,W22,2022,B2B,top
25975,ploomber,Winter 2022,W22,2022,"Engineering, Product and Design",child
25658,plumter,Winter 2022,W22,2022,Fintech,top
25658,plumter,Winter 2022,W22,2022,Payments,child
25695,pluto-markets,Winter 2022,W22,2022,Fintech,top
25695,pluto-markets,Winter 2022,W22,2022,Asset Management,child
26109,poko,Winter 2022,W22,2022,Fintech,top
25309,policyfly,Winter 2022,W22,2022,Fintech,top
25309,policyfly,Winter 2022,W22,2022,Insurance,child
25866,ponyrun,Winter 2022,W22,2022,B2B,top
25866,ponyrun,Winter 2022,W22,2022,Operations,child
25677,posh,Winter 2022,W22,2022,Industrials,top
25677,posh,Winter 2022,W22,2022,Climate,child
26012,postal,Winter 2022,W22,2022,Fintech,top
26012,postal,Winter 2022,W22,2022,Insurance,child
26148,powerdocs,Winter 2022,W22,2022,B2B,top
26053,powerhouse-ai,Winter 2022,W22,2022,B2B,top
26053,powerhouse-ai,Winter 2022,W22,2022,Supply Chain and Logistics,child
25697,prembly,Winter 2022,W22,2022,B2B,top
25697,prembly,Winter 2022,W22,2022,Infrastructure,child
25329,promptloop,Winter 2022,W22,2022,B2B,top
25329,promptloop,Winter 2022,W22,2022,Analytics,child
25946,propelauth,Winter 2022,W22,2022,B2B,top
25946,propelauth,Winter 2022,W22,2022,"Engineering, Product and Design",child
25344,proper,Winter 2022,W22,2022,B2B,top
25344,proper,Winter 2022,W22,2022,Finance and Accounting,child
25360,pursuit-2,Winter 2022,W22,2022,Real Estate and Construction,top
25360,pursuit-2,Winter 2022,W22,2022,Housing and Real Estate,child
25525,pyrls,Winter 2022,W22,2022,Healthcare,top
25525,pyrls,Winter 2022,W22,2022,Healthcare IT,child
25959,quik,Winter 2022,W22,2022,Consumer,top
25929,quan,Winter 2022,W22,2022,B2B,top
25929,quan,Winter 2022,W22,2022,Human Resources,child
26066,query-vary,Winter 2022,W22,2022,B2B,top
26066,query-vary,Winter 2022,W22,2022,"Engineering, Product and Design",child
25572,rdash,Winter 2022,W22,2022,B2B,top
25572,rdash,Winter 2022,W22,2022,Infrastructure,child
25985,rthm,Winter 2022,W22,2022,Healthcare,top
25985,rthm,Winter 2022,W22,2022,Healthcare Services,child
25305,railbird,Winter 2022,W22,2022,Fintech,top
25984,rallyuxr,Winter 2022,W22,2022,B2B,top
25984,rallyuxr,Winter 2022,W22,2022,"Engineering, Product and Design",child
25755,rank,Winter 2022,W22,2022,Fintech,top
25755,rank,Winter 2022,W22,2022,Credit and Lending,child
25605,ranla,Winter 2022,W22,2022,B2B,top
25605,ranla,Winter 2022,W22,2022,Marketing,child
25312,ravion,Winter 2022,W22,2022,B2B,top
25312,ravion,Winter 2022,W22,2022,Infrastructure,child
26296,reality-defender,Winter 2022,W22,2022,B2B,top
26296,reality-defender,Winter 2022,W22,2022,Security,child
25315,rebill,Winter 2022,W22,2022,Fintech,top
25315,rebill,Winter 2022,W22,2022,Payments,child
25619,recordbook,Winter 2022,W22,2022,B2B,top
25610,redbrick-ai,Winter 2022,W22,2022,B2B,top
25272,redbird,Winter 2022,W22,2022,B2B,top
25272,redbird,Winter 2022,W22,2022,Analytics,child
25645,refinetrain-ai,Winter 2022,W22,2022,B2B,top
25645,refinetrain-ai,Winter 2022,W22,2022,"Engineering, Product and Design",child
25603,reforged-labs,Winter 2022,W22,2022,B2B,top
25603,reforged-labs,Winter 2022,W22,2022,Marketing,child
25540,rehook-ai,Winter 2022,W22,2022,B2B,top
25540,rehook-ai,Winter 2022,W22,2022,Marketing,child
25274,remedial-health,Winter 2022,W22,2022,Healthcare,top
25274,remedial-health,Winter 2022,W22,2022,Healthcare Services,child
26268,remi,Winter 2022,W22,2022,Real Estate and Construction,top
25690,requestly,Winter 2022,W22,2022,B2B,top
25690,requestly,Winter 2022,W22,2022,"Engineering, Product and Design",child
26032,reviving-mind,Winter 2022,W22,2022,Healthcare,top
26032,reviving-mind,Winter 2022,W22,2022,Healthcare Services,child
26139,revoy,Winter 2022,W22,2022,Industrials,top
26139,revoy,Winter 2022,W22,2022,Automotive,child
25968,rider,Winter 2022,W22,2022,B2B,top
25968,rider,Winter 2022,W22,2022,Supply Chain and Logistics,child
25822,rome,Winter 2022,W22,2022,B2B,top
25822,rome,Winter 2022,W22,2022,Supply Chain and Logistics,child
25321,rosebud-biosciences,Winter 2022,W22,2022,Healthcare,top
25321,rosebud-biosciences,Winter 2022,W22,2022,Drug Discovery and Delivery,child
25402,rownd,Winter 2022,W22,2022,Industrials,top
25402,rownd,Winter 2022,W22,2022,Drones,child
25652,salt,Winter 2022,W22,2022,Fintech,top
25930,snab,Winter 2022,W22,2022,Fintech,top
25951,soteri-skin,Winter 2022,W22,2022,Consumer,top
25951,soteri-skin,Winter 2022,W22,2022,Home and Personal,child
25319,samos-insurance,Winter 2022,W22,2022,Fintech,top
25319,samos-insurance,Winter 2022,W22,2022,Insurance,child
25353,sarus,Winter 2022,W22,2022,B2B,top
25353,sarus,Winter 2022,W22,2022,Analytics,child
25789,savein,Winter 2022,W22,2022,Healthcare,top
25789,savein,Winter 2022,W22,2022,Consumer Health and Wellness,child
25285,scout-2,Winter 2022,W22,2022,Healthcare,top
25285,scout-2,Winter 2022,W22,2022,Diagnostics,child
25397,seabound,Winter 2022,W22,2022,Industrials,top
25397,seabound,Winter 2022,W22,2022,Climate,child
25348,sei-ai,Winter 2022,W22,2022,Fintech,top
26265,seis,Winter 2022,W22,2022,Fintech,top
26265,seis,Winter 2022,W22,2022,Consumer Finance,child
25395,sekilo,Winter 2022,W22,2022,B2B,top
25395,sekilo,Winter 2022,W22,2022,Supply Chain and Logistics,child
25308,selia,Winter 2022,W22,2022,Healthcare,top
25308,selia,Winter 2022,W22,2022,Consumer Health and Wellness,child
25727,sendme-inc,Winter 2022,W22,2022,Consumer,top
25727,sendme-inc,Winter 2022,W22,2022,Food and Beverage,child
25966,sendo,Winter 2022,W22,2022,B2B,top
25966,sendo,Winter 2022,W22,2022,"Engineering, Product and Design",child
23954,serif-health,Winter 2022,W22,2022,Healthcare,top
23954,serif-health,Winter 2022,W22,2022,Healthcare Services,child
25679,sero,Winter 2022,W22,2022,B2B,top
25969,shaped,Winter 2022,W22,2022,B2B,top
25969,shaped,Winter 2022,W22,2022,Infrastructure,child
25333,shinkei-systems,Winter 2022,W22,2022,Industrials,top
25333,shinkei-systems,Winter 2022,W22,2022,Agriculture,child
25476,shuttle-central,Winter 2022,W22,2022,Consumer,top
25476,shuttle-central,Winter 2022,W22,2022,"Travel, Leisure and Tourism",child
25307,sieve,Winter 2022,W22,2022,B2B,top
25307,sieve,Winter 2022,W22,2022,Infrastructure,child
25656,siftly,Winter 2022,W22,2022,B2B,top
25656,siftly,Winter 2022,W22,2022,Analytics,child
26425,simplehash,Winter 2022,W22,2022,B2B,top
26425,simplehash,Winter 2022,W22,2022,Infrastructure,child
25752,simplifyd-systems,Winter 2022,W22,2022,B2B,top
25379,skillza,Winter 2022,W22,2022,Education,top
25635,skylink,Winter 2022,W22,2022,B2B,top
25733,smarthelio,Winter 2022,W22,2022,B2B,top
25733,smarthelio,Winter 2022,W22,2022,Analytics,child
25584,snaptrade,Winter 2022,W22,2022,Fintech,top
25586,soon,Winter 2022,W22,2022,Fintech,top
25586,soon,Winter 2022,W22,2022,Consumer Finance,child
25582,sophys,Winter 2022,W22,2022,Healthcare,top
25339,sota2,Winter 2022,W22,2022,B2B,top
25339,sota2,Winter 2022,W22,2022,Sales,child
25948,spade,Winter 2022,W22,2022,Fintech,top
25681,spadeworks,Winter 2022,W22,2022,B2B,top
25681,spadeworks,Winter 2022,W22,2022,Operations,child
25617,speechly,Winter 2022,W22,2022,B2B,top
25618,sphere,Winter 2022,W22,2022,B2B,top
25356,spinach-ai,Winter 2022,W22,2022,B2B,top
25356,spinach-ai,Winter 2022,W22,2022,Productivity,child
25110,spot-health,Winter 2022,W22,2022,Healthcare,top
25110,spot-health,Winter 2022,W22,2022,Diagnostics,child
25732,sprites,Winter 2022,W22,2022,B2B,top
25732,sprites,Winter 2022,W22,2022,Marketing,child
25342,stably-ai-orca,Winter 2022,W22,2022,B2B,top
25342,stably-ai-orca,Winter 2022,W22,2022,"Engineering, Product and Design",child
25616,stackshine,Winter 2022,W22,2022,B2B,top
25616,stackshine,Winter 2022,W22,2022,Operations,child
25144,stafbook,Winter 2022,W22,2022,B2B,top
25144,stafbook,Winter 2022,W22,2022,Human Resources,child
25649,stairs-financial,Winter 2022,W22,2022,Fintech,top
25649,stairs-financial,Winter 2022,W22,2022,Consumer Finance,child
25327,starling,Winter 2022,W22,2022,Healthcare,top
25327,starling,Winter 2022,W22,2022,Diagnostics,child
25954,status,Winter 2022,W22,2022,Consumer,top
25954,status,Winter 2022,W22,2022,Social,child
25560,stock-unlock,Winter 2022,W22,2022,Fintech,top
25275,strac,Winter 2022,W22,2022,B2B,top
25275,strac,Winter 2022,W22,2022,Security,child
25594,streak-2,Winter 2022,W22,2022,Fintech,top
25594,streak-2,Winter 2022,W22,2022,Payments,child
25714,strong-compute,Winter 2022,W22,2022,B2B,top
25715,subscriptionflow,Winter 2022,W22,2022,B2B,top
25715,subscriptionflow,Winter 2022,W22,2022,Sales,child
25641,suggestr,Winter 2022,W22,2022,B2B,top
25355,supertone,Winter 2022,W22,2022,Consumer,top
25355,supertone,Winter 2022,W22,2022,Content,child
25303,syrona-health,Winter 2022,W22,2022,Healthcare,top
25303,syrona-health,Winter 2022,W22,2022,Healthcare Services,child
25614,t3-chat,Winter 2022,W22,2022,Consumer,top
25614,t3-chat,Winter 2022,W22,2022,Content,child
26065,tai,Winter 2022,W22,2022,Fintech,top
25286,tybr-health,Winter 2022,W22,2022,Healthcare,top
25286,tybr-health,Winter 2022,W22,2022,Medical Devices,child
25778,take-app,Winter 2022,W22,2022,B2B,top
25827,talentropy-ai,Winter 2022,W22,2022,B2B,top
25827,talentropy-ai,Winter 2022,W22,2022,Human Resources,child
25381,teamout,Winter 2022,W22,2022,B2B,top
25721,tendo,Winter 2022,W22,2022,Consumer,top
25721,tendo,Winter 2022,W22,2022,Social,child
26041,the-ankler,Winter 2022,W22,2022,Consumer,top
26041,the-ankler,Winter 2022,W22,2022,Content,child
25849,theneo,Winter 2022,W22,2022,B2B,top
25849,theneo,Winter 2022,W22,2022,"Engineering, Product and Design",child
25674,toko,Winter 2022,W22,2022,Education,top
25693,tola,Winter 2022,W22,2022,Fintech,top
25693,tola,Winter 2022,W22,2022,Payments,child
25870,top-road,Winter 2022,W22,2022,Fintech,top
25870,top-road,Winter 2022,W22,2022,Payments,child
25935,topship,Winter 2022,W22,2022,B2B,top
25935,topship,Winter 2022,W22,2022,Supply Chain and Logistics,child
25864,torpedo-therapeutics,Winter 2022,W22,2022,Healthcare,top
25864,torpedo-therapeutics,Winter 2022,W22,2022,Medical Devices,child
25444,touch-and-pay-technologies-limited,Winter 2022,W22,2022,Fintech,top
25444,touch-and-pay-technologies-limited,Winter 2022,W22,2022,Payments,child
25743,trackingplan,Winter 2022,W22,2022,B2B,top
25743,trackingplan,Winter 2022,W22,2022,Analytics,child
25346,transfez,Winter 2022,W22,2022,Fintech,top
25346,transfez,Winter 2022,W22,2022,Payments,child
25314,trellus,Winter 2022,W22,2022,B2B,top
25314,trellus,Winter 2022,W22,2022,Sales,child
25913,trueplace,Winter 2022,W22,2022,B2B,top
26067,trusty,Winter 2022,W22,2022,Real Estate and Construction,top
26067,trusty,Winter 2022,W22,2022,Housing and Real Estate,child
25316,trebol,Winter 2022,W22,2022,B2B,top
25316,trebol,Winter 2022,W22,2022,Finance and Accounting,child
25659,tuva-health,Winter 2022,W22,2022,Healthcare,top
25659,tuva-health,Winter 2022,W22,2022,Healthcare IT,child
25915,unison,Winter 2022,W22,2022,Consumer,top
25915,unison,Winter 2022,W22,2022,Virtual and Augmented Reality,child
25117,uberduck,Winter 2022,W22,2022,B2B,top
25117,uberduck,Winter 2022,W22,2022,Marketing,child
25522,unlayer,Winter 2022,W22,2022,B2B,top
25522,unlayer,Winter 2022,W22,2022,Productivity,child
25986,unravel-carbon,Winter 2022,W22,2022,B2B,top
25958,unsaddl,Winter 2022,W22,2022,B2B,top
25958,unsaddl,Winter 2022,W22,2022,Human Resources,child
25517,upbanx,Winter 2022,W22,2022,Fintech,top
25513,valari,Winter 2022,W22,2022,Fintech,top
25322,vantedgeai,Winter 2022,W22,2022,Fintech,top
25322,vantedgeai,Winter 2022,W22,2022,Banking and Exchange,child
26206,vecindario,Winter 2022,W22,2022,Real Estate and Construction,top
26206,vecindario,Winter 2022,W22,2022,Housing and Real Estate,child
25663,velt,Winter 2022,W22,2022,B2B,top
25663,velt,Winter 2022,W22,2022,Productivity,child
25446,vendoo,Winter 2022,W22,2022,Consumer,top
25726,vendy,Winter 2022,W22,2022,Fintech,top
25726,vendy,Winter 2022,W22,2022,Payments,child
25918,venue-ink,Winter 2022,W22,2022,Fintech,top
25918,venue-ink,Winter 2022,W22,2022,Payments,child
25541,versable,Winter 2022,W22,2022,B2B,top
25541,versable,Winter 2022,W22,2022,Retail,child
25912,vessel,Winter 2022,W22,2022,B2B,top
25912,vessel,Winter 2022,W22,2022,"Engineering, Product and Design",child
25818,vimmerse,Winter 2022,W22,2022,B2B,top
25818,vimmerse,Winter 2022,W22,2022,"Engineering, Product and Design",child
25965,vobi,Winter 2022,W22,2022,Real Estate and Construction,top
25965,vobi,Winter 2022,W22,2022,Construction,child
25992,wantd,Winter 2022,W22,2022,Consumer,top
25992,wantd,Winter 2022,W22,2022,Apparel and Cosmetics,child
25341,wagetap,Winter 2022,W22,2022,Fintech,top
25341,wagetap,Winter 2022,W22,2022,Credit and Lending,child
25318,wereno,Winter 2022,W22,2022,Real Estate and Construction,top
25318,wereno,Winter 2022,W22,2022,Construction,child
26311,whitelab-genomics,Winter 2022,W22,2022,Healthcare,top
26311,whitelab-genomics,Winter 2022,W22,2022,Drug Discovery and Delivery,child
25515,whiz,Winter 2022,W22,2022,Fintech,top
25515,whiz,Winter 2022,W22,2022,Payments,child
25665,wibond,Winter 2022,W22,2022,Fintech,top
25665,wibond,Winter 2022,W22,2022,Credit and Lending,child
25320,wingback,Winter 2022,W22,2022,B2B,top
25320,wingback,Winter 2022,W22,2022,Infrastructure,child
25972,winter,Winter 2022,W22,2022,B2B,top
25972,winter,Winter 2022,W22,2022,"Engineering, Product and Design",child
25995,workflow86,Winter 2022,W22,2022,B2B,top
25995,workflow86,Winter 2022,W22,2022,Operations,child
25060,wyvern,Winter 2022,W22,2022,Industrials,top
25060,wyvern,Winter 2022,W22,2022,Aviation and Space,child
25359,yezza,Winter 2022,W22,2022,B2B,top
25573,zorba,Winter 2022,W22,2022,Real Estate and Construction,top
26163,beu-delivery,Winter 2022,W22,2022,Consumer,top
26163,beu-delivery,Winter 2022,W22,2022,Food and Beverage,child
25662,digi,Winter 2022,W22,2022,Fintech,top
25745,goodfin,Winter 2022,W22,2022,Fintech,top
25531,haddock,Winter 2022,W22,2022,B2B,top
25531,haddock,Winter 2022,W22,2022,Finance and Accounting,child
25831,mutable-ai,Winter 2022,W22,2022,B2B,top
25967,ngrow-ai,Winter 2022,W22,2022,B2B,top
25967,ngrow-ai,Winter 2022,W22,2022,Marketing,child
25691,voize,Winter 2022,W22,2022,B2B,top
25691,voize,Winter 2022,W22,2022,Productivity,child
25977,yhangry,Winter 2022,W22,2022,Consumer,top
25977,yhangry,Winter 2022,W22,2022,Food and Beverage,child
26861,100x,Summer 2022,S22,2022,B2B,top
26861,100x,Summer 2022,S22,2022,Productivity,child
26769,alt-tex,Summer 2022,S22,2022,Industrials,top
26769,alt-tex,Summer 2022,S22,2022,Climate,child
27258,accessowl,Summer 2022,S22,2022,B2B,top
27258,accessowl,Summer 2022,S22,2022,Infrastructure,child
26792,activepieces,Summer 2022,S22,2022,B2B,top
26792,activepieces,Summer 2022,S22,2022,"Engineering, Product and Design",child
27097,ad-army,Summer 2022,S22,2022,B2B,top
27086,aiprise,Summer 2022,S22,2022,Fintech,top
26880,airhart-aeronautics,Summer 2022,S22,2022,Industrials,top
26880,airhart-aeronautics,Summer 2022,S22,2022,Aviation and Space,child
26666,airtrain-ai,Summer 2022,S22,2022,B2B,top
26666,airtrain-ai,Summer 2022,S22,2022,Infrastructure,child
26501,albiware-inc,Summer 2022,S22,2022,Real Estate and Construction,top
26501,albiware-inc,Summer 2022,S22,2022,Construction,child
27249,aldara,Summer 2022,S22,2022,Real Estate and Construction,top
27191,algotest,Summer 2022,S22,2022,Fintech,top
26681,alma,Summer 2022,S22,2022,Fintech,top
26681,alma,Summer 2022,S22,2022,Consumer Finance,child
27159,almond,Summer 2022,S22,2022,Healthcare,top
27159,almond,Summer 2022,S22,2022,Consumer Health and Wellness,child
26719,alterya,Summer 2022,S22,2022,Fintech,top
27049,anchor,Summer 2022,S22,2022,Fintech,top
26885,anythingllm,Summer 2022,S22,2022,Consumer,top
26802,apply-design,Summer 2022,S22,2022,Real Estate and Construction,top
26813,aragorn-ai,Summer 2022,S22,2022,B2B,top
26813,aragorn-ai,Summer 2022,S22,2022,Human Resources,child
27045,argovox,Summer 2022,S22,2022,Fintech,top
26736,array-labs,Summer 2022,S22,2022,Industrials,top
26736,array-labs,Summer 2022,S22,2022,Aviation and Space,child
27042,artemis-search,Summer 2022,S22,2022,B2B,top
27046,atlaswork,Summer 2022,S22,2022,B2B,top
26913,aurelian,Summer 2022,S22,2022,B2B,top
26897,aviaryai,Summer 2022,S22,2022,Fintech,top
27141,avina,Summer 2022,S22,2022,B2B,top
27141,avina,Summer 2022,S22,2022,Sales,child
27250,axle,Summer 2022,S22,2022,Fintech,top
26749,ballerine,Summer 2022,S22,2022,Fintech,top
26564,banabo,Summer 2022,S22,2022,B2B,top
26564,banabo,Summer 2022,S22,2022,Marketing,child
26850,biggerpicture,Summer 2022,S22,2022,B2B,top
26675,birch-biosciences,Summer 2022,S22,2022,Industrials,top
26675,birch-biosciences,Summer 2022,S22,2022,Climate,child
26881,bitstack,Summer 2022,S22,2022,Fintech,top
26778,blee,Summer 2022,S22,2022,Fintech,top
26717,blitz,Summer 2022,S22,2022,B2B,top
26717,blitz,Summer 2022,S22,2022,Operations,child
27167,blockscope,Summer 2022,S22,2022,B2B,top
27167,blockscope,Summer 2022,S22,2022,Infrastructure,child
26740,bluehill-payments,Summer 2022,S22,2022,B2B,top
26740,bluehill-payments,Summer 2022,S22,2022,Productivity,child
26742,boostly,Summer 2022,S22,2022,B2B,top
26742,boostly,Summer 2022,S22,2022,Marketing,child
27140,boton,Summer 2022,S22,2022,B2B,top
27140,boton,Summer 2022,S22,2022,Finance and Accounting,child
26732,bricksai,Summer 2022,S22,2022,B2B,top
26732,bricksai,Summer 2022,S22,2022,Infrastructure,child
26770,bridgecard,Summer 2022,S22,2022,Fintech,top
26770,bridgecard,Summer 2022,S22,2022,Payments,child
26712,bunting-labs,Summer 2022,S22,2022,B2B,top
27221,capsule,Summer 2022,S22,2022,Consumer,top
27221,capsule,Summer 2022,S22,2022,Apparel and Cosmetics,child
26725,codexa,Summer 2022,S22,2022,Fintech,top
26725,codexa,Summer 2022,S22,2022,Payments,child
27248,cambio-2,Summer 2022,S22,2022,Real Estate and Construction,top
26794,capix,Summer 2022,S22,2022,Fintech,top
26782,cashboard,Summer 2022,S22,2022,B2B,top
26782,cashboard,Summer 2022,S22,2022,Finance and Accounting,child
26718,cerrion,Summer 2022,S22,2022,Industrials,top
26730,champ,Summer 2022,S22,2022,B2B,top
26730,champ,Summer 2022,S22,2022,Sales,child
26707,chariot-2,Summer 2022,S22,2022,Fintech,top
26707,chariot-2,Summer 2022,S22,2022,Payments,child
26660,chordio,Summer 2022,S22,2022,B2B,top
26660,chordio,Summer 2022,S22,2022,"Engineering, Product and Design",child
26903,chowdeck,Summer 2022,S22,2022,Consumer,top
26903,chowdeck,Summer 2022,S22,2022,Food and Beverage,child
26671,ciro,Summer 2022,S22,2022,B2B,top
26671,ciro,Summer 2022,S22,2022,Sales,child
26554,cisterna-biologics,Summer 2022,S22,2022,Healthcare,top
27172,clearline,Summer 2022,S22,2022,B2B,top
27172,clearline,Summer 2022,S22,2022,"Engineering, Product and Design",child
26525,clinikally,Summer 2022,S22,2022,Healthcare,top
26525,clinikally,Summer 2022,S22,2022,Consumer Health and Wellness,child
27039,cobbery,Summer 2022,S22,2022,B2B,top
27039,cobbery,Summer 2022,S22,2022,Legal,child
26781,codecrafters,Summer 2022,S22,2022,Consumer,top
26781,codecrafters,Summer 2022,S22,2022,Job and Career Services,child
27090,compup,Summer 2022,S22,2022,B2B,top
27090,compup,Summer 2022,S22,2022,Human Resources,child
27253,cone,Summer 2022,S22,2022,B2B,top
27253,cone,Summer 2022,S22,2022,Finance and Accounting,child
26882,coris,Summer 2022,S22,2022,B2B,top
26882,coris,Summer 2022,S22,2022,Infrastructure,child
26724,coupl,Summer 2022,S22,2022,Fintech,top
26724,coupl,Summer 2022,S22,2022,Banking and Exchange,child
27260,coverage-cat,Summer 2022,S22,2022,Fintech,top
27260,coverage-cat,Summer 2022,S22,2022,Insurance,child
26739,craze,Summer 2022,S22,2022,Consumer,top
26739,craze,Summer 2022,S22,2022,Content,child
26723,customeros,Summer 2022,S22,2022,B2B,top
26723,customeros,Summer 2022,S22,2022,Sales,child
26752,delegasi,Summer 2022,S22,2022,B2B,top
26752,delegasi,Summer 2022,S22,2022,Finance and Accounting,child
27206,delfino-ai,Summer 2022,S22,2022,Healthcare,top
27206,delfino-ai,Summer 2022,S22,2022,Healthcare IT,child
26663,denormalized,Summer 2022,S22,2022,B2B,top
26663,denormalized,Summer 2022,S22,2022,Infrastructure,child
27264,dev-tools-ai,Summer 2022,S22,2022,B2B,top
27264,dev-tools-ai,Summer 2022,S22,2022,"Engineering, Product and Design",child
26711,devyce,Summer 2022,S22,2022,B2B,top
26711,devyce,Summer 2022,S22,2022,Operations,child
26673,dialect-2,Summer 2022,S22,2022,B2B,top
26673,dialect-2,Summer 2022,S22,2022,Productivity,child
26768,disclo,Summer 2022,S22,2022,B2B,top
26768,disclo,Summer 2022,S22,2022,Human Resources,child
26709,dittofeed,Summer 2022,S22,2022,B2B,top
26709,dittofeed,Summer 2022,S22,2022,Marketing,child
26898,diversion,Summer 2022,S22,2022,B2B,top
26898,diversion,Summer 2022,S22,2022,"Engineering, Product and Design",child
26735,dr-treat,Summer 2022,S22,2022,Healthcare,top
26735,dr-treat,Summer 2022,S22,2022,Healthcare Services,child
27160,drahim,Summer 2022,S22,2022,Fintech,top
27150,drip,Summer 2022,S22,2022,Fintech,top
27150,drip,Summer 2022,S22,2022,Payments,child
27054,ekho,Summer 2022,S22,2022,B2B,top
27054,ekho,Summer 2022,S22,2022,Supply Chain and Logistics,child
26668,elessar,Summer 2022,S22,2022,B2B,top
26668,elessar,Summer 2022,S22,2022,Productivity,child
25059,emerge-career,Summer 2022,S22,2022,Education,top
27165,entvin,Summer 2022,S22,2022,Healthcare,top
27165,entvin,Summer 2022,S22,2022,Healthcare IT,child
26743,ethosx,Summer 2022,S22,2022,Fintech,top
26427,eugit-therapeutics,Summer 2022,S22,2022,Healthcare,top
26427,eugit-therapeutics,Summer 2022,S22,2022,Therapeutics,child
26801,evoly,Summer 2022,S22,2022,Industrials,top
26801,evoly,Summer 2022,S22,2022,Energy,child
27175,express-building,Summer 2022,S22,2022,Real Estate and Construction,top
27175,express-building,Summer 2022,S22,2022,Housing and Real Estate,child
27041,feather-2,Summer 2022,S22,2022,B2B,top
26737,fetii,Summer 2022,S22,2022,Consumer,top
26737,fetii,Summer 2022,S22,2022,Transportation Services,child
27038,fini,Summer 2022,S22,2022,B2B,top
27038,fini,Summer 2022,S22,2022,Operations,child
27152,firecrawl,Summer 2022,S22,2022,B2B,top
26825,flair-labs,Summer 2022,S22,2022,B2B,top
27219,flatx,Summer 2022,S22,2022,Real Estate and Construction,top
27219,flatx,Summer 2022,S22,2022,Housing and Real Estate,child
26901,flycode,Summer 2022,S22,2022,Fintech,top
27147,foodcourt,Summer 2022,S22,2022,Consumer,top
27147,foodcourt,Summer 2022,S22,2022,Food and Beverage,child
27040,grai,Summer 2022,S22,2022,B2B,top
27040,grai,Summer 2022,S22,2022,Infrastructure,child
27263,guardian-bio,Summer 2022,S22,2022,Healthcare,top
27263,guardian-bio,Summer 2022,S22,2022,Therapeutics,child
26795,gullak-money,Summer 2022,S22,2022,Fintech,top
27109,homli,Summer 2022,S22,2022,Real Estate and Construction,top
27109,homli,Summer 2022,S22,2022,Housing and Real Estate,child
26883,hedgehog-2,Summer 2022,S22,2022,Industrials,top
26883,hedgehog-2,Summer 2022,S22,2022,Manufacturing and Robotics,child
26812,hype,Summer 2022,S22,2022,Consumer,top
26657,hyperdx,Summer 2022,S22,2022,B2B,top
26657,hyperdx,Summer 2022,S22,2022,"Engineering, Product and Design",child
26818,hypestream,Summer 2022,S22,2022,B2B,top
26806,illuminant-surgical,Summer 2022,S22,2022,Healthcare,top
26806,illuminant-surgical,Summer 2022,S22,2022,Medical Devices,child
26722,impractical,Summer 2022,S22,2022,B2B,top
26722,impractical,Summer 2022,S22,2022,"Engineering, Product and Design",child
27224,invision-medical-technology,Summer 2022,S22,2022,Healthcare,top
26655,instant,Summer 2022,S22,2022,B2B,top
26655,instant,Summer 2022,S22,2022,"Engineering, Product and Design",child
27261,integrated-reasoning,Summer 2022,S22,2022,B2B,top
27261,integrated-reasoning,Summer 2022,S22,2022,"Engineering, Product and Design",child
26738,integration-labs,Summer 2022,S22,2022,B2B,top
27255,intuned,Summer 2022,S22,2022,B2B,top
27255,intuned,Summer 2022,S22,2022,"Engineering, Product and Design",child
27142,invofox,Summer 2022,S22,2022,B2B,top
27142,invofox,Summer 2022,S22,2022,Finance and Accounting,child
27173,jamble,Summer 2022,S22,2022,Consumer,top
27173,jamble,Summer 2022,S22,2022,Apparel and Cosmetics,child
27158,jasmine-energy,Summer 2022,S22,2022,B2B,top
27158,jasmine-energy,Summer 2022,S22,2022,Operations,child
26800,juicebox,Summer 2022,S22,2022,B2B,top
26800,juicebox,Summer 2022,S22,2022,Recruiting and Talent,child
26670,julius,Summer 2022,S22,2022,B2B,top
27222,kamion,Summer 2022,S22,2022,B2B,top
27222,kamion,Summer 2022,S22,2022,Supply Chain and Logistics,child
27205,kashin,Summer 2022,S22,2022,Fintech,top
27205,kashin,Summer 2022,S22,2022,Credit and Lending,child
27124,kemnet,Summer 2022,S22,2022,Healthcare,top
27124,kemnet,Summer 2022,S22,2022,Healthcare IT,child
25151,keylika,Summer 2022,S22,2022,Healthcare,top
25151,keylika,Summer 2022,S22,2022,Therapeutics,child
27185,knowtex,Summer 2022,S22,2022,Healthcare,top
27185,knowtex,Summer 2022,S22,2022,Healthcare IT,child
27050,kombo,Summer 2022,S22,2022,B2B,top
27161,krave-mart,Summer 2022,S22,2022,Consumer,top
27161,krave-mart,Summer 2022,S22,2022,Food and Beverage,child
27092,lamin,Summer 2022,S22,2022,B2B,top
27092,lamin,Summer 2022,S22,2022,Infrastructure,child
27252,landeed,Summer 2022,S22,2022,Fintech,top
26890,latent-space,Summer 2022,S22,2022,Consumer,top
26505,layerup,Summer 2022,S22,2022,B2B,top
27157,levers,Summer 2022,S22,2022,B2B,top
27157,levers,Summer 2022,S22,2022,Finance and Accounting,child
27251,lotus,Summer 2022,S22,2022,B2B,top
27251,lotus,Summer 2022,S22,2022,Finance and Accounting,child
26753,lyra,Summer 2022,S22,2022,Consumer,top
26658,magic-2,Summer 2022,S22,2022,Fintech,top
26658,magic-2,Summer 2022,S22,2022,Payments,child
26708,makeasite,Summer 2022,S22,2022,Consumer,top
26809,malama-health,Summer 2022,S22,2022,Healthcare,top
26899,manatee,Summer 2022,S22,2022,B2B,top
26899,manatee,Summer 2022,S22,2022,Sales,child
27268,materee,Summer 2022,S22,2022,B2B,top
26807,maverickx,Summer 2022,S22,2022,Industrials,top
26807,maverickx,Summer 2022,S22,2022,Energy,child
26902,maya-labs,Summer 2022,S22,2022,B2B,top
26902,maya-labs,Summer 2022,S22,2022,Productivity,child
26413,medplum,Summer 2022,S22,2022,Healthcare,top
26413,medplum,Summer 2022,S22,2022,Healthcare IT,child
26669,mercator,Summer 2022,S22,2022,B2B,top
27037,metriport,Summer 2022,S22,2022,Healthcare,top
27037,metriport,Summer 2022,S22,2022,Healthcare IT,child
26756,midplane,Summer 2022,S22,2022,B2B,top
26756,midplane,Summer 2022,S22,2022,"Engineering, Product and Design",child
26851,mistle,Summer 2022,S22,2022,B2B,top
26851,mistle,Summer 2022,S22,2022,"Engineering, Product and Design",child
26727,moneco,Summer 2022,S22,2022,Fintech,top
26727,moneco,Summer 2022,S22,2022,Banking and Exchange,child
27174,monterey-ai,Summer 2022,S22,2022,B2B,top
27174,monterey-ai,Summer 2022,S22,2022,"Engineering, Product and Design",child
27269,morf-health,Summer 2022,S22,2022,Healthcare,top
27269,morf-health,Summer 2022,S22,2022,Healthcare IT,child
27177,movinglake,Summer 2022,S22,2022,B2B,top
27177,movinglake,Summer 2022,S22,2022,"Engineering, Product and Design",child
26819,namecard-ai,Summer 2022,S22,2022,B2B,top
26872,neosync,Summer 2022,S22,2022,B2B,top
26872,neosync,Summer 2022,S22,2022,Infrastructure,child
26860,newscatcher,Summer 2022,S22,2022,B2B,top
26860,newscatcher,Summer 2022,S22,2022,Analytics,child
26779,notebook-labs,Summer 2022,S22,2022,B2B,top
26754,novig,Summer 2022,S22,2022,Consumer,top
26754,novig,Summer 2022,S22,2022,Gaming,child
26750,numind,Summer 2022,S22,2022,B2B,top
26750,numind,Summer 2022,S22,2022,"Engineering, Product and Design",child
27162,oneleet,Summer 2022,S22,2022,B2B,top
27162,oneleet,Summer 2022,S22,2022,Security,child
26814,ordinary-seafood,Summer 2022,S22,2022,Consumer,top
26814,ordinary-seafood,Summer 2022,S22,2022,Food and Beverage,child
26776,overwatch,Summer 2022,S22,2022,B2B,top
26776,overwatch,Summer 2022,S22,2022,Security,child
26662,paces,Summer 2022,S22,2022,Industrials,top
26662,paces,Summer 2022,S22,2022,Climate,child
26476,pana,Summer 2022,S22,2022,Fintech,top
26476,pana,Summer 2022,S22,2022,Banking and Exchange,child
26741,paragon-ai,Summer 2022,S22,2022,B2B,top
26741,paragon-ai,Summer 2022,S22,2022,Sales,child
26713,pasito,Summer 2022,S22,2022,Fintech,top
26713,pasito,Summer 2022,S22,2022,Insurance,child
27048,payfura,Summer 2022,S22,2022,Fintech,top
27048,payfura,Summer 2022,S22,2022,Payments,child
26811,payload,Summer 2022,S22,2022,B2B,top
26811,payload,Summer 2022,S22,2022,"Engineering, Product and Design",child
26676,penguin-ai,Summer 2022,S22,2022,B2B,top
26676,penguin-ai,Summer 2022,S22,2022,Sales,child
26877,peoplebox,Summer 2022,S22,2022,B2B,top
26877,peoplebox,Summer 2022,S22,2022,Human Resources,child
26808,phind,Summer 2022,S22,2022,Consumer,top
27267,ping,Summer 2022,S22,2022,Fintech,top
27262,pivo-technology-inc,Summer 2022,S22,2022,Fintech,top
26900,pluralith,Summer 2022,S22,2022,B2B,top
26900,pluralith,Summer 2022,S22,2022,Infrastructure,child
27047,plutto,Summer 2022,S22,2022,B2B,top
27047,plutto,Summer 2022,S22,2022,Infrastructure,child
26480,poly,Summer 2022,S22,2022,Consumer,top
27361,polymath-robotics,Summer 2022,S22,2022,Industrials,top
27361,polymath-robotics,Summer 2022,S22,2022,Manufacturing and Robotics,child
26796,popsy,Summer 2022,S22,2022,B2B,top
26796,popsy,Summer 2022,S22,2022,Marketing,child
27137,primevault,Summer 2022,S22,2022,Fintech,top
27137,primevault,Summer 2022,S22,2022,Asset Management,child
26863,provision,Summer 2022,S22,2022,B2B,top
26863,provision,Summer 2022,S22,2022,Infrastructure,child
26862,pulppo,Summer 2022,S22,2022,Real Estate and Construction,top
26862,pulppo,Summer 2022,S22,2022,Housing and Real Estate,child
27178,pump-co,Summer 2022,S22,2022,Fintech,top
27052,quindar,Summer 2022,S22,2022,B2B,top
26912,quinn,Summer 2022,S22,2022,Healthcare,top
26912,quinn,Summer 2022,S22,2022,Drug Discovery and Delivery,child
27194,rever,Summer 2022,S22,2022,Fintech,top
26783,raven,Summer 2022,S22,2022,B2B,top
26783,raven,Summer 2022,S22,2022,"Engineering, Product and Design",child
27096,relate,Summer 2022,S22,2022,B2B,top
27096,relate,Summer 2022,S22,2022,Sales,child
27095,relay-health,Summer 2022,S22,2022,Healthcare,top
27095,relay-health,Summer 2022,S22,2022,Consumer Health and Wellness,child
27168,relevium-medical,Summer 2022,S22,2022,Healthcare,top
27168,relevium-medical,Summer 2022,S22,2022,Therapeutics,child
26907,rima-ai,Summer 2022,S22,2022,B2B,top
26907,rima-ai,Summer 2022,S22,2022,Finance and Accounting,child
26797,rio,Summer 2022,S22,2022,Fintech,top
26797,rio,Summer 2022,S22,2022,Payments,child
27085,roforco,Summer 2022,S22,2022,Consumer,top
27085,roforco,Summer 2022,S22,2022,Gaming,child
26733,roxels,Summer 2022,S22,2022,B2B,top
26715,ruleset,Summer 2022,S22,2022,B2B,top
27108,sanifu,Summer 2022,S22,2022,B2B,top
27108,sanifu,Summer 2022,S22,2022,Operations,child
27190,sculpt,Summer 2022,S22,2022,B2B,top
27190,sculpt,Summer 2022,S22,2022,"Engineering, Product and Design",child
26784,seaflight-technologies,Summer 2022,S22,2022,Industrials,top
26784,seaflight-technologies,Summer 2022,S22,2022,Aviation and Space,child
26734,serinus-biosciences,Summer 2022,S22,2022,Healthcare,top
26734,serinus-biosciences,Summer 2022,S22,2022,Therapeutics,child
26871,shipmates,Summer 2022,S22,2022,B2B,top
26871,shipmates,Summer 2022,S22,2022,Supply Chain and Logistics,child
26693,sigmamind-ai,Summer 2022,S22,2022,B2B,top
26751,signatur-biosciences,Summer 2022,S22,2022,Healthcare,top
26751,signatur-biosciences,Summer 2022,S22,2022,Diagnostics,child
25249,silkchart,Summer 2022,S22,2022,B2B,top
25249,silkchart,Summer 2022,S22,2022,Sales,child
26847,slauth-io,Summer 2022,S22,2022,B2B,top
26847,slauth-io,Summer 2022,S22,2022,Infrastructure,child
26852,slidely-ai,Summer 2022,S22,2022,B2B,top
26852,slidely-ai,Summer 2022,S22,2022,Productivity,child
27176,slingshot,Summer 2022,S22,2022,Healthcare,top
27151,solum-health,Summer 2022,S22,2022,Healthcare,top
27155,sonnet,Summer 2022,S22,2022,B2B,top
27155,sonnet,Summer 2022,S22,2022,Sales,child
26705,stackup,Summer 2022,S22,2022,B2B,top
26705,stackup,Summer 2022,S22,2022,"Engineering, Product and Design",child
26667,star,Summer 2022,S22,2022,Consumer,top
26667,star,Summer 2022,S22,2022,Gaming,child
26780,stellar,Summer 2022,S22,2022,B2B,top
26661,stream,Summer 2022,S22,2022,Fintech,top
26661,stream,Summer 2022,S22,2022,Insurance,child
26755,sunlight,Summer 2022,S22,2022,Fintech,top
27146,sunpia,Summer 2022,S22,2022,B2B,top
27146,sunpia,Summer 2022,S22,2022,Infrastructure,child
27154,superbar,Summer 2022,S22,2022,B2B,top
27154,superbar,Summer 2022,S22,2022,Marketing,child
26706,superpowered-ai,Summer 2022,S22,2022,B2B,top
26869,sytex,Summer 2022,S22,2022,B2B,top
26869,sytex,Summer 2022,S22,2022,Productivity,child
26710,tailor,Summer 2022,S22,2022,B2B,top
26803,tank-payments,Summer 2022,S22,2022,Fintech,top
26803,tank-payments,Summer 2022,S22,2022,Payments,child
27184,taro,Summer 2022,S22,2022,B2B,top
27184,taro,Summer 2022,S22,2022,Recruiting and Talent,child
26810,ten-lives,Summer 2022,S22,2022,Consumer,top
26810,ten-lives,Summer 2022,S22,2022,Food and Beverage,child
26870,thera,Summer 2022,S22,2022,B2B,top
25267,tigereye,Summer 2022,S22,2022,Real Estate and Construction,top
25267,tigereye,Summer 2022,S22,2022,Construction,child
26764,tranch,Summer 2022,S22,2022,Fintech,top
26764,tranch,Summer 2022,S22,2022,Payments,child
27091,trendex-connect-with-stars,Summer 2022,S22,2022,Consumer,top
26720,truebiz,Summer 2022,S22,2022,B2B,top
26720,truebiz,Summer 2022,S22,2022,Operations,child
26690,truva,Summer 2022,S22,2022,B2B,top
26690,truva,Summer 2022,S22,2022,Marketing,child
26704,two-dots,Summer 2022,S22,2022,Fintech,top
26704,two-dots,Summer 2022,S22,2022,Consumer Finance,child
27143,typeless,Summer 2022,S22,2022,B2B,top
26859,typewise,Summer 2022,S22,2022,B2B,top
26859,typewise,Summer 2022,S22,2022,Productivity,child
27051,unthread,Summer 2022,S22,2022,B2B,top
27051,unthread,Summer 2022,S22,2022,Productivity,child
27153,uplink,Summer 2022,S22,2022,B2B,top
27153,uplink,Summer 2022,S22,2022,Productivity,child
27198,velontra,Summer 2022,S22,2022,Industrials,top
27198,velontra,Summer 2022,S22,2022,Aviation and Space,child
26703,versa,Summer 2022,S22,2022,B2B,top
26703,versa,Summer 2022,S22,2022,Finance and Accounting,child
27055,vinci-games,Summer 2022,S22,2022,Consumer,top
27055,vinci-games,Summer 2022,S22,2022,Gaming,child
27195,vizzly,Summer 2022,S22,2022,B2B,top
27195,vizzly,Summer 2022,S22,2022,Analytics,child
26763,voltic,Summer 2022,S22,2022,Industrials,top
26763,voltic,Summer 2022,S22,2022,Climate,child
27078,wand-solar,Summer 2022,S22,2022,Industrials,top
27078,wand-solar,Summer 2022,S22,2022,Climate,child
26659,weltio,Summer 2022,S22,2022,Fintech,top
26659,weltio,Summer 2022,S22,2022,Asset Management,child
26793,windmill,Summer 2022,S22,2022,B2B,top
26793,windmill,Summer 2022,S22,2022,Infrastructure,child
26654,wolfia,Summer 2022,S22,2022,B2B,top
26654,wolfia,Summer 2022,S22,2022,Sales,child
27166,wondercraft,Summer 2022,S22,2022,B2B,top
27166,wondercraft,Summer 2022,S22,2022,Marketing,child
26876,zoltar-labs,Summer 2022,S22,2022,B2B,top
27164,autone,Summer 2022,S22,2022,B2B,top
27164,autone,Summer 2022,S22,2022,Retail,child
26716,erad,Summer 2022,S22,2022,Fintech,top
26726,ilumadata,Summer 2022,S22,2022,B2B,top
26726,ilumadata,Summer 2022,S22,2022,Analytics,child
27094,nsave,Summer 2022,S22,2022,Fintech,top
27906,1stcollab,Winter 2023,W23,2023,B2B,top
27906,1stcollab,Winter 2023,W23,2023,Marketing,child
27925,222,Winter 2023,W23,2023,Consumer,top
28367,adri-ai,Winter 2023,W23,2023,B2B,top
28158,adventris-pharmaceuticals,Winter 2023,W23,2023,Healthcare,top
28158,adventris-pharmaceuticals,Winter 2023,W23,2023,Drug Discovery and Delivery,child
27968,alaan,Winter 2023,W23,2023,Fintech,top
27968,alaan,Winter 2023,W23,2023,Payments,child
27840,alloy,Winter 2023,W23,2023,B2B,top
27840,alloy,Winter 2023,W23,2023,Productivity,child
26884,alphawatch-ai,Winter 2023,W23,2023,Fintech,top
27923,ariglad,Winter 2023,W23,2023,B2B,top
27923,ariglad,Winter 2023,W23,2023,Operations,child
27971,arroyo,Winter 2023,W23,2023,B2B,top
27971,arroyo,Winter 2023,W23,2023,Infrastructure,child
28214,atmeto,Winter 2023,W23,2023,Industrials,top
28214,atmeto,Winter 2023,W23,2023,Energy,child
28414,automat,Winter 2023,W23,2023,B2B,top
28414,automat,Winter 2023,W23,2023,Operations,child
27655,avoca,Winter 2023,W23,2023,B2B,top
27701,backdrop,Winter 2023,W23,2023,B2B,top
28127,benchmark,Winter 2023,W23,2023,B2B,top
28127,benchmark,Winter 2023,W23,2023,Finance and Accounting,child
28111,berry,Winter 2023,W23,2023,B2B,top
28111,berry,Winter 2023,W23,2023,Operations,child
27834,bluebirds,Winter 2023,W23,2023,B2B,top
27834,bluebirds,Winter 2023,W23,2023,Sales,child
27862,bluedot,Winter 2023,W23,2023,Fintech,top
27672,blyss,Winter 2023,W23,2023,B2B,top
27672,blyss,Winter 2023,W23,2023,Security,child
27894,booth-ai,Winter 2023,W23,2023,B2B,top
27894,booth-ai,Winter 2023,W23,2023,Retail,child
27938,boundary,Winter 2023,W23,2023,B2B,top
27712,brewit,Winter 2023,W23,2023,B2B,top
27712,brewit,Winter 2023,W23,2023,Analytics,child
27893,buildjet,Winter 2023,W23,2023,B2B,top
27893,buildjet,Winter 2023,W23,2023,"Engineering, Product and Design",child
27841,bujeti,Winter 2023,W23,2023,B2B,top
27841,bujeti,Winter 2023,W23,2023,Finance and Accounting,child
27810,cakework,Winter 2023,W23,2023,B2B,top
27810,cakework,Winter 2023,W23,2023,Infrastructure,child
27676,cardinal,Winter 2023,W23,2023,B2B,top
27676,cardinal,Winter 2023,W23,2023,"Engineering, Product and Design",child
27842,chart,Winter 2023,W23,2023,Fintech,top
27254,chima,Winter 2023,W23,2023,B2B,top
27879,choppy,Winter 2023,W23,2023,Consumer,top
27879,choppy,Winter 2023,W23,2023,Food and Beverage,child
28070,clad,Winter 2023,W23,2023,Real Estate and Construction,top
28070,clad,Winter 2023,W23,2023,Construction,child
28013,clearspace,Winter 2023,W23,2023,Consumer,top
27936,clickpe,Winter 2023,W23,2023,Fintech,top
27936,clickpe,Winter 2023,W23,2023,Credit and Lending,child
27844,cloudchipr,Winter 2023,W23,2023,B2B,top
27982,clueso,Winter 2023,W23,2023,B2B,top
27982,clueso,Winter 2023,W23,2023,"Engineering, Product and Design",child
27853,cobblestone,Winter 2023,W23,2023,Real Estate and Construction,top
28108,codeparrot-ai,Winter 2023,W23,2023,B2B,top
28108,codeparrot-ai,Winter 2023,W23,2023,"Engineering, Product and Design",child
27991,coldreach,Winter 2023,W23,2023,B2B,top
27991,coldreach,Winter 2023,W23,2023,Sales,child
27966,combinehealth,Winter 2023,W23,2023,Healthcare,top
27966,combinehealth,Winter 2023,W23,2023,Healthcare IT,child
28093,common-paper,Winter 2023,W23,2023,B2B,top
28093,common-paper,Winter 2023,W23,2023,Sales,child
27699,concourse,Winter 2023,W23,2023,B2B,top
27699,concourse,Winter 2023,W23,2023,Finance and Accounting,child
28110,conduit,Winter 2023,W23,2023,B2B,top
28110,conduit,Winter 2023,W23,2023,Supply Chain and Logistics,child
28094,constant,Winter 2023,W23,2023,Fintech,top
28094,constant,Winter 2023,W23,2023,Asset Management,child
27824,coperniq,Winter 2023,W23,2023,B2B,top
27824,coperniq,Winter 2023,W23,2023,Supply Chain and Logistics,child
28077,corgi-labs,Winter 2023,W23,2023,Fintech,top
28077,corgi-labs,Winter 2023,W23,2023,Payments,child
27839,cosine,Winter 2023,W23,2023,B2B,top
27825,creatorml,Winter 2023,W23,2023,B2B,top
27825,creatorml,Winter 2023,W23,2023,Analytics,child
27690,credal-ai,Winter 2023,W23,2023,B2B,top
27690,credal-ai,Winter 2023,W23,2023,Productivity,child
28081,dagworks-inc,Winter 2023,W23,2023,B2B,top
27703,dashdive,Winter 2023,W23,2023,B2B,top
27703,dashdive,Winter 2023,W23,2023,"Engineering, Product and Design",child
27867,datasuite,Winter 2023,W23,2023,B2B,top
27867,datasuite,Winter 2023,W23,2023,Legal,child
27812,dataglade,Winter 2023,W23,2023,Fintech,top
28097,decohere,Winter 2023,W23,2023,Consumer,top
28097,decohere,Winter 2023,W23,2023,Content,child
27972,defer,Winter 2023,W23,2023,B2B,top
27972,defer,Winter 2023,W23,2023,"Engineering, Product and Design",child
27708,demospace,Winter 2023,W23,2023,B2B,top
27693,depot,Winter 2023,W23,2023,B2B,top
27693,depot,Winter 2023,W23,2023,"Engineering, Product and Design",child
27668,designbase,Winter 2023,W23,2023,B2B,top
27668,designbase,Winter 2023,W23,2023,"Engineering, Product and Design",child
28037,diffuse-bio,Winter 2023,W23,2023,Healthcare,top
28037,diffuse-bio,Winter 2023,W23,2023,Drug Discovery and Delivery,child
28092,dill,Winter 2023,W23,2023,B2B,top
28092,dill,Winter 2023,W23,2023,Finance and Accounting,child
27763,double-coding-copilot,Winter 2023,W23,2023,B2B,top
27763,double-coding-copilot,Winter 2023,W23,2023,"Engineering, Product and Design",child
27686,drdroid,Winter 2023,W23,2023,B2B,top
27686,drdroid,Winter 2023,W23,2023,"Engineering, Product and Design",child
27860,dream3d,Winter 2023,W23,2023,B2B,top
27860,dream3d,Winter 2023,W23,2023,"Engineering, Product and Design",child
27967,echo,Winter 2023,W23,2023,B2B,top
28128,edge,Winter 2023,W23,2023,B2B,top
28128,edge,Winter 2023,W23,2023,Legal,child
27809,edgebit,Winter 2023,W23,2023,B2B,top
27809,edgebit,Winter 2023,W23,2023,Security,child
28071,epsilon,Winter 2023,W23,2023,Education,top
28216,escape,Winter 2023,W23,2023,B2B,top
28216,escape,Winter 2023,W23,2023,Security,child
27871,extend,Winter 2023,W23,2023,B2B,top
27883,ezdubs,Winter 2023,W23,2023,Consumer,top
28119,fabius,Winter 2023,W23,2023,B2B,top
28119,fabius,Winter 2023,W23,2023,Sales,child
27939,factiq,Winter 2023,W23,2023,Fintech,top
27939,factiq,Winter 2023,W23,2023,Asset Management,child
27945,fairway-health,Winter 2023,W23,2023,Healthcare,top
27945,fairway-health,Winter 2023,W23,2023,Healthcare IT,child
27974,fastgen,Winter 2023,W23,2023,B2B,top
27974,fastgen,Winter 2023,W23,2023,"Engineering, Product and Design",child
28103,fern,Winter 2023,W23,2023,B2B,top
28103,fern,Winter 2023,W23,2023,"Engineering, Product and Design",child
28371,fetchr,Winter 2023,W23,2023,Consumer,top
28371,fetchr,Winter 2023,W23,2023,Apparel and Cosmetics,child
27952,finic,Winter 2023,W23,2023,Fintech,top
28160,finni-health,Winter 2023,W23,2023,Healthcare,top
28160,finni-health,Winter 2023,W23,2023,Consumer Health and Wellness,child
28410,finta,Winter 2023,W23,2023,B2B,top
28410,finta,Winter 2023,W23,2023,Finance and Accounting,child
27927,fintool,Winter 2023,W23,2023,B2B,top
27927,fintool,Winter 2023,W23,2023,Finance and Accounting,child
27670,finvest,Winter 2023,W23,2023,Fintech,top
27670,finvest,Winter 2023,W23,2023,Consumer Finance,child
27704,flexdesk,Winter 2023,W23,2023,B2B,top
27704,flexdesk,Winter 2023,W23,2023,Office Management,child
27819,flexwash,Winter 2023,W23,2023,B2B,top
27819,flexwash,Winter 2023,W23,2023,Operations,child
27838,flower,Winter 2023,W23,2023,B2B,top
27873,floworks,Winter 2023,W23,2023,B2B,top
27873,floworks,Winter 2023,W23,2023,Sales,child
27946,fluid-markets,Winter 2023,W23,2023,Fintech,top
27946,fluid-markets,Winter 2023,W23,2023,Banking and Exchange,child
27852,frigade,Winter 2023,W23,2023,B2B,top
27852,frigade,Winter 2023,W23,2023,"Engineering, Product and Design",child
27766,glass-health,Winter 2023,W23,2023,Healthcare,top
27766,glass-health,Winter 2023,W23,2023,Healthcare IT,child
27818,gluetrail,Winter 2023,W23,2023,B2B,top
27818,gluetrail,Winter 2023,W23,2023,Marketing,child
27899,goodcourse,Winter 2023,W23,2023,B2B,top
27843,gooseworks,Winter 2023,W23,2023,B2B,top
27843,gooseworks,Winter 2023,W23,2023,Marketing,child
27822,goveagle,Winter 2023,W23,2023,Government,top
27943,hadrius,Winter 2023,W23,2023,Fintech,top
27943,hadrius,Winter 2023,W23,2023,Asset Management,child
27710,hammr,Winter 2023,W23,2023,B2B,top
27710,hammr,Winter 2023,W23,2023,Human Resources,child
27855,haven-2,Winter 2023,W23,2023,B2B,top
27919,helicone,Winter 2023,W23,2023,B2B,top
27919,helicone,Winter 2023,W23,2023,Analytics,child
28072,helios,Winter 2023,W23,2023,B2B,top
28091,hindsight,Winter 2023,W23,2023,B2B,top
28091,hindsight,Winter 2023,W23,2023,Sales,child
27956,hippo-scribe,Winter 2023,W23,2023,Healthcare,top
27921,homeflow,Winter 2023,W23,2023,Real Estate and Construction,top
27921,homeflow,Winter 2023,W23,2023,Housing and Real Estate,child
27961,hona,Winter 2023,W23,2023,B2B,top
27961,hona,Winter 2023,W23,2023,Legal,child
27951,honeydew,Winter 2023,W23,2023,B2B,top
27951,honeydew,Winter 2023,W23,2023,Analytics,child
27911,icepanel,Winter 2023,W23,2023,B2B,top
27911,icepanel,Winter 2023,W23,2023,"Engineering, Product and Design",child
27875,iliad,Winter 2023,W23,2023,B2B,top
27705,indexical,Winter 2023,W23,2023,B2B,top
27705,indexical,Winter 2023,W23,2023,Infrastructure,child
27957,infinia,Winter 2023,W23,2023,Fintech,top
27957,infinia,Winter 2023,W23,2023,Payments,child
27664,infisical,Winter 2023,W23,2023,B2B,top
27664,infisical,Winter 2023,W23,2023,Security,child
27881,inkeep,Winter 2023,W23,2023,B2B,top
27881,inkeep,Winter 2023,W23,2023,"Engineering, Product and Design",child
28113,interlock,Winter 2023,W23,2023,B2B,top
28159,invitris,Winter 2023,W23,2023,Healthcare,top
28159,invitris,Winter 2023,W23,2023,Drug Discovery and Delivery,child
28079,invopop,Winter 2023,W23,2023,B2B,top
28079,invopop,Winter 2023,W23,2023,Finance and Accounting,child
27902,kv-cash,Winter 2023,W23,2023,B2B,top
27902,kv-cash,Winter 2023,W23,2023,Infrastructure,child
28074,keep,Winter 2023,W23,2023,B2B,top
28074,keep,Winter 2023,W23,2023,"Engineering, Product and Design",child
27858,kivo-health,Winter 2023,W23,2023,Healthcare,top
27858,kivo-health,Winter 2023,W23,2023,Healthcare Services,child
27953,koywe,Winter 2023,W23,2023,Fintech,top
28218,kyber,Winter 2023,W23,2023,B2B,top
28218,kyber,Winter 2023,W23,2023,Operations,child
27669,laminate,Winter 2023,W23,2023,Fintech,top
27870,langfuse,Winter 2023,W23,2023,B2B,top
27870,langfuse,Winter 2023,W23,2023,"Engineering, Product and Design",child
27700,latent,Winter 2023,W23,2023,Healthcare,top
27700,latent,Winter 2023,W23,2023,Healthcare IT,child
27201,lavo-life-sciences,Winter 2023,W23,2023,Healthcare,top
27201,lavo-life-sciences,Winter 2023,W23,2023,Drug Discovery and Delivery,child
27687,layup,Winter 2023,W23,2023,B2B,top
28361,lightski,Winter 2023,W23,2023,B2B,top
28361,lightski,Winter 2023,W23,2023,"Engineering, Product and Design",child
27836,linkgrep,Winter 2023,W23,2023,B2B,top
27836,linkgrep,Winter 2023,W23,2023,Productivity,child
27675,linum,Winter 2023,W23,2023,Consumer,top
28409,litellm,Winter 2023,W23,2023,B2B,top
28090,littio,Winter 2023,W23,2023,Fintech,top
28090,littio,Winter 2023,W23,2023,Consumer Finance,child
27985,loula,Winter 2023,W23,2023,Healthcare,top
27985,loula,Winter 2023,W23,2023,Healthcare Services,child
28129,luca,Winter 2023,W23,2023,B2B,top
28129,luca,Winter 2023,W23,2023,Retail,child
27697,lume-2,Winter 2023,W23,2023,B2B,top
27697,lume-2,Winter 2023,W23,2023,"Engineering, Product and Design",child
27713,lynx,Winter 2023,W23,2023,B2B,top
27713,lynx,Winter 2023,W23,2023,"Engineering, Product and Design",child
27691,magic-patterns,Winter 2023,W23,2023,B2B,top
27691,magic-patterns,Winter 2023,W23,2023,"Engineering, Product and Design",child
27909,magicflow,Winter 2023,W23,2023,B2B,top
27909,magicflow,Winter 2023,W23,2023,Infrastructure,child
27989,magnaplay,Winter 2023,W23,2023,B2B,top
27989,magnaplay,Winter 2023,W23,2023,"Engineering, Product and Design",child
28006,mantys,Winter 2023,W23,2023,B2B,top
28006,mantys,Winter 2023,W23,2023,Operations,child
27677,matano,Winter 2023,W23,2023,B2B,top
27677,matano,Winter 2023,W23,2023,Security,child
28089,maxi,Winter 2023,W23,2023,Fintech,top
28089,maxi,Winter 2023,W23,2023,Consumer Finance,child
27740,mercoa,Winter 2023,W23,2023,Fintech,top
28183,metal,Winter 2023,W23,2023,B2B,top
28183,metal,Winter 2023,W23,2023,Finance and Accounting,child
28421,metal-2,Winter 2023,W23,2023,B2B,top
27666,middleware,Winter 2023,W23,2023,B2B,top
27666,middleware,Winter 2023,W23,2023,Infrastructure,child
28007,milio,Winter 2023,W23,2023,Fintech,top
27671,miracle,Winter 2023,W23,2023,Healthcare,top
27671,miracle,Winter 2023,W23,2023,Drug Discovery and Delivery,child
28205,modulari-t,Winter 2023,W23,2023,Healthcare,top
28205,modulari-t,Winter 2023,W23,2023,Therapeutics,child
27424,mogara,Winter 2023,W23,2023,B2B,top
27424,mogara,Winter 2023,W23,2023,Finance and Accounting,child
28048,muffin-data,Winter 2023,W23,2023,B2B,top
28048,muffin-data,Winter 2023,W23,2023,Analytics,child
27702,mulligan,Winter 2023,W23,2023,B2B,top
27728,nango,Winter 2023,W23,2023,B2B,top
27728,nango,Winter 2023,W23,2023,"Engineering, Product and Design",child
27814,narrative,Winter 2023,W23,2023,B2B,top
27814,narrative,Winter 2023,W23,2023,"Engineering, Product and Design",child
27831,neptyne,Winter 2023,W23,2023,B2B,top
27859,no-cap,Winter 2023,W23,2023,Fintech,top
27696,novelcare,Winter 2023,W23,2023,Healthcare,top
27696,novelcare,Winter 2023,W23,2023,Drug Discovery and Delivery,child
27958,noya-software,Winter 2023,W23,2023,B2B,top
27958,noya-software,Winter 2023,W23,2023,"Engineering, Product and Design",child
27735,numeral,Winter 2023,W23,2023,B2B,top
27735,numeral,Winter 2023,W23,2023,Finance and Accounting,child
27965,odigos-technologies-inc,Winter 2023,W23,2023,B2B,top
27965,odigos-technologies-inc,Winter 2023,W23,2023,Infrastructure,child
27815,ofone,Winter 2023,W23,2023,B2B,top
27762,ohm-2,Winter 2023,W23,2023,Industrials,top
27813,omnistrate,Winter 2023,W23,2023,B2B,top
27674,onetext,Winter 2023,W23,2023,Fintech,top
27674,onetext,Winter 2023,W23,2023,Payments,child
27949,onshore,Winter 2023,W23,2023,B2B,top
27949,onshore,Winter 2023,W23,2023,Finance and Accounting,child
28096,openint,Winter 2023,W23,2023,B2B,top
28096,openint,Winter 2023,W23,2023,Analytics,child
27877,openmeter,Winter 2023,W23,2023,B2B,top
27877,openmeter,Winter 2023,W23,2023,Infrastructure,child
27816,opensight,Winter 2023,W23,2023,B2B,top
27816,opensight,Winter 2023,W23,2023,Operations,child
27901,orchid,Winter 2023,W23,2023,Healthcare,top
27924,outsail-technologies,Winter 2023,W23,2023,Industrials,top
27868,outerbase,Winter 2023,W23,2023,B2B,top
27868,outerbase,Winter 2023,W23,2023,"Engineering, Product and Design",child
27823,overflux,Winter 2023,W23,2023,B2B,top
27898,overlord,Winter 2023,W23,2023,Consumer,top
27898,overlord,Winter 2023,W23,2023,Home and Personal,child
27754,pair-ai,Winter 2023,W23,2023,Consumer,top
27714,palomma,Winter 2023,W23,2023,Real Estate and Construction,top
28425,pando-bioscience,Winter 2023,W23,2023,Healthcare,top
28425,pando-bioscience,Winter 2023,W23,2023,Industrial Bio,child
27694,paperplane,Winter 2023,W23,2023,Fintech,top
27694,paperplane,Winter 2023,W23,2023,Credit and Lending,child
27725,parabolic,Winter 2023,W23,2023,B2B,top
28045,peeba,Winter 2023,W23,2023,B2B,top
28301,persana-ai,Winter 2023,W23,2023,B2B,top
28301,persana-ai,Winter 2023,W23,2023,Sales,child
28112,persist-ai,Winter 2023,W23,2023,Healthcare,top
28112,persist-ai,Winter 2023,W23,2023,Drug Discovery and Delivery,child
28175,pier,Winter 2023,W23,2023,B2B,top
28416,pierre,Winter 2023,W23,2023,B2B,top
28416,pierre,Winter 2023,W23,2023,"Engineering, Product and Design",child
27695,pigeon,Winter 2023,W23,2023,B2B,top
27837,pirros,Winter 2023,W23,2023,B2B,top
27837,pirros,Winter 2023,W23,2023,"Engineering, Product and Design",child
28073,playai,Winter 2023,W23,2023,B2B,top
27785,pledge-health,Winter 2023,W23,2023,Healthcare,top
27785,pledge-health,Winter 2023,W23,2023,Healthcare IT,child
27880,plutis,Winter 2023,W23,2023,B2B,top
27846,polotab,Winter 2023,W23,2023,B2B,top
27821,poplarml,Winter 2023,W23,2023,B2B,top
27821,poplarml,Winter 2023,W23,2023,"Engineering, Product and Design",child
27928,portalform,Winter 2023,W23,2023,B2B,top
27928,portalform,Winter 2023,W23,2023,Infrastructure,child
27992,proglix,Winter 2023,W23,2023,Industrials,top
27876,propexo,Winter 2023,W23,2023,B2B,top
28069,pylon-2,Winter 2023,W23,2023,B2B,top
28069,pylon-2,Winter 2023,W23,2023,Operations,child
27878,ruuf,Winter 2023,W23,2023,Consumer,top
27960,radical,Winter 2023,W23,2023,Industrials,top
27960,radical,Winter 2023,W23,2023,Aviation and Space,child
27915,rainmaker,Winter 2023,W23,2023,Fintech,top
27915,rainmaker,Winter 2023,W23,2023,Consumer Finance,child
27986,rally-tax,Winter 2023,W23,2023,Fintech,top
27673,reflex,Winter 2023,W23,2023,B2B,top
27673,reflex,Winter 2023,W23,2023,Infrastructure,child
27874,relace,Winter 2023,W23,2023,B2B,top
27874,relace,Winter 2023,W23,2023,"Engineering, Product and Design",child
27850,repacket,Winter 2023,W23,2023,B2B,top
27850,repacket,Winter 2023,W23,2023,Security,child
28098,resend,Winter 2023,W23,2023,B2B,top
28098,resend,Winter 2023,W23,2023,"Engineering, Product and Design",child
27983,retape,Winter 2023,W23,2023,B2B,top
27983,retape,Winter 2023,W23,2023,Sales,child
28087,rivet,Winter 2023,W23,2023,B2B,top
28087,rivet,Winter 2023,W23,2023,Infrastructure,child
27692,rollstack-2,Winter 2023,W23,2023,B2B,top
27692,rollstack-2,Winter 2023,W23,2023,Analytics,child
27734,rubber-ducky-labs,Winter 2023,W23,2023,B2B,top
27734,rubber-ducky-labs,Winter 2023,W23,2023,"Engineering, Product and Design",child
27583,rubbrband,Winter 2023,W23,2023,Consumer,top
27583,rubbrband,Winter 2023,W23,2023,Content,child
27806,ruby-card,Winter 2023,W23,2023,Fintech,top
27941,sage-ai,Winter 2023,W23,2023,B2B,top
27941,sage-ai,Winter 2023,W23,2023,"Engineering, Product and Design",child
27808,salient,Winter 2023,W23,2023,B2B,top
27491,sameday,Winter 2023,W23,2023,B2B,top
27491,sameday,Winter 2023,W23,2023,Sales,child
28018,sanvivo,Winter 2023,W23,2023,Healthcare,top
28018,sanvivo,Winter 2023,W23,2023,Healthcare IT,child
27828,scanbase,Winter 2023,W23,2023,Healthcare,top
27828,scanbase,Winter 2023,W23,2023,Diagnostics,child
28303,thedailyscout,Winter 2023,W23,2023,Consumer,top
28368,second,Winter 2023,W23,2023,B2B,top
27942,sensorsurf,Winter 2023,W23,2023,B2B,top
27942,sensorsurf,Winter 2023,W23,2023,"Engineering, Product and Design",child
28221,serial,Winter 2023,W23,2023,B2B,top
28221,serial,Winter 2023,W23,2023,"Engineering, Product and Design",child
27987,shekel-mobility,Winter 2023,W23,2023,Fintech,top
27950,sherloq,Winter 2023,W23,2023,B2B,top
27950,sherloq,Winter 2023,W23,2023,Analytics,child
27892,shortloop,Winter 2023,W23,2023,B2B,top
27892,shortloop,Winter 2023,W23,2023,"Engineering, Product and Design",child
27947,shortbread,Winter 2023,W23,2023,Consumer,top
27947,shortbread,Winter 2023,W23,2023,Content,child
27984,sirdab,Winter 2023,W23,2023,B2B,top
27984,sirdab,Winter 2023,W23,2023,Supply Chain and Logistics,child
28192,skyhook,Winter 2023,W23,2023,B2B,top
28192,skyhook,Winter 2023,W23,2023,"Engineering, Product and Design",child
28082,sorted,Winter 2023,W23,2023,B2B,top
28082,sorted,Winter 2023,W23,2023,Operations,child
28413,speccheck,Winter 2023,W23,2023,B2B,top
28412,speedy-labs,Winter 2023,W23,2023,B2B,top
28412,speedy-labs,Winter 2023,W23,2023,Finance and Accounting,child
27667,stackai,Winter 2023,W23,2023,B2B,top
27907,storyboarder,Winter 2023,W23,2023,Consumer,top
27907,storyboarder,Winter 2023,W23,2023,Content,child
28075,stralis-aircraft,Winter 2023,W23,2023,Industrials,top
28075,stralis-aircraft,Winter 2023,W23,2023,Aviation and Space,child
27684,struct,Winter 2023,W23,2023,B2B,top
27854,suger,Winter 2023,W23,2023,B2B,top
27854,suger,Winter 2023,W23,2023,Sales,child
28107,superapi,Winter 2023,W23,2023,B2B,top
28107,superapi,Winter 2023,W23,2023,Infrastructure,child
27978,superkalam,Winter 2023,W23,2023,Education,top
27685,syncly,Winter 2023,W23,2023,B2B,top
27685,syncly,Winter 2023,W23,2023,Marketing,child
27897,tableflow,Winter 2023,W23,2023,B2B,top
27897,tableflow,Winter 2023,W23,2023,Operations,child
28080,tagsafe,Winter 2023,W23,2023,B2B,top
28080,tagsafe,Winter 2023,W23,2023,"Engineering, Product and Design",child
27811,tennr,Winter 2023,W23,2023,B2B,top
28180,texel-ai,Winter 2023,W23,2023,B2B,top
28180,texel-ai,Winter 2023,W23,2023,Infrastructure,child
28382,theya,Winter 2023,W23,2023,Fintech,top
28382,theya,Winter 2023,W23,2023,Consumer Finance,child
27678,traceloop,Winter 2023,W23,2023,B2B,top
27707,trackstar,Winter 2023,W23,2023,B2B,top
27707,trackstar,Winter 2023,W23,2023,Supply Chain and Logistics,child
27680,trigger-dev,Winter 2023,W23,2023,B2B,top
27680,trigger-dev,Winter 2023,W23,2023,"Engineering, Product and Design",child
27832,trigo,Winter 2023,W23,2023,Fintech,top
27832,trigo,Winter 2023,W23,2023,Credit and Lending,child
27896,truewind,Winter 2023,W23,2023,B2B,top
27896,truewind,Winter 2023,W23,2023,Finance and Accounting,child
28078,turntable,Winter 2023,W23,2023,B2B,top
28078,turntable,Winter 2023,W23,2023,Analytics,child
28329,type,Winter 2023,W23,2023,Consumer,top
26837,unify,Winter 2023,W23,2023,B2B,top
26837,unify,Winter 2023,W23,2023,Productivity,child
28008,univerbal,Winter 2023,W23,2023,Education,top
28099,unstatiq,Winter 2023,W23,2023,B2B,top
28099,unstatiq,Winter 2023,W23,2023,Operations,child
28131,untether-labs,Winter 2023,W23,2023,Healthcare,top
28372,upfront,Winter 2023,W23,2023,Consumer,top
28372,upfront,Winter 2023,W23,2023,Home and Personal,child
28418,vaero,Winter 2023,W23,2023,Consumer,top
27926,variance,Winter 2023,W23,2023,B2B,top
27926,variance,Winter 2023,W23,2023,Security,child
28178,vector,Winter 2023,W23,2023,B2B,top
28178,vector,Winter 2023,W23,2023,Marketing,child
28115,vellum,Winter 2023,W23,2023,B2B,top
28115,vellum,Winter 2023,W23,2023,"Engineering, Product and Design",child
27882,velos,Winter 2023,W23,2023,B2B,top
27882,velos,Winter 2023,W23,2023,Operations,child
27969,vendah,Winter 2023,W23,2023,Consumer,top
28366,vendora,Winter 2023,W23,2023,B2B,top
28366,vendora,Winter 2023,W23,2023,Retail,child
28162,verata,Winter 2023,W23,2023,B2B,top
27774,versive,Winter 2023,W23,2023,B2B,top
27774,versive,Winter 2023,W23,2023,"Engineering, Product and Design",child
27683,versori,Winter 2023,W23,2023,B2B,top
27683,versori,Winter 2023,W23,2023,Infrastructure,child
27698,viddy,Winter 2023,W23,2023,B2B,top
27959,vitalize,Winter 2023,W23,2023,Healthcare,top
28118,vocode,Winter 2023,W23,2023,B2B,top
27827,vooma,Winter 2023,W23,2023,B2B,top
27827,vooma,Winter 2023,W23,2023,Supply Chain and Logistics,child
28116,wallbit,Winter 2023,W23,2023,Fintech,top
28116,wallbit,Winter 2023,W23,2023,Banking and Exchange,child
28369,warp,Winter 2023,W23,2023,B2B,top
28088,waza,Winter 2023,W23,2023,Fintech,top
28088,waza,Winter 2023,W23,2023,Payments,child
27890,wild-moose,Winter 2023,W23,2023,B2B,top
27890,wild-moose,Winter 2023,W23,2023,"Engineering, Product and Design",child
28417,yuma-ai,Winter 2023,W23,2023,B2B,top
28417,yuma-ai,Winter 2023,W23,2023,Operations,child
27807,zerodev,Winter 2023,W23,2023,B2B,top
27807,zerodev,Winter 2023,W23,2023,Infrastructure,child
27869,co-dev,Winter 2023,W23,2023,B2B,top
27869,co-dev,Winter 2023,W23,2023,"Engineering, Product and Design",child
27857,coil-inc,Winter 2023,W23,2023,Consumer,top
27935,compliant-llm,Winter 2023,W23,2023,B2B,top
27935,compliant-llm,Winter 2023,W23,2023,Security,child
28141,highlight-io,Winter 2023,W23,2023,B2B,top
28141,highlight-io,Winter 2023,W23,2023,"Engineering, Product and Design",child
28019,inbuild,Winter 2023,W23,2023,B2B,top
27820,infranew,Winter 2023,W23,2023,B2B,top
27820,infranew,Winter 2023,W23,2023,Infrastructure,child
27817,loopfour,Winter 2023,W23,2023,Fintech,top
28415,moonrepo,Winter 2023,W23,2023,B2B,top
28415,moonrepo,Winter 2023,W23,2023,Productivity,child
27964,nunu-ai,Winter 2023,W23,2023,Consumer,top
27964,nunu-ai,Winter 2023,W23,2023,Gaming,child
28114,rex-fit,Winter 2023,W23,2023,Consumer,top
27679,rift,Winter 2023,W23,2023,B2B,top
27679,rift,Winter 2023,W23,2023,Sales,child
27492,zudowork,Winter 2023,W23,2023,B2B,top
27492,zudowork,Winter 2023,W23,2023,Operations,child
28792,aivideo-com,Summer 2023,S23,2023,B2B,top
28786,accend,Summer 2023,S23,2023,Fintech,top
29106,affinity,Summer 2023,S23,2023,B2B,top
28932,agentcollect,Summer 2023,S23,2023,Fintech,top
28933,aglide,Summer 2023,S23,2023,B2B,top
29110,aisdr,Summer 2023,S23,2023,B2B,top
29110,aisdr,Summer 2023,S23,2023,Sales,child
28827,airgoods,Summer 2023,S23,2023,B2B,top
28827,airgoods,Summer 2023,S23,2023,Retail,child
28844,alguna,Summer 2023,S23,2023,B2B,top
28844,alguna,Summer 2023,S23,2023,Finance and Accounting,child
29008,andromeda-surgical,Summer 2023,S23,2023,Healthcare,top
29008,andromeda-surgical,Summer 2023,S23,2023,Medical Devices,child
28960,apoxy,Summer 2023,S23,2023,B2B,top
28960,apoxy,Summer 2023,S23,2023,Infrastructure,child
28857,arcimus,Summer 2023,S23,2023,B2B,top
28857,arcimus,Summer 2023,S23,2023,Recruiting and Talent,child
28650,artie,Summer 2023,S23,2023,B2B,top
28650,artie,Summer 2023,S23,2023,Infrastructure,child
28815,atla,Summer 2023,S23,2023,B2B,top
28998,automorphic,Summer 2023,S23,2023,B2B,top
29136,autotab,Summer 2023,S23,2023,B2B,top
29136,autotab,Summer 2023,S23,2023,Productivity,child
28999,baserun,Summer 2023,S23,2023,B2B,top
28999,baserun,Summer 2023,S23,2023,"Engineering, Product and Design",child
28804,bland-ai,Summer 2023,S23,2023,B2B,top
28804,bland-ai,Summer 2023,S23,2023,Infrastructure,child
28976,bolto,Summer 2023,S23,2023,B2B,top
28976,bolto,Summer 2023,S23,2023,Human Resources,child
28759,branch-ai,Summer 2023,S23,2023,B2B,top
28759,branch-ai,Summer 2023,S23,2023,Retail,child
28929,bretton-ai,Summer 2023,S23,2023,Fintech,top
28868,briefer,Summer 2023,S23,2023,B2B,top
28868,briefer,Summer 2023,S23,2023,"Engineering, Product and Design",child
28851,bronco-ai,Summer 2023,S23,2023,B2B,top
28851,bronco-ai,Summer 2023,S23,2023,"Engineering, Product and Design",child
28836,heysol,Summer 2023,S23,2023,B2B,top
28836,heysol,Summer 2023,S23,2023,Productivity,child
29088,cair-health,Summer 2023,S23,2023,Healthcare,top
29088,cair-health,Summer 2023,S23,2023,Healthcare IT,child
28845,campfire-2,Summer 2023,S23,2023,B2B,top
28845,campfire-2,Summer 2023,S23,2023,Finance and Accounting,child
28911,candoriq,Summer 2023,S23,2023,B2B,top
28842,capi-money,Summer 2023,S23,2023,Fintech,top
28842,capi-money,Summer 2023,S23,2023,Payments,child
28886,cardinal-gray,Summer 2023,S23,2023,Fintech,top
28886,cardinal-gray,Summer 2023,S23,2023,Credit and Lending,child
28939,careoasis,Summer 2023,S23,2023,Healthcare,top
28939,careoasis,Summer 2023,S23,2023,Consumer Health and Wellness,child
29101,cargo,Summer 2023,S23,2023,B2B,top
29101,cargo,Summer 2023,S23,2023,Sales,child
28811,casca,Summer 2023,S23,2023,Fintech,top
29154,catamaran,Summer 2023,S23,2023,Fintech,top
29154,catamaran,Summer 2023,S23,2023,Insurance,child
29071,cedalio,Summer 2023,S23,2023,B2B,top
28812,cedana,Summer 2023,S23,2023,B2B,top
28812,cedana,Summer 2023,S23,2023,Infrastructure,child
29152,cembla,Summer 2023,S23,2023,B2B,top
29152,cembla,Summer 2023,S23,2023,Legal,child
28404,cercli,Summer 2023,S23,2023,B2B,top
29072,certainly-health,Summer 2023,S23,2023,Healthcare,top
29004,chatter,Summer 2023,S23,2023,B2B,top
29100,chequpi,Summer 2023,S23,2023,Fintech,top
28881,chow-central-inc,Summer 2023,S23,2023,Consumer,top
28881,chow-central-inc,Summer 2023,S23,2023,Food and Beverage,child
28780,clearest-health,Summer 2023,S23,2023,Healthcare,top
28780,clearest-health,Summer 2023,S23,2023,Healthcare IT,child
29153,coba,Summer 2023,S23,2023,Fintech,top
29156,codestory,Summer 2023,S23,2023,B2B,top
29156,codestory,Summer 2023,S23,2023,"Engineering, Product and Design",child
29134,cognitio-labs,Summer 2023,S23,2023,Industrials,top
29121,constructable,Summer 2023,S23,2023,Real Estate and Construction,top
29121,constructable,Summer 2023,S23,2023,Construction,child
28957,continue,Summer 2023,S23,2023,B2B,top
28957,continue,Summer 2023,S23,2023,"Engineering, Product and Design",child
28816,contour,Summer 2023,S23,2023,B2B,top
28983,converge,Summer 2023,S23,2023,B2B,top
28862,corgea,Summer 2023,S23,2023,B2B,top
28862,corgea,Summer 2023,S23,2023,Security,child
28858,craftos,Summer 2023,S23,2023,B2B,top
28858,craftos,Summer 2023,S23,2023,Retail,child
28823,craftwork,Summer 2023,S23,2023,Real Estate and Construction,top
28823,craftwork,Summer 2023,S23,2023,Construction,child
28829,datashare,Summer 2023,S23,2023,B2B,top
28829,datashare,Summer 2023,S23,2023,"Engineering, Product and Design",child
28787,deasy-labs,Summer 2023,S23,2023,B2B,top
28787,deasy-labs,Summer 2023,S23,2023,Analytics,child
28890,decoda-health,Summer 2023,S23,2023,Healthcare,top
28890,decoda-health,Summer 2023,S23,2023,Healthcare IT,child
28884,dialtone,Summer 2023,S23,2023,B2B,top
28805,diligent,Summer 2023,S23,2023,Fintech,top
28789,dioxus-labs,Summer 2023,S23,2023,B2B,top
28789,dioxus-labs,Summer 2023,S23,2023,"Engineering, Product and Design",child
29003,disputeninja,Summer 2023,S23,2023,B2B,top
28854,docsum,Summer 2023,S23,2023,B2B,top
28854,docsum,Summer 2023,S23,2023,Legal,child
29086,eden-care,Summer 2023,S23,2023,Fintech,top
29086,eden-care,Summer 2023,S23,2023,Insurance,child
28822,electric-air-2,Summer 2023,S23,2023,Real Estate and Construction,top
28822,electric-air-2,Summer 2023,S23,2023,Construction,child
28784,elyos-ai,Summer 2023,S23,2023,B2B,top
28784,elyos-ai,Summer 2023,S23,2023,Operations,child
29046,elythea,Summer 2023,S23,2023,Healthcare,top
28936,empirical-health,Summer 2023,S23,2023,Healthcare,top
28936,empirical-health,Summer 2023,S23,2023,Consumer Health and Wellness,child
28981,energent-ai,Summer 2023,S23,2023,B2B,top
29002,envelope,Summer 2023,S23,2023,Fintech,top
29002,envelope,Summer 2023,S23,2023,Consumer Finance,child
28900,epsilla,Summer 2023,S23,2023,B2B,top
28900,epsilla,Summer 2023,S23,2023,Infrastructure,child
28817,every,Summer 2023,S23,2023,B2B,top
29158,feanix-biotechnologies,Summer 2023,S23,2023,Industrials,top
29158,feanix-biotechnologies,Summer 2023,S23,2023,Agriculture,child
29074,fiber-ai,Summer 2023,S23,2023,B2B,top
28880,fleetworks,Summer 2023,S23,2023,B2B,top
28880,fleetworks,Summer 2023,S23,2023,Supply Chain and Logistics,child
29162,flex,Summer 2023,S23,2023,Fintech,top
29162,flex,Summer 2023,S23,2023,Payments,child
28982,flint-2,Summer 2023,S23,2023,Education,top
29105,flowiseai,Summer 2023,S23,2023,B2B,top
29105,flowiseai,Summer 2023,S23,2023,"Engineering, Product and Design",child
28935,fortuna-health,Summer 2023,S23,2023,Healthcare,top
28935,fortuna-health,Summer 2023,S23,2023,Healthcare IT,child
29112,foundation-2,Summer 2023,S23,2023,Real Estate and Construction,top
29112,foundation-2,Summer 2023,S23,2023,Housing and Real Estate,child
29021,fragment,Summer 2023,S23,2023,B2B,top
29021,fragment,Summer 2023,S23,2023,Operations,child
29108,giga,Summer 2023,S23,2023,B2B,top
29108,giga,Summer 2023,S23,2023,"Engineering, Product and Design",child
28938,glade,Summer 2023,S23,2023,B2B,top
28974,gleam,Summer 2023,S23,2023,B2B,top
29123,glide-2,Summer 2023,S23,2023,B2B,top
29123,glide-2,Summer 2023,S23,2023,Infrastructure,child
28838,greentally,Summer 2023,S23,2023,B2B,top
28940,guac,Summer 2023,S23,2023,B2B,top
28940,guac,Summer 2023,S23,2023,Supply Chain and Logistics,child
29069,happyrobot,Summer 2023,S23,2023,B2B,top
29069,happyrobot,Summer 2023,S23,2023,Supply Chain and Logistics,child
28869,health-harbor,Summer 2023,S23,2023,Healthcare,top
28869,health-harbor,Summer 2023,S23,2023,Healthcare IT,child
29159,healthtech-1,Summer 2023,S23,2023,Healthcare,top
29159,healthtech-1,Summer 2023,S23,2023,Healthcare IT,child
28865,hegel-ai,Summer 2023,S23,2023,B2B,top
28865,hegel-ai,Summer 2023,S23,2023,Infrastructure,child
28885,hiro,Summer 2023,S23,2023,B2B,top
28885,hiro,Summer 2023,S23,2023,Security,child
28589,hockeystack,Summer 2023,S23,2023,B2B,top
28589,hockeystack,Summer 2023,S23,2023,Sales,child
28593,hylight,Summer 2023,S23,2023,Industrials,top
28593,hylight,Summer 2023,S23,2023,Climate,child
28788,hyperbound,Summer 2023,S23,2023,B2B,top
28788,hyperbound,Summer 2023,S23,2023,Sales,child
29006,inari,Summer 2023,S23,2023,B2B,top
29006,inari,Summer 2023,S23,2023,"Engineering, Product and Design",child
29103,inconvo,Summer 2023,S23,2023,B2B,top
29103,inconvo,Summer 2023,S23,2023,"Engineering, Product and Design",child
28991,inlet-2,Summer 2023,S23,2023,B2B,top
28991,inlet-2,Summer 2023,S23,2023,Legal,child
29040,inventive-ai,Summer 2023,S23,2023,B2B,top
29040,inventive-ai,Summer 2023,S23,2023,Sales,child
28978,khoj,Summer 2023,S23,2023,Consumer,top
28707,kino-ai,Summer 2023,S23,2023,B2B,top
28707,kino-ai,Summer 2023,S23,2023,Productivity,child
29102,kips-health,Summer 2023,S23,2023,Healthcare,top
29102,kips-health,Summer 2023,S23,2023,Consumer Health and Wellness,child
28852,kite,Summer 2023,S23,2023,B2B,top
28852,kite,Summer 2023,S23,2023,Marketing,child
28971,kobalt-labs,Summer 2023,S23,2023,B2B,top
28971,kobalt-labs,Summer 2023,S23,2023,Operations,child
29041,langdock,Summer 2023,S23,2023,B2B,top
29041,langdock,Summer 2023,S23,2023,Productivity,child
28743,leafpress,Summer 2023,S23,2023,B2B,top
28956,letter-ai,Summer 2023,S23,2023,B2B,top
28956,letter-ai,Summer 2023,S23,2023,Productivity,child
29160,letterbook,Summer 2023,S23,2023,B2B,top
29160,letterbook,Summer 2023,S23,2023,Operations,child
28813,lifelike,Summer 2023,S23,2023,Consumer,top
28937,lifestylerx,Summer 2023,S23,2023,Healthcare,top
28937,lifestylerx,Summer 2023,S23,2023,Healthcare Services,child
28791,linc,Summer 2023,S23,2023,B2B,top
29089,line-build,Summer 2023,S23,2023,B2B,top
28824,lio,Summer 2023,S23,2023,B2B,top
28894,lysto,Summer 2023,S23,2023,B2B,top
28894,lysto,Summer 2023,S23,2023,Sales,child
28859,micsi,Summer 2023,S23,2023,Healthcare,top
28859,micsi,Summer 2023,S23,2023,Diagnostics,child
28795,magic-loops,Summer 2023,S23,2023,B2B,top
28899,maintouch,Summer 2023,S23,2023,B2B,top
28818,mandel-ai,Summer 2023,S23,2023,B2B,top
28818,mandel-ai,Summer 2023,S23,2023,Supply Chain and Logistics,child
28967,mantlebio,Summer 2023,S23,2023,B2B,top
28883,margin,Summer 2023,S23,2023,B2B,top
28883,margin,Summer 2023,S23,2023,Retail,child
28923,maven-bio,Summer 2023,S23,2023,B2B,top
28928,medisearch,Summer 2023,S23,2023,Healthcare,top
28928,medisearch,Summer 2023,S23,2023,Consumer Health and Wellness,child
28927,metalware,Summer 2023,S23,2023,B2B,top
28927,metalware,Summer 2023,S23,2023,Security,child
28779,metoro,Summer 2023,S23,2023,B2B,top
28779,metoro,Summer 2023,S23,2023,"Engineering, Product and Design",child
28930,midrender,Summer 2023,S23,2023,B2B,top
28930,midrender,Summer 2023,S23,2023,"Engineering, Product and Design",child
29081,minded,Summer 2023,S23,2023,B2B,top
29115,mocha,Summer 2023,S23,2023,B2B,top
29115,mocha,Summer 2023,S23,2023,Infrastructure,child
29120,morph,Summer 2023,S23,2023,B2B,top
29120,morph,Summer 2023,S23,2023,Infrastructure,child
29045,movley,Summer 2023,S23,2023,B2B,top
29045,movley,Summer 2023,S23,2023,Supply Chain and Logistics,child
29051,nanograb,Summer 2023,S23,2023,Healthcare,top
29051,nanograb,Summer 2023,S23,2023,Drug Discovery and Delivery,child
28745,nectar,Summer 2023,S23,2023,Industrials,top
28745,nectar,Summer 2023,S23,2023,Energy,child
29119,nowadays,Summer 2023,S23,2023,B2B,top
29119,nowadays,Summer 2023,S23,2023,Operations,child
28891,numen,Summer 2023,S23,2023,Healthcare,top
28891,numen,Summer 2023,S23,2023,Diagnostics,child
28853,obento-health,Summer 2023,S23,2023,Healthcare,top
28853,obento-health,Summer 2023,S23,2023,Medical Devices,child
28794,ohmic-biosciences,Summer 2023,S23,2023,Industrials,top
28794,ohmic-biosciences,Summer 2023,S23,2023,Agriculture,child
29128,olio-labs,Summer 2023,S23,2023,Healthcare,top
29128,olio-labs,Summer 2023,S23,2023,Drug Discovery and Delivery,child
29124,onward,Summer 2023,S23,2023,B2B,top
29124,onward,Summer 2023,S23,2023,Productivity,child
29187,openpipe,Summer 2023,S23,2023,B2B,top
29187,openpipe,Summer 2023,S23,2023,"Engineering, Product and Design",child
28814,opentools,Summer 2023,S23,2023,B2B,top
28814,opentools,Summer 2023,S23,2023,"Engineering, Product and Design",child
29137,opensteer,Summer 2023,S23,2023,B2B,top
28776,ora-ai,Summer 2023,S23,2023,Education,top
29157,orbio-earth,Summer 2023,S23,2023,B2B,top
29157,orbio-earth,Summer 2023,S23,2023,Analytics,child
28980,osium-ai,Summer 2023,S23,2023,B2B,top
28864,outset,Summer 2023,S23,2023,B2B,top
28864,outset,Summer 2023,S23,2023,Analytics,child
29087,paradedb,Summer 2023,S23,2023,B2B,top
28846,parea,Summer 2023,S23,2023,B2B,top
28846,parea,Summer 2023,S23,2023,Operations,child
28659,peerdb,Summer 2023,S23,2023,B2B,top
28659,peerdb,Summer 2023,S23,2023,Analytics,child
28966,pincites,Summer 2023,S23,2023,B2B,top
28966,pincites,Summer 2023,S23,2023,Legal,child
28807,pointhound,Summer 2023,S23,2023,Consumer,top
28807,pointhound,Summer 2023,S23,2023,"Travel, Leisure and Tourism",child
29005,proof-of-human,Summer 2023,S23,2023,B2B,top
29005,proof-of-human,Summer 2023,S23,2023,Security,child
28808,proprise,Summer 2023,S23,2023,Real Estate and Construction,top
28821,prosper,Summer 2023,S23,2023,B2B,top
28849,punchcard,Summer 2023,S23,2023,B2B,top
28849,punchcard,Summer 2023,S23,2023,Finance and Accounting,child
29053,pure,Summer 2023,S23,2023,Consumer,top
29085,quill-bills,Summer 2023,S23,2023,Healthcare,top
29085,quill-bills,Summer 2023,S23,2023,Healthcare IT,child
28992,rankai,Summer 2023,S23,2023,B2B,top
28992,rankai,Summer 2023,S23,2023,Marketing,child
28997,read-bean,Summer 2023,S23,2023,Consumer,top
28809,readily,Summer 2023,S23,2023,Healthcare,top
29078,recipeui,Summer 2023,S23,2023,B2B,top
29078,recipeui,Summer 2023,S23,2023,"Engineering, Product and Design",child
28799,remy,Summer 2023,S23,2023,Healthcare,top
28799,remy,Summer 2023,S23,2023,Healthcare Services,child
28882,repaint,Summer 2023,S23,2023,B2B,top
28882,repaint,Summer 2023,S23,2023,"Engineering, Product and Design",child
28830,revamp,Summer 2023,S23,2023,B2B,top
28830,revamp,Summer 2023,S23,2023,Analytics,child
28744,reworkd,Summer 2023,S23,2023,B2B,top
28958,rimward,Summer 2023,S23,2023,B2B,top
28958,rimward,Summer 2023,S23,2023,Security,child
29093,roame,Summer 2023,S23,2023,Consumer,top
29093,roame,Summer 2023,S23,2023,"Travel, Leisure and Tourism",child
28843,sid,Summer 2023,S23,2023,B2B,top
28843,sid,Summer 2023,S23,2023,"Engineering, Product and Design",child
29107,saatvy,Summer 2023,S23,2023,Healthcare,top
29107,saatvy,Summer 2023,S23,2023,Consumer Health and Wellness,child
29000,safetykit,Summer 2023,S23,2023,B2B,top
29042,sante,Summer 2023,S23,2023,B2B,top
29042,sante,Summer 2023,S23,2023,Retail,child
29019,sendblue,Summer 2023,S23,2023,B2B,top
29019,sendblue,Summer 2023,S23,2023,Sales,child
28863,serra,Summer 2023,S23,2023,B2B,top
28863,serra,Summer 2023,S23,2023,Recruiting and Talent,child
29104,shadeform,Summer 2023,S23,2023,B2B,top
29104,shadeform,Summer 2023,S23,2023,"Engineering, Product and Design",child
28867,shasta-health,Summer 2023,S23,2023,Healthcare,top
28867,shasta-health,Summer 2023,S23,2023,Healthcare Services,child
28902,sidenote,Summer 2023,S23,2023,B2B,top
28902,sidenote,Summer 2023,S23,2023,Productivity,child
29010,silimate,Summer 2023,S23,2023,B2B,top
29010,silimate,Summer 2023,S23,2023,"Engineering, Product and Design",child
29113,simbie-ai,Summer 2023,S23,2023,Healthcare,top
29146,singularity,Summer 2023,S23,2023,Industrials,top
29146,singularity,Summer 2023,S23,2023,Aviation and Space,child
28887,skyvern,Summer 2023,S23,2023,B2B,top
28887,skyvern,Summer 2023,S23,2023,Infrastructure,child
28979,slicker,Summer 2023,S23,2023,Fintech,top
28979,slicker,Summer 2023,S23,2023,Payments,child
29080,smobi,Summer 2023,S23,2023,B2B,top
29080,smobi,Summer 2023,S23,2023,Marketing,child
28802,sohar-health,Summer 2023,S23,2023,Healthcare,top
28802,sohar-health,Summer 2023,S23,2023,Healthcare IT,child
28996,sola,Summer 2023,S23,2023,B2B,top
28825,solve-intelligence,Summer 2023,S23,2023,B2B,top
28825,solve-intelligence,Summer 2023,S23,2023,Legal,child
28839,spine-ai,Summer 2023,S23,2023,B2B,top
28839,spine-ai,Summer 2023,S23,2023,"Engineering, Product and Design",child
28793,stellar-sleep,Summer 2023,S23,2023,Healthcare,top
29082,strada,Summer 2023,S23,2023,B2B,top
29118,structured-labs,Summer 2023,S23,2023,B2B,top
29118,structured-labs,Summer 2023,S23,2023,"Engineering, Product and Design",child
28969,studdy,Summer 2023,S23,2023,Education,top
28837,subsets,Summer 2023,S23,2023,B2B,top
28921,surface-labs,Summer 2023,S23,2023,B2B,top
28921,surface-labs,Summer 2023,S23,2023,Marketing,child
29013,sweep,Summer 2023,S23,2023,B2B,top
29013,sweep,Summer 2023,S23,2023,"Engineering, Product and Design",child
28796,sweetspot,Summer 2023,S23,2023,B2B,top
28796,sweetspot,Summer 2023,S23,2023,"Engineering, Product and Design",child
28835,synch,Summer 2023,S23,2023,B2B,top
28835,synch,Summer 2023,S23,2023,Sales,child
29026,syntheticfi,Summer 2023,S23,2023,Fintech,top
28826,talc,Summer 2023,S23,2023,B2B,top
28826,talc,Summer 2023,S23,2023,"Engineering, Product and Design",child
29150,tempo-2,Summer 2023,S23,2023,B2B,top
29150,tempo-2,Summer 2023,S23,2023,"Engineering, Product and Design",child
28860,terminal,Summer 2023,S23,2023,B2B,top
28860,terminal,Summer 2023,S23,2023,Supply Chain and Logistics,child
29073,terracotta-ai,Summer 2023,S23,2023,B2B,top
29073,terracotta-ai,Summer 2023,S23,2023,Infrastructure,child
29079,tiptap,Summer 2023,S23,2023,B2B,top
29079,tiptap,Summer 2023,S23,2023,"Engineering, Product and Design",child
28968,trainy,Summer 2023,S23,2023,B2B,top
29090,trayd,Summer 2023,S23,2023,B2B,top
29090,trayd,Summer 2023,S23,2023,Finance and Accounting,child
28660,tremor,Summer 2023,S23,2023,B2B,top
28660,tremor,Summer 2023,S23,2023,"Engineering, Product and Design",child
28777,twenty,Summer 2023,S23,2023,B2B,top
29117,twine,Summer 2023,S23,2023,B2B,top
29117,twine,Summer 2023,S23,2023,Sales,child
28920,unhaze,Summer 2023,S23,2023,B2B,top
28920,unhaze,Summer 2023,S23,2023,Sales,child
28926,upstream,Summer 2023,S23,2023,B2B,top
28926,upstream,Summer 2023,S23,2023,Productivity,child
28994,vango-ai,Summer 2023,S23,2023,B2B,top
28994,vango-ai,Summer 2023,S23,2023,"Engineering, Product and Design",child
28977,vaultpay,Summer 2023,S23,2023,Fintech,top
29001,vectorshift,Summer 2023,S23,2023,B2B,top
29001,vectorshift,Summer 2023,S23,2023,Finance and Accounting,child
28847,venta-ai,Summer 2023,S23,2023,B2B,top
28847,venta-ai,Summer 2023,S23,2023,Sales,child
28893,vetrec,Summer 2023,S23,2023,B2B,top
28931,vizly,Summer 2023,S23,2023,B2B,top
28931,vizly,Summer 2023,S23,2023,Analytics,child
28790,watto-ai,Summer 2023,S23,2023,B2B,top
28790,watto-ai,Summer 2023,S23,2023,Productivity,child
29122,wattson-health,Summer 2023,S23,2023,Healthcare,top
29122,wattson-health,Summer 2023,S23,2023,Healthcare IT,child
29091,webhound,Summer 2023,S23,2023,Consumer,top
28778,xeol,Summer 2023,S23,2023,B2B,top
28778,xeol,Summer 2023,S23,2023,Security,child
28486,yn,Summer 2023,S23,2023,Consumer,top
28486,yn,Summer 2023,S23,2023,Content,child
28810,zelos-cloud,Summer 2023,S23,2023,B2B,top
28810,zelos-cloud,Summer 2023,S23,2023,"Engineering, Product and Design",child
29092,dili,Summer 2023,S23,2023,B2B,top
29092,dili,Summer 2023,S23,2023,Finance and Accounting,child
28663,kapa-ai,Summer 2023,S23,2023,B2B,top
28663,kapa-ai,Summer 2023,S23,2023,Productivity,child
28907,refine,Summer 2023,S23,2023,B2B,top
28907,refine,Summer 2023,S23,2023,"Engineering, Product and Design",child
28959,sizeless,Summer 2023,S23,2023,Real Estate and Construction,top
29018,sudocode,Summer 2023,S23,2023,B2B,top
29018,sudocode,Summer 2023,S23,2023,"Engineering, Product and Design",child
29125,truemetrics,Summer 2023,S23,2023,B2B,top
29125,truemetrics,Summer 2023,S23,2023,Supply Chain and Logistics,child
29391,abel,Winter 2024,W24,2024,B2B,top
29391,abel,Winter 2024,W24,2024,Legal,child
29443,adapted,Winter 2024,W24,2024,Consumer,top
29358,aedilic,Winter 2024,W24,2024,B2B,top
29358,aedilic,Winter 2024,W24,2024,Security,child
29383,aftercare,Winter 2024,W24,2024,B2B,top
29275,agentic-labs-2,Winter 2024,W24,2024,B2B,top
29275,agentic-labs-2,Winter 2024,W24,2024,"Engineering, Product and Design",child
29272,aidy,Winter 2024,W24,2024,Healthcare,top
29272,aidy,Winter 2024,W24,2024,Consumer Health and Wellness,child
29420,alai,Winter 2024,W24,2024,B2B,top
29263,alex-com,Winter 2024,W24,2024,B2B,top
29263,alex-com,Winter 2024,W24,2024,Recruiting and Talent,child
29253,andon-labs,Winter 2024,W24,2024,B2B,top
29253,andon-labs,Winter 2024,W24,2024,"Engineering, Product and Design",child
29386,andy-ai,Winter 2024,W24,2024,Healthcare,top
29386,andy-ai,Winter 2024,W24,2024,Healthcare IT,child
29450,aqua-voice,Winter 2024,W24,2024,Consumer,top
29464,arcane,Winter 2024,W24,2024,Consumer,top
29267,argon-ai-inc,Winter 2024,W24,2024,Healthcare,top
29288,arini,Winter 2024,W24,2024,Healthcare,top
29288,arini,Winter 2024,W24,2024,Healthcare IT,child
29295,artisan,Winter 2024,W24,2024,B2B,top
29411,artos,Winter 2024,W24,2024,B2B,top
29369,astro-mechanica,Winter 2024,W24,2024,Industrials,top
29369,astro-mechanica,Winter 2024,W24,2024,Aviation and Space,child
29315,attunement,Winter 2024,W24,2024,Healthcare,top
29284,averyiq,Winter 2024,W24,2024,Real Estate and Construction,top
29284,averyiq,Winter 2024,W24,2024,Housing and Real Estate,child
29277,basalt,Winter 2024,W24,2024,Industrials,top
29277,basalt,Winter 2024,W24,2024,Aviation and Space,child
29451,basepilot,Winter 2024,W24,2024,B2B,top
29451,basepilot,Winter 2024,W24,2024,Productivity,child
29409,betterbasket,Winter 2024,W24,2024,B2B,top
29409,betterbasket,Winter 2024,W24,2024,Analytics,child
29373,bilanc,Winter 2024,W24,2024,B2B,top
29373,bilanc,Winter 2024,W24,2024,"Engineering, Product and Design",child
29430,bitesight,Winter 2024,W24,2024,Consumer,top
29430,bitesight,Winter 2024,W24,2024,Social,child
29509,blacksmith,Winter 2024,W24,2024,B2B,top
29509,blacksmith,Winter 2024,W24,2024,Infrastructure,child
29307,blume-benefits,Winter 2024,W24,2024,Fintech,top
29307,blume-benefits,Winter 2024,W24,2024,Insurance,child
29417,brainbase-labs,Winter 2024,W24,2024,B2B,top
29281,breez-labs,Winter 2024,W24,2024,B2B,top
29281,breez-labs,Winter 2024,W24,2024,Infrastructure,child
29370,browser-buddy,Winter 2024,W24,2024,Consumer,top
29370,browser-buddy,Winter 2024,W24,2024,Content,child
29376,carma,Winter 2024,W24,2024,B2B,top
29376,carma,Winter 2024,W24,2024,Operations,child
29276,carousel-technologies,Winter 2024,W24,2024,B2B,top
29276,carousel-technologies,Winter 2024,W24,2024,Finance and Accounting,child
29320,celest,Winter 2024,W24,2024,B2B,top
29320,celest,Winter 2024,W24,2024,Infrastructure,child
29399,centauri-ai,Winter 2024,W24,2024,B2B,top
29356,centralize,Winter 2024,W24,2024,B2B,top
29356,centralize,Winter 2024,W24,2024,Sales,child
29408,circleback,Winter 2024,W24,2024,B2B,top
29408,circleback,Winter 2024,W24,2024,Productivity,child
29339,clarion,Winter 2024,W24,2024,Healthcare,top
29339,clarion,Winter 2024,W24,2024,Healthcare IT,child
29395,clarum,Winter 2024,W24,2024,B2B,top
29395,clarum,Winter 2024,W24,2024,Finance and Accounting,child
29414,cleva,Winter 2024,W24,2024,Fintech,top
29317,cloudcruise,Winter 2024,W24,2024,B2B,top
29481,cocrafter,Winter 2024,W24,2024,Real Estate and Construction,top
29481,cocrafter,Winter 2024,W24,2024,Construction,child
29368,codeant-ai,Winter 2024,W24,2024,B2B,top
29368,codeant-ai,Winter 2024,W24,2024,"Engineering, Product and Design",child
29455,commodityai,Winter 2024,W24,2024,B2B,top
29455,commodityai,Winter 2024,W24,2024,Operations,child
29380,conduit-ai,Winter 2024,W24,2024,B2B,top
29338,consul,Winter 2024,W24,2024,Fintech,top
29338,consul,Winter 2024,W24,2024,Payments,child
29306,copper-health,Winter 2024,W24,2024,Healthcare,top
29306,copper-health,Winter 2024,W24,2024,Healthcare IT,child
29207,cora,Winter 2024,W24,2024,Consumer,top
29508,crowdvolt,Winter 2024,W24,2024,Consumer,top
29271,dgi-apparel,Winter 2024,W24,2024,B2B,top
29271,dgi-apparel,Winter 2024,W24,2024,Supply Chain and Logistics,child
29457,datacurve,Winter 2024,W24,2024,B2B,top
29334,decipher-ai,Winter 2024,W24,2024,B2B,top
29334,decipher-ai,Winter 2024,W24,2024,"Engineering, Product and Design",child
29422,deep24,Winter 2024,W24,2024,Education,top
29447,deepnight,Winter 2024,W24,2024,Industrials,top
29447,deepnight,Winter 2024,W24,2024,Defense,child
29404,diana,Winter 2024,W24,2024,B2B,top
29364,dime-2,Winter 2024,W24,2024,B2B,top
29436,downlink,Winter 2024,W24,2024,B2B,top
29436,downlink,Winter 2024,W24,2024,Infrastructure,child
29367,draftaid,Winter 2024,W24,2024,B2B,top
29367,draftaid,Winter 2024,W24,2024,"Engineering, Product and Design",child
29503,dragoneye,Winter 2024,W24,2024,B2B,top
29503,dragoneye,Winter 2024,W24,2024,"Engineering, Product and Design",child
29179,driver,Winter 2024,W24,2024,B2B,top
29518,dropback,Winter 2024,W24,2024,Fintech,top
29184,drymerge,Winter 2024,W24,2024,B2B,top
29238,duckie,Winter 2024,W24,2024,B2B,top
29238,duckie,Winter 2024,W24,2024,"Engineering, Product and Design",child
29299,ecliptor,Winter 2024,W24,2024,B2B,top
29299,ecliptor,Winter 2024,W24,2024,Sales,child
29396,edgetrace,Winter 2024,W24,2024,B2B,top
29297,eggnog,Winter 2024,W24,2024,Consumer,top
29365,ellipsis,Winter 2024,W24,2024,B2B,top
29365,ellipsis,Winter 2024,W24,2024,"Engineering, Product and Design",child
29381,elodin,Winter 2024,W24,2024,Industrials,top
29381,elodin,Winter 2024,W24,2024,Aviation and Space,child
29311,engines,Winter 2024,W24,2024,B2B,top
29311,engines,Winter 2024,W24,2024,Infrastructure,child
29470,eris-biotech,Winter 2024,W24,2024,Healthcare,top
29470,eris-biotech,Winter 2024,W24,2024,Therapeutics,child
29181,event-horizon-labs,Winter 2024,W24,2024,Fintech,top
29181,event-horizon-labs,Winter 2024,W24,2024,Asset Management,child
29350,feldy,Winter 2024,W24,2024,B2B,top
29350,feldy,Winter 2024,W24,2024,"Engineering, Product and Design",child
29449,fileforge,Winter 2024,W24,2024,B2B,top
29449,fileforge,Winter 2024,W24,2024,"Engineering, Product and Design",child
29352,firebender,Winter 2024,W24,2024,B2B,top
29352,firebender,Winter 2024,W24,2024,"Engineering, Product and Design",child
29452,fluently,Winter 2024,W24,2024,Consumer,top
29416,focal,Winter 2024,W24,2024,Consumer,top
29416,focal,Winter 2024,W24,2024,Content,child
29499,forge,Winter 2024,W24,2024,B2B,top
29499,forge,Winter 2024,W24,2024,Supply Chain and Logistics,child
29519,forge-rewards,Winter 2024,W24,2024,B2B,top
29274,fractal-labs,Winter 2024,W24,2024,Consumer,top
29290,furtherai,Winter 2024,W24,2024,B2B,top
29269,garage-2,Winter 2024,W24,2024,B2B,top
29513,getcrux,Winter 2024,W24,2024,B2B,top
29513,getcrux,Winter 2024,W24,2024,Analytics,child
29415,givefront,Winter 2024,W24,2024,Fintech,top
29415,givefront,Winter 2024,W24,2024,Banking and Exchange,child
29322,glimmer,Winter 2024,W24,2024,B2B,top
29341,gloglo,Winter 2024,W24,2024,Consumer,top
28896,governgpt,Winter 2024,W24,2024,Fintech,top
29485,granza-bio,Winter 2024,W24,2024,Healthcare,top
29485,granza-bio,Winter 2024,W24,2024,Therapeutics,child
29298,greenboard,Winter 2024,W24,2024,Fintech,top
29226,greptile,Winter 2024,W24,2024,B2B,top
29226,greptile,Winter 2024,W24,2024,"Engineering, Product and Design",child
29328,guide-labs,Winter 2024,W24,2024,B2B,top
29328,guide-labs,Winter 2024,W24,2024,Infrastructure,child
29180,gumloop,Winter 2024,W24,2024,B2B,top
29484,haplotype-labs,Winter 2024,W24,2024,Healthcare,top
29484,haplotype-labs,Winter 2024,W24,2024,Diagnostics,child
29233,happenstance,Winter 2024,W24,2024,Consumer,top
29433,hatchet-run,Winter 2024,W24,2024,B2B,top
29433,hatchet-run,Winter 2024,W24,2024,Infrastructure,child
29385,hazel-2,Winter 2024,W24,2024,Government,top
29483,healia,Winter 2024,W24,2024,Fintech,top
29483,healia,Winter 2024,W24,2024,Insurance,child
29403,heartbyte,Winter 2024,W24,2024,Consumer,top
29403,heartbyte,Winter 2024,W24,2024,Content,child
29342,inquery-2,Winter 2024,W24,2024,Healthcare,top
29342,inquery-2,Winter 2024,W24,2024,Healthcare IT,child
29533,indemni,Winter 2024,W24,2024,B2B,top
29533,indemni,Winter 2024,W24,2024,Supply Chain and Logistics,child
29343,infinity,Winter 2024,W24,2024,Fintech,top
29343,infinity,Winter 2024,W24,2024,Payments,child
29511,inspectmind-ai,Winter 2024,W24,2024,Real Estate and Construction,top
29511,inspectmind-ai,Winter 2024,W24,2024,Construction,child
29498,integuru,Winter 2024,W24,2024,B2B,top
29498,integuru,Winter 2024,W24,2024,"Engineering, Product and Design",child
29476,junction-bioscience,Winter 2024,W24,2024,Healthcare,top
29476,junction-bioscience,Winter 2024,W24,2024,Therapeutics,child
29407,justai,Winter 2024,W24,2024,B2B,top
29407,justai,Winter 2024,W24,2024,Marketing,child
29523,k-scale-labs,Winter 2024,W24,2024,Consumer,top
29523,k-scale-labs,Winter 2024,W24,2024,Consumer Electronics,child
29245,kabilah,Winter 2024,W24,2024,Healthcare,top
29270,keystroke,Winter 2024,W24,2024,B2B,top
29270,keystroke,Winter 2024,W24,2024,Analytics,child
29178,lantern-2,Winter 2024,W24,2024,B2B,top
29501,latted,Winter 2024,W24,2024,B2B,top
29501,latted,Winter 2024,W24,2024,"Engineering, Product and Design",child
29278,leaping,Winter 2024,W24,2024,B2B,top
29278,leaping,Winter 2024,W24,2024,"Engineering, Product and Design",child
29201,legora,Winter 2024,W24,2024,B2B,top
29201,legora,Winter 2024,W24,2024,Legal,child
29333,lemonslice,Winter 2024,W24,2024,B2B,top
29314,lucite,Winter 2024,W24,2024,B2B,top
29419,lumetric,Winter 2024,W24,2024,B2B,top
29459,lumona,Winter 2024,W24,2024,Consumer,top
29461,magic-hour,Winter 2024,W24,2024,Consumer,top
29461,magic-hour,Winter 2024,W24,2024,Content,child
29252,maia,Winter 2024,W24,2024,Healthcare,top
29252,maia,Winter 2024,W24,2024,Consumer Health and Wellness,child
29268,mango-health,Winter 2024,W24,2024,Healthcare,top
29397,manifold-freight,Winter 2024,W24,2024,B2B,top
29397,manifold-freight,Winter 2024,W24,2024,Supply Chain and Logistics,child
29456,marblism,Winter 2024,W24,2024,B2B,top
29456,marblism,Winter 2024,W24,2024,"Engineering, Product and Design",child
29522,marr-labs,Winter 2024,W24,2024,B2B,top
29506,mathos,Winter 2024,W24,2024,Education,top
29319,meticulate,Winter 2024,W24,2024,B2B,top
29366,metofico,Winter 2024,W24,2024,B2B,top
29366,metofico,Winter 2024,W24,2024,"Engineering, Product and Design",child
29453,miden,Winter 2024,W24,2024,Fintech,top
29516,million,Winter 2024,W24,2024,B2B,top
29516,million,Winter 2024,W24,2024,"Engineering, Product and Design",child
29410,model-ml,Winter 2024,W24,2024,B2B,top
29256,momentic,Winter 2024,W24,2024,B2B,top
29256,momentic,Winter 2024,W24,2024,"Engineering, Product and Design",child
29326,monumint,Winter 2024,W24,2024,B2B,top
29355,nanocorp,Winter 2024,W24,2024,Consumer,top
29183,navier-ai,Winter 2024,W24,2024,Industrials,top
29183,navier-ai,Winter 2024,W24,2024,Aviation and Space,child
29259,newton,Winter 2024,W24,2024,B2B,top
29249,nuanced,Winter 2024,W24,2024,Consumer,top
29294,octolane-ai,Winter 2024,W24,2024,B2B,top
29294,octolane-ai,Winter 2024,W24,2024,Sales,child
29442,ocular-ai,Winter 2024,W24,2024,B2B,top
29473,oddsview,Winter 2024,W24,2024,Consumer,top
29390,offdeal,Winter 2024,W24,2024,B2B,top
29413,oma-care,Winter 2024,W24,2024,Healthcare,top
29413,oma-care,Winter 2024,W24,2024,Healthcare Services,child
29312,onegrep,Winter 2024,W24,2024,B2B,top
29312,onegrep,Winter 2024,W24,2024,"Engineering, Product and Design",child
29177,onyx,Winter 2024,W24,2024,B2B,top
29177,onyx,Winter 2024,W24,2024,Productivity,child
29360,open,Winter 2024,W24,2024,B2B,top
29360,open,Winter 2024,W24,2024,"Engineering, Product and Design",child
29466,openfoundry,Winter 2024,W24,2024,B2B,top
29466,openfoundry,Winter 2024,W24,2024,"Engineering, Product and Design",child
29394,opencall,Winter 2024,W24,2024,B2B,top
29424,openmart,Winter 2024,W24,2024,B2B,top
29345,pandasai,Winter 2024,W24,2024,B2B,top
29345,pandasai,Winter 2024,W24,2024,Analytics,child
29303,panelytic,Winter 2024,W24,2024,Fintech,top
29287,paradigm,Winter 2024,W24,2024,B2B,top
29348,parallel,Winter 2024,W24,2024,Healthcare,top
29348,parallel,Winter 2024,W24,2024,Healthcare IT,child
29527,parcelbio,Winter 2024,W24,2024,Healthcare,top
29527,parcelbio,Winter 2024,W24,2024,Therapeutics,child
29309,partnerhq,Winter 2024,W24,2024,B2B,top
29309,partnerhq,Winter 2024,W24,2024,Sales,child
29285,patchwork,Winter 2024,W24,2024,B2B,top
29285,patchwork,Winter 2024,W24,2024,Productivity,child
29362,pazi,Winter 2024,W24,2024,B2B,top
29362,pazi,Winter 2024,W24,2024,"Engineering, Product and Design",child
29463,penciled,Winter 2024,W24,2024,Healthcare,top
29463,penciled,Winter 2024,W24,2024,Healthcare IT,child
29477,piramidal,Winter 2024,W24,2024,Healthcare,top
29273,pivot-robotics,Winter 2024,W24,2024,Industrials,top
29273,pivot-robotics,Winter 2024,W24,2024,Manufacturing and Robotics,child
29286,pointone,Winter 2024,W24,2024,B2B,top
29286,pointone,Winter 2024,W24,2024,Infrastructure,child
29465,polar,Winter 2024,W24,2024,Fintech,top
29465,polar,Winter 2024,W24,2024,Consumer Finance,child
29332,polished,Winter 2024,W24,2024,B2B,top
29332,polished,Winter 2024,W24,2024,"Engineering, Product and Design",child
29467,powder,Winter 2024,W24,2024,Fintech,top
29467,powder,Winter 2024,W24,2024,Asset Management,child
29247,precip,Winter 2024,W24,2024,B2B,top
29375,preloop,Winter 2024,W24,2024,B2B,top
29375,preloop,Winter 2024,W24,2024,"Engineering, Product and Design",child
29265,pretzel-ai,Winter 2024,W24,2024,B2B,top
29265,pretzel-ai,Winter 2024,W24,2024,"Engineering, Product and Design",child
29398,prosights,Winter 2024,W24,2024,B2B,top
29398,prosights,Winter 2024,W24,2024,Operations,child
29324,promptarmor,Winter 2024,W24,2024,B2B,top
29324,promptarmor,Winter 2024,W24,2024,Security,child
29260,quary,Winter 2024,W24,2024,B2B,top
29260,quary,Winter 2024,W24,2024,Analytics,child
29504,quivr,Winter 2024,W24,2024,B2B,top
29504,quivr,Winter 2024,W24,2024,Productivity,child
29291,roe,Winter 2024,W24,2024,B2B,top
29291,roe,Winter 2024,W24,2024,Infrastructure,child
29189,radmate-ai,Winter 2024,W24,2024,Healthcare,top
29401,raindrop,Winter 2024,W24,2024,B2B,top
29401,raindrop,Winter 2024,W24,2024,"Engineering, Product and Design",child
29254,reducto,Winter 2024,W24,2024,B2B,top
29254,reducto,Winter 2024,W24,2024,"Engineering, Product and Design",child
29478,reform,Winter 2024,W24,2024,B2B,top
29478,reform,Winter 2024,W24,2024,Supply Chain and Logistics,child
29185,relari,Winter 2024,W24,2024,Industrials,top
29185,relari,Winter 2024,W24,2024,Manufacturing and Robotics,child
29512,reprompt,Winter 2024,W24,2024,B2B,top
29512,reprompt,Winter 2024,W24,2024,"Engineering, Product and Design",child
29353,resonance,Winter 2024,W24,2024,B2B,top
29353,resonance,Winter 2024,W24,2024,Marketing,child
29325,respan,Winter 2024,W24,2024,B2B,top
29325,respan,Winter 2024,W24,2024,Infrastructure,child
29517,retailready,Winter 2024,W24,2024,B2B,top
29517,retailready,Winter 2024,W24,2024,Supply Chain and Logistics,child
29441,retell-ai,Winter 2024,W24,2024,B2B,top
29405,risotto,Winter 2024,W24,2024,B2B,top
29405,risotto,Winter 2024,W24,2024,Operations,child
29440,rove,Winter 2024,W24,2024,Consumer,top
29440,rove,Winter 2024,W24,2024,"Travel, Leisure and Tourism",child
29460,ryse,Winter 2024,W24,2024,B2B,top
29258,saga-ai,Winter 2024,W24,2024,B2B,top
29258,saga-ai,Winter 2024,W24,2024,Operations,child
29372,sagaland,Winter 2024,W24,2024,Consumer,top
29357,salvy,Winter 2024,W24,2024,B2B,top
29357,salvy,Winter 2024,W24,2024,Operations,child
29418,sample,Winter 2024,W24,2024,Healthcare,top
29418,sample,Winter 2024,W24,2024,Healthcare IT,child
29336,cpgscout,Winter 2024,W24,2024,B2B,top
29336,cpgscout,Winter 2024,W24,2024,Retail,child
29196,scritch,Winter 2024,W24,2024,Healthcare,top
29313,selera-medical,Winter 2024,W24,2024,Healthcare,top
29313,selera-medical,Winter 2024,W24,2024,Medical Devices,child
29471,senso,Winter 2024,W24,2024,B2B,top
29432,shepherd-2,Winter 2024,W24,2024,Education,top
29384,shiboleth,Winter 2024,W24,2024,B2B,top
29384,shiboleth,Winter 2024,W24,2024,Security,child
29472,silogy,Winter 2024,W24,2024,B2B,top
29472,silogy,Winter 2024,W24,2024,"Engineering, Product and Design",child
29363,solari-ai,Winter 2024,W24,2024,B2B,top
29363,solari-ai,Winter 2024,W24,2024,"Engineering, Product and Design",child
29431,sonauto,Winter 2024,W24,2024,Consumer,top
29431,sonauto,Winter 2024,W24,2024,Content,child
29244,sonia,Winter 2024,W24,2024,Healthcare,top
29244,sonia,Winter 2024,W24,2024,Consumer Health and Wellness,child
29382,soundry-ai,Winter 2024,W24,2024,Consumer,top
29382,soundry-ai,Winter 2024,W24,2024,Content,child
29438,spark,Winter 2024,W24,2024,B2B,top
29330,speck,Winter 2024,W24,2024,B2B,top
29330,speck,Winter 2024,W24,2024,Productivity,child
29434,stacksync,Winter 2024,W24,2024,B2B,top
29434,stacksync,Winter 2024,W24,2024,"Engineering, Product and Design",child
29318,starjar,Winter 2024,W24,2024,B2B,top
29206,stitch-technologies,Winter 2024,W24,2024,B2B,top
29206,stitch-technologies,Winter 2024,W24,2024,"Engineering, Product and Design",child
29374,superagent,Winter 2024,W24,2024,B2B,top
29374,superagent,Winter 2024,W24,2024,Security,child
29293,suretynow,Winter 2024,W24,2024,Fintech,top
29293,suretynow,Winter 2024,W24,2024,Insurance,child
29305,synsorybio,Winter 2024,W24,2024,Healthcare,top
29305,synsorybio,Winter 2024,W24,2024,Therapeutics,child
29340,tamarind-bio,Winter 2024,W24,2024,B2B,top
29241,tekton-dynamics,Winter 2024,W24,2024,Industrials,top
29241,tekton-dynamics,Winter 2024,W24,2024,Manufacturing and Robotics,child
29435,terrakotta,Winter 2024,W24,2024,B2B,top
29435,terrakotta,Winter 2024,W24,2024,Sales,child
29186,tesseral,Winter 2024,W24,2024,B2B,top
29500,the-new-money-company,Winter 2024,W24,2024,Fintech,top
29500,the-new-money-company,Winter 2024,W24,2024,Payments,child
29421,thorntale,Winter 2024,W24,2024,B2B,top
29421,thorntale,Winter 2024,W24,2024,Productivity,child
29377,toma,Winter 2024,W24,2024,B2B,top
29377,toma,Winter 2024,W24,2024,Operations,child
29335,toolify,Winter 2024,W24,2024,B2B,top
29335,toolify,Winter 2024,W24,2024,"Engineering, Product and Design",child
29301,topo,Winter 2024,W24,2024,B2B,top
29301,topo,Winter 2024,W24,2024,Sales,child
29505,tower,Winter 2024,W24,2024,B2B,top
29505,tower,Winter 2024,W24,2024,Legal,child
29246,tracecat,Winter 2024,W24,2024,B2B,top
29246,tracecat,Winter 2024,W24,2024,Security,child
29300,trellis-ai,Winter 2024,W24,2024,B2B,top
29379,trieve,Winter 2024,W24,2024,B2B,top
29379,trieve,Winter 2024,W24,2024,Infrastructure,child
29423,triply,Winter 2024,W24,2024,B2B,top
29423,triply,Winter 2024,W24,2024,Operations,child
29482,trueclaim,Winter 2024,W24,2024,Healthcare,top
29257,tuesday-labs,Winter 2024,W24,2024,Consumer,top
29257,tuesday-labs,Winter 2024,W24,2024,Consumer Electronics,child
29310,tusk,Winter 2024,W24,2024,B2B,top
29310,tusk,Winter 2024,W24,2024,"Engineering, Product and Design",child
29231,ubicloud,Winter 2024,W24,2024,B2B,top
29231,ubicloud,Winter 2024,W24,2024,Infrastructure,child
29182,upsolve-ai,Winter 2024,W24,2024,B2B,top
29182,upsolve-ai,Winter 2024,W24,2024,Analytics,child
29454,veles,Winter 2024,W24,2024,B2B,top
29454,veles,Winter 2024,W24,2024,Sales,child
29429,velorum-therapeutics,Winter 2024,W24,2024,Healthcare,top
29429,velorum-therapeutics,Winter 2024,W24,2024,Therapeutics,child
29302,verse-therapy,Winter 2024,W24,2024,Healthcare,top
29302,verse-therapy,Winter 2024,W24,2024,Healthcare IT,child
29347,vibrant-labs,Winter 2024,W24,2024,B2B,top
29347,vibrant-labs,Winter 2024,W24,2024,Infrastructure,child
29444,vista-power,Winter 2024,W24,2024,Industrials,top
29444,vista-power,Winter 2024,W24,2024,Energy,child
29393,voicepanel,Winter 2024,W24,2024,B2B,top
29393,voicepanel,Winter 2024,W24,2024,Analytics,child
29496,voxops-ai,Winter 2024,W24,2024,B2B,top
29283,wavelength,Winter 2024,W24,2024,B2B,top
29283,wavelength,Winter 2024,W24,2024,Operations,child
29378,whip,Winter 2024,W24,2024,Consumer,top
29378,whip,Winter 2024,W24,2024,Social,child
29361,wuri,Winter 2024,W24,2024,Consumer,top
29361,wuri,Winter 2024,W24,2024,Content,child
29510,yarn-2,Winter 2024,W24,2024,B2B,top
28965,yenmo,Winter 2024,W24,2024,Fintech,top
28965,yenmo,Winter 2024,W24,2024,Credit and Lending,child
29402,yondu,Winter 2024,W24,2024,Industrials,top
29402,yondu,Winter 2024,W24,2024,Manufacturing and Robotics,child
29304,yoneda-labs,Winter 2024,W24,2024,B2B,top
29323,zaymo,Winter 2024,W24,2024,B2B,top
29323,zaymo,Winter 2024,W24,2024,Marketing,child
29425,zep-ai,Winter 2024,W24,2024,B2B,top
29308,atopile,Winter 2024,W24,2024,B2B,top
29308,atopile,Winter 2024,W24,2024,"Engineering, Product and Design",child
29439,camelai,Winter 2024,W24,2024,B2B,top
29439,camelai,Winter 2024,W24,2024,"Engineering, Product and Design",child
29354,crmcopilot,Winter 2024,W24,2024,B2B,top
29354,crmcopilot,Winter 2024,W24,2024,Sales,child
29205,ego,Winter 2024,W24,2024,Consumer,top
29400,floatingpoint,Winter 2024,W24,2024,B2B,top
29239,ion-design,Winter 2024,W24,2024,B2B,top
29239,ion-design,Winter 2024,W24,2024,"Engineering, Product and Design",child
29507,kater-ai,Winter 2024,W24,2024,B2B,top
29507,kater-ai,Winter 2024,W24,2024,Analytics,child
29261,malibou,Winter 2024,W24,2024,B2B,top
29261,malibou,Winter 2024,W24,2024,Human Resources,child
29266,ncompass-technologies,Winter 2024,W24,2024,B2B,top
29266,ncompass-technologies,Winter 2024,W24,2024,"Engineering, Product and Design",child
29502,renderlet,Winter 2024,W24,2024,B2B,top
29502,renderlet,Winter 2024,W24,2024,"Engineering, Product and Design",child
29346,sync-2,Winter 2024,W24,2024,B2B,top
29448,xpay,Winter 2024,W24,2024,Fintech,top
29448,xpay,Winter 2024,W24,2024,Payments,child
29798,ai-2,Summer 2024,S24,2024,B2B,top
29798,ai-2,Summer 2024,S24,2024,Legal,child
29733,1849-bio,Summer 2024,S24,2024,Industrials,top
29406,acx,Summer 2024,S24,2024,Healthcare,top
29406,acx,Summer 2024,S24,2024,Industrial Bio,child
29558,abel-police,Summer 2024,S24,2024,Government,top
29972,affil-ai,Summer 2024,S24,2024,B2B,top
29972,affil-ai,Summer 2024,S24,2024,Marketing,child
29723,aluna,Summer 2024,S24,2024,B2B,top
29723,aluna,Summer 2024,S24,2024,"Engineering, Product and Design",child
29694,aminoanalytica,Summer 2024,S24,2024,Healthcare,top
29694,aminoanalytica,Summer 2024,S24,2024,Diagnostics,child
29738,anara,Summer 2024,S24,2024,B2B,top
29738,anara,Summer 2024,S24,2024,Productivity,child
29957,anglera,Summer 2024,S24,2024,B2B,top
29957,anglera,Summer 2024,S24,2024,Retail,child
29713,anthrogen,Summer 2024,S24,2024,Healthcare,top
29571,apten,Summer 2024,S24,2024,B2B,top
29571,apten,Summer 2024,S24,2024,Marketing,child
29680,ares-industries,Summer 2024,S24,2024,Industrials,top
29680,ares-industries,Summer 2024,S24,2024,Aviation and Space,child
29813,argil,Summer 2024,S24,2024,Consumer,top
29973,arva-ai,Summer 2024,S24,2024,B2B,top
29824,assembly-hoa,Summer 2024,S24,2024,Real Estate and Construction,top
29824,assembly-hoa,Summer 2024,S24,2024,Housing and Real Estate,child
29698,autopallet-robotics,Summer 2024,S24,2024,Industrials,top
29698,autopallet-robotics,Summer 2024,S24,2024,Manufacturing and Robotics,child
29753,autumn-labs,Summer 2024,S24,2024,Industrials,top
29753,autumn-labs,Summer 2024,S24,2024,Manufacturing and Robotics,child
29657,azalea-robotics-corporation,Summer 2024,S24,2024,Industrials,top
29657,azalea-robotics-corporation,Summer 2024,S24,2024,Manufacturing and Robotics,child
29794,baseline-ai,Summer 2024,S24,2024,Healthcare,top
29794,baseline-ai,Summer 2024,S24,2024,Healthcare IT,child
29636,bayesline,Summer 2024,S24,2024,Fintech,top
29636,bayesline,Summer 2024,S24,2024,Asset Management,child
29758,beebettor,Summer 2024,S24,2024,Consumer,top
29758,beebettor,Summer 2024,S24,2024,Gaming,child
29712,benchify,Summer 2024,S24,2024,B2B,top
29749,biocartesian,Summer 2024,S24,2024,Healthcare,top
29749,biocartesian,Summer 2024,S24,2024,Drug Discovery and Delivery,child
29982,bits-to-atoms,Summer 2024,S24,2024,Consumer,top
29982,bits-to-atoms,Summer 2024,S24,2024,Job and Career Services,child
29840,blaze-2,Summer 2024,S24,2024,Fintech,top
29840,blaze-2,Summer 2024,S24,2024,Payments,child
29810,bluedoor,Summer 2024,S24,2024,B2B,top
29810,bluedoor,Summer 2024,S24,2024,Infrastructure,child
29775,brighterway,Summer 2024,S24,2024,Healthcare,top
29775,brighterway,Summer 2024,S24,2024,Healthcare IT,child
29955,browseros,Summer 2024,S24,2024,Consumer,top
29847,bucket-robotics,Summer 2024,S24,2024,Industrials,top
29847,bucket-robotics,Summer 2024,S24,2024,Manufacturing and Robotics,child
29639,callback,Summer 2024,S24,2024,B2B,top
29639,callback,Summer 2024,S24,2024,Operations,child
29963,capitol-ai,Summer 2024,S24,2024,B2B,top
29963,capitol-ai,Summer 2024,S24,2024,Productivity,child
29791,cartage,Summer 2024,S24,2024,B2B,top
29791,cartage,Summer 2024,S24,2024,Supply Chain and Logistics,child
29327,central,Summer 2024,S24,2024,B2B,top
29327,central,Summer 2024,S24,2024,Human Resources,child
29781,cerulion,Summer 2024,S24,2024,B2B,top
29781,cerulion,Summer 2024,S24,2024,"Engineering, Product and Design",child
29582,cheers,Summer 2024,S24,2024,B2B,top
29613,claimsorted,Summer 2024,S24,2024,Fintech,top
29613,claimsorted,Summer 2024,S24,2024,Insurance,child
29729,clearly-ai,Summer 2024,S24,2024,B2B,top
29729,clearly-ai,Summer 2024,S24,2024,Security,child
29665,cloudglue,Summer 2024,S24,2024,B2B,top
29683,codeviz,Summer 2024,S24,2024,B2B,top
29683,codeviz,Summer 2024,S24,2024,Productivity,child
29627,codes-health,Summer 2024,S24,2024,B2B,top
29596,comfy-deploy,Summer 2024,S24,2024,B2B,top
29596,comfy-deploy,Summer 2024,S24,2024,"Engineering, Product and Design",child
29989,conductor,Summer 2024,S24,2024,B2B,top
29989,conductor,Summer 2024,S24,2024,"Engineering, Product and Design",child
29754,conductor-quantum,Summer 2024,S24,2024,Industrials,top
29717,conveo,Summer 2024,S24,2024,B2B,top
29646,corgi-insurance,Summer 2024,S24,2024,Fintech,top
29646,corgi-insurance,Summer 2024,S24,2024,Insurance,child
29524,coval,Summer 2024,S24,2024,B2B,top
29524,coval,Summer 2024,S24,2024,"Engineering, Product and Design",child
29716,creativemode,Summer 2024,S24,2024,Consumer,top
29716,creativemode,Summer 2024,S24,2024,Gaming,child
29807,dataleap,Summer 2024,S24,2024,B2B,top
29759,david-ai,Summer 2024,S24,2024,B2B,top
29852,dayflow,Summer 2024,S24,2024,Consumer,top
29655,decisional-ai,Summer 2024,S24,2024,B2B,top
29672,deepsim-inc,Summer 2024,S24,2024,B2B,top
29672,deepsim-inc,Summer 2024,S24,2024,"Engineering, Product and Design",child
29695,dench-com,Summer 2024,S24,2024,B2B,top
29695,dench-com,Summer 2024,S24,2024,Productivity,child
29635,digitalcarbon,Summer 2024,S24,2024,B2B,top
29741,dimely,Summer 2024,S24,2024,B2B,top
29741,dimely,Summer 2024,S24,2024,Finance and Accounting,child
29851,diode-computers-inc,Summer 2024,S24,2024,B2B,top
29851,diode-computers-inc,Summer 2024,S24,2024,"Engineering, Product and Design",child
29761,distro,Summer 2024,S24,2024,B2B,top
29761,distro,Summer 2024,S24,2024,Supply Chain and Logistics,child
29679,dodo,Summer 2024,S24,2024,Healthcare,top
29679,dodo,Summer 2024,S24,2024,Healthcare IT,child
29572,domu-technology-inc,Summer 2024,S24,2024,B2B,top
29572,domu-technology-inc,Summer 2024,S24,2024,"Engineering, Product and Design",child
29575,doublezero,Summer 2024,S24,2024,B2B,top
29575,doublezero,Summer 2024,S24,2024,"Engineering, Product and Design",child
29828,draft-the-record,Summer 2024,S24,2024,B2B,top
29828,draft-the-record,Summer 2024,S24,2024,Legal,child
29990,dreamrp,Summer 2024,S24,2024,Consumer,top
29746,drillbit,Summer 2024,S24,2024,B2B,top
29746,drillbit,Summer 2024,S24,2024,Operations,child
29605,educato,Summer 2024,S24,2024,Education,top
29841,elayne,Summer 2024,S24,2024,Fintech,top
29676,elevate-2,Summer 2024,S24,2024,B2B,top
29768,ember-robotics,Summer 2024,S24,2024,Industrials,top
29768,ember-robotics,Summer 2024,S24,2024,Manufacturing and Robotics,child
29765,emergent,Summer 2024,S24,2024,Consumer,top
29623,entangl,Summer 2024,S24,2024,B2B,top
29623,entangl,Summer 2024,S24,2024,"Engineering, Product and Design",child
29818,entropy,Summer 2024,S24,2024,Healthcare,top
29475,evolvere-biosciences,Summer 2024,S24,2024,Healthcare,top
29475,evolvere-biosciences,Summer 2024,S24,2024,Therapeutics,child
29735,finny-ai,Summer 2024,S24,2024,Fintech,top
29735,finny-ai,Summer 2024,S24,2024,Asset Management,child
29711,fazeshift,Summer 2024,S24,2024,B2B,top
29711,fazeshift,Summer 2024,S24,2024,Finance and Accounting,child
29952,ficra,Summer 2024,S24,2024,B2B,top
29796,finosu,Summer 2024,S24,2024,Fintech,top
29796,finosu,Summer 2024,S24,2024,Credit and Lending,child
29651,firstwork,Summer 2024,S24,2024,B2B,top
29651,firstwork,Summer 2024,S24,2024,Human Resources,child
29637,flyflow,Summer 2024,S24,2024,B2B,top
29637,flyflow,Summer 2024,S24,2024,Sales,child
29965,formula-insight,Summer 2024,S24,2024,B2B,top
29976,freestyle,Summer 2024,S24,2024,B2B,top
29976,freestyle,Summer 2024,S24,2024,Infrastructure,child
29349,fuse-2,Summer 2024,S24,2024,Healthcare,top
29693,gauge,Summer 2024,S24,2024,B2B,top
29693,gauge,Summer 2024,S24,2024,Marketing,child
29586,glasskube,Summer 2024,S24,2024,B2B,top
29586,glasskube,Summer 2024,S24,2024,Infrastructure,child
29783,guardian-rf,Summer 2024,S24,2024,Industrials,top
29783,guardian-rf,Summer 2024,S24,2024,Drones,child
29610,hamming-ai,Summer 2024,S24,2024,B2B,top
29610,hamming-ai,Summer 2024,S24,2024,"Engineering, Product and Design",child
29805,handled,Summer 2024,S24,2024,B2B,top
29805,handled,Summer 2024,S24,2024,Retail,child
29797,haystackeditor,Summer 2024,S24,2024,B2B,top
29797,haystackeditor,Summer 2024,S24,2024,"Engineering, Product and Design",child
29799,helium,Summer 2024,S24,2024,B2B,top
29799,helium,Summer 2024,S24,2024,"Engineering, Product and Design",child
29954,henry-2,Summer 2024,S24,2024,Real Estate and Construction,top
29800,heroui,Summer 2024,S24,2024,B2B,top
29800,heroui,Summer 2024,S24,2024,"Engineering, Product and Design",child
29737,hestus-inc,Summer 2024,S24,2024,B2B,top
29737,hestus-inc,Summer 2024,S24,2024,"Engineering, Product and Design",child
29642,hexclave,Summer 2024,S24,2024,B2B,top
29642,hexclave,Summer 2024,S24,2024,"Engineering, Product and Design",child
29953,hey-revia,Summer 2024,S24,2024,B2B,top
29660,hyrex,Summer 2024,S24,2024,B2B,top
29660,hyrex,Summer 2024,S24,2024,"Engineering, Product and Design",child
29770,intryc,Summer 2024,S24,2024,B2B,top
29770,intryc,Summer 2024,S24,2024,Operations,child
29641,invaria,Summer 2024,S24,2024,B2B,top
29641,invaria,Summer 2024,S24,2024,"Engineering, Product and Design",child
29803,ionworks,Summer 2024,S24,2024,Industrials,top
29803,ionworks,Summer 2024,S24,2024,Energy,child
29715,kastle,Summer 2024,S24,2024,B2B,top
29854,keet,Summer 2024,S24,2024,Consumer,top
29690,kenley,Summer 2024,S24,2024,B2B,top
29690,kenley,Summer 2024,S24,2024,Productivity,child
29820,kontigo,Summer 2024,S24,2024,Fintech,top
29820,kontigo,Summer 2024,S24,2024,Banking and Exchange,child
29714,kopra-bio,Summer 2024,S24,2024,Healthcare,top
29714,kopra-bio,Summer 2024,S24,2024,Therapeutics,child
29766,kura-ai,Summer 2024,S24,2024,B2B,top
29782,laminar,Summer 2024,S24,2024,B2B,top
29782,laminar,Summer 2024,S24,2024,"Engineering, Product and Design",child
29702,ledgerup,Summer 2024,S24,2024,B2B,top
29702,ledgerup,Summer 2024,S24,2024,Finance and Accounting,child
29705,lighthouz-ai,Summer 2024,S24,2024,B2B,top
29412,ligo-biosciences,Summer 2024,S24,2024,Healthcare,top
29412,ligo-biosciences,Summer 2024,S24,2024,Industrial Bio,child
29787,lilac-labs,Summer 2024,S24,2024,B2B,top
29685,joinlore,Summer 2024,S24,2024,B2B,top
29678,lucible,Summer 2024,S24,2024,B2B,top
29678,lucible,Summer 2024,S24,2024,Operations,child
29760,mage-legal,Summer 2024,S24,2024,B2B,top
29760,mage-legal,Summer 2024,S24,2024,Legal,child
29736,magicode,Summer 2024,S24,2024,B2B,top
29736,magicode,Summer 2024,S24,2024,"Engineering, Product and Design",child
29647,maitai,Summer 2024,S24,2024,B2B,top
29647,maitai,Summer 2024,S24,2024,"Engineering, Product and Design",child
29585,mem0,Summer 2024,S24,2024,B2B,top
29585,mem0,Summer 2024,S24,2024,Infrastructure,child
29977,merlin-ai,Summer 2024,S24,2024,B2B,top
29966,mica-ai,Summer 2024,S24,2024,B2B,top
29966,mica-ai,Summer 2024,S24,2024,Operations,child
29980,midship,Summer 2024,S24,2024,B2B,top
29980,midship,Summer 2024,S24,2024,Finance and Accounting,child
29774,mineflow,Summer 2024,S24,2024,Industrials,top
29687,minusx,Summer 2024,S24,2024,B2B,top
29687,minusx,Summer 2024,S24,2024,Analytics,child
29569,miru-ml,Summer 2024,S24,2024,B2B,top
29569,miru-ml,Summer 2024,S24,2024,Infrastructure,child
29706,mito-health,Summer 2024,S24,2024,Healthcare,top
29706,mito-health,Summer 2024,S24,2024,Consumer Health and Wellness,child
29704,modus,Summer 2024,S24,2024,B2B,top
29829,moreta,Summer 2024,S24,2024,Fintech,top
29829,moreta,Summer 2024,S24,2024,Payments,child
29663,networkocean,Summer 2024,S24,2024,Industrials,top
29663,networkocean,Summer 2024,S24,2024,Climate,child
29853,no-logo,Summer 2024,S24,2024,B2B,top
29853,no-logo,Summer 2024,S24,2024,Supply Chain and Logistics,child
29795,odo,Summer 2024,S24,2024,B2B,top
29675,offstream,Summer 2024,S24,2024,B2B,top
29724,ontra-mobility,Summer 2024,S24,2024,Government,top
29751,opslane,Summer 2024,S24,2024,B2B,top
29751,opslane,Summer 2024,S24,2024,Infrastructure,child
29826,orca-client,Summer 2024,S24,2024,Consumer,top
29969,orgorg,Summer 2024,S24,2024,B2B,top
29969,orgorg,Summer 2024,S24,2024,Productivity,child
29992,outerport,Summer 2024,S24,2024,B2B,top
29992,outerport,Summer 2024,S24,2024,"Engineering, Product and Design",child
29387,overeasy,Summer 2024,S24,2024,B2B,top
29964,overlap,Summer 2024,S24,2024,Consumer,top
29964,overlap,Summer 2024,S24,2024,Content,child
29844,oway,Summer 2024,S24,2024,B2B,top
29844,oway,Summer 2024,S24,2024,Infrastructure,child
29789,paasa,Summer 2024,S24,2024,Fintech,top
29789,paasa,Summer 2024,S24,2024,Asset Management,child
29786,palmier,Summer 2024,S24,2024,Consumer,top
29786,palmier,Summer 2024,S24,2024,Content,child
29721,panora,Summer 2024,S24,2024,B2B,top
29684,parahelp,Summer 2024,S24,2024,B2B,top
29684,parahelp,Summer 2024,S24,2024,Operations,child
29772,parley,Summer 2024,S24,2024,B2B,top
29772,parley,Summer 2024,S24,2024,Legal,child
29968,patched,Summer 2024,S24,2024,B2B,top
29968,patched,Summer 2024,S24,2024,Productivity,child
29983,pathpilot,Summer 2024,S24,2024,B2B,top
29755,pax,Summer 2024,S24,2024,B2B,top
29755,pax,Summer 2024,S24,2024,Supply Chain and Logistics,child
29857,pharos,Summer 2024,S24,2024,Healthcare,top
29857,pharos,Summer 2024,S24,2024,Healthcare IT,child
29645,phonely,Summer 2024,S24,2024,B2B,top
29769,pinnacle,Summer 2024,S24,2024,B2B,top
29769,pinnacle,Summer 2024,S24,2024,"Engineering, Product and Design",child
29950,pipeshift,Summer 2024,S24,2024,B2B,top
29950,pipeshift,Summer 2024,S24,2024,Infrastructure,child
29739,planbase,Summer 2024,S24,2024,Healthcare,top
29739,planbase,Summer 2024,S24,2024,Healthcare IT,child
29701,plume,Summer 2024,S24,2024,Industrials,top
29701,plume,Summer 2024,S24,2024,Climate,child
29251,poka-labs,Summer 2024,S24,2024,B2B,top
29251,poka-labs,Summer 2024,S24,2024,Supply Chain and Logistics,child
29821,polymet,Summer 2024,S24,2024,B2B,top
29821,polymet,Summer 2024,S24,2024,"Engineering, Product and Design",child
29778,praxos,Summer 2024,S24,2024,B2B,top
29608,pre,Summer 2024,S24,2024,B2B,top
29608,pre,Summer 2024,S24,2024,Operations,child
29780,presti-ai,Summer 2024,S24,2024,B2B,top
29780,presti-ai,Summer 2024,S24,2024,Retail,child
29607,prohostai,Summer 2024,S24,2024,B2B,top
29725,promi,Summer 2024,S24,2024,B2B,top
29725,promi,Summer 2024,S24,2024,"Engineering, Product and Design",child
29815,propaya,Summer 2024,S24,2024,Real Estate and Construction,top
29815,propaya,Summer 2024,S24,2024,Housing and Real Estate,child
29668,proxis,Summer 2024,S24,2024,B2B,top
29699,pulse-3,Summer 2024,S24,2024,B2B,top
29699,pulse-3,Summer 2024,S24,2024,Infrastructure,child
29833,quetzal,Summer 2024,S24,2024,B2B,top
29833,quetzal,Summer 2024,S24,2024,"Engineering, Product and Design",child
29634,random-labs,Summer 2024,S24,2024,B2B,top
29634,random-labs,Summer 2024,S24,2024,"Engineering, Product and Design",child
29834,rastro,Summer 2024,S24,2024,B2B,top
29834,rastro,Summer 2024,S24,2024,Retail,child
29732,reactwise,Summer 2024,S24,2024,B2B,top
29732,reactwise,Summer 2024,S24,2024,"Engineering, Product and Design",child
29740,redouble-ai,Summer 2024,S24,2024,B2B,top
29788,refactor,Summer 2024,S24,2024,B2B,top
29762,remade,Summer 2024,S24,2024,Consumer,top
29762,remade,Summer 2024,S24,2024,Content,child
29837,rentflow,Summer 2024,S24,2024,B2B,top
29801,rescript,Summer 2024,S24,2024,B2B,top
29801,rescript,Summer 2024,S24,2024,Legal,child
29658,retrofix,Summer 2024,S24,2024,B2B,top
29667,rewbi,Summer 2024,S24,2024,Industrials,top
29667,rewbi,Summer 2024,S24,2024,Energy,child
29793,riskangle,Summer 2024,S24,2024,B2B,top
29568,roger-2,Summer 2024,S24,2024,B2B,top
29568,roger-2,Summer 2024,S24,2024,Sales,child
29951,rowboat-labs,Summer 2024,S24,2024,Consumer,top
29682,runlocal-ai,Summer 2024,S24,2024,B2B,top
29682,runlocal-ai,Summer 2024,S24,2024,"Engineering, Product and Design",child
29643,sagecare,Summer 2024,S24,2024,Healthcare,top
29643,sagecare,Summer 2024,S24,2024,Healthcare IT,child
29848,saldor,Summer 2024,S24,2024,B2B,top
29848,saldor,Summer 2024,S24,2024,Supply Chain and Logistics,child
29588,saphira-ai,Summer 2024,S24,2024,B2B,top
29588,saphira-ai,Summer 2024,S24,2024,"Engineering, Product and Design",child
29730,saturn,Summer 2024,S24,2024,Fintech,top
29671,scape,Summer 2024,S24,2024,B2B,top
29671,scape,Summer 2024,S24,2024,Productivity,child
29776,schemeflow,Summer 2024,S24,2024,Real Estate and Construction,top
29748,seals-ai,Summer 2024,S24,2024,B2B,top
29784,sensei,Summer 2024,S24,2024,Industrials,top
29784,sensei,Summer 2024,S24,2024,Manufacturing and Robotics,child
29825,sepal-ai,Summer 2024,S24,2024,B2B,top
29745,sharpe,Summer 2024,S24,2024,B2B,top
29745,sharpe,Summer 2024,S24,2024,Analytics,child
29661,silurian,Summer 2024,S24,2024,Industrials,top
29661,silurian,Summer 2024,S24,2024,Climate,child
29978,simcare,Summer 2024,S24,2024,Healthcare,top
29785,simple-ai,Summer 2024,S24,2024,B2B,top
29785,simple-ai,Summer 2024,S24,2024,Sales,child
29296,simplex,Summer 2024,S24,2024,B2B,top
29296,simplex,Summer 2024,S24,2024,"Engineering, Product and Design",child
29773,soff,Summer 2024,S24,2024,B2B,top
29773,soff,Summer 2024,S24,2024,Supply Chain and Logistics,child
29792,sonatoria,Summer 2024,S24,2024,B2B,top
29650,sorcerer,Summer 2024,S24,2024,Industrials,top
29650,sorcerer,Summer 2024,S24,2024,Climate,child
29597,spaceium-inc,Summer 2024,S24,2024,Industrials,top
29597,spaceium-inc,Summer 2024,S24,2024,Aviation and Space,child
29570,spherecast,Summer 2024,S24,2024,B2B,top
29570,spherecast,Summer 2024,S24,2024,Supply Chain and Logistics,child
29474,spur,Summer 2024,S24,2024,B2B,top
29474,spur,Summer 2024,S24,2024,"Engineering, Product and Design",child
29808,starcloud,Summer 2024,S24,2024,Industrials,top
29808,starcloud,Summer 2024,S24,2024,Aviation and Space,child
29654,stardrift,Summer 2024,S24,2024,Consumer,top
29654,stardrift,Summer 2024,S24,2024,"Travel, Leisure and Tourism",child
29756,stempad,Summer 2024,S24,2024,B2B,top
29756,stempad,Summer 2024,S24,2024,Productivity,child
29673,storia-ai,Summer 2024,S24,2024,B2B,top
29673,storia-ai,Summer 2024,S24,2024,"Engineering, Product and Design",child
29709,substrate,Summer 2024,S24,2024,B2B,top
29574,superunit,Summer 2024,S24,2024,B2B,top
29574,superunit,Summer 2024,S24,2024,Operations,child
29850,surebright,Summer 2024,S24,2024,B2B,top
29850,surebright,Summer 2024,S24,2024,Retail,child
29591,synnax,Summer 2024,S24,2024,B2B,top
29591,synnax,Summer 2024,S24,2024,Infrastructure,child
29987,syntra,Summer 2024,S24,2024,Healthcare,top
29987,syntra,Summer 2024,S24,2024,Healthcare IT,child
29640,tabula,Summer 2024,S24,2024,B2B,top
29640,tabula,Summer 2024,S24,2024,Finance and Accounting,child
29691,tandem-2,Summer 2024,S24,2024,B2B,top
29691,tandem-2,Summer 2024,S24,2024,Office Management,child
29710,taxgpt,Summer 2024,S24,2024,B2B,top
29710,taxgpt,Summer 2024,S24,2024,Finance and Accounting,child
29779,the-forecasting-company,Summer 2024,S24,2024,B2B,top
29708,the-synthesis-company,Summer 2024,S24,2024,B2B,top
29708,the-synthesis-company,Summer 2024,S24,2024,"Engineering, Product and Design",child
29589,theseus,Summer 2024,S24,2024,Industrials,top
29589,theseus,Summer 2024,S24,2024,Drones,child
29767,thunder-compute,Summer 2024,S24,2024,B2B,top
29767,thunder-compute,Summer 2024,S24,2024,Infrastructure,child
29804,thyme,Summer 2024,S24,2024,B2B,top
29804,thyme,Summer 2024,S24,2024,Finance and Accounting,child
29689,tivara,Summer 2024,S24,2024,Healthcare,top
29836,tradeflow,Summer 2024,S24,2024,Fintech,top
29830,typa,Summer 2024,S24,2024,B2B,top
29830,typa,Summer 2024,S24,2024,Marketing,child
29557,ultra,Summer 2024,S24,2024,Industrials,top
29557,ultra,Summer 2024,S24,2024,Manufacturing and Robotics,child
29659,unbound,Summer 2024,S24,2024,B2B,top
29659,unbound,Summer 2024,S24,2024,Security,child
29573,undermind,Summer 2024,S24,2024,B2B,top
29579,understood-care,Summer 2024,S24,2024,Healthcare,top
29633,unsloth-ai,Summer 2024,S24,2024,B2B,top
29633,unsloth-ai,Summer 2024,S24,2024,"Engineering, Product and Design",child
29849,usul,Summer 2024,S24,2024,Government,top
29814,vendra,Summer 2024,S24,2024,Industrials,top
29814,vendra,Summer 2024,S24,2024,Manufacturing and Robotics,child
29858,vera-health,Summer 2024,S24,2024,Healthcare,top
29858,vera-health,Summer 2024,S24,2024,Healthcare Services,child
29734,vibe,Summer 2024,S24,2024,B2B,top
29734,vibe,Summer 2024,S24,2024,"Engineering, Product and Design",child
29644,videogen,Summer 2024,S24,2024,B2B,top
29967,village-labs,Summer 2024,S24,2024,B2B,top
29967,village-labs,Summer 2024,S24,2024,Human Resources,child
29960,void,Summer 2024,S24,2024,B2B,top
29960,void,Summer 2024,S24,2024,"Engineering, Product and Design",child
29835,voker,Summer 2024,S24,2024,B2B,top
29835,voker,Summer 2024,S24,2024,"Engineering, Product and Design",child
29692,weave-robotics,Summer 2024,S24,2024,Industrials,top
29692,weave-robotics,Summer 2024,S24,2024,Manufacturing and Robotics,child
29819,weel,Summer 2024,S24,2024,Consumer,top
29819,weel,Summer 2024,S24,2024,Transportation Services,child
29649,wordware,Summer 2024,S24,2024,Consumer,top
29956,xtraffic,Summer 2024,S24,2024,Government,top
29764,zeit-ai,Summer 2024,S24,2024,B2B,top
29764,zeit-ai,Summer 2024,S24,2024,Analytics,child
29812,zeropath,Summer 2024,S24,2024,B2B,top
29812,zeropath,Summer 2024,S24,2024,Security,child
29777,zettascale,Summer 2024,S24,2024,Industrials,top
29731,zoa-research,Summer 2024,S24,2024,B2B,top
29670,zuni,Summer 2024,S24,2024,B2B,top
29670,zuni,Summer 2024,S24,2024,Productivity,child
29823,autarc,Summer 2024,S24,2024,B2B,top
29688,camfer,Summer 2024,S24,2024,B2B,top
29688,camfer,Summer 2024,S24,2024,"Engineering, Product and Design",child
29719,cmux,Summer 2024,S24,2024,B2B,top
29703,d_model,Summer 2024,S24,2024,B2B,top
29703,d_model,Summer 2024,S24,2024,"Engineering, Product and Design",child
29747,deepsilicon,Summer 2024,S24,2024,Industrials,top
29856,et-al,Summer 2024,S24,2024,Consumer,top
29728,expand-ai,Summer 2024,S24,2024,B2B,top
29653,ideate-xyz,Summer 2024,S24,2024,B2B,top
29653,ideate-xyz,Summer 2024,S24,2024,"Engineering, Product and Design",child
29611,mdhub,Summer 2024,S24,2024,Healthcare,top
29822,omnidock,Summer 2024,S24,2024,B2B,top
29822,omnidock,Summer 2024,S24,2024,Operations,child
29839,pap,Summer 2024,S24,2024,Consumer,top
29750,winfunc,Summer 2024,S24,2024,B2B,top
29750,winfunc,Summer 2024,S24,2024,Security,child
29532,angstrom-ai,Summer 2024,S24,2024,Healthcare,top
29532,angstrom-ai,Summer 2024,S24,2024,Drug Discovery and Delivery,child
30078,abundant,Fall 2024,F24,2024,B2B,top
30037,afternoon-co,Fall 2024,F24,2024,B2B,top
30037,afternoon-co,Fall 2024,F24,2024,Finance and Accounting,child
30100,alex,Fall 2024,F24,2024,B2B,top
30100,alex,Fall 2024,F24,2024,"Engineering, Product and Design",child
30130,apolink,Fall 2024,F24,2024,Industrials,top
30130,apolink,Fall 2024,F24,2024,Aviation and Space,child
30105,archilabs,Fall 2024,F24,2024,Real Estate and Construction,top
30105,archilabs,Fall 2024,F24,2024,Construction,child
30045,archil,Fall 2024,F24,2024,B2B,top
30045,archil,Fall 2024,F24,2024,Infrastructure,child
30131,asha-health,Fall 2024,F24,2024,Healthcare,top
30077,autocomputer,Fall 2024,F24,2024,B2B,top
30019,avora,Fall 2024,F24,2024,Healthcare,top
30067,beglaubigtde,Fall 2024,F24,2024,B2B,top
30067,beglaubigtde,Fall 2024,F24,2024,Legal,child
30054,ctgt,Fall 2024,F24,2024,B2B,top
30054,ctgt,Fall 2024,F24,2024,Infrastructure,child
30030,candle,Fall 2024,F24,2024,Consumer,top
30119,canvas,Fall 2024,F24,2024,B2B,top
30096,capy,Fall 2024,F24,2024,B2B,top
30096,capy,Fall 2024,F24,2024,"Engineering, Product and Design",child
30124,careforce,Fall 2024,F24,2024,Healthcare,top
30124,careforce,Fall 2024,F24,2024,Healthcare IT,child
30046,cekura-ai,Fall 2024,F24,2024,B2B,top
30046,cekura-ai,Fall 2024,F24,2024,"Engineering, Product and Design",child
30065,withcharm,Fall 2024,F24,2024,Consumer,top
30065,withcharm,Fall 2024,F24,2024,Social,child
30014,clarus,Fall 2024,F24,2024,B2B,top
30014,clarus,Fall 2024,F24,2024,"Engineering, Product and Design",child
30091,collectwise,Fall 2024,F24,2024,Fintech,top
30095,consus,Fall 2024,F24,2024,Industrials,top
30095,consus,Fall 2024,F24,2024,Aviation and Space,child
30024,crouton,Fall 2024,F24,2024,B2B,top
30024,crouton,Fall 2024,F24,2024,Operations,child
30076,crustdata,Fall 2024,F24,2024,B2B,top
30076,crustdata,Fall 2024,F24,2024,Sales,child
30083,curo,Fall 2024,F24,2024,Industrials,top
30083,curo,Fall 2024,F24,2024,Automotive,child
30032,darkgrade,Fall 2024,F24,2024,B2B,top
30032,darkgrade,Fall 2024,F24,2024,Infrastructure,child
30080,dexter,Fall 2024,F24,2024,B2B,top
30080,dexter,Fall 2024,F24,2024,Finance and Accounting,child
30102,diffusion-studio,Fall 2024,F24,2024,Consumer,top
30102,diffusion-studio,Fall 2024,F24,2024,Content,child
30027,durate,Fall 2024,F24,2024,Healthcare,top
30027,durate,Fall 2024,F24,2024,Healthcare IT,child
30118,ember,Fall 2024,F24,2024,Healthcare,top
30047,endstack,Fall 2024,F24,2024,B2B,top
30110,forerunner-ai,Fall 2024,F24,2024,Industrials,top
30110,forerunner-ai,Fall 2024,F24,2024,Aviation and Space,child
30063,freebuff,Fall 2024,F24,2024,B2B,top
30063,freebuff,Fall 2024,F24,2024,"Engineering, Product and Design",child
30116,freestyle-ai,Fall 2024,F24,2024,Consumer,top
30089,fresco,Fall 2024,F24,2024,Real Estate and Construction,top
30089,fresco,Fall 2024,F24,2024,Construction,child
30109,futureclinic,Fall 2024,F24,2024,Healthcare,top
30028,gait,Fall 2024,F24,2024,B2B,top
30018,galini,Fall 2024,F24,2024,B2B,top
30099,gander,Fall 2024,F24,2024,B2B,top
30099,gander,Fall 2024,F24,2024,Operations,child
30087,gecko-security,Fall 2024,F24,2024,B2B,top
30087,gecko-security,Fall 2024,F24,2024,Security,child
30053,general-learning,Fall 2024,F24,2024,Education,top
30031,getcho,Fall 2024,F24,2024,B2B,top
30031,getcho,Fall 2024,F24,2024,Supply Chain and Logistics,child
30064,hybrd,Fall 2024,F24,2024,Consumer,top
30034,healthspark,Fall 2024,F24,2024,Healthcare,top
30129,humanlayer,Fall 2024,F24,2024,B2B,top
30129,humanlayer,Fall 2024,F24,2024,"Engineering, Product and Design",child
30052,issen,Fall 2024,F24,2024,Consumer,top
30097,innate,Fall 2024,F24,2024,Consumer,top
30097,innate,Fall 2024,F24,2024,Consumer Electronics,child
30062,karmen,Fall 2024,F24,2024,Real Estate and Construction,top
30062,karmen,Fall 2024,F24,2024,Construction,child
30056,keye,Fall 2024,F24,2024,Fintech,top
30101,kilvin,Fall 2024,F24,2024,B2B,top
30101,kilvin,Fall 2024,F24,2024,"Engineering, Product and Design",child
30115,laminar-com,Fall 2024,F24,2024,B2B,top
30038,lightscreen-ai,Fall 2024,F24,2024,B2B,top
30038,lightscreen-ai,Fall 2024,F24,2024,Recruiting and Talent,child
30060,lingodotdev,Fall 2024,F24,2024,B2B,top
30060,lingodotdev,Fall 2024,F24,2024,"Engineering, Product and Design",child
30127,loombotic,Fall 2024,F24,2024,Industrials,top
30127,loombotic,Fall 2024,F24,2024,Manufacturing and Robotics,child
30057,luthor,Fall 2024,F24,2024,B2B,top
30048,astrix-health,Fall 2024,F24,2024,Healthcare,top
30113,melder,Fall 2024,F24,2024,B2B,top
30113,melder,Fall 2024,F24,2024,Productivity,child
30103,metreecs,Fall 2024,F24,2024,B2B,top
30103,metreecs,Fall 2024,F24,2024,Retail,child
30029,moonset-health,Fall 2024,F24,2024,B2B,top
30029,moonset-health,Fall 2024,F24,2024,Sales,child
30079,moonshine,Fall 2024,F24,2024,B2B,top
30033,openbenchmarks,Fall 2024,F24,2024,B2B,top
30033,openbenchmarks,Fall 2024,F24,2024,Marketing,child
30090,origami-2,Fall 2024,F24,2024,B2B,top
30090,origami-2,Fall 2024,F24,2024,Sales,child
30073,pearson-labs,Fall 2024,F24,2024,B2B,top
30073,pearson-labs,Fall 2024,F24,2024,Legal,child
30088,permitportal,Fall 2024,F24,2024,Real Estate and Construction,top
30039,raycaster,Fall 2024,F24,2024,B2B,top
30039,raycaster,Fall 2024,F24,2024,Productivity,child
30117,relvy-ai,Fall 2024,F24,2024,B2B,top
30117,relvy-ai,Fall 2024,F24,2024,"Engineering, Product and Design",child
30049,reticular,Fall 2024,F24,2024,Healthcare,top
30049,reticular,Fall 2024,F24,2024,Consumer Health and Wellness,child
30104,revi,Fall 2024,F24,2024,B2B,top
30104,revi,Fall 2024,F24,2024,Sales,child
30041,revyl,Fall 2024,F24,2024,B2B,top
30041,revyl,Fall 2024,F24,2024,Infrastructure,child
30055,riskcube,Fall 2024,F24,2024,Fintech,top
30055,riskcube,Fall 2024,F24,2024,Insurance,child
30017,riveter,Fall 2024,F24,2024,B2B,top
30017,riveter,Fall 2024,F24,2024,"Engineering, Product and Design",child
30126,roundabout-technologies,Fall 2024,F24,2024,Government,top
30036,rulebase,Fall 2024,F24,2024,B2B,top
30036,rulebase,Fall 2024,F24,2024,Operations,child
30114,ryvn,Fall 2024,F24,2024,B2B,top
30114,ryvn,Fall 2024,F24,2024,Infrastructure,child
30044,sandra-ai,Fall 2024,F24,2024,B2B,top
30050,smooth,Fall 2024,F24,2024,B2B,top
30050,smooth,Fall 2024,F24,2024,"Engineering, Product and Design",child
30059,sphinx,Fall 2024,F24,2024,Fintech,top
30068,stewdio,Fall 2024,F24,2024,Consumer,top
30023,streamable,Fall 2024,F24,2024,Consumer,top
30108,struct-ai,Fall 2024,F24,2024,B2B,top
30108,struct-ai,Fall 2024,F24,2024,"Engineering, Product and Design",child
30106,sunset,Fall 2024,F24,2024,Fintech,top
30106,sunset,Fall 2024,F24,2024,Consumer Finance,child
30107,surge,Fall 2024,F24,2024,B2B,top
30107,surge,Fall 2024,F24,2024,"Engineering, Product and Design",child
30022,symphony,Fall 2024,F24,2024,B2B,top
30125,synth-3,Fall 2024,F24,2024,B2B,top
30125,synth-3,Fall 2024,F24,2024,Infrastructure,child
30075,tiny,Fall 2024,F24,2024,B2B,top
30066,unusual,Fall 2024,F24,2024,B2B,top
30066,unusual,Fall 2024,F24,2024,Marketing,child
29577,variant,Fall 2024,F24,2024,B2B,top
29577,variant,Fall 2024,F24,2024,"Engineering, Product and Design",child
30112,vaya,Fall 2024,F24,2024,Consumer,top
30112,vaya,Fall 2024,F24,2024,"Travel, Leisure and Tourism",child
30043,vespper,Fall 2024,F24,2024,B2B,top
30043,vespper,Fall 2024,F24,2024,Productivity,child
30042,vortexify,Fall 2024,F24,2024,B2B,top
30042,vortexify,Fall 2024,F24,2024,Operations,child
30016,zeroframe,Fall 2024,F24,2024,B2B,top
30051,attimet,Fall 2024,F24,2024,Fintech,top
30040,supercontrast,Fall 2024,F24,2024,B2B,top
30040,supercontrast,Fall 2024,F24,2024,"Engineering, Product and Design",child
30021,telli,Fall 2024,F24,2024,B2B,top
30074,vly-ai-2,Fall 2024,F24,2024,B2B,top
30074,vly-ai-2,Fall 2024,F24,2024,"Engineering, Product and Design",child
30111,x1,Fall 2024,F24,2024,Consumer,top
30250,10x,Winter 2025,W25,2025,Healthcare,top
30221,a1zap-by-a1base,Winter 2025,W25,2025,B2B,top
30221,a1zap-by-a1base,Winter 2025,W25,2025,"Engineering, Product and Design",child
30234,adam,Winter 2025,W25,2025,B2B,top
30234,adam,Winter 2025,W25,2025,"Engineering, Product and Design",child
30303,afterquery,Winter 2025,W25,2025,B2B,top
30303,afterquery,Winter 2025,W25,2025,Infrastructure,child
30278,agentin-ai,Winter 2025,W25,2025,B2B,top
30197,alice-tech,Winter 2025,W25,2025,Education,top
30222,altrina,Winter 2025,W25,2025,B2B,top
30222,altrina,Winter 2025,W25,2025,Productivity,child
30238,amby-health,Winter 2025,W25,2025,Healthcare,top
30238,amby-health,Winter 2025,W25,2025,Consumer Health and Wellness,child
30307,archon,Winter 2025,W25,2025,Government,top
30354,artifact-2,Winter 2025,W25,2025,B2B,top
30354,artifact-2,Winter 2025,W25,2025,"Engineering, Product and Design",child
30298,artificial-societies,Winter 2025,W25,2025,B2B,top
30259,asteroid,Winter 2025,W25,2025,B2B,top
30202,astro,Winter 2025,W25,2025,Industrials,top
30202,astro,Winter 2025,W25,2025,Energy,child
30268,athenahq,Winter 2025,W25,2025,B2B,top
30268,athenahq,Winter 2025,W25,2025,Marketing,child
30353,axal,Winter 2025,W25,2025,Industrials,top
30353,axal,Winter 2025,W25,2025,Manufacturing and Robotics,child
30192,axiom,Winter 2025,W25,2025,Fintech,top
30192,axiom,Winter 2025,W25,2025,Consumer Finance,child
30240,bezel,Winter 2025,W25,2025,B2B,top
30177,bild-ai,Winter 2025,W25,2025,Real Estate and Construction,top
30177,bild-ai,Winter 2025,W25,2025,Construction,child
30263,bindwell,Winter 2025,W25,2025,Industrials,top
30263,bindwell,Winter 2025,W25,2025,Agriculture,child
30363,blindpay,Winter 2025,W25,2025,Fintech,top
30363,blindpay,Winter 2025,W25,2025,Payments,child
30334,bluebook,Winter 2025,W25,2025,B2B,top
30334,bluebook,Winter 2025,W25,2025,Finance and Accounting,child
30341,browser-use,Winter 2025,W25,2025,B2B,top
30193,bud,Winter 2025,W25,2025,B2B,top
30335,butter,Winter 2025,W25,2025,B2B,top
30335,butter,Winter 2025,W25,2025,Infrastructure,child
30279,bystreet,Winter 2025,W25,2025,B2B,top
30287,calltree,Winter 2025,W25,2025,B2B,top
30178,candor,Winter 2025,W25,2025,Government,top
30273,candor-security,Winter 2025,W25,2025,B2B,top
30273,candor-security,Winter 2025,W25,2025,Security,child
30239,cardamon,Winter 2025,W25,2025,B2B,top
30239,cardamon,Winter 2025,W25,2025,Finance and Accounting,child
30227,caseflood-ai,Winter 2025,W25,2025,B2B,top
30227,caseflood-ai,Winter 2025,W25,2025,Legal,child
30343,cedar,Winter 2025,W25,2025,B2B,top
30343,cedar,Winter 2025,W25,2025,"Engineering, Product and Design",child
30266,cenote,Winter 2025,W25,2025,B2B,top
30266,cenote,Winter 2025,W25,2025,Sales,child
30243,cifrato,Winter 2025,W25,2025,B2B,top
30243,cifrato,Winter 2025,W25,2025,Operations,child
30209,closure,Winter 2025,W25,2025,Government,top
30283,confident-ai,Winter 2025,W25,2025,B2B,top
30283,confident-ai,Winter 2025,W25,2025,"Engineering, Product and Design",child
30210,conntour,Winter 2025,W25,2025,Industrials,top
30210,conntour,Winter 2025,W25,2025,Defense,child
30215,contrario,Winter 2025,W25,2025,B2B,top
30215,contrario,Winter 2025,W25,2025,Recruiting and Talent,child
30338,copycat,Winter 2025,W25,2025,Fintech,top
30338,copycat,Winter 2025,W25,2025,Insurance,child
30319,corsair,Winter 2025,W25,2025,B2B,top
30319,corsair,Winter 2025,W25,2025,"Engineering, Product and Design",child
30252,cuckoo-labs,Winter 2025,W25,2025,B2B,top
30328,dalus,Winter 2025,W25,2025,B2B,top
30328,dalus,Winter 2025,W25,2025,"Engineering, Product and Design",child
30201,dartboard,Winter 2025,W25,2025,Industrials,top
29988,delineate,Winter 2025,W25,2025,B2B,top
29988,delineate,Winter 2025,W25,2025,"Engineering, Product and Design",child
30351,joindex,Winter 2025,W25,2025,B2B,top
30351,joindex,Winter 2025,W25,2025,Productivity,child
30198,dollyglot,Winter 2025,W25,2025,Consumer,top
30165,edexia,Winter 2025,W25,2025,Education,top
28922,egress-health,Winter 2025,W25,2025,Healthcare,top
30226,elip-ai,Winter 2025,W25,2025,B2B,top
30172,enhanced-radar,Winter 2025,W25,2025,Industrials,top
30172,enhanced-radar,Winter 2025,W25,2025,Aviation and Space,child
30339,ergo,Winter 2025,W25,2025,B2B,top
30339,ergo,Winter 2025,W25,2025,Sales,child
30185,excellence-learning,Winter 2025,W25,2025,Education,top
29986,exin-therapeutics,Winter 2025,W25,2025,Healthcare,top
29986,exin-therapeutics,Winter 2025,W25,2025,Therapeutics,child
30284,exla,Winter 2025,W25,2025,B2B,top
30284,exla,Winter 2025,W25,2025,Infrastructure,child
30356,fira,Winter 2025,W25,2025,B2B,top
30356,fira,Winter 2025,W25,2025,Finance and Accounting,child
30182,flowtel,Winter 2025,W25,2025,B2B,top
30182,flowtel,Winter 2025,W25,2025,Infrastructure,child
30305,forge-automation,Winter 2025,W25,2025,Industrials,top
30305,forge-automation,Winter 2025,W25,2025,Manufacturing and Robotics,child
30301,fuse-ai,Winter 2025,W25,2025,B2B,top
30301,fuse-ai,Winter 2025,W25,2025,Sales,child
30270,g-lnk,Winter 2025,W25,2025,B2B,top
30258,gale,Winter 2025,W25,2025,B2B,top
30258,gale,Winter 2025,W25,2025,Legal,child
30276,general-trajectory,Winter 2025,W25,2025,Industrials,top
30276,general-trajectory,Winter 2025,W25,2025,Manufacturing and Robotics,child
30254,hud,Winter 2025,W25,2025,B2B,top
30254,hud,Winter 2025,W25,2025,"Engineering, Product and Design",child
30265,harbera,Winter 2025,W25,2025,Healthcare,top
30265,harbera,Winter 2025,W25,2025,Healthcare IT,child
30288,harper,Winter 2025,W25,2025,Fintech,top
30288,harper,Winter 2025,W25,2025,Insurance,child
30249,healthkey,Winter 2025,W25,2025,Healthcare,top
30249,healthkey,Winter 2025,W25,2025,Healthcare IT,child
30188,hey-telo,Winter 2025,W25,2025,B2B,top
30295,infinite,Winter 2025,W25,2025,Fintech,top
30295,infinite,Winter 2025,W25,2025,Payments,child
30347,instinct-space,Winter 2025,W25,2025,Industrials,top
30347,instinct-space,Winter 2025,W25,2025,Aviation and Space,child
30233,inversion-semiconductor,Winter 2025,W25,2025,Industrials,top
30233,inversion-semiconductor,Winter 2025,W25,2025,Manufacturing and Robotics,child
30020,invo,Winter 2025,W25,2025,B2B,top
30200,karoo,Winter 2025,W25,2025,Fintech,top
30200,karoo,Winter 2025,W25,2025,Consumer Finance,child
30285,karsa,Winter 2025,W25,2025,Fintech,top
30181,leaping-ai,Winter 2025,W25,2025,B2B,top
30269,liquid-compute,Winter 2025,W25,2025,Fintech,top
30269,liquid-compute,Winter 2025,W25,2025,Banking and Exchange,child
30267,lopus,Winter 2025,W25,2025,B2B,top
30267,lopus,Winter 2025,W25,2025,Analytics,child
30261,lucid,Winter 2025,W25,2025,Consumer,top
30272,lucidic-ai,Winter 2025,W25,2025,B2B,top
30260,macadamia,Winter 2025,W25,2025,B2B,top
30260,macadamia,Winter 2025,W25,2025,"Engineering, Product and Design",child
30229,maive,Winter 2025,W25,2025,B2B,top
30224,maritime-fusion,Winter 2025,W25,2025,Industrials,top
30224,maritime-fusion,Winter 2025,W25,2025,Energy,child
30304,mastra,Winter 2025,W25,2025,B2B,top
30304,mastra,Winter 2025,W25,2025,"Engineering, Product and Design",child
30251,mecha-health,Winter 2025,W25,2025,Healthcare,top
30365,mentra,Winter 2025,W25,2025,Consumer,top
30365,mentra,Winter 2025,W25,2025,Virtual and Augmented Reality,child
30346,mercura,Winter 2025,W25,2025,B2B,top
30346,mercura,Winter 2025,W25,2025,Sales,child
30292,mesh-2,Winter 2025,W25,2025,B2B,top
30292,mesh-2,Winter 2025,W25,2025,Finance and Accounting,child
30302,misprint,Winter 2025,W25,2025,Consumer,top
30299,miyagi-labs,Winter 2025,W25,2025,Education,top
30244,mosaic-2,Winter 2025,W25,2025,Consumer,top
30244,mosaic-2,Winter 2025,W25,2025,Content,child
30271,mundo-ai,Winter 2025,W25,2025,B2B,top
30271,mundo-ai,Winter 2025,W25,2025,Infrastructure,child
30286,nitrode,Winter 2025,W25,2025,B2B,top
30242,oki,Winter 2025,W25,2025,B2B,top
30242,oki,Winter 2025,W25,2025,"Engineering, Product and Design",child
30255,olive,Winter 2025,W25,2025,B2B,top
29999,onlook,Winter 2025,W25,2025,B2B,top
29999,onlook,Winter 2025,W25,2025,"Engineering, Product and Design",child
30297,openintake,Winter 2025,W25,2025,B2B,top
30297,openintake,Winter 2025,W25,2025,Legal,child
30248,operand,Winter 2025,W25,2025,B2B,top
30315,optifye-ai,Winter 2025,W25,2025,B2B,top
30293,orbital-operations,Winter 2025,W25,2025,Industrials,top
30293,orbital-operations,Winter 2025,W25,2025,Aviation and Space,child
30247,osmosis,Winter 2025,W25,2025,B2B,top
30291,outlit,Winter 2025,W25,2025,B2B,top
30176,outship,Winter 2025,W25,2025,B2B,top
30176,outship,Winter 2025,W25,2025,Recruiting and Talent,child
29727,overstand-labs,Winter 2025,W25,2025,B2B,top
29727,overstand-labs,Winter 2025,W25,2025,Analytics,child
30214,ovlo,Winter 2025,W25,2025,B2B,top
30214,ovlo,Winter 2025,W25,2025,Recruiting and Talent,child
30256,pax-markets,Winter 2025,W25,2025,Fintech,top
30256,pax-markets,Winter 2025,W25,2025,Banking and Exchange,child
30231,deployparagon,Winter 2025,W25,2025,B2B,top
30231,deployparagon,Winter 2025,W25,2025,Operations,child
30337,paratus-health,Winter 2025,W25,2025,Healthcare,top
30337,paratus-health,Winter 2025,W25,2025,Healthcare IT,child
30257,pave-robotics,Winter 2025,W25,2025,Industrials,top
30257,pave-robotics,Winter 2025,W25,2025,Manufacturing and Robotics,child
30296,peppr-ai,Winter 2025,W25,2025,B2B,top
30296,peppr-ai,Winter 2025,W25,2025,Sales,child
30317,permitify,Winter 2025,W25,2025,Real Estate and Construction,top
30317,permitify,Winter 2025,W25,2025,Construction,child
30262,pickle-2,Winter 2025,W25,2025,Consumer,top
30262,pickle-2,Winter 2025,W25,2025,Consumer Electronics,child
30314,pinch,Winter 2025,W25,2025,B2B,top
30314,pinch,Winter 2025,W25,2025,Productivity,child
30187,praxim,Winter 2025,W25,2025,B2B,top
30187,praxim,Winter 2025,W25,2025,Productivity,child
30320,proception-inc,Winter 2025,W25,2025,Industrials,top
30320,proception-inc,Winter 2025,W25,2025,Manufacturing and Robotics,child
30207,promptless,Winter 2025,W25,2025,B2B,top
30207,promptless,Winter 2025,W25,2025,"Engineering, Product and Design",child
30160,quantstruct,Winter 2025,W25,2025,B2B,top
30235,rally-3,Winter 2025,W25,2025,Fintech,top
30277,rejot,Winter 2025,W25,2025,B2B,top
30277,rejot,Winter 2025,W25,2025,"Engineering, Product and Design",child
30324,rebolt,Winter 2025,W25,2025,B2B,top
30368,red-barn-robotics,Winter 2025,W25,2025,Industrials,top
30368,red-barn-robotics,Winter 2025,W25,2025,Agriculture,child
30316,reditus-space,Winter 2025,W25,2025,Industrials,top
30316,reditus-space,Winter 2025,W25,2025,Aviation and Space,child
30312,retrofit,Winter 2025,W25,2025,Consumer,top
30312,retrofit,Winter 2025,W25,2025,Apparel and Cosmetics,child
30174,revise-robotics,Winter 2025,W25,2025,Industrials,top
30174,revise-robotics,Winter 2025,W25,2025,Manufacturing and Robotics,child
30282,riviera,Winter 2025,W25,2025,B2B,top
30325,roark,Winter 2025,W25,2025,B2B,top
30325,roark,Winter 2025,W25,2025,Analytics,child
30217,rocketable,Winter 2025,W25,2025,B2B,top
30348,sammy-labs,Winter 2025,W25,2025,B2B,top
30230,salespatriot,Winter 2025,W25,2025,B2B,top
30230,salespatriot,Winter 2025,W25,2025,Operations,child
30205,scout-4,Winter 2025,W25,2025,Education,top
30294,sennu-ai,Winter 2025,W25,2025,B2B,top
30275,solidroad,Winter 2025,W25,2025,B2B,top
30194,splash-inc,Winter 2025,W25,2025,Industrials,top
30194,splash-inc,Winter 2025,W25,2025,Drones,child
30322,spott,Winter 2025,W25,2025,B2B,top
30322,spott,Winter 2025,W25,2025,Recruiting and Talent,child
30196,stamp,Winter 2025,W25,2025,B2B,top
30196,stamp,Winter 2025,W25,2025,Productivity,child
30190,steinmetz,Winter 2025,W25,2025,Industrials,top
30264,stillwind,Winter 2025,W25,2025,B2B,top
30264,stillwind,Winter 2025,W25,2025,"Engineering, Product and Design",child
30189,subimage,Winter 2025,W25,2025,B2B,top
30189,subimage,Winter 2025,W25,2025,Security,child
30216,sublingual,Winter 2025,W25,2025,B2B,top
30204,subtrace,Winter 2025,W25,2025,B2B,top
30204,subtrace,Winter 2025,W25,2025,"Engineering, Product and Design",child
30246,swerve,Winter 2025,W25,2025,Consumer,top
30340,tamlabs,Winter 2025,W25,2025,B2B,top
30340,tamlabs,Winter 2025,W25,2025,Productivity,child
30345,tee-time-tommy,Winter 2025,W25,2025,Consumer,top
30333,tensorpool,Winter 2025,W25,2025,B2B,top
30333,tensorpool,Winter 2025,W25,2025,Infrastructure,child
30236,tergle,Winter 2025,W25,2025,B2B,top
30290,tire-swing,Winter 2025,W25,2025,B2B,top
30290,tire-swing,Winter 2025,W25,2025,Legal,child
30218,toothy-ai,Winter 2025,W25,2025,Healthcare,top
30218,toothy-ai,Winter 2025,W25,2025,Healthcare IT,child
30350,trainloop,Winter 2025,W25,2025,B2B,top
30350,trainloop,Winter 2025,W25,2025,"Engineering, Product and Design",child
30274,trata,Winter 2025,W25,2025,B2B,top
30274,trata,Winter 2025,W25,2025,Finance and Accounting,child
30225,trava,Winter 2025,W25,2025,B2B,top
30225,trava,Winter 2025,W25,2025,Supply Chain and Logistics,child
30237,trim,Winter 2025,W25,2025,B2B,top
30237,trim,Winter 2025,W25,2025,"Engineering, Product and Design",child
30213,truffle-ai,Winter 2025,W25,2025,B2B,top
30213,truffle-ai,Winter 2025,W25,2025,"Engineering, Product and Design",child
30183,tweeksio,Winter 2025,W25,2025,B2B,top
30183,tweeksio,Winter 2025,W25,2025,Recruiting and Talent,child
29959,uncommon-therapeutics,Winter 2025,W25,2025,Healthcare,top
29959,uncommon-therapeutics,Winter 2025,W25,2025,Therapeutics,child
30357,vantel,Winter 2025,W25,2025,Fintech,top
30357,vantel,Winter 2025,W25,2025,Insurance,child
30220,verbiflow,Winter 2025,W25,2025,B2B,top
30179,vetnio,Winter 2025,W25,2025,B2B,top
30179,vetnio,Winter 2025,W25,2025,Productivity,child
30203,vocality-health,Winter 2025,W25,2025,Healthcare,top
30203,vocality-health,Winter 2025,W25,2025,Healthcare Services,child
30281,waypoint-transit,Winter 2025,W25,2025,Government,top
30228,weave-3,Winter 2025,W25,2025,B2B,top
30228,weave-3,Winter 2025,W25,2025,"Engineering, Product and Design",child
30318,wildcard,Winter 2025,W25,2025,B2B,top
30318,wildcard,Winter 2025,W25,2025,"Engineering, Product and Design",child
30321,woz,Winter 2025,W25,2025,B2B,top
29790,youshift,Winter 2025,W25,2025,B2B,top
29790,youshift,Winter 2025,W25,2025,Human Resources,child
30241,zeroentropy,Winter 2025,W25,2025,B2B,top
30241,zeroentropy,Winter 2025,W25,2025,Infrastructure,child
30223,a0-dev,Winter 2025,W25,2025,B2B,top
30223,a0-dev,Winter 2025,W25,2025,"Engineering, Product and Design",child
30355,assistant-ui,Winter 2025,W25,2025,B2B,top
30355,assistant-ui,Winter 2025,W25,2025,Infrastructure,child
30199,awen,Winter 2025,W25,2025,B2B,top
30232,carecycle,Winter 2025,W25,2025,B2B,top
30253,finbar,Winter 2025,W25,2025,Fintech,top
30212,superglue,Winter 2025,W25,2025,B2B,top
30212,superglue,Winter 2025,W25,2025,"Engineering, Product and Design",child
30427,acolite,Spring 2025,X25,2025,Fintech,top
30427,acolite,Spring 2025,X25,2025,Insurance,child
30529,adentris,Spring 2025,X25,2025,Healthcare,top
30529,adentris,Spring 2025,X25,2025,Healthcare IT,child
30557,aegis,Spring 2025,X25,2025,Healthcare,top
30557,aegis,Spring 2025,X25,2025,Healthcare IT,child
30549,airweave,Spring 2025,X25,2025,B2B,top
30549,airweave,Spring 2025,X25,2025,Infrastructure,child
30498,alkali,Spring 2025,X25,2025,B2B,top
30498,alkali,Spring 2025,X25,2025,"Engineering, Product and Design",child
30430,almond-2,Spring 2025,X25,2025,Industrials,top
30430,almond-2,Spring 2025,X25,2025,Manufacturing and Robotics,child
30435,alpha-research,Spring 2025,X25,2025,B2B,top
30435,alpha-research,Spring 2025,X25,2025,"Engineering, Product and Design",child
30485,anana,Spring 2025,X25,2025,B2B,top
30403,aravolta,Spring 2025,X25,2025,B2B,top
30403,aravolta,Spring 2025,X25,2025,Infrastructure,child
30336,atlog,Spring 2025,X25,2025,B2B,top
30336,atlog,Spring 2025,X25,2025,Operations,child
30449,attune,Spring 2025,X25,2025,B2B,top
30449,attune,Spring 2025,X25,2025,"Engineering, Product and Design",child
29662,atum-works,Spring 2025,X25,2025,Industrials,top
29662,atum-works,Spring 2025,X25,2025,Manufacturing and Robotics,child
30425,auctor,Spring 2025,X25,2025,B2B,top
30415,avallon-ai,Spring 2025,X25,2025,Fintech,top
30415,avallon-ai,Spring 2025,X25,2025,Insurance,child
30173,aviro,Spring 2025,X25,2025,B2B,top
30438,beluga,Spring 2025,X25,2025,B2B,top
30438,beluga,Spring 2025,X25,2025,Marketing,child
30500,besimple-ai,Spring 2025,X25,2025,B2B,top
30452,better-auth,Spring 2025,X25,2025,B2B,top
30452,better-auth,Spring 2025,X25,2025,Security,child
30406,bitboard,Spring 2025,X25,2025,B2B,top
30406,bitboard,Spring 2025,X25,2025,Analytics,child
30558,bitpatrol,Spring 2025,X25,2025,B2B,top
30558,bitpatrol,Spring 2025,X25,2025,Security,child
30366,blaxel,Spring 2025,X25,2025,B2B,top
30412,bloom-4,Spring 2025,X25,2025,B2B,top
30412,bloom-4,Spring 2025,X25,2025,"Engineering, Product and Design",child
30451,bluejay,Spring 2025,X25,2025,B2B,top
30553,blueshoe,Spring 2025,X25,2025,B2B,top
30553,blueshoe,Spring 2025,X25,2025,Legal,child
30554,bond,Spring 2025,X25,2025,B2B,top
30554,bond,Spring 2025,X25,2025,Productivity,child
30509,boost-robotics,Spring 2025,X25,2025,Industrials,top
30509,boost-robotics,Spring 2025,X25,2025,Manufacturing and Robotics,child
30516,bramante,Spring 2025,X25,2025,Industrials,top
30516,bramante,Spring 2025,X25,2025,Manufacturing and Robotics,child
30543,oncactus,Spring 2025,X25,2025,B2B,top
30428,capacitive,Spring 2025,X25,2025,B2B,top
30428,capacitive,Spring 2025,X25,2025,"Engineering, Product and Design",child
30501,cartpole,Spring 2025,X25,2025,B2B,top
30556,cascade-space,Spring 2025,X25,2025,Industrials,top
30556,cascade-space,Spring 2025,X25,2025,Aviation and Space,child
30477,casco,Spring 2025,X25,2025,B2B,top
30477,casco,Spring 2025,X25,2025,Security,child
30447,caucus,Spring 2025,X25,2025,Government,top
30384,chestnut,Spring 2025,X25,2025,Fintech,top
30384,chestnut,Spring 2025,X25,2025,Credit and Lending,child
30459,chiron,Spring 2025,X25,2025,Education,top
30429,claim-health,Spring 2025,X25,2025,Healthcare,top
30439,clarm,Spring 2025,X25,2025,B2B,top
30439,clarm,Spring 2025,X25,2025,Productivity,child
30468,clidey,Spring 2025,X25,2025,B2B,top
30541,code-four,Spring 2025,X25,2025,Government,top
30565,cohesive,Spring 2025,X25,2025,B2B,top
30461,combinely,Spring 2025,X25,2025,B2B,top
30461,combinely,Spring 2025,X25,2025,Finance and Accounting,child
30535,cotool,Spring 2025,X25,2025,B2B,top
30535,cotool,Spring 2025,X25,2025,Security,child
30479,crimson,Spring 2025,X25,2025,B2B,top
30479,crimson,Spring 2025,X25,2025,Legal,child
30420,cua,Spring 2025,X25,2025,B2B,top
30420,cua,Spring 2025,X25,2025,"Engineering, Product and Design",child
30538,den,Spring 2025,X25,2025,B2B,top
30538,den,Spring 2025,X25,2025,Productivity,child
30562,docket,Spring 2025,X25,2025,B2B,top
30562,docket,Spring 2025,X25,2025,"Engineering, Product and Design",child
30513,eloquent-ai,Spring 2025,X25,2025,B2B,top
30431,feyn,Spring 2025,X25,2025,B2B,top
30431,feyn,Spring 2025,X25,2025,"Engineering, Product and Design",child
30480,flott-hq,Spring 2025,X25,2025,B2B,top
30560,foundation-industries,Spring 2025,X25,2025,Industrials,top
30462,freesolo,Spring 2025,X25,2025,B2B,top
30462,freesolo,Spring 2025,X25,2025,"Engineering, Product and Design",child
30399,frekil,Spring 2025,X25,2025,Healthcare,top
30422,galen-ai,Spring 2025,X25,2025,Healthcare,top
30422,galen-ai,Spring 2025,X25,2025,Consumer Health and Wellness,child
30559,godela,Spring 2025,X25,2025,B2B,top
30559,godela,Spring 2025,X25,2025,"Engineering, Product and Design",child
30407,golf,Spring 2025,X25,2025,B2B,top
30407,golf,Spring 2025,X25,2025,Security,child
30417,groundcontrol,Spring 2025,X25,2025,Industrials,top
30417,groundcontrol,Spring 2025,X25,2025,Aviation and Space,child
30469,habit,Spring 2025,X25,2025,B2B,top
30469,habit,Spring 2025,X25,2025,Retail,child
30442,hanji,Spring 2025,X25,2025,B2B,top
30442,hanji,Spring 2025,X25,2025,Infrastructure,child
30432,helixdb,Spring 2025,X25,2025,B2B,top
30432,helixdb,Spring 2025,X25,2025,"Engineering, Product and Design",child
30519,hemut,Spring 2025,X25,2025,B2B,top
30519,hemut,Spring 2025,X25,2025,Supply Chain and Logistics,child
30497,human-behavior,Spring 2025,X25,2025,B2B,top
30497,human-behavior,Spring 2025,X25,2025,"Engineering, Product and Design",child
30487,irbc,Spring 2025,X25,2025,Fintech,top
30487,irbc,Spring 2025,X25,2025,Banking and Exchange,child
30458,jeevy-fabrication,Spring 2025,X25,2025,B2B,top
30458,jeevy-fabrication,Spring 2025,X25,2025,"Engineering, Product and Design",child
30437,kaelio,Spring 2025,X25,2025,B2B,top
30521,kairos,Spring 2025,X25,2025,B2B,top
30521,kairos,Spring 2025,X25,2025,Infrastructure,child
30471,kaizen,Spring 2025,X25,2025,B2B,top
30418,kanava-ai,Spring 2025,X25,2025,B2B,top
30418,kanava-ai,Spring 2025,X25,2025,Supply Chain and Logistics,child
30402,kashikoi,Spring 2025,X25,2025,B2B,top
30450,kestral,Spring 2025,X25,2025,B2B,top
30446,kirana-ai,Spring 2025,X25,2025,B2B,top
30446,kirana-ai,Spring 2025,X25,2025,Retail,child
30506,klavis-ai,Spring 2025,X25,2025,B2B,top
30466,labric,Spring 2025,X25,2025,B2B,top
30466,labric,Spring 2025,X25,2025,Analytics,child
29656,leeroo,Spring 2025,X25,2025,B2B,top
30515,libretto,Spring 2025,X25,2025,Healthcare,top
30515,libretto,Spring 2025,X25,2025,Healthcare Services,child
30482,lucis,Spring 2025,X25,2025,Healthcare,top
30482,lucis,Spring 2025,X25,2025,Consumer Health and Wellness,child
30540,lumari,Spring 2025,X25,2025,B2B,top
30540,lumari,Spring 2025,X25,2025,Supply Chain and Logistics,child
30445,mbodi-ai,Spring 2025,X25,2025,Industrials,top
30445,mbodi-ai,Spring 2025,X25,2025,Manufacturing and Robotics,child
30523,mesmer,Spring 2025,X25,2025,B2B,top
30523,mesmer,Spring 2025,X25,2025,"Engineering, Product and Design",child
30527,mindfort,Spring 2025,X25,2025,B2B,top
30527,mindfort,Spring 2025,X25,2025,Security,child
30419,minerva,Spring 2025,X25,2025,B2B,top
30419,minerva,Spring 2025,X25,2025,Finance and Accounting,child
30531,moby-analytics,Spring 2025,X25,2025,B2B,top
30531,moby-analytics,Spring 2025,X25,2025,Finance and Accounting,child
30475,morphik,Spring 2025,X25,2025,B2B,top
30475,morphik,Spring 2025,X25,2025,Operations,child
30512,morphoai,Spring 2025,X25,2025,Industrials,top
30512,morphoai,Spring 2025,X25,2025,Manufacturing and Robotics,child
30502,nodi-energy,Spring 2025,X25,2025,Industrials,top
30502,nodi-energy,Spring 2025,X25,2025,Energy,child
30522,naive,Spring 2025,X25,2025,B2B,top
30522,naive,Spring 2025,X25,2025,Infrastructure,child
30532,nimbic-ai,Spring 2025,X25,2025,B2B,top
30532,nimbic-ai,Spring 2025,X25,2025,"Engineering, Product and Design",child
30476,nomi,Spring 2025,X25,2025,B2B,top
30476,nomi,Spring 2025,X25,2025,Sales,child
30491,novoflow,Spring 2025,X25,2025,Healthcare,top
30491,novoflow,Spring 2025,X25,2025,Healthcare Services,child
30467,opusense-ai,Spring 2025,X25,2025,Real Estate and Construction,top
30467,opusense-ai,Spring 2025,X25,2025,Construction,child
30518,orchid-ai,Spring 2025,X25,2025,B2B,top
30518,orchid-ai,Spring 2025,X25,2025,Productivity,child
30455,paper-instruments,Spring 2025,X25,2025,B2B,top
30507,paraquery,Spring 2025,X25,2025,B2B,top
30507,paraquery,Spring 2025,X25,2025,Infrastructure,child
30453,parsewise,Spring 2025,X25,2025,B2B,top
30191,partcl,Spring 2025,X25,2025,B2B,top
30191,partcl,Spring 2025,X25,2025,"Engineering, Product and Design",child
30533,pelica,Spring 2025,X25,2025,Healthcare,top
30533,pelica,Spring 2025,X25,2025,Healthcare IT,child
30444,percival,Spring 2025,X25,2025,B2B,top
30448,pgdog,Spring 2025,X25,2025,B2B,top
30448,pgdog,Spring 2025,X25,2025,Infrastructure,child
30465,photonium,Spring 2025,X25,2025,B2B,top
30465,photonium,Spring 2025,X25,2025,"Engineering, Product and Design",child
30400,plexe,Spring 2025,X25,2025,B2B,top
30400,plexe,Spring 2025,X25,2025,"Engineering, Product and Design",child
30492,prism,Spring 2025,X25,2025,B2B,top
30492,prism,Spring 2025,X25,2025,"Engineering, Product and Design",child
30528,probo,Spring 2025,X25,2025,B2B,top
30528,probo,Spring 2025,X25,2025,Security,child
30536,propolis,Spring 2025,X25,2025,B2B,top
30367,qfex,Spring 2025,X25,2025,Fintech,top
30367,qfex,Spring 2025,X25,2025,Banking and Exchange,child
30496,qualgent,Spring 2025,X25,2025,B2B,top
30426,ralo,Spring 2025,X25,2025,Fintech,top
30426,ralo,Spring 2025,X25,2025,Consumer Finance,child
30454,refresh,Spring 2025,X25,2025,B2B,top
30454,refresh,Spring 2025,X25,2025,"Engineering, Product and Design",child
30530,rimba,Spring 2025,X25,2025,Industrials,top
30530,rimba,Spring 2025,X25,2025,Climate,child
30474,runrl,Spring 2025,X25,2025,B2B,top
30474,runrl,Spring 2025,X25,2025,Infrastructure,child
30514,scalar-field,Spring 2025,X25,2025,Fintech,top
30440,sim,Spring 2025,X25,2025,B2B,top
30464,sixtyfour,Spring 2025,X25,2025,B2B,top
30464,sixtyfour,Spring 2025,X25,2025,Infrastructure,child
30545,starsling,Spring 2025,X25,2025,B2B,top
30545,starsling,Spring 2025,X25,2025,"Engineering, Product and Design",child
30561,sureform,Spring 2025,X25,2025,B2B,top
30508,sygaldry-technologies,Spring 2025,X25,2025,Industrials,top
30421,synthio-labs,Spring 2025,X25,2025,Healthcare,top
30463,tegore,Spring 2025,X25,2025,Education,top
30547,text-ai,Spring 2025,X25,2025,Consumer,top
30433,the-robot-learning-company,Spring 2025,X25,2025,Industrials,top
30433,the-robot-learning-company,Spring 2025,X25,2025,Manufacturing and Robotics,child
30548,theorem-2,Spring 2025,X25,2025,B2B,top
30548,theorem-2,Spring 2025,X25,2025,"Engineering, Product and Design",child
30488,theta,Spring 2025,X25,2025,B2B,top
30504,third-chair,Spring 2025,X25,2025,B2B,top
30504,third-chair,Spring 2025,X25,2025,Legal,child
30472,ticket-wallet,Spring 2025,X25,2025,B2B,top
30456,tinfoil,Spring 2025,X25,2025,B2B,top
30456,tinfoil,Spring 2025,X25,2025,Security,child
30457,trapeze,Spring 2025,X25,2025,Healthcare,top
30457,trapeze,Spring 2025,X25,2025,Healthcare IT,child
30443,units,Spring 2025,X25,2025,Education,top
30517,valuemate,Spring 2025,X25,2025,B2B,top
30511,vassar-robotics,Spring 2025,X25,2025,Consumer,top
30511,vassar-robotics,Spring 2025,X25,2025,Consumer Electronics,child
30503,vesence,Spring 2025,X25,2025,B2B,top
30503,vesence,Spring 2025,X25,2025,Legal,child
30542,vision-lab,Spring 2025,X25,2025,Industrials,top
30542,vision-lab,Spring 2025,X25,2025,Manufacturing and Robotics,child
30460,voiceos,Spring 2025,X25,2025,Consumer,top
30404,vybe,Spring 2025,X25,2025,B2B,top
30404,vybe,Spring 2025,X25,2025,"Engineering, Product and Design",child
30329,waffle,Spring 2025,X25,2025,Consumer,top
30544,wavedash,Spring 2025,X25,2025,Consumer,top
30544,wavedash,Spring 2025,X25,2025,Gaming,child
29666,willow,Spring 2025,X25,2025,Consumer,top
30434,zeon-systems,Spring 2025,X25,2025,Industrials,top
30434,zeon-systems,Spring 2025,X25,2025,Manufacturing and Robotics,child
30526,chrt,Spring 2025,X25,2025,B2B,top
30526,chrt,Spring 2025,X25,2025,Supply Chain and Logistics,child
30411,cubic,Spring 2025,X25,2025,B2B,top
30411,cubic,Spring 2025,X25,2025,"Engineering, Product and Design",child
30539,mlop,Spring 2025,X25,2025,B2B,top
30405,nao-labs,Spring 2025,X25,2025,B2B,top
30405,nao-labs,Spring 2025,X25,2025,Analytics,child
30423,neoncoral,Spring 2025,X25,2025,Consumer,top
30552,sieveai,Spring 2025,X25,2025,B2B,top
30552,sieveai,Spring 2025,X25,2025,Finance and Accounting,child
30441,stratify,Spring 2025,X25,2025,B2B,top
30484,throxy,Spring 2025,X25,2025,B2B,top
30484,throxy,Spring 2025,X25,2025,Sales,child
30606,acrely,Summer 2025,S25,2025,B2B,top
30596,adaptional,Summer 2025,S25,2025,B2B,top
30611,agentmail,Summer 2025,S25,2025,B2B,top
30611,agentmail,Summer 2025,S25,2025,Infrastructure,child
30727,alara,Summer 2025,S25,2025,B2B,top
30704,albacore-inc,Summer 2025,S25,2025,Industrials,top
30704,albacore-inc,Summer 2025,S25,2025,Defense,child
30651,alter,Summer 2025,S25,2025,B2B,top
30651,alter,Summer 2025,S25,2025,Security,child
30738,altur,Summer 2025,S25,2025,B2B,top
30362,ambral,Summer 2025,S25,2025,B2B,top
30362,ambral,Summer 2025,S25,2025,Sales,child
30614,astor,Summer 2025,S25,2025,Fintech,top
30614,astor,Summer 2025,S25,2025,Consumer Finance,child
30720,autosana,Summer 2025,S25,2025,B2B,top
30720,autosana,Summer 2025,S25,2025,"Engineering, Product and Design",child
30086,autumn,Summer 2025,S25,2025,B2B,top
30734,avelis-health,Summer 2025,S25,2025,Healthcare,top
30734,avelis-health,Summer 2025,S25,2025,Healthcare IT,child
30799,avent,Summer 2025,S25,2025,B2B,top
30792,geo-ai,Summer 2025,S25,2025,B2B,top
30792,geo-ai,Summer 2025,S25,2025,Marketing,child
30613,blank-bio,Summer 2025,S25,2025,Healthcare,top
30613,blank-bio,Summer 2025,S25,2025,Therapeutics,child
30813,blue,Summer 2025,S25,2025,Consumer,top
30675,bootloop,Summer 2025,S25,2025,B2B,top
30675,bootloop,Summer 2025,S25,2025,"Engineering, Product and Design",child
30774,clodo,Summer 2025,S25,2025,B2B,top
30774,clodo,Summer 2025,S25,2025,Sales,child
30510,cactus-compute,Summer 2025,S25,2025,B2B,top
30510,cactus-compute,Summer 2025,S25,2025,"Engineering, Product and Design",child
30666,careswift,Summer 2025,S25,2025,Healthcare,top
30759,certus-ai,Summer 2025,S25,2025,B2B,top
30695,channel3,Summer 2025,S25,2025,B2B,top
30695,channel3,Summer 2025,S25,2025,Retail,child
30711,char,Summer 2025,S25,2025,B2B,top
30711,char,Summer 2025,S25,2025,Productivity,child
30603,closera,Summer 2025,S25,2025,B2B,top
30698,comena,Summer 2025,S25,2025,B2B,top
30698,comena,Summer 2025,S25,2025,Supply Chain and Logistics,child
30626,contextfort,Summer 2025,S25,2025,B2B,top
30626,contextfort,Summer 2025,S25,2025,Security,child
30747,convexia,Summer 2025,S25,2025,Healthcare,top
30747,convexia,Summer 2025,S25,2025,Drug Discovery and Delivery,child
30681,conviction,Summer 2025,S25,2025,Fintech,top
30681,conviction,Summer 2025,S25,2025,Consumer Finance,child
30692,costream,Summer 2025,S25,2025,Consumer,top
30647,cyberdesk,Summer 2025,S25,2025,B2B,top
30647,cyberdesk,Summer 2025,S25,2025,"Engineering, Product and Design",child
30628,datafruit,Summer 2025,S25,2025,B2B,top
30628,datafruit,Summer 2025,S25,2025,"Engineering, Product and Design",child
30605,dedalus-labs,Summer 2025,S25,2025,B2B,top
30605,dedalus-labs,Summer 2025,S25,2025,Infrastructure,child
30662,deepaware-ai-robotics-center-of-silicon-valley,Summer 2025,S25,2025,Industrials,top
30662,deepaware-ai-robotics-center-of-silicon-valley,Summer 2025,S25,2025,Manufacturing and Robotics,child
30656,deepgrove,Summer 2025,S25,2025,B2B,top
30637,design-arena,Summer 2025,S25,2025,Consumer,top
30684,doe,Summer 2025,S25,2025,B2B,top
30781,duranium,Summer 2025,S25,2025,Industrials,top
30781,duranium,Summer 2025,S25,2025,Manufacturing and Robotics,child
30636,effigov,Summer 2025,S25,2025,Government,top
30691,embedder,Summer 2025,S25,2025,B2B,top
30691,embedder,Summer 2025,S25,2025,"Engineering, Product and Design",child
30694,epicenter,Summer 2025,S25,2025,Consumer,top
30832,f2,Summer 2025,S25,2025,B2B,top
30832,f2,Summer 2025,S25,2025,"Engineering, Product and Design",child
30741,f4-industries,Summer 2025,S25,2025,Industrials,top
30716,finto-de,Summer 2025,S25,2025,B2B,top
30716,finto-de,Summer 2025,S25,2025,Finance and Accounting,child
30690,flai,Summer 2025,S25,2025,Industrials,top
30690,flai,Summer 2025,S25,2025,Automotive,child
30775,fleetline,Summer 2025,S25,2025,B2B,top
30775,fleetline,Summer 2025,S25,2025,Supply Chain and Logistics,child
30729,floot,Summer 2025,S25,2025,B2B,top
30729,floot,Summer 2025,S25,2025,"Engineering, Product and Design",child
30771,flywheel-ai,Summer 2025,S25,2025,Industrials,top
30771,flywheel-ai,Summer 2025,S25,2025,Manufacturing and Robotics,child
30802,freya,Summer 2025,S25,2025,Fintech,top
30655,frizzle,Summer 2025,S25,2025,Education,top
30688,fulcrum,Summer 2025,S25,2025,B2B,top
30688,fulcrum,Summer 2025,S25,2025,Analytics,child
30598,getasap,Summer 2025,S25,2025,B2B,top
30598,getasap,Summer 2025,S25,2025,Supply Chain and Logistics,child
30696,ghosteye,Summer 2025,S25,2025,B2B,top
30696,ghosteye,Summer 2025,S25,2025,Security,child
30618,golpo,Summer 2025,S25,2025,B2B,top
30618,golpo,Summer 2025,S25,2025,Productivity,child
30609,halluminate,Summer 2025,S25,2025,B2B,top
30758,hera-video,Summer 2025,S25,2025,B2B,top
30758,hera-video,Summer 2025,S25,2025,"Engineering, Product and Design",child
30732,humoniq,Summer 2025,S25,2025,B2B,top
30650,imprezia,Summer 2025,S25,2025,B2B,top
30650,imprezia,Summer 2025,S25,2025,Infrastructure,child
30789,interfere,Summer 2025,S25,2025,B2B,top
30789,interfere,Summer 2025,S25,2025,"Engineering, Product and Design",child
30717,iron-grid,Summer 2025,S25,2025,Industrials,top
30717,iron-grid,Summer 2025,S25,2025,Manufacturing and Robotics,child
30685,ironledger-ai,Summer 2025,S25,2025,Real Estate and Construction,top
30685,ironledger-ai,Summer 2025,S25,2025,Housing and Real Estate,child
30648,tryjanet,Summer 2025,S25,2025,B2B,top
30769,juxta,Summer 2025,S25,2025,B2B,top
30762,kernel,Summer 2025,S25,2025,B2B,top
30762,kernel,Summer 2025,S25,2025,Infrastructure,child
30677,kalinda,Summer 2025,S25,2025,B2B,top
30677,kalinda,Summer 2025,S25,2025,Legal,child
30664,kestroll,Summer 2025,S25,2025,Consumer,top
30664,kestroll,Summer 2025,S25,2025,Content,child
30721,knowlify,Summer 2025,S25,2025,B2B,top
30625,llm-stats,Summer 2025,S25,2025,B2B,top
30625,llm-stats,Summer 2025,S25,2025,Infrastructure,child
30615,lanesurf,Summer 2025,S25,2025,B2B,top
30630,lark,Summer 2025,S25,2025,B2B,top
30630,lark,Summer 2025,S25,2025,"Engineering, Product and Design",child
30649,lilac,Summer 2025,S25,2025,B2B,top
30622,liva-ai,Summer 2025,S25,2025,B2B,top
30754,locata,Summer 2025,S25,2025,Healthcare,top
30754,locata,Summer 2025,S25,2025,Healthcare IT,child
30638,lotas,Summer 2025,S25,2025,B2B,top
30638,lotas,Summer 2025,S25,2025,Analytics,child
30804,luminal,Summer 2025,S25,2025,B2B,top
30804,luminal,Summer 2025,S25,2025,Infrastructure,child
30776,magnetic,Summer 2025,S25,2025,B2B,top
30776,magnetic,Summer 2025,S25,2025,Productivity,child
30660,magnitude,Summer 2025,S25,2025,B2B,top
30660,magnitude,Summer 2025,S25,2025,"Engineering, Product and Design",child
30608,mangodesk,Summer 2025,S25,2025,B2B,top
30710,manufact,Summer 2025,S25,2025,B2B,top
30710,manufact,Summer 2025,S25,2025,Infrastructure,child
30731,maximal,Summer 2025,S25,2025,B2B,top
30731,maximal,Summer 2025,S25,2025,Supply Chain and Logistics,child
30602,meteor,Summer 2025,S25,2025,Consumer,top
30740,metis,Summer 2025,S25,2025,B2B,top
30740,metis,Summer 2025,S25,2025,Infrastructure,child
30701,mimos,Summer 2025,S25,2025,B2B,top
30725,minimal-ai,Summer 2025,S25,2025,B2B,top
30777,modelence,Summer 2025,S25,2025,B2B,top
30777,modelence,Summer 2025,S25,2025,Infrastructure,child
30640,monarcha,Summer 2025,S25,2025,B2B,top
30352,monte,Summer 2025,S25,2025,B2B,top
30352,monte,Summer 2025,S25,2025,"Engineering, Product and Design",child
30713,motives,Summer 2025,S25,2025,B2B,top
30713,motives,Summer 2025,S25,2025,Marketing,child
30786,munify,Summer 2025,S25,2025,Fintech,top
30795,noso-labs,Summer 2025,S25,2025,Industrials,top
30733,nautilus,Summer 2025,S25,2025,B2B,top
30733,nautilus,Summer 2025,S25,2025,Sales,child
30673,nexa-labs,Summer 2025,S25,2025,Industrials,top
30673,nexa-labs,Summer 2025,S25,2025,Agriculture,child
30494,nixo,Summer 2025,S25,2025,B2B,top
30697,normal,Summer 2025,S25,2025,Industrials,top
30756,notte,Summer 2025,S25,2025,B2B,top
30709,novaflow,Summer 2025,S25,2025,Healthcare,top
30818,nox-metals,Summer 2025,S25,2025,Industrials,top
30818,nox-metals,Summer 2025,S25,2025,Manufacturing and Robotics,child
30700,nozomio,Summer 2025,S25,2025,Consumer,top
30643,nuntius,Summer 2025,S25,2025,B2B,top
30643,nuntius,Summer 2025,S25,2025,Infrastructure,child
30768,okibi,Summer 2025,S25,2025,B2B,top
30722,omnara,Summer 2025,S25,2025,B2B,top
30722,omnara,Summer 2025,S25,2025,"Engineering, Product and Design",child
30652,ondeck-ai,Summer 2025,S25,2025,B2B,top
30652,ondeck-ai,Summer 2025,S25,2025,Analytics,child
30686,onestop,Summer 2025,S25,2025,Consumer,top
30743,opennote,Summer 2025,S25,2025,Consumer,top
30642,orange-slice,Summer 2025,S25,2025,B2B,top
30642,orange-slice,Summer 2025,S25,2025,Sales,child
30736,pares-ai,Summer 2025,S25,2025,Real Estate and Construction,top
30755,pally,Summer 2025,S25,2025,B2B,top
30755,pally,Summer 2025,S25,2025,Productivity,child
30807,paloma,Summer 2025,S25,2025,B2B,top
30645,panels,Summer 2025,S25,2025,B2B,top
30645,panels,Summer 2025,S25,2025,"Engineering, Product and Design",child
30665,pangolin,Summer 2025,S25,2025,B2B,top
30665,pangolin,Summer 2025,S25,2025,Infrastructure,child
30671,panoptive,Summer 2025,S25,2025,B2B,top
30708,perseus-defense,Summer 2025,S25,2025,Industrials,top
30708,perseus-defense,Summer 2025,S25,2025,Defense,child
30778,perspectives-health,Summer 2025,S25,2025,Healthcare,top
30778,perspectives-health,Summer 2025,S25,2025,Healthcare IT,child
30707,phases,Summer 2025,S25,2025,Healthcare,top
30707,phases,Summer 2025,S25,2025,Healthcare IT,child
30703,physical-turing,Summer 2025,S25,2025,Industrials,top
30703,physical-turing,Summer 2025,S25,2025,Manufacturing and Robotics,child
30582,pingo,Summer 2025,S25,2025,Consumer,top
30623,playgent,Summer 2025,S25,2025,Healthcare,top
30623,playgent,Summer 2025,S25,2025,Healthcare IT,child
30748,pleom,Summer 2025,S25,2025,B2B,top
30748,pleom,Summer 2025,S25,2025,Analytics,child
30566,preseen,Summer 2025,S25,2025,B2B,top
30566,preseen,Summer 2025,S25,2025,Analytics,child
30719,procindex,Summer 2025,S25,2025,B2B,top
30719,procindex,Summer 2025,S25,2025,Finance and Accounting,child
30659,proliferate,Summer 2025,S25,2025,B2B,top
30659,proliferate,Summer 2025,S25,2025,"Engineering, Product and Design",child
30739,quotain,Summer 2025,S25,2025,B2B,top
30739,quotain,Summer 2025,S25,2025,Sales,child
30761,reacher,Summer 2025,S25,2025,B2B,top
30805,realroots,Summer 2025,S25,2025,Consumer,top
30805,realroots,Summer 2025,S25,2025,Social,child
30763,rebulk,Summer 2025,S25,2025,B2B,top
30763,rebulk,Summer 2025,S25,2025,Supply Chain and Logistics,child
30712,relling,Summer 2025,S25,2025,B2B,top
30712,relling,Summer 2025,S25,2025,Infrastructure,child
30724,risely-ai,Summer 2025,S25,2025,Education,top
30680,riverbank,Summer 2025,S25,2025,B2B,top
30680,riverbank,Summer 2025,S25,2025,Infrastructure,child
30785,rowflow,Summer 2025,S25,2025,B2B,top
30785,rowflow,Summer 2025,S25,2025,Operations,child
30798,ruvo,Summer 2025,S25,2025,Fintech,top
30796,outrove,Summer 2025,S25,2025,B2B,top
30413,serafis,Summer 2025,S25,2025,B2B,top
30619,shor,Summer 2025,S25,2025,Fintech,top
30619,shor,Summer 2025,S25,2025,Payments,child
30744,sigmanticai,Summer 2025,S25,2025,B2B,top
30744,sigmanticai,Summer 2025,S25,2025,"Engineering, Product and Design",child
30742,sira,Summer 2025,S25,2025,B2B,top
30742,sira,Summer 2025,S25,2025,Human Resources,child
30669,slashy,Summer 2025,S25,2025,B2B,top
30669,slashy,Summer 2025,S25,2025,Productivity,child
30726,socratix-ai,Summer 2025,S25,2025,B2B,top
30726,socratix-ai,Summer 2025,S25,2025,Operations,child
30706,solva,Summer 2025,S25,2025,Fintech,top
30706,solva,Summer 2025,S25,2025,Insurance,child
30791,spotlight-realty,Summer 2025,S25,2025,Real Estate and Construction,top
30676,stellon-labs,Summer 2025,S25,2025,B2B,top
30676,stellon-labs,Summer 2025,S25,2025,"Engineering, Product and Design",child
30661,stockline,Summer 2025,S25,2025,B2B,top
29697,stormy,Summer 2025,S25,2025,B2B,top
29697,stormy,Summer 2025,S25,2025,Operations,child
30520,synthetic-society,Summer 2025,S25,2025,B2B,top
30520,synthetic-society,Summer 2025,S25,2025,"Engineering, Product and Design",child
30782,tectoai,Summer 2025,S25,2025,B2B,top
30663,tesora,Summer 2025,S25,2025,Fintech,top
30663,tesora,Summer 2025,S25,2025,Insurance,child
30607,the-prompting-company,Summer 2025,S25,2025,B2B,top
30607,the-prompting-company,Summer 2025,S25,2025,Marketing,child
30683,theora,Summer 2025,S25,2025,B2B,top
30683,theora,Summer 2025,S25,2025,Analytics,child
30629,topological,Summer 2025,S25,2025,B2B,top
30629,topological,Summer 2025,S25,2025,"Engineering, Product and Design",child
30687,trace-so,Summer 2025,S25,2025,B2B,top
30687,trace-so,Summer 2025,S25,2025,Productivity,child
30610,traceroot-ai,Summer 2025,S25,2025,B2B,top
30610,traceroot-ai,Summer 2025,S25,2025,"Engineering, Product and Design",child
30702,twentytwo,Summer 2025,S25,2025,Healthcare,top
30702,twentytwo,Summer 2025,S25,2025,Industrial Bio,child
30806,uplift-ai,Summer 2025,S25,2025,B2B,top
30797,veritus,Summer 2025,S25,2025,Fintech,top
30797,veritus,Summer 2025,S25,2025,Credit and Lending,child
30624,verne-robotics,Summer 2025,S25,2025,Industrials,top
30624,verne-robotics,Summer 2025,S25,2025,Manufacturing and Robotics,child
30699,vibeflow,Summer 2025,S25,2025,B2B,top
30794,vulcan-technologies,Summer 2025,S25,2025,B2B,top
30794,vulcan-technologies,Summer 2025,S25,2025,Legal,child
30644,wafer,Summer 2025,S25,2025,B2B,top
30644,wafer,Summer 2025,S25,2025,"Engineering, Product and Design",child
30364,wayline,Summer 2025,S25,2025,Real Estate and Construction,top
30668,wedge,Summer 2025,S25,2025,Healthcare,top
30616,args,Summer 2025,S25,2025,B2B,top
30616,args,Summer 2025,S25,2025,Productivity,child
30689,b12-labs,Summer 2025,S25,2025,Healthcare,top
30689,b12-labs,Summer 2025,S25,2025,Drug Discovery and Delivery,child
30634,bitrig,Summer 2025,S25,2025,B2B,top
30634,bitrig,Summer 2025,S25,2025,"Engineering, Product and Design",child
30801,burnt,Summer 2025,S25,2025,B2B,top
30801,burnt,Summer 2025,S25,2025,Supply Chain and Logistics,child
30670,cocreate,Summer 2025,S25,2025,Consumer,top
30670,cocreate,Summer 2025,S25,2025,Content,child
30730,idler,Summer 2025,S25,2025,B2B,top
30730,idler,Summer 2025,S25,2025,"Engineering, Product and Design",child
30772,stagewise,Summer 2025,S25,2025,B2B,top
30772,stagewise,Summer 2025,S25,2025,"Engineering, Product and Design",child
30612,truthsystems,Summer 2025,S25,2025,B2B,top
30612,truthsystems,Summer 2025,S25,2025,Infrastructure,child
30958,absurd,Fall 2025,F25,2025,B2B,top
30958,absurd,Fall 2025,F25,2025,Marketing,child
30837,aircaps,Fall 2025,F25,2025,Consumer,top
30910,aleph-lab,Fall 2025,F25,2025,Consumer,top
30895,allus-ai,Fall 2025,F25,2025,Industrials,top
30895,allus-ai,Fall 2025,F25,2025,Manufacturing and Robotics,child
30992,amera,Fall 2025,F25,2025,Fintech,top
30992,amera,Fall 2025,F25,2025,Insurance,child
31010,amika,Fall 2025,F25,2025,B2B,top
31010,amika,Fall 2025,F25,2025,Infrastructure,child
30890,answerthis,Fall 2025,F25,2025,Consumer,top
30999,antigen,Fall 2025,F25,2025,B2B,top
30999,antigen,Fall 2025,F25,2025,"Engineering, Product and Design",child
30937,anto-biosciences,Fall 2025,F25,2025,Healthcare,top
30943,aside,Fall 2025,F25,2025,Consumer,top
30857,aspect-inc,Fall 2025,F25,2025,B2B,top
30857,aspect-inc,Fall 2025,F25,2025,"Engineering, Product and Design",child
30882,atlasgrid,Fall 2025,F25,2025,B2B,top
30882,atlasgrid,Fall 2025,F25,2025,"Engineering, Product and Design",child
30956,automax-ai,Fall 2025,F25,2025,Real Estate and Construction,top
30956,automax-ai,Fall 2025,F25,2025,Housing and Real Estate,child
30591,autonomous-technologies-group,Fall 2025,F25,2025,Fintech,top
30996,axial,Fall 2025,F25,2025,Industrials,top
30996,axial,Fall 2025,F25,2025,Manufacturing and Robotics,child
30989,bluma,Fall 2025,F25,2025,B2B,top
30989,bluma,Fall 2025,F25,2025,Marketing,child
30853,bolna-ai,Fall 2025,F25,2025,B2B,top
30982,boom-ai,Fall 2025,F25,2025,B2B,top
30917,bravi,Fall 2025,F25,2025,B2B,top
30835,brickanta,Fall 2025,F25,2025,B2B,top
30835,brickanta,Fall 2025,F25,2025,Infrastructure,child
30847,brickwise,Fall 2025,F25,2025,Real Estate and Construction,top
30847,brickwise,Fall 2025,F25,2025,Housing and Real Estate,child
30871,bron,Fall 2025,F25,2025,Consumer,top
30861,caddy,Fall 2025,F25,2025,B2B,top
30861,caddy,Fall 2025,F25,2025,"Engineering, Product and Design",child
30924,casey,Fall 2025,F25,2025,Fintech,top
30924,casey,Fall 2025,F25,2025,Insurance,child
30957,clad-labs,Fall 2025,F25,2025,B2B,top
30886,clerked,Fall 2025,F25,2025,B2B,top
31002,clicks-health,Fall 2025,F25,2025,B2B,top
31002,clicks-health,Fall 2025,F25,2025,Productivity,child
31022,coasts,Fall 2025,F25,2025,B2B,top
31022,coasts,Fall 2025,F25,2025,"Engineering, Product and Design",child
30919,codyco,Fall 2025,F25,2025,B2B,top
30918,complydo,Fall 2025,F25,2025,B2B,top
30918,complydo,Fall 2025,F25,2025,Legal,child
30921,compyle,Fall 2025,F25,2025,B2B,top
30921,compyle,Fall 2025,F25,2025,"Engineering, Product and Design",child
30930,cortex-ai,Fall 2025,F25,2025,Industrials,top
30930,cortex-ai,Fall 2025,F25,2025,Manufacturing and Robotics,child
30878,cranston-ai,Fall 2025,F25,2025,B2B,top
30878,cranston-ai,Fall 2025,F25,2025,Finance and Accounting,child
30949,crunched,Fall 2025,F25,2025,B2B,top
30949,crunched,Fall 2025,F25,2025,Finance and Accounting,child
30858,deeptrace,Fall 2025,F25,2025,B2B,top
30962,denki,Fall 2025,F25,2025,B2B,top
30962,denki,Fall 2025,F25,2025,Finance and Accounting,child
30816,digipals,Fall 2025,F25,2025,Consumer,top
30816,digipals,Fall 2025,F25,2025,Social,child
30993,diligencesquared-inc,Fall 2025,F25,2025,B2B,top
30993,diligencesquared-inc,Fall 2025,F25,2025,Analytics,child
31004,dome,Fall 2025,F25,2025,B2B,top
31004,dome,Fall 2025,F25,2025,Infrastructure,child
30821,efference,Fall 2025,F25,2025,Industrials,top
30821,efference,Fall 2025,F25,2025,Manufacturing and Robotics,child
30940,everest,Fall 2025,F25,2025,Consumer,top
30970,exonic,Fall 2025,F25,2025,Healthcare,top
30970,exonic,Fall 2025,F25,2025,Drug Discovery and Delivery,child
30939,expected-parrot,Fall 2025,F25,2025,B2B,top
31001,fastshot,Fall 2025,F25,2025,B2B,top
31001,fastshot,Fall 2025,F25,2025,"Engineering, Product and Design",child
30749,fernstone,Fall 2025,F25,2025,Fintech,top
30749,fernstone,Fall 2025,F25,2025,Insurance,child
30569,fifth-door,Fall 2025,F25,2025,Consumer,top
30569,fifth-door,Fall 2025,F25,2025,Gaming,child
30884,flick,Fall 2025,F25,2025,Consumer,top
30884,flick,Fall 2025,F25,2025,Content,child
30991,forge-robotics,Fall 2025,F25,2025,Industrials,top
30991,forge-robotics,Fall 2025,F25,2025,Manufacturing and Robotics,child
30981,freeport-markets,Fall 2025,F25,2025,Fintech,top
30981,freeport-markets,Fall 2025,F25,2025,Consumer Finance,child
29161,goldbridge,Fall 2025,F25,2025,Real Estate and Construction,top
29161,goldbridge,Fall 2025,F25,2025,Housing and Real Estate,child
30911,helonic,Fall 2025,F25,2025,Real Estate and Construction,top
30911,helonic,Fall 2025,F25,2025,Construction,child
30879,hypercubic,Fall 2025,F25,2025,B2B,top
30854,hyperspell,Fall 2025,F25,2025,B2B,top
30854,hyperspell,Fall 2025,F25,2025,Infrastructure,child
30965,icarus,Fall 2025,F25,2025,Industrials,top
30965,icarus,Fall 2025,F25,2025,Defense,child
30938,imagine-ai,Fall 2025,F25,2025,B2B,top
30938,imagine-ai,Fall 2025,F25,2025,Sales,child
30972,jarmin,Fall 2025,F25,2025,B2B,top
30869,kaigo-health,Fall 2025,F25,2025,Healthcare,top
30869,kaigo-health,Fall 2025,F25,2025,Healthcare IT,child
30959,kalpa-labs,Fall 2025,F25,2025,B2B,top
30966,karumi,Fall 2025,F25,2025,B2B,top
30966,karumi,Fall 2025,F25,2025,Sales,child
30903,kestrel-ai,Fall 2025,F25,2025,B2B,top
30903,kestrel-ai,Fall 2025,F25,2025,Security,child
30870,koyal,Fall 2025,F25,2025,Consumer,top
30870,koyal,Fall 2025,F25,2025,Content,child
30888,lakonia,Fall 2025,F25,2025,Government,top
30822,lapis,Fall 2025,F25,2025,B2B,top
30822,lapis,Fall 2025,F25,2025,Marketing,child
30983,layers,Fall 2025,F25,2025,Healthcare,top
30983,layers,Fall 2025,F25,2025,Consumer Health and Wellness,child
30932,leadbay,Fall 2025,F25,2025,B2B,top
30932,leadbay,Fall 2025,F25,2025,Sales,child
30969,uselemma,Fall 2025,F25,2025,B2B,top
30969,uselemma,Fall 2025,F25,2025,"Engineering, Product and Design",child
30920,lexi,Fall 2025,F25,2025,B2B,top
30920,lexi,Fall 2025,F25,2025,Legal,child
30987,lightberry,Fall 2025,F25,2025,Industrials,top
30987,lightberry,Fall 2025,F25,2025,Manufacturing and Robotics,child
30859,locus,Fall 2025,F25,2025,B2B,top
30859,locus,Fall 2025,F25,2025,"Engineering, Product and Design",child
30907,logical,Fall 2025,F25,2025,B2B,top
30907,logical,Fall 2025,F25,2025,Productivity,child
30900,logosguard,Fall 2025,F25,2025,B2B,top
30948,lua-global-inc,Fall 2025,F25,2025,B2B,top
30997,lunabill,Fall 2025,F25,2025,Healthcare,top
30997,lunabill,Fall 2025,F25,2025,Healthcare IT,child
30865,lunavo,Fall 2025,F25,2025,B2B,top
30865,lunavo,Fall 2025,F25,2025,Supply Chain and Logistics,child
30849,movedot,Fall 2025,F25,2025,B2B,top
30849,movedot,Fall 2025,F25,2025,"Engineering, Product and Design",child
26144,mspilot,Fall 2025,F25,2025,B2B,top
26144,mspilot,Fall 2025,F25,2025,"Engineering, Product and Design",child
30975,madethis,Fall 2025,F25,2025,B2B,top
30975,madethis,Fall 2025,F25,2025,Operations,child
31005,markit,Fall 2025,F25,2025,B2B,top
31005,markit,Fall 2025,F25,2025,Operations,child
31020,mayflower,Fall 2025,F25,2025,Government,top
30960,metorial,Fall 2025,F25,2025,B2B,top
30978,miniswap,Fall 2025,F25,2025,Consumer,top
30978,miniswap,Fall 2025,F25,2025,Gaming,child
30874,minro,Fall 2025,F25,2025,B2B,top
30874,minro,Fall 2025,F25,2025,"Engineering, Product and Design",child
30812,mixy,Fall 2025,F25,2025,Consumer,top
31008,moss,Fall 2025,F25,2025,B2B,top
30896,multifactor,Fall 2025,F25,2025,B2B,top
30896,multifactor,Fall 2025,F25,2025,Security,child
30950,usenarrative,Fall 2025,F25,2025,B2B,top
30950,usenarrative,Fall 2025,F25,2025,Marketing,child
30880,nessie,Fall 2025,F25,2025,Consumer,top
30852,gpt,Fall 2025,F25,2025,B2B,top
30889,nivara,Fall 2025,F25,2025,B2B,top
30889,nivara,Fall 2025,F25,2025,Finance and Accounting,child
30657,nori,Fall 2025,F25,2025,Healthcare,top
30657,nori,Fall 2025,F25,2025,Consumer Health and Wellness,child
30868,norra,Fall 2025,F25,2025,Healthcare,top
30933,nucleo,Fall 2025,F25,2025,Healthcare,top
30631,null-labs,Fall 2025,F25,2025,Industrials,top
30631,null-labs,Fall 2025,F25,2025,Defense,child
31011,openroll,Fall 2025,F25,2025,B2B,top
30604,parametric,Fall 2025,F25,2025,Industrials,top
30604,parametric,Fall 2025,F25,2025,Manufacturing and Robotics,child
30848,parrot,Fall 2025,F25,2025,Consumer,top
30846,parse-bot,Fall 2025,F25,2025,B2B,top
30936,patent-watch,Fall 2025,F25,2025,B2B,top
30967,perseus,Fall 2025,F25,2025,B2B,top
30967,perseus,Fall 2025,F25,2025,"Engineering, Product and Design",child
30947,philon,Fall 2025,F25,2025,Industrials,top
30947,philon,Fall 2025,F25,2025,Manufacturing and Robotics,child
29763,piggy-robotics,Fall 2025,F25,2025,Industrials,top
29763,piggy-robotics,Fall 2025,F25,2025,Manufacturing and Robotics,child
30931,pixley-ai,Fall 2025,F25,2025,Consumer,top
30931,pixley-ai,Fall 2025,F25,2025,Content,child
30925,play-health,Fall 2025,F25,2025,Healthcare,top
30592,prox,Fall 2025,F25,2025,B2B,top
30592,prox,Fall 2025,F25,2025,Retail,child
30929,radiusbrowser,Fall 2025,F25,2025,B2B,top
30929,radiusbrowser,Fall 2025,F25,2025,"Engineering, Product and Design",child
30912,redapto,Fall 2025,F25,2025,B2B,top
30953,relaw,Fall 2025,F25,2025,B2B,top
30829,remedy,Fall 2025,F25,2025,Healthcare,top
31013,rivet-design,Fall 2025,F25,2025,B2B,top
31013,rivet-design,Fall 2025,F25,2025,"Engineering, Product and Design",child
30977,rovi-health,Fall 2025,F25,2025,Healthcare,top
30916,rovr,Fall 2025,F25,2025,B2B,top
30916,rovr,Fall 2025,F25,2025,"Engineering, Product and Design",child
30891,sf-tensor,Fall 2025,F25,2025,B2B,top
30891,sf-tensor,Fall 2025,F25,2025,Infrastructure,child
30964,savahq,Fall 2025,F25,2025,Fintech,top
30899,sciloop,Fall 2025,F25,2025,B2B,top
30899,sciloop,Fall 2025,F25,2025,Infrastructure,child
30856,scoop,Fall 2025,F25,2025,B2B,top
30942,scott-ai,Fall 2025,F25,2025,B2B,top
30922,selfin,Fall 2025,F25,2025,Fintech,top
30922,selfin,Fall 2025,F25,2025,Consumer Finance,child
30887,sellraze,Fall 2025,F25,2025,Consumer,top
30885,semble,Fall 2025,F25,2025,B2B,top
30828,semiotic,Fall 2025,F25,2025,B2B,top
30828,semiotic,Fall 2025,F25,2025,"Engineering, Product and Design",child
30862,sorce,Fall 2025,F25,2025,B2B,top
30862,sorce,Fall 2025,F25,2025,Human Resources,child
30867,soren,Fall 2025,F25,2025,B2B,top
30946,sourcebot,Fall 2025,F25,2025,B2B,top
30946,sourcebot,Fall 2025,F25,2025,"Engineering, Product and Design",child
30954,specific,Fall 2025,F25,2025,B2B,top
30954,specific,Fall 2025,F25,2025,"Engineering, Product and Design",child
31009,specific-labs,Fall 2025,F25,2025,B2B,top
30845,structured-ai,Fall 2025,F25,2025,Real Estate and Construction,top
30845,structured-ai,Fall 2025,F25,2025,Construction,child
30851,sylvian,Fall 2025,F25,2025,B2B,top
30873,tell-if-ai,Fall 2025,F25,2025,B2B,top
30873,tell-if-ai,Fall 2025,F25,2025,Marketing,child
30863,the-context-company,Fall 2025,F25,2025,B2B,top
30863,the-context-company,Fall 2025,F25,2025,"Engineering, Product and Design",child
30986,the-hog,Fall 2025,F25,2025,B2B,top
30986,the-hog,Fall 2025,F25,2025,Marketing,child
30928,thesis,Fall 2025,F25,2025,Industrials,top
30928,thesis,Fall 2025,F25,2025,Manufacturing and Robotics,child
30934,tornyol,Fall 2025,F25,2025,Consumer,top
30934,tornyol,Fall 2025,F25,2025,Consumer Electronics,child
30877,trelium,Fall 2025,F25,2025,B2B,top
30894,unsiloed-ai,Fall 2025,F25,2025,B2B,top
30844,uplane,Fall 2025,F25,2025,B2B,top
30844,uplane,Fall 2025,F25,2025,Marketing,child
30995,velvet,Fall 2025,F25,2025,B2B,top
30875,veria-labs,Fall 2025,F25,2025,B2B,top
30875,veria-labs,Fall 2025,F25,2025,Security,child
30881,wardstone,Fall 2025,F25,2025,Industrials,top
30881,wardstone,Fall 2025,F25,2025,Aviation and Space,child
30945,zalos,Fall 2025,F25,2025,B2B,top
30945,zalos,Fall 2025,F25,2025,Operations,child
31007,zarna,Fall 2025,F25,2025,B2B,top
31007,zarna,Fall 2025,F25,2025,Finance and Accounting,child
30850,zavo,Fall 2025,F25,2025,Fintech,top
30850,zavo,Fall 2025,F25,2025,Payments,child
31021,zephyr-fusion,Fall 2025,F25,2025,Industrials,top
31021,zephyr-fusion,Fall 2025,F25,2025,Energy,child
30864,daridev,Fall 2025,F25,2025,B2B,top
30864,daridev,Fall 2025,F25,2025,"Engineering, Product and Design",child
30883,hillclimb,Fall 2025,F25,2025,B2B,top
30883,hillclimb,Fall 2025,F25,2025,"Engineering, Product and Design",child
31018,item,Fall 2025,F25,2025,B2B,top
31018,item,Fall 2025,F25,2025,Sales,child
30935,s2-dev,Fall 2025,F25,2025,B2B,top
30935,s2-dev,Fall 2025,F25,2025,Infrastructure,child
31118,devfast,Winter 2026,W26,2026,B2B,top
31098,10x-science,Winter 2026,W26,2026,B2B,top
31123,21st,Winter 2026,W26,2026,B2B,top
31123,21st,Winter 2026,W26,2026,"Engineering, Product and Design",child
31054,arc-prize-foundation,Winter 2026,W26,2026,Industrials,top
31138,aemon,Winter 2026,W26,2026,B2B,top
30906,agentic-fabriq,Winter 2026,W26,2026,B2B,top
30906,agentic-fabriq,Winter 2026,W26,2026,Security,child
30860,alt-x,Winter 2026,W26,2026,Fintech,top
31231,anchorhead,Winter 2026,W26,2026,B2B,top
31231,anchorhead,Winter 2026,W26,2026,"Engineering, Product and Design",child
31192,approxima,Winter 2026,W26,2026,B2B,top
31192,approxima,Winter 2026,W26,2026,"Engineering, Product and Design",child
31139,ashr,Winter 2026,W26,2026,B2B,top
31095,asimov,Winter 2026,W26,2026,Industrials,top
31095,asimov,Winter 2026,W26,2026,Manufacturing and Robotics,child
31292,aurorin-cad,Winter 2026,W26,2026,B2B,top
31292,aurorin-cad,Winter 2026,W26,2026,"Engineering, Product and Design",child
31130,autositu,Winter 2026,W26,2026,B2B,top
31130,autositu,Winter 2026,W26,2026,Legal,child
30715,autumn-ai,Winter 2026,W26,2026,B2B,top
30715,autumn-ai,Winter 2026,W26,2026,Infrastructure,child
31121,avoice,Winter 2026,W26,2026,B2B,top
31209,axionorbital-space,Winter 2026,W26,2026,Industrials,top
31209,axionorbital-space,Winter 2026,W26,2026,Aviation and Space,child
31092,axis-2,Winter 2026,W26,2026,Fintech,top
31236,getbalance,Winter 2026,W26,2026,B2B,top
31236,getbalance,Winter 2026,W26,2026,Finance and Accounting,child
31107,baseframe,Winter 2026,W26,2026,B2B,top
31109,beacon-health,Winter 2026,W26,2026,Healthcare,top
31248,beesafe-ai,Winter 2026,W26,2026,B2B,top
31248,beesafe-ai,Winter 2026,W26,2026,Security,child
31142,beyond-reach-labs,Winter 2026,W26,2026,Industrials,top
31142,beyond-reach-labs,Winter 2026,W26,2026,Aviation and Space,child
30620,bidflow,Winter 2026,W26,2026,Real Estate and Construction,top
30620,bidflow,Winter 2026,W26,2026,Construction,child
31242,booko,Winter 2026,W26,2026,B2B,top
31285,brumby,Winter 2026,W26,2026,Industrials,top
31285,brumby,Winter 2026,W26,2026,Agriculture,child
31215,bubble-lab,Winter 2026,W26,2026,B2B,top
31215,bubble-lab,Winter 2026,W26,2026,Operations,child
31112,burt,Winter 2026,W26,2026,B2B,top
31112,burt,Winter 2026,W26,2026,Supply Chain and Logistics,child
30770,button-computer,Winter 2026,W26,2026,B2B,top
30770,button-computer,Winter 2026,W26,2026,"Engineering, Product and Design",child
31213,byteport,Winter 2026,W26,2026,B2B,top
31170,cajal-technologies,Winter 2026,W26,2026,B2B,top
31256,canary,Winter 2026,W26,2026,B2B,top
31256,canary,Winter 2026,W26,2026,"Engineering, Product and Design",child
30913,captain,Winter 2026,W26,2026,B2B,top
30913,captain,Winter 2026,W26,2026,Infrastructure,child
31178,cardboard,Winter 2026,W26,2026,B2B,top
31311,trycardinal-ai,Winter 2026,W26,2026,B2B,top
31207,caretta,Winter 2026,W26,2026,B2B,top
31207,caretta,Winter 2026,W26,2026,Sales,child
31295,carrot-labs,Winter 2026,W26,2026,B2B,top
31110,cascade,Winter 2026,W26,2026,B2B,top
31110,cascade,Winter 2026,W26,2026,Infrastructure,child
31040,catchback-cards,Winter 2026,W26,2026,Consumer,top
31040,catchback-cards,Winter 2026,W26,2026,Gaming,child
31113,celltype,Winter 2026,W26,2026,Healthcare,top
31113,celltype,Winter 2026,W26,2026,Drug Discovery and Delivery,child
31185,chamber,Winter 2026,W26,2026,B2B,top
31185,chamber,Winter 2026,W26,2026,Infrastructure,child
31233,chasi,Winter 2026,W26,2026,B2B,top
31025,claimglide,Winter 2026,W26,2026,Healthcare,top
31025,claimglide,Winter 2026,W26,2026,Healthcare Services,child
31140,codewisp,Winter 2026,W26,2026,Consumer,top
31140,codewisp,Winter 2026,W26,2026,Gaming,child
31104,cofia,Winter 2026,W26,2026,B2B,top
31104,cofia,Winter 2026,W26,2026,Productivity,child
31164,compresr,Winter 2026,W26,2026,B2B,top
31164,compresr,Winter 2026,W26,2026,Infrastructure,child
31303,condor-energy,Winter 2026,W26,2026,Industrials,top
31303,condor-energy,Winter 2026,W26,2026,Energy,child
31162,confluence-labs,Winter 2026,W26,2026,B2B,top
31196,congruent,Winter 2026,W26,2026,Industrials,top
31212,constellation-space,Winter 2026,W26,2026,B2B,top
31212,constellation-space,Winter 2026,W26,2026,Analytics,child
31260,copperlane,Winter 2026,W26,2026,Fintech,top
31260,copperlane,Winter 2026,W26,2026,Credit and Lending,child
31241,corelayer,Winter 2026,W26,2026,B2B,top
31241,corelayer,Winter 2026,W26,2026,"Engineering, Product and Design",child
31051,corvera,Winter 2026,W26,2026,B2B,top
31051,corvera,Winter 2026,W26,2026,Operations,child
31016,crosslayer-labs,Winter 2026,W26,2026,B2B,top
31016,crosslayer-labs,Winter 2026,W26,2026,Security,child
31128,cumulus-labs,Winter 2026,W26,2026,B2B,top
31128,cumulus-labs,Winter 2026,W26,2026,Infrastructure,child
31287,daivin,Winter 2026,W26,2026,Industrials,top
31287,daivin,Winter 2026,W26,2026,Defense,child
31080,didit,Winter 2026,W26,2026,B2B,top
31080,didit,Winter 2026,W26,2026,Infrastructure,child
31225,ditto-biosciences,Winter 2026,W26,2026,Healthcare,top
31225,ditto-biosciences,Winter 2026,W26,2026,Drug Discovery and Delivery,child
31090,docura-health,Winter 2026,W26,2026,Healthcare,top
31229,doomersion,Winter 2026,W26,2026,Consumer,top
31149,eigenpal,Winter 2026,W26,2026,B2B,top
31149,eigenpal,Winter 2026,W26,2026,Operations,child
31199,emdash,Winter 2026,W26,2026,B2B,top
31199,emdash,Winter 2026,W26,2026,Productivity,child
31186,end-close,Winter 2026,W26,2026,B2B,top
31186,end-close,Winter 2026,W26,2026,Finance and Accounting,child
31111,envariant,Winter 2026,W26,2026,B2B,top
31058,eos-ai,Winter 2026,W26,2026,Healthcare,top
31247,fed10,Winter 2026,W26,2026,B2B,top
31247,fed10,Winter 2026,W26,2026,Legal,child
31187,fenrock-ai,Winter 2026,W26,2026,Fintech,top
31187,fenrock-ai,Winter 2026,W26,2026,Banking and Exchange,child
31152,fern-bot,Winter 2026,W26,2026,B2B,top
31152,fern-bot,Winter 2026,W26,2026,Infrastructure,child
31289,fixture,Winter 2026,W26,2026,B2B,top
31289,fixture,Winter 2026,W26,2026,Sales,child
31243,foreman,Winter 2026,W26,2026,Real Estate and Construction,top
31239,fort,Winter 2026,W26,2026,Consumer,top
31239,fort,Winter 2026,W26,2026,Consumer Electronics,child
31204,forum,Winter 2026,W26,2026,Fintech,top
31048,fullseam,Winter 2026,W26,2026,B2B,top
31048,fullseam,Winter 2026,W26,2026,Finance and Accounting,child
30635,galactic-resource-utilization-space-inc-gru-space,Winter 2026,W26,2026,Industrials,top
30635,galactic-resource-utilization-space-inc-gru-space,Winter 2026,W26,2026,Aviation and Space,child
30973,generalastro,Winter 2026,W26,2026,Industrials,top
30973,generalastro,Winter 2026,W26,2026,Aviation and Space,child
31240,general-legal,Winter 2026,W26,2026,B2B,top
31240,general-legal,Winter 2026,W26,2026,Legal,child
31255,grade,Winter 2026,W26,2026,Fintech,top
31030,haladir,Winter 2026,W26,2026,B2B,top
31030,haladir,Winter 2026,W26,2026,Supply Chain and Logistics,child
31062,hlabs,Winter 2026,W26,2026,Industrials,top
31205,human-archive,Winter 2026,W26,2026,Industrials,top
31205,human-archive,Winter 2026,W26,2026,Manufacturing and Robotics,child
31165,brownie,Winter 2026,W26,2026,B2B,top
31165,brownie,Winter 2026,W26,2026,Infrastructure,child
31168,instinct-xyz,Winter 2026,W26,2026,Fintech,top
31197,inventoryquant,Winter 2026,W26,2026,B2B,top
31023,inviscid-ai,Winter 2026,W26,2026,Industrials,top
31023,inviscid-ai,Winter 2026,W26,2026,Energy,child
31179,jinba,Winter 2026,W26,2026,B2B,top
31274,khotan,Winter 2026,W26,2026,B2B,top
31274,khotan,Winter 2026,W26,2026,Supply Chain and Logistics,child
31083,kita,Winter 2026,W26,2026,Fintech,top
31084,klaus-ai,Winter 2026,W26,2026,B2B,top
31084,klaus-ai,Winter 2026,W26,2026,Infrastructure,child
31120,kyten-technologies,Winter 2026,W26,2026,Industrials,top
31120,kyten-technologies,Winter 2026,W26,2026,Manufacturing and Robotics,child
31089,lance,Winter 2026,W26,2026,B2B,top
31173,laurence,Winter 2026,W26,2026,B2B,top
31173,laurence,Winter 2026,W26,2026,Analytics,child
31101,legalos,Winter 2026,W26,2026,B2B,top
31101,legalos,Winter 2026,W26,2026,Legal,child
31094,lexius,Winter 2026,W26,2026,B2B,top
31094,lexius,Winter 2026,W26,2026,Security,child
31087,lucent,Winter 2026,W26,2026,B2B,top
31137,luel,Winter 2026,W26,2026,B2B,top
31137,luel,Winter 2026,W26,2026,Infrastructure,child
31160,mango-medical-inc,Winter 2026,W26,2026,Healthcare,top
31160,mango-medical-inc,Winter 2026,W26,2026,Healthcare IT,child
31036,mantis,Winter 2026,W26,2026,B2B,top
31036,mantis,Winter 2026,W26,2026,Infrastructure,child
31306,martini,Winter 2026,W26,2026,B2B,top
31306,martini,Winter 2026,W26,2026,"Engineering, Product and Design",child
31253,maven,Winter 2026,W26,2026,B2B,top
31253,maven,Winter 2026,W26,2026,Infrastructure,child
31188,maywood,Winter 2026,W26,2026,Fintech,top
31188,maywood,Winter 2026,W26,2026,Banking and Exchange,child
31210,mendral,Winter 2026,W26,2026,B2B,top
28879,menza,Winter 2026,W26,2026,B2B,top
28879,menza,Winter 2026,W26,2026,Analytics,child
31144,milliray,Winter 2026,W26,2026,Industrials,top
31144,milliray,Winter 2026,W26,2026,Drones,child
31091,mirabelle,Winter 2026,W26,2026,Consumer,top
31091,mirabelle,Winter 2026,W26,2026,Consumer Electronics,child
31269,mochacare,Winter 2026,W26,2026,B2B,top
31269,mochacare,Winter 2026,W26,2026,Operations,child
31252,moda,Winter 2026,W26,2026,B2B,top
31252,moda,Winter 2026,W26,2026,Infrastructure,child
31146,moritz,Winter 2026,W26,2026,B2B,top
31146,moritz,Winter 2026,W26,2026,Legal,child
31132,mousecat,Winter 2026,W26,2026,B2B,top
31019,ndea-com,Winter 2026,W26,2026,Industrials,top
31141,octapulse,Winter 2026,W26,2026,Industrials,top
31141,octapulse,Winter 2026,W26,2026,Climate,child
31081,one-robot,Winter 2026,W26,2026,Industrials,top
31081,one-robot,Winter 2026,W26,2026,Manufacturing and Robotics,child
31163,opalite-health,Winter 2026,W26,2026,Healthcare,top
31116,openspec,Winter 2026,W26,2026,B2B,top
31284,origami-robotics,Winter 2026,W26,2026,Industrials,top
31064,origin-bio,Winter 2026,W26,2026,Healthcare,top
31064,origin-bio,Winter 2026,W26,2026,Drug Discovery and Delivery,child
31154,orthogonal,Winter 2026,W26,2026,B2B,top
31154,orthogonal,Winter 2026,W26,2026,Infrastructure,child
31283,ossus,Winter 2026,W26,2026,B2B,top
31283,ossus,Winter 2026,W26,2026,Infrastructure,child
30641,overdrive-health,Winter 2026,W26,2026,Healthcare,top
30641,overdrive-health,Winter 2026,W26,2026,Healthcare Services,child
31171,overshoot,Winter 2026,W26,2026,B2B,top
31208,oximy,Winter 2026,W26,2026,B2B,top
31208,oximy,Winter 2026,W26,2026,Infrastructure,child
30927,oxus,Winter 2026,W26,2026,B2B,top
31126,palus-finance,Winter 2026,W26,2026,Fintech,top
31077,panta,Winter 2026,W26,2026,Fintech,top
31077,panta,Winter 2026,W26,2026,Insurance,child
31174,parameter,Winter 2026,W26,2026,B2B,top
31174,parameter,Winter 2026,W26,2026,Security,child
31183,patientdeskai,Winter 2026,W26,2026,Healthcare,top
31183,patientdeskai,Winter 2026,W26,2026,Healthcare IT,child
31175,pax-historia,Winter 2026,W26,2026,Consumer,top
31175,pax-historia,Winter 2026,W26,2026,Gaming,child
31066,payna,Winter 2026,W26,2026,B2B,top
31153,perfectly,Winter 2026,W26,2026,B2B,top
31153,perfectly,Winter 2026,W26,2026,Recruiting and Talent,child
31114,pirislabs,Winter 2026,W26,2026,B2B,top
31114,pirislabs,Winter 2026,W26,2026,Infrastructure,child
31214,pocket,Winter 2026,W26,2026,Consumer,top
30765,pollen,Winter 2026,W26,2026,B2B,top
30765,pollen,Winter 2026,W26,2026,Operations,child
31217,polymath,Winter 2026,W26,2026,B2B,top
31275,polymorph,Winter 2026,W26,2026,B2B,top
31177,prana-health,Winter 2026,W26,2026,Healthcare,top
31177,prana-health,Winter 2026,W26,2026,Consumer Health and Wellness,child
31106,protent,Winter 2026,W26,2026,B2B,top
31106,protent,Winter 2026,W26,2026,Security,child
31169,proximitty,Winter 2026,W26,2026,Fintech,top
31169,proximitty,Winter 2026,W26,2026,Credit and Lending,child
31155,q2q,Winter 2026,W26,2026,B2B,top
31155,q2q,Winter 2026,W26,2026,Finance and Accounting,child
31082,quotient-labs,Winter 2026,W26,2026,B2B,top
31082,quotient-labs,Winter 2026,W26,2026,Productivity,child
31097,rev1,Winter 2026,W26,2026,B2B,top
31097,rev1,Winter 2026,W26,2026,"Engineering, Product and Design",child
31145,ramain,Winter 2026,W26,2026,B2B,top
31195,usereframe,Winter 2026,W26,2026,B2B,top
31195,usereframe,Winter 2026,W26,2026,"Engineering, Product and Design",child
31302,remix-3,Winter 2026,W26,2026,Consumer,top
31232,remy-ai,Winter 2026,W26,2026,Industrials,top
31232,remy-ai,Winter 2026,W26,2026,Manufacturing and Robotics,child
31200,ressl-ai,Winter 2026,W26,2026,B2B,top
31189,revion,Winter 2026,W26,2026,B2B,top
31176,rhizome-ai,Winter 2026,W26,2026,B2B,top
31276,ritivel,Winter 2026,W26,2026,Healthcare,top
31276,ritivel,Winter 2026,W26,2026,Healthcare IT,child
31201,robby,Winter 2026,W26,2026,B2B,top
31201,robby,Winter 2026,W26,2026,Productivity,child
31135,robodock,Winter 2026,W26,2026,Industrials,top
31135,robodock,Winter 2026,W26,2026,Energy,child
31280,rubric-ai,Winter 2026,W26,2026,B2B,top
31085,ruma-care,Winter 2026,W26,2026,Healthcare,top
31088,runanywhere,Winter 2026,W26,2026,B2B,top
31088,runanywhere,Winter 2026,W26,2026,Infrastructure,child
31147,salus,Winter 2026,W26,2026,B2B,top
31147,salus,Winter 2026,W26,2026,Infrastructure,child
31206,samora-ai,Winter 2026,W26,2026,B2B,top
31136,scheduling-wizard,Winter 2026,W26,2026,Healthcare,top
31136,scheduling-wizard,Winter 2026,W26,2026,Healthcare IT,child
31180,seeing-systems,Winter 2026,W26,2026,Industrials,top
31180,seeing-systems,Winter 2026,W26,2026,Defense,child
31100,sentrial,Winter 2026,W26,2026,B2B,top
31100,sentrial,Winter 2026,W26,2026,"Engineering, Product and Design",child
31227,sequence-markets,Winter 2026,W26,2026,Fintech,top
31224,servo7,Winter 2026,W26,2026,Industrials,top
31224,servo7,Winter 2026,W26,2026,Manufacturing and Robotics,child
31300,shofo,Winter 2026,W26,2026,B2B,top
31300,shofo,Winter 2026,W26,2026,Infrastructure,child
30639,signals,Winter 2026,W26,2026,B2B,top
31254,sila,Winter 2026,W26,2026,B2B,top
31254,sila,Winter 2026,W26,2026,Productivity,child
31203,sitefire,Winter 2026,W26,2026,B2B,top
31203,sitefire,Winter 2026,W26,2026,Marketing,child
31133,skillsync,Winter 2026,W26,2026,B2B,top
31133,skillsync,Winter 2026,W26,2026,"Engineering, Product and Design",child
31151,sparkles,Winter 2026,W26,2026,B2B,top
31151,sparkles,Winter 2026,W26,2026,"Engineering, Product and Design",child
31159,sponge,Winter 2026,W26,2026,B2B,top
31273,spotpay,Winter 2026,W26,2026,Fintech,top
31273,spotpay,Winter 2026,W26,2026,Consumer Finance,child
31245,squid,Winter 2026,W26,2026,Industrials,top
31245,squid,Winter 2026,W26,2026,Energy,child
31167,stilta,Winter 2026,W26,2026,B2B,top
31108,strand-ai,Winter 2026,W26,2026,Healthcare,top
31108,strand-ai,Winter 2026,W26,2026,Drug Discovery and Delivery,child
31181,synthetic-sciences,Winter 2026,W26,2026,B2B,top
31181,synthetic-sciences,Winter 2026,W26,2026,"Engineering, Product and Design",child
31262,talking-computers,Winter 2026,W26,2026,B2B,top
31127,tepali,Winter 2026,W26,2026,B2B,top
31172,terminal-use,Winter 2026,W26,2026,B2B,top
31172,terminal-use,Winter 2026,W26,2026,Operations,child
31158,terranox-ai,Winter 2026,W26,2026,Industrials,top
31158,terranox-ai,Winter 2026,W26,2026,Energy,child
31250,the-token-company,Winter 2026,W26,2026,B2B,top
31250,the-token-company,Winter 2026,W26,2026,Infrastructure,child
31191,traverse,Winter 2026,W26,2026,B2B,top
30905,travo,Winter 2026,W26,2026,Real Estate and Construction,top
31244,turnstone,Winter 2026,W26,2026,B2B,top
31296,unifold,Winter 2026,W26,2026,Fintech,top
31296,unifold,Winter 2026,W26,2026,Payments,child
31166,unisson,Winter 2026,W26,2026,B2B,top
31166,unisson,Winter 2026,W26,2026,Productivity,child
31271,voygr,Winter 2026,W26,2026,B2B,top
31194,valence,Winter 2026,W26,2026,Fintech,top
31194,valence,Winter 2026,W26,2026,Consumer Finance,child
31057,valgo,Winter 2026,W26,2026,B2B,top
31057,valgo,Winter 2026,W26,2026,"Engineering, Product and Design",child
31000,vector-legal,Winter 2026,W26,2026,B2B,top
31000,vector-legal,Winter 2026,W26,2026,Legal,child
31264,vela,Winter 2026,W26,2026,B2B,top
30876,velum-labs,Winter 2026,W26,2026,B2B,top
31156,ventura,Winter 2026,W26,2026,Industrials,top
31129,verdex,Winter 2026,W26,2026,Fintech,top
31129,verdex,Winter 2026,W26,2026,Insurance,child
31263,veriad,Winter 2026,W26,2026,B2B,top
31182,visibl-semiconductors,Winter 2026,W26,2026,B2B,top
31182,visibl-semiconductors,Winter 2026,W26,2026,"Engineering, Product and Design",child
31003,voltair,Winter 2026,W26,2026,Industrials,top
31003,voltair,Winter 2026,W26,2026,Drones,child
31219,voxel-energy,Winter 2026,W26,2026,Industrials,top
31219,voxel-energy,Winter 2026,W26,2026,Energy,child
31299,wayco,Winter 2026,W26,2026,B2B,top
31299,wayco,Winter 2026,W26,2026,Infrastructure,child
31307,wideframe,Winter 2026,W26,2026,B2B,top
31131,zatanna,Winter 2026,W26,2026,B2B,top
31131,zatanna,Winter 2026,W26,2026,"Engineering, Product and Design",child
31119,zerosettle,Winter 2026,W26,2026,Fintech,top
31119,zerosettle,Winter 2026,W26,2026,Payments,child
31278,zymbly,Winter 2026,W26,2026,B2B,top
31230,o11,Winter 2026,W26,2026,B2B,top
31230,o11,Winter 2026,W26,2026,Finance and Accounting,child
31096,shortkit,Winter 2026,W26,2026,B2B,top
31096,shortkit,Winter 2026,W26,2026,"Engineering, Product and Design",child
31193,9-mothers-corporation,Spring 2026,X26,2026,Industrials,top
31193,9-mothers-corporation,Spring 2026,X26,2026,Defense,child
31442,aice,Spring 2026,X26,2026,Industrials,top
31442,aice,Spring 2026,X26,2026,Defense,child
31485,anoria,Spring 2026,X26,2026,Consumer,top
31485,anoria,Spring 2026,X26,2026,Consumer Electronics,child
31484,abinitio-bio,Spring 2026,X26,2026,Healthcare,top
31484,abinitio-bio,Spring 2026,X26,2026,Drug Discovery and Delivery,child
31434,adialante,Spring 2026,X26,2026,Healthcare,top
31434,adialante,Spring 2026,X26,2026,Diagnostics,child
31043,advanced-metal-research,Spring 2026,X26,2026,Industrials,top
31043,advanced-metal-research,Spring 2026,X26,2026,Manufacturing and Robotics,child
31524,agentphone,Spring 2026,X26,2026,B2B,top
31524,agentphone,Spring 2026,X26,2026,Infrastructure,child
31576,akkari,Spring 2026,X26,2026,B2B,top
31444,alchemize,Spring 2026,X26,2026,B2B,top
31444,alchemize,Spring 2026,X26,2026,"Engineering, Product and Design",child
31447,allowance,Spring 2026,X26,2026,Fintech,top
31447,allowance,Spring 2026,X26,2026,Payments,child
31497,amboras,Spring 2026,X26,2026,B2B,top
31411,andco,Spring 2026,X26,2026,B2B,top
31411,andco,Spring 2026,X26,2026,Legal,child
31367,andustry,Spring 2026,X26,2026,Fintech,top
31503,apollo-atomics-inc,Spring 2026,X26,2026,Industrials,top
31503,apollo-atomics-inc,Spring 2026,X26,2026,Energy,child
31487,aquashield,Spring 2026,X26,2026,Real Estate and Construction,top
31451,archer,Spring 2026,X26,2026,Fintech,top
31451,archer,Spring 2026,X26,2026,Payments,child
31552,arctic-health,Spring 2026,X26,2026,Healthcare,top
31552,arctic-health,Spring 2026,X26,2026,Healthcare Services,child
31525,arden,Spring 2026,X26,2026,B2B,top
31525,arden,Spring 2026,X26,2026,Finance and Accounting,child
31475,ardent,Spring 2026,X26,2026,B2B,top
31475,ardent,Spring 2026,X26,2026,Infrastructure,child
31413,arga-labs,Spring 2026,X26,2026,B2B,top
31535,arlo-industries,Spring 2026,X26,2026,Industrials,top
31535,arlo-industries,Spring 2026,X26,2026,Defense,child
31463,armature,Spring 2026,X26,2026,B2B,top
31463,armature,Spring 2026,X26,2026,"Engineering, Product and Design",child
31511,arzana,Spring 2026,X26,2026,B2B,top
31511,arzana,Spring 2026,X26,2026,Operations,child
31528,asendia-ai,Spring 2026,X26,2026,B2B,top
31465,aseon-labs,Spring 2026,X26,2026,Industrials,top
31465,aseon-labs,Spring 2026,X26,2026,Manufacturing and Robotics,child
31498,asterlab,Spring 2026,X26,2026,B2B,top
31498,asterlab,Spring 2026,X26,2026,Productivity,child
31534,astraea,Spring 2026,X26,2026,B2B,top
31373,atrisa,Spring 2026,X26,2026,B2B,top
31373,atrisa,Spring 2026,X26,2026,"Engineering, Product and Design",child
30408,autostep,Spring 2026,X26,2026,B2B,top
30408,autostep,Spring 2026,X26,2026,Operations,child
31510,auxos,Spring 2026,X26,2026,B2B,top
31530,avea-robotics,Spring 2026,X26,2026,Industrials,top
31530,avea-robotics,Spring 2026,X26,2026,Manufacturing and Robotics,child
31423,bentolabs-ai,Spring 2026,X26,2026,B2B,top
31477,biostack-platforms,Spring 2026,X26,2026,Healthcare,top
31293,trybloom,Spring 2026,X26,2026,B2B,top
31416,callab-ai,Spring 2026,X26,2026,B2B,top
31416,callab-ai,Spring 2026,X26,2026,Operations,child
31543,centralcoms,Spring 2026,X26,2026,Real Estate and Construction,top
31543,centralcoms,Spring 2026,X26,2026,Construction,child
31513,characterquilt,Spring 2026,X26,2026,B2B,top
31513,characterquilt,Spring 2026,X26,2026,Marketing,child
31364,chert,Spring 2026,X26,2026,B2B,top
31468,chronicle-labs,Spring 2026,X26,2026,B2B,top
31117,cignara,Spring 2026,X26,2026,B2B,top
31063,clara-2,Spring 2026,X26,2026,Healthcare,top
31063,clara-2,Spring 2026,X26,2026,Consumer Health and Wellness,child
31554,clawvisor,Spring 2026,X26,2026,B2B,top
31554,clawvisor,Spring 2026,X26,2026,Security,child
31562,cohesion,Spring 2026,X26,2026,B2B,top
31562,cohesion,Spring 2026,X26,2026,Finance and Accounting,child
31443,complir,Spring 2026,X26,2026,B2B,top
31443,complir,Spring 2026,X26,2026,Retail,child
31370,dayjob,Spring 2026,X26,2026,B2B,top
31370,dayjob,Spring 2026,X26,2026,Supply Chain and Logistics,child
31395,deep-interactions,Spring 2026,X26,2026,B2B,top
31362,discovered-materials,Spring 2026,X26,2026,Industrials,top
31294,dispatch,Spring 2026,X26,2026,Industrials,top
31294,dispatch,Spring 2026,X26,2026,Aviation and Space,child
31157,drafted,Spring 2026,X26,2026,Consumer,top
31414,dreach,Spring 2026,X26,2026,B2B,top
31414,dreach,Spring 2026,X26,2026,Infrastructure,child
31454,ed1th,Spring 2026,X26,2026,Consumer,top
31454,ed1th,Spring 2026,X26,2026,Consumer Electronics,child
31489,eden-robotics,Spring 2026,X26,2026,Industrials,top
31489,eden-robotics,Spring 2026,X26,2026,Manufacturing and Robotics,child
31388,elyra,Spring 2026,X26,2026,B2B,top
31549,enjamb-labs,Spring 2026,X26,2026,B2B,top
31516,expanse,Spring 2026,X26,2026,B2B,top
31516,expanse,Spring 2026,X26,2026,Infrastructure,child
30915,finaldose,Spring 2026,X26,2026,Healthcare,top
30915,finaldose,Spring 2026,X26,2026,Therapeutics,child
31488,foaster,Spring 2026,X26,2026,B2B,top
30737,foresight,Spring 2026,X26,2026,B2B,top
30737,foresight,Spring 2026,X26,2026,Analytics,child
31553,framewise-health,Spring 2026,X26,2026,Healthcare,top
31102,fuchsia,Spring 2026,X26,2026,B2B,top
31501,general-aviation,Spring 2026,X26,2026,Industrials,top
31501,general-aviation,Spring 2026,X26,2026,Aviation and Space,child
31456,general-instinct,Spring 2026,X26,2026,Industrials,top
31456,general-instinct,Spring 2026,X26,2026,Manufacturing and Robotics,child
31536,gigacatalyst,Spring 2026,X26,2026,B2B,top
31536,gigacatalyst,Spring 2026,X26,2026,"Engineering, Product and Design",child
31426,gojiberry-ai,Spring 2026,X26,2026,B2B,top
31426,gojiberry-ai,Spring 2026,X26,2026,Sales,child
31381,govguard,Spring 2026,X26,2026,Government,top
31522,gravy,Spring 2026,X26,2026,Fintech,top
31522,gravy,Spring 2026,X26,2026,Consumer Finance,child
31391,hevn-inc,Spring 2026,X26,2026,Fintech,top
31445,runharbor,Spring 2026,X26,2026,Healthcare,top
31323,hedge,Spring 2026,X26,2026,Fintech,top
31323,hedge,Spring 2026,X26,2026,Insurance,child
31496,hessian,Spring 2026,X26,2026,B2B,top
31350,hexa,Spring 2026,X26,2026,B2B,top
31350,hexa,Spring 2026,X26,2026,Supply Chain and Logistics,child
31574,heyclicky,Spring 2026,X26,2026,Consumer,top
31375,hub,Spring 2026,X26,2026,B2B,top
31375,hub,Spring 2026,X26,2026,Infrastructure,child
30646,humwork,Spring 2026,X26,2026,B2B,top
31564,huscarl,Spring 2026,X26,2026,Fintech,top
31564,huscarl,Spring 2026,X26,2026,Insurance,child
31548,hyper-4,Spring 2026,X26,2026,B2B,top
31548,hyper-4,Spring 2026,X26,2026,Productivity,child
31076,imperfect,Spring 2026,X26,2026,Consumer,top
31369,inloop-robotics,Spring 2026,X26,2026,Industrials,top
31369,inloop-robotics,Spring 2026,X26,2026,Manufacturing and Robotics,child
31441,infera,Spring 2026,X26,2026,Healthcare,top
31441,infera,Spring 2026,X26,2026,Industrial Bio,child
31547,insforge,Spring 2026,X26,2026,B2B,top
31547,insforge,Spring 2026,X26,2026,"Engineering, Product and Design",child
31409,instaagent,Spring 2026,X26,2026,B2B,top
31409,instaagent,Spring 2026,X26,2026,Marketing,child
31560,intelligence-factory,Spring 2026,X26,2026,Industrials,top
31560,intelligence-factory,Spring 2026,X26,2026,Manufacturing and Robotics,child
31386,interfaze,Spring 2026,X26,2026,B2B,top
31386,interfaze,Spring 2026,X26,2026,Infrastructure,child
31246,inth,Spring 2026,X26,2026,B2B,top
31246,inth,Spring 2026,X26,2026,Infrastructure,child
31383,juno-chat,Spring 2026,X26,2026,Healthcare,top
31383,juno-chat,Spring 2026,X26,2026,Consumer Health and Wellness,child
31393,kelai,Spring 2026,X26,2026,Fintech,top
31393,kelai,Spring 2026,X26,2026,Asset Management,child
31432,keyframe-labs,Spring 2026,X26,2026,B2B,top
31420,kimpton,Spring 2026,X26,2026,Fintech,top
31420,kimpton,Spring 2026,X26,2026,Asset Management,child
31520,kinect,Spring 2026,X26,2026,B2B,top
31382,kinro,Spring 2026,X26,2026,Fintech,top
31382,kinro,Spring 2026,X26,2026,Insurance,child
31539,klaimee,Spring 2026,X26,2026,Fintech,top
31539,klaimee,Spring 2026,X26,2026,Insurance,child
31326,klarify,Spring 2026,X26,2026,Healthcare,top
31326,klarify,Spring 2026,X26,2026,Healthcare IT,child
31327,korso,Spring 2026,X26,2026,B2B,top
31540,kugelaudio,Spring 2026,X26,2026,B2B,top
31540,kugelaudio,Spring 2026,X26,2026,Infrastructure,child
31473,kuli,Spring 2026,X26,2026,B2B,top
31473,kuli,Spring 2026,X26,2026,Marketing,child
31424,lab0,Spring 2026,X26,2026,B2B,top
31421,lamina-labs,Spring 2026,X26,2026,B2B,top
31421,lamina-labs,Spring 2026,X26,2026,"Engineering, Product and Design",child
31533,lattice-health,Spring 2026,X26,2026,Healthcare,top
31376,light-anchor,Spring 2026,X26,2026,Consumer,top
31360,lightsprint,Spring 2026,X26,2026,B2B,top
31360,lightsprint,Spring 2026,X26,2026,"Engineering, Product and Design",child
31377,limrun,Spring 2026,X26,2026,B2B,top
31377,limrun,Spring 2026,X26,2026,Infrastructure,child
31046,linzumi,Spring 2026,X26,2026,B2B,top
31046,linzumi,Spring 2026,X26,2026,"Engineering, Product and Design",child
31435,lumius,Spring 2026,X26,2026,Healthcare,top
31435,lumius,Spring 2026,X26,2026,Medical Devices,child
31399,madrone,Spring 2026,X26,2026,Industrials,top
31399,madrone,Spring 2026,X26,2026,Energy,child
31531,manicule,Spring 2026,X26,2026,B2B,top
31531,manicule,Spring 2026,X26,2026,Marketing,child
31561,maquoketa-research,Spring 2026,X26,2026,Industrials,top
31561,maquoketa-research,Spring 2026,X26,2026,Defense,child
31335,memoir,Spring 2026,X26,2026,B2B,top
31335,memoir,Spring 2026,X26,2026,Marketing,child
31482,memory-store,Spring 2026,X26,2026,B2B,top
31482,memory-store,Spring 2026,X26,2026,Infrastructure,child
31453,minicor,Spring 2026,X26,2026,B2B,top
31453,minicor,Spring 2026,X26,2026,Infrastructure,child
30723,miso-labs,Spring 2026,X26,2026,B2B,top
30723,miso-labs,Spring 2026,X26,2026,Infrastructure,child
31529,mochatrade,Spring 2026,X26,2026,Fintech,top
31529,mochatrade,Spring 2026,X26,2026,Consumer Finance,child
31545,modern,Spring 2026,X26,2026,B2B,top
31545,modern,Spring 2026,X26,2026,Operations,child
31440,mount,Spring 2026,X26,2026,Fintech,top
31440,mount,Spring 2026,X26,2026,Insurance,child
31343,multiplier,Spring 2026,X26,2026,B2B,top
31427,napkin-math,Spring 2026,X26,2026,Consumer,top
31221,netter,Spring 2026,X26,2026,B2B,top
31221,netter,Spring 2026,X26,2026,Analytics,child
31366,nine-fives,Spring 2026,X26,2026,Industrials,top
31366,nine-fives,Spring 2026,X26,2026,Manufacturing and Robotics,child
31429,oddpool,Spring 2026,X26,2026,B2B,top
31429,oddpool,Spring 2026,X26,2026,"Engineering, Product and Design",child
31428,ontora,Spring 2026,X26,2026,B2B,top
31428,ontora,Spring 2026,X26,2026,Operations,child
31500,openprose,Spring 2026,X26,2026,B2B,top
31500,openprose,Spring 2026,X26,2026,"Engineering, Product and Design",child
31505,openwork,Spring 2026,X26,2026,B2B,top
31505,openwork,Spring 2026,X26,2026,Productivity,child
31486,ornadyne,Spring 2026,X26,2026,Industrials,top
31486,ornadyne,Spring 2026,X26,2026,Drones,child
31460,plan0-ai,Spring 2026,X26,2026,Real Estate and Construction,top
31417,pairio,Spring 2026,X26,2026,B2B,top
31544,panacea,Spring 2026,X26,2026,Healthcare,top
31544,panacea,Spring 2026,X26,2026,Healthcare Services,child
31439,useparrot,Spring 2026,X26,2026,B2B,top
31398,pavoot,Spring 2026,X26,2026,B2B,top
31398,pavoot,Spring 2026,X26,2026,Marketing,child
31512,pentagon,Spring 2026,X26,2026,B2B,top
31512,pentagon,Spring 2026,X26,2026,Productivity,child
31333,perfectbit-inc,Spring 2026,X26,2026,B2B,top
31550,playablai,Spring 2026,X26,2026,Consumer,top
31550,playablai,Spring 2026,X26,2026,Gaming,child
31493,plena-health,Spring 2026,X26,2026,Healthcare,top
31493,plena-health,Spring 2026,X26,2026,Healthcare Services,child
31041,ploy,Spring 2026,X26,2026,B2B,top
31480,pops,Spring 2026,X26,2026,Consumer,top
31480,pops,Spring 2026,X26,2026,Gaming,child
30944,tryprism,Spring 2026,X26,2026,B2B,top
30944,tryprism,Spring 2026,X26,2026,Recruiting and Talent,child
31507,projectx,Spring 2026,X26,2026,B2B,top
31507,projectx,Spring 2026,X26,2026,Infrastructure,child
31436,prototypingio,Spring 2026,X26,2026,Industrials,top
31436,prototypingio,Spring 2026,X26,2026,Manufacturing and Robotics,child
31494,raspire,Spring 2026,X26,2026,B2B,top
31494,raspire,Spring 2026,X26,2026,Security,child
31458,reason-machines,Spring 2026,X26,2026,B2B,top
31458,reason-machines,Spring 2026,X26,2026,Productivity,child
31546,reasonblocks,Spring 2026,X26,2026,B2B,top
31279,regbase,Spring 2026,X26,2026,B2B,top
31279,regbase,Spring 2026,X26,2026,Legal,child
31410,rentahuman,Spring 2026,X26,2026,Consumer,top
31410,rentahuman,Spring 2026,X26,2026,Job and Career Services,child
31345,replicas,Spring 2026,X26,2026,B2B,top
31345,replicas,Spring 2026,X26,2026,"Engineering, Product and Design",child
31438,result,Spring 2026,X26,2026,Consumer,top
31527,revnu,Spring 2026,X26,2026,B2B,top
31527,revnu,Spring 2026,X26,2026,Marketing,child
31450,river-markets,Spring 2026,X26,2026,Fintech,top
31346,rudus,Spring 2026,X26,2026,Real Estate and Construction,top
31346,rudus,Spring 2026,X26,2026,Construction,child
31518,runtime,Spring 2026,X26,2026,B2B,top
31518,runtime,Spring 2026,X26,2026,"Engineering, Product and Design",child
31363,saffron,Spring 2026,X26,2026,B2B,top
31363,saffron,Spring 2026,X26,2026,Recruiting and Talent,child
31408,salesgraph,Spring 2026,X26,2026,B2B,top
31408,salesgraph,Spring 2026,X26,2026,Sales,child
31481,saudara-ai,Spring 2026,X26,2026,B2B,top
31433,savant,Spring 2026,X26,2026,B2B,top
31433,savant,Spring 2026,X26,2026,Productivity,child
31211,sazabi,Spring 2026,X26,2026,B2B,top
31211,sazabi,Spring 2026,X26,2026,Infrastructure,child
31351,scope,Spring 2026,X26,2026,B2B,top
31407,sherpa,Spring 2026,X26,2026,B2B,top
31478,silmaril,Spring 2026,X26,2026,B2B,top
30779,smartbase,Spring 2026,X26,2026,B2B,top
30779,smartbase,Spring 2026,X26,2026,Operations,child
31464,soria,Spring 2026,X26,2026,Fintech,top
31464,soria,Spring 2026,X26,2026,Asset Management,child
31419,stablebrowse,Spring 2026,X26,2026,Industrials,top
31419,stablebrowse,Spring 2026,X26,2026,Manufacturing and Robotics,child
31332,stage,Spring 2026,X26,2026,B2B,top
31332,stage,Spring 2026,X26,2026,"Engineering, Product and Design",child
31330,standard-signal,Spring 2026,X26,2026,Fintech,top
31330,standard-signal,Spring 2026,X26,2026,Asset Management,child
31402,standout,Spring 2026,X26,2026,B2B,top
31402,standout,Spring 2026,X26,2026,Recruiting and Talent,child
31380,superlog,Spring 2026,X26,2026,B2B,top
31380,superlog,Spring 2026,X26,2026,"Engineering, Product and Design",child
31222,superset,Spring 2026,X26,2026,B2B,top
31222,superset,Spring 2026,X26,2026,"Engineering, Product and Design",child
31325,surtr-defense-systems,Spring 2026,X26,2026,Industrials,top
31325,surtr-defense-systems,Spring 2026,X26,2026,Defense,child
31415,synphony,Spring 2026,X26,2026,Industrials,top
31415,synphony,Spring 2026,X26,2026,Manufacturing and Robotics,child
31418,taiga,Spring 2026,X26,2026,Healthcare,top
31418,taiga,Spring 2026,X26,2026,Healthcare Services,child
30963,takecareos,Spring 2026,X26,2026,B2B,top
31470,tasklet-2,Spring 2026,X26,2026,B2B,top
31470,tasklet-2,Spring 2026,X26,2026,Productivity,child
31374,tenet-industries,Spring 2026,X26,2026,Industrials,top
31374,tenet-industries,Spring 2026,X26,2026,Defense,child
31491,testerarmy,Spring 2026,X26,2026,B2B,top
31491,testerarmy,Spring 2026,X26,2026,"Engineering, Product and Design",child
31371,the-company-company,Spring 2026,X26,2026,B2B,top
31563,thomas,Spring 2026,X26,2026,B2B,top
31506,tolmo,Spring 2026,X26,2026,B2B,top
31506,tolmo,Spring 2026,X26,2026,Security,child
31344,totalis,Spring 2026,X26,2026,Fintech,top
31344,totalis,Spring 2026,X26,2026,Consumer Finance,child
31372,trellistech,Spring 2026,X26,2026,B2B,top
31372,trellistech,Spring 2026,X26,2026,Operations,child
31359,twolabs,Spring 2026,X26,2026,Industrials,top
31359,twolabs,Spring 2026,X26,2026,Manufacturing and Robotics,child
31526,uno-wallet,Spring 2026,X26,2026,Fintech,top
31526,uno-wallet,Spring 2026,X26,2026,Payments,child
31404,userlens,Spring 2026,X26,2026,B2B,top
31404,userlens,Spring 2026,X26,2026,Productivity,child
31457,valctrl,Spring 2026,X26,2026,Fintech,top
31457,valctrl,Spring 2026,X26,2026,Banking and Exchange,child
31430,voquill,Spring 2026,X26,2026,Healthcare,top
31466,walter,Spring 2026,X26,2026,B2B,top
31466,walter,Spring 2026,X26,2026,Operations,child
31472,wato,Spring 2026,X26,2026,B2B,top
31472,wato,Spring 2026,X26,2026,Infrastructure,child
31390,wealor,Spring 2026,X26,2026,Fintech,top
31390,wealor,Spring 2026,X26,2026,Asset Management,child
31517,youart,Spring 2026,X26,2026,Consumer,top
31517,youart,Spring 2026,X26,2026,Content,child
31368,zenbu-2,Spring 2026,X26,2026,B2B,top
31368,zenbu-2,Spring 2026,X26,2026,"Engineering, Product and Design",child
31459,zibra-labs,Spring 2026,X26,2026,B2B,top
31459,zibra-labs,Spring 2026,X26,2026,Infrastructure,child
31385,zolvo,Spring 2026,X26,2026,Fintech,top
31385,zolvo,Spring 2026,X26,2026,Credit and Lending,child
31538,flowscope,Spring 2026,X26,2026,B2B,top
29155,jo,Spring 2026,X26,2026,Consumer,top
31329,primitive,Spring 2026,X26,2026,B2B,top
31329,primitive,Spring 2026,X26,2026,Infrastructure,child
31396,qomplement,Spring 2026,X26,2026,B2B,top
31400,shotwellai,Spring 2026,X26,2026,Industrials,top
31400,shotwellai,Spring 2026,X26,2026,Manufacturing and Robotics,child
31448,smol-machines,Spring 2026,X26,2026,B2B,top
31448,smol-machines,Spring 2026,X26,2026,Infrastructure,child
31455,tdaycom,Spring 2026,X26,2026,B2B,top
31455,tdaycom,Spring 2026,X26,2026,Marketing,child
31403,transload,Spring 2026,X26,2026,B2B,top
31403,transload,Spring 2026,X26,2026,Supply Chain and Logistics,child
32552,6thsense,Summer 2026,S26,2026,Industrials,top
32552,6thsense,Summer 2026,S26,2026,Manufacturing and Robotics,child
33056,83-sciences,Summer 2026,S26,2026,Industrials,top
32584,aerogen-systems,Summer 2026,S26,2026,Industrials,top
32518,agency-tool-company,Summer 2026,S26,2026,Industrials,top
32518,agency-tool-company,Summer 2026,S26,2026,Manufacturing and Robotics,child
33250,agent-fm,Summer 2026,S26,2026,B2B,top
33250,agent-fm,Summer 2026,S26,2026,"Engineering, Product and Design",child
33018,agentcard,Summer 2026,S26,2026,Fintech,top
33019,agnost-ai,Summer 2026,S26,2026,B2B,top
33019,agnost-ai,Summer 2026,S26,2026,Analytics,child
32619,akon-labs,Summer 2026,S26,2026,B2B,top
32621,aktoria-robotics,Summer 2026,S26,2026,Industrials,top
32621,aktoria-robotics,Summer 2026,S26,2026,Manufacturing and Robotics,child
32262,alkera-ai,Summer 2026,S26,2026,B2B,top
32262,alkera-ai,Summer 2026,S26,2026,"Engineering, Product and Design",child
33441,allia-health,Summer 2026,S26,2026,Healthcare,top
33441,allia-health,Summer 2026,S26,2026,Healthcare Services,child
32204,alloovium,Summer 2026,S26,2026,Real Estate and Construction,top
32204,alloovium,Summer 2026,S26,2026,Construction,child
32588,almanac,Summer 2026,S26,2026,B2B,top
31557,amorphic-labs,Summer 2026,S26,2026,B2B,top
31557,amorphic-labs,Summer 2026,S26,2026,"Engineering, Product and Design",child
31298,applied-electrodynamics-inc,Summer 2026,S26,2026,Industrials,top
32749,arbital,Summer 2026,S26,2026,Fintech,top
32749,arbital,Summer 2026,S26,2026,Consumer Finance,child
31216,archal,Summer 2026,S26,2026,B2B,top
31216,archal,Summer 2026,S26,2026,Infrastructure,child
31184,assemble,Summer 2026,S26,2026,B2B,top
30653,withasync,Summer 2026,S26,2026,B2B,top
31532,atlas-discovery,Summer 2026,S26,2026,Healthcare,top
31532,atlas-discovery,Summer 2026,S26,2026,Drug Discovery and Delivery,child
31257,atlia,Summer 2026,S26,2026,Real Estate and Construction,top
31257,atlia,Summer 2026,S26,2026,Housing and Real Estate,child
33607,atomarine,Summer 2026,S26,2026,Industrials,top
33607,atomarine,Summer 2026,S26,2026,Energy,child
32222,audun,Summer 2026,S26,2026,Fintech,top
33314,avoca-systems,Summer 2026,S26,2026,Healthcare,top
33045,axelrod,Summer 2026,S26,2026,B2B,top
28841,baud,Summer 2026,S26,2026,Industrials,top
32133,belvedir,Summer 2026,S26,2026,B2B,top
32161,bernard,Summer 2026,S26,2026,B2B,top
32161,bernard,Summer 2026,S26,2026,Operations,child
33606,billow-ai-labs,Summer 2026,S26,2026,B2B,top
33606,billow-ai-labs,Summer 2026,S26,2026,Finance and Accounting,child
32200,bizmark,Summer 2026,S26,2026,B2B,top
32551,bloomy,Summer 2026,S26,2026,Education,top
32197,buildbox,Summer 2026,S26,2026,B2B,top
32197,buildbox,Summer 2026,S26,2026,Analytics,child
32220,ai-coach,Summer 2026,S26,2026,B2B,top
32220,ai-coach,Summer 2026,S26,2026,Sales,child
32288,callbook-ai,Summer 2026,S26,2026,B2B,top
33046,carsignal,Summer 2026,S26,2026,B2B,top
33021,care-gp,Summer 2026,S26,2026,Healthcare,top
33673,caution,Summer 2026,S26,2026,B2B,top
33673,caution,Summer 2026,S26,2026,Infrastructure,child
32520,cerenovus,Summer 2026,S26,2026,B2B,top
32520,cerenovus,Summer 2026,S26,2026,Operations,child
33055,chromie,Summer 2026,S26,2026,B2B,top
32618,click,Summer 2026,S26,2026,B2B,top
32618,click,Summer 2026,S26,2026,Analytics,child
33738,coarena,Summer 2026,S26,2026,B2B,top
33738,coarena,Summer 2026,S26,2026,"Engineering, Product and Design",child
32230,codag,Summer 2026,S26,2026,B2B,top
32230,codag,Summer 2026,S26,2026,Infrastructure,child
32814,computable,Summer 2026,S26,2026,Fintech,top
33936,conifer,Summer 2026,S26,2026,B2B,top
32227,contextdev,Summer 2026,S26,2026,B2B,top
32227,contextdev,Summer 2026,S26,2026,Infrastructure,child
31261,control-seat,Summer 2026,S26,2026,Industrials,top
33012,cosmic-robotics,Summer 2026,S26,2026,Industrials,top
31268,cova,Summer 2026,S26,2026,Healthcare,top
33345,cuebench,Summer 2026,S26,2026,B2B,top
32649,daqstra,Summer 2026,S26,2026,B2B,top
31223,datoric,Summer 2026,S26,2026,B2B,top
33344,dawn-industries,Summer 2026,S26,2026,Industrials,top
33344,dawn-industries,Summer 2026,S26,2026,Manufacturing and Robotics,child
33047,decawork,Summer 2026,S26,2026,B2B,top
33047,decawork,Summer 2026,S26,2026,Infrastructure,child
32206,deepreach-inc,Summer 2026,S26,2026,B2B,top
32286,definite,Summer 2026,S26,2026,B2B,top
32286,definite,Summer 2026,S26,2026,Finance and Accounting,child
32782,denta,Summer 2026,S26,2026,Fintech,top
32782,denta,Summer 2026,S26,2026,Insurance,child
33050,derya,Summer 2026,S26,2026,B2B,top
33050,derya,Summer 2026,S26,2026,Supply Chain and Logistics,child
32202,dialogus,Summer 2026,S26,2026,B2B,top
32202,dialogus,Summer 2026,S26,2026,Infrastructure,child
31277,dipole-labs,Summer 2026,S26,2026,Industrials,top
33248,dock,Summer 2026,S26,2026,B2B,top
32122,donkey,Summer 2026,S26,2026,B2B,top
32122,donkey,Summer 2026,S26,2026,Supply Chain and Logistics,child
31258,dream,Summer 2026,S26,2026,B2B,top
33281,earendil-robotics,Summer 2026,S26,2026,Industrials,top
33281,earendil-robotics,Summer 2026,S26,2026,Defense,child
31582,edgerun,Summer 2026,S26,2026,Industrials,top
31582,edgerun,Summer 2026,S26,2026,Defense,child
32484,edotenv,Summer 2026,S26,2026,B2B,top
33805,edviro,Summer 2026,S26,2026,B2B,top
33805,edviro,Summer 2026,S26,2026,Infrastructure,child
32129,egoist-machines,Summer 2026,S26,2026,Consumer,top
32753,ekho-labs,Summer 2026,S26,2026,B2B,top
32753,ekho-labs,Summer 2026,S26,2026,Supply Chain and Logistics,child
31234,ekpa,Summer 2026,S26,2026,Fintech,top
31234,ekpa,Summer 2026,S26,2026,Asset Management,child
32156,enact,Summer 2026,S26,2026,Industrials,top
32156,enact,Summer 2026,S26,2026,Manufacturing and Robotics,child
32124,erinys,Summer 2026,S26,2026,B2B,top
32124,erinys,Summer 2026,S26,2026,Legal,child
33312,ethos-space-resources,Summer 2026,S26,2026,Industrials,top
33312,ethos-space-resources,Summer 2026,S26,2026,Aviation and Space,child
30735,evergrove,Summer 2026,S26,2026,Healthcare,top
32947,executor,Summer 2026,S26,2026,B2B,top
32947,executor,Summer 2026,S26,2026,Infrastructure,child
32233,exosat,Summer 2026,S26,2026,Industrials,top
32233,exosat,Summer 2026,S26,2026,Aviation and Space,child
33806,experiential-labs,Summer 2026,S26,2026,B2B,top
33806,experiential-labs,Summer 2026,S26,2026,Infrastructure,child
32624,fabraix,Summer 2026,S26,2026,B2B,top
32624,fabraix,Summer 2026,S26,2026,Security,child
32987,familiar,Summer 2026,S26,2026,B2B,top
32987,familiar,Summer 2026,S26,2026,Infrastructure,child
32816,financial-datasets,Summer 2026,S26,2026,B2B,top
32193,floracene,Summer 2026,S26,2026,Healthcare,top
33282,florin,Summer 2026,S26,2026,Fintech,top
33282,florin,Summer 2026,S26,2026,Insurance,child
32525,flowmanual,Summer 2026,S26,2026,Real Estate and Construction,top
32525,flowmanual,Summer 2026,S26,2026,Construction,child
30923,frontier-computing,Summer 2026,S26,2026,Industrials,top
32194,guild,Summer 2026,S26,2026,Industrials,top
32194,guild,Summer 2026,S26,2026,Defense,child
33016,gamgee,Summer 2026,S26,2026,Healthcare,top
33016,gamgee,Summer 2026,S26,2026,Drug Discovery and Delivery,child
31592,gitcafe,Summer 2026,S26,2026,B2B,top
31592,gitcafe,Summer 2026,S26,2026,Infrastructure,child
32226,glen,Summer 2026,S26,2026,B2B,top
32226,glen,Summer 2026,S26,2026,Productivity,child
32583,graphify-labs,Summer 2026,S26,2026,B2B,top
32583,graphify-labs,Summer 2026,S26,2026,"Engineering, Product and Design",child
32586,greypoint-industries,Summer 2026,S26,2026,Industrials,top
32586,greypoint-industries,Summer 2026,S26,2026,Defense,child
33144,grip,Summer 2026,S26,2026,Industrials,top
33144,grip,Summer 2026,S26,2026,Manufacturing and Robotics,child
32221,grocalo,Summer 2026,S26,2026,Consumer,top
32221,grocalo,Summer 2026,S26,2026,Content,child
32170,gutgutgoose,Summer 2026,S26,2026,Healthcare,top
32123,manufacturingintelligence,Summer 2026,S26,2026,Industrials,top
33279,hebbian-robotics,Summer 2026,S26,2026,Industrials,top
33279,hebbian-robotics,Summer 2026,S26,2026,Manufacturing and Robotics,child
32585,hilstart,Summer 2026,S26,2026,Industrials,top
32585,hilstart,Summer 2026,S26,2026,Manufacturing and Robotics,child
33277,hop-aero,Summer 2026,S26,2026,Industrials,top
33277,hop-aero,Summer 2026,S26,2026,Defense,child
32089,hoplite,Summer 2026,S26,2026,B2B,top
32089,hoplite,Summer 2026,S26,2026,"Engineering, Product and Design",child
33062,hubble-ai,Summer 2026,S26,2026,Healthcare,top
33062,hubble-ai,Summer 2026,S26,2026,Healthcare IT,child
33177,hyperprobe,Summer 2026,S26,2026,B2B,top
33177,hyperprobe,Summer 2026,S26,2026,"Engineering, Product and Design",child
32188,impact-drones,Summer 2026,S26,2026,Industrials,top
32188,impact-drones,Summer 2026,S26,2026,Defense,child
31340,illume-labs,Summer 2026,S26,2026,Healthcare,top
31340,illume-labs,Summer 2026,S26,2026,Consumer Health and Wellness,child
30672,induction-labs,Summer 2026,S26,2026,B2B,top
30672,induction-labs,Summer 2026,S26,2026,Infrastructure,child
33014,inkbox,Summer 2026,S26,2026,B2B,top
33014,inkbox,Summer 2026,S26,2026,Infrastructure,child
32190,instaplay,Summer 2026,S26,2026,Consumer,top
32190,instaplay,Summer 2026,S26,2026,Gaming,child
32187,insurf,Summer 2026,S26,2026,Healthcare,top
32781,isengard-industries-inc,Summer 2026,S26,2026,Industrials,top
32781,isengard-industries-inc,Summer 2026,S26,2026,Defense,child
32172,jcode,Summer 2026,S26,2026,Consumer,top
32137,kara,Summer 2026,S26,2026,Industrials,top
31825,kebra,Summer 2026,S26,2026,B2B,top
31825,kebra,Summer 2026,S26,2026,Operations,child
32682,lato,Summer 2026,S26,2026,B2B,top
33054,lamb-labs,Summer 2026,S26,2026,B2B,top
32914,last-accounting-company,Summer 2026,S26,2026,B2B,top
32914,last-accounting-company,Summer 2026,S26,2026,Finance and Accounting,child
32171,lemonlime,Summer 2026,S26,2026,B2B,top
33023,levocred-ai,Summer 2026,S26,2026,Fintech,top
31226,libra-robotics,Summer 2026,S26,2026,Industrials,top
31226,libra-robotics,Summer 2026,S26,2026,Manufacturing and Robotics,child
31304,litmus-hiring,Summer 2026,S26,2026,B2B,top
33283,locke,Summer 2026,S26,2026,B2B,top
32848,luca-iq,Summer 2026,S26,2026,B2B,top
32848,luca-iq,Summer 2026,S26,2026,Finance and Accounting,child
32985,lumeria,Summer 2026,S26,2026,Healthcare,top
32985,lumeria,Summer 2026,S26,2026,Consumer Health and Wellness,child
32191,lyon,Summer 2026,S26,2026,B2B,top
32191,lyon,Summer 2026,S26,2026,Analytics,child
32205,mochitv,Summer 2026,S26,2026,Consumer,top
32205,mochitv,Summer 2026,S26,2026,Content,child
33639,magma,Summer 2026,S26,2026,B2B,top
33639,magma,Summer 2026,S26,2026,Infrastructure,child
32157,maingen,Summer 2026,S26,2026,Industrials,top
32157,maingen,Summer 2026,S26,2026,Energy,child
32260,manifold-2,Summer 2026,S26,2026,Industrials,top
32260,manifold-2,Summer 2026,S26,2026,Manufacturing and Robotics,child
32223,joinmarble,Summer 2026,S26,2026,B2B,top
32981,marengo,Summer 2026,S26,2026,Industrials,top
32981,marengo,Summer 2026,S26,2026,Energy,child
31352,marker,Summer 2026,S26,2026,B2B,top
31352,marker,Summer 2026,S26,2026,Productivity,child
32988,markov,Summer 2026,S26,2026,B2B,top
32988,markov,Summer 2026,S26,2026,Infrastructure,child
32128,mass-magnetics,Summer 2026,S26,2026,Industrials,top
32128,mass-magnetics,Summer 2026,S26,2026,Defense,child
31495,mentlio,Summer 2026,S26,2026,B2B,top
31249,meteoric,Summer 2026,S26,2026,Industrials,top
31249,meteoric,Summer 2026,S26,2026,Climate,child
33052,mireye,Summer 2026,S26,2026,B2B,top
33052,mireye,Summer 2026,S26,2026,Infrastructure,child
32521,molagri,Summer 2026,S26,2026,Industrials,top
32521,molagri,Summer 2026,S26,2026,Agriculture,child
32201,mosaic-inc,Summer 2026,S26,2026,B2B,top
31341,most-robotic,Summer 2026,S26,2026,Industrials,top
31341,most-robotic,Summer 2026,S26,2026,Manufacturing and Robotics,child
32752,moving-atoms,Summer 2026,S26,2026,Industrials,top
32752,moving-atoms,Summer 2026,S26,2026,Manufacturing and Robotics,child
32138,nebula-security,Summer 2026,S26,2026,B2B,top
32138,nebula-security,Summer 2026,S26,2026,Security,child
32716,neuromorphic,Summer 2026,S26,2026,Industrials,top
32716,neuromorphic,Summer 2026,S26,2026,Manufacturing and Robotics,child
32717,neuron-industries,Summer 2026,S26,2026,Industrials,top
32717,neuron-industries,Summer 2026,S26,2026,Manufacturing and Robotics,child
33342,nex,Summer 2026,S26,2026,B2B,top
33342,nex,Summer 2026,S26,2026,Sales,child
32553,noril1,Summer 2026,S26,2026,Industrials,top
32553,noril1,Summer 2026,S26,2026,Manufacturing and Robotics,child
30728,os3,Summer 2026,S26,2026,Industrials,top
30728,os3,Summer 2026,S26,2026,Manufacturing and Robotics,child
32130,olam-labs,Summer 2026,S26,2026,B2B,top
32623,omanta,Summer 2026,S26,2026,Healthcare,top
33320,onecli,Summer 2026,S26,2026,B2B,top
33320,onecli,Summer 2026,S26,2026,Security,child
31074,onetriangle,Summer 2026,S26,2026,B2B,top
31074,onetriangle,Summer 2026,S26,2026,Infrastructure,child
32554,ooak-data,Summer 2026,S26,2026,B2B,top
33249,openrelay,Summer 2026,S26,2026,B2B,top
33249,openrelay,Summer 2026,S26,2026,"Engineering, Product and Design",child
33969,opentag,Summer 2026,S26,2026,B2B,top
32121,opentrade,Summer 2026,S26,2026,Consumer,top
31301,openvector,Summer 2026,S26,2026,B2B,top
31301,openvector,Summer 2026,S26,2026,Infrastructure,child
31342,osmaura,Summer 2026,S26,2026,B2B,top
33540,osseus,Summer 2026,S26,2026,B2B,top
33540,osseus,Summer 2026,S26,2026,"Engineering, Product and Design",child
33278,princeps,Summer 2026,S26,2026,Fintech,top
33278,princeps,Summer 2026,S26,2026,Insurance,child
32913,pacific,Summer 2026,S26,2026,Industrials,top
31349,palette-2,Summer 2026,S26,2026,B2B,top
32136,palisade,Summer 2026,S26,2026,B2B,top
32136,palisade,Summer 2026,S26,2026,"Engineering, Product and Design",child
33059,palisade-2,Summer 2026,S26,2026,B2B,top
33059,palisade-2,Summer 2026,S26,2026,Security,child
31989,pango,Summer 2026,S26,2026,B2B,top
31989,pango,Summer 2026,S26,2026,Retail,child
32134,parasma,Summer 2026,S26,2026,B2B,top
32134,parasma,Summer 2026,S26,2026,Infrastructure,child
32522,peer,Summer 2026,S26,2026,B2B,top
32522,peer,Summer 2026,S26,2026,Supply Chain and Logistics,child
33048,pennant,Summer 2026,S26,2026,Fintech,top
33048,pennant,Summer 2026,S26,2026,Asset Management,child
32127,perceptron-ml,Summer 2026,S26,2026,B2B,top
33310,petrarch,Summer 2026,S26,2026,B2B,top
32526,talentpluto,Summer 2026,S26,2026,B2B,top
32526,talentpluto,Summer 2026,S26,2026,Recruiting and Talent,child
32748,pokerclubhub,Summer 2026,S26,2026,Consumer,top
32748,pokerclubhub,Summer 2026,S26,2026,Gaming,child
31272,poth-labs,Summer 2026,S26,2026,B2B,top
33022,praxis-robotics,Summer 2026,S26,2026,Industrials,top
31086,prescience-inc,Summer 2026,S26,2026,Healthcare,top
32164,prized,Summer 2026,S26,2026,B2B,top
32164,prized,Summer 2026,S26,2026,"Engineering, Product and Design",child
32254,prodigy-research,Summer 2026,S26,2026,Fintech,top
31569,proprio-robotics,Summer 2026,S26,2026,Industrials,top
31569,proprio-robotics,Summer 2026,S26,2026,Manufacturing and Robotics,child
33017,provenmetal,Summer 2026,S26,2026,Industrials,top
33017,provenmetal,Summer 2026,S26,2026,Manufacturing and Robotics,child
32625,qlo,Summer 2026,S26,2026,Fintech,top
32625,qlo,Summer 2026,S26,2026,Insurance,child
33020,radley,Summer 2026,S26,2026,Healthcare,top
31161,rapidfolio,Summer 2026,S26,2026,B2B,top
32261,rasyn,Summer 2026,S26,2026,Healthcare,top
32622,rational,Summer 2026,S26,2026,B2B,top
32622,rational,Summer 2026,S26,2026,Operations,child
32195,realpact,Summer 2026,S26,2026,Real Estate and Construction,top
32195,realpact,Summer 2026,S26,2026,Housing and Real Estate,child
32155,rex-inc,Summer 2026,S26,2026,B2B,top
32155,rex-inc,Summer 2026,S26,2026,Finance and Accounting,child
32198,riften,Summer 2026,S26,2026,B2B,top
32198,riften,Summer 2026,S26,2026,Infrastructure,child
31570,rindler,Summer 2026,S26,2026,B2B,top
31570,rindler,Summer 2026,S26,2026,"Engineering, Product and Design",child
32192,rise-reforming,Summer 2026,S26,2026,Industrials,top
32192,rise-reforming,Summer 2026,S26,2026,Climate,child
32650,risklytics,Summer 2026,S26,2026,Fintech,top
32650,risklytics,Summer 2026,S26,2026,Insurance,child
33349,robocurve,Summer 2026,S26,2026,Industrials,top
33349,robocurve,Summer 2026,S26,2026,Manufacturing and Robotics,child
32979,ronanrx-inc,Summer 2026,S26,2026,Healthcare,top
33408,salem-robotics-inc,Summer 2026,S26,2026,Industrials,top
33408,salem-robotics-inc,Summer 2026,S26,2026,Manufacturing and Robotics,child
32131,shielded,Summer 2026,S26,2026,B2B,top
32131,shielded,Summer 2026,S26,2026,Finance and Accounting,child
33053,shiraz-ai,Summer 2026,S26,2026,Industrials,top
33053,shiraz-ai,Summer 2026,S26,2026,Manufacturing and Robotics,child
31437,textsidekick,Summer 2026,S26,2026,B2B,top
31437,textsidekick,Summer 2026,S26,2026,Operations,child
33111,skymerse,Summer 2026,S26,2026,Industrials,top
33111,skymerse,Summer 2026,S26,2026,Aviation and Space,child
33311,spaceflow-technologies-inc,Summer 2026,S26,2026,B2B,top
33311,spaceflow-technologies-inc,Summer 2026,S26,2026,Supply Chain and Logistics,child
32257,spectre-intelligence,Summer 2026,S26,2026,Fintech,top
32257,spectre-intelligence,Summer 2026,S26,2026,Asset Management,child
32169,speko,Summer 2026,S26,2026,B2B,top
32169,speko,Summer 2026,S26,2026,Infrastructure,child
32517,standard-machines,Summer 2026,S26,2026,B2B,top
32225,stoa,Summer 2026,S26,2026,Fintech,top
32523,stratum-industries,Summer 2026,S26,2026,Government,top
32162,studio,Summer 2026,S26,2026,B2B,top
32162,studio,Summer 2026,S26,2026,Analytics,child
33313,subvysion,Summer 2026,S26,2026,Real Estate and Construction,top
33313,subvysion,Summer 2026,S26,2026,Construction,child
30914,sunflower,Summer 2026,S26,2026,Healthcare,top
30914,sunflower,Summer 2026,S26,2026,Healthcare Services,child
32168,synapse-semiconductor,Summer 2026,S26,2026,Industrials,top
32587,tarebio,Summer 2026,S26,2026,Healthcare,top
32587,tarebio,Summer 2026,S26,2026,Drug Discovery and Delivery,child
32319,tarifflo-inc,Summer 2026,S26,2026,B2B,top
32319,tarifflo-inc,Summer 2026,S26,2026,Supply Chain and Logistics,child
32627,tenor,Summer 2026,S26,2026,B2B,top
30904,tensr,Summer 2026,S26,2026,Industrials,top
30904,tensr,Summer 2026,S26,2026,Manufacturing and Robotics,child
31858,torus,Summer 2026,S26,2026,Industrials,top
32253,touchmark,Summer 2026,S26,2026,B2B,top
32253,touchmark,Summer 2026,S26,2026,Infrastructure,child
33051,touchy,Summer 2026,S26,2026,Consumer,top
33178,tovenai,Summer 2026,S26,2026,Fintech,top
33178,tovenai,Summer 2026,S26,2026,Banking and Exchange,child
32418,traceforce,Summer 2026,S26,2026,B2B,top
32418,traceforce,Summer 2026,S26,2026,Security,child
33316,tracer,Summer 2026,S26,2026,B2B,top
31537,trident,Summer 2026,S26,2026,B2B,top
31537,trident,Summer 2026,S26,2026,Security,child
32135,trope,Summer 2026,S26,2026,B2B,top
32815,trynearby,Summer 2026,S26,2026,B2B,top
32815,trynearby,Summer 2026,S26,2026,Marketing,child
31259,tsenta,Summer 2026,S26,2026,Consumer,top
31259,tsenta,Summer 2026,S26,2026,Job and Career Services,child
32750,ultrasonium,Summer 2026,S26,2026,Industrials,top
32750,ultrasonium,Summer 2026,S26,2026,Manufacturing and Robotics,child
32167,understudy-labs,Summer 2026,S26,2026,B2B,top
32167,understudy-labs,Summer 2026,S26,2026,Infrastructure,child
32620,vendo,Summer 2026,S26,2026,B2B,top
32620,vendo,Summer 2026,S26,2026,"Engineering, Product and Design",child
32189,verdant,Summer 2026,S26,2026,Government,top
33179,verdict-machine,Summer 2026,S26,2026,B2B,top
33179,verdict-machine,Summer 2026,S26,2026,Security,child
33319,vernius-systems-inc,Summer 2026,S26,2026,Industrials,top
33319,vernius-systems-inc,Summer 2026,S26,2026,Defense,child
32751,vestris,Summer 2026,S26,2026,Real Estate and Construction,top
32751,vestris,Summer 2026,S26,2026,Housing and Real Estate,child
31047,waddle-labs,Summer 2026,S26,2026,Industrials,top
31047,waddle-labs,Summer 2026,S26,2026,Manufacturing and Robotics,child
32948,waybill,Summer 2026,S26,2026,B2B,top
32948,waybill,Summer 2026,S26,2026,Supply Chain and Logistics,child
32617,whitespace,Summer 2026,S26,2026,B2B,top
32617,whitespace,Summer 2026,S26,2026,Supply Chain and Logistics,child
31425,wondertx,Summer 2026,S26,2026,Healthcare,top
31425,wondertx,Summer 2026,S26,2026,Therapeutics,child
33317,wondering,Summer 2026,S26,2026,Consumer,top
32256,zaplar,Summer 2026,S26,2026,B2B,top
32256,zaplar,Summer 2026,S26,2026,Operations,child
32154,zomma,Summer 2026,S26,2026,B2B,top
33573,hardware-intelligence,Summer 2026,S26,2026,B2B,top
33573,hardware-intelligence,Summer 2026,S26,2026,"Engineering, Product and Design",child
33348,hiloop,Summer 2026,S26,2026,B2B,top
33348,hiloop,Summer 2026,S26,2026,Infrastructure,child
32527,machine0,Summer 2026,S26,2026,B2B,top
32527,machine0,Summer 2026,S26,2026,Infrastructure,child
31555,rekursivai,Summer 2026,S26,2026,B2B,top
31555,rekursivai,Summer 2026,S26,2026,Productivity,child
32259,screenpipe,Summer 2026,S26,2026,B2B,top
32259,screenpipe,Summer 2026,S26,2026,Productivity,child
31923,tash,Summer 2026,S26,2026,Consumer,top
35290,antropi-robotics,Fall 2026,F26,2026,Industrials,top
35290,antropi-robotics,Fall 2026,F26,2026,Manufacturing and Robotics,child
35261,asakana,Fall 2026,F26,2026,Consumer,top
35261,asakana,Fall 2026,F26,2026,Food and Beverage,child
34928,ascii,Fall 2026,F26,2026,B2B,top
34928,ascii,Fall 2026,F26,2026,Infrastructure,child
35058,capveon,Fall 2026,F26,2026,Government,top
31461,collar,Fall 2026,F26,2026,B2B,top
36084,covera,Fall 2026,F26,2026,Fintech,top
36084,covera,Fall 2026,F26,2026,Insurance,child
31452,degla-inc,Fall 2026,F26,2026,Industrials,top
31452,degla-inc,Fall 2026,F26,2026,Drones,child
35850,dreamscale-labs,Fall 2026,F26,2026,Industrials,top
35850,dreamscale-labs,Fall 2026,F26,2026,Manufacturing and Robotics,child
35094,useforward,Fall 2026,F26,2026,B2B,top
31378,godhands,Fall 2026,F26,2026,B2B,top
35522,hemlock,Fall 2026,F26,2026,Industrials,top
35522,hemlock,Fall 2026,F26,2026,Manufacturing and Robotics,child
35265,hopper,Fall 2026,F26,2026,B2B,top
35265,hopper,Fall 2026,F26,2026,Infrastructure,child
34365,lambda-robotics,Fall 2026,F26,2026,Industrials,top
34365,lambda-robotics,Fall 2026,F26,2026,Manufacturing and Robotics,child
35190,lantern-ai,Fall 2026,F26,2026,B2B,top
35190,lantern-ai,Fall 2026,F26,2026,Human Resources,child
33804,lightfield,Fall 2026,F26,2026,B2B,top
33804,lightfield,Fall 2026,F26,2026,Legal,child
38061,maritime,Fall 2026,F26,2026,B2B,top
38061,maritime,Fall 2026,F26,2026,Infrastructure,child
35257,nodus-compute,Fall 2026,F26,2026,B2B,top
35260,onepatch,Fall 2026,F26,2026,B2B,top
35260,onepatch,Fall 2026,F26,2026,"Engineering, Product and Design",child
35525,orca-aerospace,Fall 2026,F26,2026,Industrials,top
35525,orca-aerospace,Fall 2026,F26,2026,Aviation and Space,child
34794,qokedas,Fall 2026,F26,2026,B2B,top
36940,quippy,Fall 2026,F26,2026,Consumer,top
37600,redoubt-insurance,Fall 2026,F26,2026,Fintech,top
37600,redoubt-insurance,Fall 2026,F26,2026,Insurance,child
31591,rightnow,Fall 2026,F26,2026,B2B,top
31591,rightnow,Fall 2026,F26,2026,Infrastructure,child
34597,sentient-os,Fall 2026,F26,2026,B2B,top
34597,sentient-os,Fall 2026,F26,2026,Productivity,child
33838,simantic,Fall 2026,F26,2026,B2B,top
33838,simantic,Fall 2026,F26,2026,"Engineering, Product and Design",child
34629,simulithic,Fall 2026,F26,2026,B2B,top
34629,simulithic,Fall 2026,F26,2026,"Engineering, Product and Design",child
36708,sinter-systems,Fall 2026,F26,2026,Industrials,top
36708,sinter-systems,Fall 2026,F26,2026,Manufacturing and Robotics,child
35128,talos-us,Fall 2026,F26,2026,Industrials,top
35128,talos-us,Fall 2026,F26,2026,Energy,child
37272,the-subvocal-company,Fall 2026,F26,2026,Consumer,top
37272,the-subvocal-company,Fall 2026,F26,2026,Consumer Electronics,child
34761,veeza-ai,Fall 2026,F26,2026,Consumer,top
34761,veeza-ai,Fall 2026,F26,2026,"Travel, Leisure and Tourism",child
32352,veltha,Fall 2026,F26,2026,Fintech,top
32352,veltha,Fall 2026,F26,2026,Insurance,child
35784,vorelios,Fall 2026,F26,2026,B2B,top
35395,workers-io,Fall 2026,F26,2026,B2B,top
35395,workers-io,Fall 2026,F26,2026,"Engineering, Product and Design",child
36348,antimattr,Fall 2026,F26,2026,Consumer,top
36348,antimattr,Fall 2026,F26,2026,Consumer Electronics,child
34464,herdr,Fall 2026,F26,2026,B2B,top
34464,herdr,Fall 2026,F26,2026,"Engineering, Product and Design",child
32165,rote,Winter 2027,W27,2027,B2B,top
32165,rote,Winter 2027,W27,2027,Operations,child
