company_id,company_slug,batch,batch_code,year,subindustry,industry,subindustry_child
375,clickfacts,Summer 2005,S05,2005,B2B -> Security,B2B,Security
380,infogami,Summer 2005,S05,2005,B2B -> Analytics,B2B,Analytics
378,kiko,Summer 2005,S05,2005,B2B -> Productivity,B2B,Productivity
373,loopt,Summer 2005,S05,2005,Consumer -> Social,Consumer,Social
377,memamp,Summer 2005,S05,2005,B2B,B2B,
384,parakey,Summer 2005,S05,2005,B2B -> Infrastructure,B2B,Infrastructure
379,reddit,Summer 2005,S05,2005,Consumer -> Content,Consumer,Content
376,simmery,Summer 2005,S05,2005,Consumer -> Social,Consumer,Social
374,textpayme,Summer 2005,S05,2005,Fintech -> Consumer Finance,Fintech,Consumer Finance
372,audiobeta,Winter 2006,W06,2006,B2B -> Marketing,B2B,Marketing
367,clustrix,Winter 2006,W06,2006,B2B -> Infrastructure,B2B,Infrastructure
371,flagr,Winter 2006,W06,2006,Consumer -> Social,Consumer,Social
366,inkling,Winter 2006,W06,2006,B2B -> Finance and Accounting,B2B,Finance and Accounting
369,project-wedding,Winter 2006,W06,2006,Consumer -> Home and Personal,Consumer,Home and Personal
368,snipshot,Winter 2006,W06,2006,Consumer -> Content,Consumer,Content
370,wufoo,Winter 2006,W06,2006,B2B -> Marketing,B2B,Marketing
358,jamglue,Summer 2006,S06,2006,Consumer -> Content,Consumer,Content
365,jumpchat,Summer 2006,S06,2006,Consumer -> Social,Consumer,Social
364,likebetter,Summer 2006,S06,2006,Consumer -> Gaming,Consumer,Gaming
357,omgpop,Summer 2006,S06,2006,Consumer -> Gaming,Consumer,Gaming
362,pollground,Summer 2006,S06,2006,Consumer -> Social,Consumer,Social
356,scribd,Summer 2006,S06,2006,Consumer -> Content,Consumer,Content
361,shoutfit,Summer 2006,S06,2006,Consumer -> Apparel and Cosmetics,Consumer,Apparel and Cosmetics
359,thinkature,Summer 2006,S06,2006,B2B -> Productivity,B2B,Productivity
355,xobni,Summer 2006,S06,2006,B2B -> Productivity,B2B,Productivity
363,zanbazaar,Summer 2006,S06,2006,Consumer -> Home and Personal,Consumer,Home and Personal
349,auctomatic,Winter 2007,W07,2007,Consumer -> Home and Personal,Consumer,Home and Personal
347,buxfer,Winter 2007,W07,2007,Fintech -> Consumer Finance,Fintech,Consumer Finance
354,heysan,Winter 2007,W07,2007,Consumer -> Social,Consumer,Social
346,octopart,Winter 2007,W07,2007,Industrials -> Manufacturing and Robotics,Industrials,Manufacturing and Robotics
353,socialmoth,Winter 2007,W07,2007,Consumer -> Social,Consumer,Social
345,tsumobi,Winter 2007,W07,2007,Consumer -> Social,Consumer,Social
383,twitch,Winter 2007,W07,2007,Consumer -> Content,Consumer,Content
352,view3,Winter 2007,W07,2007,Industrials -> Manufacturing and Robotics,Industrials,Manufacturing and Robotics
343,virtualmin,Winter 2007,W07,2007,B2B -> Infrastructure,B2B,Infrastructure
344,weebly,Winter 2007,W07,2007,B2B -> Marketing,B2B,Marketing
351,whitenoise,Winter 2007,W07,2007,Consumer -> Social,Consumer,Social
350,writewith,Winter 2007,W07,2007,Consumer -> Content,Consumer,Content
348,zenter,Winter 2007,W07,2007,B2B -> Productivity,B2B,Productivity
337,anywhere-fm,Summer 2007,S07,2007,Consumer -> Content,Consumer,Content
336,appjet,Summer 2007,S07,2007,"B2B -> Engineering, Product and Design",B2B,"Engineering, Product and Design"
342,biographicon,Summer 2007,S07,2007,Consumer -> Content,Consumer,Content
326,blue-frog-gaming,Summer 2007,S07,2007,Consumer -> Gaming,Consumer,Gaming
328,bountii,Summer 2007,S07,2007,Consumer -> Home and Personal,Consumer,Home and Personal
335,clickpass,Summer 2007,S07,2007,"B2B -> Engineering, Product and Design",B2B,"Engineering, Product and Design"
332,contestmachine,Summer 2007,S07,2007,B2B -> Marketing,B2B,Marketing
327,disqus,Summer 2007,S07,2007,"B2B -> Engineering, Product and Design",B2B,"Engineering, Product and Design"
325,dropbox,Summer 2007,S07,2007,B2B -> Productivity,B2B,Productivity
341,eivod,Summer 2007,S07,2007,"B2B -> Engineering, Product and Design",B2B,"Engineering, Product and Design"
340,fuzzwich,Summer 2007,S07,2007,Consumer -> Content,Consumer,Content
329,hello-chair,Summer 2007,S07,2007,Consumer -> Home and Personal,Consumer,Home and Personal
339,meetyu,Summer 2007,S07,2007,Consumer -> Social,Consumer,Social
338,reble,Summer 2007,S07,2007,Consumer -> Content,Consumer,Content
334,socialpicks,Summer 2007,S07,2007,Consumer -> Social,Consumer,Social
324,songkick,Summer 2007,S07,2007,"Consumer -> Travel, Leisure and Tourism",Consumer,"Travel, Leisure and Tourism"
331,splashup,Summer 2007,S07,2007,Consumer -> Social,Consumer,Social
333,zumodrive,Summer 2007,S07,2007,B2B -> Productivity,B2B,Productivity
330,ijigg-top440,Summer 2007,S07,2007,Consumer -> Social,Consumer,Social
312,280-north,Winter 2008,W08,2008,"B2B -> Engineering, Product and Design",B2B,"Engineering, Product and Design"
305,a-thinking-ape,Winter 2008,W08,2008,B2B -> Marketing,B2B,Marketing
323,bitsample,Winter 2008,W08,2008,"B2B -> Engineering, Product and Design",B2B,"Engineering, Product and Design"
318,deluux,Winter 2008,W08,2008,Consumer -> Social,Consumer,Social
309,fathomdb,Winter 2008,W08,2008,B2B -> Infrastructure,B2B,Infrastructure
311,heroku,Winter 2008,W08,2008,B2B -> Infrastructure,B2B,Infrastructure
321,insoshi,Winter 2008,W08,2008,B2B -> Productivity,B2B,Productivity
322,joberator,Winter 2008,W08,2008,B2B -> Recruiting and Talent,B2B,Recruiting and Talent
317,kirkland-north,Winter 2008,W08,2008,Consumer -> Gaming,Consumer,Gaming
307,machine-zone,Winter 2008,W08,2008,Consumer -> Gaming,Consumer,Gaming
308,mightyquiz,Winter 2008,W08,2008,Consumer -> Gaming,Consumer,Gaming
315,mixwit,Winter 2008,W08,2008,Consumer -> Content,Consumer,Content
306,ninite,Winter 2008,W08,2008,B2B -> Infrastructure,B2B,Infrastructure
310,omnisio,Winter 2008,W08,2008,Consumer -> Content,Consumer,Content
304,rescuetime,Winter 2008,W08,2008,B2B -> Productivity,B2B,Productivity
320,snaptalent,Winter 2008,W08,2008,B2B -> Recruiting and Talent,B2B,Recruiting and Talent
314,socialbrowse,Winter 2008,W08,2008,Consumer -> Social,Consumer,Social
316,tipjoy,Winter 2008,W08,2008,Fintech -> Payments,Fintech,Payments
303,trigger,Winter 2008,W08,2008,"B2B -> Engineering, Product and Design",B2B,"Engineering, Product and Design"
313,wundrbar,Winter 2008,W08,2008,B2B -> Productivity,B2B,Productivity
319,yumdots,Winter 2008,W08,2008,Consumer -> Gaming,Consumer,Gaming
287,anyvite,Summer 2008,S08,2008,Consumer -> Home and Personal,Consumer,Home and Personal
291,backtype,Summer 2008,S08,2008,B2B -> Marketing,B2B,Marketing
288,co2stats,Summer 2008,S08,2008,"B2B -> Engineering, Product and Design",B2B,"Engineering, Product and Design"
295,claimspotting,Summer 2008,S08,2008,Consumer -> Gaming,Consumer,Gaming
284,cloudant,Summer 2008,S08,2008,B2B -> Infrastructure,B2B,Infrastructure
286,frogmetrics,Summer 2008,S08,2008,B2B -> Retail,B2B,Retail
285,job-alchemist,Summer 2008,S08,2008,B2B -> Recruiting and Talent,B2B,Recruiting and Talent
289,justspotted,Summer 2008,S08,2008,Consumer -> Content,Consumer,Content
283,ohlife,Summer 2008,S08,2008,Consumer -> Content,Consumer,Content
299,people-and-pages,Summer 2008,S08,2008,Consumer -> Home and Personal,Consumer,Home and Personal
290,picwing,Summer 2008,S08,2008,Consumer -> Social,Consumer,Social
300,playreader,Summer 2008,S08,2008,Consumer -> Home and Personal,Consumer,Home and Personal
282,poll-everywhere,Summer 2008,S08,2008,B2B -> Analytics,B2B,Analytics
298,popcuts,Summer 2008,S08,2008,Consumer -> Content,Consumer,Content
281,posterous,Summer 2008,S08,2008,Consumer -> Social,Consumer,Social
292,precognate,Summer 2008,S08,2008,Consumer -> Gaming,Consumer,Gaming
302,slinkset,Summer 2008,S08,2008,Consumer -> Content,Consumer,Content
297,snipd,Summer 2008,S08,2008,B2B -> Marketing,B2B,Marketing
294,team-apart,Summer 2008,S08,2008,B2B -> Productivity,B2B,Productivity
296,ticket-stumbler,Summer 2008,S08,2008,"Consumer -> Travel, Leisure and Tourism",Consumer,"Travel, Leisure and Tourism"
301,treehouse,Summer 2008,S08,2008,Consumer -> Social,Consumer,Social
293,youlicit,Summer 2008,S08,2008,Consumer -> Content,Consumer,Content
271,airbnb,Winter 2009,W09,2009,"Consumer -> Travel, Leisure and Tourism",Consumer,"Travel, Leisure and Tourism"
275,cloudkick,Winter 2009,W09,2009,B2B -> Infrastructure,B2B,Infrastructure
272,divvyshot,Winter 2009,W09,2009,Consumer -> Social,Consumer,Social
274,echodio,Winter 2009,W09,2009,Consumer -> Content,Consumer,Content
269,foodoro,Winter 2009,W09,2009,Consumer -> Food and Beverage,Consumer,Food and Beverage
267,heyzap,Winter 2009,W09,2009,Consumer -> Gaming,Consumer,Gaming
278,nambii,Winter 2009,W09,2009,Consumer -> Social,Consumer,Social
280,petasales,Winter 2009,W09,2009,B2B -> Marketing,B2B,Marketing
277,picurio,Winter 2009,W09,2009,Consumer -> Social,Consumer,Social
265,recurious,Winter 2009,W09,2009,Consumer -> Social,Consumer,Social
266,skysheet,Winter 2009,W09,2009,B2B -> Productivity,B2B,Productivity
276,spaces-life,Winter 2009,W09,2009,Real Estate and Construction -> Housing and Real Estate,Real Estate and Construction,Housing and Real Estate
270,volantio,Winter 2009,W09,2009,B2B -> Marketing,B2B,Marketing
279,voxli,Winter 2009,W09,2009,Consumer -> Gaming,Consumer,Gaming
268,wattvision,Winter 2009,W09,2009,Real Estate and Construction -> Housing and Real Estate,Real Estate and Construction,Housing and Real Estate
273,remail,Winter 2009,W09,2009,B2B -> Productivity,B2B,Productivity
261,adthrow,Summer 2009,S09,2009,B2B -> Marketing,B2B,Marketing
243,bump,Summer 2009,S09,2009,Consumer -> Social,Consumer,Social
251,carwoo,Summer 2009,S09,2009,Consumer -> Transportation Services,Consumer,Transportation Services
242,dailybooth,Summer 2009,S09,2009,Consumer -> Social,Consumer,Social
245,directed-edge,Summer 2009,S09,2009,Consumer -> Home and Personal,Consumer,Home and Personal
253,fanchatter,Summer 2009,S09,2009,B2B -> Marketing,B2B,Marketing
256,flightcaster,Summer 2009,S09,2009,"Consumer -> Travel, Leisure and Tourism",Consumer,"Travel, Leisure and Tourism"
255,graffitigeo,Summer 2009,S09,2009,Consumer -> Content,Consumer,Content
241,highlightcam,Summer 2009,S09,2009,Consumer -> Content,Consumer,Content
264,instantq,Summer 2009,S09,2009,B2B -> Retail,B2B,Retail
247,jobspice,Summer 2009,S09,2009,Consumer -> Job and Career Services,Consumer,Job and Career Services
259,lingt,Summer 2009,S09,2009,Education,Education,
239,listia,Summer 2009,S09,2009,Consumer -> Home and Personal,Consumer,Home and Personal
250,lockitron,Summer 2009,S09,2009,Consumer -> Consumer Electronics,Consumer,Consumer Electronics
248,mixpanel,Summer 2009,S09,2009,B2B -> Analytics,B2B,Analytics
257,nudgepad,Summer 2009,S09,2009,"B2B -> Engineering, Product and Design",B2B,"Engineering, Product and Design"
249,olark,Summer 2009,S09,2009,B2B -> Retail,B2B,Retail
254,plurchase,Summer 2009,S09,2009,Consumer -> Social,Consumer,Social
258,renthop,Summer 2009,S09,2009,Real Estate and Construction -> Housing and Real Estate,Real Estate and Construction,Housing and Real Estate
246,rethinkdb,Summer 2009,S09,2009,B2B -> Infrastructure,B2B,Infrastructure
260,robohr,Summer 2009,S09,2009,B2B -> Human Resources,B2B,Human Resources
262,stackq,Summer 2009,S09,2009,"B2B -> Engineering, Product and Design",B2B,"Engineering, Product and Design"
240,stripe,Summer 2009,S09,2009,Fintech,Fintech,
252,tuxebo,Summer 2009,S09,2009,Real Estate and Construction,Real Estate and Construction,
263,wakemate,Summer 2009,S09,2009,Consumer -> Consumer Electronics,Consumer,Consumer Electronics
244,wepay,Summer 2009,S09,2009,Fintech -> Payments,Fintech,Payments
213,500friends,Winter 2010,W10,2010,B2B -> Retail,B2B,Retail
214,all-screen,Winter 2010,W10,2010,B2B -> Marketing,B2B,Marketing
225,answerly,Winter 2010,W10,2010,Consumer -> Content,Consumer,Content
216,bitplay,Winter 2010,W10,2010,Consumer -> Social,Consumer,Social
230,cardpool,Winter 2010,W10,2010,Consumer -> Home and Personal,Consumer,Home and Personal
219,creative-market,Winter 2010,W10,2010,"B2B -> Engineering, Product and Design",B2B,"Engineering, Product and Design"
215,crocodoc,Winter 2010,W10,2010,"B2B -> Engineering, Product and Design",B2B,"Engineering, Product and Design"
224,cue,Winter 2010,W10,2010,Consumer -> Home and Personal,Consumer,Home and Personal
233,data-marketplace,Winter 2010,W10,2010,B2B -> Analytics,B2B,Analytics
218,embedly,Winter 2010,W10,2010,"B2B -> Engineering, Product and Design",B2B,"Engineering, Product and Design"
232,etacts,Winter 2010,W10,2010,B2B -> Sales,B2B,Sales
217,fabricly,Winter 2010,W10,2010,B2B -> Retail,B2B,Retail
229,fithub,Winter 2010,W10,2010,B2B -> Retail,B2B,Retail
228,gamador,Winter 2010,W10,2010,Consumer -> Gaming,Consumer,Gaming
236,infoharmoni,Winter 2010,W10,2010,B2B -> Marketing,B2B,Marketing
222,launchhear,Winter 2010,W10,2010,B2B -> Operations,B2B,Operations
212,mertado,Winter 2010,W10,2010,B2B -> Retail,B2B,Retail
382,mixed-media-labs,Winter 2010,W10,2010,Consumer,Consumer,
231,movity,Winter 2010,W10,2010,Real Estate and Construction -> Housing and Real Estate,Real Estate and Construction,Housing and Real Estate
235,newcope,Winter 2010,W10,2010,Consumer -> Gaming,Consumer,Gaming
234,newslabs,Winter 2010,W10,2010,"B2B -> Engineering, Product and Design",B2B,"Engineering, Product and Design"
238,notifo,Winter 2010,W10,2010,"B2B -> Engineering, Product and Design",B2B,"Engineering, Product and Design"
220,nowmov,Winter 2010,W10,2010,Consumer -> Content,Consumer,Content
221,optimizely,Winter 2010,W10,2010,"B2B -> Engineering, Product and Design",B2B,"Engineering, Product and Design"
226,ownlocal,Winter 2010,W10,2010,B2B -> Marketing,B2B,Marketing
223,zencoder,Winter 2010,W10,2010,B2B -> Infrastructure,B2B,Infrastructure
227,zenedy,Winter 2010,W10,2010,Consumer -> Content,Consumer,Content
192,1000memories,Summer 2010,S10,2010,Consumer -> Home and Personal,Consumer,Home and Personal
209,adgrok,Summer 2010,S10,2010,B2B -> Marketing,B2B,Marketing
183,aerofs,Summer 2010,S10,2010,B2B -> Infrastructure,B2B,Infrastructure
188,anylist,Summer 2010,S10,2010,Consumer -> Home and Personal,Consumer,Home and Personal
189,brushes,Summer 2010,S10,2010,"B2B -> Engineering, Product and Design",B2B,"Engineering, Product and Design"
176,chartio,Summer 2010,S10,2010,B2B -> Analytics,B2B,Analytics
184,chirply,Summer 2010,S10,2010,Consumer -> Home and Personal,Consumer,Home and Personal
187,demandsphere,Summer 2010,S10,2010,B2B -> Marketing,B2B,Marketing
198,docker,Summer 2010,S10,2010,B2B -> Infrastructure,B2B,Infrastructure
205,fanvibe,Summer 2010,S10,2010,Consumer -> Social,Consumer,Social
206,fridge,Summer 2010,S10,2010,Consumer -> Social,Consumer,Social
197,futureadvisor,Summer 2010,S10,2010,Fintech -> Consumer Finance,Fintech,Consumer Finance
190,gantto,Summer 2010,S10,2010,B2B -> Productivity,B2B,Productivity
193,gazehawk,Summer 2010,S10,2010,"B2B -> Engineering, Product and Design",B2B,"Engineering, Product and Design"
185,habit-labs,Summer 2010,S10,2010,Consumer -> Social,Consumer,Social
178,hipmunk,Summer 2010,S10,2010,"Consumer -> Travel, Leisure and Tourism",Consumer,"Travel, Leisure and Tourism"
191,homejoy,Summer 2010,S10,2010,Consumer -> Home and Personal,Consumer,Home and Personal
211,koduco,Summer 2010,S10,2010,Consumer -> Gaming,Consumer,Gaming
194,leftronic,Summer 2010,S10,2010,Consumer -> Consumer Electronics,Consumer,Consumer Electronics
204,messageparty,Summer 2010,S10,2010,Consumer -> Social,Consumer,Social
196,opzi,Summer 2010,S10,2010,Consumer -> Gaming,Consumer,Gaming
186,padmapper,Summer 2010,S10,2010,Real Estate and Construction -> Housing and Real Estate,Real Estate and Construction,Housing and Real Estate
202,pagerduty,Summer 2010,S10,2010,"B2B -> Engineering, Product and Design",B2B,"Engineering, Product and Design"
199,post-fm,Summer 2010,S10,2010,B2B -> Productivity,B2B,Productivity
177,presto,Summer 2010,S10,2010,B2B -> Retail,B2B,Retail
210,pribbit,Summer 2010,S10,2010,Consumer -> Social,Consumer,Social
180,rapportive,Summer 2010,S10,2010,B2B -> Productivity,B2B,Productivity
203,ready-for-zero,Summer 2010,S10,2010,Fintech -> Consumer Finance,Fintech,Consumer Finance
181,recurse-center,Summer 2010,S10,2010,Education,Education,
182,simperium,Summer 2010,S10,2010,B2B -> Productivity,B2B,Productivity
207,tapzilla,Summer 2010,S10,2010,B2B -> Marketing,B2B,Marketing
179,teevox,Summer 2010,S10,2010,Consumer -> Gaming,Consumer,Gaming
195,upbeat,Summer 2010,S10,2010,Consumer -> Content,Consumer,Content
208,whereoscope,Summer 2010,S10,2010,Consumer -> Social,Consumer,Social
201,workflowy,Summer 2010,S10,2010,B2B -> Productivity,B2B,Productivity
200,indinero,Summer 2010,S10,2010,B2B -> Finance and Accounting,B2B,Finance and Accounting
143,acunote,Winter 2011,W11,2011,B2B -> Productivity,B2B,Productivity
140,appharbor,Winter 2011,W11,2011,B2B -> Infrastructure,B2B,Infrastructure
159,apportable,Winter 2011,W11,2011,B2B -> Infrastructure,B2B,Infrastructure
137,assembled,Winter 2011,W11,2011,Consumer -> Social,Consumer,Social
161,balanced,Winter 2011,W11,2011,Fintech -> Consumer Finance,Fintech,Consumer Finance
135,beetailer,Winter 2011,W11,2011,B2B -> Retail,B2B,Retail
160,close,Winter 2011,W11,2011,B2B -> Sales,B2B,Sales
151,comprehend,Winter 2011,W11,2011,Healthcare -> Healthcare IT,Healthcare,Healthcare IT
156,convore,Winter 2011,W11,2011,Consumer -> Social,Consumer,Social
150,custora,Winter 2011,W11,2011,B2B -> Analytics,B2B,Analytics
170,drchrono,Winter 2011,W11,2011,Healthcare -> Healthcare IT,Healthcare,Healthcare IT
142,earbits,Winter 2011,W11,2011,B2B -> Marketing,B2B,Marketing
139,fitfu,Winter 2011,W11,2011,Consumer -> Home and Personal,Consumer,Home and Personal
158,fivestars,Winter 2011,W11,2011,B2B -> Retail,B2B,Retail
157,flotype,Winter 2011,W11,2011,B2B -> Retail,B2B,Retail
168,goat-group,Winter 2011,W11,2011,Consumer -> Apparel and Cosmetics,Consumer,Apparel and Cosmetics
145,hellosign,Winter 2011,W11,2011,B2B -> Productivity,B2B,Productivity
148,hotspots,Winter 2011,W11,2011,B2B -> Marketing,B2B,Marketing
152,humble-bundle,Winter 2011,W11,2011,Consumer -> Gaming,Consumer,Gaming
154,hyperink,Winter 2011,W11,2011,Consumer -> Content,Consumer,Content
132,inporia,Winter 2011,W11,2011,Consumer -> Apparel and Cosmetics,Consumer,Apparel and Cosmetics
155,insight-data-science,Winter 2011,W11,2011,Education,Education,
146,instapainting,Winter 2011,W11,2011,Consumer -> Home and Personal,Consumer,Home and Personal
165,lanyrd,Winter 2011,W11,2011,Consumer -> Job and Career Services,Consumer,Job and Career Services
162,mailgun,Winter 2011,W11,2011,"B2B -> Engineering, Product and Design",B2B,"Engineering, Product and Design"
164,mino-games,Winter 2011,W11,2011,Consumer -> Gaming,Consumer,Gaming
169,orderahead,Winter 2011,W11,2011,Consumer -> Food and Beverage,Consumer,Food and Beverage
153,pebble,Winter 2011,W11,2011,Consumer -> Consumer Electronics,Consumer,Consumer Electronics
144,sendoid,Winter 2011,W11,2011,B2B -> Productivity,B2B,Productivity
167,siasto,Winter 2011,W11,2011,B2B -> Productivity,B2B,Productivity
175,simplylisted,Winter 2011,W11,2011,Consumer -> Home and Personal,Consumer,Home and Personal
134,singlestore,Winter 2011,W11,2011,B2B -> Infrastructure,B2B,Infrastructure
172,storyworth,Winter 2011,W11,2011,Consumer -> Home and Personal,Consumer,Home and Personal
173,talkbin,Winter 2011,W11,2011,B2B -> Retail,B2B,Retail
138,talkable,Winter 2011,W11,2011,B2B -> Retail,B2B,Retail
136,tellfi,Winter 2011,W11,2011,B2B -> Productivity,B2B,Productivity
149,tremendous,Winter 2011,W11,2011,Fintech -> Payments,Fintech,Payments
166,trustegg,Winter 2011,W11,2011,Fintech -> Asset Management,Fintech,Asset Management
141,tumult,Winter 2011,W11,2011,"B2B -> Engineering, Product and Design",B2B,"Engineering, Product and Design"
163,tutorspree,Winter 2011,W11,2011,Education,Education,
133,upverter,Winter 2011,W11,2011,"B2B -> Engineering, Product and Design",B2B,"Engineering, Product and Design"
129,userfox,Winter 2011,W11,2011,B2B -> Marketing,B2B,Marketing
174,venuetastic,Winter 2011,W11,2011,B2B -> Office Management,B2B,Office Management
147,you-got-listings-inc,Winter 2011,W11,2011,Real Estate and Construction -> Housing and Real Estate,Real Estate and Construction,Housing and Real Estate
171,zerocater,Winter 2011,W11,2011,B2B -> Office Management,B2B,Office Management
90,agilemd,Summer 2011,S11,2011,Healthcare -> Healthcare IT,Healthcare,Healthcare IT
79,aisle50,Summer 2011,S11,2011,Consumer -> Home and Personal,Consumer,Home and Personal
72,apollo,Summer 2011,S11,2011,B2B -> Infrastructure,B2B,Infrastructure
130,automatic,Summer 2011,S11,2011,Consumer -> Consumer Electronics,Consumer,Consumer Electronics
106,caviar,Summer 2011,S11,2011,Consumer -> Food and Beverage,Consumer,Food and Beverage
89,citus-data,Summer 2011,S11,2011,B2B -> Infrastructure,B2B,Infrastructure
91,clerky,Summer 2011,S11,2011,B2B -> Legal,B2B,Legal
71,clutch,Summer 2011,S11,2011,"B2B -> Engineering, Product and Design",B2B,"Engineering, Product and Design"
86,codecademy,Summer 2011,S11,2011,Education,Education,
117,compose,Summer 2011,S11,2011,B2B -> Infrastructure,B2B,Infrastructure
87,cryptoseal,Summer 2011,S11,2011,B2B -> Infrastructure,B2B,Infrastructure
80,debteye,Summer 2011,S11,2011,Fintech -> Consumer Finance,Fintech,Consumer Finance
126,draft,Summer 2011,S11,2011,B2B -> Productivity,B2B,Productivity
94,dubjoy,Summer 2011,S11,2011,B2B -> Marketing,B2B,Marketing
104,embark,Summer 2011,S11,2011,Consumer -> Transportation Services,Consumer,Transportation Services
108,everyme,Summer 2011,S11,2011,Consumer -> Social,Consumer,Social
97,firebase,Summer 2011,S11,2011,B2B -> Infrastructure,B2B,Infrastructure
101,fobo,Summer 2011,S11,2011,Consumer -> Home and Personal,Consumer,Home and Personal
70,freshplum,Summer 2011,S11,2011,B2B -> Analytics,B2B,Analytics
75,genius,Summer 2011,S11,2011,Consumer -> Content,Consumer,Content
118,glassmap,Summer 2011,S11,2011,Consumer -> Social,Consumer,Social
98,gocardless,Summer 2011,S11,2011,Fintech -> Consumer Finance,Fintech,Consumer Finance
73,hackerrank,Summer 2011,S11,2011,B2B -> Recruiting and Talent,B2B,Recruiting and Talent
131,hungry-labs,Summer 2011,S11,2011,Consumer -> Social,Consumer,Social
116,imgix,Summer 2011,S11,2011,B2B -> Infrastructure,B2B,Infrastructure
107,interstate,Summer 2011,S11,2011,B2B -> Productivity,B2B,Productivity
111,kicksend,Summer 2011,S11,2011,Consumer -> Home and Personal,Consumer,Home and Personal
115,launchpad-toys,Summer 2011,S11,2011,Consumer -> Gaming,Consumer,Gaming
105,leadgenius,Summer 2011,S11,2011,B2B -> Sales,B2B,Sales
120,leaky,Summer 2011,S11,2011,Fintech -> Consumer Finance,Fintech,Consumer Finance
100,marketbrief,Summer 2011,S11,2011,Fintech -> Consumer Finance,Fintech,Consumer Finance
110,mixrank,Summer 2011,S11,2011,B2B,B2B,
76,onesignal,Summer 2011,S11,2011,B2B -> Marketing,B2B,Marketing
109,opez,Summer 2011,S11,2011,Consumer -> Home and Personal,Consumer,Home and Personal
99,pagelever,Summer 2011,S11,2011,B2B -> Analytics,B2B,Analytics
127,parse,Summer 2011,S11,2011,"B2B -> Engineering, Product and Design",B2B,"Engineering, Product and Design"
78,paydragon,Summer 2011,S11,2011,Consumer -> Food and Beverage,Consumer,Food and Beverage
124,perfect-audience,Summer 2011,S11,2011,B2B -> Marketing,B2B,Marketing
84,phonesys,Summer 2011,S11,2011,B2B -> Infrastructure,B2B,Infrastructure
69,picplum,Summer 2011,S11,2011,Consumer -> Home and Personal,Consumer,Home and Personal
81,proxino,Summer 2011,S11,2011,B2B -> Infrastructure,B2B,Infrastructure
92,quad,Summer 2011,S11,2011,Education,Education,
85,quartzy,Summer 2011,S11,2011,Healthcare -> Healthcare IT,Healthcare,Healthcare IT
96,realm,Summer 2011,S11,2011,B2B -> Infrastructure,B2B,Infrastructure
125,rentobo,Summer 2011,S11,2011,Real Estate and Construction -> Housing and Real Estate,Real Estate and Construction,Housing and Real Estate
121,ridejoy,Summer 2011,S11,2011,Consumer -> Transportation Services,Consumer,Transportation Services
83,science-exchange,Summer 2011,S11,2011,Healthcare -> Healthcare Services,Healthcare,Healthcare Services
88,segment,Summer 2011,S11,2011,B2B -> Analytics,B2B,Analytics
102,sift,Summer 2011,S11,2011,B2B -> Security,B2B,Security
123,snapjoy,Summer 2011,S11,2011,Consumer -> Content,Consumer,Content
82,streak,Summer 2011,S11,2011,B2B -> Sales,B2B,Sales
74,stypi,Summer 2011,S11,2011,B2B -> Productivity,B2B,Productivity
122,tapengage,Summer 2011,S11,2011,B2B -> Marketing,B2B,Marketing
114,vapor,Summer 2011,S11,2011,Consumer -> Social,Consumer,Social
103,verbling,Summer 2011,S11,2011,Education,Education,
112,videopixie,Summer 2011,S11,2011,B2B -> Marketing,B2B,Marketing
119,vidyard,Summer 2011,S11,2011,B2B -> Marketing,B2B,Marketing
95,zenbox,Summer 2011,S11,2011,B2B -> Productivity,B2B,Productivity
128,zeus,Summer 2011,S11,2011,Real Estate and Construction -> Housing and Real Estate,Real Estate and Construction,Housing and Real Estate
77,zigfu,Summer 2011,S11,2011,Consumer -> Gaming,Consumer,Gaming
7,42floors,Winter 2012,W12,2012,Real Estate and Construction -> Housing and Real Estate,Real Estate and Construction,Housing and Real Estate
48,99dresses,Winter 2012,W12,2012,Consumer -> Apparel and Cosmetics,Consumer,Apparel and Cosmetics
15,amiato,Winter 2012,W12,2012,B2B -> Infrastructure,B2B,Infrastructure
40,amplitude,Winter 2012,W12,2012,B2B -> Analytics,B2B,Analytics
56,ark,Winter 2012,W12,2012,Consumer -> Content,Consumer,Content
49,authy,Winter 2012,W12,2012,"B2B -> Engineering, Product and Design",B2B,"Engineering, Product and Design"
46,barsense,Winter 2012,W12,2012,Consumer -> Home and Personal,Consumer,Home and Personal
23,booksolid,Winter 2012,W12,2012,B2B -> Retail,B2B,Retail
43,brace,Winter 2012,W12,2012,B2B -> Infrastructure,B2B,Infrastructure
63,carsabi,Winter 2012,W12,2012,Consumer -> Transportation Services,Consumer,Transportation Services
29,chute,Winter 2012,W12,2012,B2B -> Marketing,B2B,Marketing
5,circuithub,Winter 2012,W12,2012,Industrials -> Manufacturing and Robotics,Industrials,Manufacturing and Robotics
32,cleverdeck,Winter 2012,W12,2012,Education,Education,
1719,coderwall,Winter 2012,W12,2012,B2B -> Productivity,B2B,Productivity
17,couple,Winter 2012,W12,2012,Consumer -> Social,Consumer,Social
55,documents-me,Winter 2012,W12,2012,B2B -> Infrastructure,B2B,Infrastructure
38,exec,Winter 2012,W12,2012,Consumer -> Home and Personal,Consumer,Home and Personal
25,familyleaf,Winter 2012,W12,2012,Consumer -> Social,Consumer,Social
47,farmlogs,Winter 2012,W12,2012,Industrials -> Agriculture,Industrials,Agriculture
50,flutter,Winter 2012,W12,2012,"B2B -> Engineering, Product and Design",B2B,"Engineering, Product and Design"
51,fond,Winter 2012,W12,2012,B2B -> Human Resources,B2B,Human Resources
66,givespark,Winter 2012,W12,2012,B2B -> Marketing,B2B,Marketing
61,glider,Winter 2012,W12,2012,B2B -> Productivity,B2B,Productivity
39,grouper,Winter 2012,W12,2012,Consumer -> Food and Beverage,Consumer,Food and Beverage
24,gusto,Winter 2012,W12,2012,B2B -> Human Resources,B2B,Human Resources
18,hackpad,Winter 2012,W12,2012,B2B -> Productivity,B2B,Productivity
12,hipmob,Winter 2012,W12,2012,B2B -> Operations,B2B,Operations
14,hireart,Winter 2012,W12,2012,B2B -> Recruiting and Talent,B2B,Recruiting and Talent
1720,jellyfish-art,Winter 2012,W12,2012,Consumer -> Home and Personal,Consumer,Home and Personal
45,lvl6,Winter 2012,W12,2012,Consumer -> Gaming,Consumer,Gaming
41,lendup,Winter 2012,W12,2012,Fintech -> Credit and Lending,Fintech,Credit and Lending
54,loom,Winter 2012,W12,2012,Consumer -> Content,Consumer,Content
33,make-school,Winter 2012,W12,2012,Education,Education,
26,marft,Winter 2012,W12,2012,"B2B -> Engineering, Product and Design",B2B,"Engineering, Product and Design"
30,matterport,Winter 2012,W12,2012,Consumer -> Virtual and Augmented Reality,Consumer,Virtual and Augmented Reality
16,medigram,Winter 2012,W12,2012,Healthcare -> Healthcare IT,Healthcare,Healthcare IT
62,medmonk,Winter 2012,W12,2012,Healthcare -> Healthcare Services,Healthcare,Healthcare Services
12824,midnox,Winter 2012,W12,2012,Consumer -> Content,Consumer,Content
27,minefold,Winter 2012,W12,2012,B2B -> Infrastructure,B2B,Infrastructure
13,myvr,Winter 2012,W12,2012,Real Estate and Construction -> Housing and Real Estate,Real Estate and Construction,Housing and Real Estate
22,optilly-installmonetizer,Winter 2012,W12,2012,B2B -> Marketing,B2B,Marketing
52,per-vices,Winter 2012,W12,2012,Industrials,Industrials,
34,pixelapse,Winter 2012,W12,2012,"B2B -> Engineering, Product and Design",B2B,"Engineering, Product and Design"
8,plangrid,Winter 2012,W12,2012,Real Estate and Construction -> Construction,Real Estate and Construction,Construction
59,priceonomics,Winter 2012,W12,2012,B2B -> Marketing,B2B,Marketing
19,rescale,Winter 2012,W12,2012,"B2B -> Engineering, Product and Design",B2B,"Engineering, Product and Design"
1548,ridecell,Winter 2012,W12,2012,B2B,B2B,
35,screenleap-inc,Winter 2012,W12,2012,B2B -> Productivity,B2B,Productivity
11,sendhub,Winter 2012,W12,2012,B2B -> Productivity,B2B,Productivity
60,sendwave,Winter 2012,W12,2012,Fintech -> Payments,Fintech,Payments
31,shoptiques,Winter 2012,W12,2012,Consumer -> Apparel and Cosmetics,Consumer,Apparel and Cosmetics
67,shopular,Winter 2012,W12,2012,Consumer -> Home and Personal,Consumer,Home and Personal
20,slidepay,Winter 2012,W12,2012,Fintech -> Payments,Fintech,Payments
65,socialcam,Winter 2012,W12,2012,Consumer -> Content,Consumer,Content
57,solidstage,Winter 2012,W12,2012,"B2B -> Engineering, Product and Design",B2B,"Engineering, Product and Design"
44,swiftype,Winter 2012,W12,2012,"B2B -> Engineering, Product and Design",B2B,"Engineering, Product and Design"
36,talkray-tikl,Winter 2012,W12,2012,Consumer -> Social,Consumer,Social
21,tap-to-learn,Winter 2012,W12,2012,Consumer -> Gaming,Consumer,Gaming
10,the-muse,Winter 2012,W12,2012,B2B -> Recruiting and Talent,B2B,Recruiting and Talent
42,tilt,Winter 2012,W12,2012,Fintech -> Consumer Finance,Fintech,Consumer Finance
4940,wave,Winter 2012,W12,2012,Fintech -> Payments,Fintech,Payments
9,wireover,Winter 2012,W12,2012,B2B -> Productivity,B2B,Productivity
58,yourmechanic,Winter 2012,W12,2012,Consumer -> Transportation Services,Consumer,Transportation Services
37,zillabyte,Winter 2012,W12,2012,"B2B -> Engineering, Product and Design",B2B,"Engineering, Product and Design"
28,zipio,Winter 2012,W12,2012,Consumer -> Social,Consumer,Social
6,icracked,Winter 2012,W12,2012,Consumer -> Home and Personal,Consumer,Home and Personal
469,9gag,Summer 2012,S12,2012,Consumer -> Social,Consumer,Social
408,airshared,Summer 2012,S12,2012,Consumer -> Home and Personal,Consumer,Home and Personal
399,arc,Summer 2012,S12,2012,Industrials -> Drones,Industrials,Drones
458,assorted-bits,Summer 2012,S12,2012,B2B -> Productivity,B2B,Productivity
444,backerkit,Summer 2012,S12,2012,B2B -> Sales,B2B,Sales
445,benchling,Summer 2012,S12,2012,B2B,B2B,
389,boosted,Summer 2012,S12,2012,Consumer -> Consumer Electronics,Consumer,Consumer Electronics
419,braintripping,Summer 2012,S12,2012,Consumer,Consumer,
433,bufferbox,Summer 2012,S12,2012,Consumer -> Home and Personal,Consumer,Home and Personal
391,canopy-labs,Summer 2012,S12,2012,B2B -> Analytics,B2B,Analytics
454,celery,Summer 2012,S12,2012,B2B -> Retail,B2B,Retail
1360,classdojo,Summer 2012,S12,2012,Education,Education,
412,clever,Summer 2012,S12,2012,Education,Education,
447,coco-controller,Summer 2012,S12,2012,Consumer -> Consumer Electronics,Consumer,Consumer Electronics
439,coinbase,Summer 2012,S12,2012,Fintech -> Banking and Exchange,Fintech,Banking and Exchange
426,collections,Summer 2012,S12,2012,Consumer -> Home and Personal,Consumer,Home and Personal
451,credictive,Summer 2012,S12,2012,"B2B -> Engineering, Product and Design",B2B,"Engineering, Product and Design"
418,crohnology-by-healthy-labs,Summer 2012,S12,2012,Healthcare -> Consumer Health and Wellness,Healthcare,Consumer Health and Wellness
411,datanitro,Summer 2012,S12,2012,"B2B -> Engineering, Product and Design",B2B,"Engineering, Product and Design"
461,double-robotics,Summer 2012,S12,2012,B2B -> Productivity,B2B,Productivity
427,dreamforge,Summer 2012,S12,2012,"B2B -> Engineering, Product and Design",B2B,"Engineering, Product and Design"
423,easel,Summer 2012,S12,2012,"B2B -> Engineering, Product and Design",B2B,"Engineering, Product and Design"
417,eligible,Summer 2012,S12,2012,Healthcare -> Healthcare IT,Healthcare,Healthcare IT
453,everyday-me,Summer 2012,S12,2012,Consumer -> Social,Consumer,Social
425,filestack,Summer 2012,S12,2012,B2B -> Productivity,B2B,Productivity
446,flightfox,Summer 2012,S12,2012,B2B -> Operations,B2B,Operations
406,framebase,Summer 2012,S12,2012,Consumer -> Content,Consumer,Content
397,fullstack-academy,Summer 2012,S12,2012,Education,Education,
415,fundersclub,Summer 2012,S12,2012,Fintech -> Asset Management,Fintech,Asset Management
463,getgoing,Summer 2012,S12,2012,"Consumer -> Travel, Leisure and Tourism",Consumer,"Travel, Leisure and Tourism"
449,goscale,Summer 2012,S12,2012,B2B -> Infrastructure,B2B,Infrastructure
416,binary-thumb,Summer 2012,S12,2012,Consumer,Consumer,
405,healthsherpa,Summer 2012,S12,2012,Healthcare -> Healthcare Services,Healthcare,Healthcare Services
424,hipset,Summer 2012,S12,2012,Consumer -> Content,Consumer,Content
421,hiptype,Summer 2012,S12,2012,B2B -> Analytics,B2B,Analytics
403,human-dx,Summer 2012,S12,2012,Healthcare -> Healthcare IT,Healthcare,Healthcare IT
396,imgfave,Summer 2012,S12,2012,Consumer -> Content,Consumer,Content
468,instacart,Summer 2012,S12,2012,Consumer -> Food and Beverage,Consumer,Food and Beverage
393,kamcord,Summer 2012,S12,2012,Consumer -> Gaming,Consumer,Gaming
431,keychain-logistics,Summer 2012,S12,2012,B2B -> Supply Chain and Logistics,B2B,Supply Chain and Logistics
422,kippt,Summer 2012,S12,2012,B2B -> Productivity,B2B,Productivity
388,knowmia,Summer 2012,S12,2012,Education,Education,
392,leanmarket,Summer 2012,S12,2012,B2B -> Marketing,B2B,Marketing
429,lever,Summer 2012,S12,2012,B2B -> Recruiting and Talent,B2B,Recruiting and Talent
466,light-table-eve,Summer 2012,S12,2012,"B2B -> Engineering, Product and Design",B2B,"Engineering, Product and Design"
420,markupwand,Summer 2012,S12,2012,"B2B -> Engineering, Product and Design",B2B,"Engineering, Product and Design"
441,mattermark,Summer 2012,S12,2012,B2B -> Sales,B2B,Sales
407,mattermost,Summer 2012,S12,2012,B2B -> Productivity,B2B,Productivity
452,microeval,Summer 2012,S12,2012,B2B -> Human Resources,B2B,Human Resources
402,mth-sense,Summer 2012,S12,2012,B2B -> Marketing,B2B,Marketing
434,natero,Summer 2012,S12,2012,B2B -> Operations,B2B,Operations
438,newsblur,Summer 2012,S12,2012,Consumer -> Content,Consumer,Content
432,octavewealth,Summer 2012,S12,2012,B2B -> Human Resources,B2B,Human Resources
398,omnivirt,Summer 2012,S12,2012,B2B -> Marketing,B2B,Marketing
456,parallel-universe,Summer 2012,S12,2012,B2B -> Infrastructure,B2B,Infrastructure
437,partnered,Summer 2012,S12,2012,B2B -> Sales,B2B,Sales
387,pixate,Summer 2012,S12,2012,B2B -> Infrastructure,B2B,Infrastructure
464,plivo,Summer 2012,S12,2012,B2B,B2B,
435,profig,Summer 2012,S12,2012,B2B -> Operations,B2B,Operations
395,rainforest,Summer 2012,S12,2012,"B2B -> Engineering, Product and Design",B2B,"Engineering, Product and Design"
430,reelsurfer,Summer 2012,S12,2012,Consumer -> Social,Consumer,Social
450,registrylove,Summer 2012,S12,2012,Consumer -> Home and Personal,Consumer,Home and Personal
459,scoutzie,Summer 2012,S12,2012,"B2B -> Engineering, Product and Design",B2B,"Engineering, Product and Design"
414,smartasset,Summer 2012,S12,2012,Fintech -> Consumer Finance,Fintech,Consumer Finance
410,soylent,Summer 2012,S12,2012,Consumer -> Food and Beverage,Consumer,Food and Beverage
394,statwing,Summer 2012,S12,2012,B2B -> Analytics,B2B,Analytics
401,streem,Summer 2012,S12,2012,Consumer -> Content,Consumer,Content
462,study-edge,Summer 2012,S12,2012,Education,Education,
440,submittable,Summer 2012,S12,2012,B2B,B2B,
467,svbtle,Summer 2012,S12,2012,Consumer -> Content,Consumer,Content
448,tastemaker,Summer 2012,S12,2012,Consumer -> Home and Personal,Consumer,Home and Personal
404,testmunk,Summer 2012,S12,2012,"B2B -> Engineering, Product and Design",B2B,"Engineering, Product and Design"
465,thread,Summer 2012,S12,2012,Consumer -> Home and Personal,Consumer,Home and Personal
386,tomoguides,Summer 2012,S12,2012,Consumer -> Content,Consumer,Content
428,upwave,Summer 2012,S12,2012,B2B -> Operations,B2B,Operations
460,vastrm,Summer 2012,S12,2012,Consumer -> Apparel and Cosmetics,Consumer,Apparel and Cosmetics
413,vayable,Summer 2012,S12,2012,"Consumer -> Travel, Leisure and Tourism",Consumer,"Travel, Leisure and Tourism"
457,viacycle,Summer 2012,S12,2012,Consumer -> Transportation Services,Consumer,Transportation Services
455,virool,Summer 2012,S12,2012,B2B -> Marketing,B2B,Marketing
443,voicegem,Summer 2012,S12,2012,B2B -> Recruiting and Talent,B2B,Recruiting and Talent
442,zapier,Summer 2012,S12,2012,B2B -> Productivity,B2B,Productivity
409,zentail,Summer 2012,S12,2012,B2B -> Supply Chain and Logistics,B2B,Supply Chain and Logistics
390,zeromailer,Summer 2012,S12,2012,B2B -> Productivity,B2B,Productivity
513,airware,Winter 2013,W13,2013,Industrials -> Drones,Industrials,Drones
474,appcubator,Winter 2013,W13,2013,"B2B -> Engineering, Product and Design",B2B,"Engineering, Product and Design"
495,beatdeck,Winter 2013,W13,2013,B2B -> Retail,B2B,Retail
485,bitnami,Winter 2013,W13,2013,B2B -> Infrastructure,B2B,Infrastructure
479,buildzoom,Winter 2013,W13,2013,Consumer -> Home and Personal,Consumer,Home and Personal
486,cheetah,Winter 2013,W13,2013,B2B -> Retail,B2B,Retail
471,circuitlab,Winter 2013,W13,2013,"B2B -> Engineering, Product and Design",B2B,"Engineering, Product and Design"
504,coin,Winter 2013,W13,2013,Fintech -> Consumer Finance,Fintech,Consumer Finance
502,crowdmed,Winter 2013,W13,2013,Healthcare -> Healthcare Services,Healthcare,Healthcare Services
488,etleap,Winter 2013,W13,2013,B2B -> Infrastructure,B2B,Infrastructure
497,experiment,Winter 2013,W13,2013,Healthcare -> Healthcare Services,Healthcare,Healthcare Services
482,fivetran,Winter 2013,W13,2013,B2B -> Infrastructure,B2B,Infrastructure
501,flightcar,Winter 2013,W13,2013,"Consumer -> Travel, Leisure and Tourism",Consumer,"Travel, Leisure and Tourism"
508,goldbelly,Winter 2013,W13,2013,Consumer -> Food and Beverage,Consumer,Food and Beverage
483,grepdata,Winter 2013,W13,2013,B2B -> Analytics,B2B,Analytics
498,heap,Winter 2013,W13,2013,B2B -> Analytics,B2B,Analytics
490,influxdata,Winter 2013,W13,2013,B2B -> Infrastructure,B2B,Infrastructure
506,kalibrr,Winter 2013,W13,2013,B2B -> Operations,B2B,Operations
484,lawdingo,Winter 2013,W13,2013,Consumer -> Home and Personal,Consumer,Home and Personal
509,logiblock,Winter 2013,W13,2013,B2B -> Infrastructure,B2B,Infrastructure
492,lollipuff,Winter 2013,W13,2013,Consumer -> Apparel and Cosmetics,Consumer,Apparel and Cosmetics
499,medxt,Winter 2013,W13,2013,Healthcare -> Healthcare IT,Healthcare,Healthcare IT
487,medisas,Winter 2013,W13,2013,Healthcare -> Healthcare IT,Healthcare,Healthcare IT
494,meldium,Winter 2013,W13,2013,B2B -> Productivity,B2B,Productivity
475,north,Winter 2013,W13,2013,Consumer -> Virtual and Augmented Reality,Consumer,Virtual and Augmented Reality
481,padlet,Winter 2013,W13,2013,B2B -> Productivity,B2B,Productivity
477,paytango,Winter 2013,W13,2013,B2B -> Finance and Accounting,B2B,Finance and Accounting
514,posmetrics,Winter 2013,W13,2013,B2B -> Retail,B2B,Retail
515,prophecy-sciences,Winter 2013,W13,2013,B2B -> Recruiting and Talent,B2B,Recruiting and Talent
493,radar,Winter 2013,W13,2013,B2B -> Retail,B2B,Retail
489,roverride,Winter 2013,W13,2013,Consumer -> Transportation Services,Consumer,Transportation Services
472,screenhero,Winter 2013,W13,2013,B2B -> Productivity,B2B,Productivity
473,interana,Winter 2013,W13,2013,B2B -> Analytics,B2B,Analytics
511,semantics3,Winter 2013,W13,2013,B2B -> Retail,B2B,Retail
500,simplyinsured,Winter 2013,W13,2013,Healthcare -> Healthcare Services,Healthcare,Healthcare Services
491,strikingly,Winter 2013,W13,2013,B2B -> Marketing,B2B,Marketing
470,styleup,Winter 2013,W13,2013,Consumer -> Apparel and Cosmetics,Consumer,Apparel and Cosmetics
496,swapbox,Winter 2013,W13,2013,Consumer -> Home and Personal,Consumer,Home and Personal
476,swish,Winter 2013,W13,2013,B2B -> Supply Chain and Logistics,B2B,Supply Chain and Logistics
512,teespring,Winter 2013,W13,2013,Consumer -> Apparel and Cosmetics,Consumer,Apparel and Cosmetics
480,trainzen,Winter 2013,W13,2013,B2B -> Human Resources,B2B,Human Resources
478,vaycayhero,Winter 2013,W13,2013,"Consumer -> Travel, Leisure and Tourism",Consumer,"Travel, Leisure and Tourism"
516,watsi,Winter 2013,W13,2013,Healthcare,Healthcare,
503,wefunder,Winter 2013,W13,2013,Fintech -> Asset Management,Fintech,Asset Management
505,wevorce,Winter 2013,W13,2013,Consumer -> Home and Personal,Consumer,Home and Personal
507,zenefits,Winter 2013,W13,2013,B2B -> Human Resources,B2B,Human Resources
517,7cups,Summer 2013,S13,2013,Healthcare -> Healthcare Services,Healthcare,Healthcare Services
553,amulyte,Summer 2013,S13,2013,Healthcare -> Consumer Health and Wellness,Healthcare,Consumer Health and Wellness
521,apptimize,Summer 2013,S13,2013,"B2B -> Engineering, Product and Design",B2B,"Engineering, Product and Design"
556,arcus,Summer 2013,S13,2013,Fintech -> Banking and Exchange,Fintech,Banking and Exchange
522,asseta,Summer 2013,S13,2013,B2B,B2B,
557,audobox,Summer 2013,S13,2013,"B2B -> Engineering, Product and Design",B2B,"Engineering, Product and Design"
524,bloomthat,Summer 2013,S13,2013,Consumer -> Home and Personal,Consumer,Home and Personal
558,bop-fm,Summer 2013,S13,2013,Consumer -> Content,Consumer,Content
559,butter-systems,Summer 2013,S13,2013,B2B -> Retail,B2B,Retail
527,buttercoin,Summer 2013,S13,2013,Fintech -> Banking and Exchange,Fintech,Banking and Exchange
542,casetext,Summer 2013,S13,2013,B2B -> Legal,B2B,Legal
528,coreos,Summer 2013,S13,2013,B2B -> Infrastructure,B2B,Infrastructure
540,cratejoy,Summer 2013,S13,2013,B2B -> Retail,B2B,Retail
529,crowdery,Summer 2013,S13,2013,B2B -> Retail,B2B,Retail
564,datarank,Summer 2013,S13,2013,B2B -> Marketing,B2B,Marketing
531,doordash,Summer 2013,S13,2013,Consumer -> Food and Beverage,Consumer,Food and Beverage
532,easypost,Summer 2013,S13,2013,B2B -> Supply Chain and Logistics,B2B,Supply Chain and Logistics
570,echo-locker,Summer 2013,S13,2013,Consumer -> Home and Personal,Consumer,Home and Personal
534,estimote-inc,Summer 2013,S13,2013,B2B -> Supply Chain and Logistics,B2B,Supply Chain and Logistics
520,fanhero,Summer 2013,S13,2013,Consumer -> Social,Consumer,Social
535,floobits,Summer 2013,S13,2013,"B2B -> Engineering, Product and Design",B2B,"Engineering, Product and Design"
536,glio,Summer 2013,S13,2013,Consumer -> Apparel and Cosmetics,Consumer,Apparel and Cosmetics
530,gocomm,Summer 2013,S13,2013,B2B -> Productivity,B2B,Productivity
537,graft-concepts,Summer 2013,S13,2013,Consumer -> Consumer Electronics,Consumer,Consumer Electronics
526,hackermeter,Summer 2013,S13,2013,B2B -> Recruiting and Talent,B2B,Recruiting and Talent
538,hum,Summer 2013,S13,2013,B2B -> Productivity,B2B,Productivity
569,ixiplay,Summer 2013,S13,2013,Consumer -> Consumer Electronics,Consumer,Consumer Electronics
565,kivo,Summer 2013,S13,2013,B2B -> Productivity,B2B,Productivity
543,layer-by-layer,Summer 2013,S13,2013,Consumer -> Home and Personal,Consumer,Home and Personal
544,le-tote,Summer 2013,S13,2013,Consumer -> Apparel and Cosmetics,Consumer,Apparel and Cosmetics
552,lob,Summer 2013,S13,2013,B2B -> Marketing,B2B,Marketing
545,localon,Summer 2013,S13,2013,B2B -> Retail,B2B,Retail
561,lumoid,Summer 2013,S13,2013,Consumer -> Consumer Electronics,Consumer,Consumer Electronics
547,meta,Summer 2013,S13,2013,Consumer -> Virtual and Augmented Reality,Consumer,Virtual and Augmented Reality
548,one-month,Summer 2013,S13,2013,Education,Education,
549,panorama-education,Summer 2013,S13,2013,Education,Education,
554,realcrowd,Summer 2013,S13,2013,Real Estate and Construction -> Housing and Real Estate,Real Estate and Construction,Housing and Real Estate
555,reebee,Summer 2013,S13,2013,Consumer -> Home and Personal,Consumer,Home and Personal
546,senic,Summer 2013,S13,2013,Consumer -> Consumer Electronics,Consumer,Consumer Electronics
533,simplelegal,Summer 2013,S13,2013,B2B -> Legal,B2B,Legal
562,soundfocus,Summer 2013,S13,2013,Healthcare -> Consumer Health and Wellness,Healthcare,Consumer Health and Wellness
541,spoonrocket,Summer 2013,S13,2013,Consumer -> Food and Beverage,Consumer,Food and Beverage
525,stackmachine,Summer 2013,S13,2013,B2B -> Infrastructure,B2B,Infrastructure
523,standard-treasury,Summer 2013,S13,2013,Fintech -> Banking and Exchange,Fintech,Banking and Exchange
560,statuspage,Summer 2013,S13,2013,"B2B -> Engineering, Product and Design",B2B,"Engineering, Product and Design"
519,teleborder,Summer 2013,S13,2013,B2B -> Human Resources,B2B,Human Resources
563,true-link,Summer 2013,S13,2013,Fintech,Fintech,
518,urx,Summer 2013,S13,2013,"B2B -> Engineering, Product and Design",B2B,"Engineering, Product and Design"
550,watchsend,Summer 2013,S13,2013,"B2B -> Engineering, Product and Design",B2B,"Engineering, Product and Design"
568,webcake,Summer 2013,S13,2013,"B2B -> Engineering, Product and Design",B2B,"Engineering, Product and Design"
566,webflow,Summer 2013,S13,2013,B2B -> Marketing,B2B,Marketing
567,weilos,Summer 2013,S13,2013,Healthcare -> Consumer Health and Wellness,Healthcare,Consumer Health and Wellness
571,42,Winter 2014,W14,2014,B2B -> Retail,B2B,Retail
572,abacus,Winter 2014,W14,2014,B2B -> Finance and Accounting,B2B,Finance and Accounting
574,airhelp,Winter 2014,W14,2014,"Consumer -> Travel, Leisure and Tourism",Consumer,"Travel, Leisure and Tourism"
638,airpair,Winter 2014,W14,2014,"B2B -> Engineering, Product and Design",B2B,"Engineering, Product and Design"
636,algolia,Winter 2014,W14,2014,"B2B -> Engineering, Product and Design",B2B,"Engineering, Product and Design"
576,ambition,Winter 2014,W14,2014,B2B -> Sales,B2B,Sales
578,aptdeco,Winter 2014,W14,2014,Consumer -> Home and Personal,Consumer,Home and Personal
645,avametric,Winter 2014,W14,2014,"B2B -> Engineering, Product and Design",B2B,"Engineering, Product and Design"
579,awesometalk,Winter 2014,W14,2014,Consumer -> Social,Consumer,Social
597,axoni,Winter 2014,W14,2014,Fintech -> Banking and Exchange,Fintech,Banking and Exchange
580,bellabeat,Winter 2014,W14,2014,Consumer -> Consumer Electronics,Consumer,Consumer Electronics
573,boostable,Winter 2014,W14,2014,B2B -> Marketing,B2B,Marketing
583,cambly,Winter 2014,W14,2014,Education,Education,
577,caremessage,Winter 2014,W14,2014,Healthcare,Healthcare,
581,chargehound,Winter 2014,W14,2014,B2B -> Finance and Accounting,B2B,Finance and Accounting
587,codecombat,Winter 2014,W14,2014,Education,Education,
588,codenow,Winter 2014,W14,2014,Unspecified,Unspecified,
590,cruise,Winter 2014,W14,2014,Industrials -> Automotive,Industrials,Automotive
591,dating-ring,Winter 2014,W14,2014,Consumer -> Social,Consumer,Social
600,devcycle,Winter 2014,W14,2014,"B2B -> Engineering, Product and Design",B2B,"Engineering, Product and Design"
593,drive-pulse,Winter 2014,W14,2014,Consumer -> Consumer Electronics,Consumer,Consumer Electronics
643,dyspatch,Winter 2014,W14,2014,B2B -> Marketing,B2B,Marketing
624,edyn,Winter 2014,W14,2014,Industrials -> Agriculture,Industrials,Agriculture
602,emailio,Winter 2014,W14,2014,B2B -> Productivity,B2B,Productivity
594,eventjoy,Winter 2014,W14,2014,B2B -> Retail,B2B,Retail
595,flexport,Winter 2014,W14,2014,B2B -> Supply Chain and Logistics,B2B,Supply Chain and Logistics
646,framed-data,Winter 2014,W14,2014,B2B -> Analytics,B2B,Analytics
584,futureleague,Winter 2014,W14,2014,Consumer -> Home and Personal,Consumer,Home and Personal
639,gbatteries,Winter 2014,W14,2014,Industrials -> Climate,Industrials,Climate
637,gobble,Winter 2014,W14,2014,Consumer -> Food and Beverage,Consumer,Food and Beverage
626,guesty,Winter 2014,W14,2014,Real Estate and Construction -> Housing and Real Estate,Real Estate and Construction,Housing and Real Estate
607,hoverchat,Winter 2014,W14,2014,Fintech -> Asset Management,Fintech,Asset Management
647,immunity-project,Winter 2014,W14,2014,Unspecified,Unspecified,
598,kimono-labs,Winter 2014,W14,2014,"B2B -> Engineering, Product and Design",B2B,"Engineering, Product and Design"
599,kuna-systems,Winter 2014,W14,2014,Consumer -> Consumer Electronics,Consumer,Consumer Electronics
612,liftigniter,Winter 2014,W14,2014,B2B -> Marketing,B2B,Marketing
603,mbx,Winter 2014,W14,2014,Consumer -> Apparel and Cosmetics,Consumer,Apparel and Cosmetics
601,madesolid,Winter 2014,W14,2014,Industrials -> Manufacturing and Robotics,Industrials,Manufacturing and Robotics
621,merrymint,Winter 2014,W14,2014,B2B -> Office Management,B2B,Office Management
641,mixerbox,Winter 2014,W14,2014,Consumer,Consumer,
604,motionlead,Winter 2014,W14,2014,B2B -> Marketing,B2B,Marketing
605,move-loot,Winter 2014,W14,2014,Consumer -> Home and Personal,Consumer,Home and Personal
606,next-caller,Winter 2014,W14,2014,B2B -> Sales,B2B,Sales
585,noora-health,Winter 2014,W14,2014,Healthcare,Healthcare,
608,one-degree,Winter 2014,W14,2014,Unspecified,Unspecified,
642,opencurriculum,Winter 2014,W14,2014,Unspecified,Unspecified,
613,piinpoint,Winter 2014,W14,2014,B2B -> Office Management,B2B,Office Management
614,pipelinedb,Winter 2014,W14,2014,B2B -> Infrastructure,B2B,Infrastructure
615,povio,Winter 2014,W14,2014,"B2B -> Engineering, Product and Design",B2B,"Engineering, Product and Design"
616,pushbullet,Winter 2014,W14,2014,Consumer -> Home and Personal,Consumer,Home and Personal
617,rickshaw,Winter 2014,W14,2014,B2B -> Supply Chain and Logistics,B2B,Supply Chain and Logistics
618,rocketrip,Winter 2014,W14,2014,B2B -> Finance and Accounting,B2B,Finance and Accounting
619,shoobs,Winter 2014,W14,2014,"Consumer -> Travel, Leisure and Tourism",Consumer,"Travel, Leisure and Tourism"
623,shopagram,Winter 2014,W14,2014,Consumer,Consumer,
620,sketchdeck,Winter 2014,W14,2014,B2B -> Productivity,B2B,Productivity
622,snapdocs,Winter 2014,W14,2014,Real Estate and Construction -> Housing and Real Estate,Real Estate and Construction,Housing and Real Estate
610,stacklead,Winter 2014,W14,2014,B2B -> Sales,B2B,Sales
625,style-lend,Winter 2014,W14,2014,Consumer -> Apparel and Cosmetics,Consumer,Apparel and Cosmetics
627,terravion,Winter 2014,W14,2014,Industrials -> Agriculture,Industrials,Agriculture
611,theorem,Winter 2014,W14,2014,Fintech -> Asset Management,Fintech,Asset Management
589,threadable,Winter 2014,W14,2014,B2B -> Productivity,B2B,Productivity
628,truevault,Winter 2014,W14,2014,B2B,B2B,
575,two-tap,Winter 2014,W14,2014,B2B -> Retail,B2B,Retail
640,unbabel,Winter 2014,W14,2014,B2B -> Operations,B2B,Operations
629,unicornly,Winter 2014,W14,2014,B2B -> Finance and Accounting,B2B,Finance and Accounting
648,vidpresso,Winter 2014,W14,2014,B2B -> Infrastructure,B2B,Infrastructure
630,weave,Winter 2014,W14,2014,B2B -> Office Management,B2B,Office Management
644,whirlscape,Winter 2014,W14,2014,Consumer -> Social,Consumer,Social
631,wit-ai,Winter 2014,W14,2014,"B2B -> Engineering, Product and Design",B2B,"Engineering, Product and Design"
592,yumbin,Winter 2014,W14,2014,B2B -> Office Management,B2B,Office Management
632,zesty,Winter 2014,W14,2014,B2B -> Office Management,B2B,Office Management
633,zidisha,Winter 2014,W14,2014,Fintech -> Credit and Lending,Fintech,Credit and Lending
634,zinc,Winter 2014,W14,2014,B2B -> Retail,B2B,Retail
635,zowpow,Winter 2014,W14,2014,Consumer -> Consumer Electronics,Consumer,Consumer Electronics
691,alchemy,Summer 2014,S14,2014,Industrials -> Manufacturing and Robotics,Industrials,Manufacturing and Robotics
651,aptible,Summer 2014,S14,2014,B2B -> Infrastructure,B2B,Infrastructure
704,apto-payments,Summer 2014,S14,2014,Fintech -> Payments,Fintech,Payments
653,backpack,Summer 2014,S14,2014,Consumer -> Home and Personal,Consumer,Home and Personal
654,bannerman,Summer 2014,S14,2014,B2B -> Office Management,B2B,Office Management
732,bayes-impact,Summer 2014,S14,2014,Unspecified,Unspecified,
726,beep,Summer 2014,S14,2014,Industrials -> Manufacturing and Robotics,Industrials,Manufacturing and Robotics
657,bikanta,Summer 2014,S14,2014,Healthcare -> Diagnostics,Healthcare,Diagnostics
658,billforward,Summer 2014,S14,2014,Fintech -> Payments,Fintech,Payments
659,bitaccess,Summer 2014,S14,2014,Fintech -> Banking and Exchange,Fintech,Banking and Exchange
676,blockspring,Summer 2014,S14,2014,B2B -> Infrastructure,B2B,Infrastructure
661,carlypso,Summer 2014,S14,2014,Consumer -> Transportation Services,Consumer,Transportation Services
662,checkr,Summer 2014,S14,2014,B2B -> Human Resources,B2B,Human Resources
698,cheddar,Summer 2014,S14,2014,Fintech -> Banking and Exchange,Fintech,Banking and Exchange
663,clara-labs,Summer 2014,S14,2014,B2B -> Productivity,B2B,Productivity
664,cleartax,Summer 2014,S14,2014,Fintech -> Consumer Finance,Fintech,Consumer Finance
728,cognito,Summer 2014,S14,2014,"B2B -> Engineering, Product and Design",B2B,"Engineering, Product and Design"
665,craft-coffee,Summer 2014,S14,2014,Consumer -> Food and Beverage,Consumer,Food and Beverage
667,doblet,Summer 2014,S14,2014,B2B -> Office Management,B2B,Office Management
669,fixed,Summer 2014,S14,2014,Consumer -> Transportation Services,Consumer,Transportation Services
670,flaviar,Summer 2014,S14,2014,Consumer -> Food and Beverage,Consumer,Food and Beverage
672,flytenow,Summer 2014,S14,2014,"Consumer -> Travel, Leisure and Tourism",Consumer,"Travel, Leisure and Tourism"
727,front,Summer 2014,S14,2014,B2B -> Productivity,B2B,Productivity
729,ginkgo-bioworks,Summer 2014,S14,2014,Healthcare -> Industrial Bio,Healthcare,Industrial Bio
675,govpredict,Summer 2014,S14,2014,Government,Government,
677,greentoe,Summer 2014,S14,2014,Consumer -> Consumer Electronics,Consumer,Consumer Electronics
710,hauteday,Summer 2014,S14,2014,Consumer -> Apparel and Cosmetics,Consumer,Apparel and Cosmetics
730,helion-energy,Summer 2014,S14,2014,Industrials -> Energy,Industrials,Energy
714,hive,Summer 2014,S14,2014,B2B -> Marketing,B2B,Marketing
678,hublo,Summer 2014,S14,2014,B2B -> Analytics,B2B,Analytics
673,hyperpad,Summer 2014,S14,2014,Consumer -> Gaming,Consumer,Gaming
680,impraise,Summer 2014,S14,2014,B2B -> Human Resources,B2B,Human Resources
696,in-your-corner,Summer 2014,S14,2014,Healthcare -> Healthcare Services,Healthcare,Healthcare Services
682,kash,Summer 2014,S14,2014,Fintech -> Payments,Fintech,Payments
684,lawn-love,Summer 2014,S14,2014,Consumer -> Home and Personal,Consumer,Home and Personal
685,listrunner,Summer 2014,S14,2014,Healthcare -> Healthcare IT,Healthcare,Healthcare IT
688,mtailor,Summer 2014,S14,2014,Consumer -> Apparel and Cosmetics,Consumer,Apparel and Cosmetics
687,metricwire,Summer 2014,S14,2014,Healthcare -> Healthcare IT,Healthcare,Healthcare IT
689,naytev,Summer 2014,S14,2014,"B2B -> Engineering, Product and Design",B2B,"Engineering, Product and Design"
690,neptune-io,Summer 2014,S14,2014,B2B -> Infrastructure,B2B,Infrastructure
692,nightingale,Summer 2014,S14,2014,Healthcare -> Healthcare IT,Healthcare,Healthcare IT
731,oklo,Summer 2014,S14,2014,Industrials -> Energy,Industrials,Energy
734,one-codex,Summer 2014,S14,2014,Healthcare -> Healthcare IT,Healthcare,Healthcare IT
668,owners-circle,Summer 2014,S14,2014,Fintech -> Credit and Lending,Fintech,Credit and Lending
712,paid,Summer 2014,S14,2014,B2B -> Finance and Accounting,B2B,Finance and Accounting
655,parenthoods,Summer 2014,S14,2014,Consumer -> Social,Consumer,Social
715,payable,Summer 2014,S14,2014,B2B -> Finance and Accounting,B2B,Finance and Accounting
694,permutive,Summer 2014,S14,2014,B2B -> Marketing,B2B,Marketing
666,persistiq,Summer 2014,S14,2014,B2B -> Sales,B2B,Sales
695,picnicai,Summer 2014,S14,2014,Healthcare,Healthcare,
697,product-hunt,Summer 2014,S14,2014,Consumer -> Content,Consumer,Content
681,protocol-labs,Summer 2014,S14,2014,B2B -> Infrastructure,B2B,Infrastructure
735,ravti,Summer 2014,S14,2014,Real Estate and Construction -> Housing and Real Estate,Real Estate and Construction,Housing and Real Estate
686,replenish,Summer 2014,S14,2014,B2B -> Office Management,B2B,Office Management
700,rigetti-computing,Summer 2014,S14,2014,Industrials -> Manufacturing and Robotics,Industrials,Manufacturing and Robotics
719,roomstorm,Summer 2014,S14,2014,"Consumer -> Travel, Leisure and Tourism",Consumer,"Travel, Leisure and Tourism"
701,roost,Summer 2014,S14,2014,"B2B -> Engineering, Product and Design",B2B,"Engineering, Product and Design"
702,sfox,Summer 2014,S14,2014,Fintech -> Banking and Exchange,Fintech,Banking and Exchange
707,salessift,Summer 2014,S14,2014,B2B -> Sales,B2B,Sales
705,shipbob,Summer 2014,S14,2014,B2B -> Supply Chain and Logistics,B2B,Supply Chain and Logistics
706,shout,Summer 2014,S14,2014,Consumer -> Home and Personal,Consumer,Home and Personal
736,sliced-investing,Summer 2014,S14,2014,Fintech -> Asset Management,Fintech,Asset Management
709,spotangels,Summer 2014,S14,2014,Consumer -> Transportation Services,Consumer,Transportation Services
656,springwit,Summer 2014,S14,2014,Healthcare -> Consumer Health and Wellness,Healthcare,Consumer Health and Wellness
674,taxa-biotechnologies,Summer 2014,S14,2014,Healthcare -> Consumer Health and Wellness,Healthcare,Consumer Health and Wellness
711,tenjin,Summer 2014,S14,2014,B2B -> Marketing,B2B,Marketing
713,think-gaming,Summer 2014,S14,2014,B2B -> Marketing,B2B,Marketing
716,tinker,Summer 2014,S14,2014,Fintech -> Asset Management,Fintech,Asset Management
717,tule,Summer 2014,S14,2014,Industrials -> Agriculture,Industrials,Agriculture
738,unwind-me,Summer 2014,S14,2014,Consumer -> Home and Personal,Consumer,Home and Personal
703,usergems,Summer 2014,S14,2014,B2B -> Sales,B2B,Sales
679,vizeralabs,Summer 2014,S14,2014,B2B -> Retail,B2B,Retail
720,weave-2,Summer 2014,S14,2014,Consumer -> Job and Career Services,Consumer,Job and Career Services
721,whirl,Summer 2014,S14,2014,B2B -> Retail,B2B,Retail
722,women-com,Summer 2014,S14,2014,Consumer -> Content,Consumer,Content
733,zenamins,Summer 2014,S14,2014,Consumer -> Food and Beverage,Consumer,Food and Beverage
652,zip-phone,Summer 2014,S14,2014,Consumer -> Social,Consumer,Social
725,zoomer,Summer 2014,S14,2014,Consumer -> Food and Beverage,Consumer,Food and Beverage
747,20n,Winter 2015,W15,2015,Healthcare -> Industrial Bio,Healthcare,Industrial Bio
742,3dot,Winter 2015,W15,2015,Consumer -> Social,Consumer,Social
748,akido-labs,Winter 2015,W15,2015,Healthcare -> Healthcare IT,Healthcare,Healthcare IT
850,automate-ads,Winter 2015,W15,2015,B2B -> Marketing,B2B,Marketing
843,bagaveev-corporation,Winter 2015,W15,2015,Industrials -> Aviation and Space,Industrials,Aviation and Space
763,bankjoy,Winter 2015,W15,2015,Fintech -> Banking and Exchange,Fintech,Banking and Exchange
752,bizzy,Winter 2015,W15,2015,B2B -> Retail,B2B,Retail
753,bluesmart,Winter 2015,W15,2015,Consumer -> Consumer Electronics,Consumer,Consumer Electronics
800,bonfire,Winter 2015,W15,2015,B2B -> Finance and Accounting,B2B,Finance and Accounting
754,booktrope,Winter 2015,W15,2015,B2B -> Marketing,B2B,Marketing
755,bright,Winter 2015,W15,2015,Industrials -> Energy,Industrials,Energy
781,buildscience,Winter 2015,W15,2015,Real Estate and Construction -> Housing and Real Estate,Real Estate and Construction,Housing and Real Estate
846,chariot,Winter 2015,W15,2015,Consumer -> Transportation Services,Consumer,Transportation Services
802,cleanly,Winter 2015,W15,2015,Consumer -> Home and Personal,Consumer,Home and Personal
758,cribspot,Winter 2015,W15,2015,Real Estate and Construction -> Housing and Real Estate,Real Estate and Construction,Housing and Real Estate
759,cyberfend,Winter 2015,W15,2015,B2B -> Security,B2B,Security
822,dabble,Winter 2015,W15,2015,B2B -> Marketing,B2B,Marketing
804,dealyze,Winter 2015,W15,2015,B2B -> Retail,B2B,Retail
760,democracy-earth,Winter 2015,W15,2015,Unspecified,Unspecified,
1434,democracyos,Winter 2015,W15,2015,Government,Government,
1166,direct-match,Winter 2015,W15,2015,Fintech -> Banking and Exchange,Fintech,Banking and Exchange
809,equipmentshare,Winter 2015,W15,2015,Real Estate and Construction -> Construction,Real Estate and Construction,Construction
743,final,Winter 2015,W15,2015,Fintech -> Payments,Fintech,Payments
847,flip,Winter 2015,W15,2015,Consumer -> Apparel and Cosmetics,Consumer,Apparel and Cosmetics
810,gitlab,Winter 2015,W15,2015,"B2B -> Engineering, Product and Design",B2B,"Engineering, Product and Design"
764,givemetap,Winter 2015,W15,2015,Consumer -> Home and Personal,Consumer,Home and Personal
811,giveffect,Winter 2015,W15,2015,B2B -> Finance and Accounting,B2B,Finance and Accounting
812,glassjar,Winter 2015,W15,2015,Fintech -> Consumer Finance,Fintech,Consumer Finance
766,groupahead,Winter 2015,W15,2015,Consumer -> Social,Consumer,Social
767,grubmarket,Winter 2015,W15,2015,B2B -> Supply Chain and Logistics,B2B,Supply Chain and Logistics
769,higherme,Winter 2015,W15,2015,B2B -> Recruiting and Talent,B2B,Recruiting and Talent
813,industrial-microbes,Winter 2015,W15,2015,Healthcare -> Industrial Bio,Healthcare,Industrial Bio
770,instavest,Winter 2015,W15,2015,Fintech -> Asset Management,Fintech,Asset Management
772,kickpay,Winter 2015,W15,2015,B2B -> Finance and Accounting,B2B,Finance and Accounting
773,labdoor,Winter 2015,W15,2015,Consumer -> Food and Beverage,Consumer,Food and Beverage
815,level-frames,Winter 2015,W15,2015,Consumer -> Home and Personal,Consumer,Home and Personal
805,lucira-health,Winter 2015,W15,2015,Healthcare -> Diagnostics,Healthcare,Diagnostics
845,lully,Winter 2015,W15,2015,Healthcare -> Consumer Health and Wellness,Healthcare,Consumer Health and Wellness
855,lumi,Winter 2015,W15,2015,B2B -> Supply Chain and Logistics,B2B,Supply Chain and Logistics
751,magic,Winter 2015,W15,2015,B2B,B2B,
791,makrwatch,Winter 2015,W15,2015,B2B -> Marketing,B2B,Marketing
856,mashgin,Winter 2015,W15,2015,B2B -> Retail,B2B,Retail
817,meadow,Winter 2015,W15,2015,B2B -> Retail,B2B,Retail
749,mezmo,Winter 2015,W15,2015,B2B -> Infrastructure,B2B,Infrastructure
792,mobydish,Winter 2015,W15,2015,B2B -> Retail,B2B,Retail
818,moltin,Winter 2015,W15,2015,B2B -> Retail,B2B,Retail
814,nextravel,Winter 2015,W15,2015,B2B -> Finance and Accounting,B2B,Finance and Accounting
819,nextop,Winter 2015,W15,2015,B2B -> Infrastructure,B2B,Infrastructure
851,nimblerx,Winter 2015,W15,2015,Healthcare -> Consumer Health and Wellness,Healthcare,Consumer Health and Wellness
852,nomiku,Winter 2015,W15,2015,Consumer -> Home and Personal,Consumer,Home and Personal
739,notable-labs,Winter 2015,W15,2015,Healthcare -> Diagnostics,Healthcare,Diagnostics
756,numerion-labs,Winter 2015,W15,2015,Healthcare -> Drug Discovery and Delivery,Healthcare,Drug Discovery and Delivery
775,omniref,Winter 2015,W15,2015,"B2B -> Engineering, Product and Design",B2B,"Engineering, Product and Design"
777,open-listings,Winter 2015,W15,2015,Real Estate and Construction -> Housing and Real Estate,Real Estate and Construction,Housing and Real Estate
820,outbound,Winter 2015,W15,2015,B2B -> Marketing,B2B,Marketing
778,pachyderm,Winter 2015,W15,2015,B2B -> Infrastructure,B2B,Infrastructure
779,pakible,Winter 2015,W15,2015,B2B -> Supply Chain and Logistics,B2B,Supply Chain and Logistics
780,paperspace,Winter 2015,W15,2015,"B2B -> Engineering, Product and Design",B2B,"Engineering, Product and Design"
823,pigeonly,Winter 2015,W15,2015,Consumer -> Social,Consumer,Social
774,platzi,Winter 2015,W15,2015,B2B -> Productivity,B2B,Productivity
744,pomello,Winter 2015,W15,2015,B2B -> Recruiting and Talent,B2B,Recruiting and Talent
824,popular-pays,Winter 2015,W15,2015,B2B -> Marketing,B2B,Marketing
825,pretty-instant,Winter 2015,W15,2015,Consumer -> Home and Personal,Consumer,Home and Personal
826,priime,Winter 2015,W15,2015,Consumer -> Social,Consumer,Social
807,quantierra,Winter 2015,W15,2015,Real Estate and Construction -> Housing and Real Estate,Real Estate and Construction,Housing and Real Estate
740,qventus,Winter 2015,W15,2015,Healthcare -> Healthcare IT,Healthcare,Healthcare IT
794,rare-door,Winter 2015,W15,2015,Consumer -> Home and Personal,Consumer,Home and Personal
842,raven-tech,Winter 2015,W15,2015,B2B -> Infrastructure,B2B,Infrastructure
827,razorpay,Winter 2015,W15,2015,Fintech -> Payments,Fintech,Payments
783,reschedule-med,Winter 2015,W15,2015,Healthcare -> Healthcare IT,Healthcare,Healthcare IT
782,readme,Winter 2015,W15,2015,"B2B -> Engineering, Product and Design",B2B,"Engineering, Product and Design"
793,remix,Winter 2015,W15,2015,Government,Government,
849,replika,Winter 2015,W15,2015,Consumer -> Content,Consumer,Content
828,rescue-forensics,Winter 2015,W15,2015,Government,Government,
797,resolve,Winter 2015,W15,2015,Real Estate and Construction -> Construction,Real Estate and Construction,Construction
787,sirum,Winter 2015,W15,2015,Unspecified,Unspecified,
786,sails-co,Winter 2015,W15,2015,"B2B -> Engineering, Product and Design",B2B,"Engineering, Product and Design"
829,seed,Winter 2015,W15,2015,Fintech -> Banking and Exchange,Fintech,Banking and Exchange
857,shasqi,Winter 2015,W15,2015,Healthcare -> Drug Discovery and Delivery,Healthcare,Drug Discovery and Delivery
785,shift-labs,Winter 2015,W15,2015,Healthcare -> Medical Devices,Healthcare,Medical Devices
784,shift-messenger,Winter 2015,W15,2015,B2B -> Productivity,B2B,Productivity
830,sigopt,Winter 2015,W15,2015,"B2B -> Engineering, Product and Design",B2B,"Engineering, Product and Design"
788,smarking,Winter 2015,W15,2015,B2B -> Analytics,B2B,Analytics
750,smyte,Winter 2015,W15,2015,B2B -> Security,B2B,Security
765,sparkgift,Winter 2015,W15,2015,Fintech -> Consumer Finance,Fintech,Consumer Finance
853,spire-health,Winter 2015,W15,2015,Healthcare -> Consumer Health and Wellness,Healthcare,Consumer Health and Wellness
831,spoil,Winter 2015,W15,2015,Consumer -> Home and Personal,Consumer,Home and Personal
832,standard-cyborg,Winter 2015,W15,2015,Healthcare -> Medical Devices,Healthcare,Medical Devices
833,tab,Winter 2015,W15,2015,"Consumer -> Travel, Leisure and Tourism",Consumer,"Travel, Leisure and Tourism"
848,tara-ai,Winter 2015,W15,2015,B2B -> Productivity,B2B,Productivity
790,teamnote,Winter 2015,W15,2015,B2B -> Productivity,B2B,Productivity
746,tech-in-asia,Winter 2015,W15,2015,Consumer -> Content,Consumer,Content
789,tempo,Winter 2015,W15,2015,Healthcare -> Consumer Health and Wellness,Healthcare,Consumer Health and Wellness
761,the-human-utility,Winter 2015,W15,2015,Unspecified,Unspecified,
854,thinair,Winter 2015,W15,2015,B2B -> Security,B2B,Security
835,transcriptic,Winter 2015,W15,2015,Healthcare -> Healthcare Services,Healthcare,Healthcare Services
795,underground-cellar,Winter 2015,W15,2015,Consumer -> Food and Beverage,Consumer,Food and Beverage
836,valor-water-analytics,Winter 2015,W15,2015,Industrials -> Climate,Industrials,Climate
837,vanhawks,Winter 2015,W15,2015,Consumer -> Consumer Electronics,Consumer,Consumer Electronics
796,vest,Winter 2015,W15,2015,Fintech -> Asset Management,Fintech,Asset Management
838,vetpronto,Winter 2015,W15,2015,Healthcare -> Consumer Health and Wellness,Healthcare,Consumer Health and Wellness
801,wayup,Winter 2015,W15,2015,Consumer -> Job and Career Services,Consumer,Job and Career Services
839,wink-health,Winter 2015,W15,2015,Healthcare -> Consumer Health and Wellness,Healthcare,Consumer Health and Wellness
768,worklife,Winter 2015,W15,2015,B2B -> Productivity,B2B,Productivity
840,x-zell,Winter 2015,W15,2015,Healthcare -> Diagnostics,Healthcare,Diagnostics
798,yesgraph,Winter 2015,W15,2015,B2B -> Marketing,B2B,Marketing
799,yhat,Winter 2015,W15,2015,"B2B -> Engineering, Product and Design",B2B,"Engineering, Product and Design"
762,zeitview,Winter 2015,W15,2015,Industrials -> Drones,Industrials,Drones
834,zenflow,Winter 2015,W15,2015,Healthcare -> Medical Devices,Healthcare,Medical Devices
808,ebrandvalue,Winter 2015,W15,2015,B2B -> Marketing,B2B,Marketing
941,80-000-hours,Summer 2015,S15,2015,Unspecified,Unspecified,
903,afrostream,Summer 2015,S15,2015,Consumer -> Content,Consumer,Content
885,airmada,Summer 2015,S15,2015,Industrials -> Drones,Industrials,Drones
904,apollo-health,Summer 2015,S15,2015,"Consumer -> Travel, Leisure and Tourism",Consumer,"Travel, Leisure and Tourism"
909,appcanary,Summer 2015,S15,2015,B2B -> Security,B2B,Security
872,assembly,Summer 2015,S15,2015,B2B -> Supply Chain and Logistics,B2B,Supply Chain and Logistics
954,auro-robotics,Summer 2015,S15,2015,Industrials -> Automotive,Industrials,Automotive
906,bistrobot,Summer 2015,S15,2015,B2B -> Retail,B2B,Retail
960,bitmovin,Summer 2015,S15,2015,B2B -> Infrastructure,B2B,Infrastructure
948,blitz-esports,Summer 2015,S15,2015,Consumer -> Content,Consumer,Content
907,bluecrew,Summer 2015,S15,2015,B2B -> Recruiting and Talent,B2B,Recruiting and Talent
908,bodyport,Summer 2015,S15,2015,Healthcare -> Consumer Health and Wellness,Healthcare,Consumer Health and Wellness
888,branch8,Summer 2015,S15,2015,B2B -> Retail,B2B,Retail
886,call9,Summer 2015,S15,2015,Healthcare -> Healthcare Services,Healthcare,Healthcare Services
887,careledger,Summer 2015,S15,2015,Healthcare -> Healthcare Services,Healthcare,Healthcare Services
910,chaldal,Summer 2015,S15,2015,Consumer -> Food and Beverage,Consumer,Food and Beverage
915,circle-medical,Summer 2015,S15,2015,Healthcare -> Consumer Health and Wellness,Healthcare,Consumer Health and Wellness
911,cloudstitch,Summer 2015,S15,2015,B2B -> Productivity,B2B,Productivity
962,cofactor-genomics,Summer 2015,S15,2015,Healthcare -> Diagnostics,Healthcare,Diagnostics
889,confident-lims,Summer 2015,S15,2015,B2B -> Operations,B2B,Operations
890,convox,Summer 2015,S15,2015,B2B -> Infrastructure,B2B,Infrastructure
891,cymmetria,Summer 2015,S15,2015,B2B -> Security,B2B,Security
913,drip-capital,Summer 2015,S15,2015,Fintech,Fintech,
893,eden,Summer 2015,S15,2015,B2B -> Human Resources,B2B,Human Resources
964,eight-sleep,Summer 2015,S15,2015,Consumer -> Home and Personal,Consumer,Home and Personal
950,fetch,Summer 2015,S15,2015,Consumer -> Transportation Services,Consumer,Transportation Services
966,flirtey,Summer 2015,S15,2015,Industrials -> Drones,Industrials,Drones
943,font-awesome,Summer 2015,S15,2015,"B2B -> Engineering, Product and Design",B2B,"Engineering, Product and Design"
925,fountain,Summer 2015,S15,2015,B2B -> Recruiting and Talent,B2B,Recruiting and Talent
894,foxpass,Summer 2015,S15,2015,B2B -> Security,B2B,Security
871,gemnote,Summer 2015,S15,2015,B2B -> Office Management,B2B,Office Management
971,gigster,Summer 2015,S15,2015,"B2B -> Engineering, Product and Design",B2B,"Engineering, Product and Design"
914,givecampus,Summer 2015,S15,2015,Education,Education,
944,go1,Summer 2015,S15,2015,B2B -> Human Resources,B2B,Human Resources
946,her,Summer 2015,S15,2015,Consumer -> Social,Consumer,Social
968,halolife,Summer 2015,S15,2015,Consumer -> Home and Personal,Consumer,Home and Personal
884,heroic-labs,Summer 2015,S15,2015,Consumer -> Gaming,Consumer,Gaming
882,hickory,Summer 2015,S15,2015,B2B -> Human Resources,B2B,Human Resources
967,human-interest,Summer 2015,S15,2015,B2B -> Human Resources,B2B,Human Resources
963,instawork,Summer 2015,S15,2015,B2B -> Recruiting and Talent,B2B,Recruiting and Talent
930,interviewed,Summer 2015,S15,2015,B2B -> Recruiting and Talent,B2B,Recruiting and Talent
866,ironclad,Summer 2015,S15,2015,B2B -> Legal,B2B,Legal
867,jopwell,Summer 2015,S15,2015,B2B -> Recruiting and Talent,B2B,Recruiting and Talent
955,klarismo,Summer 2015,S15,2015,Healthcare -> Diagnostics,Healthcare,Diagnostics
868,l,Summer 2015,S15,2015,Consumer -> Home and Personal,Consumer,Home and Personal
918,leada,Summer 2015,S15,2015,Education,Education,
865,leaders-in-tech,Summer 2015,S15,2015,Unspecified,Unspecified,
920,locent,Summer 2015,S15,2015,B2B -> Marketing,B2B,Marketing
861,lugg,Summer 2015,S15,2015,Consumer -> Home and Personal,Consumer,Home and Personal
947,maderight,Summer 2015,S15,2015,B2B -> Supply Chain and Logistics,B2B,Supply Chain and Logistics
921,markhor,Summer 2015,S15,2015,Consumer -> Apparel and Cosmetics,Consumer,Apparel and Cosmetics
923,microhealth,Summer 2015,S15,2015,Healthcare -> Consumer Health and Wellness,Healthcare,Consumer Health and Wellness
953,mimir,Summer 2015,S15,2015,Education,Education,
956,nebia,Summer 2015,S15,2015,Consumer -> Home and Personal,Consumer,Home and Personal
869,new-story,Summer 2015,S15,2015,Real Estate and Construction,Real Estate and Construction,
924,ohm,Summer 2015,S15,2015,Industrials -> Climate,Industrials,Climate
926,oolu,Summer 2015,S15,2015,Industrials -> Energy,Industrials,Energy
870,openinvest,Summer 2015,S15,2015,Fintech,Fintech,
927,paribus,Summer 2015,S15,2015,Fintech,Fintech,
873,partnerstack,Summer 2015,S15,2015,B2B -> Marketing,B2B,Marketing
928,picktrace,Summer 2015,S15,2015,Industrials -> Agriculture,Industrials,Agriculture
931,plate-iq,Summer 2015,S15,2015,Fintech -> Payments,Fintech,Payments
959,platejoy,Summer 2015,S15,2015,Consumer -> Food and Beverage,Consumer,Food and Beverage
929,prayas-analytics,Summer 2015,S15,2015,B2B -> Retail,B2B,Retail
875,ross-intelligence,Summer 2015,S15,2015,B2B -> Legal,B2B,Legal
898,reach,Summer 2015,S15,2015,Industrials -> Energy,Industrials,Energy
932,redcarpetup,Summer 2015,S15,2015,Fintech -> Consumer Finance,Fintech,Consumer Finance
933,reduced-energy-microsystems,Summer 2015,S15,2015,Industrials -> Manufacturing and Robotics,Industrials,Manufacturing and Robotics
874,roomblocker,Summer 2015,S15,2015,"Consumer -> Travel, Leisure and Tourism",Consumer,"Travel, Leisure and Tourism"
945,saida,Summer 2015,S15,2015,Fintech -> Credit and Lending,Fintech,Credit and Lending
934,scentbird,Summer 2015,S15,2015,Consumer -> Apparel and Cosmetics,Consumer,Apparel and Cosmetics
876,scope-ar,Summer 2015,S15,2015,Consumer -> Virtual and Augmented Reality,Consumer,Virtual and Augmented Reality
877,second-measure,Summer 2015,S15,2015,B2B -> Analytics,B2B,Analytics
863,serica,Summer 2015,S15,2015,Fintech -> Banking and Exchange,Fintech,Banking and Exchange
935,seva-coffee,Summer 2015,S15,2015,Consumer -> Home and Personal,Consumer,Home and Personal
936,shape-shapescale,Summer 2015,S15,2015,Consumer -> Consumer Electronics,Consumer,Consumer Electronics
892,shotput,Summer 2015,S15,2015,B2B -> Supply Chain and Logistics,B2B,Supply Chain and Logistics
937,shred-video,Summer 2015,S15,2015,Consumer -> Content,Consumer,Content
878,snapmagic,Summer 2015,S15,2015,"B2B -> Engineering, Product and Design",B2B,"Engineering, Product and Design"
879,sourcedna,Summer 2015,S15,2015,"B2B -> Engineering, Product and Design",B2B,"Engineering, Product and Design"
912,sphere-secure-workspace,Summer 2015,S15,2015,B2B -> Security,B2B,Security
897,stitch-health,Summer 2015,S15,2015,Healthcare -> Healthcare IT,Healthcare,Healthcare IT
958,stylebee,Summer 2015,S15,2015,Consumer -> Home and Personal,Consumer,Home and Personal
896,sunfarmer,Summer 2015,S15,2015,Industrials -> Climate,Industrials,Climate
862,teleport,Summer 2015,S15,2015,B2B -> Infrastructure,B2B,Infrastructure
969,tenant-turner,Summer 2015,S15,2015,Real Estate and Construction -> Housing and Real Estate,Real Estate and Construction,Housing and Real Estate
900,tesorio,Summer 2015,S15,2015,B2B -> Finance and Accounting,B2B,Finance and Accounting
952,tetrascience,Summer 2015,S15,2015,Healthcare -> Healthcare IT,Healthcare,Healthcare IT
949,the-ticket-fairy,Summer 2015,S15,2015,"Consumer -> Travel, Leisure and Tourism",Consumer,"Travel, Leisure and Tourism"
901,thrive-agritech,Summer 2015,S15,2015,Industrials -> Agriculture,Industrials,Agriculture
940,traversal-networks,Summer 2015,S15,2015,B2B -> Security,B2B,Security
860,triplebyte,Summer 2015,S15,2015,B2B -> Recruiting and Talent,B2B,Recruiting and Talent
970,voiq,Summer 2015,S15,2015,B2B -> Sales,B2B,Sales
902,verge-genomics,Summer 2015,S15,2015,Healthcare -> Drug Discovery and Delivery,Healthcare,Drug Discovery and Delivery
881,vernox,Summer 2015,S15,2015,Real Estate and Construction -> Construction,Real Estate and Construction,Construction
965,vive,Summer 2015,S15,2015,Consumer -> Apparel and Cosmetics,Consumer,Apparel and Cosmetics
951,wheelys-cafe,Summer 2015,S15,2015,Consumer -> Food and Beverage,Consumer,Food and Beverage
905,willing,Summer 2015,S15,2015,Consumer -> Home and Personal,Consumer,Home and Personal
938,xendit,Summer 2015,S15,2015,Fintech -> Payments,Fintech,Payments
939,xfers,Summer 2015,S15,2015,Fintech -> Payments,Fintech,Payments
922,zeplin,Summer 2015,S15,2015,"B2B -> Engineering, Product and Design",B2B,"Engineering, Product and Design"
917,jeugene,Summer 2015,S15,2015,B2B -> Legal,B2B,Legal
864,teabot,Summer 2015,S15,2015,B2B -> Human Resources,B2B,Human Resources
916,zpredicta,Summer 2015,S15,2015,Healthcare -> Drug Discovery and Delivery,Healthcare,Drug Discovery and Delivery
1004,able-health,Winter 2016,W16,2016,Healthcare -> Healthcare IT,Healthcare,Healthcare IT
998,algoriz,Winter 2016,W16,2016,Fintech -> Asset Management,Fintech,Asset Management
986,alphaflow,Winter 2016,W16,2016,Fintech -> Asset Management,Fintech,Asset Management
1214,amberbox-gunshot-detection,Winter 2016,W16,2016,B2B -> Security,B2B,Security
1046,anchor-health,Winter 2016,W16,2016,Healthcare -> Healthcare IT,Healthcare,Healthcare IT
1044,apollo-io,Winter 2016,W16,2016,B2B -> Marketing,B2B,Marketing
1093,astranis,Winter 2016,W16,2016,Industrials -> Aviation and Space,Industrials,Aviation and Space
1086,bonsai,Winter 2016,W16,2016,B2B -> Finance and Accounting,B2B,Finance and Accounting
1081,boom,Winter 2016,W16,2016,Industrials -> Aviation and Space,Industrials,Aviation and Space
1022,bus-com,Winter 2016,W16,2016,B2B,B2B,
1058,caper,Winter 2016,W16,2016,B2B -> Retail,B2B,Retail
1063,carbic,Winter 2016,W16,2016,Industrials -> Energy,Industrials,Energy
1031,castle,Winter 2016,W16,2016,Real Estate and Construction -> Housing and Real Estate,Real Estate and Construction,Housing and Real Estate
1032,castle-2,Winter 2016,W16,2016,B2B -> Security,B2B,Security
985,chatfuel,Winter 2016,W16,2016,"B2B -> Engineering, Product and Design",B2B,"Engineering, Product and Design"
1006,chillabit,Winter 2016,W16,2016,Consumer -> Social,Consumer,Social
976,compgun,Winter 2016,W16,2016,B2B -> Human Resources,B2B,Human Resources
1035,constructvr,Winter 2016,W16,2016,Consumer -> Virtual and Augmented Reality,Consumer,Virtual and Augmented Reality
1009,copia,Winter 2016,W16,2016,B2B -> Office Management,B2B,Office Management
1062,cover,Winter 2016,W16,2016,Fintech -> Insurance,Fintech,Insurance
996,daily,Winter 2016,W16,2016,B2B -> Productivity,B2B,Productivity
1007,deako,Winter 2016,W16,2016,Consumer -> Home and Personal,Consumer,Home and Personal
977,deepgram,Winter 2016,W16,2016,"B2B -> Engineering, Product and Design",B2B,"Engineering, Product and Design"
1098,devcolor,Winter 2016,W16,2016,Unspecified,Unspecified,
1008,dosedr,Winter 2016,W16,2016,Healthcare -> Consumer Health and Wellness,Healthcare,Consumer Health and Wellness
1060,elucify,Winter 2016,W16,2016,B2B -> Sales,B2B,Sales
982,embark-trucks,Winter 2016,W16,2016,Industrials -> Automotive,Industrials,Automotive
1050,emburse,Winter 2016,W16,2016,Fintech -> Banking and Exchange,Fintech,Banking and Exchange
1024,enflux,Winter 2016,W16,2016,Healthcare -> Consumer Health and Wellness,Healthcare,Consumer Health and Wellness
1061,envyl,Winter 2016,W16,2016,Consumer -> Home and Personal,Consumer,Home and Personal
1065,fightcamp,Winter 2016,W16,2016,Consumer -> Gaming,Consumer,Gaming
999,focal-systems,Winter 2016,W16,2016,B2B -> Retail,B2B,Retail
1037,function-of-beauty,Winter 2016,W16,2016,Consumer -> Apparel and Cosmetics,Consumer,Apparel and Cosmetics
1051,gecko-robotics,Winter 2016,W16,2016,Industrials -> Manufacturing and Robotics,Industrials,Manufacturing and Robotics
1064,georgette-packaging,Winter 2016,W16,2016,B2B -> Supply Chain and Logistics,B2B,Supply Chain and Logistics
987,getaccept,Winter 2016,W16,2016,B2B -> Sales,B2B,Sales
1010,gigwell,Winter 2016,W16,2016,B2B -> Productivity,B2B,Productivity
1091,gitprime,Winter 2016,W16,2016,"B2B -> Engineering, Product and Design",B2B,"Engineering, Product and Design"
1052,golorry,Winter 2016,W16,2016,B2B -> Supply Chain and Logistics,B2B,Supply Chain and Logistics
1025,goodybag,Winter 2016,W16,2016,B2B -> Office Management,B2B,Office Management
1089,hingeto,Winter 2016,W16,2016,Consumer -> Apparel and Cosmetics,Consumer,Apparel and Cosmetics
1053,histowiz,Winter 2016,W16,2016,Healthcare -> Healthcare Services,Healthcare,Healthcare Services
1077,index-2,Winter 2016,W16,2016,B2B -> Sales,B2B,Sales
1012,inevitable-tech,Winter 2016,W16,2016,Industrials -> Agriculture,Industrials,Agriculture
1011,innovein,Winter 2016,W16,2016,Healthcare -> Medical Devices,Healthcare,Medical Devices
1039,interstate-analytics,Winter 2016,W16,2016,B2B -> Analytics,B2B,Analytics
1099,kip-health,Winter 2016,W16,2016,Healthcare -> Healthcare IT,Healthcare,Healthcare IT
1066,kisan-network,Winter 2016,W16,2016,Industrials -> Agriculture,Industrials,Agriculture
1054,landed,Winter 2016,W16,2016,Fintech -> Credit and Lending,Fintech,Credit and Lending
973,lattice,Winter 2016,W16,2016,B2B -> Human Resources,B2B,Human Resources
1013,lendedu,Winter 2016,W16,2016,Education,Education,
1000,loop-genomics,Winter 2016,W16,2016,Healthcare -> Diagnostics,Healthcare,Diagnostics
1038,luciq,Winter 2016,W16,2016,"B2B -> Engineering, Product and Design",B2B,"Engineering, Product and Design"
1014,luminist-labs,Winter 2016,W16,2016,Healthcare -> Diagnostics,Healthcare,Diagnostics
1097,lygos,Winter 2016,W16,2016,Healthcare -> Industrial Bio,Healthcare,Industrial Bio
1049,lynks,Winter 2016,W16,2016,Consumer -> Apparel and Cosmetics,Consumer,Apparel and Cosmetics
980,magic-instruments,Winter 2016,W16,2016,Consumer -> Consumer Electronics,Consumer,Consumer Electronics
990,magicbus,Winter 2016,W16,2016,Consumer -> Transportation Services,Consumer,Transportation Services
1028,mailtime,Winter 2016,W16,2016,B2B -> Productivity,B2B,Productivity
991,mason,Winter 2016,W16,2016,B2B,B2B,
1016,meter-feeder,Winter 2016,W16,2016,Fintech -> Payments,Fintech,Payments
1017,mineralsoft,Winter 2016,W16,2016,Industrials -> Energy,Industrials,Energy
997,mio,Winter 2016,W16,2016,"B2B -> Engineering, Product and Design",B2B,"Engineering, Product and Design"
1087,modal,Winter 2016,W16,2016,B2B -> Retail,B2B,Retail
1029,monthli,Winter 2016,W16,2016,Real Estate and Construction -> Housing and Real Estate,Real Estate and Construction,Housing and Real Estate
972,mux,Winter 2016,W16,2016,B2B -> Infrastructure,B2B,Infrastructure
1067,nurx,Winter 2016,W16,2016,Healthcare -> Consumer Health and Wellness,Healthcare,Consumer Health and Wellness
1056,netbeez,Winter 2016,W16,2016,B2B -> Infrastructure,B2B,Infrastructure
1033,netomi,Winter 2016,W16,2016,B2B -> Marketing,B2B,Marketing
1084,nova,Winter 2016,W16,2016,B2B -> Sales,B2B,Sales
1026,open-motors,Winter 2016,W16,2016,Industrials -> Automotive,Industrials,Automotive
1030,opentrons,Winter 2016,W16,2016,Healthcare -> Diagnostics,Healthcare,Diagnostics
994,outschool,Winter 2016,W16,2016,Education,Education,
1040,patchwork-security,Winter 2016,W16,2016,B2B -> Security,B2B,Security
1073,pathmind,Winter 2016,W16,2016,"B2B -> Engineering, Product and Design",B2B,"Engineering, Product and Design"
1041,pave,Winter 2016,W16,2016,B2B -> Analytics,B2B,Analytics
1021,paystack,Winter 2016,W16,2016,Fintech -> Payments,Fintech,Payments
1100,perlara,Winter 2016,W16,2016,Healthcare -> Drug Discovery and Delivery,Healthcare,Drug Discovery and Delivery
995,petcube,Winter 2016,W16,2016,Consumer -> Consumer Electronics,Consumer,Consumer Electronics
1095,physiohealth,Winter 2016,W16,2016,Healthcare -> Healthcare Services,Healthcare,Healthcare Services
1048,plato,Winter 2016,W16,2016,B2B -> Productivity,B2B,Productivity
1018,pocketsuite,Winter 2016,W16,2016,B2B -> Productivity,B2B,Productivity
1042,podium,Winter 2016,W16,2016,B2B -> Retail,B2B,Retail
1045,poppy,Winter 2016,W16,2016,Consumer -> Home and Personal,Consumer,Home and Personal
1082,protonet,Winter 2016,W16,2016,B2B -> Infrastructure,B2B,Infrastructure
1019,pulpix,Winter 2016,W16,2016,B2B -> Marketing,B2B,Marketing
1068,quilt-data,Winter 2016,W16,2016,"B2B -> Engineering, Product and Design",B2B,"Engineering, Product and Design"
1101,qvin,Winter 2016,W16,2016,Healthcare -> Consumer Health and Wellness,Healthcare,Consumer Health and Wellness
1103,rappi,Winter 2016,W16,2016,Consumer -> Food and Beverage,Consumer,Food and Beverage
1069,real-artists,Winter 2016,W16,2016,"B2B -> Engineering, Product and Design",B2B,"Engineering, Product and Design"
1057,redspread,Winter 2016,W16,2016,B2B -> Infrastructure,B2B,Infrastructure
1080,relativity-space,Winter 2016,W16,2016,Industrials -> Aviation and Space,Industrials,Aviation and Space
1070,restocks,Winter 2016,W16,2016,Consumer -> Apparel and Cosmetics,Consumer,Apparel and Cosmetics
1020,revl,Winter 2016,W16,2016,B2B -> Marketing,B2B,Marketing
974,soundboks,Winter 2016,W16,2016,Consumer -> Consumer Electronics,Consumer,Consumer Electronics
1043,salt-security,Winter 2016,W16,2016,B2B -> Security,B2B,Security
1071,sanitation-and-health-rights-in-india-shri,Winter 2016,W16,2016,Unspecified,Unspecified,
1079,sendbird,Winter 2016,W16,2016,"B2B -> Engineering, Product and Design",B2B,"Engineering, Product and Design"
1072,silver,Winter 2016,W16,2016,Consumer -> Consumer Electronics,Consumer,Consumer Electronics
1027,start-closing,Winter 2016,W16,2016,Real Estate and Construction -> Construction,Real Estate and Construction,Construction
978,stealth-worker,Winter 2016,W16,2016,B2B -> Recruiting and Talent,B2B,Recruiting and Talent
979,stilt,Winter 2016,W16,2016,Fintech -> Credit and Lending,Fintech,Credit and Lending
1085,streamup,Winter 2016,W16,2016,Consumer -> Social,Consumer,Social
1083,strongintro,Winter 2016,W16,2016,B2B -> Recruiting and Talent,B2B,Recruiting and Talent
1034,superside,Winter 2016,W16,2016,B2B -> Productivity,B2B,Productivity
1059,trac,Winter 2016,W16,2016,Healthcare -> Consumer Health and Wellness,Healthcare,Consumer Health and Wellness
1047,thunkable,Winter 2016,W16,2016,B2B -> Marketing,B2B,Marketing
989,tovala,Winter 2016,W16,2016,Consumer -> Home and Personal,Consumer,Home and Personal
1001,toymail,Winter 2016,W16,2016,Consumer -> Consumer Electronics,Consumer,Consumer Electronics
1005,truebill,Winter 2016,W16,2016,Fintech -> Consumer Finance,Fintech,Consumer Finance
1023,unima,Winter 2016,W16,2016,Healthcare -> Diagnostics,Healthcare,Diagnostics
1075,unnyhog,Winter 2016,W16,2016,Consumer -> Gaming,Consumer,Gaming
1002,uplabs,Winter 2016,W16,2016,"B2B -> Engineering, Product and Design",B2B,"Engineering, Product and Design"
1074,urodev-medical,Winter 2016,W16,2016,Healthcare -> Medical Devices,Healthcare,Medical Devices
983,vinebox,Winter 2016,W16,2016,Consumer -> Food and Beverage,Consumer,Food and Beverage
1076,wakie,Winter 2016,W16,2016,Consumer -> Social,Consumer,Social
1003,worldcover,Winter 2016,W16,2016,Fintech -> Insurance,Fintech,Insurance
984,yardbook,Winter 2016,W16,2016,B2B -> Finance and Accounting,B2B,Finance and Accounting
1096,zenysis,Winter 2016,W16,2016,Government,Government,
1088,flexengage,Winter 2016,W16,2016,B2B -> Retail,B2B,Retail
988,isono-health,Winter 2016,W16,2016,Healthcare -> Medical Devices,Healthcare,Medical Devices
1055,mrelief,Winter 2016,W16,2016,Unspecified,Unspecified,
1283,abundance-labs,Summer 2016,S16,2016,Consumer -> Home and Personal,Consumer,Home and Personal
1274,airfordable,Summer 2016,S16,2016,Fintech -> Credit and Lending,Fintech,Credit and Lending
1250,airo-health,Summer 2016,S16,2016,Healthcare -> Consumer Health and Wellness,Healthcare,Consumer Health and Wellness
1300,apolloshield,Summer 2016,S16,2016,Industrials -> Defense,Industrials,Defense
1272,athelas,Summer 2016,S16,2016,Healthcare,Healthcare,
1433,bird,Summer 2016,S16,2016,"B2B -> Engineering, Product and Design",B2B,"Engineering, Product and Design"
1265,bulldozair,Summer 2016,S16,2016,Real Estate and Construction -> Construction,Real Estate and Construction,Construction
1239,burrow,Summer 2016,S16,2016,Consumer -> Home and Personal,Consumer,Home and Personal
1188,carerev,Summer 2016,S16,2016,Healthcare -> Healthcare Services,Healthcare,Healthcare Services
1287,circa,Summer 2016,S16,2016,B2B -> Marketing,B2B,Marketing
1236,clip-health,Summer 2016,S16,2016,Healthcare,Healthcare,
1231,cointent,Summer 2016,S16,2016,B2B -> Marketing,B2B,Marketing
1242,coub,Summer 2016,S16,2016,Consumer -> Social,Consumer,Social
1285,crowdai,Summer 2016,S16,2016,B2B,B2B,
1276,curtsy,Summer 2016,S16,2016,Consumer -> Apparel and Cosmetics,Consumer,Apparel and Cosmetics
1267,drivezy,Summer 2016,S16,2016,"Consumer -> Travel, Leisure and Tourism",Consumer,"Travel, Leisure and Tourism"
1344,elemeno-health,Summer 2016,S16,2016,Healthcare -> Healthcare IT,Healthcare,Healthcare IT
1280,emote,Summer 2016,S16,2016,Consumer -> Virtual and Augmented Reality,Consumer,Virtual and Augmented Reality
1347,expo,Summer 2016,S16,2016,B2B -> Infrastructure,B2B,Infrastructure
1234,fabric,Summer 2016,S16,2016,Consumer -> Social,Consumer,Social
1208,farmstead,Summer 2016,S16,2016,Consumer -> Food and Beverage,Consumer,Food and Beverage
1284,flutterwave,Summer 2016,S16,2016,Fintech -> Payments,Fintech,Payments
1282,gtrack-technologies,Summer 2016,S16,2016,Industrials -> Energy,Industrials,Energy
1264,gogograndparent,Summer 2016,S16,2016,Consumer -> Home and Personal,Consumer,Home and Personal
1228,haywheel,Summer 2016,S16,2016,B2B -> Retail,B2B,Retail
1203,hellobill,Summer 2016,S16,2016,B2B -> Finance and Accounting,B2B,Finance and Accounting
1252,hioperator,Summer 2016,S16,2016,B2B -> Operations,B2B,Operations
1219,hush,Summer 2016,S16,2016,Consumer -> Apparel and Cosmetics,Consumer,Apparel and Cosmetics
1341,innov8,Summer 2016,S16,2016,Real Estate and Construction -> Housing and Real Estate,Real Estate and Construction,Housing and Real Estate
1224,instrumentl,Summer 2016,S16,2016,B2B,B2B,
1221,iris-automation,Summer 2016,S16,2016,Industrials -> Drones,Industrials,Drones
1200,joy,Summer 2016,S16,2016,Consumer -> Home and Personal,Consumer,Home and Personal
1340,jumpcut,Summer 2016,S16,2016,Education,Education,
1243,kenota,Summer 2016,S16,2016,Healthcare -> Diagnostics,Healthcare,Diagnostics
1249,legalist,Summer 2016,S16,2016,Fintech -> Credit and Lending,Fintech,Credit and Lending
1303,lendsnap,Summer 2016,S16,2016,Fintech -> Banking and Exchange,Fintech,Banking and Exchange
1210,livement,Summer 2016,S16,2016,B2B,B2B,
1227,looklive,Summer 2016,S16,2016,Consumer -> Apparel and Cosmetics,Consumer,Apparel and Cosmetics
1266,meesho,Summer 2016,S16,2016,B2B -> Retail,B2B,Retail
1223,metapacket,Summer 2016,S16,2016,B2B -> Security,B2B,Security
1180,mindori,Summer 2016,S16,2016,B2B -> Retail,B2B,Retail
1271,miso,Summer 2016,S16,2016,Consumer -> Home and Personal,Consumer,Home and Personal
1238,mosaix-ai,Summer 2016,S16,2016,Consumer -> Transportation Services,Consumer,Transportation Services
1233,multiply-labs,Summer 2016,S16,2016,Industrials -> Manufacturing and Robotics,Industrials,Manufacturing and Robotics
1247,neowize,Summer 2016,S16,2016,B2B -> Retail,B2B,Retail
1246,new-incentives,Summer 2016,S16,2016,Unspecified,Unspecified,
1225,nova-credit,Summer 2016,S16,2016,Fintech -> Credit and Lending,Fintech,Credit and Lending
1183,nucypher-aka-threshold-network,Summer 2016,S16,2016,B2B,B2B,
1297,omg-digital,Summer 2016,S16,2016,Consumer -> Content,Consumer,Content
1226,onechronos,Summer 2016,S16,2016,Fintech -> Banking and Exchange,Fintech,Banking and Exchange
1222,opsolutely,Summer 2016,S16,2016,"B2B -> Engineering, Product and Design",B2B,"Engineering, Product and Design"
1191,patientbank,Summer 2016,S16,2016,Healthcare -> Healthcare IT,Healthcare,Healthcare IT
1299,people-ai,Summer 2016,S16,2016,B2B -> Sales,B2B,Sales
1289,polymail,Summer 2016,S16,2016,B2B -> Productivity,B2B,Productivity
1181,prime-lightworks,Summer 2016,S16,2016,Industrials -> Aviation and Space,Industrials,Aviation and Space
1352,proxy,Summer 2016,S16,2016,Consumer -> Consumer Electronics,Consumer,Consumer Electronics
1241,pursuit,Summer 2016,S16,2016,Consumer -> Gaming,Consumer,Gaming
1339,quero-education,Summer 2016,S16,2016,Education,Education,
1201,raptor-maps,Summer 2016,S16,2016,Industrials -> Climate,Industrials,Climate
1286,ready-education,Summer 2016,S16,2016,Consumer -> Social,Consumer,Social
1304,reebeez,Summer 2016,S16,2016,Industrials -> Drones,Industrials,Drones
1209,rigplenish,Summer 2016,S16,2016,Healthcare -> Healthcare IT,Healthcare,Healthcare IT
1240,robby-technologies,Summer 2016,S16,2016,Industrials -> Manufacturing and Robotics,Industrials,Manufacturing and Robotics
1213,rocketlit,Summer 2016,S16,2016,Education,Education,
1206,rose-rocket,Summer 2016,S16,2016,B2B -> Supply Chain and Logistics,B2B,Supply Chain and Logistics
1436,runkit,Summer 2016,S16,2016,"B2B -> Engineering, Product and Design",B2B,"Engineering, Product and Design"
1248,sage-care,Summer 2016,S16,2016,Healthcare -> Healthcare Services,Healthcare,Healthcare Services
1288,saleswhale,Summer 2016,S16,2016,B2B -> Sales,B2B,Sales
1294,scale-ai,Summer 2016,S16,2016,"B2B -> Engineering, Product and Design",B2B,"Engineering, Product and Design"
1278,scanate-fellow,Summer 2016,S16,2016,B2B -> Finance and Accounting,B2B,Finance and Accounting
1268,seerslab,Summer 2016,S16,2016,Consumer -> Social,Consumer,Social
1186,selfycart,Summer 2016,S16,2016,B2B -> Retail,B2B,Retail
1182,seneca-systems,Summer 2016,S16,2016,Government,Government,
1235,shield-bio,Summer 2016,S16,2016,Healthcare -> Diagnostics,Healthcare,Diagnostics
1211,simplecitizen,Summer 2016,S16,2016,Consumer -> Home and Personal,Consumer,Home and Personal
1189,sixa,Summer 2016,S16,2016,"B2B -> Engineering, Product and Design",B2B,"Engineering, Product and Design"
1437,skylights,Summer 2016,S16,2016,Consumer -> Virtual and Augmented Reality,Consumer,Virtual and Augmented Reality
1277,smartpath,Summer 2016,S16,2016,Fintech -> Consumer Finance,Fintech,Consumer Finance
1185,smartsite,Summer 2016,S16,2016,Real Estate and Construction -> Construction,Real Estate and Construction,Construction
1269,squire-technologies,Summer 2016,S16,2016,Consumer -> Home and Personal,Consumer,Home and Personal
1431,starcity,Summer 2016,S16,2016,Real Estate and Construction -> Housing and Real Estate,Real Estate and Construction,Housing and Real Estate
1273,starsky-robotics,Summer 2016,S16,2016,Industrials -> Automotive,Industrials,Automotive
1343,suiteness,Summer 2016,S16,2016,"Consumer -> Travel, Leisure and Tourism",Consumer,"Travel, Leisure and Tourism"
1220,sway-finance,Summer 2016,S16,2016,B2B -> Finance and Accounting,B2B,Finance and Accounting
1244,symple,Summer 2016,S16,2016,B2B -> Finance and Accounting,B2B,Finance and Accounting
1251,synvivia,Summer 2016,S16,2016,Healthcare -> Industrial Bio,Healthcare,Industrial Bio
1230,techmate,Summer 2016,S16,2016,Consumer -> Home and Personal,Consumer,Home and Personal
1270,the-athletic,Summer 2016,S16,2016,Consumer -> Content,Consumer,Content
1229,the-flex-company,Summer 2016,S16,2016,Consumer -> Home and Personal,Consumer,Home and Personal
1301,ubiq,Summer 2016,S16,2016,B2B -> Productivity,B2B,Productivity
1202,upgraded,Summer 2016,S16,2016,Consumer -> Consumer Electronics,Consumer,Consumer Electronics
1432,utilityscore,Summer 2016,S16,2016,Consumer -> Home and Personal,Consumer,Home and Personal
1275,validere,Summer 2016,S16,2016,Industrials -> Energy,Industrials,Energy
1184,vetcove,Summer 2016,S16,2016,B2B -> Supply Chain and Logistics,B2B,Supply Chain and Logistics
1245,vidcode,Summer 2016,S16,2016,Education,Education,
1205,vote-org,Summer 2016,S16,2016,Consumer,Consumer,
1218,whyd,Summer 2016,S16,2016,Consumer -> Consumer Electronics,Consumer,Consumer Electronics
1232,women-who-code,Summer 2016,S16,2016,Unspecified,Unspecified,
1187,workramp,Summer 2016,S16,2016,B2B -> Human Resources,B2B,Human Resources
1279,xberts,Summer 2016,S16,2016,Consumer,Consumer,
1298,yoshi-mobility,Summer 2016,S16,2016,Consumer -> Transportation Services,Consumer,Transportation Services
1237,garten,Summer 2016,S16,2016,B2B -> Productivity,B2B,Productivity
1575,aclu,Winter 2017,W17,2017,Unspecified,Unspecified,
1524,aon3d,Winter 2017,W17,2017,Industrials -> Manufacturing and Robotics,Industrials,Manufacturing and Robotics
1503,aella,Winter 2017,W17,2017,Fintech -> Credit and Lending,Fintech,Credit and Lending
1509,alemhealth,Winter 2017,W17,2017,Healthcare -> Healthcare Services,Healthcare,Healthcare Services
1487,ambient-ai,Winter 2017,W17,2017,B2B -> Security,B2B,Security
1550,anasen,Winter 2017,W17,2017,B2B -> Analytics,B2B,Analytics
1521,apozy,Winter 2017,W17,2017,B2B -> Security,B2B,Security
1486,armory,Winter 2017,W17,2017,B2B -> Infrastructure,B2B,Infrastructure
1454,arthena,Winter 2017,W17,2017,Fintech -> Asset Management,Fintech,Asset Management
1504,arylla,Winter 2017,W17,2017,Industrials -> Manufacturing and Robotics,Industrials,Manufacturing and Robotics
1528,bios-health,Winter 2017,W17,2017,Healthcare,Healthcare,
1472,beek,Winter 2017,W17,2017,Consumer -> Content,Consumer,Content
1534,bicycle-ai,Winter 2017,W17,2017,B2B -> Operations,B2B,Operations
1515,bitrise,Winter 2017,W17,2017,B2B -> Infrastructure,B2B,Infrastructure
1458,bloomapi,Winter 2017,W17,2017,Healthcare -> Healthcare IT,Healthcare,Healthcare IT
1444,bountiful,Winter 2017,W17,2017,Industrials -> Agriculture,Industrials,Agriculture
1525,breaker,Winter 2017,W17,2017,Consumer -> Content,Consumer,Content
1556,brex,Winter 2017,W17,2017,Fintech -> Banking and Exchange,Fintech,Banking and Exchange
1512,bulk-mro-industrial-supply,Winter 2017,W17,2017,B2B -> Supply Chain and Logistics,B2B,Supply Chain and Logistics
1526,bulletin,Winter 2017,W17,2017,B2B -> Retail,B2B,Retail
1522,buypower,Winter 2017,W17,2017,Industrials -> Climate,Industrials,Climate
1467,cartcam,Winter 2017,W17,2017,Consumer -> Home and Personal,Consumer,Home and Personal
1441,clear-genetics,Winter 2017,W17,2017,Healthcare -> Consumer Health and Wellness,Healthcare,Consumer Health and Wellness
1480,clipboard,Winter 2017,W17,2017,Consumer,Consumer,
1506,collectly,Winter 2017,W17,2017,Healthcare -> Healthcare IT,Healthcare,Healthcare IT
1445,cowlar,Winter 2017,W17,2017,Industrials -> Agriculture,Industrials,Agriculture
1532,delee,Winter 2017,W17,2017,Healthcare -> Diagnostics,Healthcare,Diagnostics
1555,dost-education,Winter 2017,W17,2017,Education,Education,
1483,entry,Winter 2017,W17,2017,B2B -> Productivity,B2B,Productivity
1462,extern,Winter 2017,W17,2017,Consumer -> Job and Career Services,Consumer,Job and Career Services
1543,faire,Winter 2017,W17,2017,B2B -> Retail,B2B,Retail
1510,fastjvm,Winter 2017,W17,2017,B2B -> Marketing,B2B,Marketing
1492,fibo,Winter 2017,W17,2017,B2B -> Productivity,B2B,Productivity
1478,fiix,Winter 2017,W17,2017,Consumer -> Transportation Services,Consumer,Transportation Services
1497,firsthand,Winter 2017,W17,2017,B2B -> Retail,B2B,Retail
1518,floydhub,Winter 2017,W17,2017,"B2B -> Engineering, Product and Design",B2B,"Engineering, Product and Design"
1560,helix-nanotechnologies,Winter 2017,W17,2017,Healthcare -> Drug Discovery and Delivery,Healthcare,Drug Discovery and Delivery
1505,hivy,Winter 2017,W17,2017,B2B -> Office Management,B2B,Office Management
1519,hogaru,Winter 2017,W17,2017,Consumer -> Home and Personal,Consumer,Home and Personal
1573,humi,Winter 2017,W17,2017,B2B -> Human Resources,B2B,Human Resources
1551,indee-labs,Winter 2017,W17,2017,Healthcare -> Drug Discovery and Delivery,Healthcare,Drug Discovery and Delivery
1491,innamed,Winter 2017,W17,2017,Healthcare -> Diagnostics,Healthcare,Diagnostics
1549,kidpass,Winter 2017,W17,2017,Education,Education,
1464,ledger-investing,Winter 2017,W17,2017,Fintech -> Insurance,Fintech,Insurance
1460,lithit,Winter 2017,W17,2017,Consumer -> Consumer Electronics,Consumer,Consumer Electronics
1554,lively-inc,Winter 2017,W17,2017,Healthcare -> Healthcare IT,Healthcare,Healthcare IT
1450,loop-support,Winter 2017,W17,2017,B2B -> Recruiting and Talent,B2B,Recruiting and Talent
1461,mdalgorithms-inc,Winter 2017,W17,2017,Healthcare -> Consumer Health and Wellness,Healthcare,Consumer Health and Wellness
1533,marketfox,Winter 2017,W17,2017,B2B -> Marketing,B2B,Marketing
1496,mednet,Winter 2017,W17,2017,Healthcare -> Healthcare IT,Healthcare,Healthcare IT
1557,mirror-ai,Winter 2017,W17,2017,Consumer -> Social,Consumer,Social
1530,nanonets,Winter 2017,W17,2017,B2B -> Productivity,B2B,Productivity
1508,neema,Winter 2017,W17,2017,Fintech -> Consumer Finance,Fintech,Consumer Finance
1547,niles,Winter 2017,W17,2017,B2B -> Productivity,B2B,Productivity
1553,no-lean-season,Winter 2017,W17,2017,Unspecified,Unspecified,
1527,nomba,Winter 2017,W17,2017,Fintech -> Payments,Fintech,Payments
1468,nuvola,Winter 2017,W17,2017,Industrials -> Energy,Industrials,Energy
1540,onefin,Winter 2017,W17,2017,Fintech -> Credit and Lending,Fintech,Credit and Lending
1481,origin,Winter 2017,W17,2017,B2B -> Office Management,B2B,Office Management
1447,pearl,Winter 2017,W17,2017,B2B -> Office Management,B2B,Office Management
1559,peer5,Winter 2017,W17,2017,B2B -> Infrastructure,B2B,Infrastructure
1489,penny,Winter 2017,W17,2017,Fintech -> Consumer Finance,Fintech,Consumer Finance
1453,pit-ai,Winter 2017,W17,2017,Fintech -> Asset Management,Fintech,Asset Management
1517,plane,Winter 2017,W17,2017,B2B -> Human Resources,B2B,Human Resources
1539,playment,Winter 2017,W17,2017,"B2B -> Engineering, Product and Design",B2B,"Engineering, Product and Design"
1465,pulse,Winter 2017,W17,2017,Healthcare -> Consumer Health and Wellness,Healthcare,Consumer Health and Wellness
1463,rezi,Winter 2017,W17,2017,Real Estate and Construction -> Housing and Real Estate,Real Estate and Construction,Housing and Real Estate
1495,zestful,Winter 2017,W17,2017,Consumer,Consumer,
1484,rankscience,Winter 2017,W17,2017,B2B -> Marketing,B2B,Marketing
1520,reliance-health,Winter 2017,W17,2017,Healthcare -> Healthcare Services,Healthcare,Healthcare Services
1507,request-network,Winter 2017,W17,2017,Fintech -> Payments,Fintech,Payments
1564,retool,Winter 2017,W17,2017,B2B -> Productivity,B2B,Productivity
1449,riley,Winter 2017,W17,2017,Real Estate and Construction -> Housing and Real Estate,Real Estate and Construction,Housing and Real Estate
1451,rippling,Winter 2017,W17,2017,B2B -> Human Resources,B2B,Human Resources
1482,sandbox-banking,Winter 2017,W17,2017,Fintech -> Banking and Exchange,Fintech,Banking and Exchange
1466,scaphold-io,Winter 2017,W17,2017,"B2B -> Engineering, Product and Design",B2B,"Engineering, Product and Design"
1563,scopeai,Winter 2017,W17,2017,B2B -> Operations,B2B,Operations
1446,scribe,Winter 2017,W17,2017,B2B -> Sales,B2B,Sales
1456,shipamax,Winter 2017,W17,2017,B2B -> Supply Chain and Logistics,B2B,Supply Chain and Logistics
1581,sigma-genetics,Winter 2017,W17,2017,Healthcare -> Therapeutics,Healthcare,Therapeutics
1448,sinovia-technologies,Winter 2017,W17,2017,Industrials -> Manufacturing and Robotics,Industrials,Manufacturing and Robotics
1455,sleep-reset,Winter 2017,W17,2017,Healthcare -> Healthcare Services,Healthcare,Healthcare Services
1523,smart-alto,Winter 2017,W17,2017,Real Estate and Construction -> Housing and Real Estate,Real Estate and Construction,Housing and Real Estate
1490,snappr,Winter 2017,W17,2017,B2B,B2B,
1513,solugen,Winter 2017,W17,2017,Healthcare -> Industrial Bio,Healthcare,Industrial Bio
1459,soomgo,Winter 2017,W17,2017,Consumer -> Home and Personal,Consumer,Home and Personal
1542,sourcebeacon,Winter 2017,W17,2017,Consumer -> Home and Personal,Consumer,Home and Personal
1443,speak,Winter 2017,W17,2017,Consumer -> Social,Consumer,Social
1476,sudden-coffee,Winter 2017,W17,2017,Consumer -> Food and Beverage,Consumer,Food and Beverage
1511,supr-daily,Winter 2017,W17,2017,Consumer -> Food and Beverage,Consumer,Food and Beverage
1493,sycamore,Winter 2017,W17,2017,B2B -> Recruiting and Talent,B2B,Recruiting and Talent
1536,terark,Winter 2017,W17,2017,B2B -> Infrastructure,B2B,Infrastructure
1516,tetra,Winter 2017,W17,2017,B2B -> Productivity,B2B,Productivity
1552,the-centre-for-effective-altruism,Winter 2017,W17,2017,Unspecified,Unspecified,
1475,the-essential,Winter 2017,W17,2017,Consumer,Consumer,
1442,tizeti,Winter 2017,W17,2017,Consumer -> Home and Personal,Consumer,Home and Personal
1488,token-transit,Winter 2017,W17,2017,Government,Government,
1502,tolemi,Winter 2017,W17,2017,Real Estate and Construction -> Housing and Real Estate,Real Estate and Construction,Housing and Real Estate
1439,trade,Winter 2017,W17,2017,Industrials -> Agriculture,Industrials,Agriculture
1474,tress,Winter 2017,W17,2017,Consumer -> Social,Consumer,Social
1541,upkeep,Winter 2017,W17,2017,B2B -> Office Management,B2B,Office Management
1473,upcall,Winter 2017,W17,2017,B2B -> Sales,B2B,Sales
1477,vango,Winter 2017,W17,2017,Consumer -> Home and Personal,Consumer,Home and Personal
1498,veryfi-inc,Winter 2017,W17,2017,B2B,B2B,
1438,voiceops,Winter 2017,W17,2017,B2B -> Sales,B2B,Sales
1457,volansi,Winter 2017,W17,2017,Industrials -> Drones,Industrials,Drones
1485,volt-health,Winter 2017,W17,2017,Healthcare -> Medical Devices,Healthcare,Medical Devices
1538,voodoo-manufacturing,Winter 2017,W17,2017,Industrials -> Manufacturing and Robotics,Industrials,Manufacturing and Robotics
1479,wavy,Winter 2017,W17,2017,Consumer -> Virtual and Augmented Reality,Consumer,Virtual and Augmented Reality
1514,waystocap,Winter 2017,W17,2017,B2B -> Office Management,B2B,Office Management
1535,wifi-dabba-inc,Winter 2017,W17,2017,Consumer,Consumer,
1500,wright-electric,Winter 2017,W17,2017,Industrials -> Aviation and Space,Industrials,Aviation and Space
1471,zinc-platform,Winter 2017,W17,2017,Fintech -> Insurance,Fintech,Insurance
1529,zipx,Winter 2017,W17,2017,Consumer -> Food and Beverage,Consumer,Food and Beverage
1440,boxouse,Winter 2017,W17,2017,Real Estate and Construction -> Housing and Real Estate,Real Estate and Construction,Housing and Real Estate
1452,lvl5,Winter 2017,W17,2017,Industrials -> Automotive,Industrials,Automotive
1700,10-by-10,Summer 2017,S17,2017,B2B -> Recruiting and Talent,B2B,Recruiting and Talent
1621,advano,Summer 2017,S17,2017,Industrials -> Climate,Industrials,Climate
1593,x3-builders,Summer 2017,S17,2017,Real Estate and Construction -> Construction,Real Estate and Construction,Construction
1651,airthium,Summer 2017,S17,2017,Industrials -> Climate,Industrials,Climate
1661,and-comfort,Summer 2017,S17,2017,Consumer -> Apparel and Cosmetics,Consumer,Apparel and Cosmetics
1687,assemblyai,Summer 2017,S17,2017,B2B -> Infrastructure,B2B,Infrastructure
1591,audm,Summer 2017,S17,2017,Consumer -> Content,Consumer,Content
1588,autohub,Summer 2017,S17,2017,B2B -> Retail,B2B,Retail
1109,billiontoone,Summer 2017,S17,2017,Healthcare -> Diagnostics,Healthcare,Diagnostics
1594,bloom-institute-of-technology,Summer 2017,S17,2017,Education,Education,
1701,bumpline,Summer 2017,S17,2017,Healthcare -> Healthcare Services,Healthcare,Healthcare Services
1634,caelum-health,Summer 2017,S17,2017,Healthcare -> Consumer Health and Wellness,Healthcare,Consumer Health and Wellness
1638,cairns-health,Summer 2017,S17,2017,Healthcare -> Consumer Health and Wellness,Healthcare,Consumer Health and Wellness
1686,cambridge-cancer-genomics,Summer 2017,S17,2017,Healthcare -> Diagnostics,Healthcare,Diagnostics
1705,candidately,Summer 2017,S17,2017,B2B -> Recruiting and Talent,B2B,Recruiting and Talent
1597,cardash,Summer 2017,S17,2017,Consumer -> Transportation Services,Consumer,Transportation Services
1619,carrot-fertility,Summer 2017,S17,2017,Healthcare -> Healthcare Services,Healthcare,Healthcare Services
1713,cashfree-payments,Summer 2017,S17,2017,Fintech -> Payments,Fintech,Payments
1615,cocusocial,Summer 2017,S17,2017,Consumer -> Food and Beverage,Consumer,Food and Beverage
1683,commissary-club,Summer 2017,S17,2017,Consumer,Consumer,
1628,covetly,Summer 2017,S17,2017,Consumer -> Home and Personal,Consumer,Home and Personal
1663,d-id,Summer 2017,S17,2017,B2B -> Security,B2B,Security
1610,darmiyan,Summer 2017,S17,2017,Healthcare -> Diagnostics,Healthcare,Diagnostics
1714,dharma-labs,Summer 2017,S17,2017,Fintech -> Credit and Lending,Fintech,Credit and Lending
1605,dropleaf,Summer 2017,S17,2017,Consumer -> Gaming,Consumer,Gaming
1674,eduflow,Summer 2017,S17,2017,Education,Education,
1578,elucd,Summer 2017,S17,2017,Government,Government,
1643,entocycle,Summer 2017,S17,2017,Industrials -> Agriculture,Industrials,Agriculture
1620,enzyme,Summer 2017,S17,2017,Healthcare -> Healthcare IT,Healthcare,Healthcare IT
1626,escher-reality,Summer 2017,S17,2017,Consumer -> Virtual and Augmented Reality,Consumer,Virtual and Augmented Reality
1580,fazz,Summer 2017,S17,2017,Fintech,Fintech,
1599,fam,Summer 2017,S17,2017,Consumer -> Social,Consumer,Social
1672,fastpad,Summer 2017,S17,2017,B2B -> Recruiting and Talent,B2B,Recruiting and Talent
1601,fat-llama,Summer 2017,S17,2017,Consumer -> Consumer Electronics,Consumer,Consumer Electronics
1592,feather,Summer 2017,S17,2017,Consumer -> Home and Personal,Consumer,Home and Personal
1616,flock-safety,Summer 2017,S17,2017,"B2B -> Engineering, Product and Design",B2B,"Engineering, Product and Design"
1658,flowspace,Summer 2017,S17,2017,B2B -> Supply Chain and Logistics,B2B,Supply Chain and Logistics
1703,followupthen,Summer 2017,S17,2017,B2B -> Productivity,B2B,Productivity
1696,forever-labs,Summer 2017,S17,2017,Healthcare -> Therapeutics,Healthcare,Therapeutics
1606,gameday,Summer 2017,S17,2017,Consumer -> Gaming,Consumer,Gaming
1681,gamelynx,Summer 2017,S17,2017,Consumer -> Gaming,Consumer,Gaming
1694,gem,Summer 2017,S17,2017,B2B -> Recruiting and Talent,B2B,Recruiting and Talent
1690,goodcover,Summer 2017,S17,2017,Fintech -> Insurance,Fintech,Insurance
1653,goosebump,Summer 2017,S17,2017,Consumer -> Social,Consumer,Social
1623,greo,Summer 2017,S17,2017,Consumer -> Social,Consumer,Social
1679,guggy,Summer 2017,S17,2017,Consumer -> Social,Consumer,Social
1656,guilded,Summer 2017,S17,2017,Consumer -> Gaming,Consumer,Gaming
1678,headstart,Summer 2017,S17,2017,B2B -> Recruiting and Talent,B2B,Recruiting and Talent
1600,helium-health,Summer 2017,S17,2017,Healthcare -> Healthcare IT,Healthcare,Healthcare IT
1642,helpwear,Summer 2017,S17,2017,Healthcare -> Medical Devices,Healthcare,Medical Devices
1657,honeydue,Summer 2017,S17,2017,Fintech -> Consumer Finance,Fintech,Consumer Finance
1644,indivio,Summer 2017,S17,2017,B2B -> Marketing,B2B,Marketing
1576,jerry-inc,Summer 2017,S17,2017,Fintech -> Insurance,Fintech,Insurance
1693,just-appraised,Summer 2017,S17,2017,Government,Government,
1595,leon-and-george,Summer 2017,S17,2017,Consumer,Consumer,
1584,long-term-stock-exchange,Summer 2017,S17,2017,Fintech -> Banking and Exchange,Fintech,Banking and Exchange
1670,lotuspay,Summer 2017,S17,2017,Fintech -> Payments,Fintech,Payments
1689,lyrebird,Summer 2017,S17,2017,"B2B -> Engineering, Product and Design",B2B,"Engineering, Product and Design"
1680,may-mobility,Summer 2017,S17,2017,Industrials -> Automotive,Industrials,Automotive
1632,meetingbird,Summer 2017,S17,2017,B2B -> Productivity,B2B,Productivity
1688,modern-fertility,Summer 2017,S17,2017,Healthcare -> Consumer Health and Wellness,Healthcare,Consumer Health and Wellness
1659,modular-science,Summer 2017,S17,2017,Industrials -> Agriculture,Industrials,Agriculture
1677,muzz,Summer 2017,S17,2017,Consumer -> Social,Consumer,Social
1617,mystery-org,Summer 2017,S17,2017,Education,Education,
1624,mystro,Summer 2017,S17,2017,Consumer -> Job and Career Services,Consumer,Job and Career Services
1704,nextdrop,Summer 2017,S17,2017,Industrials -> Energy,Industrials,Energy
1609,nimble,Summer 2017,S17,2017,Education,Education,
1586,nobell-foods,Summer 2017,S17,2017,Consumer -> Food and Beverage,Consumer,Food and Beverage
1682,officely,Summer 2017,S17,2017,B2B -> Office Management,B2B,Office Management
1665,oncobox,Summer 2017,S17,2017,Healthcare -> Diagnostics,Healthcare,Diagnostics
1673,onelocal,Summer 2017,S17,2017,B2B -> Retail,B2B,Retail
1675,opearlo,Summer 2017,S17,2017,Consumer -> Content,Consumer,Content
1579,passerine-aircraft,Summer 2017,S17,2017,Industrials -> Aviation and Space,Industrials,Aviation and Space
1604,pathrise,Summer 2017,S17,2017,Education,Education,
1666,percept-ai,Summer 2017,S17,2017,B2B -> Operations,B2B,Operations
1652,piggy,Summer 2017,S17,2017,Fintech -> Asset Management,Fintech,Asset Management
1633,plasticity,Summer 2017,S17,2017,B2B -> Productivity,B2B,Productivity
1685,polly,Summer 2017,S17,2017,Consumer -> Social,Consumer,Social
1639,pop-meals,Summer 2017,S17,2017,Consumer -> Food and Beverage,Consumer,Food and Beverage
1655,predxion-bio,Summer 2017,S17,2017,Healthcare -> Diagnostics,Healthcare,Diagnostics
1629,prelim,Summer 2017,S17,2017,Fintech,Fintech,
1589,prism-labs,Summer 2017,S17,2017,Consumer -> Job and Career Services,Consumer,Job and Career Services
1715,pullrequest,Summer 2017,S17,2017,"B2B -> Engineering, Product and Design",B2B,"Engineering, Product and Design"
1582,py,Summer 2017,S17,2017,Education,Education,
1645,pyka,Summer 2017,S17,2017,Industrials -> Aviation and Space,Industrials,Aviation and Space
1636,rabbet,Summer 2017,S17,2017,Real Estate and Construction,Real Estate and Construction,
1618,relationship-hero,Summer 2017,S17,2017,Consumer -> Social,Consumer,Social
1596,releaf-earth,Summer 2017,S17,2017,Industrials -> Climate,Industrials,Climate
1646,rev-genomics,Summer 2017,S17,2017,Healthcare -> Diagnostics,Healthcare,Diagnostics
1598,ribbon-health,Summer 2017,S17,2017,Healthcare -> Healthcare IT,Healthcare,Healthcare IT
1640,ridealong,Summer 2017,S17,2017,Government,Government,
1608,roofr,Summer 2017,S17,2017,Consumer -> Home and Personal,Consumer,Home and Personal
1692,routable,Summer 2017,S17,2017,B2B -> Finance and Accounting,B2B,Finance and Accounting
1611,safebutler,Summer 2017,S17,2017,Fintech -> Insurance,Fintech,Insurance
1627,semantix,Summer 2017,S17,2017,Healthcare -> Healthcare IT,Healthcare,Healthcare IT
1613,sixty,Summer 2017,S17,2017,"B2B -> Engineering, Product and Design",B2B,"Engineering, Product and Design"
1662,skyscrape,Summer 2017,S17,2017,Industrials -> Manufacturing and Robotics,Industrials,Manufacturing and Robotics
1583,skyways,Summer 2017,S17,2017,Industrials -> Drones,Industrials,Drones
1637,slik,Summer 2017,S17,2017,B2B -> Sales,B2B,Sales
1698,social-construct,Summer 2017,S17,2017,Real Estate and Construction -> Housing and Real Estate,Real Estate and Construction,Housing and Real Estate
1625,solve,Summer 2017,S17,2017,"Consumer -> Travel, Leisure and Tourism",Consumer,"Travel, Leisure and Tourism"
1671,sourceress,Summer 2017,S17,2017,"B2B -> Engineering, Product and Design",B2B,"Engineering, Product and Design"
1641,spect,Summer 2017,S17,2017,Healthcare -> Consumer Health and Wellness,Healthcare,Consumer Health and Wellness
1603,standard-ai,Summer 2017,S17,2017,B2B -> Retail,B2B,Retail
1649,storyboard,Summer 2017,S17,2017,Consumer -> Social,Consumer,Social
1585,sunfolding,Summer 2017,S17,2017,Industrials -> Energy,Industrials,Energy
1669,sunu,Summer 2017,S17,2017,Consumer -> Virtual and Augmented Reality,Consumer,Virtual and Augmented Reality
1648,surematics,Summer 2017,S17,2017,Fintech -> Insurance,Fintech,Insurance
1691,templarbit,Summer 2017,S17,2017,B2B -> Security,B2B,Security
1664,tesseract,Summer 2017,S17,2017,Industrials -> Aviation and Space,Industrials,Aviation and Space
1702,thematic,Summer 2017,S17,2017,B2B -> Analytics,B2B,Analytics
1614,therecraft,Summer 2017,S17,2017,Industrials -> Drones,Industrials,Drones
1635,truepill,Summer 2017,S17,2017,Healthcare -> Healthcare IT,Healthcare,Healthcare IT
1602,upcodes,Summer 2017,S17,2017,Real Estate and Construction -> Construction,Real Estate and Construction,Construction
1630,upfort,Summer 2017,S17,2017,B2B -> Security,B2B,Security
1697,vida-and-co,Summer 2017,S17,2017,Consumer -> Apparel and Cosmetics,Consumer,Apparel and Cosmetics
1622,value-voting,Summer 2017,S17,2017,Government,Government,
1587,vergesense,Summer 2017,S17,2017,Real Estate and Construction -> Housing and Real Estate,Real Estate and Construction,Housing and Real Estate
1667,waterfx,Summer 2017,S17,2017,Industrials -> Climate,Industrials,Climate
1712,wheelstreet,Summer 2017,S17,2017,Consumer -> Transportation Services,Consumer,Transportation Services
1631,wildfire,Summer 2017,S17,2017,Consumer -> Social,Consumer,Social
1684,zendar,Summer 2017,S17,2017,Industrials -> Automotive,Industrials,Automotive
1668,bxblue,Summer 2017,S17,2017,Fintech -> Credit and Lending,Fintech,Credit and Lending
1695,disclosures-io,Summer 2017,S17,2017,Real Estate and Construction -> Housing and Real Estate,Real Estate and Construction,Housing and Real Estate
1647,tpaga,Summer 2017,S17,2017,Fintech -> Payments,Fintech,Payments
1796,aalo,Winter 2018,W18,2018,Consumer -> Home and Personal,Consumer,Home and Personal
1809,acely,Winter 2018,W18,2018,Education,Education,
1875,aerones,Winter 2018,W18,2018,Industrials -> Climate,Industrials,Climate
1777,aesculatech,Winter 2018,W18,2018,Healthcare -> Medical Devices,Healthcare,Medical Devices
1842,algosurg-inc,Winter 2018,W18,2018,Healthcare -> Healthcare Services,Healthcare,Healthcare Services
1863,anjuna,Winter 2018,W18,2018,B2B -> Security,B2B,Security
1847,archform,Winter 2018,W18,2018,Healthcare -> Medical Devices,Healthcare,Medical Devices
1834,aspire,Winter 2018,W18,2018,Fintech -> Payments,Fintech,Payments
1736,assembly-com,Winter 2018,W18,2018,B2B -> Productivity,B2B,Productivity
1845,atrium,Winter 2018,W18,2018,B2B -> Legal,B2B,Legal
1757,avro-life-science,Winter 2018,W18,2018,Healthcare -> Drug Discovery and Delivery,Healthcare,Drug Discovery and Delivery
1730,beanstalk,Winter 2018,W18,2018,Industrials -> Agriculture,Industrials,Agriculture
1743,bear-flag-robotics,Winter 2018,W18,2018,Industrials -> Agriculture,Industrials,Agriculture
1855,ben,Winter 2018,W18,2018,Fintech -> Banking and Exchange,Fintech,Banking and Exchange
1790,biorender,Winter 2018,W18,2018,B2B,B2B,
1763,biobot-analytics,Winter 2018,W18,2018,Government,Government,
1731,blueberry-pediatrics,Winter 2018,W18,2018,Healthcare -> Healthcare IT,Healthcare,Healthcare IT
1733,california-dreamin,Winter 2018,W18,2018,Consumer -> Food and Beverage,Consumer,Food and Beverage
1867,captivateiq,Winter 2018,W18,2018,B2B -> Finance and Accounting,B2B,Finance and Accounting
1751,clearbrain,Winter 2018,W18,2018,B2B -> Marketing,B2B,Marketing
1758,closer-sports,Winter 2018,W18,2018,Healthcare -> Healthcare IT,Healthcare,Healthcare IT
1766,codestream,Winter 2018,W18,2018,"B2B -> Engineering, Product and Design",B2B,"Engineering, Product and Design"
1818,cognition-ip,Winter 2018,W18,2018,B2B -> Legal,B2B,Legal
1749,cointracker,Winter 2018,W18,2018,Fintech,Fintech,
1791,correlia-biosystems,Winter 2018,W18,2018,Healthcare -> Diagnostics,Healthcare,Diagnostics
1856,culture-biosciences,Winter 2018,W18,2018,Healthcare -> Industrial Bio,Healthcare,Industrial Bio
1776,curious-fictions,Winter 2018,W18,2018,Consumer -> Content,Consumer,Content
1830,dataform,Winter 2018,W18,2018,B2B -> Analytics,B2B,Analytics
1779,dear-brightly,Winter 2018,W18,2018,Healthcare -> Consumer Health and Wellness,Healthcare,Consumer Health and Wellness
1784,draftbit,Winter 2018,W18,2018,"B2B -> Engineering, Product and Design",B2B,"Engineering, Product and Design"
1807,edwin,Winter 2018,W18,2018,Education,Education,
1786,envkey,Winter 2018,W18,2018,"B2B -> Engineering, Product and Design",B2B,"Engineering, Product and Design"
1868,erudifi,Winter 2018,W18,2018,Fintech -> Credit and Lending,Fintech,Credit and Lending
1802,evolve-makers-of-podcast-app-and-rest,Winter 2018,W18,2018,Consumer -> Content,Consumer,Content
1789,evry-health,Winter 2018,W18,2018,Healthcare -> Healthcare Services,Healthcare,Healthcare Services
1877,fidocure,Winter 2018,W18,2018,Healthcare -> Healthcare Services,Healthcare,Healthcare Services
1806,flinto,Winter 2018,W18,2018,Fintech -> Payments,Fintech,Payments
1744,fondo,Winter 2018,W18,2018,B2B -> Finance and Accounting,B2B,Finance and Accounting
1819,gainful,Winter 2018,W18,2018,Consumer -> Food and Beverage,Consumer,Food and Beverage
1774,glimpse-k12,Winter 2018,W18,2018,Education,Education,
1747,glowing-io,Winter 2018,W18,2018,B2B,B2B,
1839,groww,Winter 2018,W18,2018,Fintech -> Asset Management,Fintech,Asset Management
1801,haiku,Winter 2018,W18,2018,"B2B -> Engineering, Product and Design",B2B,"Engineering, Product and Design"
1871,helloverify,Winter 2018,W18,2018,B2B -> Human Resources,B2B,Human Resources
1864,hexel,Winter 2018,W18,2018,"Consumer -> Travel, Leisure and Tourism",Consumer,"Travel, Leisure and Tourism"
1821,hunter2,Winter 2018,W18,2018,B2B -> Security,B2B,Security
1853,iambiq-technologies,Winter 2018,W18,2018,"B2B -> Engineering, Product and Design",B2B,"Engineering, Product and Design"
1734,jasper-ai,Winter 2018,W18,2018,B2B,B2B,
1858,jido-maps,Winter 2018,W18,2018,B2B -> Infrastructure,B2B,Infrastructure
1750,key-values,Winter 2018,W18,2018,B2B -> Recruiting and Talent,B2B,Recruiting and Talent
1783,lus-brands,Winter 2018,W18,2018,Consumer -> Apparel and Cosmetics,Consumer,Apparel and Cosmetics
1881,lambda-tea,Winter 2018,W18,2018,Consumer -> Food and Beverage,Consumer,Food and Beverage
1816,lawyaw,Winter 2018,W18,2018,B2B -> Legal,B2B,Legal
1805,let-s-do-this,Winter 2018,W18,2018,"Consumer -> Travel, Leisure and Tourism",Consumer,"Travel, Leisure and Tourism"
1874,look-after-my-bills,Winter 2018,W18,2018,Fintech -> Consumer Finance,Fintech,Consumer Finance
1721,lucy-goods-inc,Winter 2018,W18,2018,Consumer -> Food and Beverage,Consumer,Food and Beverage
1760,macromoltek,Winter 2018,W18,2018,Healthcare -> Drug Discovery and Delivery,Healthcare,Drug Discovery and Delivery
1726,mayhem,Winter 2018,W18,2018,Consumer -> Gaming,Consumer,Gaming
1843,medumo,Winter 2018,W18,2018,Healthcare -> Healthcare IT,Healthcare,Healthcare IT
1785,meitre,Winter 2018,W18,2018,B2B -> Retail,B2B,Retail
1840,memora-health,Winter 2018,W18,2018,Healthcare -> Healthcare IT,Healthcare,Healthcare IT
1799,meson,Winter 2018,W18,2018,Consumer,Consumer,
1754,mighty-buildings,Winter 2018,W18,2018,Real Estate and Construction -> Housing and Real Estate,Real Estate and Construction,Housing and Real Estate
1865,mind-emulation-foundation,Winter 2018,W18,2018,Healthcare -> Therapeutics,Healthcare,Therapeutics
1771,modern-health,Winter 2018,W18,2018,Healthcare -> Healthcare Services,Healthcare,Healthcare Services
1835,mojo,Winter 2018,W18,2018,Consumer -> Content,Consumer,Content
1761,nexgent,Winter 2018,W18,2018,Education,Education,
1824,naborly,Winter 2018,W18,2018,Real Estate and Construction -> Housing and Real Estate,Real Estate and Construction,Housing and Real Estate
1738,necto,Winter 2018,W18,2018,Consumer -> Home and Personal,Consumer,Home and Personal
1767,nectome,Winter 2018,W18,2018,Healthcare -> Therapeutics,Healthcare,Therapeutics
1782,newcraft,Winter 2018,W18,2018,"B2B -> Engineering, Product and Design",B2B,"Engineering, Product and Design"
1654,newfront-insurance,Winter 2018,W18,2018,Fintech -> Insurance,Fintech,Insurance
1820,nutrigene,Winter 2018,W18,2018,Consumer -> Food and Beverage,Consumer,Food and Beverage
1778,nuvocargo,Winter 2018,W18,2018,B2B -> Supply Chain and Logistics,B2B,Supply Chain and Logistics
1838,osimple,Winter 2018,W18,2018,Real Estate and Construction -> Construction,Real Estate and Construction,Construction
1739,observant-ai,Winter 2018,W18,2018,B2B -> Operations,B2B,Operations
1859,observe-ai,Winter 2018,W18,2018,B2B -> Sales,B2B,Sales
1844,opensea,Winter 2018,W18,2018,Consumer -> Content,Consumer,Content
1792,openland,Winter 2018,W18,2018,Consumer -> Social,Consumer,Social
1836,orangewood-labs,Winter 2018,W18,2018,Industrials -> Manufacturing and Robotics,Industrials,Manufacturing and Robotics
1770,ourmenu,Winter 2018,W18,2018,B2B -> Retail,B2B,Retail
1735,ovipost,Winter 2018,W18,2018,Industrials -> Agriculture,Industrials,Agriculture
1831,pagedraw,Winter 2018,W18,2018,"B2B -> Engineering, Product and Design",B2B,"Engineering, Product and Design"
1829,pelago,Winter 2018,W18,2018,Healthcare -> Healthcare Services,Healthcare,Healthcare Services
1773,persephone-biosciences,Winter 2018,W18,2018,Healthcare -> Therapeutics,Healthcare,Therapeutics
1815,players-lounge,Winter 2018,W18,2018,Consumer -> Gaming,Consumer,Gaming
1794,plexus,Winter 2018,W18,2018,Consumer -> Virtual and Augmented Reality,Consumer,Virtual and Augmented Reality
1857,point-api,Winter 2018,W18,2018,B2B -> Productivity,B2B,Productivity
1725,precious,Winter 2018,W18,2018,Consumer -> Social,Consumer,Social
1769,promise,Winter 2018,W18,2018,Government,Government,
1723,proven-group,Winter 2018,W18,2018,Consumer,Consumer,
1814,psylaris,Winter 2018,W18,2018,Healthcare -> Healthcare Services,Healthcare,Healthcare Services
1741,pulse-2,Winter 2018,W18,2018,B2B -> Productivity,B2B,Productivity
1727,quantstamp,Winter 2018,W18,2018,B2B -> Security,B2B,Security
1870,qulture-rocks,Winter 2018,W18,2018,B2B -> Human Resources,B2B,Human Resources
1879,replit,Winter 2018,W18,2018,"B2B -> Engineering, Product and Design",B2B,"Engineering, Product and Design"
1775,reverie-labs,Winter 2018,W18,2018,Healthcare -> Therapeutics,Healthcare,Therapeutics
1737,rhythmm,Winter 2018,W18,2018,Consumer -> Social,Consumer,Social
1869,runa,Winter 2018,W18,2018,B2B -> Human Resources,B2B,Human Resources
1753,srtx,Winter 2018,W18,2018,Industrials -> Manufacturing and Robotics,Industrials,Manufacturing and Robotics
1833,safetywing,Winter 2018,W18,2018,Fintech -> Insurance,Fintech,Insurance
1854,bump-2,Winter 2018,W18,2018,Consumer -> Apparel and Cosmetics,Consumer,Apparel and Cosmetics
1759,sepsis-scout,Winter 2018,W18,2018,Healthcare -> Healthcare IT,Healthcare,Healthcare IT
1827,sharpestminds,Winter 2018,W18,2018,B2B -> Recruiting and Talent,B2B,Recruiting and Talent
1732,shogun,Winter 2018,W18,2018,"B2B -> Engineering, Product and Design",B2B,"Engineering, Product and Design"
1825,shone,Winter 2018,W18,2018,Industrials -> Manufacturing and Robotics,Industrials,Manufacturing and Robotics
1752,simetrik,Winter 2018,W18,2018,B2B -> Finance and Accounting,B2B,Finance and Accounting
1746,sixfold-bioscience,Winter 2018,W18,2018,Healthcare -> Drug Discovery and Delivery,Healthcare,Drug Discovery and Delivery
1724,sketchbox,Winter 2018,W18,2018,Consumer -> Virtual and Augmented Reality,Consumer,Virtual and Augmented Reality
1764,skip,Winter 2018,W18,2018,Consumer -> Transportation Services,Consumer,Transportation Services
1748,slite,Winter 2018,W18,2018,B2B -> Productivity,B2B,Productivity
1882,snackpass,Winter 2018,W18,2018,Consumer -> Food and Beverage,Consumer,Food and Beverage
1795,sourcify,Winter 2018,W18,2018,B2B -> Retail,B2B,Retail
1729,spellbrush,Winter 2018,W18,2018,Consumer -> Gaming,Consumer,Gaming
1793,sqreen,Winter 2018,W18,2018,B2B -> Security,B2B,Security
1780,squad,Winter 2018,W18,2018,Consumer -> Social,Consumer,Social
1822,station,Winter 2018,W18,2018,B2B -> Productivity,B2B,Productivity
1813,storyline,Winter 2018,W18,2018,"B2B -> Engineering, Product and Design",B2B,"Engineering, Product and Design"
1828,substack,Winter 2018,W18,2018,B2B -> Marketing,B2B,Marketing
1872,super,Winter 2018,W18,2018,Consumer,Consumer,
1800,supermedium,Winter 2018,W18,2018,Consumer -> Virtual and Augmented Reality,Consumer,Virtual and Augmented Reality
1878,swayable,Winter 2018,W18,2018,B2B -> Marketing,B2B,Marketing
1852,swipehouse,Winter 2018,W18,2018,Consumer -> Social,Consumer,Social
1861,tarjimly-acquired,Winter 2018,W18,2018,Healthcare,Healthcare,
1832,tilt-fka-delphia,Winter 2018,W18,2018,Fintech -> Consumer Finance,Fintech,Consumer Finance
1772,tingles,Winter 2018,W18,2018,Consumer -> Content,Consumer,Content
1756,tipe,Winter 2018,W18,2018,B2B -> Infrastructure,B2B,Infrastructure
1728,torch,Winter 2018,W18,2018,B2B -> Recruiting and Talent,B2B,Recruiting and Talent
1768,tradewind-bioscience,Winter 2018,W18,2018,Healthcare -> Therapeutics,Healthcare,Therapeutics
1810,treasury-prime,Winter 2018,W18,2018,Fintech -> Banking and Exchange,Fintech,Banking and Exchange
1798,tributi,Winter 2018,W18,2018,Consumer -> Home and Personal,Consumer,Home and Personal
1808,universe,Winter 2018,W18,2018,Consumer -> Content,Consumer,Content
1781,vanta,Winter 2018,W18,2018,B2B -> Security,B2B,Security
1823,vathys,Winter 2018,W18,2018,Industrials -> Manufacturing and Robotics,Industrials,Manufacturing and Robotics
1866,vena-medical,Winter 2018,W18,2018,Healthcare -> Medical Devices,Healthcare,Medical Devices
1876,veriff,Winter 2018,W18,2018,"B2B -> Engineering, Product and Design",B2B,"Engineering, Product and Design"
1797,viaopt,Winter 2018,W18,2018,B2B -> Supply Chain and Logistics,B2B,Supply Chain and Logistics
1851,voicery,Winter 2018,W18,2018,"B2B -> Engineering, Product and Design",B2B,"Engineering, Product and Design"
1826,weekend-fmr-volley,Winter 2018,W18,2018,Consumer -> Gaming,Consumer,Gaming
1745,worklytics,Winter 2018,W18,2018,B2B -> Analytics,B2B,Analytics
1837,youteam,Winter 2018,W18,2018,B2B -> Recruiting and Talent,B2B,Recruiting and Talent
1849,zbiotics,Winter 2018,W18,2018,Healthcare -> Consumer Health and Wellness,Healthcare,Consumer Health and Wellness
1841,zyper,Winter 2018,W18,2018,B2B -> Marketing,B2B,Marketing
1804,miru,Winter 2018,W18,2018,"B2B -> Engineering, Product and Design",B2B,"Engineering, Product and Design"
1762,onederful,Winter 2018,W18,2018,Healthcare -> Healthcare IT,Healthcare,Healthcare IT
1787,tequitable,Winter 2018,W18,2018,B2B -> Human Resources,B2B,Human Resources
1939,64x-bio,Summer 2018,S18,2018,Healthcare -> Industrial Bio,Healthcare,Industrial Bio
1910,activeloop,Summer 2018,S18,2018,B2B -> Infrastructure,B2B,Infrastructure
2034,aesthetic,Summer 2018,S18,2018,"B2B -> Engineering, Product and Design",B2B,"Engineering, Product and Design"
1960,ajaib,Summer 2018,S18,2018,Fintech -> Banking and Exchange,Fintech,Banking and Exchange
1883,allotrope-medical,Summer 2018,S18,2018,Healthcare -> Medical Devices,Healthcare,Medical Devices
1970,alpha-vantage,Summer 2018,S18,2018,Fintech -> Banking and Exchange,Fintech,Banking and Exchange
1940,anima-app,Summer 2018,S18,2018,"B2B -> Engineering, Product and Design",B2B,"Engineering, Product and Design"
2018,anniecannons,Summer 2018,S18,2018,Education,Education,
1922,apprentice-health,Summer 2018,S18,2018,Healthcare -> Healthcare IT,Healthcare,Healthcare IT
1927,askmyclass-now-soundkins,Summer 2018,S18,2018,Education,Education,
1948,avo-2,Summer 2018,S18,2018,Consumer -> Home and Personal,Consumer,Home and Personal
1972,bhrd,Summer 2018,S18,2018,B2B -> Finance and Accounting,B2B,Finance and Accounting
1951,berbix,Summer 2018,S18,2018,"B2B -> Engineering, Product and Design",B2B,"Engineering, Product and Design"
1969,bluecargo,Summer 2018,S18,2018,B2B -> Supply Chain and Logistics,B2B,Supply Chain and Logistics
1994,bot-md,Summer 2018,S18,2018,Healthcare -> Healthcare Services,Healthcare,Healthcare Services
2006,brainhi,Summer 2018,S18,2018,Healthcare -> Healthcare IT,Healthcare,Healthcare IT
1892,c16-biosciences,Summer 2018,S18,2018,Healthcare -> Industrial Bio,Healthcare,Industrial Bio
1964,cb-therapeutics,Summer 2018,S18,2018,Healthcare -> Industrial Bio,Healthcare,Industrial Bio
1955,cspa,Summer 2018,S18,2018,B2B -> Recruiting and Talent,B2B,Recruiting and Talent
1989,calii,Summer 2018,S18,2018,Consumer -> Food and Beverage,Consumer,Food and Beverage
1979,canary-technologies,Summer 2018,S18,2018,B2B -> Operations,B2B,Operations
2029,circumvent,Summer 2018,S18,2018,Healthcare -> Therapeutics,Healthcare,Therapeutics
1933,clear-gene,Summer 2018,S18,2018,Healthcare -> Diagnostics,Healthcare,Diagnostics
1923,college-pulse,Summer 2018,S18,2018,B2B -> Analytics,B2B,Analytics
1911,contrast,Summer 2018,S18,2018,"B2B -> Engineering, Product and Design",B2B,"Engineering, Product and Design"
1981,coral-genomics,Summer 2018,S18,2018,Healthcare -> Drug Discovery and Delivery,Healthcare,Drug Discovery and Delivery
1950,corvus-robotics,Summer 2018,S18,2018,Industrials -> Drones,Industrials,Drones
2012,cowrywise,Summer 2018,S18,2018,Fintech -> Asset Management,Fintech,Asset Management
2030,culdesac,Summer 2018,S18,2018,Real Estate and Construction -> Housing and Real Estate,Real Estate and Construction,Housing and Real Estate
1884,curebase,Summer 2018,S18,2018,Healthcare -> Healthcare Services,Healthcare,Healthcare Services
1916,data-driven-bioscience,Summer 2018,S18,2018,Healthcare -> Diagnostics,Healthcare,Diagnostics
1909,demeanor-co,Summer 2018,S18,2018,Consumer -> Social,Consumer,Social
1899,dinesafe,Summer 2018,S18,2018,Healthcare -> Consumer Health and Wellness,Healthcare,Consumer Health and Wellness
2027,dorian-therapeutics,Summer 2018,S18,2018,Healthcare -> Therapeutics,Healthcare,Therapeutics
1961,dreamcraft-entertainment-inc,Summer 2018,S18,2018,Consumer -> Gaming,Consumer,Gaming
1953,duffel,Summer 2018,S18,2018,"Consumer -> Travel, Leisure and Tourism",Consumer,"Travel, Leisure and Tourism"
1946,easol,Summer 2018,S18,2018,B2B,B2B,
2003,eden-2,Summer 2018,S18,2018,Healthcare -> Healthcare IT,Healthcare,Healthcare IT
1938,embeddables,Summer 2018,S18,2018,B2B -> Productivity,B2B,Productivity
2024,enveritas,Summer 2018,S18,2018,Industrials -> Agriculture,Industrials,Agriculture
1894,exceptionally,Summer 2018,S18,2018,Education,Education,
1904,frey,Summer 2018,S18,2018,Consumer -> Apparel and Cosmetics,Consumer,Apparel and Cosmetics
1973,famegame,Summer 2018,S18,2018,Consumer -> Social,Consumer,Social
1903,federacy,Summer 2018,S18,2018,"B2B -> Engineering, Product and Design",B2B,"Engineering, Product and Design"
1992,fintual,Summer 2018,S18,2018,Fintech -> Consumer Finance,Fintech,Consumer Finance
2005,four-growers,Summer 2018,S18,2018,Industrials -> Agriculture,Industrials,Agriculture
2031,gerostate-alpha,Summer 2018,S18,2018,Healthcare -> Therapeutics,Healthcare,Therapeutics
2008,goodly,Summer 2018,S18,2018,B2B -> Human Resources,B2B,Human Resources
1937,grabb-it,Summer 2018,S18,2018,B2B -> Marketing,B2B,Marketing
2013,grin,Summer 2018,S18,2018,Consumer -> Transportation Services,Consumer,Transportation Services
1966,happilabs,Summer 2018,S18,2018,Healthcare -> Healthcare Services,Healthcare,Healthcare Services
2011,helicarrier-prev-buycoins,Summer 2018,S18,2018,Fintech -> Banking and Exchange,Fintech,Banking and Exchange
1931,hepatx,Summer 2018,S18,2018,Healthcare -> Therapeutics,Healthcare,Therapeutics
1976,heydoctor,Summer 2018,S18,2018,Healthcare -> Healthcare IT,Healthcare,Healthcare IT
1886,honeylove,Summer 2018,S18,2018,Consumer -> Apparel and Cosmetics,Consumer,Apparel and Cosmetics
1921,inkhunter,Summer 2018,S18,2018,Consumer -> Virtual and Augmented Reality,Consumer,Virtual and Augmented Reality
1954,impactive,Summer 2018,S18,2018,Government,Government,
1912,inokyo,Summer 2018,S18,2018,B2B -> Retail,B2B,Retail
1917,inscribe,Summer 2018,S18,2018,B2B -> Infrastructure,B2B,Infrastructure
1943,ixora,Summer 2018,S18,2018,Consumer -> Virtual and Augmented Reality,Consumer,Virtual and Augmented Reality
1918,jitx,Summer 2018,S18,2018,Industrials -> Manufacturing and Robotics,Industrials,Manufacturing and Robotics
2007,khatabook,Summer 2018,S18,2018,Fintech -> Payments,Fintech,Payments
2033,kinside,Summer 2018,S18,2018,Fintech -> Payments,Fintech,Payments
2009,kobo360,Summer 2018,S18,2018,B2B -> Supply Chain and Logistics,B2B,Supply Chain and Logistics
2037,kunduz,Summer 2018,S18,2018,Education,Education,
1945,labelflow,Summer 2018,S18,2018,"B2B -> Engineering, Product and Design",B2B,"Engineering, Product and Design"
2017,leena-ai,Summer 2018,S18,2018,B2B,B2B,
2025,lemonbox,Summer 2018,S18,2018,Healthcare -> Consumer Health and Wellness,Healthcare,Consumer Health and Wellness
1902,lowkey,Summer 2018,S18,2018,Consumer -> Gaming,Consumer,Gaming
2020,mark-cuban-cost-plus-drug-company-pbc,Summer 2018,S18,2018,Healthcare -> Consumer Health and Wellness,Healthcare,Consumer Health and Wellness
1926,medinas-health,Summer 2018,S18,2018,Healthcare -> Healthcare Services,Healthcare,Healthcare Services
1977,mentalhappy,Summer 2018,S18,2018,Healthcare -> Healthcare IT,Healthcare,Healthcare IT
1935,meru-health,Summer 2018,S18,2018,Healthcare -> Consumer Health and Wellness,Healthcare,Consumer Health and Wellness
1893,modern-treasury,Summer 2018,S18,2018,B2B -> Finance and Accounting,B2B,Finance and Accounting
1993,momentus,Summer 2018,S18,2018,Industrials -> Aviation and Space,Industrials,Aviation and Space
2014,mutiny,Summer 2018,S18,2018,B2B -> Sales,B2B,Sales
1920,mylk-guys,Summer 2018,S18,2018,Consumer -> Food and Beverage,Consumer,Food and Beverage
1967,cytera-cellworks,Summer 2018,S18,2018,Healthcare -> Industrial Bio,Healthcare,Industrial Bio
1991,names-and-faces,Summer 2018,S18,2018,B2B -> Human Resources,B2B,Human Resources
1998,nestor,Summer 2018,S18,2018,B2B -> Human Resources,B2B,Human Resources
2002,nova-2,Summer 2018,S18,2018,Fintech,Fintech,
1889,owny,Summer 2018,S18,2018,Fintech,Fintech,
2032,okcredit,Summer 2018,S18,2018,Fintech -> Payments,Fintech,Payments
1947,onegraph,Summer 2018,S18,2018,"B2B -> Engineering, Product and Design",B2B,"Engineering, Product and Design"
1908,openwrench,Summer 2018,S18,2018,B2B -> Operations,B2B,Operations
1925,optic,Summer 2018,S18,2018,"B2B -> Engineering, Product and Design",B2B,"Engineering, Product and Design"
2022,oxygen,Summer 2018,S18,2018,Fintech -> Consumer Finance,Fintech,Consumer Finance
1934,paladin,Summer 2018,S18,2018,Industrials -> Drones,Industrials,Drones
1978,papa,Summer 2018,S18,2018,Healthcare -> Healthcare IT,Healthcare,Healthcare IT
1896,passenger-ai,Summer 2018,S18,2018,Industrials -> Automotive,Industrials,Automotive
1885,penta-medical,Summer 2018,S18,2018,Healthcare -> Consumer Health and Wellness,Healthcare,Consumer Health and Wellness
2021,perception-biosystems,Summer 2018,S18,2018,Healthcare -> Therapeutics,Healthcare,Therapeutics
1888,phiar,Summer 2018,S18,2018,Industrials -> Automotive,Industrials,Automotive
1965,pine-park-health,Summer 2018,S18,2018,Healthcare -> Healthcare Services,Healthcare,Healthcare Services
1941,pocket-worlds,Summer 2018,S18,2018,Consumer -> Social,Consumer,Social
1988,prodigal,Summer 2018,S18,2018,Fintech -> Credit and Lending,Fintech,Credit and Lending
1958,purple-plate,Summer 2018,S18,2018,Consumer -> Food and Beverage,Consumer,Food and Beverage
1957,quickchat-ai,Summer 2018,S18,2018,B2B -> Productivity,B2B,Productivity
1924,openphone,Summer 2018,S18,2018,B2B -> Operations,B2B,Operations
1932,radix-labs,Summer 2018,S18,2018,Healthcare -> Diagnostics,Healthcare,Diagnostics
1963,rain-neuromorphics,Summer 2018,S18,2018,Industrials -> Manufacturing and Robotics,Industrials,Manufacturing and Robotics
1929,rebellyous-foods,Summer 2018,S18,2018,Healthcare -> Industrial Bio,Healthcare,Industrial Bio
1956,regology,Summer 2018,S18,2018,B2B -> Legal,B2B,Legal
2028,rejuvenation-technologies-inc,Summer 2018,S18,2018,Healthcare -> Therapeutics,Healthcare,Therapeutics
1907,revenuecat,Summer 2018,S18,2018,"B2B -> Engineering, Product and Design",B2B,"Engineering, Product and Design"
2023,spate,Summer 2018,S18,2018,B2B -> Retail,B2B,Retail
1900,satchel,Summer 2018,S18,2018,Fintech -> Payments,Fintech,Payments
1949,scanwell-health,Summer 2018,S18,2018,Healthcare -> Diagnostics,Healthcare,Diagnostics
2001,shelf-engine,Summer 2018,S18,2018,B2B -> Retail,B2B,Retail
1915,shopwith,Summer 2018,S18,2018,B2B -> Marketing,B2B,Marketing
2004,skydropx,Summer 2018,S18,2018,B2B -> Supply Chain and Logistics,B2B,Supply Chain and Logistics
1928,spero-foods,Summer 2018,S18,2018,Healthcare -> Industrial Bio,Healthcare,Industrial Bio
2015,synkrino-biotherapeutics,Summer 2018,S18,2018,Healthcare -> Drug Discovery and Delivery,Healthcare,Drug Discovery and Delivery
1990,tenderd,Summer 2018,S18,2018,B2B,B2B,
1942,tall-poppy,Summer 2018,S18,2018,B2B -> Human Resources,B2B,Human Resources
1952,the-buttermilk-company,Summer 2018,S18,2018,Consumer -> Food and Beverage,Consumer,Food and Beverage
1930,the-good-food-institute,Summer 2018,S18,2018,Consumer -> Food and Beverage,Consumer,Food and Beverage
1984,stem-sugar,Summer 2018,S18,2018,Consumer -> Food and Beverage,Consumer,Food and Beverage
1914,titan,Summer 2018,S18,2018,Fintech -> Asset Management,Fintech,Asset Management
1959,ubits,Summer 2018,S18,2018,B2B -> Human Resources,B2B,Human Resources
1890,user-hero,Summer 2018,S18,2018,"B2B -> Engineering, Product and Design",B2B,"Engineering, Product and Design"
1901,jetlenses,Summer 2018,S18,2018,Healthcare -> Consumer Health and Wellness,Healthcare,Consumer Health and Wellness
1936,vimcal,Summer 2018,S18,2018,B2B -> Productivity,B2B,Productivity
1873,synthetic-minds,Summer 2018,S18,2018,B2B -> Productivity,B2B,Productivity
1891,within,Summer 2018,S18,2018,B2B,B2B,
1905,xkit,Summer 2018,S18,2018,"B2B -> Engineering, Product and Design",B2B,"Engineering, Product and Design"
1995,ziffyhomes,Summer 2018,S18,2018,Real Estate and Construction -> Housing and Real Estate,Real Estate and Construction,Housing and Real Estate
2016,dnovo,Summer 2018,S18,2018,Healthcare -> Therapeutics,Healthcare,Therapeutics
1975,hypcloud,Summer 2018,S18,2018,Real Estate and Construction -> Housing and Real Estate,Real Estate and Construction,Housing and Real Estate
2026,ilabservice,Summer 2018,S18,2018,B2B -> Productivity,B2B,Productivity
1897,numericcal-inc,Summer 2018,S18,2018,"B2B -> Engineering, Product and Design",B2B,"Engineering, Product and Design"
12286,1910,Winter 2019,W19,2019,Healthcare -> Therapeutics,Healthcare,Therapeutics
12252,54gene,Winter 2019,W19,2019,Healthcare -> Consumer Health and Wellness,Healthcare,Consumer Health and Wellness
12006,ai-insurance,Winter 2019,W19,2019,Fintech -> Insurance,Fintech,Insurance
12260,axdraft,Winter 2019,W19,2019,B2B -> Legal,B2B,Legal
12344,accept-inc,Winter 2019,W19,2019,Fintech -> Credit and Lending,Fintech,Credit and Lending
12242,acciojob,Winter 2019,W19,2019,Education,Education,
11990,adventurous-co,Winter 2019,W19,2019,Consumer -> Virtual and Augmented Reality,Consumer,Virtual and Augmented Reality
11935,allsome-fulfillment,Winter 2019,W19,2019,B2B -> Supply Chain and Logistics,B2B,Supply Chain and Logistics
11923,allo,Winter 2019,W19,2019,Consumer -> Social,Consumer,Social
12271,allure-systems,Winter 2019,W19,2019,B2B -> Retail,B2B,Retail
12119,alpaca,Winter 2019,W19,2019,Fintech -> Banking and Exchange,Fintech,Banking and Exchange
12136,ampup,Winter 2019,W19,2019,Consumer -> Home and Personal,Consumer,Home and Personal
11967,ascen,Winter 2019,W19,2019,B2B -> Recruiting and Talent,B2B,Recruiting and Talent
12035,ashby,Winter 2019,W19,2019,B2B -> Recruiting and Talent,B2B,Recruiting and Talent
12034,askdata,Winter 2019,W19,2019,B2B -> Analytics,B2B,Analytics
12300,atlas-3,Winter 2019,W19,2019,Fintech -> Consumer Finance,Fintech,Consumer Finance
12012,atomic-alchemy,Winter 2019,W19,2019,Industrials -> Manufacturing and Robotics,Industrials,Manufacturing and Robotics
12080,aura-vision,Winter 2019,W19,2019,B2B -> Retail,B2B,Retail
12047,auroraq,Winter 2019,W19,2019,Industrials -> Manufacturing and Robotics,Industrials,Manufacturing and Robotics
12062,autodial-prev-qwest,Winter 2019,W19,2019,Consumer,Consumer,
11978,avalanche,Winter 2019,W19,2019,B2B -> Marketing,B2B,Marketing
12003,avo,Winter 2019,W19,2019,B2B -> Analytics,B2B,Analytics
12065,axel-travel,Winter 2019,W19,2019,"Consumer -> Travel, Leisure and Tourism",Consumer,"Travel, Leisure and Tourism"
12372,balto,Winter 2019,W19,2019,Consumer -> Gaming,Consumer,Gaming
12284,basement,Winter 2019,W19,2019,Consumer -> Social,Consumer,Social
11992,basilica,Winter 2019,W19,2019,"B2B -> Engineering, Product and Design",B2B,"Engineering, Product and Design"
12020,bensen,Winter 2019,W19,2019,"B2B -> Engineering, Product and Design",B2B,"Engineering, Product and Design"
12250,bentocart,Winter 2019,W19,2019,Consumer -> Food and Beverage,Consumer,Food and Beverage
12045,blitziq,Winter 2019,W19,2019,B2B -> Sales,B2B,Sales
11944,bottomless,Winter 2019,W19,2019,Consumer -> Food and Beverage,Consumer,Food and Beverage
11976,brainkey,Winter 2019,W19,2019,Healthcare -> Diagnostics,Healthcare,Diagnostics
11930,brick-health,Winter 2019,W19,2019,Healthcare -> Healthcare IT,Healthcare,Healthcare IT
12042,bunkerhill-health,Winter 2019,W19,2019,Healthcare -> Healthcare IT,Healthcare,Healthcare IT
12371,buy-me-a-coffee,Winter 2019,W19,2019,Consumer -> Content,Consumer,Content
11927,encarte,Winter 2019,W19,2019,Fintech -> Payments,Fintech,Payments
12175,capture,Winter 2019,W19,2019,B2B -> Productivity,B2B,Productivity
12072,careertu,Winter 2019,W19,2019,Education,Education,
12074,caribou,Winter 2019,W19,2019,B2B -> Finance and Accounting,B2B,Finance and Accounting
12366,catch,Winter 2019,W19,2019,Fintech -> Consumer Finance,Fintech,Consumer Finance
11948,centaur,Winter 2019,W19,2019,Healthcare -> Healthcare IT,Healthcare,Healthcare IT
11964,chaser,Winter 2019,W19,2019,B2B,B2B,
12068,cherry,Winter 2019,W19,2019,B2B -> Human Resources,B2B,Human Resources
12257,cityfurnish,Winter 2019,W19,2019,Consumer -> Home and Personal,Consumer,Home and Personal
12078,cocoon,Winter 2019,W19,2019,Consumer -> Social,Consumer,Social
11991,community-phone-company,Winter 2019,W19,2019,Consumer -> Home and Personal,Consumer,Home and Personal
11954,comradery,Winter 2019,W19,2019,B2B -> Productivity,B2B,Productivity
11972,convex,Winter 2019,W19,2019,B2B -> Sales,B2B,Sales
12280,cosmic,Winter 2019,W19,2019,"B2B -> Engineering, Product and Design",B2B,"Engineering, Product and Design"
11985,coursedog,Winter 2019,W19,2019,B2B -> Operations,B2B,Operations
12248,credpal,Winter 2019,W19,2019,Fintech -> Credit and Lending,Fintech,Credit and Lending
12262,cuanto,Winter 2019,W19,2019,Fintech -> Payments,Fintech,Payments
12093,dagger,Winter 2019,W19,2019,"B2B -> Engineering, Product and Design",B2B,"Engineering, Product and Design"
12079,dailydoctor,Winter 2019,W19,2019,Healthcare,Healthcare,
12258,datamode,Winter 2019,W19,2019,"B2B -> Engineering, Product and Design",B2B,"Engineering, Product and Design"
12064,deel,Winter 2019,W19,2019,B2B -> Finance and Accounting,B2B,Finance and Accounting
12005,demodesk,Winter 2019,W19,2019,B2B -> Sales,B2B,Sales
11955,devflight,Winter 2019,W19,2019,"B2B -> Engineering, Product and Design",B2B,"Engineering, Product and Design"
12014,docbot,Winter 2019,W19,2019,Healthcare -> Healthcare IT,Healthcare,Healthcare IT
12266,dockup,Winter 2019,W19,2019,"B2B -> Engineering, Product and Design",B2B,"Engineering, Product and Design"
12015,docucharm,Winter 2019,W19,2019,B2B -> Operations,B2B,Operations
12038,doorport,Winter 2019,W19,2019,Real Estate and Construction -> Housing and Real Estate,Real Estate and Construction,Housing and Real Estate
12070,doppler,Winter 2019,W19,2019,"B2B -> Engineering, Product and Design",B2B,"Engineering, Product and Design"
11962,dyneti-technologies,Winter 2019,W19,2019,B2B -> Security,B2B,Security
12358,eclipse-foods,Winter 2019,W19,2019,Consumer -> Food and Beverage,Consumer,Food and Beverage
12245,edyst,Winter 2019,W19,2019,Education,Education,
12031,elph,Winter 2019,W19,2019,"B2B -> Engineering, Product and Design",B2B,"Engineering, Product and Design"
12251,emi-labs,Winter 2019,W19,2019,B2B -> Recruiting and Talent,B2B,Recruiting and Talent
12210,endpoint-health,Winter 2019,W19,2019,Healthcare -> Therapeutics,Healthcare,Therapeutics
12013,evo-do,Winter 2019,W19,2019,"B2B -> Engineering, Product and Design",B2B,"Engineering, Product and Design"
12046,excepgen,Winter 2019,W19,2019,Healthcare -> Therapeutics,Healthcare,Therapeutics
12247,exly,Winter 2019,W19,2019,Consumer,Consumer,
12279,first,Winter 2019,W19,2019,B2B -> Operations,B2B,Operations
11974,flower-co,Winter 2019,W19,2019,Consumer -> Home and Personal,Consumer,Home and Personal
11924,flockjay,Winter 2019,W19,2019,B2B -> Sales,B2B,Sales
12002,forage,Winter 2019,W19,2019,B2B -> Recruiting and Talent,B2B,Recruiting and Talent
12264,frubana-inc,Winter 2019,W19,2019,B2B -> Supply Chain and Logistics,B2B,Supply Chain and Logistics
12073,fuse,Winter 2019,W19,2019,Fintech,Fintech,
11921,fuzzbuzz,Winter 2019,W19,2019,B2B -> Infrastructure,B2B,Infrastructure
11931,geosite,Winter 2019,W19,2019,B2B -> Operations,B2B,Operations
12256,glide,Winter 2019,W19,2019,"B2B -> Engineering, Product and Design",B2B,"Engineering, Product and Design"
12273,globe,Winter 2019,W19,2019,Fintech -> Banking and Exchange,Fintech,Banking and Exchange
11984,golinks,Winter 2019,W19,2019,B2B -> Productivity,B2B,Productivity
11957,green-energy-exchange,Winter 2019,W19,2019,Industrials -> Energy,Industrials,Energy
12043,handle,Winter 2019,W19,2019,Real Estate and Construction -> Construction,Real Estate and Construction,Construction
11975,hatch,Winter 2019,W19,2019,B2B -> Sales,B2B,Sales
12089,heart-aerospace,Winter 2019,W19,2019,Industrials -> Aviation and Space,Industrials,Aviation and Space
11982,herald,Winter 2019,W19,2019,B2B -> Office Management,B2B,Office Management
12090,hypnos,Winter 2019,W19,2019,Consumer,Consumer,
12274,inito,Winter 2019,W19,2019,Healthcare -> Consumer Health and Wellness,Healthcare,Consumer Health and Wellness
11937,insight,Winter 2019,W19,2019,Consumer,Consumer,
12077,instapath-inc,Winter 2019,W19,2019,Healthcare -> Diagnostics,Healthcare,Diagnostics
12056,intact-therapeutics,Winter 2019,W19,2019,Healthcare -> Therapeutics,Healthcare,Therapeutics
11925,intelline,Winter 2019,W19,2019,Industrials -> Manufacturing and Robotics,Industrials,Manufacturing and Robotics
11938,interprime,Winter 2019,W19,2019,B2B -> Finance and Accounting,B2B,Finance and Accounting
12084,jetpack-aviation,Winter 2019,W19,2019,Industrials -> Aviation and Space,Industrials,Aviation and Space
2019,juzibot,Winter 2019,W19,2019,"B2B -> Engineering, Product and Design",B2B,"Engineering, Product and Design"
11943,kalshi,Winter 2019,W19,2019,Fintech,Fintech,
11940,keeper-2,Winter 2019,W19,2019,Fintech -> Consumer Finance,Fintech,Consumer Finance
12246,keynua,Winter 2019,W19,2019,B2B -> Productivity,B2B,Productivity
11941,kopa,Winter 2019,W19,2019,Real Estate and Construction -> Housing and Real Estate,Real Estate and Construction,Housing and Real Estate
12244,kovi,Winter 2019,W19,2019,Fintech -> Credit and Lending,Fintech,Credit and Lending
11979,leah-labs,Winter 2019,W19,2019,Healthcare -> Therapeutics,Healthcare,Therapeutics
12057,landed-2,Winter 2019,W19,2019,B2B -> Recruiting and Talent,B2B,Recruiting and Talent
12276,latchel,Winter 2019,W19,2019,B2B -> Operations,B2B,Operations
12255,lezzoo,Winter 2019,W19,2019,Consumer -> Food and Beverage,Consumer,Food and Beverage
12362,mage,Winter 2019,W19,2019,"Consumer -> Travel, Leisure and Tourism",Consumer,"Travel, Leisure and Tourism"
12041,maitian-ai,Winter 2019,W19,2019,B2B -> Retail,B2B,Retail
12096,maple-materials,Winter 2019,W19,2019,Industrials -> Climate,Industrials,Climate
12267,mars-auto,Winter 2019,W19,2019,Industrials -> Automotive,Industrials,Automotive
11977,medcrypt,Winter 2019,W19,2019,Healthcare -> Healthcare IT,Healthcare,Healthcare IT
12356,memfault,Winter 2019,W19,2019,B2B -> Analytics,B2B,Analytics
11983,middesk,Winter 2019,W19,2019,B2B -> Operations,B2B,Operations
12053,mobot,Winter 2019,W19,2019,"B2B -> Engineering, Product and Design",B2B,"Engineering, Product and Design"
12235,mudrex,Winter 2019,W19,2019,Fintech -> Asset Management,Fintech,Asset Management
12236,nala,Winter 2019,W19,2019,Fintech -> Banking and Exchange,Fintech,Banking and Exchange
11995,nabis,Winter 2019,W19,2019,B2B -> Supply Chain and Logistics,B2B,Supply Chain and Logistics
12325,naturall-club,Winter 2019,W19,2019,Consumer -> Food and Beverage,Consumer,Food and Beverage
11968,nebullam-dba-clayton-farms,Winter 2019,W19,2019,Consumer -> Food and Beverage,Consumer,Food and Beverage
12237,nowports,Winter 2019,W19,2019,B2B -> Supply Chain and Logistics,B2B,Supply Chain and Logistics
12297,numero,Winter 2019,W19,2019,Fintech,Fintech,
12032,okteto,Winter 2019,W19,2019,B2B -> Infrastructure,B2B,Infrastructure
12094,our-world-in-data,Winter 2019,W19,2019,Education,Education,
12283,outrival-inc,Winter 2019,W19,2019,B2B,B2B,
11895,overview,Winter 2019,W19,2019,Industrials -> Manufacturing and Robotics,Industrials,Manufacturing and Robotics
12067,pnoe,Winter 2019,W19,2019,Healthcare -> Healthcare Services,Healthcare,Healthcare Services
11936,pachama,Winter 2019,W19,2019,Industrials -> Climate,Industrials,Climate
11926,parker,Winter 2019,W19,2019,Fintech -> Banking and Exchange,Fintech,Banking and Exchange
11942,pengram,Winter 2019,W19,2019,B2B -> Human Resources,B2B,Human Resources
12033,pershop,Winter 2019,W19,2019,Consumer -> Apparel and Cosmetics,Consumer,Apparel and Cosmetics
12281,pools-fka-withfriends,Winter 2019,W19,2019,Consumer -> Social,Consumer,Social
11971,portal-entryways,Winter 2019,W19,2019,B2B -> Office Management,B2B,Office Management
11934,positive,Winter 2019,W19,2019,Consumer -> Food and Beverage,Consumer,Food and Beverage
11969,postscript,Winter 2019,W19,2019,B2B -> Marketing,B2B,Marketing
11965,preflight,Winter 2019,W19,2019,"B2B -> Engineering, Product and Design",B2B,"Engineering, Product and Design"
12036,probably-genetic,Winter 2019,W19,2019,Healthcare -> Diagnostics,Healthcare,Diagnostics
12287,prometheus,Winter 2019,W19,2019,Industrials -> Energy,Industrials,Energy
12261,pronto,Winter 2019,W19,2019,Consumer -> Transportation Services,Consumer,Transportation Services
12259,pulse-active-stations-network,Winter 2019,W19,2019,Healthcare -> Consumer Health and Wellness,Healthcare,Consumer Health and Wellness
12063,pyxai,Winter 2019,W19,2019,B2B -> Recruiting and Talent,B2B,Recruiting and Talent
12071,ravn,Winter 2019,W19,2019,Government,Government,
12088,reelables,Winter 2019,W19,2019,B2B -> Supply Chain and Logistics,B2B,Supply Chain and Logistics
12011,viosera-therapeutics,Winter 2019,W19,2019,Healthcare -> Therapeutics,Healthcare,Therapeutics
12263,rune,Winter 2019,W19,2019,Consumer -> Gaming,Consumer,Gaming
11994,sapling-ai,Winter 2019,W19,2019,B2B -> Productivity,B2B,Productivity
12374,schoolable,Winter 2019,W19,2019,Education,Education,
11963,nettrons,Winter 2019,W19,2019,Consumer,Consumer,
1898,searchlight,Winter 2019,W19,2019,B2B -> Recruiting and Talent,B2B,Recruiting and Talent
12238,seawise-capital,Winter 2019,W19,2019,Fintech -> Credit and Lending,Fintech,Credit and Lending
12393,shef,Winter 2019,W19,2019,Consumer -> Food and Beverage,Consumer,Food and Beverage
12241,shiok-meats,Winter 2019,W19,2019,Healthcare -> Industrial Bio,Healthcare,Industrial Bio
12373,shipper,Winter 2019,W19,2019,B2B -> Supply Chain and Logistics,B2B,Supply Chain and Logistics
12004,simmer,Winter 2019,W19,2019,"Consumer -> Travel, Leisure and Tourism",Consumer,"Travel, Leisure and Tourism"
12234,skill-lync,Winter 2019,W19,2019,Education,Education,
12239,slapdash,Winter 2019,W19,2019,B2B -> Productivity,B2B,Productivity
11961,sorting-robotics,Winter 2019,W19,2019,B2B -> Supply Chain and Logistics,B2B,Supply Chain and Logistics
11949,spaceryde,Winter 2019,W19,2019,Industrials -> Aviation and Space,Industrials,Aviation and Space
12415,spiral-genetics,Winter 2019,W19,2019,Healthcare -> Healthcare Services,Healthcare,Healthcare Services
11956,spire-law,Winter 2019,W19,2019,B2B -> Legal,B2B,Legal
12249,spring-in-africa,Winter 2019,W19,2019,Fintech -> Asset Management,Fintech,Asset Management
12265,sublime-black,Winter 2019,W19,2019,B2B -> Security,B2B,Security
11959,sunsama,Winter 2019,W19,2019,B2B -> Productivity,B2B,Productivity
12091,superb-ai,Winter 2019,W19,2019,"B2B -> Engineering, Product and Design",B2B,"Engineering, Product and Design"
12037,supernova,Winter 2019,W19,2019,"B2B -> Engineering, Product and Design",B2B,"Engineering, Product and Design"
12010,switchboard,Winter 2019,W19,2019,B2B -> Supply Chain and Logistics,B2B,Supply Chain and Logistics
12352,taali-inc,Winter 2019,W19,2019,Consumer -> Food and Beverage,Consumer,Food and Beverage
12277,tailor-ed,Winter 2019,W19,2019,Education,Education,
11986,tailornova-couturme,Winter 2019,W19,2019,B2B,B2B,
11919,taobotics,Winter 2019,W19,2019,Industrials -> Manufacturing and Robotics,Industrials,Manufacturing and Robotics
12039,termius,Winter 2019,W19,2019,B2B -> Security,B2B,Security
11932,the-juggernaut,Winter 2019,W19,2019,Consumer -> Content,Consumer,Content
11988,thrive-agric,Winter 2019,W19,2019,Industrials -> Agriculture,Industrials,Agriculture
12092,traverse-technologies,Winter 2019,W19,2019,B2B -> Operations,B2B,Operations
11922,trexo-robotics,Winter 2019,W19,2019,Healthcare -> Medical Devices,Healthcare,Medical Devices
12282,truora,Winter 2019,W19,2019,B2B -> Operations,B2B,Operations
11946,ultralight,Winter 2019,W19,2019,"B2B -> Engineering, Product and Design",B2B,"Engineering, Product and Design"
12387,union-apartment,Winter 2019,W19,2019,Real Estate and Construction -> Housing and Real Estate,Real Estate and Construction,Housing and Real Estate
12095,upsolve,Winter 2019,W19,2019,Fintech -> Consumer Finance,Fintech,Consumer Finance
12083,valo,Winter 2019,W19,2019,Industrials -> Climate,Industrials,Climate
11939,vectordash,Winter 2019,W19,2019,Consumer -> Gaming,Consumer,Gaming
12278,verto,Winter 2019,W19,2019,Fintech -> Payments,Fintech,Payments
12009,visly,Winter 2019,W19,2019,B2B -> Infrastructure,B2B,Infrastructure
11933,volk-wireless,Winter 2019,W19,2019,Consumer -> Home and Personal,Consumer,Home and Personal
12085,volta-labs-inc,Winter 2019,W19,2019,Healthcare -> Industrial Bio,Healthcare,Industrial Bio
12272,votingworks,Winter 2019,W19,2019,Government,Government,
12082,wanderlog,Winter 2019,W19,2019,Consumer -> Content,Consumer,Content
11993,weathercheck,Winter 2019,W19,2019,Fintech -> Insurance,Fintech,Insurance
11966,windsor,Winter 2019,W19,2019,B2B,B2B,
11981,windwalk,Winter 2019,W19,2019,Consumer -> Gaming,Consumer,Gaming
12275,workclout,Winter 2019,W19,2019,B2B -> Supply Chain and Logistics,B2B,Supply Chain and Logistics
12124,xgenomes,Winter 2019,W19,2019,Healthcare -> Diagnostics,Healthcare,Diagnostics
12355,yourchoice-therapeutics,Winter 2019,W19,2019,Healthcare -> Therapeutics,Healthcare,Therapeutics
12391,zerodown,Winter 2019,W19,2019,Real Estate and Construction -> Housing and Real Estate,Real Estate and Construction,Housing and Real Estate
11928,zerostorefront,Winter 2019,W19,2019,B2B -> Operations,B2B,Operations
12299,rct-studio,Winter 2019,W19,2019,Consumer -> Content,Consumer,Content
12591,actiondesk,Summer 2019,S19,2019,"B2B -> Engineering, Product and Design",B2B,"Engineering, Product and Design"
12656,adla,Summer 2019,S19,2019,Consumer -> Apparel and Cosmetics,Consumer,Apparel and Cosmetics
12844,alana,Summer 2019,S19,2019,B2B -> Recruiting and Talent,B2B,Recruiting and Talent
12532,apero-health,Summer 2019,S19,2019,Healthcare -> Healthcare IT,Healthcare,Healthcare IT
12897,apurata,Summer 2019,S19,2019,Fintech -> Credit and Lending,Fintech,Credit and Lending
12663,arpeggio-bio,Summer 2019,S19,2019,Healthcare -> Drug Discovery and Delivery,Healthcare,Drug Discovery and Delivery
12861,asher-bio,Summer 2019,S19,2019,Healthcare -> Therapeutics,Healthcare,Therapeutics
12857,aspect,Summer 2019,S19,2019,"B2B -> Engineering, Product and Design",B2B,"Engineering, Product and Design"
12611,audiofocus,Summer 2019,S19,2019,Healthcare -> Medical Devices,Healthcare,Medical Devices
12639,banner,Summer 2019,S19,2019,Real Estate and Construction,Real Estate and Construction,
12573,bayes,Summer 2019,S19,2019,"B2B -> Engineering, Product and Design",B2B,"Engineering, Product and Design"
12243,beacons,Summer 2019,S19,2019,Consumer -> Social,Consumer,Social
12711,binks,Summer 2019,S19,2019,Consumer -> Apparel and Cosmetics,Consumer,Apparel and Cosmetics
12658,blair,Summer 2019,S19,2019,Fintech -> Credit and Lending,Fintech,Credit and Lending
12865,blockstamp,Summer 2019,S19,2019,Industrials -> Manufacturing and Robotics,Industrials,Manufacturing and Robotics
12736,boost-biomes,Summer 2019,S19,2019,Industrials -> Agriculture,Industrials,Agriculture
12654,bouncer,Summer 2019,S19,2019,"B2B -> Engineering, Product and Design",B2B,"Engineering, Product and Design"
12645,brave-care,Summer 2019,S19,2019,Healthcare -> Healthcare Services,Healthcare,Healthcare Services
12903,breadfast,Summer 2019,S19,2019,Consumer,Consumer,
12547,buildstream,Summer 2019,S19,2019,Real Estate and Construction -> Construction,Real Estate and Construction,Construction
12502,bun,Summer 2019,S19,2019,B2B -> Infrastructure,B2B,Infrastructure
12642,canix,Summer 2019,S19,2019,B2B -> Security,B2B,Security
12682,colab,Summer 2019,S19,2019,"B2B -> Engineering, Product and Design",B2B,"Engineering, Product and Design"
12856,coco-wallet,Summer 2019,S19,2019,Fintech -> Payments,Fintech,Payments
12655,compound,Summer 2019,S19,2019,Fintech -> Consumer Finance,Fintech,Consumer Finance
12534,courier,Summer 2019,S19,2019,"B2B -> Engineering, Product and Design",B2B,"Engineering, Product and Design"
12868,covela,Summer 2019,S19,2019,Fintech -> Insurance,Fintech,Insurance
12530,cuboh,Summer 2019,S19,2019,B2B -> Retail,B2B,Retail
12850,curri,Summer 2019,S19,2019,Real Estate and Construction -> Construction,Real Estate and Construction,Construction
12613,dashblock,Summer 2019,S19,2019,"B2B -> Engineering, Product and Design",B2B,"Engineering, Product and Design"
12669,data-mechanics,Summer 2019,S19,2019,B2B -> Infrastructure,B2B,Infrastructure
12860,deepnote,Summer 2019,S19,2019,"B2B -> Engineering, Product and Design",B2B,"Engineering, Product and Design"
12769,demand-curve,Summer 2019,S19,2019,Education,Education,
12525,dex,Summer 2019,S19,2019,Consumer -> Home and Personal,Consumer,Home and Personal
12739,digi-prex,Summer 2019,S19,2019,Healthcare -> Consumer Health and Wellness,Healthcare,Consumer Health and Wellness
12662,directshifts,Summer 2019,S19,2019,Healthcare -> Healthcare Services,Healthcare,Healthcare Services
12129,dover,Summer 2019,S19,2019,B2B -> Recruiting and Talent,B2B,Recruiting and Talent
12646,downtobid,Summer 2019,S19,2019,Real Estate and Construction -> Construction,Real Estate and Construction,Construction
12677,earth-ai,Summer 2019,S19,2019,Industrials -> Climate,Industrials,Climate
12877,epic-aerospace,Summer 2019,S19,2019,Industrials -> Aviation and Space,Industrials,Aviation and Space
12830,eden-farm,Summer 2019,S19,2019,B2B -> Supply Chain and Logistics,B2B,Supply Chain and Logistics
1880,elpha,Summer 2019,S19,2019,Consumer -> Job and Career Services,Consumer,Job and Career Services
12618,embrace,Summer 2019,S19,2019,"B2B -> Engineering, Product and Design",B2B,"Engineering, Product and Design"
12579,encepheal-therapeutics,Summer 2019,S19,2019,Healthcare -> Therapeutics,Healthcare,Therapeutics
12585,ever-loved,Summer 2019,S19,2019,Consumer -> Home and Personal,Consumer,Home and Personal
12760,fampay,Summer 2019,S19,2019,Fintech -> Payments,Fintech,Payments
12628,featurepeek,Summer 2019,S19,2019,"B2B -> Engineering, Product and Design",B2B,"Engineering, Product and Design"
12536,figments,Summer 2019,S19,2019,B2B,B2B,
11947,fit-to-form,Summer 2019,S19,2019,Consumer -> Apparel and Cosmetics,Consumer,Apparel and Cosmetics
12648,flo,Summer 2019,S19,2019,B2B -> Recruiting and Talent,B2B,Recruiting and Talent
12676,flow,Summer 2019,S19,2019,B2B -> Infrastructure,B2B,Infrastructure
12851,flowbot,Summer 2019,S19,2019,B2B -> Infrastructure,B2B,Infrastructure
12834,flux,Summer 2019,S19,2019,Fintech -> Payments,Fintech,Payments
12845,freshpaint,Summer 2019,S19,2019,B2B -> Infrastructure,B2B,Infrastructure
12631,fynn,Summer 2019,S19,2019,Fintech -> Credit and Lending,Fintech,Credit and Lending
12614,gen1e-lifesciences,Summer 2019,S19,2019,Healthcare -> Therapeutics,Healthcare,Therapeutics
12705,gaiascope,Summer 2019,S19,2019,B2B,B2B,
12546,gamebytes,Summer 2019,S19,2019,Consumer -> Gaming,Consumer,Gaming
22571,gather-2,Summer 2019,S19,2019,Consumer -> Social,Consumer,Social
12876,gitstart,Summer 2019,S19,2019,"B2B -> Engineering, Product and Design",B2B,"Engineering, Product and Design"
12829,gotrade,Summer 2019,S19,2019,Fintech -> Consumer Finance,Fintech,Consumer Finance
12641,green-canopy-node,Summer 2019,S19,2019,Real Estate and Construction -> Housing and Real Estate,Real Estate and Construction,Housing and Real Estate
12659,hatchways,Summer 2019,S19,2019,B2B -> Recruiting and Talent,B2B,Recruiting and Talent
12841,heru,Summer 2019,S19,2019,Fintech,Fintech,
12539,hey-healthcare,Summer 2019,S19,2019,B2B,B2B,
12821,hightouch,Summer 2019,S19,2019,B2B -> Marketing,B2B,Marketing
12838,holy-grail-inc,Summer 2019,S19,2019,B2B,B2B,
11987,hutsy,Summer 2019,S19,2019,Real Estate and Construction -> Housing and Real Estate,Real Estate and Construction,Housing and Real Estate
12578,hype-and-vice,Summer 2019,S19,2019,Consumer -> Apparel and Cosmetics,Consumer,Apparel and Cosmetics
12842,inevent,Summer 2019,S19,2019,B2B -> Marketing,B2B,Marketing
12584,intersect-labs,Summer 2019,S19,2019,"B2B -> Engineering, Product and Design",B2B,"Engineering, Product and Design"
12564,juno-college-of-technology,Summer 2019,S19,2019,Education,Education,
12574,jupiter,Summer 2019,S19,2019,B2B -> Marketing,B2B,Marketing
12664,kern-systems,Summer 2019,S19,2019,Healthcare -> Industrial Bio,Healthcare,Industrial Bio
12740,khabri,Summer 2019,S19,2019,Consumer -> Content,Consumer,Content
12621,kitekraft,Summer 2019,S19,2019,Industrials -> Energy,Industrials,Energy
12550,kraftful,Summer 2019,S19,2019,"B2B -> Engineering, Product and Design",B2B,"Engineering, Product and Design"
12640,kubesail,Summer 2019,S19,2019,Consumer -> Consumer Electronics,Consumer,Consumer Electronics
12875,laika,Summer 2019,S19,2019,Consumer -> Home and Personal,Consumer,Home and Personal
12610,lantern,Summer 2019,S19,2019,B2B -> Analytics,B2B,Analytics
12554,legacy,Summer 2019,S19,2019,Healthcare -> Consumer Health and Wellness,Healthcare,Consumer Health and Wellness
12650,lightwell,Summer 2019,S19,2019,"B2B -> Engineering, Product and Design",B2B,"Engineering, Product and Design"
12700,lineleap,Summer 2019,S19,2019,Consumer -> Food and Beverage,Consumer,Food and Beverage
12626,localyze,Summer 2019,S19,2019,B2B -> Human Resources,B2B,Human Resources
12533,lofty,Summer 2019,S19,2019,Fintech,Fintech,
12723,lokal,Summer 2019,S19,2019,Consumer -> Content,Consumer,Content
12597,lucid-bots,Summer 2019,S19,2019,Industrials -> Manufacturing and Robotics,Industrials,Manufacturing and Robotics
12623,lumineye,Summer 2019,S19,2019,Government,Government,
12615,lunasec,Summer 2019,S19,2019,B2B -> Security,B2B,Security
12862,meridian-industries,Summer 2019,S19,2019,B2B -> Analytics,B2B,Analytics
12545,method-financial,Summer 2019,S19,2019,Fintech -> Payments,Fintech,Payments
12674,microverse,Summer 2019,S19,2019,Education,Education,
12555,mighty-health,Summer 2019,S19,2019,Healthcare -> Consumer Health and Wellness,Healthcare,Consumer Health and Wellness
12653,million-marker,Summer 2019,S19,2019,Healthcare -> Consumer Health and Wellness,Healthcare,Consumer Health and Wellness
12619,mindset-health,Summer 2019,S19,2019,Healthcare -> Medical Devices,Healthcare,Medical Devices
12849,mipos-dev,Summer 2019,S19,2019,B2B -> Retail,B2B,Retail
12526,mofe,Summer 2019,S19,2019,"Consumer -> Travel, Leisure and Tourism",Consumer,"Travel, Leisure and Tourism"
12847,mudafy,Summer 2019,S19,2019,Real Estate and Construction -> Housing and Real Estate,Real Estate and Construction,Housing and Real Estate
12583,muddy,Summer 2019,S19,2019,B2B -> Productivity,B2B,Productivity
12835,multis,Summer 2019,S19,2019,Fintech -> Banking and Exchange,Fintech,Banking and Exchange
12728,mypetrolpump,Summer 2019,S19,2019,B2B -> Supply Chain and Logistics,B2B,Supply Chain and Logistics
12741,namaste-business,Summer 2019,S19,2019,B2B -> Retail,B2B,Retail
12598,narrator,Summer 2019,S19,2019,B2B -> Infrastructure,B2B,Infrastructure
12629,nonu,Summer 2019,S19,2019,Healthcare -> Consumer Health and Wellness,Healthcare,Consumer Health and Wellness
12600,obie,Summer 2019,S19,2019,Real Estate and Construction -> Housing and Real Estate,Real Estate and Construction,Housing and Real Estate
12565,odeko,Summer 2019,S19,2019,B2B,B2B,
12911,odin,Summer 2019,S19,2019,Consumer -> Content,Consumer,Content
12637,asayer,Summer 2019,S19,2019,B2B -> Infrastructure,B2B,Infrastructure
12643,outtalent,Summer 2019,S19,2019,Education,Education,
12582,pair-team,Summer 2019,S19,2019,Healthcare -> Healthcare Services,Healthcare,Healthcare Services
12542,palifer,Summer 2019,S19,2019,Industrials -> Automotive,Industrials,Automotive
12453,path,Summer 2019,S19,2019,Fintech -> Consumer Finance,Fintech,Consumer Finance
12843,paymongo,Summer 2019,S19,2019,Fintech -> Payments,Fintech,Payments
12548,pillar-2,Summer 2019,S19,2019,Consumer -> Content,Consumer,Content
11929,pippin-rent-the-backyard,Summer 2019,S19,2019,Real Estate and Construction -> Housing and Real Estate,Real Estate and Construction,Housing and Real Estate
12665,playably,Summer 2019,S19,2019,B2B,B2B,
12507,playground,Summer 2019,S19,2019,Consumer -> Home and Personal,Consumer,Home and Personal
12509,popsql,Summer 2019,S19,2019,"B2B -> Engineering, Product and Design",B2B,"Engineering, Product and Design"
12571,preclusio,Summer 2019,S19,2019,B2B -> Infrastructure,B2B,Infrastructure
12832,predictleads,Summer 2019,S19,2019,B2B -> Analytics,B2B,Analytics
12454,prenda,Summer 2019,S19,2019,Education,Education,
12612,prolific,Summer 2019,S19,2019,B2B,B2B,
12570,prompt,Summer 2019,S19,2019,B2B -> Infrastructure,B2B,Infrastructure
12727,proof-trading,Summer 2019,S19,2019,Fintech -> Banking and Exchange,Fintech,Banking and Exchange
12647,rainbow,Summer 2019,S19,2019,Fintech -> Consumer Finance,Fintech,Consumer Finance
12768,ramen-vr,Summer 2019,S19,2019,Consumer -> Gaming,Consumer,Gaming
12837,recidiviz,Summer 2019,S19,2019,Government,Government,
12624,revel,Summer 2019,S19,2019,Consumer -> Social,Consumer,Social
12541,revercare,Summer 2019,S19,2019,B2B -> Human Resources,B2B,Human Resources
12660,rosebud-ai,Summer 2019,S19,2019,Consumer,Consumer,
12661,rutter,Summer 2019,S19,2019,"B2B -> Engineering, Product and Design",B2B,"Engineering, Product and Design"
12599,sable,Summer 2019,S19,2019,Fintech -> Consumer Finance,Fintech,Consumer Finance
12461,safely-finance,Summer 2019,S19,2019,Consumer -> Home and Personal,Consumer,Home and Personal
12941,sequence-bio,Summer 2019,S19,2019,Healthcare -> Drug Discovery and Delivery,Healthcare,Drug Discovery and Delivery
12560,shift-health,Summer 2019,S19,2019,Healthcare -> Healthcare Services,Healthcare,Healthcare Services
12531,shiru,Summer 2019,S19,2019,Healthcare -> Industrial Bio,Healthcare,Industrial Bio
12572,short-story,Summer 2019,S19,2019,Consumer -> Apparel and Cosmetics,Consumer,Apparel and Cosmetics
12609,soteris,Summer 2019,S19,2019,Fintech -> Insurance,Fintech,Insurance
12544,souffle-club,Summer 2019,S19,2019,Consumer -> Job and Career Services,Consumer,Job and Career Services
12797,spice-data,Summer 2019,S19,2019,B2B,B2B,
12040,superorder,Summer 2019,S19,2019,B2B,B2B,
12008,swadesh,Summer 2019,S19,2019,Fintech -> Consumer Finance,Fintech,Consumer Finance
12549,symplex,Summer 2019,S19,2019,B2B,B2B,
12608,trm-labs,Summer 2019,S19,2019,B2B -> Security,B2B,Security
12630,tandem,Summer 2019,S19,2019,B2B -> Productivity,B2B,Productivity
12863,taskade,Summer 2019,S19,2019,B2B -> Productivity,B2B,Productivity
12627,taxproper,Summer 2019,S19,2019,Real Estate and Construction,Real Estate and Construction,
12737,tensil,Summer 2019,S19,2019,Industrials -> Manufacturing and Robotics,Industrials,Manufacturing and Robotics
12425,together-software,Summer 2019,S19,2019,B2B -> Human Resources,B2B,Human Resources
12846,traces,Summer 2019,S19,2019,B2B -> Security,B2B,Security
12839,tranqui-finanzas,Summer 2019,S19,2019,Fintech -> Credit and Lending,Fintech,Credit and Lending
12836,trella,Summer 2019,S19,2019,B2B -> Supply Chain and Logistics,B2B,Supply Chain and Logistics
12890,unflow,Summer 2019,S19,2019,"B2B -> Engineering, Product and Design",B2B,"Engineering, Product and Design"
12625,upequity,Summer 2019,S19,2019,Real Estate and Construction -> Housing and Real Estate,Real Estate and Construction,Housing and Real Estate
12738,vahan,Summer 2019,S19,2019,B2B -> Recruiting and Talent,B2B,Recruiting and Talent
12853,valiu,Summer 2019,S19,2019,Fintech -> Payments,Fintech,Payments
12878,vendr,Summer 2019,S19,2019,B2B -> Operations,B2B,Operations
12854,vitau,Summer 2019,S19,2019,Healthcare -> Healthcare IT,Healthcare,Healthcare IT
12452,vizy,Summer 2019,S19,2019,Consumer -> Transportation Services,Consumer,Transportation Services
12867,vorticity,Summer 2019,S19,2019,Industrials -> Manufacturing and Robotics,Industrials,Manufacturing and Robotics
12504,vouch,Summer 2019,S19,2019,Fintech -> Insurance,Fintech,Insurance
12580,voyage-biomedical,Summer 2019,S19,2019,Healthcare -> Medical Devices,Healthcare,Medical Devices
12675,wasmer,Summer 2019,S19,2019,B2B -> Infrastructure,B2B,Infrastructure
12553,well-principled,Summer 2019,S19,2019,B2B,B2B,
12710,wingman,Summer 2019,S19,2019,B2B -> Sales,B2B,Sales
12076,wren,Summer 2019,S19,2019,Industrials -> Climate,Industrials,Climate
12622,yummy-future,Summer 2019,S19,2019,Industrials -> Manufacturing and Robotics,Industrials,Manufacturing and Robotics
12632,zeta-surgical,Summer 2019,S19,2019,Healthcare -> Medical Devices,Healthcare,Medical Devices
12575,zeal,Summer 2019,S19,2019,Fintech,Fintech,
12657,zergo,Summer 2019,S19,2019,Healthcare -> Diagnostics,Healthcare,Diagnostics
12240,zippi,Summer 2019,S19,2019,Fintech -> Credit and Lending,Fintech,Credit and Lending
12527,matagora,Summer 2019,S19,2019,B2B -> Retail,B2B,Retail
12666,spotless-materials,Summer 2019,S19,2019,Industrials,Industrials,
12833,stoic,Summer 2019,S19,2019,Healthcare -> Consumer Health and Wellness,Healthcare,Consumer Health and Wellness
12855,treble-ai,Summer 2019,S19,2019,B2B -> Marketing,B2B,Marketing
12848,zeroheight,Summer 2019,S19,2019,"B2B -> Engineering, Product and Design",B2B,"Engineering, Product and Design"
13523,99minutos,Winter 2020,W20,2020,B2B -> Supply Chain and Logistics,B2B,Supply Chain and Logistics
13316,aios,Winter 2020,W20,2020,Healthcare -> Consumer Health and Wellness,Healthcare,Consumer Health and Wellness
13081,abalone-bio,Winter 2020,W20,2020,Healthcare -> Drug Discovery and Delivery,Healthcare,Drug Discovery and Delivery
13340,able,Winter 2020,W20,2020,Consumer -> Job and Career Services,Consumer,Job and Career Services
13058,accord,Winter 2020,W20,2020,B2B -> Sales,B2B,Sales
13141,aden,Winter 2020,W20,2020,B2B -> Infrastructure,B2B,Infrastructure
13549,airbyte,Winter 2020,W20,2020,B2B,B2B,
13705,algen-biotechnologies,Winter 2020,W20,2020,Healthcare -> Drug Discovery and Delivery,Healthcare,Drug Discovery and Delivery
13217,altay-therapeutics,Winter 2020,W20,2020,Healthcare -> Therapeutics,Healthcare,Therapeutics
13083,alude,Winter 2020,W20,2020,Real Estate and Construction -> Housing and Real Estate,Real Estate and Construction,Housing and Real Estate
13415,angle-health,Winter 2020,W20,2020,Fintech -> Insurance,Fintech,Insurance
13671,ansa-biotechnologies,Winter 2020,W20,2020,Healthcare -> Industrial Bio,Healthcare,Industrial Bio
13496,apartio,Winter 2020,W20,2020,Fintech -> Consumer Finance,Fintech,Consumer Finance
13114,ardis-ai,Winter 2020,W20,2020,B2B -> Infrastructure,B2B,Infrastructure
13522,atmo,Winter 2020,W20,2020,Industrials,Industrials,
13477,avion,Winter 2020,W20,2020,Industrials -> Drones,Industrials,Drones
13485,bamboo,Winter 2020,W20,2020,Fintech -> Consumer Finance,Fintech,Consumer Finance
13498,be-go,Winter 2020,W20,2020,B2B -> Supply Chain and Logistics,B2B,Supply Chain and Logistics
13610,belvo,Winter 2020,W20,2020,Fintech -> Banking and Exchange,Fintech,Banking and Exchange
13170,benepass,Winter 2020,W20,2020,B2B -> Human Resources,B2B,Human Resources
13372,bikry,Winter 2020,W20,2020,B2B -> Retail,B2B,Retail
13200,blok,Winter 2020,W20,2020,Consumer -> Home and Personal,Consumer,Home and Personal
13430,breathe-well-being,Winter 2020,W20,2020,Healthcare -> Consumer Health and Wellness,Healthcare,Consumer Health and Wellness
13072,breezeful,Winter 2020,W20,2020,Fintech -> Credit and Lending,Fintech,Credit and Lending
13239,buildbuddy,Winter 2020,W20,2020,B2B -> Infrastructure,B2B,Infrastructure
13674,carupi,Winter 2020,W20,2020,Consumer,Consumer,
13148,cadence,Winter 2020,W20,2020,B2B -> Human Resources,B2B,Human Resources
13290,candid-health,Winter 2020,W20,2020,Healthcare -> Healthcare IT,Healthcare,Healthcare IT
13106,carbon-12-labs,Winter 2020,W20,2020,Fintech -> Payments,Fintech,Payments
12724,chaos-genius,Winter 2020,W20,2020,B2B -> Analytics,B2B,Analytics
13503,checkars,Winter 2020,W20,2020,Consumer -> Transportation Services,Consumer,Transportation Services
13344,chutney-inc,Winter 2020,W20,2020,Consumer,Consumer,
13161,clayboard,Winter 2020,W20,2020,B2B -> Productivity,B2B,Productivity
13233,cortex,Winter 2020,W20,2020,B2B -> Infrastructure,B2B,Infrastructure
13315,cron,Winter 2020,W20,2020,B2B -> Productivity,B2B,Productivity
13507,crowdforce,Winter 2020,W20,2020,Fintech -> Banking and Exchange,Fintech,Banking and Exchange
13476,daedalus,Winter 2020,W20,2020,Industrials -> Manufacturing and Robotics,Industrials,Manufacturing and Robotics
13145,dashworks,Winter 2020,W20,2020,B2B -> Productivity,B2B,Productivity
13144,datasaur,Winter 2020,W20,2020,B2B,B2B,
13053,datree,Winter 2020,W20,2020,B2B -> Security,B2B,Security
13120,deep-meditate,Winter 2020,W20,2020,Healthcare -> Consumer Health and Wellness,Healthcare,Consumer Health and Wellness
13334,deepsource,Winter 2020,W20,2020,"B2B -> Engineering, Product and Design",B2B,"Engineering, Product and Design"
13119,ditto,Winter 2020,W20,2020,"B2B -> Engineering, Product and Design",B2B,"Engineering, Product and Design"
12725,docvita,Winter 2020,W20,2020,Healthcare -> Consumer Health and Wellness,Healthcare,Consumer Health and Wellness
13273,dropbase,Winter 2020,W20,2020,B2B -> Operations,B2B,Operations
13219,dropprint-genomics,Winter 2020,W20,2020,Healthcare -> Drug Discovery and Delivery,Healthcare,Drug Discovery and Delivery
13204,duffl,Winter 2020,W20,2020,Consumer -> Food and Beverage,Consumer,Food and Beverage
13412,easyplan,Winter 2020,W20,2020,Fintech -> Asset Management,Fintech,Asset Management
13164,edlyft,Winter 2020,W20,2020,B2B -> Productivity,B2B,Productivity
13389,edurev,Winter 2020,W20,2020,Education,Education,
13483,electroneek,Winter 2020,W20,2020,B2B,B2B,
13224,ello,Winter 2020,W20,2020,Education,Education,
13096,enveloop,Winter 2020,W20,2020,"B2B -> Engineering, Product and Design",B2B,"Engineering, Product and Design"
13601,equator-therapeutics,Winter 2020,W20,2020,Healthcare -> Therapeutics,Healthcare,Therapeutics
13146,zelos,Winter 2020,W20,2020,Consumer -> Gaming,Consumer,Gaming
13140,exosonic-inc,Winter 2020,W20,2020,Industrials -> Aviation and Space,Industrials,Aviation and Space
13102,explo,Winter 2020,W20,2020,B2B -> Analytics,B2B,Analytics
13169,eze,Winter 2020,W20,2020,B2B -> Retail,B2B,Retail
13488,futura,Winter 2020,W20,2020,Healthcare -> Consumer Health and Wellness,Healthcare,Consumer Health and Wellness
12831,facio,Winter 2020,W20,2020,Fintech -> Credit and Lending,Fintech,Credit and Lending
13105,factored-quality,Winter 2020,W20,2020,B2B -> Supply Chain and Logistics,B2B,Supply Chain and Logistics
13167,farcast,Winter 2020,W20,2020,Industrials -> Aviation and Space,Industrials,Aviation and Space
13178,felix-biotechnology,Winter 2020,W20,2020,Healthcare -> Drug Discovery and Delivery,Healthcare,Drug Discovery and Delivery
12742,finlens,Winter 2020,W20,2020,B2B -> Finance and Accounting,B2B,Finance and Accounting
13100,fitnessai,Winter 2020,W20,2020,Consumer -> Home and Personal,Consumer,Home and Personal
13110,flowdash,Winter 2020,W20,2020,"B2B -> Engineering, Product and Design",B2B,"Engineering, Product and Design"
12974,flowglad,Winter 2020,W20,2020,B2B,B2B,
13175,fly-io,Winter 2020,W20,2020,B2B -> Infrastructure,B2B,Infrastructure
13495,fondeadora,Winter 2020,W20,2020,Fintech -> Banking and Exchange,Fintech,Banking and Exchange
13573,gas-pos,Winter 2020,W20,2020,Fintech -> Payments,Fintech,Payments
12581,genecis-bio,Winter 2020,W20,2020,Industrials -> Manufacturing and Robotics,Industrials,Manufacturing and Robotics
13216,general-proximity,Winter 2020,W20,2020,Healthcare -> Drug Discovery and Delivery,Healthcare,Drug Discovery and Delivery
13509,giveaway,Winter 2020,W20,2020,Consumer -> Home and Personal,Consumer,Home and Personal
13156,glimpse,Winter 2020,W20,2020,Consumer -> Social,Consumer,Social
13113,glisten-ai,Winter 2020,W20,2020,"B2B -> Engineering, Product and Design",B2B,"Engineering, Product and Design"
13206,global-belly,Winter 2020,W20,2020,B2B -> Retail,B2B,Retail
13174,grain,Winter 2020,W20,2020,Fintech -> Credit and Lending,Fintech,Credit and Lending
13508,guruhotel,Winter 2020,W20,2020,Fintech -> Payments,Fintech,Payments
13133,h1,Winter 2020,W20,2020,Healthcare -> Healthcare IT,Healthcare,Healthcare IT
13504,handl,Winter 2020,W20,2020,B2B -> Operations,B2B,Operations
13121,handoff,Winter 2020,W20,2020,Real Estate and Construction -> Construction,Real Estate and Construction,Construction
13149,haven,Winter 2020,W20,2020,Fintech -> Credit and Lending,Fintech,Credit and Lending
13516,healthlane,Winter 2020,W20,2020,Healthcare -> Consumer Health and Wellness,Healthcare,Consumer Health and Wellness
12726,helpnow,Winter 2020,W20,2020,Healthcare -> Healthcare Services,Healthcare,Healthcare Services
13484,hent,Winter 2020,W20,2020,Real Estate and Construction -> Housing and Real Estate,Real Estate and Construction,Housing and Real Estate
13061,hideout,Winter 2020,W20,2020,Consumer -> Food and Beverage,Consumer,Food and Beverage
13353,hiration,Winter 2020,W20,2020,Consumer -> Job and Career Services,Consumer,Job and Career Services
13400,hiresweet,Winter 2020,W20,2020,B2B -> Recruiting and Talent,B2B,Recruiting and Talent
13166,homestead,Winter 2020,W20,2020,Real Estate and Construction -> Housing and Real Estate,Real Estate and Construction,Housing and Real Estate
13095,hoss,Winter 2020,W20,2020,"B2B -> Engineering, Product and Design",B2B,"Engineering, Product and Design"
13572,humanly,Winter 2020,W20,2020,B2B -> Recruiting and Talent,B2B,Recruiting and Talent
13168,infield,Winter 2020,W20,2020,"B2B -> Engineering, Product and Design",B2B,"Engineering, Product and Design"
13442,isabl,Winter 2020,W20,2020,Healthcare -> Diagnostics,Healthcare,Diagnostics
13117,jamiphy,Winter 2020,W20,2020,Consumer -> Social,Consumer,Social
13627,jenfi,Winter 2020,W20,2020,Fintech -> Credit and Lending,Fintech,Credit and Lending
13673,jet-admin,Winter 2020,W20,2020,"B2B -> Engineering, Product and Design",B2B,"Engineering, Product and Design"
13319,jitter,Winter 2020,W20,2020,"B2B -> Engineering, Product and Design",B2B,"Engineering, Product and Design"
13321,junction,Winter 2020,W20,2020,Healthcare -> Consumer Health and Wellness,Healthcare,Consumer Health and Wellness
13050,kaiten,Winter 2020,W20,2020,Consumer -> Food and Beverage,Consumer,Food and Beverage
12950,karat-financial,Winter 2020,W20,2020,Fintech -> Credit and Lending,Fintech,Credit and Lending
13265,kinter,Winter 2020,W20,2020,B2B -> Finance and Accounting,B2B,Finance and Accounting
13335,kosh,Winter 2020,W20,2020,Fintech -> Credit and Lending,Fintech,Credit and Lending
13073,laguna,Winter 2020,W20,2020,Real Estate and Construction -> Housing and Real Estate,Real Estate and Construction,Housing and Real Estate
13320,laserfocus,Winter 2020,W20,2020,B2B -> Sales,B2B,Sales
13620,legionfarm,Winter 2020,W20,2020,Consumer -> Gaming,Consumer,Gaming
13104,letterdrop,Winter 2020,W20,2020,B2B -> Sales,B2B,Sales
13086,lilia,Winter 2020,W20,2020,Healthcare -> Consumer Health and Wellness,Healthcare,Consumer Health and Wellness
13497,linkana,Winter 2020,W20,2020,B2B -> Supply Chain and Logistics,B2B,Supply Chain and Logistics
13532,living-carbon,Winter 2020,W20,2020,Industrials -> Climate,Industrials,Climate
13205,logarithm-labs,Winter 2020,W20,2020,B2B,B2B,
12743,loop-health,Winter 2020,W20,2020,Healthcare -> Healthcare Services,Healthcare,Healthcare Services
13215,medicare-vox-fka-fair-square,Winter 2020,W20,2020,Healthcare -> Consumer Health and Wellness,Healthcare,Consumer Health and Wellness
13616,menten-ai,Winter 2020,W20,2020,Healthcare -> Drug Discovery and Delivery,Healthcare,Drug Discovery and Delivery
13211,metaplane,Winter 2020,W20,2020,"B2B -> Engineering, Product and Design",B2B,"Engineering, Product and Design"
12638,milo,Winter 2020,W20,2020,Consumer -> Home and Personal,Consumer,Home and Personal
13098,mindsdb,Winter 2020,W20,2020,B2B -> Infrastructure,B2B,Infrastructure
13241,mini-exhibitions,Winter 2020,W20,2020,B2B -> Recruiting and Talent,B2B,Recruiting and Talent
13309,modernbanc,Winter 2020,W20,2020,Fintech,Fintech,
13351,morphle-labs,Winter 2020,W20,2020,Healthcare -> Medical Devices,Healthcare,Medical Devices
12871,motion,Winter 2020,W20,2020,B2B -> Productivity,B2B,Productivity
13223,multiverse,Winter 2020,W20,2020,Consumer -> Gaming,Consumer,Gaming
13122,nextmv,Winter 2020,W20,2020,"B2B -> Engineering, Product and Design",B2B,"Engineering, Product and Design"
13471,nexu,Winter 2020,W20,2020,Fintech -> Credit and Lending,Fintech,Credit and Lending
13302,nimbus,Winter 2020,W20,2020,Industrials -> Automotive,Industrials,Automotive
13506,nomic-bio,Winter 2020,W20,2020,Healthcare -> Diagnostics,Healthcare,Diagnostics
13076,nugget,Winter 2020,W20,2020,Consumer -> Content,Consumer,Content
13672,ochre-bio,Winter 2020,W20,2020,Healthcare -> Therapeutics,Healthcare,Therapeutics
13472,oda,Winter 2020,W20,2020,B2B -> Marketing,B2B,Marketing
13075,okay,Winter 2020,W20,2020,B2B -> Productivity,B2B,Productivity
13434,openbiome,Winter 2020,W20,2020,Healthcare -> Therapeutics,Healthcare,Therapeutics
13115,openunit,Winter 2020,W20,2020,B2B -> Operations,B2B,Operations
13185,operatorio,Winter 2020,W20,2020,B2B,B2B,
13099,ophelia,Winter 2020,W20,2020,Healthcare -> Consumer Health and Wellness,Healthcare,Consumer Health and Wellness
13112,orbiter,Winter 2020,W20,2020,B2B -> Analytics,B2B,Analytics
13480,orchata,Winter 2020,W20,2020,Consumer -> Food and Beverage,Consumer,Food and Beverage
13408,pahamify,Winter 2020,W20,2020,Education,Education,
13103,paneau,Winter 2020,W20,2020,Consumer -> Content,Consumer,Content
13111,pantheon,Winter 2020,W20,2020,Education,Education,
13067,paragon,Winter 2020,W20,2020,"B2B -> Engineering, Product and Design",B2B,"Engineering, Product and Design"
13214,pashi,Winter 2020,W20,2020,Industrials -> Manufacturing and Robotics,Industrials,Manufacturing and Robotics
13341,pay-swifter,Winter 2020,W20,2020,Fintech -> Banking and Exchange,Fintech,Banking and Exchange
13165,peg,Winter 2020,W20,2020,Fintech -> Payments,Fintech,Payments
13118,perceptive-technologies,Winter 2020,W20,2020,Healthcare -> Medical Devices,Healthcare,Medical Devices
13074,phonic,Winter 2020,W20,2020,B2B -> Marketing,B2B,Marketing
13348,pillarplus,Winter 2020,W20,2020,Real Estate and Construction -> Construction,Real Estate and Construction,Construction
13213,plura,Winter 2020,W20,2020,Consumer -> Social,Consumer,Social
13088,polytomic,Winter 2020,W20,2020,B2B -> Analytics,B2B,Analytics
13332,postera,Winter 2020,W20,2020,Healthcare -> Drug Discovery and Delivery,Healthcare,Drug Discovery and Delivery
13312,posthog,Winter 2020,W20,2020,B2B -> Analytics,B2B,Analytics
13525,powerx,Winter 2020,W20,2020,Industrials -> Climate,Industrials,Climate
13570,prelay,Winter 2020,W20,2020,B2B -> Sales,B2B,Sales
13158,protobase,Winter 2020,W20,2020,"B2B -> Engineering, Product and Design",B2B,"Engineering, Product and Design"
13097,pulley,Winter 2020,W20,2020,B2B -> Finance and Accounting,B2B,Finance and Accounting
13231,querypie-ai,Winter 2020,W20,2020,B2B,B2B,
13107,quickcard,Winter 2020,W20,2020,B2B -> Sales,B2B,Sales
13242,quill,Winter 2020,W20,2020,B2B -> Analytics,B2B,Analytics
13505,ramani,Winter 2020,W20,2020,B2B -> Retail,B2B,Retail
13414,raycast,Winter 2020,W20,2020,B2B -> Productivity,B2B,Productivity
13519,recall-ai,Winter 2020,W20,2020,B2B -> Infrastructure,B2B,Infrastructure
13234,release,Winter 2020,W20,2020,"B2B -> Engineering, Product and Design",B2B,"Engineering, Product and Design"
13147,replicate,Winter 2020,W20,2020,B2B -> Infrastructure,B2B,Infrastructure
13305,revenir,Winter 2020,W20,2020,Fintech -> Consumer Finance,Fintech,Consumer Finance
13311,riot,Winter 2020,W20,2020,B2B -> Security,B2B,Security
13199,riya-collective,Winter 2020,W20,2020,Consumer -> Apparel and Cosmetics,Consumer,Apparel and Cosmetics
13087,robotire,Winter 2020,W20,2020,Industrials -> Automotive,Industrials,Automotive
13524,send,Winter 2020,W20,2020,B2B -> Supply Chain and Logistics,B2B,Supply Chain and Logistics
13151,sinai,Winter 2020,W20,2020,Industrials -> Energy,Industrials,Energy
13479,somatic,Winter 2020,W20,2020,Industrials -> Manufacturing and Robotics,Industrials,Manufacturing and Robotics
13500,stark-bank,Winter 2020,W20,2020,Fintech -> Banking and Exchange,Fintech,Banking and Exchange
13511,sakneen,Winter 2020,W20,2020,Real Estate and Construction -> Housing and Real Estate,Real Estate and Construction,Housing and Real Estate
13236,savvy-2,Winter 2020,W20,2020,Fintech -> Insurance,Fintech,Insurance
13501,sayana,Winter 2020,W20,2020,Healthcare -> Consumer Health and Wellness,Healthcare,Consumer Health and Wellness
13209,scout,Winter 2020,W20,2020,B2B -> Infrastructure,B2B,Infrastructure
13101,segmed,Winter 2020,W20,2020,Healthcare -> Diagnostics,Healthcare,Diagnostics
13179,signadot,Winter 2020,W20,2020,B2B -> Infrastructure,B2B,Infrastructure
13220,simple-strips,Winter 2020,W20,2020,Healthcare -> Diagnostics,Healthcare,Diagnostics
13322,skypher,Winter 2020,W20,2020,B2B -> Security,B2B,Security
13323,snapboard,Winter 2020,W20,2020,B2B -> Productivity,B2B,Productivity
13391,spenny,Winter 2020,W20,2020,Fintech -> Consumer Finance,Fintech,Consumer Finance
13349,sprintai,Winter 2020,W20,2020,B2B -> Retail,B2B,Retail
13512,stable,Winter 2020,W20,2020,B2B -> Office Management,B2B,Office Management
13172,startplaying-games,Winter 2020,W20,2020,Consumer -> Gaming,Consumer,Gaming
13343,stayqrious,Winter 2020,W20,2020,Education,Education,
13084,stratumai,Winter 2020,W20,2020,Industrials -> Climate,Industrials,Climate
13482,swipe-technologies,Winter 2020,W20,2020,Fintech,Fintech,
13406,synapsica-healthcare,Winter 2020,W20,2020,Healthcare -> Diagnostics,Healthcare,Diagnostics
13536,syncro,Winter 2020,W20,2020,B2B -> Recruiting and Talent,B2B,Recruiting and Talent
13350,tagmango,Winter 2020,W20,2020,Consumer -> Social,Consumer,Social
13109,taiv,Winter 2020,W20,2020,B2B -> Marketing,B2B,Marketing
13494,tajir,Winter 2020,W20,2020,B2B -> Retail,B2B,Retail
13198,talyn-air,Winter 2020,W20,2020,Industrials -> Aviation and Space,Industrials,Aviation and Space
13548,tambua-health,Winter 2020,W20,2020,Healthcare,Healthcare,
13579,tasker-ai,Winter 2020,W20,2020,B2B,B2B,
13085,teleo,Winter 2020,W20,2020,Industrials -> Manufacturing and Robotics,Industrials,Manufacturing and Robotics
13499,termii,Winter 2020,W20,2020,B2B -> Infrastructure,B2B,Infrastructure
13160,terusama,Winter 2020,W20,2020,B2B -> Supply Chain and Logistics,B2B,Supply Chain and Logistics
13171,the-mercer-club,Winter 2020,W20,2020,Consumer -> Apparel and Cosmetics,Consumer,Apparel and Cosmetics
13362,thunderpod,Winter 2020,W20,2020,B2B,B2B,
13207,tienda-crypto,Winter 2020,W20,2020,Fintech -> Banking and Exchange,Fintech,Banking and Exchange
13303,todesktop,Winter 2020,W20,2020,"B2B -> Engineering, Product and Design",B2B,"Engineering, Product and Design"
13116,tough-commerce,Winter 2020,W20,2020,Real Estate and Construction -> Construction,Real Estate and Construction,Construction
13176,truenorth,Winter 2020,W20,2020,B2B -> Supply Chain and Logistics,B2B,Supply Chain and Logistics
13218,turing-labs-inc,Winter 2020,W20,2020,B2B -> Retail,B2B,Retail
13238,typedream,Winter 2020,W20,2020,Consumer -> Content,Consumer,Content
13333,upflow,Winter 2020,W20,2020,Fintech -> Payments,Fintech,Payments
13346,urbankisaan,Winter 2020,W20,2020,Industrials -> Agriculture,Industrials,Agriculture
13486,valienta,Winter 2020,W20,2020,B2B -> Retail,B2B,Retail
13177,visual-one,Winter 2020,W20,2020,Consumer -> Consumer Electronics,Consumer,Consumer Electronics
13473,viya,Winter 2020,W20,2020,Real Estate and Construction -> Housing and Real Estate,Real Estate and Construction,Housing and Real Estate
13079,volumetric,Winter 2020,W20,2020,Healthcare -> Industrial Bio,Healthcare,Industrial Bio
13240,vori,Winter 2020,W20,2020,B2B -> Retail,B2B,Retail
13157,weav,Winter 2020,W20,2020,"B2B -> Engineering, Product and Design",B2B,"Engineering, Product and Design"
13227,welcome,Winter 2020,W20,2020,B2B -> Operations,B2B,Operations
13208,whatnot,Winter 2020,W20,2020,Consumer,Consumer,
13557,workpay,Winter 2020,W20,2020,B2B -> Human Resources,B2B,Human Resources
13642,yassir,Winter 2020,W20,2020,Consumer -> Transportation Services,Consumer,Transportation Services
13195,zaam,Winter 2020,W20,2020,B2B -> Operations,B2B,Operations
13052,zaraz,Winter 2020,W20,2020,"B2B -> Engineering, Product and Design",B2B,"Engineering, Product and Design"
13352,zeo-route-planner,Winter 2020,W20,2020,B2B -> Supply Chain and Logistics,B2B,Supply Chain and Logistics
13405,zumo-labs,Winter 2020,W20,2020,"B2B -> Engineering, Product and Design",B2B,"Engineering, Product and Design"
13502,zynq,Winter 2020,W20,2020,B2B -> Productivity,B2B,Productivity
13520,borong,Winter 2020,W20,2020,B2B -> Retail,B2B,Retail
13475,delt-ai,Winter 2020,W20,2020,Fintech -> Banking and Exchange,Fintech,Banking and Exchange
13347,farmtheory,Winter 2020,W20,2020,B2B -> Supply Chain and Logistics,B2B,Supply Chain and Logistics
13337,godutch,Winter 2020,W20,2020,Fintech -> Payments,Fintech,Payments
13310,onetool,Winter 2020,W20,2020,B2B -> Operations,B2B,Operations
13354,ybanq,Winter 2020,W20,2020,Fintech -> Payments,Fintech,Payments
13108,yearend,Winter 2020,W20,2020,Fintech -> Consumer Finance,Fintech,Consumer Finance
22151,ai-fashion,Summer 2020,S20,2020,B2B -> Marketing,B2B,Marketing
22152,afriex,Summer 2020,S20,2020,Fintech -> Payments,Fintech,Payments
22077,akiflow,Summer 2020,S20,2020,B2B -> Productivity,B2B,Productivity
19888,altro,Summer 2020,S20,2020,Fintech -> Consumer Finance,Fintech,Consumer Finance
22008,aquarium-learning,Summer 2020,S20,2020,B2B -> Infrastructure,B2B,Infrastructure
21897,arist,Summer 2020,S20,2020,B2B,B2B,
22084,arketa,Summer 2020,S20,2020,B2B -> Operations,B2B,Operations
22249,artifact,Summer 2020,S20,2020,Consumer -> Content,Consumer,Content
22307,atmos,Summer 2020,S20,2020,Real Estate and Construction -> Housing and Real Estate,Real Estate and Construction,Housing and Real Estate
21791,atob,Summer 2020,S20,2020,Fintech,Fintech,
21915,atomic,Summer 2020,S20,2020,B2B -> Retail,B2B,Retail
21855,atomized,Summer 2020,S20,2020,B2B -> Infrastructure,B2B,Infrastructure
22078,awtomic,Summer 2020,S20,2020,B2B -> Retail,B2B,Retail
22002,bik,Summer 2020,S20,2020,B2B -> Retail,B2B,Retail
21988,balance,Summer 2020,S20,2020,Fintech -> Payments,Fintech,Payments
21771,bandit-ml,Summer 2020,S20,2020,B2B,B2B,
13150,basedash,Summer 2020,S20,2020,B2B -> Analytics,B2B,Analytics
21805,bento,Summer 2020,S20,2020,B2B -> Productivity,B2B,Productivity
21932,biocogniv,Summer 2020,S20,2020,Healthcare,Healthcare,
21914,bits,Summer 2020,S20,2020,Fintech -> Consumer Finance,Fintech,Consumer Finance
21902,blissway,Summer 2020,S20,2020,Government,Government,
21784,blue-onion,Summer 2020,S20,2020,B2B -> Finance and Accounting,B2B,Finance and Accounting
22353,brevy,Summer 2020,S20,2020,B2B -> Marketing,B2B,Marketing
21863,bukuwarung,Summer 2020,S20,2020,Fintech -> Payments,Fintech,Payments
22246,byte,Summer 2020,S20,2020,Consumer -> Food and Beverage,Consumer,Food and Beverage
22323,capway,Summer 2020,S20,2020,Fintech -> Consumer Finance,Fintech,Consumer Finance
22088,carbonchain,Summer 2020,S20,2020,Industrials -> Climate,Industrials,Climate
21856,charityvest,Summer 2020,S20,2020,Fintech -> Payments,Fintech,Payments
22294,clau,Summer 2020,S20,2020,Real Estate and Construction -> Housing and Real Estate,Real Estate and Construction,Housing and Real Estate
21899,clearmix,Summer 2020,S20,2020,B2B -> Marketing,B2B,Marketing
21997,clew,Summer 2020,S20,2020,B2B -> Infrastructure,B2B,Infrastructure
22260,clover,Summer 2020,S20,2020,B2B -> Productivity,B2B,Productivity
22063,cohere,Summer 2020,S20,2020,B2B -> Operations,B2B,Operations
21767,command-ai,Summer 2020,S20,2020,"B2B -> Engineering, Product and Design",B2B,"Engineering, Product and Design"
21799,conta-simples,Summer 2020,S20,2020,Fintech -> Banking and Exchange,Fintech,Banking and Exchange
21882,corecare,Summer 2020,S20,2020,Healthcare -> Healthcare IT,Healthcare,Healthcare IT
21898,cradle,Summer 2020,S20,2020,B2B -> Retail,B2B,Retail
21839,current-foods,Summer 2020,S20,2020,Healthcare -> Industrial Bio,Healthcare,Industrial Bio
21781,datafold,Summer 2020,S20,2020,B2B -> Analytics,B2B,Analytics
22076,dataland,Summer 2020,S20,2020,B2B -> Operations,B2B,Operations
21947,daybreak-health,Summer 2020,S20,2020,Healthcare -> Consumer Health and Wellness,Healthcare,Consumer Health and Wellness
22003,decentro,Summer 2020,S20,2020,"B2B -> Engineering, Product and Design",B2B,"Engineering, Product and Design"
21777,depict,Summer 2020,S20,2020,B2B -> Marketing,B2B,Marketing
21862,dialect,Summer 2020,S20,2020,B2B,B2B,
22131,draftwise,Summer 2020,S20,2020,B2B -> Legal,B2B,Legal
22055,drapr,Summer 2020,S20,2020,Consumer -> Home and Personal,Consumer,Home and Personal
21790,dripos,Summer 2020,S20,2020,Fintech -> Payments,Fintech,Payments
21848,gitduck,Summer 2020,S20,2020,"B2B -> Engineering, Product and Design",B2B,"Engineering, Product and Design"
21828,explorex,Summer 2020,S20,2020,Consumer,Consumer,
22228,fancy,Summer 2020,S20,2020,Consumer -> Food and Beverage,Consumer,Food and Beverage
22054,farel,Summer 2020,S20,2020,B2B -> Operations,B2B,Operations
21864,farmako-healthcare,Summer 2020,S20,2020,Healthcare -> Healthcare IT,Healthcare,Healthcare IT
22273,fieldguide,Summer 2020,S20,2020,B2B -> Productivity,B2B,Productivity
13163,fig,Summer 2020,S20,2020,"B2B -> Engineering, Product and Design",B2B,"Engineering, Product and Design"
22272,finch,Summer 2020,S20,2020,"B2B -> Engineering, Product and Design",B2B,"Engineering, Product and Design"
21793,finmark,Summer 2020,S20,2020,B2B -> Finance and Accounting,B2B,Finance and Accounting
22046,flint,Summer 2020,S20,2020,Healthcare,Healthcare,
21895,foreword,Summer 2020,S20,2020,Education,Education,
22079,formal,Summer 2020,S20,2020,B2B,B2B,
22305,future-fields,Summer 2020,S20,2020,Healthcare -> Industrial Bio,Healthcare,Industrial Bio
21789,gather,Summer 2020,S20,2020,B2B -> Human Resources,B2B,Human Resources
22334,gilgamesh-pharmaceuticals,Summer 2020,S20,2020,Healthcare -> Drug Discovery and Delivery,Healthcare,Drug Discovery and Delivery
22218,glimpse-2,Summer 2020,S20,2020,B2B -> Retail,B2B,Retail
22083,henry,Summer 2020,S20,2020,B2B -> Recruiting and Talent,B2B,Recruiting and Talent
21962,hellometer,Summer 2020,S20,2020,B2B -> Retail,B2B,Retail
22269,hellosaurus,Summer 2020,S20,2020,Consumer -> Content,Consumer,Content
22184,here,Summer 2020,S20,2020,Consumer -> Social,Consumer,Social
22277,heron,Summer 2020,S20,2020,Fintech,Fintech,
22053,hotplate,Summer 2020,S20,2020,Consumer -> Food and Beverage,Consumer,Food and Beverage
22278,chatpay,Summer 2020,S20,2020,B2B -> Sales,B2B,Sales
21894,humanloop,Summer 2020,S20,2020,"B2B -> Engineering, Product and Design",B2B,"Engineering, Product and Design"
21993,hyper-online,Summer 2020,S20,2020,Consumer -> Social,Consumer,Social
21811,hypermile,Summer 2020,S20,2020,"B2B -> Engineering, Product and Design",B2B,"Engineering, Product and Design"
21857,hypotenuse-ai,Summer 2020,S20,2020,B2B,B2B,
21999,in-stock,Summer 2020,S20,2020,B2B -> Retail,B2B,Retail
21727,increase,Summer 2020,S20,2020,Fintech -> Banking and Exchange,Fintech,Banking and Exchange
22257,inspectify,Summer 2020,S20,2020,Real Estate and Construction -> Housing and Real Estate,Real Estate and Construction,Housing and Real Estate
22032,intelligent,Summer 2020,S20,2020,B2B -> Sales,B2B,Sales
22007,jam-gg,Summer 2020,S20,2020,Consumer -> Gaming,Consumer,Gaming
21815,jeevam-health,Summer 2020,S20,2020,Healthcare -> Consumer Health and Wellness,Healthcare,Consumer Health and Wellness
21768,jeeves,Summer 2020,S20,2020,Fintech,Fintech,
19925,jemi,Summer 2020,S20,2020,Consumer -> Social,Consumer,Social
19932,jitsu,Summer 2020,S20,2020,B2B -> Analytics,B2B,Analytics
21963,justo,Summer 2020,S20,2020,B2B -> Supply Chain and Logistics,B2B,Supply Chain and Logistics
21881,kernal-biologics,Summer 2020,S20,2020,Healthcare -> Therapeutics,Healthcare,Therapeutics
21957,keydb,Summer 2020,S20,2020,B2B -> Infrastructure,B2B,Infrastructure
22043,kingdom,Summer 2020,S20,2020,Healthcare -> Industrial Bio,Healthcare,Industrial Bio
21852,known-medicine,Summer 2020,S20,2020,Healthcare,Healthcare,
21737,lsk-technologies,Summer 2020,S20,2020,Healthcare -> Diagnostics,Healthcare,Diagnostics
13090,ladder,Summer 2020,S20,2020,Real Estate and Construction -> Construction,Real Estate and Construction,Construction
22082,laylo,Summer 2020,S20,2020,B2B -> Marketing,B2B,Marketing
22174,lendtable,Summer 2020,S20,2020,Fintech -> Credit and Lending,Fintech,Credit and Lending
22106,letter,Summer 2020,S20,2020,Fintech -> Banking and Exchange,Fintech,Banking and Exchange
21782,hubble,Summer 2020,S20,2020,B2B -> Analytics,B2B,Analytics
22044,liyfe,Summer 2020,S20,2020,Healthcare,Healthcare,
22195,lume,Summer 2020,S20,2020,Healthcare,Healthcare,
21766,luminai,Summer 2020,S20,2020,"B2B -> Engineering, Product and Design",B2B,"Engineering, Product and Design"
22021,mailwarm,Summer 2020,S20,2020,B2B -> Sales,B2B,Sales
21916,marketforce,Summer 2020,S20,2020,B2B -> Retail,B2B,Retail
22327,matter,Summer 2020,S20,2020,Consumer -> Content,Consumer,Content
22196,medpiper-technologies-inc,Summer 2020,S20,2020,Fintech -> Insurance,Fintech,Insurance
22022,memberstack,Summer 2020,S20,2020,Fintech -> Payments,Fintech,Payments
22033,memo,Summer 2020,S20,2020,"B2B -> Engineering, Product and Design",B2B,"Engineering, Product and Design"
21949,mesh,Summer 2020,S20,2020,B2B -> Human Resources,B2B,Human Resources
21733,metamanagement,Summer 2020,S20,2020,B2B -> Infrastructure,B2B,Infrastructure
22205,milkrun,Summer 2020,S20,2020,Consumer -> Food and Beverage,Consumer,Food and Beverage
22062,minimum,Summer 2020,S20,2020,Industrials -> Climate,Industrials,Climate
22126,mito,Summer 2020,S20,2020,B2B -> Analytics,B2B,Analytics
22217,mobius-materials,Summer 2020,S20,2020,Industrials -> Manufacturing and Robotics,Industrials,Manufacturing and Robotics
21787,momence,Summer 2020,S20,2020,"Consumer -> Travel, Leisure and Tourism",Consumer,"Travel, Leisure and Tourism"
21858,monosi,Summer 2020,S20,2020,"B2B -> Engineering, Product and Design",B2B,"Engineering, Product and Design"
22248,mozart-data,Summer 2020,S20,2020,B2B -> Infrastructure,B2B,Infrastructure
22026,mozper,Summer 2020,S20,2020,Fintech -> Banking and Exchange,Fintech,Banking and Exchange
21992,nabla-bio,Summer 2020,S20,2020,Healthcare -> Drug Discovery and Delivery,Healthcare,Drug Discovery and Delivery
22045,nephrogen,Summer 2020,S20,2020,Healthcare -> Therapeutics,Healthcare,Therapeutics
22238,nestybox,Summer 2020,S20,2020,B2B -> Infrastructure,B2B,Infrastructure
21969,nextera-robotics-didgeai,Summer 2020,S20,2020,Industrials -> Manufacturing and Robotics,Industrials,Manufacturing and Robotics
22251,nextstore,Summer 2020,S20,2020,B2B -> Marketing,B2B,Marketing
22004,notabene,Summer 2020,S20,2020,B2B -> Security,B2B,Security
21813,nototo,Summer 2020,S20,2020,B2B -> Productivity,B2B,Productivity
21829,jumpstart,Summer 2020,S20,2020,Fintech -> Banking and Exchange,Fintech,Banking and Exchange
21984,oico,Summer 2020,S20,2020,B2B -> Operations,B2B,Operations
21900,omni,Summer 2020,S20,2020,B2B -> Productivity,B2B,Productivity
22052,onekey,Summer 2020,S20,2020,Fintech -> Consumer Finance,Fintech,Consumer Finance
13159,openbase,Summer 2020,S20,2020,"B2B -> Engineering, Product and Design",B2B,"Engineering, Product and Design"
22080,orange-health-labs,Summer 2020,S20,2020,Healthcare -> Diagnostics,Healthcare,Diagnostics
21930,osmind,Summer 2020,S20,2020,Healthcare -> Healthcare IT,Healthcare,Healthcare IT
13435,overfit,Summer 2020,S20,2020,Healthcare -> Consumer Health and Wellness,Healthcare,Consumer Health and Wellness
22075,panadata,Summer 2020,S20,2020,Government,Government,
22268,parade,Summer 2020,S20,2020,B2B -> Productivity,B2B,Productivity
22111,pardes-bio,Summer 2020,S20,2020,Healthcare -> Drug Discovery and Delivery,Healthcare,Drug Discovery and Delivery
22267,parrot-software,Summer 2020,S20,2020,B2B -> Retail,B2B,Retail
21831,pave-2,Summer 2020,S20,2020,B2B -> Recruiting and Talent,B2B,Recruiting and Talent
22322,payflow-2,Summer 2020,S20,2020,B2B -> Finance and Accounting,B2B,Finance and Accounting
13307,photoroom,Summer 2020,S20,2020,Consumer -> Content,Consumer,Content
21996,plerk,Summer 2020,S20,2020,B2B -> Operations,B2B,Operations
13091,porter,Summer 2020,S20,2020,B2B -> Infrastructure,B2B,Infrastructure
21847,powerus,Summer 2020,S20,2020,Consumer -> Job and Career Services,Consumer,Job and Career Services
22301,quell,Summer 2020,S20,2020,Consumer -> Consumer Electronics,Consumer,Consumer Electronics
21795,questdb,Summer 2020,S20,2020,B2B -> Infrastructure,B2B,Infrastructure
21814,queue,Summer 2020,S20,2020,"B2B -> Engineering, Product and Design",B2B,"Engineering, Product and Design"
21810,rtcanary,Summer 2020,S20,2020,Consumer -> Virtual and Augmented Reality,Consumer,Virtual and Augmented Reality
13173,racer,Summer 2020,S20,2020,Consumer -> Food and Beverage,Consumer,Food and Beverage
22247,rally,Summer 2020,S20,2020,Consumer -> Social,Consumer,Social
22306,rarebird,Summer 2020,S20,2020,Healthcare -> Industrial Bio,Healthcare,Industrial Bio
22108,ready,Summer 2020,S20,2020,B2B,B2B,
13330,recurrency,Summer 2020,S20,2020,B2B -> Sales,B2B,Sales
22252,reflect,Summer 2020,S20,2020,"B2B -> Engineering, Product and Design",B2B,"Engineering, Product and Design"
13732,reploy,Summer 2020,S20,2020,B2B -> Infrastructure,B2B,Infrastructure
13235,response,Summer 2020,S20,2020,B2B -> Supply Chain and Logistics,B2B,Supply Chain and Logistics
21792,ringmd,Summer 2020,S20,2020,Government,Government,
22250,riogrande,Summer 2020,S20,2020,Consumer -> Food and Beverage,Consumer,Food and Beverage
21769,roboflow,Summer 2020,S20,2020,"B2B -> Engineering, Product and Design",B2B,"Engineering, Product and Design"
21802,rume,Summer 2020,S20,2020,Consumer -> Social,Consumer,Social
22141,safebase,Summer 2020,S20,2020,B2B -> Security,B2B,Security
21812,safepay,Summer 2020,S20,2020,Fintech -> Payments,Fintech,Payments
13230,salesform,Summer 2020,S20,2020,B2B -> Sales,B2B,Sales
22042,sameplan,Summer 2020,S20,2020,B2B -> Sales,B2B,Sales
22048,scrimba,Summer 2020,S20,2020,Education,Education,
21909,seal-2,Summer 2020,S20,2020,B2B -> Operations,B2B,Operations
21800,seam,Summer 2020,S20,2020,"B2B -> Engineering, Product and Design",B2B,"Engineering, Product and Design"
21794,shuttle,Summer 2020,S20,2020,B2B -> Infrastructure,B2B,Infrastructure
22319,siphox-health,Summer 2020,S20,2020,Healthcare -> Consumer Health and Wellness,Healthcare,Consumer Health and Wellness
22050,skio,Summer 2020,S20,2020,B2B -> Marketing,B2B,Marketing
22092,socksoho,Summer 2020,S20,2020,Consumer -> Apparel and Cosmetics,Consumer,Apparel and Cosmetics
22256,sonar,Summer 2020,S20,2020,Consumer -> Social,Consumer,Social
21883,speedscale,Summer 2020,S20,2020,B2B -> Infrastructure,B2B,Infrastructure
22148,spenmo,Summer 2020,S20,2020,Fintech -> Banking and Exchange,Fintech,Banking and Exchange
21959,stacker,Summer 2020,S20,2020,B2B -> Productivity,B2B,Productivity
21979,statiq,Summer 2020,S20,2020,Industrials -> Energy,Industrials,Energy
21985,streamdal,Summer 2020,S20,2020,B2B -> Infrastructure,B2B,Infrastructure
21827,strive-school,Summer 2020,S20,2020,Education,Education,
22091,supabase,Summer 2020,S20,2020,B2B -> Infrastructure,B2B,Infrastructure
21770,supertokens,Summer 2020,S20,2020,B2B -> Security,B2B,Security
21885,swif-ai,Summer 2020,S20,2020,B2B -> Security,B2B,Security
21860,synapticure,Summer 2020,S20,2020,Healthcare -> Healthcare Services,Healthcare,Healthcare Services
21896,tangobuilder,Summer 2020,S20,2020,Real Estate and Construction -> Construction,Real Estate and Construction,Construction
22124,taktile,Summer 2020,S20,2020,B2B,B2B,
21958,tappity,Summer 2020,S20,2020,Consumer -> Content,Consumer,Content
22037,tella,Summer 2020,S20,2020,B2B -> Productivity,B2B,Productivity
13481,thndr,Summer 2020,S20,2020,Fintech,Fintech,
22303,todos-comemos,Summer 2020,S20,2020,Consumer -> Food and Beverage,Consumer,Food and Beverage
22101,together-video-chat,Summer 2020,S20,2020,Consumer -> Home and Personal,Consumer,Home and Personal
13306,trident-bioscience,Summer 2020,S20,2020,Healthcare -> Drug Discovery and Delivery,Healthcare,Drug Discovery and Delivery
22001,polyops,Summer 2020,S20,2020,B2B -> Analytics,B2B,Analytics
22047,tyltgo,Summer 2020,S20,2020,B2B -> Supply Chain and Logistics,B2B,Supply Chain and Logistics
19890,ukama,Summer 2020,S20,2020,B2B,B2B,
13089,unfaze-ai,Summer 2020,S20,2020,B2B,B2B,
21917,vectrix,Summer 2020,S20,2020,B2B -> Security,B2B,Security
22206,vena-vitals,Summer 2020,S20,2020,Healthcare -> Medical Devices,Healthcare,Medical Devices
21816,venostent,Summer 2020,S20,2020,Healthcare -> Medical Devices,Healthcare,Medical Devices
22321,verifiable,Summer 2020,S20,2020,Healthcare -> Healthcare IT,Healthcare,Healthcare IT
22049,virtually,Summer 2020,S20,2020,B2B,B2B,
21986,vitable-health,Summer 2020,S20,2020,Healthcare -> Healthcare Services,Healthcare,Healthcare Services
21817,volopay,Summer 2020,S20,2020,Fintech -> Payments,Fintech,Payments
21998,wareiq,Summer 2020,S20,2020,B2B -> Supply Chain and Logistics,B2B,Supply Chain and Logistics
22241,warmly,Summer 2020,S20,2020,B2B -> Sales,B2B,Sales
21901,workbase,Summer 2020,S20,2020,B2B -> Productivity,B2B,Productivity
21950,yotta,Summer 2020,S20,2020,Fintech -> Consumer Finance,Fintech,Consumer Finance
21720,zip,Summer 2020,S20,2020,B2B -> Operations,B2B,Operations
21788,zitara-technologies-inc,Summer 2020,S20,2020,Industrials -> Energy,Industrials,Energy
22266,zuddl,Summer 2020,S20,2020,B2B,B2B,
13413,adyn,Summer 2020,S20,2020,Healthcare -> Consumer Health and Wellness,Healthcare,Consumer Health and Wellness
21956,buildspace,Summer 2020,S20,2020,Education,Education,
21903,doola,Summer 2020,S20,2020,B2B -> Productivity,B2B,Productivity
21772,infeedo-ai,Summer 2020,S20,2020,B2B -> Human Resources,B2B,Human Resources
22207,insoma-bio,Summer 2020,S20,2020,Healthcare -> Medical Devices,Healthcare,Medical Devices
13338,hannah-life-technologies,Summer 2020,S20,2020,Healthcare -> Consumer Health and Wellness,Healthcare,Consumer Health and Wellness
21906,webapp-io,Summer 2020,S20,2020,"B2B -> Engineering, Product and Design",B2B,"Engineering, Product and Design"
23629,axar-ai,Winter 2021,W21,2021,B2B,B2B,
22579,abacum,Winter 2021,W21,2021,B2B -> Finance and Accounting,B2B,Finance and Accounting
23096,aerotime,Winter 2021,W21,2021,B2B -> Productivity,B2B,Productivity
23292,agendapro,Winter 2021,W21,2021,B2B -> Marketing,B2B,Marketing
22630,alba-orbital,Winter 2021,W21,2021,Industrials -> Aviation and Space,Industrials,Aviation and Space
22640,albedo,Winter 2021,W21,2021,Industrials -> Aviation and Space,Industrials,Aviation and Space
22834,alinea,Winter 2021,W21,2021,Fintech -> Consumer Finance,Fintech,Consumer Finance
23630,alltruists,Winter 2021,W21,2021,Consumer -> Job and Career Services,Consumer,Job and Career Services
23270,alokai,Winter 2021,W21,2021,"B2B -> Engineering, Product and Design",B2B,"Engineering, Product and Design"
23315,alpas,Winter 2021,W21,2021,B2B,B2B,
22866,anima,Winter 2021,W21,2021,Healthcare,Healthcare,
23537,arpio,Winter 2021,W21,2021,B2B -> Infrastructure,B2B,Infrastructure
22627,atomic-industries,Winter 2021,W21,2021,Industrials -> Manufacturing and Robotics,Industrials,Manufacturing and Robotics
22581,atrato,Winter 2021,W21,2021,Fintech -> Payments,Fintech,Payments
22935,aurabeat,Winter 2021,W21,2021,Industrials -> Energy,Industrials,Energy
22934,auricle,Winter 2021,W21,2021,Healthcare -> Medical Devices,Healthcare,Medical Devices
23531,authologic,Winter 2021,W21,2021,"B2B -> Engineering, Product and Design",B2B,"Engineering, Product and Design"
22771,avenue,Winter 2021,W21,2021,B2B -> Operations,B2B,Operations
23515,avion-school,Winter 2021,W21,2021,Education,Education,
22828,aviron-interactive,Winter 2021,W21,2021,Consumer -> Home and Personal,Consumer,Home and Personal
22717,avocado,Winter 2021,W21,2021,B2B -> Retail,B2B,Retail
23423,awari,Winter 2021,W21,2021,Education,Education,
22742,axiom-ai,Winter 2021,W21,2021,B2B -> Operations,B2B,Operations
22779,axle-health,Winter 2021,W21,2021,Healthcare -> Healthcare IT,Healthcare,Healthcare IT
23412,axolo,Winter 2021,W21,2021,"B2B -> Engineering, Product and Design",B2B,"Engineering, Product and Design"
22718,bewell-digital,Winter 2021,W21,2021,Healthcare -> Healthcare IT,Healthcare,Healthcare IT
23175,betterhalf,Winter 2021,W21,2021,Consumer -> Social,Consumer,Social
22792,bimaplan,Winter 2021,W21,2021,Fintech -> Insurance,Fintech,Insurance
23190,biodock,Winter 2021,W21,2021,Healthcare -> Therapeutics,Healthcare,Therapeutics
23445,blink,Winter 2021,W21,2021,Industrials -> Automotive,Industrials,Automotive
23555,bloom-3,Winter 2021,W21,2021,Fintech -> Consumer Finance,Fintech,Consumer Finance
22703,bluelight,Winter 2021,W21,2021,B2B -> Analytics,B2B,Analytics
23121,botbuilt,Winter 2021,W21,2021,Industrials -> Manufacturing and Robotics,Industrials,Manufacturing and Robotics
22881,briohr,Winter 2021,W21,2021,B2B -> Human Resources,B2B,Human Resources
22612,bristle,Winter 2021,W21,2021,Healthcare -> Consumer Health and Wellness,Healthcare,Consumer Health and Wellness
23434,broad,Winter 2021,W21,2021,Fintech -> Banking and Exchange,Fintech,Banking and Exchange
22791,bueno-finance,Winter 2021,W21,2021,Fintech -> Credit and Lending,Fintech,Credit and Lending
23371,businessonbot,Winter 2021,W21,2021,B2B -> Operations,B2B,Operations
22829,camber-2,Winter 2021,W21,2021,Healthcare -> Healthcare IT,Healthcare,Healthcare IT
23631,camelan,Winter 2021,W21,2021,Consumer -> Home and Personal,Consumer,Home and Personal
23186,camp,Winter 2021,W21,2021,Consumer,Consumer,
22870,care-weather,Winter 2021,W21,2021,Industrials -> Aviation and Space,Industrials,Aviation and Space
22745,cashbook,Winter 2021,W21,2021,B2B -> Finance and Accounting,B2B,Finance and Accounting
22775,charge-running,Winter 2021,W21,2021,Consumer -> Home and Personal,Consumer,Home and Personal
23279,chatwoot,Winter 2021,W21,2021,B2B -> Operations,B2B,Operations
23435,cheqout,Winter 2021,W21,2021,Fintech -> Payments,Fintech,Payments
23633,chorus-sleep,Winter 2021,W21,2021,B2B,B2B,
22711,clay,Winter 2021,W21,2021,"B2B -> Engineering, Product and Design",B2B,"Engineering, Product and Design"
23550,clear,Winter 2021,W21,2021,Consumer -> Social,Consumer,Social
22752,clipdrop,Winter 2021,W21,2021,Consumer -> Content,Consumer,Content
22710,coverified,Winter 2021,W21,2021,Healthcare -> Healthcare IT,Healthcare,Healthcare IT
23276,codeball,Winter 2021,W21,2021,"B2B -> Engineering, Product and Design",B2B,"Engineering, Product and Design"
22955,coderhouse,Winter 2021,W21,2021,Education,Education,
22997,codingal,Winter 2021,W21,2021,Education,Education,
23200,compose-ai,Winter 2021,W21,2021,B2B -> Productivity,B2B,Productivity
22841,controlhub,Winter 2021,W21,2021,B2B -> Finance and Accounting,B2B,Finance and Accounting
22706,curvenote,Winter 2021,W21,2021,Healthcare -> Healthcare IT,Healthcare,Healthcare IT
22781,cyble,Winter 2021,W21,2021,B2B -> Security,B2B,Security
22987,darrow,Winter 2021,W21,2021,B2B -> Legal,B2B,Legal
22842,dashlabs-ai,Winter 2021,W21,2021,Healthcare -> Healthcare IT,Healthcare,Healthcare IT
23303,dataherald,Winter 2021,W21,2021,B2B,B2B,
22951,datrics,Winter 2021,W21,2021,Healthcare,Healthcare,
23405,dayra,Winter 2021,W21,2021,Fintech -> Credit and Lending,Fintech,Credit and Lending
22470,degrees-of-freedom,Winter 2021,W21,2021,Education,Education,
23458,djamo,Winter 2021,W21,2021,Fintech -> Banking and Exchange,Fintech,Banking and Exchange
22656,dreamworld,Winter 2021,W21,2021,Consumer -> Gaming,Consumer,Gaming
23400,dressd,Winter 2021,W21,2021,Consumer -> Apparel and Cosmetics,Consumer,Apparel and Cosmetics
23038,dyte,Winter 2021,W21,2021,B2B -> Infrastructure,B2B,Infrastructure
23264,eat-blueprint,Winter 2021,W21,2021,Consumer -> Food and Beverage,Consumer,Food and Beverage
22831,emerge-tools,Winter 2021,W21,2021,"B2B -> Engineering, Product and Design",B2B,"Engineering, Product and Design"
23037,enable-us,Winter 2021,W21,2021,B2B -> Sales,B2B,Sales
22744,encord,Winter 2021,W21,2021,B2B -> Infrastructure,B2B,Infrastructure
22953,enode,Winter 2021,W21,2021,Industrials -> Energy,Industrials,Energy
23263,entelexo-biotherapeutics,Winter 2021,W21,2021,Healthcare -> Therapeutics,Healthcare,Therapeutics
23433,estoca,Winter 2021,W21,2021,B2B -> Supply Chain and Logistics,B2B,Supply Chain and Logistics
22787,expent-inc,Winter 2021,W21,2021,B2B -> Operations,B2B,Operations
23189,fable,Winter 2021,W21,2021,"B2B -> Engineering, Product and Design",B2B,"Engineering, Product and Design"
22786,faction,Winter 2021,W21,2021,Industrials -> Automotive,Industrials,Automotive
22879,fathom,Winter 2021,W21,2021,B2B -> Productivity,B2B,Productivity
23174,feroot-security,Winter 2021,W21,2021,B2B -> Security,B2B,Security
22826,fifthtry,Winter 2021,W21,2021,B2B -> Productivity,B2B,Productivity
23065,finantier,Winter 2021,W21,2021,Fintech -> Banking and Exchange,Fintech,Banking and Exchange
22755,finary,Winter 2021,W21,2021,Fintech -> Asset Management,Fintech,Asset Management
22903,finary-com,Winter 2021,W21,2021,Fintech -> Asset Management,Fintech,Asset Management
22667,finley,Winter 2021,W21,2021,Fintech -> Credit and Lending,Fintech,Credit and Lending
22836,fintoc,Winter 2021,W21,2021,Fintech -> Payments,Fintech,Payments
22882,firstsupport-ai,Winter 2021,W21,2021,B2B -> Operations,B2B,Operations
22796,firstbase-io,Winter 2021,W21,2021,B2B -> Operations,B2B,Operations
23128,fithub-2,Winter 2021,W21,2021,Consumer -> Food and Beverage,Consumer,Food and Beverage
22989,flextock,Winter 2021,W21,2021,B2B -> Supply Chain and Logistics,B2B,Supply Chain and Logistics
22774,flok,Winter 2021,W21,2021,B2B,B2B,
23316,floweq,Winter 2021,W21,2021,B2B -> Productivity,B2B,Productivity
23301,flutterflow,Winter 2021,W21,2021,"B2B -> Engineering, Product and Design",B2B,"Engineering, Product and Design"
23645,flux-2,Winter 2021,W21,2021,Fintech -> Payments,Fintech,Payments
22708,flux-auto,Winter 2021,W21,2021,Industrials -> Manufacturing and Robotics,Industrials,Manufacturing and Robotics
23511,forcyte-biotechnologies,Winter 2021,W21,2021,Healthcare -> Diagnostics,Healthcare,Diagnostics
23328,compound-writing,Winter 2021,W21,2021,Consumer -> Home and Personal,Consumer,Home and Personal
22714,fountain9,Winter 2021,W21,2021,B2B -> Retail,B2B,Retail
22751,fractional,Winter 2021,W21,2021,Fintech,Fintech,
23415,friz,Winter 2021,W21,2021,Consumer -> Job and Career Services,Consumer,Job and Career Services
22788,functionup-fanplay,Winter 2021,W21,2021,Education,Education,
22695,furmacy,Winter 2021,W21,2021,Healthcare -> Healthcare IT,Healthcare,Healthcare IT
23305,galaxy,Winter 2021,W21,2021,B2B -> Infrastructure,B2B,Infrastructure
22702,gerald-technologies-inc,Winter 2021,W21,2021,Fintech,Fintech,
23389,gigs,Winter 2021,W21,2021,"B2B -> Engineering, Product and Design",B2B,"Engineering, Product and Design"
22673,gigs-live,Winter 2021,W21,2021,Consumer,Consumer,
22888,gimbooks,Winter 2021,W21,2021,B2B -> Finance and Accounting,B2B,Finance and Accounting
22712,gobuild-fka-brick,Winter 2021,W21,2021,Fintech -> Credit and Lending,Fintech,Credit and Lending
22565,gonddo,Winter 2021,W21,2021,B2B -> Retail,B2B,Retail
22777,gradia-health,Winter 2021,W21,2021,Healthcare -> Healthcare IT,Healthcare,Healthcare IT
23306,greaseboss,Winter 2021,W21,2021,Industrials -> Manufacturing and Robotics,Industrials,Manufacturing and Robotics
22947,great-question,Winter 2021,W21,2021,"B2B -> Engineering, Product and Design",B2B,"Engineering, Product and Design"
22889,greywing,Winter 2021,W21,2021,B2B -> Supply Chain and Logistics,B2B,Supply Chain and Logistics
22789,gridware,Winter 2021,W21,2021,Industrials -> Energy,Industrials,Energy
22677,gromo,Winter 2021,W21,2021,Fintech,Fintech,
23556,h3x-technologies,Winter 2021,W21,2021,Industrials -> Aviation and Space,Industrials,Aviation and Space
23453,hubuc,Winter 2021,W21,2021,Fintech -> Payments,Fintech,Payments
22668,hapi,Winter 2021,W21,2021,Fintech -> Consumer Finance,Fintech,Consumer Finance
23259,haystack,Winter 2021,W21,2021,"B2B -> Engineering, Product and Design",B2B,"Engineering, Product and Design"
22876,hermes-robotics,Winter 2021,W21,2021,Industrials -> Defense,Industrials,Defense
23242,homebreeze,Winter 2021,W21,2021,Consumer -> Home and Personal,Consumer,Home and Personal
22983,homebase,Winter 2021,W21,2021,Real Estate and Construction -> Housing and Real Estate,Real Estate and Construction,Housing and Real Estate
23266,houm,Winter 2021,W21,2021,Real Estate and Construction -> Housing and Real Estate,Real Estate and Construction,Housing and Real Estate
22658,howdy-com,Winter 2021,W21,2021,B2B -> Recruiting and Talent,B2B,Recruiting and Talent
22784,huddlefire,Winter 2021,W21,2021,B2B -> Marketing,B2B,Marketing
22942,hudu,Winter 2021,W21,2021,B2B -> Operations,B2B,Operations
22638,humaans,Winter 2021,W21,2021,B2B -> Human Resources,B2B,Human Resources
23636,humance,Winter 2021,W21,2021,Real Estate and Construction -> Construction,Real Estate and Construction,Construction
22778,hyperglue,Winter 2021,W21,2021,B2B -> Analytics,B2B,Analytics
23280,infracost,Winter 2021,W21,2021,"B2B -> Engineering, Product and Design",B2B,"Engineering, Product and Design"
23062,inpharmd,Winter 2021,W21,2021,Healthcare -> Healthcare Services,Healthcare,Healthcare Services
22944,invoid,Winter 2021,W21,2021,B2B,B2B,
23397,jetdocs,Winter 2021,W21,2021,B2B -> Operations,B2B,Operations
23440,jiga,Winter 2021,W21,2021,B2B -> Supply Chain and Logistics,B2B,Supply Chain and Logistics
22705,joinsub,Winter 2021,W21,2021,Fintech -> Payments,Fintech,Payments
23638,journey,Winter 2021,W21,2021,B2B -> Sales,B2B,Sales
23052,juicy-marbles,Winter 2021,W21,2021,Consumer -> Food and Beverage,Consumer,Food and Beverage
22823,june,Winter 2021,W21,2021,B2B -> Analytics,B2B,Analytics
23635,kanda,Winter 2021,W21,2021,Fintech -> Credit and Lending,Fintech,Credit and Lending
23302,kidato,Winter 2021,W21,2021,Education,Education,
23597,kilobaser,Winter 2021,W21,2021,Healthcare -> Medical Devices,Healthcare,Medical Devices
23290,kitemaker,Winter 2021,W21,2021,"B2B -> Engineering, Product and Design",B2B,"Engineering, Product and Design"
23661,kiwify,Winter 2021,W21,2021,Education,Education,
22844,kodo,Winter 2021,W21,2021,Fintech -> Payments,Fintech,Payments
22709,krab,Winter 2021,W21,2021,Fintech -> Credit and Lending,Fintech,Credit and Lending
22857,kredi,Winter 2021,W21,2021,Fintech -> Credit and Lending,Fintech,Credit and Lending
22846,lalabox,Winter 2021,W21,2021,Consumer -> Content,Consumer,Content
23220,lamar-health,Winter 2021,W21,2021,Healthcare -> Healthcare IT,Healthcare,Healthcare IT
22741,laudspeaker,Winter 2021,W21,2021,B2B -> Marketing,B2B,Marketing
23085,launcher-labs,Winter 2021,W21,2021,Consumer,Consumer,
22833,lendflow,Winter 2021,W21,2021,Fintech -> Payments,Fintech,Payments
22969,lighttwist,Winter 2021,W21,2021,"B2B -> Engineering, Product and Design",B2B,"Engineering, Product and Design"
22693,lion-pose,Winter 2021,W21,2021,Consumer,Consumer,
22906,liveflow,Winter 2021,W21,2021,B2B -> Finance and Accounting,B2B,Finance and Accounting
22869,logica,Winter 2021,W21,2021,B2B -> Finance and Accounting,B2B,Finance and Accounting
22974,logisticsos,Winter 2021,W21,2021,B2B -> Supply Chain and Logistics,B2B,Supply Chain and Logistics
22566,lovd,Winter 2021,W21,2021,Consumer,Consumer,
23269,lunatic,Winter 2021,W21,2021,"B2B -> Engineering, Product and Design",B2B,"Engineering, Product and Design"
22659,lygg,Winter 2021,W21,2021,Consumer -> Apparel and Cosmetics,Consumer,Apparel and Cosmetics
23327,machine26,Winter 2021,W21,2021,Real Estate and Construction -> Construction,Real Estate and Construction,Construction
23613,magicbell,Winter 2021,W21,2021,"B2B -> Engineering, Product and Design",B2B,"Engineering, Product and Design"
23193,manara,Winter 2021,W21,2021,B2B -> Recruiting and Talent,B2B,Recruiting and Talent
22948,marcopolo,Winter 2021,W21,2021,B2B -> Operations,B2B,Operations
23541,mayan,Winter 2021,W21,2021,B2B -> Operations,B2B,Operations
22885,measured,Winter 2021,W21,2021,Healthcare -> Consumer Health and Wellness,Healthcare,Consumer Health and Wellness
22663,medme-health,Winter 2021,W21,2021,Healthcare -> Healthcare IT,Healthcare,Healthcare IT
23518,meetanyway,Winter 2021,W21,2021,B2B -> Operations,B2B,Operations
23240,mendel,Winter 2021,W21,2021,Fintech -> Banking and Exchange,Fintech,Banking and Exchange
23642,meru-com,Winter 2021,W21,2021,B2B -> Retail,B2B,Retail
23437,mezli,Winter 2021,W21,2021,Consumer -> Food and Beverage,Consumer,Food and Beverage
23050,milk-video,Winter 2021,W21,2021,B2B -> Marketing,B2B,Marketing
23521,mindportal,Winter 2021,W21,2021,Consumer -> Consumer Electronics,Consumer,Consumer Electronics
22855,mindee,Winter 2021,W21,2021,"B2B -> Engineering, Product and Design",B2B,"Engineering, Product and Design"
22676,modernloop,Winter 2021,W21,2021,B2B -> Recruiting and Talent,B2B,Recruiting and Talent
22700,moichor,Winter 2021,W21,2021,Healthcare -> Diagnostics,Healthcare,Diagnostics
23265,mono,Winter 2021,W21,2021,Fintech -> Banking and Exchange,Fintech,Banking and Exchange
23304,moonshot-brands,Winter 2021,W21,2021,Fintech -> Asset Management,Fintech,Asset Management
23472,moonvalley,Winter 2021,W21,2021,Consumer -> Virtual and Augmented Reality,Consumer,Virtual and Augmented Reality
23261,morada-uno,Winter 2021,W21,2021,Real Estate and Construction -> Housing and Real Estate,Real Estate and Construction,Housing and Real Estate
23202,moxion-power-co,Winter 2021,W21,2021,Industrials -> Energy,Industrials,Energy
23568,my-nextderma,Winter 2021,W21,2021,Healthcare -> Consumer Health and Wellness,Healthcare,Consumer Health and Wellness
23430,mystic,Winter 2021,W21,2021,B2B -> Infrastructure,B2B,Infrastructure
23185,mythia,Winter 2021,W21,2021,Fintech,Fintech,
23656,nano-technologies,Winter 2021,W21,2021,Fintech -> Credit and Lending,Fintech,Credit and Lending
23431,navattic,Winter 2021,W21,2021,B2B -> Marketing,B2B,Marketing
22600,neverland,Winter 2021,W21,2021,Consumer -> Home and Personal,Consumer,Home and Personal
23632,nextpay,Winter 2021,W21,2021,Fintech -> Banking and Exchange,Fintech,Banking and Exchange
23000,nimbus-3,Winter 2021,W21,2021,B2B -> Infrastructure,B2B,Infrastructure
22840,nirva,Winter 2021,W21,2021,Healthcare -> Healthcare Services,Healthcare,Healthcare Services
22975,noble,Winter 2021,W21,2021,B2B -> Finance and Accounting,B2B,Finance and Accounting
22699,nourish,Winter 2021,W21,2021,Healthcare,Healthcare,
22780,noya,Winter 2021,W21,2021,Industrials -> Climate,Industrials,Climate
23522,nuntius-therapeutics,Winter 2021,W21,2021,Healthcare -> Therapeutics,Healthcare,Therapeutics
22698,observa,Winter 2021,W21,2021,B2B -> Security,B2B,Security
22797,octifi,Winter 2021,W21,2021,Fintech -> Consumer Finance,Fintech,Consumer Finance
23366,olaclick,Winter 2021,W21,2021,Consumer -> Food and Beverage,Consumer,Food and Beverage
23634,ollama,Winter 2021,W21,2021,B2B -> Infrastructure,B2B,Infrastructure
23238,ontop,Winter 2021,W21,2021,B2B,B2B,
22986,opencode,Winter 2021,W21,2021,B2B -> Infrastructure,B2B,Infrastructure
22843,orbillion-bio,Winter 2021,W21,2021,Industrials -> Climate,Industrials,Climate
23461,outfit,Winter 2021,W21,2021,Consumer -> Home and Personal,Consumer,Home and Personal
23277,pagaloop,Winter 2021,W21,2021,Fintech -> Payments,Fintech,Payments
22861,pangea-app,Winter 2021,W21,2021,B2B -> Recruiting and Talent,B2B,Recruiting and Talent
22832,parsagon,Winter 2021,W21,2021,B2B,B2B,
22985,partnered-2,Winter 2021,W21,2021,B2B -> Sales,B2B,Sales
22672,pensil,Winter 2021,W21,2021,"B2B -> Engineering, Product and Design",B2B,"Engineering, Product and Design"
22806,per-diem,Winter 2021,W21,2021,B2B -> Marketing,B2B,Marketing
22722,pesto,Winter 2021,W21,2021,Fintech -> Credit and Lending,Fintech,Credit and Lending
23162,phoenix,Winter 2021,W21,2021,Healthcare -> Consumer Health and Wellness,Healthcare,Consumer Health and Wellness
22681,pibit-ai,Winter 2021,W21,2021,Fintech -> Insurance,Fintech,Insurance
22750,pingpong,Winter 2021,W21,2021,B2B -> Productivity,B2B,Productivity
23610,pipebio,Winter 2021,W21,2021,Healthcare -> Therapeutics,Healthcare,Therapeutics
23041,platypus,Winter 2021,W21,2021,B2B,B2B,
22652,playmaker,Winter 2021,W21,2021,Consumer -> Content,Consumer,Content
23414,poliglota,Winter 2021,W21,2021,Education,Education,
22878,popl,Winter 2021,W21,2021,B2B,B2B,
22670,powerrouter,Winter 2021,W21,2021,B2B -> Sales,B2B,Sales
22738,pragmatic-leaders-ankai-inc,Winter 2021,W21,2021,B2B,B2B,
23239,preki,Winter 2021,W21,2021,B2B,B2B,
23278,prendea,Winter 2021,W21,2021,Education,Education,
22772,prequel,Winter 2021,W21,2021,B2B -> Analytics,B2B,Analytics
22867,procoto,Winter 2021,W21,2021,B2B -> Finance and Accounting,B2B,Finance and Accounting
22827,promoted,Winter 2021,W21,2021,B2B,B2B,
23398,prospa,Winter 2021,W21,2021,Fintech -> Banking and Exchange,Fintech,Banking and Exchange
22830,pry-financials,Winter 2021,W21,2021,B2B -> Finance and Accounting,B2B,Finance and Accounting
22883,purpose-finance,Winter 2021,W21,2021,Fintech -> Banking and Exchange,Fintech,Banking and Exchange
23229,pyroscope,Winter 2021,W21,2021,"B2B -> Engineering, Product and Design",B2B,"Engineering, Product and Design"
22661,quadrant-eye,Winter 2021,W21,2021,Healthcare -> Medical Devices,Healthcare,Medical Devices
22850,quadrant-health,Winter 2021,W21,2021,Healthcare -> Healthcare IT,Healthcare,Healthcare IT
22701,queenly,Winter 2021,W21,2021,Consumer -> Apparel and Cosmetics,Consumer,Apparel and Cosmetics
22995,quicknode,Winter 2021,W21,2021,B2B -> Infrastructure,B2B,Infrastructure
22990,quotabook,Winter 2021,W21,2021,B2B -> Finance and Accounting,B2B,Finance and Accounting
22887,r2,Winter 2021,W21,2021,Fintech -> Credit and Lending,Fintech,Credit and Lending
23369,regent,Winter 2021,W21,2021,Industrials -> Aviation and Space,Industrials,Aviation and Space
23156,roger,Winter 2021,W21,2021,B2B,B2B,
23105,reclaim-protocol,Winter 2021,W21,2021,B2B -> Recruiting and Talent,B2B,Recruiting and Talent
23432,recover,Winter 2021,W21,2021,Healthcare -> Consumer Health and Wellness,Healthcare,Consumer Health and Wellness
23146,redcliffe-lifetech,Winter 2021,W21,2021,Healthcare -> Diagnostics,Healthcare,Diagnostics
23317,rejoy-health,Winter 2021,W21,2021,Healthcare -> Healthcare IT,Healthcare,Healthcare IT
22905,remora,Winter 2021,W21,2021,Industrials -> Climate,Industrials,Climate
23611,reshape-biotech,Winter 2021,W21,2021,Healthcare -> Industrial Bio,Healthcare,Industrial Bio
22996,resquared,Winter 2021,W21,2021,B2B -> Marketing,B2B,Marketing
23399,rethoric,Winter 2021,W21,2021,B2B -> Marketing,B2B,Marketing
22884,rinsed,Winter 2021,W21,2021,B2B,B2B,
22660,rocketsdr,Winter 2021,W21,2021,B2B -> Sales,B2B,Sales
22875,roin-technologies,Winter 2021,W21,2021,Industrials -> Manufacturing and Robotics,Industrials,Manufacturing and Robotics
23459,routine,Winter 2021,W21,2021,B2B -> Productivity,B2B,Productivity
23127,rulebricks,Winter 2021,W21,2021,B2B -> Operations,B2B,Operations
22591,runway,Winter 2021,W21,2021,"B2B -> Engineering, Product and Design",B2B,"Engineering, Product and Design"
22664,sbx-robotics,Winter 2021,W21,2021,"B2B -> Engineering, Product and Design",B2B,"Engineering, Product and Design"
23139,seer,Winter 2021,W21,2021,B2B -> Retail,B2B,Retail
22743,segments-ai,Winter 2021,W21,2021,"B2B -> Engineering, Product and Design",B2B,"Engineering, Product and Design"
22957,sendbox,Winter 2021,W21,2021,B2B -> Supply Chain and Logistics,B2B,Supply Chain and Logistics
22617,serna-bio,Winter 2021,W21,2021,Healthcare -> Therapeutics,Healthcare,Therapeutics
23599,shepherd,Winter 2021,W21,2021,Fintech -> Insurance,Fintech,Insurance
22671,signoz,Winter 2021,W21,2021,B2B -> Infrastructure,B2B,Infrastructure
23056,simplify,Winter 2021,W21,2021,Consumer -> Job and Career Services,Consumer,Job and Career Services
22776,sivo,Winter 2021,W21,2021,Fintech -> Credit and Lending,Fintech,Credit and Lending
22696,slashauth,Winter 2021,W21,2021,B2B -> Infrastructure,B2B,Infrastructure
22720,smartcuts,Winter 2021,W21,2021,B2B -> Productivity,B2B,Productivity
23036,solo,Winter 2021,W21,2021,Fintech -> Consumer Finance,Fintech,Consumer Finance
23421,somos,Winter 2021,W21,2021,Real Estate and Construction -> Housing and Real Estate,Real Estate and Construction,Housing and Real Estate
23226,soraban,Winter 2021,W21,2021,B2B -> Finance and Accounting,B2B,Finance and Accounting
23368,spline,Winter 2021,W21,2021,B2B -> Productivity,B2B,Productivity
22666,spokn,Winter 2021,W21,2021,B2B -> Operations,B2B,Operations
22713,spruceid,Winter 2021,W21,2021,Government,Government,
22669,stacksi,Winter 2021,W21,2021,B2B -> Security,B2B,Security
23236,stayflexi,Winter 2021,W21,2021,B2B,B2B,
23048,stoke-space,Winter 2021,W21,2021,Industrials -> Aviation and Space,Industrials,Aviation and Space
23063,striga,Winter 2021,W21,2021,Fintech -> Payments,Fintech,Payments
22785,supadock,Winter 2021,W21,2021,B2B -> Supply Chain and Logistics,B2B,Supply Chain and Logistics
23355,svix,Winter 2021,W21,2021,B2B -> Infrastructure,B2B,Infrastructure
23324,swadesi-way,Winter 2021,W21,2021,Consumer -> Food and Beverage,Consumer,Food and Beverage
23598,swiftsku,Winter 2021,W21,2021,B2B -> Retail,B2B,Retail
22662,taloflow,Winter 2021,W21,2021,"B2B -> Engineering, Product and Design",B2B,"Engineering, Product and Design"
23075,taofi,Winter 2021,W21,2021,Fintech,Fintech,
23084,taste,Winter 2021,W21,2021,Consumer -> Food and Beverage,Consumer,Food and Beverage
23008,techbiz,Winter 2021,W21,2021,B2B,B2B,
22782,terapify,Winter 2021,W21,2021,Healthcare -> Consumer Health and Wellness,Healthcare,Consumer Health and Wellness
23612,terra-api,Winter 2021,W21,2021,"B2B -> Engineering, Product and Design",B2B,"Engineering, Product and Design"
22958,text-blaze,Winter 2021,W21,2021,B2B -> Productivity,B2B,Productivity
22624,the-third-place,Winter 2021,W21,2021,B2B -> Retail,B2B,Retail
23053,tilt-2,Winter 2021,W21,2021,Consumer,Consumer,
23064,tint,Winter 2021,W21,2021,Fintech -> Insurance,Fintech,Insurance
22854,topkey,Winter 2021,W21,2021,B2B -> Finance and Accounting,B2B,Finance and Accounting
22991,topline-pro,Winter 2021,W21,2021,B2B -> Operations,B2B,Operations
23017,tractian,Winter 2021,W21,2021,Industrials,Industrials,
23357,treinta,Winter 2021,W21,2021,B2B -> Productivity,B2B,Productivity
22952,trela,Winter 2021,W21,2021,Consumer,Consumer,
22968,trendpop,Winter 2021,W21,2021,B2B -> Analytics,B2B,Analytics
22618,trestle-biotherapeutics,Winter 2021,W21,2021,Healthcare -> Industrial Bio,Healthcare,Industrial Bio
23539,triomics,Winter 2021,W21,2021,Healthcare -> Healthcare Services,Healthcare,Healthcare Services
22704,triplit,Winter 2021,W21,2021,"B2B -> Engineering, Product and Design",B2B,"Engineering, Product and Design"
22880,true3d,Winter 2021,W21,2021,B2B -> Infrastructure,B2B,Infrastructure
22715,tupelo,Winter 2021,W21,2021,B2B -> Finance and Accounting,B2B,Finance and Accounting
23457,turing-college,Winter 2021,W21,2021,Education,Education,
23429,upchieve,Winter 2021,W21,2021,Education,Education,
22853,udhaar-app,Winter 2021,W21,2021,Fintech -> Payments,Fintech,Payments
23370,uiflow,Winter 2021,W21,2021,"B2B -> Engineering, Product and Design",B2B,"Engineering, Product and Design"
22675,unfurl,Winter 2021,W21,2021,Consumer -> Food and Beverage,Consumer,Food and Beverage
23054,unschool,Winter 2021,W21,2021,Education,Education,
22764,valink-therapeutics,Winter 2021,W21,2021,Healthcare -> Therapeutics,Healthcare,Therapeutics
22835,vapi,Winter 2021,W21,2021,"B2B -> Engineering, Product and Design",B2B,"Engineering, Product and Design"
22970,veera-health,Winter 2021,W21,2021,Healthcare -> Consumer Health and Wellness,Healthcare,Consumer Health and Wellness
23443,vendease,Winter 2021,W21,2021,B2B -> Supply Chain and Logistics,B2B,Supply Chain and Logistics
23191,venu-ai,Winter 2021,W21,2021,B2B,B2B,
22902,verak,Winter 2021,W21,2021,Fintech -> Insurance,Fintech,Insurance
22790,version-story-compare,Winter 2021,W21,2021,B2B -> Legal,B2B,Legal
23416,voosh,Winter 2021,W21,2021,B2B,B2B,
23452,wasp,Winter 2021,W21,2021,"B2B -> Engineering, Product and Design",B2B,"Engineering, Product and Design"
23530,waydev,Winter 2021,W21,2021,B2B -> Productivity,B2B,Productivity
22665,waypoint,Winter 2021,W21,2021,B2B,B2B,
22533,webiny,Winter 2021,W21,2021,"B2B -> Engineering, Product and Design",B2B,"Engineering, Product and Design"
22719,weekday,Winter 2021,W21,2021,B2B -> Recruiting and Talent,B2B,Recruiting and Talent
23167,worksphere,Winter 2021,W21,2021,B2B -> Operations,B2B,Operations
22707,wyndly,Winter 2021,W21,2021,Healthcare -> Consumer Health and Wellness,Healthcare,Consumer Health and Wellness
22783,yourquote,Winter 2021,W21,2021,Consumer -> Content,Consumer,Content
23260,z1,Winter 2021,W21,2021,Fintech -> Consumer Finance,Fintech,Consumer Finance
23074,zoko,Winter 2021,W21,2021,B2B -> Retail,B2B,Retail
23268,zealth,Winter 2021,W21,2021,Healthcare -> Healthcare IT,Healthcare,Healthcare IT
22721,zepto,Winter 2021,W21,2021,Consumer -> Food and Beverage,Consumer,Food and Beverage
23271,ziina,Winter 2021,W21,2021,Fintech -> Consumer Finance,Fintech,Consumer Finance
22674,arnata,Winter 2021,W21,2021,B2B -> Supply Chain and Logistics,B2B,Supply Chain and Logistics
22632,authzed,Winter 2021,W21,2021,"B2B -> Engineering, Product and Design",B2B,"Engineering, Product and Design"
23462,boitas-com,Winter 2021,W21,2021,B2B -> Retail,B2B,Retail
23042,clicoh,Winter 2021,W21,2021,B2B -> Supply Chain and Logistics,B2B,Supply Chain and Logistics
22608,cloud-humans,Winter 2021,W21,2021,B2B -> Operations,B2B,Operations
23640,eqtble,Winter 2021,W21,2021,B2B -> Human Resources,B2B,Human Resources
22625,gaiia,Winter 2021,W21,2021,B2B -> Operations,B2B,Operations
23460,hoop-dev,Winter 2021,W21,2021,"B2B -> Engineering, Product and Design",B2B,"Engineering, Product and Design"
23318,inbalance,Winter 2021,W21,2021,Industrials -> Energy,Industrials,Energy
22773,nohq,Winter 2021,W21,2021,B2B -> Human Resources,B2B,Human Resources
23413,peoplecq,Winter 2021,W21,2021,Fintech -> Asset Management,Fintech,Asset Management
23073,unsurvey,Winter 2021,W21,2021,"B2B -> Engineering, Product and Design",B2B,"Engineering, Product and Design"
22856,weweb-io,Winter 2021,W21,2021,B2B -> Operations,B2B,Operations
22890,zingbus,Winter 2021,W21,2021,Consumer -> Transportation Services,Consumer,Transportation Services
24256,ai-tech-packs,Summer 2021,S21,2021,B2B -> Supply Chain and Logistics,B2B,Supply Chain and Logistics
23884,aoa-dx-inc,Summer 2021,S21,2021,Healthcare -> Diagnostics,Healthcare,Diagnostics
23988,arq,Summer 2021,S21,2021,Fintech,Fintech,
24726,abatable,Summer 2021,S21,2021,Industrials -> Climate,Industrials,Climate
24147,abbot,Summer 2021,S21,2021,B2B -> Sales,B2B,Sales
24685,abhi,Summer 2021,S21,2021,Fintech -> Credit and Lending,Fintech,Credit and Lending
23958,abstra,Summer 2021,S21,2021,"B2B -> Engineering, Product and Design",B2B,"Engineering, Product and Design"
24505,adaptyv,Summer 2021,S21,2021,Healthcare -> Drug Discovery and Delivery,Healthcare,Drug Discovery and Delivery
24571,adni,Summer 2021,S21,2021,Healthcare,Healthcare,
24819,adravision,Summer 2021,S21,2021,Healthcare -> Healthcare IT,Healthcare,Healthcare IT
24086,advantage-club,Summer 2021,S21,2021,B2B -> Human Resources,B2B,Human Resources
24587,aer,Summer 2021,S21,2021,Fintech,Fintech,
24040,affogato-ai,Summer 2021,S21,2021,"B2B -> Engineering, Product and Design",B2B,"Engineering, Product and Design"
23845,agape,Summer 2021,S21,2021,Healthcare -> Consumer Health and Wellness,Healthcare,Consumer Health and Wellness
24871,ahazou,Summer 2021,S21,2021,B2B -> Marketing,B2B,Marketing
24042,akudo,Summer 2021,S21,2021,Fintech -> Payments,Fintech,Payments
24525,akute-health,Summer 2021,S21,2021,Healthcare -> Healthcare IT,Healthcare,Healthcare IT
24428,aleph,Summer 2021,S21,2021,B2B -> Finance and Accounting,B2B,Finance and Accounting
24422,aleph-solutions-alephee,Summer 2021,S21,2021,B2B -> Retail,B2B,Retail
24094,algouniversity,Summer 2021,S21,2021,Education,Education,
24229,algoviral,Summer 2021,S21,2021,B2B -> Marketing,B2B,Marketing
24600,algofi,Summer 2021,S21,2021,Fintech,Fintech,
24883,amenli,Summer 2021,S21,2021,Fintech -> Insurance,Fintech,Insurance
24141,anakin,Summer 2021,S21,2021,B2B -> Analytics,B2B,Analytics
24034,ananya-health,Summer 2021,S21,2021,Healthcare -> Medical Devices,Healthcare,Medical Devices
24549,ancana,Summer 2021,S21,2021,"Consumer -> Travel, Leisure and Tourism",Consumer,"Travel, Leisure and Tourism"
24343,apollo-2,Summer 2021,S21,2021,Fintech -> Consumer Finance,Fintech,Consumer Finance
24096,appx,Summer 2021,S21,2021,Education,Education,
24194,aqua,Summer 2021,S21,2021,Fintech,Fintech,
23968,archbee,Summer 2021,S21,2021,"B2B -> Engineering, Product and Design",B2B,"Engineering, Product and Design"
24398,arengu,Summer 2021,S21,2021,B2B,B2B,
24349,arrow,Summer 2021,S21,2021,Fintech -> Payments,Fintech,Payments
23943,artillery,Summer 2021,S21,2021,B2B -> Infrastructure,B2B,Infrastructure
24450,astek-diagnostics-inc,Summer 2021,S21,2021,Healthcare -> Diagnostics,Healthcare,Diagnostics
24746,atlas,Summer 2021,S21,2021,B2B,B2B,
24055,atmana,Summer 2021,S21,2021,Consumer,Consumer,
24841,aviator,Summer 2021,S21,2021,"B2B -> Engineering, Product and Design",B2B,"Engineering, Product and Design"
24170,awesomic,Summer 2021,S21,2021,B2B,B2B,
24082,bluumbio,Summer 2021,S21,2021,Healthcare -> Industrial Bio,Healthcare,Industrial Bio
23969,baraka,Summer 2021,S21,2021,Fintech -> Asset Management,Fintech,Asset Management
24666,baubap,Summer 2021,S21,2021,Fintech -> Credit and Lending,Fintech,Credit and Lending
24913,beau,Summer 2021,S21,2021,B2B -> Operations,B2B,Operations
23939,beeper,Summer 2021,S21,2021,Consumer,Consumer,
24799,birdie,Summer 2021,S21,2021,B2B -> Sales,B2B,Sales
24140,bite-ninja,Summer 2021,S21,2021,B2B,B2B,
24818,blackoaktv,Summer 2021,S21,2021,Consumer -> Content,Consumer,Content
23820,blixo,Summer 2021,S21,2021,B2B -> Finance and Accounting,B2B,Finance and Accounting
24065,boldvoice,Summer 2021,S21,2021,Consumer,Consumer,
24543,bolster,Summer 2021,S21,2021,Real Estate and Construction -> Construction,Real Estate and Construction,Construction
24250,breadcrumbs-io,Summer 2021,S21,2021,B2B -> Sales,B2B,Sales
24244,bree,Summer 2021,S21,2021,Fintech -> Consumer Finance,Fintech,Consumer Finance
24165,brite,Summer 2021,S21,2021,B2B -> Human Resources,B2B,Human Resources
24589,buoyant-aero,Summer 2021,S21,2021,Industrials -> Drones,Industrials,Drones
24280,buro-de-ingresos,Summer 2021,S21,2021,B2B -> Infrastructure,B2B,Infrastructure
24025,buzzle,Summer 2021,S21,2021,"B2B -> Engineering, Product and Design",B2B,"Engineering, Product and Design"
24701,byte-kitchen,Summer 2021,S21,2021,Consumer -> Food and Beverage,Consumer,Food and Beverage
24817,bytebot,Summer 2021,S21,2021,"B2B -> Engineering, Product and Design",B2B,"Engineering, Product and Design"
24129,cabal,Summer 2021,S21,2021,B2B,B2B,
24867,cache,Summer 2021,S21,2021,Consumer -> Food and Beverage,Consumer,Food and Beverage
24857,cafe,Summer 2021,S21,2021,B2B -> Human Resources,B2B,Human Resources
24622,caire-health,Summer 2021,S21,2021,Healthcare -> Diagnostics,Healthcare,Diagnostics
24762,canopi,Summer 2021,S21,2021,B2B,B2B,
23960,carbonfact,Summer 2021,S21,2021,Industrials -> Climate,Industrials,Climate
25047,careerist,Summer 2021,S21,2021,Education,Education,
24354,cartpanda,Summer 2021,S21,2021,B2B -> Sales,B2B,Sales
24008,catena-biosciences,Summer 2021,S21,2021,Healthcare -> Therapeutics,Healthcare,Therapeutics
24737,cellchorus,Summer 2021,S21,2021,Healthcare -> Drug Discovery and Delivery,Healthcare,Drug Discovery and Delivery
24303,cero,Summer 2021,S21,2021,B2B,B2B,
24873,charge-robotics,Summer 2021,S21,2021,Industrials -> Manufacturing and Robotics,Industrials,Manufacturing and Robotics
24563,chari,Summer 2021,S21,2021,Consumer -> Food and Beverage,Consumer,Food and Beverage
24884,chipax,Summer 2021,S21,2021,B2B -> Finance and Accounting,B2B,Finance and Accounting
24275,cloudanix,Summer 2021,S21,2021,B2B -> Security,B2B,Security
24348,cloudthread,Summer 2021,S21,2021,B2B -> Analytics,B2B,Analytics
24391,coloop,Summer 2021,S21,2021,B2B,B2B,
24538,coast,Summer 2021,S21,2021,B2B,B2B,
23777,cococart,Summer 2021,S21,2021,B2B,B2B,
24374,coinrule,Summer 2021,S21,2021,Fintech,Fintech,
24370,comet-health,Summer 2021,S21,2021,Healthcare -> Consumer Health and Wellness,Healthcare,Consumer Health and Wellness
24163,commery,Summer 2021,S21,2021,Real Estate and Construction -> Housing and Real Estate,Real Estate and Construction,Housing and Real Estate
23971,concord-materials,Summer 2021,S21,2021,Real Estate and Construction -> Construction,Real Estate and Construction,Construction
24064,confido,Summer 2021,S21,2021,B2B -> Finance and Accounting,B2B,Finance and Accounting
23862,contalink,Summer 2021,S21,2021,B2B -> Finance and Accounting,B2B,Finance and Accounting
24725,contraforce,Summer 2021,S21,2021,B2B -> Security,B2B,Security
24045,coulomb-ai,Summer 2021,S21,2021,B2B,B2B,
24257,covie,Summer 2021,S21,2021,Fintech -> Insurance,Fintech,Insurance
24773,crew,Summer 2021,S21,2021,B2B -> Recruiting and Talent,B2B,Recruiting and Talent
24485,cumbuca,Summer 2021,S21,2021,Fintech,Fintech,
23956,customily,Summer 2021,S21,2021,"B2B -> Engineering, Product and Design",B2B,"Engineering, Product and Design"
24153,dailybot,Summer 2021,S21,2021,B2B -> Productivity,B2B,Productivity
24846,datlo,Summer 2021,S21,2021,B2B -> Analytics,B2B,Analytics
24049,deed,Summer 2021,S21,2021,B2B -> Human Resources,B2B,Human Resources
23955,deskimo,Summer 2021,S21,2021,B2B -> Office Management,B2B,Office Management
24291,digibuild,Summer 2021,S21,2021,Real Estate and Construction -> Construction,Real Estate and Construction,Construction
24445,digistain,Summer 2021,S21,2021,Healthcare -> Diagnostics,Healthcare,Diagnostics
24605,dime,Summer 2021,S21,2021,"B2B -> Engineering, Product and Design",B2B,"Engineering, Product and Design"
24557,dots-2,Summer 2021,S21,2021,Fintech -> Payments,Fintech,Payments
24132,doublehq,Summer 2021,S21,2021,B2B -> Finance and Accounting,B2B,Finance and Accounting
24091,echoes-hq,Summer 2021,S21,2021,"B2B -> Engineering, Product and Design",B2B,"Engineering, Product and Design"
24414,encuadrado,Summer 2021,S21,2021,B2B -> Productivity,B2B,Productivity
24499,endla,Summer 2021,S21,2021,"B2B -> Engineering, Product and Design",B2B,"Engineering, Product and Design"
24258,enerjazz,Summer 2021,S21,2021,Industrials -> Climate,Industrials,Climate
24270,enso,Summer 2021,S21,2021,B2B -> Analytics,B2B,Analytics
24138,epinoma,Summer 2021,S21,2021,Healthcare,Healthcare,
23817,epsilon3-inc,Summer 2021,S21,2021,B2B -> Operations,B2B,Operations
24875,equipt-health,Summer 2021,S21,2021,Healthcare,Healthcare,
24827,evidence,Summer 2021,S21,2021,B2B -> Analytics,B2B,Analytics
24484,evidently-ai,Summer 2021,S21,2021,B2B -> Analytics,B2B,Analytics
24893,exa,Summer 2021,S21,2021,B2B,B2B,
24550,examedi,Summer 2021,S21,2021,Healthcare,Healthcare,
24380,fastfarma,Summer 2021,S21,2021,Healthcare -> Consumer Health and Wellness,Healthcare,Consumer Health and Wellness
24599,female-invest,Summer 2021,S21,2021,Fintech,Fintech,
24598,ferveret-inc,Summer 2021,S21,2021,Industrials -> Energy,Industrials,Energy
24629,filadd,Summer 2021,S21,2021,Education,Education,
24597,filta,Summer 2021,S21,2021,Consumer,Consumer,
23986,fingo-africa,Summer 2021,S21,2021,Fintech,Fintech,
24842,firstignite,Summer 2021,S21,2021,B2B,B2B,
23985,firstquadrant,Summer 2021,S21,2021,B2B -> Sales,B2B,Sales
24169,fitia,Summer 2021,S21,2021,Healthcare -> Consumer Health and Wellness,Healthcare,Consumer Health and Wellness
24530,float,Summer 2021,S21,2021,Fintech,Fintech,
24540,floatpays-inc,Summer 2021,S21,2021,Fintech,Fintech,
23972,flow-club,Summer 2021,S21,2021,B2B -> Productivity,B2B,Productivity
24026,flowbo-inc,Summer 2021,S21,2021,Fintech -> Consumer Finance,Fintech,Consumer Finance
24475,flowly,Summer 2021,S21,2021,Healthcare -> Consumer Health and Wellness,Healthcare,Consumer Health and Wellness
24158,forage-2,Summer 2021,S21,2021,Fintech -> Payments,Fintech,Payments
24408,forage-mail,Summer 2021,S21,2021,Consumer,Consumer,
24379,formance,Summer 2021,S21,2021,B2B,B2B,
24446,freterium,Summer 2021,S21,2021,B2B -> Supply Chain and Logistics,B2B,Supply Chain and Logistics
24038,frontpage,Summer 2021,S21,2021,Fintech -> Asset Management,Fintech,Asset Management
24830,gamerpay,Summer 2021,S21,2021,Consumer -> Gaming,Consumer,Gaming
24574,genomelink,Summer 2021,S21,2021,Healthcare -> Consumer Health and Wellness,Healthcare,Consumer Health and Wellness
24575,genuity,Summer 2021,S21,2021,B2B,B2B,
24345,geostar,Summer 2021,S21,2021,B2B,B2B,
24390,getdot,Summer 2021,S21,2021,B2B -> Analytics,B2B,Analytics
24264,glitzi,Summer 2021,S21,2021,Consumer -> Home and Personal,Consumer,Home and Personal
23963,gobillion,Summer 2021,S21,2021,Consumer,Consumer,
24005,goodkind,Summer 2021,S21,2021,B2B -> Sales,B2B,Sales
24252,govly,Summer 2021,S21,2021,Government,Government,
24868,heo-robotics,Summer 2021,S21,2021,Industrials -> Aviation and Space,Industrials,Aviation and Space
24467,harmonic-discovery,Summer 2021,S21,2021,Healthcare -> Drug Discovery and Delivery,Healthcare,Drug Discovery and Delivery
23842,hedgehog,Summer 2021,S21,2021,Fintech,Fintech,
24488,heimdal,Summer 2021,S21,2021,Industrials -> Climate,Industrials,Climate
24460,hera,Summer 2021,S21,2021,B2B -> Productivity,B2B,Productivity
24489,heycharge,Summer 2021,S21,2021,Industrials -> Energy,Industrials,Energy
24197,quid,Summer 2021,S21,2021,B2B -> Marketing,B2B,Marketing
24756,hirebolt,Summer 2021,S21,2021,B2B -> Human Resources,B2B,Human Resources
24539,hitpay,Summer 2021,S21,2021,Fintech -> Payments,Fintech,Payments
23953,hive-health,Summer 2021,S21,2021,Healthcare,Healthcare,
24586,hudson-labs,Summer 2021,S21,2021,B2B -> Finance and Accounting,B2B,Finance and Accounting
24601,humane-genomics,Summer 2021,S21,2021,Healthcare -> Therapeutics,Healthcare,Therapeutics
22763,hyper,Summer 2021,S21,2021,Fintech -> Payments,Fintech,Payments
24177,hypertrader,Summer 2021,S21,2021,Fintech,Fintech,
24206,hyperbrowser,Summer 2021,S21,2021,B2B -> Security,B2B,Security
24351,hypercontext,Summer 2021,S21,2021,B2B -> Productivity,B2B,Productivity
24150,hypercore,Summer 2021,S21,2021,Fintech -> Credit and Lending,Fintech,Credit and Lending
23727,hyperseed,Summer 2021,S21,2021,B2B -> Finance and Accounting,B2B,Finance and Accounting
24615,infer,Summer 2021,S21,2021,B2B -> Sales,B2B,Sales
24572,infina,Summer 2021,S21,2021,Fintech,Fintech,
24373,infiuss-health,Summer 2021,S21,2021,B2B,B2B,
24443,inflow,Summer 2021,S21,2021,Healthcare -> Therapeutics,Healthcare,Therapeutics
24143,instakin,Summer 2021,S21,2021,Fintech -> Consumer Finance,Fintech,Consumer Finance
24079,instacrops,Summer 2021,S21,2021,Industrials -> Agriculture,Industrials,Agriculture
24353,intellect,Summer 2021,S21,2021,Healthcare -> Healthcare Services,Healthcare,Healthcare Services
23819,inversion-space,Summer 2021,S21,2021,Industrials -> Aviation and Space,Industrials,Aviation and Space
24266,ivella,Summer 2021,S21,2021,Fintech -> Consumer Finance,Fintech,Consumer Finance
24164,ivy-homes,Summer 2021,S21,2021,Real Estate and Construction -> Housing and Real Estate,Real Estate and Construction,Housing and Real Estate
24934,jabu,Summer 2021,S21,2021,Fintech -> Payments,Fintech,Payments
23973,jestor,Summer 2021,S21,2021,B2B -> Productivity,B2B,Productivity
24205,jovian,Summer 2021,S21,2021,Education,Education,
23970,jupe,Summer 2021,S21,2021,Real Estate and Construction -> Housing and Real Estate,Real Estate and Construction,Housing and Real Estate
24426,kaipod-learning,Summer 2021,S21,2021,Education,Education,
24039,kalam-labs,Summer 2021,S21,2021,Industrials -> Drones,Industrials,Drones
24649,kapacity-io,Summer 2021,S21,2021,Industrials -> Energy,Industrials,Energy
24006,karbon-card,Summer 2021,S21,2021,Fintech -> Credit and Lending,Fintech,Credit and Lending
24192,kaya,Summer 2021,S21,2021,B2B -> Marketing,B2B,Marketing
24207,keyri,Summer 2021,S21,2021,B2B -> Security,B2B,Security
24167,kindamagical,Summer 2021,S21,2021,B2B,B2B,
24628,kiwi-biosciences,Summer 2021,S21,2021,Healthcare -> Consumer Health and Wellness,Healthcare,Consumer Health and Wellness
24424,kodda,Summer 2021,S21,2021,Healthcare -> Consumer Health and Wellness,Healthcare,Consumer Health and Wellness
24181,kodex,Summer 2021,S21,2021,B2B -> Legal,B2B,Legal
24162,konta-com,Summer 2021,S21,2021,B2B -> Finance and Accounting,B2B,Finance and Accounting
24041,koshex,Summer 2021,S21,2021,Fintech -> Asset Management,Fintech,Asset Management
24415,kurios,Summer 2021,S21,2021,Education,Education,
24151,lago,Summer 2021,S21,2021,B2B -> Finance and Accounting,B2B,Finance and Accounting
24156,lariat-data,Summer 2021,S21,2021,"B2B -> Engineering, Product and Design",B2B,"Engineering, Product and Design"
24241,laudable,Summer 2021,S21,2021,B2B -> Marketing,B2B,Marketing
23946,legion-health,Summer 2021,S21,2021,Healthcare -> Consumer Health and Wellness,Healthcare,Consumer Health and Wellness
24372,lemfi,Summer 2021,S21,2021,Fintech -> Banking and Exchange,Fintech,Banking and Exchange
23974,level,Summer 2021,S21,2021,Fintech -> Credit and Lending,Fintech,Credit and Lending
24498,levo,Summer 2021,S21,2021,Fintech -> Asset Management,Fintech,Asset Management
24037,levro,Summer 2021,S21,2021,Fintech -> Banking and Exchange,Fintech,Banking and Exchange
24879,lightly,Summer 2021,S21,2021,"B2B -> Engineering, Product and Design",B2B,"Engineering, Product and Design"
24558,litnerd,Summer 2021,S21,2021,Education,Education,
24925,liv-labs-inc,Summer 2021,S21,2021,Healthcare -> Consumer Health and Wellness,Healthcare,Consumer Health and Wellness
23831,lobby,Summer 2021,S21,2021,Healthcare,Healthcare,
24190,locale,Summer 2021,S21,2021,Consumer -> Food and Beverage,Consumer,Food and Beverage
24355,lootrush,Summer 2021,S21,2021,Fintech,Fintech,
24624,luable,Summer 2021,S21,2021,Fintech -> Asset Management,Fintech,Asset Management
24822,luminate-medical,Summer 2021,S21,2021,Healthcare -> Medical Devices,Healthcare,Medical Devices
24369,mable,Summer 2021,S21,2021,Healthcare -> Medical Devices,Healthcare,Medical Devices
24551,mach9,Summer 2021,S21,2021,"B2B -> Engineering, Product and Design",B2B,"Engineering, Product and Design"
24136,madeats,Summer 2021,S21,2021,Consumer -> Food and Beverage,Consumer,Food and Beverage
24044,mailmodo,Summer 2021,S21,2021,B2B -> Marketing,B2B,Marketing
24466,makani-science,Summer 2021,S21,2021,Healthcare -> Medical Devices,Healthcare,Medical Devices
24640,malga,Summer 2021,S21,2021,Fintech -> Payments,Fintech,Payments
24382,malloc-inc,Summer 2021,S21,2021,B2B -> Security,B2B,Security
24176,maroo,Summer 2021,S21,2021,B2B -> Finance and Accounting,B2B,Finance and Accounting
23451,marqvision,Summer 2021,S21,2021,B2B,B2B,
24330,matidor-com,Summer 2021,S21,2021,B2B -> Productivity,B2B,Productivity
24528,matrubials-inc,Summer 2021,S21,2021,Healthcare -> Drug Discovery and Delivery,Healthcare,Drug Discovery and Delivery
24915,mecho-autotech,Summer 2021,S21,2021,Industrials -> Automotive,Industrials,Automotive
24820,medium-biosciences,Summer 2021,S21,2021,Healthcare -> Diagnostics,Healthcare,Diagnostics
24692,membo,Summer 2021,S21,2021,Consumer -> Food and Beverage,Consumer,Food and Beverage
23818,mentorcam,Summer 2021,S21,2021,Education,Education,
24509,mentum,Summer 2021,S21,2021,B2B -> Supply Chain and Logistics,B2B,Supply Chain and Logistics
24378,mergent,Summer 2021,S21,2021,"B2B -> Engineering, Product and Design",B2B,"Engineering, Product and Design"
24508,meticulous,Summer 2021,S21,2021,"B2B -> Engineering, Product and Design",B2B,"Engineering, Product and Design"
24185,micro-meat,Summer 2021,S21,2021,Industrials -> Agriculture,Industrials,Agriculture
24383,milky-way-ai,Summer 2021,S21,2021,B2B -> Retail,B2B,Retail
24346,mindfi,Summer 2021,S21,2021,B2B -> Human Resources,B2B,Human Resources
24779,mindmesh,Summer 2021,S21,2021,B2B -> Productivity,B2B,Productivity
23951,mindstate-design-labs,Summer 2021,S21,2021,Healthcare -> Drug Discovery and Delivery,Healthcare,Drug Discovery and Delivery
24461,mine,Summer 2021,S21,2021,Fintech -> Consumer Finance,Fintech,Consumer Finance
24395,miniloop,Summer 2021,S21,2021,B2B,B2B,
24405,mixr,Summer 2021,S21,2021,B2B -> Human Resources,B2B,Human Resources
24100,mobileboost,Summer 2021,S21,2021,"B2B -> Engineering, Product and Design",B2B,"Engineering, Product and Design"
24371,momo-medical,Summer 2021,S21,2021,Healthcare,Healthcare,
24269,monet,Summer 2021,S21,2021,Fintech,Fintech,
24248,monto,Summer 2021,S21,2021,Fintech,Fintech,
24700,moving-parts,Summer 2021,S21,2021,"B2B -> Engineering, Product and Design",B2B,"Engineering, Product and Design"
24627,nasdisc,Summer 2021,S21,2021,Consumer,Consumer,
24876,nash,Summer 2021,S21,2021,B2B -> Supply Chain and Logistics,B2B,Supply Chain and Logistics
24095,neodocs,Summer 2021,S21,2021,Healthcare,Healthcare,
24157,nexus,Summer 2021,S21,2021,Fintech -> Consumer Finance,Fintech,Consumer Finance
24084,nino-foods,Summer 2021,S21,2021,Consumer -> Food and Beverage,Consumer,Food and Beverage
24562,noloco,Summer 2021,S21,2021,"B2B -> Engineering, Product and Design",B2B,"Engineering, Product and Design"
24579,nomod,Summer 2021,S21,2021,Fintech -> Payments,Fintech,Payments
24653,novatr,Summer 2021,S21,2021,Education,Education,
24053,odwen,Summer 2021,S21,2021,B2B -> Supply Chain and Logistics,B2B,Supply Chain and Logistics
23947,odys-aviation,Summer 2021,S21,2021,Industrials -> Aviation and Space,Industrials,Aviation and Space
24254,okani,Summer 2021,S21,2021,Healthcare -> Consumer Health and Wellness,Healthcare,Consumer Health and Wellness
24404,oneschema,Summer 2021,S21,2021,B2B -> Operations,B2B,Operations
24843,oneshop,Summer 2021,S21,2021,Consumer,Consumer,
24302,onestopkitchen,Summer 2021,S21,2021,Consumer -> Food and Beverage,Consumer,Food and Beverage
24230,onebrief,Summer 2021,S21,2021,B2B,B2B,
24544,onfolk,Summer 2021,S21,2021,B2B -> Human Resources,B2B,Human Resources
24580,onsite-pro,Summer 2021,S21,2021,B2B,B2B,
23781,openlayer,Summer 2021,S21,2021,"B2B -> Engineering, Product and Design",B2B,"Engineering, Product and Design"
24774,opkit,Summer 2021,S21,2021,Healthcare -> Healthcare IT,Healthcare,Healthcare IT
24691,orderli,Summer 2021,S21,2021,B2B,B2B,
24727,output,Summer 2021,S21,2021,Healthcare -> Drug Discovery and Delivery,Healthcare,Drug Discovery and Delivery
24602,payze,Summer 2021,S21,2021,Fintech -> Payments,Fintech,Payments
24821,pactima,Summer 2021,S21,2021,B2B -> Legal,B2B,Legal
23780,palettehq,Summer 2021,S21,2021,B2B -> Sales,B2B,Sales
23776,palla,Summer 2021,S21,2021,Fintech -> Payments,Fintech,Payments
24682,pandai,Summer 2021,S21,2021,Education,Education,
24081,parallel-bio,Summer 2021,S21,2021,Healthcare -> Drug Discovery and Delivery,Healthcare,Drug Discovery and Delivery
24159,patterns,Summer 2021,S21,2021,B2B -> Analytics,B2B,Analytics
24874,payflow,Summer 2021,S21,2021,B2B -> Human Resources,B2B,Human Resources
24479,payhippo,Summer 2021,S21,2021,Fintech -> Credit and Lending,Fintech,Credit and Lending
24255,perfekto,Summer 2021,S21,2021,Consumer -> Food and Beverage,Consumer,Food and Beverage
24759,phykos,Summer 2021,S21,2021,Industrials -> Climate,Industrials,Climate
24882,pide-directo,Summer 2021,S21,2021,B2B -> Supply Chain and Logistics,B2B,Supply Chain and Logistics
24251,pideaky,Summer 2021,S21,2021,Fintech -> Payments,Fintech,Payments
24569,pillar,Summer 2021,S21,2021,Healthcare -> Healthcare Services,Healthcare,Healthcare Services
23950,pipekit,Summer 2021,S21,2021,B2B -> Infrastructure,B2B,Infrastructure
24188,pirouette-pharma,Summer 2021,S21,2021,Healthcare -> Drug Discovery and Delivery,Healthcare,Drug Discovery and Delivery
24754,plai,Summer 2021,S21,2021,B2B -> Marketing,B2B,Marketing
24260,planet-a-foods,Summer 2021,S21,2021,Consumer -> Food and Beverage,Consumer,Food and Beverage
24253,pluggy,Summer 2021,S21,2021,"B2B -> Engineering, Product and Design",B2B,"Engineering, Product and Design"
24477,portao-3,Summer 2021,S21,2021,B2B -> Finance and Accounting,B2B,Finance and Accounting
23860,positional,Summer 2021,S21,2021,B2B -> Marketing,B2B,Marketing
23977,potion,Summer 2021,S21,2021,B2B,B2B,
23783,promakhos-therapeutics,Summer 2021,S21,2021,Healthcare -> Therapeutics,Healthcare,Therapeutics
24046,propreturns,Summer 2021,S21,2021,Real Estate and Construction -> Housing and Real Estate,Real Estate and Construction,Housing and Real Estate
24823,protego,Summer 2021,S21,2021,B2B -> Security,B2B,Security
24444,protex-ai,Summer 2021,S21,2021,B2B -> Supply Chain and Logistics,B2B,Supply Chain and Logistics
24606,pylon,Summer 2021,S21,2021,B2B -> Infrastructure,B2B,Infrastructure
24858,quest,Summer 2021,S21,2021,Consumer -> Content,Consumer,Content
24139,reprosent,Summer 2021,S21,2021,Healthcare,Healthcare,
24130,rgi-labs,Summer 2021,S21,2021,"B2B -> Engineering, Product and Design",B2B,"Engineering, Product and Design"
24555,rmfg,Summer 2021,S21,2021,Industrials -> Manufacturing and Robotics,Industrials,Manufacturing and Robotics
24203,redbean,Summer 2021,S21,2021,Consumer,Consumer,
23832,reframe,Summer 2021,S21,2021,Healthcare -> Consumer Health and Wellness,Healthcare,Consumer Health and Wellness
24152,rendalomaq,Summer 2021,S21,2021,Real Estate and Construction -> Construction,Real Estate and Construction,Construction
23979,replo,Summer 2021,S21,2021,"B2B -> Engineering, Product and Design",B2B,"Engineering, Product and Design"
24243,repool,Summer 2021,S21,2021,Fintech -> Asset Management,Fintech,Asset Management
24556,revery-ai,Summer 2021,S21,2021,Consumer -> Social,Consumer,Social
24926,revolve-surgical,Summer 2021,S21,2021,Healthcare -> Medical Devices,Healthcare,Medical Devices
24199,rinse,Summer 2021,S21,2021,Healthcare -> Consumer Health and Wellness,Healthcare,Consumer Health and Wellness
24083,rivia-ai,Summer 2021,S21,2021,B2B -> Marketing,B2B,Marketing
23978,rootly,Summer 2021,S21,2021,B2B -> Infrastructure,B2B,Infrastructure
24339,ruta-health,Summer 2021,S21,2021,B2B,B2B,
24669,ruth-health,Summer 2021,S21,2021,Healthcare -> Healthcare Services,Healthcare,Healthcare Services
24795,sfa-therapeutics-inc,Summer 2021,S21,2021,Healthcare -> Therapeutics,Healthcare,Therapeutics
24166,safebeat,Summer 2021,S21,2021,Healthcare -> Medical Devices,Healthcare,Medical Devices
24892,safer-management,Summer 2021,S21,2021,B2B,B2B,
24059,salarybook,Summer 2021,S21,2021,B2B,B2B,
24198,salarybox,Summer 2021,S21,2021,B2B -> Human Resources,B2B,Human Resources
24866,satsuma,Summer 2021,S21,2021,B2B -> Infrastructure,B2B,Infrastructure
24367,scispot-io,Summer 2021,S21,2021,B2B,B2B,
24304,scratch-data,Summer 2021,S21,2021,B2B -> Infrastructure,B2B,Infrastructure
24191,secoda,Summer 2021,S21,2021,B2B -> Analytics,B2B,Analytics
24235,senpai-gg,Summer 2021,S21,2021,Consumer -> Gaming,Consumer,Gaming
24705,sensible-biotechnologies,Summer 2021,S21,2021,Healthcare -> Therapeutics,Healthcare,Therapeutics
24204,sentiyen,Summer 2021,S21,2021,B2B -> Marketing,B2B,Marketing
24381,sequin,Summer 2021,S21,2021,B2B,B2B,
24668,shape,Summer 2021,S21,2021,B2B -> Analytics,B2B,Analytics
24406,shimmer,Summer 2021,S21,2021,Healthcare -> Consumer Health and Wellness,Healthcare,Consumer Health and Wellness
24385,shipblu,Summer 2021,S21,2021,B2B -> Supply Chain and Logistics,B2B,Supply Chain and Logistics
24596,siglo,Summer 2021,S21,2021,Consumer,Consumer,
24282,sigmaos,Summer 2021,S21,2021,Consumer,Consumer,
24514,sirka,Summer 2021,S21,2021,Healthcare -> Consumer Health and Wellness,Healthcare,Consumer Health and Wellness
24828,sitenna,Summer 2021,S21,2021,B2B,B2B,
23120,slash,Summer 2021,S21,2021,Fintech,Fintech,
24135,sleek,Summer 2021,S21,2021,B2B,B2B,
23796,slope,Summer 2021,S21,2021,Fintech -> Payments,Fintech,Payments
24142,snapcalorie,Summer 2021,S21,2021,Consumer,Consumer,
24137,soco,Summer 2021,S21,2021,Consumer -> Apparel and Cosmetics,Consumer,Apparel and Cosmetics
24024,solarmente,Summer 2021,S21,2021,Consumer,Consumer,
24506,spark-studio,Summer 2021,S21,2021,Education,Education,
24816,spoken,Summer 2021,S21,2021,Consumer -> Home and Personal,Consumer,Home and Personal
24237,sproutfi,Summer 2021,S21,2021,Fintech,Fintech,
24787,squire-ai,Summer 2021,S21,2021,"B2B -> Engineering, Product and Design",B2B,"Engineering, Product and Design"
24407,stardex,Summer 2021,S21,2021,B2B,B2B,
24861,stepful,Summer 2021,S21,2021,Education,Education,
23957,stipop,Summer 2021,S21,2021,Consumer -> Content,Consumer,Content
24720,storylane,Summer 2021,S21,2021,B2B,B2B,
24635,stownest,Summer 2021,S21,2021,Consumer,Consumer,
24719,strideq,Summer 2021,S21,2021,B2B -> Retail,B2B,Retail
24131,strive-math,Summer 2021,S21,2021,Education,Education,
24148,studystream,Summer 2021,S21,2021,Education,Education,
24914,sully-ai,Summer 2021,S21,2021,B2B -> Productivity,B2B,Productivity
23948,staffbar,Summer 2021,S21,2021,"B2B -> Engineering, Product and Design",B2B,"Engineering, Product and Design"
24686,suplias,Summer 2021,S21,2021,Fintech,Fintech,
24093,swipe-2,Summer 2021,S21,2021,B2B -> Finance and Accounting,B2B,Finance and Accounting
24859,synder,Summer 2021,S21,2021,B2B -> Finance and Accounting,B2B,Finance and Accounting
23959,tag,Summer 2021,S21,2021,Fintech -> Banking and Exchange,Fintech,Banking and Exchange
24154,tablevibe-co,Summer 2021,S21,2021,B2B -> Retail,B2B,Retail
24839,talentdrop,Summer 2021,S21,2021,B2B -> Recruiting and Talent,B2B,Recruiting and Talent
23945,talus-bio,Summer 2021,S21,2021,Healthcare -> Drug Discovery and Delivery,Healthcare,Drug Discovery and Delivery
24195,tarsal,Summer 2021,S21,2021,B2B -> Security,B2B,Security
24161,tavus,Summer 2021,S21,2021,B2B,B2B,
24604,telivy,Summer 2021,S21,2021,B2B -> Security,B2B,Security
24573,telmai,Summer 2021,S21,2021,B2B,B2B,
24567,tenyks,Summer 2021,S21,2021,B2B,B2B,
24529,the-breakaway,Summer 2021,S21,2021,Consumer,Consumer,
24760,therify,Summer 2021,S21,2021,B2B -> Human Resources,B2B,Human Resources
24271,tiriel-ai,Summer 2021,S21,2021,B2B -> Supply Chain and Logistics,B2B,Supply Chain and Logistics
24870,titipku,Summer 2021,S21,2021,Consumer,Consumer,
24907,toku,Summer 2021,S21,2021,B2B -> Finance and Accounting,B2B,Finance and Accounting
24531,transastra-corporation,Summer 2021,S21,2021,Industrials -> Aviation and Space,Industrials,Aviation and Space
24347,truss,Summer 2021,S21,2021,Fintech -> Banking and Exchange,Fintech,Banking and Exchange
24638,tuli-health,Summer 2021,S21,2021,Healthcare,Healthcare,
24865,turion-space,Summer 2021,S21,2021,Industrials -> Aviation and Space,Industrials,Aviation and Space
24149,union54,Summer 2021,S21,2021,Fintech,Fintech,
24108,v-flow-medical-inc,Summer 2021,S21,2021,Healthcare -> Medical Devices,Healthcare,Medical Devices
23967,varos,Summer 2021,S21,2021,B2B -> Analytics,B2B,Analytics
24840,vedabio,Summer 2021,S21,2021,Healthcare -> Diagnostics,Healthcare,Diagnostics
24845,verano-health,Summer 2021,S21,2021,Healthcare,Healthcare,
24681,verde,Summer 2021,S21,2021,Fintech -> Credit and Lending,Fintech,Credit and Lending
24180,verihubs,Summer 2021,S21,2021,"B2B -> Engineering, Product and Design",B2B,"Engineering, Product and Design"
24616,vibe-kanban,Summer 2021,S21,2021,"B2B -> Engineering, Product and Design",B2B,"Engineering, Product and Design"
24429,vinco,Summer 2021,S21,2021,B2B -> Human Resources,B2B,Human Resources
22694,vogent,Summer 2021,S21,2021,B2B,B2B,
23861,wabi,Summer 2021,S21,2021,B2B,B2B,
24344,warpbuild,Summer 2021,S21,2021,"B2B -> Engineering, Product and Design",B2B,"Engineering, Product and Design"
24259,warpfy,Summer 2021,S21,2021,Consumer -> Home and Personal,Consumer,Home and Personal
24507,warrant,Summer 2021,S21,2021,B2B -> Infrastructure,B2B,Infrastructure
24590,waterplan,Summer 2021,S21,2021,B2B,B2B,
24384,whalesync,Summer 2021,S21,2021,B2B -> Marketing,B2B,Marketing
24481,whaly,Summer 2021,S21,2021,B2B -> Analytics,B2B,Analytics
24526,writesonic,Summer 2021,S21,2021,B2B -> Marketing,B2B,Marketing
24368,yemaachi-biotechnology,Summer 2021,S21,2021,Healthcare -> Diagnostics,Healthcare,Diagnostics
23952,yummy-inc,Summer 2021,S21,2021,Consumer,Consumer,
23659,zage,Summer 2021,S21,2021,Fintech,Fintech,
24058,zeit-medical,Summer 2021,S21,2021,Healthcare -> Medical Devices,Healthcare,Medical Devices
24160,posturehealth-inc,Summer 2021,S21,2021,Healthcare -> Consumer Health and Wellness,Healthcare,Consumer Health and Wellness
24476,zensors-inc,Summer 2021,S21,2021,B2B,B2B,
24416,zoios,Summer 2021,S21,2021,B2B -> Human Resources,B2B,Human Resources
24603,resident-boost,Summer 2021,S21,2021,B2B,B2B,
24497,asim,Summer 2021,S21,2021,Consumer,Consumer,
24292,fluke,Summer 2021,S21,2021,B2B,B2B,
23944,hotglue,Summer 2021,S21,2021,"B2B -> Engineering, Product and Design",B2B,"Engineering, Product and Design"
24679,idemeum,Summer 2021,S21,2021,B2B -> Security,B2B,Security
24329,inai,Summer 2021,S21,2021,Fintech -> Payments,Fintech,Payments
24459,lapzo,Summer 2021,S21,2021,B2B -> Human Resources,B2B,Human Resources
23885,marketfeed,Summer 2021,S21,2021,Fintech -> Consumer Finance,Fintech,Consumer Finance
24524,outloud-ai,Summer 2021,S21,2021,B2B -> Retail,B2B,Retail
24268,testrigor,Summer 2021,S21,2021,"B2B -> Engineering, Product and Design",B2B,"Engineering, Product and Design"
24168,trii,Summer 2021,S21,2021,Fintech -> Banking and Exchange,Fintech,Banking and Exchange
24080,zazos,Summer 2021,S21,2021,B2B,B2B,
26019,ayc-fund,Winter 2022,W22,2022,Fintech -> Asset Management,Fintech,Asset Management
25330,actipulse-neuroscience,Winter 2022,W22,2022,Healthcare -> Medical Devices,Healthcare,Medical Devices
25273,agave,Winter 2022,W22,2022,B2B,B2B,
25696,agency,Winter 2022,W22,2022,B2B -> Security,B2B,Security
25543,agentnoon,Winter 2022,W22,2022,B2B -> Human Resources,B2B,Human Resources
26253,aisupervision,Winter 2022,W22,2022,Industrials -> Manufacturing and Robotics,Industrials,Manufacturing and Robotics
26120,airmyne,Winter 2022,W22,2022,Industrials -> Climate,Industrials,Climate
25753,airwork,Winter 2022,W22,2022,B2B -> Recruiting and Talent,B2B,Recruiting and Talent
25723,aklimate,Winter 2022,W22,2022,B2B -> Supply Chain and Logistics,B2B,Supply Chain and Logistics
25271,alfie,Winter 2022,W22,2022,Healthcare -> Healthcare Services,Healthcare,Healthcare Services
25700,alga-biosciences,Winter 2022,W22,2022,Industrials -> Climate,Industrials,Climate
26210,alima,Winter 2022,W22,2022,B2B -> Supply Chain and Logistics,B2B,Supply Chain and Logistics
25449,alixia,Winter 2022,W22,2022,Healthcare -> Therapeutics,Healthcare,Therapeutics
25931,amal-invest,Winter 2022,W22,2022,Fintech,Fintech,
25058,andi,Winter 2022,W22,2022,Consumer -> Content,Consumer,Content
25865,andson-biotech,Winter 2022,W22,2022,Healthcare,Healthcare,
25655,anfin,Winter 2022,W22,2022,Fintech -> Asset Management,Fintech,Asset Management
26021,anja-health,Winter 2022,W22,2022,Healthcare -> Consumer Health and Wellness,Healthcare,Consumer Health and Wellness
25512,ankr-health,Winter 2022,W22,2022,Healthcare,Healthcare,
25757,antwalk,Winter 2022,W22,2022,Education,Education,
25106,apollo-3,Winter 2022,W22,2022,Fintech,Fintech,
25118,arc-2,Winter 2022,W22,2022,Fintech,Fintech,
25725,argo,Winter 2022,W22,2022,Consumer -> Content,Consumer,Content
25937,argument-computer-corporation,Winter 2022,W22,2022,B2B,B2B,
25737,arintra,Winter 2022,W22,2022,Healthcare -> Healthcare IT,Healthcare,Healthcare IT
25585,armilla-ai,Winter 2022,W22,2022,Fintech -> Insurance,Fintech,Insurance
25981,arpari,Winter 2022,W22,2022,Fintech,Fintech,
25403,aspora,Winter 2022,W22,2022,Fintech -> Consumer Finance,Fintech,Consumer Finance
25262,astroforge,Winter 2022,W22,2022,Industrials -> Manufacturing and Robotics,Industrials,Manufacturing and Robotics
25480,atlas-2,Winter 2022,W22,2022,B2B -> Operations,B2B,Operations
25075,attack-capital,Winter 2022,W22,2022,B2B,B2B,
25928,attain,Winter 2022,W22,2022,B2B,B2B,
25892,avairsense,Winter 2022,W22,2022,Consumer -> Consumer Electronics,Consumer,Consumer Electronics
26004,avocademy,Winter 2022,W22,2022,Education,Education,
25607,axis,Winter 2022,W22,2022,B2B -> Productivity,B2B,Productivity
25351,axross-pte-ltd,Winter 2022,W22,2022,"B2B -> Engineering, Product and Design",B2B,"Engineering, Product and Design"
26331,bby,Winter 2022,W22,2022,Healthcare -> Medical Devices,Healthcare,Medical Devices
25596,bakool,Winter 2022,W22,2022,Consumer,Consumer,
25575,beam,Winter 2022,W22,2022,B2B -> Infrastructure,B2B,Infrastructure
25973,belozfi,Winter 2022,W22,2022,Fintech -> Credit and Lending,Fintech,Credit and Lending
25825,bemlo,Winter 2022,W22,2022,Healthcare -> Healthcare IT,Healthcare,Healthcare IT
25728,benson,Winter 2022,W22,2022,Fintech -> Consumer Finance,Fintech,Consumer Finance
25924,better-opinions,Winter 2022,W22,2022,Consumer -> Gaming,Consumer,Gaming
26134,beyond-aero,Winter 2022,W22,2022,Industrials -> Aviation and Space,Industrials,Aviation and Space
25615,bharatx,Winter 2022,W22,2022,Fintech -> Credit and Lending,Fintech,Credit and Lending
25569,bifrost,Winter 2022,W22,2022,Fintech -> Asset Management,Fintech,Asset Management
25354,blaze,Winter 2022,W22,2022,B2B,B2B,
25989,blink-new,Winter 2022,W22,2022,"B2B -> Engineering, Product and Design",B2B,"Engineering, Product and Design"
25730,blitzllama,Winter 2022,W22,2022,B2B,B2B,
25291,boardcave,Winter 2022,W22,2022,Consumer,Consumer,
25491,bobidi,Winter 2022,W22,2022,B2B -> Marketing,B2B,Marketing
25777,botcity,Winter 2022,W22,2022,"B2B -> Engineering, Product and Design",B2B,"Engineering, Product and Design"
25678,botin,Winter 2022,W22,2022,Fintech -> Asset Management,Fintech,Asset Management
25685,boya,Winter 2022,W22,2022,Fintech,Fintech,
25905,bracket,Winter 2022,W22,2022,"B2B -> Engineering, Product and Design",B2B,"Engineering, Product and Design"
25871,brainboard,Winter 2022,W22,2022,"B2B -> Engineering, Product and Design",B2B,"Engineering, Product and Design"
25819,broccoli-ai,Winter 2022,W22,2022,"B2B -> Engineering, Product and Design",B2B,"Engineering, Product and Design"
25349,brown-foods,Winter 2022,W22,2022,Healthcare -> Industrial Bio,Healthcare,Industrial Bio
25583,bunkyr,Winter 2022,W22,2022,B2B -> Security,B2B,Security
25418,cutr,Winter 2022,W22,2022,"B2B -> Engineering, Product and Design",B2B,"Engineering, Product and Design"
25306,capuchin,Winter 2022,W22,2022,B2B,B2B,
25782,carbon-crusher,Winter 2022,W22,2022,Industrials -> Climate,Industrials,Climate
25593,cardda,Winter 2022,W22,2022,Fintech -> Payments,Fintech,Payments
25754,cash-flow-portal,Winter 2022,W22,2022,Real Estate and Construction -> Housing and Real Estate,Real Estate and Construction,Housing and Real Estate
26043,cashmere,Winter 2022,W22,2022,Fintech -> Asset Management,Fintech,Asset Management
25404,castia,Winter 2022,W22,2022,Real Estate and Construction -> Housing and Real Estate,Real Estate and Construction,Housing and Real Estate
25588,castled-io,Winter 2022,W22,2022,B2B -> Marketing,B2B,Marketing
26094,cellbyte,Winter 2022,W22,2022,Healthcare -> Healthcare IT,Healthcare,Healthcare IT
25537,cerebrium,Winter 2022,W22,2022,B2B -> Infrastructure,B2B,Infrastructure
25337,cherry-recommends,Winter 2022,W22,2022,B2B,B2B,
26121,cinapse,Winter 2022,W22,2022,B2B -> Productivity,B2B,Productivity
25763,cinder-2,Winter 2022,W22,2022,B2B -> Security,B2B,Security
26054,circular,Winter 2022,W22,2022,Consumer -> Consumer Electronics,Consumer,Consumer Electronics
25960,clupp,Winter 2022,W22,2022,Fintech -> Insurance,Fintech,Insurance
25999,codec,Winter 2022,W22,2022,Consumer -> Content,Consumer,Content
26147,cofactr,Winter 2022,W22,2022,B2B -> Supply Chain and Logistics,B2B,Supply Chain and Logistics
25343,coffeeai,Winter 2022,W22,2022,B2B,B2B,
25672,cogram,Winter 2022,W22,2022,B2B -> Productivity,B2B,Productivity
25657,complete,Winter 2022,W22,2022,B2B -> Human Resources,B2B,Human Resources
25526,complif,Winter 2022,W22,2022,B2B -> Operations,B2B,Operations
25160,compra-rapida,Winter 2022,W22,2022,B2B -> Retail,B2B,Retail
25720,convoy-2,Winter 2022,W22,2022,"B2B -> Engineering, Product and Design",B2B,"Engineering, Product and Design"
25450,corveus-medical,Winter 2022,W22,2022,Healthcare -> Medical Devices,Healthcare,Medical Devices
25680,cotera,Winter 2022,W22,2022,B2B -> Analytics,B2B,Analytics
25787,courtyard-io,Winter 2022,W22,2022,Consumer,Consumer,
25338,cozmo-ai,Winter 2022,W22,2022,B2B,B2B,
25332,craniometrix,Winter 2022,W22,2022,Healthcare,Healthcare,
26277,credibook,Winter 2022,W22,2022,B2B -> Retail,B2B,Retail
25559,creizer,Winter 2022,W22,2022,Fintech -> Credit and Lending,Fintech,Credit and Lending
25529,roomplays,Winter 2022,W22,2022,B2B -> Sales,B2B,Sales
25684,curacel,Winter 2022,W22,2022,Fintech -> Insurance,Fintech,Insurance
25911,cypher,Winter 2022,W22,2022,Fintech -> Payments,Fintech,Payments
26035,darsel,Winter 2022,W22,2022,Education,Education,
25587,dart,Winter 2022,W22,2022,B2B -> Productivity,B2B,Productivity
26073,dealls-jobs-and-mentoring,Winter 2022,W22,2022,B2B -> Recruiting and Talent,B2B,Recruiting and Talent
25950,decent,Winter 2022,W22,2022,B2B -> Infrastructure,B2B,Infrastructure
25731,demo-gorilla,Winter 2022,W22,2022,B2B -> Sales,B2B,Sales
25788,dimorder,Winter 2022,W22,2022,B2B,B2B,
25486,dioptra,Winter 2022,W22,2022,B2B -> Legal,B2B,Legal
25716,dojah-inc,Winter 2022,W22,2022,B2B -> Infrastructure,B2B,Infrastructure
25576,drivingforce,Winter 2022,W22,2022,B2B -> Supply Chain and Logistics,B2B,Supply Chain and Logistics
25814,duplo,Winter 2022,W22,2022,Fintech,Fintech,
25746,durioo,Winter 2022,W22,2022,Consumer -> Content,Consumer,Content
25398,dynamo-ai,Winter 2022,W22,2022,B2B,B2B,
25670,eazipay-inc,Winter 2022,W22,2022,Fintech -> Payments,Fintech,Payments
25542,elementary,Winter 2022,W22,2022,B2B -> Analytics,B2B,Analytics
25120,elevate,Winter 2022,W22,2022,Fintech -> Payments,Fintech,Payments
25711,elphinstone-inc,Winter 2022,W22,2022,Fintech -> Asset Management,Fintech,Asset Management
25516,emigre,Winter 2022,W22,2022,Fintech -> Banking and Exchange,Fintech,Banking and Exchange
25590,emobi,Winter 2022,W22,2022,B2B,B2B,
25331,engage-bio,Winter 2022,W22,2022,Healthcare -> Therapeutics,Healthcare,Therapeutics
25673,enlightra,Winter 2022,W22,2022,Industrials,Industrials,
26254,eventual,Winter 2022,W22,2022,B2B -> Infrastructure,B2B,Infrastructure
25820,fello,Winter 2022,W22,2022,Fintech,Fintech,
25519,fieldproxy,Winter 2022,W22,2022,B2B -> Productivity,B2B,Productivity
25683,finflx,Winter 2022,W22,2022,Fintech,Fintech,
26016,finku,Winter 2022,W22,2022,Fintech,Fintech,
26242,finnix,Winter 2022,W22,2022,Fintech -> Insurance,Fintech,Insurance
25712,finnt,Winter 2022,W22,2022,B2B -> Finance and Accounting,B2B,Finance and Accounting
25532,fintelite,Winter 2022,W22,2022,Fintech,Fintech,
25552,firezone,Winter 2022,W22,2022,B2B -> Security,B2B,Security
25608,flagright,Winter 2022,W22,2022,B2B,B2B,
25978,fleek,Winter 2022,W22,2022,B2B -> Retail,B2B,Retail
25361,fleetzero,Winter 2022,W22,2022,Industrials,Industrials,
26238,flike,Winter 2022,W22,2022,B2B,B2B,
25974,float-health,Winter 2022,W22,2022,Healthcare,Healthcare,
25334,flowdeploy,Winter 2022,W22,2022,B2B -> Infrastructure,B2B,Infrastructure
25947,fogbender,Winter 2022,W22,2022,B2B,B2B,
26267,fresh-factory,Winter 2022,W22,2022,B2B -> Supply Chain and Logistics,B2B,Supply Chain and Logistics
25722,fuell,Winter 2022,W22,2022,B2B -> Finance and Accounting,B2B,Finance and Accounting
26051,gimo,Winter 2022,W22,2022,Fintech -> Credit and Lending,Fintech,Credit and Lending
25613,gauss,Winter 2022,W22,2022,Fintech -> Consumer Finance,Fintech,Consumer Finance
25717,glep,Winter 2022,W22,2022,Fintech -> Banking and Exchange,Fintech,Banking and Exchange
25994,glow-energy,Winter 2022,W22,2022,Industrials -> Climate,Industrials,Climate
25976,gojom,Winter 2022,W22,2022,Real Estate and Construction,Real Estate and Construction,
26108,gosats,Winter 2022,W22,2022,Fintech,Fintech,
26125,govdash,Winter 2022,W22,2022,Government,Government,
25713,grey,Winter 2022,W22,2022,Fintech,Fintech,
25174,growthbook,Winter 2022,W22,2022,B2B -> Analytics,B2B,Analytics
25363,gym-class,Winter 2022,W22,2022,Consumer -> Social,Consumer,Social
25923,hoai,Winter 2022,W22,2022,B2B -> Operations,B2B,Operations
25606,hokali,Winter 2022,W22,2022,B2B -> Marketing,B2B,Marketing
25521,happl,Winter 2022,W22,2022,B2B -> Human Resources,B2B,Human Resources
26033,heptabase,Winter 2022,W22,2022,Consumer,Consumer,
25445,heyfood,Winter 2022,W22,2022,Consumer -> Food and Beverage,Consumer,Food and Beverage
26190,hippobuild,Winter 2022,W22,2022,Real Estate and Construction -> Construction,Real Estate and Construction,Construction
25396,homeroom,Winter 2022,W22,2022,Real Estate and Construction -> Housing and Real Estate,Real Estate and Construction,Housing and Real Estate
25983,housewarming,Winter 2022,W22,2022,Consumer,Consumer,
25313,hubble-network,Winter 2022,W22,2022,Industrials -> Aviation and Space,Industrials,Aviation and Space
25991,humand,Winter 2022,W22,2022,B2B -> Human Resources,B2B,Human Resources
25738,hydra,Winter 2022,W22,2022,B2B -> Infrastructure,B2B,Infrastructure
25448,hypahub,Winter 2022,W22,2022,B2B -> Analytics,B2B,Analytics
25509,hyperbeam,Winter 2022,W22,2022,"B2B -> Engineering, Product and Design",B2B,"Engineering, Product and Design"
25654,imt-care,Winter 2022,W22,2022,Healthcare -> Consumer Health and Wellness,Healthcare,Consumer Health and Wellness
25634,iomete,Winter 2022,W22,2022,B2B -> Infrastructure,B2B,Infrastructure
26072,impossible-metals,Winter 2022,W22,2022,Industrials -> Climate,Industrials,Climate
25400,industrial-next,Winter 2022,W22,2022,Industrials -> Manufacturing and Robotics,Industrials,Manufacturing and Robotics
25394,inferedge,Winter 2022,W22,2022,Fintech,Fintech,
24078,instalab,Winter 2022,W22,2022,Healthcare -> Consumer Health and Wellness,Healthcare,Consumer Health and Wellness
25451,instant-labs,Winter 2022,W22,2022,B2B -> Marketing,B2B,Marketing
25399,invert,Winter 2022,W22,2022,Healthcare -> Industrial Bio,Healthcare,Industrial Bio
25914,iotflows-inc,Winter 2022,W22,2022,B2B -> Productivity,B2B,Productivity
25511,iron-leap,Winter 2022,W22,2022,B2B,B2B,
25949,jamsocket,Winter 2022,W22,2022,"B2B -> Engineering, Product and Design",B2B,"Engineering, Product and Design"
25823,joe,Winter 2022,W22,2022,Fintech -> Consumer Finance,Fintech,Consumer Finance
25907,joon-health,Winter 2022,W22,2022,Healthcare -> Consumer Health and Wellness,Healthcare,Consumer Health and Wellness
25433,jumpwire,Winter 2022,W22,2022,B2B -> Security,B2B,Security
26264,jutsoo,Winter 2022,W22,2022,B2B -> Finance and Accounting,B2B,Finance and Accounting
25689,kaagaz,Winter 2022,W22,2022,Consumer,Consumer,
25644,kable,Winter 2022,W22,2022,B2B -> Finance and Accounting,B2B,Finance and Accounting
25304,kapital-bank,Winter 2022,W22,2022,Fintech,Fintech,
26205,karate-labs,Winter 2022,W22,2022,"B2B -> Engineering, Product and Design",B2B,"Engineering, Product and Design"
25419,kaso,Winter 2022,W22,2022,B2B -> Supply Chain and Logistics,B2B,Supply Chain and Logistics
26034,kenobi,Winter 2022,W22,2022,B2B -> Sales,B2B,Sales
25417,koala,Winter 2022,W22,2022,Education,Education,
26020,koko-2,Winter 2022,W22,2022,Healthcare -> Consumer Health and Wellness,Healthcare,Consumer Health and Wellness
26138,korrai,Winter 2022,W22,2022,Industrials -> Energy,Industrials,Energy
25835,kular,Winter 2022,W22,2022,B2B -> Sales,B2B,Sales
25561,lancedb,Winter 2022,W22,2022,B2B -> Infrastructure,B2B,Infrastructure
25528,lenk,Winter 2022,W22,2022,Fintech -> Credit and Lending,Fintech,Credit and Lending
25538,lexter-ai,Winter 2022,W22,2022,B2B -> Legal,B2B,Legal
25287,lifeat,Winter 2022,W22,2022,Consumer,Consumer,
25817,lifecast,Winter 2022,W22,2022,Consumer,Consumer,
25557,lightmeter,Winter 2022,W22,2022,B2B -> Sales,B2B,Sales
25692,livedocs,Winter 2022,W22,2022,B2B -> Analytics,B2B,Analytics
26294,lizza,Winter 2022,W22,2022,B2B -> Retail,B2B,Retail
25340,loops,Winter 2022,W22,2022,B2B -> Marketing,B2B,Marketing
25724,lovage,Winter 2022,W22,2022,B2B -> Marketing,B2B,Marketing
25311,lumina,Winter 2022,W22,2022,B2B -> Operations,B2B,Operations
25682,lunajoy-health,Winter 2022,W22,2022,Healthcare -> Healthcare Services,Healthcare,Healthcare Services
25620,magna,Winter 2022,W22,2022,Fintech,Fintech,
26003,mahaana-wealth,Winter 2022,W22,2022,Fintech,Fintech,
25996,marathon-education,Winter 2022,W22,2022,Education,Education,
25671,markaz-technologies,Winter 2022,W22,2022,Consumer,Consumer,
26303,massdriver,Winter 2022,W22,2022,"B2B -> Engineering, Product and Design",B2B,"Engineering, Product and Design"
25810,material-depot,Winter 2022,W22,2022,Real Estate and Construction,Real Estate and Construction,
25152,mederva,Winter 2022,W22,2022,Healthcare,Healthcare,
25473,miggos,Winter 2022,W22,2022,B2B -> Supply Chain and Logistics,B2B,Supply Chain and Logistics
26307,tradex,Winter 2022,W22,2022,B2B -> Marketing,B2B,Marketing
25643,mintlify,Winter 2022,W22,2022,"B2B -> Engineering, Product and Design",B2B,"Engineering, Product and Design"
25328,momento,Winter 2022,W22,2022,Fintech -> Insurance,Fintech,Insurance
26290,mono-2,Winter 2022,W22,2022,Fintech -> Payments,Fintech,Payments
25279,moots,Winter 2022,W22,2022,B2B,B2B,
25558,mosaicvoice,Winter 2022,W22,2022,B2B -> Operations,B2B,Operations
25527,munily,Winter 2022,W22,2022,B2B -> Security,B2B,Security
25518,mysivi,Winter 2022,W22,2022,Education,Education,
25447,myria,Winter 2022,W22,2022,Consumer,Consumer,
26278,nftscoring,Winter 2022,W22,2022,Consumer,Consumer,
26052,nara,Winter 2022,W22,2022,B2B,B2B,
25758,nash-2,Winter 2022,W22,2022,Fintech,Fintech,
25650,nearwave,Winter 2022,W22,2022,Healthcare -> Medical Devices,Healthcare,Medical Devices
25350,nest-genomics,Winter 2022,W22,2022,Healthcare -> Healthcare IT,Healthcare,Healthcare IT
26049,netmaker,Winter 2022,W22,2022,B2B -> Infrastructure,B2B,Infrastructure
24352,nira-energy,Winter 2022,W22,2022,Industrials -> Climate,Industrials,Climate
25921,nophin,Winter 2022,W22,2022,Fintech,Fintech,
25086,northwind,Winter 2022,W22,2022,Healthcare -> Healthcare Services,Healthcare,Healthcare Services
25779,nullstone,Winter 2022,W22,2022,B2B -> Infrastructure,B2B,Infrastructure
25876,numida,Winter 2022,W22,2022,Fintech -> Credit and Lending,Fintech,Credit and Lending
25358,nyckel,Winter 2022,W22,2022,"B2B -> Engineering, Product and Design",B2B,"Engineering, Product and Design"
26118,offbeast,Winter 2022,W22,2022,Consumer -> Food and Beverage,Consumer,Food and Beverage
25592,ole,Winter 2022,W22,2022,Consumer,Consumer,
26050,olympian-motors,Winter 2022,W22,2022,Industrials -> Automotive,Industrials,Automotive
25571,azuki,Winter 2022,W22,2022,Consumer -> Content,Consumer,Content
26266,onboard-io,Winter 2022,W22,2022,B2B -> Productivity,B2B,Productivity
25401,onyx-private,Winter 2022,W22,2022,Fintech,Fintech,
25061,optery,Winter 2022,W22,2022,B2B -> Security,B2B,Security
25475,orca,Winter 2022,W22,2022,Fintech,Fintech,
26122,origami-therapeutics-inc,Winter 2022,W22,2022,Healthcare -> Therapeutics,Healthcare,Therapeutics
25539,oto,Winter 2022,W22,2022,Healthcare -> Consumer Health and Wellness,Healthcare,Consumer Health and Wellness
25472,ozone,Winter 2022,W22,2022,Consumer,Consumer,
25891,pina,Winter 2022,W22,2022,Fintech,Fintech,
25589,palitronica-inc,Winter 2022,W22,2022,B2B -> Security,B2B,Security
26183,pantore-pay,Winter 2022,W22,2022,Fintech,Fintech,
25776,partna,Winter 2022,W22,2022,Fintech,Fintech,
25660,paycaddy,Winter 2022,W22,2022,Fintech,Fintech,
25694,paycrunch,Winter 2022,W22,2022,Fintech -> Credit and Lending,Fintech,Credit and Lending
25357,peakpath,Winter 2022,W22,2022,B2B -> Human Resources,B2B,Human Resources
25317,peakflo,Winter 2022,W22,2022,Fintech -> Payments,Fintech,Payments
25278,pelm,Winter 2022,W22,2022,"B2B -> Engineering, Product and Design",B2B,"Engineering, Product and Design"
25347,perl-street,Winter 2022,W22,2022,Fintech -> Credit and Lending,Fintech,Credit and Lending
25647,permitflow,Winter 2022,W22,2022,Real Estate and Construction -> Construction,Real Estate and Construction,Construction
25553,phase-biolabs,Winter 2022,W22,2022,Industrials -> Climate,Industrials,Climate
26243,phoenix-hydrogen,Winter 2022,W22,2022,Industrials -> Energy,Industrials,Energy
26042,pigeon-2,Winter 2022,W22,2022,Fintech,Fintech,
26137,pina-earth,Winter 2022,W22,2022,Industrials -> Climate,Industrials,Climate
25975,ploomber,Winter 2022,W22,2022,"B2B -> Engineering, Product and Design",B2B,"Engineering, Product and Design"
25658,plumter,Winter 2022,W22,2022,Fintech -> Payments,Fintech,Payments
25695,pluto-markets,Winter 2022,W22,2022,Fintech -> Asset Management,Fintech,Asset Management
26109,poko,Winter 2022,W22,2022,Fintech,Fintech,
25309,policyfly,Winter 2022,W22,2022,Fintech -> Insurance,Fintech,Insurance
25866,ponyrun,Winter 2022,W22,2022,B2B -> Operations,B2B,Operations
25677,posh,Winter 2022,W22,2022,Industrials -> Climate,Industrials,Climate
26012,postal,Winter 2022,W22,2022,Fintech -> Insurance,Fintech,Insurance
26148,powerdocs,Winter 2022,W22,2022,B2B,B2B,
26053,powerhouse-ai,Winter 2022,W22,2022,B2B -> Supply Chain and Logistics,B2B,Supply Chain and Logistics
25697,prembly,Winter 2022,W22,2022,B2B -> Infrastructure,B2B,Infrastructure
25329,promptloop,Winter 2022,W22,2022,B2B -> Analytics,B2B,Analytics
25946,propelauth,Winter 2022,W22,2022,"B2B -> Engineering, Product and Design",B2B,"Engineering, Product and Design"
25344,proper,Winter 2022,W22,2022,B2B -> Finance and Accounting,B2B,Finance and Accounting
25360,pursuit-2,Winter 2022,W22,2022,Real Estate and Construction -> Housing and Real Estate,Real Estate and Construction,Housing and Real Estate
25525,pyrls,Winter 2022,W22,2022,Healthcare -> Healthcare IT,Healthcare,Healthcare IT
25959,quik,Winter 2022,W22,2022,Consumer,Consumer,
25929,quan,Winter 2022,W22,2022,B2B -> Human Resources,B2B,Human Resources
26066,query-vary,Winter 2022,W22,2022,"B2B -> Engineering, Product and Design",B2B,"Engineering, Product and Design"
25572,rdash,Winter 2022,W22,2022,B2B -> Infrastructure,B2B,Infrastructure
25985,rthm,Winter 2022,W22,2022,Healthcare -> Healthcare Services,Healthcare,Healthcare Services
25305,railbird,Winter 2022,W22,2022,Fintech,Fintech,
25984,rallyuxr,Winter 2022,W22,2022,"B2B -> Engineering, Product and Design",B2B,"Engineering, Product and Design"
25755,rank,Winter 2022,W22,2022,Fintech -> Credit and Lending,Fintech,Credit and Lending
25605,ranla,Winter 2022,W22,2022,B2B -> Marketing,B2B,Marketing
25312,ravion,Winter 2022,W22,2022,B2B -> Infrastructure,B2B,Infrastructure
26296,reality-defender,Winter 2022,W22,2022,B2B -> Security,B2B,Security
25315,rebill,Winter 2022,W22,2022,Fintech -> Payments,Fintech,Payments
25619,recordbook,Winter 2022,W22,2022,B2B,B2B,
25610,redbrick-ai,Winter 2022,W22,2022,B2B,B2B,
25272,redbird,Winter 2022,W22,2022,B2B -> Analytics,B2B,Analytics
25645,refinetrain-ai,Winter 2022,W22,2022,"B2B -> Engineering, Product and Design",B2B,"Engineering, Product and Design"
25603,reforged-labs,Winter 2022,W22,2022,B2B -> Marketing,B2B,Marketing
25540,rehook-ai,Winter 2022,W22,2022,B2B -> Marketing,B2B,Marketing
25274,remedial-health,Winter 2022,W22,2022,Healthcare -> Healthcare Services,Healthcare,Healthcare Services
26268,remi,Winter 2022,W22,2022,Real Estate and Construction,Real Estate and Construction,
25690,requestly,Winter 2022,W22,2022,"B2B -> Engineering, Product and Design",B2B,"Engineering, Product and Design"
26032,reviving-mind,Winter 2022,W22,2022,Healthcare -> Healthcare Services,Healthcare,Healthcare Services
26139,revoy,Winter 2022,W22,2022,Industrials -> Automotive,Industrials,Automotive
25968,rider,Winter 2022,W22,2022,B2B -> Supply Chain and Logistics,B2B,Supply Chain and Logistics
25822,rome,Winter 2022,W22,2022,B2B -> Supply Chain and Logistics,B2B,Supply Chain and Logistics
25321,rosebud-biosciences,Winter 2022,W22,2022,Healthcare -> Drug Discovery and Delivery,Healthcare,Drug Discovery and Delivery
25402,rownd,Winter 2022,W22,2022,Industrials -> Drones,Industrials,Drones
25652,salt,Winter 2022,W22,2022,Fintech,Fintech,
25930,snab,Winter 2022,W22,2022,Fintech,Fintech,
25951,soteri-skin,Winter 2022,W22,2022,Consumer -> Home and Personal,Consumer,Home and Personal
25319,samos-insurance,Winter 2022,W22,2022,Fintech -> Insurance,Fintech,Insurance
25353,sarus,Winter 2022,W22,2022,B2B -> Analytics,B2B,Analytics
25789,savein,Winter 2022,W22,2022,Healthcare -> Consumer Health and Wellness,Healthcare,Consumer Health and Wellness
25285,scout-2,Winter 2022,W22,2022,Healthcare -> Diagnostics,Healthcare,Diagnostics
25397,seabound,Winter 2022,W22,2022,Industrials -> Climate,Industrials,Climate
25348,sei-ai,Winter 2022,W22,2022,Fintech,Fintech,
26265,seis,Winter 2022,W22,2022,Fintech -> Consumer Finance,Fintech,Consumer Finance
25395,sekilo,Winter 2022,W22,2022,B2B -> Supply Chain and Logistics,B2B,Supply Chain and Logistics
25308,selia,Winter 2022,W22,2022,Healthcare -> Consumer Health and Wellness,Healthcare,Consumer Health and Wellness
25727,sendme-inc,Winter 2022,W22,2022,Consumer -> Food and Beverage,Consumer,Food and Beverage
25966,sendo,Winter 2022,W22,2022,"B2B -> Engineering, Product and Design",B2B,"Engineering, Product and Design"
23954,serif-health,Winter 2022,W22,2022,Healthcare -> Healthcare Services,Healthcare,Healthcare Services
25679,sero,Winter 2022,W22,2022,B2B,B2B,
25969,shaped,Winter 2022,W22,2022,B2B -> Infrastructure,B2B,Infrastructure
25333,shinkei-systems,Winter 2022,W22,2022,Industrials -> Agriculture,Industrials,Agriculture
25476,shuttle-central,Winter 2022,W22,2022,"Consumer -> Travel, Leisure and Tourism",Consumer,"Travel, Leisure and Tourism"
25307,sieve,Winter 2022,W22,2022,B2B -> Infrastructure,B2B,Infrastructure
25656,siftly,Winter 2022,W22,2022,B2B -> Analytics,B2B,Analytics
26425,simplehash,Winter 2022,W22,2022,B2B -> Infrastructure,B2B,Infrastructure
25752,simplifyd-systems,Winter 2022,W22,2022,B2B,B2B,
25379,skillza,Winter 2022,W22,2022,Education,Education,
25635,skylink,Winter 2022,W22,2022,B2B,B2B,
25733,smarthelio,Winter 2022,W22,2022,B2B -> Analytics,B2B,Analytics
25584,snaptrade,Winter 2022,W22,2022,Fintech,Fintech,
25586,soon,Winter 2022,W22,2022,Fintech -> Consumer Finance,Fintech,Consumer Finance
25582,sophys,Winter 2022,W22,2022,Healthcare,Healthcare,
25339,sota2,Winter 2022,W22,2022,B2B -> Sales,B2B,Sales
25948,spade,Winter 2022,W22,2022,Fintech,Fintech,
25681,spadeworks,Winter 2022,W22,2022,B2B -> Operations,B2B,Operations
25617,speechly,Winter 2022,W22,2022,B2B,B2B,
25618,sphere,Winter 2022,W22,2022,B2B,B2B,
25356,spinach-ai,Winter 2022,W22,2022,B2B -> Productivity,B2B,Productivity
25110,spot-health,Winter 2022,W22,2022,Healthcare -> Diagnostics,Healthcare,Diagnostics
25732,sprites,Winter 2022,W22,2022,B2B -> Marketing,B2B,Marketing
25342,stably-ai-orca,Winter 2022,W22,2022,"B2B -> Engineering, Product and Design",B2B,"Engineering, Product and Design"
25616,stackshine,Winter 2022,W22,2022,B2B -> Operations,B2B,Operations
25144,stafbook,Winter 2022,W22,2022,B2B -> Human Resources,B2B,Human Resources
25649,stairs-financial,Winter 2022,W22,2022,Fintech -> Consumer Finance,Fintech,Consumer Finance
25327,starling,Winter 2022,W22,2022,Healthcare -> Diagnostics,Healthcare,Diagnostics
25954,status,Winter 2022,W22,2022,Consumer -> Social,Consumer,Social
25560,stock-unlock,Winter 2022,W22,2022,Fintech,Fintech,
25275,strac,Winter 2022,W22,2022,B2B -> Security,B2B,Security
25594,streak-2,Winter 2022,W22,2022,Fintech -> Payments,Fintech,Payments
25714,strong-compute,Winter 2022,W22,2022,B2B,B2B,
25715,subscriptionflow,Winter 2022,W22,2022,B2B -> Sales,B2B,Sales
25641,suggestr,Winter 2022,W22,2022,B2B,B2B,
25355,supertone,Winter 2022,W22,2022,Consumer -> Content,Consumer,Content
25303,syrona-health,Winter 2022,W22,2022,Healthcare -> Healthcare Services,Healthcare,Healthcare Services
25614,t3-chat,Winter 2022,W22,2022,Consumer -> Content,Consumer,Content
26065,tai,Winter 2022,W22,2022,Fintech,Fintech,
25286,tybr-health,Winter 2022,W22,2022,Healthcare -> Medical Devices,Healthcare,Medical Devices
25778,take-app,Winter 2022,W22,2022,B2B,B2B,
25827,talentropy-ai,Winter 2022,W22,2022,B2B -> Human Resources,B2B,Human Resources
25381,teamout,Winter 2022,W22,2022,B2B,B2B,
25721,tendo,Winter 2022,W22,2022,Consumer -> Social,Consumer,Social
26041,the-ankler,Winter 2022,W22,2022,Consumer -> Content,Consumer,Content
25849,theneo,Winter 2022,W22,2022,"B2B -> Engineering, Product and Design",B2B,"Engineering, Product and Design"
25674,toko,Winter 2022,W22,2022,Education,Education,
25693,tola,Winter 2022,W22,2022,Fintech -> Payments,Fintech,Payments
25870,top-road,Winter 2022,W22,2022,Fintech -> Payments,Fintech,Payments
25935,topship,Winter 2022,W22,2022,B2B -> Supply Chain and Logistics,B2B,Supply Chain and Logistics
25864,torpedo-therapeutics,Winter 2022,W22,2022,Healthcare -> Medical Devices,Healthcare,Medical Devices
25444,touch-and-pay-technologies-limited,Winter 2022,W22,2022,Fintech -> Payments,Fintech,Payments
25743,trackingplan,Winter 2022,W22,2022,B2B -> Analytics,B2B,Analytics
25346,transfez,Winter 2022,W22,2022,Fintech -> Payments,Fintech,Payments
25314,trellus,Winter 2022,W22,2022,B2B -> Sales,B2B,Sales
25913,trueplace,Winter 2022,W22,2022,B2B,B2B,
26067,trusty,Winter 2022,W22,2022,Real Estate and Construction -> Housing and Real Estate,Real Estate and Construction,Housing and Real Estate
25316,trebol,Winter 2022,W22,2022,B2B -> Finance and Accounting,B2B,Finance and Accounting
25659,tuva-health,Winter 2022,W22,2022,Healthcare -> Healthcare IT,Healthcare,Healthcare IT
25915,unison,Winter 2022,W22,2022,Consumer -> Virtual and Augmented Reality,Consumer,Virtual and Augmented Reality
25117,uberduck,Winter 2022,W22,2022,B2B -> Marketing,B2B,Marketing
25522,unlayer,Winter 2022,W22,2022,B2B -> Productivity,B2B,Productivity
25986,unravel-carbon,Winter 2022,W22,2022,B2B,B2B,
25958,unsaddl,Winter 2022,W22,2022,B2B -> Human Resources,B2B,Human Resources
25517,upbanx,Winter 2022,W22,2022,Fintech,Fintech,
25513,valari,Winter 2022,W22,2022,Fintech,Fintech,
25322,vantedgeai,Winter 2022,W22,2022,Fintech -> Banking and Exchange,Fintech,Banking and Exchange
26206,vecindario,Winter 2022,W22,2022,Real Estate and Construction -> Housing and Real Estate,Real Estate and Construction,Housing and Real Estate
25663,velt,Winter 2022,W22,2022,B2B -> Productivity,B2B,Productivity
25446,vendoo,Winter 2022,W22,2022,Consumer,Consumer,
25726,vendy,Winter 2022,W22,2022,Fintech -> Payments,Fintech,Payments
25918,venue-ink,Winter 2022,W22,2022,Fintech -> Payments,Fintech,Payments
25541,versable,Winter 2022,W22,2022,B2B -> Retail,B2B,Retail
25912,vessel,Winter 2022,W22,2022,"B2B -> Engineering, Product and Design",B2B,"Engineering, Product and Design"
25818,vimmerse,Winter 2022,W22,2022,"B2B -> Engineering, Product and Design",B2B,"Engineering, Product and Design"
25965,vobi,Winter 2022,W22,2022,Real Estate and Construction -> Construction,Real Estate and Construction,Construction
25992,wantd,Winter 2022,W22,2022,Consumer -> Apparel and Cosmetics,Consumer,Apparel and Cosmetics
25341,wagetap,Winter 2022,W22,2022,Fintech -> Credit and Lending,Fintech,Credit and Lending
25318,wereno,Winter 2022,W22,2022,Real Estate and Construction -> Construction,Real Estate and Construction,Construction
26311,whitelab-genomics,Winter 2022,W22,2022,Healthcare -> Drug Discovery and Delivery,Healthcare,Drug Discovery and Delivery
25515,whiz,Winter 2022,W22,2022,Fintech -> Payments,Fintech,Payments
25665,wibond,Winter 2022,W22,2022,Fintech -> Credit and Lending,Fintech,Credit and Lending
25320,wingback,Winter 2022,W22,2022,B2B -> Infrastructure,B2B,Infrastructure
25972,winter,Winter 2022,W22,2022,"B2B -> Engineering, Product and Design",B2B,"Engineering, Product and Design"
25995,workflow86,Winter 2022,W22,2022,B2B -> Operations,B2B,Operations
25060,wyvern,Winter 2022,W22,2022,Industrials -> Aviation and Space,Industrials,Aviation and Space
25359,yezza,Winter 2022,W22,2022,B2B,B2B,
25573,zorba,Winter 2022,W22,2022,Real Estate and Construction,Real Estate and Construction,
26163,beu-delivery,Winter 2022,W22,2022,Consumer -> Food and Beverage,Consumer,Food and Beverage
25662,digi,Winter 2022,W22,2022,Fintech,Fintech,
25745,goodfin,Winter 2022,W22,2022,Fintech,Fintech,
25531,haddock,Winter 2022,W22,2022,B2B -> Finance and Accounting,B2B,Finance and Accounting
25831,mutable-ai,Winter 2022,W22,2022,B2B,B2B,
25967,ngrow-ai,Winter 2022,W22,2022,B2B -> Marketing,B2B,Marketing
25691,voize,Winter 2022,W22,2022,B2B -> Productivity,B2B,Productivity
25977,yhangry,Winter 2022,W22,2022,Consumer -> Food and Beverage,Consumer,Food and Beverage
26861,100x,Summer 2022,S22,2022,B2B -> Productivity,B2B,Productivity
26769,alt-tex,Summer 2022,S22,2022,Industrials -> Climate,Industrials,Climate
27258,accessowl,Summer 2022,S22,2022,B2B -> Infrastructure,B2B,Infrastructure
26792,activepieces,Summer 2022,S22,2022,"B2B -> Engineering, Product and Design",B2B,"Engineering, Product and Design"
27097,ad-army,Summer 2022,S22,2022,B2B,B2B,
27086,aiprise,Summer 2022,S22,2022,Fintech,Fintech,
26880,airhart-aeronautics,Summer 2022,S22,2022,Industrials -> Aviation and Space,Industrials,Aviation and Space
26666,airtrain-ai,Summer 2022,S22,2022,B2B -> Infrastructure,B2B,Infrastructure
26501,albiware-inc,Summer 2022,S22,2022,Real Estate and Construction -> Construction,Real Estate and Construction,Construction
27249,aldara,Summer 2022,S22,2022,Real Estate and Construction,Real Estate and Construction,
27191,algotest,Summer 2022,S22,2022,Fintech,Fintech,
26681,alma,Summer 2022,S22,2022,Fintech -> Consumer Finance,Fintech,Consumer Finance
27159,almond,Summer 2022,S22,2022,Healthcare -> Consumer Health and Wellness,Healthcare,Consumer Health and Wellness
26719,alterya,Summer 2022,S22,2022,Fintech,Fintech,
27049,anchor,Summer 2022,S22,2022,Fintech,Fintech,
26885,anythingllm,Summer 2022,S22,2022,Consumer,Consumer,
26802,apply-design,Summer 2022,S22,2022,Real Estate and Construction,Real Estate and Construction,
26813,aragorn-ai,Summer 2022,S22,2022,B2B -> Human Resources,B2B,Human Resources
27045,argovox,Summer 2022,S22,2022,Fintech,Fintech,
26736,array-labs,Summer 2022,S22,2022,Industrials -> Aviation and Space,Industrials,Aviation and Space
27042,artemis-search,Summer 2022,S22,2022,B2B,B2B,
27046,atlaswork,Summer 2022,S22,2022,B2B,B2B,
26913,aurelian,Summer 2022,S22,2022,B2B,B2B,
26897,aviaryai,Summer 2022,S22,2022,Fintech,Fintech,
27141,avina,Summer 2022,S22,2022,B2B -> Sales,B2B,Sales
27250,axle,Summer 2022,S22,2022,Fintech,Fintech,
26749,ballerine,Summer 2022,S22,2022,Fintech,Fintech,
26564,banabo,Summer 2022,S22,2022,B2B -> Marketing,B2B,Marketing
26850,biggerpicture,Summer 2022,S22,2022,B2B,B2B,
26675,birch-biosciences,Summer 2022,S22,2022,Industrials -> Climate,Industrials,Climate
26881,bitstack,Summer 2022,S22,2022,Fintech,Fintech,
26778,blee,Summer 2022,S22,2022,Fintech,Fintech,
26717,blitz,Summer 2022,S22,2022,B2B -> Operations,B2B,Operations
27167,blockscope,Summer 2022,S22,2022,B2B -> Infrastructure,B2B,Infrastructure
26740,bluehill-payments,Summer 2022,S22,2022,B2B -> Productivity,B2B,Productivity
26742,boostly,Summer 2022,S22,2022,B2B -> Marketing,B2B,Marketing
27140,boton,Summer 2022,S22,2022,B2B -> Finance and Accounting,B2B,Finance and Accounting
26732,bricksai,Summer 2022,S22,2022,B2B -> Infrastructure,B2B,Infrastructure
26770,bridgecard,Summer 2022,S22,2022,Fintech -> Payments,Fintech,Payments
26712,bunting-labs,Summer 2022,S22,2022,B2B,B2B,
27221,capsule,Summer 2022,S22,2022,Consumer -> Apparel and Cosmetics,Consumer,Apparel and Cosmetics
26725,codexa,Summer 2022,S22,2022,Fintech -> Payments,Fintech,Payments
27248,cambio-2,Summer 2022,S22,2022,Real Estate and Construction,Real Estate and Construction,
26794,capix,Summer 2022,S22,2022,Fintech,Fintech,
26782,cashboard,Summer 2022,S22,2022,B2B -> Finance and Accounting,B2B,Finance and Accounting
26718,cerrion,Summer 2022,S22,2022,Industrials,Industrials,
26730,champ,Summer 2022,S22,2022,B2B -> Sales,B2B,Sales
26707,chariot-2,Summer 2022,S22,2022,Fintech -> Payments,Fintech,Payments
26660,chordio,Summer 2022,S22,2022,"B2B -> Engineering, Product and Design",B2B,"Engineering, Product and Design"
26903,chowdeck,Summer 2022,S22,2022,Consumer -> Food and Beverage,Consumer,Food and Beverage
26671,ciro,Summer 2022,S22,2022,B2B -> Sales,B2B,Sales
26554,cisterna-biologics,Summer 2022,S22,2022,Healthcare,Healthcare,
27172,clearline,Summer 2022,S22,2022,"B2B -> Engineering, Product and Design",B2B,"Engineering, Product and Design"
26525,clinikally,Summer 2022,S22,2022,Healthcare -> Consumer Health and Wellness,Healthcare,Consumer Health and Wellness
27039,cobbery,Summer 2022,S22,2022,B2B -> Legal,B2B,Legal
26781,codecrafters,Summer 2022,S22,2022,Consumer -> Job and Career Services,Consumer,Job and Career Services
27090,compup,Summer 2022,S22,2022,B2B -> Human Resources,B2B,Human Resources
27253,cone,Summer 2022,S22,2022,B2B -> Finance and Accounting,B2B,Finance and Accounting
26882,coris,Summer 2022,S22,2022,B2B -> Infrastructure,B2B,Infrastructure
26724,coupl,Summer 2022,S22,2022,Fintech -> Banking and Exchange,Fintech,Banking and Exchange
27260,coverage-cat,Summer 2022,S22,2022,Fintech -> Insurance,Fintech,Insurance
26739,craze,Summer 2022,S22,2022,Consumer -> Content,Consumer,Content
26723,customeros,Summer 2022,S22,2022,B2B -> Sales,B2B,Sales
26752,delegasi,Summer 2022,S22,2022,B2B -> Finance and Accounting,B2B,Finance and Accounting
27206,delfino-ai,Summer 2022,S22,2022,Healthcare -> Healthcare IT,Healthcare,Healthcare IT
26663,denormalized,Summer 2022,S22,2022,B2B -> Infrastructure,B2B,Infrastructure
27264,dev-tools-ai,Summer 2022,S22,2022,"B2B -> Engineering, Product and Design",B2B,"Engineering, Product and Design"
26711,devyce,Summer 2022,S22,2022,B2B -> Operations,B2B,Operations
26673,dialect-2,Summer 2022,S22,2022,B2B -> Productivity,B2B,Productivity
26768,disclo,Summer 2022,S22,2022,B2B -> Human Resources,B2B,Human Resources
26709,dittofeed,Summer 2022,S22,2022,B2B -> Marketing,B2B,Marketing
26898,diversion,Summer 2022,S22,2022,"B2B -> Engineering, Product and Design",B2B,"Engineering, Product and Design"
26735,dr-treat,Summer 2022,S22,2022,Healthcare -> Healthcare Services,Healthcare,Healthcare Services
27160,drahim,Summer 2022,S22,2022,Fintech,Fintech,
27150,drip,Summer 2022,S22,2022,Fintech -> Payments,Fintech,Payments
27054,ekho,Summer 2022,S22,2022,B2B -> Supply Chain and Logistics,B2B,Supply Chain and Logistics
26668,elessar,Summer 2022,S22,2022,B2B -> Productivity,B2B,Productivity
25059,emerge-career,Summer 2022,S22,2022,Education,Education,
27165,entvin,Summer 2022,S22,2022,Healthcare -> Healthcare IT,Healthcare,Healthcare IT
26743,ethosx,Summer 2022,S22,2022,Fintech,Fintech,
26427,eugit-therapeutics,Summer 2022,S22,2022,Healthcare -> Therapeutics,Healthcare,Therapeutics
26801,evoly,Summer 2022,S22,2022,Industrials -> Energy,Industrials,Energy
27175,express-building,Summer 2022,S22,2022,Real Estate and Construction -> Housing and Real Estate,Real Estate and Construction,Housing and Real Estate
27041,feather-2,Summer 2022,S22,2022,B2B,B2B,
26737,fetii,Summer 2022,S22,2022,Consumer -> Transportation Services,Consumer,Transportation Services
27038,fini,Summer 2022,S22,2022,B2B -> Operations,B2B,Operations
27152,firecrawl,Summer 2022,S22,2022,B2B,B2B,
26825,flair-labs,Summer 2022,S22,2022,B2B,B2B,
27219,flatx,Summer 2022,S22,2022,Real Estate and Construction -> Housing and Real Estate,Real Estate and Construction,Housing and Real Estate
26901,flycode,Summer 2022,S22,2022,Fintech,Fintech,
27147,foodcourt,Summer 2022,S22,2022,Consumer -> Food and Beverage,Consumer,Food and Beverage
27040,grai,Summer 2022,S22,2022,B2B -> Infrastructure,B2B,Infrastructure
27263,guardian-bio,Summer 2022,S22,2022,Healthcare -> Therapeutics,Healthcare,Therapeutics
26795,gullak-money,Summer 2022,S22,2022,Fintech,Fintech,
27109,homli,Summer 2022,S22,2022,Real Estate and Construction -> Housing and Real Estate,Real Estate and Construction,Housing and Real Estate
26883,hedgehog-2,Summer 2022,S22,2022,Industrials -> Manufacturing and Robotics,Industrials,Manufacturing and Robotics
26812,hype,Summer 2022,S22,2022,Consumer,Consumer,
26657,hyperdx,Summer 2022,S22,2022,"B2B -> Engineering, Product and Design",B2B,"Engineering, Product and Design"
26818,hypestream,Summer 2022,S22,2022,B2B,B2B,
26806,illuminant-surgical,Summer 2022,S22,2022,Healthcare -> Medical Devices,Healthcare,Medical Devices
26722,impractical,Summer 2022,S22,2022,"B2B -> Engineering, Product and Design",B2B,"Engineering, Product and Design"
27224,invision-medical-technology,Summer 2022,S22,2022,Healthcare,Healthcare,
26655,instant,Summer 2022,S22,2022,"B2B -> Engineering, Product and Design",B2B,"Engineering, Product and Design"
27261,integrated-reasoning,Summer 2022,S22,2022,"B2B -> Engineering, Product and Design",B2B,"Engineering, Product and Design"
26738,integration-labs,Summer 2022,S22,2022,B2B,B2B,
27255,intuned,Summer 2022,S22,2022,"B2B -> Engineering, Product and Design",B2B,"Engineering, Product and Design"
27142,invofox,Summer 2022,S22,2022,B2B -> Finance and Accounting,B2B,Finance and Accounting
27173,jamble,Summer 2022,S22,2022,Consumer -> Apparel and Cosmetics,Consumer,Apparel and Cosmetics
27158,jasmine-energy,Summer 2022,S22,2022,B2B -> Operations,B2B,Operations
26800,juicebox,Summer 2022,S22,2022,B2B -> Recruiting and Talent,B2B,Recruiting and Talent
26670,julius,Summer 2022,S22,2022,B2B,B2B,
27222,kamion,Summer 2022,S22,2022,B2B -> Supply Chain and Logistics,B2B,Supply Chain and Logistics
27205,kashin,Summer 2022,S22,2022,Fintech -> Credit and Lending,Fintech,Credit and Lending
27124,kemnet,Summer 2022,S22,2022,Healthcare -> Healthcare IT,Healthcare,Healthcare IT
25151,keylika,Summer 2022,S22,2022,Healthcare -> Therapeutics,Healthcare,Therapeutics
27185,knowtex,Summer 2022,S22,2022,Healthcare -> Healthcare IT,Healthcare,Healthcare IT
27050,kombo,Summer 2022,S22,2022,B2B,B2B,
27161,krave-mart,Summer 2022,S22,2022,Consumer -> Food and Beverage,Consumer,Food and Beverage
27092,lamin,Summer 2022,S22,2022,B2B -> Infrastructure,B2B,Infrastructure
27252,landeed,Summer 2022,S22,2022,Fintech,Fintech,
26890,latent-space,Summer 2022,S22,2022,Consumer,Consumer,
26505,layerup,Summer 2022,S22,2022,B2B,B2B,
27157,levers,Summer 2022,S22,2022,B2B -> Finance and Accounting,B2B,Finance and Accounting
27251,lotus,Summer 2022,S22,2022,B2B -> Finance and Accounting,B2B,Finance and Accounting
26753,lyra,Summer 2022,S22,2022,Consumer,Consumer,
26658,magic-2,Summer 2022,S22,2022,Fintech -> Payments,Fintech,Payments
26708,makeasite,Summer 2022,S22,2022,Consumer,Consumer,
26809,malama-health,Summer 2022,S22,2022,Healthcare,Healthcare,
26899,manatee,Summer 2022,S22,2022,B2B -> Sales,B2B,Sales
27268,materee,Summer 2022,S22,2022,B2B,B2B,
26807,maverickx,Summer 2022,S22,2022,Industrials -> Energy,Industrials,Energy
26902,maya-labs,Summer 2022,S22,2022,B2B -> Productivity,B2B,Productivity
26413,medplum,Summer 2022,S22,2022,Healthcare -> Healthcare IT,Healthcare,Healthcare IT
26669,mercator,Summer 2022,S22,2022,B2B,B2B,
27037,metriport,Summer 2022,S22,2022,Healthcare -> Healthcare IT,Healthcare,Healthcare IT
26756,midplane,Summer 2022,S22,2022,"B2B -> Engineering, Product and Design",B2B,"Engineering, Product and Design"
26851,mistle,Summer 2022,S22,2022,"B2B -> Engineering, Product and Design",B2B,"Engineering, Product and Design"
26727,moneco,Summer 2022,S22,2022,Fintech -> Banking and Exchange,Fintech,Banking and Exchange
27174,monterey-ai,Summer 2022,S22,2022,"B2B -> Engineering, Product and Design",B2B,"Engineering, Product and Design"
27269,morf-health,Summer 2022,S22,2022,Healthcare -> Healthcare IT,Healthcare,Healthcare IT
27177,movinglake,Summer 2022,S22,2022,"B2B -> Engineering, Product and Design",B2B,"Engineering, Product and Design"
26819,namecard-ai,Summer 2022,S22,2022,B2B,B2B,
26872,neosync,Summer 2022,S22,2022,B2B -> Infrastructure,B2B,Infrastructure
26860,newscatcher,Summer 2022,S22,2022,B2B -> Analytics,B2B,Analytics
26779,notebook-labs,Summer 2022,S22,2022,B2B,B2B,
26754,novig,Summer 2022,S22,2022,Consumer -> Gaming,Consumer,Gaming
26750,numind,Summer 2022,S22,2022,"B2B -> Engineering, Product and Design",B2B,"Engineering, Product and Design"
27162,oneleet,Summer 2022,S22,2022,B2B -> Security,B2B,Security
26814,ordinary-seafood,Summer 2022,S22,2022,Consumer -> Food and Beverage,Consumer,Food and Beverage
26776,overwatch,Summer 2022,S22,2022,B2B -> Security,B2B,Security
26662,paces,Summer 2022,S22,2022,Industrials -> Climate,Industrials,Climate
26476,pana,Summer 2022,S22,2022,Fintech -> Banking and Exchange,Fintech,Banking and Exchange
26741,paragon-ai,Summer 2022,S22,2022,B2B -> Sales,B2B,Sales
26713,pasito,Summer 2022,S22,2022,Fintech -> Insurance,Fintech,Insurance
27048,payfura,Summer 2022,S22,2022,Fintech -> Payments,Fintech,Payments
26811,payload,Summer 2022,S22,2022,"B2B -> Engineering, Product and Design",B2B,"Engineering, Product and Design"
26676,penguin-ai,Summer 2022,S22,2022,B2B -> Sales,B2B,Sales
26877,peoplebox,Summer 2022,S22,2022,B2B -> Human Resources,B2B,Human Resources
26808,phind,Summer 2022,S22,2022,Consumer,Consumer,
27267,ping,Summer 2022,S22,2022,Fintech,Fintech,
27262,pivo-technology-inc,Summer 2022,S22,2022,Fintech,Fintech,
26900,pluralith,Summer 2022,S22,2022,B2B -> Infrastructure,B2B,Infrastructure
27047,plutto,Summer 2022,S22,2022,B2B -> Infrastructure,B2B,Infrastructure
26480,poly,Summer 2022,S22,2022,Consumer,Consumer,
27361,polymath-robotics,Summer 2022,S22,2022,Industrials -> Manufacturing and Robotics,Industrials,Manufacturing and Robotics
26796,popsy,Summer 2022,S22,2022,B2B -> Marketing,B2B,Marketing
27137,primevault,Summer 2022,S22,2022,Fintech -> Asset Management,Fintech,Asset Management
26863,provision,Summer 2022,S22,2022,B2B -> Infrastructure,B2B,Infrastructure
26862,pulppo,Summer 2022,S22,2022,Real Estate and Construction -> Housing and Real Estate,Real Estate and Construction,Housing and Real Estate
27178,pump-co,Summer 2022,S22,2022,Fintech,Fintech,
27052,quindar,Summer 2022,S22,2022,B2B,B2B,
26912,quinn,Summer 2022,S22,2022,Healthcare -> Drug Discovery and Delivery,Healthcare,Drug Discovery and Delivery
27194,rever,Summer 2022,S22,2022,Fintech,Fintech,
26783,raven,Summer 2022,S22,2022,"B2B -> Engineering, Product and Design",B2B,"Engineering, Product and Design"
27096,relate,Summer 2022,S22,2022,B2B -> Sales,B2B,Sales
27095,relay-health,Summer 2022,S22,2022,Healthcare -> Consumer Health and Wellness,Healthcare,Consumer Health and Wellness
27168,relevium-medical,Summer 2022,S22,2022,Healthcare -> Therapeutics,Healthcare,Therapeutics
26907,rima-ai,Summer 2022,S22,2022,B2B -> Finance and Accounting,B2B,Finance and Accounting
26797,rio,Summer 2022,S22,2022,Fintech -> Payments,Fintech,Payments
27085,roforco,Summer 2022,S22,2022,Consumer -> Gaming,Consumer,Gaming
26733,roxels,Summer 2022,S22,2022,B2B,B2B,
26715,ruleset,Summer 2022,S22,2022,B2B,B2B,
27108,sanifu,Summer 2022,S22,2022,B2B -> Operations,B2B,Operations
27190,sculpt,Summer 2022,S22,2022,"B2B -> Engineering, Product and Design",B2B,"Engineering, Product and Design"
26784,seaflight-technologies,Summer 2022,S22,2022,Industrials -> Aviation and Space,Industrials,Aviation and Space
26734,serinus-biosciences,Summer 2022,S22,2022,Healthcare -> Therapeutics,Healthcare,Therapeutics
26871,shipmates,Summer 2022,S22,2022,B2B -> Supply Chain and Logistics,B2B,Supply Chain and Logistics
26693,sigmamind-ai,Summer 2022,S22,2022,B2B,B2B,
26751,signatur-biosciences,Summer 2022,S22,2022,Healthcare -> Diagnostics,Healthcare,Diagnostics
25249,silkchart,Summer 2022,S22,2022,B2B -> Sales,B2B,Sales
26847,slauth-io,Summer 2022,S22,2022,B2B -> Infrastructure,B2B,Infrastructure
26852,slidely-ai,Summer 2022,S22,2022,B2B -> Productivity,B2B,Productivity
27176,slingshot,Summer 2022,S22,2022,Healthcare,Healthcare,
27151,solum-health,Summer 2022,S22,2022,Healthcare,Healthcare,
27155,sonnet,Summer 2022,S22,2022,B2B -> Sales,B2B,Sales
26705,stackup,Summer 2022,S22,2022,"B2B -> Engineering, Product and Design",B2B,"Engineering, Product and Design"
26667,star,Summer 2022,S22,2022,Consumer -> Gaming,Consumer,Gaming
26780,stellar,Summer 2022,S22,2022,B2B,B2B,
26661,stream,Summer 2022,S22,2022,Fintech -> Insurance,Fintech,Insurance
26755,sunlight,Summer 2022,S22,2022,Fintech,Fintech,
27146,sunpia,Summer 2022,S22,2022,B2B -> Infrastructure,B2B,Infrastructure
27154,superbar,Summer 2022,S22,2022,B2B -> Marketing,B2B,Marketing
26706,superpowered-ai,Summer 2022,S22,2022,B2B,B2B,
26869,sytex,Summer 2022,S22,2022,B2B -> Productivity,B2B,Productivity
26710,tailor,Summer 2022,S22,2022,B2B,B2B,
26803,tank-payments,Summer 2022,S22,2022,Fintech -> Payments,Fintech,Payments
27184,taro,Summer 2022,S22,2022,B2B -> Recruiting and Talent,B2B,Recruiting and Talent
26810,ten-lives,Summer 2022,S22,2022,Consumer -> Food and Beverage,Consumer,Food and Beverage
26870,thera,Summer 2022,S22,2022,B2B,B2B,
25267,tigereye,Summer 2022,S22,2022,Real Estate and Construction -> Construction,Real Estate and Construction,Construction
26764,tranch,Summer 2022,S22,2022,Fintech -> Payments,Fintech,Payments
27091,trendex-connect-with-stars,Summer 2022,S22,2022,Consumer,Consumer,
26720,truebiz,Summer 2022,S22,2022,B2B -> Operations,B2B,Operations
26690,truva,Summer 2022,S22,2022,B2B -> Marketing,B2B,Marketing
26704,two-dots,Summer 2022,S22,2022,Fintech -> Consumer Finance,Fintech,Consumer Finance
27143,typeless,Summer 2022,S22,2022,B2B,B2B,
26859,typewise,Summer 2022,S22,2022,B2B -> Productivity,B2B,Productivity
27051,unthread,Summer 2022,S22,2022,B2B -> Productivity,B2B,Productivity
27153,uplink,Summer 2022,S22,2022,B2B -> Productivity,B2B,Productivity
27198,velontra,Summer 2022,S22,2022,Industrials -> Aviation and Space,Industrials,Aviation and Space
26703,versa,Summer 2022,S22,2022,B2B -> Finance and Accounting,B2B,Finance and Accounting
27055,vinci-games,Summer 2022,S22,2022,Consumer -> Gaming,Consumer,Gaming
27195,vizzly,Summer 2022,S22,2022,B2B -> Analytics,B2B,Analytics
26763,voltic,Summer 2022,S22,2022,Industrials -> Climate,Industrials,Climate
27078,wand-solar,Summer 2022,S22,2022,Industrials -> Climate,Industrials,Climate
26659,weltio,Summer 2022,S22,2022,Fintech -> Asset Management,Fintech,Asset Management
26793,windmill,Summer 2022,S22,2022,B2B -> Infrastructure,B2B,Infrastructure
26654,wolfia,Summer 2022,S22,2022,B2B -> Sales,B2B,Sales
27166,wondercraft,Summer 2022,S22,2022,B2B -> Marketing,B2B,Marketing
26876,zoltar-labs,Summer 2022,S22,2022,B2B,B2B,
27164,autone,Summer 2022,S22,2022,B2B -> Retail,B2B,Retail
26716,erad,Summer 2022,S22,2022,Fintech,Fintech,
26726,ilumadata,Summer 2022,S22,2022,B2B -> Analytics,B2B,Analytics
27094,nsave,Summer 2022,S22,2022,Fintech,Fintech,
27906,1stcollab,Winter 2023,W23,2023,B2B -> Marketing,B2B,Marketing
27925,222,Winter 2023,W23,2023,Consumer,Consumer,
28367,adri-ai,Winter 2023,W23,2023,B2B,B2B,
28158,adventris-pharmaceuticals,Winter 2023,W23,2023,Healthcare -> Drug Discovery and Delivery,Healthcare,Drug Discovery and Delivery
27968,alaan,Winter 2023,W23,2023,Fintech -> Payments,Fintech,Payments
27840,alloy,Winter 2023,W23,2023,B2B -> Productivity,B2B,Productivity
26884,alphawatch-ai,Winter 2023,W23,2023,Fintech,Fintech,
27923,ariglad,Winter 2023,W23,2023,B2B -> Operations,B2B,Operations
27971,arroyo,Winter 2023,W23,2023,B2B -> Infrastructure,B2B,Infrastructure
28214,atmeto,Winter 2023,W23,2023,Industrials -> Energy,Industrials,Energy
28414,automat,Winter 2023,W23,2023,B2B -> Operations,B2B,Operations
27655,avoca,Winter 2023,W23,2023,B2B,B2B,
27701,backdrop,Winter 2023,W23,2023,B2B,B2B,
28127,benchmark,Winter 2023,W23,2023,B2B -> Finance and Accounting,B2B,Finance and Accounting
28111,berry,Winter 2023,W23,2023,B2B -> Operations,B2B,Operations
27834,bluebirds,Winter 2023,W23,2023,B2B -> Sales,B2B,Sales
27862,bluedot,Winter 2023,W23,2023,Fintech,Fintech,
27672,blyss,Winter 2023,W23,2023,B2B -> Security,B2B,Security
27894,booth-ai,Winter 2023,W23,2023,B2B -> Retail,B2B,Retail
27938,boundary,Winter 2023,W23,2023,B2B,B2B,
27712,brewit,Winter 2023,W23,2023,B2B -> Analytics,B2B,Analytics
27893,buildjet,Winter 2023,W23,2023,"B2B -> Engineering, Product and Design",B2B,"Engineering, Product and Design"
27841,bujeti,Winter 2023,W23,2023,B2B -> Finance and Accounting,B2B,Finance and Accounting
27810,cakework,Winter 2023,W23,2023,B2B -> Infrastructure,B2B,Infrastructure
27676,cardinal,Winter 2023,W23,2023,"B2B -> Engineering, Product and Design",B2B,"Engineering, Product and Design"
27842,chart,Winter 2023,W23,2023,Fintech,Fintech,
27254,chima,Winter 2023,W23,2023,B2B,B2B,
27879,choppy,Winter 2023,W23,2023,Consumer -> Food and Beverage,Consumer,Food and Beverage
28070,clad,Winter 2023,W23,2023,Real Estate and Construction -> Construction,Real Estate and Construction,Construction
28013,clearspace,Winter 2023,W23,2023,Consumer,Consumer,
27936,clickpe,Winter 2023,W23,2023,Fintech -> Credit and Lending,Fintech,Credit and Lending
27844,cloudchipr,Winter 2023,W23,2023,B2B,B2B,
27982,clueso,Winter 2023,W23,2023,"B2B -> Engineering, Product and Design",B2B,"Engineering, Product and Design"
27853,cobblestone,Winter 2023,W23,2023,Real Estate and Construction,Real Estate and Construction,
28108,codeparrot-ai,Winter 2023,W23,2023,"B2B -> Engineering, Product and Design",B2B,"Engineering, Product and Design"
27991,coldreach,Winter 2023,W23,2023,B2B -> Sales,B2B,Sales
27966,combinehealth,Winter 2023,W23,2023,Healthcare -> Healthcare IT,Healthcare,Healthcare IT
28093,common-paper,Winter 2023,W23,2023,B2B -> Sales,B2B,Sales
27699,concourse,Winter 2023,W23,2023,B2B -> Finance and Accounting,B2B,Finance and Accounting
28110,conduit,Winter 2023,W23,2023,B2B -> Supply Chain and Logistics,B2B,Supply Chain and Logistics
28094,constant,Winter 2023,W23,2023,Fintech -> Asset Management,Fintech,Asset Management
27824,coperniq,Winter 2023,W23,2023,B2B -> Supply Chain and Logistics,B2B,Supply Chain and Logistics
28077,corgi-labs,Winter 2023,W23,2023,Fintech -> Payments,Fintech,Payments
27839,cosine,Winter 2023,W23,2023,B2B,B2B,
27825,creatorml,Winter 2023,W23,2023,B2B -> Analytics,B2B,Analytics
27690,credal-ai,Winter 2023,W23,2023,B2B -> Productivity,B2B,Productivity
28081,dagworks-inc,Winter 2023,W23,2023,B2B,B2B,
27703,dashdive,Winter 2023,W23,2023,"B2B -> Engineering, Product and Design",B2B,"Engineering, Product and Design"
27867,datasuite,Winter 2023,W23,2023,B2B -> Legal,B2B,Legal
27812,dataglade,Winter 2023,W23,2023,Fintech,Fintech,
28097,decohere,Winter 2023,W23,2023,Consumer -> Content,Consumer,Content
27972,defer,Winter 2023,W23,2023,"B2B -> Engineering, Product and Design",B2B,"Engineering, Product and Design"
27708,demospace,Winter 2023,W23,2023,B2B,B2B,
27693,depot,Winter 2023,W23,2023,"B2B -> Engineering, Product and Design",B2B,"Engineering, Product and Design"
27668,designbase,Winter 2023,W23,2023,"B2B -> Engineering, Product and Design",B2B,"Engineering, Product and Design"
28037,diffuse-bio,Winter 2023,W23,2023,Healthcare -> Drug Discovery and Delivery,Healthcare,Drug Discovery and Delivery
28092,dill,Winter 2023,W23,2023,B2B -> Finance and Accounting,B2B,Finance and Accounting
27763,double-coding-copilot,Winter 2023,W23,2023,"B2B -> Engineering, Product and Design",B2B,"Engineering, Product and Design"
27686,drdroid,Winter 2023,W23,2023,"B2B -> Engineering, Product and Design",B2B,"Engineering, Product and Design"
27860,dream3d,Winter 2023,W23,2023,"B2B -> Engineering, Product and Design",B2B,"Engineering, Product and Design"
27967,echo,Winter 2023,W23,2023,B2B,B2B,
28128,edge,Winter 2023,W23,2023,B2B -> Legal,B2B,Legal
27809,edgebit,Winter 2023,W23,2023,B2B -> Security,B2B,Security
28071,epsilon,Winter 2023,W23,2023,Education,Education,
28216,escape,Winter 2023,W23,2023,B2B -> Security,B2B,Security
27871,extend,Winter 2023,W23,2023,B2B,B2B,
27883,ezdubs,Winter 2023,W23,2023,Consumer,Consumer,
28119,fabius,Winter 2023,W23,2023,B2B -> Sales,B2B,Sales
27939,factiq,Winter 2023,W23,2023,Fintech -> Asset Management,Fintech,Asset Management
27945,fairway-health,Winter 2023,W23,2023,Healthcare -> Healthcare IT,Healthcare,Healthcare IT
27974,fastgen,Winter 2023,W23,2023,"B2B -> Engineering, Product and Design",B2B,"Engineering, Product and Design"
28103,fern,Winter 2023,W23,2023,"B2B -> Engineering, Product and Design",B2B,"Engineering, Product and Design"
28371,fetchr,Winter 2023,W23,2023,Consumer -> Apparel and Cosmetics,Consumer,Apparel and Cosmetics
27952,finic,Winter 2023,W23,2023,Fintech,Fintech,
28160,finni-health,Winter 2023,W23,2023,Healthcare -> Consumer Health and Wellness,Healthcare,Consumer Health and Wellness
28410,finta,Winter 2023,W23,2023,B2B -> Finance and Accounting,B2B,Finance and Accounting
27927,fintool,Winter 2023,W23,2023,B2B -> Finance and Accounting,B2B,Finance and Accounting
27670,finvest,Winter 2023,W23,2023,Fintech -> Consumer Finance,Fintech,Consumer Finance
27704,flexdesk,Winter 2023,W23,2023,B2B -> Office Management,B2B,Office Management
27819,flexwash,Winter 2023,W23,2023,B2B -> Operations,B2B,Operations
27838,flower,Winter 2023,W23,2023,B2B,B2B,
27873,floworks,Winter 2023,W23,2023,B2B -> Sales,B2B,Sales
27946,fluid-markets,Winter 2023,W23,2023,Fintech -> Banking and Exchange,Fintech,Banking and Exchange
27852,frigade,Winter 2023,W23,2023,"B2B -> Engineering, Product and Design",B2B,"Engineering, Product and Design"
27766,glass-health,Winter 2023,W23,2023,Healthcare -> Healthcare IT,Healthcare,Healthcare IT
27818,gluetrail,Winter 2023,W23,2023,B2B -> Marketing,B2B,Marketing
27899,goodcourse,Winter 2023,W23,2023,B2B,B2B,
27843,gooseworks,Winter 2023,W23,2023,B2B -> Marketing,B2B,Marketing
27822,goveagle,Winter 2023,W23,2023,Government,Government,
27943,hadrius,Winter 2023,W23,2023,Fintech -> Asset Management,Fintech,Asset Management
27710,hammr,Winter 2023,W23,2023,B2B -> Human Resources,B2B,Human Resources
27855,haven-2,Winter 2023,W23,2023,B2B,B2B,
27919,helicone,Winter 2023,W23,2023,B2B -> Analytics,B2B,Analytics
28072,helios,Winter 2023,W23,2023,B2B,B2B,
28091,hindsight,Winter 2023,W23,2023,B2B -> Sales,B2B,Sales
27956,hippo-scribe,Winter 2023,W23,2023,Healthcare,Healthcare,
27921,homeflow,Winter 2023,W23,2023,Real Estate and Construction -> Housing and Real Estate,Real Estate and Construction,Housing and Real Estate
27961,hona,Winter 2023,W23,2023,B2B -> Legal,B2B,Legal
27951,honeydew,Winter 2023,W23,2023,B2B -> Analytics,B2B,Analytics
27911,icepanel,Winter 2023,W23,2023,"B2B -> Engineering, Product and Design",B2B,"Engineering, Product and Design"
27875,iliad,Winter 2023,W23,2023,B2B,B2B,
27705,indexical,Winter 2023,W23,2023,B2B -> Infrastructure,B2B,Infrastructure
27957,infinia,Winter 2023,W23,2023,Fintech -> Payments,Fintech,Payments
27664,infisical,Winter 2023,W23,2023,B2B -> Security,B2B,Security
27881,inkeep,Winter 2023,W23,2023,"B2B -> Engineering, Product and Design",B2B,"Engineering, Product and Design"
28113,interlock,Winter 2023,W23,2023,B2B,B2B,
28159,invitris,Winter 2023,W23,2023,Healthcare -> Drug Discovery and Delivery,Healthcare,Drug Discovery and Delivery
28079,invopop,Winter 2023,W23,2023,B2B -> Finance and Accounting,B2B,Finance and Accounting
27902,kv-cash,Winter 2023,W23,2023,B2B -> Infrastructure,B2B,Infrastructure
28074,keep,Winter 2023,W23,2023,"B2B -> Engineering, Product and Design",B2B,"Engineering, Product and Design"
27858,kivo-health,Winter 2023,W23,2023,Healthcare -> Healthcare Services,Healthcare,Healthcare Services
27953,koywe,Winter 2023,W23,2023,Fintech,Fintech,
28218,kyber,Winter 2023,W23,2023,B2B -> Operations,B2B,Operations
27669,laminate,Winter 2023,W23,2023,Fintech,Fintech,
27870,langfuse,Winter 2023,W23,2023,"B2B -> Engineering, Product and Design",B2B,"Engineering, Product and Design"
27700,latent,Winter 2023,W23,2023,Healthcare -> Healthcare IT,Healthcare,Healthcare IT
27201,lavo-life-sciences,Winter 2023,W23,2023,Healthcare -> Drug Discovery and Delivery,Healthcare,Drug Discovery and Delivery
27687,layup,Winter 2023,W23,2023,B2B,B2B,
28361,lightski,Winter 2023,W23,2023,"B2B -> Engineering, Product and Design",B2B,"Engineering, Product and Design"
27836,linkgrep,Winter 2023,W23,2023,B2B -> Productivity,B2B,Productivity
27675,linum,Winter 2023,W23,2023,Consumer,Consumer,
28409,litellm,Winter 2023,W23,2023,B2B,B2B,
28090,littio,Winter 2023,W23,2023,Fintech -> Consumer Finance,Fintech,Consumer Finance
27985,loula,Winter 2023,W23,2023,Healthcare -> Healthcare Services,Healthcare,Healthcare Services
28129,luca,Winter 2023,W23,2023,B2B -> Retail,B2B,Retail
27697,lume-2,Winter 2023,W23,2023,"B2B -> Engineering, Product and Design",B2B,"Engineering, Product and Design"
27713,lynx,Winter 2023,W23,2023,"B2B -> Engineering, Product and Design",B2B,"Engineering, Product and Design"
27691,magic-patterns,Winter 2023,W23,2023,"B2B -> Engineering, Product and Design",B2B,"Engineering, Product and Design"
27909,magicflow,Winter 2023,W23,2023,B2B -> Infrastructure,B2B,Infrastructure
27989,magnaplay,Winter 2023,W23,2023,"B2B -> Engineering, Product and Design",B2B,"Engineering, Product and Design"
28006,mantys,Winter 2023,W23,2023,B2B -> Operations,B2B,Operations
27677,matano,Winter 2023,W23,2023,B2B -> Security,B2B,Security
28089,maxi,Winter 2023,W23,2023,Fintech -> Consumer Finance,Fintech,Consumer Finance
27740,mercoa,Winter 2023,W23,2023,Fintech,Fintech,
28183,metal,Winter 2023,W23,2023,B2B -> Finance and Accounting,B2B,Finance and Accounting
28421,metal-2,Winter 2023,W23,2023,B2B,B2B,
27666,middleware,Winter 2023,W23,2023,B2B -> Infrastructure,B2B,Infrastructure
28007,milio,Winter 2023,W23,2023,Fintech,Fintech,
27671,miracle,Winter 2023,W23,2023,Healthcare -> Drug Discovery and Delivery,Healthcare,Drug Discovery and Delivery
28205,modulari-t,Winter 2023,W23,2023,Healthcare -> Therapeutics,Healthcare,Therapeutics
27424,mogara,Winter 2023,W23,2023,B2B -> Finance and Accounting,B2B,Finance and Accounting
28048,muffin-data,Winter 2023,W23,2023,B2B -> Analytics,B2B,Analytics
27702,mulligan,Winter 2023,W23,2023,B2B,B2B,
27728,nango,Winter 2023,W23,2023,"B2B -> Engineering, Product and Design",B2B,"Engineering, Product and Design"
27814,narrative,Winter 2023,W23,2023,"B2B -> Engineering, Product and Design",B2B,"Engineering, Product and Design"
27831,neptyne,Winter 2023,W23,2023,B2B,B2B,
27859,no-cap,Winter 2023,W23,2023,Fintech,Fintech,
27696,novelcare,Winter 2023,W23,2023,Healthcare -> Drug Discovery and Delivery,Healthcare,Drug Discovery and Delivery
27958,noya-software,Winter 2023,W23,2023,"B2B -> Engineering, Product and Design",B2B,"Engineering, Product and Design"
27735,numeral,Winter 2023,W23,2023,B2B -> Finance and Accounting,B2B,Finance and Accounting
27965,odigos-technologies-inc,Winter 2023,W23,2023,B2B -> Infrastructure,B2B,Infrastructure
27815,ofone,Winter 2023,W23,2023,B2B,B2B,
27762,ohm-2,Winter 2023,W23,2023,Industrials,Industrials,
27813,omnistrate,Winter 2023,W23,2023,B2B,B2B,
27674,onetext,Winter 2023,W23,2023,Fintech -> Payments,Fintech,Payments
27949,onshore,Winter 2023,W23,2023,B2B -> Finance and Accounting,B2B,Finance and Accounting
28096,openint,Winter 2023,W23,2023,B2B -> Analytics,B2B,Analytics
27877,openmeter,Winter 2023,W23,2023,B2B -> Infrastructure,B2B,Infrastructure
27816,opensight,Winter 2023,W23,2023,B2B -> Operations,B2B,Operations
27901,orchid,Winter 2023,W23,2023,Healthcare,Healthcare,
27924,outsail-technologies,Winter 2023,W23,2023,Industrials,Industrials,
27868,outerbase,Winter 2023,W23,2023,"B2B -> Engineering, Product and Design",B2B,"Engineering, Product and Design"
27823,overflux,Winter 2023,W23,2023,B2B,B2B,
27898,overlord,Winter 2023,W23,2023,Consumer -> Home and Personal,Consumer,Home and Personal
27754,pair-ai,Winter 2023,W23,2023,Consumer,Consumer,
27714,palomma,Winter 2023,W23,2023,Real Estate and Construction,Real Estate and Construction,
28425,pando-bioscience,Winter 2023,W23,2023,Healthcare -> Industrial Bio,Healthcare,Industrial Bio
27694,paperplane,Winter 2023,W23,2023,Fintech -> Credit and Lending,Fintech,Credit and Lending
27725,parabolic,Winter 2023,W23,2023,B2B,B2B,
28045,peeba,Winter 2023,W23,2023,B2B,B2B,
28301,persana-ai,Winter 2023,W23,2023,B2B -> Sales,B2B,Sales
28112,persist-ai,Winter 2023,W23,2023,Healthcare -> Drug Discovery and Delivery,Healthcare,Drug Discovery and Delivery
28175,pier,Winter 2023,W23,2023,B2B,B2B,
28416,pierre,Winter 2023,W23,2023,"B2B -> Engineering, Product and Design",B2B,"Engineering, Product and Design"
27695,pigeon,Winter 2023,W23,2023,B2B,B2B,
27837,pirros,Winter 2023,W23,2023,"B2B -> Engineering, Product and Design",B2B,"Engineering, Product and Design"
28073,playai,Winter 2023,W23,2023,B2B,B2B,
27785,pledge-health,Winter 2023,W23,2023,Healthcare -> Healthcare IT,Healthcare,Healthcare IT
27880,plutis,Winter 2023,W23,2023,B2B,B2B,
27846,polotab,Winter 2023,W23,2023,B2B,B2B,
27821,poplarml,Winter 2023,W23,2023,"B2B -> Engineering, Product and Design",B2B,"Engineering, Product and Design"
27928,portalform,Winter 2023,W23,2023,B2B -> Infrastructure,B2B,Infrastructure
27992,proglix,Winter 2023,W23,2023,Industrials,Industrials,
27876,propexo,Winter 2023,W23,2023,B2B,B2B,
28069,pylon-2,Winter 2023,W23,2023,B2B -> Operations,B2B,Operations
27878,ruuf,Winter 2023,W23,2023,Consumer,Consumer,
27960,radical,Winter 2023,W23,2023,Industrials -> Aviation and Space,Industrials,Aviation and Space
27915,rainmaker,Winter 2023,W23,2023,Fintech -> Consumer Finance,Fintech,Consumer Finance
27986,rally-tax,Winter 2023,W23,2023,Fintech,Fintech,
27673,reflex,Winter 2023,W23,2023,B2B -> Infrastructure,B2B,Infrastructure
27874,relace,Winter 2023,W23,2023,"B2B -> Engineering, Product and Design",B2B,"Engineering, Product and Design"
27850,repacket,Winter 2023,W23,2023,B2B -> Security,B2B,Security
28098,resend,Winter 2023,W23,2023,"B2B -> Engineering, Product and Design",B2B,"Engineering, Product and Design"
27983,retape,Winter 2023,W23,2023,B2B -> Sales,B2B,Sales
28087,rivet,Winter 2023,W23,2023,B2B -> Infrastructure,B2B,Infrastructure
27692,rollstack-2,Winter 2023,W23,2023,B2B -> Analytics,B2B,Analytics
27734,rubber-ducky-labs,Winter 2023,W23,2023,"B2B -> Engineering, Product and Design",B2B,"Engineering, Product and Design"
27583,rubbrband,Winter 2023,W23,2023,Consumer -> Content,Consumer,Content
27806,ruby-card,Winter 2023,W23,2023,Fintech,Fintech,
27941,sage-ai,Winter 2023,W23,2023,"B2B -> Engineering, Product and Design",B2B,"Engineering, Product and Design"
27808,salient,Winter 2023,W23,2023,B2B,B2B,
27491,sameday,Winter 2023,W23,2023,B2B -> Sales,B2B,Sales
28018,sanvivo,Winter 2023,W23,2023,Healthcare -> Healthcare IT,Healthcare,Healthcare IT
27828,scanbase,Winter 2023,W23,2023,Healthcare -> Diagnostics,Healthcare,Diagnostics
28303,thedailyscout,Winter 2023,W23,2023,Consumer,Consumer,
28368,second,Winter 2023,W23,2023,B2B,B2B,
27942,sensorsurf,Winter 2023,W23,2023,"B2B -> Engineering, Product and Design",B2B,"Engineering, Product and Design"
28221,serial,Winter 2023,W23,2023,"B2B -> Engineering, Product and Design",B2B,"Engineering, Product and Design"
27987,shekel-mobility,Winter 2023,W23,2023,Fintech,Fintech,
27950,sherloq,Winter 2023,W23,2023,B2B -> Analytics,B2B,Analytics
27892,shortloop,Winter 2023,W23,2023,"B2B -> Engineering, Product and Design",B2B,"Engineering, Product and Design"
27947,shortbread,Winter 2023,W23,2023,Consumer -> Content,Consumer,Content
27984,sirdab,Winter 2023,W23,2023,B2B -> Supply Chain and Logistics,B2B,Supply Chain and Logistics
28192,skyhook,Winter 2023,W23,2023,"B2B -> Engineering, Product and Design",B2B,"Engineering, Product and Design"
28082,sorted,Winter 2023,W23,2023,B2B -> Operations,B2B,Operations
28413,speccheck,Winter 2023,W23,2023,B2B,B2B,
28412,speedy-labs,Winter 2023,W23,2023,B2B -> Finance and Accounting,B2B,Finance and Accounting
27667,stackai,Winter 2023,W23,2023,B2B,B2B,
27907,storyboarder,Winter 2023,W23,2023,Consumer -> Content,Consumer,Content
28075,stralis-aircraft,Winter 2023,W23,2023,Industrials -> Aviation and Space,Industrials,Aviation and Space
27684,struct,Winter 2023,W23,2023,B2B,B2B,
27854,suger,Winter 2023,W23,2023,B2B -> Sales,B2B,Sales
28107,superapi,Winter 2023,W23,2023,B2B -> Infrastructure,B2B,Infrastructure
27978,superkalam,Winter 2023,W23,2023,Education,Education,
27685,syncly,Winter 2023,W23,2023,B2B -> Marketing,B2B,Marketing
27897,tableflow,Winter 2023,W23,2023,B2B -> Operations,B2B,Operations
28080,tagsafe,Winter 2023,W23,2023,"B2B -> Engineering, Product and Design",B2B,"Engineering, Product and Design"
27811,tennr,Winter 2023,W23,2023,B2B,B2B,
28180,texel-ai,Winter 2023,W23,2023,B2B -> Infrastructure,B2B,Infrastructure
28382,theya,Winter 2023,W23,2023,Fintech -> Consumer Finance,Fintech,Consumer Finance
27678,traceloop,Winter 2023,W23,2023,B2B,B2B,
27707,trackstar,Winter 2023,W23,2023,B2B -> Supply Chain and Logistics,B2B,Supply Chain and Logistics
27680,trigger-dev,Winter 2023,W23,2023,"B2B -> Engineering, Product and Design",B2B,"Engineering, Product and Design"
27832,trigo,Winter 2023,W23,2023,Fintech -> Credit and Lending,Fintech,Credit and Lending
27896,truewind,Winter 2023,W23,2023,B2B -> Finance and Accounting,B2B,Finance and Accounting
28078,turntable,Winter 2023,W23,2023,B2B -> Analytics,B2B,Analytics
28329,type,Winter 2023,W23,2023,Consumer,Consumer,
26837,unify,Winter 2023,W23,2023,B2B -> Productivity,B2B,Productivity
28008,univerbal,Winter 2023,W23,2023,Education,Education,
28099,unstatiq,Winter 2023,W23,2023,B2B -> Operations,B2B,Operations
28131,untether-labs,Winter 2023,W23,2023,Healthcare,Healthcare,
28372,upfront,Winter 2023,W23,2023,Consumer -> Home and Personal,Consumer,Home and Personal
28418,vaero,Winter 2023,W23,2023,Consumer,Consumer,
27926,variance,Winter 2023,W23,2023,B2B -> Security,B2B,Security
28178,vector,Winter 2023,W23,2023,B2B -> Marketing,B2B,Marketing
28115,vellum,Winter 2023,W23,2023,"B2B -> Engineering, Product and Design",B2B,"Engineering, Product and Design"
27882,velos,Winter 2023,W23,2023,B2B -> Operations,B2B,Operations
27969,vendah,Winter 2023,W23,2023,Consumer,Consumer,
28366,vendora,Winter 2023,W23,2023,B2B -> Retail,B2B,Retail
28162,verata,Winter 2023,W23,2023,B2B,B2B,
27774,versive,Winter 2023,W23,2023,"B2B -> Engineering, Product and Design",B2B,"Engineering, Product and Design"
27683,versori,Winter 2023,W23,2023,B2B -> Infrastructure,B2B,Infrastructure
27698,viddy,Winter 2023,W23,2023,B2B,B2B,
27959,vitalize,Winter 2023,W23,2023,Healthcare,Healthcare,
28118,vocode,Winter 2023,W23,2023,B2B,B2B,
27827,vooma,Winter 2023,W23,2023,B2B -> Supply Chain and Logistics,B2B,Supply Chain and Logistics
28116,wallbit,Winter 2023,W23,2023,Fintech -> Banking and Exchange,Fintech,Banking and Exchange
28369,warp,Winter 2023,W23,2023,B2B,B2B,
28088,waza,Winter 2023,W23,2023,Fintech -> Payments,Fintech,Payments
27890,wild-moose,Winter 2023,W23,2023,"B2B -> Engineering, Product and Design",B2B,"Engineering, Product and Design"
28417,yuma-ai,Winter 2023,W23,2023,B2B -> Operations,B2B,Operations
27807,zerodev,Winter 2023,W23,2023,B2B -> Infrastructure,B2B,Infrastructure
27869,co-dev,Winter 2023,W23,2023,"B2B -> Engineering, Product and Design",B2B,"Engineering, Product and Design"
27857,coil-inc,Winter 2023,W23,2023,Consumer,Consumer,
27935,compliant-llm,Winter 2023,W23,2023,B2B -> Security,B2B,Security
28141,highlight-io,Winter 2023,W23,2023,"B2B -> Engineering, Product and Design",B2B,"Engineering, Product and Design"
28019,inbuild,Winter 2023,W23,2023,B2B,B2B,
27820,infranew,Winter 2023,W23,2023,B2B -> Infrastructure,B2B,Infrastructure
27817,loopfour,Winter 2023,W23,2023,Fintech,Fintech,
28415,moonrepo,Winter 2023,W23,2023,B2B -> Productivity,B2B,Productivity
27964,nunu-ai,Winter 2023,W23,2023,Consumer -> Gaming,Consumer,Gaming
28114,rex-fit,Winter 2023,W23,2023,Consumer,Consumer,
27679,rift,Winter 2023,W23,2023,B2B -> Sales,B2B,Sales
27492,zudowork,Winter 2023,W23,2023,B2B -> Operations,B2B,Operations
28792,aivideo-com,Summer 2023,S23,2023,B2B,B2B,
28786,accend,Summer 2023,S23,2023,Fintech,Fintech,
29106,affinity,Summer 2023,S23,2023,B2B,B2B,
28932,agentcollect,Summer 2023,S23,2023,Fintech,Fintech,
28933,aglide,Summer 2023,S23,2023,B2B,B2B,
29110,aisdr,Summer 2023,S23,2023,B2B -> Sales,B2B,Sales
28827,airgoods,Summer 2023,S23,2023,B2B -> Retail,B2B,Retail
28844,alguna,Summer 2023,S23,2023,B2B -> Finance and Accounting,B2B,Finance and Accounting
29008,andromeda-surgical,Summer 2023,S23,2023,Healthcare -> Medical Devices,Healthcare,Medical Devices
28960,apoxy,Summer 2023,S23,2023,B2B -> Infrastructure,B2B,Infrastructure
28857,arcimus,Summer 2023,S23,2023,B2B -> Recruiting and Talent,B2B,Recruiting and Talent
28650,artie,Summer 2023,S23,2023,B2B -> Infrastructure,B2B,Infrastructure
28815,atla,Summer 2023,S23,2023,B2B,B2B,
28998,automorphic,Summer 2023,S23,2023,B2B,B2B,
29136,autotab,Summer 2023,S23,2023,B2B -> Productivity,B2B,Productivity
28999,baserun,Summer 2023,S23,2023,"B2B -> Engineering, Product and Design",B2B,"Engineering, Product and Design"
28804,bland-ai,Summer 2023,S23,2023,B2B -> Infrastructure,B2B,Infrastructure
28976,bolto,Summer 2023,S23,2023,B2B -> Human Resources,B2B,Human Resources
28759,branch-ai,Summer 2023,S23,2023,B2B -> Retail,B2B,Retail
28929,bretton-ai,Summer 2023,S23,2023,Fintech,Fintech,
28868,briefer,Summer 2023,S23,2023,"B2B -> Engineering, Product and Design",B2B,"Engineering, Product and Design"
28851,bronco-ai,Summer 2023,S23,2023,"B2B -> Engineering, Product and Design",B2B,"Engineering, Product and Design"
28836,heysol,Summer 2023,S23,2023,B2B -> Productivity,B2B,Productivity
29088,cair-health,Summer 2023,S23,2023,Healthcare -> Healthcare IT,Healthcare,Healthcare IT
28845,campfire-2,Summer 2023,S23,2023,B2B -> Finance and Accounting,B2B,Finance and Accounting
28911,candoriq,Summer 2023,S23,2023,B2B,B2B,
28842,capi-money,Summer 2023,S23,2023,Fintech -> Payments,Fintech,Payments
28886,cardinal-gray,Summer 2023,S23,2023,Fintech -> Credit and Lending,Fintech,Credit and Lending
28939,careoasis,Summer 2023,S23,2023,Healthcare -> Consumer Health and Wellness,Healthcare,Consumer Health and Wellness
29101,cargo,Summer 2023,S23,2023,B2B -> Sales,B2B,Sales
28811,casca,Summer 2023,S23,2023,Fintech,Fintech,
29154,catamaran,Summer 2023,S23,2023,Fintech -> Insurance,Fintech,Insurance
29071,cedalio,Summer 2023,S23,2023,B2B,B2B,
28812,cedana,Summer 2023,S23,2023,B2B -> Infrastructure,B2B,Infrastructure
29152,cembla,Summer 2023,S23,2023,B2B -> Legal,B2B,Legal
28404,cercli,Summer 2023,S23,2023,B2B,B2B,
29072,certainly-health,Summer 2023,S23,2023,Healthcare,Healthcare,
29004,chatter,Summer 2023,S23,2023,B2B,B2B,
29100,chequpi,Summer 2023,S23,2023,Fintech,Fintech,
28881,chow-central-inc,Summer 2023,S23,2023,Consumer -> Food and Beverage,Consumer,Food and Beverage
28780,clearest-health,Summer 2023,S23,2023,Healthcare -> Healthcare IT,Healthcare,Healthcare IT
29153,coba,Summer 2023,S23,2023,Fintech,Fintech,
29156,codestory,Summer 2023,S23,2023,"B2B -> Engineering, Product and Design",B2B,"Engineering, Product and Design"
29134,cognitio-labs,Summer 2023,S23,2023,Industrials,Industrials,
29121,constructable,Summer 2023,S23,2023,Real Estate and Construction -> Construction,Real Estate and Construction,Construction
28957,continue,Summer 2023,S23,2023,"B2B -> Engineering, Product and Design",B2B,"Engineering, Product and Design"
28816,contour,Summer 2023,S23,2023,B2B,B2B,
28983,converge,Summer 2023,S23,2023,B2B,B2B,
28862,corgea,Summer 2023,S23,2023,B2B -> Security,B2B,Security
28858,craftos,Summer 2023,S23,2023,B2B -> Retail,B2B,Retail
28823,craftwork,Summer 2023,S23,2023,Real Estate and Construction -> Construction,Real Estate and Construction,Construction
28829,datashare,Summer 2023,S23,2023,"B2B -> Engineering, Product and Design",B2B,"Engineering, Product and Design"
28787,deasy-labs,Summer 2023,S23,2023,B2B -> Analytics,B2B,Analytics
28890,decoda-health,Summer 2023,S23,2023,Healthcare -> Healthcare IT,Healthcare,Healthcare IT
28884,dialtone,Summer 2023,S23,2023,B2B,B2B,
28805,diligent,Summer 2023,S23,2023,Fintech,Fintech,
28789,dioxus-labs,Summer 2023,S23,2023,"B2B -> Engineering, Product and Design",B2B,"Engineering, Product and Design"
29003,disputeninja,Summer 2023,S23,2023,B2B,B2B,
28854,docsum,Summer 2023,S23,2023,B2B -> Legal,B2B,Legal
29086,eden-care,Summer 2023,S23,2023,Fintech -> Insurance,Fintech,Insurance
28822,electric-air-2,Summer 2023,S23,2023,Real Estate and Construction -> Construction,Real Estate and Construction,Construction
28784,elyos-ai,Summer 2023,S23,2023,B2B -> Operations,B2B,Operations
29046,elythea,Summer 2023,S23,2023,Healthcare,Healthcare,
28936,empirical-health,Summer 2023,S23,2023,Healthcare -> Consumer Health and Wellness,Healthcare,Consumer Health and Wellness
28981,energent-ai,Summer 2023,S23,2023,B2B,B2B,
29002,envelope,Summer 2023,S23,2023,Fintech -> Consumer Finance,Fintech,Consumer Finance
28900,epsilla,Summer 2023,S23,2023,B2B -> Infrastructure,B2B,Infrastructure
28817,every,Summer 2023,S23,2023,B2B,B2B,
29158,feanix-biotechnologies,Summer 2023,S23,2023,Industrials -> Agriculture,Industrials,Agriculture
29074,fiber-ai,Summer 2023,S23,2023,B2B,B2B,
28880,fleetworks,Summer 2023,S23,2023,B2B -> Supply Chain and Logistics,B2B,Supply Chain and Logistics
29162,flex,Summer 2023,S23,2023,Fintech -> Payments,Fintech,Payments
28982,flint-2,Summer 2023,S23,2023,Education,Education,
29105,flowiseai,Summer 2023,S23,2023,"B2B -> Engineering, Product and Design",B2B,"Engineering, Product and Design"
28935,fortuna-health,Summer 2023,S23,2023,Healthcare -> Healthcare IT,Healthcare,Healthcare IT
29112,foundation-2,Summer 2023,S23,2023,Real Estate and Construction -> Housing and Real Estate,Real Estate and Construction,Housing and Real Estate
29021,fragment,Summer 2023,S23,2023,B2B -> Operations,B2B,Operations
29108,giga,Summer 2023,S23,2023,"B2B -> Engineering, Product and Design",B2B,"Engineering, Product and Design"
28938,glade,Summer 2023,S23,2023,B2B,B2B,
28974,gleam,Summer 2023,S23,2023,B2B,B2B,
29123,glide-2,Summer 2023,S23,2023,B2B -> Infrastructure,B2B,Infrastructure
28838,greentally,Summer 2023,S23,2023,B2B,B2B,
28940,guac,Summer 2023,S23,2023,B2B -> Supply Chain and Logistics,B2B,Supply Chain and Logistics
29069,happyrobot,Summer 2023,S23,2023,B2B -> Supply Chain and Logistics,B2B,Supply Chain and Logistics
28869,health-harbor,Summer 2023,S23,2023,Healthcare -> Healthcare IT,Healthcare,Healthcare IT
29159,healthtech-1,Summer 2023,S23,2023,Healthcare -> Healthcare IT,Healthcare,Healthcare IT
28865,hegel-ai,Summer 2023,S23,2023,B2B -> Infrastructure,B2B,Infrastructure
28885,hiro,Summer 2023,S23,2023,B2B -> Security,B2B,Security
28589,hockeystack,Summer 2023,S23,2023,B2B -> Sales,B2B,Sales
28593,hylight,Summer 2023,S23,2023,Industrials -> Climate,Industrials,Climate
28788,hyperbound,Summer 2023,S23,2023,B2B -> Sales,B2B,Sales
29006,inari,Summer 2023,S23,2023,"B2B -> Engineering, Product and Design",B2B,"Engineering, Product and Design"
29103,inconvo,Summer 2023,S23,2023,"B2B -> Engineering, Product and Design",B2B,"Engineering, Product and Design"
28991,inlet-2,Summer 2023,S23,2023,B2B -> Legal,B2B,Legal
29040,inventive-ai,Summer 2023,S23,2023,B2B -> Sales,B2B,Sales
28978,khoj,Summer 2023,S23,2023,Consumer,Consumer,
28707,kino-ai,Summer 2023,S23,2023,B2B -> Productivity,B2B,Productivity
29102,kips-health,Summer 2023,S23,2023,Healthcare -> Consumer Health and Wellness,Healthcare,Consumer Health and Wellness
28852,kite,Summer 2023,S23,2023,B2B -> Marketing,B2B,Marketing
28971,kobalt-labs,Summer 2023,S23,2023,B2B -> Operations,B2B,Operations
29041,langdock,Summer 2023,S23,2023,B2B -> Productivity,B2B,Productivity
28743,leafpress,Summer 2023,S23,2023,B2B,B2B,
28956,letter-ai,Summer 2023,S23,2023,B2B -> Productivity,B2B,Productivity
29160,letterbook,Summer 2023,S23,2023,B2B -> Operations,B2B,Operations
28813,lifelike,Summer 2023,S23,2023,Consumer,Consumer,
28937,lifestylerx,Summer 2023,S23,2023,Healthcare -> Healthcare Services,Healthcare,Healthcare Services
28791,linc,Summer 2023,S23,2023,B2B,B2B,
29089,line-build,Summer 2023,S23,2023,B2B,B2B,
28824,lio,Summer 2023,S23,2023,B2B,B2B,
28894,lysto,Summer 2023,S23,2023,B2B -> Sales,B2B,Sales
28859,micsi,Summer 2023,S23,2023,Healthcare -> Diagnostics,Healthcare,Diagnostics
28795,magic-loops,Summer 2023,S23,2023,B2B,B2B,
28899,maintouch,Summer 2023,S23,2023,B2B,B2B,
28818,mandel-ai,Summer 2023,S23,2023,B2B -> Supply Chain and Logistics,B2B,Supply Chain and Logistics
28967,mantlebio,Summer 2023,S23,2023,B2B,B2B,
28883,margin,Summer 2023,S23,2023,B2B -> Retail,B2B,Retail
28923,maven-bio,Summer 2023,S23,2023,B2B,B2B,
28928,medisearch,Summer 2023,S23,2023,Healthcare -> Consumer Health and Wellness,Healthcare,Consumer Health and Wellness
28927,metalware,Summer 2023,S23,2023,B2B -> Security,B2B,Security
28779,metoro,Summer 2023,S23,2023,"B2B -> Engineering, Product and Design",B2B,"Engineering, Product and Design"
28930,midrender,Summer 2023,S23,2023,"B2B -> Engineering, Product and Design",B2B,"Engineering, Product and Design"
29081,minded,Summer 2023,S23,2023,B2B,B2B,
29115,mocha,Summer 2023,S23,2023,B2B -> Infrastructure,B2B,Infrastructure
29120,morph,Summer 2023,S23,2023,B2B -> Infrastructure,B2B,Infrastructure
29045,movley,Summer 2023,S23,2023,B2B -> Supply Chain and Logistics,B2B,Supply Chain and Logistics
29051,nanograb,Summer 2023,S23,2023,Healthcare -> Drug Discovery and Delivery,Healthcare,Drug Discovery and Delivery
28745,nectar,Summer 2023,S23,2023,Industrials -> Energy,Industrials,Energy
29119,nowadays,Summer 2023,S23,2023,B2B -> Operations,B2B,Operations
28891,numen,Summer 2023,S23,2023,Healthcare -> Diagnostics,Healthcare,Diagnostics
28853,obento-health,Summer 2023,S23,2023,Healthcare -> Medical Devices,Healthcare,Medical Devices
28794,ohmic-biosciences,Summer 2023,S23,2023,Industrials -> Agriculture,Industrials,Agriculture
29128,olio-labs,Summer 2023,S23,2023,Healthcare -> Drug Discovery and Delivery,Healthcare,Drug Discovery and Delivery
29124,onward,Summer 2023,S23,2023,B2B -> Productivity,B2B,Productivity
29187,openpipe,Summer 2023,S23,2023,"B2B -> Engineering, Product and Design",B2B,"Engineering, Product and Design"
28814,opentools,Summer 2023,S23,2023,"B2B -> Engineering, Product and Design",B2B,"Engineering, Product and Design"
29137,opensteer,Summer 2023,S23,2023,B2B,B2B,
28776,ora-ai,Summer 2023,S23,2023,Education,Education,
29157,orbio-earth,Summer 2023,S23,2023,B2B -> Analytics,B2B,Analytics
28980,osium-ai,Summer 2023,S23,2023,B2B,B2B,
28864,outset,Summer 2023,S23,2023,B2B -> Analytics,B2B,Analytics
29087,paradedb,Summer 2023,S23,2023,B2B,B2B,
28846,parea,Summer 2023,S23,2023,B2B -> Operations,B2B,Operations
28659,peerdb,Summer 2023,S23,2023,B2B -> Analytics,B2B,Analytics
28966,pincites,Summer 2023,S23,2023,B2B -> Legal,B2B,Legal
28807,pointhound,Summer 2023,S23,2023,"Consumer -> Travel, Leisure and Tourism",Consumer,"Travel, Leisure and Tourism"
29005,proof-of-human,Summer 2023,S23,2023,B2B -> Security,B2B,Security
28808,proprise,Summer 2023,S23,2023,Real Estate and Construction,Real Estate and Construction,
28821,prosper,Summer 2023,S23,2023,B2B,B2B,
28849,punchcard,Summer 2023,S23,2023,B2B -> Finance and Accounting,B2B,Finance and Accounting
29053,pure,Summer 2023,S23,2023,Consumer,Consumer,
29085,quill-bills,Summer 2023,S23,2023,Healthcare -> Healthcare IT,Healthcare,Healthcare IT
28992,rankai,Summer 2023,S23,2023,B2B -> Marketing,B2B,Marketing
28997,read-bean,Summer 2023,S23,2023,Consumer,Consumer,
28809,readily,Summer 2023,S23,2023,Healthcare,Healthcare,
29078,recipeui,Summer 2023,S23,2023,"B2B -> Engineering, Product and Design",B2B,"Engineering, Product and Design"
28799,remy,Summer 2023,S23,2023,Healthcare -> Healthcare Services,Healthcare,Healthcare Services
28882,repaint,Summer 2023,S23,2023,"B2B -> Engineering, Product and Design",B2B,"Engineering, Product and Design"
28830,revamp,Summer 2023,S23,2023,B2B -> Analytics,B2B,Analytics
28744,reworkd,Summer 2023,S23,2023,B2B,B2B,
28958,rimward,Summer 2023,S23,2023,B2B -> Security,B2B,Security
29093,roame,Summer 2023,S23,2023,"Consumer -> Travel, Leisure and Tourism",Consumer,"Travel, Leisure and Tourism"
28843,sid,Summer 2023,S23,2023,"B2B -> Engineering, Product and Design",B2B,"Engineering, Product and Design"
29107,saatvy,Summer 2023,S23,2023,Healthcare -> Consumer Health and Wellness,Healthcare,Consumer Health and Wellness
29000,safetykit,Summer 2023,S23,2023,B2B,B2B,
29042,sante,Summer 2023,S23,2023,B2B -> Retail,B2B,Retail
29019,sendblue,Summer 2023,S23,2023,B2B -> Sales,B2B,Sales
28863,serra,Summer 2023,S23,2023,B2B -> Recruiting and Talent,B2B,Recruiting and Talent
29104,shadeform,Summer 2023,S23,2023,"B2B -> Engineering, Product and Design",B2B,"Engineering, Product and Design"
28867,shasta-health,Summer 2023,S23,2023,Healthcare -> Healthcare Services,Healthcare,Healthcare Services
28902,sidenote,Summer 2023,S23,2023,B2B -> Productivity,B2B,Productivity
29010,silimate,Summer 2023,S23,2023,"B2B -> Engineering, Product and Design",B2B,"Engineering, Product and Design"
29113,simbie-ai,Summer 2023,S23,2023,Healthcare,Healthcare,
29146,singularity,Summer 2023,S23,2023,Industrials -> Aviation and Space,Industrials,Aviation and Space
28887,skyvern,Summer 2023,S23,2023,B2B -> Infrastructure,B2B,Infrastructure
28979,slicker,Summer 2023,S23,2023,Fintech -> Payments,Fintech,Payments
29080,smobi,Summer 2023,S23,2023,B2B -> Marketing,B2B,Marketing
28802,sohar-health,Summer 2023,S23,2023,Healthcare -> Healthcare IT,Healthcare,Healthcare IT
28996,sola,Summer 2023,S23,2023,B2B,B2B,
28825,solve-intelligence,Summer 2023,S23,2023,B2B -> Legal,B2B,Legal
28839,spine-ai,Summer 2023,S23,2023,"B2B -> Engineering, Product and Design",B2B,"Engineering, Product and Design"
28793,stellar-sleep,Summer 2023,S23,2023,Healthcare,Healthcare,
29082,strada,Summer 2023,S23,2023,B2B,B2B,
29118,structured-labs,Summer 2023,S23,2023,"B2B -> Engineering, Product and Design",B2B,"Engineering, Product and Design"
28969,studdy,Summer 2023,S23,2023,Education,Education,
28837,subsets,Summer 2023,S23,2023,B2B,B2B,
28921,surface-labs,Summer 2023,S23,2023,B2B -> Marketing,B2B,Marketing
29013,sweep,Summer 2023,S23,2023,"B2B -> Engineering, Product and Design",B2B,"Engineering, Product and Design"
28796,sweetspot,Summer 2023,S23,2023,"B2B -> Engineering, Product and Design",B2B,"Engineering, Product and Design"
28835,synch,Summer 2023,S23,2023,B2B -> Sales,B2B,Sales
29026,syntheticfi,Summer 2023,S23,2023,Fintech,Fintech,
28826,talc,Summer 2023,S23,2023,"B2B -> Engineering, Product and Design",B2B,"Engineering, Product and Design"
29150,tempo-2,Summer 2023,S23,2023,"B2B -> Engineering, Product and Design",B2B,"Engineering, Product and Design"
28860,terminal,Summer 2023,S23,2023,B2B -> Supply Chain and Logistics,B2B,Supply Chain and Logistics
29073,terracotta-ai,Summer 2023,S23,2023,B2B -> Infrastructure,B2B,Infrastructure
29079,tiptap,Summer 2023,S23,2023,"B2B -> Engineering, Product and Design",B2B,"Engineering, Product and Design"
28968,trainy,Summer 2023,S23,2023,B2B,B2B,
29090,trayd,Summer 2023,S23,2023,B2B -> Finance and Accounting,B2B,Finance and Accounting
28660,tremor,Summer 2023,S23,2023,"B2B -> Engineering, Product and Design",B2B,"Engineering, Product and Design"
28777,twenty,Summer 2023,S23,2023,B2B,B2B,
29117,twine,Summer 2023,S23,2023,B2B -> Sales,B2B,Sales
28920,unhaze,Summer 2023,S23,2023,B2B -> Sales,B2B,Sales
28926,upstream,Summer 2023,S23,2023,B2B -> Productivity,B2B,Productivity
28994,vango-ai,Summer 2023,S23,2023,"B2B -> Engineering, Product and Design",B2B,"Engineering, Product and Design"
28977,vaultpay,Summer 2023,S23,2023,Fintech,Fintech,
29001,vectorshift,Summer 2023,S23,2023,B2B -> Finance and Accounting,B2B,Finance and Accounting
28847,venta-ai,Summer 2023,S23,2023,B2B -> Sales,B2B,Sales
28893,vetrec,Summer 2023,S23,2023,B2B,B2B,
28931,vizly,Summer 2023,S23,2023,B2B -> Analytics,B2B,Analytics
28790,watto-ai,Summer 2023,S23,2023,B2B -> Productivity,B2B,Productivity
29122,wattson-health,Summer 2023,S23,2023,Healthcare -> Healthcare IT,Healthcare,Healthcare IT
29091,webhound,Summer 2023,S23,2023,Consumer,Consumer,
28778,xeol,Summer 2023,S23,2023,B2B -> Security,B2B,Security
28486,yn,Summer 2023,S23,2023,Consumer -> Content,Consumer,Content
28810,zelos-cloud,Summer 2023,S23,2023,"B2B -> Engineering, Product and Design",B2B,"Engineering, Product and Design"
29092,dili,Summer 2023,S23,2023,B2B -> Finance and Accounting,B2B,Finance and Accounting
28663,kapa-ai,Summer 2023,S23,2023,B2B -> Productivity,B2B,Productivity
28907,refine,Summer 2023,S23,2023,"B2B -> Engineering, Product and Design",B2B,"Engineering, Product and Design"
28959,sizeless,Summer 2023,S23,2023,Real Estate and Construction,Real Estate and Construction,
29018,sudocode,Summer 2023,S23,2023,"B2B -> Engineering, Product and Design",B2B,"Engineering, Product and Design"
29125,truemetrics,Summer 2023,S23,2023,B2B -> Supply Chain and Logistics,B2B,Supply Chain and Logistics
29391,abel,Winter 2024,W24,2024,B2B -> Legal,B2B,Legal
29443,adapted,Winter 2024,W24,2024,Consumer,Consumer,
29358,aedilic,Winter 2024,W24,2024,B2B -> Security,B2B,Security
29383,aftercare,Winter 2024,W24,2024,B2B,B2B,
29275,agentic-labs-2,Winter 2024,W24,2024,"B2B -> Engineering, Product and Design",B2B,"Engineering, Product and Design"
29272,aidy,Winter 2024,W24,2024,Healthcare -> Consumer Health and Wellness,Healthcare,Consumer Health and Wellness
29420,alai,Winter 2024,W24,2024,B2B,B2B,
29263,alex-com,Winter 2024,W24,2024,B2B -> Recruiting and Talent,B2B,Recruiting and Talent
29253,andon-labs,Winter 2024,W24,2024,"B2B -> Engineering, Product and Design",B2B,"Engineering, Product and Design"
29386,andy-ai,Winter 2024,W24,2024,Healthcare -> Healthcare IT,Healthcare,Healthcare IT
29450,aqua-voice,Winter 2024,W24,2024,Consumer,Consumer,
29464,arcane,Winter 2024,W24,2024,Consumer,Consumer,
29267,argon-ai-inc,Winter 2024,W24,2024,Healthcare,Healthcare,
29288,arini,Winter 2024,W24,2024,Healthcare -> Healthcare IT,Healthcare,Healthcare IT
29295,artisan,Winter 2024,W24,2024,B2B,B2B,
29411,artos,Winter 2024,W24,2024,B2B,B2B,
29369,astro-mechanica,Winter 2024,W24,2024,Industrials -> Aviation and Space,Industrials,Aviation and Space
29315,attunement,Winter 2024,W24,2024,Healthcare,Healthcare,
29284,averyiq,Winter 2024,W24,2024,Real Estate and Construction -> Housing and Real Estate,Real Estate and Construction,Housing and Real Estate
29277,basalt,Winter 2024,W24,2024,Industrials -> Aviation and Space,Industrials,Aviation and Space
29451,basepilot,Winter 2024,W24,2024,B2B -> Productivity,B2B,Productivity
29409,betterbasket,Winter 2024,W24,2024,B2B -> Analytics,B2B,Analytics
29373,bilanc,Winter 2024,W24,2024,"B2B -> Engineering, Product and Design",B2B,"Engineering, Product and Design"
29430,bitesight,Winter 2024,W24,2024,Consumer -> Social,Consumer,Social
29509,blacksmith,Winter 2024,W24,2024,B2B -> Infrastructure,B2B,Infrastructure
29307,blume-benefits,Winter 2024,W24,2024,Fintech -> Insurance,Fintech,Insurance
29417,brainbase-labs,Winter 2024,W24,2024,B2B,B2B,
29281,breez-labs,Winter 2024,W24,2024,B2B -> Infrastructure,B2B,Infrastructure
29370,browser-buddy,Winter 2024,W24,2024,Consumer -> Content,Consumer,Content
29376,carma,Winter 2024,W24,2024,B2B -> Operations,B2B,Operations
29276,carousel-technologies,Winter 2024,W24,2024,B2B -> Finance and Accounting,B2B,Finance and Accounting
29320,celest,Winter 2024,W24,2024,B2B -> Infrastructure,B2B,Infrastructure
29399,centauri-ai,Winter 2024,W24,2024,B2B,B2B,
29356,centralize,Winter 2024,W24,2024,B2B -> Sales,B2B,Sales
29408,circleback,Winter 2024,W24,2024,B2B -> Productivity,B2B,Productivity
29339,clarion,Winter 2024,W24,2024,Healthcare -> Healthcare IT,Healthcare,Healthcare IT
29395,clarum,Winter 2024,W24,2024,B2B -> Finance and Accounting,B2B,Finance and Accounting
29414,cleva,Winter 2024,W24,2024,Fintech,Fintech,
29317,cloudcruise,Winter 2024,W24,2024,B2B,B2B,
29481,cocrafter,Winter 2024,W24,2024,Real Estate and Construction -> Construction,Real Estate and Construction,Construction
29368,codeant-ai,Winter 2024,W24,2024,"B2B -> Engineering, Product and Design",B2B,"Engineering, Product and Design"
29455,commodityai,Winter 2024,W24,2024,B2B -> Operations,B2B,Operations
29380,conduit-ai,Winter 2024,W24,2024,B2B,B2B,
29338,consul,Winter 2024,W24,2024,Fintech -> Payments,Fintech,Payments
29306,copper-health,Winter 2024,W24,2024,Healthcare -> Healthcare IT,Healthcare,Healthcare IT
29207,cora,Winter 2024,W24,2024,Consumer,Consumer,
29508,crowdvolt,Winter 2024,W24,2024,Consumer,Consumer,
29271,dgi-apparel,Winter 2024,W24,2024,B2B -> Supply Chain and Logistics,B2B,Supply Chain and Logistics
29457,datacurve,Winter 2024,W24,2024,B2B,B2B,
29334,decipher-ai,Winter 2024,W24,2024,"B2B -> Engineering, Product and Design",B2B,"Engineering, Product and Design"
29422,deep24,Winter 2024,W24,2024,Education,Education,
29447,deepnight,Winter 2024,W24,2024,Industrials -> Defense,Industrials,Defense
29404,diana,Winter 2024,W24,2024,B2B,B2B,
29364,dime-2,Winter 2024,W24,2024,B2B,B2B,
29436,downlink,Winter 2024,W24,2024,B2B -> Infrastructure,B2B,Infrastructure
29367,draftaid,Winter 2024,W24,2024,"B2B -> Engineering, Product and Design",B2B,"Engineering, Product and Design"
29503,dragoneye,Winter 2024,W24,2024,"B2B -> Engineering, Product and Design",B2B,"Engineering, Product and Design"
29179,driver,Winter 2024,W24,2024,B2B,B2B,
29518,dropback,Winter 2024,W24,2024,Fintech,Fintech,
29184,drymerge,Winter 2024,W24,2024,B2B,B2B,
29238,duckie,Winter 2024,W24,2024,"B2B -> Engineering, Product and Design",B2B,"Engineering, Product and Design"
29299,ecliptor,Winter 2024,W24,2024,B2B -> Sales,B2B,Sales
29396,edgetrace,Winter 2024,W24,2024,B2B,B2B,
29297,eggnog,Winter 2024,W24,2024,Consumer,Consumer,
29365,ellipsis,Winter 2024,W24,2024,"B2B -> Engineering, Product and Design",B2B,"Engineering, Product and Design"
29381,elodin,Winter 2024,W24,2024,Industrials -> Aviation and Space,Industrials,Aviation and Space
29311,engines,Winter 2024,W24,2024,B2B -> Infrastructure,B2B,Infrastructure
29470,eris-biotech,Winter 2024,W24,2024,Healthcare -> Therapeutics,Healthcare,Therapeutics
29181,event-horizon-labs,Winter 2024,W24,2024,Fintech -> Asset Management,Fintech,Asset Management
29350,feldy,Winter 2024,W24,2024,"B2B -> Engineering, Product and Design",B2B,"Engineering, Product and Design"
29449,fileforge,Winter 2024,W24,2024,"B2B -> Engineering, Product and Design",B2B,"Engineering, Product and Design"
29352,firebender,Winter 2024,W24,2024,"B2B -> Engineering, Product and Design",B2B,"Engineering, Product and Design"
29452,fluently,Winter 2024,W24,2024,Consumer,Consumer,
29416,focal,Winter 2024,W24,2024,Consumer -> Content,Consumer,Content
29499,forge,Winter 2024,W24,2024,B2B -> Supply Chain and Logistics,B2B,Supply Chain and Logistics
29519,forge-rewards,Winter 2024,W24,2024,B2B,B2B,
29274,fractal-labs,Winter 2024,W24,2024,Consumer,Consumer,
29290,furtherai,Winter 2024,W24,2024,B2B,B2B,
29269,garage-2,Winter 2024,W24,2024,B2B,B2B,
29513,getcrux,Winter 2024,W24,2024,B2B -> Analytics,B2B,Analytics
29415,givefront,Winter 2024,W24,2024,Fintech -> Banking and Exchange,Fintech,Banking and Exchange
29322,glimmer,Winter 2024,W24,2024,B2B,B2B,
29341,gloglo,Winter 2024,W24,2024,Consumer,Consumer,
28896,governgpt,Winter 2024,W24,2024,Fintech,Fintech,
29485,granza-bio,Winter 2024,W24,2024,Healthcare -> Therapeutics,Healthcare,Therapeutics
29298,greenboard,Winter 2024,W24,2024,Fintech,Fintech,
29226,greptile,Winter 2024,W24,2024,"B2B -> Engineering, Product and Design",B2B,"Engineering, Product and Design"
29328,guide-labs,Winter 2024,W24,2024,B2B -> Infrastructure,B2B,Infrastructure
29180,gumloop,Winter 2024,W24,2024,B2B,B2B,
29484,haplotype-labs,Winter 2024,W24,2024,Healthcare -> Diagnostics,Healthcare,Diagnostics
29233,happenstance,Winter 2024,W24,2024,Consumer,Consumer,
29433,hatchet-run,Winter 2024,W24,2024,B2B -> Infrastructure,B2B,Infrastructure
29385,hazel-2,Winter 2024,W24,2024,Government,Government,
29483,healia,Winter 2024,W24,2024,Fintech -> Insurance,Fintech,Insurance
29403,heartbyte,Winter 2024,W24,2024,Consumer -> Content,Consumer,Content
29342,inquery-2,Winter 2024,W24,2024,Healthcare -> Healthcare IT,Healthcare,Healthcare IT
29533,indemni,Winter 2024,W24,2024,B2B -> Supply Chain and Logistics,B2B,Supply Chain and Logistics
29343,infinity,Winter 2024,W24,2024,Fintech -> Payments,Fintech,Payments
29511,inspectmind-ai,Winter 2024,W24,2024,Real Estate and Construction -> Construction,Real Estate and Construction,Construction
29498,integuru,Winter 2024,W24,2024,"B2B -> Engineering, Product and Design",B2B,"Engineering, Product and Design"
29476,junction-bioscience,Winter 2024,W24,2024,Healthcare -> Therapeutics,Healthcare,Therapeutics
29407,justai,Winter 2024,W24,2024,B2B -> Marketing,B2B,Marketing
29523,k-scale-labs,Winter 2024,W24,2024,Consumer -> Consumer Electronics,Consumer,Consumer Electronics
29245,kabilah,Winter 2024,W24,2024,Healthcare,Healthcare,
29270,keystroke,Winter 2024,W24,2024,B2B -> Analytics,B2B,Analytics
29178,lantern-2,Winter 2024,W24,2024,B2B,B2B,
29501,latted,Winter 2024,W24,2024,"B2B -> Engineering, Product and Design",B2B,"Engineering, Product and Design"
29278,leaping,Winter 2024,W24,2024,"B2B -> Engineering, Product and Design",B2B,"Engineering, Product and Design"
29201,legora,Winter 2024,W24,2024,B2B -> Legal,B2B,Legal
29333,lemonslice,Winter 2024,W24,2024,B2B,B2B,
29314,lucite,Winter 2024,W24,2024,B2B,B2B,
29419,lumetric,Winter 2024,W24,2024,B2B,B2B,
29459,lumona,Winter 2024,W24,2024,Consumer,Consumer,
29461,magic-hour,Winter 2024,W24,2024,Consumer -> Content,Consumer,Content
29252,maia,Winter 2024,W24,2024,Healthcare -> Consumer Health and Wellness,Healthcare,Consumer Health and Wellness
29268,mango-health,Winter 2024,W24,2024,Healthcare,Healthcare,
29397,manifold-freight,Winter 2024,W24,2024,B2B -> Supply Chain and Logistics,B2B,Supply Chain and Logistics
29456,marblism,Winter 2024,W24,2024,"B2B -> Engineering, Product and Design",B2B,"Engineering, Product and Design"
29522,marr-labs,Winter 2024,W24,2024,B2B,B2B,
29506,mathos,Winter 2024,W24,2024,Education,Education,
29319,meticulate,Winter 2024,W24,2024,B2B,B2B,
29366,metofico,Winter 2024,W24,2024,"B2B -> Engineering, Product and Design",B2B,"Engineering, Product and Design"
29453,miden,Winter 2024,W24,2024,Fintech,Fintech,
29516,million,Winter 2024,W24,2024,"B2B -> Engineering, Product and Design",B2B,"Engineering, Product and Design"
29410,model-ml,Winter 2024,W24,2024,B2B,B2B,
29256,momentic,Winter 2024,W24,2024,"B2B -> Engineering, Product and Design",B2B,"Engineering, Product and Design"
29326,monumint,Winter 2024,W24,2024,B2B,B2B,
29355,nanocorp,Winter 2024,W24,2024,Consumer,Consumer,
29183,navier-ai,Winter 2024,W24,2024,Industrials -> Aviation and Space,Industrials,Aviation and Space
29259,newton,Winter 2024,W24,2024,B2B,B2B,
29249,nuanced,Winter 2024,W24,2024,Consumer,Consumer,
29294,octolane-ai,Winter 2024,W24,2024,B2B -> Sales,B2B,Sales
29442,ocular-ai,Winter 2024,W24,2024,B2B,B2B,
29473,oddsview,Winter 2024,W24,2024,Consumer,Consumer,
29390,offdeal,Winter 2024,W24,2024,B2B,B2B,
29413,oma-care,Winter 2024,W24,2024,Healthcare -> Healthcare Services,Healthcare,Healthcare Services
29312,onegrep,Winter 2024,W24,2024,"B2B -> Engineering, Product and Design",B2B,"Engineering, Product and Design"
29177,onyx,Winter 2024,W24,2024,B2B -> Productivity,B2B,Productivity
29360,open,Winter 2024,W24,2024,"B2B -> Engineering, Product and Design",B2B,"Engineering, Product and Design"
29466,openfoundry,Winter 2024,W24,2024,"B2B -> Engineering, Product and Design",B2B,"Engineering, Product and Design"
29394,opencall,Winter 2024,W24,2024,B2B,B2B,
29424,openmart,Winter 2024,W24,2024,B2B,B2B,
29345,pandasai,Winter 2024,W24,2024,B2B -> Analytics,B2B,Analytics
29303,panelytic,Winter 2024,W24,2024,Fintech,Fintech,
29287,paradigm,Winter 2024,W24,2024,B2B,B2B,
29348,parallel,Winter 2024,W24,2024,Healthcare -> Healthcare IT,Healthcare,Healthcare IT
29527,parcelbio,Winter 2024,W24,2024,Healthcare -> Therapeutics,Healthcare,Therapeutics
29309,partnerhq,Winter 2024,W24,2024,B2B -> Sales,B2B,Sales
29285,patchwork,Winter 2024,W24,2024,B2B -> Productivity,B2B,Productivity
29362,pazi,Winter 2024,W24,2024,"B2B -> Engineering, Product and Design",B2B,"Engineering, Product and Design"
29463,penciled,Winter 2024,W24,2024,Healthcare -> Healthcare IT,Healthcare,Healthcare IT
29477,piramidal,Winter 2024,W24,2024,Healthcare,Healthcare,
29273,pivot-robotics,Winter 2024,W24,2024,Industrials -> Manufacturing and Robotics,Industrials,Manufacturing and Robotics
29286,pointone,Winter 2024,W24,2024,B2B -> Infrastructure,B2B,Infrastructure
29465,polar,Winter 2024,W24,2024,Fintech -> Consumer Finance,Fintech,Consumer Finance
29332,polished,Winter 2024,W24,2024,"B2B -> Engineering, Product and Design",B2B,"Engineering, Product and Design"
29467,powder,Winter 2024,W24,2024,Fintech -> Asset Management,Fintech,Asset Management
29247,precip,Winter 2024,W24,2024,B2B,B2B,
29375,preloop,Winter 2024,W24,2024,"B2B -> Engineering, Product and Design",B2B,"Engineering, Product and Design"
29265,pretzel-ai,Winter 2024,W24,2024,"B2B -> Engineering, Product and Design",B2B,"Engineering, Product and Design"
29398,prosights,Winter 2024,W24,2024,B2B -> Operations,B2B,Operations
29324,promptarmor,Winter 2024,W24,2024,B2B -> Security,B2B,Security
29260,quary,Winter 2024,W24,2024,B2B -> Analytics,B2B,Analytics
29504,quivr,Winter 2024,W24,2024,B2B -> Productivity,B2B,Productivity
29291,roe,Winter 2024,W24,2024,B2B -> Infrastructure,B2B,Infrastructure
29189,radmate-ai,Winter 2024,W24,2024,Healthcare,Healthcare,
29401,raindrop,Winter 2024,W24,2024,"B2B -> Engineering, Product and Design",B2B,"Engineering, Product and Design"
29254,reducto,Winter 2024,W24,2024,"B2B -> Engineering, Product and Design",B2B,"Engineering, Product and Design"
29478,reform,Winter 2024,W24,2024,B2B -> Supply Chain and Logistics,B2B,Supply Chain and Logistics
29185,relari,Winter 2024,W24,2024,Industrials -> Manufacturing and Robotics,Industrials,Manufacturing and Robotics
29512,reprompt,Winter 2024,W24,2024,"B2B -> Engineering, Product and Design",B2B,"Engineering, Product and Design"
29353,resonance,Winter 2024,W24,2024,B2B -> Marketing,B2B,Marketing
29325,respan,Winter 2024,W24,2024,B2B -> Infrastructure,B2B,Infrastructure
29517,retailready,Winter 2024,W24,2024,B2B -> Supply Chain and Logistics,B2B,Supply Chain and Logistics
29441,retell-ai,Winter 2024,W24,2024,B2B,B2B,
29405,risotto,Winter 2024,W24,2024,B2B -> Operations,B2B,Operations
29440,rove,Winter 2024,W24,2024,"Consumer -> Travel, Leisure and Tourism",Consumer,"Travel, Leisure and Tourism"
29460,ryse,Winter 2024,W24,2024,B2B,B2B,
29258,saga-ai,Winter 2024,W24,2024,B2B -> Operations,B2B,Operations
29372,sagaland,Winter 2024,W24,2024,Consumer,Consumer,
29357,salvy,Winter 2024,W24,2024,B2B -> Operations,B2B,Operations
29418,sample,Winter 2024,W24,2024,Healthcare -> Healthcare IT,Healthcare,Healthcare IT
29336,cpgscout,Winter 2024,W24,2024,B2B -> Retail,B2B,Retail
29196,scritch,Winter 2024,W24,2024,Healthcare,Healthcare,
29313,selera-medical,Winter 2024,W24,2024,Healthcare -> Medical Devices,Healthcare,Medical Devices
29471,senso,Winter 2024,W24,2024,B2B,B2B,
29432,shepherd-2,Winter 2024,W24,2024,Education,Education,
29384,shiboleth,Winter 2024,W24,2024,B2B -> Security,B2B,Security
29472,silogy,Winter 2024,W24,2024,"B2B -> Engineering, Product and Design",B2B,"Engineering, Product and Design"
29363,solari-ai,Winter 2024,W24,2024,"B2B -> Engineering, Product and Design",B2B,"Engineering, Product and Design"
29431,sonauto,Winter 2024,W24,2024,Consumer -> Content,Consumer,Content
29244,sonia,Winter 2024,W24,2024,Healthcare -> Consumer Health and Wellness,Healthcare,Consumer Health and Wellness
29382,soundry-ai,Winter 2024,W24,2024,Consumer -> Content,Consumer,Content
29438,spark,Winter 2024,W24,2024,B2B,B2B,
29330,speck,Winter 2024,W24,2024,B2B -> Productivity,B2B,Productivity
29434,stacksync,Winter 2024,W24,2024,"B2B -> Engineering, Product and Design",B2B,"Engineering, Product and Design"
29318,starjar,Winter 2024,W24,2024,B2B,B2B,
29206,stitch-technologies,Winter 2024,W24,2024,"B2B -> Engineering, Product and Design",B2B,"Engineering, Product and Design"
29374,superagent,Winter 2024,W24,2024,B2B -> Security,B2B,Security
29293,suretynow,Winter 2024,W24,2024,Fintech -> Insurance,Fintech,Insurance
29305,synsorybio,Winter 2024,W24,2024,Healthcare -> Therapeutics,Healthcare,Therapeutics
29340,tamarind-bio,Winter 2024,W24,2024,B2B,B2B,
29241,tekton-dynamics,Winter 2024,W24,2024,Industrials -> Manufacturing and Robotics,Industrials,Manufacturing and Robotics
29435,terrakotta,Winter 2024,W24,2024,B2B -> Sales,B2B,Sales
29186,tesseral,Winter 2024,W24,2024,B2B,B2B,
29500,the-new-money-company,Winter 2024,W24,2024,Fintech -> Payments,Fintech,Payments
29421,thorntale,Winter 2024,W24,2024,B2B -> Productivity,B2B,Productivity
29377,toma,Winter 2024,W24,2024,B2B -> Operations,B2B,Operations
29335,toolify,Winter 2024,W24,2024,"B2B -> Engineering, Product and Design",B2B,"Engineering, Product and Design"
29301,topo,Winter 2024,W24,2024,B2B -> Sales,B2B,Sales
29505,tower,Winter 2024,W24,2024,B2B -> Legal,B2B,Legal
29246,tracecat,Winter 2024,W24,2024,B2B -> Security,B2B,Security
29300,trellis-ai,Winter 2024,W24,2024,B2B,B2B,
29379,trieve,Winter 2024,W24,2024,B2B -> Infrastructure,B2B,Infrastructure
29423,triply,Winter 2024,W24,2024,B2B -> Operations,B2B,Operations
29482,trueclaim,Winter 2024,W24,2024,Healthcare,Healthcare,
29257,tuesday-labs,Winter 2024,W24,2024,Consumer -> Consumer Electronics,Consumer,Consumer Electronics
29310,tusk,Winter 2024,W24,2024,"B2B -> Engineering, Product and Design",B2B,"Engineering, Product and Design"
29231,ubicloud,Winter 2024,W24,2024,B2B -> Infrastructure,B2B,Infrastructure
29182,upsolve-ai,Winter 2024,W24,2024,B2B -> Analytics,B2B,Analytics
29454,veles,Winter 2024,W24,2024,B2B -> Sales,B2B,Sales
29429,velorum-therapeutics,Winter 2024,W24,2024,Healthcare -> Therapeutics,Healthcare,Therapeutics
29302,verse-therapy,Winter 2024,W24,2024,Healthcare -> Healthcare IT,Healthcare,Healthcare IT
29347,vibrant-labs,Winter 2024,W24,2024,B2B -> Infrastructure,B2B,Infrastructure
29444,vista-power,Winter 2024,W24,2024,Industrials -> Energy,Industrials,Energy
29393,voicepanel,Winter 2024,W24,2024,B2B -> Analytics,B2B,Analytics
29496,voxops-ai,Winter 2024,W24,2024,B2B,B2B,
29283,wavelength,Winter 2024,W24,2024,B2B -> Operations,B2B,Operations
29378,whip,Winter 2024,W24,2024,Consumer -> Social,Consumer,Social
29361,wuri,Winter 2024,W24,2024,Consumer -> Content,Consumer,Content
29510,yarn-2,Winter 2024,W24,2024,B2B,B2B,
28965,yenmo,Winter 2024,W24,2024,Fintech -> Credit and Lending,Fintech,Credit and Lending
29402,yondu,Winter 2024,W24,2024,Industrials -> Manufacturing and Robotics,Industrials,Manufacturing and Robotics
29304,yoneda-labs,Winter 2024,W24,2024,B2B,B2B,
29323,zaymo,Winter 2024,W24,2024,B2B -> Marketing,B2B,Marketing
29425,zep-ai,Winter 2024,W24,2024,B2B,B2B,
29308,atopile,Winter 2024,W24,2024,"B2B -> Engineering, Product and Design",B2B,"Engineering, Product and Design"
29439,camelai,Winter 2024,W24,2024,"B2B -> Engineering, Product and Design",B2B,"Engineering, Product and Design"
29354,crmcopilot,Winter 2024,W24,2024,B2B -> Sales,B2B,Sales
29205,ego,Winter 2024,W24,2024,Consumer,Consumer,
29400,floatingpoint,Winter 2024,W24,2024,B2B,B2B,
29239,ion-design,Winter 2024,W24,2024,"B2B -> Engineering, Product and Design",B2B,"Engineering, Product and Design"
29507,kater-ai,Winter 2024,W24,2024,B2B -> Analytics,B2B,Analytics
29261,malibou,Winter 2024,W24,2024,B2B -> Human Resources,B2B,Human Resources
29266,ncompass-technologies,Winter 2024,W24,2024,"B2B -> Engineering, Product and Design",B2B,"Engineering, Product and Design"
29502,renderlet,Winter 2024,W24,2024,"B2B -> Engineering, Product and Design",B2B,"Engineering, Product and Design"
29346,sync-2,Winter 2024,W24,2024,B2B,B2B,
29448,xpay,Winter 2024,W24,2024,Fintech -> Payments,Fintech,Payments
29798,ai-2,Summer 2024,S24,2024,B2B -> Legal,B2B,Legal
29733,1849-bio,Summer 2024,S24,2024,Industrials,Industrials,
29406,acx,Summer 2024,S24,2024,Healthcare -> Industrial Bio,Healthcare,Industrial Bio
29558,abel-police,Summer 2024,S24,2024,Government,Government,
29972,affil-ai,Summer 2024,S24,2024,B2B -> Marketing,B2B,Marketing
29723,aluna,Summer 2024,S24,2024,"B2B -> Engineering, Product and Design",B2B,"Engineering, Product and Design"
29694,aminoanalytica,Summer 2024,S24,2024,Healthcare -> Diagnostics,Healthcare,Diagnostics
29738,anara,Summer 2024,S24,2024,B2B -> Productivity,B2B,Productivity
29957,anglera,Summer 2024,S24,2024,B2B -> Retail,B2B,Retail
29713,anthrogen,Summer 2024,S24,2024,Healthcare,Healthcare,
29571,apten,Summer 2024,S24,2024,B2B -> Marketing,B2B,Marketing
29680,ares-industries,Summer 2024,S24,2024,Industrials -> Aviation and Space,Industrials,Aviation and Space
29813,argil,Summer 2024,S24,2024,Consumer,Consumer,
29973,arva-ai,Summer 2024,S24,2024,B2B,B2B,
29824,assembly-hoa,Summer 2024,S24,2024,Real Estate and Construction -> Housing and Real Estate,Real Estate and Construction,Housing and Real Estate
29698,autopallet-robotics,Summer 2024,S24,2024,Industrials -> Manufacturing and Robotics,Industrials,Manufacturing and Robotics
29753,autumn-labs,Summer 2024,S24,2024,Industrials -> Manufacturing and Robotics,Industrials,Manufacturing and Robotics
29657,azalea-robotics-corporation,Summer 2024,S24,2024,Industrials -> Manufacturing and Robotics,Industrials,Manufacturing and Robotics
29794,baseline-ai,Summer 2024,S24,2024,Healthcare -> Healthcare IT,Healthcare,Healthcare IT
29636,bayesline,Summer 2024,S24,2024,Fintech -> Asset Management,Fintech,Asset Management
29758,beebettor,Summer 2024,S24,2024,Consumer -> Gaming,Consumer,Gaming
29712,benchify,Summer 2024,S24,2024,B2B,B2B,
29749,biocartesian,Summer 2024,S24,2024,Healthcare -> Drug Discovery and Delivery,Healthcare,Drug Discovery and Delivery
29982,bits-to-atoms,Summer 2024,S24,2024,Consumer -> Job and Career Services,Consumer,Job and Career Services
29840,blaze-2,Summer 2024,S24,2024,Fintech -> Payments,Fintech,Payments
29810,bluedoor,Summer 2024,S24,2024,B2B -> Infrastructure,B2B,Infrastructure
29775,brighterway,Summer 2024,S24,2024,Healthcare -> Healthcare IT,Healthcare,Healthcare IT
29955,browseros,Summer 2024,S24,2024,Consumer,Consumer,
29847,bucket-robotics,Summer 2024,S24,2024,Industrials -> Manufacturing and Robotics,Industrials,Manufacturing and Robotics
29639,callback,Summer 2024,S24,2024,B2B -> Operations,B2B,Operations
29963,capitol-ai,Summer 2024,S24,2024,B2B -> Productivity,B2B,Productivity
29791,cartage,Summer 2024,S24,2024,B2B -> Supply Chain and Logistics,B2B,Supply Chain and Logistics
29327,central,Summer 2024,S24,2024,B2B -> Human Resources,B2B,Human Resources
29781,cerulion,Summer 2024,S24,2024,"B2B -> Engineering, Product and Design",B2B,"Engineering, Product and Design"
29582,cheers,Summer 2024,S24,2024,B2B,B2B,
29613,claimsorted,Summer 2024,S24,2024,Fintech -> Insurance,Fintech,Insurance
29729,clearly-ai,Summer 2024,S24,2024,B2B -> Security,B2B,Security
29665,cloudglue,Summer 2024,S24,2024,B2B,B2B,
29683,codeviz,Summer 2024,S24,2024,B2B -> Productivity,B2B,Productivity
29627,codes-health,Summer 2024,S24,2024,B2B,B2B,
29596,comfy-deploy,Summer 2024,S24,2024,"B2B -> Engineering, Product and Design",B2B,"Engineering, Product and Design"
29989,conductor,Summer 2024,S24,2024,"B2B -> Engineering, Product and Design",B2B,"Engineering, Product and Design"
29754,conductor-quantum,Summer 2024,S24,2024,Industrials,Industrials,
29717,conveo,Summer 2024,S24,2024,B2B,B2B,
29646,corgi-insurance,Summer 2024,S24,2024,Fintech -> Insurance,Fintech,Insurance
29524,coval,Summer 2024,S24,2024,"B2B -> Engineering, Product and Design",B2B,"Engineering, Product and Design"
29716,creativemode,Summer 2024,S24,2024,Consumer -> Gaming,Consumer,Gaming
29807,dataleap,Summer 2024,S24,2024,B2B,B2B,
29759,david-ai,Summer 2024,S24,2024,B2B,B2B,
29852,dayflow,Summer 2024,S24,2024,Consumer,Consumer,
29655,decisional-ai,Summer 2024,S24,2024,B2B,B2B,
29672,deepsim-inc,Summer 2024,S24,2024,"B2B -> Engineering, Product and Design",B2B,"Engineering, Product and Design"
29695,dench-com,Summer 2024,S24,2024,B2B -> Productivity,B2B,Productivity
29635,digitalcarbon,Summer 2024,S24,2024,B2B,B2B,
29741,dimely,Summer 2024,S24,2024,B2B -> Finance and Accounting,B2B,Finance and Accounting
29851,diode-computers-inc,Summer 2024,S24,2024,"B2B -> Engineering, Product and Design",B2B,"Engineering, Product and Design"
29761,distro,Summer 2024,S24,2024,B2B -> Supply Chain and Logistics,B2B,Supply Chain and Logistics
29679,dodo,Summer 2024,S24,2024,Healthcare -> Healthcare IT,Healthcare,Healthcare IT
29572,domu-technology-inc,Summer 2024,S24,2024,"B2B -> Engineering, Product and Design",B2B,"Engineering, Product and Design"
29575,doublezero,Summer 2024,S24,2024,"B2B -> Engineering, Product and Design",B2B,"Engineering, Product and Design"
29828,draft-the-record,Summer 2024,S24,2024,B2B -> Legal,B2B,Legal
29990,dreamrp,Summer 2024,S24,2024,Consumer,Consumer,
29746,drillbit,Summer 2024,S24,2024,B2B -> Operations,B2B,Operations
29605,educato,Summer 2024,S24,2024,Education,Education,
29841,elayne,Summer 2024,S24,2024,Fintech,Fintech,
29676,elevate-2,Summer 2024,S24,2024,B2B,B2B,
29768,ember-robotics,Summer 2024,S24,2024,Industrials -> Manufacturing and Robotics,Industrials,Manufacturing and Robotics
29765,emergent,Summer 2024,S24,2024,Consumer,Consumer,
29623,entangl,Summer 2024,S24,2024,"B2B -> Engineering, Product and Design",B2B,"Engineering, Product and Design"
29818,entropy,Summer 2024,S24,2024,Healthcare,Healthcare,
29475,evolvere-biosciences,Summer 2024,S24,2024,Healthcare -> Therapeutics,Healthcare,Therapeutics
29735,finny-ai,Summer 2024,S24,2024,Fintech -> Asset Management,Fintech,Asset Management
29711,fazeshift,Summer 2024,S24,2024,B2B -> Finance and Accounting,B2B,Finance and Accounting
29952,ficra,Summer 2024,S24,2024,B2B,B2B,
29796,finosu,Summer 2024,S24,2024,Fintech -> Credit and Lending,Fintech,Credit and Lending
29651,firstwork,Summer 2024,S24,2024,B2B -> Human Resources,B2B,Human Resources
29637,flyflow,Summer 2024,S24,2024,B2B -> Sales,B2B,Sales
29965,formula-insight,Summer 2024,S24,2024,B2B,B2B,
29976,freestyle,Summer 2024,S24,2024,B2B -> Infrastructure,B2B,Infrastructure
29349,fuse-2,Summer 2024,S24,2024,Healthcare,Healthcare,
29693,gauge,Summer 2024,S24,2024,B2B -> Marketing,B2B,Marketing
29586,glasskube,Summer 2024,S24,2024,B2B -> Infrastructure,B2B,Infrastructure
29783,guardian-rf,Summer 2024,S24,2024,Industrials -> Drones,Industrials,Drones
29610,hamming-ai,Summer 2024,S24,2024,"B2B -> Engineering, Product and Design",B2B,"Engineering, Product and Design"
29805,handled,Summer 2024,S24,2024,B2B -> Retail,B2B,Retail
29797,haystackeditor,Summer 2024,S24,2024,"B2B -> Engineering, Product and Design",B2B,"Engineering, Product and Design"
29799,helium,Summer 2024,S24,2024,"B2B -> Engineering, Product and Design",B2B,"Engineering, Product and Design"
29954,henry-2,Summer 2024,S24,2024,Real Estate and Construction,Real Estate and Construction,
29800,heroui,Summer 2024,S24,2024,"B2B -> Engineering, Product and Design",B2B,"Engineering, Product and Design"
29737,hestus-inc,Summer 2024,S24,2024,"B2B -> Engineering, Product and Design",B2B,"Engineering, Product and Design"
29642,hexclave,Summer 2024,S24,2024,"B2B -> Engineering, Product and Design",B2B,"Engineering, Product and Design"
29953,hey-revia,Summer 2024,S24,2024,B2B,B2B,
29660,hyrex,Summer 2024,S24,2024,"B2B -> Engineering, Product and Design",B2B,"Engineering, Product and Design"
29770,intryc,Summer 2024,S24,2024,B2B -> Operations,B2B,Operations
29641,invaria,Summer 2024,S24,2024,"B2B -> Engineering, Product and Design",B2B,"Engineering, Product and Design"
29803,ionworks,Summer 2024,S24,2024,Industrials -> Energy,Industrials,Energy
29715,kastle,Summer 2024,S24,2024,B2B,B2B,
29854,keet,Summer 2024,S24,2024,Consumer,Consumer,
29690,kenley,Summer 2024,S24,2024,B2B -> Productivity,B2B,Productivity
29820,kontigo,Summer 2024,S24,2024,Fintech -> Banking and Exchange,Fintech,Banking and Exchange
29714,kopra-bio,Summer 2024,S24,2024,Healthcare -> Therapeutics,Healthcare,Therapeutics
29766,kura-ai,Summer 2024,S24,2024,B2B,B2B,
29782,laminar,Summer 2024,S24,2024,"B2B -> Engineering, Product and Design",B2B,"Engineering, Product and Design"
29702,ledgerup,Summer 2024,S24,2024,B2B -> Finance and Accounting,B2B,Finance and Accounting
29705,lighthouz-ai,Summer 2024,S24,2024,B2B,B2B,
29412,ligo-biosciences,Summer 2024,S24,2024,Healthcare -> Industrial Bio,Healthcare,Industrial Bio
29787,lilac-labs,Summer 2024,S24,2024,B2B,B2B,
29685,joinlore,Summer 2024,S24,2024,B2B,B2B,
29678,lucible,Summer 2024,S24,2024,B2B -> Operations,B2B,Operations
29760,mage-legal,Summer 2024,S24,2024,B2B -> Legal,B2B,Legal
29736,magicode,Summer 2024,S24,2024,"B2B -> Engineering, Product and Design",B2B,"Engineering, Product and Design"
29647,maitai,Summer 2024,S24,2024,"B2B -> Engineering, Product and Design",B2B,"Engineering, Product and Design"
29585,mem0,Summer 2024,S24,2024,B2B -> Infrastructure,B2B,Infrastructure
29977,merlin-ai,Summer 2024,S24,2024,B2B,B2B,
29966,mica-ai,Summer 2024,S24,2024,B2B -> Operations,B2B,Operations
29980,midship,Summer 2024,S24,2024,B2B -> Finance and Accounting,B2B,Finance and Accounting
29774,mineflow,Summer 2024,S24,2024,Industrials,Industrials,
29687,minusx,Summer 2024,S24,2024,B2B -> Analytics,B2B,Analytics
29569,miru-ml,Summer 2024,S24,2024,B2B -> Infrastructure,B2B,Infrastructure
29706,mito-health,Summer 2024,S24,2024,Healthcare -> Consumer Health and Wellness,Healthcare,Consumer Health and Wellness
29704,modus,Summer 2024,S24,2024,B2B,B2B,
29829,moreta,Summer 2024,S24,2024,Fintech -> Payments,Fintech,Payments
29663,networkocean,Summer 2024,S24,2024,Industrials -> Climate,Industrials,Climate
29853,no-logo,Summer 2024,S24,2024,B2B -> Supply Chain and Logistics,B2B,Supply Chain and Logistics
29795,odo,Summer 2024,S24,2024,B2B,B2B,
29675,offstream,Summer 2024,S24,2024,B2B,B2B,
29724,ontra-mobility,Summer 2024,S24,2024,Government,Government,
29751,opslane,Summer 2024,S24,2024,B2B -> Infrastructure,B2B,Infrastructure
29826,orca-client,Summer 2024,S24,2024,Consumer,Consumer,
29969,orgorg,Summer 2024,S24,2024,B2B -> Productivity,B2B,Productivity
29992,outerport,Summer 2024,S24,2024,"B2B -> Engineering, Product and Design",B2B,"Engineering, Product and Design"
29387,overeasy,Summer 2024,S24,2024,B2B,B2B,
29964,overlap,Summer 2024,S24,2024,Consumer -> Content,Consumer,Content
29844,oway,Summer 2024,S24,2024,B2B -> Infrastructure,B2B,Infrastructure
29789,paasa,Summer 2024,S24,2024,Fintech -> Asset Management,Fintech,Asset Management
29786,palmier,Summer 2024,S24,2024,Consumer -> Content,Consumer,Content
29721,panora,Summer 2024,S24,2024,B2B,B2B,
29684,parahelp,Summer 2024,S24,2024,B2B -> Operations,B2B,Operations
29772,parley,Summer 2024,S24,2024,B2B -> Legal,B2B,Legal
29968,patched,Summer 2024,S24,2024,B2B -> Productivity,B2B,Productivity
29983,pathpilot,Summer 2024,S24,2024,B2B,B2B,
29755,pax,Summer 2024,S24,2024,B2B -> Supply Chain and Logistics,B2B,Supply Chain and Logistics
29857,pharos,Summer 2024,S24,2024,Healthcare -> Healthcare IT,Healthcare,Healthcare IT
29645,phonely,Summer 2024,S24,2024,B2B,B2B,
29769,pinnacle,Summer 2024,S24,2024,"B2B -> Engineering, Product and Design",B2B,"Engineering, Product and Design"
29950,pipeshift,Summer 2024,S24,2024,B2B -> Infrastructure,B2B,Infrastructure
29739,planbase,Summer 2024,S24,2024,Healthcare -> Healthcare IT,Healthcare,Healthcare IT
29701,plume,Summer 2024,S24,2024,Industrials -> Climate,Industrials,Climate
29251,poka-labs,Summer 2024,S24,2024,B2B -> Supply Chain and Logistics,B2B,Supply Chain and Logistics
29821,polymet,Summer 2024,S24,2024,"B2B -> Engineering, Product and Design",B2B,"Engineering, Product and Design"
29778,praxos,Summer 2024,S24,2024,B2B,B2B,
29608,pre,Summer 2024,S24,2024,B2B -> Operations,B2B,Operations
29780,presti-ai,Summer 2024,S24,2024,B2B -> Retail,B2B,Retail
29607,prohostai,Summer 2024,S24,2024,B2B,B2B,
29725,promi,Summer 2024,S24,2024,"B2B -> Engineering, Product and Design",B2B,"Engineering, Product and Design"
29815,propaya,Summer 2024,S24,2024,Real Estate and Construction -> Housing and Real Estate,Real Estate and Construction,Housing and Real Estate
29668,proxis,Summer 2024,S24,2024,B2B,B2B,
29699,pulse-3,Summer 2024,S24,2024,B2B -> Infrastructure,B2B,Infrastructure
29833,quetzal,Summer 2024,S24,2024,"B2B -> Engineering, Product and Design",B2B,"Engineering, Product and Design"
29634,random-labs,Summer 2024,S24,2024,"B2B -> Engineering, Product and Design",B2B,"Engineering, Product and Design"
29834,rastro,Summer 2024,S24,2024,B2B -> Retail,B2B,Retail
29732,reactwise,Summer 2024,S24,2024,"B2B -> Engineering, Product and Design",B2B,"Engineering, Product and Design"
29740,redouble-ai,Summer 2024,S24,2024,B2B,B2B,
29788,refactor,Summer 2024,S24,2024,B2B,B2B,
29762,remade,Summer 2024,S24,2024,Consumer -> Content,Consumer,Content
29837,rentflow,Summer 2024,S24,2024,B2B,B2B,
29801,rescript,Summer 2024,S24,2024,B2B -> Legal,B2B,Legal
29658,retrofix,Summer 2024,S24,2024,B2B,B2B,
29667,rewbi,Summer 2024,S24,2024,Industrials -> Energy,Industrials,Energy
29793,riskangle,Summer 2024,S24,2024,B2B,B2B,
29568,roger-2,Summer 2024,S24,2024,B2B -> Sales,B2B,Sales
29951,rowboat-labs,Summer 2024,S24,2024,Consumer,Consumer,
29682,runlocal-ai,Summer 2024,S24,2024,"B2B -> Engineering, Product and Design",B2B,"Engineering, Product and Design"
29643,sagecare,Summer 2024,S24,2024,Healthcare -> Healthcare IT,Healthcare,Healthcare IT
29848,saldor,Summer 2024,S24,2024,B2B -> Supply Chain and Logistics,B2B,Supply Chain and Logistics
29588,saphira-ai,Summer 2024,S24,2024,"B2B -> Engineering, Product and Design",B2B,"Engineering, Product and Design"
29730,saturn,Summer 2024,S24,2024,Fintech,Fintech,
29671,scape,Summer 2024,S24,2024,B2B -> Productivity,B2B,Productivity
29776,schemeflow,Summer 2024,S24,2024,Real Estate and Construction,Real Estate and Construction,
29748,seals-ai,Summer 2024,S24,2024,B2B,B2B,
29784,sensei,Summer 2024,S24,2024,Industrials -> Manufacturing and Robotics,Industrials,Manufacturing and Robotics
29825,sepal-ai,Summer 2024,S24,2024,B2B,B2B,
29745,sharpe,Summer 2024,S24,2024,B2B -> Analytics,B2B,Analytics
29661,silurian,Summer 2024,S24,2024,Industrials -> Climate,Industrials,Climate
29978,simcare,Summer 2024,S24,2024,Healthcare,Healthcare,
29785,simple-ai,Summer 2024,S24,2024,B2B -> Sales,B2B,Sales
29296,simplex,Summer 2024,S24,2024,"B2B -> Engineering, Product and Design",B2B,"Engineering, Product and Design"
29773,soff,Summer 2024,S24,2024,B2B -> Supply Chain and Logistics,B2B,Supply Chain and Logistics
29792,sonatoria,Summer 2024,S24,2024,B2B,B2B,
29650,sorcerer,Summer 2024,S24,2024,Industrials -> Climate,Industrials,Climate
29597,spaceium-inc,Summer 2024,S24,2024,Industrials -> Aviation and Space,Industrials,Aviation and Space
29570,spherecast,Summer 2024,S24,2024,B2B -> Supply Chain and Logistics,B2B,Supply Chain and Logistics
29474,spur,Summer 2024,S24,2024,"B2B -> Engineering, Product and Design",B2B,"Engineering, Product and Design"
29808,starcloud,Summer 2024,S24,2024,Industrials -> Aviation and Space,Industrials,Aviation and Space
29654,stardrift,Summer 2024,S24,2024,"Consumer -> Travel, Leisure and Tourism",Consumer,"Travel, Leisure and Tourism"
29756,stempad,Summer 2024,S24,2024,B2B -> Productivity,B2B,Productivity
29673,storia-ai,Summer 2024,S24,2024,"B2B -> Engineering, Product and Design",B2B,"Engineering, Product and Design"
29709,substrate,Summer 2024,S24,2024,B2B,B2B,
29574,superunit,Summer 2024,S24,2024,B2B -> Operations,B2B,Operations
29850,surebright,Summer 2024,S24,2024,B2B -> Retail,B2B,Retail
29591,synnax,Summer 2024,S24,2024,B2B -> Infrastructure,B2B,Infrastructure
29987,syntra,Summer 2024,S24,2024,Healthcare -> Healthcare IT,Healthcare,Healthcare IT
29640,tabula,Summer 2024,S24,2024,B2B -> Finance and Accounting,B2B,Finance and Accounting
29691,tandem-2,Summer 2024,S24,2024,B2B -> Office Management,B2B,Office Management
29710,taxgpt,Summer 2024,S24,2024,B2B -> Finance and Accounting,B2B,Finance and Accounting
29779,the-forecasting-company,Summer 2024,S24,2024,B2B,B2B,
29708,the-synthesis-company,Summer 2024,S24,2024,"B2B -> Engineering, Product and Design",B2B,"Engineering, Product and Design"
29589,theseus,Summer 2024,S24,2024,Industrials -> Drones,Industrials,Drones
29767,thunder-compute,Summer 2024,S24,2024,B2B -> Infrastructure,B2B,Infrastructure
29804,thyme,Summer 2024,S24,2024,B2B -> Finance and Accounting,B2B,Finance and Accounting
29689,tivara,Summer 2024,S24,2024,Healthcare,Healthcare,
29836,tradeflow,Summer 2024,S24,2024,Fintech,Fintech,
29830,typa,Summer 2024,S24,2024,B2B -> Marketing,B2B,Marketing
29557,ultra,Summer 2024,S24,2024,Industrials -> Manufacturing and Robotics,Industrials,Manufacturing and Robotics
29659,unbound,Summer 2024,S24,2024,B2B -> Security,B2B,Security
29573,undermind,Summer 2024,S24,2024,B2B,B2B,
29579,understood-care,Summer 2024,S24,2024,Healthcare,Healthcare,
29633,unsloth-ai,Summer 2024,S24,2024,"B2B -> Engineering, Product and Design",B2B,"Engineering, Product and Design"
29849,usul,Summer 2024,S24,2024,Government,Government,
29814,vendra,Summer 2024,S24,2024,Industrials -> Manufacturing and Robotics,Industrials,Manufacturing and Robotics
29858,vera-health,Summer 2024,S24,2024,Healthcare -> Healthcare Services,Healthcare,Healthcare Services
29734,vibe,Summer 2024,S24,2024,"B2B -> Engineering, Product and Design",B2B,"Engineering, Product and Design"
29644,videogen,Summer 2024,S24,2024,B2B,B2B,
29967,village-labs,Summer 2024,S24,2024,B2B -> Human Resources,B2B,Human Resources
29960,void,Summer 2024,S24,2024,"B2B -> Engineering, Product and Design",B2B,"Engineering, Product and Design"
29835,voker,Summer 2024,S24,2024,"B2B -> Engineering, Product and Design",B2B,"Engineering, Product and Design"
29692,weave-robotics,Summer 2024,S24,2024,Industrials -> Manufacturing and Robotics,Industrials,Manufacturing and Robotics
29819,weel,Summer 2024,S24,2024,Consumer -> Transportation Services,Consumer,Transportation Services
29649,wordware,Summer 2024,S24,2024,Consumer,Consumer,
29956,xtraffic,Summer 2024,S24,2024,Government,Government,
29764,zeit-ai,Summer 2024,S24,2024,B2B -> Analytics,B2B,Analytics
29812,zeropath,Summer 2024,S24,2024,B2B -> Security,B2B,Security
29777,zettascale,Summer 2024,S24,2024,Industrials,Industrials,
29731,zoa-research,Summer 2024,S24,2024,B2B,B2B,
29670,zuni,Summer 2024,S24,2024,B2B -> Productivity,B2B,Productivity
29823,autarc,Summer 2024,S24,2024,B2B,B2B,
29688,camfer,Summer 2024,S24,2024,"B2B -> Engineering, Product and Design",B2B,"Engineering, Product and Design"
29719,cmux,Summer 2024,S24,2024,B2B,B2B,
29703,d_model,Summer 2024,S24,2024,"B2B -> Engineering, Product and Design",B2B,"Engineering, Product and Design"
29747,deepsilicon,Summer 2024,S24,2024,Industrials,Industrials,
29856,et-al,Summer 2024,S24,2024,Consumer,Consumer,
29728,expand-ai,Summer 2024,S24,2024,B2B,B2B,
29653,ideate-xyz,Summer 2024,S24,2024,"B2B -> Engineering, Product and Design",B2B,"Engineering, Product and Design"
29611,mdhub,Summer 2024,S24,2024,Healthcare,Healthcare,
29822,omnidock,Summer 2024,S24,2024,B2B -> Operations,B2B,Operations
29839,pap,Summer 2024,S24,2024,Consumer,Consumer,
29750,winfunc,Summer 2024,S24,2024,B2B -> Security,B2B,Security
29532,angstrom-ai,Summer 2024,S24,2024,Healthcare -> Drug Discovery and Delivery,Healthcare,Drug Discovery and Delivery
30078,abundant,Fall 2024,F24,2024,B2B,B2B,
30037,afternoon-co,Fall 2024,F24,2024,B2B -> Finance and Accounting,B2B,Finance and Accounting
30100,alex,Fall 2024,F24,2024,"B2B -> Engineering, Product and Design",B2B,"Engineering, Product and Design"
30130,apolink,Fall 2024,F24,2024,Industrials -> Aviation and Space,Industrials,Aviation and Space
30105,archilabs,Fall 2024,F24,2024,Real Estate and Construction -> Construction,Real Estate and Construction,Construction
30045,archil,Fall 2024,F24,2024,B2B -> Infrastructure,B2B,Infrastructure
30131,asha-health,Fall 2024,F24,2024,Healthcare,Healthcare,
30077,autocomputer,Fall 2024,F24,2024,B2B,B2B,
30019,avora,Fall 2024,F24,2024,Healthcare,Healthcare,
30067,beglaubigtde,Fall 2024,F24,2024,B2B -> Legal,B2B,Legal
30054,ctgt,Fall 2024,F24,2024,B2B -> Infrastructure,B2B,Infrastructure
30030,candle,Fall 2024,F24,2024,Consumer,Consumer,
30119,canvas,Fall 2024,F24,2024,B2B,B2B,
30096,capy,Fall 2024,F24,2024,"B2B -> Engineering, Product and Design",B2B,"Engineering, Product and Design"
30124,careforce,Fall 2024,F24,2024,Healthcare -> Healthcare IT,Healthcare,Healthcare IT
30046,cekura-ai,Fall 2024,F24,2024,"B2B -> Engineering, Product and Design",B2B,"Engineering, Product and Design"
30065,withcharm,Fall 2024,F24,2024,Consumer -> Social,Consumer,Social
30014,clarus,Fall 2024,F24,2024,"B2B -> Engineering, Product and Design",B2B,"Engineering, Product and Design"
30091,collectwise,Fall 2024,F24,2024,Fintech,Fintech,
30095,consus,Fall 2024,F24,2024,Industrials -> Aviation and Space,Industrials,Aviation and Space
30024,crouton,Fall 2024,F24,2024,B2B -> Operations,B2B,Operations
30076,crustdata,Fall 2024,F24,2024,B2B -> Sales,B2B,Sales
30083,curo,Fall 2024,F24,2024,Industrials -> Automotive,Industrials,Automotive
30032,darkgrade,Fall 2024,F24,2024,B2B -> Infrastructure,B2B,Infrastructure
30080,dexter,Fall 2024,F24,2024,B2B -> Finance and Accounting,B2B,Finance and Accounting
30102,diffusion-studio,Fall 2024,F24,2024,Consumer -> Content,Consumer,Content
30027,durate,Fall 2024,F24,2024,Healthcare -> Healthcare IT,Healthcare,Healthcare IT
30118,ember,Fall 2024,F24,2024,Healthcare,Healthcare,
30047,endstack,Fall 2024,F24,2024,B2B,B2B,
30110,forerunner-ai,Fall 2024,F24,2024,Industrials -> Aviation and Space,Industrials,Aviation and Space
30063,freebuff,Fall 2024,F24,2024,"B2B -> Engineering, Product and Design",B2B,"Engineering, Product and Design"
30116,freestyle-ai,Fall 2024,F24,2024,Consumer,Consumer,
30089,fresco,Fall 2024,F24,2024,Real Estate and Construction -> Construction,Real Estate and Construction,Construction
30109,futureclinic,Fall 2024,F24,2024,Healthcare,Healthcare,
30028,gait,Fall 2024,F24,2024,B2B,B2B,
30018,galini,Fall 2024,F24,2024,B2B,B2B,
30099,gander,Fall 2024,F24,2024,B2B -> Operations,B2B,Operations
30087,gecko-security,Fall 2024,F24,2024,B2B -> Security,B2B,Security
30053,general-learning,Fall 2024,F24,2024,Education,Education,
30031,getcho,Fall 2024,F24,2024,B2B -> Supply Chain and Logistics,B2B,Supply Chain and Logistics
30064,hybrd,Fall 2024,F24,2024,Consumer,Consumer,
30034,healthspark,Fall 2024,F24,2024,Healthcare,Healthcare,
30129,humanlayer,Fall 2024,F24,2024,"B2B -> Engineering, Product and Design",B2B,"Engineering, Product and Design"
30052,issen,Fall 2024,F24,2024,Consumer,Consumer,
30097,innate,Fall 2024,F24,2024,Consumer -> Consumer Electronics,Consumer,Consumer Electronics
30062,karmen,Fall 2024,F24,2024,Real Estate and Construction -> Construction,Real Estate and Construction,Construction
30056,keye,Fall 2024,F24,2024,Fintech,Fintech,
30101,kilvin,Fall 2024,F24,2024,"B2B -> Engineering, Product and Design",B2B,"Engineering, Product and Design"
30115,laminar-com,Fall 2024,F24,2024,B2B,B2B,
30038,lightscreen-ai,Fall 2024,F24,2024,B2B -> Recruiting and Talent,B2B,Recruiting and Talent
30060,lingodotdev,Fall 2024,F24,2024,"B2B -> Engineering, Product and Design",B2B,"Engineering, Product and Design"
30127,loombotic,Fall 2024,F24,2024,Industrials -> Manufacturing and Robotics,Industrials,Manufacturing and Robotics
30057,luthor,Fall 2024,F24,2024,B2B,B2B,
30048,astrix-health,Fall 2024,F24,2024,Healthcare,Healthcare,
30113,melder,Fall 2024,F24,2024,B2B -> Productivity,B2B,Productivity
30103,metreecs,Fall 2024,F24,2024,B2B -> Retail,B2B,Retail
30029,moonset-health,Fall 2024,F24,2024,B2B -> Sales,B2B,Sales
30079,moonshine,Fall 2024,F24,2024,B2B,B2B,
30033,openbenchmarks,Fall 2024,F24,2024,B2B -> Marketing,B2B,Marketing
30090,origami-2,Fall 2024,F24,2024,B2B -> Sales,B2B,Sales
30073,pearson-labs,Fall 2024,F24,2024,B2B -> Legal,B2B,Legal
30088,permitportal,Fall 2024,F24,2024,Real Estate and Construction,Real Estate and Construction,
30039,raycaster,Fall 2024,F24,2024,B2B -> Productivity,B2B,Productivity
30117,relvy-ai,Fall 2024,F24,2024,"B2B -> Engineering, Product and Design",B2B,"Engineering, Product and Design"
30049,reticular,Fall 2024,F24,2024,Healthcare -> Consumer Health and Wellness,Healthcare,Consumer Health and Wellness
30104,revi,Fall 2024,F24,2024,B2B -> Sales,B2B,Sales
30041,revyl,Fall 2024,F24,2024,B2B -> Infrastructure,B2B,Infrastructure
30055,riskcube,Fall 2024,F24,2024,Fintech -> Insurance,Fintech,Insurance
30017,riveter,Fall 2024,F24,2024,"B2B -> Engineering, Product and Design",B2B,"Engineering, Product and Design"
30126,roundabout-technologies,Fall 2024,F24,2024,Government,Government,
30036,rulebase,Fall 2024,F24,2024,B2B -> Operations,B2B,Operations
30114,ryvn,Fall 2024,F24,2024,B2B -> Infrastructure,B2B,Infrastructure
30044,sandra-ai,Fall 2024,F24,2024,B2B,B2B,
30050,smooth,Fall 2024,F24,2024,"B2B -> Engineering, Product and Design",B2B,"Engineering, Product and Design"
30059,sphinx,Fall 2024,F24,2024,Fintech,Fintech,
30068,stewdio,Fall 2024,F24,2024,Consumer,Consumer,
30023,streamable,Fall 2024,F24,2024,Consumer,Consumer,
30108,struct-ai,Fall 2024,F24,2024,"B2B -> Engineering, Product and Design",B2B,"Engineering, Product and Design"
30106,sunset,Fall 2024,F24,2024,Fintech -> Consumer Finance,Fintech,Consumer Finance
30107,surge,Fall 2024,F24,2024,"B2B -> Engineering, Product and Design",B2B,"Engineering, Product and Design"
30022,symphony,Fall 2024,F24,2024,B2B,B2B,
30125,synth-3,Fall 2024,F24,2024,B2B -> Infrastructure,B2B,Infrastructure
30075,tiny,Fall 2024,F24,2024,B2B,B2B,
30066,unusual,Fall 2024,F24,2024,B2B -> Marketing,B2B,Marketing
29577,variant,Fall 2024,F24,2024,"B2B -> Engineering, Product and Design",B2B,"Engineering, Product and Design"
30112,vaya,Fall 2024,F24,2024,"Consumer -> Travel, Leisure and Tourism",Consumer,"Travel, Leisure and Tourism"
30043,vespper,Fall 2024,F24,2024,B2B -> Productivity,B2B,Productivity
30042,vortexify,Fall 2024,F24,2024,B2B -> Operations,B2B,Operations
30016,zeroframe,Fall 2024,F24,2024,B2B,B2B,
30051,attimet,Fall 2024,F24,2024,Fintech,Fintech,
30040,supercontrast,Fall 2024,F24,2024,"B2B -> Engineering, Product and Design",B2B,"Engineering, Product and Design"
30021,telli,Fall 2024,F24,2024,B2B,B2B,
30074,vly-ai-2,Fall 2024,F24,2024,"B2B -> Engineering, Product and Design",B2B,"Engineering, Product and Design"
30111,x1,Fall 2024,F24,2024,Consumer,Consumer,
30250,10x,Winter 2025,W25,2025,Healthcare,Healthcare,
30221,a1zap-by-a1base,Winter 2025,W25,2025,"B2B -> Engineering, Product and Design",B2B,"Engineering, Product and Design"
30234,adam,Winter 2025,W25,2025,"B2B -> Engineering, Product and Design",B2B,"Engineering, Product and Design"
30303,afterquery,Winter 2025,W25,2025,B2B -> Infrastructure,B2B,Infrastructure
30278,agentin-ai,Winter 2025,W25,2025,B2B,B2B,
30197,alice-tech,Winter 2025,W25,2025,Education,Education,
30222,altrina,Winter 2025,W25,2025,B2B -> Productivity,B2B,Productivity
30238,amby-health,Winter 2025,W25,2025,Healthcare -> Consumer Health and Wellness,Healthcare,Consumer Health and Wellness
30307,archon,Winter 2025,W25,2025,Government,Government,
30354,artifact-2,Winter 2025,W25,2025,"B2B -> Engineering, Product and Design",B2B,"Engineering, Product and Design"
30298,artificial-societies,Winter 2025,W25,2025,B2B,B2B,
30259,asteroid,Winter 2025,W25,2025,B2B,B2B,
30202,astro,Winter 2025,W25,2025,Industrials -> Energy,Industrials,Energy
30268,athenahq,Winter 2025,W25,2025,B2B -> Marketing,B2B,Marketing
30353,axal,Winter 2025,W25,2025,Industrials -> Manufacturing and Robotics,Industrials,Manufacturing and Robotics
30192,axiom,Winter 2025,W25,2025,Fintech -> Consumer Finance,Fintech,Consumer Finance
30240,bezel,Winter 2025,W25,2025,B2B,B2B,
30177,bild-ai,Winter 2025,W25,2025,Real Estate and Construction -> Construction,Real Estate and Construction,Construction
30263,bindwell,Winter 2025,W25,2025,Industrials -> Agriculture,Industrials,Agriculture
30363,blindpay,Winter 2025,W25,2025,Fintech -> Payments,Fintech,Payments
30334,bluebook,Winter 2025,W25,2025,B2B -> Finance and Accounting,B2B,Finance and Accounting
30341,browser-use,Winter 2025,W25,2025,B2B,B2B,
30193,bud,Winter 2025,W25,2025,B2B,B2B,
30335,butter,Winter 2025,W25,2025,B2B -> Infrastructure,B2B,Infrastructure
30279,bystreet,Winter 2025,W25,2025,B2B,B2B,
30287,calltree,Winter 2025,W25,2025,B2B,B2B,
30178,candor,Winter 2025,W25,2025,Government,Government,
30273,candor-security,Winter 2025,W25,2025,B2B -> Security,B2B,Security
30239,cardamon,Winter 2025,W25,2025,B2B -> Finance and Accounting,B2B,Finance and Accounting
30227,caseflood-ai,Winter 2025,W25,2025,B2B -> Legal,B2B,Legal
30343,cedar,Winter 2025,W25,2025,"B2B -> Engineering, Product and Design",B2B,"Engineering, Product and Design"
30266,cenote,Winter 2025,W25,2025,B2B -> Sales,B2B,Sales
30243,cifrato,Winter 2025,W25,2025,B2B -> Operations,B2B,Operations
30209,closure,Winter 2025,W25,2025,Government,Government,
30283,confident-ai,Winter 2025,W25,2025,"B2B -> Engineering, Product and Design",B2B,"Engineering, Product and Design"
30210,conntour,Winter 2025,W25,2025,Industrials -> Defense,Industrials,Defense
30215,contrario,Winter 2025,W25,2025,B2B -> Recruiting and Talent,B2B,Recruiting and Talent
30338,copycat,Winter 2025,W25,2025,Fintech -> Insurance,Fintech,Insurance
30319,corsair,Winter 2025,W25,2025,"B2B -> Engineering, Product and Design",B2B,"Engineering, Product and Design"
30252,cuckoo-labs,Winter 2025,W25,2025,B2B,B2B,
30328,dalus,Winter 2025,W25,2025,"B2B -> Engineering, Product and Design",B2B,"Engineering, Product and Design"
30201,dartboard,Winter 2025,W25,2025,Industrials,Industrials,
29988,delineate,Winter 2025,W25,2025,"B2B -> Engineering, Product and Design",B2B,"Engineering, Product and Design"
30351,joindex,Winter 2025,W25,2025,B2B -> Productivity,B2B,Productivity
30198,dollyglot,Winter 2025,W25,2025,Consumer,Consumer,
30165,edexia,Winter 2025,W25,2025,Education,Education,
28922,egress-health,Winter 2025,W25,2025,Healthcare,Healthcare,
30226,elip-ai,Winter 2025,W25,2025,B2B,B2B,
30172,enhanced-radar,Winter 2025,W25,2025,Industrials -> Aviation and Space,Industrials,Aviation and Space
30339,ergo,Winter 2025,W25,2025,B2B -> Sales,B2B,Sales
30185,excellence-learning,Winter 2025,W25,2025,Education,Education,
29986,exin-therapeutics,Winter 2025,W25,2025,Healthcare -> Therapeutics,Healthcare,Therapeutics
30284,exla,Winter 2025,W25,2025,B2B -> Infrastructure,B2B,Infrastructure
30356,fira,Winter 2025,W25,2025,B2B -> Finance and Accounting,B2B,Finance and Accounting
30182,flowtel,Winter 2025,W25,2025,B2B -> Infrastructure,B2B,Infrastructure
30305,forge-automation,Winter 2025,W25,2025,Industrials -> Manufacturing and Robotics,Industrials,Manufacturing and Robotics
30301,fuse-ai,Winter 2025,W25,2025,B2B -> Sales,B2B,Sales
30270,g-lnk,Winter 2025,W25,2025,B2B,B2B,
30258,gale,Winter 2025,W25,2025,B2B -> Legal,B2B,Legal
30276,general-trajectory,Winter 2025,W25,2025,Industrials -> Manufacturing and Robotics,Industrials,Manufacturing and Robotics
30254,hud,Winter 2025,W25,2025,"B2B -> Engineering, Product and Design",B2B,"Engineering, Product and Design"
30265,harbera,Winter 2025,W25,2025,Healthcare -> Healthcare IT,Healthcare,Healthcare IT
30288,harper,Winter 2025,W25,2025,Fintech -> Insurance,Fintech,Insurance
30249,healthkey,Winter 2025,W25,2025,Healthcare -> Healthcare IT,Healthcare,Healthcare IT
30188,hey-telo,Winter 2025,W25,2025,B2B,B2B,
30295,infinite,Winter 2025,W25,2025,Fintech -> Payments,Fintech,Payments
30347,instinct-space,Winter 2025,W25,2025,Industrials -> Aviation and Space,Industrials,Aviation and Space
30233,inversion-semiconductor,Winter 2025,W25,2025,Industrials -> Manufacturing and Robotics,Industrials,Manufacturing and Robotics
30020,invo,Winter 2025,W25,2025,B2B,B2B,
30200,karoo,Winter 2025,W25,2025,Fintech -> Consumer Finance,Fintech,Consumer Finance
30285,karsa,Winter 2025,W25,2025,Fintech,Fintech,
30181,leaping-ai,Winter 2025,W25,2025,B2B,B2B,
30269,liquid-compute,Winter 2025,W25,2025,Fintech -> Banking and Exchange,Fintech,Banking and Exchange
30267,lopus,Winter 2025,W25,2025,B2B -> Analytics,B2B,Analytics
30261,lucid,Winter 2025,W25,2025,Consumer,Consumer,
30272,lucidic-ai,Winter 2025,W25,2025,B2B,B2B,
30260,macadamia,Winter 2025,W25,2025,"B2B -> Engineering, Product and Design",B2B,"Engineering, Product and Design"
30229,maive,Winter 2025,W25,2025,B2B,B2B,
30224,maritime-fusion,Winter 2025,W25,2025,Industrials -> Energy,Industrials,Energy
30304,mastra,Winter 2025,W25,2025,"B2B -> Engineering, Product and Design",B2B,"Engineering, Product and Design"
30251,mecha-health,Winter 2025,W25,2025,Healthcare,Healthcare,
30365,mentra,Winter 2025,W25,2025,Consumer -> Virtual and Augmented Reality,Consumer,Virtual and Augmented Reality
30346,mercura,Winter 2025,W25,2025,B2B -> Sales,B2B,Sales
30292,mesh-2,Winter 2025,W25,2025,B2B -> Finance and Accounting,B2B,Finance and Accounting
30302,misprint,Winter 2025,W25,2025,Consumer,Consumer,
30299,miyagi-labs,Winter 2025,W25,2025,Education,Education,
30244,mosaic-2,Winter 2025,W25,2025,Consumer -> Content,Consumer,Content
30271,mundo-ai,Winter 2025,W25,2025,B2B -> Infrastructure,B2B,Infrastructure
30286,nitrode,Winter 2025,W25,2025,B2B,B2B,
30242,oki,Winter 2025,W25,2025,"B2B -> Engineering, Product and Design",B2B,"Engineering, Product and Design"
30255,olive,Winter 2025,W25,2025,B2B,B2B,
29999,onlook,Winter 2025,W25,2025,"B2B -> Engineering, Product and Design",B2B,"Engineering, Product and Design"
30297,openintake,Winter 2025,W25,2025,B2B -> Legal,B2B,Legal
30248,operand,Winter 2025,W25,2025,B2B,B2B,
30315,optifye-ai,Winter 2025,W25,2025,B2B,B2B,
30293,orbital-operations,Winter 2025,W25,2025,Industrials -> Aviation and Space,Industrials,Aviation and Space
30247,osmosis,Winter 2025,W25,2025,B2B,B2B,
30291,outlit,Winter 2025,W25,2025,B2B,B2B,
30176,outship,Winter 2025,W25,2025,B2B -> Recruiting and Talent,B2B,Recruiting and Talent
29727,overstand-labs,Winter 2025,W25,2025,B2B -> Analytics,B2B,Analytics
30214,ovlo,Winter 2025,W25,2025,B2B -> Recruiting and Talent,B2B,Recruiting and Talent
30256,pax-markets,Winter 2025,W25,2025,Fintech -> Banking and Exchange,Fintech,Banking and Exchange
30231,deployparagon,Winter 2025,W25,2025,B2B -> Operations,B2B,Operations
30337,paratus-health,Winter 2025,W25,2025,Healthcare -> Healthcare IT,Healthcare,Healthcare IT
30257,pave-robotics,Winter 2025,W25,2025,Industrials -> Manufacturing and Robotics,Industrials,Manufacturing and Robotics
30296,peppr-ai,Winter 2025,W25,2025,B2B -> Sales,B2B,Sales
30317,permitify,Winter 2025,W25,2025,Real Estate and Construction -> Construction,Real Estate and Construction,Construction
30262,pickle-2,Winter 2025,W25,2025,Consumer -> Consumer Electronics,Consumer,Consumer Electronics
30314,pinch,Winter 2025,W25,2025,B2B -> Productivity,B2B,Productivity
30187,praxim,Winter 2025,W25,2025,B2B -> Productivity,B2B,Productivity
30320,proception-inc,Winter 2025,W25,2025,Industrials -> Manufacturing and Robotics,Industrials,Manufacturing and Robotics
30207,promptless,Winter 2025,W25,2025,"B2B -> Engineering, Product and Design",B2B,"Engineering, Product and Design"
30160,quantstruct,Winter 2025,W25,2025,B2B,B2B,
30235,rally-3,Winter 2025,W25,2025,Fintech,Fintech,
30277,rejot,Winter 2025,W25,2025,"B2B -> Engineering, Product and Design",B2B,"Engineering, Product and Design"
30324,rebolt,Winter 2025,W25,2025,B2B,B2B,
30368,red-barn-robotics,Winter 2025,W25,2025,Industrials -> Agriculture,Industrials,Agriculture
30316,reditus-space,Winter 2025,W25,2025,Industrials -> Aviation and Space,Industrials,Aviation and Space
30312,retrofit,Winter 2025,W25,2025,Consumer -> Apparel and Cosmetics,Consumer,Apparel and Cosmetics
30174,revise-robotics,Winter 2025,W25,2025,Industrials -> Manufacturing and Robotics,Industrials,Manufacturing and Robotics
30282,riviera,Winter 2025,W25,2025,B2B,B2B,
30325,roark,Winter 2025,W25,2025,B2B -> Analytics,B2B,Analytics
30217,rocketable,Winter 2025,W25,2025,B2B,B2B,
30348,sammy-labs,Winter 2025,W25,2025,B2B,B2B,
30230,salespatriot,Winter 2025,W25,2025,B2B -> Operations,B2B,Operations
30205,scout-4,Winter 2025,W25,2025,Education,Education,
30294,sennu-ai,Winter 2025,W25,2025,B2B,B2B,
30275,solidroad,Winter 2025,W25,2025,B2B,B2B,
30194,splash-inc,Winter 2025,W25,2025,Industrials -> Drones,Industrials,Drones
30322,spott,Winter 2025,W25,2025,B2B -> Recruiting and Talent,B2B,Recruiting and Talent
30196,stamp,Winter 2025,W25,2025,B2B -> Productivity,B2B,Productivity
30190,steinmetz,Winter 2025,W25,2025,Industrials,Industrials,
30264,stillwind,Winter 2025,W25,2025,"B2B -> Engineering, Product and Design",B2B,"Engineering, Product and Design"
30189,subimage,Winter 2025,W25,2025,B2B -> Security,B2B,Security
30216,sublingual,Winter 2025,W25,2025,B2B,B2B,
30204,subtrace,Winter 2025,W25,2025,"B2B -> Engineering, Product and Design",B2B,"Engineering, Product and Design"
30246,swerve,Winter 2025,W25,2025,Consumer,Consumer,
30340,tamlabs,Winter 2025,W25,2025,B2B -> Productivity,B2B,Productivity
30345,tee-time-tommy,Winter 2025,W25,2025,Consumer,Consumer,
30333,tensorpool,Winter 2025,W25,2025,B2B -> Infrastructure,B2B,Infrastructure
30236,tergle,Winter 2025,W25,2025,B2B,B2B,
30290,tire-swing,Winter 2025,W25,2025,B2B -> Legal,B2B,Legal
30218,toothy-ai,Winter 2025,W25,2025,Healthcare -> Healthcare IT,Healthcare,Healthcare IT
30350,trainloop,Winter 2025,W25,2025,"B2B -> Engineering, Product and Design",B2B,"Engineering, Product and Design"
30274,trata,Winter 2025,W25,2025,B2B -> Finance and Accounting,B2B,Finance and Accounting
30225,trava,Winter 2025,W25,2025,B2B -> Supply Chain and Logistics,B2B,Supply Chain and Logistics
30237,trim,Winter 2025,W25,2025,"B2B -> Engineering, Product and Design",B2B,"Engineering, Product and Design"
30213,truffle-ai,Winter 2025,W25,2025,"B2B -> Engineering, Product and Design",B2B,"Engineering, Product and Design"
30183,tweeksio,Winter 2025,W25,2025,B2B -> Recruiting and Talent,B2B,Recruiting and Talent
29959,uncommon-therapeutics,Winter 2025,W25,2025,Healthcare -> Therapeutics,Healthcare,Therapeutics
30357,vantel,Winter 2025,W25,2025,Fintech -> Insurance,Fintech,Insurance
30220,verbiflow,Winter 2025,W25,2025,B2B,B2B,
30179,vetnio,Winter 2025,W25,2025,B2B -> Productivity,B2B,Productivity
30203,vocality-health,Winter 2025,W25,2025,Healthcare -> Healthcare Services,Healthcare,Healthcare Services
30281,waypoint-transit,Winter 2025,W25,2025,Government,Government,
30228,weave-3,Winter 2025,W25,2025,"B2B -> Engineering, Product and Design",B2B,"Engineering, Product and Design"
30318,wildcard,Winter 2025,W25,2025,"B2B -> Engineering, Product and Design",B2B,"Engineering, Product and Design"
30321,woz,Winter 2025,W25,2025,B2B,B2B,
29790,youshift,Winter 2025,W25,2025,B2B -> Human Resources,B2B,Human Resources
30241,zeroentropy,Winter 2025,W25,2025,B2B -> Infrastructure,B2B,Infrastructure
30223,a0-dev,Winter 2025,W25,2025,"B2B -> Engineering, Product and Design",B2B,"Engineering, Product and Design"
30355,assistant-ui,Winter 2025,W25,2025,B2B -> Infrastructure,B2B,Infrastructure
30199,awen,Winter 2025,W25,2025,B2B,B2B,
30232,carecycle,Winter 2025,W25,2025,B2B,B2B,
30253,finbar,Winter 2025,W25,2025,Fintech,Fintech,
30212,superglue,Winter 2025,W25,2025,"B2B -> Engineering, Product and Design",B2B,"Engineering, Product and Design"
30427,acolite,Spring 2025,X25,2025,Fintech -> Insurance,Fintech,Insurance
30529,adentris,Spring 2025,X25,2025,Healthcare -> Healthcare IT,Healthcare,Healthcare IT
30557,aegis,Spring 2025,X25,2025,Healthcare -> Healthcare IT,Healthcare,Healthcare IT
30549,airweave,Spring 2025,X25,2025,B2B -> Infrastructure,B2B,Infrastructure
30498,alkali,Spring 2025,X25,2025,"B2B -> Engineering, Product and Design",B2B,"Engineering, Product and Design"
30430,almond-2,Spring 2025,X25,2025,Industrials -> Manufacturing and Robotics,Industrials,Manufacturing and Robotics
30435,alpha-research,Spring 2025,X25,2025,"B2B -> Engineering, Product and Design",B2B,"Engineering, Product and Design"
30485,anana,Spring 2025,X25,2025,B2B,B2B,
30403,aravolta,Spring 2025,X25,2025,B2B -> Infrastructure,B2B,Infrastructure
30336,atlog,Spring 2025,X25,2025,B2B -> Operations,B2B,Operations
30449,attune,Spring 2025,X25,2025,"B2B -> Engineering, Product and Design",B2B,"Engineering, Product and Design"
29662,atum-works,Spring 2025,X25,2025,Industrials -> Manufacturing and Robotics,Industrials,Manufacturing and Robotics
30425,auctor,Spring 2025,X25,2025,B2B,B2B,
30415,avallon-ai,Spring 2025,X25,2025,Fintech -> Insurance,Fintech,Insurance
30173,aviro,Spring 2025,X25,2025,B2B,B2B,
30438,beluga,Spring 2025,X25,2025,B2B -> Marketing,B2B,Marketing
30500,besimple-ai,Spring 2025,X25,2025,B2B,B2B,
30452,better-auth,Spring 2025,X25,2025,B2B -> Security,B2B,Security
30406,bitboard,Spring 2025,X25,2025,B2B -> Analytics,B2B,Analytics
30558,bitpatrol,Spring 2025,X25,2025,B2B -> Security,B2B,Security
30366,blaxel,Spring 2025,X25,2025,B2B,B2B,
30412,bloom-4,Spring 2025,X25,2025,"B2B -> Engineering, Product and Design",B2B,"Engineering, Product and Design"
30451,bluejay,Spring 2025,X25,2025,B2B,B2B,
30553,blueshoe,Spring 2025,X25,2025,B2B -> Legal,B2B,Legal
30554,bond,Spring 2025,X25,2025,B2B -> Productivity,B2B,Productivity
30509,boost-robotics,Spring 2025,X25,2025,Industrials -> Manufacturing and Robotics,Industrials,Manufacturing and Robotics
30516,bramante,Spring 2025,X25,2025,Industrials -> Manufacturing and Robotics,Industrials,Manufacturing and Robotics
30543,oncactus,Spring 2025,X25,2025,B2B,B2B,
30428,capacitive,Spring 2025,X25,2025,"B2B -> Engineering, Product and Design",B2B,"Engineering, Product and Design"
30501,cartpole,Spring 2025,X25,2025,B2B,B2B,
30556,cascade-space,Spring 2025,X25,2025,Industrials -> Aviation and Space,Industrials,Aviation and Space
30477,casco,Spring 2025,X25,2025,B2B -> Security,B2B,Security
30447,caucus,Spring 2025,X25,2025,Government,Government,
30384,chestnut,Spring 2025,X25,2025,Fintech -> Credit and Lending,Fintech,Credit and Lending
30459,chiron,Spring 2025,X25,2025,Education,Education,
30429,claim-health,Spring 2025,X25,2025,Healthcare,Healthcare,
30439,clarm,Spring 2025,X25,2025,B2B -> Productivity,B2B,Productivity
30468,clidey,Spring 2025,X25,2025,B2B,B2B,
30541,code-four,Spring 2025,X25,2025,Government,Government,
30565,cohesive,Spring 2025,X25,2025,B2B,B2B,
30461,combinely,Spring 2025,X25,2025,B2B -> Finance and Accounting,B2B,Finance and Accounting
30535,cotool,Spring 2025,X25,2025,B2B -> Security,B2B,Security
30479,crimson,Spring 2025,X25,2025,B2B -> Legal,B2B,Legal
30420,cua,Spring 2025,X25,2025,"B2B -> Engineering, Product and Design",B2B,"Engineering, Product and Design"
30538,den,Spring 2025,X25,2025,B2B -> Productivity,B2B,Productivity
30562,docket,Spring 2025,X25,2025,"B2B -> Engineering, Product and Design",B2B,"Engineering, Product and Design"
30513,eloquent-ai,Spring 2025,X25,2025,B2B,B2B,
30431,feyn,Spring 2025,X25,2025,"B2B -> Engineering, Product and Design",B2B,"Engineering, Product and Design"
30480,flott-hq,Spring 2025,X25,2025,B2B,B2B,
30560,foundation-industries,Spring 2025,X25,2025,Industrials,Industrials,
30462,freesolo,Spring 2025,X25,2025,"B2B -> Engineering, Product and Design",B2B,"Engineering, Product and Design"
30399,frekil,Spring 2025,X25,2025,Healthcare,Healthcare,
30422,galen-ai,Spring 2025,X25,2025,Healthcare -> Consumer Health and Wellness,Healthcare,Consumer Health and Wellness
30559,godela,Spring 2025,X25,2025,"B2B -> Engineering, Product and Design",B2B,"Engineering, Product and Design"
30407,golf,Spring 2025,X25,2025,B2B -> Security,B2B,Security
30417,groundcontrol,Spring 2025,X25,2025,Industrials -> Aviation and Space,Industrials,Aviation and Space
30469,habit,Spring 2025,X25,2025,B2B -> Retail,B2B,Retail
30442,hanji,Spring 2025,X25,2025,B2B -> Infrastructure,B2B,Infrastructure
30432,helixdb,Spring 2025,X25,2025,"B2B -> Engineering, Product and Design",B2B,"Engineering, Product and Design"
30519,hemut,Spring 2025,X25,2025,B2B -> Supply Chain and Logistics,B2B,Supply Chain and Logistics
30497,human-behavior,Spring 2025,X25,2025,"B2B -> Engineering, Product and Design",B2B,"Engineering, Product and Design"
30487,irbc,Spring 2025,X25,2025,Fintech -> Banking and Exchange,Fintech,Banking and Exchange
30458,jeevy-fabrication,Spring 2025,X25,2025,"B2B -> Engineering, Product and Design",B2B,"Engineering, Product and Design"
30437,kaelio,Spring 2025,X25,2025,B2B,B2B,
30521,kairos,Spring 2025,X25,2025,B2B -> Infrastructure,B2B,Infrastructure
30471,kaizen,Spring 2025,X25,2025,B2B,B2B,
30418,kanava-ai,Spring 2025,X25,2025,B2B -> Supply Chain and Logistics,B2B,Supply Chain and Logistics
30402,kashikoi,Spring 2025,X25,2025,B2B,B2B,
30450,kestral,Spring 2025,X25,2025,B2B,B2B,
30446,kirana-ai,Spring 2025,X25,2025,B2B -> Retail,B2B,Retail
30506,klavis-ai,Spring 2025,X25,2025,B2B,B2B,
30466,labric,Spring 2025,X25,2025,B2B -> Analytics,B2B,Analytics
29656,leeroo,Spring 2025,X25,2025,B2B,B2B,
30515,libretto,Spring 2025,X25,2025,Healthcare -> Healthcare Services,Healthcare,Healthcare Services
30482,lucis,Spring 2025,X25,2025,Healthcare -> Consumer Health and Wellness,Healthcare,Consumer Health and Wellness
30540,lumari,Spring 2025,X25,2025,B2B -> Supply Chain and Logistics,B2B,Supply Chain and Logistics
30445,mbodi-ai,Spring 2025,X25,2025,Industrials -> Manufacturing and Robotics,Industrials,Manufacturing and Robotics
30523,mesmer,Spring 2025,X25,2025,"B2B -> Engineering, Product and Design",B2B,"Engineering, Product and Design"
30527,mindfort,Spring 2025,X25,2025,B2B -> Security,B2B,Security
30419,minerva,Spring 2025,X25,2025,B2B -> Finance and Accounting,B2B,Finance and Accounting
30531,moby-analytics,Spring 2025,X25,2025,B2B -> Finance and Accounting,B2B,Finance and Accounting
30475,morphik,Spring 2025,X25,2025,B2B -> Operations,B2B,Operations
30512,morphoai,Spring 2025,X25,2025,Industrials -> Manufacturing and Robotics,Industrials,Manufacturing and Robotics
30502,nodi-energy,Spring 2025,X25,2025,Industrials -> Energy,Industrials,Energy
30522,naive,Spring 2025,X25,2025,B2B -> Infrastructure,B2B,Infrastructure
30532,nimbic-ai,Spring 2025,X25,2025,"B2B -> Engineering, Product and Design",B2B,"Engineering, Product and Design"
30476,nomi,Spring 2025,X25,2025,B2B -> Sales,B2B,Sales
30491,novoflow,Spring 2025,X25,2025,Healthcare -> Healthcare Services,Healthcare,Healthcare Services
30467,opusense-ai,Spring 2025,X25,2025,Real Estate and Construction -> Construction,Real Estate and Construction,Construction
30518,orchid-ai,Spring 2025,X25,2025,B2B -> Productivity,B2B,Productivity
30455,paper-instruments,Spring 2025,X25,2025,B2B,B2B,
30507,paraquery,Spring 2025,X25,2025,B2B -> Infrastructure,B2B,Infrastructure
30453,parsewise,Spring 2025,X25,2025,B2B,B2B,
30191,partcl,Spring 2025,X25,2025,"B2B -> Engineering, Product and Design",B2B,"Engineering, Product and Design"
30533,pelica,Spring 2025,X25,2025,Healthcare -> Healthcare IT,Healthcare,Healthcare IT
30444,percival,Spring 2025,X25,2025,B2B,B2B,
30448,pgdog,Spring 2025,X25,2025,B2B -> Infrastructure,B2B,Infrastructure
30465,photonium,Spring 2025,X25,2025,"B2B -> Engineering, Product and Design",B2B,"Engineering, Product and Design"
30400,plexe,Spring 2025,X25,2025,"B2B -> Engineering, Product and Design",B2B,"Engineering, Product and Design"
30492,prism,Spring 2025,X25,2025,"B2B -> Engineering, Product and Design",B2B,"Engineering, Product and Design"
30528,probo,Spring 2025,X25,2025,B2B -> Security,B2B,Security
30536,propolis,Spring 2025,X25,2025,B2B,B2B,
30367,qfex,Spring 2025,X25,2025,Fintech -> Banking and Exchange,Fintech,Banking and Exchange
30496,qualgent,Spring 2025,X25,2025,B2B,B2B,
30426,ralo,Spring 2025,X25,2025,Fintech -> Consumer Finance,Fintech,Consumer Finance
30454,refresh,Spring 2025,X25,2025,"B2B -> Engineering, Product and Design",B2B,"Engineering, Product and Design"
30530,rimba,Spring 2025,X25,2025,Industrials -> Climate,Industrials,Climate
30474,runrl,Spring 2025,X25,2025,B2B -> Infrastructure,B2B,Infrastructure
30514,scalar-field,Spring 2025,X25,2025,Fintech,Fintech,
30440,sim,Spring 2025,X25,2025,B2B,B2B,
30464,sixtyfour,Spring 2025,X25,2025,B2B -> Infrastructure,B2B,Infrastructure
30545,starsling,Spring 2025,X25,2025,"B2B -> Engineering, Product and Design",B2B,"Engineering, Product and Design"
30561,sureform,Spring 2025,X25,2025,B2B,B2B,
30508,sygaldry-technologies,Spring 2025,X25,2025,Industrials,Industrials,
30421,synthio-labs,Spring 2025,X25,2025,Healthcare,Healthcare,
30463,tegore,Spring 2025,X25,2025,Education,Education,
30547,text-ai,Spring 2025,X25,2025,Consumer,Consumer,
30433,the-robot-learning-company,Spring 2025,X25,2025,Industrials -> Manufacturing and Robotics,Industrials,Manufacturing and Robotics
30548,theorem-2,Spring 2025,X25,2025,"B2B -> Engineering, Product and Design",B2B,"Engineering, Product and Design"
30488,theta,Spring 2025,X25,2025,B2B,B2B,
30504,third-chair,Spring 2025,X25,2025,B2B -> Legal,B2B,Legal
30472,ticket-wallet,Spring 2025,X25,2025,B2B,B2B,
30456,tinfoil,Spring 2025,X25,2025,B2B -> Security,B2B,Security
30457,trapeze,Spring 2025,X25,2025,Healthcare -> Healthcare IT,Healthcare,Healthcare IT
30443,units,Spring 2025,X25,2025,Education,Education,
30517,valuemate,Spring 2025,X25,2025,B2B,B2B,
30511,vassar-robotics,Spring 2025,X25,2025,Consumer -> Consumer Electronics,Consumer,Consumer Electronics
30503,vesence,Spring 2025,X25,2025,B2B -> Legal,B2B,Legal
30542,vision-lab,Spring 2025,X25,2025,Industrials -> Manufacturing and Robotics,Industrials,Manufacturing and Robotics
30460,voiceos,Spring 2025,X25,2025,Consumer,Consumer,
30404,vybe,Spring 2025,X25,2025,"B2B -> Engineering, Product and Design",B2B,"Engineering, Product and Design"
30329,waffle,Spring 2025,X25,2025,Consumer,Consumer,
30544,wavedash,Spring 2025,X25,2025,Consumer -> Gaming,Consumer,Gaming
29666,willow,Spring 2025,X25,2025,Consumer,Consumer,
30434,zeon-systems,Spring 2025,X25,2025,Industrials -> Manufacturing and Robotics,Industrials,Manufacturing and Robotics
30526,chrt,Spring 2025,X25,2025,B2B -> Supply Chain and Logistics,B2B,Supply Chain and Logistics
30411,cubic,Spring 2025,X25,2025,"B2B -> Engineering, Product and Design",B2B,"Engineering, Product and Design"
30539,mlop,Spring 2025,X25,2025,B2B,B2B,
30405,nao-labs,Spring 2025,X25,2025,B2B -> Analytics,B2B,Analytics
30423,neoncoral,Spring 2025,X25,2025,Consumer,Consumer,
30552,sieveai,Spring 2025,X25,2025,B2B -> Finance and Accounting,B2B,Finance and Accounting
30441,stratify,Spring 2025,X25,2025,B2B,B2B,
30484,throxy,Spring 2025,X25,2025,B2B -> Sales,B2B,Sales
30606,acrely,Summer 2025,S25,2025,B2B,B2B,
30596,adaptional,Summer 2025,S25,2025,B2B,B2B,
30611,agentmail,Summer 2025,S25,2025,B2B -> Infrastructure,B2B,Infrastructure
30727,alara,Summer 2025,S25,2025,B2B,B2B,
30704,albacore-inc,Summer 2025,S25,2025,Industrials -> Defense,Industrials,Defense
30651,alter,Summer 2025,S25,2025,B2B -> Security,B2B,Security
30738,altur,Summer 2025,S25,2025,B2B,B2B,
30362,ambral,Summer 2025,S25,2025,B2B -> Sales,B2B,Sales
30614,astor,Summer 2025,S25,2025,Fintech -> Consumer Finance,Fintech,Consumer Finance
30720,autosana,Summer 2025,S25,2025,"B2B -> Engineering, Product and Design",B2B,"Engineering, Product and Design"
30086,autumn,Summer 2025,S25,2025,B2B,B2B,
30734,avelis-health,Summer 2025,S25,2025,Healthcare -> Healthcare IT,Healthcare,Healthcare IT
30799,avent,Summer 2025,S25,2025,B2B,B2B,
30792,geo-ai,Summer 2025,S25,2025,B2B -> Marketing,B2B,Marketing
30613,blank-bio,Summer 2025,S25,2025,Healthcare -> Therapeutics,Healthcare,Therapeutics
30813,blue,Summer 2025,S25,2025,Consumer,Consumer,
30675,bootloop,Summer 2025,S25,2025,"B2B -> Engineering, Product and Design",B2B,"Engineering, Product and Design"
30774,clodo,Summer 2025,S25,2025,B2B -> Sales,B2B,Sales
30510,cactus-compute,Summer 2025,S25,2025,"B2B -> Engineering, Product and Design",B2B,"Engineering, Product and Design"
30666,careswift,Summer 2025,S25,2025,Healthcare,Healthcare,
30759,certus-ai,Summer 2025,S25,2025,B2B,B2B,
30695,channel3,Summer 2025,S25,2025,B2B -> Retail,B2B,Retail
30711,char,Summer 2025,S25,2025,B2B -> Productivity,B2B,Productivity
30603,closera,Summer 2025,S25,2025,B2B,B2B,
30698,comena,Summer 2025,S25,2025,B2B -> Supply Chain and Logistics,B2B,Supply Chain and Logistics
30626,contextfort,Summer 2025,S25,2025,B2B -> Security,B2B,Security
30747,convexia,Summer 2025,S25,2025,Healthcare -> Drug Discovery and Delivery,Healthcare,Drug Discovery and Delivery
30681,conviction,Summer 2025,S25,2025,Fintech -> Consumer Finance,Fintech,Consumer Finance
30692,costream,Summer 2025,S25,2025,Consumer,Consumer,
30647,cyberdesk,Summer 2025,S25,2025,"B2B -> Engineering, Product and Design",B2B,"Engineering, Product and Design"
30628,datafruit,Summer 2025,S25,2025,"B2B -> Engineering, Product and Design",B2B,"Engineering, Product and Design"
30605,dedalus-labs,Summer 2025,S25,2025,B2B -> Infrastructure,B2B,Infrastructure
30662,deepaware-ai-robotics-center-of-silicon-valley,Summer 2025,S25,2025,Industrials -> Manufacturing and Robotics,Industrials,Manufacturing and Robotics
30656,deepgrove,Summer 2025,S25,2025,B2B,B2B,
30637,design-arena,Summer 2025,S25,2025,Consumer,Consumer,
30684,doe,Summer 2025,S25,2025,B2B,B2B,
30781,duranium,Summer 2025,S25,2025,Industrials -> Manufacturing and Robotics,Industrials,Manufacturing and Robotics
30636,effigov,Summer 2025,S25,2025,Government,Government,
30691,embedder,Summer 2025,S25,2025,"B2B -> Engineering, Product and Design",B2B,"Engineering, Product and Design"
30694,epicenter,Summer 2025,S25,2025,Consumer,Consumer,
30832,f2,Summer 2025,S25,2025,"B2B -> Engineering, Product and Design",B2B,"Engineering, Product and Design"
30741,f4-industries,Summer 2025,S25,2025,Industrials,Industrials,
30716,finto-de,Summer 2025,S25,2025,B2B -> Finance and Accounting,B2B,Finance and Accounting
30690,flai,Summer 2025,S25,2025,Industrials -> Automotive,Industrials,Automotive
30775,fleetline,Summer 2025,S25,2025,B2B -> Supply Chain and Logistics,B2B,Supply Chain and Logistics
30729,floot,Summer 2025,S25,2025,"B2B -> Engineering, Product and Design",B2B,"Engineering, Product and Design"
30771,flywheel-ai,Summer 2025,S25,2025,Industrials -> Manufacturing and Robotics,Industrials,Manufacturing and Robotics
30802,freya,Summer 2025,S25,2025,Fintech,Fintech,
30655,frizzle,Summer 2025,S25,2025,Education,Education,
30688,fulcrum,Summer 2025,S25,2025,B2B -> Analytics,B2B,Analytics
30598,getasap,Summer 2025,S25,2025,B2B -> Supply Chain and Logistics,B2B,Supply Chain and Logistics
30696,ghosteye,Summer 2025,S25,2025,B2B -> Security,B2B,Security
30618,golpo,Summer 2025,S25,2025,B2B -> Productivity,B2B,Productivity
30609,halluminate,Summer 2025,S25,2025,B2B,B2B,
30758,hera-video,Summer 2025,S25,2025,"B2B -> Engineering, Product and Design",B2B,"Engineering, Product and Design"
30732,humoniq,Summer 2025,S25,2025,B2B,B2B,
30650,imprezia,Summer 2025,S25,2025,B2B -> Infrastructure,B2B,Infrastructure
30789,interfere,Summer 2025,S25,2025,"B2B -> Engineering, Product and Design",B2B,"Engineering, Product and Design"
30717,iron-grid,Summer 2025,S25,2025,Industrials -> Manufacturing and Robotics,Industrials,Manufacturing and Robotics
30685,ironledger-ai,Summer 2025,S25,2025,Real Estate and Construction -> Housing and Real Estate,Real Estate and Construction,Housing and Real Estate
30648,tryjanet,Summer 2025,S25,2025,B2B,B2B,
30769,juxta,Summer 2025,S25,2025,B2B,B2B,
30762,kernel,Summer 2025,S25,2025,B2B -> Infrastructure,B2B,Infrastructure
30677,kalinda,Summer 2025,S25,2025,B2B -> Legal,B2B,Legal
30664,kestroll,Summer 2025,S25,2025,Consumer -> Content,Consumer,Content
30721,knowlify,Summer 2025,S25,2025,B2B,B2B,
30625,llm-stats,Summer 2025,S25,2025,B2B -> Infrastructure,B2B,Infrastructure
30615,lanesurf,Summer 2025,S25,2025,B2B,B2B,
30630,lark,Summer 2025,S25,2025,"B2B -> Engineering, Product and Design",B2B,"Engineering, Product and Design"
30649,lilac,Summer 2025,S25,2025,B2B,B2B,
30622,liva-ai,Summer 2025,S25,2025,B2B,B2B,
30754,locata,Summer 2025,S25,2025,Healthcare -> Healthcare IT,Healthcare,Healthcare IT
30638,lotas,Summer 2025,S25,2025,B2B -> Analytics,B2B,Analytics
30804,luminal,Summer 2025,S25,2025,B2B -> Infrastructure,B2B,Infrastructure
30776,magnetic,Summer 2025,S25,2025,B2B -> Productivity,B2B,Productivity
30660,magnitude,Summer 2025,S25,2025,"B2B -> Engineering, Product and Design",B2B,"Engineering, Product and Design"
30608,mangodesk,Summer 2025,S25,2025,B2B,B2B,
30710,manufact,Summer 2025,S25,2025,B2B -> Infrastructure,B2B,Infrastructure
30731,maximal,Summer 2025,S25,2025,B2B -> Supply Chain and Logistics,B2B,Supply Chain and Logistics
30602,meteor,Summer 2025,S25,2025,Consumer,Consumer,
30740,metis,Summer 2025,S25,2025,B2B -> Infrastructure,B2B,Infrastructure
30701,mimos,Summer 2025,S25,2025,B2B,B2B,
30725,minimal-ai,Summer 2025,S25,2025,B2B,B2B,
30777,modelence,Summer 2025,S25,2025,B2B -> Infrastructure,B2B,Infrastructure
30640,monarcha,Summer 2025,S25,2025,B2B,B2B,
30352,monte,Summer 2025,S25,2025,"B2B -> Engineering, Product and Design",B2B,"Engineering, Product and Design"
30713,motives,Summer 2025,S25,2025,B2B -> Marketing,B2B,Marketing
30786,munify,Summer 2025,S25,2025,Fintech,Fintech,
30795,noso-labs,Summer 2025,S25,2025,Industrials,Industrials,
30733,nautilus,Summer 2025,S25,2025,B2B -> Sales,B2B,Sales
30673,nexa-labs,Summer 2025,S25,2025,Industrials -> Agriculture,Industrials,Agriculture
30494,nixo,Summer 2025,S25,2025,B2B,B2B,
30697,normal,Summer 2025,S25,2025,Industrials,Industrials,
30756,notte,Summer 2025,S25,2025,B2B,B2B,
30709,novaflow,Summer 2025,S25,2025,Healthcare,Healthcare,
30818,nox-metals,Summer 2025,S25,2025,Industrials -> Manufacturing and Robotics,Industrials,Manufacturing and Robotics
30700,nozomio,Summer 2025,S25,2025,Consumer,Consumer,
30643,nuntius,Summer 2025,S25,2025,B2B -> Infrastructure,B2B,Infrastructure
30768,okibi,Summer 2025,S25,2025,B2B,B2B,
30722,omnara,Summer 2025,S25,2025,"B2B -> Engineering, Product and Design",B2B,"Engineering, Product and Design"
30652,ondeck-ai,Summer 2025,S25,2025,B2B -> Analytics,B2B,Analytics
30686,onestop,Summer 2025,S25,2025,Consumer,Consumer,
30743,opennote,Summer 2025,S25,2025,Consumer,Consumer,
30642,orange-slice,Summer 2025,S25,2025,B2B -> Sales,B2B,Sales
30736,pares-ai,Summer 2025,S25,2025,Real Estate and Construction,Real Estate and Construction,
30755,pally,Summer 2025,S25,2025,B2B -> Productivity,B2B,Productivity
30807,paloma,Summer 2025,S25,2025,B2B,B2B,
30645,panels,Summer 2025,S25,2025,"B2B -> Engineering, Product and Design",B2B,"Engineering, Product and Design"
30665,pangolin,Summer 2025,S25,2025,B2B -> Infrastructure,B2B,Infrastructure
30671,panoptive,Summer 2025,S25,2025,B2B,B2B,
30708,perseus-defense,Summer 2025,S25,2025,Industrials -> Defense,Industrials,Defense
30778,perspectives-health,Summer 2025,S25,2025,Healthcare -> Healthcare IT,Healthcare,Healthcare IT
30707,phases,Summer 2025,S25,2025,Healthcare -> Healthcare IT,Healthcare,Healthcare IT
30703,physical-turing,Summer 2025,S25,2025,Industrials -> Manufacturing and Robotics,Industrials,Manufacturing and Robotics
30582,pingo,Summer 2025,S25,2025,Consumer,Consumer,
30623,playgent,Summer 2025,S25,2025,Healthcare -> Healthcare IT,Healthcare,Healthcare IT
30748,pleom,Summer 2025,S25,2025,B2B -> Analytics,B2B,Analytics
30566,preseen,Summer 2025,S25,2025,B2B -> Analytics,B2B,Analytics
30719,procindex,Summer 2025,S25,2025,B2B -> Finance and Accounting,B2B,Finance and Accounting
30659,proliferate,Summer 2025,S25,2025,"B2B -> Engineering, Product and Design",B2B,"Engineering, Product and Design"
30739,quotain,Summer 2025,S25,2025,B2B -> Sales,B2B,Sales
30761,reacher,Summer 2025,S25,2025,B2B,B2B,
30805,realroots,Summer 2025,S25,2025,Consumer -> Social,Consumer,Social
30763,rebulk,Summer 2025,S25,2025,B2B -> Supply Chain and Logistics,B2B,Supply Chain and Logistics
30712,relling,Summer 2025,S25,2025,B2B -> Infrastructure,B2B,Infrastructure
30724,risely-ai,Summer 2025,S25,2025,Education,Education,
30680,riverbank,Summer 2025,S25,2025,B2B -> Infrastructure,B2B,Infrastructure
30785,rowflow,Summer 2025,S25,2025,B2B -> Operations,B2B,Operations
30798,ruvo,Summer 2025,S25,2025,Fintech,Fintech,
30796,outrove,Summer 2025,S25,2025,B2B,B2B,
30413,serafis,Summer 2025,S25,2025,B2B,B2B,
30619,shor,Summer 2025,S25,2025,Fintech -> Payments,Fintech,Payments
30744,sigmanticai,Summer 2025,S25,2025,"B2B -> Engineering, Product and Design",B2B,"Engineering, Product and Design"
30742,sira,Summer 2025,S25,2025,B2B -> Human Resources,B2B,Human Resources
30669,slashy,Summer 2025,S25,2025,B2B -> Productivity,B2B,Productivity
30726,socratix-ai,Summer 2025,S25,2025,B2B -> Operations,B2B,Operations
30706,solva,Summer 2025,S25,2025,Fintech -> Insurance,Fintech,Insurance
30791,spotlight-realty,Summer 2025,S25,2025,Real Estate and Construction,Real Estate and Construction,
30676,stellon-labs,Summer 2025,S25,2025,"B2B -> Engineering, Product and Design",B2B,"Engineering, Product and Design"
30661,stockline,Summer 2025,S25,2025,B2B,B2B,
29697,stormy,Summer 2025,S25,2025,B2B -> Operations,B2B,Operations
30520,synthetic-society,Summer 2025,S25,2025,"B2B -> Engineering, Product and Design",B2B,"Engineering, Product and Design"
30782,tectoai,Summer 2025,S25,2025,B2B,B2B,
30663,tesora,Summer 2025,S25,2025,Fintech -> Insurance,Fintech,Insurance
30607,the-prompting-company,Summer 2025,S25,2025,B2B -> Marketing,B2B,Marketing
30683,theora,Summer 2025,S25,2025,B2B -> Analytics,B2B,Analytics
30629,topological,Summer 2025,S25,2025,"B2B -> Engineering, Product and Design",B2B,"Engineering, Product and Design"
30687,trace-so,Summer 2025,S25,2025,B2B -> Productivity,B2B,Productivity
30610,traceroot-ai,Summer 2025,S25,2025,"B2B -> Engineering, Product and Design",B2B,"Engineering, Product and Design"
30702,twentytwo,Summer 2025,S25,2025,Healthcare -> Industrial Bio,Healthcare,Industrial Bio
30806,uplift-ai,Summer 2025,S25,2025,B2B,B2B,
30797,veritus,Summer 2025,S25,2025,Fintech -> Credit and Lending,Fintech,Credit and Lending
30624,verne-robotics,Summer 2025,S25,2025,Industrials -> Manufacturing and Robotics,Industrials,Manufacturing and Robotics
30699,vibeflow,Summer 2025,S25,2025,B2B,B2B,
30794,vulcan-technologies,Summer 2025,S25,2025,B2B -> Legal,B2B,Legal
30644,wafer,Summer 2025,S25,2025,"B2B -> Engineering, Product and Design",B2B,"Engineering, Product and Design"
30364,wayline,Summer 2025,S25,2025,Real Estate and Construction,Real Estate and Construction,
30668,wedge,Summer 2025,S25,2025,Healthcare,Healthcare,
30616,args,Summer 2025,S25,2025,B2B -> Productivity,B2B,Productivity
30689,b12-labs,Summer 2025,S25,2025,Healthcare -> Drug Discovery and Delivery,Healthcare,Drug Discovery and Delivery
30634,bitrig,Summer 2025,S25,2025,"B2B -> Engineering, Product and Design",B2B,"Engineering, Product and Design"
30801,burnt,Summer 2025,S25,2025,B2B -> Supply Chain and Logistics,B2B,Supply Chain and Logistics
30670,cocreate,Summer 2025,S25,2025,Consumer -> Content,Consumer,Content
30730,idler,Summer 2025,S25,2025,"B2B -> Engineering, Product and Design",B2B,"Engineering, Product and Design"
30772,stagewise,Summer 2025,S25,2025,"B2B -> Engineering, Product and Design",B2B,"Engineering, Product and Design"
30612,truthsystems,Summer 2025,S25,2025,B2B -> Infrastructure,B2B,Infrastructure
30958,absurd,Fall 2025,F25,2025,B2B -> Marketing,B2B,Marketing
30837,aircaps,Fall 2025,F25,2025,Consumer,Consumer,
30910,aleph-lab,Fall 2025,F25,2025,Consumer,Consumer,
30895,allus-ai,Fall 2025,F25,2025,Industrials -> Manufacturing and Robotics,Industrials,Manufacturing and Robotics
30992,amera,Fall 2025,F25,2025,Fintech -> Insurance,Fintech,Insurance
31010,amika,Fall 2025,F25,2025,B2B -> Infrastructure,B2B,Infrastructure
30890,answerthis,Fall 2025,F25,2025,Consumer,Consumer,
30999,antigen,Fall 2025,F25,2025,"B2B -> Engineering, Product and Design",B2B,"Engineering, Product and Design"
30937,anto-biosciences,Fall 2025,F25,2025,Healthcare,Healthcare,
30943,aside,Fall 2025,F25,2025,Consumer,Consumer,
30857,aspect-inc,Fall 2025,F25,2025,"B2B -> Engineering, Product and Design",B2B,"Engineering, Product and Design"
30882,atlasgrid,Fall 2025,F25,2025,"B2B -> Engineering, Product and Design",B2B,"Engineering, Product and Design"
30956,automax-ai,Fall 2025,F25,2025,Real Estate and Construction -> Housing and Real Estate,Real Estate and Construction,Housing and Real Estate
30591,autonomous-technologies-group,Fall 2025,F25,2025,Fintech,Fintech,
30996,axial,Fall 2025,F25,2025,Industrials -> Manufacturing and Robotics,Industrials,Manufacturing and Robotics
30989,bluma,Fall 2025,F25,2025,B2B -> Marketing,B2B,Marketing
30853,bolna-ai,Fall 2025,F25,2025,B2B,B2B,
30982,boom-ai,Fall 2025,F25,2025,B2B,B2B,
30917,bravi,Fall 2025,F25,2025,B2B,B2B,
30835,brickanta,Fall 2025,F25,2025,B2B -> Infrastructure,B2B,Infrastructure
30847,brickwise,Fall 2025,F25,2025,Real Estate and Construction -> Housing and Real Estate,Real Estate and Construction,Housing and Real Estate
30871,bron,Fall 2025,F25,2025,Consumer,Consumer,
30861,caddy,Fall 2025,F25,2025,"B2B -> Engineering, Product and Design",B2B,"Engineering, Product and Design"
30924,casey,Fall 2025,F25,2025,Fintech -> Insurance,Fintech,Insurance
30957,clad-labs,Fall 2025,F25,2025,B2B,B2B,
30886,clerked,Fall 2025,F25,2025,B2B,B2B,
31002,clicks-health,Fall 2025,F25,2025,B2B -> Productivity,B2B,Productivity
31022,coasts,Fall 2025,F25,2025,"B2B -> Engineering, Product and Design",B2B,"Engineering, Product and Design"
30919,codyco,Fall 2025,F25,2025,B2B,B2B,
30918,complydo,Fall 2025,F25,2025,B2B -> Legal,B2B,Legal
30921,compyle,Fall 2025,F25,2025,"B2B -> Engineering, Product and Design",B2B,"Engineering, Product and Design"
30930,cortex-ai,Fall 2025,F25,2025,Industrials -> Manufacturing and Robotics,Industrials,Manufacturing and Robotics
30878,cranston-ai,Fall 2025,F25,2025,B2B -> Finance and Accounting,B2B,Finance and Accounting
30949,crunched,Fall 2025,F25,2025,B2B -> Finance and Accounting,B2B,Finance and Accounting
30858,deeptrace,Fall 2025,F25,2025,B2B,B2B,
30962,denki,Fall 2025,F25,2025,B2B -> Finance and Accounting,B2B,Finance and Accounting
30816,digipals,Fall 2025,F25,2025,Consumer -> Social,Consumer,Social
30993,diligencesquared-inc,Fall 2025,F25,2025,B2B -> Analytics,B2B,Analytics
31004,dome,Fall 2025,F25,2025,B2B -> Infrastructure,B2B,Infrastructure
30821,efference,Fall 2025,F25,2025,Industrials -> Manufacturing and Robotics,Industrials,Manufacturing and Robotics
30940,everest,Fall 2025,F25,2025,Consumer,Consumer,
30970,exonic,Fall 2025,F25,2025,Healthcare -> Drug Discovery and Delivery,Healthcare,Drug Discovery and Delivery
30939,expected-parrot,Fall 2025,F25,2025,B2B,B2B,
31001,fastshot,Fall 2025,F25,2025,"B2B -> Engineering, Product and Design",B2B,"Engineering, Product and Design"
30749,fernstone,Fall 2025,F25,2025,Fintech -> Insurance,Fintech,Insurance
30569,fifth-door,Fall 2025,F25,2025,Consumer -> Gaming,Consumer,Gaming
30884,flick,Fall 2025,F25,2025,Consumer -> Content,Consumer,Content
30991,forge-robotics,Fall 2025,F25,2025,Industrials -> Manufacturing and Robotics,Industrials,Manufacturing and Robotics
30981,freeport-markets,Fall 2025,F25,2025,Fintech -> Consumer Finance,Fintech,Consumer Finance
29161,goldbridge,Fall 2025,F25,2025,Real Estate and Construction -> Housing and Real Estate,Real Estate and Construction,Housing and Real Estate
30911,helonic,Fall 2025,F25,2025,Real Estate and Construction -> Construction,Real Estate and Construction,Construction
30879,hypercubic,Fall 2025,F25,2025,B2B,B2B,
30854,hyperspell,Fall 2025,F25,2025,B2B -> Infrastructure,B2B,Infrastructure
30965,icarus,Fall 2025,F25,2025,Industrials -> Defense,Industrials,Defense
30938,imagine-ai,Fall 2025,F25,2025,B2B -> Sales,B2B,Sales
30972,jarmin,Fall 2025,F25,2025,B2B,B2B,
30869,kaigo-health,Fall 2025,F25,2025,Healthcare -> Healthcare IT,Healthcare,Healthcare IT
30959,kalpa-labs,Fall 2025,F25,2025,B2B,B2B,
30966,karumi,Fall 2025,F25,2025,B2B -> Sales,B2B,Sales
30903,kestrel-ai,Fall 2025,F25,2025,B2B -> Security,B2B,Security
30870,koyal,Fall 2025,F25,2025,Consumer -> Content,Consumer,Content
30888,lakonia,Fall 2025,F25,2025,Government,Government,
30822,lapis,Fall 2025,F25,2025,B2B -> Marketing,B2B,Marketing
30983,layers,Fall 2025,F25,2025,Healthcare -> Consumer Health and Wellness,Healthcare,Consumer Health and Wellness
30932,leadbay,Fall 2025,F25,2025,B2B -> Sales,B2B,Sales
30969,uselemma,Fall 2025,F25,2025,"B2B -> Engineering, Product and Design",B2B,"Engineering, Product and Design"
30920,lexi,Fall 2025,F25,2025,B2B -> Legal,B2B,Legal
30987,lightberry,Fall 2025,F25,2025,Industrials -> Manufacturing and Robotics,Industrials,Manufacturing and Robotics
30859,locus,Fall 2025,F25,2025,"B2B -> Engineering, Product and Design",B2B,"Engineering, Product and Design"
30907,logical,Fall 2025,F25,2025,B2B -> Productivity,B2B,Productivity
30900,logosguard,Fall 2025,F25,2025,B2B,B2B,
30948,lua-global-inc,Fall 2025,F25,2025,B2B,B2B,
30997,lunabill,Fall 2025,F25,2025,Healthcare -> Healthcare IT,Healthcare,Healthcare IT
30865,lunavo,Fall 2025,F25,2025,B2B -> Supply Chain and Logistics,B2B,Supply Chain and Logistics
30849,movedot,Fall 2025,F25,2025,"B2B -> Engineering, Product and Design",B2B,"Engineering, Product and Design"
26144,mspilot,Fall 2025,F25,2025,"B2B -> Engineering, Product and Design",B2B,"Engineering, Product and Design"
30975,madethis,Fall 2025,F25,2025,B2B -> Operations,B2B,Operations
31005,markit,Fall 2025,F25,2025,B2B -> Operations,B2B,Operations
31020,mayflower,Fall 2025,F25,2025,Government,Government,
30960,metorial,Fall 2025,F25,2025,B2B,B2B,
30978,miniswap,Fall 2025,F25,2025,Consumer -> Gaming,Consumer,Gaming
30874,minro,Fall 2025,F25,2025,"B2B -> Engineering, Product and Design",B2B,"Engineering, Product and Design"
30812,mixy,Fall 2025,F25,2025,Consumer,Consumer,
31008,moss,Fall 2025,F25,2025,B2B,B2B,
30896,multifactor,Fall 2025,F25,2025,B2B -> Security,B2B,Security
30950,usenarrative,Fall 2025,F25,2025,B2B -> Marketing,B2B,Marketing
30880,nessie,Fall 2025,F25,2025,Consumer,Consumer,
30852,gpt,Fall 2025,F25,2025,B2B,B2B,
30889,nivara,Fall 2025,F25,2025,B2B -> Finance and Accounting,B2B,Finance and Accounting
30657,nori,Fall 2025,F25,2025,Healthcare -> Consumer Health and Wellness,Healthcare,Consumer Health and Wellness
30868,norra,Fall 2025,F25,2025,Healthcare,Healthcare,
30933,nucleo,Fall 2025,F25,2025,Healthcare,Healthcare,
30631,null-labs,Fall 2025,F25,2025,Industrials -> Defense,Industrials,Defense
31011,openroll,Fall 2025,F25,2025,B2B,B2B,
30604,parametric,Fall 2025,F25,2025,Industrials -> Manufacturing and Robotics,Industrials,Manufacturing and Robotics
30848,parrot,Fall 2025,F25,2025,Consumer,Consumer,
30846,parse-bot,Fall 2025,F25,2025,B2B,B2B,
30936,patent-watch,Fall 2025,F25,2025,B2B,B2B,
30967,perseus,Fall 2025,F25,2025,"B2B -> Engineering, Product and Design",B2B,"Engineering, Product and Design"
30947,philon,Fall 2025,F25,2025,Industrials -> Manufacturing and Robotics,Industrials,Manufacturing and Robotics
29763,piggy-robotics,Fall 2025,F25,2025,Industrials -> Manufacturing and Robotics,Industrials,Manufacturing and Robotics
30931,pixley-ai,Fall 2025,F25,2025,Consumer -> Content,Consumer,Content
30925,play-health,Fall 2025,F25,2025,Healthcare,Healthcare,
30592,prox,Fall 2025,F25,2025,B2B -> Retail,B2B,Retail
30929,radiusbrowser,Fall 2025,F25,2025,"B2B -> Engineering, Product and Design",B2B,"Engineering, Product and Design"
30912,redapto,Fall 2025,F25,2025,B2B,B2B,
30953,relaw,Fall 2025,F25,2025,B2B,B2B,
30829,remedy,Fall 2025,F25,2025,Healthcare,Healthcare,
31013,rivet-design,Fall 2025,F25,2025,"B2B -> Engineering, Product and Design",B2B,"Engineering, Product and Design"
30977,rovi-health,Fall 2025,F25,2025,Healthcare,Healthcare,
30916,rovr,Fall 2025,F25,2025,"B2B -> Engineering, Product and Design",B2B,"Engineering, Product and Design"
30891,sf-tensor,Fall 2025,F25,2025,B2B -> Infrastructure,B2B,Infrastructure
30964,savahq,Fall 2025,F25,2025,Fintech,Fintech,
30899,sciloop,Fall 2025,F25,2025,B2B -> Infrastructure,B2B,Infrastructure
30856,scoop,Fall 2025,F25,2025,B2B,B2B,
30942,scott-ai,Fall 2025,F25,2025,B2B,B2B,
30922,selfin,Fall 2025,F25,2025,Fintech -> Consumer Finance,Fintech,Consumer Finance
30887,sellraze,Fall 2025,F25,2025,Consumer,Consumer,
30885,semble,Fall 2025,F25,2025,B2B,B2B,
30828,semiotic,Fall 2025,F25,2025,"B2B -> Engineering, Product and Design",B2B,"Engineering, Product and Design"
30862,sorce,Fall 2025,F25,2025,B2B -> Human Resources,B2B,Human Resources
30867,soren,Fall 2025,F25,2025,B2B,B2B,
30946,sourcebot,Fall 2025,F25,2025,"B2B -> Engineering, Product and Design",B2B,"Engineering, Product and Design"
30954,specific,Fall 2025,F25,2025,"B2B -> Engineering, Product and Design",B2B,"Engineering, Product and Design"
31009,specific-labs,Fall 2025,F25,2025,B2B,B2B,
30845,structured-ai,Fall 2025,F25,2025,Real Estate and Construction -> Construction,Real Estate and Construction,Construction
30851,sylvian,Fall 2025,F25,2025,B2B,B2B,
30873,tell-if-ai,Fall 2025,F25,2025,B2B -> Marketing,B2B,Marketing
30863,the-context-company,Fall 2025,F25,2025,"B2B -> Engineering, Product and Design",B2B,"Engineering, Product and Design"
30986,the-hog,Fall 2025,F25,2025,B2B -> Marketing,B2B,Marketing
30928,thesis,Fall 2025,F25,2025,Industrials -> Manufacturing and Robotics,Industrials,Manufacturing and Robotics
30934,tornyol,Fall 2025,F25,2025,Consumer -> Consumer Electronics,Consumer,Consumer Electronics
30877,trelium,Fall 2025,F25,2025,B2B,B2B,
30894,unsiloed-ai,Fall 2025,F25,2025,B2B,B2B,
30844,uplane,Fall 2025,F25,2025,B2B -> Marketing,B2B,Marketing
30995,velvet,Fall 2025,F25,2025,B2B,B2B,
30875,veria-labs,Fall 2025,F25,2025,B2B -> Security,B2B,Security
30881,wardstone,Fall 2025,F25,2025,Industrials -> Aviation and Space,Industrials,Aviation and Space
30945,zalos,Fall 2025,F25,2025,B2B -> Operations,B2B,Operations
31007,zarna,Fall 2025,F25,2025,B2B -> Finance and Accounting,B2B,Finance and Accounting
30850,zavo,Fall 2025,F25,2025,Fintech -> Payments,Fintech,Payments
31021,zephyr-fusion,Fall 2025,F25,2025,Industrials -> Energy,Industrials,Energy
30864,daridev,Fall 2025,F25,2025,"B2B -> Engineering, Product and Design",B2B,"Engineering, Product and Design"
30883,hillclimb,Fall 2025,F25,2025,"B2B -> Engineering, Product and Design",B2B,"Engineering, Product and Design"
31018,item,Fall 2025,F25,2025,B2B -> Sales,B2B,Sales
30935,s2-dev,Fall 2025,F25,2025,B2B -> Infrastructure,B2B,Infrastructure
31118,devfast,Winter 2026,W26,2026,B2B,B2B,
31098,10x-science,Winter 2026,W26,2026,B2B,B2B,
31123,21st,Winter 2026,W26,2026,"B2B -> Engineering, Product and Design",B2B,"Engineering, Product and Design"
31054,arc-prize-foundation,Winter 2026,W26,2026,Industrials,Industrials,
31138,aemon,Winter 2026,W26,2026,B2B,B2B,
30906,agentic-fabriq,Winter 2026,W26,2026,B2B -> Security,B2B,Security
30860,alt-x,Winter 2026,W26,2026,Fintech,Fintech,
31231,anchorhead,Winter 2026,W26,2026,"B2B -> Engineering, Product and Design",B2B,"Engineering, Product and Design"
31192,approxima,Winter 2026,W26,2026,"B2B -> Engineering, Product and Design",B2B,"Engineering, Product and Design"
31139,ashr,Winter 2026,W26,2026,B2B,B2B,
31095,asimov,Winter 2026,W26,2026,Industrials -> Manufacturing and Robotics,Industrials,Manufacturing and Robotics
31292,aurorin-cad,Winter 2026,W26,2026,"B2B -> Engineering, Product and Design",B2B,"Engineering, Product and Design"
31130,autositu,Winter 2026,W26,2026,B2B -> Legal,B2B,Legal
30715,autumn-ai,Winter 2026,W26,2026,B2B -> Infrastructure,B2B,Infrastructure
31121,avoice,Winter 2026,W26,2026,B2B,B2B,
31209,axionorbital-space,Winter 2026,W26,2026,Industrials -> Aviation and Space,Industrials,Aviation and Space
31092,axis-2,Winter 2026,W26,2026,Fintech,Fintech,
31236,getbalance,Winter 2026,W26,2026,B2B -> Finance and Accounting,B2B,Finance and Accounting
31107,baseframe,Winter 2026,W26,2026,B2B,B2B,
31109,beacon-health,Winter 2026,W26,2026,Healthcare,Healthcare,
31248,beesafe-ai,Winter 2026,W26,2026,B2B -> Security,B2B,Security
31142,beyond-reach-labs,Winter 2026,W26,2026,Industrials -> Aviation and Space,Industrials,Aviation and Space
30620,bidflow,Winter 2026,W26,2026,Real Estate and Construction -> Construction,Real Estate and Construction,Construction
31242,booko,Winter 2026,W26,2026,B2B,B2B,
31285,brumby,Winter 2026,W26,2026,Industrials -> Agriculture,Industrials,Agriculture
31215,bubble-lab,Winter 2026,W26,2026,B2B -> Operations,B2B,Operations
31112,burt,Winter 2026,W26,2026,B2B -> Supply Chain and Logistics,B2B,Supply Chain and Logistics
30770,button-computer,Winter 2026,W26,2026,"B2B -> Engineering, Product and Design",B2B,"Engineering, Product and Design"
31213,byteport,Winter 2026,W26,2026,B2B,B2B,
31170,cajal-technologies,Winter 2026,W26,2026,B2B,B2B,
31256,canary,Winter 2026,W26,2026,"B2B -> Engineering, Product and Design",B2B,"Engineering, Product and Design"
30913,captain,Winter 2026,W26,2026,B2B -> Infrastructure,B2B,Infrastructure
31178,cardboard,Winter 2026,W26,2026,B2B,B2B,
31311,trycardinal-ai,Winter 2026,W26,2026,B2B,B2B,
31207,caretta,Winter 2026,W26,2026,B2B -> Sales,B2B,Sales
31295,carrot-labs,Winter 2026,W26,2026,B2B,B2B,
31110,cascade,Winter 2026,W26,2026,B2B -> Infrastructure,B2B,Infrastructure
31040,catchback-cards,Winter 2026,W26,2026,Consumer -> Gaming,Consumer,Gaming
31113,celltype,Winter 2026,W26,2026,Healthcare -> Drug Discovery and Delivery,Healthcare,Drug Discovery and Delivery
31185,chamber,Winter 2026,W26,2026,B2B -> Infrastructure,B2B,Infrastructure
31233,chasi,Winter 2026,W26,2026,B2B,B2B,
31025,claimglide,Winter 2026,W26,2026,Healthcare -> Healthcare Services,Healthcare,Healthcare Services
31140,codewisp,Winter 2026,W26,2026,Consumer -> Gaming,Consumer,Gaming
31104,cofia,Winter 2026,W26,2026,B2B -> Productivity,B2B,Productivity
31164,compresr,Winter 2026,W26,2026,B2B -> Infrastructure,B2B,Infrastructure
31303,condor-energy,Winter 2026,W26,2026,Industrials -> Energy,Industrials,Energy
31162,confluence-labs,Winter 2026,W26,2026,B2B,B2B,
31196,congruent,Winter 2026,W26,2026,Industrials,Industrials,
31212,constellation-space,Winter 2026,W26,2026,B2B -> Analytics,B2B,Analytics
31260,copperlane,Winter 2026,W26,2026,Fintech -> Credit and Lending,Fintech,Credit and Lending
31241,corelayer,Winter 2026,W26,2026,"B2B -> Engineering, Product and Design",B2B,"Engineering, Product and Design"
31051,corvera,Winter 2026,W26,2026,B2B -> Operations,B2B,Operations
31016,crosslayer-labs,Winter 2026,W26,2026,B2B -> Security,B2B,Security
31128,cumulus-labs,Winter 2026,W26,2026,B2B -> Infrastructure,B2B,Infrastructure
31287,daivin,Winter 2026,W26,2026,Industrials -> Defense,Industrials,Defense
31080,didit,Winter 2026,W26,2026,B2B -> Infrastructure,B2B,Infrastructure
31225,ditto-biosciences,Winter 2026,W26,2026,Healthcare -> Drug Discovery and Delivery,Healthcare,Drug Discovery and Delivery
31090,docura-health,Winter 2026,W26,2026,Healthcare,Healthcare,
31229,doomersion,Winter 2026,W26,2026,Consumer,Consumer,
31149,eigenpal,Winter 2026,W26,2026,B2B -> Operations,B2B,Operations
31199,emdash,Winter 2026,W26,2026,B2B -> Productivity,B2B,Productivity
31186,end-close,Winter 2026,W26,2026,B2B -> Finance and Accounting,B2B,Finance and Accounting
31111,envariant,Winter 2026,W26,2026,B2B,B2B,
31058,eos-ai,Winter 2026,W26,2026,Healthcare,Healthcare,
31247,fed10,Winter 2026,W26,2026,B2B -> Legal,B2B,Legal
31187,fenrock-ai,Winter 2026,W26,2026,Fintech -> Banking and Exchange,Fintech,Banking and Exchange
31152,fern-bot,Winter 2026,W26,2026,B2B -> Infrastructure,B2B,Infrastructure
31289,fixture,Winter 2026,W26,2026,B2B -> Sales,B2B,Sales
31243,foreman,Winter 2026,W26,2026,Real Estate and Construction,Real Estate and Construction,
31239,fort,Winter 2026,W26,2026,Consumer -> Consumer Electronics,Consumer,Consumer Electronics
31204,forum,Winter 2026,W26,2026,Fintech,Fintech,
31048,fullseam,Winter 2026,W26,2026,B2B -> Finance and Accounting,B2B,Finance and Accounting
30635,galactic-resource-utilization-space-inc-gru-space,Winter 2026,W26,2026,Industrials -> Aviation and Space,Industrials,Aviation and Space
30973,generalastro,Winter 2026,W26,2026,Industrials -> Aviation and Space,Industrials,Aviation and Space
31240,general-legal,Winter 2026,W26,2026,B2B -> Legal,B2B,Legal
31255,grade,Winter 2026,W26,2026,Fintech,Fintech,
31030,haladir,Winter 2026,W26,2026,B2B -> Supply Chain and Logistics,B2B,Supply Chain and Logistics
31062,hlabs,Winter 2026,W26,2026,Industrials,Industrials,
31205,human-archive,Winter 2026,W26,2026,Industrials -> Manufacturing and Robotics,Industrials,Manufacturing and Robotics
31165,brownie,Winter 2026,W26,2026,B2B -> Infrastructure,B2B,Infrastructure
31168,instinct-xyz,Winter 2026,W26,2026,Fintech,Fintech,
31197,inventoryquant,Winter 2026,W26,2026,B2B,B2B,
31023,inviscid-ai,Winter 2026,W26,2026,Industrials -> Energy,Industrials,Energy
31179,jinba,Winter 2026,W26,2026,B2B,B2B,
31274,khotan,Winter 2026,W26,2026,B2B -> Supply Chain and Logistics,B2B,Supply Chain and Logistics
31083,kita,Winter 2026,W26,2026,Fintech,Fintech,
31084,klaus-ai,Winter 2026,W26,2026,B2B -> Infrastructure,B2B,Infrastructure
31120,kyten-technologies,Winter 2026,W26,2026,Industrials -> Manufacturing and Robotics,Industrials,Manufacturing and Robotics
31089,lance,Winter 2026,W26,2026,B2B,B2B,
31173,laurence,Winter 2026,W26,2026,B2B -> Analytics,B2B,Analytics
31101,legalos,Winter 2026,W26,2026,B2B -> Legal,B2B,Legal
31094,lexius,Winter 2026,W26,2026,B2B -> Security,B2B,Security
31087,lucent,Winter 2026,W26,2026,B2B,B2B,
31137,luel,Winter 2026,W26,2026,B2B -> Infrastructure,B2B,Infrastructure
31160,mango-medical-inc,Winter 2026,W26,2026,Healthcare -> Healthcare IT,Healthcare,Healthcare IT
31036,mantis,Winter 2026,W26,2026,B2B -> Infrastructure,B2B,Infrastructure
31306,martini,Winter 2026,W26,2026,"B2B -> Engineering, Product and Design",B2B,"Engineering, Product and Design"
31253,maven,Winter 2026,W26,2026,B2B -> Infrastructure,B2B,Infrastructure
31188,maywood,Winter 2026,W26,2026,Fintech -> Banking and Exchange,Fintech,Banking and Exchange
31210,mendral,Winter 2026,W26,2026,B2B,B2B,
28879,menza,Winter 2026,W26,2026,B2B -> Analytics,B2B,Analytics
31144,milliray,Winter 2026,W26,2026,Industrials -> Drones,Industrials,Drones
31091,mirabelle,Winter 2026,W26,2026,Consumer -> Consumer Electronics,Consumer,Consumer Electronics
31269,mochacare,Winter 2026,W26,2026,B2B -> Operations,B2B,Operations
31252,moda,Winter 2026,W26,2026,B2B -> Infrastructure,B2B,Infrastructure
31146,moritz,Winter 2026,W26,2026,B2B -> Legal,B2B,Legal
31132,mousecat,Winter 2026,W26,2026,B2B,B2B,
31019,ndea-com,Winter 2026,W26,2026,Industrials,Industrials,
31141,octapulse,Winter 2026,W26,2026,Industrials -> Climate,Industrials,Climate
31081,one-robot,Winter 2026,W26,2026,Industrials -> Manufacturing and Robotics,Industrials,Manufacturing and Robotics
31163,opalite-health,Winter 2026,W26,2026,Healthcare,Healthcare,
31116,openspec,Winter 2026,W26,2026,B2B,B2B,
31284,origami-robotics,Winter 2026,W26,2026,Industrials,Industrials,
31064,origin-bio,Winter 2026,W26,2026,Healthcare -> Drug Discovery and Delivery,Healthcare,Drug Discovery and Delivery
31154,orthogonal,Winter 2026,W26,2026,B2B -> Infrastructure,B2B,Infrastructure
31283,ossus,Winter 2026,W26,2026,B2B -> Infrastructure,B2B,Infrastructure
30641,overdrive-health,Winter 2026,W26,2026,Healthcare -> Healthcare Services,Healthcare,Healthcare Services
31171,overshoot,Winter 2026,W26,2026,B2B,B2B,
31208,oximy,Winter 2026,W26,2026,B2B -> Infrastructure,B2B,Infrastructure
30927,oxus,Winter 2026,W26,2026,B2B,B2B,
31126,palus-finance,Winter 2026,W26,2026,Fintech,Fintech,
31077,panta,Winter 2026,W26,2026,Fintech -> Insurance,Fintech,Insurance
31174,parameter,Winter 2026,W26,2026,B2B -> Security,B2B,Security
31183,patientdeskai,Winter 2026,W26,2026,Healthcare -> Healthcare IT,Healthcare,Healthcare IT
31175,pax-historia,Winter 2026,W26,2026,Consumer -> Gaming,Consumer,Gaming
31066,payna,Winter 2026,W26,2026,B2B,B2B,
31153,perfectly,Winter 2026,W26,2026,B2B -> Recruiting and Talent,B2B,Recruiting and Talent
31114,pirislabs,Winter 2026,W26,2026,B2B -> Infrastructure,B2B,Infrastructure
31214,pocket,Winter 2026,W26,2026,Consumer,Consumer,
30765,pollen,Winter 2026,W26,2026,B2B -> Operations,B2B,Operations
31217,polymath,Winter 2026,W26,2026,B2B,B2B,
31275,polymorph,Winter 2026,W26,2026,B2B,B2B,
31177,prana-health,Winter 2026,W26,2026,Healthcare -> Consumer Health and Wellness,Healthcare,Consumer Health and Wellness
31106,protent,Winter 2026,W26,2026,B2B -> Security,B2B,Security
31169,proximitty,Winter 2026,W26,2026,Fintech -> Credit and Lending,Fintech,Credit and Lending
31155,q2q,Winter 2026,W26,2026,B2B -> Finance and Accounting,B2B,Finance and Accounting
31082,quotient-labs,Winter 2026,W26,2026,B2B -> Productivity,B2B,Productivity
31097,rev1,Winter 2026,W26,2026,"B2B -> Engineering, Product and Design",B2B,"Engineering, Product and Design"
31145,ramain,Winter 2026,W26,2026,B2B,B2B,
31195,usereframe,Winter 2026,W26,2026,"B2B -> Engineering, Product and Design",B2B,"Engineering, Product and Design"
31302,remix-3,Winter 2026,W26,2026,Consumer,Consumer,
31232,remy-ai,Winter 2026,W26,2026,Industrials -> Manufacturing and Robotics,Industrials,Manufacturing and Robotics
31200,ressl-ai,Winter 2026,W26,2026,B2B,B2B,
31189,revion,Winter 2026,W26,2026,B2B,B2B,
31176,rhizome-ai,Winter 2026,W26,2026,B2B,B2B,
31276,ritivel,Winter 2026,W26,2026,Healthcare -> Healthcare IT,Healthcare,Healthcare IT
31201,robby,Winter 2026,W26,2026,B2B -> Productivity,B2B,Productivity
31135,robodock,Winter 2026,W26,2026,Industrials -> Energy,Industrials,Energy
31280,rubric-ai,Winter 2026,W26,2026,B2B,B2B,
31085,ruma-care,Winter 2026,W26,2026,Healthcare,Healthcare,
31088,runanywhere,Winter 2026,W26,2026,B2B -> Infrastructure,B2B,Infrastructure
31147,salus,Winter 2026,W26,2026,B2B -> Infrastructure,B2B,Infrastructure
31206,samora-ai,Winter 2026,W26,2026,B2B,B2B,
31136,scheduling-wizard,Winter 2026,W26,2026,Healthcare -> Healthcare IT,Healthcare,Healthcare IT
31180,seeing-systems,Winter 2026,W26,2026,Industrials -> Defense,Industrials,Defense
31100,sentrial,Winter 2026,W26,2026,"B2B -> Engineering, Product and Design",B2B,"Engineering, Product and Design"
31227,sequence-markets,Winter 2026,W26,2026,Fintech,Fintech,
31224,servo7,Winter 2026,W26,2026,Industrials -> Manufacturing and Robotics,Industrials,Manufacturing and Robotics
31300,shofo,Winter 2026,W26,2026,B2B -> Infrastructure,B2B,Infrastructure
30639,signals,Winter 2026,W26,2026,B2B,B2B,
31254,sila,Winter 2026,W26,2026,B2B -> Productivity,B2B,Productivity
31203,sitefire,Winter 2026,W26,2026,B2B -> Marketing,B2B,Marketing
31133,skillsync,Winter 2026,W26,2026,"B2B -> Engineering, Product and Design",B2B,"Engineering, Product and Design"
31151,sparkles,Winter 2026,W26,2026,"B2B -> Engineering, Product and Design",B2B,"Engineering, Product and Design"
31159,sponge,Winter 2026,W26,2026,B2B,B2B,
31273,spotpay,Winter 2026,W26,2026,Fintech -> Consumer Finance,Fintech,Consumer Finance
31245,squid,Winter 2026,W26,2026,Industrials -> Energy,Industrials,Energy
31167,stilta,Winter 2026,W26,2026,B2B,B2B,
31108,strand-ai,Winter 2026,W26,2026,Healthcare -> Drug Discovery and Delivery,Healthcare,Drug Discovery and Delivery
31181,synthetic-sciences,Winter 2026,W26,2026,"B2B -> Engineering, Product and Design",B2B,"Engineering, Product and Design"
31262,talking-computers,Winter 2026,W26,2026,B2B,B2B,
31127,tepali,Winter 2026,W26,2026,B2B,B2B,
31172,terminal-use,Winter 2026,W26,2026,B2B -> Operations,B2B,Operations
31158,terranox-ai,Winter 2026,W26,2026,Industrials -> Energy,Industrials,Energy
31250,the-token-company,Winter 2026,W26,2026,B2B -> Infrastructure,B2B,Infrastructure
31191,traverse,Winter 2026,W26,2026,B2B,B2B,
30905,travo,Winter 2026,W26,2026,Real Estate and Construction,Real Estate and Construction,
31244,turnstone,Winter 2026,W26,2026,B2B,B2B,
31296,unifold,Winter 2026,W26,2026,Fintech -> Payments,Fintech,Payments
31166,unisson,Winter 2026,W26,2026,B2B -> Productivity,B2B,Productivity
31271,voygr,Winter 2026,W26,2026,B2B,B2B,
31194,valence,Winter 2026,W26,2026,Fintech -> Consumer Finance,Fintech,Consumer Finance
31057,valgo,Winter 2026,W26,2026,"B2B -> Engineering, Product and Design",B2B,"Engineering, Product and Design"
31000,vector-legal,Winter 2026,W26,2026,B2B -> Legal,B2B,Legal
31264,vela,Winter 2026,W26,2026,B2B,B2B,
30876,velum-labs,Winter 2026,W26,2026,B2B,B2B,
31156,ventura,Winter 2026,W26,2026,Industrials,Industrials,
31129,verdex,Winter 2026,W26,2026,Fintech -> Insurance,Fintech,Insurance
31263,veriad,Winter 2026,W26,2026,B2B,B2B,
31182,visibl-semiconductors,Winter 2026,W26,2026,"B2B -> Engineering, Product and Design",B2B,"Engineering, Product and Design"
31003,voltair,Winter 2026,W26,2026,Industrials -> Drones,Industrials,Drones
31219,voxel-energy,Winter 2026,W26,2026,Industrials -> Energy,Industrials,Energy
31299,wayco,Winter 2026,W26,2026,B2B -> Infrastructure,B2B,Infrastructure
31307,wideframe,Winter 2026,W26,2026,B2B,B2B,
31131,zatanna,Winter 2026,W26,2026,"B2B -> Engineering, Product and Design",B2B,"Engineering, Product and Design"
31119,zerosettle,Winter 2026,W26,2026,Fintech -> Payments,Fintech,Payments
31278,zymbly,Winter 2026,W26,2026,B2B,B2B,
31230,o11,Winter 2026,W26,2026,B2B -> Finance and Accounting,B2B,Finance and Accounting
31096,shortkit,Winter 2026,W26,2026,"B2B -> Engineering, Product and Design",B2B,"Engineering, Product and Design"
31193,9-mothers-corporation,Spring 2026,X26,2026,Industrials -> Defense,Industrials,Defense
31442,aice,Spring 2026,X26,2026,Industrials -> Defense,Industrials,Defense
31485,anoria,Spring 2026,X26,2026,Consumer -> Consumer Electronics,Consumer,Consumer Electronics
31484,abinitio-bio,Spring 2026,X26,2026,Healthcare -> Drug Discovery and Delivery,Healthcare,Drug Discovery and Delivery
31434,adialante,Spring 2026,X26,2026,Healthcare -> Diagnostics,Healthcare,Diagnostics
31043,advanced-metal-research,Spring 2026,X26,2026,Industrials -> Manufacturing and Robotics,Industrials,Manufacturing and Robotics
31524,agentphone,Spring 2026,X26,2026,B2B -> Infrastructure,B2B,Infrastructure
31576,akkari,Spring 2026,X26,2026,B2B,B2B,
31444,alchemize,Spring 2026,X26,2026,"B2B -> Engineering, Product and Design",B2B,"Engineering, Product and Design"
31447,allowance,Spring 2026,X26,2026,Fintech -> Payments,Fintech,Payments
31497,amboras,Spring 2026,X26,2026,B2B,B2B,
31411,andco,Spring 2026,X26,2026,B2B -> Legal,B2B,Legal
31367,andustry,Spring 2026,X26,2026,Fintech,Fintech,
31503,apollo-atomics-inc,Spring 2026,X26,2026,Industrials -> Energy,Industrials,Energy
31487,aquashield,Spring 2026,X26,2026,Real Estate and Construction,Real Estate and Construction,
31451,archer,Spring 2026,X26,2026,Fintech -> Payments,Fintech,Payments
31552,arctic-health,Spring 2026,X26,2026,Healthcare -> Healthcare Services,Healthcare,Healthcare Services
31525,arden,Spring 2026,X26,2026,B2B -> Finance and Accounting,B2B,Finance and Accounting
31475,ardent,Spring 2026,X26,2026,B2B -> Infrastructure,B2B,Infrastructure
31413,arga-labs,Spring 2026,X26,2026,B2B,B2B,
31535,arlo-industries,Spring 2026,X26,2026,Industrials -> Defense,Industrials,Defense
31463,armature,Spring 2026,X26,2026,"B2B -> Engineering, Product and Design",B2B,"Engineering, Product and Design"
31511,arzana,Spring 2026,X26,2026,B2B -> Operations,B2B,Operations
31528,asendia-ai,Spring 2026,X26,2026,B2B,B2B,
31465,aseon-labs,Spring 2026,X26,2026,Industrials -> Manufacturing and Robotics,Industrials,Manufacturing and Robotics
31498,asterlab,Spring 2026,X26,2026,B2B -> Productivity,B2B,Productivity
31534,astraea,Spring 2026,X26,2026,B2B,B2B,
31373,atrisa,Spring 2026,X26,2026,"B2B -> Engineering, Product and Design",B2B,"Engineering, Product and Design"
30408,autostep,Spring 2026,X26,2026,B2B -> Operations,B2B,Operations
31510,auxos,Spring 2026,X26,2026,B2B,B2B,
31530,avea-robotics,Spring 2026,X26,2026,Industrials -> Manufacturing and Robotics,Industrials,Manufacturing and Robotics
31423,bentolabs-ai,Spring 2026,X26,2026,B2B,B2B,
31477,biostack-platforms,Spring 2026,X26,2026,Healthcare,Healthcare,
31293,trybloom,Spring 2026,X26,2026,B2B,B2B,
31416,callab-ai,Spring 2026,X26,2026,B2B -> Operations,B2B,Operations
31543,centralcoms,Spring 2026,X26,2026,Real Estate and Construction -> Construction,Real Estate and Construction,Construction
31513,characterquilt,Spring 2026,X26,2026,B2B -> Marketing,B2B,Marketing
31364,chert,Spring 2026,X26,2026,B2B,B2B,
31468,chronicle-labs,Spring 2026,X26,2026,B2B,B2B,
31117,cignara,Spring 2026,X26,2026,B2B,B2B,
31063,clara-2,Spring 2026,X26,2026,Healthcare -> Consumer Health and Wellness,Healthcare,Consumer Health and Wellness
31554,clawvisor,Spring 2026,X26,2026,B2B -> Security,B2B,Security
31562,cohesion,Spring 2026,X26,2026,B2B -> Finance and Accounting,B2B,Finance and Accounting
31443,complir,Spring 2026,X26,2026,B2B -> Retail,B2B,Retail
31370,dayjob,Spring 2026,X26,2026,B2B -> Supply Chain and Logistics,B2B,Supply Chain and Logistics
31395,deep-interactions,Spring 2026,X26,2026,B2B,B2B,
31362,discovered-materials,Spring 2026,X26,2026,Industrials,Industrials,
31294,dispatch,Spring 2026,X26,2026,Industrials -> Aviation and Space,Industrials,Aviation and Space
31157,drafted,Spring 2026,X26,2026,Consumer,Consumer,
31414,dreach,Spring 2026,X26,2026,B2B -> Infrastructure,B2B,Infrastructure
31454,ed1th,Spring 2026,X26,2026,Consumer -> Consumer Electronics,Consumer,Consumer Electronics
31489,eden-robotics,Spring 2026,X26,2026,Industrials -> Manufacturing and Robotics,Industrials,Manufacturing and Robotics
31388,elyra,Spring 2026,X26,2026,B2B,B2B,
31549,enjamb-labs,Spring 2026,X26,2026,B2B,B2B,
31516,expanse,Spring 2026,X26,2026,B2B -> Infrastructure,B2B,Infrastructure
30915,finaldose,Spring 2026,X26,2026,Healthcare -> Therapeutics,Healthcare,Therapeutics
31488,foaster,Spring 2026,X26,2026,B2B,B2B,
30737,foresight,Spring 2026,X26,2026,B2B -> Analytics,B2B,Analytics
31553,framewise-health,Spring 2026,X26,2026,Healthcare,Healthcare,
31102,fuchsia,Spring 2026,X26,2026,B2B,B2B,
31501,general-aviation,Spring 2026,X26,2026,Industrials -> Aviation and Space,Industrials,Aviation and Space
31456,general-instinct,Spring 2026,X26,2026,Industrials -> Manufacturing and Robotics,Industrials,Manufacturing and Robotics
31536,gigacatalyst,Spring 2026,X26,2026,"B2B -> Engineering, Product and Design",B2B,"Engineering, Product and Design"
31426,gojiberry-ai,Spring 2026,X26,2026,B2B -> Sales,B2B,Sales
31381,govguard,Spring 2026,X26,2026,Government,Government,
31522,gravy,Spring 2026,X26,2026,Fintech -> Consumer Finance,Fintech,Consumer Finance
31391,hevn-inc,Spring 2026,X26,2026,Fintech,Fintech,
31445,runharbor,Spring 2026,X26,2026,Healthcare,Healthcare,
31323,hedge,Spring 2026,X26,2026,Fintech -> Insurance,Fintech,Insurance
31496,hessian,Spring 2026,X26,2026,B2B,B2B,
31350,hexa,Spring 2026,X26,2026,B2B -> Supply Chain and Logistics,B2B,Supply Chain and Logistics
31574,heyclicky,Spring 2026,X26,2026,Consumer,Consumer,
31375,hub,Spring 2026,X26,2026,B2B -> Infrastructure,B2B,Infrastructure
30646,humwork,Spring 2026,X26,2026,B2B,B2B,
31564,huscarl,Spring 2026,X26,2026,Fintech -> Insurance,Fintech,Insurance
31548,hyper-4,Spring 2026,X26,2026,B2B -> Productivity,B2B,Productivity
31076,imperfect,Spring 2026,X26,2026,Consumer,Consumer,
31369,inloop-robotics,Spring 2026,X26,2026,Industrials -> Manufacturing and Robotics,Industrials,Manufacturing and Robotics
31441,infera,Spring 2026,X26,2026,Healthcare -> Industrial Bio,Healthcare,Industrial Bio
31547,insforge,Spring 2026,X26,2026,"B2B -> Engineering, Product and Design",B2B,"Engineering, Product and Design"
31409,instaagent,Spring 2026,X26,2026,B2B -> Marketing,B2B,Marketing
31560,intelligence-factory,Spring 2026,X26,2026,Industrials -> Manufacturing and Robotics,Industrials,Manufacturing and Robotics
31386,interfaze,Spring 2026,X26,2026,B2B -> Infrastructure,B2B,Infrastructure
31246,inth,Spring 2026,X26,2026,B2B -> Infrastructure,B2B,Infrastructure
31383,juno-chat,Spring 2026,X26,2026,Healthcare -> Consumer Health and Wellness,Healthcare,Consumer Health and Wellness
31393,kelai,Spring 2026,X26,2026,Fintech -> Asset Management,Fintech,Asset Management
31432,keyframe-labs,Spring 2026,X26,2026,B2B,B2B,
31420,kimpton,Spring 2026,X26,2026,Fintech -> Asset Management,Fintech,Asset Management
31520,kinect,Spring 2026,X26,2026,B2B,B2B,
31382,kinro,Spring 2026,X26,2026,Fintech -> Insurance,Fintech,Insurance
31539,klaimee,Spring 2026,X26,2026,Fintech -> Insurance,Fintech,Insurance
31326,klarify,Spring 2026,X26,2026,Healthcare -> Healthcare IT,Healthcare,Healthcare IT
31327,korso,Spring 2026,X26,2026,B2B,B2B,
31540,kugelaudio,Spring 2026,X26,2026,B2B -> Infrastructure,B2B,Infrastructure
31473,kuli,Spring 2026,X26,2026,B2B -> Marketing,B2B,Marketing
31424,lab0,Spring 2026,X26,2026,B2B,B2B,
31421,lamina-labs,Spring 2026,X26,2026,"B2B -> Engineering, Product and Design",B2B,"Engineering, Product and Design"
31533,lattice-health,Spring 2026,X26,2026,Healthcare,Healthcare,
31376,light-anchor,Spring 2026,X26,2026,Consumer,Consumer,
31360,lightsprint,Spring 2026,X26,2026,"B2B -> Engineering, Product and Design",B2B,"Engineering, Product and Design"
31377,limrun,Spring 2026,X26,2026,B2B -> Infrastructure,B2B,Infrastructure
31046,linzumi,Spring 2026,X26,2026,"B2B -> Engineering, Product and Design",B2B,"Engineering, Product and Design"
31435,lumius,Spring 2026,X26,2026,Healthcare -> Medical Devices,Healthcare,Medical Devices
31399,madrone,Spring 2026,X26,2026,Industrials -> Energy,Industrials,Energy
31531,manicule,Spring 2026,X26,2026,B2B -> Marketing,B2B,Marketing
31561,maquoketa-research,Spring 2026,X26,2026,Industrials -> Defense,Industrials,Defense
31335,memoir,Spring 2026,X26,2026,B2B -> Marketing,B2B,Marketing
31482,memory-store,Spring 2026,X26,2026,B2B -> Infrastructure,B2B,Infrastructure
31453,minicor,Spring 2026,X26,2026,B2B -> Infrastructure,B2B,Infrastructure
30723,miso-labs,Spring 2026,X26,2026,B2B -> Infrastructure,B2B,Infrastructure
31529,mochatrade,Spring 2026,X26,2026,Fintech -> Consumer Finance,Fintech,Consumer Finance
31545,modern,Spring 2026,X26,2026,B2B -> Operations,B2B,Operations
31440,mount,Spring 2026,X26,2026,Fintech -> Insurance,Fintech,Insurance
31343,multiplier,Spring 2026,X26,2026,B2B,B2B,
31427,napkin-math,Spring 2026,X26,2026,Consumer,Consumer,
31221,netter,Spring 2026,X26,2026,B2B -> Analytics,B2B,Analytics
31366,nine-fives,Spring 2026,X26,2026,Industrials -> Manufacturing and Robotics,Industrials,Manufacturing and Robotics
31429,oddpool,Spring 2026,X26,2026,"B2B -> Engineering, Product and Design",B2B,"Engineering, Product and Design"
31428,ontora,Spring 2026,X26,2026,B2B -> Operations,B2B,Operations
31500,openprose,Spring 2026,X26,2026,"B2B -> Engineering, Product and Design",B2B,"Engineering, Product and Design"
31505,openwork,Spring 2026,X26,2026,B2B -> Productivity,B2B,Productivity
31486,ornadyne,Spring 2026,X26,2026,Industrials -> Drones,Industrials,Drones
31460,plan0-ai,Spring 2026,X26,2026,Real Estate and Construction,Real Estate and Construction,
31417,pairio,Spring 2026,X26,2026,B2B,B2B,
31544,panacea,Spring 2026,X26,2026,Healthcare -> Healthcare Services,Healthcare,Healthcare Services
31439,useparrot,Spring 2026,X26,2026,B2B,B2B,
31398,pavoot,Spring 2026,X26,2026,B2B -> Marketing,B2B,Marketing
31512,pentagon,Spring 2026,X26,2026,B2B -> Productivity,B2B,Productivity
31333,perfectbit-inc,Spring 2026,X26,2026,B2B,B2B,
31550,playablai,Spring 2026,X26,2026,Consumer -> Gaming,Consumer,Gaming
31493,plena-health,Spring 2026,X26,2026,Healthcare -> Healthcare Services,Healthcare,Healthcare Services
31041,ploy,Spring 2026,X26,2026,B2B,B2B,
31480,pops,Spring 2026,X26,2026,Consumer -> Gaming,Consumer,Gaming
30944,tryprism,Spring 2026,X26,2026,B2B -> Recruiting and Talent,B2B,Recruiting and Talent
31507,projectx,Spring 2026,X26,2026,B2B -> Infrastructure,B2B,Infrastructure
31436,prototypingio,Spring 2026,X26,2026,Industrials -> Manufacturing and Robotics,Industrials,Manufacturing and Robotics
31494,raspire,Spring 2026,X26,2026,B2B -> Security,B2B,Security
31458,reason-machines,Spring 2026,X26,2026,B2B -> Productivity,B2B,Productivity
31546,reasonblocks,Spring 2026,X26,2026,B2B,B2B,
31279,regbase,Spring 2026,X26,2026,B2B -> Legal,B2B,Legal
31410,rentahuman,Spring 2026,X26,2026,Consumer -> Job and Career Services,Consumer,Job and Career Services
31345,replicas,Spring 2026,X26,2026,"B2B -> Engineering, Product and Design",B2B,"Engineering, Product and Design"
31438,result,Spring 2026,X26,2026,Consumer,Consumer,
31527,revnu,Spring 2026,X26,2026,B2B -> Marketing,B2B,Marketing
31450,river-markets,Spring 2026,X26,2026,Fintech,Fintech,
31346,rudus,Spring 2026,X26,2026,Real Estate and Construction -> Construction,Real Estate and Construction,Construction
31518,runtime,Spring 2026,X26,2026,"B2B -> Engineering, Product and Design",B2B,"Engineering, Product and Design"
31363,saffron,Spring 2026,X26,2026,B2B -> Recruiting and Talent,B2B,Recruiting and Talent
31408,salesgraph,Spring 2026,X26,2026,B2B -> Sales,B2B,Sales
31481,saudara-ai,Spring 2026,X26,2026,B2B,B2B,
31433,savant,Spring 2026,X26,2026,B2B -> Productivity,B2B,Productivity
31211,sazabi,Spring 2026,X26,2026,B2B -> Infrastructure,B2B,Infrastructure
31351,scope,Spring 2026,X26,2026,B2B,B2B,
31407,sherpa,Spring 2026,X26,2026,B2B,B2B,
31478,silmaril,Spring 2026,X26,2026,B2B,B2B,
30779,smartbase,Spring 2026,X26,2026,B2B -> Operations,B2B,Operations
31464,soria,Spring 2026,X26,2026,Fintech -> Asset Management,Fintech,Asset Management
31419,stablebrowse,Spring 2026,X26,2026,Industrials -> Manufacturing and Robotics,Industrials,Manufacturing and Robotics
31332,stage,Spring 2026,X26,2026,"B2B -> Engineering, Product and Design",B2B,"Engineering, Product and Design"
31330,standard-signal,Spring 2026,X26,2026,Fintech -> Asset Management,Fintech,Asset Management
31402,standout,Spring 2026,X26,2026,B2B -> Recruiting and Talent,B2B,Recruiting and Talent
31380,superlog,Spring 2026,X26,2026,"B2B -> Engineering, Product and Design",B2B,"Engineering, Product and Design"
31222,superset,Spring 2026,X26,2026,"B2B -> Engineering, Product and Design",B2B,"Engineering, Product and Design"
31325,surtr-defense-systems,Spring 2026,X26,2026,Industrials -> Defense,Industrials,Defense
31415,synphony,Spring 2026,X26,2026,Industrials -> Manufacturing and Robotics,Industrials,Manufacturing and Robotics
31418,taiga,Spring 2026,X26,2026,Healthcare -> Healthcare Services,Healthcare,Healthcare Services
30963,takecareos,Spring 2026,X26,2026,B2B,B2B,
31470,tasklet-2,Spring 2026,X26,2026,B2B -> Productivity,B2B,Productivity
31374,tenet-industries,Spring 2026,X26,2026,Industrials -> Defense,Industrials,Defense
31491,testerarmy,Spring 2026,X26,2026,"B2B -> Engineering, Product and Design",B2B,"Engineering, Product and Design"
31371,the-company-company,Spring 2026,X26,2026,B2B,B2B,
31563,thomas,Spring 2026,X26,2026,B2B,B2B,
31506,tolmo,Spring 2026,X26,2026,B2B -> Security,B2B,Security
31344,totalis,Spring 2026,X26,2026,Fintech -> Consumer Finance,Fintech,Consumer Finance
31372,trellistech,Spring 2026,X26,2026,B2B -> Operations,B2B,Operations
31359,twolabs,Spring 2026,X26,2026,Industrials -> Manufacturing and Robotics,Industrials,Manufacturing and Robotics
31526,uno-wallet,Spring 2026,X26,2026,Fintech -> Payments,Fintech,Payments
31404,userlens,Spring 2026,X26,2026,B2B -> Productivity,B2B,Productivity
31457,valctrl,Spring 2026,X26,2026,Fintech -> Banking and Exchange,Fintech,Banking and Exchange
31430,voquill,Spring 2026,X26,2026,Healthcare,Healthcare,
31466,walter,Spring 2026,X26,2026,B2B -> Operations,B2B,Operations
31472,wato,Spring 2026,X26,2026,B2B -> Infrastructure,B2B,Infrastructure
31390,wealor,Spring 2026,X26,2026,Fintech -> Asset Management,Fintech,Asset Management
31517,youart,Spring 2026,X26,2026,Consumer -> Content,Consumer,Content
31368,zenbu-2,Spring 2026,X26,2026,"B2B -> Engineering, Product and Design",B2B,"Engineering, Product and Design"
31459,zibra-labs,Spring 2026,X26,2026,B2B -> Infrastructure,B2B,Infrastructure
31385,zolvo,Spring 2026,X26,2026,Fintech -> Credit and Lending,Fintech,Credit and Lending
31538,flowscope,Spring 2026,X26,2026,B2B,B2B,
29155,jo,Spring 2026,X26,2026,Consumer,Consumer,
31329,primitive,Spring 2026,X26,2026,B2B -> Infrastructure,B2B,Infrastructure
31396,qomplement,Spring 2026,X26,2026,B2B,B2B,
31400,shotwellai,Spring 2026,X26,2026,Industrials -> Manufacturing and Robotics,Industrials,Manufacturing and Robotics
31448,smol-machines,Spring 2026,X26,2026,B2B -> Infrastructure,B2B,Infrastructure
31455,tdaycom,Spring 2026,X26,2026,B2B -> Marketing,B2B,Marketing
31403,transload,Spring 2026,X26,2026,B2B -> Supply Chain and Logistics,B2B,Supply Chain and Logistics
32552,6thsense,Summer 2026,S26,2026,Industrials -> Manufacturing and Robotics,Industrials,Manufacturing and Robotics
33056,83-sciences,Summer 2026,S26,2026,Industrials,Industrials,
32584,aerogen-systems,Summer 2026,S26,2026,Industrials,Industrials,
32518,agency-tool-company,Summer 2026,S26,2026,Industrials -> Manufacturing and Robotics,Industrials,Manufacturing and Robotics
33250,agent-fm,Summer 2026,S26,2026,"B2B -> Engineering, Product and Design",B2B,"Engineering, Product and Design"
33018,agentcard,Summer 2026,S26,2026,Fintech,Fintech,
33019,agnost-ai,Summer 2026,S26,2026,B2B -> Analytics,B2B,Analytics
32619,akon-labs,Summer 2026,S26,2026,B2B,B2B,
32621,aktoria-robotics,Summer 2026,S26,2026,Industrials -> Manufacturing and Robotics,Industrials,Manufacturing and Robotics
32262,alkera-ai,Summer 2026,S26,2026,"B2B -> Engineering, Product and Design",B2B,"Engineering, Product and Design"
33441,allia-health,Summer 2026,S26,2026,Healthcare -> Healthcare Services,Healthcare,Healthcare Services
32204,alloovium,Summer 2026,S26,2026,Real Estate and Construction -> Construction,Real Estate and Construction,Construction
32588,almanac,Summer 2026,S26,2026,B2B,B2B,
31557,amorphic-labs,Summer 2026,S26,2026,"B2B -> Engineering, Product and Design",B2B,"Engineering, Product and Design"
31298,applied-electrodynamics-inc,Summer 2026,S26,2026,Industrials,Industrials,
32749,arbital,Summer 2026,S26,2026,Fintech -> Consumer Finance,Fintech,Consumer Finance
31216,archal,Summer 2026,S26,2026,B2B -> Infrastructure,B2B,Infrastructure
31184,assemble,Summer 2026,S26,2026,B2B,B2B,
30653,withasync,Summer 2026,S26,2026,B2B,B2B,
31532,atlas-discovery,Summer 2026,S26,2026,Healthcare -> Drug Discovery and Delivery,Healthcare,Drug Discovery and Delivery
31257,atlia,Summer 2026,S26,2026,Real Estate and Construction -> Housing and Real Estate,Real Estate and Construction,Housing and Real Estate
33607,atomarine,Summer 2026,S26,2026,Industrials -> Energy,Industrials,Energy
32222,audun,Summer 2026,S26,2026,Fintech,Fintech,
33314,avoca-systems,Summer 2026,S26,2026,Healthcare,Healthcare,
33045,axelrod,Summer 2026,S26,2026,B2B,B2B,
28841,baud,Summer 2026,S26,2026,Industrials,Industrials,
32133,belvedir,Summer 2026,S26,2026,B2B,B2B,
32161,bernard,Summer 2026,S26,2026,B2B -> Operations,B2B,Operations
33606,billow-ai-labs,Summer 2026,S26,2026,B2B -> Finance and Accounting,B2B,Finance and Accounting
32200,bizmark,Summer 2026,S26,2026,B2B,B2B,
32551,bloomy,Summer 2026,S26,2026,Education,Education,
32197,buildbox,Summer 2026,S26,2026,B2B -> Analytics,B2B,Analytics
32220,ai-coach,Summer 2026,S26,2026,B2B -> Sales,B2B,Sales
32288,callbook-ai,Summer 2026,S26,2026,B2B,B2B,
33046,carsignal,Summer 2026,S26,2026,B2B,B2B,
33021,care-gp,Summer 2026,S26,2026,Healthcare,Healthcare,
33673,caution,Summer 2026,S26,2026,B2B -> Infrastructure,B2B,Infrastructure
32520,cerenovus,Summer 2026,S26,2026,B2B -> Operations,B2B,Operations
33055,chromie,Summer 2026,S26,2026,B2B,B2B,
32618,click,Summer 2026,S26,2026,B2B -> Analytics,B2B,Analytics
33738,coarena,Summer 2026,S26,2026,"B2B -> Engineering, Product and Design",B2B,"Engineering, Product and Design"
32230,codag,Summer 2026,S26,2026,B2B -> Infrastructure,B2B,Infrastructure
32814,computable,Summer 2026,S26,2026,Fintech,Fintech,
33936,conifer,Summer 2026,S26,2026,B2B,B2B,
32227,contextdev,Summer 2026,S26,2026,B2B -> Infrastructure,B2B,Infrastructure
31261,control-seat,Summer 2026,S26,2026,Industrials,Industrials,
33012,cosmic-robotics,Summer 2026,S26,2026,Industrials,Industrials,
31268,cova,Summer 2026,S26,2026,Healthcare,Healthcare,
33345,cuebench,Summer 2026,S26,2026,B2B,B2B,
32649,daqstra,Summer 2026,S26,2026,B2B,B2B,
31223,datoric,Summer 2026,S26,2026,B2B,B2B,
33344,dawn-industries,Summer 2026,S26,2026,Industrials -> Manufacturing and Robotics,Industrials,Manufacturing and Robotics
33047,decawork,Summer 2026,S26,2026,B2B -> Infrastructure,B2B,Infrastructure
32206,deepreach-inc,Summer 2026,S26,2026,B2B,B2B,
32286,definite,Summer 2026,S26,2026,B2B -> Finance and Accounting,B2B,Finance and Accounting
32782,denta,Summer 2026,S26,2026,Fintech -> Insurance,Fintech,Insurance
33050,derya,Summer 2026,S26,2026,B2B -> Supply Chain and Logistics,B2B,Supply Chain and Logistics
32202,dialogus,Summer 2026,S26,2026,B2B -> Infrastructure,B2B,Infrastructure
31277,dipole-labs,Summer 2026,S26,2026,Industrials,Industrials,
33248,dock,Summer 2026,S26,2026,B2B,B2B,
32122,donkey,Summer 2026,S26,2026,B2B -> Supply Chain and Logistics,B2B,Supply Chain and Logistics
31258,dream,Summer 2026,S26,2026,B2B,B2B,
33281,earendil-robotics,Summer 2026,S26,2026,Industrials -> Defense,Industrials,Defense
31582,edgerun,Summer 2026,S26,2026,Industrials -> Defense,Industrials,Defense
32484,edotenv,Summer 2026,S26,2026,B2B,B2B,
33805,edviro,Summer 2026,S26,2026,B2B -> Infrastructure,B2B,Infrastructure
32129,egoist-machines,Summer 2026,S26,2026,Consumer,Consumer,
32753,ekho-labs,Summer 2026,S26,2026,B2B -> Supply Chain and Logistics,B2B,Supply Chain and Logistics
31234,ekpa,Summer 2026,S26,2026,Fintech -> Asset Management,Fintech,Asset Management
32156,enact,Summer 2026,S26,2026,Industrials -> Manufacturing and Robotics,Industrials,Manufacturing and Robotics
32124,erinys,Summer 2026,S26,2026,B2B -> Legal,B2B,Legal
33312,ethos-space-resources,Summer 2026,S26,2026,Industrials -> Aviation and Space,Industrials,Aviation and Space
30735,evergrove,Summer 2026,S26,2026,Healthcare,Healthcare,
32947,executor,Summer 2026,S26,2026,B2B -> Infrastructure,B2B,Infrastructure
32233,exosat,Summer 2026,S26,2026,Industrials -> Aviation and Space,Industrials,Aviation and Space
33806,experiential-labs,Summer 2026,S26,2026,B2B -> Infrastructure,B2B,Infrastructure
32624,fabraix,Summer 2026,S26,2026,B2B -> Security,B2B,Security
32987,familiar,Summer 2026,S26,2026,B2B -> Infrastructure,B2B,Infrastructure
32816,financial-datasets,Summer 2026,S26,2026,B2B,B2B,
32193,floracene,Summer 2026,S26,2026,Healthcare,Healthcare,
33282,florin,Summer 2026,S26,2026,Fintech -> Insurance,Fintech,Insurance
32525,flowmanual,Summer 2026,S26,2026,Real Estate and Construction -> Construction,Real Estate and Construction,Construction
30923,frontier-computing,Summer 2026,S26,2026,Industrials,Industrials,
32194,guild,Summer 2026,S26,2026,Industrials -> Defense,Industrials,Defense
33016,gamgee,Summer 2026,S26,2026,Healthcare -> Drug Discovery and Delivery,Healthcare,Drug Discovery and Delivery
31592,gitcafe,Summer 2026,S26,2026,B2B -> Infrastructure,B2B,Infrastructure
32226,glen,Summer 2026,S26,2026,B2B -> Productivity,B2B,Productivity
32583,graphify-labs,Summer 2026,S26,2026,"B2B -> Engineering, Product and Design",B2B,"Engineering, Product and Design"
32586,greypoint-industries,Summer 2026,S26,2026,Industrials -> Defense,Industrials,Defense
33144,grip,Summer 2026,S26,2026,Industrials -> Manufacturing and Robotics,Industrials,Manufacturing and Robotics
32221,grocalo,Summer 2026,S26,2026,Consumer -> Content,Consumer,Content
32170,gutgutgoose,Summer 2026,S26,2026,Healthcare,Healthcare,
32123,manufacturingintelligence,Summer 2026,S26,2026,Industrials,Industrials,
33279,hebbian-robotics,Summer 2026,S26,2026,Industrials -> Manufacturing and Robotics,Industrials,Manufacturing and Robotics
32585,hilstart,Summer 2026,S26,2026,Industrials -> Manufacturing and Robotics,Industrials,Manufacturing and Robotics
33277,hop-aero,Summer 2026,S26,2026,Industrials -> Defense,Industrials,Defense
32089,hoplite,Summer 2026,S26,2026,"B2B -> Engineering, Product and Design",B2B,"Engineering, Product and Design"
33062,hubble-ai,Summer 2026,S26,2026,Healthcare -> Healthcare IT,Healthcare,Healthcare IT
33177,hyperprobe,Summer 2026,S26,2026,"B2B -> Engineering, Product and Design",B2B,"Engineering, Product and Design"
32188,impact-drones,Summer 2026,S26,2026,Industrials -> Defense,Industrials,Defense
31340,illume-labs,Summer 2026,S26,2026,Healthcare -> Consumer Health and Wellness,Healthcare,Consumer Health and Wellness
30672,induction-labs,Summer 2026,S26,2026,B2B -> Infrastructure,B2B,Infrastructure
33014,inkbox,Summer 2026,S26,2026,B2B -> Infrastructure,B2B,Infrastructure
32190,instaplay,Summer 2026,S26,2026,Consumer -> Gaming,Consumer,Gaming
32187,insurf,Summer 2026,S26,2026,Healthcare,Healthcare,
32781,isengard-industries-inc,Summer 2026,S26,2026,Industrials -> Defense,Industrials,Defense
32172,jcode,Summer 2026,S26,2026,Consumer,Consumer,
32137,kara,Summer 2026,S26,2026,Industrials,Industrials,
31825,kebra,Summer 2026,S26,2026,B2B -> Operations,B2B,Operations
32682,lato,Summer 2026,S26,2026,B2B,B2B,
33054,lamb-labs,Summer 2026,S26,2026,B2B,B2B,
32914,last-accounting-company,Summer 2026,S26,2026,B2B -> Finance and Accounting,B2B,Finance and Accounting
32171,lemonlime,Summer 2026,S26,2026,B2B,B2B,
33023,levocred-ai,Summer 2026,S26,2026,Fintech,Fintech,
31226,libra-robotics,Summer 2026,S26,2026,Industrials -> Manufacturing and Robotics,Industrials,Manufacturing and Robotics
31304,litmus-hiring,Summer 2026,S26,2026,B2B,B2B,
33283,locke,Summer 2026,S26,2026,B2B,B2B,
32848,luca-iq,Summer 2026,S26,2026,B2B -> Finance and Accounting,B2B,Finance and Accounting
32985,lumeria,Summer 2026,S26,2026,Healthcare -> Consumer Health and Wellness,Healthcare,Consumer Health and Wellness
32191,lyon,Summer 2026,S26,2026,B2B -> Analytics,B2B,Analytics
32205,mochitv,Summer 2026,S26,2026,Consumer -> Content,Consumer,Content
33639,magma,Summer 2026,S26,2026,B2B -> Infrastructure,B2B,Infrastructure
32157,maingen,Summer 2026,S26,2026,Industrials -> Energy,Industrials,Energy
32260,manifold-2,Summer 2026,S26,2026,Industrials -> Manufacturing and Robotics,Industrials,Manufacturing and Robotics
32223,joinmarble,Summer 2026,S26,2026,B2B,B2B,
32981,marengo,Summer 2026,S26,2026,Industrials -> Energy,Industrials,Energy
31352,marker,Summer 2026,S26,2026,B2B -> Productivity,B2B,Productivity
32988,markov,Summer 2026,S26,2026,B2B -> Infrastructure,B2B,Infrastructure
32128,mass-magnetics,Summer 2026,S26,2026,Industrials -> Defense,Industrials,Defense
31495,mentlio,Summer 2026,S26,2026,B2B,B2B,
31249,meteoric,Summer 2026,S26,2026,Industrials -> Climate,Industrials,Climate
33052,mireye,Summer 2026,S26,2026,B2B -> Infrastructure,B2B,Infrastructure
32521,molagri,Summer 2026,S26,2026,Industrials -> Agriculture,Industrials,Agriculture
32201,mosaic-inc,Summer 2026,S26,2026,B2B,B2B,
31341,most-robotic,Summer 2026,S26,2026,Industrials -> Manufacturing and Robotics,Industrials,Manufacturing and Robotics
32752,moving-atoms,Summer 2026,S26,2026,Industrials -> Manufacturing and Robotics,Industrials,Manufacturing and Robotics
32138,nebula-security,Summer 2026,S26,2026,B2B -> Security,B2B,Security
32716,neuromorphic,Summer 2026,S26,2026,Industrials -> Manufacturing and Robotics,Industrials,Manufacturing and Robotics
32717,neuron-industries,Summer 2026,S26,2026,Industrials -> Manufacturing and Robotics,Industrials,Manufacturing and Robotics
33342,nex,Summer 2026,S26,2026,B2B -> Sales,B2B,Sales
32553,noril1,Summer 2026,S26,2026,Industrials -> Manufacturing and Robotics,Industrials,Manufacturing and Robotics
30728,os3,Summer 2026,S26,2026,Industrials -> Manufacturing and Robotics,Industrials,Manufacturing and Robotics
32130,olam-labs,Summer 2026,S26,2026,B2B,B2B,
32623,omanta,Summer 2026,S26,2026,Healthcare,Healthcare,
33320,onecli,Summer 2026,S26,2026,B2B -> Security,B2B,Security
31074,onetriangle,Summer 2026,S26,2026,B2B -> Infrastructure,B2B,Infrastructure
32554,ooak-data,Summer 2026,S26,2026,B2B,B2B,
33249,openrelay,Summer 2026,S26,2026,"B2B -> Engineering, Product and Design",B2B,"Engineering, Product and Design"
33969,opentag,Summer 2026,S26,2026,B2B,B2B,
32121,opentrade,Summer 2026,S26,2026,Consumer,Consumer,
31301,openvector,Summer 2026,S26,2026,B2B -> Infrastructure,B2B,Infrastructure
31342,osmaura,Summer 2026,S26,2026,B2B,B2B,
33540,osseus,Summer 2026,S26,2026,"B2B -> Engineering, Product and Design",B2B,"Engineering, Product and Design"
33278,princeps,Summer 2026,S26,2026,Fintech -> Insurance,Fintech,Insurance
32913,pacific,Summer 2026,S26,2026,Industrials,Industrials,
31349,palette-2,Summer 2026,S26,2026,B2B,B2B,
32136,palisade,Summer 2026,S26,2026,"B2B -> Engineering, Product and Design",B2B,"Engineering, Product and Design"
33059,palisade-2,Summer 2026,S26,2026,B2B -> Security,B2B,Security
31989,pango,Summer 2026,S26,2026,B2B -> Retail,B2B,Retail
32134,parasma,Summer 2026,S26,2026,B2B -> Infrastructure,B2B,Infrastructure
32522,peer,Summer 2026,S26,2026,B2B -> Supply Chain and Logistics,B2B,Supply Chain and Logistics
33048,pennant,Summer 2026,S26,2026,Fintech -> Asset Management,Fintech,Asset Management
32127,perceptron-ml,Summer 2026,S26,2026,B2B,B2B,
33310,petrarch,Summer 2026,S26,2026,B2B,B2B,
32526,talentpluto,Summer 2026,S26,2026,B2B -> Recruiting and Talent,B2B,Recruiting and Talent
32748,pokerclubhub,Summer 2026,S26,2026,Consumer -> Gaming,Consumer,Gaming
31272,poth-labs,Summer 2026,S26,2026,B2B,B2B,
33022,praxis-robotics,Summer 2026,S26,2026,Industrials,Industrials,
31086,prescience-inc,Summer 2026,S26,2026,Healthcare,Healthcare,
32164,prized,Summer 2026,S26,2026,"B2B -> Engineering, Product and Design",B2B,"Engineering, Product and Design"
32254,prodigy-research,Summer 2026,S26,2026,Fintech,Fintech,
31569,proprio-robotics,Summer 2026,S26,2026,Industrials -> Manufacturing and Robotics,Industrials,Manufacturing and Robotics
33017,provenmetal,Summer 2026,S26,2026,Industrials -> Manufacturing and Robotics,Industrials,Manufacturing and Robotics
32625,qlo,Summer 2026,S26,2026,Fintech -> Insurance,Fintech,Insurance
33020,radley,Summer 2026,S26,2026,Healthcare,Healthcare,
31161,rapidfolio,Summer 2026,S26,2026,B2B,B2B,
32261,rasyn,Summer 2026,S26,2026,Healthcare,Healthcare,
32622,rational,Summer 2026,S26,2026,B2B -> Operations,B2B,Operations
32195,realpact,Summer 2026,S26,2026,Real Estate and Construction -> Housing and Real Estate,Real Estate and Construction,Housing and Real Estate
32155,rex-inc,Summer 2026,S26,2026,B2B -> Finance and Accounting,B2B,Finance and Accounting
32198,riften,Summer 2026,S26,2026,B2B -> Infrastructure,B2B,Infrastructure
31570,rindler,Summer 2026,S26,2026,"B2B -> Engineering, Product and Design",B2B,"Engineering, Product and Design"
32192,rise-reforming,Summer 2026,S26,2026,Industrials -> Climate,Industrials,Climate
32650,risklytics,Summer 2026,S26,2026,Fintech -> Insurance,Fintech,Insurance
33349,robocurve,Summer 2026,S26,2026,Industrials -> Manufacturing and Robotics,Industrials,Manufacturing and Robotics
32979,ronanrx-inc,Summer 2026,S26,2026,Healthcare,Healthcare,
33408,salem-robotics-inc,Summer 2026,S26,2026,Industrials -> Manufacturing and Robotics,Industrials,Manufacturing and Robotics
32131,shielded,Summer 2026,S26,2026,B2B -> Finance and Accounting,B2B,Finance and Accounting
33053,shiraz-ai,Summer 2026,S26,2026,Industrials -> Manufacturing and Robotics,Industrials,Manufacturing and Robotics
31437,textsidekick,Summer 2026,S26,2026,B2B -> Operations,B2B,Operations
33111,skymerse,Summer 2026,S26,2026,Industrials -> Aviation and Space,Industrials,Aviation and Space
33311,spaceflow-technologies-inc,Summer 2026,S26,2026,B2B -> Supply Chain and Logistics,B2B,Supply Chain and Logistics
32257,spectre-intelligence,Summer 2026,S26,2026,Fintech -> Asset Management,Fintech,Asset Management
32169,speko,Summer 2026,S26,2026,B2B -> Infrastructure,B2B,Infrastructure
32517,standard-machines,Summer 2026,S26,2026,B2B,B2B,
32225,stoa,Summer 2026,S26,2026,Fintech,Fintech,
32523,stratum-industries,Summer 2026,S26,2026,Government,Government,
32162,studio,Summer 2026,S26,2026,B2B -> Analytics,B2B,Analytics
33313,subvysion,Summer 2026,S26,2026,Real Estate and Construction -> Construction,Real Estate and Construction,Construction
30914,sunflower,Summer 2026,S26,2026,Healthcare -> Healthcare Services,Healthcare,Healthcare Services
32168,synapse-semiconductor,Summer 2026,S26,2026,Industrials,Industrials,
32587,tarebio,Summer 2026,S26,2026,Healthcare -> Drug Discovery and Delivery,Healthcare,Drug Discovery and Delivery
32319,tarifflo-inc,Summer 2026,S26,2026,B2B -> Supply Chain and Logistics,B2B,Supply Chain and Logistics
32627,tenor,Summer 2026,S26,2026,B2B,B2B,
30904,tensr,Summer 2026,S26,2026,Industrials -> Manufacturing and Robotics,Industrials,Manufacturing and Robotics
31858,torus,Summer 2026,S26,2026,Industrials,Industrials,
32253,touchmark,Summer 2026,S26,2026,B2B -> Infrastructure,B2B,Infrastructure
33051,touchy,Summer 2026,S26,2026,Consumer,Consumer,
33178,tovenai,Summer 2026,S26,2026,Fintech -> Banking and Exchange,Fintech,Banking and Exchange
32418,traceforce,Summer 2026,S26,2026,B2B -> Security,B2B,Security
33316,tracer,Summer 2026,S26,2026,B2B,B2B,
31537,trident,Summer 2026,S26,2026,B2B -> Security,B2B,Security
32135,trope,Summer 2026,S26,2026,B2B,B2B,
32815,trynearby,Summer 2026,S26,2026,B2B -> Marketing,B2B,Marketing
31259,tsenta,Summer 2026,S26,2026,Consumer -> Job and Career Services,Consumer,Job and Career Services
32750,ultrasonium,Summer 2026,S26,2026,Industrials -> Manufacturing and Robotics,Industrials,Manufacturing and Robotics
32167,understudy-labs,Summer 2026,S26,2026,B2B -> Infrastructure,B2B,Infrastructure
32620,vendo,Summer 2026,S26,2026,"B2B -> Engineering, Product and Design",B2B,"Engineering, Product and Design"
32189,verdant,Summer 2026,S26,2026,Government,Government,
33179,verdict-machine,Summer 2026,S26,2026,B2B -> Security,B2B,Security
33319,vernius-systems-inc,Summer 2026,S26,2026,Industrials -> Defense,Industrials,Defense
32751,vestris,Summer 2026,S26,2026,Real Estate and Construction -> Housing and Real Estate,Real Estate and Construction,Housing and Real Estate
31047,waddle-labs,Summer 2026,S26,2026,Industrials -> Manufacturing and Robotics,Industrials,Manufacturing and Robotics
32948,waybill,Summer 2026,S26,2026,B2B -> Supply Chain and Logistics,B2B,Supply Chain and Logistics
32617,whitespace,Summer 2026,S26,2026,B2B -> Supply Chain and Logistics,B2B,Supply Chain and Logistics
31425,wondertx,Summer 2026,S26,2026,Healthcare -> Therapeutics,Healthcare,Therapeutics
33317,wondering,Summer 2026,S26,2026,Consumer,Consumer,
32256,zaplar,Summer 2026,S26,2026,B2B -> Operations,B2B,Operations
32154,zomma,Summer 2026,S26,2026,B2B,B2B,
33573,hardware-intelligence,Summer 2026,S26,2026,"B2B -> Engineering, Product and Design",B2B,"Engineering, Product and Design"
33348,hiloop,Summer 2026,S26,2026,B2B -> Infrastructure,B2B,Infrastructure
32527,machine0,Summer 2026,S26,2026,B2B -> Infrastructure,B2B,Infrastructure
31555,rekursivai,Summer 2026,S26,2026,B2B -> Productivity,B2B,Productivity
32259,screenpipe,Summer 2026,S26,2026,B2B -> Productivity,B2B,Productivity
31923,tash,Summer 2026,S26,2026,Consumer,Consumer,
35290,antropi-robotics,Fall 2026,F26,2026,Industrials -> Manufacturing and Robotics,Industrials,Manufacturing and Robotics
35261,asakana,Fall 2026,F26,2026,Consumer -> Food and Beverage,Consumer,Food and Beverage
34928,ascii,Fall 2026,F26,2026,B2B -> Infrastructure,B2B,Infrastructure
35058,capveon,Fall 2026,F26,2026,Government,Government,
31461,collar,Fall 2026,F26,2026,B2B,B2B,
36084,covera,Fall 2026,F26,2026,Fintech -> Insurance,Fintech,Insurance
31452,degla-inc,Fall 2026,F26,2026,Industrials -> Drones,Industrials,Drones
35850,dreamscale-labs,Fall 2026,F26,2026,Industrials -> Manufacturing and Robotics,Industrials,Manufacturing and Robotics
35094,useforward,Fall 2026,F26,2026,B2B,B2B,
31378,godhands,Fall 2026,F26,2026,B2B,B2B,
35522,hemlock,Fall 2026,F26,2026,Industrials -> Manufacturing and Robotics,Industrials,Manufacturing and Robotics
35265,hopper,Fall 2026,F26,2026,B2B -> Infrastructure,B2B,Infrastructure
34365,lambda-robotics,Fall 2026,F26,2026,Industrials -> Manufacturing and Robotics,Industrials,Manufacturing and Robotics
35190,lantern-ai,Fall 2026,F26,2026,B2B -> Human Resources,B2B,Human Resources
33804,lightfield,Fall 2026,F26,2026,B2B -> Legal,B2B,Legal
38061,maritime,Fall 2026,F26,2026,B2B -> Infrastructure,B2B,Infrastructure
35257,nodus-compute,Fall 2026,F26,2026,B2B,B2B,
35260,onepatch,Fall 2026,F26,2026,"B2B -> Engineering, Product and Design",B2B,"Engineering, Product and Design"
35525,orca-aerospace,Fall 2026,F26,2026,Industrials -> Aviation and Space,Industrials,Aviation and Space
34794,qokedas,Fall 2026,F26,2026,B2B,B2B,
36940,quippy,Fall 2026,F26,2026,Consumer,Consumer,
37600,redoubt-insurance,Fall 2026,F26,2026,Fintech -> Insurance,Fintech,Insurance
31591,rightnow,Fall 2026,F26,2026,B2B -> Infrastructure,B2B,Infrastructure
34597,sentient-os,Fall 2026,F26,2026,B2B -> Productivity,B2B,Productivity
33838,simantic,Fall 2026,F26,2026,"B2B -> Engineering, Product and Design",B2B,"Engineering, Product and Design"
34629,simulithic,Fall 2026,F26,2026,"B2B -> Engineering, Product and Design",B2B,"Engineering, Product and Design"
36708,sinter-systems,Fall 2026,F26,2026,Industrials -> Manufacturing and Robotics,Industrials,Manufacturing and Robotics
35128,talos-us,Fall 2026,F26,2026,Industrials -> Energy,Industrials,Energy
37272,the-subvocal-company,Fall 2026,F26,2026,Consumer -> Consumer Electronics,Consumer,Consumer Electronics
34761,veeza-ai,Fall 2026,F26,2026,"Consumer -> Travel, Leisure and Tourism",Consumer,"Travel, Leisure and Tourism"
32352,veltha,Fall 2026,F26,2026,Fintech -> Insurance,Fintech,Insurance
35784,vorelios,Fall 2026,F26,2026,B2B,B2B,
35395,workers-io,Fall 2026,F26,2026,"B2B -> Engineering, Product and Design",B2B,"Engineering, Product and Design"
36348,antimattr,Fall 2026,F26,2026,Consumer -> Consumer Electronics,Consumer,Consumer Electronics
34464,herdr,Fall 2026,F26,2026,"B2B -> Engineering, Product and Design",B2B,"Engineering, Product and Design"
32165,rote,Winter 2027,W27,2027,B2B -> Operations,B2B,Operations
