era,edition_label,title,edition_order,first_seen_snapshot,last_seen_snapshot,n_snapshots,partner,body_text,n_body_versions,source_url,body_chars
essays,RFS 1,The Future of Journalism,20090,20090818173806,20090818173806,1,,"YCRFS 1: The Future of Journalism RFS 1: The Future of Journalism Newspapers and magazines are in trouble. We think they will mostly die, because we think we know what will replace them, and it is too far from their current model for them to reach it in time. And yet people still need at least some of what they do. You can't have aggregators without content. So what will the content site of the future look like? And how will you make money from it? These questions turn out to be very closely related. Just as they were for print media, initially. The reason newspapers and magazines are dying is that what they do is no longer related to how they make money from it. In fact, most journalists probably don't even realize that the definition of journalism they take for granted was not something that sprang fully-formed from the head of Zeus, but is rather a direct though somewhat atrophied consequence of a very successful 20th century business model. What would a content site look like if you started from how to make money—as print media once did—instead of taking a particular form of journalism as a given and treating how to make money from it as an afterthought? (The good news is, we think the writing will actually end up being better.) Groups applying to work on this idea should include at least one person who can write well and rapidly about any topic, one or more programmers who are good at statistics, data mining, and making sites scale, and someone who's reasonably competent at graphic design. These functions can of course be combined, and in fact it's even better if they are. Ex-Googlers would be particularly well suited to this project. Apply | What We Do | Blog | People | Jobs | Quotes | FAQ | Contact | Lib | Legal",1,https://web.archive.org/web/20090818173806/http://ycombinator.com/rfs1.html,1748
essays,RFS 2,New Paths Through Product Space,20090,20090917014833,20090917014833,1,,"YCRFS 2: New Paths Through Product Space RFS 2: New Paths Through Product Space Online stores group products by who sells them. Not because that's the optimal way to group products for consumers; it's just a cultural artifact left over from the time when the only way to present a collection of things for sale was a retail store or print catalog. There's no reason catalogs (in the sense of lists) have to be made by the vendor. In fact, it would be surprising if, as technology allowed specialization to increase, the companies that were best at mundane things like answering questions, taking orders, packing and shipping them, and taking returns, were also the best at selecting products and presenting them for sale. If you envision the collections of products sold by individual merchants as a block of imaginary catalogs stored on a shelf, it's obvious that there are an infinite number of paths you could take through that block, not just the vertical slices representing the catalogs. It's very unlikely the vertical slices are optimal. What would be best paths through product space? Who has an interest in creating them, and what could you build to help them? The founders of this startup should include one or more solid programmers who are not above mucking about with a lot of tedious, site-specific code, someone who is very good at graphic design, and someone willing and able to talk to vendors and manufacturers and convince them to do deals with you. As always, it's good if these functions can be combined. Apply | What We Do | Blog | People | Jobs | Quotes | FAQ | Contact | Lib | Legal",1,https://web.archive.org/web/20090917014833/http://ycombinator.com/rfs2.html,1607
essays,RFS 4,New Ways to Use Live Video,20090,20091101135021,20091101135021,1,,"YCRFS 4: New Ways to Use Live Video RFS 4: New Ways to Use Live Video TV is gradually being replaced. The new ways people spend the time they used to spend watching TV fall on a continuum, from things quite unlike TV (Facebook) to TV repackaged for computer screens (Hulu). Many of the most promising options remain to be discovered. Live video seems a particularly promising area, especially now that the Justin.TV API enables startups to use their infrastructure for free. Most people know Justin.TV as a site with a lot of traffic (they're roughly tied with Hulu in monthly uniques), but their infrastructure may be even more impressive. Live video is a harder problem than recorded, because the options for caching are so limited. Plus JTV had to build everything on comparatively little money, which forced them to create a live video infrastructure of unparalleled efficiency. With the release of the JTV API, they've opened up this infrastructure to everyone. It's the perfect platform for startups experimenting with live video, because (a) it's free, and (b) they give you direct access to the video stream, not just a player. Which means startups can now treat moving bits as a solved problem, and focus instead on new ways to use live video. Justin.TV has agreed that any startup we fund that wants to use the JTV API will get direct access to the JTV founders and the engineers working on JTV's infrastructure. Apply | What We Do | Blog | People | Jobs | Quotes | FAQ | Contact | Lib | Legal",1,https://web.archive.org/web/20091101135021/http://ycombinator.com/rfs4.html,1503
essays,RFS 3,Things Built on Twitter,20090,20091101135023,20091101135023,1,,"YCRFS 3: Things Built on Twitter RFS 3: Things Built on Twitter Twitter is important because it's a new protocol. Fundamentally it's a messaging protocol where you don't specify the recipients. It's really more of a discovery than an invention; that square was always there in the periodic table of protocols, but no one had quite hit it squarely. Successful new protocols are rare. There are only a handful of commonly used ones: TCP/IP (the Internet), SMTP (email), HTTP (the web), and so on. So any new protocol is a big deal. Each one of those protocols has spawned many successful companies. Twitter will too. We want to fund those companies. And the people at Twitter also want to encourage people to build stuff on top of it. So together we came up with a plan: anyone YC funds to do a startup based on Twitter will get priority access to the Twitter stream, and to people at Twitter. Apply | What We Do | Blog | People | Jobs | Quotes | FAQ | Contact | Lib | Legal",1,https://web.archive.org/web/20091101135023/http://ycombinator.com/rfs3.html,972
essays,RFS 5,Development on Handhelds,20090,20091203074752,20091203074752,1,,"YCRFS 5: Development on Handhelds RFS 5: Development on Handhelds There seems a reasonable chance that handheld devices will displace laptops as development machines in the same way that laptops displaced desktops. What would it take? Maybe you could do it mostly with existing hardware. Maybe you'd have to make significant innovations in input and display devices. The real test is whether you can create an acceptable development environment on something small enough that you'd be willing to use it as a phone. Whatever the solution turned out to be, the result would end up being useful to more than just developers. The way to start might be to try to force yourself to use a handheld device as your exclusive development machine, and see where the pinch points turn out to be. Apply | What We Do | Blog | People | Jobs | Quotes | FAQ | Contact | Lib | Legal",1,https://web.archive.org/web/20091203074752/http://ycombinator.com/rfs5.html,864
essays,RFS 6,iPad Applications,20100,20100309061916,20100309061916,1,,"YCRFS 6: iPad Applications RFS 6: iPad Applications Most people think the important thing about the iPad is its form factor: that it's fundamentally a tablet computer. We think Apple has bigger ambitions. We think the iPad is meant to be a Windows killer. Or more precisely, a Windows transcender. We think Apple foresees a future in which the iPad is the default way people do what they now do with computers (and some other new things). Programmers may never want a computer they don't control, but ordinary people just want something cheap that works. And that's how the iPad will seem to them. Many will never make a conscious decision to switch. They'll get an iPad as well, then find they use their Windows machine less and less. When it dies they won't replace it. Will this future happen? It could. And if it does it will bring big changes. There will need to be iPad alternatives for all the things people now do on PCs. That could mean more than just replacing all the desktop software, because there may be things PC users now do with web apps that might be better done with native iPad apps. Plus like any new platform the iPad will allow new types of applications that don't have any present day analogues. And no one knows now what most of them will be. Only people who become iPad developers will even think of these ideas, just as only microcomputer developers were in a position to think of the spreadsheet. Education and games may be areas where there are a lot of new ideas. One particularly interesting subproblem is how to introduce iPads into big companies. This will probably have to be done by stealth initially, as happened with microcomputers. They'll have to be introduced as something individuals use, and which doesn't really count as a computer and thus can't be vetoed by the IT department. Don't worry about this; it's just a little tablet computer. See also: RFS 5: Development on Handhelds Apply | What We Do | Blog | People | Jobs | Quotes | FAQ | Contact | Lib | Legal",1,https://web.archive.org/web/20100309061916/http://ycombinator.com/rfs6.html,2004
essays,RFS 7,Applications of Facebook Instant Personalization,20100,20100830194600,20100830194600,1,,"YCRFS 7: Applications of Facebook Instant Personalization RFS 7: Applications of Facebook Instant Personalization Instant Personalization is a new service from Facebook that's like a more fluid version of Facebook Connect. When you're logged into Facebook and you visit a site using it, the site will have access to the public parts of your profile. The vision seems to be that eventually most of the sites you visit will be automatically personalized for you. Facebook began by testing Instant Personalization with a handful of popular existing sites. But the interesting question for us is: what new things could be built using it that couldn't even have existed before? What new things could you do if you already knew users and their friends the moment they arrived? One obvious advantage is that it will decrease the friction of trying something new. That will make it easier to launch dramatically novel things. The problem with dramatic innovations is that users often don't understand what you've made till they try it. Now you'll just be able to show them. Apply | What We Do | Blog | People | Jobs | Quotes | FAQ | Contact | Lib | Legal",1,https://web.archive.org/web/20100830194600/http://ycombinator.com/rfs7.html,1146
essays,RFS 8,Ephemeralization Apps,20110,20110714185448,20110714185448,1,,"YCRFS 8: Ephemeralization Apps RFS 8: Ephemeralization Apps Apps running on tablets are going to replace a surprising amount of existing technology. This is already clear in the cases of cameras, GPSes, and so on. The surprising thing will be how far this pattern spreads. The word ""replace"" should not be taken too literally. In fact, some of the most ingenious things that get built on tablets will be those that ""replace"" something in an unexpected sense. So the question to ask is not ""what can we replace with an app running on a tablet?"" but a more general one: ""what can we save people from having to do with an app running on a tablet?"" For the next several years that will be a recipe for new startups. The tablet app need not necessarily be the thing that makes all the money. It need only be what gets the startup a foothold with users. (Note: This RFS is effectively a heuristic for generating ideas for RFS 6 .) Apply | What We Do | Blog | People | Jobs | Quotes | FAQ | Contact | Lib | Legal",1,https://web.archive.org/web/20110714185448/http://ycombinator.com/rfs8.html,1005
essays,RFS 9,Kill Hollywood,20120,20120121035139,20120121035139,1,,"YCRFS 9: Kill Hollywood RFS 9: Kill Hollywood Hollywood appears to have peaked. If it were an ordinary industry (film cameras, say, or typewriters), it could look forward to a couple decades of peaceful decline. But this is not an ordinary industry. The people who run it are so mean and so politically connected that they could do a lot of damage to civil liberties and the world economy on the way down. It would therefore be a good thing if competitors hastened their demise. That's one reason we want to fund startups that will compete with movies and TV, but not the main reason. The main reason we want to fund such startups is not to protect the world from more SOPAs, but because SOPA brought it to our attention that Hollywood is dying. They must be dying if they're resorting to such tactics. If movies and TV were growing rapidly, that growth would take up all their attention. When a striker is fouled in the penalty area, he doesn't stop as long as he still has control of the ball; it's only when he's beaten that he turns to appeal to the ref. SOPA shows Hollywood is beaten. And yet the audiences to be captured from movies and TV are still huge. There is a lot of potential energy to be liberated there. How do you kill the movie and TV industries? Or more precisely (since at this level, technological progress is probably predetermined) what is going to kill them? Mostly not what they like to believe is killing them, filesharing. What's going to kill movies and TV is what's already killing them: better ways to entertain people. So the best way to approach this problem is to ask yourself: what are people going to do for fun in 20 years instead of what they do now? There will be several answers, ranging from new ways to produce and distribute shows, through new media (e.g. games) that look a lot like shows but are more interactive, to things (e.g. social sites and apps) that have little in common with movies and TV except competing with them for finite audience attention. Some of the best ideas may initially look like they're serving the movie and TV industries. Microsoft seemed like a technology supplier to IBM before eating their lunch, and Google did the same thing to Yahoo. It would be great if what people did instead of watching shows was exercise more and spend more time with their friends and families. Maybe they will. All other things being equal, we'd prefer to hear about ideas like that. But all other things are decidedly not equal. Whatever people are going to do for fun in 20 years is probably predetermined. Winning is more a matter of discovering it than making it happen. In this respect at least, you can't push history off its course. You can, however, accelerate it. What's the most entertaining thing you can build? Apply | What We Do | Blog | People | Jobs | Quotes | FAQ | Contact | Lib | Legal",1,https://web.archive.org/web/20120121035139/http://ycombinator.com/rfs9.html,2855
essays,RFS 10,Breakthrough Technologies,20140,20140321122643,20140321122643,1,,"YCRFS 10: Breakthrough Technologies RFS 10: Breakthrough Technologies We'd like for Y Combinator to fund more breakthrough technology companies - companies that solve an important problem, have a very long time horizon, and are based on an underlying technological or scientific breakthrough. Not many people try to start these companies, so starting a company that will require a huge amount of time and money is an automatic competitive advantage. SpaceX and Tesla are great examples of what is possible. It used to be the case that governments funded a lot of development of breakthrough technologies. The bad news is that they have mostly stopped; the good news is that the leverage of technology is such that now small startups can do what used to take the resources of nations. [ 1 ] We think the YC model works well for these companies. We invest with infinite time horizon and are not afraid of risky-looking companies. [ 2 ] We understand software, which will be central to many of these companies. We are good at getting companies to focus on solving real problems for real customers, and not just developing technology for its own sake. And our model helps companies figure out a right-sized initial project achievable with a small amount of time and money - great companies get built with a series of small wins that compound over time, and early momentum is critical. A common failure mode of many ambitious companies is to bite off an initial project that is far too big and expensive. Finally, we know a lot about raising money, which will be a big part of the challenge for many of these companies as they mature. Here is a list (we'll add to it over time) of some areas we're particularly interested in, but more generally, we'll pay attention to any area where technology can make the world much better. Energy. There is a remarkable correlation between the cost of energy and quality of life. Throughout history, when the cost of energy has come down a lot (for example, with the steam engine) the quality of life goes up a lot. Cheap energy would do a huge amount to reduce poverty. New energy sources could also help the environment, the economy, reduce war, ensure a stable future, make food and water more abundant, and much more. We believe economics will dominate - new sources must be cheaper than old ones, without subsidies, and be able to scale to global demand. Nuclear energy can hit the bid, and possibly so can renewables. But pricing is the first order question. In addition to generation, we're also interested in energy storage and transmission. 10x better batteries would enable great new things, as would the ability to easily move energy around. A.I. Relative to the potential impact , it doesn't seem like enough smart people are working on this. A lot of smart people talk about AI with a combination of awe and fear, both for good reasons. But it feels like it could be one of the dividing lines in the history of technology, where before and after look totally different. Robotics. Robots will be a major way we get things done in the physical world. Our definition is pretty broad - for example, we count a self-driving car as a robot. Robots are how we'll likely explore space and maybe even the human body. Biotech. It's still early, but it seems like we're finally making real progress hacking biology. There are so many directions this can go - fighting disease, slowing aging, merging humans and computers, downloading memories, genetic programming, etc. We are certain that this is going to be a surprising, powerful and controversial field over the next several decades - it feels a little bit like microcomputers in the 1970s. Healthcare. Healthcare in the United States is badly broken. We are getting close to spending 20% of our GDP on healthcare; this is unsustainable. We're interested in ways to make healthcare better for less money, not in companies that are able to exploit the system by overcharging. We're especially interested in preventative healthcare, as this is probably the highest-leverage way to improve health. Sensors and data are interesting in lots of different areas, but especially for healthcare. Food and Water. At some point, we are going to have problems with food and water availability. Technology can almost certainly improve this. Great innovations are possible - we will need another advancement on the scale of what Norman Borlaug did. Education. If we can fix education, we can eventually do everything else on this list. The first attempts to use technology to fix education have focused on using the Internet to distribute traditional content to a wider audience. This is good, but the Internet is a fundamentally different medium and capable of much more. Solutions that combine the mass scale of technology with one-on-one in-person interaction are particularly interesting to us. This may not require a ""breakthrough"" technologyin the classical sense, but at a minimum it will require very new ways of doing things. Internet Infrastructure. We can't imagine life without the Internet. We need to be sure it keeps working - this includes everything from security to free and open communication to infrastructure. The Internet is a transformative power, and we're particularly interested in applications that transform the big underpinnings of society (bitcoin is a great example!). The Internet lets people around the world coordinate action - there are almost certainly important businesses to be built around this concept. Of particular interest to us are ways to use the Internet to fix government - for example, crowdfunding social services. An important trend is the API-ification of everything. As more and more businesses are accessible with a web API, the Internet becomes more and more powerful. Levers. We're interested in technology that multiplies the efforts and productivity of individuals. Robots are a great example, but this also includes areas like new programming languages, powered exoskeletons, augmented reality, etc. Science. Science seems broken. The current funding models are broken and favor political skill over scientific genius. We need new business models for basic research. There are a lot of areas where scientific developments can have huge commercial applications - materials, neuroscience, climate engineering, and cheaper/better ways to get to space, just to name a few - and we'd love to figure out a way for it to happen. Bell Labs worked a long time ago but would probably not work in today's world. Transportation and Housing. About half of all energy is used on transportation, and people spend a huge amount of time unhappily commuting. Face-to-face interaction is still really important; people still need to move around. And housing continues to get more expensive, partially due to difficulties in transportation. We're interested in better ways for people to live somewhere nice, work together, and have easier commutes. As a side note, you shouldn't start a company just because it's on this list. Our hope is that someone already working on a company in one of these areas that might not have otherwise applied to YC will now consider it. The great majority of the startups we fund will continue to be the sort of Internet and mobile companies we've funded in the past, so if that's what you wanted to do before this post, keep doing it. Traditional-looking startups like Google and Facebook are obviously as important as any company one could imagine, and clearly are breakthrough technologies. [1] To be clear, we are not interested in funding patent trolls. We only want to fund businesses that actually solve problems and create value. [2] Related to long time horizons, if a company needs to raise a billion dollars of funding over the course of its life, that doesn't scare us - in fact, that's a plus. Apply | What We Do | Blog | People | Jobs | Quotes | FAQ | Contact | Lib | Legal",1,https://web.archive.org/web/20140321122643/http://ycombinator.com/rfs10.html,7931
consolidated,March 2014,A.I.,20140,20140701175550,20140701175550,1,,"Relative to the potential impact , it doesn't seem like enough smart people are working on this. A lot of smart people talk about AI with a combination of awe and fear, both for good reasons. But it feels like it could be one of the dividing lines in the history of technology, where before and after look totally different.",1,https://web.archive.org/web/20140701175550/https://www.ycombinator.com/rfs,324
consolidated,March 2014,Biotech,20140,20140701175550,20140701175550,1,,"It's still early, but it seems like we're finally making real progress hacking biology. There are so many directions this can go - fighting disease, slowing aging, merging humans and computers, downloading memories, genetic programming, etc. We are certain that this is going to be a surprising, powerful and controversial field over the next several decades - it feels a little bit like microcomputers in the 1970s.",1,https://web.archive.org/web/20140701175550/https://www.ycombinator.com/rfs,416
consolidated,March 2014,Education,20140,20140701175550,20140701175550,1,,"If we can fix education, we can eventually do everything else on this list. The first attempts to use technology to fix education have focused on using the Internet to distribute traditional content to a wider audience. This is good, but the Internet is a fundamentally different medium and capable of much more. Solutions that combine the mass scale of technology with one-on-one in-person interaction are particularly interesting to us. This may not require a ""breakthrough"" technologyin the classical sense, but at a minimum it will require very new ways of doing things.",1,https://web.archive.org/web/20140701175550/https://www.ycombinator.com/rfs,574
consolidated,March 2014,Energy,20140,20140701175550,20140701175550,1,,"There is a remarkable correlation between the cost of energy and quality of life. Throughout history, when the cost of energy has come down a lot (for example, with the steam engine) the quality of life goes up a lot. Cheap energy would do a huge amount to reduce poverty. New energy sources could also help the environment, the economy, reduce war, ensure a stable future, make food and water more abundant, and much more. We believe economics will dominate - new sources must be cheaper than old ones, without subsidies, and be able to scale to global demand. Nuclear energy can hit the bid, and possibly so can renewables. But pricing is the first order question. In addition to generation, we're also interested in energy storage and transmission. 10x better batteries would enable great new things, as would the ability to easily move energy around.",1,https://web.archive.org/web/20140701175550/https://www.ycombinator.com/rfs,854
consolidated,March 2014,Food & Water,20140,20140701175550,20140701175550,1,,"At some point, we are going to have problems with food and water availability. Technology can almost certainly improve this. Great innovations are possible - we will need another advancement on the scale of what Norman Borlaug did.",1,https://web.archive.org/web/20140701175550/https://www.ycombinator.com/rfs,231
consolidated,March 2014,Healthcare,20140,20140701175550,20140701175550,1,,"Healthcare in the United States is badly broken. We are getting close to spending 20% of our GDP on healthcare; this is unsustainable. We're interested in ways to make healthcare better for less money, not in companies that are able to exploit the system by overcharging. We're especially interested in preventative healthcare, as this is probably the highest-leverage way to improve health. Sensors and data are interesting in lots of different areas, but especially for healthcare.",1,https://web.archive.org/web/20140701175550/https://www.ycombinator.com/rfs,483
consolidated,March 2014,Internet Infrastructure,20140,20140701175550,20140701175550,1,,"We can't imagine life without the Internet. We need to be sure it keeps working - this includes everything from security to free and open communication to infrastructure. The Internet is a transformative power, and we're particularly interested in applications that transform the big underpinnings of society (bitcoin is a great example!). The Internet lets people around the world coordinate action - there are almost certainly important businesses to be built around this concept. Of particular interest to us are ways to use the Internet to fix government - for example, crowdfunding social services. An important trend is the API-ification of everything. As more and more businesses are accessible with a web API, the Internet becomes more and more powerful.",1,https://web.archive.org/web/20140701175550/https://www.ycombinator.com/rfs,762
consolidated,March 2014,Levers,20140,20140701175550,20140701175550,1,,"We're interested in technology that multiplies the efforts and productivity of individuals. Robots are a great example, but this also includes areas like new programming languages, powered exoskeletons, augmented reality, etc.",1,https://web.archive.org/web/20140701175550/https://www.ycombinator.com/rfs,226
consolidated,March 2014,Robotics,20140,20140701175550,20140701175550,1,,"Robots will be a major way we get things done in the physical world. Our definition is pretty broad - for example, we count a self-driving car as a robot. Robots are how we'll likely explore space and maybe even the human body.",1,https://web.archive.org/web/20140701175550/https://www.ycombinator.com/rfs,227
consolidated,March 2014,Science,20140,20140701175550,20140701175550,1,,"Science seems broken. The current funding models are broken and favor political skill over scientific genius. We need new business models for basic research. There are a lot of areas where scientific developments can have huge commercial applications - materials, neuroscience, climate engineering, and cheaper/better ways to get to space, just to name a few - and we'd love to figure out a way for it to happen. Bell Labs worked a long time ago but would probably not work in today's world.",1,https://web.archive.org/web/20140701175550/https://www.ycombinator.com/rfs,491
consolidated,March 2014,Transportation & Housing,20140,20140701175550,20140701175550,1,,"About half of all energy is used on transportation, and people spend a huge amount of time unhappily commuting. Face-to-face interaction is still really important; people still need to move around. And housing continues to get more expensive, partially due to difficulties in transportation. We're interested in better ways for people to live somewhere nice, work together, and have easier commutes. As a side note, you shouldn't start a company just because it's on this list. Our hope is that someone already working on a company in one of these areas that might not have otherwise applied to YC will now consider it. The great majority of the startups we fund will continue to be the sort of Internet and mobile companies we've funded in the past, so if that's what you wanted to do before this post, keep doing it. Traditional-looking startups like Google and Facebook are obviously as important as any company one could imagine, and clearly are breakthrough technologies.",1,https://web.archive.org/web/20140701175550/https://www.ycombinator.com/rfs,976
consolidated,July 2014,A.I.,20142,20140802045600,20140903221245,2,,"Relative to the potential impact , it doesn't seem like enough smart people are working on this. A lot of smart people talk about AI with a combination of awe and fear, both for good reasons. But it feels like it could be one of the dividing lines in the history of technology, where before and after look totally different.",1,https://web.archive.org/web/20140802045600/https://www.ycombinator.com/rfs,324
consolidated,July 2014,Biotech,20142,20140802045600,20140903221245,2,,"It's still early, but it seems like we're finally making real progress hacking biology. There are so many directions this can go - fighting disease, slowing aging, merging humans and computers, downloading memories, genetic programming, etc. We are certain that this is going to be a surprising, powerful and controversial field over the next several decades - it feels a little bit like microcomputers in the 1970s.",1,https://web.archive.org/web/20140802045600/https://www.ycombinator.com/rfs,416
consolidated,July 2014,Education,20142,20140802045600,20140903221245,2,,"If we can fix education, we can eventually do everything else on this list. The first attempts to use technology to fix education have focused on using the Internet to distribute traditional content to a wider audience. This is good, but the Internet is a fundamentally different medium and capable of much more. Solutions that combine the mass scale of technology with one-on-one in-person interaction are particularly interesting to us. This may not require a ""breakthrough"" technology in the classical sense, but at a minimum it will require very new ways of doing things.",1,https://web.archive.org/web/20140802045600/https://www.ycombinator.com/rfs,575
consolidated,July 2014,Energy,20142,20140802045600,20140903221245,2,,"There is a remarkable correlation between the cost of energy and quality of life. Throughout history, when the cost of energy has come down a lot (for example, with the steam engine) the quality of life goes up a lot. Cheap energy would do a huge amount to reduce poverty. New energy sources could also help the environment, the economy, reduce war, ensure a stable future, make food and water more abundant, and much more. We believe economics will dominate - new sources must be cheaper than old ones, without subsidies, and be able to scale to global demand. Nuclear energy can hit the bid, and possibly so can renewables. But pricing is the first order question. In addition to generation, we're also interested in energy storage and transmission. 10x better batteries would enable great new things, as would the ability to easily move energy around.",1,https://web.archive.org/web/20140802045600/https://www.ycombinator.com/rfs,854
consolidated,July 2014,Food & Water,20142,20140802045600,20140903221245,2,,"At some point, we are going to have problems with food and water availability. Technology can almost certainly improve this. Great innovations are possible - we will need another advancement on the scale of what Norman Borlaug did.",1,https://web.archive.org/web/20140802045600/https://www.ycombinator.com/rfs,231
consolidated,July 2014,Healthcare,20142,20140802045600,20140903221245,2,,"Healthcare in the United States is badly broken. We are getting close to spending 20% of our GDP on healthcare; this is unsustainable. We're interested in ways to make healthcare better for less money, not in companies that are able to exploit the system by overcharging. We're especially interested in preventative healthcare, as this is probably the highest-leverage way to improve health. Sensors and data are interesting in lots of different areas, but especially for healthcare.",1,https://web.archive.org/web/20140802045600/https://www.ycombinator.com/rfs,483
consolidated,July 2014,Internet Infrastructure,20142,20140802045600,20140903221245,2,,"We can't imagine life without the Internet. We need to be sure it keeps working - this includes everything from security to free and open communication to infrastructure. The Internet is a transformative power, and we're particularly interested in applications that transform the big underpinnings of society (bitcoin is a great example!). The Internet lets people around the world coordinate action - there are almost certainly important businesses to be built around this concept. Of particular interest to us are ways to use the Internet to fix government - for example, crowdfunding social services. An important trend is the API-ification of everything. As more and more businesses are accessible with a web API, the Internet becomes more and more powerful.",1,https://web.archive.org/web/20140802045600/https://www.ycombinator.com/rfs,762
consolidated,July 2014,Levers,20142,20140802045600,20140903221245,2,,"We're interested in technology that multiplies the efforts and productivity of individuals. Robots are a great example, but this also includes areas like new programming languages, powered exoskeletons, augmented reality, etc.",1,https://web.archive.org/web/20140802045600/https://www.ycombinator.com/rfs,226
consolidated,July 2014,One Million Jobs,20142,20140802045600,20140903221245,2,,"We want to fund companies that have the potential to create a million jobs. There are a lot of areas where it makes sense to divide labor between humans and computers—we are very good at some things computers are terrible at and vice versa—and some of these require huge amounts of human resources. This is both good for the world and likely a good business strategy—as existing jobs go away, a company that creates a lot of new jobs should be able to get a lot of talented people.",1,https://web.archive.org/web/20140802045600/https://www.ycombinator.com/rfs,481
consolidated,July 2014,Robotics,20142,20140802045600,20140903221245,2,,"Robots will be a major way we get things done in the physical world. Our definition is pretty broad - for example, we count a self-driving car as a robot. Robots are how we'll likely explore space and maybe even the human body.",1,https://web.archive.org/web/20140802045600/https://www.ycombinator.com/rfs,227
consolidated,July 2014,Science,20142,20140802045600,20140903221245,2,,"Science seems broken. The current funding models are broken and favor political skill over scientific genius. We need new business models for basic research. There are a lot of areas where scientific developments can have huge commercial applications - materials, neuroscience, climate engineering, and cheaper/better ways to get to space, just to name a few - and we'd love to figure out a way for it to happen. Bell Labs worked a long time ago but would probably not work in today's world.",1,https://web.archive.org/web/20140802045600/https://www.ycombinator.com/rfs,491
consolidated,July 2014,Transportation & Housing,20142,20140802045600,20140903221245,2,,"About half of all energy is used on transportation, and people spend a huge amount of time unhappily commuting. Face-to-face interaction is still really important; people still need to move around. And housing continues to get more expensive, partially due to difficulties in transportation. We're interested in better ways for people to live somewhere nice, work together, and have easier commutes. As a side note, you shouldn't start a company just because it's on this list. Our hope is that someone already working on a company in one of these areas that might not have otherwise applied to YC will now consider it. The great majority of the startups we fund will continue to be the sort of Internet and mobile companies we've funded in the past, so if that's what you wanted to do before this post, keep doing it. Traditional-looking startups like Google and Facebook are obviously as important as any company one could imagine, and clearly are breakthrough technologies.",2,https://web.archive.org/web/20140802045600/https://www.ycombinator.com/rfs,976
consolidated,September 2014,A.I.,20142,20141003045747,20150809071536,11,,"Relative to the potential impact , it doesn't seem like enough smart people are working on this. A lot of smart people talk about AI with a combination of awe and fear, both for good reasons. But it feels like it could be one of the dividing lines in the history of technology, where before and after look totally different.",1,https://web.archive.org/web/20141003045747/https://www.ycombinator.com/rfs,324
consolidated,September 2014,Biotech,20142,20141003045747,20150809071536,11,,"It's still early, but it seems like we're finally making real progress hacking biology. There are so many directions this can go--fighting disease, slowing aging, merging humans and computers, downloading memories, genetic programming, etc. We are certain that this is going to be a surprising, powerful and controversial field over the next several decades. It feels a little bit like microcomputers in the 1970s. Reading DNA has become incredibly fast and cheap. There are many interesting applications here. There are perhaps even more interesting applications as we get better at writing DNA. We are especially interested in applications of biotech to prevent its own misuses. For example, if the bad guys can create new infectious diseases quickly, it'd be nice if the good guys could create new cures and vaccines quickly as well.",1,https://web.archive.org/web/20141003045747/https://www.ycombinator.com/rfs,836
consolidated,September 2014,Developing Countries,20142,20141003045747,20150809071536,11,,"Hundreds of millions of people around the world are getting their first computing experience (a smart phone) and entering the middle class. Increasing numbers of tomorrow's multi-billion dollar technology companies will focus on serving these new consumers, particularly in China, India and South East Asia. Entrepreneurs focused on these markets will almost certainly be riding a big wave, as GDP growth in these countries continues to outpace growth in the United States. Building companies in many of these markets is difficult as shipping and payments infrastructure often doesn't exist yet. On the positive side, that means vertically integrated businesses are a big opportunity.",1,https://web.archive.org/web/20141003045747/https://www.ycombinator.com/rfs,684
consolidated,September 2014,Diversity,20142,20141003045747,20150809071536,11,,"A diverse workforce is good for business and good for the world. Without different perspectives, the products and services we create will miss big opportunities for large segments of people. We want to fund non-profits and startups that are working on making technology a place that is more inclusive and attractive to people of all ages, races, sexual orientations, and cultures.",1,https://web.archive.org/web/20141003045747/https://www.ycombinator.com/rfs,380
consolidated,September 2014,Education,20142,20141003045747,20150809071536,11,,"If we can fix education, we can eventually do everything else on this list. The first attempts to use technology to fix education have focused on using the Internet to distribute traditional content to a wider audience. This is good, but the Internet is a fundamentally different medium and capable of much more. Solutions that combine the mass scale of technology with one-on-one in-person interaction are particularly interesting to us. This may not require a ""breakthrough"" technology in the classical sense, but at a minimum it will require very new ways of doing things.",1,https://web.archive.org/web/20141003045747/https://www.ycombinator.com/rfs,575
consolidated,September 2014,Energy,20142,20141003045747,20150809071536,11,,"There is a remarkable correlation between the cost of energy and quality of life. Throughout history, when the cost of energy has come down a lot (for example, with the steam engine) the quality of life has drastically improved. Cheap energy would do a huge amount to reduce poverty. New energy sources could also help the environment, the economy, reduce war, ensure a stable future, make food and water more abundant, and much more. We believe economics will dominate - new sources must be cheaper than old ones, without subsidies, and be able to scale to global demand. Nuclear energy can hit the bid, and possibly so can renewables. But pricing is the first order question. In addition to generation, we're also interested in energy storage and transmission. 10x better batteries would enable great new things, as would the ability to easily move energy around.",1,https://web.archive.org/web/20141003045747/https://www.ycombinator.com/rfs,865
consolidated,September 2014,Enterprise Software,20142,20141003045747,20150809071536,11,,"Software used by large companies is still awful and still very lucrative. Category-defining enterprise software companies will emerge to solve problems for every vertical, every business size, and every job function. Here are 3 specific areas we think are particularly interesting: Making The Expensive Cheap : Because of the cost of traditional enterprise software, many categories of solutions were previously cost prohibitive for small or even medium sized businesses to benefit from. The Next Billion Workers : Traditionally office-based knowledge workers have been the users of enterprise software. Mobile phones and tablets turn every type of employee -- from the retail store associate to the field services team -- into a knowledge worker. Digitizing Every Industry : Every industry is going through some form of information-based disruption; this is causing businesses to modernize their practices, leveraging new data, accelerating key processes, and delivering digitally-enabled experiences in the process.",1,https://web.archive.org/web/20141003045747/https://www.ycombinator.com/rfs,1017
consolidated,September 2014,Financial Services,20142,20141003045747,20150809071536,11,,"Saving money is hard and Americans are particularly bad at it. Because the personal savings rate has largely been falling since the early 80s, we don't have sufficient cushions to face economic shocks, weather unexpected unemployment, or even enjoy our retirements. Its simply too hard to find good ways to save or to invest. Savings accounts only pay a fraction of what's needed to keep up with inflation. Picking individual stocks and bonds exposes investors to huge volatility and does nothing to guarantee a return. While investors can dampen their volatility through various exchanges or closed ended funds, the reality is that few have the expertise needed to properly mix those funds, rebalance them, and optimize them for taxes to capture the best possible return (no matter how you define that) given each dollar of invested capital. Even if investors were able to pick optimal investment strategies, they'd find that that fees are a huge drag on performance. This seems to us like something software should help solve. We'd like to see teams tackling each of the component issues around saving and investing, along with ones tackling the entire package.",1,https://web.archive.org/web/20141003045747/https://www.ycombinator.com/rfs,1163
consolidated,September 2014,Food & Water,20142,20141003045747,20150809071536,11,,"At some point, we are going to have problems with food and water availability. Technology can almost certainly improve this. Great innovations are possible--we will need another advancement on the scale of what Norman Borlaug did.",1,https://web.archive.org/web/20141003045747/https://www.ycombinator.com/rfs,230
consolidated,September 2014,Government,20142,20141003045747,20150809071536,11,,"Very few startups write software for government. But the government is a very large customer with very bad software. In addition to better software for existing processes, we're also interested in how the Internet can enable new categories, like crowdfunding for social services.",1,https://web.archive.org/web/20141003045747/https://www.ycombinator.com/rfs,279
consolidated,September 2014,Healthcare,20142,20141003045747,20150809071536,11,,"Healthcare in the United States is badly broken. We are getting close to spending 20% of our GDP on healthcare; this is unsustainable. We're interested in ways to make healthcare better for less money, not in companies that are able to exploit the system by overcharging. We're especially interested in preventative healthcare, as this is probably the highest-leverage way to improve health. Sensors and data are interesting in lots of different areas, but especially for healthcare. Medical devices also seem like fertile ground for startups.",1,https://web.archive.org/web/20141003045747/https://www.ycombinator.com/rfs,543
consolidated,September 2014,Hollywood 2.0,20142,20141003045747,20150809071536,11,,"New celebrities don’t get discovered by talent agents, they get discovered directly by their fans on YouTube. In 2014, movies had their worst summer since 1997. Just like future celebrities are unlikely to get their start with talent agencies, future content consumers will watch content online instead of at the theater, and probably in very different ways. Celebrities now have direct relationships with their fans. They can also distribute content in new ways. There are almost certainly huge new businesses that will get built as part of this shift.",1,https://web.archive.org/web/20141003045747/https://www.ycombinator.com/rfs,553
consolidated,September 2014,Human Augmentation,20142,20141003045747,20150809071536,11,,We like companies that try to augment humans. This is a very general category because there are a lot of different ways to do this. Biotech can help us live longer and be smarter. Robots can help us do physical things we otherwise couldn’t. Software can help us focus on simple actions that make us happier and help large groups of us organize ourselves better. And on and on and on.,1,https://web.archive.org/web/20141003045747/https://www.ycombinator.com/rfs,383
consolidated,September 2014,Internet Infrastructure,20142,20141003045747,20150809071536,11,,"We can't imagine life without the Internet. We need to be sure it keeps working--this includes everything from security to free and open communication to infrastructure. The Internet is a transformative power, and we're particularly interested in applications that transform the big underpinnings of society (bitcoin is a great example!). The Internet lets people around the world coordinate action--there are almost certainly important businesses to be built around this concept. An important trend is the API-ification of everything. As more and more businesses are accessible with a web API, the Internet becomes more and more powerful.",1,https://web.archive.org/web/20141003045747/https://www.ycombinator.com/rfs,639
consolidated,September 2014,One Million Jobs,20142,20141003045747,20150809071536,11,,"We want to fund companies that have the potential to create a million jobs. There are a lot of areas where it makes sense to divide labor between humans and computers-—we are very good at some things computers are terrible at and vice versa—-and some of these require huge amounts of human resources. This is both good for the world and likely a good business strategy—-as existing jobs go away, a company that creates a lot of new jobs should be able to get a lot of talented people.",1,https://web.archive.org/web/20141003045747/https://www.ycombinator.com/rfs,484
consolidated,September 2014,Pharmaceuticals,20142,20141003045747,20150809071536,11,,Drug development has gotten slower and more expensive. We'd like to fund companies doing this in new ways. We take a broad view of this--we're interested in things that may not become prescription drugs but still really help people. Areas like nootropics seem underexplored.,1,https://web.archive.org/web/20141003045747/https://www.ycombinator.com/rfs,274
consolidated,September 2014,Programming Tools,20142,20141003045747,20150809071536,11,,"Software developers are shaping more and more of our daily lives. The products they use to make software are a powerful lever: they have a dramatic impact on the quality and kind of software being built. We're interested in helping developers create better software, faster. This includes new ways to write, understand, and collaborate on code, and the next generation of tools and infrastructure for delivering software continuously and reliably. We believe it's especially important to build products that make software development accessible to the widest part of our society. In fact, we’re especially interested in new ways to program. There are probably much better ways for people to program, and figuring one out would have a huge impact. The frameworks are better, the languages a bit more clever, but mostly we’re doing the same things. One way to think about this is: what comes after programming languages?",1,https://web.archive.org/web/20141003045747/https://www.ycombinator.com/rfs,918
consolidated,September 2014,Robotics,20142,20141003045747,20150809071536,11,,"Robots will be a major way we get things done in the physical world. Our definition is pretty broad--for example, we count a self-driving car as a robot. Robots are how we'll likely explore space and maybe even the human body.",1,https://web.archive.org/web/20141003045747/https://www.ycombinator.com/rfs,226
consolidated,September 2014,Science,20142,20141003045747,20150809071536,11,,"Science seems broken. The current funding models are broken and favor political skill over scientific genius. We need new business models for basic research. There are a lot of areas where scientific developments can have huge commercial applications--materials, neuroscience, climate engineering, and cheaper/better ways to get to space, just to name a few--and we'd love to figure out a way for it to happen. Bell Labs worked a long time ago but would probably not work in today's world.",1,https://web.archive.org/web/20141003045747/https://www.ycombinator.com/rfs,489
consolidated,September 2014,Telecommunications,20142,20141003045747,20150809071536,11,,"Skype changed the world, yet it's only gotten worse with every passing year. Despite broadband penetration, we still have lackluster tools for even the most basic of telecommunication. We deserve a simpler, more elegant solution for a more civilized age.",1,https://web.archive.org/web/20141003045747/https://www.ycombinator.com/rfs,254
consolidated,September 2014,Transportation & Housing,20142,20141003045747,20150809071536,11,,"About half of all energy is used on transportation, and people spend a huge amount of time unhappily commuting. Face-to-face interaction is still really important; people still need to move around. And housing continues to get more expensive, partially due to difficulties in transportation. We're interested in better ways for people to live somewhere nice, work together, and have easier commutes. Specifically, lightweight, short-distance personal transportation is something we're interested in.",1,https://web.archive.org/web/20141003045747/https://www.ycombinator.com/rfs,499
consolidated,September 2014,VR and AR,20142,20141003045747,20150809071536,11,,"Virtual reality and augmented reality have been a long-unfulfilled promise. But we feel the wave is coming, and this is the right time to start working on it.",1,https://web.archive.org/web/20141003045747/https://www.ycombinator.com/rfs,158
consolidated,August 2015,A.I.,20152,20150901100100,20160902230944,13,,"Relative to the potential impact , it doesn't seem like enough smart people are working on this. A lot of smart people talk about AI with a combination of awe and fear, both for good reasons. But it feels like it could be one of the dividing lines in the history of technology, where before and after look totally different. We're especially interested in people applying new research to ""narrow"" domains like self-driving cars, drug discovery, programming assistant, fraud detection, etc.",2,https://web.archive.org/web/20150901100100/https://www.ycombinator.com/rfs,489
consolidated,August 2015,Biotech,20152,20150901100100,20160902230944,13,,"It's still early, but it seems like we're finally making real progress hacking biology. There are so many directions this can go--fighting disease, slowing aging, merging humans and computers, downloading memories, genetic programming, etc. We are certain that this is going to be a surprising, powerful and controversial field over the next several decades. It feels a little bit like microcomputers in the 1970s. Reading DNA has become incredibly fast and cheap. There are many interesting applications here. There are perhaps even more interesting applications as we get better at writing DNA. We are especially interested in applications of biotech to prevent its own misuses. For example, if the bad guys can create new infectious diseases quickly, it'd be nice if the good guys could create new cures and vaccines quickly as well.",1,https://web.archive.org/web/20150901100100/https://www.ycombinator.com/rfs,836
consolidated,August 2015,Computer Security,20152,20150901100100,20160902230944,13,,"Securing computers is difficult because the work required is so asymmetric -- the attacker only has to find one flaw, while a defender has to protect against every possible weakness. Unfortunately, securing computers isn't just hard - it's critically and increasingly important. As the software revolution continues and more critical information and systems are connected to the Internet, we become more vulnerable to cyberattacks and the disruption is more severe.",1,https://web.archive.org/web/20150901100100/https://www.ycombinator.com/rfs,465
consolidated,August 2015,Diversity,20152,20150901100100,20160902230944,13,,"A diverse workforce is good for business and good for the world. Without different perspectives, the products and services we create will miss big opportunities for large segments of people. We want to fund non-profits and startups that are working on making technology a place that is more inclusive and attractive to people of all ages, races, sexual orientations, and cultures.",1,https://web.archive.org/web/20150901100100/https://www.ycombinator.com/rfs,380
consolidated,August 2015,Education,20152,20150901100100,20160902230944,13,,"If we can fix education, we can eventually do everything else on this list. The first attempts to use technology to fix education have focused on using the Internet to distribute traditional content to a wider audience. This is good, but the Internet is a fundamentally different medium and capable of much more. Solutions that combine the mass scale of technology with one-on-one in-person interaction are particularly interesting to us. This may not require a ""breakthrough"" technology in the classical sense, but at a minimum it will require very new ways of doing things.",1,https://web.archive.org/web/20150901100100/https://www.ycombinator.com/rfs,575
consolidated,August 2015,Energy,20152,20150901100100,20160902230944,13,,"There is a remarkable correlation between the cost of energy and quality of life. Throughout history, when the cost of energy has come down a lot (for example, with the steam engine) the quality of life has drastically improved. Cheap energy would do a huge amount to reduce poverty. New energy sources could also help the environment, the economy, reduce war, ensure a stable future, make food and water more abundant, and much more. We believe economics will dominate - new sources must be cheaper than old ones, without subsidies, and be able to scale to global demand. Nuclear energy can hit the bid, and possibly so can renewables. But pricing is the first order question. In addition to generation, we're also interested in energy storage and transmission. 10x better batteries would enable great new things, as would the ability to easily move energy around.",1,https://web.archive.org/web/20150901100100/https://www.ycombinator.com/rfs,865
consolidated,August 2015,Enterprise Software,20152,20150901100100,20160902230944,13,,"Software used by large companies is still awful and still very lucrative. Category-defining enterprise software companies will emerge to solve problems for every vertical, every business size, and every job function. Here are 3 specific areas we think are particularly interesting: Making The Expensive Cheap : Because of the cost of traditional enterprise software, many categories of solutions were previously cost prohibitive for small or even medium sized businesses to benefit from. The Next Billion Workers : Traditionally office-based knowledge workers have been the users of enterprise software. Mobile phones and tablets turn every type of employee -- from the retail store associate to the field services team -- into a knowledge worker. Digitizing Every Industry : Every industry is going through some form of information-based disruption; this is causing businesses to modernize their practices, leveraging new data, accelerating key processes, and delivering digitally-enabled experiences in the process.",1,https://web.archive.org/web/20150901100100/https://www.ycombinator.com/rfs,1017
consolidated,August 2015,Financial Services,20152,20150901100100,20160902230944,13,,"Saving money is hard and Americans are particularly bad at it. Because the personal savings rate has largely been falling since the early 80s, we don't have sufficient cushions to face economic shocks, weather unexpected unemployment, or even enjoy our retirements. Its simply too hard to find good ways to save or to invest. Savings accounts only pay a fraction of what's needed to keep up with inflation. Picking individual stocks and bonds exposes investors to huge volatility and does nothing to guarantee a return. While investors can dampen their volatility through various exchanges or closed ended funds, the reality is that few have the expertise needed to properly mix those funds, rebalance them, and optimize them for taxes to capture the best possible return (no matter how you define that) given each dollar of invested capital. Even if investors were able to pick optimal investment strategies, they'd find that that fees are a huge drag on performance. This seems to us like something software should help solve. We'd like to see teams tackling each of the component issues around saving and investing, along with ones tackling the entire package.",3,https://web.archive.org/web/20150901100100/https://www.ycombinator.com/rfs,1163
consolidated,August 2015,Global Health Non-profits,20152,20150901100100,20160902230944,13,,"There are lots of cheap, proven ways to save and improve people's lives. They should be reaching everyone. Why do so many people in the developing world still suffer for lack of simple things like bednets, vaccines, and iodized salt? Part of the problem is money, and we're interested in new ways to get people to give. Part of it is execution, and we'd love to see nonprofits that are truly data-literate and metrics-driven closing these gaps.",1,https://web.archive.org/web/20150901100100/https://www.ycombinator.com/rfs,444
consolidated,August 2015,Global Infrastructure,20152,20150901100100,20160902230944,13,,"The private sector can build huge things. In recent years, we’ve seen SpaceX launch the Dragon, building atop NASA’s storied foundation; the EC-funded Human Brain Project push our understanding of the brain ever forward; massive Chinese FDI in rail, hydropower and port infrastructure across Africa; and an incredible array of data centers around the world, built by tech companies. Government funding makes a big impact, but an ever-rising degree of our global infrastructure is being created and managed by companies & nonprofits. What can we do to push that forward? What projects aren’t yet being built, that we sorely need? How do we make physical infrastructure more affordable at scale?",1,https://web.archive.org/web/20150901100100/https://www.ycombinator.com/rfs,693
consolidated,August 2015,Healthcare,20152,20150901100100,20160902230944,13,,"Healthcare in the United States is badly broken. We are getting close to spending 20% of our GDP on healthcare; this is unsustainable. We're interested in ways to make healthcare better for less money, not in companies that are able to exploit the system by overcharging. We're especially interested in preventative healthcare, as this is probably the highest-leverage way to improve health. Sensors and data are interesting in lots of different areas, but especially for healthcare. Medical devices also seem like fertile ground for startups.",1,https://web.archive.org/web/20150901100100/https://www.ycombinator.com/rfs,543
consolidated,August 2015,Hollywood 2.0,20152,20150901100100,20160902230944,13,,"New celebrities don’t get discovered by talent agents, they get discovered directly by their fans on YouTube. In 2014, movies had their worst summer since 1997. Just like future celebrities are unlikely to get their start with talent agencies, future content consumers will watch content online instead of at the theater, and probably in very different ways. Celebrities now have direct relationships with their fans. They can also distribute content in new ways. There are almost certainly huge new businesses that will get built as part of this shift.",1,https://web.archive.org/web/20150901100100/https://www.ycombinator.com/rfs,553
consolidated,August 2015,Human Augmentation,20152,20150901100100,20160902230944,13,,We like companies that try to augment humans. This is a very general category because there are a lot of different ways to do this. Biotech can help us live longer and be smarter. Robots can help us do physical things we otherwise couldn’t. Software can help us focus on simple actions that make us happier and help large groups of us organize ourselves better. And on and on and on.,1,https://web.archive.org/web/20150901100100/https://www.ycombinator.com/rfs,383
consolidated,August 2015,Internet Infrastructure,20152,20150901100100,20160902230944,13,,"We can't imagine life without the Internet. We need to be sure it keeps working--this includes everything from security to free and open communication to infrastructure. The Internet is a transformative power, and we're particularly interested in applications that transform the big underpinnings of society (bitcoin is a great example!). The Internet lets people around the world coordinate action--there are almost certainly important businesses to be built around this concept. An important trend is the API-ification of everything. As more and more businesses are accessible with a web API, the Internet becomes more and more powerful.",1,https://web.archive.org/web/20150901100100/https://www.ycombinator.com/rfs,639
consolidated,August 2015,Nanotech,20152,20150901100100,20160902230944,13,,"The timeline from research to commercialization is getting much shorter, though it’s still remarkably complex. There are a dozen breakthroughs left between us and the first effective nanobots -- along the way, we’ll learn how best to actively destroy viruses and bacteria, repair gene damage, supply supplemental oxygen and nutrients to our cells, embed microscopic sensors & seed lighter-than-air nanobots across our globe, and custom-build massive structures in minutes. Which breakthroughs will have early commercial applications, for the right startup team to tackle?",1,https://web.archive.org/web/20150901100100/https://www.ycombinator.com/rfs,571
consolidated,August 2015,One Million Jobs,20152,20150901100100,20160902230944,13,,"We want to fund companies that have the potential to create a million jobs. There are a lot of areas where it makes sense to divide labor between humans and computers-—we are very good at some things computers are terrible at and vice versa—-and some of these require huge amounts of human resources. This is both good for the world and likely a good business strategy—-as existing jobs go away, a company that creates a lot of new jobs should be able to get a lot of talented people.",1,https://web.archive.org/web/20150901100100/https://www.ycombinator.com/rfs,484
consolidated,August 2015,Pharmaceuticals,20152,20150901100100,20160902230944,13,,Drug development has gotten slower and more expensive. We'd like to fund companies doing this in new ways. We take a broad view of this--we're interested in things that may not become prescription drugs but still really help people. Areas like nootropics seem underexplored.,1,https://web.archive.org/web/20150901100100/https://www.ycombinator.com/rfs,274
consolidated,August 2015,Programming Tools,20152,20150901100100,20160902230944,13,,"Software developers are shaping more and more of our daily lives. The products they use to make software are a powerful lever: they have a dramatic impact on the quality and kind of software being built. We're interested in helping developers create better software, faster. This includes new ways to write, understand, and collaborate on code, and the next generation of tools and infrastructure for delivering software continuously and reliably. We believe it's especially important to build products that make software development accessible to the widest part of our society. In fact, we’re especially interested in new ways to program. There are probably much better ways for people to program, and figuring one out would have a huge impact. The frameworks are better, the languages a bit more clever, but mostly we’re doing the same things. One way to think about this is: what comes after programming languages?",1,https://web.archive.org/web/20150901100100/https://www.ycombinator.com/rfs,918
consolidated,August 2015,Robotics,20152,20150901100100,20160902230944,13,,"Robots will be a major way we get things done in the physical world. Our definition is pretty broad--for example, we count a self-driving car as a robot. Robots are how we'll likely explore space and maybe even the human body.",1,https://web.archive.org/web/20150901100100/https://www.ycombinator.com/rfs,226
consolidated,August 2015,Science,20152,20150901100100,20160902230944,13,,"Science seems broken. The current funding models are broken and favor political skill over scientific genius. We need new business models for basic research. There are a lot of areas where scientific developments can have huge commercial applications--materials, neuroscience, climate engineering, and cheaper/better ways to get to space, just to name a few--and we'd love to figure out a way for it to happen. Bell Labs worked a long time ago but would probably not work in today's world.",1,https://web.archive.org/web/20150901100100/https://www.ycombinator.com/rfs,489
consolidated,August 2015,Transportation & Housing,20152,20150901100100,20160902230944,13,,"About half of all energy is used on transportation, and people spend a huge amount of time unhappily commuting. Face-to-face interaction is still really important; people still need to move around. And housing continues to get more expensive, partially due to difficulties in transportation. We're interested in better ways for people to live somewhere nice, work together, and have easier commutes. Specifically, lightweight, short-distance personal transportation is something we're interested in.",1,https://web.archive.org/web/20150901100100/https://www.ycombinator.com/rfs,499
consolidated,August 2015,Underserved Communities,20152,20150901100100,20160902230944,13,,"Tens of millions of working poor in American don't see a path to the middle class These people have to navigate a world with substandard services, low quality housing, overcrowded schools, and crime in their neighborhoods. They are often unbanked living paycheck to paycheck. We're interested in funding products and services to help this very large market achieve their dreams.",1,https://web.archive.org/web/20150901100100/https://www.ycombinator.com/rfs,378
consolidated,August 2015,VR and AR,20152,20150901100100,20160902230944,13,,"Virtual reality and augmented reality have been a long-unfulfilled promise. But we feel the wave is coming, and this is the right time to start working on it.",1,https://web.archive.org/web/20150901100100/https://www.ycombinator.com/rfs,158
consolidated,August 2015,Cities of the Future,20152,20160304012107,20160902230944,7,,"The migration of of people to cities has driven a huge amount of change over the course of human history. That trend shows no sign of slowing, and we're likely headed to a future where cities of 40mm people and more are fairly common (the Tokyo urban area is already there). Cities that large will create all kinds of problems in how people move, how they are fed, how they communicate, congregate, and where they live and work. Without new technologies, these problems could doom the success of these new megalopolises and the happiness of the people within them. We want to fund founders who want to spend their lives making cities work better for people.",1,https://web.archive.org/web/20160304012107/https://www.ycombinator.com/rfs,657
consolidated,September 2016,A.I.,20162,20161003082811,20180305063455,16,,"Relative to the potential impact , it doesn't seem like enough smart people are working on this. A lot of smart people talk about AI with a combination of awe and fear, both for good reasons. But it feels like it could be one of the dividing lines in the history of technology, where before and after look totally different. We're especially interested in people applying new research to ""narrow"" domains like self-driving cars, drug discovery, programming assistant, fraud detection, etc.",1,https://web.archive.org/web/20161003082811/https://www.ycombinator.com/rfs,489
consolidated,September 2016,Biotech,20162,20161003082811,20180305063455,16,,"It's still early, but it seems like we're finally making real progress hacking biology. There are so many directions this can go--fighting disease, slowing aging, merging humans and computers, downloading memories, genetic programming, etc. We are certain that this is going to be a surprising, powerful and controversial field over the next several decades. It feels a little bit like microcomputers in the 1970s. Reading DNA has become incredibly fast and cheap. There are many interesting applications here. There are perhaps even more interesting applications as we get better at writing DNA. We are especially interested in applications of biotech to prevent its own misuses. For example, if the bad guys can create new infectious diseases quickly, it'd be nice if the good guys could create new cures and vaccines quickly as well.",1,https://web.archive.org/web/20161003082811/https://www.ycombinator.com/rfs,836
consolidated,September 2016,Computer Security,20162,20161003082811,20180305063455,16,,"Securing computers is difficult because the work required is so asymmetric -- the attacker only has to find one flaw, while a defender has to protect against every possible weakness. Unfortunately, securing computers isn't just hard - it's critically and increasingly important. As the software revolution continues and more critical information and systems are connected to the Internet, we become more vulnerable to cyberattacks and the disruption is more severe.",1,https://web.archive.org/web/20161003082811/https://www.ycombinator.com/rfs,465
consolidated,September 2016,Diversity,20162,20161003082811,20180305063455,16,,"A diverse workforce is good for business and good for the world. Without different perspectives, the products and services we create will miss big opportunities for large segments of people. We want to fund non-profits and startups that are working on making technology a place that is more inclusive and attractive to people of all ages, races, sexual orientations, and cultures.",1,https://web.archive.org/web/20161003082811/https://www.ycombinator.com/rfs,380
consolidated,September 2016,Education,20162,20161003082811,20180305063455,16,,"If we can fix education, we can eventually do everything else on this list. The first attempts to use technology to fix education have focused on using the Internet to distribute traditional content to a wider audience. This is good, but the Internet is a fundamentally different medium and capable of much more. Solutions that combine the mass scale of technology with one-on-one in-person interaction are particularly interesting to us. This may not require a ""breakthrough"" technology in the classical sense, but at a minimum it will require very new ways of doing things.",1,https://web.archive.org/web/20161003082811/https://www.ycombinator.com/rfs,575
consolidated,September 2016,Energy,20162,20161003082811,20180305063455,16,,"There is a remarkable correlation between the cost of energy and quality of life. Throughout history, when the cost of energy has come down a lot (for example, with the steam engine) the quality of life has drastically improved. Cheap energy would do a huge amount to reduce poverty. New energy sources could also help the environment, the economy, reduce war, ensure a stable future, make food and water more abundant, and much more. We believe economics will dominate - new sources must be cheaper than old ones, without subsidies, and be able to scale to global demand. Nuclear energy can hit the bid, and possibly so can renewables. But pricing is the first order question. In addition to generation, we're also interested in energy storage and transmission. 10x better batteries would enable great new things, as would the ability to easily move energy around.",1,https://web.archive.org/web/20161003082811/https://www.ycombinator.com/rfs,865
consolidated,September 2016,Enterprise Software,20162,20161003082811,20180305063455,16,,"Software used by large companies is still awful and still very lucrative. Category-defining enterprise software companies will emerge to solve problems for every vertical, every business size, and every job function. Here are 3 specific areas we think are particularly interesting: Making The Expensive Cheap : Because of the cost of traditional enterprise software, many categories of solutions were previously cost prohibitive for small or even medium sized businesses to benefit from. The Next Billion Workers : Traditionally office-based knowledge workers have been the users of enterprise software. Mobile phones and tablets turn every type of employee -- from the retail store associate to the field services team -- into a knowledge worker. Digitizing Every Industry : Every industry is going through some form of information-based disruption; this is causing businesses to modernize their practices, leveraging new data, accelerating key processes, and delivering digitally-enabled experiences in the process.",1,https://web.archive.org/web/20161003082811/https://www.ycombinator.com/rfs,1017
consolidated,September 2016,Financial Services,20162,20161003082811,20180305063455,16,,"The world's financial systems are increasingly unable to meet the demands of consumers and businesses. That makes some sense because regulations designed to protect customers can't change fast enough to keep up with the pace at which technology is changing the needs of those customers. This mismatch creates inefficiencies at almost every level of the financial system. It impacts how people invest their savings, how businesses gain access to capital to grow, how risk is priced and insured, and how financial firms do business with each other. We think that software will accelerate the pace at which financial services change and will eventually shift the nature of regulations. We want to fund companies with novel ideas of how to make that happen.",1,https://web.archive.org/web/20161003082811/https://www.ycombinator.com/rfs,753
consolidated,September 2016,Food and Farming:,20162,20161003082811,20180305063455,16,,"An estimated 40% of the world's workforce works in agriculture. Better food and farming could increase the world's health, unlock the potential of numerous workers, and improve living conditions for billions of animals. We believe economics will dominate - reducing cost while preserving or improving flavor will win the day.",1,https://web.archive.org/web/20161003082811/https://www.ycombinator.com/rfs,325
consolidated,September 2016,Global Health Non-profits,20162,20161003082811,20180305063455,16,,"There are lots of cheap, proven ways to save and improve people's lives. They should be reaching everyone. Why do so many people in the developing world still suffer for lack of simple things like bednets, vaccines, and iodized salt? Part of the problem is money, and we're interested in new ways to get people to give. Part of it is execution, and we'd love to see nonprofits that are truly data-literate and metrics-driven closing these gaps. Organizations like GiveWell have large amounts of funding at the ready for provably effective global health interventions.",1,https://web.archive.org/web/20161003082811/https://www.ycombinator.com/rfs,567
consolidated,September 2016,Healthcare,20162,20161003082811,20180305063455,16,,"Healthcare in the United States is badly broken. We are getting close to spending 20% of our GDP on healthcare; this is unsustainable. We're interested in ways to make healthcare better for less money, not in companies that are able to exploit the system by overcharging. We're especially interested in preventative healthcare, as this is probably the highest-leverage way to improve health. Sensors and data are interesting in lots of different areas, but especially for healthcare. Medical devices also seem like fertile ground for startups.",1,https://web.archive.org/web/20161003082811/https://www.ycombinator.com/rfs,543
consolidated,September 2016,Hollywood 2.0,20162,20161003082811,20180305063455,16,,"New celebrities don’t get discovered by talent agents, they get discovered directly by their fans on YouTube. In 2014, movies had their worst summer since 1997. Just like future celebrities are unlikely to get their start with talent agencies, future content consumers will watch content online instead of at the theater, and probably in very different ways. Celebrities now have direct relationships with their fans. They can also distribute content in new ways. There are almost certainly huge new businesses that will get built as part of this shift.",1,https://web.archive.org/web/20161003082811/https://www.ycombinator.com/rfs,553
consolidated,September 2016,Human Augmentation,20162,20161003082811,20180305063455,16,,We like companies that try to augment humans. This is a very general category because there are a lot of different ways to do this. Biotech can help us live longer and be smarter. Robots can help us do physical things we otherwise couldn’t. Software can help us focus on simple actions that make us happier and help large groups of us organize ourselves better. And on and on and on.,1,https://web.archive.org/web/20161003082811/https://www.ycombinator.com/rfs,383
consolidated,September 2016,Mass Media:,20162,20161003082811,20180305063455,16,,"What can we do to bring up the baseline and make the vast majority of our mass media better? Media outlets that rely on polarization, misinformation, passivity, and fear, are not improving society. We’re looking for ways to bring the average back up and improve mass media.",1,https://web.archive.org/web/20161003082811/https://www.ycombinator.com/rfs,273
consolidated,September 2016,One Million Jobs,20162,20161003082811,20180305063455,16,,"We want to fund companies that have the potential to create a million jobs. There are a lot of areas where it makes sense to divide labor between humans and computers-—we are very good at some things computers are terrible at and vice versa—-and some of these require huge amounts of human resources. This is both good for the world and likely a good business strategy—-as existing jobs go away, a company that creates a lot of new jobs should be able to get a lot of talented people.",1,https://web.archive.org/web/20161003082811/https://www.ycombinator.com/rfs,484
consolidated,September 2016,Pharmaceuticals,20162,20161003082811,20180305063455,16,,Drug development has gotten slower and more expensive. We'd like to fund companies doing this in new ways. We take a broad view of this--we're interested in things that may not become prescription drugs but still really help people. Areas like nootropics seem underexplored.,1,https://web.archive.org/web/20161003082811/https://www.ycombinator.com/rfs,274
consolidated,September 2016,Programming Tools,20162,20161003082811,20180305063455,16,,"Software developers are shaping more and more of our daily lives. The products they use to make software are a powerful lever: they have a dramatic impact on the quality and kind of software being built. We're interested in helping developers create better software, faster. This includes new ways to write, understand, and collaborate on code, and the next generation of tools and infrastructure for delivering software continuously and reliably. We believe it's especially important to build products that make software development accessible to the widest part of our society. In fact, we’re especially interested in new ways to program. There are probably much better ways for people to program, and figuring one out would have a huge impact. The frameworks are better, the languages a bit more clever, but mostly we’re doing the same things. One way to think about this is: what comes after programming languages?",1,https://web.archive.org/web/20161003082811/https://www.ycombinator.com/rfs,918
consolidated,September 2016,Robotics,20162,20161003082811,20180305063455,16,,"Robots will be a major way we get things done in the physical world. Our definition is pretty broad--for example, we count a self-driving car as a robot. Robots are how we'll likely explore space and maybe even the human body.",1,https://web.archive.org/web/20161003082811/https://www.ycombinator.com/rfs,226
consolidated,September 2016,Transportation & Housing,20162,20161003082811,20180305063455,16,,"About half of all energy is used on transportation, and people spend a huge amount of time unhappily commuting. Face-to-face interaction is still really important; people still need to move around. And housing continues to get more expensive, partially due to difficulties in transportation. We're interested in better ways for people to live somewhere nice, work together, and have easier commutes. Specifically, lightweight, short-distance personal transportation is something we're interested in.",1,https://web.archive.org/web/20161003082811/https://www.ycombinator.com/rfs,499
consolidated,September 2016,Underserved Communities and Social Services,20162,20161003082811,20180305063455,16,,"Tens of millions of working poor in America don't see a path to the middle class. This population has to navigate a world with substandard services, low quality housing, overcrowded schools, and crime in their neighborhoods. They are often unbanked and living paycheck to paycheck. The US government alone spends hundreds of billions of dollars per year on social services and safety net programs for these underserved communities. We believe great non-profits and for-profits can bring technology and strong metrics-driven approaches to this largely ignored, massive market.",1,https://web.archive.org/web/20161003082811/https://www.ycombinator.com/rfs,575
consolidated,September 2016,VR and AR,20162,20161003082811,20180305063455,16,,"Virtual reality and augmented reality have been a long-unfulfilled promise. But we feel the wave is coming, and this is the right time to start working on it.",1,https://web.archive.org/web/20161003082811/https://www.ycombinator.com/rfs,158
consolidated,September 2016,Future of Work:,20162,20170316103204,20180305063455,13,,"Jobs will look very different 25 years from now. We’ve already seen a massive shift toward automation, and the pace of technology’s impact on work isn’t slowing down. A study by the World Economic Forum estimates that in the next five years, 5 million jobs in 15 economies will be lost. We’re interested in what comes next. People seek full-time jobs for many reasons, including money, healthcare, and a sense of purpose. We’d love to see solutions that address each of these factors (or any others) in anticipation of a changing job market.",1,https://web.archive.org/web/20170316103204/https://www.ycombinator.com/rfs,541
consolidated,September 2016,Improving Democracy:,20162,20170316103204,20180305063455,13,,"There are thousands of ways technology can be applied to improve democracy. For democracy to function effectively, more of us need to be engaged and empowered. We’d like to see startups and non-profits who are using technology to make it easier and more appealing to get involved in the political process. We want technology that makes it easy to understand how new laws and programs impact you, programs that teach people how to run for office, and communication tools that make it easier for citizens to be heard by their representatives. We’d like to see tools that address problems in the voting process, such as voter suppression and gerrymandering.",1,https://web.archive.org/web/20170316103204/https://www.ycombinator.com/rfs,654
consolidated,September 2016,News:,20162,20170316103204,20180305063455,13,,"We need accurate, unbiased press to make our democracy work. We’re facing two major issues with news. The first is fake news. The business model for online media rewards the people who get the greatest number of page views, clicks and likes. That results in a system that prizes virality over truth. Building tools for fact-checking will become increasingly important. Second is the issue of protecting the freedom of the press. We’re looking to fund tools that can help protect and defend journalists and their sources.",1,https://web.archive.org/web/20170316103204/https://www.ycombinator.com/rfs,520
consolidated,September 2016,Water:,20162,20170316103204,20180305063455,13,,"Global water demand will increase 50% by 2050. We’re close to a tipping point where technology will let us make clean water extremely abundant and cheap. We will create more than enough clean water for everyone in the world, for any use necessary. We’d love to help founders working on this problem get there faster. Ideas could range from lower-cost desalination plants, novel purification technologies, smart irrigation systems, mechanisms to reduce water usage, or something completely different.",1,https://web.archive.org/web/20170316103204/https://www.ycombinator.com/rfs,499
consolidated,March 2018,A.I.,20180,20180401145637,20200401232808,21,,"AI stands to have a large impact on society. So large that we've created a vertical within YC for it. It feels like it could be one of the dividing lines in the history of technology, where before and after look totally different. We’re interested in people applying research to any narrow domain (drug discovery, programming assistant, legal advice, fraud detection, etc) and especially those focused on the intersection of AI and robotics (manufacturing, self-driving cars, etc).",1,https://web.archive.org/web/20180401145637/https://www.ycombinator.com/rfs,481
consolidated,March 2018,Bio,20180,20180401145637,20200401232808,21,,"It's still early, but it seems like we're finally making real progress hacking biology. We are certain that this is going to be a surprising, powerful and controversial field over the next several decades. It feels a little bit like microcomputers in the 1970s. Engineering principles are now routinely applied through synthetic biology and bio is touching all aspects of life from healthcare to manufacturing and even food and agriculture. There are so many directions this can go–fighting disease, slowing aging, merging humans and computers, downloading memories, genetic programming, etc. Reading DNA has become incredibly fast and cheap. There are many interesting applications here. There will perhaps be even more interesting applications as we get better at writing DNA. We are also interested in applications of biotech to prevent its own misuses. For example, if the bad guys can create new infectious diseases quickly, it’d be nice if the good guys could create new cures and vaccines quickly as well. Note: To learn about the YC Bio program, a track specifically for healthspan and aging-related bio companies, go here .",3,https://web.archive.org/web/20180401145637/https://www.ycombinator.com/rfs,1132
consolidated,March 2018,Brick and Mortar 2.0,20180,20180401145637,20200401232808,21,,"We are interested in seeing startups that use brick-and-mortar commercial or retail space in interesting and efficient ways. Amazon is putting malls and big box stores out of business. Rather than fighting a losing battle with Amazon, brands need to rethink how to use retail space in ways that play to their strengths. Tesla, Warby Parker, and Peloton, for example, use brick and mortar locations as showrooms that complement their online sales channels. Without the need to store inventory, retail space can be used much more efficiently. Interesting uses of brick-and-mortar space are not limited to retail stores: similar sea changes are happening to restaurants, entertainment venues, local service providers, and office buildings. New businesses will be purpose-built for customers that are trained to expect features like online ordering, deep integrations with other services, and immediate delivery. Flexibility is key. For instance, it is likely that rather than multi-year leases, businesses of the future will utilize “micro-leases” that last days or even hours. Additionally, the era of big box stores that migrated consumer attention out of main street and into suburban shopping centers flanked by parking lots is likely to change as the era of self-driving begins. Once self-driving cars are adopted widely, our relationship with physical space will evolve in ways that are hard to predict. We want to see startups that are thinking about that shift and building new ways to use physical space.",1,https://web.archive.org/web/20180401145637/https://www.ycombinator.com/rfs,1510
consolidated,March 2018,Carbon Removal Technologies,20180,20180401145637,20200401232808,21,,"The Paris Agreement set forth a global goal to limit the earth’s temperature increase to 1.5°C this century. Just switching to renewables isn’t going to be enough to reach that goal. We will also have to remove carbon from the atmosphere. Carbon removal and sequestration technologies are still in their infancy. The current solutions can be divided into two groups: natural (such as reforestation and biochar) and technological (such as direct air capture). Two challenges with direct air capture are costs and scale. Several countries including the US recently stepped up and created financial incentives for removing carbon from the atmosphere, but it is not yet cost effective with current technology. More information is available at the Center for Carbon Removal . Other approaches to geoengineering to counteract the effects of climate change could have potential as well.",2,https://web.archive.org/web/20180401145637/https://www.ycombinator.com/rfs,879
consolidated,March 2018,Cellular Agriculture and Clean Meat,20180,20180401145637,20200401232808,21,,"Recent scientific developments have changed the way we think about producing protein. For the first time, we can now produce food that is scientifically indistinguishable from animal products like meat and dairy, using only cells and not harming any animals. Today humans use farm animals mostly for meat and dairy production. Whether or not you believe this is cruel and wasteful, we know it’s not sustainable. More people eat meat every year, yet most of the available farmland in our world is already being used for production of meat. The agricultural sector is the world's second-largest emitter of greenhouse gas after the energy sector, and the use of antibiotics in farming is real danger to our own health system. Growing real animal-meat directly from cells is a revolutionary science. We would love to fund more startups taking this science to market. We also want to fund startups specializing in the scaling phase of cellular agriculture. The world will massively benefit from a more sustainable, cheaper and more healthy production of meat.",1,https://web.archive.org/web/20180401145637/https://www.ycombinator.com/rfs,1054
consolidated,March 2018,Cleaner Commodities,20180,20180401145637,20200401232808,21,,"At current rates of deforestation, there will be no rainforests in 100 years. There are many environmental reasons for why this is bad, but it will also be problematic for the industries relying on these increasingly scarce resources. Startups have already started to address the need for cleaner consumer products, but industrial commodities like palm oil and soy are getting less attention. For example, palm oil is the most used vegetable oil in the world -- it’s in about 50% of grocery-store products. In 2016, the global palm oil market was valued at over $65 billion and it’s expected to reach $92 billion by 2021. But, palm oil production tends to rely on crude, environmentally destructive slash/burn methods, exploitative labor practices, and contributes the most global-warming emissions of any commodity aside from beef. We think these big market/low-tech industries could be interesting to go after. Examples of startups we’d like to see apply are those working on synthetics, cleaner alternatives, or supply-chain improvements. Price point will likely be very important here, more so than for consumer products. It would also be great if new jobs are created or if the solution involves reforesting.",1,https://web.archive.org/web/20180401145637/https://www.ycombinator.com/rfs,1213
consolidated,March 2018,Computer Security,20180,20180401145637,20200401232808,21,,"Securing computers is difficult because the work required is so asymmetric -- the attacker only has to find one flaw, while a defender has to protect against every possible weakness. Unfortunately, securing computers isn’t just hard—it’s critically and increasingly important. As more critical information and systems are connected to the Internet, we become more vulnerable to cyberattacks and the disruption is more severe.",1,https://web.archive.org/web/20180401145637/https://www.ycombinator.com/rfs,425
consolidated,March 2018,Diversity,20180,20180401145637,20200401232808,21,,"A diverse workforce is good for business and good for the world. Without different perspectives, the products and services we create will miss big opportunities for large segments of people. We want to fund non-profits and startups that are working on making technology a place that is more inclusive and attractive to people of all ages, races, sexual orientations, and cultures.",1,https://web.archive.org/web/20180401145637/https://www.ycombinator.com/rfs,380
consolidated,March 2018,Education,20180,20180401145637,20200401232808,21,,"If we can fix education, we can eventually do everything else on this list. Human brain power is vastly underutilized on this planet because most people lack access to a good education. Strong education systems lead to greater social mobility, better workers, better citizens, and more and better startups. A small increase in the learning output of education systems across the globe would have an enormous impact on human productivity and economic growth. We are interested in new school models that can develop critical thinking, creativity, citizenship, and job skills at massive scale. We’re looking for ideas that combine technology and person-to-person interactions to deliver highly individualized educational experiences. We also know that 90% of the human brain develops before age 5 and achievement gaps open up well before kindergarten. We’re interested in ventures that dramatically improve outcomes for children from birth to age five, that reduce inequality, and that have the potential to enhance the future quality of life for those children and their families. Scalable solutions in these areas should now be doable thanks to advances in brain science and technologies such as smart home devices, wearables, and mobile.",1,https://web.archive.org/web/20180401145637/https://www.ycombinator.com/rfs,1237
consolidated,March 2018,Energy,20180,20180401145637,20200401232808,21,,"There is a remarkable correlation between the cost of energy and quality of life. Throughout history, when the cost of energy has come down a lot (for example, with the steam engine) the quality of life has drastically improved. Cheap energy would do a huge amount to reduce poverty. New energy sources could also help the environment, the economy, reduce war, ensure a stable future, make food and water more abundant, and much more. We believe economics will dominate—new sources must be cheaper than old ones, without subsidies, and be able to scale to global demand. Nuclear energy can hit the bid, and possibly so can renewables. But pricing is the first order question. In addition to generation, we’re also interested in energy storage and transmission. 10x better batteries would enable great new things, as would the ability to easily move energy around.",1,https://web.archive.org/web/20180401145637/https://www.ycombinator.com/rfs,863
consolidated,March 2018,Enterprise Software,20180,20180401145637,20200401232808,21,,"Software used by large companies is still awful and still very lucrative. Category-defining enterprise software companies will emerge to solve problems for every vertical, every business size, and every job function. Here are 3 specific areas we think are particularly interesting: Making The Expensive Cheap : Because of the cost of traditional enterprise software, many categories of solutions were previously cost prohibitive for small or even medium sized businesses to benefit from. The Next Billion Workers : Traditionally office-based knowledge workers have been the users of enterprise software. Mobile phones and tablets turn every type of employee -- from the retail store associate to the field services team -- into a knowledge worker. Digitizing Every Industry : Every industry is going through some form of information-based disruption; this is causing businesses to modernize their practices, leveraging new data, accelerating key processes, and delivering digitally-enabled experiences in the process.",1,https://web.archive.org/web/20180401145637/https://www.ycombinator.com/rfs,1017
consolidated,March 2018,Financial Services,20180,20180401145637,20200401232808,21,,"The world's financial systems are increasingly unable to meet the demands of consumers and businesses. That makes some sense because regulations designed to protect customers can't change fast enough to keep up with the pace at which technology is changing the needs of those customers. This mismatch creates inefficiencies at almost every level of the financial system. It impacts how people invest their savings, how businesses gain access to capital to grow, how risk is priced and insured, and how financial firms do business with each other. We think that software will accelerate the pace at which financial services change and will eventually shift the nature of regulations. We want to fund companies with novel ideas of how to make that happen.",1,https://web.archive.org/web/20180401145637/https://www.ycombinator.com/rfs,753
consolidated,March 2018,Future of Work:,20180,20180401145637,20200401232808,21,,"Jobs will look very different 25 years from now. We’ve already seen a massive shift toward automation, robots, and AI, and the pace of their impact on work isn’t slowing down. There’s uncertainty on whether these new technologies will result in more or fewer jobs in aggregate. We’re interested in what you think will happen and what comes next. In particular, we want to figure out what new work will be created to leverage these new technologies. And what can be built to help people and companies adapt to the changing skills requirements they face. We also want to know how the meaning of work will evolve. People seek full-time jobs for many reasons, including money, healthcare, and a sense of purpose. We’d love to see solutions that address each of these factors (or any others) in anticipation of a changing job market.",1,https://web.archive.org/web/20180401145637/https://www.ycombinator.com/rfs,828
consolidated,March 2018,Healthcare,20180,20180401145637,20200401232808,21,,"Healthcare in the United States is badly broken. We are getting close to spending 20% of our GDP on healthcare; this is unsustainable. We’re interested in ways to make healthcare better for less money. We’re especially interested in healthcare startups working in the following spaces: Pharmaceuticals: With computational drug discovery and omics data, we have vastly more powerful tools than before for inventing new drugs. It's more achievable than ever for startups to make breakthroughs in this area. Cell Therapies: With breakthroughs in iPSC and CAR-T technology, there is a well-warranted explosion of interest in cell therapies. What we've seen here is probably just the beginning. Diagnostics: There are big trends in this space towards continuous monitoring and portable and point-of-care diagnostics. We're interested in both hardware and software / AI based diagnostics. Medical Devices: Costs of prototyping and manufacturing are lower than ever and computational power is higher than ever. We’re excited to see what devices have the most clinical impact and how the data they generate can make medical devices more valuable than ever before. Data: With the ability to collect omics data inexpensively, there is a a huge opportunity to create new datasets of healthcare data and mine them for useful insights.",2,https://web.archive.org/web/20180401145637/https://www.ycombinator.com/rfs,1322
consolidated,March 2018,Improving Memory,20180,20180401145637,20200401232808,21,,"Human memory is too volatile. Compared with computers, humans have an odd memory system. We can recall subtle emotions and feelings from 10 years ago while simultaneously forgetting where our phone is and what to pick up at the store. The increasing bombardment of information and ideas certainly does not make it easier, nor do age onset diseases like dementia and Alzheimer's. The Merge is coming. Some solutions like voice assistants and wearables may help supplement short-term memory. More complex approaches involve neural interfaces but raise new UX problems. We want to fund startups that are exploring how to improve human memory with technology. Ideally we can solve Mitch Hedberg's problem once and for all.",1,https://web.archive.org/web/20180401145637/https://www.ycombinator.com/rfs,718
consolidated,March 2018,Longevity and Anti-aging,20180,20180401145637,20200401232808,21,,"YC Bio is a new way for YC to fund early-stage life science companies that are still in the lab phase. The first area we’re going to focus on is healthspan and age-related disease. We think there’s an enormous opportunity to help people live healthier for longer, and that it could be one of the best ways to address our healthcare crisis. This will be a special track. The companies will go through the regular YC batch, but there will be a few differences. Instead of the standard deal for YC companies (which is $120,000 invested for 7% ownership) we’ll offer these companies any amount between $500k and $1 million for 10-20% ownership, scaling linearly. We’ll also offer the companies free lab space, a number of special deals, and access to a wide range of experts.",2,https://web.archive.org/web/20180401145637/https://www.ycombinator.com/rfs,771
consolidated,March 2018,One Million Jobs,20180,20180401145637,20200401232808,21,,"We want to fund companies that have the potential to create a million jobs. There are a lot of areas where it makes sense to divide labor between humans and computers-—we are very good at some things computers are terrible at and vice versa—-and some of these require huge amounts of human resources. This is both good for the world and likely a good business strategy—-as existing jobs go away, a company that creates a lot of new jobs should be able to get a lot of talented people.",1,https://web.archive.org/web/20180401145637/https://www.ycombinator.com/rfs,484
consolidated,March 2018,Programming Tools,20180,20180401145637,20200401232808,21,,"Software developers are shaping more and more of our daily lives. The products they use to make software are a powerful lever: they have a dramatic impact on the quality and kind of software being built. We're interested in helping developers create better software, faster. This includes new ways to write, understand, and collaborate on code, and the next generation of tools and infrastructure for delivering software continuously and reliably. We believe it's especially important to build products that make software development accessible to the widest part of our society. In fact, we’re especially interested in new ways to program. There are probably much better ways for people to program, and figuring one out would have a huge impact. The frameworks are better, the languages a bit more clever, but mostly we’re doing the same things. One way to think about this is: what comes after programming languages?",1,https://web.archive.org/web/20180401145637/https://www.ycombinator.com/rfs,918
consolidated,March 2018,Robotics,20180,20180401145637,20200401232808,21,,"Robots will be a major way we get things done in the physical world. Our definition is pretty broad--for example, we count a self-driving car as a robot. Robots are how we'll likely explore space and maybe even the human body.",1,https://web.archive.org/web/20180401145637/https://www.ycombinator.com/rfs,226
consolidated,March 2018,Safeguards Against Fake Video,20180,20180401145637,20200401232808,21,,"Fake videos are on the rise The tech to create doctored videos that are indistinguishable from reality now exists, and soon it will be widely available to anyone with a smartphone. We are interested in funding tech that will equip the public with the tools they need to identify fake video and audio.",1,https://web.archive.org/web/20180401145637/https://www.ycombinator.com/rfs,300
consolidated,March 2018,Supporting Creators,20180,20180401145637,20200401232808,21,,"The internet has made it easy to distribute creative work to millions of people, but no one has figured out how to help creatives make a sustainable living. In the arts, there is an army of middle men that exist between the artist and the fan. Each person in the middle takes a cut of each dollar made by the artist. We want to see more startups that are building a direct pipeline from artist to fan. We believe there are ways to build more creator-friendly platforms, and we’re interested in seeing projects that make it easier for artists to raise funding, track consumption of their work and prevent piracy.",1,https://web.archive.org/web/20180401145637/https://www.ycombinator.com/rfs,611
consolidated,March 2018,Transportation & Housing,20180,20180401145637,20200401232808,21,,"About half of all energy is used on transportation, and people spend a huge amount of time unhappily commuting. Face-to-face interaction is still really important; people still need to move around. And housing continues to get more expensive, partially due to difficulties in transportation. We're interested in better ways for people to live somewhere nice, work together, and have easier commutes. Specifically, lightweight, short-distance personal transportation is something we're interested in.",1,https://web.archive.org/web/20180401145637/https://www.ycombinator.com/rfs,499
consolidated,March 2018,Underserved Communities and Social Services,20180,20180401145637,20200401232808,21,,"Tens of millions of working poor in America don't see a path to the middle class. This population has to navigate a world with substandard services, low quality housing, overcrowded schools, and crime in their neighborhoods. They are often unbanked and living paycheck to paycheck. The US government alone spends hundreds of billions of dollars per year on social services and safety net programs for these underserved communities. We believe great non-profits and for-profits can bring technology and strong metrics-driven approaches to this largely ignored, massive market.",1,https://web.archive.org/web/20180401145637/https://www.ycombinator.com/rfs,575
consolidated,March 2018,VR and AR,20180,20180401145637,20200401232808,21,,"Virtual reality and augmented reality have been a long-unfulfilled promise. But we feel the wave is coming, and this is the right time to start working on it.",1,https://web.archive.org/web/20180401145637/https://www.ycombinator.com/rfs,158
consolidated,March 2018,Voice Apps,20180,20180401145637,20200401232808,21,,Tens of millions of households have smart speakers. We are interested in figuring out which voice apps will deliver the most value on this new platform. Voice applications are so different from typical web/mobile applications that we think creating products that engage and retain users will require a lot of innovation. Voice app companies who participate in YC will have a direct channel to the Amazon Alexa and Google Assistant teams.,1,https://web.archive.org/web/20180401145637/https://www.ycombinator.com/rfs,437
consolidated,March 2018,Government 2.0,20180,20190609211657,20200401232808,9,,"In 2018, Pew Research Center reported that 57% of Americans believe that children in America today will be worse off financially than their parents. Since 2013, this number has been as high as 65% — even though we are experiencing our tenth straight year of economic growth. We believe this mindset is the result of increased family debt, stagnant wages, and a lack of government commitment to provide equal access to the basic services families need to thrive. These services include access to quality education , affordable housing , healthcare , food, physical safety, accurate news and information, a social safety net, and a livable environment.",1,https://web.archive.org/web/20190609211657/https://www.ycombinator.com/rfs,650
consolidated,March 2018,Response to COVID-19,20180,20200401232808,20200401232808,1,,"In order to confront the COVID-19 crisis, we need to immediately mobilize global scientific and technical talent. There are already a number of YC companies that are helping with the crisis, and we’re looking for more startups that if successful could alter the trajectory of COVID-19. We’re particularly interested in startups working on: Tests / diagnostics Treatments and vaccines Equipment for hospitals Ways to reduce transmission Monitoring and data infrastructure For a startup to have an impact in time to address the current crisis, it will have to move faster than most people think is possible. This means the founders need to have domain expertise in the area; they also need to have a plan for how to have a significant impact globally in a short timeline. They also need to have a path to building a sustainable business after the crisis is over. We will fast-track a handful of promising COVID-19 startups through our admissions process for the summer batch and immediately fund them so they can get started right away. They will participate in YC remotely and can immediately begin doing office hours with YC Partners and getting help from the YC community. Unfortunately, we don’t know how long it will take to review your application. We want to be as thorough as possible. We ask for your patience and trust that we will get back to you as soon as we can. If you are working on a project that helps with the COVID-19 crisis but doesn’t fit our criteria, Help with COVID is a great resource.",1,https://web.archive.org/web/20200401232808/https://www.ycombinator.com/rfs,1509
consolidated,April 2020,A.I.,20201,20200508115524,20220207231405,21,,"AI stands to have a large impact on society. It feels like it could be one of the dividing lines in the history of technology, where before and after look totally different. We’re interested in people applying research to any narrow domain (drug discovery, programming assistant, legal advice, fraud detection, etc) and especially those focused on the intersection of AI and robotics (manufacturing, self-driving cars, etc).",1,https://web.archive.org/web/20200508115524/https://www.ycombinator.com/rfs,424
consolidated,April 2020,Bio,20201,20200508115524,20220207231405,21,,"It's still early, but we're finally making real progress hacking biology. We are certain that this is going to be a surprising, powerful and controversial field over the next several decades. It feels a little bit like microcomputers in the 1970s. Engineering principles are now routinely applied through synthetic biology and bio is touching all aspects of life from healthcare to manufacturing and even food and agriculture. There are so many directions this can go–fighting disease, slowing aging, merging humans and computers, downloading memories, genetic programming, etc. Reading DNA has become incredibly fast and cheap. There are many interesting applications here. There will perhaps be even more interesting applications as we get better at writing DNA. We are also interested in applications of biotech to prevent its own misuses. For example, if the bad guys can create new infectious diseases quickly, it’d be nice if the good guys could create new cures and vaccines quickly as well.",1,https://web.archive.org/web/20200508115524/https://www.ycombinator.com/rfs,998
consolidated,April 2020,Brick and Mortar 2.0,20201,20200508115524,20220207231405,21,,"We are interested in seeing startups that use brick-and-mortar commercial or retail space in interesting and efficient ways. Amazon is putting malls and big box stores out of business. Rather than fighting a losing battle with Amazon, brands need to rethink how to use retail space in ways that play to their strengths. Tesla, Warby Parker, and Peloton, for example, use brick and mortar locations as showrooms that complement their online sales channels. Without the need to store inventory, retail space can be used much more efficiently. Interesting uses of brick-and-mortar space are not limited to retail stores: similar sea changes are happening to restaurants, entertainment venues, local service providers, and office buildings. New businesses will be purpose-built for customers that are trained to expect features like online ordering, deep integrations with other services, and immediate delivery. Flexibility is key. For instance, it is likely that rather than multi-year leases, businesses of the future will utilize “micro-leases” that last days or even hours. Additionally, the era of big box stores that migrated consumer attention out of main street and into suburban shopping centers flanked by parking lots is likely to change as the era of self-driving begins. Once self-driving cars are adopted widely, our relationship with physical space will evolve in ways that are hard to predict. We want to see startups that are thinking about that shift and building new ways to use physical space.",1,https://web.archive.org/web/20200508115524/https://www.ycombinator.com/rfs,1510
consolidated,April 2020,Carbon Removal Technologies,20201,20200508115524,20220207231405,21,,"The Paris Agreement set forth a global goal to limit the earth’s temperature increase to 1.5°C this century. Just switching to renewables isn’t going to be enough to reach that goal. We will also have to remove carbon from the atmosphere. Carbon removal and sequestration technologies are still in their infancy. The current solutions can be divided into two groups: natural (such as reforestation and biochar) and technological (such as direct air capture). Several countries including the US recently stepped up and created financial incentives for removing carbon from the atmosphere, but it is not yet cost effective with current technology. Other approaches to geoengineering to counteract the effects of climate change could have potential as well. We wrote a lot more about this at carbon.ycombinator.com .",1,https://web.archive.org/web/20200508115524/https://www.ycombinator.com/rfs,813
consolidated,April 2020,Cellular Agriculture and Clean Meat,20201,20200508115524,20220207231405,21,,"Recent scientific developments have changed the way we think about producing protein. For the first time, we can now produce food that is scientifically indistinguishable from animal products like meat and dairy, using only cells and not harming any animals. Today humans use farm animals mostly for meat and dairy production. Whether or not you believe this is cruel and wasteful, we know it’s not sustainable. More people eat meat every year, yet most of the available farmland in our world is already being used for production of meat. The agricultural sector is the world's second-largest emitter of greenhouse gas after the energy sector, and the use of antibiotics in farming is real danger to our own health system. Growing real animal-meat directly from cells is a revolutionary science. We would love to fund more startups taking this science to market. We also want to fund startups specializing in the scaling phase of cellular agriculture. The world will massively benefit from a more sustainable, cheaper and more healthy production of meat.",1,https://web.archive.org/web/20200508115524/https://www.ycombinator.com/rfs,1054
consolidated,April 2020,Diversity,20201,20200508115524,20220207231405,21,,"A diverse workforce is good for business and good for the world. Without different perspectives, the products and services we create will miss big opportunities for large segments of people. We want to fund non-profits and startups that are working on making technology a place that is more inclusive and attractive to people of all ages, races, sexual orientations, and cultures.",1,https://web.archive.org/web/20200508115524/https://www.ycombinator.com/rfs,380
consolidated,April 2020,Education,20201,20200508115524,20220207231405,21,,"If we can fix education, we can eventually do everything else on this list. Human brain power is vastly underutilized on this planet because most people lack access to a good education. Strong education systems lead to greater social mobility, better workers, better citizens, and more and better startups. A small increase in the learning output of education systems across the globe would have an enormous impact on human productivity and economic growth. We are interested in new school models that can develop critical thinking, creativity, citizenship, and job skills at massive scale. We’re looking for ideas that combine technology and person-to-person interactions to deliver highly individualized educational experiences. We also know that 90% of the human brain develops before age 5 and achievement gaps open up well before kindergarten. We’re interested in ventures that dramatically improve outcomes for children from birth to age five, that reduce inequality, and that have the potential to enhance the future quality of life for those children and their families. Scalable solutions in these areas should now be doable thanks to advances in brain science and technologies such as smart home devices, wearables, and mobile.",1,https://web.archive.org/web/20200508115524/https://www.ycombinator.com/rfs,1237
consolidated,April 2020,Energy,20201,20200508115524,20220207231405,21,,"There is a remarkable correlation between the cost of energy and quality of life. Throughout history, when the cost of energy has come down a lot (for example, with the steam engine) the quality of life has drastically improved. Cheap energy would do a huge amount to reduce poverty. New energy sources could also help the environment, the economy, reduce war, ensure a stable future, make food and water more abundant, and much more. We believe economics will dominate—new sources must be cheaper than old ones, without subsidies, and be able to scale to global demand. Nuclear energy can hit the bid, and possibly so can renewables. But pricing is the first order question. In addition to generation, we’re also interested in energy storage and transmission. 10x better batteries would enable great new things, as would the ability to easily move energy around.",1,https://web.archive.org/web/20200508115524/https://www.ycombinator.com/rfs,863
consolidated,April 2020,Enterprise Software,20201,20200508115524,20220207231405,21,,"Software used by large companies is still awful and still very lucrative. Category-defining enterprise software companies will emerge to solve problems for every vertical, every business size, and every job function. Here are 3 specific areas we think are particularly interesting: Making The Expensive Cheap : Because of the cost of traditional enterprise software, many categories of solutions were previously cost prohibitive for small or even medium sized businesses to benefit from. The Next Billion Workers : Traditionally office-based knowledge workers have been the users of enterprise software. Mobile phones and tablets turn every type of employee -- from the retail store associate to the field services team -- into a knowledge worker. Digitizing Every Industry : Every industry is going through some form of information-based disruption; this is causing businesses to modernize their practices, leveraging new data, accelerating key processes, and delivering digitally-enabled experiences in the process.",1,https://web.archive.org/web/20200508115524/https://www.ycombinator.com/rfs,1017
consolidated,April 2020,Financial Services,20201,20200508115524,20220207231405,21,,"The world's financial systems are increasingly unable to meet the demands of consumers and businesses. That makes some sense because regulations designed to protect customers can't change fast enough to keep up with the pace at which technology is changing the needs of those customers. This mismatch creates inefficiencies at almost every level of the financial system. It impacts how people invest their savings, how businesses gain access to capital to grow, how risk is priced and insured, and how financial firms do business with each other. We think that software will accelerate the pace at which financial services change and will eventually shift the nature of regulations. We want to fund companies with novel ideas of how to make that happen.",1,https://web.archive.org/web/20200508115524/https://www.ycombinator.com/rfs,753
consolidated,April 2020,Future of Work:,20201,20200508115524,20220207231405,21,,"Jobs will look very different 25 years from now. We’ve already seen a massive shift toward automation, robots, and AI, and the pace of their impact on work isn’t slowing down. There’s uncertainty on whether these new technologies will result in more or fewer jobs in aggregate. We’re interested in what you think will happen and what comes next. In particular, we want to figure out what new work will be created to leverage these new technologies. And what can be built to help people and companies adapt to the changing skills requirements they face. We also want to know how the meaning of work will evolve. People seek full-time jobs for many reasons, including money, healthcare, and a sense of purpose. We’d love to see solutions that address each of these factors (or any others) in anticipation of a changing job market.",1,https://web.archive.org/web/20200508115524/https://www.ycombinator.com/rfs,828
consolidated,April 2020,Government 2.0,20201,20200508115524,20220207231405,21,,"In 2018, Pew Research Center reported that 57% of Americans believe that children in America today will be worse off financially than their parents. Since 2013, this number has been as high as 65% — even though we are experiencing our tenth straight year of economic growth. We believe this mindset is the result of increased family debt, stagnant wages, and a lack of government commitment to provide equal access to the basic services families need to thrive. These services include access to quality education , affordable housing , healthcare , food, physical safety, accurate news and information, a social safety net, and a livable environment.",1,https://web.archive.org/web/20200508115524/https://www.ycombinator.com/rfs,650
consolidated,April 2020,Healthcare,20201,20200508115524,20220207231405,21,,"Healthcare in the United States is badly broken. We are getting close to spending 20% of our GDP on healthcare; this is unsustainable. We’re interested in ways to make healthcare better for less money. We’re especially interested in healthcare startups working in the following spaces: Pharmaceuticals: With computational drug discovery and omics data, we have vastly more powerful tools than before for inventing new drugs. It's more achievable than ever for startups to make breakthroughs in this area. Cell Therapies: With breakthroughs in iPSC and CAR-T technology, there is a well-warranted explosion of interest in cell therapies. What we've seen here is probably just the beginning. Diagnostics: There are big trends in this space towards continuous monitoring and portable and point-of-care diagnostics. We're interested in both hardware and software / AI based diagnostics. Medical Devices: Costs of prototyping and manufacturing are lower than ever and computational power is higher than ever. We’re excited to see what devices have the most clinical impact and how the data they generate can make medical devices more valuable than ever before. Data: With the ability to collect omics data inexpensively, there is a a huge opportunity to create new datasets of healthcare data and mine them for useful insights.",1,https://web.archive.org/web/20200508115524/https://www.ycombinator.com/rfs,1322
consolidated,April 2020,Improving Memory,20201,20200508115524,20220207231405,21,,"Human memory is too volatile. Compared with computers, humans have an odd memory system. We can recall subtle emotions and feelings from 10 years ago while simultaneously forgetting where our phone is and what to pick up at the store. The increasing bombardment of information and ideas certainly does not make it easier, nor do age onset diseases like dementia and Alzheimer's. The Merge is coming. Some solutions like voice assistants and wearables may help supplement short-term memory. More complex approaches involve neural interfaces but raise new UX problems. We want to fund startups that are exploring how to improve human memory with technology. Ideally we can solve Mitch Hedberg's problem once and for all.",1,https://web.archive.org/web/20200508115524/https://www.ycombinator.com/rfs,718
consolidated,April 2020,Longevity and Anti-aging,20201,20200508115524,20220207231405,21,,"We spend billions of dollars a year researching diseases of aging like cancer and heart disease, but only a tiny fraction of that researching aging itself. We think this is a misallocation of resources. We now have the understanding of biology to work on therapies that directly address the root causes of aging. We've funded several companies working on this and we'd like to fund more.",1,https://web.archive.org/web/20200508115524/https://www.ycombinator.com/rfs,387
consolidated,April 2020,One Million Jobs,20201,20200508115524,20220207231405,21,,"We want to fund companies that have the potential to create a million jobs. There are a lot of areas where it makes sense to divide labor between humans and computers-—we are very good at some things computers are terrible at and vice versa—-and some of these require huge amounts of human resources. This is both good for the world and likely a good business strategy—-as existing jobs go away, a company that creates a lot of new jobs should be able to get a lot of talented people.",1,https://web.archive.org/web/20200508115524/https://www.ycombinator.com/rfs,484
consolidated,April 2020,Response to COVID-19,20201,20200508115524,20220207231405,21,,"In order to confront the COVID-19 crisis, we need to immediately mobilize global scientific and technical talent. There are already a number of YC companies that are helping with the crisis, and we’re looking for more startups that if successful could alter the trajectory of COVID-19. We’re particularly interested in startups working on: Tests / diagnostics Treatments and vaccines Equipment for hospitals Ways to reduce transmission Monitoring and data infrastructure For a startup to have an impact in time to address the current crisis, it will have to move faster than most people think is possible. This means the founders need to have domain expertise in the area; they also need to have a plan for how to have a significant impact globally in a short timeline. They also need to have a path to building a sustainable business after the crisis is over. We will fast-track a handful of promising COVID-19 startups through our admissions process for the summer batch and immediately fund them so they can get started right away. They will participate in YC remotely and can immediately begin doing office hours with YC Partners and getting help from the YC community. Unfortunately, we don’t know how long it will take to review your application. We want to be as thorough as possible. We ask for your patience and trust that we will get back to you as soon as we can. If you are working on a project that helps with the COVID-19 crisis but doesn’t fit our criteria, Help with COVID is a great resource.",1,https://web.archive.org/web/20200508115524/https://www.ycombinator.com/rfs,1509
consolidated,April 2020,Supporting Creators,20201,20200508115524,20220207231405,21,,"The internet has made it easy to distribute creative work to millions of people, but no one has figured out how to help creatives make a sustainable living. In the arts, there is an army of middle men that exist between the artist and the fan. Each person in the middle takes a cut of each dollar made by the artist. We want to see more startups that are building a direct pipeline from artist to fan. We believe there are ways to build more creator-friendly platforms, and we’re interested in seeing projects that make it easier for artists to raise funding, track consumption of their work and prevent piracy.",1,https://web.archive.org/web/20200508115524/https://www.ycombinator.com/rfs,611
consolidated,April 2020,Transportation and Housing,20201,20200508115524,20220207231405,21,,"About half of all energy is used on transportation, and people spend a huge amount of time unhappily commuting. Face-to-face interaction is still really important; people still need to move around. And housing continues to get more expensive, partially due to difficulties in transportation. We're interested in better ways for people to live somewhere nice, work together, and have easier commutes. Specifically, lightweight, short-distance personal transportation is something we're interested in.",1,https://web.archive.org/web/20200508115524/https://www.ycombinator.com/rfs,499
consolidated,April 2020,Underserved Communities and Social Services,20201,20200508115524,20220207231405,21,,"Tens of millions of working poor in America don't see a path to the middle class. This population has to navigate a world with substandard services, low quality housing, overcrowded schools, and crime in their neighborhoods. They are often unbanked and living paycheck to paycheck. The US government alone spends hundreds of billions of dollars per year on social services and safety net programs for these underserved communities. We believe great non-profits and for-profits can bring technology and strong metrics-driven approaches to this largely ignored, massive market.",1,https://web.archive.org/web/20200508115524/https://www.ycombinator.com/rfs,575
consolidated,April 2020,VR and AR,20201,20200508115524,20220207231405,21,,"Virtual reality and augmented reality have been a long-unfulfilled promise. But we feel the wave is coming, and this is the right time to start working on it.",1,https://web.archive.org/web/20200508115524/https://www.ycombinator.com/rfs,158
consolidated,undated version first captured 2022-03-02,A.I.,20220,20220302031222,20220601030654,4,,"AI stands to have a large impact on society. It feels like it could be one of the dividing lines in the history of technology, where before and after look totally different. We’re interested in people applying research to any narrow domain (drug discovery, programming assistant, legal advice, fraud detection, etc) and especially those focused on the intersection of AI and robotics (manufacturing, self-driving cars, etc).",1,https://web.archive.org/web/20220302031222/https://www.ycombinator.com/rfs,424
consolidated,undated version first captured 2022-03-02,Bio,20220,20220302031222,20220601030654,4,,"It’s still early, but we’re finally making real progress hacking biology. We are certain that this is going to be a surprising, powerful and controversial field over the next several decades. It feels a little bit like microcomputers in the 1970s. Engineering principles are now routinely applied through synthetic biology and bio is touching all aspects of life from healthcare to manufacturing and even food and agriculture. There are so many directions this can go–fighting disease, slowing aging, merging humans and computers, downloading memories, genetic programming, etc. Reading DNA has become incredibly fast and cheap. There are many interesting applications here. There will perhaps be even more interesting applications as we get better at writing DNA. We are also interested in applications of biotech to prevent its own misuses. For example, if the bad guys can create new infectious diseases quickly, it’d be nice if the good guys could create new cures and vaccines quickly as well.",1,https://web.archive.org/web/20220302031222/https://www.ycombinator.com/rfs,998
consolidated,undated version first captured 2022-03-02,Brick and Mortar 2.0,20220,20220302031222,20220601030654,4,,"We are interested in seeing startups that use brick-and-mortar commercial or retail space in interesting and efficient ways. Amazon is putting malls and big box stores out of business. Rather than fighting a losing battle with Amazon, brands need to rethink how to use retail space in ways that play to their strengths. Tesla, Warby Parker, and Peloton, for example, use brick and mortar locations as showrooms that complement their online sales channels. Without the need to store inventory, retail space can be used much more efficiently. Interesting uses of brick-and-mortar space are not limited to retail stores: similar sea changes are happening to restaurants, entertainment venues, local service providers, and office buildings. New businesses will be purpose-built for customers that are trained to expect features like online ordering, deep integrations with other services, and immediate delivery. Flexibility is key. For instance, it is likely that rather than multi-year leases, businesses of the future will utilize “micro-leases” that last days or even hours. Additionally, the era of big box stores that migrated consumer attention out of main street and into suburban shopping centers flanked by parking lots is likely to change as the era of self-driving begins. Once self-driving cars are adopted widely, our relationship with physical space will evolve in ways that are hard to predict. We want to see startups that are thinking about that shift and building new ways to use physical space.",1,https://web.archive.org/web/20220302031222/https://www.ycombinator.com/rfs,1510
consolidated,undated version first captured 2022-03-02,Carbon Removal Technologies,20220,20220302031222,20220601030654,4,,"The Paris Agreement set forth a global goal to limit the earth’s temperature increase to 1.5°C this century. Just switching to renewables isn’t going to be enough to reach that goal. We will also have to remove carbon from the atmosphere. Carbon removal and sequestration technologies are still in their infancy. The current solutions can be divided into two groups: natural (such as reforestation and biochar) and technological (such as direct air capture). Several countries including the US recently stepped up and created financial incentives for removing carbon from the atmosphere, but it is not yet cost effective with current technology. Other approaches to geoengineering to counteract the effects of climate change could have potential as well. We wrote a lot more about this at carbon.ycombinator.com .",1,https://web.archive.org/web/20220302031222/https://www.ycombinator.com/rfs,813
consolidated,undated version first captured 2022-03-02,Cellular Agriculture and Clean Meat,20220,20220302031222,20220601030654,4,,"Recent scientific developments have changed the way we think about producing protein. For the first time, we can now produce food that is scientifically indistinguishable from animal products like meat and dairy, using only cells and not harming any animals. Today humans use farm animals mostly for meat and dairy production. Whether or not you believe this is cruel and wasteful, we know it’s not sustainable. More people eat meat every year, yet most of the available farmland in our world is already being used for production of meat. The agricultural sector is the world’s second-largest emitter of greenhouse gas after the energy sector, and the use of antibiotics in farming is real danger to our own health system. Growing real animal-meat directly from cells is a revolutionary science. We would love to fund more startups taking this science to market. We also want to fund startups specializing in the scaling phase of cellular agriculture. The world will massively benefit from a more sustainable, cheaper and more healthy production of meat.",1,https://web.archive.org/web/20220302031222/https://www.ycombinator.com/rfs,1054
consolidated,undated version first captured 2022-03-02,Diversity,20220,20220302031222,20220601030654,4,,"A diverse workforce is good for business and good for the world. Without different perspectives, the products and services we create will miss big opportunities for large segments of people. We want to fund non-profits and startups that are working on making technology a place that is more inclusive and attractive to people of all ages, races, sexual orientations, and cultures.",1,https://web.archive.org/web/20220302031222/https://www.ycombinator.com/rfs,380
consolidated,undated version first captured 2022-03-02,Education,20220,20220302031222,20220601030654,4,,"If we can fix education, we can eventually do everything else on this list. Human brain power is vastly underutilized on this planet because most people lack access to a good education. Strong education systems lead to greater social mobility, better workers, better citizens, and more and better startups. A small increase in the learning output of education systems across the globe would have an enormous impact on human productivity and economic growth. We are interested in new school models that can develop critical thinking, creativity, citizenship, and job skills at massive scale. We’re looking for ideas that combine technology and person-to-person interactions to deliver highly individualized educational experiences. We also know that 90% of the human brain develops before age 5 and achievement gaps open up well before kindergarten. We’re interested in ventures that dramatically improve outcomes for children from birth to age five, that reduce inequality, and that have the potential to enhance the future quality of life for those children and their families. Scalable solutions in these areas should now be doable thanks to advances in brain science and technologies such as smart home devices, wearables, and mobile.",1,https://web.archive.org/web/20220302031222/https://www.ycombinator.com/rfs,1237
consolidated,undated version first captured 2022-03-02,Energy,20220,20220302031222,20220601030654,4,,"There is a remarkable correlation between the cost of energy and quality of life. Throughout history, when the cost of energy has come down a lot (for example, with the steam engine) the quality of life has drastically improved. Cheap energy would do a huge amount to reduce poverty. New energy sources could also help the environment, the economy, reduce war, ensure a stable future, make food and water more abundant, and much more. We believe economics will dominate—new sources must be cheaper than old ones, without subsidies, and be able to scale to global demand. Nuclear energy can hit the bid, and possibly so can renewables. But pricing is the first order question. In addition to generation, we’re also interested in energy storage and transmission. 10x better batteries would enable great new things, as would the ability to easily move energy around.",1,https://web.archive.org/web/20220302031222/https://www.ycombinator.com/rfs,863
consolidated,undated version first captured 2022-03-02,Enterprise Software,20220,20220302031222,20220601030654,4,,"Software used by large companies is still awful and still very lucrative. Category-defining enterprise software companies will emerge to solve problems for every vertical, every business size, and every job function. Here are 3 specific areas we think are particularly interesting: Making The Expensive Cheap : Because of the cost of traditional enterprise software, many categories of solutions were previously cost prohibitive for small or even medium sized businesses to benefit from. The Next Billion Workers : Traditionally office-based knowledge workers have been the users of enterprise software. Mobile phones and tablets turn every type of employee – from the retail store associate to the field services team – into a knowledge worker. Digitizing Every Industry : Every industry is going through some form of information-based disruption; this is causing businesses to modernize their practices, leveraging new data, accelerating key processes, and delivering digitally-enabled experiences in the process.",1,https://web.archive.org/web/20220302031222/https://www.ycombinator.com/rfs,1015
consolidated,undated version first captured 2022-03-02,Financial Services,20220,20220302031222,20220601030654,4,,"The world’s financial systems are increasingly unable to meet the demands of consumers and businesses. That makes some sense because regulations designed to protect customers can’t change fast enough to keep up with the pace at which technology is changing the needs of those customers. This mismatch creates inefficiencies at almost every level of the financial system. It impacts how people invest their savings, how businesses gain access to capital to grow, how risk is priced and insured, and how financial firms do business with each other. We think that software will accelerate the pace at which financial services change and will eventually shift the nature of regulations. We want to fund companies with novel ideas of how to make that happen.",1,https://web.archive.org/web/20220302031222/https://www.ycombinator.com/rfs,753
consolidated,undated version first captured 2022-03-02,Future of Work:,20220,20220302031222,20220601030654,4,,"Jobs will look very different 25 years from now. We’ve already seen a massive shift toward automation, robots, and AI, and the pace of their impact on work isn’t slowing down. There’s uncertainty on whether these new technologies will result in more or fewer jobs in aggregate. We’re interested in what you think will happen and what comes next. In particular, we want to figure out what new work will be created to leverage these new technologies. And what can be built to help people and companies adapt to the changing skills requirements they face. We also want to know how the meaning of work will evolve. People seek full-time jobs for many reasons, including money, healthcare, and a sense of purpose. We’d love to see solutions that address each of these factors (or any others) in anticipation of a changing job market.",1,https://web.archive.org/web/20220302031222/https://www.ycombinator.com/rfs,828
consolidated,undated version first captured 2022-03-02,Government 2.0,20220,20220302031222,20220601030654,4,,"In 2018, Pew Research Center reported that 57% of Americans believe that children in America today will be worse off financially than their parents. Since 2013, this number has been as high as 65% — even though we are experiencing our tenth straight year of economic growth. We believe this mindset is the result of increased family debt, stagnant wages, and a lack of government commitment to provide equal access to the basic services families need to thrive. These services include access to quality education , affordable housing , healthcare , food, physical safety, accurate news and information, a social safety net, and a livable environment.",1,https://web.archive.org/web/20220302031222/https://www.ycombinator.com/rfs,650
consolidated,undated version first captured 2022-03-02,Healthcare,20220,20220302031222,20220601030654,4,,"Healthcare in the United States is badly broken. We are getting close to spending 20% of our GDP on healthcare; this is unsustainable. We’re interested in ways to make healthcare better for less money. We’re especially interested in healthcare startups working in the following spaces: Pharmaceuticals: With computational drug discovery and omics data, we have vastly more powerful tools than before for inventing new drugs. It’s more achievable than ever for startups to make breakthroughs in this area. Cell Therapies: With breakthroughs in iPSC and CAR-T technology, there is a well-warranted explosion of interest in cell therapies. What we’ve seen here is probably just the beginning. Diagnostics: There are big trends in this space towards continuous monitoring and portable and point-of-care diagnostics. We’re interested in both hardware and software / AI based diagnostics. Medical Devices: Costs of prototyping and manufacturing are lower than ever and computational power is higher than ever. We’re excited to see what devices have the most clinical impact and how the data they generate can make medical devices more valuable than ever before. Data: With the ability to collect omics data inexpensively, there is a a huge opportunity to create new datasets of healthcare data and mine them for useful insights.",1,https://web.archive.org/web/20220302031222/https://www.ycombinator.com/rfs,1322
consolidated,undated version first captured 2022-03-02,Improving Memory,20220,20220302031222,20220601030654,4,,"Human memory is too volatile. Compared with computers, humans have an odd memory system. We can recall subtle emotions and feelings from 10 years ago while simultaneously forgetting where our phone is and what to pick up at the store. The increasing bombardment of information and ideas certainly does not make it easier, nor do age onset diseases like dementia and Alzheimer’s. The Merge is coming. Some solutions like voice assistants and wearables may help supplement short-term memory. More complex approaches involve neural interfaces but raise new UX problems. We want to fund startups that are exploring how to improve human memory with technology. Ideally we can solve Mitch Hedberg’s problem once and for all.",1,https://web.archive.org/web/20220302031222/https://www.ycombinator.com/rfs,718
consolidated,undated version first captured 2022-03-02,Longevity and Anti-aging,20220,20220302031222,20220601030654,4,,"We spend billions of dollars a year researching diseases of aging like cancer and heart disease, but only a tiny fraction of that researching aging itself. We think this is a misallocation of resources. We now have the understanding of biology to work on therapies that directly address the root causes of aging. We’ve funded several companies working on this and we’d like to fund more.",1,https://web.archive.org/web/20220302031222/https://www.ycombinator.com/rfs,387
consolidated,undated version first captured 2022-03-02,One Million Jobs,20220,20220302031222,20220601030654,4,,"We want to fund companies that have the potential to create a million jobs. There are a lot of areas where it makes sense to divide labor between humans and computers-—we are very good at some things computers are terrible at and vice versa—-and some of these require huge amounts of human resources. This is both good for the world and likely a good business strategy—-as existing jobs go away, a company that creates a lot of new jobs should be able to get a lot of talented people.",1,https://web.archive.org/web/20220302031222/https://www.ycombinator.com/rfs,484
consolidated,undated version first captured 2022-03-02,Response to COVID-19,20220,20220302031222,20220601030654,4,,"In order to confront the COVID-19 crisis, we need to immediately mobilize global scientific and technical talent. There are already a number of YC companies that are helping with the crisis, and we’re looking for more startups that if successful could alter the trajectory of COVID-19. We’re particularly interested in startups working on: Tests / diagnostics Treatments and vaccines Equipment for hospitals Ways to reduce transmission Monitoring and data infrastructure For a startup to have an impact in time to address the current crisis, it will have to move faster than most people think is possible. This means the founders need to have domain expertise in the area; they also need to have a plan for how to have a significant impact globally in a short timeline. They also need to have a path to building a sustainable business after the crisis is over. We will fast-track a handful of promising COVID-19 startups through our admissions process for the summer batch and immediately fund them so they can get started right away. They will participate in YC remotely and can immediately begin doing office hours with YC Partners and getting help from the YC community. Unfortunately, we don’t know how long it will take to review your application. We want to be as thorough as possible. We ask for your patience and trust that we will get back to you as soon as we can. If you are working on a project that helps with the COVID-19 crisis but doesn’t fit our criteria, Help with COVID is a great resource.",1,https://web.archive.org/web/20220302031222/https://www.ycombinator.com/rfs,1509
consolidated,undated version first captured 2022-03-02,Supporting Creators,20220,20220302031222,20220601030654,4,,"The internet has made it easy to distribute creative work to millions of people, but no one has figured out how to help creatives make a sustainable living. In the arts, there is an army of middle men that exist between the artist and the fan. Each person in the middle takes a cut of each dollar made by the artist. We want to see more startups that are building a direct pipeline from artist to fan. We believe there are ways to build more creator-friendly platforms, and we’re interested in seeing projects that make it easier for artists to raise funding, track consumption of their work and prevent piracy.",1,https://web.archive.org/web/20220302031222/https://www.ycombinator.com/rfs,611
consolidated,undated version first captured 2022-03-02,Transportation and Housing,20220,20220302031222,20220601030654,4,,"About half of all energy is used on transportation, and people spend a huge amount of time unhappily commuting. Face-to-face interaction is still really important; people still need to move around. And housing continues to get more expensive, partially due to difficulties in transportation. We’re interested in better ways for people to live somewhere nice, work together, and have easier commutes. Specifically, lightweight, short-distance personal transportation is something we’re interested in.",1,https://web.archive.org/web/20220302031222/https://www.ycombinator.com/rfs,499
consolidated,undated version first captured 2022-03-02,Underserved Communities and Social Services,20220,20220302031222,20220601030654,4,,"Tens of millions of working poor in America don’t see a path to the middle class. This population has to navigate a world with substandard services, low quality housing, overcrowded schools, and crime in their neighborhoods. They are often unbanked and living paycheck to paycheck. The US government alone spends hundreds of billions of dollars per year on social services and safety net programs for these underserved communities. We believe great non-profits and for-profits can bring technology and strong metrics-driven approaches to this largely ignored, massive market.",1,https://web.archive.org/web/20220302031222/https://www.ycombinator.com/rfs,575
consolidated,undated version first captured 2022-03-02,VR and AR,20220,20220302031222,20220601030654,4,,"Virtual reality and augmented reality have been a long-unfulfilled promise. But we feel the wave is coming, and this is the right time to start working on it.",1,https://web.archive.org/web/20220302031222/https://www.ycombinator.com/rfs,158
consolidated,undated version first captured 2022-07-01,A.I.,20222,20220701115057,20240204003328,18,,"AI stands to have a large impact on society. It feels like it could be one of the dividing lines in the history of technology, where before and after look totally different. We’re interested in people applying research to any narrow domain (drug discovery, programming assistant, legal advice, fraud detection, etc) and especially those focused on the intersection of AI and robotics (manufacturing, self-driving cars, etc).",1,https://web.archive.org/web/20220701115057/https://www.ycombinator.com/rfs,424
consolidated,undated version first captured 2022-07-01,Bio,20222,20220701115057,20240204003328,18,,"It’s still early, but we’re finally making real progress hacking biology. We are certain that this is going to be a surprising, powerful and controversial field over the next several decades. It feels a little bit like microcomputers in the 1970s. Engineering principles are now routinely applied through synthetic biology and bio is touching all aspects of life from healthcare to manufacturing and even food and agriculture. There are so many directions this can go–fighting disease, slowing aging, merging humans and computers, downloading memories, genetic programming, etc. Reading DNA has become incredibly fast and cheap. There are many interesting applications here. There will perhaps be even more interesting applications as we get better at writing DNA. We are also interested in applications of biotech to prevent its own misuses. For example, if the bad guys can create new infectious diseases quickly, it’d be nice if the good guys could create new cures and vaccines quickly as well.",1,https://web.archive.org/web/20220701115057/https://www.ycombinator.com/rfs,998
consolidated,undated version first captured 2022-07-01,Brick and Mortar 2.0,20222,20220701115057,20240204003328,18,,"We are interested in seeing startups that use brick-and-mortar commercial or retail space in interesting and efficient ways. Amazon is putting malls and big box stores out of business. Rather than fighting a losing battle with Amazon, brands need to rethink how to use retail space in ways that play to their strengths. Tesla, Warby Parker, and Peloton, for example, use brick and mortar locations as showrooms that complement their online sales channels. Without the need to store inventory, retail space can be used much more efficiently. Interesting uses of brick-and-mortar space are not limited to retail stores: similar sea changes are happening to restaurants, entertainment venues, local service providers, and office buildings. New businesses will be purpose-built for customers that are trained to expect features like online ordering, deep integrations with other services, and immediate delivery. Flexibility is key. For instance, it is likely that rather than multi-year leases, businesses of the future will utilize “micro-leases” that last days or even hours. Additionally, the era of big box stores that migrated consumer attention out of main street and into suburban shopping centers flanked by parking lots is likely to change as the era of self-driving begins. Once self-driving cars are adopted widely, our relationship with physical space will evolve in ways that are hard to predict. We want to see startups that are thinking about that shift and building new ways to use physical space.",1,https://web.archive.org/web/20220701115057/https://www.ycombinator.com/rfs,1510
consolidated,undated version first captured 2022-07-01,Carbon Removal Technologies,20222,20220701115057,20240204003328,18,,"The Paris Agreement set forth a global goal to limit the earth’s temperature increase to 1.5°C this century. Just switching to renewables isn’t going to be enough to reach that goal. We will also have to remove carbon from the atmosphere. Carbon removal and sequestration technologies are still in their infancy. The current solutions can be divided into two groups: natural (such as reforestation and biochar) and technological (such as direct air capture). Several countries including the US recently stepped up and created financial incentives for removing carbon from the atmosphere, but it is not yet cost effective with current technology. Other approaches to geoengineering to counteract the effects of climate change could have potential as well. We wrote a lot more about this at carbon.ycombinator.com .",1,https://web.archive.org/web/20220701115057/https://www.ycombinator.com/rfs,813
consolidated,undated version first captured 2022-07-01,Cellular Agriculture and Clean Meat,20222,20220701115057,20240204003328,18,,"Recent scientific developments have changed the way we think about producing protein. For the first time, we can now produce food that is scientifically indistinguishable from animal products like meat and dairy, using only cells and not harming any animals. Today humans use farm animals mostly for meat and dairy production. Whether or not you believe this is cruel and wasteful, we know it’s not sustainable. More people eat meat every year, yet most of the available farmland in our world is already being used for production of meat. The agricultural sector is the world’s second-largest emitter of greenhouse gas after the energy sector, and the use of antibiotics in farming is real danger to our own health system. Growing real animal-meat directly from cells is a revolutionary science. We would love to fund more startups taking this science to market. We also want to fund startups specializing in the scaling phase of cellular agriculture. The world will massively benefit from a more sustainable, cheaper and more healthy production of meat.",1,https://web.archive.org/web/20220701115057/https://www.ycombinator.com/rfs,1054
consolidated,undated version first captured 2022-07-01,Diversity,20222,20220701115057,20240204003328,18,,"A diverse workforce is good for business and good for the world. Without different perspectives, the products and services we create will miss big opportunities for large segments of people. We want to fund non-profits and startups that are working on making technology a place that is more inclusive and attractive to people of all ages, races, sexual orientations, and cultures.",1,https://web.archive.org/web/20220701115057/https://www.ycombinator.com/rfs,380
consolidated,undated version first captured 2022-07-01,Education,20222,20220701115057,20240204003328,18,,"If we can fix education, we can eventually do everything else on this list. Human brain power is vastly underutilized on this planet because most people lack access to a good education. Strong education systems lead to greater social mobility, better workers, better citizens, and more and better startups. A small increase in the learning output of education systems across the globe would have an enormous impact on human productivity and economic growth. We are interested in new school models that can develop critical thinking, creativity, citizenship, and job skills at massive scale. We’re looking for ideas that combine technology and person-to-person interactions to deliver highly individualized educational experiences. We also know that 90% of the human brain develops before age 5 and achievement gaps open up well before kindergarten. We’re interested in ventures that dramatically improve outcomes for children from birth to age five, that reduce inequality, and that have the potential to enhance the future quality of life for those children and their families. Scalable solutions in these areas should now be doable thanks to advances in brain science and technologies such as smart home devices, wearables, and mobile.",1,https://web.archive.org/web/20220701115057/https://www.ycombinator.com/rfs,1237
consolidated,undated version first captured 2022-07-01,Energy,20222,20220701115057,20240204003328,18,,"There is a remarkable correlation between the cost of energy and quality of life. Throughout history, when the cost of energy has come down a lot (for example, with the steam engine) the quality of life has drastically improved. Cheap energy would do a huge amount to reduce poverty. New energy sources could also help the environment, the economy, reduce war, ensure a stable future, make food and water more abundant, and much more. We believe economics will dominate—new sources must be cheaper than old ones, without subsidies, and be able to scale to global demand. Nuclear energy can hit the bid, and possibly so can renewables. But pricing is the first order question. In addition to generation, we’re also interested in energy storage and transmission. 10x better batteries would enable great new things, as would the ability to easily move energy around.",1,https://web.archive.org/web/20220701115057/https://www.ycombinator.com/rfs,863
consolidated,undated version first captured 2022-07-01,Enterprise Software,20222,20220701115057,20240204003328,18,,"Software used by large companies is still awful and still very lucrative. Category-defining enterprise software companies will emerge to solve problems for every vertical, every business size, and every job function. Here are 3 specific areas we think are particularly interesting: Making The Expensive Cheap : Because of the cost of traditional enterprise software, many categories of solutions were previously cost prohibitive for small or even medium sized businesses to benefit from. The Next Billion Workers : Traditionally office-based knowledge workers have been the users of enterprise software. Mobile phones and tablets turn every type of employee – from the retail store associate to the field services team – into a knowledge worker. Digitizing Every Industry : Every industry is going through some form of information-based disruption; this is causing businesses to modernize their practices, leveraging new data, accelerating key processes, and delivering digitally-enabled experiences in the process.",1,https://web.archive.org/web/20220701115057/https://www.ycombinator.com/rfs,1015
consolidated,undated version first captured 2022-07-01,Financial Services,20222,20220701115057,20240204003328,18,,"The world’s financial systems are increasingly unable to meet the demands of consumers and businesses. That makes some sense because regulations designed to protect customers can’t change fast enough to keep up with the pace at which technology is changing the needs of those customers. This mismatch creates inefficiencies at almost every level of the financial system. It impacts how people invest their savings, how businesses gain access to capital to grow, how risk is priced and insured, and how financial firms do business with each other. We think that software will accelerate the pace at which financial services change and will eventually shift the nature of regulations. We want to fund companies with novel ideas of how to make that happen.",1,https://web.archive.org/web/20220701115057/https://www.ycombinator.com/rfs,753
consolidated,undated version first captured 2022-07-01,Future of Work:,20222,20220701115057,20240204003328,18,,"Jobs will look very different 25 years from now. We’ve already seen a massive shift toward automation, robots, and AI, and the pace of their impact on work isn’t slowing down. There’s uncertainty on whether these new technologies will result in more or fewer jobs in aggregate. We’re interested in what you think will happen and what comes next. In particular, we want to figure out what new work will be created to leverage these new technologies. And what can be built to help people and companies adapt to the changing skills requirements they face. We also want to know how the meaning of work will evolve. People seek full-time jobs for many reasons, including money, healthcare, and a sense of purpose. We’d love to see solutions that address each of these factors (or any others) in anticipation of a changing job market.",1,https://web.archive.org/web/20220701115057/https://www.ycombinator.com/rfs,828
consolidated,undated version first captured 2022-07-01,Government 2.0,20222,20220701115057,20240204003328,18,,"In 2018, Pew Research Center reported that 57% of Americans believe that children in America today will be worse off financially than their parents. Since 2013, this number has been as high as 65% — even though we are experiencing our tenth straight year of economic growth. We believe this mindset is the result of increased family debt, stagnant wages, and a lack of government commitment to provide equal access to the basic services families need to thrive. These services include access to quality education , affordable housing , healthcare , food, physical safety, accurate news and information, a social safety net, and a livable environment.",1,https://web.archive.org/web/20220701115057/https://www.ycombinator.com/rfs,650
consolidated,undated version first captured 2022-07-01,Healthcare,20222,20220701115057,20240204003328,18,,"Healthcare in the United States is badly broken. We are getting close to spending 20% of our GDP on healthcare; this is unsustainable. We’re interested in ways to make healthcare better for less money. We’re especially interested in healthcare startups working in the following spaces: Pharmaceuticals: With computational drug discovery and omics data, we have vastly more powerful tools than before for inventing new drugs. It’s more achievable than ever for startups to make breakthroughs in this area. Cell Therapies: With breakthroughs in iPSC and CAR-T technology, there is a well-warranted explosion of interest in cell therapies. What we’ve seen here is probably just the beginning. Diagnostics: There are big trends in this space towards continuous monitoring and portable and point-of-care diagnostics. We’re interested in both hardware and software / AI based diagnostics. Medical Devices: Costs of prototyping and manufacturing are lower than ever and computational power is higher than ever. We’re excited to see what devices have the most clinical impact and how the data they generate can make medical devices more valuable than ever before. Data: With the ability to collect omics data inexpensively, there is a a huge opportunity to create new datasets of healthcare data and mine them for useful insights.",1,https://web.archive.org/web/20220701115057/https://www.ycombinator.com/rfs,1322
consolidated,undated version first captured 2022-07-01,Improving Memory,20222,20220701115057,20240204003328,18,,"Human memory is too volatile. Compared with computers, humans have an odd memory system. We can recall subtle emotions and feelings from 10 years ago while simultaneously forgetting where our phone is and what to pick up at the store. The increasing bombardment of information and ideas certainly does not make it easier, nor do age onset diseases like dementia and Alzheimer’s. The Merge is coming. Some solutions like voice assistants and wearables may help supplement short-term memory. More complex approaches involve neural interfaces but raise new UX problems. We want to fund startups that are exploring how to improve human memory with technology. Ideally we can solve Mitch Hedberg’s problem once and for all.",1,https://web.archive.org/web/20220701115057/https://www.ycombinator.com/rfs,718
consolidated,undated version first captured 2022-07-01,Longevity and Anti-aging,20222,20220701115057,20240204003328,18,,"We spend billions of dollars a year researching diseases of aging like cancer and heart disease, but only a tiny fraction of that researching aging itself. We think this is a misallocation of resources. We now have the understanding of biology to work on therapies that directly address the root causes of aging. We’ve funded several companies working on this and we’d like to fund more.",1,https://web.archive.org/web/20220701115057/https://www.ycombinator.com/rfs,387
consolidated,undated version first captured 2022-07-01,One Million Jobs,20222,20220701115057,20240204003328,18,,"We want to fund companies that have the potential to create a million jobs. There are a lot of areas where it makes sense to divide labor between humans and computers-—we are very good at some things computers are terrible at and vice versa—-and some of these require huge amounts of human resources. This is both good for the world and likely a good business strategy—-as existing jobs go away, a company that creates a lot of new jobs should be able to get a lot of talented people.",1,https://web.archive.org/web/20220701115057/https://www.ycombinator.com/rfs,484
consolidated,undated version first captured 2022-07-01,Supporting Creators,20222,20220701115057,20240204003328,18,,"The internet has made it easy to distribute creative work to millions of people, but no one has figured out how to help creatives make a sustainable living. In the arts, there is an army of middle men that exist between the artist and the fan. Each person in the middle takes a cut of each dollar made by the artist. We want to see more startups that are building a direct pipeline from artist to fan. We believe there are ways to build more creator-friendly platforms, and we’re interested in seeing projects that make it easier for artists to raise funding, track consumption of their work and prevent piracy.",1,https://web.archive.org/web/20220701115057/https://www.ycombinator.com/rfs,611
consolidated,undated version first captured 2022-07-01,Transportation and Housing,20222,20220701115057,20240204003328,18,,"About half of all energy is used on transportation, and people spend a huge amount of time unhappily commuting. Face-to-face interaction is still really important; people still need to move around. And housing continues to get more expensive, partially due to difficulties in transportation. We’re interested in better ways for people to live somewhere nice, work together, and have easier commutes. Specifically, lightweight, short-distance personal transportation is something we’re interested in.",1,https://web.archive.org/web/20220701115057/https://www.ycombinator.com/rfs,499
consolidated,undated version first captured 2022-07-01,Underserved Communities and Social Services,20222,20220701115057,20240204003328,18,,"Tens of millions of working poor in America don’t see a path to the middle class. This population has to navigate a world with substandard services, low quality housing, overcrowded schools, and crime in their neighborhoods. They are often unbanked and living paycheck to paycheck. The US government alone spends hundreds of billions of dollars per year on social services and safety net programs for these underserved communities. We believe great non-profits and for-profits can bring technology and strong metrics-driven approaches to this largely ignored, massive market.",1,https://web.archive.org/web/20220701115057/https://www.ycombinator.com/rfs,575
consolidated,undated version first captured 2022-07-01,VR and AR,20222,20220701115057,20240204003328,18,,"Virtual reality and augmented reality have been a long-unfulfilled promise. But we feel the wave is coming, and this is the right time to start working on it.",1,https://web.archive.org/web/20220701115057/https://www.ycombinator.com/rfs,158
seasonal,Summer 2024,A way to end cancer,20242,20240302111333,20250102172352,9,,"- Surbhi Sarna The technology to diagnose cancer at an early stage already exists. Since most cancers are now treatable if caught early enough, this technology would dramatically reduce cancer deaths if rolled out widely and affordably. The technology we’re talking about is an MRI. Modern MRIs are sensitive enough to detect cancer masses as small as a millimeter. Some companies are already having success on a small scale offering MRIs to patients for a high cash price. However, there is backlash from the medical community as MRIs also create incidental findings (or false positives), that cost our healthcare system valuable time and money to investigate. For this to work, the world would need to scale up the number of MRI scans it does by at least 100x. Doing that will require innovations in the MRI hardware, the AI algorithms to interpret scans and reduce false positives, and the business models and consumer marketing to make it a viable business. We’re interested in funding companies looking to tackle this multifaceted problem. While much exciting progress is being made on cancer therapeutics, finding cancer early enough for our existing therapeutics to be curative might be the opportunity with the greatest potential impact.",1,https://web.archive.org/web/20240302111333/https://www.ycombinator.com/rfs,1245
seasonal,Summer 2024,AI to build enterprise software,20242,20240302111333,20250102172352,9,,"- Harj Taggar kg-card-begin: html kg-card-end: html Enterprise software has a reputation among smart programmers as being boring to work on. You have to do sales and because each potential customer wants something slightly different, you end up writing bloated software to try and please them all. But what if AI could change how enterprise software gets built and sold? The core of what every customer wants is the same — they just want it customized around the edges. AI is good at writing code — especially when you give it an existing codebase to learn from. So what if instead of long enterprise sales cycles you just give customers a simple starter product and have them tell your AI how they want it customized? In the future, every enterprise could have their own custom ERP, CRM or HRIS that is continually updating itself as the company itself is changing. A product based on this premise would be highly disruptive to large incumbents, because now they can’t win by just copying you and adding another feature to their bloated software. Now they would have to completely change their whole conceptual approach to building software. Maybe the AI will get so good at this that it can think up new types of enterprise software that don’t even exist yet. Building this AI would be an interesting technical challenge and if you’re excited about building AI that can code, enterprise software is the most profitable software to build.",2,https://web.archive.org/web/20240302111333/https://www.ycombinator.com/rfs,1439
seasonal,Summer 2024,Applying machine learning to robotics,20242,20240302111333,20250102172352,9,,"- Diana Hu and Jared Friedman Robotics hasn't yet had its GPT moment, but we think it’s close. YC has followed robotics closely for two decades. In fact, one of YC’s founders, Trevor Blackwell , is a pioneering roboticist who built the first dynamically balancing bipedal robot. For decades, everyone has known that robots are the future, as any science fiction novel will show. But that future proved elusive because previous generations of robots were expensive and brittle, requiring controlled conditions. With the rapid improvements in foundation models, it's finally possible to make robots that have human-level perception and judgment. That’s been the missing piece. While consumer use-cases feature heavily in science fiction, some of the overlooked and most immediately addressable applications for robots are B2B. Specifically, we think promising areas are industrial use-cases like Gecko Robotics (W16), which builds inspection robots, and farm use-cases like Bear Flag Robotics (W18), which builds autonomous tractors and was acquired by John Deere. We're interested in funding people building software tools to help other people to make robots, along with people building the robots themselves.",1,https://web.archive.org/web/20240302111333/https://www.ycombinator.com/rfs,1208
seasonal,Summer 2024,Better enterprise glue,20242,20240302111333,20250102172352,9,,"- Pete Koomen kg-card-begin: html kg-card-end: html Most enterprise software requires customers to write a lot of custom code. Large vendors like Oracle, Salesforce, and Netsuite each support multibillion dollar ecosystems of consultants and independent software vendors (""ISVs"") who help customize these products and connect them to other software on behalf of their clients. This ""glue code"" — ETL pipelines, integrations, and custom workflows — is the dark matter of the enterprise software universe. YC has funded successful companies in this space, including Zapier (S12), Fivetran (W13) and Airbyte (W20). These products help companies build glue code for common use cases. By generating custom code for un common, company-specific use cases, large language models have the potential to eliminate the need for glue code altogether. We would like to see more startups working on solving this problem.",2,https://web.archive.org/web/20240302111333/https://www.ycombinator.com/rfs,905
seasonal,Summer 2024,Bring manufacturing back to America,20242,20240302111333,20250102172352,9,,"- Jared Friedman kg-card-begin: html kg-card-end: html The UK became the world's richest country in the 19th century by being the workshop of the world. The US did the same in the 20th century. But in recent decades, we've given up this role. The hollowing out of US manufacturing has led to social and political division and left us in a precarious place geopolitically. Bringing manufacturing back to America is one of the biggest areas of bipartisan agreement, and the CHIPS act which was passed in 2022 proves that the US government will put serious money behind this objective. Other changes in the world have set the stage for a resurgence of US manufacturing. New ML-based robotics systems will make it possible to automate far more, which will reduce the cost-of-labor arbitrage that pushed manufacturing to other countries in the first place. Companies like SpaceX and Tesla have trained an entire generation of engineers in how to build an American company that makes physical products but operates like a startup. We know this works because we've had experience working with some of the leading companies in this space. Astranis (W16) is building telecommunications satellites in the heart of San Francisco, in a building that used to build warships for the US Navy during WWII. Gecko Robotics (W16), based in America's old industrial heartland of Pittsburgh, builds robots that do industrial inspections. Solugen (W17) makes industrial chemicals from a large-scale plant in Houston.",2,https://web.archive.org/web/20240302111333/https://www.ycombinator.com/rfs,1494
seasonal,Summer 2024,Climate tech,20242,20240302111333,20250102172352,9,,"- Gustaf Alstr ö mer kg-card-begin: html kg-card-end: html We have a fair chance of avoiding catastrophic climate change if startups offer commercial solutions to decarbonize society or remove carbon from the atmosphere. We're interested in funding people building in these five top-level buckets: Energy Related , Science Required , Climate Adaptation , Green Fintech , and Carbon Accounting & Offsets . The financial opportunity of building in this space is massive: an estimated $3-10 trillion in EBITDA will be up for grabs. Recent legislation will also significantly accelerate the existing market trends. The Inflation Reduction Act will spend an estimated $800B in the US alone over 10 years. To put that into perspective, it is almost 10x the $90B 2008 bill that catalyzed the US solar, battery, and EV industries into existence. Y Combinator has funded well over 100 climate tech startups , and together they are worth over $10B. Building in climate tech is a once-in-a-generation opportunity.",2,https://web.archive.org/web/20240302111333/https://www.ycombinator.com/rfs,1002
seasonal,Summer 2024,Commercial open source companies,20242,20240302111333,20250102172352,9,,"- Nicolas Dessaigne and Diana Hu kg-card-begin: html kg-card-end: html Open source companies move more quickly than closed source companies. For developer tools, being open source is a powerful way to gain developer adoption. But it’s also a great way for startups to become mature and sell to enterprises a lot sooner. Ultimately, open source companies succeed when they become the standard choice for software engineers. Very technical founders are at a strong advantage here, as the sales motion relies more on the technical merits of the project rather than strong sales tactics. It’s more natural for technical founders to talk to users who are engineers just like them, and they can iterate faster since they’ll get feedback from the open source community. YC has funded over 150 open source companies including Gitlab (W15) , Docker (S10) , Apollo (S11) , Supabase (S20) to name a few, and we want to fund more.",2,https://web.archive.org/web/20240302111333/https://www.ycombinator.com/rfs,918
seasonal,Summer 2024,Developer tools inspired by existing internal tools,20242,20240302111333,20250102172352,9,,"- Dalton Caldwell kg-card-begin: html kg-card-end: html If a developer has worked at a company with some amount of success, they have likely encountered tools or frameworks that were built by programmers at the company to help solve their own particularly painful or repetitive problems. These tools tend to have funny internal nicknames and for the most part never see the light of day. When aspiring founders try to come up with new startup ideas they often don’t realize that the internal tools they had at prior jobs are a great place to get inspiration from. We would like to see more startups created that are inspired by these types of homegrown tools, because it’s likely that if it's very useful at one company, it's very useful at others. The lineage of all software tools can often be traced back to something a programmer built to get their job done, and there is no reason to doubt this won't continue to be true.",2,https://web.archive.org/web/20240302111333/https://www.ycombinator.com/rfs,926
seasonal,Summer 2024,Eliminating middlemen in healthcare,20242,20240302111333,20250102172352,9,,"- Surbhi Sarna The US spends more money per person on healthcare than any other developed nation, yet our patient outcomes are no better. Much of our spend goes to paying middlemen — which in our view includes everyone not directly providing care to patients. A recent report on medicare spending on drugs found that 70% of spend went to middlemen (primarily PBMs, wholesalers, and pharmacies) and only 30% to the pharmaceutical companies who make the drugs. Similar dynamics exist in every other vertical — hospital care, medical equipment, insurance, etc. There are many ways startups could attack these inefficiencies, from using AI to automate repetitive human jobs to exploring new and better business models for providing care. In the spirit of Jeff Bezos’ “your margin is my opportunity”, we believe it’s possible to build a highly profitable business and make the system more efficient at the same time.",1,https://web.archive.org/web/20240302111333/https://www.ycombinator.com/rfs,911
seasonal,Summer 2024,Explainable AI,20242,20240302111333,20250102172352,9,,"- Diana Hu and Nicolas Dessaigne Would you trust an AI to diagnose you? Would you swear that a model is unbiased? Or more simply, how can we be sure that a model doesn’t hallucinate an answer? Understanding model behavior is very challenging, but we believe that in contexts where trust is paramount it is essential for an AI model to be interpretable. Its responses need to be explainable. For society to reap the full benefits of AI, more work needs to be done on explainable AI. We are interested in funding people building new interpretable models or tools to explain the output of existing models.",1,https://web.archive.org/web/20240302111333/https://www.ycombinator.com/rfs,602
seasonal,Summer 2024,Foundation models for biological systems,20242,20240302111333,20250102172352,9,,"- Surbhi Sarna The vast majority of scientific innovation fails – either on the bench during early experimentation or while in clinical trials. Foundation models built around the vast amount of data we now have will not only enable scientists to know what path to pursue much quicker than before, but have the potential to unlock new scientific approaches to disease. Foundation models built around text and images are enabling the next-generation of consumer products; we believe foundation models built around biological systems will do the same for healthcare. We are interested in funding highly technical founders building foundational models from scratch in any part of biology or medicine.",1,https://web.archive.org/web/20240302111333/https://www.ycombinator.com/rfs,696
seasonal,Summer 2024,LLMs for manual back office processes in legacy enterprises,20242,20240302111333,20250102172352,9,,"- Tom Blomfield kg-card-begin: html kg-card-end: html In pretty much every old, large company, there are huge teams of people running manual processes. They’re hidden away from the end customer (hence “back office” rather than “front office”), so we don’t tend to encounter them very often in our day-to-day lives. Often there was just enough ambiguity in these tasks that they were very difficult to automate before the existence of LLMs. In other cases, software engineers had simply never even come into contact with these processes, so automation had never seriously been considered. People continue to do this repetitive work in the same way they have for decades. LLMs allow whole categories of manual processes to be automated in ways that weren’t possible until recently. Where there’s linguistic ambiguity or some amount of subjective evaluation needed, LLMs come into their own. Examples might be: QA and compliance reviews of customers service chats Figuring out medical billing codes and insurance reimbursement at a hospital Assessing applications for a mortgage or a business loan Transaction monitoring, sanctions screening and anti money-laundering investigations Filing paperwork with the state authorities after a dealership sells a car The problem for most software engineers is that they’ve never encountered these kinds of back office processes before. The biggest hurdle is often uncovering one of these processes to tackle.",2,https://web.archive.org/web/20240302111333/https://www.ycombinator.com/rfs,1446
seasonal,Summer 2024,New Enterprise Resource Planning software,20242,20240302111333,20250102172352,9,,"- Dalton Caldwell kg-card-begin: html kg-card-end: html As companies get larger they end up adopting some software suite to help run their business. This piece of software is widely known as an “ERP”, or Enterprise Resource Planning software. You can think of this software as the operating system that a business runs on. ERPs are usually known to be expensive, painful to implement, and disliked by users, yet are absolutely necessary and the very definition of business critical to its customers. We would like to see new startups that build software that helps businesses run. Ideally that software would be loved by its customers for its flexibility and ease of use. This type of software is so valuable and important that we can imagine that there is the opportunity for dozens of new massively successful vendors.",2,https://web.archive.org/web/20240302111333/https://www.ycombinator.com/rfs,820
seasonal,Summer 2024,New defense technology,20242,20240302111333,20250102172352,9,,"- Jared Friedman and Gustaf Alstr ö mer kg-card-begin: html kg-card-end: html The US is now engaged in large-scale conflicts in several regions that threaten to change our world. While the US has historically led the world in defense technology, the defense contractors it depends on have grown slow and inefficient, bloated by decades of cost-plus contracts. SpaceX showed the world that a private space company could be vastly more effective than the publicly-funded United Launch Alliance. New companies that sell to the DoD like Palantir and Anduril are showing that the same thing is true for defense tech. Silicon Valley was born in the early 20th century as an R&D area for the US military. Early Silicon Valley companies were largely funded by the DoD and played a key role in WWII by building military radar, code-breaking equipment, and components for the atomic bomb. This decade is the time to return Silicon Valley to these roots.",2,https://web.archive.org/web/20240302111333/https://www.ycombinator.com/rfs,943
seasonal,Summer 2024,New space companies,20242,20240302111333,20250102172352,9,,"- Jared Friedman and Dalton Caldwell kg-card-begin: html kg-card-end: html The cost to reach orbit is falling fast , having fallen over 10x since SpaceX’s first launch in 2006. A startup can now build and launch a satellite on just a seed round. If you think about how many kilograms of payload get launched into space today, imagine how many will be sent up in one year, in five years, in ten years, and so on. If we are entering a future with access to space being as routine and inexpensive as commercial air travel, shipping or trucking… what new businesses does that unlock? Building a space company might scare founders by seeming too ambitious, but surprisingly, it is not necessarily harder than building a software company. YC has funded many space companies — Astranis, Relativity Space, Stoke, and many others — and their success rate has been no lower, and maybe higher, than our other companies.",2,https://web.archive.org/web/20240302111333/https://www.ycombinator.com/rfs,908
seasonal,Summer 2024,Small fine-tuned models as an alternative to giant generic ones,20242,20240302111333,20250102172352,9,,"- Nicolas Dessaigne Giant generic models with a lot of parameters are very impressive. But they are also very costly and often come with latency and privacy challenges. Fortunately, smaller open-source models like Llama2 and Mistral have already demonstrated that, when finely tuned with appropriate data, they can yield comparable results at a fraction of the cost. Moreover, as new hardware continues to be integrated into our phones and laptops, the prospect of running these models at the edge becomes increasingly feasible, unlocking a multitude of new use cases. We are eager to support companies engaged in developing or fine-tuning such specialized models or creating tools to facilitate their construction. RFS page intro description",2,https://web.archive.org/web/20240302111333/https://www.ycombinator.com/rfs,742
seasonal,Summer 2024,Spatial computing,20242,20240302111333,20250102172352,9,,"- Diana Hu kg-card-begin: html kg-card-end: html AR/VR as the new personal computing platform has been in the works for over a decade. But it’s only recently, with the launches of the Apple Vision Pro and the Meta Quest 3, that we are getting close. The user experience is getting better, rendering power is increasing, and hand/eye tracking has improved dramatically — but there’s still work to be done. We would like to see a new set of startups building software on these devices, solving practical use cases that go beyond gaming. There are so many challenges still to solve with discovering best use cases, best UX/UI practices, and more — we are excited to work with founders that are at the frontier of this tech.",2,https://web.archive.org/web/20240302111333/https://www.ycombinator.com/rfs,720
seasonal,Summer 2024,Stablecoin finance,20242,20240302111333,20250102172352,9,,"- Brad Flora Stablecoins are digital currencies that peg their value to some external reference. This is typically the U.S. dollar, but it can be other fiat currencies, assets, or even other digital currencies. Their transactions are recorded on a digital ledger, usually a blockchain. This means they can be traded at any time of day between any two wallets on the same network, transactions settle in seconds, and fees are a fraction of what you see in traditional finance. There’s been much debate about the utility of blockchain technology, but it seems clear that stablecoins will be a big part of the future of money. We know this because YC companies have been effectively incorporating stablecoins into their operations for years now – for cross-border payments, to reduce transaction fees and fraud, to help users protect savings from hyperinflation. This utility is so straightforward it seems inevitable traditional finance will follow suit. In fact we’re seeing signs of this. PayPal recently issued its own stablecoin. Major banks have started offering custody services and making noise about issuing their own. It all looks a bit like digital music’s transition from the realm of outlaw file sharing in the early 2000s to becoming the norm as players like Apple entered the market. Importantly, those major players were all outmatched in the end by Spotify, a startup founded during that same transition moment. $136b worth of stablecoins have been issued to date but the opportunity seems much more immense still. Only about seven million people have transacted with stablecoins to date, while more than half a billion live in countries with 30%+ inflation. U.S. banks hold $17T in customer deposits which are all up for grabs as well. And yet the major stablecoin issuers can be counted on one hand and the major liquidity providers with just a few fingers. We would like to fund great teams building B2B and consumer products on top of stablecoins, tools and platforms that enable stablecoin finance and more stablecoin protocols themselves.",1,https://web.archive.org/web/20240302111333/https://www.ycombinator.com/rfs,2058
seasonal,Summer 2024,The Managed Service Organization model for healthcare,20242,20240302111333,20250102172352,9,,"- Surbhi Sarna Private equity is consuming small and large private clinics all over the country. By the time more junior healthcare workers are paid, they only make a fraction of what they are billing. This causes them to be overworked but underpaid, as much of the revenue goes to overhead and the private equity owner of the clinic. A new startup model has emerged as an alternative to PE ownership: the MSO (Managed Service Organizations) model. The MSO model enables doctors to run their own clinics by (1) providing them software that can handle back office tasks such as billing and scheduling and (2) channeling patients to them. These functions are largely what PE ownership provides. Doctors who are part of an MSO model can continue to run small, physician-owned practices while competing successfully with large, PE-owned conglomerates. YC has funded several companies doing this in different verticals: Nourish (nutritionists), LunaJoy (mental health for women), Finni Health (autism care for children), and others. We are interested in investing in this MSO (Managed Service Organizations) model across every vertical in healthcare.",1,https://web.archive.org/web/20240302111333/https://www.ycombinator.com/rfs,1145
seasonal,Summer 2024,Using machine learning to simulate the physical world,20242,20240302111333,20250102172352,9,,"- Diana Hu and Jared Friedman kg-card-begin: html kg-card-end: html Many essential software tools work by simulating the world using known principles of physics and chemistry. Weather prediction, computational fluid dynamics for designing rockets and airplanes, and tools for drug discovery that predict the interactions of molecules — today many of these are based on running a full physics simulation of the world. These are very computationally heavy since they are solving complex multivariate mathematical equations. It turns out that AI models are general functional approximators that can also solve and predict problems like these without needing to explicitly know about physics. This results in predictions that are much less computationally expensive and can be completed in minutes or seconds on much smaller computers rather than taking days/weeks and super computers. We're interested in companies replacing existing simulations with ML-based ones, along with companies using ML-based simulations to open new markets currently unaddressable.",2,https://web.archive.org/web/20240302111333/https://www.ycombinator.com/rfs,1055
seasonal,Winter 2025,AI-aided engineering tools,20250,20250102172352,20250102172352,1,,"By Diana Hu Engineering tools for the physical world have barely evolved in decades. The CAD/CAM software that mechanical engineers use, the EDA tools for circuit and chip design that electrical engineers use, and the CFD tools for fluid and thermal analysis that aerospace engineers use — All still rely on complex numerical solvers and physics simulations. These are computationally expensive and also require deep training and at times even a PhD to use effectively. We believe the next generation of AI-powered tools will change that. With reasoning capabilities built into the new AI models that solve math and physics, we can unleash engineers to design and build physical systems like —planes, buildings, circuits, chips, satellites—faster and better than ever before. We’re eager to see founders build the AI-aided engineering tools that will drive this transformation as the new generation of Computer-aided Engineering.",1,https://web.archive.org/web/20250102172352/https://www.ycombinator.com/rfs,929
seasonal,Winter 2025,Fintech 2.0,20250,20250102172352,20250102172352,1,,"By Dalton Caldwell The last two years have been a rough time for fintech startups. The collapse of Silicon Valley Bank led to regulators clamping down on new startups and investors fled the space. We're optimistic this is about to change and now is a great time to start a fintech startup. Historically the hardest thing about starting a new financial startup was the difficulty of getting a deal with a bank or other regulated partner. We are now in a new era where this keeps becoming easier with the advent of providers like Stripe and new core technologies like stablecoins. AI tools will inevitably cause the financial industry to change rapidly and we believe there could be a structural advantage for a small startup without any legacy systems or processes to quickly build global financial products of the future. We believe this is the perfect time to start a new generation of financial technology companies built on top of the infrastructure now available. We would like to see ideas around insurance, investment banking, wealth management, international payments and more.",1,https://web.archive.org/web/20250102172352/https://www.ycombinator.com/rfs,1084
seasonal,Winter 2025,Government software,20250,20250102172352,20250102172352,1,,"By Harj Taggar Selling software to the government is notoriously hard and not something most builders would even think about doing. Still, the prize is huge if you can figure it out. Palantir is one of the only startups that managed to figure it out and their market cap today is $125 billion. Now might be a uniquely good moment to give it a shot. The deficit is running high and there is hope the government will find ways to reduce spending and operate more efficiently. At the same time, AI is now powerful enough to automate many types of administrative work the government spends billions of dollars per year on. If you combine those ideas, building AI software to automate work done by the government would both reduce spending and make the government more efficient. In particular, we’ve seen that LLMs are especially good at automating rote repetitive admin tasks like filling out forms, reviewing applications or summarizing documents. As consumers of government services, we’d all benefit from more efficiency, imagine never having to wait in line at the DMV again. It’s hard to think of something that sounds less appealing as a place to look for startup ideas than the government but if you’re up for digging in that space we’d love to hear from you.",1,https://web.archive.org/web/20250102172352/https://www.ycombinator.com/rfs,1263
seasonal,Winter 2025,LLMs for chip design,20250,20250102172352,20250102172352,1,,"By Garry Tan Each breakthrough in AI creates demand for more powerful chips to train larger models. No country wants to fall behind in this arms race. Domestic chip design and manufacture is not just about economics anymore, it's about survival in a post AI world. OpenAI O1 showed us that LLMs with reasoning can power breakthroughs in science and engineering and we’re interested in talking to anyone using LLMs to improve chip design. We are especially interested in anyone focusing on designing ASICs and FPGAs. Design of customized digital systems whether through FPGAs (field programmable gate arrays) or ASICs (application-specific integrated circuits) has typically been costly because of the amount of custom design, development and testing necessary to bring such a system online. With the advent of large language models, these costs are coming down significantly, such that ever more specialized types of computation could be done. Our normal computing environment assumes Von Neumann architecture using CPUs that we are familiar with: single shared memory for programs and data, arithmetic unit and a program control unit, operating through fetching and execution cycles serially. Most computers and computation use this because it’s very easy to reprogram such systems. We know there is a clear engineering trade-off: it is possible to optimize especially specialized algorithms or calculations such as cryptocurrency mining, data compression, or special-purpose encryption tasks such that the same computation would happen faster (5x to 100x), and using less energy (10x to 100x). This is a diagram (credit: Taner Sadikoglu ) showing the differences in how data flows an optimized FPGA system versus a normal CPU. Given the order of magnitude improvements possible with specialized FPGAs and ASICs, use of LLMs to optimize this process is likely to produce extremely useful results and great opportunities for startups.",1,https://web.archive.org/web/20250102172352/https://www.ycombinator.com/rfs,1934
seasonal,Winter 2025,Manufacture in the USA,20250,20250102172352,20250102172352,1,,"By Jared Friedman The UK became the world's richest country in the 19th century by being the workshop of the world. The US did the same in the 20th century. But in recent decades, we've given up this role. The hollowing out of US manufacturing has led to social and political division and left us in a precarious place geopolitically. Bringing manufacturing back to America is one of the biggest areas of bipartisan agreement. Elon has shown us it is possible to do it by building Tesla Gigafactories in Austin and Nevada. We think other changes in the world have made it easier for new builders to follow his example. New ML-based robotics systems will make it possible to automate far more, which will reduce the cost-of-labor arbitrage that pushed manufacturing to other countries in the first place. Companies like SpaceX and Tesla have trained an entire generation of engineers in how to build an American company that makes physical products but operates like a startup. We know this works because we've had experience working with some of the leading companies in this space. Astranis (W16) is building telecommunications satellites in the heart of San Francisco, in a building that used to build warships for the US Navy during WWII. Gecko Robotics (W16), based in America's old industrial heartland of Pittsburgh, builds robots that do industrial inspections. Solugen (W17) makes industrial chemicals from a large-scale plant in Houston.",1,https://web.archive.org/web/20250102172352/https://www.ycombinator.com/rfs,1446
seasonal,Winter 2025,New space companies,20250,20250102172352,20250102172352,1,,"By Jared Friedman and Dalton Caldwell The cost to reach orbit is falling fast , having fallen over 10x since SpaceX’s first launch in 2006. A startup can now build and launch a satellite on just a seed round. If you think about how many kilograms of payload get launched into space today, imagine how many will be sent up in one year, in five years, in ten years, and so on. If we are entering a future with access to space being as routine and inexpensive as commercial air travel, shipping or trucking… what new businesses does that unlock? Building a space company might scare founders by seeming too ambitious, but surprisingly, it is not necessarily harder than building a software company. YC has funded many space companies — Astranis, Relativity Space, Stoke, and many others — and their success rate has been no lower, and maybe higher, than our other companies.",1,https://web.archive.org/web/20250102172352/https://www.ycombinator.com/rfs,871
seasonal,Winter 2025,One million jobs 2.0,20250,20250102172352,20250102172352,1,,"By Dalton Caldwell We would like to fund startups that have a useful need to employ a million workers in a way that uniquely needs humans to do the job and there will be no structural need for the job to be done with AI. In the past, when massive technological change came about, people have ended up doing different types of work than they did in the past. For example, a lot of people used to be farmers, and then because of machinery a lot fewer people were farmers. The same goes for careers like elevator operators and typists. Often the types of new careers that are created have better working conditions and are more helpful to humanity. In this new AI driven world, these might be tools for more people to run their own local businesses, or be able to earn a living by providing services to other humans either online or offline. Many AI futurists are unsure what the careers of the future are, and we want to fund founders with an answer to that question.",1,https://web.archive.org/web/20250102172352/https://www.ycombinator.com/rfs,965
seasonal,Winter 2025,Public safety technology,20250,20250102172352,20250102172352,1,,"By Garry Tan We all deserve to be safe in our homes, and while walking around on our streets. This is a basic thing civilization should afford its citizens. Startups are already on the case. License plate cameras built by Flock Safety (YC S17) now help solve 10% of reported crimes in the USA and they’re aiming to get to 25% of all crime by next year. Abel Police (YC S24) cuts the amount of time police officers spend filling out paperwork from hours to minutes, giving them up to 25% more hours per day to do real police work. Public safety tech can and will make a real difference. We are especially interested in hearing from you if you’re working on these ideas: Advanced Computer Vision: Your startup could develop technology that uses computer vision to enhance safety—identifying suspicious activities or people in distress from video feeds, without compromising individual privacy. Emergency Response Enhancements: Technologies that improve the speed and coordination of emergency responses are lifesavers. If you have an idea that can get help to where it’s needed faster, we want to help you make it happen. Community Safety Tools: We are looking for tools that improve how communities and law enforcement interact. Your solution could make it easier for neighbors to watch out for each other and stay informed about their safety. Efficient Law Enforcement Technologies: We’re interested in technologies that help law enforcement do their jobs more effectively and fairly, from workload management to increasing accuracy in their operations. If your startup is ready to be part of this movement, we want to hear from you.",1,https://web.archive.org/web/20250102172352/https://www.ycombinator.com/rfs,1633
seasonal,Winter 2025,Stablecoins 2.0,20250,20250102172352,20250102172352,1,,"By Brad Flora and Harj Taggar At the start of this year, we posted a request for more stablecoin startups and since then things have only gotten better for stablecoins. The black cloud over stablecoins has always been regulation, with several efforts to pass regulation in the US failing. The regulatory future for stablecoins in the US now looks more promising and we expect sensible legislation is on its way soon. Stablecoin payment volumes have surged this year and are now over a fifth of Mastercard’s volume. Almost 30% of global remittances are now facilitated through stablecoins and traditional finance institutions like Visa are offering platforms for banks to issue their own stablecoins. Also Stripe recently acquired a stablecoin startup, Bridge, for $1 billion, which will only attract more investor interest and capital into the space. This makes it a better time than ever to start a stablecoin startup. We are especially interested in hearing about ideas that target businesses, helping them to hold and manage stables and also services that make it easy for developers to integrate with them. If you’re working on stablecoin ideas we’d love to hear from you.",1,https://web.archive.org/web/20250102172352/https://www.ycombinator.com/rfs,1176
seasonal,Spring 2025,A Secure AI App Store,20251,20250202012604,20250501031358,4,,"- Garry Tan We want a new kind of AI App Store and OS layer that sits on your computer or phone. It should: Protect User Data Users control what info each app can see—like your calendar, files, or browsing—but only if the user says so. Offer One Shared Memory All your personal details (preferences, past actions, context) stay in this layer, not scattered across a dozen apps. Help users find the best AI apps This App Store reviews and vets each AI tool so users can discover and install them safely. Help Developers Build Developers get infrastructure that help them avoid reinventing the wheel provided in simple APIs (like computer use, local LLaMA versioning, and app-level access control) Handle Payments Make it easy to pay for paid apps or services. Imagine a travel AI that’s great at finding flights that knows you usually travel with your nine-year-old who loves staring out the window, or an AI helper that recommends the original text an idea appeared in when you’re reading essays or books. Apps built on this app store would have just a sliver of data you, the user, allows. We need a system like this so AI can be both powerful and private. Some might say the major big tech companies will build this, but there is a time right now where instead, it might be you. Done right, this will create more opportunity for startups and founders: their apps will be smarter with shared memory, and this will turn into a new marketplace that solves both distribution and monetization. If you’re building it, please apply. We’d love to help you do it right.",1,https://web.archive.org/web/20250202012604/https://www.ycombinator.com/rfs,1562
seasonal,Spring 2025,AI Coding Agents for Hardware-Optimized Code,20251,20250202012604,20250501031358,4,,"- Diana Hu AI hardware is still constrained by software. Nvidia dominates largely because CUDA’s hand-optimized code is used in AI models. Competing hardware—AMD, custom silicon—often underperforms not just because of inferior chips but because writing system-level code (kernels, drivers) is very difficult, and not enough software engineers are working on it. However, now with reasoning models like Deepseek R1 or OpenAI o1 and o3, these could generate hardware-optimized code that rivals—or surpasses—human CUDA code. We’d love to see more founders work on AI-generated kernels that make more hardware alternatives work for AI. This isn’t just about performance. It’s about breaking dependencies. Founders working on this could reshape the hardware ecosystem.",1,https://web.archive.org/web/20250202012604/https://www.ycombinator.com/rfs,763
seasonal,Spring 2025,AI Commercial Open Source Software (AICOSS),20251,20250202012604,20250501031358,4,,"- Dalton Caldwell There is a pattern with open source and open source startups. First we had proprietary Unix, then we had Linux, then we had RedHat. First, we had BitKeeper, then we had Git, then we had Github and Gitlab. There is a huge opportunity to build startups that offer support and services to help people use open source AI. It’s not uncommon for the organization that releases the open source code to not want to focus on providing commercial support. For instance, Google and Facebook have open sourced a number of tools but aren’t always in the business of providing commercial support for businesses to use those tools— which has yielded an opportunity for startups. There are going to be many winners in the space of open source AI, but the launch of DeepSeek should provide ample new ground that a founder might want to cover to help businesses make use of these systems. If you are interested in building in Open Source AI for the enterprise, we would like to hear from you.",1,https://web.archive.org/web/20250202012604/https://www.ycombinator.com/rfs,992
seasonal,Spring 2025,AI Personal Staff for Everyone,20251,20250202012604,20250501031358,4,,"- David Lieb Software is a proven way to bring to everyone what only the rich could afford before. As recently as 2009, only the world’s richest people could afford a private driver, but today, Uber, and now Waymo, have brought that to everyone. Another example: when I first started working on what would become Google Photos, I was surprised to learn that rich people hired actual human beings to go through all their photos and edit, label, and organize them. We built AI to automate that for billions of people. Despite the explosion of software in the last decade, wealthy people still employ lots of human staff to provide personal services. These are things like tax accountants, personal lawyers, and money managers, but also personal trainers, private tutors, and even personal doctors. The list goes on and on. Why can only the rich afford this? Because software hasn’t been able to replace these types of personalized knowledge work tasks…until now. Over the next few years, we expect AI to get good enough to do most of these jobs. So if you are working to bring a part of this “personal AI staff” to every human on the planet, we’d love to hear from you.",1,https://web.archive.org/web/20250202012604/https://www.ycombinator.com/rfs,1167
seasonal,Spring 2025,B2A: Software Where the Customers Will All Be Agents,20251,20250202012604,20250501031358,4,,"- Dalton Caldwell A significant percentage of internet traffic consists of non-humans scraping and looking for information. These programs often end up impersonating humans to fill out forms or look for changes, most people build websites with human users in mind rather than scrapers. With the advent of AI and agents, it seems like it's a good idea to build software and services where agents as customers are actively supported and documented rather than an edge case. For example, APIs to help agents pay for hosting credits, or book travel, or engage into contracts with other parties. In the stock market, it's well understood that humans and programs are trading together, and in the future, this will only increase. If you want to build services specifically aimed at best serving agents, we want to hear from you",1,https://web.archive.org/web/20250202012604/https://www.ycombinator.com/rfs,821
seasonal,Spring 2025,Browser & Computer Automation,20251,20250202012604,20250501031358,4,,"- Jared Friedman AI agents can now browse the web and use desktop applications. OpenAI's Operator and Anthropic's Computer Use showed this is possible, and there are a number of great open-source options too. Letting AI agents use the web is like taking a brain in a jar and giving it hands. It can now do things. It means that every website and every app now effectively has an API. It means that any workflow that people can do on a computer can be automated. This probably 10x's the addressable use cases for AI agents. We can't wait to see what people build with it.",1,https://web.archive.org/web/20250202012604/https://www.ycombinator.com/rfs,570
seasonal,Spring 2025,Compliance and Audit,20251,20250202012604,20250501031358,4,,"- Tom Blomfield Almost 4 million people in the US and Europe (roughly 1% of the entire workforce) work in compliance and audit. And compliance costs are only rising. From GDPR to Dodd-Frank, from financial AML/KYC to ESG reporting—the regulatory environment keeps expanding. Traditional compliance tasks require reading dense regulations, cross-checking internal policy and procedure documents, manually sampling front-line work done and producing repetitive reports. Auditors often sift through large amounts of unstructured data to detect issues. These manual, time-consuming workflows beg for automation. LLMs excel at this. They can parse regulatory documents, corporate policies, or financial statements and highlight issues, saving human review. These tools will automate much of the testing that auditors currently do by hand: spotting anomalies in data, identifying incomplete records, or highlighting contradictory policies. Instead of sampling a few documents, a well-trained model can look at everything, all at once - “continuously auditing” every company in the world.",1,https://web.archive.org/web/20250202012604/https://www.ycombinator.com/rfs,1081
seasonal,Spring 2025,Datacenters,20251,20250202012604,20250501031358,4,,"- Diana Hu and Dalton Caldwell We need more data centers that can be built faster and at a lower cost to support the infrastructure needed for AI progress. Hyperscale datacenter projects take years to complete, and with the current interest and funding, we need new companies and more innovative solutions to accelerate this buildout—whether in power infrastructure, cooling, material procurement, or project management. We can envision what the future will look like: software will handle every aspect of planning and constructing new datacenters or warehouses, from site selection and construction to setup and ongoing management. These applications will be “lights out,” with robots operating autonomously 24/7 without human intervention. We want to fund new startups to help create this vision.",1,https://web.archive.org/web/20250202012604/https://www.ycombinator.com/rfs,798
seasonal,Spring 2025,Devtools for AI Agents,20251,20250202012604,20250501031358,4,,"- Nicolas Dessaigne In the past 2 years, we have funded many startups using AI to disrupt legacy players. We are now witnessing the emergence of the next wave: AI agents that go beyond assisting humans and can autonomously make decisions. With the release of o1, and soon o3, these agents are getting significantly better at reasoning, allowing them to fully replicate and even improve upon tasks performed by humans. AI agents will become ubiquitous across industries and in our daily lives. Imagine a world where every person is empowered by a team of specialized AI agents, working seamlessly in the background to amplify their productivity and creativity. To accelerate this future, we are looking to fund startups building devtools for AI agents . These can include: • Agent builders: Companies enabling their customers to easily create and deploy custom agents, like Wordware (YC S24) or Stack AI (YC W23). • Agent building blocks: Tools, APIs, or platforms that enhance agent capabilities, enabling them to perform more complex actions and achieve greater impact. If you’re building in this space, we’d love to hear from you and help you shape the future of software.",1,https://web.archive.org/web/20250202012604/https://www.ycombinator.com/rfs,1174
seasonal,Spring 2025,DocuSign 2.0,20251,20250202012604,20250401135839,3,,"- Michael Seibel Everyday, complicated documents requiring e-signature create friction in peoples business and personal lives: Think tax forms, sales agreements, mortgages, employment contracts, NDAs, loan applications, insurance applications, and more. When using docusign or similar products today it's too hard to: Create a document template Avoid filling out duplicate information Correct document errors Get an explanation of complicated terms Integrate into other software products We want founders to rethink how documents should be created and distributed for signature in a world powered by AI. Imagine a new set of tools that could: Take any existing signed document, remove the variables of your choosing, and create a new document template. Auto fill documents with information you’ve provided in the past or is publicly available about you. Allow you to fill out complicated documents with a voice agent that can explain hard to understand terms or conditions. Have document templates that customize themselves to signer / situation If you're interested in building Docusign 2.0 - you should apply to YC.",1,https://web.archive.org/web/20250202012604/https://www.ycombinator.com/rfs,1117
seasonal,Spring 2025,Inference AI Infrastructure in the World of Test-Time Compute,20251,20250202012604,20250501031358,4,,"- Diana Hu Until recently compute spend went into pre-training foundation models. But now with Deepseek R1 and OpenAI o1 and o3, there is a new scaling trend that suggests we’ll need far more compute at inference time when AI apps actually use these models. As AI apps 10x or even 100x the number of API calls to complex reasoning models, the infrastructure costs will become a real problem. That’s where new startups come in. There’s room to rebuild the stack here: better software at inference-layer tooling, cheaper ways to handle GPU workloads, and optimizations that let AI apps scale without bleeding money. It’s the kind of unsexy-but-critical problem that often creates big opportunities.",1,https://web.archive.org/web/20250202012604/https://www.ycombinator.com/rfs,696
seasonal,Spring 2025,Startup Founders with Systems Programming Expertise,20251,20250202012604,20250401135839,3,,"- Dalton Caldwell If you read the DeepSeek paper and try to understand the breakthroughs, it seems apparent that talented engineers with a deep focus on getting the most out of limited hardware resources were critical. Having a focus on getting the most out of limited hardware due to resource constraints is a common theme in the history of computing, and this includes this kind of maniacal focus from the founders themselves. The founders of Google were obsessed with making their infrastructure run on commodity x86 servers and open source tools like Linux. This led to a completely different approach and benefit to their company. John Carmack revolutionized the video game industry as a founder and programmer who made several technical breakthroughs that became the standard. Additionally, id Software has a long history of open-sourcing their old games, which has provided numerous benefits, including fostering a mod community and educating others about the techniques used in the game engine. Being able to understand and innovate on the entire software stack can be an unfair advantage to a startup founder. We would love to fund founders with similar expertise and focus on low-level systems that they can bring to bear on whatever startup idea they choose.",1,https://web.archive.org/web/20250202012604/https://www.ycombinator.com/rfs,1269
seasonal,Spring 2025,The Future of Software Engineering,20251,20250202012604,20250501031358,4,,"- Pete Koomen Language models can already write code better than most humans. This is going to bring the cost of building software down to zero. So will agents kill the job of software developer? No! We’ll need more human software engineers in the future because software is going to run almost everything. These humans won’t write much code directly. Instead, they’ll manage teams of agents that build software for them. In addition to writing code, agents will perform most of the other specialized tasks required to build software: QA, deployment, security & compliance audits, translations, operations, etc. We’d like to fund startups that enable small groups of generalist software developers to manage large teams of agents working together to build and ship lots of software. If you’re interested in building tools for the future of software engineering, we’d love to hear from you.",1,https://web.archive.org/web/20250202012604/https://www.ycombinator.com/rfs,889
seasonal,Spring 2025,Vertical AI Agents,20251,20250202012604,20250501031358,4,,"- Jared Friedman From 2005-2020, the invention of the interactive web application enabled a massive wave of B2B SaaS companies. Over 100 B2B SaaS unicorns were started, and nearly half of all venture funding went to this category. It seems likely that for the next decade, we will see a parallel wave of companies building vertical AI agents. What is a vertical AI agent? It's software that's built on top of LLMs that's been carefully tuned to be able to automate some kind of real, important work. In recent batches, we've had YC companies build an AI tax accountant, an AI medical biller, an AI phone support agent, an AI compliance agent, an AI quality assurance tester. Some people previously derided ideas like this as ""ChatGPT wrappers"" but no one who has tried to deploy a system like this to production thinks so. Building systems like this that work in real-world conditions requires real agentic architectures, integrations with legacy systems, and deep domain understanding. It's hard to get systems like this working right, but once you do, the growth can be phenomenal. The value prop of B2B SaaS was to make human workers incrementally more efficient. The value prop of vertical AI agents is to automate the work entirely. Vertical AI agents that reach human-level performance grow extremely quickly. It's entirely possible this opportunity is big enough to mint another 100 unicorns. For every category with a successful B2B SaaS company, you could imagine an ever larger vertical AI company being built. While many founders are already working on these ideas in the most obvious categories, we think it's still relatively undiscovered compared to the size of the opportunity, and there are many large categories still untouched.",1,https://web.archive.org/web/20250202012604/https://www.ycombinator.com/rfs,1745
seasonal,Summer 2025,AI Personal Assistant,20252,20250601125436,20250704000742,2,,"By Tom Blomfield Despite decades of productivity apps, emails still pile up, calendars get full, and tasks remain undone. Even the best organizational tools only help us keep track of what needs to get done—they don't actually do it. With recent advances in LLMs, we now have the potential to go from ""to-do"" lists to ""done"" lists"" I'd love to work with startups building the next generation of AI personal assistant: an LLM-powered system that deeply understands your work, routines, communication history, and personal preferences. Imagine an AI that has perfect memory of your personal correspondence, projects, and scheduling preferences— and can take action on your behalf. Think of an assistant that knows how you typically respond to certain kinds of emails and can draft those responses for you—or even send them with your approval. It understands which meetings you usually accept and which you decline, and that can auto-schedule your week in a way that optimises your productivity and minimises travel. It keeps track of tasks you've completed in the past and how you approach new ones, so it can handle recurring processes without your constant input. This is more than just filtering messages or auto-filling your calendar. I want to see a system that truly does the tasks a human personal assistant or chief of staff might otherwise do, allowing you to focus on the work that matters most.",1,https://web.archive.org/web/20250601125436/https://www.ycombinator.com/rfs,1403
seasonal,Summer 2025,AI Personal Tutor for Everyone,20252,20250601125436,20250704000742,2,,"By Harj Taggar The idea of using computers to help people learn things has been a dream of computer nerds going back to the 1940's with Vannevar Bush's Memex idea, JCR Licklider's ""Man-Computer Symbiosis"" paper in the 60's, and Alan Kay's Dynabook proposal in the 70's. The holy grail has been to build a personalized learning experience for everyone but in practice, that's been hard to build. Most online education products deliver the same content to everyone who signs up for a course. And today, with AI, we think it's finally possible to build a truly personal tutor for everyone. The latest reasoning capabilities let them break down complex topics step by step, in a way that should help explain even the most complicated subjects in a straightforward way. With the latest foundation models being multimodal, they can now present these concepts by generating animations, manipulating 3D objects, and explaining concepts with voice. We've already seen the impact that one great teacher, like Grant Sanderson and his 3blue1brown YouTube videos, can have on making it easy to understand complex ideas using beautiful visualizations and animations. Now imagine having that same quality of explanation available for every topic, personalized to each learner's needs, with an interactive AI tutor. This could really change the world. If you're working on using AI to create personalized learning tools for anything, we'd love to hear from you.",1,https://web.archive.org/web/20250601125436/https://www.ycombinator.com/rfs,1445
seasonal,Summer 2025,AI Research Labs,20252,20250601125436,20250704000742,2,,"By Jared Friedman At YC, we want to fund more AI Research Labs. Many people don't realize this, but YC was the first investor in OpenAI. In fact, OpenAI began life as YC Research, our in-house research lab. OpenAI pioneered the concept of independent AI Research labs, and we have had a front-row seat to the entire journey. OpenAI is doing incredible work, but there are many unsolved problems in AI and still plenty of opportunity for new research labs. Sometimes people think that to do YC you have to be able to ship a product in 3 months. But actually, we're excited to back deep, open-ended research that may takes years to commercialize just like OpenAI did. We've seen that when top researchers follow their interests, it often leads somewhere interesting.",1,https://web.archive.org/web/20250601125436/https://www.ycombinator.com/rfs,764
seasonal,Summer 2025,AI Residential Security,20252,20250601125436,20250704000742,2,,"By Tyler Bosmeny Consumers spend $20B year on home security. And the biggest players are legacy companies whose features haven't changed in decades. Meanwhile, AI is taking the world of commercial security by storm. Companies like Verkada, Lumana are showing just how powerful AI can be. In commercial buildings, doors are unlocked with facial recognition. Video cameras detect suspicious behavior and send push notifications to building managers. Virtual AI guards will even come on loudspeakers and scare away criminals – to prevent crime before it happens. Ring was acquired for $1 billion dollars for making video doorbells and magnetic door sensors. Imagine how big the opportunity is for the company that uses AI to make people feel actually safe in their homes.",1,https://web.archive.org/web/20250601125436/https://www.ycombinator.com/rfs,768
seasonal,Summer 2025,AI Voice Assistants for Email,20252,20250601125436,20250704000742,2,,"By Tyler Bosmeny I want to meet teams who can help me process my inbox – with just my voice. You see, every day I drive to work for 20 minutes, and every day I wish I could be using that time to triage emails, draft replies, delegate scheduling. What if we could all arrive at work each day already at Inbox Zero? If you've used things like Vapi, Retell, or even ChatGPT Advanced Voice Mode, you know how good these voice agents are today. The use cases are far bigger than just driving. I know firsthand - It took me experiencing nerve damage in my arms to realize how much we still rely on keyboards for even the most basic tasks. And email just might be the perfect starting place to build the most useful all-purpose assistant. Anyone with access to my inbox instantly knows my friends, my plans, my writing style, and so much more. If you're an ambitious team interested in working on this, I'm interested in working with you.",1,https://web.archive.org/web/20250601125436/https://www.ycombinator.com/rfs,931
seasonal,Summer 2025,AI for Personal Finance,20252,20250601125436,20250704000742,2,,"By Gustaf Alströmer Most humans are not rational about their finances. But just being alive comes with a set of decisions you need to make about your finances. How much should I save for the future, where should I invest my money to take the right risk, and how should I think about debt and taxes? How you answer these questions today will impact your freedom to do the things you want in the future. Until today, the answers have generally been asking friends, googling, hiring a financial advisor or maybe even asking your bank. These options aren't great. They are filled with bias and don't have the full picture of your financial situation and goals. And hiring a great financial advisor is very expensive. With LLMs, there is a unique opportunity to build software that gives every person access to personalized finance, investment, and tax advice at near-zero cost. They would use API's to access your complete financial situation and give completely personal unbiased advice. If this is something you are thinking about building, you should consider applying to the YC Summer batch.",1,https://web.archive.org/web/20250601125436/https://www.ycombinator.com/rfs,1091
seasonal,Summer 2025,AI for Scientific Advancement,20252,20250601125436,20250704000742,2,,"By Diana Hu A lot of the software tools used for scientific applications in chemistry, biology, materials science, or operations research haven't changed much in decades. These rely on standard methods along PhDs to solve complex problems in drug discovery, chemical process optimization, metals & mining, or power grid optimization. In particular, test-time compute is unlocking new types of startups that can solve these scientific problems. We'd love to see more startups get created that use AI to transform how physical things are made faster and more efficiently.",1,https://web.archive.org/web/20250601125436/https://www.ycombinator.com/rfs,569
seasonal,Summer 2025,Full-stack AI Companies,20252,20250601125436,20250704000742,2,,"By Jared Friedman At YC, I would like to fund more founders working on full-stack AI companies. What is a full-stack AI company, you ask? Let me give an example. Suppose you believe that LLMs are now able to automate a lot of legal work. There are two things you might do with that idea. You could build an AI agent and sell it to law firms. That's what most people do. Or, you could start your own law firm, staff it with AI agents, and compete with the existing law firms. That, my friends, is going full-stack. You could do this for any industry, especially one dominated by slow-moving incumbents. Instead of selling to the dinosaurs, you could make them extinct.",1,https://web.archive.org/web/20250601125436/https://www.ycombinator.com/rfs,667
seasonal,Summer 2025,Healthcare AI,20252,20250601125436,20250704000742,2,,"By Gustaf Alströmer The US healthcare system is over 17% of GDP or over 4 trillion dollars. There are estimates that one-third of that, or over 1 trillion, is just spent on administrative tasks. We have one of the best healthcare systems in the world, but sadly, a lot of this spending is just unnecessary administration that exists because different health systems are not interoperable, don't have APIs, or simply the only way of doing a workflow or task if a human manually extracts data from one system to another. In the last two years, there is an entire set of new startups building infrastructure to extract data from PDF or other systems, organize it, and allow it to be easily entered with an agent into a different system. Many of the tasks that led to high administrative healthcare costs are now fully possible to automate because the arrival of great LLMs happened in just the last 12 months of the companies. You can help make the US healthcare system be more efficient by solving these issues",1,https://web.archive.org/web/20250601125436/https://www.ycombinator.com/rfs,1008
seasonal,Summer 2025,Internal Agent Builder,20252,20250601125436,20250704000742,2,,"By Pete Koomen Soon, all companies will have one thing in common: every employee will build their own agents to automate the repetitive parts of their jobs. We'd like to fund founders working on the infrastructure they'll use to do that: internal agent builders. An internal agent builder is a tool that I can use to create an agent to handle mundane tasks I don't like doing. This infrastructure will need to access every other piece of software I use in my day-to-day. It'll need to manage permissions, and send sensitive data securely to the latest generation of LLMs. We've built a version of this at YC and we're already using it to reduce the time we spend on everything from reviewing term sheets to repetitive accounting workflows. It frees us from the mundane so that we can spend more time on the tasks that we humans are uniquely good at. In my case that's working with founders! If you're interested in building the foundational infrastructure for AI native companies, we'd love to hear from you.",1,https://web.archive.org/web/20250601125436/https://www.ycombinator.com/rfs,1008
seasonal,Summer 2025,More Design Founders,20252,20250601125436,20250704000742,2,,"By Aaron Epstein More designers should be founders. Over the next decade, as new coding tools make it easier than ever to build and ship products quickly, great design is going to matter even more. Especially as many designers are worried about AI replacing their jobs, the real opportunity is for designers to use AI themselves to launch their own products and build their own companies. The design job of the future will be ""founder"". Designers already have so many of the skills needed to be great – strong user empathy, a focus on solving problems, a high bar for quality, and taste. These are a must for every founding team. That's why it's no accident that some of the biggest YC companies, like Airbnb and Stripe, are known for their exceptional design. Without it, users wouldn't have trusted staying in a stranger's Airbnb, or trusted securely processing billions in credit card transactions through Stripe. These companies simply wouldn't have worked without first class design. So we'd love to see more designers take the leap and start companies, and hope to fund teams with strong design and taste embedded in their core from the earliest days.",1,https://web.archive.org/web/20250601125436/https://www.ycombinator.com/rfs,1157
seasonal,Summer 2025,Software Tools To Make Robots,20252,20250601125436,20250704000742,2,,"By Diana Hu Robotics hasn't had its ChatGPT moment yet, but we think it's almost here. Everyone has known that robots are the future - But that proved elusive because previous generations of robots were expensive, brittle, and only worked in controlled conditions. With the rapid improvements in foundation models, it's finally possible to make robots that have human-level perception and judgment. That's been the missing piece. While consumer use cases feature heavily in science fiction, some of the overlooked and most immediately addressable applications for robots are B2B. Specifically, we think promising areas are industrial use cases like Gecko Robotics, which builds inspection robots, and farming use cases like Bear Flag Robotics, which builds autonomous tractors and was acquired by John Deere. We're interested in funding people building software tools to help others make robots. If you're bullish that robots are about to have their ChatGPT moment, we'd love to hear from you!",1,https://web.archive.org/web/20250601125436/https://www.ycombinator.com/rfs,993
seasonal,Summer 2025,The Future of Education,20252,20250601125436,20250704000742,2,,"By Tom Blomfield Education is one of the world's largest and most important industries, yet it's also one of the most difficult to disrupt. About 100 million people are employed in education today, and about 1.5bn students are being educated every year. Traditional ways of teaching and learning have remained largely unchanged for decades, but things might be starting to shift. The rise of AI—particularly large language models—promises to reshape how we teach, learn, and measure outcomes. These technologies have the potential to significantly improve educational access, personalize instruction, and free both teachers and learners from drudgery. We're just starting to see new personalized study tools for students and grading platforms for teachers, but we're still very early in figuring out what AI can truly achieve here. One big challenge is figuring out the business model - while more than a billion people are engaged in education, budgets are notoriously tight, and purchasing cycles are horrendously slow. If you fast-forward 10 or 20 years, it's impossible to believe that education is still going to be done in the same way it is today.",1,https://web.archive.org/web/20250601125436/https://www.ycombinator.com/rfs,1154
seasonal,Summer 2025,Voice AI,20252,20250601125436,20250704000742,2,,"By Gustaf Alströmer Humans interact with businesses in many ways, but one way hasn't changed much in almost 100 years—and that's phone calls. You probably have experienced long wait times, voice trees, the press star or pound. In the end, we always want to talk to a human agent because the alternatives are just not that great. But the new voice models and conversational LLMs are now incredibly good. And startups who take advantage of them are are now making voice AI bots that are indistinguishable from humans. It's pretty amazing and the unlock was the quality of these models. Today, over a trillion calls exist between a business and a customer. What we like to do at YC is to peek into the future, and talking to a voice AI bot feels like experiencing the future - similar to how it felt to ride an autonomous car for the first time - it just works.",1,https://web.archive.org/web/20250601125436/https://www.ycombinator.com/rfs,858
seasonal,Fall 2025,AI Native Enterprise Software,20253,20250801091449,20260101122607,6,,"By Andrew Miklas Salesforce and ServiceNow are two of the world's largest enterprise software vendors, each making more than $10B a year in revenue, and each with a market cap of more than $200B. Both produce software needed to run the world's biggest businesses. Interestingly, both were founded about 25 years ago. Coincidence? I don't think so! Salesforce built the first cloud-native CRM, and ServiceNow built the first cloud-native ITSM system. Both rode the cloud computing wave to victory over their respective incumbents. The story is much the same for Netsuite, Successfactors, and a host of other B2B startups from the early two thousands. The founders of these businesses realized that SaaS offered a way to build a ten times better product. Just as important, these founders knew the incumbents would struggle to adapt to the new world of cloud computing, giving them the edge they needed to go up against them and win. AI presents the same once-in-a-generation opportunity for today's founders. Tomorrow's enterprise software systems won't just be the ""system of record"" for work done by humans. They'll have AI embedded deeply and thoughtfully throughout, and will help employees do their work faster and more accurately. Think Cursor for sales, HR, and accounting. Just as before, today's incumbents will struggle to rebuild their product around this new technology, giving today's startups the time they need to win. History doesn't repeat itself, but it sure does rhyme. Interested in building AI-native enterprise software? If so, we should chat.",1,https://web.archive.org/web/20250801091449/https://www.ycombinator.com/rfs,1564
seasonal,Fall 2025,Infrastructure for Multi-Agent Systems,20253,20250801091449,20260101122607,6,,"By Pete Koomen AI agents are evolving from single-threaded loops into distributed workflows that fan out many sub‑agent calls in a single run. These multi-agent systems are useful for everything from long-running workflows to agentic mapreduce jobs where hundreds of thousands of subagents apply human-level judgment to filter and search through large amounts of data in parallel. These systems are difficult to build. They require solving traditional distributed systems problems to ensure high throughput and reliability while controlling costs. They also introduce new problems that look familiar but can be solved at a higher level of abstraction, like: - how to write effective agent and subagent prompts - how to handle untrusted context - how to monitor and debug these agents We're looking for builders who have felt this pain in production and want to build tools to make these systems easier to build and maintain. If you want to make operating fleets of agents as routine and reliable as deploying a web service or running a Spark job, we'd love to hear from you.",1,https://web.archive.org/web/20250801091449/https://www.ycombinator.com/rfs,1074
seasonal,Fall 2025,Retraining Workers for the AI Economy,20253,20250801091449,20260101122607,6,,"By Harj Taggar We talk a lot about the AI revolution in terms of models, chips, and software. But to make it a reality, there needs to be a huge buildout of physical infrastructure like data centers and semiconductor fabs. And that's where we have a problem. While we're focused on the race for AI talent, we also have a shortage of skilled tradespeople—the electricians, the HVAC technicians, the welders—who are essential to building this physical infrastructure. The government's new AI Action plan creates a forcing function to solve this. There's a big emphasis on a ""worker-first"" agenda, and directions to the Departments of Labor and Commerce to fund new rapid retraining programs for exactly these kinds of physical labor jobs. This creates opportunities for startups. We want to fund startups building a new kind of vocational school for the AI economy to train people for these jobs. We think you could use AI to create personalized training programs to get people job-ready in months, not years. The challenge is, how do you teach someone to weld or fix pipes via AI? Unlike coding, you can't learn these skills by typing on a keyboard — you need to learn by practicing them in the real world. This is where multimodal AI could create opportunities — for example, maybe a voice AI could coach someone through these tasks. Or perhaps some combination of AR/VR could let people practice the work in simulation with an AI tutor using vision models to watch them and give feedback. It's clear how you'd make money from this business — employers would pay to hire your well-trained workers. In the past, these types of training businesses — like coding bootcamps — have struggled to expand because it's hard to scale the quality of human tutors, but AI might solve this problem too. If you can make one effective AI teacher, it'll scale infinitely. This is a chance to build a huge business that lets everyone benefit from and participate in the new AI economy that's changing the world. If you want to work on this, we'd love to hear from you.",1,https://web.archive.org/web/20250801091449/https://www.ycombinator.com/rfs,2051
seasonal,Fall 2025,"The First 10-person, $100B Company",20253,20250801091449,20260101122607,6,,"By Aaron Epstein Thanks to new AI tools, we believe it's now possible for small, high-agency teams – even solo founders – to build multi-billion dollar companies with as little as just $500k in funding from YC. 15 years ago, cloud computing came along and eliminated the need for spending tons of money on physical server infrastructure, making it easier to build a big company with way less capital. This is happening again now, with new AI tools that make it easier for ambitious founders to scale with far fewer people. That's why the best high-agency startups of the future will all optimize for one metric: revenue per employee. These small teams have incredible advantages over bloated incumbents, too. With smaller, efficient teams at scale, they won't get bogged down with the politics, excessive meetings, and lack of focus that grinds huge companies to a halt. They can just focus on winning with better speed and execution. We want to fund these high-agency founders to help them build the first 10-person, $100b dollar company.",1,https://web.archive.org/web/20250801091449/https://www.ycombinator.com/rfs,1039
seasonal,Fall 2025,Using LLMs Instead of Government Consulting,20253,20250801091449,20260101122607,6,,"By Gustaf Alstromer The U.S. government spends over $100 billion a year on consulting. As you might imagine, this isn't the most efficient or innovative part of our economy. But over the last couple of years, there have been a few big reasons we believe this will change. Most importantly, today, there is political pressure to cut wasteful consulting and spending. Every part of the government now runs on software, but usually custom software built by a consulting company, and anyone who has used this software knows we can do a lot better. Finally, LLMs today are so good that they can already do the jobs of many consulting firms. We've recently funded companies that help companies get approved to sell to the government, called FedRAMP. We've also recently funded companies that help the government cut regulation and use LLMs to help make sure the laws and policies coming out of the government are actually legal. We think there is a lot more work that government consulting firms like Deloitte and Accenture do for the government today, and we want to fund startups that build LLM software to do that work.",1,https://web.archive.org/web/20250801091449/https://www.ycombinator.com/rfs,1116
seasonal,Fall 2025,Video Generation as a Primitive,20253,20250801091449,20260101122607,6,,"By David Lieb Video generation models are getting really good. Google's Veo 3 already produces 8-second, photorealistic, sound-on clips for just a few dollars per video, often indistinguishable from reality. Soon, you'll be able to generate near-perfect footage of anything, on the fly, for a marginal cost approaching 0, and video will become a new basic building block for software. When this happens, a lot of new ideas become possible. It's definitely going to change media and entertainment: Imagine being able to create a brand new season of your favorite canceled TV series. Or a personalized kids cartoon starring your own family as the characters. Or an AI-native successor to TikTok, where every video is made for exactly one viewer. Video generation will also change how we buy things: Imagine you're shopping online, you'll be able to see yourself wearing the clothes or using the products you're browsing. And when you're apartment hunting, your stuff will be auto-staged in every listing you click on. This new primitive also opens up major changes to gaming and simulation: We'll have video games built with no game engine. We'll have APIs that return infinite robotic training data. And we'll definitely be able to have video calls with loved ones long after they're gone. And these are just the obvious ideas we can imagine today. We're interested in founders who treat generative video as a new computing primitive—not an output—and build new apps, tooling, and infrastructure for a world with limitless, low-latency video.",1,https://web.archive.org/web/20250801091449/https://www.ycombinator.com/rfs,1541
seasonal,Spring 2026,AI Guidance for Physical Work,20261,20260203133656,20260402165521,3,,"By David Lieb You know that scene in The Matrix, where Neo plugs a cable into the back of his head and wakes up a while later and says ""I know Kung Fu""? Physical work is about to get something similar – not through brain implants, but through real-time AI guidance. Much of the AI conversation focuses on which desk jobs will get replaced. But for physical work—stuff like field services, manufacturing, healthcare—AI can't yet act in the world. What it can do is see, reason, and guide the human who does. Imagine wearing a small camera while an AI sees what you see and talks you through the job: ""turn off that valve"", ""use the ⅜ inch wrench"", ""that part looks worn, replace it"". Instead of needing months or years of training, workers can become effective immediately, with AI coaching them and accessing new skills when needed. Why now? Three things have converged. First, multimodal models can now see and reason about real-world situations reliably. Second, the hardware is already everywhere – phones, AirPods, Smart Glasses. And third, skilled labor shortages make this economically urgent and a high wage job for millions of people. There are a few approaches you could take. The most obvious is to build this system and sell it to companies with existing workforces. Or, you could pick a vertical, like HVAC repair or nursing, and build a full-stack superpowered workforce. Or, you could build a platform that lets anyone sign up and become a skilled worker or start their own business. If you're interested in giving physical workers the same type of AI superpowers that Claude Code gives you, we'd love to see you apply.",1,https://web.archive.org/web/20260203133656/https://www.ycombinator.com/rfs,1633
seasonal,Spring 2026,AI for Government,20261,20260203133656,20260402165521,3,,"By Tom Blomfield The first wave of AI companies has helped businesses and normal people fill in forms and complete online applications with unprecedented speed and accuracy. On the flip side, many of these forms will be received by local, state, and federal government, where they're currently printing them out and processing them by hand. Government desperately needs AI tools to deal with the huge increase that's coming down the line. And the benefit is that it will also make government much more cost-effective and responsive. We've seen hints of this digital government in places like Estonia, but we need to spread it to the rest of the world. This kind of startup is not for the faint of heart. Selling to government is extremely hard, but once you've figured out how to land your first customer, they tend to be very sticky and can expand to huge contracts.",1,https://web.archive.org/web/20260203133656/https://www.ycombinator.com/rfs,867
seasonal,Spring 2026,AI-Native Agencies,20261,20260203133656,20260402165521,3,,"By Aaron Epstein Agencies have always been crazy hard to scale. Low margins, slow manual work, and the only way to grow is to add more people. But AI changes this. Now instead of selling software to customers to help them do the work, you can charge way more by using the software yourself and selling them the finished product at 100x the price. Think of a design firm that uses AI to produce custom design work for clients upfront, to win the business before the contract is even signed. Or an ad agency that uses AI to create stunning video ads without the time and expense of setting up a physical shoot. Or a law firm that uses AI to write legal docs in minutes, rather than weeks. That's why agencies of the future will look more like software companies, with software margins. And they'll scale far bigger than any agencies that exist in these fragmented markets today. If you're rethinking how agencies and service businesses of the future will be built, we'd love to hear from you.",1,https://web.archive.org/web/20260203133656/https://www.ycombinator.com/rfs,990
seasonal,Spring 2026,AI-Native Hedge Funds,20261,20260203133656,20260402165521,3,,"By Charlie Holtz In the 1980s, a small group of funds started using computers to analyze markets. At the time it seemed silly, but quantitative trading is now obvious. We're at a similar inflection point now, and the next Renaissance, Bridgewater, and D.E. Shaw's are going to be built on AI. The biggest funds in the world have been slow to adapt. I worked as a quant researcher at one of these funds, and when I asked compliance to let us use ChatGPT, I didn't even get a response. It made it clear to me that the hedge funds of the future won't just bolt AI onto their existing strategies. They'll use it to come up with entirely new ones. That's where the alpha is. We've already got swarms of Claude agents writing our codebases. Imagine swarms of agents doing what hedge fund traders do now - combing through 10-Ks, earnings calls, and SEC filings, synthesizing analyst ideas and making trades. An AI-native hedge fund will be the first to do this well.",1,https://web.archive.org/web/20260203133656/https://www.ycombinator.com/rfs,959
seasonal,Spring 2026,Cursor for Product Managers,20261,20260203133656,20260402165521,3,,"By Andrew Miklas Over the last few years, we've seen an explosion of AI tools for writing code. Cursor and Claude Code are great at helping teams build software once it's clear what needs to be built. But writing code is only part of building a product people want. The most important part is figuring out what to build in the first place! Every successful product requires product management: talking to users, understanding markets, synthesizing feedback, and deciding what problems are worth solving and how the product should work. Whether this process is done by founders, engineers, or product managers, the activity is the same. Historically, the output has been product requirements docs, Figma mocks, and Jira tickets — artifacts designed to communicate intent to human engineers. Today, teams use AI in isolated parts of this process, but there's no system that supports the full loop of product discovery. Imagine a tool where you upload customer interviews and product usage data, ask ""what should we build next?"", and get the outline of a new feature complete with an explanation based on customer feedback as to why this is a change worth making. The tool would also propose specific changes to your product's UI, data model, and workflows, and would break down the development tasks so they could be handled by your favorite coding agent. We think there's an opportunity to build a ""Cursor for product management"": an AI-native system focused on helping teams figure out what to build, not just how to build it. As agents increasingly take the first pass at implementation, the way we define and communicate ""what to build"" needs to change. If you're building in this space, we'd love to hear from you.",1,https://web.archive.org/web/20260203133656/https://www.ycombinator.com/rfs,1717
seasonal,Spring 2026,Modern Metal Mills,20261,20260203133656,20260402165521,3,,"By Zane Hengsperger When people talk about reindustrializing America, they usually focus on labor costs or geopolitics. But a bigger problem is hiding in plain sight: American metal mills are slow by design. If you buy rolled aluminum or steel tube in the U.S., lead times of 8 to 30 weeks are normal. Most buyers can't even purchase directly from mills. And despite high prices, mills still operate on thin margins. That's not because demand is weak or workers are unskilled—it's because the systems running these mills were designed decades ago. Production planning, scheduling, quoting, and execution are fragmented. Mills optimize for tonnage and utilization, not speed, flexibility, or margin. Short runs and spec changes are treated as disruptions instead of opportunities. Automation has lagged at the exact moment the workforce is shrinking. Material handling, changeovers, inspection, and quality control still rely on tribal knowledge held by a few experienced operators. Automation is mostly used to push more tons through a slow system, not to eliminate setup time or variability. Energy is the other half of the problem. Aluminum and steel are extremely energy-intensive, yet most mills rely on legacy power contracts and inflexible grids. New energy models—on-site generation, smarter power management, even next-generation nuclear—could dramatically reduce costs, but they're rarely designed into mills from the start. What's changed is that software and energy technology are finally good enough to rethink the entire system. AI-driven planning, real-time MES, and modern automation can compress lead times and raise margins at the same time. We think this creates an opportunity to build modern, software-defined American mills—especially in aluminum rolling and steel tube—where long lead times and energy costs are most entrenched. Modernizing mills isn't just about going faster. It's about making domestic metal cheaper, more flexible, and more profitable—and rebuilding the industrial foundation of the U.S.",1,https://web.archive.org/web/20260203133656/https://www.ycombinator.com/rfs,2029
seasonal,Spring 2026,Stablecoin Financial Services,20261,20260203133656,20260402165521,3,,"By Daivik Goel Stablecoins are rapidly becoming critical infrastructure for global finance, yet much of the financial services layer remains unbuilt. The GENIUS and CLARITY Acts are placing stablecoins in a unique position between DeFi and TradFi, compliant but crypto-native. This creates room for financial services that offer DeFi benefits like better yield or access to tokenized real-world assets while operating under traditional compliance frameworks. Today, businesses and individuals must choose between regulated financial products with limited upside and unregulated crypto with real risk. Stablecoins sitting in the regulatory middle ground can bridge this gap, whether that's yield-bearing accounts, new investment access, or infrastructure that makes money move faster and cheaper across borders. The regulatory window is open. The rails are being laid. It's the perfect time to build something that blurs the line between the two worlds.",1,https://web.archive.org/web/20260203133656/https://www.ycombinator.com/rfs,952
seasonal,Spring 2026,Infra for Government Fraud Hunters,20261,20260306120144,20260402165521,2,,"By Garry Tan We want to fund startups that bring government fraud investigation into the modern era. Government is the biggest customer on earth—it spends trillions annually at the federal, state and local levels, and it hemorrhages a commensurate amount in fraud. Medicare alone loses tens of billions a year to improper payments. One of the most effective ways to claw this money back at scale is the qui tam provision under the False Claims Act. This lets private citizens file lawsuits on behalf of the government against companies defrauding it. If the case succeeds, these citizens get to keep a percentage of whatever's recovered. At the moment, this process is painfully slow: An insider tips off a law firm, and then the firm spends months or years manually pulling documents and building the case. This should be accelerated with software. Not dashboards, but intelligent systems that can take an insider tip and organize the evidence around it—parsing messy PDFs, tracing opaque corporate structures, and packaging the findings into complaint-ready files. Some startups are already filing FCA claims themselves, but we think there's a big opportunity to build tools that dramatically speed up whistleblower law firms, state AGs, and inspectors general. Founder profile matters here. We're looking for teams where at least one founder has actually done work like this, whether that's a former FCA counsel, compliance lead or auditor. Now is the time to build this: the AI capabilities are finally here, and there's bipartisan tailwind to act. If you can make fraud recovery 10x faster, you'll build a huge business — and return billions to taxpayers.",1,https://web.archive.org/web/20260306120144/https://www.ycombinator.com/rfs,1660
seasonal,Spring 2026,Large Spatial Models,20261,20260306120144,20260402165521,2,,"By Ryan McLinko Large language models have driven most of the recent breakthroughs in AI, but their impact has been constrained to domains that can be expressed primarily through language. Unlocking the next wave of AI capability, and enabling artificial general intelligence, will require models that are capable of spatial reasoning. Today's systems can handle limited spatial tasks, such as basic relationships or depth estimation, but they cannot robustly reason about spatial manipulation, 2D and 3D features, their relationships, or operations like mental rotation. This limits AI's ability to understand and interact with the physical world. There is an opportunity to build large-scale spatial reasoning models that treat geometry and physical structure as first-class primitives, not approximations layered on top of language. Such models would enable AI systems to reason about and design real-world objects and environments. A company that succeeds in building this capability could define the next AI foundation model, on the scale of OpenAI or Anthropic.",1,https://web.archive.org/web/20260306120144/https://www.ycombinator.com/rfs,1067
seasonal,Spring 2026,Make LLMs Easy to Train,20261,20260306120144,20260402165521,2,,"By Gabriel Birnbaum Training large language models is still surprisingly difficult. My co-founder Eric and I have spent the last three years training diffusion and language models at Can of Soup, and despite all the attention AI has received, the tooling has barely improved. On any given day we may spend significant time dealing with broken SDKs, SSHing into busted GPU instances (that you only find out are busted after spinning them up for half an hour), or discovering major bugs in open-source tooling. Not to mention the work of managing, sourcing, processing, and visualizing terabytes of data. I'd love to use products that make LLM training easy. • APIs that abstract training. • Databases to easily manage very large datasets. • Dev environments built with ML research in mind. As post-training and model specialization become more important, I could see these products becoming the foundation of how software is built in the future.",1,https://web.archive.org/web/20260306120144/https://www.ycombinator.com/rfs,944
seasonal,Summer 2026,AI Personalized Medicine,20262,20260501000432,20260708135218,3,Ankit Gupta,"Intelligent agents are enabling a new level of personalization in medical care. We can now use an agent harness like Claude Code to analyze personalized health data, whether that be a diagnostic test, genome scan, EHR data, or wearables information to get highly accurate, user-specific suggestions. At the same time, two big revolutions in science are occurring. First, the cost of generating personalized diagnostics is plummeting. The cost of genome sequencing has fallen at a rate faster than Moore's law, and a variety of new diagnostics are entering the market enabling early detection of a variety of health signals. Second, the cost of printing n of 1 genetic therapies is plummeting. We can now design and deliver personalized medicines through delivery vectors like mRNA, and the FDA has expressed more openness to letting patients try out these procedures. We think these factors collectively are going to bring about a revolution in care delivery. Abundant data and intelligence can help patients more accurately assess their disease risk and democratize access to treatments for the most serious illnesses. To enable this, we believe a wide variety of new startups will support every step of this ecosystem. If you're building for the future of intelligent personalized care, we'd love to hear from you.",1,https://web.archive.org/web/20260501000432/https://www.ycombinator.com/rfs,1316
seasonal,Summer 2026,AI for Low-Pesticide Agriculture,20262,20260501000432,20260708135218,3,Garry Tan,"Modern agriculture runs on chemicals. That worked for a while. But now the cracks are obvious. Pesticide residues are everywhere: in food, in water, in soil. People worldwide are worrying about long-term health risks with glyphosate. At the same time, nature is adapting. Weeds and pests evolve. What used to work stops working. So farmers spray more. Costs go up. Margins go down. The pipeline for new chemicals? Slower and more expensive than ever. Farmers are stuck in a bad loop: Use more chemicals → get diminishing results → pay more → take on more risk. And yet they can't just stop. If pests win, crops die. Food prices go up. People might starve. It's existential. For a long time, this looked like an unsolvable problem. Now it doesn't. A few things changed all at once: AI can now see. It can identify individual weeds and pests in real time. Sensors and cameras got cheap enough to put everywhere. Robotics can act with precision, treating one plant instead of blanketing an entire field. And biology is catching up too: Microbes, peptides, RNA-based solutions; these aren't science fiction anymore. They can replace entire classes of synthetic chemicals. We can engineer plants to defend themselves. To outcompete weeds. To need less external input. And of course, so is AI. Real science breakthroughs will be augmented by AGI, and now's the time to see it. This is a massive shift. Agriculture is one of the biggest markets in the world. If you can lower costs and increase yields at the same time, adoption isn't slow. It's explosive. The company that cuts pesticide use by 90% and helps farmers grow more food? That's not just a good business. That's a generational company. If you're working on this, if you're building tools that help farmers produce more with fewer chemicals, we want to talk.",1,https://web.archive.org/web/20260501000432/https://www.ycombinator.com/rfs,1812
seasonal,Summer 2026,AI-Native Discovery Engines,20262,20260501000432,20260708135218,3,Jon Xu,"For centuries, scientific discovery has run on the same loop: hypothesize, experiment, interpret, repeat. The loop works, but it's slow—and every step requires significant human effort to advance. That's changing fast as frontier models have reached PhD-level performance on many scientific reasoning benchmarks. Models can now assist researchers in proposing hypotheses, generating experiments, analyzing data, and suggesting next steps in discovery. Increasingly, the frontier is shifting from copilot research assistants to intelligent systems that can run closed discovery loops. We're already seeing this in specific domains. In drug discovery, materials science, and protein engineering, intelligent systems are starting to run the full design-make-test-analyze loop: models propose candidate molecules, automated labs synthesize and test them, and the results feed back in to iteratively improve candidates. The companies that make meaningful contributions to scientific progress won't just sell research copilots. They'll be AI-native discovery engines that work alongside researchers to propose and validate hypotheses. If you're building this, we want to talk to you.",1,https://web.archive.org/web/20260501000432/https://www.ycombinator.com/rfs,1177
seasonal,Summer 2026,AI-Native Service Companies,20262,20260501000432,20260708135218,3,Gustaf Alströmer,"AI models are improving really fast, and they're now able to do complex work far beyond engineering. Historically, services became SaaS software. More recently, they became AI copilots. That's what most startups from 2023 to 2025 built: tools that help people do their jobs. What we're excited about now is the next step: AI-native companies that don't sell software—they sell the service. Instead of giving you a tool, they just do the work. The reason this matters is simple. The total spend on services is many times larger than the spend on software. And a lot of these services are already outsourced, which makes them much easier to replace with an AI-native product. We're especially interested in areas like: - Insurance brokerage - Accounting, tax, and audit - Compliance - Healthcare administration If you're building a company that replaces a service—not just improves it—we'd love to hear from you.",1,https://web.archive.org/web/20260501000432/https://www.ycombinator.com/rfs,910
seasonal,Summer 2026,Company Brain,20262,20260501000432,20260708135218,3,Tom Blomfield,"The biggest blocker to AI automation of companies is no longer the models, they just got so good so quickly. Now the blocker is the domain knowledge. Every company has critical know-how scattered everywhere. Some of it lives in people's heads. Some of it is buried in old email accounts, Slack threads, support tickets, and databases. The company works because humans vaguely remember where that knowledge is and how to apply it. But AI agents can't operate like that. If we want every company to run on AI automation, we need a new primitive: a company brain. We need Garry's G-Brain, but for every business in the world. A system that pulls knowledge out of all these fragmented sources, structures it, keeps it current, and turns it into an executable skills file for AI. This isn't a company-wide search or a chatbot over documents. It's a living map of how a company works: how refunds get handled, how pricing exceptions are decided or how engineers respond to incidents. Then AI systems can use that skills file to actually do the work safely and consistently. The company brain becomes the missing layer between raw company data and reliable AI automation. I think every company in the world is going to need one. If you're building this, you should apply to YC.",1,https://web.archive.org/web/20260501000432/https://www.ycombinator.com/rfs,1270
seasonal,Summer 2026,Counter-Swarm Defense,20262,20260501000432,20260708135218,3,Tyler Bosmeny,"Last month, a swarm of cheap Iranian drones took out an AWS data center. Nobody stopped them. Now imagine an incoming swarm of a thousand coordinated drones. We'd stand no chance. While everyone is racing to stop individual drones, the next wave is coming and it's worse: not one drone, but swarms. Cheap, autonomous, jam-resistant, and lethal. A Patriot missile costs three million dollars. An FPV drone? Five hundred bucks. All of the cost advantage lies with the attackers. We are not ready. Today, counter-drone defense is a messy pile of radars, cameras, jammers, interceptors, humans with binoculars, and systems that don't talk to each other. That might work against a hobby drone. It will not work against a swarm. I want to fund founders building the counter-swarm stack. That could mean high-capacity interceptors — a single platform that neutralizes fifty drones, not one. Software that fuses every sensor and every defender on a site into a single real-time picture. We need non-kinetic defenses that don't exist yet: aerosols that foul rotors, streamers that entangle swarms. We need new attacks on the autonomy stack itself now that radio jamming is becoming obsolete. The key insight is drone defense is looking less and less like operating a weapon and more like running a real-time distributed system. The winning companies will look more like Cloudflare than Raytheon. If you're working on the future of drone defense, and how we can restore the cost advantage to defenders — we want to hear from you.",1,https://web.archive.org/web/20260501000432/https://www.ycombinator.com/rfs,1519
seasonal,Summer 2026,Dynamic Software Interfaces,20262,20260501000432,20260708135218,3,Ankit Gupta,"Before AI, users of a piece of software all interacted with the same interface. There were only light customizations like a few different views or theme and color options. When users think about ""personalization"" like on Netflix, it still has the same layout for everyone, just different imagery. As a result, most software has a one-sized-fits-all feel rather than being hypercustomized to a user. As an example: the way I use an email is very different from how most college students use email, yet all email clients look basically the same. The exception is in enterprise software, where forward deployed engineers customize software for each customer to make it a great experience for them. We think that coding agents have now gotten good enough to allow users to become their own forward deployed engineers and more radically customize the software they consume. I'm imagining users designing widely different interfaces for their use cases — perhaps my email client looks more like a task list, and a students' looks more like an events calendar. But these two interfaces likely share some underlying primitives and design decisions that a software team can build and ship. We think that in the future, software companies will ship these shared primitives with full intention that users will heavily modify the final interfaces. To enable this future, we will have to rethink the whole stack of software delivery. How will a developer make software that can be accessed by the user's coding agents? Do they have to deliver source code rather than packaged binaries? Can they only modify front-end visual elements, or are there ways for them to modify middleware on the fly to enable more interesting use-cases? If you're a radical thinker looking to define the future of software, we'd love to hear from you.",1,https://web.archive.org/web/20260501000432/https://www.ycombinator.com/rfs,1815
seasonal,Summer 2026,Electronics in Space,20262,20260501000432,20260708135218,3,Philip Johnston,"We are about to see an absolutely huge increase in the capacity that humanity has to put things in space because of reusable rockets from SpaceX and Stoke Space. This means that we're going to need enormous amounts of new compute capacity in space. The particular electronics in space we'd like to see is inference chips. There's going to be an absolutely enormous market for inference chips in space. What we mean by chips in space is something that is slightly optimized for mass, slightly optimized for thermal, and slightly optimized for radiation. If you are working at SpaceX or NVIDIA and you've been spending time doing chip design, then Y Combinator would love to hear from you.",1,https://web.archive.org/web/20260501000432/https://www.ycombinator.com/rfs,687
seasonal,Summer 2026,Hardware Supply Chain,20262,20260501000432,20260708135218,3,Nicolas Dessaigne,"We are funding more and more hardware companies, from medical devices to home robots to space companies. But building hardware in the US is still far too slow compared to China. In Shenzhen, a team can go from design to a new physical part in a day. In the US, that same loop often takes weeks. And that gap compounds. The problem isn't just the supply chain. It's iteration speed. China wins because hardware teams can move fast. They have dense supplier networks, rapid turnaround, and tight coordination between design and production. In the US, this system barely exists. A few startups are starting to build parts of it. For example, Hlabs (W26) is building actuators; Prototyping.io (P26) helps turn designs into mechanical parts in days. But the overall stack is still missing. We believe the next generation of great hardware companies will be built on much faster iteration loops. We're especially interested in startups that: - produce parts dramatically faster - enable rapid hardware iteration - tightly integrate design, manufacturing, and logistics If you're helping hardware teams move at an order of magnitude faster, we want to hear from you.",1,https://web.archive.org/web/20260501000432/https://www.ycombinator.com/rfs,1159
seasonal,Summer 2026,Industrial Capabilities in Space,20262,20260501000432,20260708135218,3,Adi Oltean,"The broad idea we would like to see is developing industrial capabilities on the moon and in space, particularly extracting raw materials such as silicon, aluminum, iron, and titanium through electrolysis and 3D printing of complex structures from molten regolith on the moon, which should be more efficient than on Earth due to lack of supports. If you are working on something like that in the space, then Y Combinator would like to hear from you.",1,https://web.archive.org/web/20260501000432/https://www.ycombinator.com/rfs,449
seasonal,Summer 2026,Inference Chips for Agent Workflows,20262,20260501000432,20260708135218,3,Diana Hu,"Most AI chips are designed for a world where inference means ""prompt in, response out."" Agents don't work that way. They loop: calling tools, branching, backtracking, holding context across dozens of steps. That's a completely different hardware problem. Current GPUs hit 30 to 40 percent of peak utilization on these workloads because the work is bursty, bouncing between memory-bound model calls, I/O-bound tool use, and CPU-bound orchestration. That gap is where purpose-built silicon wins. NVIDIA bought Groq for $20 billion because it saw this coming. Google built TPU v7 for inference specifically. But nobody's designing for the agent loop itself: fast context switching between models, native speculative decoding, memory built for KV caches that persist across an entire execution graph. Groq's real insight wasn't the chip. It was the compiler that made the chip work. We think that'll be true for whoever builds this next. If you understand both chip architecture and how agents actually execute, this is a rare moment where both halves of that experience matter. If you're building inference silicon for agentic AI, we'd love to hear from you.",1,https://web.archive.org/web/20260501000432/https://www.ycombinator.com/rfs,1155
seasonal,Summer 2026,SaaS Challengers,20262,20260501000432,20260708135218,3,Jared Friedman,"Everyone's talking about how AI coding means the end of SaaS. Investors have wiped trillions off software market caps. Well, that might be bad news for incumbents, but it's good news for startups. If the incumbents really are this vulnerable, it should be the biggest startup opportunity in a decade. So, go build a challenger! The SaaS model won because custom software was too expensive. A five-person startup couldn't outbuild Salesforce. But AI has collapsed the cost of producing software by 10-100x, and that changes everything. The moat that once protected legacy SaaS — millions of lines of code, built over decades — is gone. There's a spectrum of ways to attack this. The simplest: clone an existing product and sell it for one-tenth the price. But you can go much further. You can build a product that's AI-native from the ground up. Not a chatbot bolted onto a 2010 UI, but software that fundamentally rethinks the workflow. You can take ten SaaS point solutions and bundle them into a single suite. You can build an open-source replacement for a product that costs $50K per seat and give it away, then monetize through services and hosting. Most people drawn to this idea start with simple targets like project management tools. We'd encourage you to think bigger. Go after the products that seem invulnerable: chip design software, ERPs, industrial control systems, supply chain management. The giant, 10-million-line codebases that have been untouchable for decades. The last generation of great software companies was built by replacing on-premise with cloud. The next generation will be built by replacing legacy SaaS with AI-native software.",1,https://web.archive.org/web/20260501000432/https://www.ycombinator.com/rfs,1659
seasonal,Summer 2026,Software for Agents,20262,20260501000432,20260708135218,3,Aaron Epstein,"The next trillion users on the internet won't be people, they'll be AI agents. And now is the time to ""Make Something Agents Want"". Agents are already browsing the web, doing research, making purchases, and managing legacy CRMs – but they're doing it on top of software that was designed for humans clicking buttons in a browser, which is slow, inconsistent, and brittle. Agents need a completely different foundation. Instead of visual interfaces like forms, buttons, and dashboards, they need machine-readable interfaces like APIs, MCPs, and CLIs. Agents also need thorough documentation, to enable them to discover, sign up for, and instantly start using new tools programmatically, without needing a human in the loop. That means every major category of software that people use today needs to be rebuilt for agents. And the new agent-first software won't come from incumbents bolting on agent support, it'll come from startups that build explicitly for agents as first-class citizens. While everyone else is building agents, the biggest opportunity might be building the software those agents depend on. So if you're Making Something Agents Want, we'd love to hear from you.",1,https://web.archive.org/web/20260501000432/https://www.ycombinator.com/rfs,1179
seasonal,Summer 2026,Startups That Want to Sell to Huge Companies,20262,20260501000432,20260708135218,3,Harshita Arora and Brad Flora,"One of PG's wisest pieces of advice has always been that startups should sell to other startups. It's always been a hack to quickly get really smart, forward-thinking users that can help you shape your product into something awesome and important. It turns out there's another type of company that has really smart, forward-thinking buyers but it's one that's been out of reach to startup founders until AI came along: Massive Enterprises. We're not talking about just ""big"" companies, we're talking about the biggest companies in the world, which, it turns out, are run by incredibly smart, forward-thinking people. It's just always been too hard to get a hold of the right people there, too hard to build a product with the right depth and mix of features for a big company to use quickly and too low ROI for these companies to take on the risk of working with an early stage company. AI has changed the score on all three of these fronts: the people running these companies, again not just ""big companies,"" but ""the biggest companies in the world"" F100 size companies, aren't hiding behind their computers, they're out there looking for teams that can bend AI to solve key problems for them. In the last 3 years for the first time ever we've seen YC companies land pilots and actual multimillion dollar deals within their first year if not during the actual YC batch. It's not unusual at all to see a company's first customer be one of the largest companies in the world. The buyers are awake and want to talk. Second AI has made it possible for the first time for small teams to ship incredibly thoughtful, nuanced products to large orgs in months, not years. The meme where some startups want to operate in stealth for 3 years until they reach feature parity with incumbents before launching is dead. For the first time a 2-3 person team can ship something a Fortune 10 can find useful before the ink is dry on their incorporation docs. Finally, leaders at these companies understand where their companies should create value internally, what they should outsource and what will happen to their companies if they don't adapt. Again, these companies are run by really smart people. We think this is a terrific environment for founders to sell into and want to back more teams that want to go after deals with the most famous, important customers in the world.",1,https://web.archive.org/web/20260501000432/https://www.ycombinator.com/rfs,2363
seasonal,Summer 2026,Supply Chain 2.0 for Semiconductors,20262,20260501000432,20260708135218,3,Diana Hu,"A single advanced AI chip goes through about 1,400 process steps, crosses a dozen countries, and takes five months to build. This supply chain is managed with spreadsheets, SAP, and phone calls. In 2021 a $300 chip held up a $50,000 car, and $210 billion in vehicles didn't get built. Companies could see their direct suppliers but had zero visibility into the second and third tiers. It's gotten worse. TSMC's advanced packaging is the single biggest bottleneck in AI compute right now, and NVIDIA has locked up over 60 percent of it. HBM memory is booked through 2026. Export controls change quarterly. At the same time the CHIPS Act is standing up new American fabs in Arizona, Texas, Ohio, and New York, each needing a supply chain built nearly from scratch. Almost none of the tooling you'd expect exists: real-time allocation tracking, multi-tier risk monitoring, export compliance. You need to understand wafer allocation and packaging constraints at a deep level to build this, which is exactly why it's a startup opportunity and not a feature inside SAP. If you're building supply chain 2.0 for chips, we'd love to talk.",1,https://web.archive.org/web/20260501000432/https://www.ycombinator.com/rfs,1129
seasonal,Summer 2026,The AI Operating System for Companies,20262,20260501000432,20260708135218,3,Diana Hu,"The best AI-native companies we're seeing have figured out something most haven't: they've made their entire company queryable. Every meeting recorded, every ticket tracked, every customer interaction captured, all legible to an intelligence layer that learns from it. This turns a company from an open loop into a closed loop. In an open loop, you make a decision and maybe check the results weeks later. In a closed loop, the system monitors what's happening, compares it to what should be happening, and adjusts. I've seen teams that do this cut sprint time in half and ship twice as much. The problem is building this today requires brutal integration work, stitching together Slack, Linear, GitHub, Notion, call recordings, and a dozen other tools with custom glue code. There's no product that connects all this context into a single intelligence layer that can reason across it, flag when engineering is building the wrong thing, or generate specs agents can execute on. We think there's a big opportunity to build the connective layer that makes a company legible to AI by default. Not another dashboard. The system that turns a company's own artifacts into a self-improving loop. If you're building this, we'd love to talk.",1,https://web.archive.org/web/20260501000432/https://www.ycombinator.com/rfs,1232
seasonal,Fall 2026,A Cloud for Small Software,20263,20260807171507,20260906000000,3,Pete Koomen,"Using agents to build personal software to solve your own problems is a lot of fun. This is ""Small Software"". Purpose-built tools that will only ever have one or a small handful of users. Small software is useful for teams too: Every team does things differently, and there's unlimited demand for bespoke tools for running workflows, tracking important numbers, managing sprints, sharing prototypes, and so on. Software like this is now very easy to build, but still hard to deploy and share. Incumbent clouds like Azure and AWS were designed for shipping Big Software that scales with many users… at the cost of complexity. A cloud designed for small software could delete most of this complexity and unlock a big set of new use cases that agents have only recently made possible. At the same time, there are other hard problems to solve: every company will want to customize the environment this software runs in, auth & permissions are hard, and allowing nontechnical users to share arbitrary code is tricky to do securely. Small software should be as easy to share with your colleagues as a Google Doc. If you're working on something like this, we'd love to hear from you.",1,https://web.archive.org/web/20260807171507/https://www.ycombinator.com/rfs,1176
seasonal,Fall 2026,AI for the Aging Population,20263,20260807171507,20260906000000,3,Max Kolysh,"By 2030, one in five Americans will be over 65, and there's nowhere near enough people to take care of everyone. The US is projected to have millions of unfilled caregiving jobs within the decade, and 53 million family members are already doing this work unpaid. Meanwhile, almost no technology is actually built for older people. Even Alexa and Google Home are frustrating for most seniors to use. AI finally makes a new class of products possible: voice interfaces that can hold real conversations, monitoring that helps older adults stay safe and independent, robotics that can assist with physical tasks around the home, and software that helps family caregivers coordinate care, appointments, and emergencies. This is one of the largest, most underserved markets in the world, and it's growing every single day. If you're building for the aging population, we'd love to hear from you.",1,https://web.archive.org/web/20260807171507/https://www.ycombinator.com/rfs,889
seasonal,Fall 2026,AI-Native Compliance Infrastructure,20263,20260807171507,20260906000000,3,Daivik Goel,"Financial compliance is still stitched together with spreadsheets, siloed tools, and expensive headcount. Companies hire chief compliance officers and assemble stacks of point solutions just to understand what's happening under the hood. As businesses expand into new markets, the complexity compounds and the cost of staying compliant grows faster than revenue. This is an AI-native problem. Most compliance work is monitoring regulatory changes, flagging anomalies, generating reports, and keeping audit trails. These are tasks that AI can handle faster and cheaper than humans. Yet most solutions today are still built around manual workflows and human review bottlenecks. The pain is especially acute for businesses navigating state-by-state licensing, renewal cycles, audits, and regulatory patchwork that varies widely across jurisdictions. The current process is slow, fragmented, and expensive, often requiring dedicated legal teams just to maintain what you already have. We're looking for founders building compliance infrastructure that consolidates fragmented tools, reduces reliance on specialized headcount, and gives finance teams real-time visibility across regulatory regimes. The best version of this doesn't just automate existing processes, but rethinks what compliance operations look like when AI is the default. The companies that get this right will become essential infrastructure for any business operating globally. If you're building in compliance infrastructure, please apply!",1,https://web.archive.org/web/20260807171507/https://www.ycombinator.com/rfs,1505
seasonal,Fall 2026,AI-Powered Consumer Products for 1 Billion People,20263,20260807171507,20260906000000,3,Raphael Schaad,"Every platform shift mints consumer giants. The web gave us Google + Airbnb. Mobile gave us Instagram + DoorDash. AI is the biggest shift YET. But three years in, the only new icon on your home screen is ChatGPT. So why do we think NOW is a great time to build AI-powered consumer products? Intelligence just got good enough: you can treat an agent like a person. And it's about to get cheap enough, too: today, the magic can run $1,000 a month in tokens for each user, but that is falling 10x a year. Follow the curve, and you can predict the consumer moment: it lands very soon. Whoever builds now, owns it. What do you build? How we get things done, get around, learn, stay healthy, manage our money, play, connect with friends. It all opens up again. CONSUMER is going to be so back. If you're building for a billion people, we'd love to hear from you.",1,https://web.archive.org/web/20260807171507/https://www.ycombinator.com/rfs,856
seasonal,Fall 2026,Compute at Sea,20263,20260807171507,20260906000000,3,Francois Chaubard,"Artificial intelligence is running out of compute. And data centers are running out of electricity and land. The demand for data centers is insatiable. But new data centers can take years for approval and enough megawatts, and still could get killed by local government intervention. While communities increasingly oppose the land, the water is open. It sounds crazy, but we think part of the answer may be to move compute offshore. The ocean is 70% of the Earth's surface area, has abundant sunlight, no permitting process, and is an enormous natural heat sink that is already getting hit by the sun all day anyway. Think of them as compute flotillas: many standardized, modular vessels operating together as one global cloud. We want to fund founders who are bringing the world's compute to the oceans.",1,https://web.archive.org/web/20260807171507/https://www.ycombinator.com/rfs,804
seasonal,Fall 2026,Data for the Real World,20263,20260807171507,20260906000000,3,Austin Tindle and Diana Hu,"AI has gotten remarkably good at learning from data. We now have superhuman models for code, language, and images. But for the physical world? We're still working with sparse data from remote sensors designed for humans, not AI. With improving foundation models and plummeting sensor costs, dense physical-world data collection is now feasible. And it's happening. Gecko Robotics uses robots to collect data in hard-to-reach places and builds predictive models. At Sorcerer, we use autonomous weather balloons to collect data about the atmosphere, which the US government uses to make better weather forecasts. And the opportunity is much bigger. The world's biggest industries are in energy, agriculture, logistics, and construction. They rely on limited data and intuition-based models. More real-world data enables precise modeling. And once you can model a system, you can control it. Steering hurricanes. Reversing desertification. Cooling the planet. We're interested in more companies like Sorcerer building new ways to collect physical-world data. If you're working on this, we'd love to hear from you!",1,https://web.archive.org/web/20260807171507/https://www.ycombinator.com/rfs,1110
seasonal,Fall 2026,Multiplayer AI,20263,20260807171507,20260906000000,3,Aaron Epstein,"The best work tools of the last two decades won by going multiplayer. Google Docs replaced Microsoft Word. Figma beat Photoshop. And they turned solo tools into places where teams do their best work together. But AI hasn't had its multiplayer moment yet. AI agents are the most powerful new tool a team has, but it's the one thing people still use by themselves. That's because right now, working with AI is largely single-player. You open a chat, type a prompt, and get an answer, in a box only you can see. When you want to collaborate with your teammates and agents, the best you can do is send a link to a read-only transcript they can't touch. That's about to change. Agents are starting to run tasks that take hours, days, even weeks. Work at that scale was never meant to be done alone, and pulls in many people across a company. Anyone on a team should be able to drop into the same live agent session to watch it work, redirect it, and hand it off, the way they'd work with any other human team member. This turns the work a team does with agents into a shared, living thing instead of a thousand private threads. We think there's a version of this for every kind of work. Shared agents for engineers coding together in real time. For sales teams working a deal together. For support teams resolving a ticket. For lawyers drafting a contract, analysts building a model, and marketers shipping a campaign. Anywhere a team already crowds around one problem, there should be multiplayer agents they all share. So if you're building AI that's multiplayer by default, we'd love to hear from you.",1,https://web.archive.org/web/20260807171507/https://www.ycombinator.com/rfs,1599
seasonal,Fall 2026,New Operating Systems for the Physical World,20263,20260807171507,20260906000000,3,Charlie Warren,"80% of the global workforce doesn't sit at a desk. But the software for the physical world hasn't really changed in over 20 years. In construction, maintenance, and fleet operations, the software basically does some combination of: dispatching people, tracking them, managing assets, and billing the customer. We're excited about how AI changes that entire model of work. There are now three kinds of workers: - AI agents that can quote complex work and schedule teams. - Robots actually deployed in the field. - And humans who increasingly use wearables to record everything they're doing. Today's operating systems weren't designed to manage all three types of workers. And this creates all sorts of cool new opportunities for a startup. How do you route a job between an agent, a robot, and a person? What does safety look like when humans and robots work literally side-by-side? And how do you measure reliability? The opportunity here is heck of a lot bigger than the existing software. The incumbents charge for human coordination and visibility. The new operating systems will manage the robot and human labor together. And these industries spend 10 to 100x more on labor than software. There's another reason you should build here. You'll record all the work as it actually happens. The frontier models, robotics startups, or software incumbents won't have that kind of end-to-end data. So if you're building this new kind of operating system for the physical world, we'd love to hear from you.",1,https://web.archive.org/web/20260807171507/https://www.ycombinator.com/rfs,1502
seasonal,Fall 2026,Proving You're Human,20263,20260807171507,20260906000000,3,Max Kolysh,"Recently, a finance worker joined a video call with his CFO and several colleagues, and wired out $25 million. Every other person on that call turned out to be a deepfake. This isn't science fiction anymore. Voice clones and fake video calls are getting cheap and ultra-realistic, and fraud like this is exploding. The scary part is we don't have a good way to tell who's real anymore. It used to be that if you saw someone's face or heard their voice, that was enough. Not anymore. Every trust signal we have was built for a world where faking a human was expensive, and that world is gone. So we think one of the most important problems of the next decade is rebuilding the trust layer of the internet: knowing there's a verified human on the other end of a call, a message, a transaction. We don't know exactly what the solution looks like. Ideally it's one that doesn't make everyone give up their privacy. And it's not just about stopping scams. Imagine Twitter with no bots in the replies, dating apps where every match is a real person, and reviews written by people who actually bought the thing. Whoever builds this becomes the layer every bank, app, and video call checks before it trusts anyone. If you're working on this, we'd love to hear from you.",1,https://web.archive.org/web/20260807171507/https://www.ycombinator.com/rfs,1261
seasonal,Fall 2026,Self-Maintaining APIs,20263,20260807171507,20260906000000,3,Harsha Gaddipati,"Over the past year, I've worked with over 50 API vendors, mostly early-stage startups. One pattern is consistent: API communication is broken. Breaking changes ship with little warning. Useful features quietly launch and go unnoticed. Changelogs don't get read. Heck, when I worked at AWS, over 30% of our service downtime was due to external api/package changes going unnoticed. This friction made sense before agentic coding tools existed. However, now it doesn't. Agentic coding tools like Claude Code, Devin, Greptile, etc prove that developers and enterprises are willing to give codebase access to external tools, provided they're valuable. Two years ago, this was unthinkable. Now it's standard practice. The infrastructure for automated code changes exists. What's missing is the application layer connecting API providers to their customers' codebases. API providers shouldn't just announce changes; they should apply them. When Stripe ships a breaking change or a new feature, an agent should scan customer codebases, identify affected usages, and open a PR with the fix. This could work as per-provider agents. ""Install Stripe's update agent"", or as a neutral third-party service tracking changes across vendors, like Dependabot but for APIs. If you're working on this, consider applying to YC.",1,https://web.archive.org/web/20260807171507/https://www.ycombinator.com/rfs,1305
seasonal,Fall 2026,The Best Time to Build in Crypto,20263,20260807171507,20260906000000,3,Nemil Dalal,"It's a dispiriting moment in crypto: prices are down, hot narratives have fallen flat, and many builders are leaving. It sounds crazy, but at Y Combinator we're more optimistic than ever. We've invested in more than 100 crypto startups, but we expect that number to go up a lot. Eventually, we expect every YC startup to use crypto rails from capital raising to payments, though most will probably never even know. Here's why we're bullish. Many YC-funded fintechs way outside crypto are building on crypto, like Deel and Gusto. Regulatory clarity is finally here, stablecoins are being adopted by every major financial institution, tokenized stocks are transforming trading. Projects like Hyperliquid, with a tiny team, are making the top stock exchanges squeamish about their edge. And it feels inevitable that agents are going to use crypto networks as financial rails. Just as importantly, bear markets let the real projects build and thrive while bull markets are the worst time to build. In crypto, prices are decoupled from reality. In bear markets, you don't need to compete with a criminal offering infinite yield. They attract a different type of founder, more focused on building than getting an early liquidity event. We've funded major teams building in crypto like Stripe, Coinbase, and Axiom, but also lots of infrastructure and bets on the future. For example, BlindPay and Infinia are building the developer interface and ramps for Latin America. Aspora is building the easiest way to transfer money to India. Just some of the things we're excited about are capital raising, new stablecoins and stablecoin applications, agentic commerce, trading, institutional products, and scalable and private blockchains.",1,https://web.archive.org/web/20260807171507/https://www.ycombinator.com/rfs,1725
seasonal,Fall 2026,The Future of American Defense,20263,20260807171507,20260906000000,3,"Daniel P. Driscoll , US Secretary of the Army","Warfare is at an inflection point, and the old ways of Army acquisition simply don't keep pace with modern threats. Modern combat demands commercially developed, modular open-system solutions, and that's why we ripped up the old acquisition playbook. We need hungry, innovative founders to build for the crucible of ground combat. The threats we face change daily, and the Army must dominate everywhere, from the Arctic to the archipelago and from space to subterranean environments. So here is our request for startups. We are actively funding low-cost interceptors or any component that helps us lower the cost per kill. We need next-gen sensors, software, payloads, and other hardware that plugs directly into our open system architecture. We need cutting-edge drones, resilient logistics, and advanced manufacturing, and we need it all to survive the most extreme climates on Earth. Bring us your ideas, and we will give you the capital and the proving ground to scale. There has never been a better time to build for the Army. The door is wide open, so let's get to work.",1,https://web.archive.org/web/20260807171507/https://www.ycombinator.com/rfs,1076
seasonal,Fall 2026,The Primer,20263,20260807171507,20260906000000,3,Andrew Miklas,"In Neal Stephenson's The Diamond Age, a young girl is given an interactive book called A Young Lady's Illustrated Primer. It looks like a tool for learning to read, but it's far more. It adapts to her completely, and through stories tuned to her life, it teaches her not just to read but to think, to reason, and eventually to grapple with the hardest questions of ethics, meaning, and character. She returns to it day after day for years, and as she grows, it grows too. Continually reshaping itself around who she is becoming and the life she is living. For the first time in history, something like the Primer is starting to feel possible. The best education has always come from one-on-one tutoring. Aristotle taught Alexander. But that privilege has been reserved for the few. AI can bring it to every child. And great tutors do more than drill facts. Over years, they learn a child's mind, and with it how to teach what can't be drilled at all: thinking, reasoning, even wisdom. In Stephenson's story, the Primer is an AI tutor that never runs out of patience or time. We're a long way from building one, but we can start today. What we'd love to see now is a product that adaptively teaches young children to read, write, and do arithmetic, at the quality of a devoted private tutor and at consumer scale. Not a replacement for teachers, but a supplement that makes them more effective. While we think this begins as something a parent buys to help their child learn basic skills, it is also the entry point to far greater ambitions. A company that gets it right could build toward something like the Primer, and even a fraction of that vision would have a profound effect on society. If you're building this, we'd love to hear from you.",1,https://web.archive.org/web/20260807171507/https://www.ycombinator.com/rfs,1744
