tag,batch,count,share_pct,batch_code,year,batch_order,total_companies,is_partial_batch
3D Printed Foods,Summer 2005,0,0.0,S05,2005,20052,9,True
3D Printed Foods,Winter 2006,0,0.0,W06,2006,20060,7,True
3D Printed Foods,Summer 2006,0,0.0,S06,2006,20062,10,True
3D Printed Foods,Winter 2007,0,0.0,W07,2007,20070,13,True
3D Printed Foods,Summer 2007,0,0.0,S07,2007,20072,19,True
3D Printed Foods,Winter 2008,0,0.0,W08,2008,20080,21,True
3D Printed Foods,Summer 2008,0,0.0,S08,2008,20082,22,True
3D Printed Foods,Winter 2009,0,0.0,W09,2009,20090,16,True
3D Printed Foods,Summer 2009,0,0.0,S09,2009,20092,26,True
3D Printed Foods,Winter 2010,0,0.0,W10,2010,20100,27,True
3D Printed Foods,Summer 2010,0,0.0,S10,2010,20102,36,True
3D Printed Foods,Winter 2011,0,0.0,W11,2011,20110,45,True
3D Printed Foods,Summer 2011,0,0.0,S11,2011,20112,60,False
3D Printed Foods,Winter 2012,0,0.0,W12,2012,20120,66,False
3D Printed Foods,Summer 2012,0,0.0,S12,2012,20122,83,False
3D Printed Foods,Winter 2013,0,0.0,W13,2013,20130,46,True
3D Printed Foods,Summer 2013,0,0.0,S13,2013,20132,52,False
3D Printed Foods,Winter 2014,0,0.0,W14,2014,20140,74,False
3D Printed Foods,Summer 2014,0,0.0,S14,2014,20142,78,False
3D Printed Foods,Winter 2015,0,0.0,W15,2015,20150,110,False
3D Printed Foods,Summer 2015,0,0.0,S15,2015,20152,104,False
3D Printed Foods,Winter 2016,0,0.0,W16,2016,20160,122,False
3D Printed Foods,Summer 2016,0,0.0,S16,2016,20162,102,False
3D Printed Foods,Winter 2017,0,0.0,W17,2017,20170,116,False
3D Printed Foods,Summer 2017,0,0.0,S17,2017,20172,125,False
3D Printed Foods,Winter 2018,1,0.685,W18,2018,20180,146,False
3D Printed Foods,Summer 2018,0,0.0,S18,2018,20182,131,False
3D Printed Foods,Winter 2019,0,0.0,W19,2019,20190,194,False
3D Printed Foods,Summer 2019,0,0.0,S19,2019,20192,176,False
3D Printed Foods,Winter 2020,0,0.0,W20,2020,20200,228,False
3D Printed Foods,Summer 2020,0,0.0,S20,2020,20202,209,False
3D Printed Foods,Winter 2021,0,0.0,W21,2021,20210,336,False
3D Printed Foods,Summer 2021,0,0.0,S21,2021,20212,391,False
3D Printed Foods,Winter 2022,0,0.0,W22,2022,20220,398,False
3D Printed Foods,Summer 2022,0,0.0,S22,2022,20222,234,False
3D Printed Foods,Winter 2023,0,0.0,W23,2023,20230,274,False
3D Printed Foods,Summer 2023,0,0.0,S23,2023,20232,220,False
3D Printed Foods,Winter 2024,0,0.0,W24,2024,20240,248,False
3D Printed Foods,Summer 2024,0,0.0,S24,2024,20242,248,False
3D Printed Foods,Fall 2024,0,0.0,F24,2024,20243,94,False
3D Printed Foods,Winter 2025,0,0.0,W25,2025,20250,166,False
3D Printed Foods,Spring 2025,0,0.0,X25,2025,20251,143,False
3D Printed Foods,Summer 2025,0,0.0,S25,2025,20252,166,False
3D Printed Foods,Fall 2025,0,0.0,F25,2025,20253,146,False
3D Printed Foods,Winter 2026,0,0.0,W26,2026,20260,199,False
3D Printed Foods,Spring 2026,0,0.0,X26,2026,20261,195,False
3D Printed Foods,Summer 2026,0,0.0,S26,2026,20262,235,False
3D Printed Foods,Fall 2026,0,0.0,F26,2026,20263,35,True
3D Printed Foods,Winter 2027,0,0.0,W27,2027,20270,1,True
3D Printing,Summer 2005,0,0.0,S05,2005,20052,9,True
3D Printing,Winter 2006,0,0.0,W06,2006,20060,7,True
3D Printing,Summer 2006,0,0.0,S06,2006,20062,10,True
3D Printing,Winter 2007,0,0.0,W07,2007,20070,13,True
3D Printing,Summer 2007,0,0.0,S07,2007,20072,19,True
3D Printing,Winter 2008,0,0.0,W08,2008,20080,21,True
3D Printing,Summer 2008,0,0.0,S08,2008,20082,22,True
3D Printing,Winter 2009,0,0.0,W09,2009,20090,16,True
3D Printing,Summer 2009,0,0.0,S09,2009,20092,26,True
3D Printing,Winter 2010,0,0.0,W10,2010,20100,27,True
3D Printing,Summer 2010,0,0.0,S10,2010,20102,36,True
3D Printing,Winter 2011,0,0.0,W11,2011,20110,45,True
3D Printing,Summer 2011,0,0.0,S11,2011,20112,60,False
3D Printing,Winter 2012,0,0.0,W12,2012,20120,66,False
3D Printing,Summer 2012,1,1.205,S12,2012,20122,83,False
3D Printing,Winter 2013,0,0.0,W13,2013,20130,46,True
3D Printing,Summer 2013,1,1.923,S13,2013,20132,52,False
3D Printing,Winter 2014,1,1.351,W14,2014,20140,74,False
3D Printing,Summer 2014,0,0.0,S14,2014,20142,78,False
3D Printing,Winter 2015,0,0.0,W15,2015,20150,110,False
3D Printing,Summer 2015,0,0.0,S15,2015,20152,104,False
3D Printing,Winter 2016,1,0.82,W16,2016,20160,122,False
3D Printing,Summer 2016,0,0.0,S16,2016,20162,102,False
3D Printing,Winter 2017,2,1.724,W17,2017,20170,116,False
3D Printing,Summer 2017,0,0.0,S17,2017,20172,125,False
3D Printing,Winter 2018,2,1.37,W18,2018,20180,146,False
3D Printing,Summer 2018,0,0.0,S18,2018,20182,131,False
3D Printing,Winter 2019,0,0.0,W19,2019,20190,194,False
3D Printing,Summer 2019,0,0.0,S19,2019,20192,176,False
3D Printing,Winter 2020,0,0.0,W20,2020,20200,228,False
3D Printing,Summer 2020,1,0.478,S20,2020,20202,209,False
3D Printing,Winter 2021,0,0.0,W21,2021,20210,336,False
3D Printing,Summer 2021,0,0.0,S21,2021,20212,391,False
3D Printing,Winter 2022,0,0.0,W22,2022,20220,398,False
3D Printing,Summer 2022,0,0.0,S22,2022,20222,234,False
3D Printing,Winter 2023,0,0.0,W23,2023,20230,274,False
3D Printing,Summer 2023,0,0.0,S23,2023,20232,220,False
3D Printing,Winter 2024,0,0.0,W24,2024,20240,248,False
3D Printing,Summer 2024,0,0.0,S24,2024,20242,248,False
3D Printing,Fall 2024,0,0.0,F24,2024,20243,94,False
3D Printing,Winter 2025,0,0.0,W25,2025,20250,166,False
3D Printing,Spring 2025,1,0.699,X25,2025,20251,143,False
3D Printing,Summer 2025,1,0.602,S25,2025,20252,166,False
3D Printing,Fall 2025,0,0.0,F25,2025,20253,146,False
3D Printing,Winter 2026,0,0.0,W26,2026,20260,199,False
3D Printing,Spring 2026,0,0.0,X26,2026,20261,195,False
3D Printing,Summer 2026,0,0.0,S26,2026,20262,235,False
3D Printing,Fall 2026,1,2.857,F26,2026,20263,35,True
3D Printing,Winter 2027,0,0.0,W27,2027,20270,1,True
AI,Summer 2005,0,0.0,S05,2005,20052,9,True
AI,Winter 2006,0,0.0,W06,2006,20060,7,True
AI,Summer 2006,0,0.0,S06,2006,20062,10,True
AI,Winter 2007,0,0.0,W07,2007,20070,13,True
AI,Summer 2007,0,0.0,S07,2007,20072,19,True
AI,Winter 2008,0,0.0,W08,2008,20080,21,True
AI,Summer 2008,0,0.0,S08,2008,20082,22,True
AI,Winter 2009,0,0.0,W09,2009,20090,16,True
AI,Summer 2009,0,0.0,S09,2009,20092,26,True
AI,Winter 2010,0,0.0,W10,2010,20100,27,True
AI,Summer 2010,0,0.0,S10,2010,20102,36,True
AI,Winter 2011,0,0.0,W11,2011,20110,45,True
AI,Summer 2011,1,1.667,S11,2011,20112,60,False
AI,Winter 2012,1,1.515,W12,2012,20120,66,False
AI,Summer 2012,1,1.205,S12,2012,20122,83,False
AI,Winter 2013,1,2.174,W13,2013,20130,46,True
AI,Summer 2013,0,0.0,S13,2013,20132,52,False
AI,Winter 2014,2,2.703,W14,2014,20140,74,False
AI,Summer 2014,0,0.0,S14,2014,20142,78,False
AI,Winter 2015,6,5.455,W15,2015,20150,110,False
AI,Summer 2015,2,1.923,S15,2015,20152,104,False
AI,Winter 2016,6,4.918,W16,2016,20160,122,False
AI,Summer 2016,3,2.941,S16,2016,20162,102,False
AI,Winter 2017,4,3.448,W17,2017,20170,116,False
AI,Summer 2017,6,4.8,S17,2017,20172,125,False
AI,Winter 2018,8,5.479,W18,2018,20180,146,False
AI,Summer 2018,11,8.397,S18,2018,20182,131,False
AI,Winter 2019,13,6.701,W19,2019,20190,194,False
AI,Summer 2019,11,6.25,S19,2019,20192,176,False
AI,Winter 2020,21,9.211,W20,2020,20200,228,False
AI,Summer 2020,15,7.177,S20,2020,20202,209,False
AI,Winter 2021,28,8.333,W21,2021,20210,336,False
AI,Summer 2021,38,9.719,S21,2021,20212,391,False
AI,Winter 2022,54,13.568,W22,2022,20220,398,False
AI,Summer 2022,48,20.513,S22,2022,20222,234,False
AI,Winter 2023,63,22.993,W23,2023,20230,274,False
AI,Summer 2023,61,27.727,S23,2023,20232,220,False
AI,Winter 2024,78,31.452,W24,2024,20240,248,False
AI,Summer 2024,86,34.677,S24,2024,20242,248,False
AI,Fall 2024,34,36.17,F24,2024,20243,94,False
AI,Winter 2025,42,25.301,W25,2025,20250,166,False
AI,Spring 2025,45,31.469,X25,2025,20251,143,False
AI,Summer 2025,43,25.904,S25,2025,20252,166,False
AI,Fall 2025,47,32.192,F25,2025,20253,146,False
AI,Winter 2026,15,7.538,W26,2026,20260,199,False
AI,Spring 2026,13,6.667,X26,2026,20261,195,False
AI,Summer 2026,74,31.489,S26,2026,20262,235,False
AI,Fall 2026,9,25.714,F26,2026,20263,35,True
AI,Winter 2027,0,0.0,W27,2027,20270,1,True
AI Assistant,Summer 2005,0,0.0,S05,2005,20052,9,True
AI Assistant,Winter 2006,0,0.0,W06,2006,20060,7,True
AI Assistant,Summer 2006,0,0.0,S06,2006,20062,10,True
AI Assistant,Winter 2007,0,0.0,W07,2007,20070,13,True
AI Assistant,Summer 2007,0,0.0,S07,2007,20072,19,True
AI Assistant,Winter 2008,0,0.0,W08,2008,20080,21,True
AI Assistant,Summer 2008,0,0.0,S08,2008,20082,22,True
AI Assistant,Winter 2009,0,0.0,W09,2009,20090,16,True
AI Assistant,Summer 2009,0,0.0,S09,2009,20092,26,True
AI Assistant,Winter 2010,0,0.0,W10,2010,20100,27,True
AI Assistant,Summer 2010,0,0.0,S10,2010,20102,36,True
AI Assistant,Winter 2011,0,0.0,W11,2011,20110,45,True
AI Assistant,Summer 2011,0,0.0,S11,2011,20112,60,False
AI Assistant,Winter 2012,0,0.0,W12,2012,20120,66,False
AI Assistant,Summer 2012,1,1.205,S12,2012,20122,83,False
AI Assistant,Winter 2013,0,0.0,W13,2013,20130,46,True
AI Assistant,Summer 2013,0,0.0,S13,2013,20132,52,False
AI Assistant,Winter 2014,0,0.0,W14,2014,20140,74,False
AI Assistant,Summer 2014,0,0.0,S14,2014,20142,78,False
AI Assistant,Winter 2015,1,0.909,W15,2015,20150,110,False
AI Assistant,Summer 2015,0,0.0,S15,2015,20152,104,False
AI Assistant,Winter 2016,1,0.82,W16,2016,20160,122,False
AI Assistant,Summer 2016,1,0.98,S16,2016,20162,102,False
AI Assistant,Winter 2017,0,0.0,W17,2017,20170,116,False
AI Assistant,Summer 2017,2,1.6,S17,2017,20172,125,False
AI Assistant,Winter 2018,1,0.685,W18,2018,20180,146,False
AI Assistant,Summer 2018,2,1.527,S18,2018,20182,131,False
AI Assistant,Winter 2019,0,0.0,W19,2019,20190,194,False
AI Assistant,Summer 2019,2,1.136,S19,2019,20192,176,False
AI Assistant,Winter 2020,6,2.632,W20,2020,20200,228,False
AI Assistant,Summer 2020,1,0.478,S20,2020,20202,209,False
AI Assistant,Winter 2021,5,1.488,W21,2021,20210,336,False
AI Assistant,Summer 2021,9,2.302,S21,2021,20212,391,False
AI Assistant,Winter 2022,11,2.764,W22,2022,20220,398,False
AI Assistant,Summer 2022,9,3.846,S22,2022,20222,234,False
AI Assistant,Winter 2023,17,6.204,W23,2023,20230,274,False
AI Assistant,Summer 2023,13,5.909,S23,2023,20232,220,False
AI Assistant,Winter 2024,20,8.065,W24,2024,20240,248,False
AI Assistant,Summer 2024,16,6.452,S24,2024,20242,248,False
AI Assistant,Fall 2024,5,5.319,F24,2024,20243,94,False
AI Assistant,Winter 2025,6,3.614,W25,2025,20250,166,False
AI Assistant,Spring 2025,5,3.497,X25,2025,20251,143,False
AI Assistant,Summer 2025,7,4.217,S25,2025,20252,166,False
AI Assistant,Fall 2025,9,6.164,F25,2025,20253,146,False
AI Assistant,Winter 2026,1,0.503,W26,2026,20260,199,False
AI Assistant,Spring 2026,4,2.051,X26,2026,20261,195,False
AI Assistant,Summer 2026,5,2.128,S26,2026,20262,235,False
AI Assistant,Fall 2026,1,2.857,F26,2026,20263,35,True
AI Assistant,Winter 2027,0,0.0,W27,2027,20270,1,True
AI-Enhanced Learning,Summer 2005,0,0.0,S05,2005,20052,9,True
AI-Enhanced Learning,Winter 2006,0,0.0,W06,2006,20060,7,True
AI-Enhanced Learning,Summer 2006,1,10.0,S06,2006,20062,10,True
AI-Enhanced Learning,Winter 2007,0,0.0,W07,2007,20070,13,True
AI-Enhanced Learning,Summer 2007,0,0.0,S07,2007,20072,19,True
AI-Enhanced Learning,Winter 2008,0,0.0,W08,2008,20080,21,True
AI-Enhanced Learning,Summer 2008,0,0.0,S08,2008,20082,22,True
AI-Enhanced Learning,Winter 2009,0,0.0,W09,2009,20090,16,True
AI-Enhanced Learning,Summer 2009,0,0.0,S09,2009,20092,26,True
AI-Enhanced Learning,Winter 2010,0,0.0,W10,2010,20100,27,True
AI-Enhanced Learning,Summer 2010,0,0.0,S10,2010,20102,36,True
AI-Enhanced Learning,Winter 2011,0,0.0,W11,2011,20110,45,True
AI-Enhanced Learning,Summer 2011,0,0.0,S11,2011,20112,60,False
AI-Enhanced Learning,Winter 2012,0,0.0,W12,2012,20120,66,False
AI-Enhanced Learning,Summer 2012,0,0.0,S12,2012,20122,83,False
AI-Enhanced Learning,Winter 2013,0,0.0,W13,2013,20130,46,True
AI-Enhanced Learning,Summer 2013,0,0.0,S13,2013,20132,52,False
AI-Enhanced Learning,Winter 2014,0,0.0,W14,2014,20140,74,False
AI-Enhanced Learning,Summer 2014,0,0.0,S14,2014,20142,78,False
AI-Enhanced Learning,Winter 2015,1,0.909,W15,2015,20150,110,False
AI-Enhanced Learning,Summer 2015,0,0.0,S15,2015,20152,104,False
AI-Enhanced Learning,Winter 2016,1,0.82,W16,2016,20160,122,False
AI-Enhanced Learning,Summer 2016,0,0.0,S16,2016,20162,102,False
AI-Enhanced Learning,Winter 2017,0,0.0,W17,2017,20170,116,False
AI-Enhanced Learning,Summer 2017,0,0.0,S17,2017,20172,125,False
AI-Enhanced Learning,Winter 2018,1,0.685,W18,2018,20180,146,False
AI-Enhanced Learning,Summer 2018,2,1.527,S18,2018,20182,131,False
AI-Enhanced Learning,Winter 2019,1,0.515,W19,2019,20190,194,False
AI-Enhanced Learning,Summer 2019,1,0.568,S19,2019,20192,176,False
AI-Enhanced Learning,Winter 2020,0,0.0,W20,2020,20200,228,False
AI-Enhanced Learning,Summer 2020,1,0.478,S20,2020,20202,209,False
AI-Enhanced Learning,Winter 2021,2,0.595,W21,2021,20210,336,False
AI-Enhanced Learning,Summer 2021,5,1.279,S21,2021,20212,391,False
AI-Enhanced Learning,Winter 2022,4,1.005,W22,2022,20220,398,False
AI-Enhanced Learning,Summer 2022,1,0.427,S22,2022,20222,234,False
AI-Enhanced Learning,Winter 2023,6,2.19,W23,2023,20230,274,False
AI-Enhanced Learning,Summer 2023,3,1.364,S23,2023,20232,220,False
AI-Enhanced Learning,Winter 2024,2,0.806,W24,2024,20240,248,False
AI-Enhanced Learning,Summer 2024,3,1.21,S24,2024,20242,248,False
AI-Enhanced Learning,Fall 2024,1,1.064,F24,2024,20243,94,False
AI-Enhanced Learning,Winter 2025,4,2.41,W25,2025,20250,166,False
AI-Enhanced Learning,Spring 2025,1,0.699,X25,2025,20251,143,False
AI-Enhanced Learning,Summer 2025,1,0.602,S25,2025,20252,166,False
AI-Enhanced Learning,Fall 2025,2,1.37,F25,2025,20253,146,False
AI-Enhanced Learning,Winter 2026,0,0.0,W26,2026,20260,199,False
AI-Enhanced Learning,Spring 2026,0,0.0,X26,2026,20261,195,False
AI-Enhanced Learning,Summer 2026,2,0.851,S26,2026,20262,235,False
AI-Enhanced Learning,Fall 2026,1,2.857,F26,2026,20263,35,True
AI-Enhanced Learning,Winter 2027,0,0.0,W27,2027,20270,1,True
AI-powered Drug Discovery,Summer 2005,0,0.0,S05,2005,20052,9,True
AI-powered Drug Discovery,Winter 2006,0,0.0,W06,2006,20060,7,True
AI-powered Drug Discovery,Summer 2006,0,0.0,S06,2006,20062,10,True
AI-powered Drug Discovery,Winter 2007,0,0.0,W07,2007,20070,13,True
AI-powered Drug Discovery,Summer 2007,0,0.0,S07,2007,20072,19,True
AI-powered Drug Discovery,Winter 2008,0,0.0,W08,2008,20080,21,True
AI-powered Drug Discovery,Summer 2008,0,0.0,S08,2008,20082,22,True
AI-powered Drug Discovery,Winter 2009,0,0.0,W09,2009,20090,16,True
AI-powered Drug Discovery,Summer 2009,0,0.0,S09,2009,20092,26,True
AI-powered Drug Discovery,Winter 2010,0,0.0,W10,2010,20100,27,True
AI-powered Drug Discovery,Summer 2010,1,2.778,S10,2010,20102,36,True
AI-powered Drug Discovery,Winter 2011,0,0.0,W11,2011,20110,45,True
AI-powered Drug Discovery,Summer 2011,0,0.0,S11,2011,20112,60,False
AI-powered Drug Discovery,Winter 2012,0,0.0,W12,2012,20120,66,False
AI-powered Drug Discovery,Summer 2012,0,0.0,S12,2012,20122,83,False
AI-powered Drug Discovery,Winter 2013,0,0.0,W13,2013,20130,46,True
AI-powered Drug Discovery,Summer 2013,0,0.0,S13,2013,20132,52,False
AI-powered Drug Discovery,Winter 2014,0,0.0,W14,2014,20140,74,False
AI-powered Drug Discovery,Summer 2014,0,0.0,S14,2014,20142,78,False
AI-powered Drug Discovery,Winter 2015,1,0.909,W15,2015,20150,110,False
AI-powered Drug Discovery,Summer 2015,0,0.0,S15,2015,20152,104,False
AI-powered Drug Discovery,Winter 2016,1,0.82,W16,2016,20160,122,False
AI-powered Drug Discovery,Summer 2016,0,0.0,S16,2016,20162,102,False
AI-powered Drug Discovery,Winter 2017,0,0.0,W17,2017,20170,116,False
AI-powered Drug Discovery,Summer 2017,0,0.0,S17,2017,20172,125,False
AI-powered Drug Discovery,Winter 2018,3,2.055,W18,2018,20180,146,False
AI-powered Drug Discovery,Summer 2018,1,0.763,S18,2018,20182,131,False
AI-powered Drug Discovery,Winter 2019,2,1.031,W19,2019,20190,194,False
AI-powered Drug Discovery,Summer 2019,1,0.568,S19,2019,20192,176,False
AI-powered Drug Discovery,Winter 2020,3,1.316,W20,2020,20200,228,False
AI-powered Drug Discovery,Summer 2020,2,0.957,S20,2020,20202,209,False
AI-powered Drug Discovery,Winter 2021,1,0.298,W21,2021,20210,336,False
AI-powered Drug Discovery,Summer 2021,7,1.79,S21,2021,20212,391,False
AI-powered Drug Discovery,Winter 2022,1,0.251,W22,2022,20220,398,False
AI-powered Drug Discovery,Summer 2022,1,0.427,S22,2022,20222,234,False
AI-powered Drug Discovery,Winter 2023,2,0.73,W23,2023,20230,274,False
AI-powered Drug Discovery,Summer 2023,1,0.455,S23,2023,20232,220,False
AI-powered Drug Discovery,Winter 2024,1,0.403,W24,2024,20240,248,False
AI-powered Drug Discovery,Summer 2024,2,0.806,S24,2024,20242,248,False
AI-powered Drug Discovery,Fall 2024,0,0.0,F24,2024,20243,94,False
AI-powered Drug Discovery,Winter 2025,0,0.0,W25,2025,20250,166,False
AI-powered Drug Discovery,Spring 2025,0,0.0,X25,2025,20251,143,False
AI-powered Drug Discovery,Summer 2025,2,1.205,S25,2025,20252,166,False
AI-powered Drug Discovery,Fall 2025,0,0.0,F25,2025,20253,146,False
AI-powered Drug Discovery,Winter 2026,0,0.0,W26,2026,20260,199,False
AI-powered Drug Discovery,Spring 2026,0,0.0,X26,2026,20261,195,False
AI-powered Drug Discovery,Summer 2026,2,0.851,S26,2026,20262,235,False
AI-powered Drug Discovery,Fall 2026,0,0.0,F26,2026,20263,35,True
AI-powered Drug Discovery,Winter 2027,0,0.0,W27,2027,20270,1,True
AIOps,Summer 2005,0,0.0,S05,2005,20052,9,True
AIOps,Winter 2006,0,0.0,W06,2006,20060,7,True
AIOps,Summer 2006,0,0.0,S06,2006,20062,10,True
AIOps,Winter 2007,0,0.0,W07,2007,20070,13,True
AIOps,Summer 2007,0,0.0,S07,2007,20072,19,True
AIOps,Winter 2008,0,0.0,W08,2008,20080,21,True
AIOps,Summer 2008,0,0.0,S08,2008,20082,22,True
AIOps,Winter 2009,0,0.0,W09,2009,20090,16,True
AIOps,Summer 2009,0,0.0,S09,2009,20092,26,True
AIOps,Winter 2010,0,0.0,W10,2010,20100,27,True
AIOps,Summer 2010,0,0.0,S10,2010,20102,36,True
AIOps,Winter 2011,0,0.0,W11,2011,20110,45,True
AIOps,Summer 2011,0,0.0,S11,2011,20112,60,False
AIOps,Winter 2012,0,0.0,W12,2012,20120,66,False
AIOps,Summer 2012,0,0.0,S12,2012,20122,83,False
AIOps,Winter 2013,0,0.0,W13,2013,20130,46,True
AIOps,Summer 2013,0,0.0,S13,2013,20132,52,False
AIOps,Winter 2014,0,0.0,W14,2014,20140,74,False
AIOps,Summer 2014,1,1.282,S14,2014,20142,78,False
AIOps,Winter 2015,0,0.0,W15,2015,20150,110,False
AIOps,Summer 2015,1,0.962,S15,2015,20152,104,False
AIOps,Winter 2016,0,0.0,W16,2016,20160,122,False
AIOps,Summer 2016,0,0.0,S16,2016,20162,102,False
AIOps,Winter 2017,1,0.862,W17,2017,20170,116,False
AIOps,Summer 2017,0,0.0,S17,2017,20172,125,False
AIOps,Winter 2018,0,0.0,W18,2018,20180,146,False
AIOps,Summer 2018,0,0.0,S18,2018,20182,131,False
AIOps,Winter 2019,1,0.515,W19,2019,20190,194,False
AIOps,Summer 2019,1,0.568,S19,2019,20192,176,False
AIOps,Winter 2020,0,0.0,W20,2020,20200,228,False
AIOps,Summer 2020,0,0.0,S20,2020,20202,209,False
AIOps,Winter 2021,2,0.595,W21,2021,20210,336,False
AIOps,Summer 2021,3,0.767,S21,2021,20212,391,False
AIOps,Winter 2022,5,1.256,W22,2022,20220,398,False
AIOps,Summer 2022,2,0.855,S22,2022,20222,234,False
AIOps,Winter 2023,5,1.825,W23,2023,20230,274,False
AIOps,Summer 2023,6,2.727,S23,2023,20232,220,False
AIOps,Winter 2024,1,0.403,W24,2024,20240,248,False
AIOps,Summer 2024,10,4.032,S24,2024,20242,248,False
AIOps,Fall 2024,1,1.064,F24,2024,20243,94,False
AIOps,Winter 2025,3,1.807,W25,2025,20250,166,False
AIOps,Spring 2025,4,2.797,X25,2025,20251,143,False
AIOps,Summer 2025,3,1.807,S25,2025,20252,166,False
AIOps,Fall 2025,1,0.685,F25,2025,20253,146,False
AIOps,Winter 2026,2,1.005,W26,2026,20260,199,False
AIOps,Spring 2026,0,0.0,X26,2026,20261,195,False
AIOps,Summer 2026,6,2.553,S26,2026,20262,235,False
AIOps,Fall 2026,3,8.571,F26,2026,20263,35,True
AIOps,Winter 2027,0,0.0,W27,2027,20270,1,True
API,Summer 2005,0,0.0,S05,2005,20052,9,True
API,Winter 2006,0,0.0,W06,2006,20060,7,True
API,Summer 2006,0,0.0,S06,2006,20062,10,True
API,Winter 2007,0,0.0,W07,2007,20070,13,True
API,Summer 2007,0,0.0,S07,2007,20072,19,True
API,Winter 2008,0,0.0,W08,2008,20080,21,True
API,Summer 2008,0,0.0,S08,2008,20082,22,True
API,Winter 2009,0,0.0,W09,2009,20090,16,True
API,Summer 2009,0,0.0,S09,2009,20092,26,True
API,Winter 2010,1,3.704,W10,2010,20100,27,True
API,Summer 2010,0,0.0,S10,2010,20102,36,True
API,Winter 2011,3,6.667,W11,2011,20110,45,True
API,Summer 2011,0,0.0,S11,2011,20112,60,False
API,Winter 2012,1,1.515,W12,2012,20120,66,False
API,Summer 2012,1,1.205,S12,2012,20122,83,False
API,Winter 2013,0,0.0,W13,2013,20130,46,True
API,Summer 2013,1,1.923,S13,2013,20132,52,False
API,Winter 2014,1,1.351,W14,2014,20140,74,False
API,Summer 2014,1,1.282,S14,2014,20142,78,False
API,Winter 2015,1,0.909,W15,2015,20150,110,False
API,Summer 2015,0,0.0,S15,2015,20152,104,False
API,Winter 2016,2,1.639,W16,2016,20160,122,False
API,Summer 2016,3,2.941,S16,2016,20162,102,False
API,Winter 2017,3,2.586,W17,2017,20170,116,False
API,Summer 2017,2,1.6,S17,2017,20172,125,False
API,Winter 2018,1,0.685,W18,2018,20180,146,False
API,Summer 2018,5,3.817,S18,2018,20182,131,False
API,Winter 2019,5,2.577,W19,2019,20190,194,False
API,Summer 2019,1,0.568,S19,2019,20192,176,False
API,Winter 2020,6,2.632,W20,2020,20200,228,False
API,Summer 2020,5,2.392,S20,2020,20202,209,False
API,Winter 2021,8,2.381,W21,2021,20210,336,False
API,Summer 2021,7,1.79,S21,2021,20212,391,False
API,Winter 2022,17,4.271,W22,2022,20220,398,False
API,Summer 2022,14,5.983,S22,2022,20222,234,False
API,Winter 2023,14,5.109,W23,2023,20230,274,False
API,Summer 2023,10,4.545,S23,2023,20232,220,False
API,Winter 2024,6,2.419,W24,2024,20240,248,False
API,Summer 2024,4,1.613,S24,2024,20242,248,False
API,Fall 2024,3,3.191,F24,2024,20243,94,False
API,Winter 2025,5,3.012,W25,2025,20250,166,False
API,Spring 2025,1,0.699,X25,2025,20251,143,False
API,Summer 2025,2,1.205,S25,2025,20252,166,False
API,Fall 2025,2,1.37,F25,2025,20253,146,False
API,Winter 2026,2,1.005,W26,2026,20260,199,False
API,Spring 2026,1,0.513,X26,2026,20261,195,False
API,Summer 2026,3,1.277,S26,2026,20262,235,False
API,Fall 2026,0,0.0,F26,2026,20263,35,True
API,Winter 2027,0,0.0,W27,2027,20270,1,True
APIs,Summer 2005,0,0.0,S05,2005,20052,9,True
APIs,Winter 2006,0,0.0,W06,2006,20060,7,True
APIs,Summer 2006,0,0.0,S06,2006,20062,10,True
APIs,Winter 2007,0,0.0,W07,2007,20070,13,True
APIs,Summer 2007,0,0.0,S07,2007,20072,19,True
APIs,Winter 2008,0,0.0,W08,2008,20080,21,True
APIs,Summer 2008,0,0.0,S08,2008,20082,22,True
APIs,Winter 2009,0,0.0,W09,2009,20090,16,True
APIs,Summer 2009,0,0.0,S09,2009,20092,26,True
APIs,Winter 2010,0,0.0,W10,2010,20100,27,True
APIs,Summer 2010,0,0.0,S10,2010,20102,36,True
APIs,Winter 2011,0,0.0,W11,2011,20110,45,True
APIs,Summer 2011,0,0.0,S11,2011,20112,60,False
APIs,Winter 2012,0,0.0,W12,2012,20120,66,False
APIs,Summer 2012,0,0.0,S12,2012,20122,83,False
APIs,Winter 2013,0,0.0,W13,2013,20130,46,True
APIs,Summer 2013,0,0.0,S13,2013,20132,52,False
APIs,Winter 2014,2,2.703,W14,2014,20140,74,False
APIs,Summer 2014,0,0.0,S14,2014,20142,78,False
APIs,Winter 2015,0,0.0,W15,2015,20150,110,False
APIs,Summer 2015,0,0.0,S15,2015,20152,104,False
APIs,Winter 2016,0,0.0,W16,2016,20160,122,False
APIs,Summer 2016,0,0.0,S16,2016,20162,102,False
APIs,Winter 2017,0,0.0,W17,2017,20170,116,False
APIs,Summer 2017,0,0.0,S17,2017,20172,125,False
APIs,Winter 2018,0,0.0,W18,2018,20180,146,False
APIs,Summer 2018,0,0.0,S18,2018,20182,131,False
APIs,Winter 2019,0,0.0,W19,2019,20190,194,False
APIs,Summer 2019,0,0.0,S19,2019,20192,176,False
APIs,Winter 2020,1,0.439,W20,2020,20200,228,False
APIs,Summer 2020,0,0.0,S20,2020,20202,209,False
APIs,Winter 2021,2,0.595,W21,2021,20210,336,False
APIs,Summer 2021,1,0.256,S21,2021,20212,391,False
APIs,Winter 2022,0,0.0,W22,2022,20220,398,False
APIs,Summer 2022,0,0.0,S22,2022,20222,234,False
APIs,Winter 2023,0,0.0,W23,2023,20230,274,False
APIs,Summer 2023,0,0.0,S23,2023,20232,220,False
APIs,Winter 2024,1,0.403,W24,2024,20240,248,False
APIs,Summer 2024,0,0.0,S24,2024,20242,248,False
APIs,Fall 2024,0,0.0,F24,2024,20243,94,False
APIs,Winter 2025,0,0.0,W25,2025,20250,166,False
APIs,Spring 2025,1,0.699,X25,2025,20251,143,False
APIs,Summer 2025,0,0.0,S25,2025,20252,166,False
APIs,Fall 2025,1,0.685,F25,2025,20253,146,False
APIs,Winter 2026,0,0.0,W26,2026,20260,199,False
APIs,Spring 2026,1,0.513,X26,2026,20261,195,False
APIs,Summer 2026,1,0.426,S26,2026,20262,235,False
APIs,Fall 2026,0,0.0,F26,2026,20263,35,True
APIs,Winter 2027,0,0.0,W27,2027,20270,1,True
AR,Summer 2005,0,0.0,S05,2005,20052,9,True
AR,Winter 2006,0,0.0,W06,2006,20060,7,True
AR,Summer 2006,0,0.0,S06,2006,20062,10,True
AR,Winter 2007,0,0.0,W07,2007,20070,13,True
AR,Summer 2007,0,0.0,S07,2007,20072,19,True
AR,Winter 2008,0,0.0,W08,2008,20080,21,True
AR,Summer 2008,0,0.0,S08,2008,20082,22,True
AR,Winter 2009,0,0.0,W09,2009,20090,16,True
AR,Summer 2009,0,0.0,S09,2009,20092,26,True
AR,Winter 2010,0,0.0,W10,2010,20100,27,True
AR,Summer 2010,0,0.0,S10,2010,20102,36,True
AR,Winter 2011,0,0.0,W11,2011,20110,45,True
AR,Summer 2011,0,0.0,S11,2011,20112,60,False
AR,Winter 2012,0,0.0,W12,2012,20120,66,False
AR,Summer 2012,0,0.0,S12,2012,20122,83,False
AR,Winter 2013,0,0.0,W13,2013,20130,46,True
AR,Summer 2013,0,0.0,S13,2013,20132,52,False
AR,Winter 2014,0,0.0,W14,2014,20140,74,False
AR,Summer 2014,0,0.0,S14,2014,20142,78,False
AR,Winter 2015,0,0.0,W15,2015,20150,110,False
AR,Summer 2015,0,0.0,S15,2015,20152,104,False
AR,Winter 2016,1,0.82,W16,2016,20160,122,False
AR,Summer 2016,1,0.98,S16,2016,20162,102,False
AR,Winter 2017,0,0.0,W17,2017,20170,116,False
AR,Summer 2017,0,0.0,S17,2017,20172,125,False
AR,Winter 2018,1,0.685,W18,2018,20180,146,False
AR,Summer 2018,0,0.0,S18,2018,20182,131,False
AR,Winter 2019,0,0.0,W19,2019,20190,194,False
AR,Summer 2019,1,0.568,S19,2019,20192,176,False
AR,Winter 2020,0,0.0,W20,2020,20200,228,False
AR,Summer 2020,0,0.0,S20,2020,20202,209,False
AR,Winter 2021,1,0.298,W21,2021,20210,336,False
AR,Summer 2021,0,0.0,S21,2021,20212,391,False
AR,Winter 2022,0,0.0,W22,2022,20220,398,False
AR,Summer 2022,0,0.0,S22,2022,20222,234,False
AR,Winter 2023,0,0.0,W23,2023,20230,274,False
AR,Summer 2023,0,0.0,S23,2023,20232,220,False
AR,Winter 2024,0,0.0,W24,2024,20240,248,False
AR,Summer 2024,0,0.0,S24,2024,20242,248,False
AR,Fall 2024,0,0.0,F24,2024,20243,94,False
AR,Winter 2025,1,0.602,W25,2025,20250,166,False
AR,Spring 2025,0,0.0,X25,2025,20251,143,False
AR,Summer 2025,0,0.0,S25,2025,20252,166,False
AR,Fall 2025,0,0.0,F25,2025,20253,146,False
AR,Winter 2026,0,0.0,W26,2026,20260,199,False
AR,Spring 2026,0,0.0,X26,2026,20261,195,False
AR,Summer 2026,1,0.426,S26,2026,20262,235,False
AR,Fall 2026,0,0.0,F26,2026,20263,35,True
AR,Winter 2027,0,0.0,W27,2027,20270,1,True
Advanced Materials,Summer 2005,0,0.0,S05,2005,20052,9,True
Advanced Materials,Winter 2006,0,0.0,W06,2006,20060,7,True
Advanced Materials,Summer 2006,0,0.0,S06,2006,20062,10,True
Advanced Materials,Winter 2007,0,0.0,W07,2007,20070,13,True
Advanced Materials,Summer 2007,0,0.0,S07,2007,20072,19,True
Advanced Materials,Winter 2008,0,0.0,W08,2008,20080,21,True
Advanced Materials,Summer 2008,0,0.0,S08,2008,20082,22,True
Advanced Materials,Winter 2009,0,0.0,W09,2009,20090,16,True
Advanced Materials,Summer 2009,0,0.0,S09,2009,20092,26,True
Advanced Materials,Winter 2010,0,0.0,W10,2010,20100,27,True
Advanced Materials,Summer 2010,0,0.0,S10,2010,20102,36,True
Advanced Materials,Winter 2011,0,0.0,W11,2011,20110,45,True
Advanced Materials,Summer 2011,0,0.0,S11,2011,20112,60,False
Advanced Materials,Winter 2012,0,0.0,W12,2012,20120,66,False
Advanced Materials,Summer 2012,0,0.0,S12,2012,20122,83,False
Advanced Materials,Winter 2013,0,0.0,W13,2013,20130,46,True
Advanced Materials,Summer 2013,0,0.0,S13,2013,20132,52,False
Advanced Materials,Winter 2014,1,1.351,W14,2014,20140,74,False
Advanced Materials,Summer 2014,1,1.282,S14,2014,20142,78,False
Advanced Materials,Winter 2015,0,0.0,W15,2015,20150,110,False
Advanced Materials,Summer 2015,0,0.0,S15,2015,20152,104,False
Advanced Materials,Winter 2016,0,0.0,W16,2016,20160,122,False
Advanced Materials,Summer 2016,0,0.0,S16,2016,20162,102,False
Advanced Materials,Winter 2017,0,0.0,W17,2017,20170,116,False
Advanced Materials,Summer 2017,0,0.0,S17,2017,20172,125,False
Advanced Materials,Winter 2018,0,0.0,W18,2018,20180,146,False
Advanced Materials,Summer 2018,0,0.0,S18,2018,20182,131,False
Advanced Materials,Winter 2019,1,0.515,W19,2019,20190,194,False
Advanced Materials,Summer 2019,1,0.568,S19,2019,20192,176,False
Advanced Materials,Winter 2020,0,0.0,W20,2020,20200,228,False
Advanced Materials,Summer 2020,0,0.0,S20,2020,20202,209,False
Advanced Materials,Winter 2021,0,0.0,W21,2021,20210,336,False
Advanced Materials,Summer 2021,0,0.0,S21,2021,20212,391,False
Advanced Materials,Winter 2022,0,0.0,W22,2022,20220,398,False
Advanced Materials,Summer 2022,0,0.0,S22,2022,20222,234,False
Advanced Materials,Winter 2023,0,0.0,W23,2023,20230,274,False
Advanced Materials,Summer 2023,0,0.0,S23,2023,20232,220,False
Advanced Materials,Winter 2024,0,0.0,W24,2024,20240,248,False
Advanced Materials,Summer 2024,0,0.0,S24,2024,20242,248,False
Advanced Materials,Fall 2024,0,0.0,F24,2024,20243,94,False
Advanced Materials,Winter 2025,0,0.0,W25,2025,20250,166,False
Advanced Materials,Spring 2025,0,0.0,X25,2025,20251,143,False
Advanced Materials,Summer 2025,1,0.602,S25,2025,20252,166,False
Advanced Materials,Fall 2025,0,0.0,F25,2025,20253,146,False
Advanced Materials,Winter 2026,0,0.0,W26,2026,20260,199,False
Advanced Materials,Spring 2026,0,0.0,X26,2026,20261,195,False
Advanced Materials,Summer 2026,2,0.851,S26,2026,20262,235,False
Advanced Materials,Fall 2026,1,2.857,F26,2026,20263,35,True
Advanced Materials,Winter 2027,0,0.0,W27,2027,20270,1,True
Advertising,Summer 2005,0,0.0,S05,2005,20052,9,True
Advertising,Winter 2006,0,0.0,W06,2006,20060,7,True
Advertising,Summer 2006,0,0.0,S06,2006,20062,10,True
Advertising,Winter 2007,0,0.0,W07,2007,20070,13,True
Advertising,Summer 2007,0,0.0,S07,2007,20072,19,True
Advertising,Winter 2008,0,0.0,W08,2008,20080,21,True
Advertising,Summer 2008,0,0.0,S08,2008,20082,22,True
Advertising,Winter 2009,1,6.25,W09,2009,20090,16,True
Advertising,Summer 2009,0,0.0,S09,2009,20092,26,True
Advertising,Winter 2010,0,0.0,W10,2010,20100,27,True
Advertising,Summer 2010,1,2.778,S10,2010,20102,36,True
Advertising,Winter 2011,1,2.222,W11,2011,20110,45,True
Advertising,Summer 2011,3,5.0,S11,2011,20112,60,False
Advertising,Winter 2012,0,0.0,W12,2012,20120,66,False
Advertising,Summer 2012,5,6.024,S12,2012,20122,83,False
Advertising,Winter 2013,0,0.0,W13,2013,20130,46,True
Advertising,Summer 2013,1,1.923,S13,2013,20132,52,False
Advertising,Winter 2014,2,2.703,W14,2014,20140,74,False
Advertising,Summer 2014,1,1.282,S14,2014,20142,78,False
Advertising,Winter 2015,3,2.727,W15,2015,20150,110,False
Advertising,Summer 2015,0,0.0,S15,2015,20152,104,False
Advertising,Winter 2016,0,0.0,W16,2016,20160,122,False
Advertising,Summer 2016,1,0.98,S16,2016,20162,102,False
Advertising,Winter 2017,0,0.0,W17,2017,20170,116,False
Advertising,Summer 2017,1,0.8,S17,2017,20172,125,False
Advertising,Winter 2018,0,0.0,W18,2018,20180,146,False
Advertising,Summer 2018,2,1.527,S18,2018,20182,131,False
Advertising,Winter 2019,0,0.0,W19,2019,20190,194,False
Advertising,Summer 2019,1,0.568,S19,2019,20192,176,False
Advertising,Winter 2020,2,0.877,W20,2020,20200,228,False
Advertising,Summer 2020,0,0.0,S20,2020,20202,209,False
Advertising,Winter 2021,0,0.0,W21,2021,20210,336,False
Advertising,Summer 2021,2,0.512,S21,2021,20212,391,False
Advertising,Winter 2022,4,1.005,W22,2022,20220,398,False
Advertising,Summer 2022,1,0.427,S22,2022,20222,234,False
Advertising,Winter 2023,3,1.095,W23,2023,20230,274,False
Advertising,Summer 2023,2,0.909,S23,2023,20232,220,False
Advertising,Winter 2024,1,0.403,W24,2024,20240,248,False
Advertising,Summer 2024,0,0.0,S24,2024,20242,248,False
Advertising,Fall 2024,1,1.064,F24,2024,20243,94,False
Advertising,Winter 2025,0,0.0,W25,2025,20250,166,False
Advertising,Spring 2025,1,0.699,X25,2025,20251,143,False
Advertising,Summer 2025,0,0.0,S25,2025,20252,166,False
Advertising,Fall 2025,5,3.425,F25,2025,20253,146,False
Advertising,Winter 2026,1,0.503,W26,2026,20260,199,False
Advertising,Spring 2026,2,1.026,X26,2026,20261,195,False
Advertising,Summer 2026,0,0.0,S26,2026,20262,235,False
Advertising,Fall 2026,0,0.0,F26,2026,20263,35,True
Advertising,Winter 2027,0,0.0,W27,2027,20270,1,True
Aerospace,Summer 2005,0,0.0,S05,2005,20052,9,True
Aerospace,Winter 2006,0,0.0,W06,2006,20060,7,True
Aerospace,Summer 2006,0,0.0,S06,2006,20062,10,True
Aerospace,Winter 2007,0,0.0,W07,2007,20070,13,True
Aerospace,Summer 2007,0,0.0,S07,2007,20072,19,True
Aerospace,Winter 2008,0,0.0,W08,2008,20080,21,True
Aerospace,Summer 2008,0,0.0,S08,2008,20082,22,True
Aerospace,Winter 2009,0,0.0,W09,2009,20090,16,True
Aerospace,Summer 2009,0,0.0,S09,2009,20092,26,True
Aerospace,Winter 2010,0,0.0,W10,2010,20100,27,True
Aerospace,Summer 2010,0,0.0,S10,2010,20102,36,True
Aerospace,Winter 2011,0,0.0,W11,2011,20110,45,True
Aerospace,Summer 2011,0,0.0,S11,2011,20112,60,False
Aerospace,Winter 2012,0,0.0,W12,2012,20120,66,False
Aerospace,Summer 2012,0,0.0,S12,2012,20122,83,False
Aerospace,Winter 2013,0,0.0,W13,2013,20130,46,True
Aerospace,Summer 2013,0,0.0,S13,2013,20132,52,False
Aerospace,Winter 2014,0,0.0,W14,2014,20140,74,False
Aerospace,Summer 2014,0,0.0,S14,2014,20142,78,False
Aerospace,Winter 2015,0,0.0,W15,2015,20150,110,False
Aerospace,Summer 2015,0,0.0,S15,2015,20152,104,False
Aerospace,Winter 2016,1,0.82,W16,2016,20160,122,False
Aerospace,Summer 2016,1,0.98,S16,2016,20162,102,False
Aerospace,Winter 2017,0,0.0,W17,2017,20170,116,False
Aerospace,Summer 2017,0,0.0,S17,2017,20172,125,False
Aerospace,Winter 2018,0,0.0,W18,2018,20180,146,False
Aerospace,Summer 2018,0,0.0,S18,2018,20182,131,False
Aerospace,Winter 2019,1,0.515,W19,2019,20190,194,False
Aerospace,Summer 2019,1,0.568,S19,2019,20192,176,False
Aerospace,Winter 2020,1,0.439,W20,2020,20200,228,False
Aerospace,Summer 2020,0,0.0,S20,2020,20202,209,False
Aerospace,Winter 2021,2,0.595,W21,2021,20210,336,False
Aerospace,Summer 2021,3,0.767,S21,2021,20212,391,False
Aerospace,Winter 2022,1,0.251,W22,2022,20220,398,False
Aerospace,Summer 2022,3,1.282,S22,2022,20222,234,False
Aerospace,Winter 2023,1,0.365,W23,2023,20230,274,False
Aerospace,Summer 2023,2,0.909,S23,2023,20232,220,False
Aerospace,Winter 2024,3,1.21,W24,2024,20240,248,False
Aerospace,Summer 2024,5,2.016,S24,2024,20242,248,False
Aerospace,Fall 2024,3,3.191,F24,2024,20243,94,False
Aerospace,Winter 2025,1,0.602,W25,2025,20250,166,False
Aerospace,Spring 2025,3,2.098,X25,2025,20251,143,False
Aerospace,Summer 2025,0,0.0,S25,2025,20252,166,False
Aerospace,Fall 2025,4,2.74,F25,2025,20253,146,False
Aerospace,Winter 2026,0,0.0,W26,2026,20260,199,False
Aerospace,Spring 2026,2,1.026,X26,2026,20261,195,False
Aerospace,Summer 2026,5,2.128,S26,2026,20262,235,False
Aerospace,Fall 2026,1,2.857,F26,2026,20263,35,True
Aerospace,Winter 2027,0,0.0,W27,2027,20270,1,True
Agriculture,Summer 2005,0,0.0,S05,2005,20052,9,True
Agriculture,Winter 2006,0,0.0,W06,2006,20060,7,True
Agriculture,Summer 2006,0,0.0,S06,2006,20062,10,True
Agriculture,Winter 2007,0,0.0,W07,2007,20070,13,True
Agriculture,Summer 2007,0,0.0,S07,2007,20072,19,True
Agriculture,Winter 2008,0,0.0,W08,2008,20080,21,True
Agriculture,Summer 2008,0,0.0,S08,2008,20082,22,True
Agriculture,Winter 2009,0,0.0,W09,2009,20090,16,True
Agriculture,Summer 2009,0,0.0,S09,2009,20092,26,True
Agriculture,Winter 2010,0,0.0,W10,2010,20100,27,True
Agriculture,Summer 2010,0,0.0,S10,2010,20102,36,True
Agriculture,Winter 2011,0,0.0,W11,2011,20110,45,True
Agriculture,Summer 2011,0,0.0,S11,2011,20112,60,False
Agriculture,Winter 2012,1,1.515,W12,2012,20120,66,False
Agriculture,Summer 2012,0,0.0,S12,2012,20122,83,False
Agriculture,Winter 2013,0,0.0,W13,2013,20130,46,True
Agriculture,Summer 2013,0,0.0,S13,2013,20132,52,False
Agriculture,Winter 2014,2,2.703,W14,2014,20140,74,False
Agriculture,Summer 2014,1,1.282,S14,2014,20142,78,False
Agriculture,Winter 2015,1,0.909,W15,2015,20150,110,False
Agriculture,Summer 2015,1,0.962,S15,2015,20152,104,False
Agriculture,Winter 2016,1,0.82,W16,2016,20160,122,False
Agriculture,Summer 2016,0,0.0,S16,2016,20162,102,False
Agriculture,Winter 2017,2,1.724,W17,2017,20170,116,False
Agriculture,Summer 2017,4,3.2,S17,2017,20172,125,False
Agriculture,Winter 2018,2,1.37,W18,2018,20180,146,False
Agriculture,Summer 2018,1,0.763,S18,2018,20182,131,False
Agriculture,Winter 2019,1,0.515,W19,2019,20190,194,False
Agriculture,Summer 2019,0,0.0,S19,2019,20192,176,False
Agriculture,Winter 2020,2,0.877,W20,2020,20200,228,False
Agriculture,Summer 2020,1,0.478,S20,2020,20202,209,False
Agriculture,Winter 2021,1,0.298,W21,2021,20210,336,False
Agriculture,Summer 2021,1,0.256,S21,2021,20212,391,False
Agriculture,Winter 2022,2,0.503,W22,2022,20220,398,False
Agriculture,Summer 2022,1,0.427,S22,2022,20222,234,False
Agriculture,Winter 2023,0,0.0,W23,2023,20230,274,False
Agriculture,Summer 2023,1,0.455,S23,2023,20232,220,False
Agriculture,Winter 2024,1,0.403,W24,2024,20240,248,False
Agriculture,Summer 2024,2,0.806,S24,2024,20242,248,False
Agriculture,Fall 2024,0,0.0,F24,2024,20243,94,False
Agriculture,Winter 2025,0,0.0,W25,2025,20250,166,False
Agriculture,Spring 2025,0,0.0,X25,2025,20251,143,False
Agriculture,Summer 2025,2,1.205,S25,2025,20252,166,False
Agriculture,Fall 2025,0,0.0,F25,2025,20253,146,False
Agriculture,Winter 2026,1,0.503,W26,2026,20260,199,False
Agriculture,Spring 2026,0,0.0,X26,2026,20261,195,False
Agriculture,Summer 2026,2,0.851,S26,2026,20262,235,False
Agriculture,Fall 2026,0,0.0,F26,2026,20263,35,True
Agriculture,Winter 2027,0,0.0,W27,2027,20270,1,True
Air Taxis,Summer 2005,0,0.0,S05,2005,20052,9,True
Air Taxis,Winter 2006,0,0.0,W06,2006,20060,7,True
Air Taxis,Summer 2006,0,0.0,S06,2006,20062,10,True
Air Taxis,Winter 2007,0,0.0,W07,2007,20070,13,True
Air Taxis,Summer 2007,0,0.0,S07,2007,20072,19,True
Air Taxis,Winter 2008,0,0.0,W08,2008,20080,21,True
Air Taxis,Summer 2008,0,0.0,S08,2008,20082,22,True
Air Taxis,Winter 2009,0,0.0,W09,2009,20090,16,True
Air Taxis,Summer 2009,0,0.0,S09,2009,20092,26,True
Air Taxis,Winter 2010,0,0.0,W10,2010,20100,27,True
Air Taxis,Summer 2010,0,0.0,S10,2010,20102,36,True
Air Taxis,Winter 2011,0,0.0,W11,2011,20110,45,True
Air Taxis,Summer 2011,0,0.0,S11,2011,20112,60,False
Air Taxis,Winter 2012,0,0.0,W12,2012,20120,66,False
Air Taxis,Summer 2012,0,0.0,S12,2012,20122,83,False
Air Taxis,Winter 2013,0,0.0,W13,2013,20130,46,True
Air Taxis,Summer 2013,0,0.0,S13,2013,20132,52,False
Air Taxis,Winter 2014,0,0.0,W14,2014,20140,74,False
Air Taxis,Summer 2014,1,1.282,S14,2014,20142,78,False
Air Taxis,Winter 2015,0,0.0,W15,2015,20150,110,False
Air Taxis,Summer 2015,0,0.0,S15,2015,20152,104,False
Air Taxis,Winter 2016,0,0.0,W16,2016,20160,122,False
Air Taxis,Summer 2016,0,0.0,S16,2016,20162,102,False
Air Taxis,Winter 2017,0,0.0,W17,2017,20170,116,False
Air Taxis,Summer 2017,1,0.8,S17,2017,20172,125,False
Air Taxis,Winter 2018,0,0.0,W18,2018,20180,146,False
Air Taxis,Summer 2018,0,0.0,S18,2018,20182,131,False
Air Taxis,Winter 2019,2,1.031,W19,2019,20190,194,False
Air Taxis,Summer 2019,0,0.0,S19,2019,20192,176,False
Air Taxis,Winter 2020,1,0.439,W20,2020,20200,228,False
Air Taxis,Summer 2020,0,0.0,S20,2020,20202,209,False
Air Taxis,Winter 2021,0,0.0,W21,2021,20210,336,False
Air Taxis,Summer 2021,0,0.0,S21,2021,20212,391,False
Air Taxis,Winter 2022,0,0.0,W22,2022,20220,398,False
Air Taxis,Summer 2022,0,0.0,S22,2022,20222,234,False
Air Taxis,Winter 2023,0,0.0,W23,2023,20230,274,False
Air Taxis,Summer 2023,0,0.0,S23,2023,20232,220,False
Air Taxis,Winter 2024,0,0.0,W24,2024,20240,248,False
Air Taxis,Summer 2024,0,0.0,S24,2024,20242,248,False
Air Taxis,Fall 2024,0,0.0,F24,2024,20243,94,False
Air Taxis,Winter 2025,0,0.0,W25,2025,20250,166,False
Air Taxis,Spring 2025,0,0.0,X25,2025,20251,143,False
Air Taxis,Summer 2025,0,0.0,S25,2025,20252,166,False
Air Taxis,Fall 2025,0,0.0,F25,2025,20253,146,False
Air Taxis,Winter 2026,0,0.0,W26,2026,20260,199,False
Air Taxis,Spring 2026,0,0.0,X26,2026,20261,195,False
Air Taxis,Summer 2026,0,0.0,S26,2026,20262,235,False
Air Taxis,Fall 2026,0,0.0,F26,2026,20263,35,True
Air Taxis,Winter 2027,0,0.0,W27,2027,20270,1,True
Airlines,Summer 2005,0,0.0,S05,2005,20052,9,True
Airlines,Winter 2006,0,0.0,W06,2006,20060,7,True
Airlines,Summer 2006,0,0.0,S06,2006,20062,10,True
Airlines,Winter 2007,0,0.0,W07,2007,20070,13,True
Airlines,Summer 2007,0,0.0,S07,2007,20072,19,True
Airlines,Winter 2008,0,0.0,W08,2008,20080,21,True
Airlines,Summer 2008,0,0.0,S08,2008,20082,22,True
Airlines,Winter 2009,1,6.25,W09,2009,20090,16,True
Airlines,Summer 2009,0,0.0,S09,2009,20092,26,True
Airlines,Winter 2010,0,0.0,W10,2010,20100,27,True
Airlines,Summer 2010,0,0.0,S10,2010,20102,36,True
Airlines,Winter 2011,0,0.0,W11,2011,20110,45,True
Airlines,Summer 2011,0,0.0,S11,2011,20112,60,False
Airlines,Winter 2012,0,0.0,W12,2012,20120,66,False
Airlines,Summer 2012,0,0.0,S12,2012,20122,83,False
Airlines,Winter 2013,0,0.0,W13,2013,20130,46,True
Airlines,Summer 2013,0,0.0,S13,2013,20132,52,False
Airlines,Winter 2014,0,0.0,W14,2014,20140,74,False
Airlines,Summer 2014,0,0.0,S14,2014,20142,78,False
Airlines,Winter 2015,0,0.0,W15,2015,20150,110,False
Airlines,Summer 2015,0,0.0,S15,2015,20152,104,False
Airlines,Winter 2016,0,0.0,W16,2016,20160,122,False
Airlines,Summer 2016,1,0.98,S16,2016,20162,102,False
Airlines,Winter 2017,0,0.0,W17,2017,20170,116,False
Airlines,Summer 2017,0,0.0,S17,2017,20172,125,False
Airlines,Winter 2018,0,0.0,W18,2018,20180,146,False
Airlines,Summer 2018,0,0.0,S18,2018,20182,131,False
Airlines,Winter 2019,0,0.0,W19,2019,20190,194,False
Airlines,Summer 2019,0,0.0,S19,2019,20192,176,False
Airlines,Winter 2020,0,0.0,W20,2020,20200,228,False
Airlines,Summer 2020,0,0.0,S20,2020,20202,209,False
Airlines,Winter 2021,0,0.0,W21,2021,20210,336,False
Airlines,Summer 2021,0,0.0,S21,2021,20212,391,False
Airlines,Winter 2022,0,0.0,W22,2022,20220,398,False
Airlines,Summer 2022,0,0.0,S22,2022,20222,234,False
Airlines,Winter 2023,0,0.0,W23,2023,20230,274,False
Airlines,Summer 2023,1,0.455,S23,2023,20232,220,False
Airlines,Winter 2024,0,0.0,W24,2024,20240,248,False
Airlines,Summer 2024,0,0.0,S24,2024,20242,248,False
Airlines,Fall 2024,1,1.064,F24,2024,20243,94,False
Airlines,Winter 2025,0,0.0,W25,2025,20250,166,False
Airlines,Spring 2025,0,0.0,X25,2025,20251,143,False
Airlines,Summer 2025,0,0.0,S25,2025,20252,166,False
Airlines,Fall 2025,0,0.0,F25,2025,20253,146,False
Airlines,Winter 2026,0,0.0,W26,2026,20260,199,False
Airlines,Spring 2026,0,0.0,X26,2026,20261,195,False
Airlines,Summer 2026,1,0.426,S26,2026,20262,235,False
Airlines,Fall 2026,0,0.0,F26,2026,20263,35,True
Airlines,Winter 2027,0,0.0,W27,2027,20270,1,True
Airplanes,Summer 2005,0,0.0,S05,2005,20052,9,True
Airplanes,Winter 2006,0,0.0,W06,2006,20060,7,True
Airplanes,Summer 2006,0,0.0,S06,2006,20062,10,True
Airplanes,Winter 2007,0,0.0,W07,2007,20070,13,True
Airplanes,Summer 2007,0,0.0,S07,2007,20072,19,True
Airplanes,Winter 2008,0,0.0,W08,2008,20080,21,True
Airplanes,Summer 2008,0,0.0,S08,2008,20082,22,True
Airplanes,Winter 2009,0,0.0,W09,2009,20090,16,True
Airplanes,Summer 2009,0,0.0,S09,2009,20092,26,True
Airplanes,Winter 2010,0,0.0,W10,2010,20100,27,True
Airplanes,Summer 2010,0,0.0,S10,2010,20102,36,True
Airplanes,Winter 2011,0,0.0,W11,2011,20110,45,True
Airplanes,Summer 2011,0,0.0,S11,2011,20112,60,False
Airplanes,Winter 2012,0,0.0,W12,2012,20120,66,False
Airplanes,Summer 2012,0,0.0,S12,2012,20122,83,False
Airplanes,Winter 2013,0,0.0,W13,2013,20130,46,True
Airplanes,Summer 2013,0,0.0,S13,2013,20132,52,False
Airplanes,Winter 2014,0,0.0,W14,2014,20140,74,False
Airplanes,Summer 2014,0,0.0,S14,2014,20142,78,False
Airplanes,Winter 2015,0,0.0,W15,2015,20150,110,False
Airplanes,Summer 2015,0,0.0,S15,2015,20152,104,False
Airplanes,Winter 2016,0,0.0,W16,2016,20160,122,False
Airplanes,Summer 2016,0,0.0,S16,2016,20162,102,False
Airplanes,Winter 2017,1,0.862,W17,2017,20170,116,False
Airplanes,Summer 2017,1,0.8,S17,2017,20172,125,False
Airplanes,Winter 2018,0,0.0,W18,2018,20180,146,False
Airplanes,Summer 2018,1,0.763,S18,2018,20182,131,False
Airplanes,Winter 2019,1,0.515,W19,2019,20190,194,False
Airplanes,Summer 2019,0,0.0,S19,2019,20192,176,False
Airplanes,Winter 2020,1,0.439,W20,2020,20200,228,False
Airplanes,Summer 2020,0,0.0,S20,2020,20202,209,False
Airplanes,Winter 2021,1,0.298,W21,2021,20210,336,False
Airplanes,Summer 2021,1,0.256,S21,2021,20212,391,False
Airplanes,Winter 2022,1,0.251,W22,2022,20220,398,False
Airplanes,Summer 2022,2,0.855,S22,2022,20222,234,False
Airplanes,Winter 2023,1,0.365,W23,2023,20230,274,False
Airplanes,Summer 2023,0,0.0,S23,2023,20232,220,False
Airplanes,Winter 2024,0,0.0,W24,2024,20240,248,False
Airplanes,Summer 2024,0,0.0,S24,2024,20242,248,False
Airplanes,Fall 2024,0,0.0,F24,2024,20243,94,False
Airplanes,Winter 2025,0,0.0,W25,2025,20250,166,False
Airplanes,Spring 2025,0,0.0,X25,2025,20251,143,False
Airplanes,Summer 2025,0,0.0,S25,2025,20252,166,False
Airplanes,Fall 2025,0,0.0,F25,2025,20253,146,False
Airplanes,Winter 2026,0,0.0,W26,2026,20260,199,False
Airplanes,Spring 2026,0,0.0,X26,2026,20261,195,False
Airplanes,Summer 2026,0,0.0,S26,2026,20262,235,False
Airplanes,Fall 2026,0,0.0,F26,2026,20263,35,True
Airplanes,Winter 2027,0,0.0,W27,2027,20270,1,True
Alternative Battery Tech,Summer 2005,0,0.0,S05,2005,20052,9,True
Alternative Battery Tech,Winter 2006,0,0.0,W06,2006,20060,7,True
Alternative Battery Tech,Summer 2006,0,0.0,S06,2006,20062,10,True
Alternative Battery Tech,Winter 2007,0,0.0,W07,2007,20070,13,True
Alternative Battery Tech,Summer 2007,0,0.0,S07,2007,20072,19,True
Alternative Battery Tech,Winter 2008,0,0.0,W08,2008,20080,21,True
Alternative Battery Tech,Summer 2008,0,0.0,S08,2008,20082,22,True
Alternative Battery Tech,Winter 2009,0,0.0,W09,2009,20090,16,True
Alternative Battery Tech,Summer 2009,0,0.0,S09,2009,20092,26,True
Alternative Battery Tech,Winter 2010,0,0.0,W10,2010,20100,27,True
Alternative Battery Tech,Summer 2010,0,0.0,S10,2010,20102,36,True
Alternative Battery Tech,Winter 2011,0,0.0,W11,2011,20110,45,True
Alternative Battery Tech,Summer 2011,0,0.0,S11,2011,20112,60,False
Alternative Battery Tech,Winter 2012,0,0.0,W12,2012,20120,66,False
Alternative Battery Tech,Summer 2012,0,0.0,S12,2012,20122,83,False
Alternative Battery Tech,Winter 2013,0,0.0,W13,2013,20130,46,True
Alternative Battery Tech,Summer 2013,0,0.0,S13,2013,20132,52,False
Alternative Battery Tech,Winter 2014,0,0.0,W14,2014,20140,74,False
Alternative Battery Tech,Summer 2014,0,0.0,S14,2014,20142,78,False
Alternative Battery Tech,Winter 2015,0,0.0,W15,2015,20150,110,False
Alternative Battery Tech,Summer 2015,0,0.0,S15,2015,20152,104,False
Alternative Battery Tech,Winter 2016,0,0.0,W16,2016,20160,122,False
Alternative Battery Tech,Summer 2016,0,0.0,S16,2016,20162,102,False
Alternative Battery Tech,Winter 2017,1,0.862,W17,2017,20170,116,False
Alternative Battery Tech,Summer 2017,0,0.0,S17,2017,20172,125,False
Alternative Battery Tech,Winter 2018,0,0.0,W18,2018,20180,146,False
Alternative Battery Tech,Summer 2018,0,0.0,S18,2018,20182,131,False
Alternative Battery Tech,Winter 2019,1,0.515,W19,2019,20190,194,False
Alternative Battery Tech,Summer 2019,0,0.0,S19,2019,20192,176,False
Alternative Battery Tech,Winter 2020,0,0.0,W20,2020,20200,228,False
Alternative Battery Tech,Summer 2020,0,0.0,S20,2020,20202,209,False
Alternative Battery Tech,Winter 2021,0,0.0,W21,2021,20210,336,False
Alternative Battery Tech,Summer 2021,0,0.0,S21,2021,20212,391,False
Alternative Battery Tech,Winter 2022,0,0.0,W22,2022,20220,398,False
Alternative Battery Tech,Summer 2022,0,0.0,S22,2022,20222,234,False
Alternative Battery Tech,Winter 2023,0,0.0,W23,2023,20230,274,False
Alternative Battery Tech,Summer 2023,0,0.0,S23,2023,20232,220,False
Alternative Battery Tech,Winter 2024,0,0.0,W24,2024,20240,248,False
Alternative Battery Tech,Summer 2024,0,0.0,S24,2024,20242,248,False
Alternative Battery Tech,Fall 2024,0,0.0,F24,2024,20243,94,False
Alternative Battery Tech,Winter 2025,0,0.0,W25,2025,20250,166,False
Alternative Battery Tech,Spring 2025,0,0.0,X25,2025,20251,143,False
Alternative Battery Tech,Summer 2025,0,0.0,S25,2025,20252,166,False
Alternative Battery Tech,Fall 2025,0,0.0,F25,2025,20253,146,False
Alternative Battery Tech,Winter 2026,0,0.0,W26,2026,20260,199,False
Alternative Battery Tech,Spring 2026,0,0.0,X26,2026,20261,195,False
Alternative Battery Tech,Summer 2026,0,0.0,S26,2026,20262,235,False
Alternative Battery Tech,Fall 2026,0,0.0,F26,2026,20263,35,True
Alternative Battery Tech,Winter 2027,0,0.0,W27,2027,20270,1,True
Alternative Fuels,Summer 2005,0,0.0,S05,2005,20052,9,True
Alternative Fuels,Winter 2006,0,0.0,W06,2006,20060,7,True
Alternative Fuels,Summer 2006,0,0.0,S06,2006,20062,10,True
Alternative Fuels,Winter 2007,0,0.0,W07,2007,20070,13,True
Alternative Fuels,Summer 2007,0,0.0,S07,2007,20072,19,True
Alternative Fuels,Winter 2008,0,0.0,W08,2008,20080,21,True
Alternative Fuels,Summer 2008,0,0.0,S08,2008,20082,22,True
Alternative Fuels,Winter 2009,0,0.0,W09,2009,20090,16,True
Alternative Fuels,Summer 2009,0,0.0,S09,2009,20092,26,True
Alternative Fuels,Winter 2010,0,0.0,W10,2010,20100,27,True
Alternative Fuels,Summer 2010,0,0.0,S10,2010,20102,36,True
Alternative Fuels,Winter 2011,0,0.0,W11,2011,20110,45,True
Alternative Fuels,Summer 2011,0,0.0,S11,2011,20112,60,False
Alternative Fuels,Winter 2012,0,0.0,W12,2012,20120,66,False
Alternative Fuels,Summer 2012,0,0.0,S12,2012,20122,83,False
Alternative Fuels,Winter 2013,0,0.0,W13,2013,20130,46,True
Alternative Fuels,Summer 2013,0,0.0,S13,2013,20132,52,False
Alternative Fuels,Winter 2014,0,0.0,W14,2014,20140,74,False
Alternative Fuels,Summer 2014,0,0.0,S14,2014,20142,78,False
Alternative Fuels,Winter 2015,0,0.0,W15,2015,20150,110,False
Alternative Fuels,Summer 2015,0,0.0,S15,2015,20152,104,False
Alternative Fuels,Winter 2016,0,0.0,W16,2016,20160,122,False
Alternative Fuels,Summer 2016,0,0.0,S16,2016,20162,102,False
Alternative Fuels,Winter 2017,0,0.0,W17,2017,20170,116,False
Alternative Fuels,Summer 2017,0,0.0,S17,2017,20172,125,False
Alternative Fuels,Winter 2018,0,0.0,W18,2018,20180,146,False
Alternative Fuels,Summer 2018,0,0.0,S18,2018,20182,131,False
Alternative Fuels,Winter 2019,1,0.515,W19,2019,20190,194,False
Alternative Fuels,Summer 2019,0,0.0,S19,2019,20192,176,False
Alternative Fuels,Winter 2020,0,0.0,W20,2020,20200,228,False
Alternative Fuels,Summer 2020,0,0.0,S20,2020,20202,209,False
Alternative Fuels,Winter 2021,0,0.0,W21,2021,20210,336,False
Alternative Fuels,Summer 2021,0,0.0,S21,2021,20212,391,False
Alternative Fuels,Winter 2022,0,0.0,W22,2022,20220,398,False
Alternative Fuels,Summer 2022,0,0.0,S22,2022,20222,234,False
Alternative Fuels,Winter 2023,0,0.0,W23,2023,20230,274,False
Alternative Fuels,Summer 2023,0,0.0,S23,2023,20232,220,False
Alternative Fuels,Winter 2024,0,0.0,W24,2024,20240,248,False
Alternative Fuels,Summer 2024,0,0.0,S24,2024,20242,248,False
Alternative Fuels,Fall 2024,0,0.0,F24,2024,20243,94,False
Alternative Fuels,Winter 2025,0,0.0,W25,2025,20250,166,False
Alternative Fuels,Spring 2025,0,0.0,X25,2025,20251,143,False
Alternative Fuels,Summer 2025,0,0.0,S25,2025,20252,166,False
Alternative Fuels,Fall 2025,0,0.0,F25,2025,20253,146,False
Alternative Fuels,Winter 2026,0,0.0,W26,2026,20260,199,False
Alternative Fuels,Spring 2026,0,0.0,X26,2026,20261,195,False
Alternative Fuels,Summer 2026,1,0.426,S26,2026,20262,235,False
Alternative Fuels,Fall 2026,0,0.0,F26,2026,20263,35,True
Alternative Fuels,Winter 2027,0,0.0,W27,2027,20270,1,True
Analytics,Summer 2005,0,0.0,S05,2005,20052,9,True
Analytics,Winter 2006,0,0.0,W06,2006,20060,7,True
Analytics,Summer 2006,0,0.0,S06,2006,20062,10,True
Analytics,Winter 2007,0,0.0,W07,2007,20070,13,True
Analytics,Summer 2007,0,0.0,S07,2007,20072,19,True
Analytics,Winter 2008,0,0.0,W08,2008,20080,21,True
Analytics,Summer 2008,0,0.0,S08,2008,20082,22,True
Analytics,Winter 2009,0,0.0,W09,2009,20090,16,True
Analytics,Summer 2009,1,3.846,S09,2009,20092,26,True
Analytics,Winter 2010,0,0.0,W10,2010,20100,27,True
Analytics,Summer 2010,4,11.111,S10,2010,20102,36,True
Analytics,Winter 2011,2,4.444,W11,2011,20110,45,True
Analytics,Summer 2011,3,5.0,S11,2011,20112,60,False
Analytics,Winter 2012,4,6.061,W12,2012,20120,66,False
Analytics,Summer 2012,5,6.024,S12,2012,20122,83,False
Analytics,Winter 2013,6,13.043,W13,2013,20130,46,True
Analytics,Summer 2013,2,3.846,S13,2013,20132,52,False
Analytics,Winter 2014,3,4.054,W14,2014,20140,74,False
Analytics,Summer 2014,5,6.41,S14,2014,20142,78,False
Analytics,Winter 2015,4,3.636,W15,2015,20150,110,False
Analytics,Summer 2015,1,0.962,S15,2015,20152,104,False
Analytics,Winter 2016,5,4.098,W16,2016,20160,122,False
Analytics,Summer 2016,0,0.0,S16,2016,20162,102,False
Analytics,Winter 2017,2,1.724,W17,2017,20170,116,False
Analytics,Summer 2017,1,0.8,S17,2017,20172,125,False
Analytics,Winter 2018,4,2.74,W18,2018,20180,146,False
Analytics,Summer 2018,3,2.29,S18,2018,20182,131,False
Analytics,Winter 2019,3,1.546,W19,2019,20190,194,False
Analytics,Summer 2019,5,2.841,S19,2019,20192,176,False
Analytics,Winter 2020,5,2.193,W20,2020,20200,228,False
Analytics,Summer 2020,5,2.392,S20,2020,20202,209,False
Analytics,Winter 2021,9,2.679,W21,2021,20210,336,False
Analytics,Summer 2021,12,3.069,S21,2021,20212,391,False
Analytics,Winter 2022,17,4.271,W22,2022,20220,398,False
Analytics,Summer 2022,11,4.701,S22,2022,20222,234,False
Analytics,Winter 2023,15,5.474,W23,2023,20230,274,False
Analytics,Summer 2023,10,4.545,S23,2023,20232,220,False
Analytics,Winter 2024,8,3.226,W24,2024,20240,248,False
Analytics,Summer 2024,10,4.032,S24,2024,20242,248,False
Analytics,Fall 2024,1,1.064,F24,2024,20243,94,False
Analytics,Winter 2025,5,3.012,W25,2025,20250,166,False
Analytics,Spring 2025,4,2.797,X25,2025,20251,143,False
Analytics,Summer 2025,2,1.205,S25,2025,20252,166,False
Analytics,Fall 2025,5,3.425,F25,2025,20253,146,False
Analytics,Winter 2026,1,0.503,W26,2026,20260,199,False
Analytics,Spring 2026,0,0.0,X26,2026,20261,195,False
Analytics,Summer 2026,3,1.277,S26,2026,20262,235,False
Analytics,Fall 2026,0,0.0,F26,2026,20263,35,True
Analytics,Winter 2027,0,0.0,W27,2027,20270,1,True
Anti-Aging,Summer 2005,0,0.0,S05,2005,20052,9,True
Anti-Aging,Winter 2006,0,0.0,W06,2006,20060,7,True
Anti-Aging,Summer 2006,0,0.0,S06,2006,20062,10,True
Anti-Aging,Winter 2007,0,0.0,W07,2007,20070,13,True
Anti-Aging,Summer 2007,0,0.0,S07,2007,20072,19,True
Anti-Aging,Winter 2008,0,0.0,W08,2008,20080,21,True
Anti-Aging,Summer 2008,0,0.0,S08,2008,20082,22,True
Anti-Aging,Winter 2009,0,0.0,W09,2009,20090,16,True
Anti-Aging,Summer 2009,0,0.0,S09,2009,20092,26,True
Anti-Aging,Winter 2010,0,0.0,W10,2010,20100,27,True
Anti-Aging,Summer 2010,0,0.0,S10,2010,20102,36,True
Anti-Aging,Winter 2011,0,0.0,W11,2011,20110,45,True
Anti-Aging,Summer 2011,0,0.0,S11,2011,20112,60,False
Anti-Aging,Winter 2012,0,0.0,W12,2012,20120,66,False
Anti-Aging,Summer 2012,0,0.0,S12,2012,20122,83,False
Anti-Aging,Winter 2013,0,0.0,W13,2013,20130,46,True
Anti-Aging,Summer 2013,0,0.0,S13,2013,20132,52,False
Anti-Aging,Winter 2014,0,0.0,W14,2014,20140,74,False
Anti-Aging,Summer 2014,0,0.0,S14,2014,20142,78,False
Anti-Aging,Winter 2015,0,0.0,W15,2015,20150,110,False
Anti-Aging,Summer 2015,0,0.0,S15,2015,20152,104,False
Anti-Aging,Winter 2016,0,0.0,W16,2016,20160,122,False
Anti-Aging,Summer 2016,0,0.0,S16,2016,20162,102,False
Anti-Aging,Winter 2017,0,0.0,W17,2017,20170,116,False
Anti-Aging,Summer 2017,1,0.8,S17,2017,20172,125,False
Anti-Aging,Winter 2018,0,0.0,W18,2018,20180,146,False
Anti-Aging,Summer 2018,3,2.29,S18,2018,20182,131,False
Anti-Aging,Winter 2019,0,0.0,W19,2019,20190,194,False
Anti-Aging,Summer 2019,0,0.0,S19,2019,20192,176,False
Anti-Aging,Winter 2020,0,0.0,W20,2020,20200,228,False
Anti-Aging,Summer 2020,0,0.0,S20,2020,20202,209,False
Anti-Aging,Winter 2021,2,0.595,W21,2021,20210,336,False
Anti-Aging,Summer 2021,1,0.256,S21,2021,20212,391,False
Anti-Aging,Winter 2022,0,0.0,W22,2022,20220,398,False
Anti-Aging,Summer 2022,0,0.0,S22,2022,20222,234,False
Anti-Aging,Winter 2023,0,0.0,W23,2023,20230,274,False
Anti-Aging,Summer 2023,0,0.0,S23,2023,20232,220,False
Anti-Aging,Winter 2024,0,0.0,W24,2024,20240,248,False
Anti-Aging,Summer 2024,0,0.0,S24,2024,20242,248,False
Anti-Aging,Fall 2024,0,0.0,F24,2024,20243,94,False
Anti-Aging,Winter 2025,0,0.0,W25,2025,20250,166,False
Anti-Aging,Spring 2025,0,0.0,X25,2025,20251,143,False
Anti-Aging,Summer 2025,0,0.0,S25,2025,20252,166,False
Anti-Aging,Fall 2025,0,0.0,F25,2025,20253,146,False
Anti-Aging,Winter 2026,0,0.0,W26,2026,20260,199,False
Anti-Aging,Spring 2026,0,0.0,X26,2026,20261,195,False
Anti-Aging,Summer 2026,0,0.0,S26,2026,20262,235,False
Anti-Aging,Fall 2026,0,0.0,F26,2026,20263,35,True
Anti-Aging,Winter 2027,0,0.0,W27,2027,20270,1,True
Apparel,Summer 2005,0,0.0,S05,2005,20052,9,True
Apparel,Winter 2006,0,0.0,W06,2006,20060,7,True
Apparel,Summer 2006,0,0.0,S06,2006,20062,10,True
Apparel,Winter 2007,0,0.0,W07,2007,20070,13,True
Apparel,Summer 2007,0,0.0,S07,2007,20072,19,True
Apparel,Winter 2008,0,0.0,W08,2008,20080,21,True
Apparel,Summer 2008,0,0.0,S08,2008,20082,22,True
Apparel,Winter 2009,0,0.0,W09,2009,20090,16,True
Apparel,Summer 2009,0,0.0,S09,2009,20092,26,True
Apparel,Winter 2010,0,0.0,W10,2010,20100,27,True
Apparel,Summer 2010,0,0.0,S10,2010,20102,36,True
Apparel,Winter 2011,0,0.0,W11,2011,20110,45,True
Apparel,Summer 2011,0,0.0,S11,2011,20112,60,False
Apparel,Winter 2012,0,0.0,W12,2012,20120,66,False
Apparel,Summer 2012,1,1.205,S12,2012,20122,83,False
Apparel,Winter 2013,0,0.0,W13,2013,20130,46,True
Apparel,Summer 2013,0,0.0,S13,2013,20132,52,False
Apparel,Winter 2014,0,0.0,W14,2014,20140,74,False
Apparel,Summer 2014,1,1.282,S14,2014,20142,78,False
Apparel,Winter 2015,0,0.0,W15,2015,20150,110,False
Apparel,Summer 2015,0,0.0,S15,2015,20152,104,False
Apparel,Winter 2016,0,0.0,W16,2016,20160,122,False
Apparel,Summer 2016,0,0.0,S16,2016,20162,102,False
Apparel,Winter 2017,0,0.0,W17,2017,20170,116,False
Apparel,Summer 2017,0,0.0,S17,2017,20172,125,False
Apparel,Winter 2018,0,0.0,W18,2018,20180,146,False
Apparel,Summer 2018,0,0.0,S18,2018,20182,131,False
Apparel,Winter 2019,1,0.515,W19,2019,20190,194,False
Apparel,Summer 2019,1,0.568,S19,2019,20192,176,False
Apparel,Winter 2020,0,0.0,W20,2020,20200,228,False
Apparel,Summer 2020,0,0.0,S20,2020,20202,209,False
Apparel,Winter 2021,0,0.0,W21,2021,20210,336,False
Apparel,Summer 2021,0,0.0,S21,2021,20212,391,False
Apparel,Winter 2022,0,0.0,W22,2022,20220,398,False
Apparel,Summer 2022,0,0.0,S22,2022,20222,234,False
Apparel,Winter 2023,0,0.0,W23,2023,20230,274,False
Apparel,Summer 2023,0,0.0,S23,2023,20232,220,False
Apparel,Winter 2024,0,0.0,W24,2024,20240,248,False
Apparel,Summer 2024,0,0.0,S24,2024,20242,248,False
Apparel,Fall 2024,0,0.0,F24,2024,20243,94,False
Apparel,Winter 2025,0,0.0,W25,2025,20250,166,False
Apparel,Spring 2025,0,0.0,X25,2025,20251,143,False
Apparel,Summer 2025,0,0.0,S25,2025,20252,166,False
Apparel,Fall 2025,0,0.0,F25,2025,20253,146,False
Apparel,Winter 2026,0,0.0,W26,2026,20260,199,False
Apparel,Spring 2026,0,0.0,X26,2026,20261,195,False
Apparel,Summer 2026,0,0.0,S26,2026,20262,235,False
Apparel,Fall 2026,0,0.0,F26,2026,20263,35,True
Apparel,Winter 2027,0,0.0,W27,2027,20270,1,True
Architecture,Summer 2005,0,0.0,S05,2005,20052,9,True
Architecture,Winter 2006,0,0.0,W06,2006,20060,7,True
Architecture,Summer 2006,0,0.0,S06,2006,20062,10,True
Architecture,Winter 2007,0,0.0,W07,2007,20070,13,True
Architecture,Summer 2007,0,0.0,S07,2007,20072,19,True
Architecture,Winter 2008,0,0.0,W08,2008,20080,21,True
Architecture,Summer 2008,0,0.0,S08,2008,20082,22,True
Architecture,Winter 2009,0,0.0,W09,2009,20090,16,True
Architecture,Summer 2009,0,0.0,S09,2009,20092,26,True
Architecture,Winter 2010,0,0.0,W10,2010,20100,27,True
Architecture,Summer 2010,0,0.0,S10,2010,20102,36,True
Architecture,Winter 2011,0,0.0,W11,2011,20110,45,True
Architecture,Summer 2011,0,0.0,S11,2011,20112,60,False
Architecture,Winter 2012,0,0.0,W12,2012,20120,66,False
Architecture,Summer 2012,0,0.0,S12,2012,20122,83,False
Architecture,Winter 2013,0,0.0,W13,2013,20130,46,True
Architecture,Summer 2013,0,0.0,S13,2013,20132,52,False
Architecture,Winter 2014,0,0.0,W14,2014,20140,74,False
Architecture,Summer 2014,0,0.0,S14,2014,20142,78,False
Architecture,Winter 2015,0,0.0,W15,2015,20150,110,False
Architecture,Summer 2015,0,0.0,S15,2015,20152,104,False
Architecture,Winter 2016,0,0.0,W16,2016,20160,122,False
Architecture,Summer 2016,0,0.0,S16,2016,20162,102,False
Architecture,Winter 2017,0,0.0,W17,2017,20170,116,False
Architecture,Summer 2017,0,0.0,S17,2017,20172,125,False
Architecture,Winter 2018,0,0.0,W18,2018,20180,146,False
Architecture,Summer 2018,0,0.0,S18,2018,20182,131,False
Architecture,Winter 2019,0,0.0,W19,2019,20190,194,False
Architecture,Summer 2019,0,0.0,S19,2019,20192,176,False
Architecture,Winter 2020,0,0.0,W20,2020,20200,228,False
Architecture,Summer 2020,0,0.0,S20,2020,20202,209,False
Architecture,Winter 2021,0,0.0,W21,2021,20210,336,False
Architecture,Summer 2021,0,0.0,S21,2021,20212,391,False
Architecture,Winter 2022,1,0.251,W22,2022,20220,398,False
Architecture,Summer 2022,0,0.0,S22,2022,20222,234,False
Architecture,Winter 2023,0,0.0,W23,2023,20230,274,False
Architecture,Summer 2023,0,0.0,S23,2023,20232,220,False
Architecture,Winter 2024,1,0.403,W24,2024,20240,248,False
Architecture,Summer 2024,0,0.0,S24,2024,20242,248,False
Architecture,Fall 2024,0,0.0,F24,2024,20243,94,False
Architecture,Winter 2025,0,0.0,W25,2025,20250,166,False
Architecture,Spring 2025,0,0.0,X25,2025,20251,143,False
Architecture,Summer 2025,0,0.0,S25,2025,20252,166,False
Architecture,Fall 2025,2,1.37,F25,2025,20253,146,False
Architecture,Winter 2026,0,0.0,W26,2026,20260,199,False
Architecture,Spring 2026,0,0.0,X26,2026,20261,195,False
Architecture,Summer 2026,1,0.426,S26,2026,20262,235,False
Architecture,Fall 2026,0,0.0,F26,2026,20263,35,True
Architecture,Winter 2027,0,0.0,W27,2027,20270,1,True
Art Trading Platforms,Summer 2005,0,0.0,S05,2005,20052,9,True
Art Trading Platforms,Winter 2006,0,0.0,W06,2006,20060,7,True
Art Trading Platforms,Summer 2006,0,0.0,S06,2006,20062,10,True
Art Trading Platforms,Winter 2007,0,0.0,W07,2007,20070,13,True
Art Trading Platforms,Summer 2007,0,0.0,S07,2007,20072,19,True
Art Trading Platforms,Winter 2008,0,0.0,W08,2008,20080,21,True
Art Trading Platforms,Summer 2008,0,0.0,S08,2008,20082,22,True
Art Trading Platforms,Winter 2009,0,0.0,W09,2009,20090,16,True
Art Trading Platforms,Summer 2009,0,0.0,S09,2009,20092,26,True
Art Trading Platforms,Winter 2010,0,0.0,W10,2010,20100,27,True
Art Trading Platforms,Summer 2010,0,0.0,S10,2010,20102,36,True
Art Trading Platforms,Winter 2011,0,0.0,W11,2011,20110,45,True
Art Trading Platforms,Summer 2011,0,0.0,S11,2011,20112,60,False
Art Trading Platforms,Winter 2012,0,0.0,W12,2012,20120,66,False
Art Trading Platforms,Summer 2012,0,0.0,S12,2012,20122,83,False
Art Trading Platforms,Winter 2013,0,0.0,W13,2013,20130,46,True
Art Trading Platforms,Summer 2013,0,0.0,S13,2013,20132,52,False
Art Trading Platforms,Winter 2014,0,0.0,W14,2014,20140,74,False
Art Trading Platforms,Summer 2014,0,0.0,S14,2014,20142,78,False
Art Trading Platforms,Winter 2015,0,0.0,W15,2015,20150,110,False
Art Trading Platforms,Summer 2015,0,0.0,S15,2015,20152,104,False
Art Trading Platforms,Winter 2016,0,0.0,W16,2016,20160,122,False
Art Trading Platforms,Summer 2016,0,0.0,S16,2016,20162,102,False
Art Trading Platforms,Winter 2017,0,0.0,W17,2017,20170,116,False
Art Trading Platforms,Summer 2017,0,0.0,S17,2017,20172,125,False
Art Trading Platforms,Winter 2018,0,0.0,W18,2018,20180,146,False
Art Trading Platforms,Summer 2018,0,0.0,S18,2018,20182,131,False
Art Trading Platforms,Winter 2019,0,0.0,W19,2019,20190,194,False
Art Trading Platforms,Summer 2019,0,0.0,S19,2019,20192,176,False
Art Trading Platforms,Winter 2020,0,0.0,W20,2020,20200,228,False
Art Trading Platforms,Summer 2020,0,0.0,S20,2020,20202,209,False
Art Trading Platforms,Winter 2021,0,0.0,W21,2021,20210,336,False
Art Trading Platforms,Summer 2021,1,0.256,S21,2021,20212,391,False
Art Trading Platforms,Winter 2022,0,0.0,W22,2022,20220,398,False
Art Trading Platforms,Summer 2022,0,0.0,S22,2022,20222,234,False
Art Trading Platforms,Winter 2023,0,0.0,W23,2023,20230,274,False
Art Trading Platforms,Summer 2023,0,0.0,S23,2023,20232,220,False
Art Trading Platforms,Winter 2024,0,0.0,W24,2024,20240,248,False
Art Trading Platforms,Summer 2024,0,0.0,S24,2024,20242,248,False
Art Trading Platforms,Fall 2024,0,0.0,F24,2024,20243,94,False
Art Trading Platforms,Winter 2025,0,0.0,W25,2025,20250,166,False
Art Trading Platforms,Spring 2025,0,0.0,X25,2025,20251,143,False
Art Trading Platforms,Summer 2025,0,0.0,S25,2025,20252,166,False
Art Trading Platforms,Fall 2025,0,0.0,F25,2025,20253,146,False
Art Trading Platforms,Winter 2026,0,0.0,W26,2026,20260,199,False
Art Trading Platforms,Spring 2026,0,0.0,X26,2026,20261,195,False
Art Trading Platforms,Summer 2026,0,0.0,S26,2026,20262,235,False
Art Trading Platforms,Fall 2026,0,0.0,F26,2026,20263,35,True
Art Trading Platforms,Winter 2027,0,0.0,W27,2027,20270,1,True
Artificial Intelligence,Summer 2005,0,0.0,S05,2005,20052,9,True
Artificial Intelligence,Winter 2006,0,0.0,W06,2006,20060,7,True
Artificial Intelligence,Summer 2006,0,0.0,S06,2006,20062,10,True
Artificial Intelligence,Winter 2007,0,0.0,W07,2007,20070,13,True
Artificial Intelligence,Summer 2007,0,0.0,S07,2007,20072,19,True
Artificial Intelligence,Winter 2008,0,0.0,W08,2008,20080,21,True
Artificial Intelligence,Summer 2008,1,4.545,S08,2008,20082,22,True
Artificial Intelligence,Winter 2009,0,0.0,W09,2009,20090,16,True
Artificial Intelligence,Summer 2009,1,3.846,S09,2009,20092,26,True
Artificial Intelligence,Winter 2010,0,0.0,W10,2010,20100,27,True
Artificial Intelligence,Summer 2010,0,0.0,S10,2010,20102,36,True
Artificial Intelligence,Winter 2011,0,0.0,W11,2011,20110,45,True
Artificial Intelligence,Summer 2011,0,0.0,S11,2011,20112,60,False
Artificial Intelligence,Winter 2012,0,0.0,W12,2012,20120,66,False
Artificial Intelligence,Summer 2012,1,1.205,S12,2012,20122,83,False
Artificial Intelligence,Winter 2013,1,2.174,W13,2013,20130,46,True
Artificial Intelligence,Summer 2013,1,1.923,S13,2013,20132,52,False
Artificial Intelligence,Winter 2014,2,2.703,W14,2014,20140,74,False
Artificial Intelligence,Summer 2014,3,3.846,S14,2014,20142,78,False
Artificial Intelligence,Winter 2015,8,7.273,W15,2015,20150,110,False
Artificial Intelligence,Summer 2015,2,1.923,S15,2015,20152,104,False
Artificial Intelligence,Winter 2016,8,6.557,W16,2016,20160,122,False
Artificial Intelligence,Summer 2016,11,10.784,S16,2016,20162,102,False
Artificial Intelligence,Winter 2017,14,12.069,W17,2017,20170,116,False
Artificial Intelligence,Summer 2017,13,10.4,S17,2017,20172,125,False
Artificial Intelligence,Winter 2018,13,8.904,W18,2018,20180,146,False
Artificial Intelligence,Summer 2018,12,9.16,S18,2018,20182,131,False
Artificial Intelligence,Winter 2019,16,8.247,W19,2019,20190,194,False
Artificial Intelligence,Summer 2019,13,7.386,S19,2019,20192,176,False
Artificial Intelligence,Winter 2020,21,9.211,W20,2020,20200,228,False
Artificial Intelligence,Summer 2020,13,6.22,S20,2020,20202,209,False
Artificial Intelligence,Winter 2021,40,11.905,W21,2021,20210,336,False
Artificial Intelligence,Summer 2021,47,12.02,S21,2021,20212,391,False
Artificial Intelligence,Winter 2022,56,14.07,W22,2022,20220,398,False
Artificial Intelligence,Summer 2022,42,17.949,S22,2022,20222,234,False
Artificial Intelligence,Winter 2023,59,21.533,W23,2023,20230,274,False
Artificial Intelligence,Summer 2023,75,34.091,S23,2023,20232,220,False
Artificial Intelligence,Winter 2024,93,37.5,W24,2024,20240,248,False
Artificial Intelligence,Summer 2024,83,33.468,S24,2024,20242,248,False
Artificial Intelligence,Fall 2024,25,26.596,F24,2024,20243,94,False
Artificial Intelligence,Winter 2025,51,30.723,W25,2025,20250,166,False
Artificial Intelligence,Spring 2025,39,27.273,X25,2025,20251,143,False
Artificial Intelligence,Summer 2025,56,33.735,S25,2025,20252,166,False
Artificial Intelligence,Fall 2025,40,27.397,F25,2025,20253,146,False
Artificial Intelligence,Winter 2026,22,11.055,W26,2026,20260,199,False
Artificial Intelligence,Spring 2026,16,8.205,X26,2026,20261,195,False
Artificial Intelligence,Summer 2026,87,37.021,S26,2026,20262,235,False
Artificial Intelligence,Fall 2026,13,37.143,F26,2026,20263,35,True
Artificial Intelligence,Winter 2027,0,0.0,W27,2027,20270,1,True
Assistive Tech,Summer 2005,0,0.0,S05,2005,20052,9,True
Assistive Tech,Winter 2006,0,0.0,W06,2006,20060,7,True
Assistive Tech,Summer 2006,0,0.0,S06,2006,20062,10,True
Assistive Tech,Winter 2007,0,0.0,W07,2007,20070,13,True
Assistive Tech,Summer 2007,0,0.0,S07,2007,20072,19,True
Assistive Tech,Winter 2008,0,0.0,W08,2008,20080,21,True
Assistive Tech,Summer 2008,0,0.0,S08,2008,20082,22,True
Assistive Tech,Winter 2009,0,0.0,W09,2009,20090,16,True
Assistive Tech,Summer 2009,0,0.0,S09,2009,20092,26,True
Assistive Tech,Winter 2010,0,0.0,W10,2010,20100,27,True
Assistive Tech,Summer 2010,0,0.0,S10,2010,20102,36,True
Assistive Tech,Winter 2011,0,0.0,W11,2011,20110,45,True
Assistive Tech,Summer 2011,0,0.0,S11,2011,20112,60,False
Assistive Tech,Winter 2012,0,0.0,W12,2012,20120,66,False
Assistive Tech,Summer 2012,0,0.0,S12,2012,20122,83,False
Assistive Tech,Winter 2013,0,0.0,W13,2013,20130,46,True
Assistive Tech,Summer 2013,0,0.0,S13,2013,20132,52,False
Assistive Tech,Winter 2014,0,0.0,W14,2014,20140,74,False
Assistive Tech,Summer 2014,0,0.0,S14,2014,20142,78,False
Assistive Tech,Winter 2015,0,0.0,W15,2015,20150,110,False
Assistive Tech,Summer 2015,0,0.0,S15,2015,20152,104,False
Assistive Tech,Winter 2016,0,0.0,W16,2016,20160,122,False
Assistive Tech,Summer 2016,1,0.98,S16,2016,20162,102,False
Assistive Tech,Winter 2017,0,0.0,W17,2017,20170,116,False
Assistive Tech,Summer 2017,1,0.8,S17,2017,20172,125,False
Assistive Tech,Winter 2018,1,0.685,W18,2018,20180,146,False
Assistive Tech,Summer 2018,2,1.527,S18,2018,20182,131,False
Assistive Tech,Winter 2019,0,0.0,W19,2019,20190,194,False
Assistive Tech,Summer 2019,0,0.0,S19,2019,20192,176,False
Assistive Tech,Winter 2020,0,0.0,W20,2020,20200,228,False
Assistive Tech,Summer 2020,0,0.0,S20,2020,20202,209,False
Assistive Tech,Winter 2021,0,0.0,W21,2021,20210,336,False
Assistive Tech,Summer 2021,1,0.256,S21,2021,20212,391,False
Assistive Tech,Winter 2022,0,0.0,W22,2022,20220,398,False
Assistive Tech,Summer 2022,0,0.0,S22,2022,20222,234,False
Assistive Tech,Winter 2023,0,0.0,W23,2023,20230,274,False
Assistive Tech,Summer 2023,0,0.0,S23,2023,20232,220,False
Assistive Tech,Winter 2024,0,0.0,W24,2024,20240,248,False
Assistive Tech,Summer 2024,0,0.0,S24,2024,20242,248,False
Assistive Tech,Fall 2024,0,0.0,F24,2024,20243,94,False
Assistive Tech,Winter 2025,0,0.0,W25,2025,20250,166,False
Assistive Tech,Spring 2025,0,0.0,X25,2025,20251,143,False
Assistive Tech,Summer 2025,0,0.0,S25,2025,20252,166,False
Assistive Tech,Fall 2025,0,0.0,F25,2025,20253,146,False
Assistive Tech,Winter 2026,0,0.0,W26,2026,20260,199,False
Assistive Tech,Spring 2026,0,0.0,X26,2026,20261,195,False
Assistive Tech,Summer 2026,0,0.0,S26,2026,20262,235,False
Assistive Tech,Fall 2026,0,0.0,F26,2026,20263,35,True
Assistive Tech,Winter 2027,0,0.0,W27,2027,20270,1,True
Augmented Reality,Summer 2005,0,0.0,S05,2005,20052,9,True
Augmented Reality,Winter 2006,0,0.0,W06,2006,20060,7,True
Augmented Reality,Summer 2006,0,0.0,S06,2006,20062,10,True
Augmented Reality,Winter 2007,0,0.0,W07,2007,20070,13,True
Augmented Reality,Summer 2007,0,0.0,S07,2007,20072,19,True
Augmented Reality,Winter 2008,0,0.0,W08,2008,20080,21,True
Augmented Reality,Summer 2008,0,0.0,S08,2008,20082,22,True
Augmented Reality,Winter 2009,0,0.0,W09,2009,20090,16,True
Augmented Reality,Summer 2009,0,0.0,S09,2009,20092,26,True
Augmented Reality,Winter 2010,0,0.0,W10,2010,20100,27,True
Augmented Reality,Summer 2010,0,0.0,S10,2010,20102,36,True
Augmented Reality,Winter 2011,0,0.0,W11,2011,20110,45,True
Augmented Reality,Summer 2011,1,1.667,S11,2011,20112,60,False
Augmented Reality,Winter 2012,0,0.0,W12,2012,20120,66,False
Augmented Reality,Summer 2012,0,0.0,S12,2012,20122,83,False
Augmented Reality,Winter 2013,0,0.0,W13,2013,20130,46,True
Augmented Reality,Summer 2013,1,1.923,S13,2013,20132,52,False
Augmented Reality,Winter 2014,1,1.351,W14,2014,20140,74,False
Augmented Reality,Summer 2014,1,1.282,S14,2014,20142,78,False
Augmented Reality,Winter 2015,1,0.909,W15,2015,20150,110,False
Augmented Reality,Summer 2015,1,0.962,S15,2015,20152,104,False
Augmented Reality,Winter 2016,0,0.0,W16,2016,20160,122,False
Augmented Reality,Summer 2016,0,0.0,S16,2016,20162,102,False
Augmented Reality,Winter 2017,1,0.862,W17,2017,20170,116,False
Augmented Reality,Summer 2017,2,1.6,S17,2017,20172,125,False
Augmented Reality,Winter 2018,3,2.055,W18,2018,20180,146,False
Augmented Reality,Summer 2018,2,1.527,S18,2018,20182,131,False
Augmented Reality,Winter 2019,2,1.031,W19,2019,20190,194,False
Augmented Reality,Summer 2019,1,0.568,S19,2019,20192,176,False
Augmented Reality,Winter 2020,0,0.0,W20,2020,20200,228,False
Augmented Reality,Summer 2020,1,0.478,S20,2020,20202,209,False
Augmented Reality,Winter 2021,1,0.298,W21,2021,20210,336,False
Augmented Reality,Summer 2021,1,0.256,S21,2021,20212,391,False
Augmented Reality,Winter 2022,0,0.0,W22,2022,20220,398,False
Augmented Reality,Summer 2022,1,0.427,S22,2022,20222,234,False
Augmented Reality,Winter 2023,0,0.0,W23,2023,20230,274,False
Augmented Reality,Summer 2023,0,0.0,S23,2023,20232,220,False
Augmented Reality,Winter 2024,0,0.0,W24,2024,20240,248,False
Augmented Reality,Summer 2024,1,0.403,S24,2024,20242,248,False
Augmented Reality,Fall 2024,0,0.0,F24,2024,20243,94,False
Augmented Reality,Winter 2025,1,0.602,W25,2025,20250,166,False
Augmented Reality,Spring 2025,0,0.0,X25,2025,20251,143,False
Augmented Reality,Summer 2025,0,0.0,S25,2025,20252,166,False
Augmented Reality,Fall 2025,0,0.0,F25,2025,20253,146,False
Augmented Reality,Winter 2026,0,0.0,W26,2026,20260,199,False
Augmented Reality,Spring 2026,0,0.0,X26,2026,20261,195,False
Augmented Reality,Summer 2026,0,0.0,S26,2026,20262,235,False
Augmented Reality,Fall 2026,0,0.0,F26,2026,20263,35,True
Augmented Reality,Winter 2027,0,0.0,W27,2027,20270,1,True
Auto Commerce,Summer 2005,0,0.0,S05,2005,20052,9,True
Auto Commerce,Winter 2006,0,0.0,W06,2006,20060,7,True
Auto Commerce,Summer 2006,0,0.0,S06,2006,20062,10,True
Auto Commerce,Winter 2007,0,0.0,W07,2007,20070,13,True
Auto Commerce,Summer 2007,0,0.0,S07,2007,20072,19,True
Auto Commerce,Winter 2008,0,0.0,W08,2008,20080,21,True
Auto Commerce,Summer 2008,0,0.0,S08,2008,20082,22,True
Auto Commerce,Winter 2009,0,0.0,W09,2009,20090,16,True
Auto Commerce,Summer 2009,0,0.0,S09,2009,20092,26,True
Auto Commerce,Winter 2010,0,0.0,W10,2010,20100,27,True
Auto Commerce,Summer 2010,0,0.0,S10,2010,20102,36,True
Auto Commerce,Winter 2011,0,0.0,W11,2011,20110,45,True
Auto Commerce,Summer 2011,0,0.0,S11,2011,20112,60,False
Auto Commerce,Winter 2012,0,0.0,W12,2012,20120,66,False
Auto Commerce,Summer 2012,0,0.0,S12,2012,20122,83,False
Auto Commerce,Winter 2013,0,0.0,W13,2013,20130,46,True
Auto Commerce,Summer 2013,0,0.0,S13,2013,20132,52,False
Auto Commerce,Winter 2014,0,0.0,W14,2014,20140,74,False
Auto Commerce,Summer 2014,0,0.0,S14,2014,20142,78,False
Auto Commerce,Winter 2015,0,0.0,W15,2015,20150,110,False
Auto Commerce,Summer 2015,0,0.0,S15,2015,20152,104,False
Auto Commerce,Winter 2016,1,0.82,W16,2016,20160,122,False
Auto Commerce,Summer 2016,0,0.0,S16,2016,20162,102,False
Auto Commerce,Winter 2017,0,0.0,W17,2017,20170,116,False
Auto Commerce,Summer 2017,0,0.0,S17,2017,20172,125,False
Auto Commerce,Winter 2018,0,0.0,W18,2018,20180,146,False
Auto Commerce,Summer 2018,0,0.0,S18,2018,20182,131,False
Auto Commerce,Winter 2019,1,0.515,W19,2019,20190,194,False
Auto Commerce,Summer 2019,0,0.0,S19,2019,20192,176,False
Auto Commerce,Winter 2020,1,0.439,W20,2020,20200,228,False
Auto Commerce,Summer 2020,0,0.0,S20,2020,20202,209,False
Auto Commerce,Winter 2021,0,0.0,W21,2021,20210,336,False
Auto Commerce,Summer 2021,1,0.256,S21,2021,20212,391,False
Auto Commerce,Winter 2022,0,0.0,W22,2022,20220,398,False
Auto Commerce,Summer 2022,1,0.427,S22,2022,20222,234,False
Auto Commerce,Winter 2023,0,0.0,W23,2023,20230,274,False
Auto Commerce,Summer 2023,0,0.0,S23,2023,20232,220,False
Auto Commerce,Winter 2024,0,0.0,W24,2024,20240,248,False
Auto Commerce,Summer 2024,0,0.0,S24,2024,20242,248,False
Auto Commerce,Fall 2024,0,0.0,F24,2024,20243,94,False
Auto Commerce,Winter 2025,0,0.0,W25,2025,20250,166,False
Auto Commerce,Spring 2025,0,0.0,X25,2025,20251,143,False
Auto Commerce,Summer 2025,0,0.0,S25,2025,20252,166,False
Auto Commerce,Fall 2025,0,0.0,F25,2025,20253,146,False
Auto Commerce,Winter 2026,0,0.0,W26,2026,20260,199,False
Auto Commerce,Spring 2026,0,0.0,X26,2026,20261,195,False
Auto Commerce,Summer 2026,0,0.0,S26,2026,20262,235,False
Auto Commerce,Fall 2026,0,0.0,F26,2026,20263,35,True
Auto Commerce,Winter 2027,0,0.0,W27,2027,20270,1,True
Automation,Summer 2005,0,0.0,S05,2005,20052,9,True
Automation,Winter 2006,0,0.0,W06,2006,20060,7,True
Automation,Summer 2006,0,0.0,S06,2006,20062,10,True
Automation,Winter 2007,0,0.0,W07,2007,20070,13,True
Automation,Summer 2007,0,0.0,S07,2007,20072,19,True
Automation,Winter 2008,0,0.0,W08,2008,20080,21,True
Automation,Summer 2008,0,0.0,S08,2008,20082,22,True
Automation,Winter 2009,0,0.0,W09,2009,20090,16,True
Automation,Summer 2009,0,0.0,S09,2009,20092,26,True
Automation,Winter 2010,0,0.0,W10,2010,20100,27,True
Automation,Summer 2010,0,0.0,S10,2010,20102,36,True
Automation,Winter 2011,0,0.0,W11,2011,20110,45,True
Automation,Summer 2011,0,0.0,S11,2011,20112,60,False
Automation,Winter 2012,2,3.03,W12,2012,20120,66,False
Automation,Summer 2012,1,1.205,S12,2012,20122,83,False
Automation,Winter 2013,0,0.0,W13,2013,20130,46,True
Automation,Summer 2013,1,1.923,S13,2013,20132,52,False
Automation,Winter 2014,0,0.0,W14,2014,20140,74,False
Automation,Summer 2014,2,2.564,S14,2014,20142,78,False
Automation,Winter 2015,0,0.0,W15,2015,20150,110,False
Automation,Summer 2015,0,0.0,S15,2015,20152,104,False
Automation,Winter 2016,0,0.0,W16,2016,20160,122,False
Automation,Summer 2016,1,0.98,S16,2016,20162,102,False
Automation,Winter 2017,0,0.0,W17,2017,20170,116,False
Automation,Summer 2017,2,1.6,S17,2017,20172,125,False
Automation,Winter 2018,0,0.0,W18,2018,20180,146,False
Automation,Summer 2018,2,1.527,S18,2018,20182,131,False
Automation,Winter 2019,0,0.0,W19,2019,20190,194,False
Automation,Summer 2019,1,0.568,S19,2019,20192,176,False
Automation,Winter 2020,2,0.877,W20,2020,20200,228,False
Automation,Summer 2020,1,0.478,S20,2020,20202,209,False
Automation,Winter 2021,4,1.19,W21,2021,20210,336,False
Automation,Summer 2021,1,0.256,S21,2021,20212,391,False
Automation,Winter 2022,1,0.251,W22,2022,20220,398,False
Automation,Summer 2022,3,1.282,S22,2022,20222,234,False
Automation,Winter 2023,8,2.92,W23,2023,20230,274,False
Automation,Summer 2023,7,3.182,S23,2023,20232,220,False
Automation,Winter 2024,11,4.435,W24,2024,20240,248,False
Automation,Summer 2024,8,3.226,S24,2024,20242,248,False
Automation,Fall 2024,4,4.255,F24,2024,20243,94,False
Automation,Winter 2025,4,2.41,W25,2025,20250,166,False
Automation,Spring 2025,5,3.497,X25,2025,20251,143,False
Automation,Summer 2025,3,1.807,S25,2025,20252,166,False
Automation,Fall 2025,4,2.74,F25,2025,20253,146,False
Automation,Winter 2026,3,1.508,W26,2026,20260,199,False
Automation,Spring 2026,2,1.026,X26,2026,20261,195,False
Automation,Summer 2026,11,4.681,S26,2026,20262,235,False
Automation,Fall 2026,1,2.857,F26,2026,20263,35,True
Automation,Winter 2027,0,0.0,W27,2027,20270,1,True
Automotive,Summer 2005,0,0.0,S05,2005,20052,9,True
Automotive,Winter 2006,0,0.0,W06,2006,20060,7,True
Automotive,Summer 2006,0,0.0,S06,2006,20062,10,True
Automotive,Winter 2007,0,0.0,W07,2007,20070,13,True
Automotive,Summer 2007,0,0.0,S07,2007,20072,19,True
Automotive,Winter 2008,0,0.0,W08,2008,20080,21,True
Automotive,Summer 2008,0,0.0,S08,2008,20082,22,True
Automotive,Winter 2009,0,0.0,W09,2009,20090,16,True
Automotive,Summer 2009,1,3.846,S09,2009,20092,26,True
Automotive,Winter 2010,0,0.0,W10,2010,20100,27,True
Automotive,Summer 2010,0,0.0,S10,2010,20102,36,True
Automotive,Winter 2011,0,0.0,W11,2011,20110,45,True
Automotive,Summer 2011,1,1.667,S11,2011,20112,60,False
Automotive,Winter 2012,2,3.03,W12,2012,20120,66,False
Automotive,Summer 2012,0,0.0,S12,2012,20122,83,False
Automotive,Winter 2013,0,0.0,W13,2013,20130,46,True
Automotive,Summer 2013,0,0.0,S13,2013,20132,52,False
Automotive,Winter 2014,0,0.0,W14,2014,20140,74,False
Automotive,Summer 2014,1,1.282,S14,2014,20142,78,False
Automotive,Winter 2015,0,0.0,W15,2015,20150,110,False
Automotive,Summer 2015,0,0.0,S15,2015,20152,104,False
Automotive,Winter 2016,0,0.0,W16,2016,20160,122,False
Automotive,Summer 2016,1,0.98,S16,2016,20162,102,False
Automotive,Winter 2017,1,0.862,W17,2017,20170,116,False
Automotive,Summer 2017,1,0.8,S17,2017,20172,125,False
Automotive,Winter 2018,0,0.0,W18,2018,20180,146,False
Automotive,Summer 2018,0,0.0,S18,2018,20182,131,False
Automotive,Winter 2019,0,0.0,W19,2019,20190,194,False
Automotive,Summer 2019,0,0.0,S19,2019,20192,176,False
Automotive,Winter 2020,0,0.0,W20,2020,20200,228,False
Automotive,Summer 2020,0,0.0,S20,2020,20202,209,False
Automotive,Winter 2021,0,0.0,W21,2021,20210,336,False
Automotive,Summer 2021,0,0.0,S21,2021,20212,391,False
Automotive,Winter 2022,1,0.251,W22,2022,20220,398,False
Automotive,Summer 2022,2,0.855,S22,2022,20222,234,False
Automotive,Winter 2023,1,0.365,W23,2023,20230,274,False
Automotive,Summer 2023,1,0.455,S23,2023,20232,220,False
Automotive,Winter 2024,4,1.613,W24,2024,20240,248,False
Automotive,Summer 2024,2,0.806,S24,2024,20242,248,False
Automotive,Fall 2024,2,2.128,F24,2024,20243,94,False
Automotive,Winter 2025,0,0.0,W25,2025,20250,166,False
Automotive,Spring 2025,0,0.0,X25,2025,20251,143,False
Automotive,Summer 2025,0,0.0,S25,2025,20252,166,False
Automotive,Fall 2025,1,0.685,F25,2025,20253,146,False
Automotive,Winter 2026,1,0.503,W26,2026,20260,199,False
Automotive,Spring 2026,0,0.0,X26,2026,20261,195,False
Automotive,Summer 2026,1,0.426,S26,2026,20262,235,False
Automotive,Fall 2026,0,0.0,F26,2026,20263,35,True
Automotive,Winter 2027,0,0.0,W27,2027,20270,1,True
Autonomous Delivery,Summer 2005,0,0.0,S05,2005,20052,9,True
Autonomous Delivery,Winter 2006,0,0.0,W06,2006,20060,7,True
Autonomous Delivery,Summer 2006,0,0.0,S06,2006,20062,10,True
Autonomous Delivery,Winter 2007,0,0.0,W07,2007,20070,13,True
Autonomous Delivery,Summer 2007,0,0.0,S07,2007,20072,19,True
Autonomous Delivery,Winter 2008,0,0.0,W08,2008,20080,21,True
Autonomous Delivery,Summer 2008,0,0.0,S08,2008,20082,22,True
Autonomous Delivery,Winter 2009,0,0.0,W09,2009,20090,16,True
Autonomous Delivery,Summer 2009,0,0.0,S09,2009,20092,26,True
Autonomous Delivery,Winter 2010,0,0.0,W10,2010,20100,27,True
Autonomous Delivery,Summer 2010,0,0.0,S10,2010,20102,36,True
Autonomous Delivery,Winter 2011,0,0.0,W11,2011,20110,45,True
Autonomous Delivery,Summer 2011,0,0.0,S11,2011,20112,60,False
Autonomous Delivery,Winter 2012,0,0.0,W12,2012,20120,66,False
Autonomous Delivery,Summer 2012,0,0.0,S12,2012,20122,83,False
Autonomous Delivery,Winter 2013,0,0.0,W13,2013,20130,46,True
Autonomous Delivery,Summer 2013,0,0.0,S13,2013,20132,52,False
Autonomous Delivery,Winter 2014,1,1.351,W14,2014,20140,74,False
Autonomous Delivery,Summer 2014,0,0.0,S14,2014,20142,78,False
Autonomous Delivery,Winter 2015,0,0.0,W15,2015,20150,110,False
Autonomous Delivery,Summer 2015,0,0.0,S15,2015,20152,104,False
Autonomous Delivery,Winter 2016,0,0.0,W16,2016,20160,122,False
Autonomous Delivery,Summer 2016,2,1.961,S16,2016,20162,102,False
Autonomous Delivery,Winter 2017,1,0.862,W17,2017,20170,116,False
Autonomous Delivery,Summer 2017,0,0.0,S17,2017,20172,125,False
Autonomous Delivery,Winter 2018,0,0.0,W18,2018,20180,146,False
Autonomous Delivery,Summer 2018,0,0.0,S18,2018,20182,131,False
Autonomous Delivery,Winter 2019,0,0.0,W19,2019,20190,194,False
Autonomous Delivery,Summer 2019,0,0.0,S19,2019,20192,176,False
Autonomous Delivery,Winter 2020,1,0.439,W20,2020,20200,228,False
Autonomous Delivery,Summer 2020,1,0.478,S20,2020,20202,209,False
Autonomous Delivery,Winter 2021,1,0.298,W21,2021,20210,336,False
Autonomous Delivery,Summer 2021,1,0.256,S21,2021,20212,391,False
Autonomous Delivery,Winter 2022,0,0.0,W22,2022,20220,398,False
Autonomous Delivery,Summer 2022,0,0.0,S22,2022,20222,234,False
Autonomous Delivery,Winter 2023,0,0.0,W23,2023,20230,274,False
Autonomous Delivery,Summer 2023,0,0.0,S23,2023,20232,220,False
Autonomous Delivery,Winter 2024,0,0.0,W24,2024,20240,248,False
Autonomous Delivery,Summer 2024,0,0.0,S24,2024,20242,248,False
Autonomous Delivery,Fall 2024,0,0.0,F24,2024,20243,94,False
Autonomous Delivery,Winter 2025,0,0.0,W25,2025,20250,166,False
Autonomous Delivery,Spring 2025,0,0.0,X25,2025,20251,143,False
Autonomous Delivery,Summer 2025,0,0.0,S25,2025,20252,166,False
Autonomous Delivery,Fall 2025,0,0.0,F25,2025,20253,146,False
Autonomous Delivery,Winter 2026,0,0.0,W26,2026,20260,199,False
Autonomous Delivery,Spring 2026,0,0.0,X26,2026,20261,195,False
Autonomous Delivery,Summer 2026,0,0.0,S26,2026,20262,235,False
Autonomous Delivery,Fall 2026,0,0.0,F26,2026,20263,35,True
Autonomous Delivery,Winter 2027,0,0.0,W27,2027,20270,1,True
Autonomous Shipping,Summer 2005,0,0.0,S05,2005,20052,9,True
Autonomous Shipping,Winter 2006,0,0.0,W06,2006,20060,7,True
Autonomous Shipping,Summer 2006,0,0.0,S06,2006,20062,10,True
Autonomous Shipping,Winter 2007,0,0.0,W07,2007,20070,13,True
Autonomous Shipping,Summer 2007,0,0.0,S07,2007,20072,19,True
Autonomous Shipping,Winter 2008,0,0.0,W08,2008,20080,21,True
Autonomous Shipping,Summer 2008,0,0.0,S08,2008,20082,22,True
Autonomous Shipping,Winter 2009,0,0.0,W09,2009,20090,16,True
Autonomous Shipping,Summer 2009,0,0.0,S09,2009,20092,26,True
Autonomous Shipping,Winter 2010,0,0.0,W10,2010,20100,27,True
Autonomous Shipping,Summer 2010,0,0.0,S10,2010,20102,36,True
Autonomous Shipping,Winter 2011,0,0.0,W11,2011,20110,45,True
Autonomous Shipping,Summer 2011,0,0.0,S11,2011,20112,60,False
Autonomous Shipping,Winter 2012,0,0.0,W12,2012,20120,66,False
Autonomous Shipping,Summer 2012,0,0.0,S12,2012,20122,83,False
Autonomous Shipping,Winter 2013,0,0.0,W13,2013,20130,46,True
Autonomous Shipping,Summer 2013,0,0.0,S13,2013,20132,52,False
Autonomous Shipping,Winter 2014,0,0.0,W14,2014,20140,74,False
Autonomous Shipping,Summer 2014,0,0.0,S14,2014,20142,78,False
Autonomous Shipping,Winter 2015,0,0.0,W15,2015,20150,110,False
Autonomous Shipping,Summer 2015,0,0.0,S15,2015,20152,104,False
Autonomous Shipping,Winter 2016,0,0.0,W16,2016,20160,122,False
Autonomous Shipping,Summer 2016,0,0.0,S16,2016,20162,102,False
Autonomous Shipping,Winter 2017,0,0.0,W17,2017,20170,116,False
Autonomous Shipping,Summer 2017,0,0.0,S17,2017,20172,125,False
Autonomous Shipping,Winter 2018,0,0.0,W18,2018,20180,146,False
Autonomous Shipping,Summer 2018,0,0.0,S18,2018,20182,131,False
Autonomous Shipping,Winter 2019,0,0.0,W19,2019,20190,194,False
Autonomous Shipping,Summer 2019,0,0.0,S19,2019,20192,176,False
Autonomous Shipping,Winter 2020,0,0.0,W20,2020,20200,228,False
Autonomous Shipping,Summer 2020,0,0.0,S20,2020,20202,209,False
Autonomous Shipping,Winter 2021,0,0.0,W21,2021,20210,336,False
Autonomous Shipping,Summer 2021,0,0.0,S21,2021,20212,391,False
Autonomous Shipping,Winter 2022,0,0.0,W22,2022,20220,398,False
Autonomous Shipping,Summer 2022,0,0.0,S22,2022,20222,234,False
Autonomous Shipping,Winter 2023,0,0.0,W23,2023,20230,274,False
Autonomous Shipping,Summer 2023,0,0.0,S23,2023,20232,220,False
Autonomous Shipping,Winter 2024,0,0.0,W24,2024,20240,248,False
Autonomous Shipping,Summer 2024,0,0.0,S24,2024,20242,248,False
Autonomous Shipping,Fall 2024,0,0.0,F24,2024,20243,94,False
Autonomous Shipping,Winter 2025,0,0.0,W25,2025,20250,166,False
Autonomous Shipping,Spring 2025,1,0.699,X25,2025,20251,143,False
Autonomous Shipping,Summer 2025,0,0.0,S25,2025,20252,166,False
Autonomous Shipping,Fall 2025,0,0.0,F25,2025,20253,146,False
Autonomous Shipping,Winter 2026,0,0.0,W26,2026,20260,199,False
Autonomous Shipping,Spring 2026,0,0.0,X26,2026,20261,195,False
Autonomous Shipping,Summer 2026,0,0.0,S26,2026,20262,235,False
Autonomous Shipping,Fall 2026,0,0.0,F26,2026,20263,35,True
Autonomous Shipping,Winter 2027,0,0.0,W27,2027,20270,1,True
Autonomous Trucking,Summer 2005,0,0.0,S05,2005,20052,9,True
Autonomous Trucking,Winter 2006,0,0.0,W06,2006,20060,7,True
Autonomous Trucking,Summer 2006,0,0.0,S06,2006,20062,10,True
Autonomous Trucking,Winter 2007,0,0.0,W07,2007,20070,13,True
Autonomous Trucking,Summer 2007,0,0.0,S07,2007,20072,19,True
Autonomous Trucking,Winter 2008,0,0.0,W08,2008,20080,21,True
Autonomous Trucking,Summer 2008,0,0.0,S08,2008,20082,22,True
Autonomous Trucking,Winter 2009,0,0.0,W09,2009,20090,16,True
Autonomous Trucking,Summer 2009,0,0.0,S09,2009,20092,26,True
Autonomous Trucking,Winter 2010,0,0.0,W10,2010,20100,27,True
Autonomous Trucking,Summer 2010,0,0.0,S10,2010,20102,36,True
Autonomous Trucking,Winter 2011,0,0.0,W11,2011,20110,45,True
Autonomous Trucking,Summer 2011,0,0.0,S11,2011,20112,60,False
Autonomous Trucking,Winter 2012,0,0.0,W12,2012,20120,66,False
Autonomous Trucking,Summer 2012,0,0.0,S12,2012,20122,83,False
Autonomous Trucking,Winter 2013,0,0.0,W13,2013,20130,46,True
Autonomous Trucking,Summer 2013,0,0.0,S13,2013,20132,52,False
Autonomous Trucking,Winter 2014,0,0.0,W14,2014,20140,74,False
Autonomous Trucking,Summer 2014,0,0.0,S14,2014,20142,78,False
Autonomous Trucking,Winter 2015,0,0.0,W15,2015,20150,110,False
Autonomous Trucking,Summer 2015,0,0.0,S15,2015,20152,104,False
Autonomous Trucking,Winter 2016,1,0.82,W16,2016,20160,122,False
Autonomous Trucking,Summer 2016,1,0.98,S16,2016,20162,102,False
Autonomous Trucking,Winter 2017,1,0.862,W17,2017,20170,116,False
Autonomous Trucking,Summer 2017,0,0.0,S17,2017,20172,125,False
Autonomous Trucking,Winter 2018,2,1.37,W18,2018,20180,146,False
Autonomous Trucking,Summer 2018,0,0.0,S18,2018,20182,131,False
Autonomous Trucking,Winter 2019,2,1.031,W19,2019,20190,194,False
Autonomous Trucking,Summer 2019,0,0.0,S19,2019,20192,176,False
Autonomous Trucking,Winter 2020,1,0.439,W20,2020,20200,228,False
Autonomous Trucking,Summer 2020,1,0.478,S20,2020,20202,209,False
Autonomous Trucking,Winter 2021,2,0.595,W21,2021,20210,336,False
Autonomous Trucking,Summer 2021,0,0.0,S21,2021,20212,391,False
Autonomous Trucking,Winter 2022,0,0.0,W22,2022,20220,398,False
Autonomous Trucking,Summer 2022,0,0.0,S22,2022,20222,234,False
Autonomous Trucking,Winter 2023,0,0.0,W23,2023,20230,274,False
Autonomous Trucking,Summer 2023,0,0.0,S23,2023,20232,220,False
Autonomous Trucking,Winter 2024,0,0.0,W24,2024,20240,248,False
Autonomous Trucking,Summer 2024,0,0.0,S24,2024,20242,248,False
Autonomous Trucking,Fall 2024,0,0.0,F24,2024,20243,94,False
Autonomous Trucking,Winter 2025,0,0.0,W25,2025,20250,166,False
Autonomous Trucking,Spring 2025,0,0.0,X25,2025,20251,143,False
Autonomous Trucking,Summer 2025,0,0.0,S25,2025,20252,166,False
Autonomous Trucking,Fall 2025,0,0.0,F25,2025,20253,146,False
Autonomous Trucking,Winter 2026,0,0.0,W26,2026,20260,199,False
Autonomous Trucking,Spring 2026,0,0.0,X26,2026,20261,195,False
Autonomous Trucking,Summer 2026,0,0.0,S26,2026,20262,235,False
Autonomous Trucking,Fall 2026,0,0.0,F26,2026,20263,35,True
Autonomous Trucking,Winter 2027,0,0.0,W27,2027,20270,1,True
B2B,Summer 2005,0,0.0,S05,2005,20052,9,True
B2B,Winter 2006,0,0.0,W06,2006,20060,7,True
B2B,Summer 2006,0,0.0,S06,2006,20062,10,True
B2B,Winter 2007,1,7.692,W07,2007,20070,13,True
B2B,Summer 2007,0,0.0,S07,2007,20072,19,True
B2B,Winter 2008,0,0.0,W08,2008,20080,21,True
B2B,Summer 2008,0,0.0,S08,2008,20082,22,True
B2B,Winter 2009,0,0.0,W09,2009,20090,16,True
B2B,Summer 2009,1,3.846,S09,2009,20092,26,True
B2B,Winter 2010,0,0.0,W10,2010,20100,27,True
B2B,Summer 2010,0,0.0,S10,2010,20102,36,True
B2B,Winter 2011,1,2.222,W11,2011,20110,45,True
B2B,Summer 2011,6,10.0,S11,2011,20112,60,False
B2B,Winter 2012,5,7.576,W12,2012,20120,66,False
B2B,Summer 2012,6,7.229,S12,2012,20122,83,False
B2B,Winter 2013,1,2.174,W13,2013,20130,46,True
B2B,Summer 2013,4,7.692,S13,2013,20132,52,False
B2B,Winter 2014,8,10.811,W14,2014,20140,74,False
B2B,Summer 2014,5,6.41,S14,2014,20142,78,False
B2B,Winter 2015,6,5.455,W15,2015,20150,110,False
B2B,Summer 2015,7,6.731,S15,2015,20152,104,False
B2B,Winter 2016,8,6.557,W16,2016,20160,122,False
B2B,Summer 2016,2,1.961,S16,2016,20162,102,False
B2B,Winter 2017,11,9.483,W17,2017,20170,116,False
B2B,Summer 2017,10,8.0,S17,2017,20172,125,False
B2B,Winter 2018,17,11.644,W18,2018,20180,146,False
B2B,Summer 2018,7,5.344,S18,2018,20182,131,False
B2B,Winter 2019,27,13.918,W19,2019,20190,194,False
B2B,Summer 2019,19,10.795,S19,2019,20192,176,False
B2B,Winter 2020,46,20.175,W20,2020,20200,228,False
B2B,Summer 2020,58,27.751,S20,2020,20202,209,False
B2B,Winter 2021,78,23.214,W21,2021,20210,336,False
B2B,Summer 2021,102,26.087,S21,2021,20212,391,False
B2B,Winter 2022,102,25.628,W22,2022,20220,398,False
B2B,Summer 2022,89,38.034,S22,2022,20222,234,False
B2B,Winter 2023,97,35.401,W23,2023,20230,274,False
B2B,Summer 2023,52,23.636,S23,2023,20232,220,False
B2B,Winter 2024,57,22.984,W24,2024,20240,248,False
B2B,Summer 2024,65,26.21,S24,2024,20242,248,False
B2B,Fall 2024,18,19.149,F24,2024,20243,94,False
B2B,Winter 2025,33,19.88,W25,2025,20250,166,False
B2B,Spring 2025,26,18.182,X25,2025,20251,143,False
B2B,Summer 2025,33,19.88,S25,2025,20252,166,False
B2B,Fall 2025,36,24.658,F25,2025,20253,146,False
B2B,Winter 2026,11,5.528,W26,2026,20260,199,False
B2B,Spring 2026,11,5.641,X26,2026,20261,195,False
B2B,Summer 2026,53,22.553,S26,2026,20262,235,False
B2B,Fall 2026,4,11.429,F26,2026,20263,35,True
B2B,Winter 2027,1,100.0,W27,2027,20270,1,True
Banking as a Service,Summer 2005,0,0.0,S05,2005,20052,9,True
Banking as a Service,Winter 2006,0,0.0,W06,2006,20060,7,True
Banking as a Service,Summer 2006,0,0.0,S06,2006,20062,10,True
Banking as a Service,Winter 2007,0,0.0,W07,2007,20070,13,True
Banking as a Service,Summer 2007,0,0.0,S07,2007,20072,19,True
Banking as a Service,Winter 2008,0,0.0,W08,2008,20080,21,True
Banking as a Service,Summer 2008,0,0.0,S08,2008,20082,22,True
Banking as a Service,Winter 2009,0,0.0,W09,2009,20090,16,True
Banking as a Service,Summer 2009,1,3.846,S09,2009,20092,26,True
Banking as a Service,Winter 2010,0,0.0,W10,2010,20100,27,True
Banking as a Service,Summer 2010,0,0.0,S10,2010,20102,36,True
Banking as a Service,Winter 2011,0,0.0,W11,2011,20110,45,True
Banking as a Service,Summer 2011,0,0.0,S11,2011,20112,60,False
Banking as a Service,Winter 2012,0,0.0,W12,2012,20120,66,False
Banking as a Service,Summer 2012,0,0.0,S12,2012,20122,83,False
Banking as a Service,Winter 2013,0,0.0,W13,2013,20130,46,True
Banking as a Service,Summer 2013,0,0.0,S13,2013,20132,52,False
Banking as a Service,Winter 2014,0,0.0,W14,2014,20140,74,False
Banking as a Service,Summer 2014,0,0.0,S14,2014,20142,78,False
Banking as a Service,Winter 2015,2,1.818,W15,2015,20150,110,False
Banking as a Service,Summer 2015,0,0.0,S15,2015,20152,104,False
Banking as a Service,Winter 2016,0,0.0,W16,2016,20160,122,False
Banking as a Service,Summer 2016,0,0.0,S16,2016,20162,102,False
Banking as a Service,Winter 2017,2,1.724,W17,2017,20170,116,False
Banking as a Service,Summer 2017,2,1.6,S17,2017,20172,125,False
Banking as a Service,Winter 2018,1,0.685,W18,2018,20180,146,False
Banking as a Service,Summer 2018,1,0.763,S18,2018,20182,131,False
Banking as a Service,Winter 2019,2,1.031,W19,2019,20190,194,False
Banking as a Service,Summer 2019,0,0.0,S19,2019,20192,176,False
Banking as a Service,Winter 2020,2,0.877,W20,2020,20200,228,False
Banking as a Service,Summer 2020,1,0.478,S20,2020,20202,209,False
Banking as a Service,Winter 2021,2,0.595,W21,2021,20210,336,False
Banking as a Service,Summer 2021,1,0.256,S21,2021,20212,391,False
Banking as a Service,Winter 2022,6,1.508,W22,2022,20220,398,False
Banking as a Service,Summer 2022,2,0.855,S22,2022,20222,234,False
Banking as a Service,Winter 2023,0,0.0,W23,2023,20230,274,False
Banking as a Service,Summer 2023,1,0.455,S23,2023,20232,220,False
Banking as a Service,Winter 2024,0,0.0,W24,2024,20240,248,False
Banking as a Service,Summer 2024,0,0.0,S24,2024,20242,248,False
Banking as a Service,Fall 2024,0,0.0,F24,2024,20243,94,False
Banking as a Service,Winter 2025,0,0.0,W25,2025,20250,166,False
Banking as a Service,Spring 2025,0,0.0,X25,2025,20251,143,False
Banking as a Service,Summer 2025,0,0.0,S25,2025,20252,166,False
Banking as a Service,Fall 2025,0,0.0,F25,2025,20253,146,False
Banking as a Service,Winter 2026,0,0.0,W26,2026,20260,199,False
Banking as a Service,Spring 2026,0,0.0,X26,2026,20261,195,False
Banking as a Service,Summer 2026,0,0.0,S26,2026,20262,235,False
Banking as a Service,Fall 2026,0,0.0,F26,2026,20263,35,True
Banking as a Service,Winter 2027,0,0.0,W27,2027,20270,1,True
Batteryless IoT Sensors,Summer 2005,0,0.0,S05,2005,20052,9,True
Batteryless IoT Sensors,Winter 2006,0,0.0,W06,2006,20060,7,True
Batteryless IoT Sensors,Summer 2006,0,0.0,S06,2006,20062,10,True
Batteryless IoT Sensors,Winter 2007,0,0.0,W07,2007,20070,13,True
Batteryless IoT Sensors,Summer 2007,0,0.0,S07,2007,20072,19,True
Batteryless IoT Sensors,Winter 2008,0,0.0,W08,2008,20080,21,True
Batteryless IoT Sensors,Summer 2008,0,0.0,S08,2008,20082,22,True
Batteryless IoT Sensors,Winter 2009,0,0.0,W09,2009,20090,16,True
Batteryless IoT Sensors,Summer 2009,0,0.0,S09,2009,20092,26,True
Batteryless IoT Sensors,Winter 2010,0,0.0,W10,2010,20100,27,True
Batteryless IoT Sensors,Summer 2010,0,0.0,S10,2010,20102,36,True
Batteryless IoT Sensors,Winter 2011,0,0.0,W11,2011,20110,45,True
Batteryless IoT Sensors,Summer 2011,0,0.0,S11,2011,20112,60,False
Batteryless IoT Sensors,Winter 2012,0,0.0,W12,2012,20120,66,False
Batteryless IoT Sensors,Summer 2012,0,0.0,S12,2012,20122,83,False
Batteryless IoT Sensors,Winter 2013,0,0.0,W13,2013,20130,46,True
Batteryless IoT Sensors,Summer 2013,0,0.0,S13,2013,20132,52,False
Batteryless IoT Sensors,Winter 2014,0,0.0,W14,2014,20140,74,False
Batteryless IoT Sensors,Summer 2014,0,0.0,S14,2014,20142,78,False
Batteryless IoT Sensors,Winter 2015,0,0.0,W15,2015,20150,110,False
Batteryless IoT Sensors,Summer 2015,0,0.0,S15,2015,20152,104,False
Batteryless IoT Sensors,Winter 2016,0,0.0,W16,2016,20160,122,False
Batteryless IoT Sensors,Summer 2016,0,0.0,S16,2016,20162,102,False
Batteryless IoT Sensors,Winter 2017,0,0.0,W17,2017,20170,116,False
Batteryless IoT Sensors,Summer 2017,0,0.0,S17,2017,20172,125,False
Batteryless IoT Sensors,Winter 2018,0,0.0,W18,2018,20180,146,False
Batteryless IoT Sensors,Summer 2018,0,0.0,S18,2018,20182,131,False
Batteryless IoT Sensors,Winter 2019,1,0.515,W19,2019,20190,194,False
Batteryless IoT Sensors,Summer 2019,0,0.0,S19,2019,20192,176,False
Batteryless IoT Sensors,Winter 2020,0,0.0,W20,2020,20200,228,False
Batteryless IoT Sensors,Summer 2020,0,0.0,S20,2020,20202,209,False
Batteryless IoT Sensors,Winter 2021,0,0.0,W21,2021,20210,336,False
Batteryless IoT Sensors,Summer 2021,0,0.0,S21,2021,20212,391,False
Batteryless IoT Sensors,Winter 2022,0,0.0,W22,2022,20220,398,False
Batteryless IoT Sensors,Summer 2022,0,0.0,S22,2022,20222,234,False
Batteryless IoT Sensors,Winter 2023,0,0.0,W23,2023,20230,274,False
Batteryless IoT Sensors,Summer 2023,0,0.0,S23,2023,20232,220,False
Batteryless IoT Sensors,Winter 2024,0,0.0,W24,2024,20240,248,False
Batteryless IoT Sensors,Summer 2024,0,0.0,S24,2024,20242,248,False
Batteryless IoT Sensors,Fall 2024,0,0.0,F24,2024,20243,94,False
Batteryless IoT Sensors,Winter 2025,0,0.0,W25,2025,20250,166,False
Batteryless IoT Sensors,Spring 2025,0,0.0,X25,2025,20251,143,False
Batteryless IoT Sensors,Summer 2025,0,0.0,S25,2025,20252,166,False
Batteryless IoT Sensors,Fall 2025,0,0.0,F25,2025,20253,146,False
Batteryless IoT Sensors,Winter 2026,0,0.0,W26,2026,20260,199,False
Batteryless IoT Sensors,Spring 2026,0,0.0,X26,2026,20261,195,False
Batteryless IoT Sensors,Summer 2026,0,0.0,S26,2026,20262,235,False
Batteryless IoT Sensors,Fall 2026,0,0.0,F26,2026,20263,35,True
Batteryless IoT Sensors,Winter 2027,0,0.0,W27,2027,20270,1,True
Beauty,Summer 2005,0,0.0,S05,2005,20052,9,True
Beauty,Winter 2006,0,0.0,W06,2006,20060,7,True
Beauty,Summer 2006,0,0.0,S06,2006,20062,10,True
Beauty,Winter 2007,0,0.0,W07,2007,20070,13,True
Beauty,Summer 2007,0,0.0,S07,2007,20072,19,True
Beauty,Winter 2008,0,0.0,W08,2008,20080,21,True
Beauty,Summer 2008,0,0.0,S08,2008,20082,22,True
Beauty,Winter 2009,0,0.0,W09,2009,20090,16,True
Beauty,Summer 2009,0,0.0,S09,2009,20092,26,True
Beauty,Winter 2010,0,0.0,W10,2010,20100,27,True
Beauty,Summer 2010,0,0.0,S10,2010,20102,36,True
Beauty,Winter 2011,0,0.0,W11,2011,20110,45,True
Beauty,Summer 2011,0,0.0,S11,2011,20112,60,False
Beauty,Winter 2012,0,0.0,W12,2012,20120,66,False
Beauty,Summer 2012,0,0.0,S12,2012,20122,83,False
Beauty,Winter 2013,0,0.0,W13,2013,20130,46,True
Beauty,Summer 2013,0,0.0,S13,2013,20132,52,False
Beauty,Winter 2014,1,1.351,W14,2014,20140,74,False
Beauty,Summer 2014,0,0.0,S14,2014,20142,78,False
Beauty,Winter 2015,0,0.0,W15,2015,20150,110,False
Beauty,Summer 2015,2,1.923,S15,2015,20152,104,False
Beauty,Winter 2016,1,0.82,W16,2016,20160,122,False
Beauty,Summer 2016,1,0.98,S16,2016,20162,102,False
Beauty,Winter 2017,0,0.0,W17,2017,20170,116,False
Beauty,Summer 2017,0,0.0,S17,2017,20172,125,False
Beauty,Winter 2018,1,0.685,W18,2018,20180,146,False
Beauty,Summer 2018,0,0.0,S18,2018,20182,131,False
Beauty,Winter 2019,1,0.515,W19,2019,20190,194,False
Beauty,Summer 2019,0,0.0,S19,2019,20192,176,False
Beauty,Winter 2020,0,0.0,W20,2020,20200,228,False
Beauty,Summer 2020,0,0.0,S20,2020,20202,209,False
Beauty,Winter 2021,2,0.595,W21,2021,20210,336,False
Beauty,Summer 2021,1,0.256,S21,2021,20212,391,False
Beauty,Winter 2022,0,0.0,W22,2022,20220,398,False
Beauty,Summer 2022,0,0.0,S22,2022,20222,234,False
Beauty,Winter 2023,0,0.0,W23,2023,20230,274,False
Beauty,Summer 2023,0,0.0,S23,2023,20232,220,False
Beauty,Winter 2024,0,0.0,W24,2024,20240,248,False
Beauty,Summer 2024,0,0.0,S24,2024,20242,248,False
Beauty,Fall 2024,0,0.0,F24,2024,20243,94,False
Beauty,Winter 2025,0,0.0,W25,2025,20250,166,False
Beauty,Spring 2025,0,0.0,X25,2025,20251,143,False
Beauty,Summer 2025,0,0.0,S25,2025,20252,166,False
Beauty,Fall 2025,1,0.685,F25,2025,20253,146,False
Beauty,Winter 2026,0,0.0,W26,2026,20260,199,False
Beauty,Spring 2026,0,0.0,X26,2026,20261,195,False
Beauty,Summer 2026,0,0.0,S26,2026,20262,235,False
Beauty,Fall 2026,0,0.0,F26,2026,20263,35,True
Beauty,Winter 2027,0,0.0,W27,2027,20270,1,True
Big Data,Summer 2005,0,0.0,S05,2005,20052,9,True
Big Data,Winter 2006,0,0.0,W06,2006,20060,7,True
Big Data,Summer 2006,0,0.0,S06,2006,20062,10,True
Big Data,Winter 2007,0,0.0,W07,2007,20070,13,True
Big Data,Summer 2007,0,0.0,S07,2007,20072,19,True
Big Data,Winter 2008,0,0.0,W08,2008,20080,21,True
Big Data,Summer 2008,0,0.0,S08,2008,20082,22,True
Big Data,Winter 2009,0,0.0,W09,2009,20090,16,True
Big Data,Summer 2009,0,0.0,S09,2009,20092,26,True
Big Data,Winter 2010,0,0.0,W10,2010,20100,27,True
Big Data,Summer 2010,0,0.0,S10,2010,20102,36,True
Big Data,Winter 2011,0,0.0,W11,2011,20110,45,True
Big Data,Summer 2011,1,1.667,S11,2011,20112,60,False
Big Data,Winter 2012,1,1.515,W12,2012,20120,66,False
Big Data,Summer 2012,1,1.205,S12,2012,20122,83,False
Big Data,Winter 2013,1,2.174,W13,2013,20130,46,True
Big Data,Summer 2013,0,0.0,S13,2013,20132,52,False
Big Data,Winter 2014,0,0.0,W14,2014,20140,74,False
Big Data,Summer 2014,0,0.0,S14,2014,20142,78,False
Big Data,Winter 2015,0,0.0,W15,2015,20150,110,False
Big Data,Summer 2015,0,0.0,S15,2015,20152,104,False
Big Data,Winter 2016,1,0.82,W16,2016,20160,122,False
Big Data,Summer 2016,0,0.0,S16,2016,20162,102,False
Big Data,Winter 2017,1,0.862,W17,2017,20170,116,False
Big Data,Summer 2017,0,0.0,S17,2017,20172,125,False
Big Data,Winter 2018,0,0.0,W18,2018,20180,146,False
Big Data,Summer 2018,0,0.0,S18,2018,20182,131,False
Big Data,Winter 2019,0,0.0,W19,2019,20190,194,False
Big Data,Summer 2019,1,0.568,S19,2019,20192,176,False
Big Data,Winter 2020,0,0.0,W20,2020,20200,228,False
Big Data,Summer 2020,1,0.478,S20,2020,20202,209,False
Big Data,Winter 2021,0,0.0,W21,2021,20210,336,False
Big Data,Summer 2021,3,0.767,S21,2021,20212,391,False
Big Data,Winter 2022,0,0.0,W22,2022,20220,398,False
Big Data,Summer 2022,1,0.427,S22,2022,20222,234,False
Big Data,Winter 2023,0,0.0,W23,2023,20230,274,False
Big Data,Summer 2023,2,0.909,S23,2023,20232,220,False
Big Data,Winter 2024,1,0.403,W24,2024,20240,248,False
Big Data,Summer 2024,2,0.806,S24,2024,20242,248,False
Big Data,Fall 2024,2,2.128,F24,2024,20243,94,False
Big Data,Winter 2025,1,0.602,W25,2025,20250,166,False
Big Data,Spring 2025,1,0.699,X25,2025,20251,143,False
Big Data,Summer 2025,2,1.205,S25,2025,20252,166,False
Big Data,Fall 2025,2,1.37,F25,2025,20253,146,False
Big Data,Winter 2026,0,0.0,W26,2026,20260,199,False
Big Data,Spring 2026,1,0.513,X26,2026,20261,195,False
Big Data,Summer 2026,3,1.277,S26,2026,20262,235,False
Big Data,Fall 2026,0,0.0,F26,2026,20263,35,True
Big Data,Winter 2027,0,0.0,W27,2027,20270,1,True
Billing,Summer 2005,0,0.0,S05,2005,20052,9,True
Billing,Winter 2006,0,0.0,W06,2006,20060,7,True
Billing,Summer 2006,0,0.0,S06,2006,20062,10,True
Billing,Winter 2007,0,0.0,W07,2007,20070,13,True
Billing,Summer 2007,0,0.0,S07,2007,20072,19,True
Billing,Winter 2008,0,0.0,W08,2008,20080,21,True
Billing,Summer 2008,0,0.0,S08,2008,20082,22,True
Billing,Winter 2009,0,0.0,W09,2009,20090,16,True
Billing,Summer 2009,0,0.0,S09,2009,20092,26,True
Billing,Winter 2010,0,0.0,W10,2010,20100,27,True
Billing,Summer 2010,0,0.0,S10,2010,20102,36,True
Billing,Winter 2011,0,0.0,W11,2011,20110,45,True
Billing,Summer 2011,0,0.0,S11,2011,20112,60,False
Billing,Winter 2012,0,0.0,W12,2012,20120,66,False
Billing,Summer 2012,0,0.0,S12,2012,20122,83,False
Billing,Winter 2013,0,0.0,W13,2013,20130,46,True
Billing,Summer 2013,0,0.0,S13,2013,20132,52,False
Billing,Winter 2014,0,0.0,W14,2014,20140,74,False
Billing,Summer 2014,0,0.0,S14,2014,20142,78,False
Billing,Winter 2015,0,0.0,W15,2015,20150,110,False
Billing,Summer 2015,0,0.0,S15,2015,20152,104,False
Billing,Winter 2016,0,0.0,W16,2016,20160,122,False
Billing,Summer 2016,0,0.0,S16,2016,20162,102,False
Billing,Winter 2017,0,0.0,W17,2017,20170,116,False
Billing,Summer 2017,0,0.0,S17,2017,20172,125,False
Billing,Winter 2018,0,0.0,W18,2018,20180,146,False
Billing,Summer 2018,0,0.0,S18,2018,20182,131,False
Billing,Winter 2019,0,0.0,W19,2019,20190,194,False
Billing,Summer 2019,0,0.0,S19,2019,20192,176,False
Billing,Winter 2020,0,0.0,W20,2020,20200,228,False
Billing,Summer 2020,0,0.0,S20,2020,20202,209,False
Billing,Winter 2021,0,0.0,W21,2021,20210,336,False
Billing,Summer 2021,1,0.256,S21,2021,20212,391,False
Billing,Winter 2022,1,0.251,W22,2022,20220,398,False
Billing,Summer 2022,0,0.0,S22,2022,20222,234,False
Billing,Winter 2023,0,0.0,W23,2023,20230,274,False
Billing,Summer 2023,2,0.909,S23,2023,20232,220,False
Billing,Winter 2024,0,0.0,W24,2024,20240,248,False
Billing,Summer 2024,1,0.403,S24,2024,20242,248,False
Billing,Fall 2024,0,0.0,F24,2024,20243,94,False
Billing,Winter 2025,0,0.0,W25,2025,20250,166,False
Billing,Spring 2025,0,0.0,X25,2025,20251,143,False
Billing,Summer 2025,0,0.0,S25,2025,20252,166,False
Billing,Fall 2025,0,0.0,F25,2025,20253,146,False
Billing,Winter 2026,0,0.0,W26,2026,20260,199,False
Billing,Spring 2026,0,0.0,X26,2026,20261,195,False
Billing,Summer 2026,0,0.0,S26,2026,20262,235,False
Billing,Fall 2026,0,0.0,F26,2026,20263,35,True
Billing,Winter 2027,0,0.0,W27,2027,20270,1,True
Biometrics,Summer 2005,0,0.0,S05,2005,20052,9,True
Biometrics,Winter 2006,0,0.0,W06,2006,20060,7,True
Biometrics,Summer 2006,0,0.0,S06,2006,20062,10,True
Biometrics,Winter 2007,0,0.0,W07,2007,20070,13,True
Biometrics,Summer 2007,0,0.0,S07,2007,20072,19,True
Biometrics,Winter 2008,0,0.0,W08,2008,20080,21,True
Biometrics,Summer 2008,0,0.0,S08,2008,20082,22,True
Biometrics,Winter 2009,0,0.0,W09,2009,20090,16,True
Biometrics,Summer 2009,0,0.0,S09,2009,20092,26,True
Biometrics,Winter 2010,0,0.0,W10,2010,20100,27,True
Biometrics,Summer 2010,0,0.0,S10,2010,20102,36,True
Biometrics,Winter 2011,0,0.0,W11,2011,20110,45,True
Biometrics,Summer 2011,0,0.0,S11,2011,20112,60,False
Biometrics,Winter 2012,0,0.0,W12,2012,20120,66,False
Biometrics,Summer 2012,0,0.0,S12,2012,20122,83,False
Biometrics,Winter 2013,1,2.174,W13,2013,20130,46,True
Biometrics,Summer 2013,0,0.0,S13,2013,20132,52,False
Biometrics,Winter 2014,0,0.0,W14,2014,20140,74,False
Biometrics,Summer 2014,1,1.282,S14,2014,20142,78,False
Biometrics,Winter 2015,0,0.0,W15,2015,20150,110,False
Biometrics,Summer 2015,0,0.0,S15,2015,20152,104,False
Biometrics,Winter 2016,0,0.0,W16,2016,20160,122,False
Biometrics,Summer 2016,0,0.0,S16,2016,20162,102,False
Biometrics,Winter 2017,1,0.862,W17,2017,20170,116,False
Biometrics,Summer 2017,0,0.0,S17,2017,20172,125,False
Biometrics,Winter 2018,0,0.0,W18,2018,20180,146,False
Biometrics,Summer 2018,0,0.0,S18,2018,20182,131,False
Biometrics,Winter 2019,0,0.0,W19,2019,20190,194,False
Biometrics,Summer 2019,0,0.0,S19,2019,20192,176,False
Biometrics,Winter 2020,0,0.0,W20,2020,20200,228,False
Biometrics,Summer 2020,1,0.478,S20,2020,20202,209,False
Biometrics,Winter 2021,0,0.0,W21,2021,20210,336,False
Biometrics,Summer 2021,1,0.256,S21,2021,20212,391,False
Biometrics,Winter 2022,1,0.251,W22,2022,20220,398,False
Biometrics,Summer 2022,0,0.0,S22,2022,20222,234,False
Biometrics,Winter 2023,0,0.0,W23,2023,20230,274,False
Biometrics,Summer 2023,0,0.0,S23,2023,20232,220,False
Biometrics,Winter 2024,0,0.0,W24,2024,20240,248,False
Biometrics,Summer 2024,0,0.0,S24,2024,20242,248,False
Biometrics,Fall 2024,0,0.0,F24,2024,20243,94,False
Biometrics,Winter 2025,0,0.0,W25,2025,20250,166,False
Biometrics,Spring 2025,0,0.0,X25,2025,20251,143,False
Biometrics,Summer 2025,0,0.0,S25,2025,20252,166,False
Biometrics,Fall 2025,1,0.685,F25,2025,20253,146,False
Biometrics,Winter 2026,0,0.0,W26,2026,20260,199,False
Biometrics,Spring 2026,0,0.0,X26,2026,20261,195,False
Biometrics,Summer 2026,0,0.0,S26,2026,20262,235,False
Biometrics,Fall 2026,0,0.0,F26,2026,20263,35,True
Biometrics,Winter 2027,0,0.0,W27,2027,20270,1,True
Bioplastic,Summer 2005,0,0.0,S05,2005,20052,9,True
Bioplastic,Winter 2006,0,0.0,W06,2006,20060,7,True
Bioplastic,Summer 2006,0,0.0,S06,2006,20062,10,True
Bioplastic,Winter 2007,0,0.0,W07,2007,20070,13,True
Bioplastic,Summer 2007,0,0.0,S07,2007,20072,19,True
Bioplastic,Winter 2008,0,0.0,W08,2008,20080,21,True
Bioplastic,Summer 2008,0,0.0,S08,2008,20082,22,True
Bioplastic,Winter 2009,0,0.0,W09,2009,20090,16,True
Bioplastic,Summer 2009,0,0.0,S09,2009,20092,26,True
Bioplastic,Winter 2010,0,0.0,W10,2010,20100,27,True
Bioplastic,Summer 2010,0,0.0,S10,2010,20102,36,True
Bioplastic,Winter 2011,0,0.0,W11,2011,20110,45,True
Bioplastic,Summer 2011,0,0.0,S11,2011,20112,60,False
Bioplastic,Winter 2012,0,0.0,W12,2012,20120,66,False
Bioplastic,Summer 2012,0,0.0,S12,2012,20122,83,False
Bioplastic,Winter 2013,0,0.0,W13,2013,20130,46,True
Bioplastic,Summer 2013,0,0.0,S13,2013,20132,52,False
Bioplastic,Winter 2014,0,0.0,W14,2014,20140,74,False
Bioplastic,Summer 2014,0,0.0,S14,2014,20142,78,False
Bioplastic,Winter 2015,1,0.909,W15,2015,20150,110,False
Bioplastic,Summer 2015,0,0.0,S15,2015,20152,104,False
Bioplastic,Winter 2016,0,0.0,W16,2016,20160,122,False
Bioplastic,Summer 2016,0,0.0,S16,2016,20162,102,False
Bioplastic,Winter 2017,0,0.0,W17,2017,20170,116,False
Bioplastic,Summer 2017,0,0.0,S17,2017,20172,125,False
Bioplastic,Winter 2018,0,0.0,W18,2018,20180,146,False
Bioplastic,Summer 2018,0,0.0,S18,2018,20182,131,False
Bioplastic,Winter 2019,0,0.0,W19,2019,20190,194,False
Bioplastic,Summer 2019,0,0.0,S19,2019,20192,176,False
Bioplastic,Winter 2020,1,0.439,W20,2020,20200,228,False
Bioplastic,Summer 2020,0,0.0,S20,2020,20202,209,False
Bioplastic,Winter 2021,0,0.0,W21,2021,20210,336,False
Bioplastic,Summer 2021,0,0.0,S21,2021,20212,391,False
Bioplastic,Winter 2022,0,0.0,W22,2022,20220,398,False
Bioplastic,Summer 2022,1,0.427,S22,2022,20222,234,False
Bioplastic,Winter 2023,0,0.0,W23,2023,20230,274,False
Bioplastic,Summer 2023,0,0.0,S23,2023,20232,220,False
Bioplastic,Winter 2024,0,0.0,W24,2024,20240,248,False
Bioplastic,Summer 2024,0,0.0,S24,2024,20242,248,False
Bioplastic,Fall 2024,0,0.0,F24,2024,20243,94,False
Bioplastic,Winter 2025,0,0.0,W25,2025,20250,166,False
Bioplastic,Spring 2025,0,0.0,X25,2025,20251,143,False
Bioplastic,Summer 2025,0,0.0,S25,2025,20252,166,False
Bioplastic,Fall 2025,0,0.0,F25,2025,20253,146,False
Bioplastic,Winter 2026,0,0.0,W26,2026,20260,199,False
Bioplastic,Spring 2026,0,0.0,X26,2026,20261,195,False
Bioplastic,Summer 2026,0,0.0,S26,2026,20262,235,False
Bioplastic,Fall 2026,0,0.0,F26,2026,20263,35,True
Bioplastic,Winter 2027,0,0.0,W27,2027,20270,1,True
Biotech,Summer 2005,0,0.0,S05,2005,20052,9,True
Biotech,Winter 2006,0,0.0,W06,2006,20060,7,True
Biotech,Summer 2006,0,0.0,S06,2006,20062,10,True
Biotech,Winter 2007,0,0.0,W07,2007,20070,13,True
Biotech,Summer 2007,0,0.0,S07,2007,20072,19,True
Biotech,Winter 2008,0,0.0,W08,2008,20080,21,True
Biotech,Summer 2008,0,0.0,S08,2008,20082,22,True
Biotech,Winter 2009,0,0.0,W09,2009,20090,16,True
Biotech,Summer 2009,0,0.0,S09,2009,20092,26,True
Biotech,Winter 2010,0,0.0,W10,2010,20100,27,True
Biotech,Summer 2010,0,0.0,S10,2010,20102,36,True
Biotech,Winter 2011,0,0.0,W11,2011,20110,45,True
Biotech,Summer 2011,1,1.667,S11,2011,20112,60,False
Biotech,Winter 2012,0,0.0,W12,2012,20120,66,False
Biotech,Summer 2012,1,1.205,S12,2012,20122,83,False
Biotech,Winter 2013,0,0.0,W13,2013,20130,46,True
Biotech,Summer 2013,0,0.0,S13,2013,20132,52,False
Biotech,Winter 2014,1,1.351,W14,2014,20140,74,False
Biotech,Summer 2014,1,1.282,S14,2014,20142,78,False
Biotech,Winter 2015,5,4.545,W15,2015,20150,110,False
Biotech,Summer 2015,1,0.962,S15,2015,20152,104,False
Biotech,Winter 2016,4,3.279,W16,2016,20160,122,False
Biotech,Summer 2016,1,0.98,S16,2016,20162,102,False
Biotech,Winter 2017,3,2.586,W17,2017,20170,116,False
Biotech,Summer 2017,0,0.0,S17,2017,20172,125,False
Biotech,Winter 2018,5,3.425,W18,2018,20180,146,False
Biotech,Summer 2018,11,8.397,S18,2018,20182,131,False
Biotech,Winter 2019,3,1.546,W19,2019,20190,194,False
Biotech,Summer 2019,3,1.705,S19,2019,20192,176,False
Biotech,Winter 2020,11,4.825,W20,2020,20200,228,False
Biotech,Summer 2020,4,1.914,S20,2020,20202,209,False
Biotech,Winter 2021,5,1.488,W21,2021,20210,336,False
Biotech,Summer 2021,15,3.836,S21,2021,20212,391,False
Biotech,Winter 2022,10,2.513,W22,2022,20220,398,False
Biotech,Summer 2022,8,3.419,S22,2022,20222,234,False
Biotech,Winter 2023,7,2.555,W23,2023,20230,274,False
Biotech,Summer 2023,6,2.727,S23,2023,20232,220,False
Biotech,Winter 2024,6,2.419,W24,2024,20240,248,False
Biotech,Summer 2024,11,4.435,S24,2024,20242,248,False
Biotech,Fall 2024,2,2.128,F24,2024,20243,94,False
Biotech,Winter 2025,2,1.205,W25,2025,20250,166,False
Biotech,Spring 2025,3,2.098,X25,2025,20251,143,False
Biotech,Summer 2025,3,1.807,S25,2025,20252,166,False
Biotech,Fall 2025,3,2.055,F25,2025,20253,146,False
Biotech,Winter 2026,1,0.503,W26,2026,20260,199,False
Biotech,Spring 2026,2,1.026,X26,2026,20261,195,False
Biotech,Summer 2026,9,3.83,S26,2026,20262,235,False
Biotech,Fall 2026,0,0.0,F26,2026,20263,35,True
Biotech,Winter 2027,0,0.0,W27,2027,20270,1,True
Biotechnology,Summer 2005,0,0.0,S05,2005,20052,9,True
Biotechnology,Winter 2006,0,0.0,W06,2006,20060,7,True
Biotechnology,Summer 2006,0,0.0,S06,2006,20062,10,True
Biotechnology,Winter 2007,0,0.0,W07,2007,20070,13,True
Biotechnology,Summer 2007,0,0.0,S07,2007,20072,19,True
Biotechnology,Winter 2008,0,0.0,W08,2008,20080,21,True
Biotechnology,Summer 2008,0,0.0,S08,2008,20082,22,True
Biotechnology,Winter 2009,0,0.0,W09,2009,20090,16,True
Biotechnology,Summer 2009,0,0.0,S09,2009,20092,26,True
Biotechnology,Winter 2010,0,0.0,W10,2010,20100,27,True
Biotechnology,Summer 2010,0,0.0,S10,2010,20102,36,True
Biotechnology,Winter 2011,0,0.0,W11,2011,20110,45,True
Biotechnology,Summer 2011,0,0.0,S11,2011,20112,60,False
Biotechnology,Winter 2012,0,0.0,W12,2012,20120,66,False
Biotechnology,Summer 2012,0,0.0,S12,2012,20122,83,False
Biotechnology,Winter 2013,0,0.0,W13,2013,20130,46,True
Biotechnology,Summer 2013,0,0.0,S13,2013,20132,52,False
Biotechnology,Winter 2014,0,0.0,W14,2014,20140,74,False
Biotechnology,Summer 2014,1,1.282,S14,2014,20142,78,False
Biotechnology,Winter 2015,0,0.0,W15,2015,20150,110,False
Biotechnology,Summer 2015,0,0.0,S15,2015,20152,104,False
Biotechnology,Winter 2016,1,0.82,W16,2016,20160,122,False
Biotechnology,Summer 2016,0,0.0,S16,2016,20162,102,False
Biotechnology,Winter 2017,1,0.862,W17,2017,20170,116,False
Biotechnology,Summer 2017,0,0.0,S17,2017,20172,125,False
Biotechnology,Winter 2018,0,0.0,W18,2018,20180,146,False
Biotechnology,Summer 2018,1,0.763,S18,2018,20182,131,False
Biotechnology,Winter 2019,1,0.515,W19,2019,20190,194,False
Biotechnology,Summer 2019,0,0.0,S19,2019,20192,176,False
Biotechnology,Winter 2020,1,0.439,W20,2020,20200,228,False
Biotechnology,Summer 2020,0,0.0,S20,2020,20202,209,False
Biotechnology,Winter 2021,0,0.0,W21,2021,20210,336,False
Biotechnology,Summer 2021,2,0.512,S21,2021,20212,391,False
Biotechnology,Winter 2022,1,0.251,W22,2022,20220,398,False
Biotechnology,Summer 2022,1,0.427,S22,2022,20222,234,False
Biotechnology,Winter 2023,0,0.0,W23,2023,20230,274,False
Biotechnology,Summer 2023,0,0.0,S23,2023,20232,220,False
Biotechnology,Winter 2024,0,0.0,W24,2024,20240,248,False
Biotechnology,Summer 2024,1,0.403,S24,2024,20242,248,False
Biotechnology,Fall 2024,0,0.0,F24,2024,20243,94,False
Biotechnology,Winter 2025,1,0.602,W25,2025,20250,166,False
Biotechnology,Spring 2025,0,0.0,X25,2025,20251,143,False
Biotechnology,Summer 2025,1,0.602,S25,2025,20252,166,False
Biotechnology,Fall 2025,1,0.685,F25,2025,20253,146,False
Biotechnology,Winter 2026,1,0.503,W26,2026,20260,199,False
Biotechnology,Spring 2026,0,0.0,X26,2026,20261,195,False
Biotechnology,Summer 2026,2,0.851,S26,2026,20262,235,False
Biotechnology,Fall 2026,0,0.0,F26,2026,20263,35,True
Biotechnology,Winter 2027,0,0.0,W27,2027,20270,1,True
Blockchain,Summer 2005,0,0.0,S05,2005,20052,9,True
Blockchain,Winter 2006,0,0.0,W06,2006,20060,7,True
Blockchain,Summer 2006,0,0.0,S06,2006,20062,10,True
Blockchain,Winter 2007,0,0.0,W07,2007,20070,13,True
Blockchain,Summer 2007,0,0.0,S07,2007,20072,19,True
Blockchain,Winter 2008,0,0.0,W08,2008,20080,21,True
Blockchain,Summer 2008,0,0.0,S08,2008,20082,22,True
Blockchain,Winter 2009,0,0.0,W09,2009,20090,16,True
Blockchain,Summer 2009,0,0.0,S09,2009,20092,26,True
Blockchain,Winter 2010,0,0.0,W10,2010,20100,27,True
Blockchain,Summer 2010,0,0.0,S10,2010,20102,36,True
Blockchain,Winter 2011,0,0.0,W11,2011,20110,45,True
Blockchain,Summer 2011,0,0.0,S11,2011,20112,60,False
Blockchain,Winter 2012,0,0.0,W12,2012,20120,66,False
Blockchain,Summer 2012,0,0.0,S12,2012,20122,83,False
Blockchain,Winter 2013,0,0.0,W13,2013,20130,46,True
Blockchain,Summer 2013,0,0.0,S13,2013,20132,52,False
Blockchain,Winter 2014,0,0.0,W14,2014,20140,74,False
Blockchain,Summer 2014,0,0.0,S14,2014,20142,78,False
Blockchain,Winter 2015,0,0.0,W15,2015,20150,110,False
Blockchain,Summer 2015,1,0.962,S15,2015,20152,104,False
Blockchain,Winter 2016,0,0.0,W16,2016,20160,122,False
Blockchain,Summer 2016,0,0.0,S16,2016,20162,102,False
Blockchain,Winter 2017,0,0.0,W17,2017,20170,116,False
Blockchain,Summer 2017,1,0.8,S17,2017,20172,125,False
Blockchain,Winter 2018,0,0.0,W18,2018,20180,146,False
Blockchain,Summer 2018,0,0.0,S18,2018,20182,131,False
Blockchain,Winter 2019,0,0.0,W19,2019,20190,194,False
Blockchain,Summer 2019,0,0.0,S19,2019,20192,176,False
Blockchain,Winter 2020,0,0.0,W20,2020,20200,228,False
Blockchain,Summer 2020,0,0.0,S20,2020,20202,209,False
Blockchain,Winter 2021,0,0.0,W21,2021,20210,336,False
Blockchain,Summer 2021,0,0.0,S21,2021,20212,391,False
Blockchain,Winter 2022,0,0.0,W22,2022,20220,398,False
Blockchain,Summer 2022,0,0.0,S22,2022,20222,234,False
Blockchain,Winter 2023,0,0.0,W23,2023,20230,274,False
Blockchain,Summer 2023,0,0.0,S23,2023,20232,220,False
Blockchain,Winter 2024,0,0.0,W24,2024,20240,248,False
Blockchain,Summer 2024,0,0.0,S24,2024,20242,248,False
Blockchain,Fall 2024,0,0.0,F24,2024,20243,94,False
Blockchain,Winter 2025,0,0.0,W25,2025,20250,166,False
Blockchain,Spring 2025,0,0.0,X25,2025,20251,143,False
Blockchain,Summer 2025,0,0.0,S25,2025,20252,166,False
Blockchain,Fall 2025,0,0.0,F25,2025,20253,146,False
Blockchain,Winter 2026,0,0.0,W26,2026,20260,199,False
Blockchain,Spring 2026,0,0.0,X26,2026,20261,195,False
Blockchain,Summer 2026,0,0.0,S26,2026,20262,235,False
Blockchain,Fall 2026,0,0.0,F26,2026,20263,35,True
Blockchain,Winter 2027,0,0.0,W27,2027,20270,1,True
Booking,Summer 2005,0,0.0,S05,2005,20052,9,True
Booking,Winter 2006,0,0.0,W06,2006,20060,7,True
Booking,Summer 2006,0,0.0,S06,2006,20062,10,True
Booking,Winter 2007,0,0.0,W07,2007,20070,13,True
Booking,Summer 2007,0,0.0,S07,2007,20072,19,True
Booking,Winter 2008,0,0.0,W08,2008,20080,21,True
Booking,Summer 2008,0,0.0,S08,2008,20082,22,True
Booking,Winter 2009,0,0.0,W09,2009,20090,16,True
Booking,Summer 2009,0,0.0,S09,2009,20092,26,True
Booking,Winter 2010,0,0.0,W10,2010,20100,27,True
Booking,Summer 2010,0,0.0,S10,2010,20102,36,True
Booking,Winter 2011,0,0.0,W11,2011,20110,45,True
Booking,Summer 2011,0,0.0,S11,2011,20112,60,False
Booking,Winter 2012,0,0.0,W12,2012,20120,66,False
Booking,Summer 2012,1,1.205,S12,2012,20122,83,False
Booking,Winter 2013,0,0.0,W13,2013,20130,46,True
Booking,Summer 2013,0,0.0,S13,2013,20132,52,False
Booking,Winter 2014,0,0.0,W14,2014,20140,74,False
Booking,Summer 2014,0,0.0,S14,2014,20142,78,False
Booking,Winter 2015,1,0.909,W15,2015,20150,110,False
Booking,Summer 2015,0,0.0,S15,2015,20152,104,False
Booking,Winter 2016,0,0.0,W16,2016,20160,122,False
Booking,Summer 2016,0,0.0,S16,2016,20162,102,False
Booking,Winter 2017,0,0.0,W17,2017,20170,116,False
Booking,Summer 2017,0,0.0,S17,2017,20172,125,False
Booking,Winter 2018,0,0.0,W18,2018,20180,146,False
Booking,Summer 2018,0,0.0,S18,2018,20182,131,False
Booking,Winter 2019,0,0.0,W19,2019,20190,194,False
Booking,Summer 2019,0,0.0,S19,2019,20192,176,False
Booking,Winter 2020,0,0.0,W20,2020,20200,228,False
Booking,Summer 2020,0,0.0,S20,2020,20202,209,False
Booking,Winter 2021,0,0.0,W21,2021,20210,336,False
Booking,Summer 2021,0,0.0,S21,2021,20212,391,False
Booking,Winter 2022,0,0.0,W22,2022,20220,398,False
Booking,Summer 2022,0,0.0,S22,2022,20222,234,False
Booking,Winter 2023,0,0.0,W23,2023,20230,274,False
Booking,Summer 2023,0,0.0,S23,2023,20232,220,False
Booking,Winter 2024,0,0.0,W24,2024,20240,248,False
Booking,Summer 2024,0,0.0,S24,2024,20242,248,False
Booking,Fall 2024,0,0.0,F24,2024,20243,94,False
Booking,Winter 2025,1,0.602,W25,2025,20250,166,False
Booking,Spring 2025,0,0.0,X25,2025,20251,143,False
Booking,Summer 2025,0,0.0,S25,2025,20252,166,False
Booking,Fall 2025,0,0.0,F25,2025,20253,146,False
Booking,Winter 2026,0,0.0,W26,2026,20260,199,False
Booking,Spring 2026,0,0.0,X26,2026,20261,195,False
Booking,Summer 2026,0,0.0,S26,2026,20262,235,False
Booking,Fall 2026,0,0.0,F26,2026,20263,35,True
Booking,Winter 2027,0,0.0,W27,2027,20270,1,True
COVID-19,Summer 2005,0,0.0,S05,2005,20052,9,True
COVID-19,Winter 2006,0,0.0,W06,2006,20060,7,True
COVID-19,Summer 2006,0,0.0,S06,2006,20062,10,True
COVID-19,Winter 2007,0,0.0,W07,2007,20070,13,True
COVID-19,Summer 2007,0,0.0,S07,2007,20072,19,True
COVID-19,Winter 2008,0,0.0,W08,2008,20080,21,True
COVID-19,Summer 2008,0,0.0,S08,2008,20082,22,True
COVID-19,Winter 2009,0,0.0,W09,2009,20090,16,True
COVID-19,Summer 2009,0,0.0,S09,2009,20092,26,True
COVID-19,Winter 2010,0,0.0,W10,2010,20100,27,True
COVID-19,Summer 2010,0,0.0,S10,2010,20102,36,True
COVID-19,Winter 2011,0,0.0,W11,2011,20110,45,True
COVID-19,Summer 2011,0,0.0,S11,2011,20112,60,False
COVID-19,Winter 2012,0,0.0,W12,2012,20120,66,False
COVID-19,Summer 2012,0,0.0,S12,2012,20122,83,False
COVID-19,Winter 2013,0,0.0,W13,2013,20130,46,True
COVID-19,Summer 2013,0,0.0,S13,2013,20132,52,False
COVID-19,Winter 2014,0,0.0,W14,2014,20140,74,False
COVID-19,Summer 2014,0,0.0,S14,2014,20142,78,False
COVID-19,Winter 2015,0,0.0,W15,2015,20150,110,False
COVID-19,Summer 2015,0,0.0,S15,2015,20152,104,False
COVID-19,Winter 2016,0,0.0,W16,2016,20160,122,False
COVID-19,Summer 2016,0,0.0,S16,2016,20162,102,False
COVID-19,Winter 2017,0,0.0,W17,2017,20170,116,False
COVID-19,Summer 2017,1,0.8,S17,2017,20172,125,False
COVID-19,Winter 2018,1,0.685,W18,2018,20180,146,False
COVID-19,Summer 2018,0,0.0,S18,2018,20182,131,False
COVID-19,Winter 2019,0,0.0,W19,2019,20190,194,False
COVID-19,Summer 2019,0,0.0,S19,2019,20192,176,False
COVID-19,Winter 2020,1,0.439,W20,2020,20200,228,False
COVID-19,Summer 2020,0,0.0,S20,2020,20202,209,False
COVID-19,Winter 2021,0,0.0,W21,2021,20210,336,False
COVID-19,Summer 2021,0,0.0,S21,2021,20212,391,False
COVID-19,Winter 2022,1,0.251,W22,2022,20220,398,False
COVID-19,Summer 2022,0,0.0,S22,2022,20222,234,False
COVID-19,Winter 2023,0,0.0,W23,2023,20230,274,False
COVID-19,Summer 2023,0,0.0,S23,2023,20232,220,False
COVID-19,Winter 2024,0,0.0,W24,2024,20240,248,False
COVID-19,Summer 2024,0,0.0,S24,2024,20242,248,False
COVID-19,Fall 2024,0,0.0,F24,2024,20243,94,False
COVID-19,Winter 2025,0,0.0,W25,2025,20250,166,False
COVID-19,Spring 2025,0,0.0,X25,2025,20251,143,False
COVID-19,Summer 2025,0,0.0,S25,2025,20252,166,False
COVID-19,Fall 2025,0,0.0,F25,2025,20253,146,False
COVID-19,Winter 2026,0,0.0,W26,2026,20260,199,False
COVID-19,Spring 2026,0,0.0,X26,2026,20261,195,False
COVID-19,Summer 2026,0,0.0,S26,2026,20262,235,False
COVID-19,Fall 2026,0,0.0,F26,2026,20263,35,True
COVID-19,Winter 2027,0,0.0,W27,2027,20270,1,True
CRISPR,Summer 2005,0,0.0,S05,2005,20052,9,True
CRISPR,Winter 2006,0,0.0,W06,2006,20060,7,True
CRISPR,Summer 2006,0,0.0,S06,2006,20062,10,True
CRISPR,Winter 2007,0,0.0,W07,2007,20070,13,True
CRISPR,Summer 2007,0,0.0,S07,2007,20072,19,True
CRISPR,Winter 2008,0,0.0,W08,2008,20080,21,True
CRISPR,Summer 2008,0,0.0,S08,2008,20082,22,True
CRISPR,Winter 2009,0,0.0,W09,2009,20090,16,True
CRISPR,Summer 2009,0,0.0,S09,2009,20092,26,True
CRISPR,Winter 2010,0,0.0,W10,2010,20100,27,True
CRISPR,Summer 2010,0,0.0,S10,2010,20102,36,True
CRISPR,Winter 2011,0,0.0,W11,2011,20110,45,True
CRISPR,Summer 2011,0,0.0,S11,2011,20112,60,False
CRISPR,Winter 2012,0,0.0,W12,2012,20120,66,False
CRISPR,Summer 2012,0,0.0,S12,2012,20122,83,False
CRISPR,Winter 2013,0,0.0,W13,2013,20130,46,True
CRISPR,Summer 2013,0,0.0,S13,2013,20132,52,False
CRISPR,Winter 2014,0,0.0,W14,2014,20140,74,False
CRISPR,Summer 2014,0,0.0,S14,2014,20142,78,False
CRISPR,Winter 2015,0,0.0,W15,2015,20150,110,False
CRISPR,Summer 2015,0,0.0,S15,2015,20152,104,False
CRISPR,Winter 2016,0,0.0,W16,2016,20160,122,False
CRISPR,Summer 2016,0,0.0,S16,2016,20162,102,False
CRISPR,Winter 2017,0,0.0,W17,2017,20170,116,False
CRISPR,Summer 2017,0,0.0,S17,2017,20172,125,False
CRISPR,Winter 2018,0,0.0,W18,2018,20180,146,False
CRISPR,Summer 2018,0,0.0,S18,2018,20182,131,False
CRISPR,Winter 2019,1,0.515,W19,2019,20190,194,False
CRISPR,Summer 2019,0,0.0,S19,2019,20192,176,False
CRISPR,Winter 2020,1,0.439,W20,2020,20200,228,False
CRISPR,Summer 2020,1,0.478,S20,2020,20202,209,False
CRISPR,Winter 2021,0,0.0,W21,2021,20210,336,False
CRISPR,Summer 2021,0,0.0,S21,2021,20212,391,False
CRISPR,Winter 2022,0,0.0,W22,2022,20220,398,False
CRISPR,Summer 2022,0,0.0,S22,2022,20222,234,False
CRISPR,Winter 2023,0,0.0,W23,2023,20230,274,False
CRISPR,Summer 2023,0,0.0,S23,2023,20232,220,False
CRISPR,Winter 2024,0,0.0,W24,2024,20240,248,False
CRISPR,Summer 2024,0,0.0,S24,2024,20242,248,False
CRISPR,Fall 2024,0,0.0,F24,2024,20243,94,False
CRISPR,Winter 2025,1,0.602,W25,2025,20250,166,False
CRISPR,Spring 2025,0,0.0,X25,2025,20251,143,False
CRISPR,Summer 2025,0,0.0,S25,2025,20252,166,False
CRISPR,Fall 2025,0,0.0,F25,2025,20253,146,False
CRISPR,Winter 2026,0,0.0,W26,2026,20260,199,False
CRISPR,Spring 2026,0,0.0,X26,2026,20261,195,False
CRISPR,Summer 2026,0,0.0,S26,2026,20262,235,False
CRISPR,Fall 2026,0,0.0,F26,2026,20263,35,True
CRISPR,Winter 2027,0,0.0,W27,2027,20270,1,True
CRM,Summer 2005,0,0.0,S05,2005,20052,9,True
CRM,Winter 2006,0,0.0,W06,2006,20060,7,True
CRM,Summer 2006,0,0.0,S06,2006,20062,10,True
CRM,Winter 2007,0,0.0,W07,2007,20070,13,True
CRM,Summer 2007,0,0.0,S07,2007,20072,19,True
CRM,Winter 2008,0,0.0,W08,2008,20080,21,True
CRM,Summer 2008,0,0.0,S08,2008,20082,22,True
CRM,Winter 2009,0,0.0,W09,2009,20090,16,True
CRM,Summer 2009,0,0.0,S09,2009,20092,26,True
CRM,Winter 2010,0,0.0,W10,2010,20100,27,True
CRM,Summer 2010,0,0.0,S10,2010,20102,36,True
CRM,Winter 2011,0,0.0,W11,2011,20110,45,True
CRM,Summer 2011,1,1.667,S11,2011,20112,60,False
CRM,Winter 2012,0,0.0,W12,2012,20120,66,False
CRM,Summer 2012,1,1.205,S12,2012,20122,83,False
CRM,Winter 2013,0,0.0,W13,2013,20130,46,True
CRM,Summer 2013,0,0.0,S13,2013,20132,52,False
CRM,Winter 2014,0,0.0,W14,2014,20140,74,False
CRM,Summer 2014,2,2.564,S14,2014,20142,78,False
CRM,Winter 2015,0,0.0,W15,2015,20150,110,False
CRM,Summer 2015,0,0.0,S15,2015,20152,104,False
CRM,Winter 2016,0,0.0,W16,2016,20160,122,False
CRM,Summer 2016,0,0.0,S16,2016,20162,102,False
CRM,Winter 2017,0,0.0,W17,2017,20170,116,False
CRM,Summer 2017,1,0.8,S17,2017,20172,125,False
CRM,Winter 2018,0,0.0,W18,2018,20180,146,False
CRM,Summer 2018,0,0.0,S18,2018,20182,131,False
CRM,Winter 2019,2,1.031,W19,2019,20190,194,False
CRM,Summer 2019,2,1.136,S19,2019,20192,176,False
CRM,Winter 2020,0,0.0,W20,2020,20200,228,False
CRM,Summer 2020,1,0.478,S20,2020,20202,209,False
CRM,Winter 2021,0,0.0,W21,2021,20210,336,False
CRM,Summer 2021,1,0.256,S21,2021,20212,391,False
CRM,Winter 2022,1,0.251,W22,2022,20220,398,False
CRM,Summer 2022,1,0.427,S22,2022,20222,234,False
CRM,Winter 2023,1,0.365,W23,2023,20230,274,False
CRM,Summer 2023,2,0.909,S23,2023,20232,220,False
CRM,Winter 2024,1,0.403,W24,2024,20240,248,False
CRM,Summer 2024,1,0.403,S24,2024,20242,248,False
CRM,Fall 2024,0,0.0,F24,2024,20243,94,False
CRM,Winter 2025,2,1.205,W25,2025,20250,166,False
CRM,Spring 2025,0,0.0,X25,2025,20251,143,False
CRM,Summer 2025,0,0.0,S25,2025,20252,166,False
CRM,Fall 2025,1,0.685,F25,2025,20253,146,False
CRM,Winter 2026,0,0.0,W26,2026,20260,199,False
CRM,Spring 2026,0,0.0,X26,2026,20261,195,False
CRM,Summer 2026,0,0.0,S26,2026,20262,235,False
CRM,Fall 2026,0,0.0,F26,2026,20263,35,True
CRM,Winter 2027,0,0.0,W27,2027,20270,1,True
Calendar,Summer 2005,1,11.111,S05,2005,20052,9,True
Calendar,Winter 2006,0,0.0,W06,2006,20060,7,True
Calendar,Summer 2006,0,0.0,S06,2006,20062,10,True
Calendar,Winter 2007,0,0.0,W07,2007,20070,13,True
Calendar,Summer 2007,0,0.0,S07,2007,20072,19,True
Calendar,Winter 2008,0,0.0,W08,2008,20080,21,True
Calendar,Summer 2008,0,0.0,S08,2008,20082,22,True
Calendar,Winter 2009,0,0.0,W09,2009,20090,16,True
Calendar,Summer 2009,0,0.0,S09,2009,20092,26,True
Calendar,Winter 2010,0,0.0,W10,2010,20100,27,True
Calendar,Summer 2010,0,0.0,S10,2010,20102,36,True
Calendar,Winter 2011,0,0.0,W11,2011,20110,45,True
Calendar,Summer 2011,0,0.0,S11,2011,20112,60,False
Calendar,Winter 2012,0,0.0,W12,2012,20120,66,False
Calendar,Summer 2012,1,1.205,S12,2012,20122,83,False
Calendar,Winter 2013,0,0.0,W13,2013,20130,46,True
Calendar,Summer 2013,0,0.0,S13,2013,20132,52,False
Calendar,Winter 2014,0,0.0,W14,2014,20140,74,False
Calendar,Summer 2014,0,0.0,S14,2014,20142,78,False
Calendar,Winter 2015,0,0.0,W15,2015,20150,110,False
Calendar,Summer 2015,0,0.0,S15,2015,20152,104,False
Calendar,Winter 2016,0,0.0,W16,2016,20160,122,False
Calendar,Summer 2016,0,0.0,S16,2016,20162,102,False
Calendar,Winter 2017,1,0.862,W17,2017,20170,116,False
Calendar,Summer 2017,0,0.0,S17,2017,20172,125,False
Calendar,Winter 2018,0,0.0,W18,2018,20180,146,False
Calendar,Summer 2018,1,0.763,S18,2018,20182,131,False
Calendar,Winter 2019,0,0.0,W19,2019,20190,194,False
Calendar,Summer 2019,0,0.0,S19,2019,20192,176,False
Calendar,Winter 2020,1,0.439,W20,2020,20200,228,False
Calendar,Summer 2020,0,0.0,S20,2020,20202,209,False
Calendar,Winter 2021,0,0.0,W21,2021,20210,336,False
Calendar,Summer 2021,1,0.256,S21,2021,20212,391,False
Calendar,Winter 2022,0,0.0,W22,2022,20220,398,False
Calendar,Summer 2022,0,0.0,S22,2022,20222,234,False
Calendar,Winter 2023,0,0.0,W23,2023,20230,274,False
Calendar,Summer 2023,0,0.0,S23,2023,20232,220,False
Calendar,Winter 2024,0,0.0,W24,2024,20240,248,False
Calendar,Summer 2024,0,0.0,S24,2024,20242,248,False
Calendar,Fall 2024,0,0.0,F24,2024,20243,94,False
Calendar,Winter 2025,0,0.0,W25,2025,20250,166,False
Calendar,Spring 2025,0,0.0,X25,2025,20251,143,False
Calendar,Summer 2025,0,0.0,S25,2025,20252,166,False
Calendar,Fall 2025,0,0.0,F25,2025,20253,146,False
Calendar,Winter 2026,0,0.0,W26,2026,20260,199,False
Calendar,Spring 2026,0,0.0,X26,2026,20261,195,False
Calendar,Summer 2026,0,0.0,S26,2026,20262,235,False
Calendar,Fall 2026,0,0.0,F26,2026,20263,35,True
Calendar,Winter 2027,0,0.0,W27,2027,20270,1,True
Call Center,Summer 2005,0,0.0,S05,2005,20052,9,True
Call Center,Winter 2006,0,0.0,W06,2006,20060,7,True
Call Center,Summer 2006,0,0.0,S06,2006,20062,10,True
Call Center,Winter 2007,0,0.0,W07,2007,20070,13,True
Call Center,Summer 2007,0,0.0,S07,2007,20072,19,True
Call Center,Winter 2008,0,0.0,W08,2008,20080,21,True
Call Center,Summer 2008,0,0.0,S08,2008,20082,22,True
Call Center,Winter 2009,0,0.0,W09,2009,20090,16,True
Call Center,Summer 2009,0,0.0,S09,2009,20092,26,True
Call Center,Winter 2010,0,0.0,W10,2010,20100,27,True
Call Center,Summer 2010,0,0.0,S10,2010,20102,36,True
Call Center,Winter 2011,0,0.0,W11,2011,20110,45,True
Call Center,Summer 2011,0,0.0,S11,2011,20112,60,False
Call Center,Winter 2012,0,0.0,W12,2012,20120,66,False
Call Center,Summer 2012,0,0.0,S12,2012,20122,83,False
Call Center,Winter 2013,0,0.0,W13,2013,20130,46,True
Call Center,Summer 2013,0,0.0,S13,2013,20132,52,False
Call Center,Winter 2014,0,0.0,W14,2014,20140,74,False
Call Center,Summer 2014,0,0.0,S14,2014,20142,78,False
Call Center,Winter 2015,0,0.0,W15,2015,20150,110,False
Call Center,Summer 2015,0,0.0,S15,2015,20152,104,False
Call Center,Winter 2016,0,0.0,W16,2016,20160,122,False
Call Center,Summer 2016,0,0.0,S16,2016,20162,102,False
Call Center,Winter 2017,0,0.0,W17,2017,20170,116,False
Call Center,Summer 2017,0,0.0,S17,2017,20172,125,False
Call Center,Winter 2018,0,0.0,W18,2018,20180,146,False
Call Center,Summer 2018,0,0.0,S18,2018,20182,131,False
Call Center,Winter 2019,0,0.0,W19,2019,20190,194,False
Call Center,Summer 2019,0,0.0,S19,2019,20192,176,False
Call Center,Winter 2020,0,0.0,W20,2020,20200,228,False
Call Center,Summer 2020,0,0.0,S20,2020,20202,209,False
Call Center,Winter 2021,0,0.0,W21,2021,20210,336,False
Call Center,Summer 2021,0,0.0,S21,2021,20212,391,False
Call Center,Winter 2022,1,0.251,W22,2022,20220,398,False
Call Center,Summer 2022,2,0.855,S22,2022,20222,234,False
Call Center,Winter 2023,0,0.0,W23,2023,20230,274,False
Call Center,Summer 2023,0,0.0,S23,2023,20232,220,False
Call Center,Winter 2024,1,0.403,W24,2024,20240,248,False
Call Center,Summer 2024,3,1.21,S24,2024,20242,248,False
Call Center,Fall 2024,1,1.064,F24,2024,20243,94,False
Call Center,Winter 2025,1,0.602,W25,2025,20250,166,False
Call Center,Spring 2025,0,0.0,X25,2025,20251,143,False
Call Center,Summer 2025,0,0.0,S25,2025,20252,166,False
Call Center,Fall 2025,0,0.0,F25,2025,20253,146,False
Call Center,Winter 2026,0,0.0,W26,2026,20260,199,False
Call Center,Spring 2026,0,0.0,X26,2026,20261,195,False
Call Center,Summer 2026,0,0.0,S26,2026,20262,235,False
Call Center,Fall 2026,0,0.0,F26,2026,20263,35,True
Call Center,Winter 2027,0,0.0,W27,2027,20270,1,True
Cannabis,Summer 2005,0,0.0,S05,2005,20052,9,True
Cannabis,Winter 2006,0,0.0,W06,2006,20060,7,True
Cannabis,Summer 2006,0,0.0,S06,2006,20062,10,True
Cannabis,Winter 2007,0,0.0,W07,2007,20070,13,True
Cannabis,Summer 2007,0,0.0,S07,2007,20072,19,True
Cannabis,Winter 2008,0,0.0,W08,2008,20080,21,True
Cannabis,Summer 2008,0,0.0,S08,2008,20082,22,True
Cannabis,Winter 2009,0,0.0,W09,2009,20090,16,True
Cannabis,Summer 2009,0,0.0,S09,2009,20092,26,True
Cannabis,Winter 2010,0,0.0,W10,2010,20100,27,True
Cannabis,Summer 2010,0,0.0,S10,2010,20102,36,True
Cannabis,Winter 2011,0,0.0,W11,2011,20110,45,True
Cannabis,Summer 2011,0,0.0,S11,2011,20112,60,False
Cannabis,Winter 2012,0,0.0,W12,2012,20120,66,False
Cannabis,Summer 2012,0,0.0,S12,2012,20122,83,False
Cannabis,Winter 2013,0,0.0,W13,2013,20130,46,True
Cannabis,Summer 2013,0,0.0,S13,2013,20132,52,False
Cannabis,Winter 2014,0,0.0,W14,2014,20140,74,False
Cannabis,Summer 2014,0,0.0,S14,2014,20142,78,False
Cannabis,Winter 2015,1,0.909,W15,2015,20150,110,False
Cannabis,Summer 2015,2,1.923,S15,2015,20152,104,False
Cannabis,Winter 2016,0,0.0,W16,2016,20160,122,False
Cannabis,Summer 2016,0,0.0,S16,2016,20162,102,False
Cannabis,Winter 2017,0,0.0,W17,2017,20170,116,False
Cannabis,Summer 2017,0,0.0,S17,2017,20172,125,False
Cannabis,Winter 2018,1,0.685,W18,2018,20180,146,False
Cannabis,Summer 2018,0,0.0,S18,2018,20182,131,False
Cannabis,Winter 2019,2,1.031,W19,2019,20190,194,False
Cannabis,Summer 2019,1,0.568,S19,2019,20192,176,False
Cannabis,Winter 2020,0,0.0,W20,2020,20200,228,False
Cannabis,Summer 2020,0,0.0,S20,2020,20202,209,False
Cannabis,Winter 2021,0,0.0,W21,2021,20210,336,False
Cannabis,Summer 2021,0,0.0,S21,2021,20212,391,False
Cannabis,Winter 2022,0,0.0,W22,2022,20220,398,False
Cannabis,Summer 2022,0,0.0,S22,2022,20222,234,False
Cannabis,Winter 2023,0,0.0,W23,2023,20230,274,False
Cannabis,Summer 2023,0,0.0,S23,2023,20232,220,False
Cannabis,Winter 2024,0,0.0,W24,2024,20240,248,False
Cannabis,Summer 2024,0,0.0,S24,2024,20242,248,False
Cannabis,Fall 2024,0,0.0,F24,2024,20243,94,False
Cannabis,Winter 2025,0,0.0,W25,2025,20250,166,False
Cannabis,Spring 2025,0,0.0,X25,2025,20251,143,False
Cannabis,Summer 2025,0,0.0,S25,2025,20252,166,False
Cannabis,Fall 2025,0,0.0,F25,2025,20253,146,False
Cannabis,Winter 2026,0,0.0,W26,2026,20260,199,False
Cannabis,Spring 2026,0,0.0,X26,2026,20261,195,False
Cannabis,Summer 2026,0,0.0,S26,2026,20262,235,False
Cannabis,Fall 2026,0,0.0,F26,2026,20263,35,True
Cannabis,Winter 2027,0,0.0,W27,2027,20270,1,True
Carbon Capture and Removal,Summer 2005,0,0.0,S05,2005,20052,9,True
Carbon Capture and Removal,Winter 2006,0,0.0,W06,2006,20060,7,True
Carbon Capture and Removal,Summer 2006,0,0.0,S06,2006,20062,10,True
Carbon Capture and Removal,Winter 2007,0,0.0,W07,2007,20070,13,True
Carbon Capture and Removal,Summer 2007,0,0.0,S07,2007,20072,19,True
Carbon Capture and Removal,Winter 2008,0,0.0,W08,2008,20080,21,True
Carbon Capture and Removal,Summer 2008,0,0.0,S08,2008,20082,22,True
Carbon Capture and Removal,Winter 2009,0,0.0,W09,2009,20090,16,True
Carbon Capture and Removal,Summer 2009,0,0.0,S09,2009,20092,26,True
Carbon Capture and Removal,Winter 2010,0,0.0,W10,2010,20100,27,True
Carbon Capture and Removal,Summer 2010,0,0.0,S10,2010,20102,36,True
Carbon Capture and Removal,Winter 2011,0,0.0,W11,2011,20110,45,True
Carbon Capture and Removal,Summer 2011,0,0.0,S11,2011,20112,60,False
Carbon Capture and Removal,Winter 2012,0,0.0,W12,2012,20120,66,False
Carbon Capture and Removal,Summer 2012,0,0.0,S12,2012,20122,83,False
Carbon Capture and Removal,Winter 2013,0,0.0,W13,2013,20130,46,True
Carbon Capture and Removal,Summer 2013,0,0.0,S13,2013,20132,52,False
Carbon Capture and Removal,Winter 2014,0,0.0,W14,2014,20140,74,False
Carbon Capture and Removal,Summer 2014,0,0.0,S14,2014,20142,78,False
Carbon Capture and Removal,Winter 2015,1,0.909,W15,2015,20150,110,False
Carbon Capture and Removal,Summer 2015,0,0.0,S15,2015,20152,104,False
Carbon Capture and Removal,Winter 2016,0,0.0,W16,2016,20160,122,False
Carbon Capture and Removal,Summer 2016,0,0.0,S16,2016,20162,102,False
Carbon Capture and Removal,Winter 2017,0,0.0,W17,2017,20170,116,False
Carbon Capture and Removal,Summer 2017,1,0.8,S17,2017,20172,125,False
Carbon Capture and Removal,Winter 2018,0,0.0,W18,2018,20180,146,False
Carbon Capture and Removal,Summer 2018,0,0.0,S18,2018,20182,131,False
Carbon Capture and Removal,Winter 2019,1,0.515,W19,2019,20190,194,False
Carbon Capture and Removal,Summer 2019,0,0.0,S19,2019,20192,176,False
Carbon Capture and Removal,Winter 2020,1,0.439,W20,2020,20200,228,False
Carbon Capture and Removal,Summer 2020,0,0.0,S20,2020,20202,209,False
Carbon Capture and Removal,Winter 2021,1,0.298,W21,2021,20210,336,False
Carbon Capture and Removal,Summer 2021,4,1.023,S21,2021,20212,391,False
Carbon Capture and Removal,Winter 2022,2,0.503,W22,2022,20220,398,False
Carbon Capture and Removal,Summer 2022,1,0.427,S22,2022,20222,234,False
Carbon Capture and Removal,Winter 2023,0,0.0,W23,2023,20230,274,False
Carbon Capture and Removal,Summer 2023,0,0.0,S23,2023,20232,220,False
Carbon Capture and Removal,Winter 2024,0,0.0,W24,2024,20240,248,False
Carbon Capture and Removal,Summer 2024,0,0.0,S24,2024,20242,248,False
Carbon Capture and Removal,Fall 2024,0,0.0,F24,2024,20243,94,False
Carbon Capture and Removal,Winter 2025,0,0.0,W25,2025,20250,166,False
Carbon Capture and Removal,Spring 2025,0,0.0,X25,2025,20251,143,False
Carbon Capture and Removal,Summer 2025,0,0.0,S25,2025,20252,166,False
Carbon Capture and Removal,Fall 2025,0,0.0,F25,2025,20253,146,False
Carbon Capture and Removal,Winter 2026,0,0.0,W26,2026,20260,199,False
Carbon Capture and Removal,Spring 2026,0,0.0,X26,2026,20261,195,False
Carbon Capture and Removal,Summer 2026,0,0.0,S26,2026,20262,235,False
Carbon Capture and Removal,Fall 2026,0,0.0,F26,2026,20263,35,True
Carbon Capture and Removal,Winter 2027,0,0.0,W27,2027,20270,1,True
Careers,Summer 2005,0,0.0,S05,2005,20052,9,True
Careers,Winter 2006,0,0.0,W06,2006,20060,7,True
Careers,Summer 2006,0,0.0,S06,2006,20062,10,True
Careers,Winter 2007,0,0.0,W07,2007,20070,13,True
Careers,Summer 2007,0,0.0,S07,2007,20072,19,True
Careers,Winter 2008,0,0.0,W08,2008,20080,21,True
Careers,Summer 2008,0,0.0,S08,2008,20082,22,True
Careers,Winter 2009,0,0.0,W09,2009,20090,16,True
Careers,Summer 2009,0,0.0,S09,2009,20092,26,True
Careers,Winter 2010,0,0.0,W10,2010,20100,27,True
Careers,Summer 2010,0,0.0,S10,2010,20102,36,True
Careers,Winter 2011,0,0.0,W11,2011,20110,45,True
Careers,Summer 2011,0,0.0,S11,2011,20112,60,False
Careers,Winter 2012,0,0.0,W12,2012,20120,66,False
Careers,Summer 2012,0,0.0,S12,2012,20122,83,False
Careers,Winter 2013,0,0.0,W13,2013,20130,46,True
Careers,Summer 2013,0,0.0,S13,2013,20132,52,False
Careers,Winter 2014,0,0.0,W14,2014,20140,74,False
Careers,Summer 2014,0,0.0,S14,2014,20142,78,False
Careers,Winter 2015,0,0.0,W15,2015,20150,110,False
Careers,Summer 2015,0,0.0,S15,2015,20152,104,False
Careers,Winter 2016,0,0.0,W16,2016,20160,122,False
Careers,Summer 2016,0,0.0,S16,2016,20162,102,False
Careers,Winter 2017,0,0.0,W17,2017,20170,116,False
Careers,Summer 2017,1,0.8,S17,2017,20172,125,False
Careers,Winter 2018,1,0.685,W18,2018,20180,146,False
Careers,Summer 2018,0,0.0,S18,2018,20182,131,False
Careers,Winter 2019,1,0.515,W19,2019,20190,194,False
Careers,Summer 2019,0,0.0,S19,2019,20192,176,False
Careers,Winter 2020,0,0.0,W20,2020,20200,228,False
Careers,Summer 2020,0,0.0,S20,2020,20202,209,False
Careers,Winter 2021,0,0.0,W21,2021,20210,336,False
Careers,Summer 2021,0,0.0,S21,2021,20212,391,False
Careers,Winter 2022,0,0.0,W22,2022,20220,398,False
Careers,Summer 2022,1,0.427,S22,2022,20222,234,False
Careers,Winter 2023,0,0.0,W23,2023,20230,274,False
Careers,Summer 2023,0,0.0,S23,2023,20232,220,False
Careers,Winter 2024,0,0.0,W24,2024,20240,248,False
Careers,Summer 2024,0,0.0,S24,2024,20242,248,False
Careers,Fall 2024,0,0.0,F24,2024,20243,94,False
Careers,Winter 2025,0,0.0,W25,2025,20250,166,False
Careers,Spring 2025,0,0.0,X25,2025,20251,143,False
Careers,Summer 2025,0,0.0,S25,2025,20252,166,False
Careers,Fall 2025,0,0.0,F25,2025,20253,146,False
Careers,Winter 2026,0,0.0,W26,2026,20260,199,False
Careers,Spring 2026,0,0.0,X26,2026,20261,195,False
Careers,Summer 2026,1,0.426,S26,2026,20262,235,False
Careers,Fall 2026,0,0.0,F26,2026,20263,35,True
Careers,Winter 2027,0,0.0,W27,2027,20270,1,True
Cashierless Checkout,Summer 2005,0,0.0,S05,2005,20052,9,True
Cashierless Checkout,Winter 2006,0,0.0,W06,2006,20060,7,True
Cashierless Checkout,Summer 2006,0,0.0,S06,2006,20062,10,True
Cashierless Checkout,Winter 2007,0,0.0,W07,2007,20070,13,True
Cashierless Checkout,Summer 2007,0,0.0,S07,2007,20072,19,True
Cashierless Checkout,Winter 2008,0,0.0,W08,2008,20080,21,True
Cashierless Checkout,Summer 2008,0,0.0,S08,2008,20082,22,True
Cashierless Checkout,Winter 2009,0,0.0,W09,2009,20090,16,True
Cashierless Checkout,Summer 2009,0,0.0,S09,2009,20092,26,True
Cashierless Checkout,Winter 2010,0,0.0,W10,2010,20100,27,True
Cashierless Checkout,Summer 2010,0,0.0,S10,2010,20102,36,True
Cashierless Checkout,Winter 2011,1,2.222,W11,2011,20110,45,True
Cashierless Checkout,Summer 2011,0,0.0,S11,2011,20112,60,False
Cashierless Checkout,Winter 2012,0,0.0,W12,2012,20120,66,False
Cashierless Checkout,Summer 2012,0,0.0,S12,2012,20122,83,False
Cashierless Checkout,Winter 2013,0,0.0,W13,2013,20130,46,True
Cashierless Checkout,Summer 2013,0,0.0,S13,2013,20132,52,False
Cashierless Checkout,Winter 2014,0,0.0,W14,2014,20140,74,False
Cashierless Checkout,Summer 2014,0,0.0,S14,2014,20142,78,False
Cashierless Checkout,Winter 2015,1,0.909,W15,2015,20150,110,False
Cashierless Checkout,Summer 2015,0,0.0,S15,2015,20152,104,False
Cashierless Checkout,Winter 2016,1,0.82,W16,2016,20160,122,False
Cashierless Checkout,Summer 2016,0,0.0,S16,2016,20162,102,False
Cashierless Checkout,Winter 2017,0,0.0,W17,2017,20170,116,False
Cashierless Checkout,Summer 2017,0,0.0,S17,2017,20172,125,False
Cashierless Checkout,Winter 2018,0,0.0,W18,2018,20180,146,False
Cashierless Checkout,Summer 2018,1,0.763,S18,2018,20182,131,False
Cashierless Checkout,Winter 2019,0,0.0,W19,2019,20190,194,False
Cashierless Checkout,Summer 2019,0,0.0,S19,2019,20192,176,False
Cashierless Checkout,Winter 2020,0,0.0,W20,2020,20200,228,False
Cashierless Checkout,Summer 2020,0,0.0,S20,2020,20202,209,False
Cashierless Checkout,Winter 2021,0,0.0,W21,2021,20210,336,False
Cashierless Checkout,Summer 2021,0,0.0,S21,2021,20212,391,False
Cashierless Checkout,Winter 2022,1,0.251,W22,2022,20220,398,False
Cashierless Checkout,Summer 2022,0,0.0,S22,2022,20222,234,False
Cashierless Checkout,Winter 2023,0,0.0,W23,2023,20230,274,False
Cashierless Checkout,Summer 2023,0,0.0,S23,2023,20232,220,False
Cashierless Checkout,Winter 2024,0,0.0,W24,2024,20240,248,False
Cashierless Checkout,Summer 2024,0,0.0,S24,2024,20242,248,False
Cashierless Checkout,Fall 2024,0,0.0,F24,2024,20243,94,False
Cashierless Checkout,Winter 2025,0,0.0,W25,2025,20250,166,False
Cashierless Checkout,Spring 2025,0,0.0,X25,2025,20251,143,False
Cashierless Checkout,Summer 2025,0,0.0,S25,2025,20252,166,False
Cashierless Checkout,Fall 2025,0,0.0,F25,2025,20253,146,False
Cashierless Checkout,Winter 2026,0,0.0,W26,2026,20260,199,False
Cashierless Checkout,Spring 2026,0,0.0,X26,2026,20261,195,False
Cashierless Checkout,Summer 2026,0,0.0,S26,2026,20262,235,False
Cashierless Checkout,Fall 2026,0,0.0,F26,2026,20263,35,True
Cashierless Checkout,Winter 2027,0,0.0,W27,2027,20270,1,True
Cell Therapy,Summer 2005,0,0.0,S05,2005,20052,9,True
Cell Therapy,Winter 2006,0,0.0,W06,2006,20060,7,True
Cell Therapy,Summer 2006,0,0.0,S06,2006,20062,10,True
Cell Therapy,Winter 2007,0,0.0,W07,2007,20070,13,True
Cell Therapy,Summer 2007,0,0.0,S07,2007,20072,19,True
Cell Therapy,Winter 2008,0,0.0,W08,2008,20080,21,True
Cell Therapy,Summer 2008,0,0.0,S08,2008,20082,22,True
Cell Therapy,Winter 2009,0,0.0,W09,2009,20090,16,True
Cell Therapy,Summer 2009,0,0.0,S09,2009,20092,26,True
Cell Therapy,Winter 2010,0,0.0,W10,2010,20100,27,True
Cell Therapy,Summer 2010,0,0.0,S10,2010,20102,36,True
Cell Therapy,Winter 2011,0,0.0,W11,2011,20110,45,True
Cell Therapy,Summer 2011,0,0.0,S11,2011,20112,60,False
Cell Therapy,Winter 2012,0,0.0,W12,2012,20120,66,False
Cell Therapy,Summer 2012,0,0.0,S12,2012,20122,83,False
Cell Therapy,Winter 2013,0,0.0,W13,2013,20130,46,True
Cell Therapy,Summer 2013,0,0.0,S13,2013,20132,52,False
Cell Therapy,Winter 2014,0,0.0,W14,2014,20140,74,False
Cell Therapy,Summer 2014,0,0.0,S14,2014,20142,78,False
Cell Therapy,Winter 2015,0,0.0,W15,2015,20150,110,False
Cell Therapy,Summer 2015,0,0.0,S15,2015,20152,104,False
Cell Therapy,Winter 2016,0,0.0,W16,2016,20160,122,False
Cell Therapy,Summer 2016,0,0.0,S16,2016,20162,102,False
Cell Therapy,Winter 2017,1,0.862,W17,2017,20170,116,False
Cell Therapy,Summer 2017,0,0.0,S17,2017,20172,125,False
Cell Therapy,Winter 2018,0,0.0,W18,2018,20180,146,False
Cell Therapy,Summer 2018,0,0.0,S18,2018,20182,131,False
Cell Therapy,Winter 2019,1,0.515,W19,2019,20190,194,False
Cell Therapy,Summer 2019,0,0.0,S19,2019,20192,176,False
Cell Therapy,Winter 2020,0,0.0,W20,2020,20200,228,False
Cell Therapy,Summer 2020,0,0.0,S20,2020,20202,209,False
Cell Therapy,Winter 2021,0,0.0,W21,2021,20210,336,False
Cell Therapy,Summer 2021,0,0.0,S21,2021,20212,391,False
Cell Therapy,Winter 2022,1,0.251,W22,2022,20220,398,False
Cell Therapy,Summer 2022,1,0.427,S22,2022,20222,234,False
Cell Therapy,Winter 2023,1,0.365,W23,2023,20230,274,False
Cell Therapy,Summer 2023,0,0.0,S23,2023,20232,220,False
Cell Therapy,Winter 2024,0,0.0,W24,2024,20240,248,False
Cell Therapy,Summer 2024,0,0.0,S24,2024,20242,248,False
Cell Therapy,Fall 2024,0,0.0,F24,2024,20243,94,False
Cell Therapy,Winter 2025,0,0.0,W25,2025,20250,166,False
Cell Therapy,Spring 2025,0,0.0,X25,2025,20251,143,False
Cell Therapy,Summer 2025,0,0.0,S25,2025,20252,166,False
Cell Therapy,Fall 2025,0,0.0,F25,2025,20253,146,False
Cell Therapy,Winter 2026,0,0.0,W26,2026,20260,199,False
Cell Therapy,Spring 2026,0,0.0,X26,2026,20261,195,False
Cell Therapy,Summer 2026,0,0.0,S26,2026,20262,235,False
Cell Therapy,Fall 2026,0,0.0,F26,2026,20263,35,True
Cell Therapy,Winter 2027,0,0.0,W27,2027,20270,1,True
Cellular Agriculture,Summer 2005,0,0.0,S05,2005,20052,9,True
Cellular Agriculture,Winter 2006,0,0.0,W06,2006,20060,7,True
Cellular Agriculture,Summer 2006,0,0.0,S06,2006,20062,10,True
Cellular Agriculture,Winter 2007,0,0.0,W07,2007,20070,13,True
Cellular Agriculture,Summer 2007,0,0.0,S07,2007,20072,19,True
Cellular Agriculture,Winter 2008,0,0.0,W08,2008,20080,21,True
Cellular Agriculture,Summer 2008,0,0.0,S08,2008,20082,22,True
Cellular Agriculture,Winter 2009,0,0.0,W09,2009,20090,16,True
Cellular Agriculture,Summer 2009,0,0.0,S09,2009,20092,26,True
Cellular Agriculture,Winter 2010,0,0.0,W10,2010,20100,27,True
Cellular Agriculture,Summer 2010,0,0.0,S10,2010,20102,36,True
Cellular Agriculture,Winter 2011,0,0.0,W11,2011,20110,45,True
Cellular Agriculture,Summer 2011,0,0.0,S11,2011,20112,60,False
Cellular Agriculture,Winter 2012,0,0.0,W12,2012,20120,66,False
Cellular Agriculture,Summer 2012,0,0.0,S12,2012,20122,83,False
Cellular Agriculture,Winter 2013,0,0.0,W13,2013,20130,46,True
Cellular Agriculture,Summer 2013,0,0.0,S13,2013,20132,52,False
Cellular Agriculture,Winter 2014,0,0.0,W14,2014,20140,74,False
Cellular Agriculture,Summer 2014,1,1.282,S14,2014,20142,78,False
Cellular Agriculture,Winter 2015,0,0.0,W15,2015,20150,110,False
Cellular Agriculture,Summer 2015,0,0.0,S15,2015,20152,104,False
Cellular Agriculture,Winter 2016,0,0.0,W16,2016,20160,122,False
Cellular Agriculture,Summer 2016,0,0.0,S16,2016,20162,102,False
Cellular Agriculture,Winter 2017,0,0.0,W17,2017,20170,116,False
Cellular Agriculture,Summer 2017,0,0.0,S17,2017,20172,125,False
Cellular Agriculture,Winter 2018,1,0.685,W18,2018,20180,146,False
Cellular Agriculture,Summer 2018,1,0.763,S18,2018,20182,131,False
Cellular Agriculture,Winter 2019,0,0.0,W19,2019,20190,194,False
Cellular Agriculture,Summer 2019,1,0.568,S19,2019,20192,176,False
Cellular Agriculture,Winter 2020,0,0.0,W20,2020,20200,228,False
Cellular Agriculture,Summer 2020,0,0.0,S20,2020,20202,209,False
Cellular Agriculture,Winter 2021,0,0.0,W21,2021,20210,336,False
Cellular Agriculture,Summer 2021,0,0.0,S21,2021,20212,391,False
Cellular Agriculture,Winter 2022,2,0.503,W22,2022,20220,398,False
Cellular Agriculture,Summer 2022,0,0.0,S22,2022,20222,234,False
Cellular Agriculture,Winter 2023,0,0.0,W23,2023,20230,274,False
Cellular Agriculture,Summer 2023,0,0.0,S23,2023,20232,220,False
Cellular Agriculture,Winter 2024,0,0.0,W24,2024,20240,248,False
Cellular Agriculture,Summer 2024,0,0.0,S24,2024,20242,248,False
Cellular Agriculture,Fall 2024,0,0.0,F24,2024,20243,94,False
Cellular Agriculture,Winter 2025,0,0.0,W25,2025,20250,166,False
Cellular Agriculture,Spring 2025,0,0.0,X25,2025,20251,143,False
Cellular Agriculture,Summer 2025,0,0.0,S25,2025,20252,166,False
Cellular Agriculture,Fall 2025,0,0.0,F25,2025,20253,146,False
Cellular Agriculture,Winter 2026,0,0.0,W26,2026,20260,199,False
Cellular Agriculture,Spring 2026,0,0.0,X26,2026,20261,195,False
Cellular Agriculture,Summer 2026,0,0.0,S26,2026,20262,235,False
Cellular Agriculture,Fall 2026,0,0.0,F26,2026,20263,35,True
Cellular Agriculture,Winter 2027,0,0.0,W27,2027,20270,1,True
Chat,Summer 2005,0,0.0,S05,2005,20052,9,True
Chat,Winter 2006,0,0.0,W06,2006,20060,7,True
Chat,Summer 2006,0,0.0,S06,2006,20062,10,True
Chat,Winter 2007,0,0.0,W07,2007,20070,13,True
Chat,Summer 2007,0,0.0,S07,2007,20072,19,True
Chat,Winter 2008,0,0.0,W08,2008,20080,21,True
Chat,Summer 2008,0,0.0,S08,2008,20082,22,True
Chat,Winter 2009,0,0.0,W09,2009,20090,16,True
Chat,Summer 2009,1,3.846,S09,2009,20092,26,True
Chat,Winter 2010,0,0.0,W10,2010,20100,27,True
Chat,Summer 2010,0,0.0,S10,2010,20102,36,True
Chat,Winter 2011,0,0.0,W11,2011,20110,45,True
Chat,Summer 2011,0,0.0,S11,2011,20112,60,False
Chat,Winter 2012,0,0.0,W12,2012,20120,66,False
Chat,Summer 2012,0,0.0,S12,2012,20122,83,False
Chat,Winter 2013,0,0.0,W13,2013,20130,46,True
Chat,Summer 2013,0,0.0,S13,2013,20132,52,False
Chat,Winter 2014,0,0.0,W14,2014,20140,74,False
Chat,Summer 2014,0,0.0,S14,2014,20142,78,False
Chat,Winter 2015,0,0.0,W15,2015,20150,110,False
Chat,Summer 2015,0,0.0,S15,2015,20152,104,False
Chat,Winter 2016,0,0.0,W16,2016,20160,122,False
Chat,Summer 2016,0,0.0,S16,2016,20162,102,False
Chat,Winter 2017,0,0.0,W17,2017,20170,116,False
Chat,Summer 2017,1,0.8,S17,2017,20172,125,False
Chat,Winter 2018,0,0.0,W18,2018,20180,146,False
Chat,Summer 2018,0,0.0,S18,2018,20182,131,False
Chat,Winter 2019,0,0.0,W19,2019,20190,194,False
Chat,Summer 2019,0,0.0,S19,2019,20192,176,False
Chat,Winter 2020,0,0.0,W20,2020,20200,228,False
Chat,Summer 2020,0,0.0,S20,2020,20202,209,False
Chat,Winter 2021,1,0.298,W21,2021,20210,336,False
Chat,Summer 2021,0,0.0,S21,2021,20212,391,False
Chat,Winter 2022,0,0.0,W22,2022,20220,398,False
Chat,Summer 2022,0,0.0,S22,2022,20222,234,False
Chat,Winter 2023,0,0.0,W23,2023,20230,274,False
Chat,Summer 2023,0,0.0,S23,2023,20232,220,False
Chat,Winter 2024,0,0.0,W24,2024,20240,248,False
Chat,Summer 2024,0,0.0,S24,2024,20242,248,False
Chat,Fall 2024,0,0.0,F24,2024,20243,94,False
Chat,Winter 2025,1,0.602,W25,2025,20250,166,False
Chat,Spring 2025,0,0.0,X25,2025,20251,143,False
Chat,Summer 2025,1,0.602,S25,2025,20252,166,False
Chat,Fall 2025,0,0.0,F25,2025,20253,146,False
Chat,Winter 2026,0,0.0,W26,2026,20260,199,False
Chat,Spring 2026,1,0.513,X26,2026,20261,195,False
Chat,Summer 2026,0,0.0,S26,2026,20262,235,False
Chat,Fall 2026,0,0.0,F26,2026,20263,35,True
Chat,Winter 2027,0,0.0,W27,2027,20270,1,True
Chatbot,Summer 2005,0,0.0,S05,2005,20052,9,True
Chatbot,Winter 2006,0,0.0,W06,2006,20060,7,True
Chatbot,Summer 2006,0,0.0,S06,2006,20062,10,True
Chatbot,Winter 2007,0,0.0,W07,2007,20070,13,True
Chatbot,Summer 2007,0,0.0,S07,2007,20072,19,True
Chatbot,Winter 2008,0,0.0,W08,2008,20080,21,True
Chatbot,Summer 2008,0,0.0,S08,2008,20082,22,True
Chatbot,Winter 2009,0,0.0,W09,2009,20090,16,True
Chatbot,Summer 2009,0,0.0,S09,2009,20092,26,True
Chatbot,Winter 2010,0,0.0,W10,2010,20100,27,True
Chatbot,Summer 2010,0,0.0,S10,2010,20102,36,True
Chatbot,Winter 2011,0,0.0,W11,2011,20110,45,True
Chatbot,Summer 2011,0,0.0,S11,2011,20112,60,False
Chatbot,Winter 2012,0,0.0,W12,2012,20120,66,False
Chatbot,Summer 2012,0,0.0,S12,2012,20122,83,False
Chatbot,Winter 2013,0,0.0,W13,2013,20130,46,True
Chatbot,Summer 2013,0,0.0,S13,2013,20132,52,False
Chatbot,Winter 2014,0,0.0,W14,2014,20140,74,False
Chatbot,Summer 2014,0,0.0,S14,2014,20142,78,False
Chatbot,Winter 2015,0,0.0,W15,2015,20150,110,False
Chatbot,Summer 2015,0,0.0,S15,2015,20152,104,False
Chatbot,Winter 2016,0,0.0,W16,2016,20160,122,False
Chatbot,Summer 2016,0,0.0,S16,2016,20162,102,False
Chatbot,Winter 2017,0,0.0,W17,2017,20170,116,False
Chatbot,Summer 2017,0,0.0,S17,2017,20172,125,False
Chatbot,Winter 2018,0,0.0,W18,2018,20180,146,False
Chatbot,Summer 2018,2,1.527,S18,2018,20182,131,False
Chatbot,Winter 2019,1,0.515,W19,2019,20190,194,False
Chatbot,Summer 2019,0,0.0,S19,2019,20192,176,False
Chatbot,Winter 2020,0,0.0,W20,2020,20200,228,False
Chatbot,Summer 2020,1,0.478,S20,2020,20202,209,False
Chatbot,Winter 2021,1,0.298,W21,2021,20210,336,False
Chatbot,Summer 2021,1,0.256,S21,2021,20212,391,False
Chatbot,Winter 2022,1,0.251,W22,2022,20220,398,False
Chatbot,Summer 2022,0,0.0,S22,2022,20222,234,False
Chatbot,Winter 2023,1,0.365,W23,2023,20230,274,False
Chatbot,Summer 2023,1,0.455,S23,2023,20232,220,False
Chatbot,Winter 2024,0,0.0,W24,2024,20240,248,False
Chatbot,Summer 2024,0,0.0,S24,2024,20242,248,False
Chatbot,Fall 2024,0,0.0,F24,2024,20243,94,False
Chatbot,Winter 2025,0,0.0,W25,2025,20250,166,False
Chatbot,Spring 2025,0,0.0,X25,2025,20251,143,False
Chatbot,Summer 2025,0,0.0,S25,2025,20252,166,False
Chatbot,Fall 2025,0,0.0,F25,2025,20253,146,False
Chatbot,Winter 2026,0,0.0,W26,2026,20260,199,False
Chatbot,Spring 2026,0,0.0,X26,2026,20261,195,False
Chatbot,Summer 2026,0,0.0,S26,2026,20262,235,False
Chatbot,Fall 2026,0,0.0,F26,2026,20263,35,True
Chatbot,Winter 2027,0,0.0,W27,2027,20270,1,True
Chatbots,Summer 2005,0,0.0,S05,2005,20052,9,True
Chatbots,Winter 2006,0,0.0,W06,2006,20060,7,True
Chatbots,Summer 2006,0,0.0,S06,2006,20062,10,True
Chatbots,Winter 2007,0,0.0,W07,2007,20070,13,True
Chatbots,Summer 2007,0,0.0,S07,2007,20072,19,True
Chatbots,Winter 2008,0,0.0,W08,2008,20080,21,True
Chatbots,Summer 2008,0,0.0,S08,2008,20082,22,True
Chatbots,Winter 2009,0,0.0,W09,2009,20090,16,True
Chatbots,Summer 2009,0,0.0,S09,2009,20092,26,True
Chatbots,Winter 2010,0,0.0,W10,2010,20100,27,True
Chatbots,Summer 2010,0,0.0,S10,2010,20102,36,True
Chatbots,Winter 2011,0,0.0,W11,2011,20110,45,True
Chatbots,Summer 2011,0,0.0,S11,2011,20112,60,False
Chatbots,Winter 2012,0,0.0,W12,2012,20120,66,False
Chatbots,Summer 2012,0,0.0,S12,2012,20122,83,False
Chatbots,Winter 2013,0,0.0,W13,2013,20130,46,True
Chatbots,Summer 2013,0,0.0,S13,2013,20132,52,False
Chatbots,Winter 2014,0,0.0,W14,2014,20140,74,False
Chatbots,Summer 2014,0,0.0,S14,2014,20142,78,False
Chatbots,Winter 2015,0,0.0,W15,2015,20150,110,False
Chatbots,Summer 2015,0,0.0,S15,2015,20152,104,False
Chatbots,Winter 2016,1,0.82,W16,2016,20160,122,False
Chatbots,Summer 2016,0,0.0,S16,2016,20162,102,False
Chatbots,Winter 2017,1,0.862,W17,2017,20170,116,False
Chatbots,Summer 2017,0,0.0,S17,2017,20172,125,False
Chatbots,Winter 2018,0,0.0,W18,2018,20180,146,False
Chatbots,Summer 2018,0,0.0,S18,2018,20182,131,False
Chatbots,Winter 2019,0,0.0,W19,2019,20190,194,False
Chatbots,Summer 2019,0,0.0,S19,2019,20192,176,False
Chatbots,Winter 2020,0,0.0,W20,2020,20200,228,False
Chatbots,Summer 2020,0,0.0,S20,2020,20202,209,False
Chatbots,Winter 2021,0,0.0,W21,2021,20210,336,False
Chatbots,Summer 2021,0,0.0,S21,2021,20212,391,False
Chatbots,Winter 2022,0,0.0,W22,2022,20220,398,False
Chatbots,Summer 2022,0,0.0,S22,2022,20222,234,False
Chatbots,Winter 2023,0,0.0,W23,2023,20230,274,False
Chatbots,Summer 2023,0,0.0,S23,2023,20232,220,False
Chatbots,Winter 2024,1,0.403,W24,2024,20240,248,False
Chatbots,Summer 2024,0,0.0,S24,2024,20242,248,False
Chatbots,Fall 2024,0,0.0,F24,2024,20243,94,False
Chatbots,Winter 2025,0,0.0,W25,2025,20250,166,False
Chatbots,Spring 2025,0,0.0,X25,2025,20251,143,False
Chatbots,Summer 2025,0,0.0,S25,2025,20252,166,False
Chatbots,Fall 2025,0,0.0,F25,2025,20253,146,False
Chatbots,Winter 2026,0,0.0,W26,2026,20260,199,False
Chatbots,Spring 2026,0,0.0,X26,2026,20261,195,False
Chatbots,Summer 2026,0,0.0,S26,2026,20262,235,False
Chatbots,Fall 2026,0,0.0,F26,2026,20263,35,True
Chatbots,Winter 2027,0,0.0,W27,2027,20270,1,True
China,Summer 2005,0,0.0,S05,2005,20052,9,True
China,Winter 2006,0,0.0,W06,2006,20060,7,True
China,Summer 2006,0,0.0,S06,2006,20062,10,True
China,Winter 2007,0,0.0,W07,2007,20070,13,True
China,Summer 2007,0,0.0,S07,2007,20072,19,True
China,Winter 2008,0,0.0,W08,2008,20080,21,True
China,Summer 2008,0,0.0,S08,2008,20082,22,True
China,Winter 2009,0,0.0,W09,2009,20090,16,True
China,Summer 2009,0,0.0,S09,2009,20092,26,True
China,Winter 2010,0,0.0,W10,2010,20100,27,True
China,Summer 2010,0,0.0,S10,2010,20102,36,True
China,Winter 2011,0,0.0,W11,2011,20110,45,True
China,Summer 2011,0,0.0,S11,2011,20112,60,False
China,Winter 2012,0,0.0,W12,2012,20120,66,False
China,Summer 2012,0,0.0,S12,2012,20122,83,False
China,Winter 2013,0,0.0,W13,2013,20130,46,True
China,Summer 2013,0,0.0,S13,2013,20132,52,False
China,Winter 2014,0,0.0,W14,2014,20140,74,False
China,Summer 2014,0,0.0,S14,2014,20142,78,False
China,Winter 2015,0,0.0,W15,2015,20150,110,False
China,Summer 2015,1,0.962,S15,2015,20152,104,False
China,Winter 2016,0,0.0,W16,2016,20160,122,False
China,Summer 2016,0,0.0,S16,2016,20162,102,False
China,Winter 2017,1,0.862,W17,2017,20170,116,False
China,Summer 2017,0,0.0,S17,2017,20172,125,False
China,Winter 2018,0,0.0,W18,2018,20180,146,False
China,Summer 2018,1,0.763,S18,2018,20182,131,False
China,Winter 2019,0,0.0,W19,2019,20190,194,False
China,Summer 2019,0,0.0,S19,2019,20192,176,False
China,Winter 2020,0,0.0,W20,2020,20200,228,False
China,Summer 2020,0,0.0,S20,2020,20202,209,False
China,Winter 2021,0,0.0,W21,2021,20210,336,False
China,Summer 2021,0,0.0,S21,2021,20212,391,False
China,Winter 2022,0,0.0,W22,2022,20220,398,False
China,Summer 2022,0,0.0,S22,2022,20222,234,False
China,Winter 2023,0,0.0,W23,2023,20230,274,False
China,Summer 2023,0,0.0,S23,2023,20232,220,False
China,Winter 2024,0,0.0,W24,2024,20240,248,False
China,Summer 2024,0,0.0,S24,2024,20242,248,False
China,Fall 2024,0,0.0,F24,2024,20243,94,False
China,Winter 2025,0,0.0,W25,2025,20250,166,False
China,Spring 2025,0,0.0,X25,2025,20251,143,False
China,Summer 2025,0,0.0,S25,2025,20252,166,False
China,Fall 2025,0,0.0,F25,2025,20253,146,False
China,Winter 2026,0,0.0,W26,2026,20260,199,False
China,Spring 2026,0,0.0,X26,2026,20261,195,False
China,Summer 2026,0,0.0,S26,2026,20262,235,False
China,Fall 2026,0,0.0,F26,2026,20263,35,True
China,Winter 2027,0,0.0,W27,2027,20270,1,True
Civic Tech,Summer 2005,0,0.0,S05,2005,20052,9,True
Civic Tech,Winter 2006,0,0.0,W06,2006,20060,7,True
Civic Tech,Summer 2006,0,0.0,S06,2006,20062,10,True
Civic Tech,Winter 2007,0,0.0,W07,2007,20070,13,True
Civic Tech,Summer 2007,0,0.0,S07,2007,20072,19,True
Civic Tech,Winter 2008,0,0.0,W08,2008,20080,21,True
Civic Tech,Summer 2008,0,0.0,S08,2008,20082,22,True
Civic Tech,Winter 2009,0,0.0,W09,2009,20090,16,True
Civic Tech,Summer 2009,0,0.0,S09,2009,20092,26,True
Civic Tech,Winter 2010,0,0.0,W10,2010,20100,27,True
Civic Tech,Summer 2010,0,0.0,S10,2010,20102,36,True
Civic Tech,Winter 2011,0,0.0,W11,2011,20110,45,True
Civic Tech,Summer 2011,0,0.0,S11,2011,20112,60,False
Civic Tech,Winter 2012,0,0.0,W12,2012,20120,66,False
Civic Tech,Summer 2012,0,0.0,S12,2012,20122,83,False
Civic Tech,Winter 2013,0,0.0,W13,2013,20130,46,True
Civic Tech,Summer 2013,0,0.0,S13,2013,20132,52,False
Civic Tech,Winter 2014,0,0.0,W14,2014,20140,74,False
Civic Tech,Summer 2014,0,0.0,S14,2014,20142,78,False
Civic Tech,Winter 2015,1,0.909,W15,2015,20150,110,False
Civic Tech,Summer 2015,0,0.0,S15,2015,20152,104,False
Civic Tech,Winter 2016,0,0.0,W16,2016,20160,122,False
Civic Tech,Summer 2016,1,0.98,S16,2016,20162,102,False
Civic Tech,Winter 2017,1,0.862,W17,2017,20170,116,False
Civic Tech,Summer 2017,0,0.0,S17,2017,20172,125,False
Civic Tech,Winter 2018,0,0.0,W18,2018,20180,146,False
Civic Tech,Summer 2018,2,1.527,S18,2018,20182,131,False
Civic Tech,Winter 2019,0,0.0,W19,2019,20190,194,False
Civic Tech,Summer 2019,1,0.568,S19,2019,20192,176,False
Civic Tech,Winter 2020,0,0.0,W20,2020,20200,228,False
Civic Tech,Summer 2020,0,0.0,S20,2020,20202,209,False
Civic Tech,Winter 2021,0,0.0,W21,2021,20210,336,False
Civic Tech,Summer 2021,0,0.0,S21,2021,20212,391,False
Civic Tech,Winter 2022,0,0.0,W22,2022,20220,398,False
Civic Tech,Summer 2022,0,0.0,S22,2022,20222,234,False
Civic Tech,Winter 2023,0,0.0,W23,2023,20230,274,False
Civic Tech,Summer 2023,0,0.0,S23,2023,20232,220,False
Civic Tech,Winter 2024,0,0.0,W24,2024,20240,248,False
Civic Tech,Summer 2024,2,0.806,S24,2024,20242,248,False
Civic Tech,Fall 2024,0,0.0,F24,2024,20243,94,False
Civic Tech,Winter 2025,0,0.0,W25,2025,20250,166,False
Civic Tech,Spring 2025,0,0.0,X25,2025,20251,143,False
Civic Tech,Summer 2025,0,0.0,S25,2025,20252,166,False
Civic Tech,Fall 2025,0,0.0,F25,2025,20253,146,False
Civic Tech,Winter 2026,0,0.0,W26,2026,20260,199,False
Civic Tech,Spring 2026,0,0.0,X26,2026,20261,195,False
Civic Tech,Summer 2026,0,0.0,S26,2026,20262,235,False
Civic Tech,Fall 2026,0,0.0,F26,2026,20263,35,True
Civic Tech,Winter 2027,0,0.0,W27,2027,20270,1,True
Clean Meat,Summer 2005,0,0.0,S05,2005,20052,9,True
Clean Meat,Winter 2006,0,0.0,W06,2006,20060,7,True
Clean Meat,Summer 2006,0,0.0,S06,2006,20062,10,True
Clean Meat,Winter 2007,0,0.0,W07,2007,20070,13,True
Clean Meat,Summer 2007,0,0.0,S07,2007,20072,19,True
Clean Meat,Winter 2008,0,0.0,W08,2008,20080,21,True
Clean Meat,Summer 2008,0,0.0,S08,2008,20082,22,True
Clean Meat,Winter 2009,0,0.0,W09,2009,20090,16,True
Clean Meat,Summer 2009,0,0.0,S09,2009,20092,26,True
Clean Meat,Winter 2010,0,0.0,W10,2010,20100,27,True
Clean Meat,Summer 2010,0,0.0,S10,2010,20102,36,True
Clean Meat,Winter 2011,0,0.0,W11,2011,20110,45,True
Clean Meat,Summer 2011,0,0.0,S11,2011,20112,60,False
Clean Meat,Winter 2012,0,0.0,W12,2012,20120,66,False
Clean Meat,Summer 2012,0,0.0,S12,2012,20122,83,False
Clean Meat,Winter 2013,0,0.0,W13,2013,20130,46,True
Clean Meat,Summer 2013,0,0.0,S13,2013,20132,52,False
Clean Meat,Winter 2014,0,0.0,W14,2014,20140,74,False
Clean Meat,Summer 2014,0,0.0,S14,2014,20142,78,False
Clean Meat,Winter 2015,0,0.0,W15,2015,20150,110,False
Clean Meat,Summer 2015,0,0.0,S15,2015,20152,104,False
Clean Meat,Winter 2016,0,0.0,W16,2016,20160,122,False
Clean Meat,Summer 2016,0,0.0,S16,2016,20162,102,False
Clean Meat,Winter 2017,0,0.0,W17,2017,20170,116,False
Clean Meat,Summer 2017,0,0.0,S17,2017,20172,125,False
Clean Meat,Winter 2018,0,0.0,W18,2018,20180,146,False
Clean Meat,Summer 2018,0,0.0,S18,2018,20182,131,False
Clean Meat,Winter 2019,0,0.0,W19,2019,20190,194,False
Clean Meat,Summer 2019,0,0.0,S19,2019,20192,176,False
Clean Meat,Winter 2020,0,0.0,W20,2020,20200,228,False
Clean Meat,Summer 2020,0,0.0,S20,2020,20202,209,False
Clean Meat,Winter 2021,0,0.0,W21,2021,20210,336,False
Clean Meat,Summer 2021,0,0.0,S21,2021,20212,391,False
Clean Meat,Winter 2022,1,0.251,W22,2022,20220,398,False
Clean Meat,Summer 2022,0,0.0,S22,2022,20222,234,False
Clean Meat,Winter 2023,0,0.0,W23,2023,20230,274,False
Clean Meat,Summer 2023,0,0.0,S23,2023,20232,220,False
Clean Meat,Winter 2024,0,0.0,W24,2024,20240,248,False
Clean Meat,Summer 2024,0,0.0,S24,2024,20242,248,False
Clean Meat,Fall 2024,0,0.0,F24,2024,20243,94,False
Clean Meat,Winter 2025,0,0.0,W25,2025,20250,166,False
Clean Meat,Spring 2025,0,0.0,X25,2025,20251,143,False
Clean Meat,Summer 2025,0,0.0,S25,2025,20252,166,False
Clean Meat,Fall 2025,0,0.0,F25,2025,20253,146,False
Clean Meat,Winter 2026,0,0.0,W26,2026,20260,199,False
Clean Meat,Spring 2026,0,0.0,X26,2026,20261,195,False
Clean Meat,Summer 2026,0,0.0,S26,2026,20262,235,False
Clean Meat,Fall 2026,0,0.0,F26,2026,20263,35,True
Clean Meat,Winter 2027,0,0.0,W27,2027,20270,1,True
Climate,Summer 2005,0,0.0,S05,2005,20052,9,True
Climate,Winter 2006,0,0.0,W06,2006,20060,7,True
Climate,Summer 2006,0,0.0,S06,2006,20062,10,True
Climate,Winter 2007,0,0.0,W07,2007,20070,13,True
Climate,Summer 2007,0,0.0,S07,2007,20072,19,True
Climate,Winter 2008,0,0.0,W08,2008,20080,21,True
Climate,Summer 2008,1,4.545,S08,2008,20082,22,True
Climate,Winter 2009,0,0.0,W09,2009,20090,16,True
Climate,Summer 2009,0,0.0,S09,2009,20092,26,True
Climate,Winter 2010,0,0.0,W10,2010,20100,27,True
Climate,Summer 2010,0,0.0,S10,2010,20102,36,True
Climate,Winter 2011,0,0.0,W11,2011,20110,45,True
Climate,Summer 2011,0,0.0,S11,2011,20112,60,False
Climate,Winter 2012,0,0.0,W12,2012,20120,66,False
Climate,Summer 2012,0,0.0,S12,2012,20122,83,False
Climate,Winter 2013,0,0.0,W13,2013,20130,46,True
Climate,Summer 2013,0,0.0,S13,2013,20132,52,False
Climate,Winter 2014,2,2.703,W14,2014,20140,74,False
Climate,Summer 2014,2,2.564,S14,2014,20142,78,False
Climate,Winter 2015,3,2.727,W15,2015,20150,110,False
Climate,Summer 2015,4,3.846,S15,2015,20152,104,False
Climate,Winter 2016,3,2.459,W16,2016,20160,122,False
Climate,Summer 2016,3,2.941,S16,2016,20162,102,False
Climate,Winter 2017,3,2.586,W17,2017,20170,116,False
Climate,Summer 2017,6,4.8,S17,2017,20172,125,False
Climate,Winter 2018,2,1.37,W18,2018,20180,146,False
Climate,Summer 2018,4,3.053,S18,2018,20182,131,False
Climate,Winter 2019,9,4.639,W19,2019,20190,194,False
Climate,Summer 2019,4,2.273,S19,2019,20192,176,False
Climate,Winter 2020,7,3.07,W20,2020,20200,228,False
Climate,Summer 2020,7,3.349,S20,2020,20202,209,False
Climate,Winter 2021,13,3.869,W21,2021,20210,336,False
Climate,Summer 2021,19,4.859,S21,2021,20212,391,False
Climate,Winter 2022,20,5.025,W22,2022,20220,398,False
Climate,Summer 2022,7,2.991,S22,2022,20222,234,False
Climate,Winter 2023,8,2.92,W23,2023,20230,274,False
Climate,Summer 2023,5,2.273,S23,2023,20232,220,False
Climate,Winter 2024,2,0.806,W24,2024,20240,248,False
Climate,Summer 2024,6,2.419,S24,2024,20242,248,False
Climate,Fall 2024,0,0.0,F24,2024,20243,94,False
Climate,Winter 2025,0,0.0,W25,2025,20250,166,False
Climate,Spring 2025,0,0.0,X25,2025,20251,143,False
Climate,Summer 2025,0,0.0,S25,2025,20252,166,False
Climate,Fall 2025,0,0.0,F25,2025,20253,146,False
Climate,Winter 2026,0,0.0,W26,2026,20260,199,False
Climate,Spring 2026,0,0.0,X26,2026,20261,195,False
Climate,Summer 2026,1,0.426,S26,2026,20262,235,False
Climate,Fall 2026,0,0.0,F26,2026,20263,35,True
Climate,Winter 2027,0,0.0,W27,2027,20270,1,True
ClimateTech,Summer 2005,0,0.0,S05,2005,20052,9,True
ClimateTech,Winter 2006,0,0.0,W06,2006,20060,7,True
ClimateTech,Summer 2006,0,0.0,S06,2006,20062,10,True
ClimateTech,Winter 2007,0,0.0,W07,2007,20070,13,True
ClimateTech,Summer 2007,0,0.0,S07,2007,20072,19,True
ClimateTech,Winter 2008,0,0.0,W08,2008,20080,21,True
ClimateTech,Summer 2008,0,0.0,S08,2008,20082,22,True
ClimateTech,Winter 2009,0,0.0,W09,2009,20090,16,True
ClimateTech,Summer 2009,0,0.0,S09,2009,20092,26,True
ClimateTech,Winter 2010,0,0.0,W10,2010,20100,27,True
ClimateTech,Summer 2010,0,0.0,S10,2010,20102,36,True
ClimateTech,Winter 2011,0,0.0,W11,2011,20110,45,True
ClimateTech,Summer 2011,0,0.0,S11,2011,20112,60,False
ClimateTech,Winter 2012,0,0.0,W12,2012,20120,66,False
ClimateTech,Summer 2012,0,0.0,S12,2012,20122,83,False
ClimateTech,Winter 2013,0,0.0,W13,2013,20130,46,True
ClimateTech,Summer 2013,0,0.0,S13,2013,20132,52,False
ClimateTech,Winter 2014,0,0.0,W14,2014,20140,74,False
ClimateTech,Summer 2014,0,0.0,S14,2014,20142,78,False
ClimateTech,Winter 2015,0,0.0,W15,2015,20150,110,False
ClimateTech,Summer 2015,1,0.962,S15,2015,20152,104,False
ClimateTech,Winter 2016,0,0.0,W16,2016,20160,122,False
ClimateTech,Summer 2016,1,0.98,S16,2016,20162,102,False
ClimateTech,Winter 2017,1,0.862,W17,2017,20170,116,False
ClimateTech,Summer 2017,1,0.8,S17,2017,20172,125,False
ClimateTech,Winter 2018,1,0.685,W18,2018,20180,146,False
ClimateTech,Summer 2018,1,0.763,S18,2018,20182,131,False
ClimateTech,Winter 2019,1,0.515,W19,2019,20190,194,False
ClimateTech,Summer 2019,1,0.568,S19,2019,20192,176,False
ClimateTech,Winter 2020,1,0.439,W20,2020,20200,228,False
ClimateTech,Summer 2020,0,0.0,S20,2020,20202,209,False
ClimateTech,Winter 2021,2,0.595,W21,2021,20210,336,False
ClimateTech,Summer 2021,3,0.767,S21,2021,20212,391,False
ClimateTech,Winter 2022,4,1.005,W22,2022,20220,398,False
ClimateTech,Summer 2022,2,0.855,S22,2022,20222,234,False
ClimateTech,Winter 2023,4,1.46,W23,2023,20230,274,False
ClimateTech,Summer 2023,1,0.455,S23,2023,20232,220,False
ClimateTech,Winter 2024,0,0.0,W24,2024,20240,248,False
ClimateTech,Summer 2024,2,0.806,S24,2024,20242,248,False
ClimateTech,Fall 2024,0,0.0,F24,2024,20243,94,False
ClimateTech,Winter 2025,2,1.205,W25,2025,20250,166,False
ClimateTech,Spring 2025,0,0.0,X25,2025,20251,143,False
ClimateTech,Summer 2025,1,0.602,S25,2025,20252,166,False
ClimateTech,Fall 2025,0,0.0,F25,2025,20253,146,False
ClimateTech,Winter 2026,0,0.0,W26,2026,20260,199,False
ClimateTech,Spring 2026,0,0.0,X26,2026,20261,195,False
ClimateTech,Summer 2026,2,0.851,S26,2026,20262,235,False
ClimateTech,Fall 2026,0,0.0,F26,2026,20263,35,True
ClimateTech,Winter 2027,0,0.0,W27,2027,20270,1,True
Cloud Computing,Summer 2005,0,0.0,S05,2005,20052,9,True
Cloud Computing,Winter 2006,0,0.0,W06,2006,20060,7,True
Cloud Computing,Summer 2006,0,0.0,S06,2006,20062,10,True
Cloud Computing,Winter 2007,0,0.0,W07,2007,20070,13,True
Cloud Computing,Summer 2007,0,0.0,S07,2007,20072,19,True
Cloud Computing,Winter 2008,0,0.0,W08,2008,20080,21,True
Cloud Computing,Summer 2008,0,0.0,S08,2008,20082,22,True
Cloud Computing,Winter 2009,0,0.0,W09,2009,20090,16,True
Cloud Computing,Summer 2009,1,3.846,S09,2009,20092,26,True
Cloud Computing,Winter 2010,0,0.0,W10,2010,20100,27,True
Cloud Computing,Summer 2010,0,0.0,S10,2010,20102,36,True
Cloud Computing,Winter 2011,1,2.222,W11,2011,20110,45,True
Cloud Computing,Summer 2011,0,0.0,S11,2011,20112,60,False
Cloud Computing,Winter 2012,1,1.515,W12,2012,20120,66,False
Cloud Computing,Summer 2012,2,2.41,S12,2012,20122,83,False
Cloud Computing,Winter 2013,0,0.0,W13,2013,20130,46,True
Cloud Computing,Summer 2013,1,1.923,S13,2013,20132,52,False
Cloud Computing,Winter 2014,0,0.0,W14,2014,20140,74,False
Cloud Computing,Summer 2014,1,1.282,S14,2014,20142,78,False
Cloud Computing,Winter 2015,1,0.909,W15,2015,20150,110,False
Cloud Computing,Summer 2015,0,0.0,S15,2015,20152,104,False
Cloud Computing,Winter 2016,1,0.82,W16,2016,20160,122,False
Cloud Computing,Summer 2016,1,0.98,S16,2016,20162,102,False
Cloud Computing,Winter 2017,2,1.724,W17,2017,20170,116,False
Cloud Computing,Summer 2017,0,0.0,S17,2017,20172,125,False
Cloud Computing,Winter 2018,0,0.0,W18,2018,20180,146,False
Cloud Computing,Summer 2018,0,0.0,S18,2018,20182,131,False
Cloud Computing,Winter 2019,0,0.0,W19,2019,20190,194,False
Cloud Computing,Summer 2019,1,0.568,S19,2019,20192,176,False
Cloud Computing,Winter 2020,0,0.0,W20,2020,20200,228,False
Cloud Computing,Summer 2020,1,0.478,S20,2020,20202,209,False
Cloud Computing,Winter 2021,2,0.595,W21,2021,20210,336,False
Cloud Computing,Summer 2021,1,0.256,S21,2021,20212,391,False
Cloud Computing,Winter 2022,5,1.256,W22,2022,20220,398,False
Cloud Computing,Summer 2022,2,0.855,S22,2022,20222,234,False
Cloud Computing,Winter 2023,4,1.46,W23,2023,20230,274,False
Cloud Computing,Summer 2023,1,0.455,S23,2023,20232,220,False
Cloud Computing,Winter 2024,2,0.806,W24,2024,20240,248,False
Cloud Computing,Summer 2024,6,2.419,S24,2024,20242,248,False
Cloud Computing,Fall 2024,0,0.0,F24,2024,20243,94,False
Cloud Computing,Winter 2025,2,1.205,W25,2025,20250,166,False
Cloud Computing,Spring 2025,3,2.098,X25,2025,20251,143,False
Cloud Computing,Summer 2025,3,1.807,S25,2025,20252,166,False
Cloud Computing,Fall 2025,0,0.0,F25,2025,20253,146,False
Cloud Computing,Winter 2026,0,0.0,W26,2026,20260,199,False
Cloud Computing,Spring 2026,1,0.513,X26,2026,20261,195,False
Cloud Computing,Summer 2026,4,1.702,S26,2026,20262,235,False
Cloud Computing,Fall 2026,2,5.714,F26,2026,20263,35,True
Cloud Computing,Winter 2027,0,0.0,W27,2027,20270,1,True
Cloud Gaming,Summer 2005,0,0.0,S05,2005,20052,9,True
Cloud Gaming,Winter 2006,0,0.0,W06,2006,20060,7,True
Cloud Gaming,Summer 2006,0,0.0,S06,2006,20062,10,True
Cloud Gaming,Winter 2007,0,0.0,W07,2007,20070,13,True
Cloud Gaming,Summer 2007,0,0.0,S07,2007,20072,19,True
Cloud Gaming,Winter 2008,0,0.0,W08,2008,20080,21,True
Cloud Gaming,Summer 2008,0,0.0,S08,2008,20082,22,True
Cloud Gaming,Winter 2009,0,0.0,W09,2009,20090,16,True
Cloud Gaming,Summer 2009,0,0.0,S09,2009,20092,26,True
Cloud Gaming,Winter 2010,0,0.0,W10,2010,20100,27,True
Cloud Gaming,Summer 2010,0,0.0,S10,2010,20102,36,True
Cloud Gaming,Winter 2011,0,0.0,W11,2011,20110,45,True
Cloud Gaming,Summer 2011,0,0.0,S11,2011,20112,60,False
Cloud Gaming,Winter 2012,0,0.0,W12,2012,20120,66,False
Cloud Gaming,Summer 2012,0,0.0,S12,2012,20122,83,False
Cloud Gaming,Winter 2013,0,0.0,W13,2013,20130,46,True
Cloud Gaming,Summer 2013,0,0.0,S13,2013,20132,52,False
Cloud Gaming,Winter 2014,0,0.0,W14,2014,20140,74,False
Cloud Gaming,Summer 2014,0,0.0,S14,2014,20142,78,False
Cloud Gaming,Winter 2015,0,0.0,W15,2015,20150,110,False
Cloud Gaming,Summer 2015,1,0.962,S15,2015,20152,104,False
Cloud Gaming,Winter 2016,0,0.0,W16,2016,20160,122,False
Cloud Gaming,Summer 2016,0,0.0,S16,2016,20162,102,False
Cloud Gaming,Winter 2017,0,0.0,W17,2017,20170,116,False
Cloud Gaming,Summer 2017,0,0.0,S17,2017,20172,125,False
Cloud Gaming,Winter 2018,0,0.0,W18,2018,20180,146,False
Cloud Gaming,Summer 2018,0,0.0,S18,2018,20182,131,False
Cloud Gaming,Winter 2019,0,0.0,W19,2019,20190,194,False
Cloud Gaming,Summer 2019,0,0.0,S19,2019,20192,176,False
Cloud Gaming,Winter 2020,0,0.0,W20,2020,20200,228,False
Cloud Gaming,Summer 2020,1,0.478,S20,2020,20202,209,False
Cloud Gaming,Winter 2021,0,0.0,W21,2021,20210,336,False
Cloud Gaming,Summer 2021,0,0.0,S21,2021,20212,391,False
Cloud Gaming,Winter 2022,0,0.0,W22,2022,20220,398,False
Cloud Gaming,Summer 2022,0,0.0,S22,2022,20222,234,False
Cloud Gaming,Winter 2023,0,0.0,W23,2023,20230,274,False
Cloud Gaming,Summer 2023,0,0.0,S23,2023,20232,220,False
Cloud Gaming,Winter 2024,0,0.0,W24,2024,20240,248,False
Cloud Gaming,Summer 2024,0,0.0,S24,2024,20242,248,False
Cloud Gaming,Fall 2024,0,0.0,F24,2024,20243,94,False
Cloud Gaming,Winter 2025,0,0.0,W25,2025,20250,166,False
Cloud Gaming,Spring 2025,0,0.0,X25,2025,20251,143,False
Cloud Gaming,Summer 2025,0,0.0,S25,2025,20252,166,False
Cloud Gaming,Fall 2025,0,0.0,F25,2025,20253,146,False
Cloud Gaming,Winter 2026,0,0.0,W26,2026,20260,199,False
Cloud Gaming,Spring 2026,0,0.0,X26,2026,20261,195,False
Cloud Gaming,Summer 2026,0,0.0,S26,2026,20262,235,False
Cloud Gaming,Fall 2026,0,0.0,F26,2026,20263,35,True
Cloud Gaming,Winter 2027,0,0.0,W27,2027,20270,1,True
Cloud Workload Protection,Summer 2005,0,0.0,S05,2005,20052,9,True
Cloud Workload Protection,Winter 2006,0,0.0,W06,2006,20060,7,True
Cloud Workload Protection,Summer 2006,0,0.0,S06,2006,20062,10,True
Cloud Workload Protection,Winter 2007,0,0.0,W07,2007,20070,13,True
Cloud Workload Protection,Summer 2007,0,0.0,S07,2007,20072,19,True
Cloud Workload Protection,Winter 2008,0,0.0,W08,2008,20080,21,True
Cloud Workload Protection,Summer 2008,0,0.0,S08,2008,20082,22,True
Cloud Workload Protection,Winter 2009,0,0.0,W09,2009,20090,16,True
Cloud Workload Protection,Summer 2009,0,0.0,S09,2009,20092,26,True
Cloud Workload Protection,Winter 2010,0,0.0,W10,2010,20100,27,True
Cloud Workload Protection,Summer 2010,0,0.0,S10,2010,20102,36,True
Cloud Workload Protection,Winter 2011,0,0.0,W11,2011,20110,45,True
Cloud Workload Protection,Summer 2011,1,1.667,S11,2011,20112,60,False
Cloud Workload Protection,Winter 2012,0,0.0,W12,2012,20120,66,False
Cloud Workload Protection,Summer 2012,0,0.0,S12,2012,20122,83,False
Cloud Workload Protection,Winter 2013,0,0.0,W13,2013,20130,46,True
Cloud Workload Protection,Summer 2013,0,0.0,S13,2013,20132,52,False
Cloud Workload Protection,Winter 2014,0,0.0,W14,2014,20140,74,False
Cloud Workload Protection,Summer 2014,0,0.0,S14,2014,20142,78,False
Cloud Workload Protection,Winter 2015,0,0.0,W15,2015,20150,110,False
Cloud Workload Protection,Summer 2015,0,0.0,S15,2015,20152,104,False
Cloud Workload Protection,Winter 2016,0,0.0,W16,2016,20160,122,False
Cloud Workload Protection,Summer 2016,0,0.0,S16,2016,20162,102,False
Cloud Workload Protection,Winter 2017,0,0.0,W17,2017,20170,116,False
Cloud Workload Protection,Summer 2017,0,0.0,S17,2017,20172,125,False
Cloud Workload Protection,Winter 2018,1,0.685,W18,2018,20180,146,False
Cloud Workload Protection,Summer 2018,0,0.0,S18,2018,20182,131,False
Cloud Workload Protection,Winter 2019,0,0.0,W19,2019,20190,194,False
Cloud Workload Protection,Summer 2019,0,0.0,S19,2019,20192,176,False
Cloud Workload Protection,Winter 2020,1,0.439,W20,2020,20200,228,False
Cloud Workload Protection,Summer 2020,0,0.0,S20,2020,20202,209,False
Cloud Workload Protection,Winter 2021,1,0.298,W21,2021,20210,336,False
Cloud Workload Protection,Summer 2021,1,0.256,S21,2021,20212,391,False
Cloud Workload Protection,Winter 2022,0,0.0,W22,2022,20220,398,False
Cloud Workload Protection,Summer 2022,0,0.0,S22,2022,20222,234,False
Cloud Workload Protection,Winter 2023,0,0.0,W23,2023,20230,274,False
Cloud Workload Protection,Summer 2023,0,0.0,S23,2023,20232,220,False
Cloud Workload Protection,Winter 2024,0,0.0,W24,2024,20240,248,False
Cloud Workload Protection,Summer 2024,0,0.0,S24,2024,20242,248,False
Cloud Workload Protection,Fall 2024,0,0.0,F24,2024,20243,94,False
Cloud Workload Protection,Winter 2025,0,0.0,W25,2025,20250,166,False
Cloud Workload Protection,Spring 2025,0,0.0,X25,2025,20251,143,False
Cloud Workload Protection,Summer 2025,0,0.0,S25,2025,20252,166,False
Cloud Workload Protection,Fall 2025,0,0.0,F25,2025,20253,146,False
Cloud Workload Protection,Winter 2026,0,0.0,W26,2026,20260,199,False
Cloud Workload Protection,Spring 2026,0,0.0,X26,2026,20261,195,False
Cloud Workload Protection,Summer 2026,0,0.0,S26,2026,20262,235,False
Cloud Workload Protection,Fall 2026,0,0.0,F26,2026,20263,35,True
Cloud Workload Protection,Winter 2027,0,0.0,W27,2027,20270,1,True
Coding Bootcamps,Summer 2005,0,0.0,S05,2005,20052,9,True
Coding Bootcamps,Winter 2006,0,0.0,W06,2006,20060,7,True
Coding Bootcamps,Summer 2006,0,0.0,S06,2006,20062,10,True
Coding Bootcamps,Winter 2007,0,0.0,W07,2007,20070,13,True
Coding Bootcamps,Summer 2007,0,0.0,S07,2007,20072,19,True
Coding Bootcamps,Winter 2008,0,0.0,W08,2008,20080,21,True
Coding Bootcamps,Summer 2008,0,0.0,S08,2008,20082,22,True
Coding Bootcamps,Winter 2009,0,0.0,W09,2009,20090,16,True
Coding Bootcamps,Summer 2009,0,0.0,S09,2009,20092,26,True
Coding Bootcamps,Winter 2010,0,0.0,W10,2010,20100,27,True
Coding Bootcamps,Summer 2010,0,0.0,S10,2010,20102,36,True
Coding Bootcamps,Winter 2011,0,0.0,W11,2011,20110,45,True
Coding Bootcamps,Summer 2011,0,0.0,S11,2011,20112,60,False
Coding Bootcamps,Winter 2012,1,1.515,W12,2012,20120,66,False
Coding Bootcamps,Summer 2012,1,1.205,S12,2012,20122,83,False
Coding Bootcamps,Winter 2013,0,0.0,W13,2013,20130,46,True
Coding Bootcamps,Summer 2013,0,0.0,S13,2013,20132,52,False
Coding Bootcamps,Winter 2014,0,0.0,W14,2014,20140,74,False
Coding Bootcamps,Summer 2014,0,0.0,S14,2014,20142,78,False
Coding Bootcamps,Winter 2015,0,0.0,W15,2015,20150,110,False
Coding Bootcamps,Summer 2015,0,0.0,S15,2015,20152,104,False
Coding Bootcamps,Winter 2016,0,0.0,W16,2016,20160,122,False
Coding Bootcamps,Summer 2016,0,0.0,S16,2016,20162,102,False
Coding Bootcamps,Winter 2017,0,0.0,W17,2017,20170,116,False
Coding Bootcamps,Summer 2017,0,0.0,S17,2017,20172,125,False
Coding Bootcamps,Winter 2018,0,0.0,W18,2018,20180,146,False
Coding Bootcamps,Summer 2018,0,0.0,S18,2018,20182,131,False
Coding Bootcamps,Winter 2019,0,0.0,W19,2019,20190,194,False
Coding Bootcamps,Summer 2019,0,0.0,S19,2019,20192,176,False
Coding Bootcamps,Winter 2020,0,0.0,W20,2020,20200,228,False
Coding Bootcamps,Summer 2020,0,0.0,S20,2020,20202,209,False
Coding Bootcamps,Winter 2021,0,0.0,W21,2021,20210,336,False
Coding Bootcamps,Summer 2021,0,0.0,S21,2021,20212,391,False
Coding Bootcamps,Winter 2022,0,0.0,W22,2022,20220,398,False
Coding Bootcamps,Summer 2022,0,0.0,S22,2022,20222,234,False
Coding Bootcamps,Winter 2023,0,0.0,W23,2023,20230,274,False
Coding Bootcamps,Summer 2023,0,0.0,S23,2023,20232,220,False
Coding Bootcamps,Winter 2024,0,0.0,W24,2024,20240,248,False
Coding Bootcamps,Summer 2024,0,0.0,S24,2024,20242,248,False
Coding Bootcamps,Fall 2024,0,0.0,F24,2024,20243,94,False
Coding Bootcamps,Winter 2025,0,0.0,W25,2025,20250,166,False
Coding Bootcamps,Spring 2025,0,0.0,X25,2025,20251,143,False
Coding Bootcamps,Summer 2025,0,0.0,S25,2025,20252,166,False
Coding Bootcamps,Fall 2025,0,0.0,F25,2025,20253,146,False
Coding Bootcamps,Winter 2026,0,0.0,W26,2026,20260,199,False
Coding Bootcamps,Spring 2026,0,0.0,X26,2026,20261,195,False
Coding Bootcamps,Summer 2026,0,0.0,S26,2026,20262,235,False
Coding Bootcamps,Fall 2026,0,0.0,F26,2026,20263,35,True
Coding Bootcamps,Winter 2027,0,0.0,W27,2027,20270,1,True
Collaboration,Summer 2005,0,0.0,S05,2005,20052,9,True
Collaboration,Winter 2006,0,0.0,W06,2006,20060,7,True
Collaboration,Summer 2006,1,10.0,S06,2006,20062,10,True
Collaboration,Winter 2007,0,0.0,W07,2007,20070,13,True
Collaboration,Summer 2007,0,0.0,S07,2007,20072,19,True
Collaboration,Winter 2008,0,0.0,W08,2008,20080,21,True
Collaboration,Summer 2008,0,0.0,S08,2008,20082,22,True
Collaboration,Winter 2009,0,0.0,W09,2009,20090,16,True
Collaboration,Summer 2009,0,0.0,S09,2009,20092,26,True
Collaboration,Winter 2010,0,0.0,W10,2010,20100,27,True
Collaboration,Summer 2010,1,2.778,S10,2010,20102,36,True
Collaboration,Winter 2011,1,2.222,W11,2011,20110,45,True
Collaboration,Summer 2011,2,3.333,S11,2011,20112,60,False
Collaboration,Winter 2012,3,4.545,W12,2012,20120,66,False
Collaboration,Summer 2012,1,1.205,S12,2012,20122,83,False
Collaboration,Winter 2013,1,2.174,W13,2013,20130,46,True
Collaboration,Summer 2013,1,1.923,S13,2013,20132,52,False
Collaboration,Winter 2014,0,0.0,W14,2014,20140,74,False
Collaboration,Summer 2014,0,0.0,S14,2014,20142,78,False
Collaboration,Winter 2015,2,1.818,W15,2015,20150,110,False
Collaboration,Summer 2015,1,0.962,S15,2015,20152,104,False
Collaboration,Winter 2016,0,0.0,W16,2016,20160,122,False
Collaboration,Summer 2016,0,0.0,S16,2016,20162,102,False
Collaboration,Winter 2017,0,0.0,W17,2017,20170,116,False
Collaboration,Summer 2017,0,0.0,S17,2017,20172,125,False
Collaboration,Winter 2018,4,2.74,W18,2018,20180,146,False
Collaboration,Summer 2018,0,0.0,S18,2018,20182,131,False
Collaboration,Winter 2019,3,1.546,W19,2019,20190,194,False
Collaboration,Summer 2019,4,2.273,S19,2019,20192,176,False
Collaboration,Winter 2020,0,0.0,W20,2020,20200,228,False
Collaboration,Summer 2020,1,0.478,S20,2020,20202,209,False
Collaboration,Winter 2021,2,0.595,W21,2021,20210,336,False
Collaboration,Summer 2021,3,0.767,S21,2021,20212,391,False
Collaboration,Winter 2022,4,1.005,W22,2022,20220,398,False
Collaboration,Summer 2022,2,0.855,S22,2022,20222,234,False
Collaboration,Winter 2023,5,1.825,W23,2023,20230,274,False
Collaboration,Summer 2023,0,0.0,S23,2023,20232,220,False
Collaboration,Winter 2024,1,0.403,W24,2024,20240,248,False
Collaboration,Summer 2024,1,0.403,S24,2024,20242,248,False
Collaboration,Fall 2024,0,0.0,F24,2024,20243,94,False
Collaboration,Winter 2025,0,0.0,W25,2025,20250,166,False
Collaboration,Spring 2025,0,0.0,X25,2025,20251,143,False
Collaboration,Summer 2025,0,0.0,S25,2025,20252,166,False
Collaboration,Fall 2025,0,0.0,F25,2025,20253,146,False
Collaboration,Winter 2026,0,0.0,W26,2026,20260,199,False
Collaboration,Spring 2026,0,0.0,X26,2026,20261,195,False
Collaboration,Summer 2026,0,0.0,S26,2026,20262,235,False
Collaboration,Fall 2026,0,0.0,F26,2026,20263,35,True
Collaboration,Winter 2027,0,0.0,W27,2027,20270,1,True
Commercial Space Launch,Summer 2005,0,0.0,S05,2005,20052,9,True
Commercial Space Launch,Winter 2006,0,0.0,W06,2006,20060,7,True
Commercial Space Launch,Summer 2006,0,0.0,S06,2006,20062,10,True
Commercial Space Launch,Winter 2007,0,0.0,W07,2007,20070,13,True
Commercial Space Launch,Summer 2007,0,0.0,S07,2007,20072,19,True
Commercial Space Launch,Winter 2008,0,0.0,W08,2008,20080,21,True
Commercial Space Launch,Summer 2008,0,0.0,S08,2008,20082,22,True
Commercial Space Launch,Winter 2009,0,0.0,W09,2009,20090,16,True
Commercial Space Launch,Summer 2009,0,0.0,S09,2009,20092,26,True
Commercial Space Launch,Winter 2010,0,0.0,W10,2010,20100,27,True
Commercial Space Launch,Summer 2010,0,0.0,S10,2010,20102,36,True
Commercial Space Launch,Winter 2011,0,0.0,W11,2011,20110,45,True
Commercial Space Launch,Summer 2011,0,0.0,S11,2011,20112,60,False
Commercial Space Launch,Winter 2012,0,0.0,W12,2012,20120,66,False
Commercial Space Launch,Summer 2012,0,0.0,S12,2012,20122,83,False
Commercial Space Launch,Winter 2013,0,0.0,W13,2013,20130,46,True
Commercial Space Launch,Summer 2013,0,0.0,S13,2013,20132,52,False
Commercial Space Launch,Winter 2014,0,0.0,W14,2014,20140,74,False
Commercial Space Launch,Summer 2014,0,0.0,S14,2014,20142,78,False
Commercial Space Launch,Winter 2015,0,0.0,W15,2015,20150,110,False
Commercial Space Launch,Summer 2015,0,0.0,S15,2015,20152,104,False
Commercial Space Launch,Winter 2016,0,0.0,W16,2016,20160,122,False
Commercial Space Launch,Summer 2016,0,0.0,S16,2016,20162,102,False
Commercial Space Launch,Winter 2017,0,0.0,W17,2017,20170,116,False
Commercial Space Launch,Summer 2017,0,0.0,S17,2017,20172,125,False
Commercial Space Launch,Winter 2018,0,0.0,W18,2018,20180,146,False
Commercial Space Launch,Summer 2018,1,0.763,S18,2018,20182,131,False
Commercial Space Launch,Winter 2019,1,0.515,W19,2019,20190,194,False
Commercial Space Launch,Summer 2019,1,0.568,S19,2019,20192,176,False
Commercial Space Launch,Winter 2020,1,0.439,W20,2020,20200,228,False
Commercial Space Launch,Summer 2020,0,0.0,S20,2020,20202,209,False
Commercial Space Launch,Winter 2021,0,0.0,W21,2021,20210,336,False
Commercial Space Launch,Summer 2021,1,0.256,S21,2021,20212,391,False
Commercial Space Launch,Winter 2022,0,0.0,W22,2022,20220,398,False
Commercial Space Launch,Summer 2022,1,0.427,S22,2022,20222,234,False
Commercial Space Launch,Winter 2023,0,0.0,W23,2023,20230,274,False
Commercial Space Launch,Summer 2023,0,0.0,S23,2023,20232,220,False
Commercial Space Launch,Winter 2024,0,0.0,W24,2024,20240,248,False
Commercial Space Launch,Summer 2024,0,0.0,S24,2024,20242,248,False
Commercial Space Launch,Fall 2024,0,0.0,F24,2024,20243,94,False
Commercial Space Launch,Winter 2025,0,0.0,W25,2025,20250,166,False
Commercial Space Launch,Spring 2025,0,0.0,X25,2025,20251,143,False
Commercial Space Launch,Summer 2025,0,0.0,S25,2025,20252,166,False
Commercial Space Launch,Fall 2025,0,0.0,F25,2025,20253,146,False
Commercial Space Launch,Winter 2026,0,0.0,W26,2026,20260,199,False
Commercial Space Launch,Spring 2026,0,0.0,X26,2026,20261,195,False
Commercial Space Launch,Summer 2026,0,0.0,S26,2026,20262,235,False
Commercial Space Launch,Fall 2026,0,0.0,F26,2026,20263,35,True
Commercial Space Launch,Winter 2027,0,0.0,W27,2027,20270,1,True
Community,Summer 2005,1,11.111,S05,2005,20052,9,True
Community,Winter 2006,0,0.0,W06,2006,20060,7,True
Community,Summer 2006,0,0.0,S06,2006,20062,10,True
Community,Winter 2007,2,15.385,W07,2007,20070,13,True
Community,Summer 2007,1,5.263,S07,2007,20072,19,True
Community,Winter 2008,0,0.0,W08,2008,20080,21,True
Community,Summer 2008,0,0.0,S08,2008,20082,22,True
Community,Winter 2009,0,0.0,W09,2009,20090,16,True
Community,Summer 2009,0,0.0,S09,2009,20092,26,True
Community,Winter 2010,0,0.0,W10,2010,20100,27,True
Community,Summer 2010,2,5.556,S10,2010,20102,36,True
Community,Winter 2011,1,2.222,W11,2011,20110,45,True
Community,Summer 2011,0,0.0,S11,2011,20112,60,False
Community,Winter 2012,0,0.0,W12,2012,20120,66,False
Community,Summer 2012,1,1.205,S12,2012,20122,83,False
Community,Winter 2013,0,0.0,W13,2013,20130,46,True
Community,Summer 2013,0,0.0,S13,2013,20132,52,False
Community,Winter 2014,1,1.351,W14,2014,20140,74,False
Community,Summer 2014,2,2.564,S14,2014,20142,78,False
Community,Winter 2015,0,0.0,W15,2015,20150,110,False
Community,Summer 2015,1,0.962,S15,2015,20152,104,False
Community,Winter 2016,3,2.459,W16,2016,20160,122,False
Community,Summer 2016,1,0.98,S16,2016,20162,102,False
Community,Winter 2017,1,0.862,W17,2017,20170,116,False
Community,Summer 2017,0,0.0,S17,2017,20172,125,False
Community,Winter 2018,3,2.055,W18,2018,20180,146,False
Community,Summer 2018,0,0.0,S18,2018,20182,131,False
Community,Winter 2019,5,2.577,W19,2019,20190,194,False
Community,Summer 2019,3,1.705,S19,2019,20192,176,False
Community,Winter 2020,4,1.754,W20,2020,20200,228,False
Community,Summer 2020,1,0.478,S20,2020,20202,209,False
Community,Winter 2021,7,2.083,W21,2021,20210,336,False
Community,Summer 2021,12,3.069,S21,2021,20212,391,False
Community,Winter 2022,3,0.754,W22,2022,20220,398,False
Community,Summer 2022,2,0.855,S22,2022,20222,234,False
Community,Winter 2023,0,0.0,W23,2023,20230,274,False
Community,Summer 2023,0,0.0,S23,2023,20232,220,False
Community,Winter 2024,0,0.0,W24,2024,20240,248,False
Community,Summer 2024,0,0.0,S24,2024,20242,248,False
Community,Fall 2024,0,0.0,F24,2024,20243,94,False
Community,Winter 2025,1,0.602,W25,2025,20250,166,False
Community,Spring 2025,0,0.0,X25,2025,20251,143,False
Community,Summer 2025,0,0.0,S25,2025,20252,166,False
Community,Fall 2025,0,0.0,F25,2025,20253,146,False
Community,Winter 2026,0,0.0,W26,2026,20260,199,False
Community,Spring 2026,0,0.0,X26,2026,20261,195,False
Community,Summer 2026,0,0.0,S26,2026,20262,235,False
Community,Fall 2026,0,0.0,F26,2026,20263,35,True
Community,Winter 2027,0,0.0,W27,2027,20270,1,True
Compliance,Summer 2005,0,0.0,S05,2005,20052,9,True
Compliance,Winter 2006,0,0.0,W06,2006,20060,7,True
Compliance,Summer 2006,0,0.0,S06,2006,20062,10,True
Compliance,Winter 2007,0,0.0,W07,2007,20070,13,True
Compliance,Summer 2007,0,0.0,S07,2007,20072,19,True
Compliance,Winter 2008,0,0.0,W08,2008,20080,21,True
Compliance,Summer 2008,0,0.0,S08,2008,20082,22,True
Compliance,Winter 2009,0,0.0,W09,2009,20090,16,True
Compliance,Summer 2009,0,0.0,S09,2009,20092,26,True
Compliance,Winter 2010,0,0.0,W10,2010,20100,27,True
Compliance,Summer 2010,0,0.0,S10,2010,20102,36,True
Compliance,Winter 2011,0,0.0,W11,2011,20110,45,True
Compliance,Summer 2011,0,0.0,S11,2011,20112,60,False
Compliance,Winter 2012,0,0.0,W12,2012,20120,66,False
Compliance,Summer 2012,0,0.0,S12,2012,20122,83,False
Compliance,Winter 2013,0,0.0,W13,2013,20130,46,True
Compliance,Summer 2013,0,0.0,S13,2013,20132,52,False
Compliance,Winter 2014,0,0.0,W14,2014,20140,74,False
Compliance,Summer 2014,1,1.282,S14,2014,20142,78,False
Compliance,Winter 2015,0,0.0,W15,2015,20150,110,False
Compliance,Summer 2015,1,0.962,S15,2015,20152,104,False
Compliance,Winter 2016,1,0.82,W16,2016,20160,122,False
Compliance,Summer 2016,0,0.0,S16,2016,20162,102,False
Compliance,Winter 2017,1,0.862,W17,2017,20170,116,False
Compliance,Summer 2017,0,0.0,S17,2017,20172,125,False
Compliance,Winter 2018,1,0.685,W18,2018,20180,146,False
Compliance,Summer 2018,0,0.0,S18,2018,20182,131,False
Compliance,Winter 2019,1,0.515,W19,2019,20190,194,False
Compliance,Summer 2019,1,0.568,S19,2019,20192,176,False
Compliance,Winter 2020,2,0.877,W20,2020,20200,228,False
Compliance,Summer 2020,2,0.957,S20,2020,20202,209,False
Compliance,Winter 2021,4,1.19,W21,2021,20210,336,False
Compliance,Summer 2021,2,0.512,S21,2021,20212,391,False
Compliance,Winter 2022,7,1.759,W22,2022,20220,398,False
Compliance,Summer 2022,8,3.419,S22,2022,20222,234,False
Compliance,Winter 2023,6,2.19,W23,2023,20230,274,False
Compliance,Summer 2023,6,2.727,S23,2023,20232,220,False
Compliance,Winter 2024,6,2.419,W24,2024,20240,248,False
Compliance,Summer 2024,4,1.613,S24,2024,20242,248,False
Compliance,Fall 2024,2,2.128,F24,2024,20243,94,False
Compliance,Winter 2025,5,3.012,W25,2025,20250,166,False
Compliance,Spring 2025,3,2.098,X25,2025,20251,143,False
Compliance,Summer 2025,1,0.602,S25,2025,20252,166,False
Compliance,Fall 2025,5,3.425,F25,2025,20253,146,False
Compliance,Winter 2026,2,1.005,W26,2026,20260,199,False
Compliance,Spring 2026,1,0.513,X26,2026,20261,195,False
Compliance,Summer 2026,1,0.426,S26,2026,20262,235,False
Compliance,Fall 2026,0,0.0,F26,2026,20263,35,True
Compliance,Winter 2027,0,0.0,W27,2027,20270,1,True
Computational Storage,Summer 2005,0,0.0,S05,2005,20052,9,True
Computational Storage,Winter 2006,0,0.0,W06,2006,20060,7,True
Computational Storage,Summer 2006,0,0.0,S06,2006,20062,10,True
Computational Storage,Winter 2007,0,0.0,W07,2007,20070,13,True
Computational Storage,Summer 2007,0,0.0,S07,2007,20072,19,True
Computational Storage,Winter 2008,0,0.0,W08,2008,20080,21,True
Computational Storage,Summer 2008,0,0.0,S08,2008,20082,22,True
Computational Storage,Winter 2009,0,0.0,W09,2009,20090,16,True
Computational Storage,Summer 2009,0,0.0,S09,2009,20092,26,True
Computational Storage,Winter 2010,0,0.0,W10,2010,20100,27,True
Computational Storage,Summer 2010,0,0.0,S10,2010,20102,36,True
Computational Storage,Winter 2011,0,0.0,W11,2011,20110,45,True
Computational Storage,Summer 2011,0,0.0,S11,2011,20112,60,False
Computational Storage,Winter 2012,0,0.0,W12,2012,20120,66,False
Computational Storage,Summer 2012,0,0.0,S12,2012,20122,83,False
Computational Storage,Winter 2013,0,0.0,W13,2013,20130,46,True
Computational Storage,Summer 2013,0,0.0,S13,2013,20132,52,False
Computational Storage,Winter 2014,0,0.0,W14,2014,20140,74,False
Computational Storage,Summer 2014,0,0.0,S14,2014,20142,78,False
Computational Storage,Winter 2015,0,0.0,W15,2015,20150,110,False
Computational Storage,Summer 2015,0,0.0,S15,2015,20152,104,False
Computational Storage,Winter 2016,0,0.0,W16,2016,20160,122,False
Computational Storage,Summer 2016,0,0.0,S16,2016,20162,102,False
Computational Storage,Winter 2017,0,0.0,W17,2017,20170,116,False
Computational Storage,Summer 2017,0,0.0,S17,2017,20172,125,False
Computational Storage,Winter 2018,0,0.0,W18,2018,20180,146,False
Computational Storage,Summer 2018,1,0.763,S18,2018,20182,131,False
Computational Storage,Winter 2019,0,0.0,W19,2019,20190,194,False
Computational Storage,Summer 2019,0,0.0,S19,2019,20192,176,False
Computational Storage,Winter 2020,0,0.0,W20,2020,20200,228,False
Computational Storage,Summer 2020,0,0.0,S20,2020,20202,209,False
Computational Storage,Winter 2021,0,0.0,W21,2021,20210,336,False
Computational Storage,Summer 2021,0,0.0,S21,2021,20212,391,False
Computational Storage,Winter 2022,0,0.0,W22,2022,20220,398,False
Computational Storage,Summer 2022,0,0.0,S22,2022,20222,234,False
Computational Storage,Winter 2023,0,0.0,W23,2023,20230,274,False
Computational Storage,Summer 2023,0,0.0,S23,2023,20232,220,False
Computational Storage,Winter 2024,0,0.0,W24,2024,20240,248,False
Computational Storage,Summer 2024,0,0.0,S24,2024,20242,248,False
Computational Storage,Fall 2024,0,0.0,F24,2024,20243,94,False
Computational Storage,Winter 2025,0,0.0,W25,2025,20250,166,False
Computational Storage,Spring 2025,0,0.0,X25,2025,20251,143,False
Computational Storage,Summer 2025,0,0.0,S25,2025,20252,166,False
Computational Storage,Fall 2025,0,0.0,F25,2025,20253,146,False
Computational Storage,Winter 2026,0,0.0,W26,2026,20260,199,False
Computational Storage,Spring 2026,0,0.0,X26,2026,20261,195,False
Computational Storage,Summer 2026,0,0.0,S26,2026,20262,235,False
Computational Storage,Fall 2026,0,0.0,F26,2026,20263,35,True
Computational Storage,Winter 2027,0,0.0,W27,2027,20270,1,True
Computer Vision,Summer 2005,0,0.0,S05,2005,20052,9,True
Computer Vision,Winter 2006,0,0.0,W06,2006,20060,7,True
Computer Vision,Summer 2006,0,0.0,S06,2006,20062,10,True
Computer Vision,Winter 2007,0,0.0,W07,2007,20070,13,True
Computer Vision,Summer 2007,0,0.0,S07,2007,20072,19,True
Computer Vision,Winter 2008,0,0.0,W08,2008,20080,21,True
Computer Vision,Summer 2008,0,0.0,S08,2008,20082,22,True
Computer Vision,Winter 2009,0,0.0,W09,2009,20090,16,True
Computer Vision,Summer 2009,0,0.0,S09,2009,20092,26,True
Computer Vision,Winter 2010,0,0.0,W10,2010,20100,27,True
Computer Vision,Summer 2010,1,2.778,S10,2010,20102,36,True
Computer Vision,Winter 2011,1,2.222,W11,2011,20110,45,True
Computer Vision,Summer 2011,0,0.0,S11,2011,20112,60,False
Computer Vision,Winter 2012,2,3.03,W12,2012,20120,66,False
Computer Vision,Summer 2012,0,0.0,S12,2012,20122,83,False
Computer Vision,Winter 2013,0,0.0,W13,2013,20130,46,True
Computer Vision,Summer 2013,0,0.0,S13,2013,20132,52,False
Computer Vision,Winter 2014,0,0.0,W14,2014,20140,74,False
Computer Vision,Summer 2014,1,1.282,S14,2014,20142,78,False
Computer Vision,Winter 2015,3,2.727,W15,2015,20150,110,False
Computer Vision,Summer 2015,3,2.885,S15,2015,20152,104,False
Computer Vision,Winter 2016,2,1.639,W16,2016,20160,122,False
Computer Vision,Summer 2016,2,1.961,S16,2016,20162,102,False
Computer Vision,Winter 2017,3,2.586,W17,2017,20170,116,False
Computer Vision,Summer 2017,1,0.8,S17,2017,20172,125,False
Computer Vision,Winter 2018,1,0.685,W18,2018,20180,146,False
Computer Vision,Summer 2018,2,1.527,S18,2018,20182,131,False
Computer Vision,Winter 2019,4,2.062,W19,2019,20190,194,False
Computer Vision,Summer 2019,1,0.568,S19,2019,20192,176,False
Computer Vision,Winter 2020,2,0.877,W20,2020,20200,228,False
Computer Vision,Summer 2020,4,1.914,S20,2020,20202,209,False
Computer Vision,Winter 2021,4,1.19,W21,2021,20210,336,False
Computer Vision,Summer 2021,5,1.279,S21,2021,20212,391,False
Computer Vision,Winter 2022,1,0.251,W22,2022,20220,398,False
Computer Vision,Summer 2022,3,1.282,S22,2022,20222,234,False
Computer Vision,Winter 2023,3,1.095,W23,2023,20230,274,False
Computer Vision,Summer 2023,3,1.364,S23,2023,20232,220,False
Computer Vision,Winter 2024,4,1.613,W24,2024,20240,248,False
Computer Vision,Summer 2024,5,2.016,S24,2024,20242,248,False
Computer Vision,Fall 2024,0,0.0,F24,2024,20243,94,False
Computer Vision,Winter 2025,3,1.807,W25,2025,20250,166,False
Computer Vision,Spring 2025,2,1.399,X25,2025,20251,143,False
Computer Vision,Summer 2025,2,1.205,S25,2025,20252,166,False
Computer Vision,Fall 2025,3,2.055,F25,2025,20253,146,False
Computer Vision,Winter 2026,3,1.508,W26,2026,20260,199,False
Computer Vision,Spring 2026,0,0.0,X26,2026,20261,195,False
Computer Vision,Summer 2026,4,1.702,S26,2026,20262,235,False
Computer Vision,Fall 2026,0,0.0,F26,2026,20263,35,True
Computer Vision,Winter 2027,0,0.0,W27,2027,20270,1,True
Construction,Summer 2005,0,0.0,S05,2005,20052,9,True
Construction,Winter 2006,0,0.0,W06,2006,20060,7,True
Construction,Summer 2006,0,0.0,S06,2006,20062,10,True
Construction,Winter 2007,0,0.0,W07,2007,20070,13,True
Construction,Summer 2007,0,0.0,S07,2007,20072,19,True
Construction,Winter 2008,0,0.0,W08,2008,20080,21,True
Construction,Summer 2008,0,0.0,S08,2008,20082,22,True
Construction,Winter 2009,0,0.0,W09,2009,20090,16,True
Construction,Summer 2009,1,3.846,S09,2009,20092,26,True
Construction,Winter 2010,0,0.0,W10,2010,20100,27,True
Construction,Summer 2010,0,0.0,S10,2010,20102,36,True
Construction,Winter 2011,0,0.0,W11,2011,20110,45,True
Construction,Summer 2011,0,0.0,S11,2011,20112,60,False
Construction,Winter 2012,1,1.515,W12,2012,20120,66,False
Construction,Summer 2012,0,0.0,S12,2012,20122,83,False
Construction,Winter 2013,1,2.174,W13,2013,20130,46,True
Construction,Summer 2013,0,0.0,S13,2013,20132,52,False
Construction,Winter 2014,0,0.0,W14,2014,20140,74,False
Construction,Summer 2014,0,0.0,S14,2014,20142,78,False
Construction,Winter 2015,2,1.818,W15,2015,20150,110,False
Construction,Summer 2015,1,0.962,S15,2015,20152,104,False
Construction,Winter 2016,0,0.0,W16,2016,20160,122,False
Construction,Summer 2016,2,1.961,S16,2016,20162,102,False
Construction,Winter 2017,0,0.0,W17,2017,20170,116,False
Construction,Summer 2017,3,2.4,S17,2017,20172,125,False
Construction,Winter 2018,1,0.685,W18,2018,20180,146,False
Construction,Summer 2018,1,0.763,S18,2018,20182,131,False
Construction,Winter 2019,1,0.515,W19,2019,20190,194,False
Construction,Summer 2019,4,2.273,S19,2019,20192,176,False
Construction,Winter 2020,2,0.877,W20,2020,20200,228,False
Construction,Summer 2020,4,1.914,S20,2020,20202,209,False
Construction,Winter 2021,5,1.488,W21,2021,20210,336,False
Construction,Summer 2021,4,1.023,S21,2021,20212,391,False
Construction,Winter 2022,10,2.513,W22,2022,20220,398,False
Construction,Summer 2022,3,1.282,S22,2022,20222,234,False
Construction,Winter 2023,2,0.73,W23,2023,20230,274,False
Construction,Summer 2023,4,1.818,S23,2023,20232,220,False
Construction,Winter 2024,4,1.613,W24,2024,20240,248,False
Construction,Summer 2024,1,0.403,S24,2024,20242,248,False
Construction,Fall 2024,2,2.128,F24,2024,20243,94,False
Construction,Winter 2025,1,0.602,W25,2025,20250,166,False
Construction,Spring 2025,0,0.0,X25,2025,20251,143,False
Construction,Summer 2025,1,0.602,S25,2025,20252,166,False
Construction,Fall 2025,3,2.055,F25,2025,20253,146,False
Construction,Winter 2026,3,1.508,W26,2026,20260,199,False
Construction,Spring 2026,0,0.0,X26,2026,20261,195,False
Construction,Summer 2026,8,3.404,S26,2026,20262,235,False
Construction,Fall 2026,0,0.0,F26,2026,20263,35,True
Construction,Winter 2027,0,0.0,W27,2027,20270,1,True
Consumer,Summer 2005,0,0.0,S05,2005,20052,9,True
Consumer,Winter 2006,0,0.0,W06,2006,20060,7,True
Consumer,Summer 2006,0,0.0,S06,2006,20062,10,True
Consumer,Winter 2007,0,0.0,W07,2007,20070,13,True
Consumer,Summer 2007,0,0.0,S07,2007,20072,19,True
Consumer,Winter 2008,0,0.0,W08,2008,20080,21,True
Consumer,Summer 2008,0,0.0,S08,2008,20082,22,True
Consumer,Winter 2009,0,0.0,W09,2009,20090,16,True
Consumer,Summer 2009,0,0.0,S09,2009,20092,26,True
Consumer,Winter 2010,0,0.0,W10,2010,20100,27,True
Consumer,Summer 2010,0,0.0,S10,2010,20102,36,True
Consumer,Winter 2011,0,0.0,W11,2011,20110,45,True
Consumer,Summer 2011,0,0.0,S11,2011,20112,60,False
Consumer,Winter 2012,1,1.515,W12,2012,20120,66,False
Consumer,Summer 2012,2,2.41,S12,2012,20122,83,False
Consumer,Winter 2013,0,0.0,W13,2013,20130,46,True
Consumer,Summer 2013,0,0.0,S13,2013,20132,52,False
Consumer,Winter 2014,1,1.351,W14,2014,20140,74,False
Consumer,Summer 2014,3,3.846,S14,2014,20142,78,False
Consumer,Winter 2015,0,0.0,W15,2015,20150,110,False
Consumer,Summer 2015,2,1.923,S15,2015,20152,104,False
Consumer,Winter 2016,0,0.0,W16,2016,20160,122,False
Consumer,Summer 2016,5,4.902,S16,2016,20162,102,False
Consumer,Winter 2017,2,1.724,W17,2017,20170,116,False
Consumer,Summer 2017,2,1.6,S17,2017,20172,125,False
Consumer,Winter 2018,9,6.164,W18,2018,20180,146,False
Consumer,Summer 2018,3,2.29,S18,2018,20182,131,False
Consumer,Winter 2019,10,5.155,W19,2019,20190,194,False
Consumer,Summer 2019,4,2.273,S19,2019,20192,176,False
Consumer,Winter 2020,3,1.316,W20,2020,20200,228,False
Consumer,Summer 2020,5,2.392,S20,2020,20202,209,False
Consumer,Winter 2021,14,4.167,W21,2021,20210,336,False
Consumer,Summer 2021,12,3.069,S21,2021,20212,391,False
Consumer,Winter 2022,39,9.799,W22,2022,20220,398,False
Consumer,Summer 2022,19,8.12,S22,2022,20222,234,False
Consumer,Winter 2023,12,4.38,W23,2023,20230,274,False
Consumer,Summer 2023,8,3.636,S23,2023,20232,220,False
Consumer,Winter 2024,17,6.855,W24,2024,20240,248,False
Consumer,Summer 2024,18,7.258,S24,2024,20242,248,False
Consumer,Fall 2024,8,8.511,F24,2024,20243,94,False
Consumer,Winter 2025,9,5.422,W25,2025,20250,166,False
Consumer,Spring 2025,10,6.993,X25,2025,20251,143,False
Consumer,Summer 2025,7,4.217,S25,2025,20252,166,False
Consumer,Fall 2025,8,5.479,F25,2025,20253,146,False
Consumer,Winter 2026,1,0.503,W26,2026,20260,199,False
Consumer,Spring 2026,7,3.59,X26,2026,20261,195,False
Consumer,Summer 2026,6,2.553,S26,2026,20262,235,False
Consumer,Fall 2026,2,5.714,F26,2026,20263,35,True
Consumer,Winter 2027,0,0.0,W27,2027,20270,1,True
Consumer Finance,Summer 2005,0,0.0,S05,2005,20052,9,True
Consumer Finance,Winter 2006,0,0.0,W06,2006,20060,7,True
Consumer Finance,Summer 2006,0,0.0,S06,2006,20062,10,True
Consumer Finance,Winter 2007,0,0.0,W07,2007,20070,13,True
Consumer Finance,Summer 2007,0,0.0,S07,2007,20072,19,True
Consumer Finance,Winter 2008,0,0.0,W08,2008,20080,21,True
Consumer Finance,Summer 2008,0,0.0,S08,2008,20082,22,True
Consumer Finance,Winter 2009,0,0.0,W09,2009,20090,16,True
Consumer Finance,Summer 2009,0,0.0,S09,2009,20092,26,True
Consumer Finance,Winter 2010,0,0.0,W10,2010,20100,27,True
Consumer Finance,Summer 2010,0,0.0,S10,2010,20102,36,True
Consumer Finance,Winter 2011,0,0.0,W11,2011,20110,45,True
Consumer Finance,Summer 2011,0,0.0,S11,2011,20112,60,False
Consumer Finance,Winter 2012,0,0.0,W12,2012,20120,66,False
Consumer Finance,Summer 2012,0,0.0,S12,2012,20122,83,False
Consumer Finance,Winter 2013,0,0.0,W13,2013,20130,46,True
Consumer Finance,Summer 2013,0,0.0,S13,2013,20132,52,False
Consumer Finance,Winter 2014,0,0.0,W14,2014,20140,74,False
Consumer Finance,Summer 2014,0,0.0,S14,2014,20142,78,False
Consumer Finance,Winter 2015,0,0.0,W15,2015,20150,110,False
Consumer Finance,Summer 2015,0,0.0,S15,2015,20152,104,False
Consumer Finance,Winter 2016,0,0.0,W16,2016,20160,122,False
Consumer Finance,Summer 2016,0,0.0,S16,2016,20162,102,False
Consumer Finance,Winter 2017,0,0.0,W17,2017,20170,116,False
Consumer Finance,Summer 2017,0,0.0,S17,2017,20172,125,False
Consumer Finance,Winter 2018,0,0.0,W18,2018,20180,146,False
Consumer Finance,Summer 2018,1,0.763,S18,2018,20182,131,False
Consumer Finance,Winter 2019,1,0.515,W19,2019,20190,194,False
Consumer Finance,Summer 2019,0,0.0,S19,2019,20192,176,False
Consumer Finance,Winter 2020,2,0.877,W20,2020,20200,228,False
Consumer Finance,Summer 2020,1,0.478,S20,2020,20202,209,False
Consumer Finance,Winter 2021,2,0.595,W21,2021,20210,336,False
Consumer Finance,Summer 2021,3,0.767,S21,2021,20212,391,False
Consumer Finance,Winter 2022,2,0.503,W22,2022,20220,398,False
Consumer Finance,Summer 2022,1,0.427,S22,2022,20222,234,False
Consumer Finance,Winter 2023,1,0.365,W23,2023,20230,274,False
Consumer Finance,Summer 2023,3,1.364,S23,2023,20232,220,False
Consumer Finance,Winter 2024,1,0.403,W24,2024,20240,248,False
Consumer Finance,Summer 2024,4,1.613,S24,2024,20242,248,False
Consumer Finance,Fall 2024,1,1.064,F24,2024,20243,94,False
Consumer Finance,Winter 2025,1,0.602,W25,2025,20250,166,False
Consumer Finance,Spring 2025,1,0.699,X25,2025,20251,143,False
Consumer Finance,Summer 2025,2,1.205,S25,2025,20252,166,False
Consumer Finance,Fall 2025,3,2.055,F25,2025,20253,146,False
Consumer Finance,Winter 2026,0,0.0,W26,2026,20260,199,False
Consumer Finance,Spring 2026,2,1.026,X26,2026,20261,195,False
Consumer Finance,Summer 2026,2,0.851,S26,2026,20262,235,False
Consumer Finance,Fall 2026,0,0.0,F26,2026,20263,35,True
Consumer Finance,Winter 2027,0,0.0,W27,2027,20270,1,True
Consumer Health Services,Summer 2005,0,0.0,S05,2005,20052,9,True
Consumer Health Services,Winter 2006,0,0.0,W06,2006,20060,7,True
Consumer Health Services,Summer 2006,0,0.0,S06,2006,20062,10,True
Consumer Health Services,Winter 2007,0,0.0,W07,2007,20070,13,True
Consumer Health Services,Summer 2007,0,0.0,S07,2007,20072,19,True
Consumer Health Services,Winter 2008,0,0.0,W08,2008,20080,21,True
Consumer Health Services,Summer 2008,0,0.0,S08,2008,20082,22,True
Consumer Health Services,Winter 2009,0,0.0,W09,2009,20090,16,True
Consumer Health Services,Summer 2009,0,0.0,S09,2009,20092,26,True
Consumer Health Services,Winter 2010,0,0.0,W10,2010,20100,27,True
Consumer Health Services,Summer 2010,0,0.0,S10,2010,20102,36,True
Consumer Health Services,Winter 2011,0,0.0,W11,2011,20110,45,True
Consumer Health Services,Summer 2011,0,0.0,S11,2011,20112,60,False
Consumer Health Services,Winter 2012,0,0.0,W12,2012,20120,66,False
Consumer Health Services,Summer 2012,1,1.205,S12,2012,20122,83,False
Consumer Health Services,Winter 2013,1,2.174,W13,2013,20130,46,True
Consumer Health Services,Summer 2013,0,0.0,S13,2013,20132,52,False
Consumer Health Services,Winter 2014,1,1.351,W14,2014,20140,74,False
Consumer Health Services,Summer 2014,0,0.0,S14,2014,20142,78,False
Consumer Health Services,Winter 2015,3,2.727,W15,2015,20150,110,False
Consumer Health Services,Summer 2015,3,2.885,S15,2015,20152,104,False
Consumer Health Services,Winter 2016,3,2.459,W16,2016,20160,122,False
Consumer Health Services,Summer 2016,1,0.98,S16,2016,20162,102,False
Consumer Health Services,Winter 2017,4,3.448,W17,2017,20170,116,False
Consumer Health Services,Summer 2017,4,3.2,S17,2017,20172,125,False
Consumer Health Services,Winter 2018,2,1.37,W18,2018,20180,146,False
Consumer Health Services,Summer 2018,3,2.29,S18,2018,20182,131,False
Consumer Health Services,Winter 2019,1,0.515,W19,2019,20190,194,False
Consumer Health Services,Summer 2019,6,3.409,S19,2019,20192,176,False
Consumer Health Services,Winter 2020,5,2.193,W20,2020,20200,228,False
Consumer Health Services,Summer 2020,4,1.914,S20,2020,20202,209,False
Consumer Health Services,Winter 2021,13,3.869,W21,2021,20210,336,False
Consumer Health Services,Summer 2021,21,5.371,S21,2021,20212,391,False
Consumer Health Services,Winter 2022,11,2.764,W22,2022,20220,398,False
Consumer Health Services,Summer 2022,2,0.855,S22,2022,20222,234,False
Consumer Health Services,Winter 2023,3,1.095,W23,2023,20230,274,False
Consumer Health Services,Summer 2023,5,2.273,S23,2023,20232,220,False
Consumer Health Services,Winter 2024,5,2.016,W24,2024,20240,248,False
Consumer Health Services,Summer 2024,1,0.403,S24,2024,20242,248,False
Consumer Health Services,Fall 2024,1,1.064,F24,2024,20243,94,False
Consumer Health Services,Winter 2025,0,0.0,W25,2025,20250,166,False
Consumer Health Services,Spring 2025,0,0.0,X25,2025,20251,143,False
Consumer Health Services,Summer 2025,0,0.0,S25,2025,20252,166,False
Consumer Health Services,Fall 2025,3,2.055,F25,2025,20253,146,False
Consumer Health Services,Winter 2026,0,0.0,W26,2026,20260,199,False
Consumer Health Services,Spring 2026,0,0.0,X26,2026,20261,195,False
Consumer Health Services,Summer 2026,2,0.851,S26,2026,20262,235,False
Consumer Health Services,Fall 2026,0,0.0,F26,2026,20263,35,True
Consumer Health Services,Winter 2027,0,0.0,W27,2027,20270,1,True
Consumer Products,Summer 2005,0,0.0,S05,2005,20052,9,True
Consumer Products,Winter 2006,0,0.0,W06,2006,20060,7,True
Consumer Products,Summer 2006,0,0.0,S06,2006,20062,10,True
Consumer Products,Winter 2007,0,0.0,W07,2007,20070,13,True
Consumer Products,Summer 2007,0,0.0,S07,2007,20072,19,True
Consumer Products,Winter 2008,0,0.0,W08,2008,20080,21,True
Consumer Products,Summer 2008,0,0.0,S08,2008,20082,22,True
Consumer Products,Winter 2009,0,0.0,W09,2009,20090,16,True
Consumer Products,Summer 2009,0,0.0,S09,2009,20092,26,True
Consumer Products,Winter 2010,0,0.0,W10,2010,20100,27,True
Consumer Products,Summer 2010,0,0.0,S10,2010,20102,36,True
Consumer Products,Winter 2011,0,0.0,W11,2011,20110,45,True
Consumer Products,Summer 2011,0,0.0,S11,2011,20112,60,False
Consumer Products,Winter 2012,0,0.0,W12,2012,20120,66,False
Consumer Products,Summer 2012,0,0.0,S12,2012,20122,83,False
Consumer Products,Winter 2013,0,0.0,W13,2013,20130,46,True
Consumer Products,Summer 2013,0,0.0,S13,2013,20132,52,False
Consumer Products,Winter 2014,0,0.0,W14,2014,20140,74,False
Consumer Products,Summer 2014,0,0.0,S14,2014,20142,78,False
Consumer Products,Winter 2015,0,0.0,W15,2015,20150,110,False
Consumer Products,Summer 2015,0,0.0,S15,2015,20152,104,False
Consumer Products,Winter 2016,1,0.82,W16,2016,20160,122,False
Consumer Products,Summer 2016,0,0.0,S16,2016,20162,102,False
Consumer Products,Winter 2017,0,0.0,W17,2017,20170,116,False
Consumer Products,Summer 2017,0,0.0,S17,2017,20172,125,False
Consumer Products,Winter 2018,1,0.685,W18,2018,20180,146,False
Consumer Products,Summer 2018,1,0.763,S18,2018,20182,131,False
Consumer Products,Winter 2019,0,0.0,W19,2019,20190,194,False
Consumer Products,Summer 2019,1,0.568,S19,2019,20192,176,False
Consumer Products,Winter 2020,0,0.0,W20,2020,20200,228,False
Consumer Products,Summer 2020,0,0.0,S20,2020,20202,209,False
Consumer Products,Winter 2021,0,0.0,W21,2021,20210,336,False
Consumer Products,Summer 2021,2,0.512,S21,2021,20212,391,False
Consumer Products,Winter 2022,1,0.251,W22,2022,20220,398,False
Consumer Products,Summer 2022,0,0.0,S22,2022,20222,234,False
Consumer Products,Winter 2023,1,0.365,W23,2023,20230,274,False
Consumer Products,Summer 2023,0,0.0,S23,2023,20232,220,False
Consumer Products,Winter 2024,0,0.0,W24,2024,20240,248,False
Consumer Products,Summer 2024,0,0.0,S24,2024,20242,248,False
Consumer Products,Fall 2024,0,0.0,F24,2024,20243,94,False
Consumer Products,Winter 2025,1,0.602,W25,2025,20250,166,False
Consumer Products,Spring 2025,1,0.699,X25,2025,20251,143,False
Consumer Products,Summer 2025,0,0.0,S25,2025,20252,166,False
Consumer Products,Fall 2025,1,0.685,F25,2025,20253,146,False
Consumer Products,Winter 2026,0,0.0,W26,2026,20260,199,False
Consumer Products,Spring 2026,0,0.0,X26,2026,20261,195,False
Consumer Products,Summer 2026,1,0.426,S26,2026,20262,235,False
Consumer Products,Fall 2026,0,0.0,F26,2026,20263,35,True
Consumer Products,Winter 2027,0,0.0,W27,2027,20270,1,True
Conversational AI,Summer 2005,0,0.0,S05,2005,20052,9,True
Conversational AI,Winter 2006,0,0.0,W06,2006,20060,7,True
Conversational AI,Summer 2006,0,0.0,S06,2006,20062,10,True
Conversational AI,Winter 2007,0,0.0,W07,2007,20070,13,True
Conversational AI,Summer 2007,0,0.0,S07,2007,20072,19,True
Conversational AI,Winter 2008,0,0.0,W08,2008,20080,21,True
Conversational AI,Summer 2008,0,0.0,S08,2008,20082,22,True
Conversational AI,Winter 2009,0,0.0,W09,2009,20090,16,True
Conversational AI,Summer 2009,0,0.0,S09,2009,20092,26,True
Conversational AI,Winter 2010,0,0.0,W10,2010,20100,27,True
Conversational AI,Summer 2010,0,0.0,S10,2010,20102,36,True
Conversational AI,Winter 2011,0,0.0,W11,2011,20110,45,True
Conversational AI,Summer 2011,0,0.0,S11,2011,20112,60,False
Conversational AI,Winter 2012,0,0.0,W12,2012,20120,66,False
Conversational AI,Summer 2012,0,0.0,S12,2012,20122,83,False
Conversational AI,Winter 2013,0,0.0,W13,2013,20130,46,True
Conversational AI,Summer 2013,0,0.0,S13,2013,20132,52,False
Conversational AI,Winter 2014,0,0.0,W14,2014,20140,74,False
Conversational AI,Summer 2014,0,0.0,S14,2014,20142,78,False
Conversational AI,Winter 2015,1,0.909,W15,2015,20150,110,False
Conversational AI,Summer 2015,0,0.0,S15,2015,20152,104,False
Conversational AI,Winter 2016,0,0.0,W16,2016,20160,122,False
Conversational AI,Summer 2016,0,0.0,S16,2016,20162,102,False
Conversational AI,Winter 2017,0,0.0,W17,2017,20170,116,False
Conversational AI,Summer 2017,0,0.0,S17,2017,20172,125,False
Conversational AI,Winter 2018,2,1.37,W18,2018,20180,146,False
Conversational AI,Summer 2018,1,0.763,S18,2018,20182,131,False
Conversational AI,Winter 2019,0,0.0,W19,2019,20190,194,False
Conversational AI,Summer 2019,0,0.0,S19,2019,20192,176,False
Conversational AI,Winter 2020,1,0.439,W20,2020,20200,228,False
Conversational AI,Summer 2020,0,0.0,S20,2020,20202,209,False
Conversational AI,Winter 2021,2,0.595,W21,2021,20210,336,False
Conversational AI,Summer 2021,1,0.256,S21,2021,20212,391,False
Conversational AI,Winter 2022,2,0.503,W22,2022,20220,398,False
Conversational AI,Summer 2022,2,0.855,S22,2022,20222,234,False
Conversational AI,Winter 2023,3,1.095,W23,2023,20230,274,False
Conversational AI,Summer 2023,3,1.364,S23,2023,20232,220,False
Conversational AI,Winter 2024,7,2.823,W24,2024,20240,248,False
Conversational AI,Summer 2024,4,1.613,S24,2024,20242,248,False
Conversational AI,Fall 2024,0,0.0,F24,2024,20243,94,False
Conversational AI,Winter 2025,6,3.614,W25,2025,20250,166,False
Conversational AI,Spring 2025,1,0.699,X25,2025,20251,143,False
Conversational AI,Summer 2025,4,2.41,S25,2025,20252,166,False
Conversational AI,Fall 2025,4,2.74,F25,2025,20253,146,False
Conversational AI,Winter 2026,0,0.0,W26,2026,20260,199,False
Conversational AI,Spring 2026,0,0.0,X26,2026,20261,195,False
Conversational AI,Summer 2026,2,0.851,S26,2026,20262,235,False
Conversational AI,Fall 2026,0,0.0,F26,2026,20263,35,True
Conversational AI,Winter 2027,0,0.0,W27,2027,20270,1,True
Conversational Banking,Summer 2005,0,0.0,S05,2005,20052,9,True
Conversational Banking,Winter 2006,0,0.0,W06,2006,20060,7,True
Conversational Banking,Summer 2006,0,0.0,S06,2006,20062,10,True
Conversational Banking,Winter 2007,0,0.0,W07,2007,20070,13,True
Conversational Banking,Summer 2007,0,0.0,S07,2007,20072,19,True
Conversational Banking,Winter 2008,0,0.0,W08,2008,20080,21,True
Conversational Banking,Summer 2008,0,0.0,S08,2008,20082,22,True
Conversational Banking,Winter 2009,0,0.0,W09,2009,20090,16,True
Conversational Banking,Summer 2009,0,0.0,S09,2009,20092,26,True
Conversational Banking,Winter 2010,0,0.0,W10,2010,20100,27,True
Conversational Banking,Summer 2010,0,0.0,S10,2010,20102,36,True
Conversational Banking,Winter 2011,0,0.0,W11,2011,20110,45,True
Conversational Banking,Summer 2011,0,0.0,S11,2011,20112,60,False
Conversational Banking,Winter 2012,0,0.0,W12,2012,20120,66,False
Conversational Banking,Summer 2012,0,0.0,S12,2012,20122,83,False
Conversational Banking,Winter 2013,0,0.0,W13,2013,20130,46,True
Conversational Banking,Summer 2013,0,0.0,S13,2013,20132,52,False
Conversational Banking,Winter 2014,0,0.0,W14,2014,20140,74,False
Conversational Banking,Summer 2014,0,0.0,S14,2014,20142,78,False
Conversational Banking,Winter 2015,1,0.909,W15,2015,20150,110,False
Conversational Banking,Summer 2015,0,0.0,S15,2015,20152,104,False
Conversational Banking,Winter 2016,0,0.0,W16,2016,20160,122,False
Conversational Banking,Summer 2016,0,0.0,S16,2016,20162,102,False
Conversational Banking,Winter 2017,0,0.0,W17,2017,20170,116,False
Conversational Banking,Summer 2017,0,0.0,S17,2017,20172,125,False
Conversational Banking,Winter 2018,0,0.0,W18,2018,20180,146,False
Conversational Banking,Summer 2018,0,0.0,S18,2018,20182,131,False
Conversational Banking,Winter 2019,0,0.0,W19,2019,20190,194,False
Conversational Banking,Summer 2019,0,0.0,S19,2019,20192,176,False
Conversational Banking,Winter 2020,0,0.0,W20,2020,20200,228,False
Conversational Banking,Summer 2020,0,0.0,S20,2020,20202,209,False
Conversational Banking,Winter 2021,0,0.0,W21,2021,20210,336,False
Conversational Banking,Summer 2021,0,0.0,S21,2021,20212,391,False
Conversational Banking,Winter 2022,0,0.0,W22,2022,20220,398,False
Conversational Banking,Summer 2022,0,0.0,S22,2022,20222,234,False
Conversational Banking,Winter 2023,0,0.0,W23,2023,20230,274,False
Conversational Banking,Summer 2023,1,0.455,S23,2023,20232,220,False
Conversational Banking,Winter 2024,0,0.0,W24,2024,20240,248,False
Conversational Banking,Summer 2024,0,0.0,S24,2024,20242,248,False
Conversational Banking,Fall 2024,0,0.0,F24,2024,20243,94,False
Conversational Banking,Winter 2025,0,0.0,W25,2025,20250,166,False
Conversational Banking,Spring 2025,0,0.0,X25,2025,20251,143,False
Conversational Banking,Summer 2025,0,0.0,S25,2025,20252,166,False
Conversational Banking,Fall 2025,0,0.0,F25,2025,20253,146,False
Conversational Banking,Winter 2026,0,0.0,W26,2026,20260,199,False
Conversational Banking,Spring 2026,0,0.0,X26,2026,20261,195,False
Conversational Banking,Summer 2026,0,0.0,S26,2026,20262,235,False
Conversational Banking,Fall 2026,0,0.0,F26,2026,20263,35,True
Conversational Banking,Winter 2027,0,0.0,W27,2027,20270,1,True
Creator Economy,Summer 2005,0,0.0,S05,2005,20052,9,True
Creator Economy,Winter 2006,0,0.0,W06,2006,20060,7,True
Creator Economy,Summer 2006,0,0.0,S06,2006,20062,10,True
Creator Economy,Winter 2007,0,0.0,W07,2007,20070,13,True
Creator Economy,Summer 2007,0,0.0,S07,2007,20072,19,True
Creator Economy,Winter 2008,0,0.0,W08,2008,20080,21,True
Creator Economy,Summer 2008,0,0.0,S08,2008,20082,22,True
Creator Economy,Winter 2009,0,0.0,W09,2009,20090,16,True
Creator Economy,Summer 2009,0,0.0,S09,2009,20092,26,True
Creator Economy,Winter 2010,0,0.0,W10,2010,20100,27,True
Creator Economy,Summer 2010,0,0.0,S10,2010,20102,36,True
Creator Economy,Winter 2011,0,0.0,W11,2011,20110,45,True
Creator Economy,Summer 2011,0,0.0,S11,2011,20112,60,False
Creator Economy,Winter 2012,0,0.0,W12,2012,20120,66,False
Creator Economy,Summer 2012,0,0.0,S12,2012,20122,83,False
Creator Economy,Winter 2013,0,0.0,W13,2013,20130,46,True
Creator Economy,Summer 2013,0,0.0,S13,2013,20132,52,False
Creator Economy,Winter 2014,0,0.0,W14,2014,20140,74,False
Creator Economy,Summer 2014,0,0.0,S14,2014,20142,78,False
Creator Economy,Winter 2015,1,0.909,W15,2015,20150,110,False
Creator Economy,Summer 2015,0,0.0,S15,2015,20152,104,False
Creator Economy,Winter 2016,0,0.0,W16,2016,20160,122,False
Creator Economy,Summer 2016,1,0.98,S16,2016,20162,102,False
Creator Economy,Winter 2017,1,0.862,W17,2017,20170,116,False
Creator Economy,Summer 2017,0,0.0,S17,2017,20172,125,False
Creator Economy,Winter 2018,0,0.0,W18,2018,20180,146,False
Creator Economy,Summer 2018,1,0.763,S18,2018,20182,131,False
Creator Economy,Winter 2019,1,0.515,W19,2019,20190,194,False
Creator Economy,Summer 2019,1,0.568,S19,2019,20192,176,False
Creator Economy,Winter 2020,5,2.193,W20,2020,20200,228,False
Creator Economy,Summer 2020,1,0.478,S20,2020,20202,209,False
Creator Economy,Winter 2021,1,0.298,W21,2021,20210,336,False
Creator Economy,Summer 2021,4,1.023,S21,2021,20212,391,False
Creator Economy,Winter 2022,4,1.005,W22,2022,20220,398,False
Creator Economy,Summer 2022,4,1.709,S22,2022,20222,234,False
Creator Economy,Winter 2023,3,1.095,W23,2023,20230,274,False
Creator Economy,Summer 2023,0,0.0,S23,2023,20232,220,False
Creator Economy,Winter 2024,1,0.403,W24,2024,20240,248,False
Creator Economy,Summer 2024,1,0.403,S24,2024,20242,248,False
Creator Economy,Fall 2024,0,0.0,F24,2024,20243,94,False
Creator Economy,Winter 2025,1,0.602,W25,2025,20250,166,False
Creator Economy,Spring 2025,1,0.699,X25,2025,20251,143,False
Creator Economy,Summer 2025,1,0.602,S25,2025,20252,166,False
Creator Economy,Fall 2025,2,1.37,F25,2025,20253,146,False
Creator Economy,Winter 2026,0,0.0,W26,2026,20260,199,False
Creator Economy,Spring 2026,0,0.0,X26,2026,20261,195,False
Creator Economy,Summer 2026,2,0.851,S26,2026,20262,235,False
Creator Economy,Fall 2026,0,0.0,F26,2026,20263,35,True
Creator Economy,Winter 2027,0,0.0,W27,2027,20270,1,True
Crowdfunding,Summer 2005,0,0.0,S05,2005,20052,9,True
Crowdfunding,Winter 2006,0,0.0,W06,2006,20060,7,True
Crowdfunding,Summer 2006,0,0.0,S06,2006,20062,10,True
Crowdfunding,Winter 2007,0,0.0,W07,2007,20070,13,True
Crowdfunding,Summer 2007,0,0.0,S07,2007,20072,19,True
Crowdfunding,Winter 2008,0,0.0,W08,2008,20080,21,True
Crowdfunding,Summer 2008,0,0.0,S08,2008,20082,22,True
Crowdfunding,Winter 2009,0,0.0,W09,2009,20090,16,True
Crowdfunding,Summer 2009,0,0.0,S09,2009,20092,26,True
Crowdfunding,Winter 2010,0,0.0,W10,2010,20100,27,True
Crowdfunding,Summer 2010,0,0.0,S10,2010,20102,36,True
Crowdfunding,Winter 2011,0,0.0,W11,2011,20110,45,True
Crowdfunding,Summer 2011,0,0.0,S11,2011,20112,60,False
Crowdfunding,Winter 2012,1,1.515,W12,2012,20120,66,False
Crowdfunding,Summer 2012,2,2.41,S12,2012,20122,83,False
Crowdfunding,Winter 2013,2,4.348,W13,2013,20130,46,True
Crowdfunding,Summer 2013,0,0.0,S13,2013,20132,52,False
Crowdfunding,Winter 2014,1,1.351,W14,2014,20140,74,False
Crowdfunding,Summer 2014,2,2.564,S14,2014,20142,78,False
Crowdfunding,Winter 2015,1,0.909,W15,2015,20150,110,False
Crowdfunding,Summer 2015,0,0.0,S15,2015,20152,104,False
Crowdfunding,Winter 2016,0,0.0,W16,2016,20160,122,False
Crowdfunding,Summer 2016,0,0.0,S16,2016,20162,102,False
Crowdfunding,Winter 2017,0,0.0,W17,2017,20170,116,False
Crowdfunding,Summer 2017,0,0.0,S17,2017,20172,125,False
Crowdfunding,Winter 2018,0,0.0,W18,2018,20180,146,False
Crowdfunding,Summer 2018,0,0.0,S18,2018,20182,131,False
Crowdfunding,Winter 2019,0,0.0,W19,2019,20190,194,False
Crowdfunding,Summer 2019,0,0.0,S19,2019,20192,176,False
Crowdfunding,Winter 2020,0,0.0,W20,2020,20200,228,False
Crowdfunding,Summer 2020,0,0.0,S20,2020,20202,209,False
Crowdfunding,Winter 2021,0,0.0,W21,2021,20210,336,False
Crowdfunding,Summer 2021,0,0.0,S21,2021,20212,391,False
Crowdfunding,Winter 2022,0,0.0,W22,2022,20220,398,False
Crowdfunding,Summer 2022,0,0.0,S22,2022,20222,234,False
Crowdfunding,Winter 2023,0,0.0,W23,2023,20230,274,False
Crowdfunding,Summer 2023,0,0.0,S23,2023,20232,220,False
Crowdfunding,Winter 2024,0,0.0,W24,2024,20240,248,False
Crowdfunding,Summer 2024,0,0.0,S24,2024,20242,248,False
Crowdfunding,Fall 2024,0,0.0,F24,2024,20243,94,False
Crowdfunding,Winter 2025,0,0.0,W25,2025,20250,166,False
Crowdfunding,Spring 2025,0,0.0,X25,2025,20251,143,False
Crowdfunding,Summer 2025,0,0.0,S25,2025,20252,166,False
Crowdfunding,Fall 2025,0,0.0,F25,2025,20253,146,False
Crowdfunding,Winter 2026,0,0.0,W26,2026,20260,199,False
Crowdfunding,Spring 2026,0,0.0,X26,2026,20261,195,False
Crowdfunding,Summer 2026,0,0.0,S26,2026,20262,235,False
Crowdfunding,Fall 2026,0,0.0,F26,2026,20263,35,True
Crowdfunding,Winter 2027,0,0.0,W27,2027,20270,1,True
Crowdsourcing,Summer 2005,0,0.0,S05,2005,20052,9,True
Crowdsourcing,Winter 2006,0,0.0,W06,2006,20060,7,True
Crowdsourcing,Summer 2006,0,0.0,S06,2006,20062,10,True
Crowdsourcing,Winter 2007,0,0.0,W07,2007,20070,13,True
Crowdsourcing,Summer 2007,0,0.0,S07,2007,20072,19,True
Crowdsourcing,Winter 2008,0,0.0,W08,2008,20080,21,True
Crowdsourcing,Summer 2008,0,0.0,S08,2008,20082,22,True
Crowdsourcing,Winter 2009,0,0.0,W09,2009,20090,16,True
Crowdsourcing,Summer 2009,0,0.0,S09,2009,20092,26,True
Crowdsourcing,Winter 2010,0,0.0,W10,2010,20100,27,True
Crowdsourcing,Summer 2010,0,0.0,S10,2010,20102,36,True
Crowdsourcing,Winter 2011,0,0.0,W11,2011,20110,45,True
Crowdsourcing,Summer 2011,0,0.0,S11,2011,20112,60,False
Crowdsourcing,Winter 2012,0,0.0,W12,2012,20120,66,False
Crowdsourcing,Summer 2012,0,0.0,S12,2012,20122,83,False
Crowdsourcing,Winter 2013,0,0.0,W13,2013,20130,46,True
Crowdsourcing,Summer 2013,0,0.0,S13,2013,20132,52,False
Crowdsourcing,Winter 2014,0,0.0,W14,2014,20140,74,False
Crowdsourcing,Summer 2014,0,0.0,S14,2014,20142,78,False
Crowdsourcing,Winter 2015,0,0.0,W15,2015,20150,110,False
Crowdsourcing,Summer 2015,0,0.0,S15,2015,20152,104,False
Crowdsourcing,Winter 2016,0,0.0,W16,2016,20160,122,False
Crowdsourcing,Summer 2016,0,0.0,S16,2016,20162,102,False
Crowdsourcing,Winter 2017,1,0.862,W17,2017,20170,116,False
Crowdsourcing,Summer 2017,0,0.0,S17,2017,20172,125,False
Crowdsourcing,Winter 2018,0,0.0,W18,2018,20180,146,False
Crowdsourcing,Summer 2018,1,0.763,S18,2018,20182,131,False
Crowdsourcing,Winter 2019,1,0.515,W19,2019,20190,194,False
Crowdsourcing,Summer 2019,0,0.0,S19,2019,20192,176,False
Crowdsourcing,Winter 2020,0,0.0,W20,2020,20200,228,False
Crowdsourcing,Summer 2020,0,0.0,S20,2020,20202,209,False
Crowdsourcing,Winter 2021,0,0.0,W21,2021,20210,336,False
Crowdsourcing,Summer 2021,0,0.0,S21,2021,20212,391,False
Crowdsourcing,Winter 2022,0,0.0,W22,2022,20220,398,False
Crowdsourcing,Summer 2022,0,0.0,S22,2022,20222,234,False
Crowdsourcing,Winter 2023,0,0.0,W23,2023,20230,274,False
Crowdsourcing,Summer 2023,0,0.0,S23,2023,20232,220,False
Crowdsourcing,Winter 2024,0,0.0,W24,2024,20240,248,False
Crowdsourcing,Summer 2024,0,0.0,S24,2024,20242,248,False
Crowdsourcing,Fall 2024,0,0.0,F24,2024,20243,94,False
Crowdsourcing,Winter 2025,0,0.0,W25,2025,20250,166,False
Crowdsourcing,Spring 2025,0,0.0,X25,2025,20251,143,False
Crowdsourcing,Summer 2025,1,0.602,S25,2025,20252,166,False
Crowdsourcing,Fall 2025,0,0.0,F25,2025,20253,146,False
Crowdsourcing,Winter 2026,0,0.0,W26,2026,20260,199,False
Crowdsourcing,Spring 2026,1,0.513,X26,2026,20261,195,False
Crowdsourcing,Summer 2026,0,0.0,S26,2026,20262,235,False
Crowdsourcing,Fall 2026,0,0.0,F26,2026,20263,35,True
Crowdsourcing,Winter 2027,0,0.0,W27,2027,20270,1,True
Crypto / Web3,Summer 2005,0,0.0,S05,2005,20052,9,True
Crypto / Web3,Winter 2006,0,0.0,W06,2006,20060,7,True
Crypto / Web3,Summer 2006,0,0.0,S06,2006,20062,10,True
Crypto / Web3,Winter 2007,0,0.0,W07,2007,20070,13,True
Crypto / Web3,Summer 2007,0,0.0,S07,2007,20072,19,True
Crypto / Web3,Winter 2008,0,0.0,W08,2008,20080,21,True
Crypto / Web3,Summer 2008,0,0.0,S08,2008,20082,22,True
Crypto / Web3,Winter 2009,0,0.0,W09,2009,20090,16,True
Crypto / Web3,Summer 2009,1,3.846,S09,2009,20092,26,True
Crypto / Web3,Winter 2010,0,0.0,W10,2010,20100,27,True
Crypto / Web3,Summer 2010,0,0.0,S10,2010,20102,36,True
Crypto / Web3,Winter 2011,0,0.0,W11,2011,20110,45,True
Crypto / Web3,Summer 2011,0,0.0,S11,2011,20112,60,False
Crypto / Web3,Winter 2012,0,0.0,W12,2012,20120,66,False
Crypto / Web3,Summer 2012,1,1.205,S12,2012,20122,83,False
Crypto / Web3,Winter 2013,0,0.0,W13,2013,20130,46,True
Crypto / Web3,Summer 2013,0,0.0,S13,2013,20132,52,False
Crypto / Web3,Winter 2014,0,0.0,W14,2014,20140,74,False
Crypto / Web3,Summer 2014,4,5.128,S14,2014,20142,78,False
Crypto / Web3,Winter 2015,1,0.909,W15,2015,20150,110,False
Crypto / Web3,Summer 2015,0,0.0,S15,2015,20152,104,False
Crypto / Web3,Winter 2016,0,0.0,W16,2016,20160,122,False
Crypto / Web3,Summer 2016,0,0.0,S16,2016,20162,102,False
Crypto / Web3,Winter 2017,2,1.724,W17,2017,20170,116,False
Crypto / Web3,Summer 2017,1,0.8,S17,2017,20172,125,False
Crypto / Web3,Winter 2018,6,4.11,W18,2018,20180,146,False
Crypto / Web3,Summer 2018,2,1.527,S18,2018,20182,131,False
Crypto / Web3,Winter 2019,1,0.515,W19,2019,20190,194,False
Crypto / Web3,Summer 2019,6,3.409,S19,2019,20192,176,False
Crypto / Web3,Winter 2020,2,0.877,W20,2020,20200,228,False
Crypto / Web3,Summer 2020,3,1.435,S20,2020,20202,209,False
Crypto / Web3,Winter 2021,7,2.083,W21,2021,20210,336,False
Crypto / Web3,Summer 2021,9,2.302,S21,2021,20212,391,False
Crypto / Web3,Winter 2022,16,4.02,W22,2022,20220,398,False
Crypto / Web3,Summer 2022,13,5.556,S22,2022,20222,234,False
Crypto / Web3,Winter 2023,5,1.825,W23,2023,20230,274,False
Crypto / Web3,Summer 2023,1,0.455,S23,2023,20232,220,False
Crypto / Web3,Winter 2024,2,0.806,W24,2024,20240,248,False
Crypto / Web3,Summer 2024,1,0.403,S24,2024,20242,248,False
Crypto / Web3,Fall 2024,1,1.064,F24,2024,20243,94,False
Crypto / Web3,Winter 2025,2,1.205,W25,2025,20250,166,False
Crypto / Web3,Spring 2025,0,0.0,X25,2025,20251,143,False
Crypto / Web3,Summer 2025,1,0.602,S25,2025,20252,166,False
Crypto / Web3,Fall 2025,1,0.685,F25,2025,20253,146,False
Crypto / Web3,Winter 2026,0,0.0,W26,2026,20260,199,False
Crypto / Web3,Spring 2026,1,0.513,X26,2026,20261,195,False
Crypto / Web3,Summer 2026,3,1.277,S26,2026,20262,235,False
Crypto / Web3,Fall 2026,0,0.0,F26,2026,20263,35,True
Crypto / Web3,Winter 2027,0,0.0,W27,2027,20270,1,True
Cryptocurrency,Summer 2005,0,0.0,S05,2005,20052,9,True
Cryptocurrency,Winter 2006,0,0.0,W06,2006,20060,7,True
Cryptocurrency,Summer 2006,0,0.0,S06,2006,20062,10,True
Cryptocurrency,Winter 2007,0,0.0,W07,2007,20070,13,True
Cryptocurrency,Summer 2007,0,0.0,S07,2007,20072,19,True
Cryptocurrency,Winter 2008,0,0.0,W08,2008,20080,21,True
Cryptocurrency,Summer 2008,0,0.0,S08,2008,20082,22,True
Cryptocurrency,Winter 2009,0,0.0,W09,2009,20090,16,True
Cryptocurrency,Summer 2009,0,0.0,S09,2009,20092,26,True
Cryptocurrency,Winter 2010,0,0.0,W10,2010,20100,27,True
Cryptocurrency,Summer 2010,0,0.0,S10,2010,20102,36,True
Cryptocurrency,Winter 2011,0,0.0,W11,2011,20110,45,True
Cryptocurrency,Summer 2011,0,0.0,S11,2011,20112,60,False
Cryptocurrency,Winter 2012,0,0.0,W12,2012,20120,66,False
Cryptocurrency,Summer 2012,0,0.0,S12,2012,20122,83,False
Cryptocurrency,Winter 2013,0,0.0,W13,2013,20130,46,True
Cryptocurrency,Summer 2013,0,0.0,S13,2013,20132,52,False
Cryptocurrency,Winter 2014,0,0.0,W14,2014,20140,74,False
Cryptocurrency,Summer 2014,0,0.0,S14,2014,20142,78,False
Cryptocurrency,Winter 2015,0,0.0,W15,2015,20150,110,False
Cryptocurrency,Summer 2015,0,0.0,S15,2015,20152,104,False
Cryptocurrency,Winter 2016,0,0.0,W16,2016,20160,122,False
Cryptocurrency,Summer 2016,1,0.98,S16,2016,20162,102,False
Cryptocurrency,Winter 2017,0,0.0,W17,2017,20170,116,False
Cryptocurrency,Summer 2017,0,0.0,S17,2017,20172,125,False
Cryptocurrency,Winter 2018,0,0.0,W18,2018,20180,146,False
Cryptocurrency,Summer 2018,0,0.0,S18,2018,20182,131,False
Cryptocurrency,Winter 2019,0,0.0,W19,2019,20190,194,False
Cryptocurrency,Summer 2019,0,0.0,S19,2019,20192,176,False
Cryptocurrency,Winter 2020,0,0.0,W20,2020,20200,228,False
Cryptocurrency,Summer 2020,0,0.0,S20,2020,20202,209,False
Cryptocurrency,Winter 2021,1,0.298,W21,2021,20210,336,False
Cryptocurrency,Summer 2021,0,0.0,S21,2021,20212,391,False
Cryptocurrency,Winter 2022,3,0.754,W22,2022,20220,398,False
Cryptocurrency,Summer 2022,2,0.855,S22,2022,20222,234,False
Cryptocurrency,Winter 2023,2,0.73,W23,2023,20230,274,False
Cryptocurrency,Summer 2023,0,0.0,S23,2023,20232,220,False
Cryptocurrency,Winter 2024,0,0.0,W24,2024,20240,248,False
Cryptocurrency,Summer 2024,0,0.0,S24,2024,20242,248,False
Cryptocurrency,Fall 2024,0,0.0,F24,2024,20243,94,False
Cryptocurrency,Winter 2025,1,0.602,W25,2025,20250,166,False
Cryptocurrency,Spring 2025,0,0.0,X25,2025,20251,143,False
Cryptocurrency,Summer 2025,0,0.0,S25,2025,20252,166,False
Cryptocurrency,Fall 2025,0,0.0,F25,2025,20253,146,False
Cryptocurrency,Winter 2026,1,0.503,W26,2026,20260,199,False
Cryptocurrency,Spring 2026,0,0.0,X26,2026,20261,195,False
Cryptocurrency,Summer 2026,0,0.0,S26,2026,20262,235,False
Cryptocurrency,Fall 2026,0,0.0,F26,2026,20263,35,True
Cryptocurrency,Winter 2027,0,0.0,W27,2027,20270,1,True
Cryptography,Summer 2005,0,0.0,S05,2005,20052,9,True
Cryptography,Winter 2006,0,0.0,W06,2006,20060,7,True
Cryptography,Summer 2006,0,0.0,S06,2006,20062,10,True
Cryptography,Winter 2007,0,0.0,W07,2007,20070,13,True
Cryptography,Summer 2007,0,0.0,S07,2007,20072,19,True
Cryptography,Winter 2008,0,0.0,W08,2008,20080,21,True
Cryptography,Summer 2008,0,0.0,S08,2008,20082,22,True
Cryptography,Winter 2009,0,0.0,W09,2009,20090,16,True
Cryptography,Summer 2009,0,0.0,S09,2009,20092,26,True
Cryptography,Winter 2010,0,0.0,W10,2010,20100,27,True
Cryptography,Summer 2010,0,0.0,S10,2010,20102,36,True
Cryptography,Winter 2011,0,0.0,W11,2011,20110,45,True
Cryptography,Summer 2011,0,0.0,S11,2011,20112,60,False
Cryptography,Winter 2012,0,0.0,W12,2012,20120,66,False
Cryptography,Summer 2012,0,0.0,S12,2012,20122,83,False
Cryptography,Winter 2013,0,0.0,W13,2013,20130,46,True
Cryptography,Summer 2013,0,0.0,S13,2013,20132,52,False
Cryptography,Winter 2014,0,0.0,W14,2014,20140,74,False
Cryptography,Summer 2014,0,0.0,S14,2014,20142,78,False
Cryptography,Winter 2015,0,0.0,W15,2015,20150,110,False
Cryptography,Summer 2015,0,0.0,S15,2015,20152,104,False
Cryptography,Winter 2016,0,0.0,W16,2016,20160,122,False
Cryptography,Summer 2016,1,0.98,S16,2016,20162,102,False
Cryptography,Winter 2017,0,0.0,W17,2017,20170,116,False
Cryptography,Summer 2017,0,0.0,S17,2017,20172,125,False
Cryptography,Winter 2018,0,0.0,W18,2018,20180,146,False
Cryptography,Summer 2018,0,0.0,S18,2018,20182,131,False
Cryptography,Winter 2019,0,0.0,W19,2019,20190,194,False
Cryptography,Summer 2019,0,0.0,S19,2019,20192,176,False
Cryptography,Winter 2020,0,0.0,W20,2020,20200,228,False
Cryptography,Summer 2020,0,0.0,S20,2020,20202,209,False
Cryptography,Winter 2021,0,0.0,W21,2021,20210,336,False
Cryptography,Summer 2021,0,0.0,S21,2021,20212,391,False
Cryptography,Winter 2022,2,0.503,W22,2022,20220,398,False
Cryptography,Summer 2022,0,0.0,S22,2022,20222,234,False
Cryptography,Winter 2023,0,0.0,W23,2023,20230,274,False
Cryptography,Summer 2023,0,0.0,S23,2023,20232,220,False
Cryptography,Winter 2024,0,0.0,W24,2024,20240,248,False
Cryptography,Summer 2024,0,0.0,S24,2024,20242,248,False
Cryptography,Fall 2024,0,0.0,F24,2024,20243,94,False
Cryptography,Winter 2025,0,0.0,W25,2025,20250,166,False
Cryptography,Spring 2025,0,0.0,X25,2025,20251,143,False
Cryptography,Summer 2025,0,0.0,S25,2025,20252,166,False
Cryptography,Fall 2025,0,0.0,F25,2025,20253,146,False
Cryptography,Winter 2026,0,0.0,W26,2026,20260,199,False
Cryptography,Spring 2026,0,0.0,X26,2026,20261,195,False
Cryptography,Summer 2026,0,0.0,S26,2026,20262,235,False
Cryptography,Fall 2026,0,0.0,F26,2026,20263,35,True
Cryptography,Winter 2027,0,0.0,W27,2027,20270,1,True
Cultivated Meat,Summer 2005,0,0.0,S05,2005,20052,9,True
Cultivated Meat,Winter 2006,0,0.0,W06,2006,20060,7,True
Cultivated Meat,Summer 2006,0,0.0,S06,2006,20062,10,True
Cultivated Meat,Winter 2007,0,0.0,W07,2007,20070,13,True
Cultivated Meat,Summer 2007,0,0.0,S07,2007,20072,19,True
Cultivated Meat,Winter 2008,0,0.0,W08,2008,20080,21,True
Cultivated Meat,Summer 2008,0,0.0,S08,2008,20082,22,True
Cultivated Meat,Winter 2009,0,0.0,W09,2009,20090,16,True
Cultivated Meat,Summer 2009,0,0.0,S09,2009,20092,26,True
Cultivated Meat,Winter 2010,0,0.0,W10,2010,20100,27,True
Cultivated Meat,Summer 2010,0,0.0,S10,2010,20102,36,True
Cultivated Meat,Winter 2011,0,0.0,W11,2011,20110,45,True
Cultivated Meat,Summer 2011,0,0.0,S11,2011,20112,60,False
Cultivated Meat,Winter 2012,0,0.0,W12,2012,20120,66,False
Cultivated Meat,Summer 2012,0,0.0,S12,2012,20122,83,False
Cultivated Meat,Winter 2013,0,0.0,W13,2013,20130,46,True
Cultivated Meat,Summer 2013,0,0.0,S13,2013,20132,52,False
Cultivated Meat,Winter 2014,0,0.0,W14,2014,20140,74,False
Cultivated Meat,Summer 2014,0,0.0,S14,2014,20142,78,False
Cultivated Meat,Winter 2015,0,0.0,W15,2015,20150,110,False
Cultivated Meat,Summer 2015,0,0.0,S15,2015,20152,104,False
Cultivated Meat,Winter 2016,0,0.0,W16,2016,20160,122,False
Cultivated Meat,Summer 2016,0,0.0,S16,2016,20162,102,False
Cultivated Meat,Winter 2017,0,0.0,W17,2017,20170,116,False
Cultivated Meat,Summer 2017,0,0.0,S17,2017,20172,125,False
Cultivated Meat,Winter 2018,0,0.0,W18,2018,20180,146,False
Cultivated Meat,Summer 2018,1,0.763,S18,2018,20182,131,False
Cultivated Meat,Winter 2019,1,0.515,W19,2019,20190,194,False
Cultivated Meat,Summer 2019,0,0.0,S19,2019,20192,176,False
Cultivated Meat,Winter 2020,0,0.0,W20,2020,20200,228,False
Cultivated Meat,Summer 2020,0,0.0,S20,2020,20202,209,False
Cultivated Meat,Winter 2021,0,0.0,W21,2021,20210,336,False
Cultivated Meat,Summer 2021,0,0.0,S21,2021,20212,391,False
Cultivated Meat,Winter 2022,0,0.0,W22,2022,20220,398,False
Cultivated Meat,Summer 2022,0,0.0,S22,2022,20222,234,False
Cultivated Meat,Winter 2023,0,0.0,W23,2023,20230,274,False
Cultivated Meat,Summer 2023,0,0.0,S23,2023,20232,220,False
Cultivated Meat,Winter 2024,0,0.0,W24,2024,20240,248,False
Cultivated Meat,Summer 2024,0,0.0,S24,2024,20242,248,False
Cultivated Meat,Fall 2024,0,0.0,F24,2024,20243,94,False
Cultivated Meat,Winter 2025,0,0.0,W25,2025,20250,166,False
Cultivated Meat,Spring 2025,0,0.0,X25,2025,20251,143,False
Cultivated Meat,Summer 2025,0,0.0,S25,2025,20252,166,False
Cultivated Meat,Fall 2025,0,0.0,F25,2025,20253,146,False
Cultivated Meat,Winter 2026,0,0.0,W26,2026,20260,199,False
Cultivated Meat,Spring 2026,0,0.0,X26,2026,20261,195,False
Cultivated Meat,Summer 2026,0,0.0,S26,2026,20262,235,False
Cultivated Meat,Fall 2026,0,0.0,F26,2026,20263,35,True
Cultivated Meat,Winter 2027,0,0.0,W27,2027,20270,1,True
Culture,Summer 2005,0,0.0,S05,2005,20052,9,True
Culture,Winter 2006,0,0.0,W06,2006,20060,7,True
Culture,Summer 2006,0,0.0,S06,2006,20062,10,True
Culture,Winter 2007,0,0.0,W07,2007,20070,13,True
Culture,Summer 2007,0,0.0,S07,2007,20072,19,True
Culture,Winter 2008,0,0.0,W08,2008,20080,21,True
Culture,Summer 2008,0,0.0,S08,2008,20082,22,True
Culture,Winter 2009,0,0.0,W09,2009,20090,16,True
Culture,Summer 2009,0,0.0,S09,2009,20092,26,True
Culture,Winter 2010,0,0.0,W10,2010,20100,27,True
Culture,Summer 2010,0,0.0,S10,2010,20102,36,True
Culture,Winter 2011,0,0.0,W11,2011,20110,45,True
Culture,Summer 2011,0,0.0,S11,2011,20112,60,False
Culture,Winter 2012,0,0.0,W12,2012,20120,66,False
Culture,Summer 2012,0,0.0,S12,2012,20122,83,False
Culture,Winter 2013,0,0.0,W13,2013,20130,46,True
Culture,Summer 2013,0,0.0,S13,2013,20132,52,False
Culture,Winter 2014,0,0.0,W14,2014,20140,74,False
Culture,Summer 2014,0,0.0,S14,2014,20142,78,False
Culture,Winter 2015,0,0.0,W15,2015,20150,110,False
Culture,Summer 2015,0,0.0,S15,2015,20152,104,False
Culture,Winter 2016,0,0.0,W16,2016,20160,122,False
Culture,Summer 2016,0,0.0,S16,2016,20162,102,False
Culture,Winter 2017,0,0.0,W17,2017,20170,116,False
Culture,Summer 2017,0,0.0,S17,2017,20172,125,False
Culture,Winter 2018,1,0.685,W18,2018,20180,146,False
Culture,Summer 2018,0,0.0,S18,2018,20182,131,False
Culture,Winter 2019,0,0.0,W19,2019,20190,194,False
Culture,Summer 2019,0,0.0,S19,2019,20192,176,False
Culture,Winter 2020,0,0.0,W20,2020,20200,228,False
Culture,Summer 2020,0,0.0,S20,2020,20202,209,False
Culture,Winter 2021,1,0.298,W21,2021,20210,336,False
Culture,Summer 2021,0,0.0,S21,2021,20212,391,False
Culture,Winter 2022,0,0.0,W22,2022,20220,398,False
Culture,Summer 2022,0,0.0,S22,2022,20222,234,False
Culture,Winter 2023,0,0.0,W23,2023,20230,274,False
Culture,Summer 2023,0,0.0,S23,2023,20232,220,False
Culture,Winter 2024,0,0.0,W24,2024,20240,248,False
Culture,Summer 2024,0,0.0,S24,2024,20242,248,False
Culture,Fall 2024,0,0.0,F24,2024,20243,94,False
Culture,Winter 2025,0,0.0,W25,2025,20250,166,False
Culture,Spring 2025,0,0.0,X25,2025,20251,143,False
Culture,Summer 2025,0,0.0,S25,2025,20252,166,False
Culture,Fall 2025,0,0.0,F25,2025,20253,146,False
Culture,Winter 2026,1,0.503,W26,2026,20260,199,False
Culture,Spring 2026,0,0.0,X26,2026,20261,195,False
Culture,Summer 2026,0,0.0,S26,2026,20262,235,False
Culture,Fall 2026,0,0.0,F26,2026,20263,35,True
Culture,Winter 2027,0,0.0,W27,2027,20270,1,True
Cultured Meat,Summer 2005,0,0.0,S05,2005,20052,9,True
Cultured Meat,Winter 2006,0,0.0,W06,2006,20060,7,True
Cultured Meat,Summer 2006,0,0.0,S06,2006,20062,10,True
Cultured Meat,Winter 2007,0,0.0,W07,2007,20070,13,True
Cultured Meat,Summer 2007,0,0.0,S07,2007,20072,19,True
Cultured Meat,Winter 2008,0,0.0,W08,2008,20080,21,True
Cultured Meat,Summer 2008,0,0.0,S08,2008,20082,22,True
Cultured Meat,Winter 2009,0,0.0,W09,2009,20090,16,True
Cultured Meat,Summer 2009,0,0.0,S09,2009,20092,26,True
Cultured Meat,Winter 2010,0,0.0,W10,2010,20100,27,True
Cultured Meat,Summer 2010,0,0.0,S10,2010,20102,36,True
Cultured Meat,Winter 2011,0,0.0,W11,2011,20110,45,True
Cultured Meat,Summer 2011,0,0.0,S11,2011,20112,60,False
Cultured Meat,Winter 2012,0,0.0,W12,2012,20120,66,False
Cultured Meat,Summer 2012,0,0.0,S12,2012,20122,83,False
Cultured Meat,Winter 2013,0,0.0,W13,2013,20130,46,True
Cultured Meat,Summer 2013,0,0.0,S13,2013,20132,52,False
Cultured Meat,Winter 2014,0,0.0,W14,2014,20140,74,False
Cultured Meat,Summer 2014,0,0.0,S14,2014,20142,78,False
Cultured Meat,Winter 2015,0,0.0,W15,2015,20150,110,False
Cultured Meat,Summer 2015,0,0.0,S15,2015,20152,104,False
Cultured Meat,Winter 2016,0,0.0,W16,2016,20160,122,False
Cultured Meat,Summer 2016,0,0.0,S16,2016,20162,102,False
Cultured Meat,Winter 2017,0,0.0,W17,2017,20170,116,False
Cultured Meat,Summer 2017,0,0.0,S17,2017,20172,125,False
Cultured Meat,Winter 2018,0,0.0,W18,2018,20180,146,False
Cultured Meat,Summer 2018,0,0.0,S18,2018,20182,131,False
Cultured Meat,Winter 2019,0,0.0,W19,2019,20190,194,False
Cultured Meat,Summer 2019,0,0.0,S19,2019,20192,176,False
Cultured Meat,Winter 2020,0,0.0,W20,2020,20200,228,False
Cultured Meat,Summer 2020,0,0.0,S20,2020,20202,209,False
Cultured Meat,Winter 2021,1,0.298,W21,2021,20210,336,False
Cultured Meat,Summer 2021,1,0.256,S21,2021,20212,391,False
Cultured Meat,Winter 2022,1,0.251,W22,2022,20220,398,False
Cultured Meat,Summer 2022,0,0.0,S22,2022,20222,234,False
Cultured Meat,Winter 2023,0,0.0,W23,2023,20230,274,False
Cultured Meat,Summer 2023,0,0.0,S23,2023,20232,220,False
Cultured Meat,Winter 2024,0,0.0,W24,2024,20240,248,False
Cultured Meat,Summer 2024,0,0.0,S24,2024,20242,248,False
Cultured Meat,Fall 2024,0,0.0,F24,2024,20243,94,False
Cultured Meat,Winter 2025,0,0.0,W25,2025,20250,166,False
Cultured Meat,Spring 2025,0,0.0,X25,2025,20251,143,False
Cultured Meat,Summer 2025,0,0.0,S25,2025,20252,166,False
Cultured Meat,Fall 2025,0,0.0,F25,2025,20253,146,False
Cultured Meat,Winter 2026,0,0.0,W26,2026,20260,199,False
Cultured Meat,Spring 2026,0,0.0,X26,2026,20261,195,False
Cultured Meat,Summer 2026,0,0.0,S26,2026,20262,235,False
Cultured Meat,Fall 2026,0,0.0,F26,2026,20263,35,True
Cultured Meat,Winter 2027,0,0.0,W27,2027,20270,1,True
Customer Service,Summer 2005,0,0.0,S05,2005,20052,9,True
Customer Service,Winter 2006,0,0.0,W06,2006,20060,7,True
Customer Service,Summer 2006,0,0.0,S06,2006,20062,10,True
Customer Service,Winter 2007,0,0.0,W07,2007,20070,13,True
Customer Service,Summer 2007,0,0.0,S07,2007,20072,19,True
Customer Service,Winter 2008,0,0.0,W08,2008,20080,21,True
Customer Service,Summer 2008,0,0.0,S08,2008,20082,22,True
Customer Service,Winter 2009,0,0.0,W09,2009,20090,16,True
Customer Service,Summer 2009,1,3.846,S09,2009,20092,26,True
Customer Service,Winter 2010,0,0.0,W10,2010,20100,27,True
Customer Service,Summer 2010,0,0.0,S10,2010,20102,36,True
Customer Service,Winter 2011,1,2.222,W11,2011,20110,45,True
Customer Service,Summer 2011,0,0.0,S11,2011,20112,60,False
Customer Service,Winter 2012,1,1.515,W12,2012,20120,66,False
Customer Service,Summer 2012,0,0.0,S12,2012,20122,83,False
Customer Service,Winter 2013,0,0.0,W13,2013,20130,46,True
Customer Service,Summer 2013,0,0.0,S13,2013,20132,52,False
Customer Service,Winter 2014,0,0.0,W14,2014,20140,74,False
Customer Service,Summer 2014,0,0.0,S14,2014,20142,78,False
Customer Service,Winter 2015,0,0.0,W15,2015,20150,110,False
Customer Service,Summer 2015,0,0.0,S15,2015,20152,104,False
Customer Service,Winter 2016,1,0.82,W16,2016,20160,122,False
Customer Service,Summer 2016,1,0.98,S16,2016,20162,102,False
Customer Service,Winter 2017,1,0.862,W17,2017,20170,116,False
Customer Service,Summer 2017,2,1.6,S17,2017,20172,125,False
Customer Service,Winter 2018,1,0.685,W18,2018,20180,146,False
Customer Service,Summer 2018,0,0.0,S18,2018,20182,131,False
Customer Service,Winter 2019,1,0.515,W19,2019,20190,194,False
Customer Service,Summer 2019,0,0.0,S19,2019,20192,176,False
Customer Service,Winter 2020,0,0.0,W20,2020,20200,228,False
Customer Service,Summer 2020,0,0.0,S20,2020,20202,209,False
Customer Service,Winter 2021,2,0.595,W21,2021,20210,336,False
Customer Service,Summer 2021,0,0.0,S21,2021,20212,391,False
Customer Service,Winter 2022,2,0.503,W22,2022,20220,398,False
Customer Service,Summer 2022,0,0.0,S22,2022,20222,234,False
Customer Service,Winter 2023,2,0.73,W23,2023,20230,274,False
Customer Service,Summer 2023,1,0.455,S23,2023,20232,220,False
Customer Service,Winter 2024,2,0.806,W24,2024,20240,248,False
Customer Service,Summer 2024,1,0.403,S24,2024,20242,248,False
Customer Service,Fall 2024,1,1.064,F24,2024,20243,94,False
Customer Service,Winter 2025,1,0.602,W25,2025,20250,166,False
Customer Service,Spring 2025,0,0.0,X25,2025,20251,143,False
Customer Service,Summer 2025,1,0.602,S25,2025,20252,166,False
Customer Service,Fall 2025,0,0.0,F25,2025,20253,146,False
Customer Service,Winter 2026,0,0.0,W26,2026,20260,199,False
Customer Service,Spring 2026,0,0.0,X26,2026,20261,195,False
Customer Service,Summer 2026,1,0.426,S26,2026,20262,235,False
Customer Service,Fall 2026,0,0.0,F26,2026,20263,35,True
Customer Service,Winter 2027,0,0.0,W27,2027,20270,1,True
Customer Success,Summer 2005,0,0.0,S05,2005,20052,9,True
Customer Success,Winter 2006,0,0.0,W06,2006,20060,7,True
Customer Success,Summer 2006,0,0.0,S06,2006,20062,10,True
Customer Success,Winter 2007,0,0.0,W07,2007,20070,13,True
Customer Success,Summer 2007,0,0.0,S07,2007,20072,19,True
Customer Success,Winter 2008,0,0.0,W08,2008,20080,21,True
Customer Success,Summer 2008,0,0.0,S08,2008,20082,22,True
Customer Success,Winter 2009,0,0.0,W09,2009,20090,16,True
Customer Success,Summer 2009,0,0.0,S09,2009,20092,26,True
Customer Success,Winter 2010,0,0.0,W10,2010,20100,27,True
Customer Success,Summer 2010,0,0.0,S10,2010,20102,36,True
Customer Success,Winter 2011,0,0.0,W11,2011,20110,45,True
Customer Success,Summer 2011,0,0.0,S11,2011,20112,60,False
Customer Success,Winter 2012,0,0.0,W12,2012,20120,66,False
Customer Success,Summer 2012,1,1.205,S12,2012,20122,83,False
Customer Success,Winter 2013,0,0.0,W13,2013,20130,46,True
Customer Success,Summer 2013,0,0.0,S13,2013,20132,52,False
Customer Success,Winter 2014,0,0.0,W14,2014,20140,74,False
Customer Success,Summer 2014,0,0.0,S14,2014,20142,78,False
Customer Success,Winter 2015,0,0.0,W15,2015,20150,110,False
Customer Success,Summer 2015,0,0.0,S15,2015,20152,104,False
Customer Success,Winter 2016,0,0.0,W16,2016,20160,122,False
Customer Success,Summer 2016,1,0.98,S16,2016,20162,102,False
Customer Success,Winter 2017,0,0.0,W17,2017,20170,116,False
Customer Success,Summer 2017,0,0.0,S17,2017,20172,125,False
Customer Success,Winter 2018,0,0.0,W18,2018,20180,146,False
Customer Success,Summer 2018,0,0.0,S18,2018,20182,131,False
Customer Success,Winter 2019,1,0.515,W19,2019,20190,194,False
Customer Success,Summer 2019,0,0.0,S19,2019,20192,176,False
Customer Success,Winter 2020,0,0.0,W20,2020,20200,228,False
Customer Success,Summer 2020,0,0.0,S20,2020,20202,209,False
Customer Success,Winter 2021,2,0.595,W21,2021,20210,336,False
Customer Success,Summer 2021,2,0.512,S21,2021,20212,391,False
Customer Success,Winter 2022,3,0.754,W22,2022,20220,398,False
Customer Success,Summer 2022,1,0.427,S22,2022,20222,234,False
Customer Success,Winter 2023,7,2.555,W23,2023,20230,274,False
Customer Success,Summer 2023,0,0.0,S23,2023,20232,220,False
Customer Success,Winter 2024,1,0.403,W24,2024,20240,248,False
Customer Success,Summer 2024,2,0.806,S24,2024,20242,248,False
Customer Success,Fall 2024,1,1.064,F24,2024,20243,94,False
Customer Success,Winter 2025,1,0.602,W25,2025,20250,166,False
Customer Success,Spring 2025,0,0.0,X25,2025,20251,143,False
Customer Success,Summer 2025,0,0.0,S25,2025,20252,166,False
Customer Success,Fall 2025,3,2.055,F25,2025,20253,146,False
Customer Success,Winter 2026,0,0.0,W26,2026,20260,199,False
Customer Success,Spring 2026,0,0.0,X26,2026,20261,195,False
Customer Success,Summer 2026,1,0.426,S26,2026,20262,235,False
Customer Success,Fall 2026,0,0.0,F26,2026,20263,35,True
Customer Success,Winter 2027,0,0.0,W27,2027,20270,1,True
Customer Support,Summer 2005,0,0.0,S05,2005,20052,9,True
Customer Support,Winter 2006,0,0.0,W06,2006,20060,7,True
Customer Support,Summer 2006,0,0.0,S06,2006,20062,10,True
Customer Support,Winter 2007,0,0.0,W07,2007,20070,13,True
Customer Support,Summer 2007,0,0.0,S07,2007,20072,19,True
Customer Support,Winter 2008,0,0.0,W08,2008,20080,21,True
Customer Support,Summer 2008,0,0.0,S08,2008,20082,22,True
Customer Support,Winter 2009,0,0.0,W09,2009,20090,16,True
Customer Support,Summer 2009,0,0.0,S09,2009,20092,26,True
Customer Support,Winter 2010,0,0.0,W10,2010,20100,27,True
Customer Support,Summer 2010,0,0.0,S10,2010,20102,36,True
Customer Support,Winter 2011,0,0.0,W11,2011,20110,45,True
Customer Support,Summer 2011,0,0.0,S11,2011,20112,60,False
Customer Support,Winter 2012,0,0.0,W12,2012,20120,66,False
Customer Support,Summer 2012,0,0.0,S12,2012,20122,83,False
Customer Support,Winter 2013,0,0.0,W13,2013,20130,46,True
Customer Support,Summer 2013,0,0.0,S13,2013,20132,52,False
Customer Support,Winter 2014,0,0.0,W14,2014,20140,74,False
Customer Support,Summer 2014,0,0.0,S14,2014,20142,78,False
Customer Support,Winter 2015,0,0.0,W15,2015,20150,110,False
Customer Support,Summer 2015,0,0.0,S15,2015,20152,104,False
Customer Support,Winter 2016,0,0.0,W16,2016,20160,122,False
Customer Support,Summer 2016,1,0.98,S16,2016,20162,102,False
Customer Support,Winter 2017,0,0.0,W17,2017,20170,116,False
Customer Support,Summer 2017,0,0.0,S17,2017,20172,125,False
Customer Support,Winter 2018,0,0.0,W18,2018,20180,146,False
Customer Support,Summer 2018,0,0.0,S18,2018,20182,131,False
Customer Support,Winter 2019,2,1.031,W19,2019,20190,194,False
Customer Support,Summer 2019,0,0.0,S19,2019,20192,176,False
Customer Support,Winter 2020,0,0.0,W20,2020,20200,228,False
Customer Support,Summer 2020,0,0.0,S20,2020,20202,209,False
Customer Support,Winter 2021,2,0.595,W21,2021,20210,336,False
Customer Support,Summer 2021,0,0.0,S21,2021,20212,391,False
Customer Support,Winter 2022,3,0.754,W22,2022,20220,398,False
Customer Support,Summer 2022,2,0.855,S22,2022,20222,234,False
Customer Support,Winter 2023,7,2.555,W23,2023,20230,274,False
Customer Support,Summer 2023,2,0.909,S23,2023,20232,220,False
Customer Support,Winter 2024,4,1.613,W24,2024,20240,248,False
Customer Support,Summer 2024,2,0.806,S24,2024,20242,248,False
Customer Support,Fall 2024,1,1.064,F24,2024,20243,94,False
Customer Support,Winter 2025,0,0.0,W25,2025,20250,166,False
Customer Support,Spring 2025,1,0.699,X25,2025,20251,143,False
Customer Support,Summer 2025,0,0.0,S25,2025,20252,166,False
Customer Support,Fall 2025,2,1.37,F25,2025,20253,146,False
Customer Support,Winter 2026,0,0.0,W26,2026,20260,199,False
Customer Support,Spring 2026,0,0.0,X26,2026,20261,195,False
Customer Support,Summer 2026,1,0.426,S26,2026,20262,235,False
Customer Support,Fall 2026,0,0.0,F26,2026,20263,35,True
Customer Support,Winter 2027,0,0.0,W27,2027,20270,1,True
Customization,Summer 2005,0,0.0,S05,2005,20052,9,True
Customization,Winter 2006,0,0.0,W06,2006,20060,7,True
Customization,Summer 2006,0,0.0,S06,2006,20062,10,True
Customization,Winter 2007,0,0.0,W07,2007,20070,13,True
Customization,Summer 2007,0,0.0,S07,2007,20072,19,True
Customization,Winter 2008,0,0.0,W08,2008,20080,21,True
Customization,Summer 2008,0,0.0,S08,2008,20082,22,True
Customization,Winter 2009,0,0.0,W09,2009,20090,16,True
Customization,Summer 2009,0,0.0,S09,2009,20092,26,True
Customization,Winter 2010,0,0.0,W10,2010,20100,27,True
Customization,Summer 2010,0,0.0,S10,2010,20102,36,True
Customization,Winter 2011,0,0.0,W11,2011,20110,45,True
Customization,Summer 2011,0,0.0,S11,2011,20112,60,False
Customization,Winter 2012,0,0.0,W12,2012,20120,66,False
Customization,Summer 2012,1,1.205,S12,2012,20122,83,False
Customization,Winter 2013,0,0.0,W13,2013,20130,46,True
Customization,Summer 2013,0,0.0,S13,2013,20132,52,False
Customization,Winter 2014,0,0.0,W14,2014,20140,74,False
Customization,Summer 2014,0,0.0,S14,2014,20142,78,False
Customization,Winter 2015,0,0.0,W15,2015,20150,110,False
Customization,Summer 2015,1,0.962,S15,2015,20152,104,False
Customization,Winter 2016,0,0.0,W16,2016,20160,122,False
Customization,Summer 2016,0,0.0,S16,2016,20162,102,False
Customization,Winter 2017,0,0.0,W17,2017,20170,116,False
Customization,Summer 2017,0,0.0,S17,2017,20172,125,False
Customization,Winter 2018,0,0.0,W18,2018,20180,146,False
Customization,Summer 2018,0,0.0,S18,2018,20182,131,False
Customization,Winter 2019,0,0.0,W19,2019,20190,194,False
Customization,Summer 2019,0,0.0,S19,2019,20192,176,False
Customization,Winter 2020,0,0.0,W20,2020,20200,228,False
Customization,Summer 2020,0,0.0,S20,2020,20202,209,False
Customization,Winter 2021,0,0.0,W21,2021,20210,336,False
Customization,Summer 2021,0,0.0,S21,2021,20212,391,False
Customization,Winter 2022,0,0.0,W22,2022,20220,398,False
Customization,Summer 2022,0,0.0,S22,2022,20222,234,False
Customization,Winter 2023,0,0.0,W23,2023,20230,274,False
Customization,Summer 2023,0,0.0,S23,2023,20232,220,False
Customization,Winter 2024,0,0.0,W24,2024,20240,248,False
Customization,Summer 2024,0,0.0,S24,2024,20242,248,False
Customization,Fall 2024,0,0.0,F24,2024,20243,94,False
Customization,Winter 2025,0,0.0,W25,2025,20250,166,False
Customization,Spring 2025,0,0.0,X25,2025,20251,143,False
Customization,Summer 2025,0,0.0,S25,2025,20252,166,False
Customization,Fall 2025,0,0.0,F25,2025,20253,146,False
Customization,Winter 2026,0,0.0,W26,2026,20260,199,False
Customization,Spring 2026,0,0.0,X26,2026,20261,195,False
Customization,Summer 2026,0,0.0,S26,2026,20262,235,False
Customization,Fall 2026,0,0.0,F26,2026,20263,35,True
Customization,Winter 2027,0,0.0,W27,2027,20270,1,True
Cyber Insurance,Summer 2005,0,0.0,S05,2005,20052,9,True
Cyber Insurance,Winter 2006,0,0.0,W06,2006,20060,7,True
Cyber Insurance,Summer 2006,0,0.0,S06,2006,20062,10,True
Cyber Insurance,Winter 2007,0,0.0,W07,2007,20070,13,True
Cyber Insurance,Summer 2007,0,0.0,S07,2007,20072,19,True
Cyber Insurance,Winter 2008,0,0.0,W08,2008,20080,21,True
Cyber Insurance,Summer 2008,0,0.0,S08,2008,20082,22,True
Cyber Insurance,Winter 2009,0,0.0,W09,2009,20090,16,True
Cyber Insurance,Summer 2009,0,0.0,S09,2009,20092,26,True
Cyber Insurance,Winter 2010,0,0.0,W10,2010,20100,27,True
Cyber Insurance,Summer 2010,0,0.0,S10,2010,20102,36,True
Cyber Insurance,Winter 2011,0,0.0,W11,2011,20110,45,True
Cyber Insurance,Summer 2011,0,0.0,S11,2011,20112,60,False
Cyber Insurance,Winter 2012,0,0.0,W12,2012,20120,66,False
Cyber Insurance,Summer 2012,0,0.0,S12,2012,20122,83,False
Cyber Insurance,Winter 2013,0,0.0,W13,2013,20130,46,True
Cyber Insurance,Summer 2013,0,0.0,S13,2013,20132,52,False
Cyber Insurance,Winter 2014,0,0.0,W14,2014,20140,74,False
Cyber Insurance,Summer 2014,0,0.0,S14,2014,20142,78,False
Cyber Insurance,Winter 2015,0,0.0,W15,2015,20150,110,False
Cyber Insurance,Summer 2015,0,0.0,S15,2015,20152,104,False
Cyber Insurance,Winter 2016,0,0.0,W16,2016,20160,122,False
Cyber Insurance,Summer 2016,0,0.0,S16,2016,20162,102,False
Cyber Insurance,Winter 2017,0,0.0,W17,2017,20170,116,False
Cyber Insurance,Summer 2017,1,0.8,S17,2017,20172,125,False
Cyber Insurance,Winter 2018,0,0.0,W18,2018,20180,146,False
Cyber Insurance,Summer 2018,0,0.0,S18,2018,20182,131,False
Cyber Insurance,Winter 2019,0,0.0,W19,2019,20190,194,False
Cyber Insurance,Summer 2019,0,0.0,S19,2019,20192,176,False
Cyber Insurance,Winter 2020,0,0.0,W20,2020,20200,228,False
Cyber Insurance,Summer 2020,0,0.0,S20,2020,20202,209,False
Cyber Insurance,Winter 2021,0,0.0,W21,2021,20210,336,False
Cyber Insurance,Summer 2021,0,0.0,S21,2021,20212,391,False
Cyber Insurance,Winter 2022,0,0.0,W22,2022,20220,398,False
Cyber Insurance,Summer 2022,0,0.0,S22,2022,20222,234,False
Cyber Insurance,Winter 2023,0,0.0,W23,2023,20230,274,False
Cyber Insurance,Summer 2023,0,0.0,S23,2023,20232,220,False
Cyber Insurance,Winter 2024,0,0.0,W24,2024,20240,248,False
Cyber Insurance,Summer 2024,0,0.0,S24,2024,20242,248,False
Cyber Insurance,Fall 2024,0,0.0,F24,2024,20243,94,False
Cyber Insurance,Winter 2025,0,0.0,W25,2025,20250,166,False
Cyber Insurance,Spring 2025,0,0.0,X25,2025,20251,143,False
Cyber Insurance,Summer 2025,0,0.0,S25,2025,20252,166,False
Cyber Insurance,Fall 2025,0,0.0,F25,2025,20253,146,False
Cyber Insurance,Winter 2026,0,0.0,W26,2026,20260,199,False
Cyber Insurance,Spring 2026,0,0.0,X26,2026,20261,195,False
Cyber Insurance,Summer 2026,0,0.0,S26,2026,20262,235,False
Cyber Insurance,Fall 2026,0,0.0,F26,2026,20263,35,True
Cyber Insurance,Winter 2027,0,0.0,W27,2027,20270,1,True
Cybersecurity,Summer 2005,0,0.0,S05,2005,20052,9,True
Cybersecurity,Winter 2006,0,0.0,W06,2006,20060,7,True
Cybersecurity,Summer 2006,0,0.0,S06,2006,20062,10,True
Cybersecurity,Winter 2007,0,0.0,W07,2007,20070,13,True
Cybersecurity,Summer 2007,0,0.0,S07,2007,20072,19,True
Cybersecurity,Winter 2008,0,0.0,W08,2008,20080,21,True
Cybersecurity,Summer 2008,0,0.0,S08,2008,20082,22,True
Cybersecurity,Winter 2009,0,0.0,W09,2009,20090,16,True
Cybersecurity,Summer 2009,0,0.0,S09,2009,20092,26,True
Cybersecurity,Winter 2010,0,0.0,W10,2010,20100,27,True
Cybersecurity,Summer 2010,0,0.0,S10,2010,20102,36,True
Cybersecurity,Winter 2011,0,0.0,W11,2011,20110,45,True
Cybersecurity,Summer 2011,0,0.0,S11,2011,20112,60,False
Cybersecurity,Winter 2012,0,0.0,W12,2012,20120,66,False
Cybersecurity,Summer 2012,0,0.0,S12,2012,20122,83,False
Cybersecurity,Winter 2013,0,0.0,W13,2013,20130,46,True
Cybersecurity,Summer 2013,0,0.0,S13,2013,20132,52,False
Cybersecurity,Winter 2014,0,0.0,W14,2014,20140,74,False
Cybersecurity,Summer 2014,0,0.0,S14,2014,20142,78,False
Cybersecurity,Winter 2015,2,1.818,W15,2015,20150,110,False
Cybersecurity,Summer 2015,2,1.923,S15,2015,20152,104,False
Cybersecurity,Winter 2016,1,0.82,W16,2016,20160,122,False
Cybersecurity,Summer 2016,1,0.98,S16,2016,20162,102,False
Cybersecurity,Winter 2017,0,0.0,W17,2017,20170,116,False
Cybersecurity,Summer 2017,0,0.0,S17,2017,20172,125,False
Cybersecurity,Winter 2018,1,0.685,W18,2018,20180,146,False
Cybersecurity,Summer 2018,0,0.0,S18,2018,20182,131,False
Cybersecurity,Winter 2019,3,1.546,W19,2019,20190,194,False
Cybersecurity,Summer 2019,1,0.568,S19,2019,20192,176,False
Cybersecurity,Winter 2020,1,0.439,W20,2020,20200,228,False
Cybersecurity,Summer 2020,2,0.957,S20,2020,20202,209,False
Cybersecurity,Winter 2021,1,0.298,W21,2021,20210,336,False
Cybersecurity,Summer 2021,3,0.767,S21,2021,20212,391,False
Cybersecurity,Winter 2022,0,0.0,W22,2022,20220,398,False
Cybersecurity,Summer 2022,1,0.427,S22,2022,20222,234,False
Cybersecurity,Winter 2023,3,1.095,W23,2023,20230,274,False
Cybersecurity,Summer 2023,3,1.364,S23,2023,20232,220,False
Cybersecurity,Winter 2024,2,0.806,W24,2024,20240,248,False
Cybersecurity,Summer 2024,2,0.806,S24,2024,20242,248,False
Cybersecurity,Fall 2024,1,1.064,F24,2024,20243,94,False
Cybersecurity,Winter 2025,2,1.205,W25,2025,20250,166,False
Cybersecurity,Spring 2025,3,2.098,X25,2025,20251,143,False
Cybersecurity,Summer 2025,2,1.205,S25,2025,20252,166,False
Cybersecurity,Fall 2025,4,2.74,F25,2025,20253,146,False
Cybersecurity,Winter 2026,1,0.503,W26,2026,20260,199,False
Cybersecurity,Spring 2026,0,0.0,X26,2026,20261,195,False
Cybersecurity,Summer 2026,6,2.553,S26,2026,20262,235,False
Cybersecurity,Fall 2026,0,0.0,F26,2026,20263,35,True
Cybersecurity,Winter 2027,0,0.0,W27,2027,20270,1,True
DAO,Summer 2005,0,0.0,S05,2005,20052,9,True
DAO,Winter 2006,0,0.0,W06,2006,20060,7,True
DAO,Summer 2006,0,0.0,S06,2006,20062,10,True
DAO,Winter 2007,0,0.0,W07,2007,20070,13,True
DAO,Summer 2007,0,0.0,S07,2007,20072,19,True
DAO,Winter 2008,0,0.0,W08,2008,20080,21,True
DAO,Summer 2008,0,0.0,S08,2008,20082,22,True
DAO,Winter 2009,0,0.0,W09,2009,20090,16,True
DAO,Summer 2009,0,0.0,S09,2009,20092,26,True
DAO,Winter 2010,0,0.0,W10,2010,20100,27,True
DAO,Summer 2010,0,0.0,S10,2010,20102,36,True
DAO,Winter 2011,0,0.0,W11,2011,20110,45,True
DAO,Summer 2011,0,0.0,S11,2011,20112,60,False
DAO,Winter 2012,0,0.0,W12,2012,20120,66,False
DAO,Summer 2012,0,0.0,S12,2012,20122,83,False
DAO,Winter 2013,0,0.0,W13,2013,20130,46,True
DAO,Summer 2013,0,0.0,S13,2013,20132,52,False
DAO,Winter 2014,0,0.0,W14,2014,20140,74,False
DAO,Summer 2014,0,0.0,S14,2014,20142,78,False
DAO,Winter 2015,0,0.0,W15,2015,20150,110,False
DAO,Summer 2015,0,0.0,S15,2015,20152,104,False
DAO,Winter 2016,0,0.0,W16,2016,20160,122,False
DAO,Summer 2016,0,0.0,S16,2016,20162,102,False
DAO,Winter 2017,0,0.0,W17,2017,20170,116,False
DAO,Summer 2017,0,0.0,S17,2017,20172,125,False
DAO,Winter 2018,0,0.0,W18,2018,20180,146,False
DAO,Summer 2018,0,0.0,S18,2018,20182,131,False
DAO,Winter 2019,0,0.0,W19,2019,20190,194,False
DAO,Summer 2019,0,0.0,S19,2019,20192,176,False
DAO,Winter 2020,0,0.0,W20,2020,20200,228,False
DAO,Summer 2020,0,0.0,S20,2020,20202,209,False
DAO,Winter 2021,0,0.0,W21,2021,20210,336,False
DAO,Summer 2021,0,0.0,S21,2021,20212,391,False
DAO,Winter 2022,2,0.503,W22,2022,20220,398,False
DAO,Summer 2022,0,0.0,S22,2022,20222,234,False
DAO,Winter 2023,0,0.0,W23,2023,20230,274,False
DAO,Summer 2023,0,0.0,S23,2023,20232,220,False
DAO,Winter 2024,0,0.0,W24,2024,20240,248,False
DAO,Summer 2024,0,0.0,S24,2024,20242,248,False
DAO,Fall 2024,0,0.0,F24,2024,20243,94,False
DAO,Winter 2025,0,0.0,W25,2025,20250,166,False
DAO,Spring 2025,0,0.0,X25,2025,20251,143,False
DAO,Summer 2025,0,0.0,S25,2025,20252,166,False
DAO,Fall 2025,0,0.0,F25,2025,20253,146,False
DAO,Winter 2026,0,0.0,W26,2026,20260,199,False
DAO,Spring 2026,0,0.0,X26,2026,20261,195,False
DAO,Summer 2026,0,0.0,S26,2026,20262,235,False
DAO,Fall 2026,0,0.0,F26,2026,20263,35,True
DAO,Winter 2027,0,0.0,W27,2027,20270,1,True
Data Engineering,Summer 2005,0,0.0,S05,2005,20052,9,True
Data Engineering,Winter 2006,0,0.0,W06,2006,20060,7,True
Data Engineering,Summer 2006,0,0.0,S06,2006,20062,10,True
Data Engineering,Winter 2007,0,0.0,W07,2007,20070,13,True
Data Engineering,Summer 2007,0,0.0,S07,2007,20072,19,True
Data Engineering,Winter 2008,0,0.0,W08,2008,20080,21,True
Data Engineering,Summer 2008,1,4.545,S08,2008,20082,22,True
Data Engineering,Winter 2009,0,0.0,W09,2009,20090,16,True
Data Engineering,Summer 2009,0,0.0,S09,2009,20092,26,True
Data Engineering,Winter 2010,0,0.0,W10,2010,20100,27,True
Data Engineering,Summer 2010,0,0.0,S10,2010,20102,36,True
Data Engineering,Winter 2011,1,2.222,W11,2011,20110,45,True
Data Engineering,Summer 2011,0,0.0,S11,2011,20112,60,False
Data Engineering,Winter 2012,0,0.0,W12,2012,20120,66,False
Data Engineering,Summer 2012,0,0.0,S12,2012,20122,83,False
Data Engineering,Winter 2013,3,6.522,W13,2013,20130,46,True
Data Engineering,Summer 2013,0,0.0,S13,2013,20132,52,False
Data Engineering,Winter 2014,0,0.0,W14,2014,20140,74,False
Data Engineering,Summer 2014,0,0.0,S14,2014,20142,78,False
Data Engineering,Winter 2015,2,1.818,W15,2015,20150,110,False
Data Engineering,Summer 2015,1,0.962,S15,2015,20152,104,False
Data Engineering,Winter 2016,1,0.82,W16,2016,20160,122,False
Data Engineering,Summer 2016,0,0.0,S16,2016,20162,102,False
Data Engineering,Winter 2017,0,0.0,W17,2017,20170,116,False
Data Engineering,Summer 2017,1,0.8,S17,2017,20172,125,False
Data Engineering,Winter 2018,0,0.0,W18,2018,20180,146,False
Data Engineering,Summer 2018,1,0.763,S18,2018,20182,131,False
Data Engineering,Winter 2019,2,1.031,W19,2019,20190,194,False
Data Engineering,Summer 2019,5,2.841,S19,2019,20192,176,False
Data Engineering,Winter 2020,7,3.07,W20,2020,20200,228,False
Data Engineering,Summer 2020,7,3.349,S20,2020,20202,209,False
Data Engineering,Winter 2021,6,1.786,W21,2021,20210,336,False
Data Engineering,Summer 2021,9,2.302,S21,2021,20212,391,False
Data Engineering,Winter 2022,12,3.015,W22,2022,20220,398,False
Data Engineering,Summer 2022,7,2.991,S22,2022,20222,234,False
Data Engineering,Winter 2023,6,2.19,W23,2023,20230,274,False
Data Engineering,Summer 2023,5,2.273,S23,2023,20232,220,False
Data Engineering,Winter 2024,5,2.016,W24,2024,20240,248,False
Data Engineering,Summer 2024,4,1.613,S24,2024,20242,248,False
Data Engineering,Fall 2024,2,2.128,F24,2024,20243,94,False
Data Engineering,Winter 2025,2,1.205,W25,2025,20250,166,False
Data Engineering,Spring 2025,2,1.399,X25,2025,20251,143,False
Data Engineering,Summer 2025,1,0.602,S25,2025,20252,166,False
Data Engineering,Fall 2025,2,1.37,F25,2025,20253,146,False
Data Engineering,Winter 2026,4,2.01,W26,2026,20260,199,False
Data Engineering,Spring 2026,0,0.0,X26,2026,20261,195,False
Data Engineering,Summer 2026,8,3.404,S26,2026,20262,235,False
Data Engineering,Fall 2026,0,0.0,F26,2026,20263,35,True
Data Engineering,Winter 2027,0,0.0,W27,2027,20270,1,True
Data Labeling,Summer 2005,0,0.0,S05,2005,20052,9,True
Data Labeling,Winter 2006,0,0.0,W06,2006,20060,7,True
Data Labeling,Summer 2006,0,0.0,S06,2006,20062,10,True
Data Labeling,Winter 2007,0,0.0,W07,2007,20070,13,True
Data Labeling,Summer 2007,0,0.0,S07,2007,20072,19,True
Data Labeling,Winter 2008,0,0.0,W08,2008,20080,21,True
Data Labeling,Summer 2008,0,0.0,S08,2008,20082,22,True
Data Labeling,Winter 2009,0,0.0,W09,2009,20090,16,True
Data Labeling,Summer 2009,0,0.0,S09,2009,20092,26,True
Data Labeling,Winter 2010,0,0.0,W10,2010,20100,27,True
Data Labeling,Summer 2010,0,0.0,S10,2010,20102,36,True
Data Labeling,Winter 2011,0,0.0,W11,2011,20110,45,True
Data Labeling,Summer 2011,0,0.0,S11,2011,20112,60,False
Data Labeling,Winter 2012,0,0.0,W12,2012,20120,66,False
Data Labeling,Summer 2012,0,0.0,S12,2012,20122,83,False
Data Labeling,Winter 2013,0,0.0,W13,2013,20130,46,True
Data Labeling,Summer 2013,0,0.0,S13,2013,20132,52,False
Data Labeling,Winter 2014,0,0.0,W14,2014,20140,74,False
Data Labeling,Summer 2014,0,0.0,S14,2014,20142,78,False
Data Labeling,Winter 2015,0,0.0,W15,2015,20150,110,False
Data Labeling,Summer 2015,0,0.0,S15,2015,20152,104,False
Data Labeling,Winter 2016,0,0.0,W16,2016,20160,122,False
Data Labeling,Summer 2016,0,0.0,S16,2016,20162,102,False
Data Labeling,Winter 2017,0,0.0,W17,2017,20170,116,False
Data Labeling,Summer 2017,0,0.0,S17,2017,20172,125,False
Data Labeling,Winter 2018,0,0.0,W18,2018,20180,146,False
Data Labeling,Summer 2018,0,0.0,S18,2018,20182,131,False
Data Labeling,Winter 2019,1,0.515,W19,2019,20190,194,False
Data Labeling,Summer 2019,0,0.0,S19,2019,20192,176,False
Data Labeling,Winter 2020,0,0.0,W20,2020,20200,228,False
Data Labeling,Summer 2020,0,0.0,S20,2020,20202,209,False
Data Labeling,Winter 2021,0,0.0,W21,2021,20210,336,False
Data Labeling,Summer 2021,1,0.256,S21,2021,20212,391,False
Data Labeling,Winter 2022,3,0.754,W22,2022,20220,398,False
Data Labeling,Summer 2022,0,0.0,S22,2022,20222,234,False
Data Labeling,Winter 2023,0,0.0,W23,2023,20230,274,False
Data Labeling,Summer 2023,1,0.455,S23,2023,20232,220,False
Data Labeling,Winter 2024,0,0.0,W24,2024,20240,248,False
Data Labeling,Summer 2024,2,0.806,S24,2024,20242,248,False
Data Labeling,Fall 2024,0,0.0,F24,2024,20243,94,False
Data Labeling,Winter 2025,1,0.602,W25,2025,20250,166,False
Data Labeling,Spring 2025,3,2.098,X25,2025,20251,143,False
Data Labeling,Summer 2025,1,0.602,S25,2025,20252,166,False
Data Labeling,Fall 2025,1,0.685,F25,2025,20253,146,False
Data Labeling,Winter 2026,1,0.503,W26,2026,20260,199,False
Data Labeling,Spring 2026,0,0.0,X26,2026,20261,195,False
Data Labeling,Summer 2026,4,1.702,S26,2026,20262,235,False
Data Labeling,Fall 2026,0,0.0,F26,2026,20263,35,True
Data Labeling,Winter 2027,0,0.0,W27,2027,20270,1,True
Data Science,Summer 2005,0,0.0,S05,2005,20052,9,True
Data Science,Winter 2006,0,0.0,W06,2006,20060,7,True
Data Science,Summer 2006,0,0.0,S06,2006,20062,10,True
Data Science,Winter 2007,0,0.0,W07,2007,20070,13,True
Data Science,Summer 2007,0,0.0,S07,2007,20072,19,True
Data Science,Winter 2008,0,0.0,W08,2008,20080,21,True
Data Science,Summer 2008,0,0.0,S08,2008,20082,22,True
Data Science,Winter 2009,0,0.0,W09,2009,20090,16,True
Data Science,Summer 2009,0,0.0,S09,2009,20092,26,True
Data Science,Winter 2010,0,0.0,W10,2010,20100,27,True
Data Science,Summer 2010,0,0.0,S10,2010,20102,36,True
Data Science,Winter 2011,1,2.222,W11,2011,20110,45,True
Data Science,Summer 2011,0,0.0,S11,2011,20112,60,False
Data Science,Winter 2012,0,0.0,W12,2012,20120,66,False
Data Science,Summer 2012,0,0.0,S12,2012,20122,83,False
Data Science,Winter 2013,0,0.0,W13,2013,20130,46,True
Data Science,Summer 2013,0,0.0,S13,2013,20132,52,False
Data Science,Winter 2014,0,0.0,W14,2014,20140,74,False
Data Science,Summer 2014,0,0.0,S14,2014,20142,78,False
Data Science,Winter 2015,1,0.909,W15,2015,20150,110,False
Data Science,Summer 2015,1,0.962,S15,2015,20152,104,False
Data Science,Winter 2016,0,0.0,W16,2016,20160,122,False
Data Science,Summer 2016,1,0.98,S16,2016,20162,102,False
Data Science,Winter 2017,1,0.862,W17,2017,20170,116,False
Data Science,Summer 2017,0,0.0,S17,2017,20172,125,False
Data Science,Winter 2018,0,0.0,W18,2018,20180,146,False
Data Science,Summer 2018,0,0.0,S18,2018,20182,131,False
Data Science,Winter 2019,1,0.515,W19,2019,20190,194,False
Data Science,Summer 2019,0,0.0,S19,2019,20192,176,False
Data Science,Winter 2020,0,0.0,W20,2020,20200,228,False
Data Science,Summer 2020,2,0.957,S20,2020,20202,209,False
Data Science,Winter 2021,0,0.0,W21,2021,20210,336,False
Data Science,Summer 2021,1,0.256,S21,2021,20212,391,False
Data Science,Winter 2022,1,0.251,W22,2022,20220,398,False
Data Science,Summer 2022,0,0.0,S22,2022,20222,234,False
Data Science,Winter 2023,1,0.365,W23,2023,20230,274,False
Data Science,Summer 2023,5,2.273,S23,2023,20232,220,False
Data Science,Winter 2024,4,1.613,W24,2024,20240,248,False
Data Science,Summer 2024,4,1.613,S24,2024,20242,248,False
Data Science,Fall 2024,0,0.0,F24,2024,20243,94,False
Data Science,Winter 2025,1,0.602,W25,2025,20250,166,False
Data Science,Spring 2025,2,1.399,X25,2025,20251,143,False
Data Science,Summer 2025,2,1.205,S25,2025,20252,166,False
Data Science,Fall 2025,0,0.0,F25,2025,20253,146,False
Data Science,Winter 2026,0,0.0,W26,2026,20260,199,False
Data Science,Spring 2026,0,0.0,X26,2026,20261,195,False
Data Science,Summer 2026,3,1.277,S26,2026,20262,235,False
Data Science,Fall 2026,0,0.0,F26,2026,20263,35,True
Data Science,Winter 2027,0,0.0,W27,2027,20270,1,True
Data Visualization,Summer 2005,0,0.0,S05,2005,20052,9,True
Data Visualization,Winter 2006,0,0.0,W06,2006,20060,7,True
Data Visualization,Summer 2006,0,0.0,S06,2006,20062,10,True
Data Visualization,Winter 2007,0,0.0,W07,2007,20070,13,True
Data Visualization,Summer 2007,0,0.0,S07,2007,20072,19,True
Data Visualization,Winter 2008,0,0.0,W08,2008,20080,21,True
Data Visualization,Summer 2008,0,0.0,S08,2008,20082,22,True
Data Visualization,Winter 2009,0,0.0,W09,2009,20090,16,True
Data Visualization,Summer 2009,1,3.846,S09,2009,20092,26,True
Data Visualization,Winter 2010,1,3.704,W10,2010,20100,27,True
Data Visualization,Summer 2010,0,0.0,S10,2010,20102,36,True
Data Visualization,Winter 2011,0,0.0,W11,2011,20110,45,True
Data Visualization,Summer 2011,0,0.0,S11,2011,20112,60,False
Data Visualization,Winter 2012,1,1.515,W12,2012,20120,66,False
Data Visualization,Summer 2012,0,0.0,S12,2012,20122,83,False
Data Visualization,Winter 2013,1,2.174,W13,2013,20130,46,True
Data Visualization,Summer 2013,0,0.0,S13,2013,20132,52,False
Data Visualization,Winter 2014,0,0.0,W14,2014,20140,74,False
Data Visualization,Summer 2014,0,0.0,S14,2014,20142,78,False
Data Visualization,Winter 2015,0,0.0,W15,2015,20150,110,False
Data Visualization,Summer 2015,0,0.0,S15,2015,20152,104,False
Data Visualization,Winter 2016,0,0.0,W16,2016,20160,122,False
Data Visualization,Summer 2016,0,0.0,S16,2016,20162,102,False
Data Visualization,Winter 2017,0,0.0,W17,2017,20170,116,False
Data Visualization,Summer 2017,0,0.0,S17,2017,20172,125,False
Data Visualization,Winter 2018,0,0.0,W18,2018,20180,146,False
Data Visualization,Summer 2018,0,0.0,S18,2018,20182,131,False
Data Visualization,Winter 2019,0,0.0,W19,2019,20190,194,False
Data Visualization,Summer 2019,2,1.136,S19,2019,20192,176,False
Data Visualization,Winter 2020,1,0.439,W20,2020,20200,228,False
Data Visualization,Summer 2020,3,1.435,S20,2020,20202,209,False
Data Visualization,Winter 2021,1,0.298,W21,2021,20210,336,False
Data Visualization,Summer 2021,2,0.512,S21,2021,20212,391,False
Data Visualization,Winter 2022,0,0.0,W22,2022,20220,398,False
Data Visualization,Summer 2022,0,0.0,S22,2022,20222,234,False
Data Visualization,Winter 2023,4,1.46,W23,2023,20230,274,False
Data Visualization,Summer 2023,4,1.818,S23,2023,20232,220,False
Data Visualization,Winter 2024,5,2.016,W24,2024,20240,248,False
Data Visualization,Summer 2024,1,0.403,S24,2024,20242,248,False
Data Visualization,Fall 2024,0,0.0,F24,2024,20243,94,False
Data Visualization,Winter 2025,0,0.0,W25,2025,20250,166,False
Data Visualization,Spring 2025,1,0.699,X25,2025,20251,143,False
Data Visualization,Summer 2025,2,1.205,S25,2025,20252,166,False
Data Visualization,Fall 2025,0,0.0,F25,2025,20253,146,False
Data Visualization,Winter 2026,0,0.0,W26,2026,20260,199,False
Data Visualization,Spring 2026,0,0.0,X26,2026,20261,195,False
Data Visualization,Summer 2026,0,0.0,S26,2026,20262,235,False
Data Visualization,Fall 2026,0,0.0,F26,2026,20263,35,True
Data Visualization,Winter 2027,0,0.0,W27,2027,20270,1,True
Databases,Summer 2005,0,0.0,S05,2005,20052,9,True
Databases,Winter 2006,0,0.0,W06,2006,20060,7,True
Databases,Summer 2006,0,0.0,S06,2006,20062,10,True
Databases,Winter 2007,0,0.0,W07,2007,20070,13,True
Databases,Summer 2007,0,0.0,S07,2007,20072,19,True
Databases,Winter 2008,0,0.0,W08,2008,20080,21,True
Databases,Summer 2008,0,0.0,S08,2008,20082,22,True
Databases,Winter 2009,0,0.0,W09,2009,20090,16,True
Databases,Summer 2009,1,3.846,S09,2009,20092,26,True
Databases,Winter 2010,0,0.0,W10,2010,20100,27,True
Databases,Summer 2010,0,0.0,S10,2010,20102,36,True
Databases,Winter 2011,0,0.0,W11,2011,20110,45,True
Databases,Summer 2011,2,3.333,S11,2011,20112,60,False
Databases,Winter 2012,0,0.0,W12,2012,20120,66,False
Databases,Summer 2012,0,0.0,S12,2012,20122,83,False
Databases,Winter 2013,1,2.174,W13,2013,20130,46,True
Databases,Summer 2013,0,0.0,S13,2013,20132,52,False
Databases,Winter 2014,0,0.0,W14,2014,20140,74,False
Databases,Summer 2014,0,0.0,S14,2014,20142,78,False
Databases,Winter 2015,0,0.0,W15,2015,20150,110,False
Databases,Summer 2015,0,0.0,S15,2015,20152,104,False
Databases,Winter 2016,0,0.0,W16,2016,20160,122,False
Databases,Summer 2016,0,0.0,S16,2016,20162,102,False
Databases,Winter 2017,0,0.0,W17,2017,20170,116,False
Databases,Summer 2017,0,0.0,S17,2017,20172,125,False
Databases,Winter 2018,0,0.0,W18,2018,20180,146,False
Databases,Summer 2018,0,0.0,S18,2018,20182,131,False
Databases,Winter 2019,0,0.0,W19,2019,20190,194,False
Databases,Summer 2019,0,0.0,S19,2019,20192,176,False
Databases,Winter 2020,0,0.0,W20,2020,20200,228,False
Databases,Summer 2020,2,0.957,S20,2020,20202,209,False
Databases,Winter 2021,1,0.298,W21,2021,20210,336,False
Databases,Summer 2021,1,0.256,S21,2021,20212,391,False
Databases,Winter 2022,1,0.251,W22,2022,20220,398,False
Databases,Summer 2022,1,0.427,S22,2022,20222,234,False
Databases,Winter 2023,0,0.0,W23,2023,20230,274,False
Databases,Summer 2023,5,2.273,S23,2023,20232,220,False
Databases,Winter 2024,3,1.21,W24,2024,20240,248,False
Databases,Summer 2024,0,0.0,S24,2024,20242,248,False
Databases,Fall 2024,0,0.0,F24,2024,20243,94,False
Databases,Winter 2025,2,1.205,W25,2025,20250,166,False
Databases,Spring 2025,2,1.399,X25,2025,20251,143,False
Databases,Summer 2025,0,0.0,S25,2025,20252,166,False
Databases,Fall 2025,1,0.685,F25,2025,20253,146,False
Databases,Winter 2026,0,0.0,W26,2026,20260,199,False
Databases,Spring 2026,0,0.0,X26,2026,20261,195,False
Databases,Summer 2026,1,0.426,S26,2026,20262,235,False
Databases,Fall 2026,0,0.0,F26,2026,20263,35,True
Databases,Winter 2027,0,0.0,W27,2027,20270,1,True
Dating,Summer 2005,0,0.0,S05,2005,20052,9,True
Dating,Winter 2006,0,0.0,W06,2006,20060,7,True
Dating,Summer 2006,0,0.0,S06,2006,20062,10,True
Dating,Winter 2007,0,0.0,W07,2007,20070,13,True
Dating,Summer 2007,0,0.0,S07,2007,20072,19,True
Dating,Winter 2008,0,0.0,W08,2008,20080,21,True
Dating,Summer 2008,0,0.0,S08,2008,20082,22,True
Dating,Winter 2009,0,0.0,W09,2009,20090,16,True
Dating,Summer 2009,0,0.0,S09,2009,20092,26,True
Dating,Winter 2010,0,0.0,W10,2010,20100,27,True
Dating,Summer 2010,0,0.0,S10,2010,20102,36,True
Dating,Winter 2011,0,0.0,W11,2011,20110,45,True
Dating,Summer 2011,0,0.0,S11,2011,20112,60,False
Dating,Winter 2012,2,3.03,W12,2012,20120,66,False
Dating,Summer 2012,0,0.0,S12,2012,20122,83,False
Dating,Winter 2013,0,0.0,W13,2013,20130,46,True
Dating,Summer 2013,0,0.0,S13,2013,20132,52,False
Dating,Winter 2014,1,1.351,W14,2014,20140,74,False
Dating,Summer 2014,0,0.0,S14,2014,20142,78,False
Dating,Winter 2015,0,0.0,W15,2015,20150,110,False
Dating,Summer 2015,0,0.0,S15,2015,20152,104,False
Dating,Winter 2016,0,0.0,W16,2016,20160,122,False
Dating,Summer 2016,0,0.0,S16,2016,20162,102,False
Dating,Winter 2017,0,0.0,W17,2017,20170,116,False
Dating,Summer 2017,2,1.6,S17,2017,20172,125,False
Dating,Winter 2018,0,0.0,W18,2018,20180,146,False
Dating,Summer 2018,0,0.0,S18,2018,20182,131,False
Dating,Winter 2019,0,0.0,W19,2019,20190,194,False
Dating,Summer 2019,0,0.0,S19,2019,20192,176,False
Dating,Winter 2020,0,0.0,W20,2020,20200,228,False
Dating,Summer 2020,0,0.0,S20,2020,20202,209,False
Dating,Winter 2021,1,0.298,W21,2021,20210,336,False
Dating,Summer 2021,0,0.0,S21,2021,20212,391,False
Dating,Winter 2022,0,0.0,W22,2022,20220,398,False
Dating,Summer 2022,0,0.0,S22,2022,20222,234,False
Dating,Winter 2023,0,0.0,W23,2023,20230,274,False
Dating,Summer 2023,0,0.0,S23,2023,20232,220,False
Dating,Winter 2024,0,0.0,W24,2024,20240,248,False
Dating,Summer 2024,0,0.0,S24,2024,20242,248,False
Dating,Fall 2024,0,0.0,F24,2024,20243,94,False
Dating,Winter 2025,0,0.0,W25,2025,20250,166,False
Dating,Spring 2025,0,0.0,X25,2025,20251,143,False
Dating,Summer 2025,0,0.0,S25,2025,20252,166,False
Dating,Fall 2025,0,0.0,F25,2025,20253,146,False
Dating,Winter 2026,0,0.0,W26,2026,20260,199,False
Dating,Spring 2026,0,0.0,X26,2026,20261,195,False
Dating,Summer 2026,0,0.0,S26,2026,20262,235,False
Dating,Fall 2026,0,0.0,F26,2026,20263,35,True
Dating,Winter 2027,0,0.0,W27,2027,20270,1,True
DeFi,Summer 2005,0,0.0,S05,2005,20052,9,True
DeFi,Winter 2006,0,0.0,W06,2006,20060,7,True
DeFi,Summer 2006,0,0.0,S06,2006,20062,10,True
DeFi,Winter 2007,0,0.0,W07,2007,20070,13,True
DeFi,Summer 2007,0,0.0,S07,2007,20072,19,True
DeFi,Winter 2008,0,0.0,W08,2008,20080,21,True
DeFi,Summer 2008,0,0.0,S08,2008,20082,22,True
DeFi,Winter 2009,0,0.0,W09,2009,20090,16,True
DeFi,Summer 2009,0,0.0,S09,2009,20092,26,True
DeFi,Winter 2010,0,0.0,W10,2010,20100,27,True
DeFi,Summer 2010,0,0.0,S10,2010,20102,36,True
DeFi,Winter 2011,0,0.0,W11,2011,20110,45,True
DeFi,Summer 2011,0,0.0,S11,2011,20112,60,False
DeFi,Winter 2012,0,0.0,W12,2012,20120,66,False
DeFi,Summer 2012,0,0.0,S12,2012,20122,83,False
DeFi,Winter 2013,0,0.0,W13,2013,20130,46,True
DeFi,Summer 2013,0,0.0,S13,2013,20132,52,False
DeFi,Winter 2014,0,0.0,W14,2014,20140,74,False
DeFi,Summer 2014,0,0.0,S14,2014,20142,78,False
DeFi,Winter 2015,0,0.0,W15,2015,20150,110,False
DeFi,Summer 2015,0,0.0,S15,2015,20152,104,False
DeFi,Winter 2016,0,0.0,W16,2016,20160,122,False
DeFi,Summer 2016,0,0.0,S16,2016,20162,102,False
DeFi,Winter 2017,0,0.0,W17,2017,20170,116,False
DeFi,Summer 2017,0,0.0,S17,2017,20172,125,False
DeFi,Winter 2018,0,0.0,W18,2018,20180,146,False
DeFi,Summer 2018,0,0.0,S18,2018,20182,131,False
DeFi,Winter 2019,1,0.515,W19,2019,20190,194,False
DeFi,Summer 2019,1,0.568,S19,2019,20192,176,False
DeFi,Winter 2020,0,0.0,W20,2020,20200,228,False
DeFi,Summer 2020,0,0.0,S20,2020,20202,209,False
DeFi,Winter 2021,2,0.595,W21,2021,20210,336,False
DeFi,Summer 2021,1,0.256,S21,2021,20212,391,False
DeFi,Winter 2022,4,1.005,W22,2022,20220,398,False
DeFi,Summer 2022,3,1.282,S22,2022,20222,234,False
DeFi,Winter 2023,0,0.0,W23,2023,20230,274,False
DeFi,Summer 2023,0,0.0,S23,2023,20232,220,False
DeFi,Winter 2024,0,0.0,W24,2024,20240,248,False
DeFi,Summer 2024,0,0.0,S24,2024,20242,248,False
DeFi,Fall 2024,0,0.0,F24,2024,20243,94,False
DeFi,Winter 2025,0,0.0,W25,2025,20250,166,False
DeFi,Spring 2025,0,0.0,X25,2025,20251,143,False
DeFi,Summer 2025,0,0.0,S25,2025,20252,166,False
DeFi,Fall 2025,0,0.0,F25,2025,20253,146,False
DeFi,Winter 2026,0,0.0,W26,2026,20260,199,False
DeFi,Spring 2026,0,0.0,X26,2026,20261,195,False
DeFi,Summer 2026,0,0.0,S26,2026,20262,235,False
DeFi,Fall 2026,0,0.0,F26,2026,20263,35,True
DeFi,Winter 2027,0,0.0,W27,2027,20270,1,True
Deep Learning,Summer 2005,0,0.0,S05,2005,20052,9,True
Deep Learning,Winter 2006,0,0.0,W06,2006,20060,7,True
Deep Learning,Summer 2006,0,0.0,S06,2006,20062,10,True
Deep Learning,Winter 2007,0,0.0,W07,2007,20070,13,True
Deep Learning,Summer 2007,0,0.0,S07,2007,20072,19,True
Deep Learning,Winter 2008,0,0.0,W08,2008,20080,21,True
Deep Learning,Summer 2008,0,0.0,S08,2008,20082,22,True
Deep Learning,Winter 2009,0,0.0,W09,2009,20090,16,True
Deep Learning,Summer 2009,0,0.0,S09,2009,20092,26,True
Deep Learning,Winter 2010,0,0.0,W10,2010,20100,27,True
Deep Learning,Summer 2010,0,0.0,S10,2010,20102,36,True
Deep Learning,Winter 2011,0,0.0,W11,2011,20110,45,True
Deep Learning,Summer 2011,0,0.0,S11,2011,20112,60,False
Deep Learning,Winter 2012,0,0.0,W12,2012,20120,66,False
Deep Learning,Summer 2012,0,0.0,S12,2012,20122,83,False
Deep Learning,Winter 2013,0,0.0,W13,2013,20130,46,True
Deep Learning,Summer 2013,0,0.0,S13,2013,20132,52,False
Deep Learning,Winter 2014,1,1.351,W14,2014,20140,74,False
Deep Learning,Summer 2014,0,0.0,S14,2014,20142,78,False
Deep Learning,Winter 2015,3,2.727,W15,2015,20150,110,False
Deep Learning,Summer 2015,0,0.0,S15,2015,20152,104,False
Deep Learning,Winter 2016,2,1.639,W16,2016,20160,122,False
Deep Learning,Summer 2016,0,0.0,S16,2016,20162,102,False
Deep Learning,Winter 2017,0,0.0,W17,2017,20170,116,False
Deep Learning,Summer 2017,1,0.8,S17,2017,20172,125,False
Deep Learning,Winter 2018,5,3.425,W18,2018,20180,146,False
Deep Learning,Summer 2018,1,0.763,S18,2018,20182,131,False
Deep Learning,Winter 2019,2,1.031,W19,2019,20190,194,False
Deep Learning,Summer 2019,2,1.136,S19,2019,20192,176,False
Deep Learning,Winter 2020,1,0.439,W20,2020,20200,228,False
Deep Learning,Summer 2020,2,0.957,S20,2020,20202,209,False
Deep Learning,Winter 2021,5,1.488,W21,2021,20210,336,False
Deep Learning,Summer 2021,0,0.0,S21,2021,20212,391,False
Deep Learning,Winter 2022,0,0.0,W22,2022,20220,398,False
Deep Learning,Summer 2022,1,0.427,S22,2022,20222,234,False
Deep Learning,Winter 2023,1,0.365,W23,2023,20230,274,False
Deep Learning,Summer 2023,2,0.909,S23,2023,20232,220,False
Deep Learning,Winter 2024,1,0.403,W24,2024,20240,248,False
Deep Learning,Summer 2024,2,0.806,S24,2024,20242,248,False
Deep Learning,Fall 2024,1,1.064,F24,2024,20243,94,False
Deep Learning,Winter 2025,0,0.0,W25,2025,20250,166,False
Deep Learning,Spring 2025,0,0.0,X25,2025,20251,143,False
Deep Learning,Summer 2025,1,0.602,S25,2025,20252,166,False
Deep Learning,Fall 2025,0,0.0,F25,2025,20253,146,False
Deep Learning,Winter 2026,2,1.005,W26,2026,20260,199,False
Deep Learning,Spring 2026,1,0.513,X26,2026,20261,195,False
Deep Learning,Summer 2026,5,2.128,S26,2026,20262,235,False
Deep Learning,Fall 2026,2,5.714,F26,2026,20263,35,True
Deep Learning,Winter 2027,0,0.0,W27,2027,20270,1,True
Deepfake Detection,Summer 2005,0,0.0,S05,2005,20052,9,True
Deepfake Detection,Winter 2006,0,0.0,W06,2006,20060,7,True
Deepfake Detection,Summer 2006,0,0.0,S06,2006,20062,10,True
Deepfake Detection,Winter 2007,0,0.0,W07,2007,20070,13,True
Deepfake Detection,Summer 2007,0,0.0,S07,2007,20072,19,True
Deepfake Detection,Winter 2008,0,0.0,W08,2008,20080,21,True
Deepfake Detection,Summer 2008,0,0.0,S08,2008,20082,22,True
Deepfake Detection,Winter 2009,0,0.0,W09,2009,20090,16,True
Deepfake Detection,Summer 2009,0,0.0,S09,2009,20092,26,True
Deepfake Detection,Winter 2010,0,0.0,W10,2010,20100,27,True
Deepfake Detection,Summer 2010,0,0.0,S10,2010,20102,36,True
Deepfake Detection,Winter 2011,0,0.0,W11,2011,20110,45,True
Deepfake Detection,Summer 2011,0,0.0,S11,2011,20112,60,False
Deepfake Detection,Winter 2012,0,0.0,W12,2012,20120,66,False
Deepfake Detection,Summer 2012,0,0.0,S12,2012,20122,83,False
Deepfake Detection,Winter 2013,0,0.0,W13,2013,20130,46,True
Deepfake Detection,Summer 2013,0,0.0,S13,2013,20132,52,False
Deepfake Detection,Winter 2014,0,0.0,W14,2014,20140,74,False
Deepfake Detection,Summer 2014,0,0.0,S14,2014,20142,78,False
Deepfake Detection,Winter 2015,0,0.0,W15,2015,20150,110,False
Deepfake Detection,Summer 2015,0,0.0,S15,2015,20152,104,False
Deepfake Detection,Winter 2016,0,0.0,W16,2016,20160,122,False
Deepfake Detection,Summer 2016,0,0.0,S16,2016,20162,102,False
Deepfake Detection,Winter 2017,0,0.0,W17,2017,20170,116,False
Deepfake Detection,Summer 2017,0,0.0,S17,2017,20172,125,False
Deepfake Detection,Winter 2018,0,0.0,W18,2018,20180,146,False
Deepfake Detection,Summer 2018,0,0.0,S18,2018,20182,131,False
Deepfake Detection,Winter 2019,0,0.0,W19,2019,20190,194,False
Deepfake Detection,Summer 2019,0,0.0,S19,2019,20192,176,False
Deepfake Detection,Winter 2020,0,0.0,W20,2020,20200,228,False
Deepfake Detection,Summer 2020,0,0.0,S20,2020,20202,209,False
Deepfake Detection,Winter 2021,0,0.0,W21,2021,20210,336,False
Deepfake Detection,Summer 2021,0,0.0,S21,2021,20212,391,False
Deepfake Detection,Winter 2022,1,0.251,W22,2022,20220,398,False
Deepfake Detection,Summer 2022,0,0.0,S22,2022,20222,234,False
Deepfake Detection,Winter 2023,0,0.0,W23,2023,20230,274,False
Deepfake Detection,Summer 2023,0,0.0,S23,2023,20232,220,False
Deepfake Detection,Winter 2024,0,0.0,W24,2024,20240,248,False
Deepfake Detection,Summer 2024,0,0.0,S24,2024,20242,248,False
Deepfake Detection,Fall 2024,0,0.0,F24,2024,20243,94,False
Deepfake Detection,Winter 2025,0,0.0,W25,2025,20250,166,False
Deepfake Detection,Spring 2025,0,0.0,X25,2025,20251,143,False
Deepfake Detection,Summer 2025,0,0.0,S25,2025,20252,166,False
Deepfake Detection,Fall 2025,0,0.0,F25,2025,20253,146,False
Deepfake Detection,Winter 2026,0,0.0,W26,2026,20260,199,False
Deepfake Detection,Spring 2026,0,0.0,X26,2026,20261,195,False
Deepfake Detection,Summer 2026,0,0.0,S26,2026,20262,235,False
Deepfake Detection,Fall 2026,0,0.0,F26,2026,20263,35,True
Deepfake Detection,Winter 2027,0,0.0,W27,2027,20270,1,True
Defense,Summer 2005,0,0.0,S05,2005,20052,9,True
Defense,Winter 2006,0,0.0,W06,2006,20060,7,True
Defense,Summer 2006,0,0.0,S06,2006,20062,10,True
Defense,Winter 2007,0,0.0,W07,2007,20070,13,True
Defense,Summer 2007,0,0.0,S07,2007,20072,19,True
Defense,Winter 2008,0,0.0,W08,2008,20080,21,True
Defense,Summer 2008,0,0.0,S08,2008,20082,22,True
Defense,Winter 2009,0,0.0,W09,2009,20090,16,True
Defense,Summer 2009,0,0.0,S09,2009,20092,26,True
Defense,Winter 2010,0,0.0,W10,2010,20100,27,True
Defense,Summer 2010,0,0.0,S10,2010,20102,36,True
Defense,Winter 2011,0,0.0,W11,2011,20110,45,True
Defense,Summer 2011,0,0.0,S11,2011,20112,60,False
Defense,Winter 2012,1,1.515,W12,2012,20120,66,False
Defense,Summer 2012,0,0.0,S12,2012,20122,83,False
Defense,Winter 2013,0,0.0,W13,2013,20130,46,True
Defense,Summer 2013,0,0.0,S13,2013,20132,52,False
Defense,Winter 2014,0,0.0,W14,2014,20140,74,False
Defense,Summer 2014,1,1.282,S14,2014,20142,78,False
Defense,Winter 2015,0,0.0,W15,2015,20150,110,False
Defense,Summer 2015,0,0.0,S15,2015,20152,104,False
Defense,Winter 2016,0,0.0,W16,2016,20160,122,False
Defense,Summer 2016,1,0.98,S16,2016,20162,102,False
Defense,Winter 2017,0,0.0,W17,2017,20170,116,False
Defense,Summer 2017,0,0.0,S17,2017,20172,125,False
Defense,Winter 2018,0,0.0,W18,2018,20180,146,False
Defense,Summer 2018,0,0.0,S18,2018,20182,131,False
Defense,Winter 2019,1,0.515,W19,2019,20190,194,False
Defense,Summer 2019,0,0.0,S19,2019,20192,176,False
Defense,Winter 2020,0,0.0,W20,2020,20200,228,False
Defense,Summer 2020,0,0.0,S20,2020,20202,209,False
Defense,Winter 2021,1,0.298,W21,2021,20210,336,False
Defense,Summer 2021,3,0.767,S21,2021,20212,391,False
Defense,Winter 2022,1,0.251,W22,2022,20220,398,False
Defense,Summer 2022,0,0.0,S22,2022,20222,234,False
Defense,Winter 2023,0,0.0,W23,2023,20230,274,False
Defense,Summer 2023,0,0.0,S23,2023,20232,220,False
Defense,Winter 2024,1,0.403,W24,2024,20240,248,False
Defense,Summer 2024,2,0.806,S24,2024,20242,248,False
Defense,Fall 2024,2,2.128,F24,2024,20243,94,False
Defense,Winter 2025,0,0.0,W25,2025,20250,166,False
Defense,Spring 2025,0,0.0,X25,2025,20251,143,False
Defense,Summer 2025,1,0.602,S25,2025,20252,166,False
Defense,Fall 2025,3,2.055,F25,2025,20253,146,False
Defense,Winter 2026,1,0.503,W26,2026,20260,199,False
Defense,Spring 2026,2,1.026,X26,2026,20261,195,False
Defense,Summer 2026,8,3.404,S26,2026,20262,235,False
Defense,Fall 2026,0,0.0,F26,2026,20263,35,True
Defense,Winter 2027,0,0.0,W27,2027,20270,1,True
Delivery,Summer 2005,0,0.0,S05,2005,20052,9,True
Delivery,Winter 2006,0,0.0,W06,2006,20060,7,True
Delivery,Summer 2006,0,0.0,S06,2006,20062,10,True
Delivery,Winter 2007,0,0.0,W07,2007,20070,13,True
Delivery,Summer 2007,0,0.0,S07,2007,20072,19,True
Delivery,Winter 2008,0,0.0,W08,2008,20080,21,True
Delivery,Summer 2008,0,0.0,S08,2008,20082,22,True
Delivery,Winter 2009,0,0.0,W09,2009,20090,16,True
Delivery,Summer 2009,0,0.0,S09,2009,20092,26,True
Delivery,Winter 2010,0,0.0,W10,2010,20100,27,True
Delivery,Summer 2010,0,0.0,S10,2010,20102,36,True
Delivery,Winter 2011,0,0.0,W11,2011,20110,45,True
Delivery,Summer 2011,1,1.667,S11,2011,20112,60,False
Delivery,Winter 2012,0,0.0,W12,2012,20120,66,False
Delivery,Summer 2012,1,1.205,S12,2012,20122,83,False
Delivery,Winter 2013,1,2.174,W13,2013,20130,46,True
Delivery,Summer 2013,2,3.846,S13,2013,20132,52,False
Delivery,Winter 2014,1,1.351,W14,2014,20140,74,False
Delivery,Summer 2014,1,1.282,S14,2014,20142,78,False
Delivery,Winter 2015,1,0.909,W15,2015,20150,110,False
Delivery,Summer 2015,1,0.962,S15,2015,20152,104,False
Delivery,Winter 2016,2,1.639,W16,2016,20160,122,False
Delivery,Summer 2016,2,1.961,S16,2016,20162,102,False
Delivery,Winter 2017,2,1.724,W17,2017,20170,116,False
Delivery,Summer 2017,2,1.6,S17,2017,20172,125,False
Delivery,Winter 2018,0,0.0,W18,2018,20180,146,False
Delivery,Summer 2018,1,0.763,S18,2018,20182,131,False
Delivery,Winter 2019,4,2.062,W19,2019,20190,194,False
Delivery,Summer 2019,2,1.136,S19,2019,20192,176,False
Delivery,Winter 2020,2,0.877,W20,2020,20200,228,False
Delivery,Summer 2020,6,2.871,S20,2020,20202,209,False
Delivery,Winter 2021,4,1.19,W21,2021,20210,336,False
Delivery,Summer 2021,8,2.046,S21,2021,20212,391,False
Delivery,Winter 2022,5,1.256,W22,2022,20220,398,False
Delivery,Summer 2022,2,0.855,S22,2022,20222,234,False
Delivery,Winter 2023,1,0.365,W23,2023,20230,274,False
Delivery,Summer 2023,1,0.455,S23,2023,20232,220,False
Delivery,Winter 2024,0,0.0,W24,2024,20240,248,False
Delivery,Summer 2024,0,0.0,S24,2024,20242,248,False
Delivery,Fall 2024,1,1.064,F24,2024,20243,94,False
Delivery,Winter 2025,0,0.0,W25,2025,20250,166,False
Delivery,Spring 2025,0,0.0,X25,2025,20251,143,False
Delivery,Summer 2025,0,0.0,S25,2025,20252,166,False
Delivery,Fall 2025,0,0.0,F25,2025,20253,146,False
Delivery,Winter 2026,0,0.0,W26,2026,20260,199,False
Delivery,Spring 2026,0,0.0,X26,2026,20261,195,False
Delivery,Summer 2026,0,0.0,S26,2026,20262,235,False
Delivery,Fall 2026,0,0.0,F26,2026,20263,35,True
Delivery,Winter 2027,0,0.0,W27,2027,20270,1,True
Dental,Summer 2005,0,0.0,S05,2005,20052,9,True
Dental,Winter 2006,0,0.0,W06,2006,20060,7,True
Dental,Summer 2006,0,0.0,S06,2006,20062,10,True
Dental,Winter 2007,0,0.0,W07,2007,20070,13,True
Dental,Summer 2007,0,0.0,S07,2007,20072,19,True
Dental,Winter 2008,0,0.0,W08,2008,20080,21,True
Dental,Summer 2008,0,0.0,S08,2008,20082,22,True
Dental,Winter 2009,0,0.0,W09,2009,20090,16,True
Dental,Summer 2009,0,0.0,S09,2009,20092,26,True
Dental,Winter 2010,0,0.0,W10,2010,20100,27,True
Dental,Summer 2010,0,0.0,S10,2010,20102,36,True
Dental,Winter 2011,0,0.0,W11,2011,20110,45,True
Dental,Summer 2011,0,0.0,S11,2011,20112,60,False
Dental,Winter 2012,0,0.0,W12,2012,20120,66,False
Dental,Summer 2012,0,0.0,S12,2012,20122,83,False
Dental,Winter 2013,0,0.0,W13,2013,20130,46,True
Dental,Summer 2013,0,0.0,S13,2013,20132,52,False
Dental,Winter 2014,0,0.0,W14,2014,20140,74,False
Dental,Summer 2014,0,0.0,S14,2014,20142,78,False
Dental,Winter 2015,0,0.0,W15,2015,20150,110,False
Dental,Summer 2015,0,0.0,S15,2015,20152,104,False
Dental,Winter 2016,0,0.0,W16,2016,20160,122,False
Dental,Summer 2016,0,0.0,S16,2016,20162,102,False
Dental,Winter 2017,0,0.0,W17,2017,20170,116,False
Dental,Summer 2017,0,0.0,S17,2017,20172,125,False
Dental,Winter 2018,1,0.685,W18,2018,20180,146,False
Dental,Summer 2018,0,0.0,S18,2018,20182,131,False
Dental,Winter 2019,0,0.0,W19,2019,20190,194,False
Dental,Summer 2019,0,0.0,S19,2019,20192,176,False
Dental,Winter 2020,0,0.0,W20,2020,20200,228,False
Dental,Summer 2020,0,0.0,S20,2020,20202,209,False
Dental,Winter 2021,0,0.0,W21,2021,20210,336,False
Dental,Summer 2021,0,0.0,S21,2021,20212,391,False
Dental,Winter 2022,0,0.0,W22,2022,20220,398,False
Dental,Summer 2022,0,0.0,S22,2022,20222,234,False
Dental,Winter 2023,0,0.0,W23,2023,20230,274,False
Dental,Summer 2023,0,0.0,S23,2023,20232,220,False
Dental,Winter 2024,1,0.403,W24,2024,20240,248,False
Dental,Summer 2024,1,0.403,S24,2024,20242,248,False
Dental,Fall 2024,0,0.0,F24,2024,20243,94,False
Dental,Winter 2025,1,0.602,W25,2025,20250,166,False
Dental,Spring 2025,0,0.0,X25,2025,20251,143,False
Dental,Summer 2025,1,0.602,S25,2025,20252,166,False
Dental,Fall 2025,0,0.0,F25,2025,20253,146,False
Dental,Winter 2026,0,0.0,W26,2026,20260,199,False
Dental,Spring 2026,0,0.0,X26,2026,20261,195,False
Dental,Summer 2026,0,0.0,S26,2026,20262,235,False
Dental,Fall 2026,0,0.0,F26,2026,20263,35,True
Dental,Winter 2027,0,0.0,W27,2027,20270,1,True
Design,Summer 2005,0,0.0,S05,2005,20052,9,True
Design,Winter 2006,0,0.0,W06,2006,20060,7,True
Design,Summer 2006,0,0.0,S06,2006,20062,10,True
Design,Winter 2007,0,0.0,W07,2007,20070,13,True
Design,Summer 2007,0,0.0,S07,2007,20072,19,True
Design,Winter 2008,0,0.0,W08,2008,20080,21,True
Design,Summer 2008,0,0.0,S08,2008,20082,22,True
Design,Winter 2009,0,0.0,W09,2009,20090,16,True
Design,Summer 2009,0,0.0,S09,2009,20092,26,True
Design,Winter 2010,1,3.704,W10,2010,20100,27,True
Design,Summer 2010,1,2.778,S10,2010,20102,36,True
Design,Winter 2011,0,0.0,W11,2011,20110,45,True
Design,Summer 2011,0,0.0,S11,2011,20112,60,False
Design,Winter 2012,1,1.515,W12,2012,20120,66,False
Design,Summer 2012,2,2.41,S12,2012,20122,83,False
Design,Winter 2013,0,0.0,W13,2013,20130,46,True
Design,Summer 2013,1,1.923,S13,2013,20132,52,False
Design,Winter 2014,0,0.0,W14,2014,20140,74,False
Design,Summer 2014,0,0.0,S14,2014,20142,78,False
Design,Winter 2015,0,0.0,W15,2015,20150,110,False
Design,Summer 2015,0,0.0,S15,2015,20152,104,False
Design,Winter 2016,0,0.0,W16,2016,20160,122,False
Design,Summer 2016,0,0.0,S16,2016,20162,102,False
Design,Winter 2017,0,0.0,W17,2017,20170,116,False
Design,Summer 2017,0,0.0,S17,2017,20172,125,False
Design,Winter 2018,1,0.685,W18,2018,20180,146,False
Design,Summer 2018,1,0.763,S18,2018,20182,131,False
Design,Winter 2019,0,0.0,W19,2019,20190,194,False
Design,Summer 2019,0,0.0,S19,2019,20192,176,False
Design,Winter 2020,0,0.0,W20,2020,20200,228,False
Design,Summer 2020,1,0.478,S20,2020,20202,209,False
Design,Winter 2021,1,0.298,W21,2021,20210,336,False
Design,Summer 2021,1,0.256,S21,2021,20212,391,False
Design,Winter 2022,1,0.251,W22,2022,20220,398,False
Design,Summer 2022,0,0.0,S22,2022,20222,234,False
Design,Winter 2023,0,0.0,W23,2023,20230,274,False
Design,Summer 2023,3,1.364,S23,2023,20232,220,False
Design,Winter 2024,1,0.403,W24,2024,20240,248,False
Design,Summer 2024,0,0.0,S24,2024,20242,248,False
Design,Fall 2024,2,2.128,F24,2024,20243,94,False
Design,Winter 2025,3,1.807,W25,2025,20250,166,False
Design,Spring 2025,1,0.699,X25,2025,20251,143,False
Design,Summer 2025,2,1.205,S25,2025,20252,166,False
Design,Fall 2025,4,2.74,F25,2025,20253,146,False
Design,Winter 2026,0,0.0,W26,2026,20260,199,False
Design,Spring 2026,0,0.0,X26,2026,20261,195,False
Design,Summer 2026,2,0.851,S26,2026,20262,235,False
Design,Fall 2026,0,0.0,F26,2026,20263,35,True
Design,Winter 2027,0,0.0,W27,2027,20270,1,True
Design Tools,Summer 2005,0,0.0,S05,2005,20052,9,True
Design Tools,Winter 2006,0,0.0,W06,2006,20060,7,True
Design Tools,Summer 2006,0,0.0,S06,2006,20062,10,True
Design Tools,Winter 2007,0,0.0,W07,2007,20070,13,True
Design Tools,Summer 2007,0,0.0,S07,2007,20072,19,True
Design Tools,Winter 2008,0,0.0,W08,2008,20080,21,True
Design Tools,Summer 2008,0,0.0,S08,2008,20082,22,True
Design Tools,Winter 2009,0,0.0,W09,2009,20090,16,True
Design Tools,Summer 2009,0,0.0,S09,2009,20092,26,True
Design Tools,Winter 2010,0,0.0,W10,2010,20100,27,True
Design Tools,Summer 2010,1,2.778,S10,2010,20102,36,True
Design Tools,Winter 2011,1,2.222,W11,2011,20110,45,True
Design Tools,Summer 2011,0,0.0,S11,2011,20112,60,False
Design Tools,Winter 2012,0,0.0,W12,2012,20120,66,False
Design Tools,Summer 2012,2,2.41,S12,2012,20122,83,False
Design Tools,Winter 2013,0,0.0,W13,2013,20130,46,True
Design Tools,Summer 2013,0,0.0,S13,2013,20132,52,False
Design Tools,Winter 2014,0,0.0,W14,2014,20140,74,False
Design Tools,Summer 2014,0,0.0,S14,2014,20142,78,False
Design Tools,Winter 2015,2,1.818,W15,2015,20150,110,False
Design Tools,Summer 2015,2,1.923,S15,2015,20152,104,False
Design Tools,Winter 2016,2,1.639,W16,2016,20160,122,False
Design Tools,Summer 2016,0,0.0,S16,2016,20162,102,False
Design Tools,Winter 2017,0,0.0,W17,2017,20170,116,False
Design Tools,Summer 2017,0,0.0,S17,2017,20172,125,False
Design Tools,Winter 2018,6,4.11,W18,2018,20180,146,False
Design Tools,Summer 2018,2,1.527,S18,2018,20182,131,False
Design Tools,Winter 2019,2,1.031,W19,2019,20190,194,False
Design Tools,Summer 2019,2,1.136,S19,2019,20192,176,False
Design Tools,Winter 2020,3,1.316,W20,2020,20200,228,False
Design Tools,Summer 2020,2,0.957,S20,2020,20202,209,False
Design Tools,Winter 2021,7,2.083,W21,2021,20210,336,False
Design Tools,Summer 2021,2,0.512,S21,2021,20212,391,False
Design Tools,Winter 2022,3,0.754,W22,2022,20220,398,False
Design Tools,Summer 2022,0,0.0,S22,2022,20222,234,False
Design Tools,Winter 2023,4,1.46,W23,2023,20230,274,False
Design Tools,Summer 2023,2,0.909,S23,2023,20232,220,False
Design Tools,Winter 2024,2,0.806,W24,2024,20240,248,False
Design Tools,Summer 2024,1,0.403,S24,2024,20242,248,False
Design Tools,Fall 2024,3,3.191,F24,2024,20243,94,False
Design Tools,Winter 2025,1,0.602,W25,2025,20250,166,False
Design Tools,Spring 2025,1,0.699,X25,2025,20251,143,False
Design Tools,Summer 2025,1,0.602,S25,2025,20252,166,False
Design Tools,Fall 2025,2,1.37,F25,2025,20253,146,False
Design Tools,Winter 2026,0,0.0,W26,2026,20260,199,False
Design Tools,Spring 2026,0,0.0,X26,2026,20261,195,False
Design Tools,Summer 2026,1,0.426,S26,2026,20262,235,False
Design Tools,Fall 2026,0,0.0,F26,2026,20263,35,True
Design Tools,Winter 2027,0,0.0,W27,2027,20270,1,True
DevOps,Summer 2005,0,0.0,S05,2005,20052,9,True
DevOps,Winter 2006,0,0.0,W06,2006,20060,7,True
DevOps,Summer 2006,0,0.0,S06,2006,20062,10,True
DevOps,Winter 2007,0,0.0,W07,2007,20070,13,True
DevOps,Summer 2007,0,0.0,S07,2007,20072,19,True
DevOps,Winter 2008,1,4.762,W08,2008,20080,21,True
DevOps,Summer 2008,0,0.0,S08,2008,20082,22,True
DevOps,Winter 2009,0,0.0,W09,2009,20090,16,True
DevOps,Summer 2009,0,0.0,S09,2009,20092,26,True
DevOps,Winter 2010,0,0.0,W10,2010,20100,27,True
DevOps,Summer 2010,2,5.556,S10,2010,20102,36,True
DevOps,Winter 2011,0,0.0,W11,2011,20110,45,True
DevOps,Summer 2011,1,1.667,S11,2011,20112,60,False
DevOps,Winter 2012,1,1.515,W12,2012,20120,66,False
DevOps,Summer 2012,1,1.205,S12,2012,20122,83,False
DevOps,Winter 2013,0,0.0,W13,2013,20130,46,True
DevOps,Summer 2013,2,3.846,S13,2013,20132,52,False
DevOps,Winter 2014,0,0.0,W14,2014,20140,74,False
DevOps,Summer 2014,2,2.564,S14,2014,20142,78,False
DevOps,Winter 2015,2,1.818,W15,2015,20150,110,False
DevOps,Summer 2015,0,0.0,S15,2015,20152,104,False
DevOps,Winter 2016,0,0.0,W16,2016,20160,122,False
DevOps,Summer 2016,1,0.98,S16,2016,20162,102,False
DevOps,Winter 2017,1,0.862,W17,2017,20170,116,False
DevOps,Summer 2017,0,0.0,S17,2017,20172,125,False
DevOps,Winter 2018,0,0.0,W18,2018,20180,146,False
DevOps,Summer 2018,0,0.0,S18,2018,20182,131,False
DevOps,Winter 2019,1,0.515,W19,2019,20190,194,False
DevOps,Summer 2019,0,0.0,S19,2019,20192,176,False
DevOps,Winter 2020,2,0.877,W20,2020,20200,228,False
DevOps,Summer 2020,4,1.914,S20,2020,20202,209,False
DevOps,Winter 2021,0,0.0,W21,2021,20210,336,False
DevOps,Summer 2021,3,0.767,S21,2021,20212,391,False
DevOps,Winter 2022,2,0.503,W22,2022,20220,398,False
DevOps,Summer 2022,0,0.0,S22,2022,20222,234,False
DevOps,Winter 2023,5,1.825,W23,2023,20230,274,False
DevOps,Summer 2023,3,1.364,S23,2023,20232,220,False
DevOps,Winter 2024,1,0.403,W24,2024,20240,248,False
DevOps,Summer 2024,3,1.21,S24,2024,20242,248,False
DevOps,Fall 2024,3,3.191,F24,2024,20243,94,False
DevOps,Winter 2025,1,0.602,W25,2025,20250,166,False
DevOps,Spring 2025,1,0.699,X25,2025,20251,143,False
DevOps,Summer 2025,2,1.205,S25,2025,20252,166,False
DevOps,Fall 2025,2,1.37,F25,2025,20253,146,False
DevOps,Winter 2026,0,0.0,W26,2026,20260,199,False
DevOps,Spring 2026,0,0.0,X26,2026,20261,195,False
DevOps,Summer 2026,2,0.851,S26,2026,20262,235,False
DevOps,Fall 2026,2,5.714,F26,2026,20263,35,True
DevOps,Winter 2027,0,0.0,W27,2027,20270,1,True
DevSecOps,Summer 2005,0,0.0,S05,2005,20052,9,True
DevSecOps,Winter 2006,0,0.0,W06,2006,20060,7,True
DevSecOps,Summer 2006,0,0.0,S06,2006,20062,10,True
DevSecOps,Winter 2007,0,0.0,W07,2007,20070,13,True
DevSecOps,Summer 2007,0,0.0,S07,2007,20072,19,True
DevSecOps,Winter 2008,0,0.0,W08,2008,20080,21,True
DevSecOps,Summer 2008,0,0.0,S08,2008,20082,22,True
DevSecOps,Winter 2009,0,0.0,W09,2009,20090,16,True
DevSecOps,Summer 2009,0,0.0,S09,2009,20092,26,True
DevSecOps,Winter 2010,0,0.0,W10,2010,20100,27,True
DevSecOps,Summer 2010,0,0.0,S10,2010,20102,36,True
DevSecOps,Winter 2011,0,0.0,W11,2011,20110,45,True
DevSecOps,Summer 2011,1,1.667,S11,2011,20112,60,False
DevSecOps,Winter 2012,0,0.0,W12,2012,20120,66,False
DevSecOps,Summer 2012,1,1.205,S12,2012,20122,83,False
DevSecOps,Winter 2013,0,0.0,W13,2013,20130,46,True
DevSecOps,Summer 2013,0,0.0,S13,2013,20132,52,False
DevSecOps,Winter 2014,0,0.0,W14,2014,20140,74,False
DevSecOps,Summer 2014,1,1.282,S14,2014,20142,78,False
DevSecOps,Winter 2015,2,1.818,W15,2015,20150,110,False
DevSecOps,Summer 2015,2,1.923,S15,2015,20152,104,False
DevSecOps,Winter 2016,0,0.0,W16,2016,20160,122,False
DevSecOps,Summer 2016,0,0.0,S16,2016,20162,102,False
DevSecOps,Winter 2017,2,1.724,W17,2017,20170,116,False
DevSecOps,Summer 2017,0,0.0,S17,2017,20172,125,False
DevSecOps,Winter 2018,1,0.685,W18,2018,20180,146,False
DevSecOps,Summer 2018,0,0.0,S18,2018,20182,131,False
DevSecOps,Winter 2019,3,1.546,W19,2019,20190,194,False
DevSecOps,Summer 2019,1,0.568,S19,2019,20192,176,False
DevSecOps,Winter 2020,1,0.439,W20,2020,20200,228,False
DevSecOps,Summer 2020,4,1.914,S20,2020,20202,209,False
DevSecOps,Winter 2021,2,0.595,W21,2021,20210,336,False
DevSecOps,Summer 2021,1,0.256,S21,2021,20212,391,False
DevSecOps,Winter 2022,3,0.754,W22,2022,20220,398,False
DevSecOps,Summer 2022,2,0.855,S22,2022,20222,234,False
DevSecOps,Winter 2023,2,0.73,W23,2023,20230,274,False
DevSecOps,Summer 2023,1,0.455,S23,2023,20232,220,False
DevSecOps,Winter 2024,0,0.0,W24,2024,20240,248,False
DevSecOps,Summer 2024,0,0.0,S24,2024,20242,248,False
DevSecOps,Fall 2024,0,0.0,F24,2024,20243,94,False
DevSecOps,Winter 2025,0,0.0,W25,2025,20250,166,False
DevSecOps,Spring 2025,1,0.699,X25,2025,20251,143,False
DevSecOps,Summer 2025,1,0.602,S25,2025,20252,166,False
DevSecOps,Fall 2025,0,0.0,F25,2025,20253,146,False
DevSecOps,Winter 2026,0,0.0,W26,2026,20260,199,False
DevSecOps,Spring 2026,1,0.513,X26,2026,20261,195,False
DevSecOps,Summer 2026,0,0.0,S26,2026,20262,235,False
DevSecOps,Fall 2026,0,0.0,F26,2026,20263,35,True
DevSecOps,Winter 2027,0,0.0,W27,2027,20270,1,True
Developer Tools,Summer 2005,0,0.0,S05,2005,20052,9,True
Developer Tools,Winter 2006,0,0.0,W06,2006,20060,7,True
Developer Tools,Summer 2006,0,0.0,S06,2006,20062,10,True
Developer Tools,Winter 2007,0,0.0,W07,2007,20070,13,True
Developer Tools,Summer 2007,0,0.0,S07,2007,20072,19,True
Developer Tools,Winter 2008,1,4.762,W08,2008,20080,21,True
Developer Tools,Summer 2008,0,0.0,S08,2008,20082,22,True
Developer Tools,Winter 2009,0,0.0,W09,2009,20090,16,True
Developer Tools,Summer 2009,1,3.846,S09,2009,20092,26,True
Developer Tools,Winter 2010,0,0.0,W10,2010,20100,27,True
Developer Tools,Summer 2010,0,0.0,S10,2010,20102,36,True
Developer Tools,Winter 2011,1,2.222,W11,2011,20110,45,True
Developer Tools,Summer 2011,6,10.0,S11,2011,20112,60,False
Developer Tools,Winter 2012,3,4.545,W12,2012,20120,66,False
Developer Tools,Summer 2012,5,6.024,S12,2012,20122,83,False
Developer Tools,Winter 2013,1,2.174,W13,2013,20130,46,True
Developer Tools,Summer 2013,3,5.769,S13,2013,20132,52,False
Developer Tools,Winter 2014,2,2.703,W14,2014,20140,74,False
Developer Tools,Summer 2014,2,2.564,S14,2014,20142,78,False
Developer Tools,Winter 2015,6,5.455,W15,2015,20150,110,False
Developer Tools,Summer 2015,7,6.731,S15,2015,20152,104,False
Developer Tools,Winter 2016,7,5.738,W16,2016,20160,122,False
Developer Tools,Summer 2016,1,0.98,S16,2016,20162,102,False
Developer Tools,Winter 2017,4,3.448,W17,2017,20170,116,False
Developer Tools,Summer 2017,3,2.4,S17,2017,20172,125,False
Developer Tools,Winter 2018,6,4.11,W18,2018,20180,146,False
Developer Tools,Summer 2018,7,5.344,S18,2018,20182,131,False
Developer Tools,Winter 2019,15,7.732,W19,2019,20190,194,False
Developer Tools,Summer 2019,17,9.659,S19,2019,20192,176,False
Developer Tools,Winter 2020,24,10.526,W20,2020,20200,228,False
Developer Tools,Summer 2020,24,11.483,S20,2020,20202,209,False
Developer Tools,Winter 2021,34,10.119,W21,2021,20210,336,False
Developer Tools,Summer 2021,33,8.44,S21,2021,20212,391,False
Developer Tools,Winter 2022,34,8.543,W22,2022,20220,398,False
Developer Tools,Summer 2022,24,10.256,S22,2022,20222,234,False
Developer Tools,Winter 2023,49,17.883,W23,2023,20230,274,False
Developer Tools,Summer 2023,32,14.545,S23,2023,20232,220,False
Developer Tools,Winter 2024,31,12.5,W24,2024,20240,248,False
Developer Tools,Summer 2024,32,12.903,S24,2024,20242,248,False
Developer Tools,Fall 2024,18,19.149,F24,2024,20243,94,False
Developer Tools,Winter 2025,16,9.639,W25,2025,20250,166,False
Developer Tools,Spring 2025,20,13.986,X25,2025,20251,143,False
Developer Tools,Summer 2025,23,13.855,S25,2025,20252,166,False
Developer Tools,Fall 2025,14,9.589,F25,2025,20253,146,False
Developer Tools,Winter 2026,5,2.513,W26,2026,20260,199,False
Developer Tools,Spring 2026,8,4.103,X26,2026,20261,195,False
Developer Tools,Summer 2026,23,9.787,S26,2026,20262,235,False
Developer Tools,Fall 2026,6,17.143,F26,2026,20263,35,True
Developer Tools,Winter 2027,0,0.0,W27,2027,20270,1,True
Diagnostics,Summer 2005,0,0.0,S05,2005,20052,9,True
Diagnostics,Winter 2006,0,0.0,W06,2006,20060,7,True
Diagnostics,Summer 2006,0,0.0,S06,2006,20062,10,True
Diagnostics,Winter 2007,0,0.0,W07,2007,20070,13,True
Diagnostics,Summer 2007,0,0.0,S07,2007,20072,19,True
Diagnostics,Winter 2008,0,0.0,W08,2008,20080,21,True
Diagnostics,Summer 2008,0,0.0,S08,2008,20082,22,True
Diagnostics,Winter 2009,0,0.0,W09,2009,20090,16,True
Diagnostics,Summer 2009,0,0.0,S09,2009,20092,26,True
Diagnostics,Winter 2010,0,0.0,W10,2010,20100,27,True
Diagnostics,Summer 2010,0,0.0,S10,2010,20102,36,True
Diagnostics,Winter 2011,0,0.0,W11,2011,20110,45,True
Diagnostics,Summer 2011,0,0.0,S11,2011,20112,60,False
Diagnostics,Winter 2012,0,0.0,W12,2012,20120,66,False
Diagnostics,Summer 2012,1,1.205,S12,2012,20122,83,False
Diagnostics,Winter 2013,0,0.0,W13,2013,20130,46,True
Diagnostics,Summer 2013,0,0.0,S13,2013,20132,52,False
Diagnostics,Winter 2014,0,0.0,W14,2014,20140,74,False
Diagnostics,Summer 2014,2,2.564,S14,2014,20142,78,False
Diagnostics,Winter 2015,1,0.909,W15,2015,20150,110,False
Diagnostics,Summer 2015,1,0.962,S15,2015,20152,104,False
Diagnostics,Winter 2016,3,2.459,W16,2016,20160,122,False
Diagnostics,Summer 2016,1,0.98,S16,2016,20162,102,False
Diagnostics,Winter 2017,1,0.862,W17,2017,20170,116,False
Diagnostics,Summer 2017,2,1.6,S17,2017,20172,125,False
Diagnostics,Winter 2018,0,0.0,W18,2018,20180,146,False
Diagnostics,Summer 2018,2,1.527,S18,2018,20182,131,False
Diagnostics,Winter 2019,1,0.515,W19,2019,20190,194,False
Diagnostics,Summer 2019,0,0.0,S19,2019,20192,176,False
Diagnostics,Winter 2020,2,0.877,W20,2020,20200,228,False
Diagnostics,Summer 2020,2,0.957,S20,2020,20202,209,False
Diagnostics,Winter 2021,2,0.595,W21,2021,20210,336,False
Diagnostics,Summer 2021,3,0.767,S21,2021,20212,391,False
Diagnostics,Winter 2022,2,0.503,W22,2022,20220,398,False
Diagnostics,Summer 2022,2,0.855,S22,2022,20222,234,False
Diagnostics,Winter 2023,1,0.365,W23,2023,20230,274,False
Diagnostics,Summer 2023,1,0.455,S23,2023,20232,220,False
Diagnostics,Winter 2024,0,0.0,W24,2024,20240,248,False
Diagnostics,Summer 2024,2,0.806,S24,2024,20242,248,False
Diagnostics,Fall 2024,0,0.0,F24,2024,20243,94,False
Diagnostics,Winter 2025,0,0.0,W25,2025,20250,166,False
Diagnostics,Spring 2025,0,0.0,X25,2025,20251,143,False
Diagnostics,Summer 2025,0,0.0,S25,2025,20252,166,False
Diagnostics,Fall 2025,0,0.0,F25,2025,20253,146,False
Diagnostics,Winter 2026,0,0.0,W26,2026,20260,199,False
Diagnostics,Spring 2026,0,0.0,X26,2026,20261,195,False
Diagnostics,Summer 2026,0,0.0,S26,2026,20262,235,False
Diagnostics,Fall 2026,0,0.0,F26,2026,20263,35,True
Diagnostics,Winter 2027,0,0.0,W27,2027,20270,1,True
Digital Freight Brokerage,Summer 2005,0,0.0,S05,2005,20052,9,True
Digital Freight Brokerage,Winter 2006,0,0.0,W06,2006,20060,7,True
Digital Freight Brokerage,Summer 2006,0,0.0,S06,2006,20062,10,True
Digital Freight Brokerage,Winter 2007,0,0.0,W07,2007,20070,13,True
Digital Freight Brokerage,Summer 2007,0,0.0,S07,2007,20072,19,True
Digital Freight Brokerage,Winter 2008,0,0.0,W08,2008,20080,21,True
Digital Freight Brokerage,Summer 2008,0,0.0,S08,2008,20082,22,True
Digital Freight Brokerage,Winter 2009,0,0.0,W09,2009,20090,16,True
Digital Freight Brokerage,Summer 2009,0,0.0,S09,2009,20092,26,True
Digital Freight Brokerage,Winter 2010,0,0.0,W10,2010,20100,27,True
Digital Freight Brokerage,Summer 2010,0,0.0,S10,2010,20102,36,True
Digital Freight Brokerage,Winter 2011,0,0.0,W11,2011,20110,45,True
Digital Freight Brokerage,Summer 2011,0,0.0,S11,2011,20112,60,False
Digital Freight Brokerage,Winter 2012,0,0.0,W12,2012,20120,66,False
Digital Freight Brokerage,Summer 2012,0,0.0,S12,2012,20122,83,False
Digital Freight Brokerage,Winter 2013,0,0.0,W13,2013,20130,46,True
Digital Freight Brokerage,Summer 2013,0,0.0,S13,2013,20132,52,False
Digital Freight Brokerage,Winter 2014,0,0.0,W14,2014,20140,74,False
Digital Freight Brokerage,Summer 2014,0,0.0,S14,2014,20142,78,False
Digital Freight Brokerage,Winter 2015,0,0.0,W15,2015,20150,110,False
Digital Freight Brokerage,Summer 2015,0,0.0,S15,2015,20152,104,False
Digital Freight Brokerage,Winter 2016,0,0.0,W16,2016,20160,122,False
Digital Freight Brokerage,Summer 2016,0,0.0,S16,2016,20162,102,False
Digital Freight Brokerage,Winter 2017,0,0.0,W17,2017,20170,116,False
Digital Freight Brokerage,Summer 2017,0,0.0,S17,2017,20172,125,False
Digital Freight Brokerage,Winter 2018,0,0.0,W18,2018,20180,146,False
Digital Freight Brokerage,Summer 2018,0,0.0,S18,2018,20182,131,False
Digital Freight Brokerage,Winter 2019,0,0.0,W19,2019,20190,194,False
Digital Freight Brokerage,Summer 2019,0,0.0,S19,2019,20192,176,False
Digital Freight Brokerage,Winter 2020,2,0.877,W20,2020,20200,228,False
Digital Freight Brokerage,Summer 2020,0,0.0,S20,2020,20202,209,False
Digital Freight Brokerage,Winter 2021,0,0.0,W21,2021,20210,336,False
Digital Freight Brokerage,Summer 2021,0,0.0,S21,2021,20212,391,False
Digital Freight Brokerage,Winter 2022,0,0.0,W22,2022,20220,398,False
Digital Freight Brokerage,Summer 2022,0,0.0,S22,2022,20222,234,False
Digital Freight Brokerage,Winter 2023,0,0.0,W23,2023,20230,274,False
Digital Freight Brokerage,Summer 2023,0,0.0,S23,2023,20232,220,False
Digital Freight Brokerage,Winter 2024,0,0.0,W24,2024,20240,248,False
Digital Freight Brokerage,Summer 2024,0,0.0,S24,2024,20242,248,False
Digital Freight Brokerage,Fall 2024,0,0.0,F24,2024,20243,94,False
Digital Freight Brokerage,Winter 2025,0,0.0,W25,2025,20250,166,False
Digital Freight Brokerage,Spring 2025,0,0.0,X25,2025,20251,143,False
Digital Freight Brokerage,Summer 2025,0,0.0,S25,2025,20252,166,False
Digital Freight Brokerage,Fall 2025,0,0.0,F25,2025,20253,146,False
Digital Freight Brokerage,Winter 2026,0,0.0,W26,2026,20260,199,False
Digital Freight Brokerage,Spring 2026,0,0.0,X26,2026,20261,195,False
Digital Freight Brokerage,Summer 2026,1,0.426,S26,2026,20262,235,False
Digital Freight Brokerage,Fall 2026,0,0.0,F26,2026,20263,35,True
Digital Freight Brokerage,Winter 2027,0,0.0,W27,2027,20270,1,True
Digital Health,Summer 2005,0,0.0,S05,2005,20052,9,True
Digital Health,Winter 2006,0,0.0,W06,2006,20060,7,True
Digital Health,Summer 2006,0,0.0,S06,2006,20062,10,True
Digital Health,Winter 2007,0,0.0,W07,2007,20070,13,True
Digital Health,Summer 2007,0,0.0,S07,2007,20072,19,True
Digital Health,Winter 2008,0,0.0,W08,2008,20080,21,True
Digital Health,Summer 2008,0,0.0,S08,2008,20082,22,True
Digital Health,Winter 2009,0,0.0,W09,2009,20090,16,True
Digital Health,Summer 2009,0,0.0,S09,2009,20092,26,True
Digital Health,Winter 2010,0,0.0,W10,2010,20100,27,True
Digital Health,Summer 2010,0,0.0,S10,2010,20102,36,True
Digital Health,Winter 2011,0,0.0,W11,2011,20110,45,True
Digital Health,Summer 2011,0,0.0,S11,2011,20112,60,False
Digital Health,Winter 2012,0,0.0,W12,2012,20120,66,False
Digital Health,Summer 2012,0,0.0,S12,2012,20122,83,False
Digital Health,Winter 2013,0,0.0,W13,2013,20130,46,True
Digital Health,Summer 2013,1,1.923,S13,2013,20132,52,False
Digital Health,Winter 2014,1,1.351,W14,2014,20140,74,False
Digital Health,Summer 2014,2,2.564,S14,2014,20142,78,False
Digital Health,Winter 2015,2,1.818,W15,2015,20150,110,False
Digital Health,Summer 2015,1,0.962,S15,2015,20152,104,False
Digital Health,Winter 2016,1,0.82,W16,2016,20160,122,False
Digital Health,Summer 2016,1,0.98,S16,2016,20162,102,False
Digital Health,Winter 2017,3,2.586,W17,2017,20170,116,False
Digital Health,Summer 2017,3,2.4,S17,2017,20172,125,False
Digital Health,Winter 2018,3,2.055,W18,2018,20180,146,False
Digital Health,Summer 2018,4,3.053,S18,2018,20182,131,False
Digital Health,Winter 2019,4,2.062,W19,2019,20190,194,False
Digital Health,Summer 2019,5,2.841,S19,2019,20192,176,False
Digital Health,Winter 2020,1,0.439,W20,2020,20200,228,False
Digital Health,Summer 2020,7,3.349,S20,2020,20202,209,False
Digital Health,Winter 2021,10,2.976,W21,2021,20210,336,False
Digital Health,Summer 2021,11,2.813,S21,2021,20212,391,False
Digital Health,Winter 2022,14,3.518,W22,2022,20220,398,False
Digital Health,Summer 2022,6,2.564,S22,2022,20222,234,False
Digital Health,Winter 2023,4,1.46,W23,2023,20230,274,False
Digital Health,Summer 2023,6,2.727,S23,2023,20232,220,False
Digital Health,Winter 2024,8,3.226,W24,2024,20240,248,False
Digital Health,Summer 2024,2,0.806,S24,2024,20242,248,False
Digital Health,Fall 2024,3,3.191,F24,2024,20243,94,False
Digital Health,Winter 2025,4,2.41,W25,2025,20250,166,False
Digital Health,Spring 2025,1,0.699,X25,2025,20251,143,False
Digital Health,Summer 2025,0,0.0,S25,2025,20252,166,False
Digital Health,Fall 2025,4,2.74,F25,2025,20253,146,False
Digital Health,Winter 2026,1,0.503,W26,2026,20260,199,False
Digital Health,Spring 2026,1,0.513,X26,2026,20261,195,False
Digital Health,Summer 2026,2,0.851,S26,2026,20262,235,False
Digital Health,Fall 2026,0,0.0,F26,2026,20263,35,True
Digital Health,Winter 2027,0,0.0,W27,2027,20270,1,True
Diversity & Inclusion,Summer 2005,0,0.0,S05,2005,20052,9,True
Diversity & Inclusion,Winter 2006,0,0.0,W06,2006,20060,7,True
Diversity & Inclusion,Summer 2006,0,0.0,S06,2006,20062,10,True
Diversity & Inclusion,Winter 2007,0,0.0,W07,2007,20070,13,True
Diversity & Inclusion,Summer 2007,0,0.0,S07,2007,20072,19,True
Diversity & Inclusion,Winter 2008,0,0.0,W08,2008,20080,21,True
Diversity & Inclusion,Summer 2008,0,0.0,S08,2008,20082,22,True
Diversity & Inclusion,Winter 2009,0,0.0,W09,2009,20090,16,True
Diversity & Inclusion,Summer 2009,0,0.0,S09,2009,20092,26,True
Diversity & Inclusion,Winter 2010,0,0.0,W10,2010,20100,27,True
Diversity & Inclusion,Summer 2010,0,0.0,S10,2010,20102,36,True
Diversity & Inclusion,Winter 2011,0,0.0,W11,2011,20110,45,True
Diversity & Inclusion,Summer 2011,0,0.0,S11,2011,20112,60,False
Diversity & Inclusion,Winter 2012,0,0.0,W12,2012,20120,66,False
Diversity & Inclusion,Summer 2012,0,0.0,S12,2012,20122,83,False
Diversity & Inclusion,Winter 2013,0,0.0,W13,2013,20130,46,True
Diversity & Inclusion,Summer 2013,0,0.0,S13,2013,20132,52,False
Diversity & Inclusion,Winter 2014,0,0.0,W14,2014,20140,74,False
Diversity & Inclusion,Summer 2014,0,0.0,S14,2014,20142,78,False
Diversity & Inclusion,Winter 2015,0,0.0,W15,2015,20150,110,False
Diversity & Inclusion,Summer 2015,0,0.0,S15,2015,20152,104,False
Diversity & Inclusion,Winter 2016,1,0.82,W16,2016,20160,122,False
Diversity & Inclusion,Summer 2016,0,0.0,S16,2016,20162,102,False
Diversity & Inclusion,Winter 2017,0,0.0,W17,2017,20170,116,False
Diversity & Inclusion,Summer 2017,0,0.0,S17,2017,20172,125,False
Diversity & Inclusion,Winter 2018,1,0.685,W18,2018,20180,146,False
Diversity & Inclusion,Summer 2018,0,0.0,S18,2018,20182,131,False
Diversity & Inclusion,Winter 2019,0,0.0,W19,2019,20190,194,False
Diversity & Inclusion,Summer 2019,0,0.0,S19,2019,20192,176,False
Diversity & Inclusion,Winter 2020,1,0.439,W20,2020,20200,228,False
Diversity & Inclusion,Summer 2020,0,0.0,S20,2020,20202,209,False
Diversity & Inclusion,Winter 2021,0,0.0,W21,2021,20210,336,False
Diversity & Inclusion,Summer 2021,0,0.0,S21,2021,20212,391,False
Diversity & Inclusion,Winter 2022,0,0.0,W22,2022,20220,398,False
Diversity & Inclusion,Summer 2022,0,0.0,S22,2022,20222,234,False
Diversity & Inclusion,Winter 2023,0,0.0,W23,2023,20230,274,False
Diversity & Inclusion,Summer 2023,0,0.0,S23,2023,20232,220,False
Diversity & Inclusion,Winter 2024,0,0.0,W24,2024,20240,248,False
Diversity & Inclusion,Summer 2024,0,0.0,S24,2024,20242,248,False
Diversity & Inclusion,Fall 2024,0,0.0,F24,2024,20243,94,False
Diversity & Inclusion,Winter 2025,0,0.0,W25,2025,20250,166,False
Diversity & Inclusion,Spring 2025,0,0.0,X25,2025,20251,143,False
Diversity & Inclusion,Summer 2025,0,0.0,S25,2025,20252,166,False
Diversity & Inclusion,Fall 2025,0,0.0,F25,2025,20253,146,False
Diversity & Inclusion,Winter 2026,0,0.0,W26,2026,20260,199,False
Diversity & Inclusion,Spring 2026,0,0.0,X26,2026,20261,195,False
Diversity & Inclusion,Summer 2026,0,0.0,S26,2026,20262,235,False
Diversity & Inclusion,Fall 2026,0,0.0,F26,2026,20263,35,True
Diversity & Inclusion,Winter 2027,0,0.0,W27,2027,20270,1,True
Documents,Summer 2005,0,0.0,S05,2005,20052,9,True
Documents,Winter 2006,0,0.0,W06,2006,20060,7,True
Documents,Summer 2006,0,0.0,S06,2006,20062,10,True
Documents,Winter 2007,1,7.692,W07,2007,20070,13,True
Documents,Summer 2007,0,0.0,S07,2007,20072,19,True
Documents,Winter 2008,0,0.0,W08,2008,20080,21,True
Documents,Summer 2008,0,0.0,S08,2008,20082,22,True
Documents,Winter 2009,0,0.0,W09,2009,20090,16,True
Documents,Summer 2009,0,0.0,S09,2009,20092,26,True
Documents,Winter 2010,1,3.704,W10,2010,20100,27,True
Documents,Summer 2010,0,0.0,S10,2010,20102,36,True
Documents,Winter 2011,0,0.0,W11,2011,20110,45,True
Documents,Summer 2011,2,3.333,S11,2011,20112,60,False
Documents,Winter 2012,0,0.0,W12,2012,20120,66,False
Documents,Summer 2012,0,0.0,S12,2012,20122,83,False
Documents,Winter 2013,0,0.0,W13,2013,20130,46,True
Documents,Summer 2013,0,0.0,S13,2013,20132,52,False
Documents,Winter 2014,0,0.0,W14,2014,20140,74,False
Documents,Summer 2014,0,0.0,S14,2014,20142,78,False
Documents,Winter 2015,0,0.0,W15,2015,20150,110,False
Documents,Summer 2015,1,0.962,S15,2015,20152,104,False
Documents,Winter 2016,2,1.639,W16,2016,20160,122,False
Documents,Summer 2016,0,0.0,S16,2016,20162,102,False
Documents,Winter 2017,0,0.0,W17,2017,20170,116,False
Documents,Summer 2017,1,0.8,S17,2017,20172,125,False
Documents,Winter 2018,2,1.37,W18,2018,20180,146,False
Documents,Summer 2018,0,0.0,S18,2018,20182,131,False
Documents,Winter 2019,0,0.0,W19,2019,20190,194,False
Documents,Summer 2019,0,0.0,S19,2019,20192,176,False
Documents,Winter 2020,1,0.439,W20,2020,20200,228,False
Documents,Summer 2020,1,0.478,S20,2020,20202,209,False
Documents,Winter 2021,3,0.893,W21,2021,20210,336,False
Documents,Summer 2021,1,0.256,S21,2021,20212,391,False
Documents,Winter 2022,1,0.251,W22,2022,20220,398,False
Documents,Summer 2022,3,1.282,S22,2022,20222,234,False
Documents,Winter 2023,4,1.46,W23,2023,20230,274,False
Documents,Summer 2023,1,0.455,S23,2023,20232,220,False
Documents,Winter 2024,3,1.21,W24,2024,20240,248,False
Documents,Summer 2024,0,0.0,S24,2024,20242,248,False
Documents,Fall 2024,1,1.064,F24,2024,20243,94,False
Documents,Winter 2025,2,1.205,W25,2025,20250,166,False
Documents,Spring 2025,2,1.399,X25,2025,20251,143,False
Documents,Summer 2025,0,0.0,S25,2025,20252,166,False
Documents,Fall 2025,0,0.0,F25,2025,20253,146,False
Documents,Winter 2026,0,0.0,W26,2026,20260,199,False
Documents,Spring 2026,0,0.0,X26,2026,20261,195,False
Documents,Summer 2026,0,0.0,S26,2026,20262,235,False
Documents,Fall 2026,1,2.857,F26,2026,20263,35,True
Documents,Winter 2027,0,0.0,W27,2027,20270,1,True
Drones,Summer 2005,0,0.0,S05,2005,20052,9,True
Drones,Winter 2006,0,0.0,W06,2006,20060,7,True
Drones,Summer 2006,0,0.0,S06,2006,20062,10,True
Drones,Winter 2007,0,0.0,W07,2007,20070,13,True
Drones,Summer 2007,0,0.0,S07,2007,20072,19,True
Drones,Winter 2008,0,0.0,W08,2008,20080,21,True
Drones,Summer 2008,0,0.0,S08,2008,20082,22,True
Drones,Winter 2009,0,0.0,W09,2009,20090,16,True
Drones,Summer 2009,0,0.0,S09,2009,20092,26,True
Drones,Winter 2010,0,0.0,W10,2010,20100,27,True
Drones,Summer 2010,0,0.0,S10,2010,20102,36,True
Drones,Winter 2011,0,0.0,W11,2011,20110,45,True
Drones,Summer 2011,0,0.0,S11,2011,20112,60,False
Drones,Winter 2012,0,0.0,W12,2012,20120,66,False
Drones,Summer 2012,1,1.205,S12,2012,20122,83,False
Drones,Winter 2013,1,2.174,W13,2013,20130,46,True
Drones,Summer 2013,0,0.0,S13,2013,20132,52,False
Drones,Winter 2014,1,1.351,W14,2014,20140,74,False
Drones,Summer 2014,0,0.0,S14,2014,20142,78,False
Drones,Winter 2015,1,0.909,W15,2015,20150,110,False
Drones,Summer 2015,2,1.923,S15,2015,20152,104,False
Drones,Winter 2016,0,0.0,W16,2016,20160,122,False
Drones,Summer 2016,1,0.98,S16,2016,20162,102,False
Drones,Winter 2017,1,0.862,W17,2017,20170,116,False
Drones,Summer 2017,1,0.8,S17,2017,20172,125,False
Drones,Winter 2018,1,0.685,W18,2018,20180,146,False
Drones,Summer 2018,2,1.527,S18,2018,20182,131,False
Drones,Winter 2019,1,0.515,W19,2019,20190,194,False
Drones,Summer 2019,1,0.568,S19,2019,20192,176,False
Drones,Winter 2020,2,0.877,W20,2020,20200,228,False
Drones,Summer 2020,0,0.0,S20,2020,20202,209,False
Drones,Winter 2021,0,0.0,W21,2021,20210,336,False
Drones,Summer 2021,2,0.512,S21,2021,20212,391,False
Drones,Winter 2022,1,0.251,W22,2022,20220,398,False
Drones,Summer 2022,1,0.427,S22,2022,20222,234,False
Drones,Winter 2023,1,0.365,W23,2023,20230,274,False
Drones,Summer 2023,0,0.0,S23,2023,20232,220,False
Drones,Winter 2024,1,0.403,W24,2024,20240,248,False
Drones,Summer 2024,1,0.403,S24,2024,20242,248,False
Drones,Fall 2024,0,0.0,F24,2024,20243,94,False
Drones,Winter 2025,0,0.0,W25,2025,20250,166,False
Drones,Spring 2025,0,0.0,X25,2025,20251,143,False
Drones,Summer 2025,1,0.602,S25,2025,20252,166,False
Drones,Fall 2025,1,0.685,F25,2025,20253,146,False
Drones,Winter 2026,2,1.005,W26,2026,20260,199,False
Drones,Spring 2026,1,0.513,X26,2026,20261,195,False
Drones,Summer 2026,5,2.128,S26,2026,20262,235,False
Drones,Fall 2026,1,2.857,F26,2026,20263,35,True
Drones,Winter 2027,0,0.0,W27,2027,20270,1,True
Drug Delivery,Summer 2005,0,0.0,S05,2005,20052,9,True
Drug Delivery,Winter 2006,0,0.0,W06,2006,20060,7,True
Drug Delivery,Summer 2006,0,0.0,S06,2006,20062,10,True
Drug Delivery,Winter 2007,0,0.0,W07,2007,20070,13,True
Drug Delivery,Summer 2007,0,0.0,S07,2007,20072,19,True
Drug Delivery,Winter 2008,0,0.0,W08,2008,20080,21,True
Drug Delivery,Summer 2008,0,0.0,S08,2008,20082,22,True
Drug Delivery,Winter 2009,0,0.0,W09,2009,20090,16,True
Drug Delivery,Summer 2009,0,0.0,S09,2009,20092,26,True
Drug Delivery,Winter 2010,0,0.0,W10,2010,20100,27,True
Drug Delivery,Summer 2010,0,0.0,S10,2010,20102,36,True
Drug Delivery,Winter 2011,0,0.0,W11,2011,20110,45,True
Drug Delivery,Summer 2011,0,0.0,S11,2011,20112,60,False
Drug Delivery,Winter 2012,0,0.0,W12,2012,20120,66,False
Drug Delivery,Summer 2012,0,0.0,S12,2012,20122,83,False
Drug Delivery,Winter 2013,0,0.0,W13,2013,20130,46,True
Drug Delivery,Summer 2013,0,0.0,S13,2013,20132,52,False
Drug Delivery,Winter 2014,0,0.0,W14,2014,20140,74,False
Drug Delivery,Summer 2014,0,0.0,S14,2014,20142,78,False
Drug Delivery,Winter 2015,0,0.0,W15,2015,20150,110,False
Drug Delivery,Summer 2015,0,0.0,S15,2015,20152,104,False
Drug Delivery,Winter 2016,0,0.0,W16,2016,20160,122,False
Drug Delivery,Summer 2016,0,0.0,S16,2016,20162,102,False
Drug Delivery,Winter 2017,0,0.0,W17,2017,20170,116,False
Drug Delivery,Summer 2017,0,0.0,S17,2017,20172,125,False
Drug Delivery,Winter 2018,2,1.37,W18,2018,20180,146,False
Drug Delivery,Summer 2018,0,0.0,S18,2018,20182,131,False
Drug Delivery,Winter 2019,1,0.515,W19,2019,20190,194,False
Drug Delivery,Summer 2019,0,0.0,S19,2019,20192,176,False
Drug Delivery,Winter 2020,0,0.0,W20,2020,20200,228,False
Drug Delivery,Summer 2020,0,0.0,S20,2020,20202,209,False
Drug Delivery,Winter 2021,0,0.0,W21,2021,20210,336,False
Drug Delivery,Summer 2021,0,0.0,S21,2021,20212,391,False
Drug Delivery,Winter 2022,0,0.0,W22,2022,20220,398,False
Drug Delivery,Summer 2022,1,0.427,S22,2022,20222,234,False
Drug Delivery,Winter 2023,0,0.0,W23,2023,20230,274,False
Drug Delivery,Summer 2023,1,0.455,S23,2023,20232,220,False
Drug Delivery,Winter 2024,0,0.0,W24,2024,20240,248,False
Drug Delivery,Summer 2024,0,0.0,S24,2024,20242,248,False
Drug Delivery,Fall 2024,0,0.0,F24,2024,20243,94,False
Drug Delivery,Winter 2025,0,0.0,W25,2025,20250,166,False
Drug Delivery,Spring 2025,0,0.0,X25,2025,20251,143,False
Drug Delivery,Summer 2025,1,0.602,S25,2025,20252,166,False
Drug Delivery,Fall 2025,0,0.0,F25,2025,20253,146,False
Drug Delivery,Winter 2026,0,0.0,W26,2026,20260,199,False
Drug Delivery,Spring 2026,0,0.0,X26,2026,20261,195,False
Drug Delivery,Summer 2026,0,0.0,S26,2026,20262,235,False
Drug Delivery,Fall 2026,0,0.0,F26,2026,20263,35,True
Drug Delivery,Winter 2027,0,0.0,W27,2027,20270,1,True
Drug discovery,Summer 2005,0,0.0,S05,2005,20052,9,True
Drug discovery,Winter 2006,0,0.0,W06,2006,20060,7,True
Drug discovery,Summer 2006,0,0.0,S06,2006,20062,10,True
Drug discovery,Winter 2007,0,0.0,W07,2007,20070,13,True
Drug discovery,Summer 2007,0,0.0,S07,2007,20072,19,True
Drug discovery,Winter 2008,0,0.0,W08,2008,20080,21,True
Drug discovery,Summer 2008,0,0.0,S08,2008,20082,22,True
Drug discovery,Winter 2009,0,0.0,W09,2009,20090,16,True
Drug discovery,Summer 2009,0,0.0,S09,2009,20092,26,True
Drug discovery,Winter 2010,0,0.0,W10,2010,20100,27,True
Drug discovery,Summer 2010,0,0.0,S10,2010,20102,36,True
Drug discovery,Winter 2011,0,0.0,W11,2011,20110,45,True
Drug discovery,Summer 2011,0,0.0,S11,2011,20112,60,False
Drug discovery,Winter 2012,0,0.0,W12,2012,20120,66,False
Drug discovery,Summer 2012,0,0.0,S12,2012,20122,83,False
Drug discovery,Winter 2013,0,0.0,W13,2013,20130,46,True
Drug discovery,Summer 2013,0,0.0,S13,2013,20132,52,False
Drug discovery,Winter 2014,0,0.0,W14,2014,20140,74,False
Drug discovery,Summer 2014,0,0.0,S14,2014,20142,78,False
Drug discovery,Winter 2015,2,1.818,W15,2015,20150,110,False
Drug discovery,Summer 2015,0,0.0,S15,2015,20152,104,False
Drug discovery,Winter 2016,0,0.0,W16,2016,20160,122,False
Drug discovery,Summer 2016,1,0.98,S16,2016,20162,102,False
Drug discovery,Winter 2017,0,0.0,W17,2017,20170,116,False
Drug discovery,Summer 2017,1,0.8,S17,2017,20172,125,False
Drug discovery,Winter 2018,0,0.0,W18,2018,20180,146,False
Drug discovery,Summer 2018,0,0.0,S18,2018,20182,131,False
Drug discovery,Winter 2019,1,0.515,W19,2019,20190,194,False
Drug discovery,Summer 2019,4,2.273,S19,2019,20192,176,False
Drug discovery,Winter 2020,4,1.754,W20,2020,20200,228,False
Drug discovery,Summer 2020,0,0.0,S20,2020,20202,209,False
Drug discovery,Winter 2021,3,0.893,W21,2021,20210,336,False
Drug discovery,Summer 2021,2,0.512,S21,2021,20212,391,False
Drug discovery,Winter 2022,4,1.005,W22,2022,20220,398,False
Drug discovery,Summer 2022,1,0.427,S22,2022,20222,234,False
Drug discovery,Winter 2023,3,1.095,W23,2023,20230,274,False
Drug discovery,Summer 2023,0,0.0,S23,2023,20232,220,False
Drug discovery,Winter 2024,3,1.21,W24,2024,20240,248,False
Drug discovery,Summer 2024,3,1.21,S24,2024,20242,248,False
Drug discovery,Fall 2024,0,0.0,F24,2024,20243,94,False
Drug discovery,Winter 2025,0,0.0,W25,2025,20250,166,False
Drug discovery,Spring 2025,0,0.0,X25,2025,20251,143,False
Drug discovery,Summer 2025,0,0.0,S25,2025,20252,166,False
Drug discovery,Fall 2025,1,0.685,F25,2025,20253,146,False
Drug discovery,Winter 2026,0,0.0,W26,2026,20260,199,False
Drug discovery,Spring 2026,0,0.0,X26,2026,20261,195,False
Drug discovery,Summer 2026,1,0.426,S26,2026,20262,235,False
Drug discovery,Fall 2026,0,0.0,F26,2026,20263,35,True
Drug discovery,Winter 2027,0,0.0,W27,2027,20270,1,True
E-Commerce,Summer 2005,0,0.0,S05,2005,20052,9,True
E-Commerce,Winter 2006,0,0.0,W06,2006,20060,7,True
E-Commerce,Summer 2006,1,10.0,S06,2006,20062,10,True
E-Commerce,Winter 2007,0,0.0,W07,2007,20070,13,True
E-Commerce,Summer 2007,0,0.0,S07,2007,20072,19,True
E-Commerce,Winter 2008,0,0.0,W08,2008,20080,21,True
E-Commerce,Summer 2008,1,4.545,S08,2008,20082,22,True
E-Commerce,Winter 2009,0,0.0,W09,2009,20090,16,True
E-Commerce,Summer 2009,0,0.0,S09,2009,20092,26,True
E-Commerce,Winter 2010,0,0.0,W10,2010,20100,27,True
E-Commerce,Summer 2010,0,0.0,S10,2010,20102,36,True
E-Commerce,Winter 2011,4,8.889,W11,2011,20110,45,True
E-Commerce,Summer 2011,1,1.667,S11,2011,20112,60,False
E-Commerce,Winter 2012,2,3.03,W12,2012,20120,66,False
E-Commerce,Summer 2012,3,3.614,S12,2012,20122,83,False
E-Commerce,Winter 2013,3,6.522,W13,2013,20130,46,True
E-Commerce,Summer 2013,1,1.923,S13,2013,20132,52,False
E-Commerce,Winter 2014,2,2.703,W14,2014,20140,74,False
E-Commerce,Summer 2014,0,0.0,S14,2014,20142,78,False
E-Commerce,Winter 2015,3,2.727,W15,2015,20150,110,False
E-Commerce,Summer 2015,1,0.962,S15,2015,20152,104,False
E-Commerce,Winter 2016,3,2.459,W16,2016,20160,122,False
E-Commerce,Summer 2016,2,1.961,S16,2016,20162,102,False
E-Commerce,Winter 2017,3,2.586,W17,2017,20170,116,False
E-Commerce,Summer 2017,0,0.0,S17,2017,20172,125,False
E-Commerce,Winter 2018,0,0.0,W18,2018,20180,146,False
E-Commerce,Summer 2018,2,1.527,S18,2018,20182,131,False
E-Commerce,Winter 2019,3,1.546,W19,2019,20190,194,False
E-Commerce,Summer 2019,1,0.568,S19,2019,20192,176,False
E-Commerce,Winter 2020,0,0.0,W20,2020,20200,228,False
E-Commerce,Summer 2020,1,0.478,S20,2020,20202,209,False
E-Commerce,Winter 2021,1,0.298,W21,2021,20210,336,False
E-Commerce,Summer 2021,1,0.256,S21,2021,20212,391,False
E-Commerce,Winter 2022,1,0.251,W22,2022,20220,398,False
E-Commerce,Summer 2022,0,0.0,S22,2022,20222,234,False
E-Commerce,Winter 2023,0,0.0,W23,2023,20230,274,False
E-Commerce,Summer 2023,0,0.0,S23,2023,20232,220,False
E-Commerce,Winter 2024,0,0.0,W24,2024,20240,248,False
E-Commerce,Summer 2024,0,0.0,S24,2024,20242,248,False
E-Commerce,Fall 2024,0,0.0,F24,2024,20243,94,False
E-Commerce,Winter 2025,0,0.0,W25,2025,20250,166,False
E-Commerce,Spring 2025,0,0.0,X25,2025,20251,143,False
E-Commerce,Summer 2025,0,0.0,S25,2025,20252,166,False
E-Commerce,Fall 2025,0,0.0,F25,2025,20253,146,False
E-Commerce,Winter 2026,0,0.0,W26,2026,20260,199,False
E-Commerce,Spring 2026,0,0.0,X26,2026,20261,195,False
E-Commerce,Summer 2026,0,0.0,S26,2026,20262,235,False
E-Commerce,Fall 2026,0,0.0,F26,2026,20263,35,True
E-Commerce,Winter 2027,0,0.0,W27,2027,20270,1,True
E-commerce,Summer 2005,0,0.0,S05,2005,20052,9,True
E-commerce,Winter 2006,0,0.0,W06,2006,20060,7,True
E-commerce,Summer 2006,0,0.0,S06,2006,20062,10,True
E-commerce,Winter 2007,0,0.0,W07,2007,20070,13,True
E-commerce,Summer 2007,0,0.0,S07,2007,20072,19,True
E-commerce,Winter 2008,0,0.0,W08,2008,20080,21,True
E-commerce,Summer 2008,0,0.0,S08,2008,20082,22,True
E-commerce,Winter 2009,0,0.0,W09,2009,20090,16,True
E-commerce,Summer 2009,0,0.0,S09,2009,20092,26,True
E-commerce,Winter 2010,0,0.0,W10,2010,20100,27,True
E-commerce,Summer 2010,1,2.778,S10,2010,20102,36,True
E-commerce,Winter 2011,1,2.222,W11,2011,20110,45,True
E-commerce,Summer 2011,1,1.667,S11,2011,20112,60,False
E-commerce,Winter 2012,0,0.0,W12,2012,20120,66,False
E-commerce,Summer 2012,4,4.819,S12,2012,20122,83,False
E-commerce,Winter 2013,4,8.696,W13,2013,20130,46,True
E-commerce,Summer 2013,2,3.846,S13,2013,20132,52,False
E-commerce,Winter 2014,2,2.703,W14,2014,20140,74,False
E-commerce,Summer 2014,4,5.128,S14,2014,20142,78,False
E-commerce,Winter 2015,4,3.636,W15,2015,20150,110,False
E-commerce,Summer 2015,3,2.885,S15,2015,20152,104,False
E-commerce,Winter 2016,2,1.639,W16,2016,20160,122,False
E-commerce,Summer 2016,6,5.882,S16,2016,20162,102,False
E-commerce,Winter 2017,2,1.724,W17,2017,20170,116,False
E-commerce,Summer 2017,3,2.4,S17,2017,20172,125,False
E-commerce,Winter 2018,8,5.479,W18,2018,20180,146,False
E-commerce,Summer 2018,2,1.527,S18,2018,20182,131,False
E-commerce,Winter 2019,5,2.577,W19,2019,20190,194,False
E-commerce,Summer 2019,10,5.682,S19,2019,20192,176,False
E-commerce,Winter 2020,6,2.632,W20,2020,20200,228,False
E-commerce,Summer 2020,14,6.699,S20,2020,20202,209,False
E-commerce,Winter 2021,19,5.655,W21,2021,20210,336,False
E-commerce,Summer 2021,25,6.394,S21,2021,20212,391,False
E-commerce,Winter 2022,25,6.281,W22,2022,20220,398,False
E-commerce,Summer 2022,7,2.991,S22,2022,20222,234,False
E-commerce,Winter 2023,8,2.92,W23,2023,20230,274,False
E-commerce,Summer 2023,2,0.909,S23,2023,20232,220,False
E-commerce,Winter 2024,2,0.806,W24,2024,20240,248,False
E-commerce,Summer 2024,7,2.823,S24,2024,20242,248,False
E-commerce,Fall 2024,2,2.128,F24,2024,20243,94,False
E-commerce,Winter 2025,2,1.205,W25,2025,20250,166,False
E-commerce,Spring 2025,0,0.0,X25,2025,20251,143,False
E-commerce,Summer 2025,2,1.205,S25,2025,20252,166,False
E-commerce,Fall 2025,3,2.055,F25,2025,20253,146,False
E-commerce,Winter 2026,0,0.0,W26,2026,20260,199,False
E-commerce,Spring 2026,2,1.026,X26,2026,20261,195,False
E-commerce,Summer 2026,2,0.851,S26,2026,20262,235,False
E-commerce,Fall 2026,0,0.0,F26,2026,20263,35,True
E-commerce,Winter 2027,0,0.0,W27,2027,20270,1,True
Edge Computing Semiconductors,Summer 2005,0,0.0,S05,2005,20052,9,True
Edge Computing Semiconductors,Winter 2006,0,0.0,W06,2006,20060,7,True
Edge Computing Semiconductors,Summer 2006,0,0.0,S06,2006,20062,10,True
Edge Computing Semiconductors,Winter 2007,0,0.0,W07,2007,20070,13,True
Edge Computing Semiconductors,Summer 2007,0,0.0,S07,2007,20072,19,True
Edge Computing Semiconductors,Winter 2008,0,0.0,W08,2008,20080,21,True
Edge Computing Semiconductors,Summer 2008,0,0.0,S08,2008,20082,22,True
Edge Computing Semiconductors,Winter 2009,0,0.0,W09,2009,20090,16,True
Edge Computing Semiconductors,Summer 2009,0,0.0,S09,2009,20092,26,True
Edge Computing Semiconductors,Winter 2010,0,0.0,W10,2010,20100,27,True
Edge Computing Semiconductors,Summer 2010,0,0.0,S10,2010,20102,36,True
Edge Computing Semiconductors,Winter 2011,0,0.0,W11,2011,20110,45,True
Edge Computing Semiconductors,Summer 2011,0,0.0,S11,2011,20112,60,False
Edge Computing Semiconductors,Winter 2012,0,0.0,W12,2012,20120,66,False
Edge Computing Semiconductors,Summer 2012,0,0.0,S12,2012,20122,83,False
Edge Computing Semiconductors,Winter 2013,0,0.0,W13,2013,20130,46,True
Edge Computing Semiconductors,Summer 2013,0,0.0,S13,2013,20132,52,False
Edge Computing Semiconductors,Winter 2014,0,0.0,W14,2014,20140,74,False
Edge Computing Semiconductors,Summer 2014,0,0.0,S14,2014,20142,78,False
Edge Computing Semiconductors,Winter 2015,0,0.0,W15,2015,20150,110,False
Edge Computing Semiconductors,Summer 2015,0,0.0,S15,2015,20152,104,False
Edge Computing Semiconductors,Winter 2016,0,0.0,W16,2016,20160,122,False
Edge Computing Semiconductors,Summer 2016,0,0.0,S16,2016,20162,102,False
Edge Computing Semiconductors,Winter 2017,0,0.0,W17,2017,20170,116,False
Edge Computing Semiconductors,Summer 2017,0,0.0,S17,2017,20172,125,False
Edge Computing Semiconductors,Winter 2018,0,0.0,W18,2018,20180,146,False
Edge Computing Semiconductors,Summer 2018,0,0.0,S18,2018,20182,131,False
Edge Computing Semiconductors,Winter 2019,0,0.0,W19,2019,20190,194,False
Edge Computing Semiconductors,Summer 2019,1,0.568,S19,2019,20192,176,False
Edge Computing Semiconductors,Winter 2020,0,0.0,W20,2020,20200,228,False
Edge Computing Semiconductors,Summer 2020,0,0.0,S20,2020,20202,209,False
Edge Computing Semiconductors,Winter 2021,0,0.0,W21,2021,20210,336,False
Edge Computing Semiconductors,Summer 2021,0,0.0,S21,2021,20212,391,False
Edge Computing Semiconductors,Winter 2022,0,0.0,W22,2022,20220,398,False
Edge Computing Semiconductors,Summer 2022,0,0.0,S22,2022,20222,234,False
Edge Computing Semiconductors,Winter 2023,0,0.0,W23,2023,20230,274,False
Edge Computing Semiconductors,Summer 2023,0,0.0,S23,2023,20232,220,False
Edge Computing Semiconductors,Winter 2024,0,0.0,W24,2024,20240,248,False
Edge Computing Semiconductors,Summer 2024,1,0.403,S24,2024,20242,248,False
Edge Computing Semiconductors,Fall 2024,0,0.0,F24,2024,20243,94,False
Edge Computing Semiconductors,Winter 2025,0,0.0,W25,2025,20250,166,False
Edge Computing Semiconductors,Spring 2025,0,0.0,X25,2025,20251,143,False
Edge Computing Semiconductors,Summer 2025,1,0.602,S25,2025,20252,166,False
Edge Computing Semiconductors,Fall 2025,0,0.0,F25,2025,20253,146,False
Edge Computing Semiconductors,Winter 2026,0,0.0,W26,2026,20260,199,False
Edge Computing Semiconductors,Spring 2026,0,0.0,X26,2026,20261,195,False
Edge Computing Semiconductors,Summer 2026,1,0.426,S26,2026,20262,235,False
Edge Computing Semiconductors,Fall 2026,0,0.0,F26,2026,20263,35,True
Edge Computing Semiconductors,Winter 2027,0,0.0,W27,2027,20270,1,True
Edtech,Summer 2005,0,0.0,S05,2005,20052,9,True
Edtech,Winter 2006,0,0.0,W06,2006,20060,7,True
Edtech,Summer 2006,1,10.0,S06,2006,20062,10,True
Edtech,Winter 2007,0,0.0,W07,2007,20070,13,True
Edtech,Summer 2007,0,0.0,S07,2007,20072,19,True
Edtech,Winter 2008,0,0.0,W08,2008,20080,21,True
Edtech,Summer 2008,0,0.0,S08,2008,20082,22,True
Edtech,Winter 2009,0,0.0,W09,2009,20090,16,True
Edtech,Summer 2009,0,0.0,S09,2009,20092,26,True
Edtech,Winter 2010,0,0.0,W10,2010,20100,27,True
Edtech,Summer 2010,0,0.0,S10,2010,20102,36,True
Edtech,Winter 2011,0,0.0,W11,2011,20110,45,True
Edtech,Summer 2011,0,0.0,S11,2011,20112,60,False
Edtech,Winter 2012,0,0.0,W12,2012,20120,66,False
Edtech,Summer 2012,1,1.205,S12,2012,20122,83,False
Edtech,Winter 2013,1,2.174,W13,2013,20130,46,True
Edtech,Summer 2013,0,0.0,S13,2013,20132,52,False
Edtech,Winter 2014,0,0.0,W14,2014,20140,74,False
Edtech,Summer 2014,0,0.0,S14,2014,20142,78,False
Edtech,Winter 2015,0,0.0,W15,2015,20150,110,False
Edtech,Summer 2015,0,0.0,S15,2015,20152,104,False
Edtech,Winter 2016,0,0.0,W16,2016,20160,122,False
Edtech,Summer 2016,1,0.98,S16,2016,20162,102,False
Edtech,Winter 2017,0,0.0,W17,2017,20170,116,False
Edtech,Summer 2017,0,0.0,S17,2017,20172,125,False
Edtech,Winter 2018,0,0.0,W18,2018,20180,146,False
Edtech,Summer 2018,0,0.0,S18,2018,20182,131,False
Edtech,Winter 2019,1,0.515,W19,2019,20190,194,False
Edtech,Summer 2019,0,0.0,S19,2019,20192,176,False
Edtech,Winter 2020,1,0.439,W20,2020,20200,228,False
Edtech,Summer 2020,0,0.0,S20,2020,20202,209,False
Edtech,Winter 2021,4,1.19,W21,2021,20210,336,False
Edtech,Summer 2021,0,0.0,S21,2021,20212,391,False
Edtech,Winter 2022,1,0.251,W22,2022,20220,398,False
Edtech,Summer 2022,0,0.0,S22,2022,20222,234,False
Edtech,Winter 2023,1,0.365,W23,2023,20230,274,False
Edtech,Summer 2023,2,0.909,S23,2023,20232,220,False
Edtech,Winter 2024,1,0.403,W24,2024,20240,248,False
Edtech,Summer 2024,2,0.806,S24,2024,20242,248,False
Edtech,Fall 2024,0,0.0,F24,2024,20243,94,False
Edtech,Winter 2025,2,1.205,W25,2025,20250,166,False
Edtech,Spring 2025,1,0.699,X25,2025,20251,143,False
Edtech,Summer 2025,0,0.0,S25,2025,20252,166,False
Edtech,Fall 2025,0,0.0,F25,2025,20253,146,False
Edtech,Winter 2026,0,0.0,W26,2026,20260,199,False
Edtech,Spring 2026,0,0.0,X26,2026,20261,195,False
Edtech,Summer 2026,0,0.0,S26,2026,20262,235,False
Edtech,Fall 2026,0,0.0,F26,2026,20263,35,True
Edtech,Winter 2027,0,0.0,W27,2027,20270,1,True
Education,Summer 2005,0,0.0,S05,2005,20052,9,True
Education,Winter 2006,0,0.0,W06,2006,20060,7,True
Education,Summer 2006,0,0.0,S06,2006,20062,10,True
Education,Winter 2007,0,0.0,W07,2007,20070,13,True
Education,Summer 2007,0,0.0,S07,2007,20072,19,True
Education,Winter 2008,0,0.0,W08,2008,20080,21,True
Education,Summer 2008,0,0.0,S08,2008,20082,22,True
Education,Winter 2009,0,0.0,W09,2009,20090,16,True
Education,Summer 2009,1,3.846,S09,2009,20092,26,True
Education,Winter 2010,0,0.0,W10,2010,20100,27,True
Education,Summer 2010,1,2.778,S10,2010,20102,36,True
Education,Winter 2011,2,4.444,W11,2011,20110,45,True
Education,Summer 2011,4,6.667,S11,2011,20112,60,False
Education,Winter 2012,2,3.03,W12,2012,20120,66,False
Education,Summer 2012,5,6.024,S12,2012,20122,83,False
Education,Winter 2013,2,4.348,W13,2013,20130,46,True
Education,Summer 2013,4,7.692,S13,2013,20132,52,False
Education,Winter 2014,5,6.757,W14,2014,20140,74,False
Education,Summer 2014,2,2.564,S14,2014,20142,78,False
Education,Winter 2015,1,0.909,W15,2015,20150,110,False
Education,Summer 2015,3,2.885,S15,2015,20152,104,False
Education,Winter 2016,2,1.639,W16,2016,20160,122,False
Education,Summer 2016,6,5.882,S16,2016,20162,102,False
Education,Winter 2017,4,3.448,W17,2017,20170,116,False
Education,Summer 2017,5,4.0,S17,2017,20172,125,False
Education,Winter 2018,6,4.11,W18,2018,20180,146,False
Education,Summer 2018,5,3.817,S18,2018,20182,131,False
Education,Winter 2019,9,4.639,W19,2019,20190,194,False
Education,Summer 2019,8,4.545,S19,2019,20192,176,False
Education,Winter 2020,5,2.193,W20,2020,20200,228,False
Education,Summer 2020,11,5.263,S20,2020,20202,209,False
Education,Winter 2021,14,4.167,W21,2021,20210,336,False
Education,Summer 2021,18,4.604,S21,2021,20212,391,False
Education,Winter 2022,8,2.01,W22,2022,20220,398,False
Education,Summer 2022,3,1.282,S22,2022,20222,234,False
Education,Winter 2023,2,0.73,W23,2023,20230,274,False
Education,Summer 2023,4,1.818,S23,2023,20232,220,False
Education,Winter 2024,3,1.21,W24,2024,20240,248,False
Education,Summer 2024,3,1.21,S24,2024,20242,248,False
Education,Fall 2024,1,1.064,F24,2024,20243,94,False
Education,Winter 2025,5,3.012,W25,2025,20250,166,False
Education,Spring 2025,3,2.098,X25,2025,20251,143,False
Education,Summer 2025,4,2.41,S25,2025,20252,166,False
Education,Fall 2025,1,0.685,F25,2025,20253,146,False
Education,Winter 2026,0,0.0,W26,2026,20260,199,False
Education,Spring 2026,0,0.0,X26,2026,20261,195,False
Education,Summer 2026,2,0.851,S26,2026,20262,235,False
Education,Fall 2026,0,0.0,F26,2026,20263,35,True
Education,Winter 2027,0,0.0,W27,2027,20270,1,True
Election Tech,Summer 2005,0,0.0,S05,2005,20052,9,True
Election Tech,Winter 2006,0,0.0,W06,2006,20060,7,True
Election Tech,Summer 2006,0,0.0,S06,2006,20062,10,True
Election Tech,Winter 2007,0,0.0,W07,2007,20070,13,True
Election Tech,Summer 2007,0,0.0,S07,2007,20072,19,True
Election Tech,Winter 2008,0,0.0,W08,2008,20080,21,True
Election Tech,Summer 2008,0,0.0,S08,2008,20082,22,True
Election Tech,Winter 2009,0,0.0,W09,2009,20090,16,True
Election Tech,Summer 2009,0,0.0,S09,2009,20092,26,True
Election Tech,Winter 2010,0,0.0,W10,2010,20100,27,True
Election Tech,Summer 2010,0,0.0,S10,2010,20102,36,True
Election Tech,Winter 2011,0,0.0,W11,2011,20110,45,True
Election Tech,Summer 2011,0,0.0,S11,2011,20112,60,False
Election Tech,Winter 2012,0,0.0,W12,2012,20120,66,False
Election Tech,Summer 2012,0,0.0,S12,2012,20122,83,False
Election Tech,Winter 2013,0,0.0,W13,2013,20130,46,True
Election Tech,Summer 2013,0,0.0,S13,2013,20132,52,False
Election Tech,Winter 2014,0,0.0,W14,2014,20140,74,False
Election Tech,Summer 2014,0,0.0,S14,2014,20142,78,False
Election Tech,Winter 2015,0,0.0,W15,2015,20150,110,False
Election Tech,Summer 2015,0,0.0,S15,2015,20152,104,False
Election Tech,Winter 2016,0,0.0,W16,2016,20160,122,False
Election Tech,Summer 2016,0,0.0,S16,2016,20162,102,False
Election Tech,Winter 2017,0,0.0,W17,2017,20170,116,False
Election Tech,Summer 2017,0,0.0,S17,2017,20172,125,False
Election Tech,Winter 2018,0,0.0,W18,2018,20180,146,False
Election Tech,Summer 2018,1,0.763,S18,2018,20182,131,False
Election Tech,Winter 2019,1,0.515,W19,2019,20190,194,False
Election Tech,Summer 2019,0,0.0,S19,2019,20192,176,False
Election Tech,Winter 2020,0,0.0,W20,2020,20200,228,False
Election Tech,Summer 2020,0,0.0,S20,2020,20202,209,False
Election Tech,Winter 2021,0,0.0,W21,2021,20210,336,False
Election Tech,Summer 2021,0,0.0,S21,2021,20212,391,False
Election Tech,Winter 2022,0,0.0,W22,2022,20220,398,False
Election Tech,Summer 2022,0,0.0,S22,2022,20222,234,False
Election Tech,Winter 2023,0,0.0,W23,2023,20230,274,False
Election Tech,Summer 2023,0,0.0,S23,2023,20232,220,False
Election Tech,Winter 2024,0,0.0,W24,2024,20240,248,False
Election Tech,Summer 2024,0,0.0,S24,2024,20242,248,False
Election Tech,Fall 2024,0,0.0,F24,2024,20243,94,False
Election Tech,Winter 2025,0,0.0,W25,2025,20250,166,False
Election Tech,Spring 2025,0,0.0,X25,2025,20251,143,False
Election Tech,Summer 2025,0,0.0,S25,2025,20252,166,False
Election Tech,Fall 2025,0,0.0,F25,2025,20253,146,False
Election Tech,Winter 2026,0,0.0,W26,2026,20260,199,False
Election Tech,Spring 2026,0,0.0,X26,2026,20261,195,False
Election Tech,Summer 2026,0,0.0,S26,2026,20262,235,False
Election Tech,Fall 2026,0,0.0,F26,2026,20263,35,True
Election Tech,Winter 2027,0,0.0,W27,2027,20270,1,True
Electric Vehicles,Summer 2005,0,0.0,S05,2005,20052,9,True
Electric Vehicles,Winter 2006,0,0.0,W06,2006,20060,7,True
Electric Vehicles,Summer 2006,0,0.0,S06,2006,20062,10,True
Electric Vehicles,Winter 2007,0,0.0,W07,2007,20070,13,True
Electric Vehicles,Summer 2007,0,0.0,S07,2007,20072,19,True
Electric Vehicles,Winter 2008,0,0.0,W08,2008,20080,21,True
Electric Vehicles,Summer 2008,0,0.0,S08,2008,20082,22,True
Electric Vehicles,Winter 2009,0,0.0,W09,2009,20090,16,True
Electric Vehicles,Summer 2009,0,0.0,S09,2009,20092,26,True
Electric Vehicles,Winter 2010,0,0.0,W10,2010,20100,27,True
Electric Vehicles,Summer 2010,0,0.0,S10,2010,20102,36,True
Electric Vehicles,Winter 2011,0,0.0,W11,2011,20110,45,True
Electric Vehicles,Summer 2011,0,0.0,S11,2011,20112,60,False
Electric Vehicles,Winter 2012,0,0.0,W12,2012,20120,66,False
Electric Vehicles,Summer 2012,1,1.205,S12,2012,20122,83,False
Electric Vehicles,Winter 2013,0,0.0,W13,2013,20130,46,True
Electric Vehicles,Summer 2013,0,0.0,S13,2013,20132,52,False
Electric Vehicles,Winter 2014,0,0.0,W14,2014,20140,74,False
Electric Vehicles,Summer 2014,0,0.0,S14,2014,20142,78,False
Electric Vehicles,Winter 2015,0,0.0,W15,2015,20150,110,False
Electric Vehicles,Summer 2015,0,0.0,S15,2015,20152,104,False
Electric Vehicles,Winter 2016,1,0.82,W16,2016,20160,122,False
Electric Vehicles,Summer 2016,1,0.98,S16,2016,20162,102,False
Electric Vehicles,Winter 2017,0,0.0,W17,2017,20170,116,False
Electric Vehicles,Summer 2017,1,0.8,S17,2017,20172,125,False
Electric Vehicles,Winter 2018,0,0.0,W18,2018,20180,146,False
Electric Vehicles,Summer 2018,0,0.0,S18,2018,20182,131,False
Electric Vehicles,Winter 2019,2,1.031,W19,2019,20190,194,False
Electric Vehicles,Summer 2019,1,0.568,S19,2019,20192,176,False
Electric Vehicles,Winter 2020,1,0.439,W20,2020,20200,228,False
Electric Vehicles,Summer 2020,3,1.435,S20,2020,20202,209,False
Electric Vehicles,Winter 2021,4,1.19,W21,2021,20210,336,False
Electric Vehicles,Summer 2021,1,0.256,S21,2021,20212,391,False
Electric Vehicles,Winter 2022,4,1.005,W22,2022,20220,398,False
Electric Vehicles,Summer 2022,0,0.0,S22,2022,20222,234,False
Electric Vehicles,Winter 2023,2,0.73,W23,2023,20230,274,False
Electric Vehicles,Summer 2023,0,0.0,S23,2023,20232,220,False
Electric Vehicles,Winter 2024,0,0.0,W24,2024,20240,248,False
Electric Vehicles,Summer 2024,0,0.0,S24,2024,20242,248,False
Electric Vehicles,Fall 2024,0,0.0,F24,2024,20243,94,False
Electric Vehicles,Winter 2025,1,0.602,W25,2025,20250,166,False
Electric Vehicles,Spring 2025,0,0.0,X25,2025,20251,143,False
Electric Vehicles,Summer 2025,0,0.0,S25,2025,20252,166,False
Electric Vehicles,Fall 2025,0,0.0,F25,2025,20253,146,False
Electric Vehicles,Winter 2026,0,0.0,W26,2026,20260,199,False
Electric Vehicles,Spring 2026,0,0.0,X26,2026,20261,195,False
Electric Vehicles,Summer 2026,0,0.0,S26,2026,20262,235,False
Electric Vehicles,Fall 2026,0,0.0,F26,2026,20263,35,True
Electric Vehicles,Winter 2027,0,0.0,W27,2027,20270,1,True
Electronics,Summer 2005,0,0.0,S05,2005,20052,9,True
Electronics,Winter 2006,0,0.0,W06,2006,20060,7,True
Electronics,Summer 2006,0,0.0,S06,2006,20062,10,True
Electronics,Winter 2007,1,7.692,W07,2007,20070,13,True
Electronics,Summer 2007,0,0.0,S07,2007,20072,19,True
Electronics,Winter 2008,0,0.0,W08,2008,20080,21,True
Electronics,Summer 2008,0,0.0,S08,2008,20082,22,True
Electronics,Winter 2009,0,0.0,W09,2009,20090,16,True
Electronics,Summer 2009,0,0.0,S09,2009,20092,26,True
Electronics,Winter 2010,0,0.0,W10,2010,20100,27,True
Electronics,Summer 2010,0,0.0,S10,2010,20102,36,True
Electronics,Winter 2011,0,0.0,W11,2011,20110,45,True
Electronics,Summer 2011,0,0.0,S11,2011,20112,60,False
Electronics,Winter 2012,0,0.0,W12,2012,20120,66,False
Electronics,Summer 2012,0,0.0,S12,2012,20122,83,False
Electronics,Winter 2013,0,0.0,W13,2013,20130,46,True
Electronics,Summer 2013,0,0.0,S13,2013,20132,52,False
Electronics,Winter 2014,0,0.0,W14,2014,20140,74,False
Electronics,Summer 2014,0,0.0,S14,2014,20142,78,False
Electronics,Winter 2015,0,0.0,W15,2015,20150,110,False
Electronics,Summer 2015,0,0.0,S15,2015,20152,104,False
Electronics,Winter 2016,0,0.0,W16,2016,20160,122,False
Electronics,Summer 2016,0,0.0,S16,2016,20162,102,False
Electronics,Winter 2017,0,0.0,W17,2017,20170,116,False
Electronics,Summer 2017,0,0.0,S17,2017,20172,125,False
Electronics,Winter 2018,0,0.0,W18,2018,20180,146,False
Electronics,Summer 2018,0,0.0,S18,2018,20182,131,False
Electronics,Winter 2019,0,0.0,W19,2019,20190,194,False
Electronics,Summer 2019,0,0.0,S19,2019,20192,176,False
Electronics,Winter 2020,1,0.439,W20,2020,20200,228,False
Electronics,Summer 2020,0,0.0,S20,2020,20202,209,False
Electronics,Winter 2021,0,0.0,W21,2021,20210,336,False
Electronics,Summer 2021,0,0.0,S21,2021,20212,391,False
Electronics,Winter 2022,1,0.251,W22,2022,20220,398,False
Electronics,Summer 2022,0,0.0,S22,2022,20222,234,False
Electronics,Winter 2023,0,0.0,W23,2023,20230,274,False
Electronics,Summer 2023,0,0.0,S23,2023,20232,220,False
Electronics,Winter 2024,1,0.403,W24,2024,20240,248,False
Electronics,Summer 2024,1,0.403,S24,2024,20242,248,False
Electronics,Fall 2024,0,0.0,F24,2024,20243,94,False
Electronics,Winter 2025,4,2.41,W25,2025,20250,166,False
Electronics,Spring 2025,1,0.699,X25,2025,20251,143,False
Electronics,Summer 2025,0,0.0,S25,2025,20252,166,False
Electronics,Fall 2025,0,0.0,F25,2025,20253,146,False
Electronics,Winter 2026,0,0.0,W26,2026,20260,199,False
Electronics,Spring 2026,0,0.0,X26,2026,20261,195,False
Electronics,Summer 2026,1,0.426,S26,2026,20262,235,False
Electronics,Fall 2026,1,2.857,F26,2026,20263,35,True
Electronics,Winter 2027,0,0.0,W27,2027,20270,1,True
Email,Summer 2005,0,0.0,S05,2005,20052,9,True
Email,Winter 2006,0,0.0,W06,2006,20060,7,True
Email,Summer 2006,0,0.0,S06,2006,20062,10,True
Email,Winter 2007,0,0.0,W07,2007,20070,13,True
Email,Summer 2007,0,0.0,S07,2007,20072,19,True
Email,Winter 2008,0,0.0,W08,2008,20080,21,True
Email,Summer 2008,1,4.545,S08,2008,20082,22,True
Email,Winter 2009,1,6.25,W09,2009,20090,16,True
Email,Summer 2009,0,0.0,S09,2009,20092,26,True
Email,Winter 2010,0,0.0,W10,2010,20100,27,True
Email,Summer 2010,2,5.556,S10,2010,20102,36,True
Email,Winter 2011,1,2.222,W11,2011,20110,45,True
Email,Summer 2011,1,1.667,S11,2011,20112,60,False
Email,Winter 2012,1,1.515,W12,2012,20120,66,False
Email,Summer 2012,1,1.205,S12,2012,20122,83,False
Email,Winter 2013,0,0.0,W13,2013,20130,46,True
Email,Summer 2013,0,0.0,S13,2013,20132,52,False
Email,Winter 2014,1,1.351,W14,2014,20140,74,False
Email,Summer 2014,1,1.282,S14,2014,20142,78,False
Email,Winter 2015,0,0.0,W15,2015,20150,110,False
Email,Summer 2015,0,0.0,S15,2015,20152,104,False
Email,Winter 2016,1,0.82,W16,2016,20160,122,False
Email,Summer 2016,1,0.98,S16,2016,20162,102,False
Email,Winter 2017,0,0.0,W17,2017,20170,116,False
Email,Summer 2017,1,0.8,S17,2017,20172,125,False
Email,Winter 2018,0,0.0,W18,2018,20180,146,False
Email,Summer 2018,0,0.0,S18,2018,20182,131,False
Email,Winter 2019,0,0.0,W19,2019,20190,194,False
Email,Summer 2019,0,0.0,S19,2019,20192,176,False
Email,Winter 2020,0,0.0,W20,2020,20200,228,False
Email,Summer 2020,1,0.478,S20,2020,20202,209,False
Email,Winter 2021,2,0.595,W21,2021,20210,336,False
Email,Summer 2021,1,0.256,S21,2021,20212,391,False
Email,Winter 2022,2,0.503,W22,2022,20220,398,False
Email,Summer 2022,0,0.0,S22,2022,20222,234,False
Email,Winter 2023,0,0.0,W23,2023,20230,274,False
Email,Summer 2023,0,0.0,S23,2023,20232,220,False
Email,Winter 2024,1,0.403,W24,2024,20240,248,False
Email,Summer 2024,2,0.806,S24,2024,20242,248,False
Email,Fall 2024,1,1.064,F24,2024,20243,94,False
Email,Winter 2025,1,0.602,W25,2025,20250,166,False
Email,Spring 2025,0,0.0,X25,2025,20251,143,False
Email,Summer 2025,2,1.205,S25,2025,20252,166,False
Email,Fall 2025,0,0.0,F25,2025,20253,146,False
Email,Winter 2026,0,0.0,W26,2026,20260,199,False
Email,Spring 2026,0,0.0,X26,2026,20261,195,False
Email,Summer 2026,0,0.0,S26,2026,20262,235,False
Email,Fall 2026,0,0.0,F26,2026,20263,35,True
Email,Winter 2027,0,0.0,W27,2027,20270,1,True
Emerging Markets,Summer 2005,0,0.0,S05,2005,20052,9,True
Emerging Markets,Winter 2006,0,0.0,W06,2006,20060,7,True
Emerging Markets,Summer 2006,0,0.0,S06,2006,20062,10,True
Emerging Markets,Winter 2007,0,0.0,W07,2007,20070,13,True
Emerging Markets,Summer 2007,0,0.0,S07,2007,20072,19,True
Emerging Markets,Winter 2008,0,0.0,W08,2008,20080,21,True
Emerging Markets,Summer 2008,0,0.0,S08,2008,20082,22,True
Emerging Markets,Winter 2009,0,0.0,W09,2009,20090,16,True
Emerging Markets,Summer 2009,0,0.0,S09,2009,20092,26,True
Emerging Markets,Winter 2010,0,0.0,W10,2010,20100,27,True
Emerging Markets,Summer 2010,0,0.0,S10,2010,20102,36,True
Emerging Markets,Winter 2011,0,0.0,W11,2011,20110,45,True
Emerging Markets,Summer 2011,0,0.0,S11,2011,20112,60,False
Emerging Markets,Winter 2012,0,0.0,W12,2012,20120,66,False
Emerging Markets,Summer 2012,0,0.0,S12,2012,20122,83,False
Emerging Markets,Winter 2013,0,0.0,W13,2013,20130,46,True
Emerging Markets,Summer 2013,0,0.0,S13,2013,20132,52,False
Emerging Markets,Winter 2014,0,0.0,W14,2014,20140,74,False
Emerging Markets,Summer 2014,0,0.0,S14,2014,20142,78,False
Emerging Markets,Winter 2015,0,0.0,W15,2015,20150,110,False
Emerging Markets,Summer 2015,0,0.0,S15,2015,20152,104,False
Emerging Markets,Winter 2016,1,0.82,W16,2016,20160,122,False
Emerging Markets,Summer 2016,1,0.98,S16,2016,20162,102,False
Emerging Markets,Winter 2017,0,0.0,W17,2017,20170,116,False
Emerging Markets,Summer 2017,0,0.0,S17,2017,20172,125,False
Emerging Markets,Winter 2018,0,0.0,W18,2018,20180,146,False
Emerging Markets,Summer 2018,0,0.0,S18,2018,20182,131,False
Emerging Markets,Winter 2019,0,0.0,W19,2019,20190,194,False
Emerging Markets,Summer 2019,1,0.568,S19,2019,20192,176,False
Emerging Markets,Winter 2020,0,0.0,W20,2020,20200,228,False
Emerging Markets,Summer 2020,0,0.0,S20,2020,20202,209,False
Emerging Markets,Winter 2021,1,0.298,W21,2021,20210,336,False
Emerging Markets,Summer 2021,0,0.0,S21,2021,20212,391,False
Emerging Markets,Winter 2022,0,0.0,W22,2022,20220,398,False
Emerging Markets,Summer 2022,0,0.0,S22,2022,20222,234,False
Emerging Markets,Winter 2023,1,0.365,W23,2023,20230,274,False
Emerging Markets,Summer 2023,0,0.0,S23,2023,20232,220,False
Emerging Markets,Winter 2024,1,0.403,W24,2024,20240,248,False
Emerging Markets,Summer 2024,1,0.403,S24,2024,20242,248,False
Emerging Markets,Fall 2024,0,0.0,F24,2024,20243,94,False
Emerging Markets,Winter 2025,1,0.602,W25,2025,20250,166,False
Emerging Markets,Spring 2025,0,0.0,X25,2025,20251,143,False
Emerging Markets,Summer 2025,0,0.0,S25,2025,20252,166,False
Emerging Markets,Fall 2025,0,0.0,F25,2025,20253,146,False
Emerging Markets,Winter 2026,1,0.503,W26,2026,20260,199,False
Emerging Markets,Spring 2026,0,0.0,X26,2026,20261,195,False
Emerging Markets,Summer 2026,0,0.0,S26,2026,20262,235,False
Emerging Markets,Fall 2026,0,0.0,F26,2026,20263,35,True
Emerging Markets,Winter 2027,0,0.0,W27,2027,20270,1,True
Energy,Summer 2005,0,0.0,S05,2005,20052,9,True
Energy,Winter 2006,0,0.0,W06,2006,20060,7,True
Energy,Summer 2006,0,0.0,S06,2006,20062,10,True
Energy,Winter 2007,0,0.0,W07,2007,20070,13,True
Energy,Summer 2007,0,0.0,S07,2007,20072,19,True
Energy,Winter 2008,0,0.0,W08,2008,20080,21,True
Energy,Summer 2008,0,0.0,S08,2008,20082,22,True
Energy,Winter 2009,0,0.0,W09,2009,20090,16,True
Energy,Summer 2009,0,0.0,S09,2009,20092,26,True
Energy,Winter 2010,0,0.0,W10,2010,20100,27,True
Energy,Summer 2010,0,0.0,S10,2010,20102,36,True
Energy,Winter 2011,0,0.0,W11,2011,20110,45,True
Energy,Summer 2011,0,0.0,S11,2011,20112,60,False
Energy,Winter 2012,0,0.0,W12,2012,20120,66,False
Energy,Summer 2012,0,0.0,S12,2012,20122,83,False
Energy,Winter 2013,0,0.0,W13,2013,20130,46,True
Energy,Summer 2013,0,0.0,S13,2013,20132,52,False
Energy,Winter 2014,0,0.0,W14,2014,20140,74,False
Energy,Summer 2014,1,1.282,S14,2014,20142,78,False
Energy,Winter 2015,1,0.909,W15,2015,20150,110,False
Energy,Summer 2015,2,1.923,S15,2015,20152,104,False
Energy,Winter 2016,2,1.639,W16,2016,20160,122,False
Energy,Summer 2016,2,1.961,S16,2016,20162,102,False
Energy,Winter 2017,0,0.0,W17,2017,20170,116,False
Energy,Summer 2017,1,0.8,S17,2017,20172,125,False
Energy,Winter 2018,0,0.0,W18,2018,20180,146,False
Energy,Summer 2018,1,0.763,S18,2018,20182,131,False
Energy,Winter 2019,1,0.515,W19,2019,20190,194,False
Energy,Summer 2019,1,0.568,S19,2019,20192,176,False
Energy,Winter 2020,1,0.439,W20,2020,20200,228,False
Energy,Summer 2020,0,0.0,S20,2020,20202,209,False
Energy,Winter 2021,5,1.488,W21,2021,20210,336,False
Energy,Summer 2021,2,0.512,S21,2021,20212,391,False
Energy,Winter 2022,4,1.005,W22,2022,20220,398,False
Energy,Summer 2022,4,1.709,S22,2022,20222,234,False
Energy,Winter 2023,1,0.365,W23,2023,20230,274,False
Energy,Summer 2023,4,1.818,S23,2023,20232,220,False
Energy,Winter 2024,1,0.403,W24,2024,20240,248,False
Energy,Summer 2024,3,1.21,S24,2024,20242,248,False
Energy,Fall 2024,1,1.064,F24,2024,20243,94,False
Energy,Winter 2025,3,1.807,W25,2025,20250,166,False
Energy,Spring 2025,1,0.699,X25,2025,20251,143,False
Energy,Summer 2025,0,0.0,S25,2025,20252,166,False
Energy,Fall 2025,0,0.0,F25,2025,20253,146,False
Energy,Winter 2026,1,0.503,W26,2026,20260,199,False
Energy,Spring 2026,0,0.0,X26,2026,20261,195,False
Energy,Summer 2026,9,3.83,S26,2026,20262,235,False
Energy,Fall 2026,1,2.857,F26,2026,20263,35,True
Energy,Winter 2027,0,0.0,W27,2027,20270,1,True
Energy Storage,Summer 2005,0,0.0,S05,2005,20052,9,True
Energy Storage,Winter 2006,0,0.0,W06,2006,20060,7,True
Energy Storage,Summer 2006,0,0.0,S06,2006,20062,10,True
Energy Storage,Winter 2007,0,0.0,W07,2007,20070,13,True
Energy Storage,Summer 2007,0,0.0,S07,2007,20072,19,True
Energy Storage,Winter 2008,0,0.0,W08,2008,20080,21,True
Energy Storage,Summer 2008,0,0.0,S08,2008,20082,22,True
Energy Storage,Winter 2009,0,0.0,W09,2009,20090,16,True
Energy Storage,Summer 2009,0,0.0,S09,2009,20092,26,True
Energy Storage,Winter 2010,0,0.0,W10,2010,20100,27,True
Energy Storage,Summer 2010,0,0.0,S10,2010,20102,36,True
Energy Storage,Winter 2011,0,0.0,W11,2011,20110,45,True
Energy Storage,Summer 2011,0,0.0,S11,2011,20112,60,False
Energy Storage,Winter 2012,0,0.0,W12,2012,20120,66,False
Energy Storage,Summer 2012,0,0.0,S12,2012,20122,83,False
Energy Storage,Winter 2013,0,0.0,W13,2013,20130,46,True
Energy Storage,Summer 2013,0,0.0,S13,2013,20132,52,False
Energy Storage,Winter 2014,1,1.351,W14,2014,20140,74,False
Energy Storage,Summer 2014,0,0.0,S14,2014,20142,78,False
Energy Storage,Winter 2015,0,0.0,W15,2015,20150,110,False
Energy Storage,Summer 2015,0,0.0,S15,2015,20152,104,False
Energy Storage,Winter 2016,0,0.0,W16,2016,20160,122,False
Energy Storage,Summer 2016,0,0.0,S16,2016,20162,102,False
Energy Storage,Winter 2017,0,0.0,W17,2017,20170,116,False
Energy Storage,Summer 2017,2,1.6,S17,2017,20172,125,False
Energy Storage,Winter 2018,0,0.0,W18,2018,20180,146,False
Energy Storage,Summer 2018,0,0.0,S18,2018,20182,131,False
Energy Storage,Winter 2019,1,0.515,W19,2019,20190,194,False
Energy Storage,Summer 2019,0,0.0,S19,2019,20192,176,False
Energy Storage,Winter 2020,0,0.0,W20,2020,20200,228,False
Energy Storage,Summer 2020,1,0.478,S20,2020,20202,209,False
Energy Storage,Winter 2021,2,0.595,W21,2021,20210,336,False
Energy Storage,Summer 2021,0,0.0,S21,2021,20212,391,False
Energy Storage,Winter 2022,2,0.503,W22,2022,20220,398,False
Energy Storage,Summer 2022,0,0.0,S22,2022,20222,234,False
Energy Storage,Winter 2023,1,0.365,W23,2023,20230,274,False
Energy Storage,Summer 2023,0,0.0,S23,2023,20232,220,False
Energy Storage,Winter 2024,2,0.806,W24,2024,20240,248,False
Energy Storage,Summer 2024,0,0.0,S24,2024,20242,248,False
Energy Storage,Fall 2024,0,0.0,F24,2024,20243,94,False
Energy Storage,Winter 2025,0,0.0,W25,2025,20250,166,False
Energy Storage,Spring 2025,1,0.699,X25,2025,20251,143,False
Energy Storage,Summer 2025,0,0.0,S25,2025,20252,166,False
Energy Storage,Fall 2025,0,0.0,F25,2025,20253,146,False
Energy Storage,Winter 2026,0,0.0,W26,2026,20260,199,False
Energy Storage,Spring 2026,0,0.0,X26,2026,20261,195,False
Energy Storage,Summer 2026,0,0.0,S26,2026,20262,235,False
Energy Storage,Fall 2026,0,0.0,F26,2026,20263,35,True
Energy Storage,Winter 2027,0,0.0,W27,2027,20270,1,True
Enterprise,Summer 2005,0,0.0,S05,2005,20052,9,True
Enterprise,Winter 2006,0,0.0,W06,2006,20060,7,True
Enterprise,Summer 2006,0,0.0,S06,2006,20062,10,True
Enterprise,Winter 2007,0,0.0,W07,2007,20070,13,True
Enterprise,Summer 2007,0,0.0,S07,2007,20072,19,True
Enterprise,Winter 2008,0,0.0,W08,2008,20080,21,True
Enterprise,Summer 2008,0,0.0,S08,2008,20082,22,True
Enterprise,Winter 2009,0,0.0,W09,2009,20090,16,True
Enterprise,Summer 2009,0,0.0,S09,2009,20092,26,True
Enterprise,Winter 2010,0,0.0,W10,2010,20100,27,True
Enterprise,Summer 2010,1,2.778,S10,2010,20102,36,True
Enterprise,Winter 2011,1,2.222,W11,2011,20110,45,True
Enterprise,Summer 2011,1,1.667,S11,2011,20112,60,False
Enterprise,Winter 2012,3,4.545,W12,2012,20120,66,False
Enterprise,Summer 2012,0,0.0,S12,2012,20122,83,False
Enterprise,Winter 2013,2,4.348,W13,2013,20130,46,True
Enterprise,Summer 2013,0,0.0,S13,2013,20132,52,False
Enterprise,Winter 2014,1,1.351,W14,2014,20140,74,False
Enterprise,Summer 2014,0,0.0,S14,2014,20142,78,False
Enterprise,Winter 2015,2,1.818,W15,2015,20150,110,False
Enterprise,Summer 2015,0,0.0,S15,2015,20152,104,False
Enterprise,Winter 2016,1,0.82,W16,2016,20160,122,False
Enterprise,Summer 2016,4,3.922,S16,2016,20162,102,False
Enterprise,Winter 2017,1,0.862,W17,2017,20170,116,False
Enterprise,Summer 2017,0,0.0,S17,2017,20172,125,False
Enterprise,Winter 2018,1,0.685,W18,2018,20180,146,False
Enterprise,Summer 2018,2,1.527,S18,2018,20182,131,False
Enterprise,Winter 2019,2,1.031,W19,2019,20190,194,False
Enterprise,Summer 2019,1,0.568,S19,2019,20192,176,False
Enterprise,Winter 2020,2,0.877,W20,2020,20200,228,False
Enterprise,Summer 2020,5,2.392,S20,2020,20202,209,False
Enterprise,Winter 2021,4,1.19,W21,2021,20210,336,False
Enterprise,Summer 2021,4,1.023,S21,2021,20212,391,False
Enterprise,Winter 2022,9,2.261,W22,2022,20220,398,False
Enterprise,Summer 2022,11,4.701,S22,2022,20222,234,False
Enterprise,Winter 2023,15,5.474,W23,2023,20230,274,False
Enterprise,Summer 2023,7,3.182,S23,2023,20232,220,False
Enterprise,Winter 2024,7,2.823,W24,2024,20240,248,False
Enterprise,Summer 2024,4,1.613,S24,2024,20242,248,False
Enterprise,Fall 2024,3,3.191,F24,2024,20243,94,False
Enterprise,Winter 2025,4,2.41,W25,2025,20250,166,False
Enterprise,Spring 2025,2,1.399,X25,2025,20251,143,False
Enterprise,Summer 2025,2,1.205,S25,2025,20252,166,False
Enterprise,Fall 2025,2,1.37,F25,2025,20253,146,False
Enterprise,Winter 2026,1,0.503,W26,2026,20260,199,False
Enterprise,Spring 2026,2,1.026,X26,2026,20261,195,False
Enterprise,Summer 2026,6,2.553,S26,2026,20262,235,False
Enterprise,Fall 2026,0,0.0,F26,2026,20263,35,True
Enterprise,Winter 2027,0,0.0,W27,2027,20270,1,True
Enterprise Software,Summer 2005,0,0.0,S05,2005,20052,9,True
Enterprise Software,Winter 2006,0,0.0,W06,2006,20060,7,True
Enterprise Software,Summer 2006,0,0.0,S06,2006,20062,10,True
Enterprise Software,Winter 2007,0,0.0,W07,2007,20070,13,True
Enterprise Software,Summer 2007,0,0.0,S07,2007,20072,19,True
Enterprise Software,Winter 2008,0,0.0,W08,2008,20080,21,True
Enterprise Software,Summer 2008,0,0.0,S08,2008,20082,22,True
Enterprise Software,Winter 2009,0,0.0,W09,2009,20090,16,True
Enterprise Software,Summer 2009,0,0.0,S09,2009,20092,26,True
Enterprise Software,Winter 2010,0,0.0,W10,2010,20100,27,True
Enterprise Software,Summer 2010,1,2.778,S10,2010,20102,36,True
Enterprise Software,Winter 2011,1,2.222,W11,2011,20110,45,True
Enterprise Software,Summer 2011,0,0.0,S11,2011,20112,60,False
Enterprise Software,Winter 2012,0,0.0,W12,2012,20120,66,False
Enterprise Software,Summer 2012,0,0.0,S12,2012,20122,83,False
Enterprise Software,Winter 2013,0,0.0,W13,2013,20130,46,True
Enterprise Software,Summer 2013,0,0.0,S13,2013,20132,52,False
Enterprise Software,Winter 2014,1,1.351,W14,2014,20140,74,False
Enterprise Software,Summer 2014,1,1.282,S14,2014,20142,78,False
Enterprise Software,Winter 2015,1,0.909,W15,2015,20150,110,False
Enterprise Software,Summer 2015,1,0.962,S15,2015,20152,104,False
Enterprise Software,Winter 2016,0,0.0,W16,2016,20160,122,False
Enterprise Software,Summer 2016,3,2.941,S16,2016,20162,102,False
Enterprise Software,Winter 2017,0,0.0,W17,2017,20170,116,False
Enterprise Software,Summer 2017,0,0.0,S17,2017,20172,125,False
Enterprise Software,Winter 2018,2,1.37,W18,2018,20180,146,False
Enterprise Software,Summer 2018,1,0.763,S18,2018,20182,131,False
Enterprise Software,Winter 2019,1,0.515,W19,2019,20190,194,False
Enterprise Software,Summer 2019,3,1.705,S19,2019,20192,176,False
Enterprise Software,Winter 2020,1,0.439,W20,2020,20200,228,False
Enterprise Software,Summer 2020,3,1.435,S20,2020,20202,209,False
Enterprise Software,Winter 2021,4,1.19,W21,2021,20210,336,False
Enterprise Software,Summer 2021,4,1.023,S21,2021,20212,391,False
Enterprise Software,Winter 2022,10,2.513,W22,2022,20220,398,False
Enterprise Software,Summer 2022,5,2.137,S22,2022,20222,234,False
Enterprise Software,Winter 2023,8,2.92,W23,2023,20230,274,False
Enterprise Software,Summer 2023,12,5.455,S23,2023,20232,220,False
Enterprise Software,Winter 2024,8,3.226,W24,2024,20240,248,False
Enterprise Software,Summer 2024,10,4.032,S24,2024,20242,248,False
Enterprise Software,Fall 2024,5,5.319,F24,2024,20243,94,False
Enterprise Software,Winter 2025,3,1.807,W25,2025,20250,166,False
Enterprise Software,Spring 2025,7,4.895,X25,2025,20251,143,False
Enterprise Software,Summer 2025,9,5.422,S25,2025,20252,166,False
Enterprise Software,Fall 2025,3,2.055,F25,2025,20253,146,False
Enterprise Software,Winter 2026,5,2.513,W26,2026,20260,199,False
Enterprise Software,Spring 2026,5,2.564,X26,2026,20261,195,False
Enterprise Software,Summer 2026,14,5.957,S26,2026,20262,235,False
Enterprise Software,Fall 2026,0,0.0,F26,2026,20263,35,True
Enterprise Software,Winter 2027,0,0.0,W27,2027,20270,1,True
Entertainment,Summer 2005,0,0.0,S05,2005,20052,9,True
Entertainment,Winter 2006,0,0.0,W06,2006,20060,7,True
Entertainment,Summer 2006,0,0.0,S06,2006,20062,10,True
Entertainment,Winter 2007,0,0.0,W07,2007,20070,13,True
Entertainment,Summer 2007,0,0.0,S07,2007,20072,19,True
Entertainment,Winter 2008,0,0.0,W08,2008,20080,21,True
Entertainment,Summer 2008,0,0.0,S08,2008,20082,22,True
Entertainment,Winter 2009,0,0.0,W09,2009,20090,16,True
Entertainment,Summer 2009,0,0.0,S09,2009,20092,26,True
Entertainment,Winter 2010,0,0.0,W10,2010,20100,27,True
Entertainment,Summer 2010,0,0.0,S10,2010,20102,36,True
Entertainment,Winter 2011,1,2.222,W11,2011,20110,45,True
Entertainment,Summer 2011,0,0.0,S11,2011,20112,60,False
Entertainment,Winter 2012,0,0.0,W12,2012,20120,66,False
Entertainment,Summer 2012,2,2.41,S12,2012,20122,83,False
Entertainment,Winter 2013,0,0.0,W13,2013,20130,46,True
Entertainment,Summer 2013,0,0.0,S13,2013,20132,52,False
Entertainment,Winter 2014,0,0.0,W14,2014,20140,74,False
Entertainment,Summer 2014,0,0.0,S14,2014,20142,78,False
Entertainment,Winter 2015,0,0.0,W15,2015,20150,110,False
Entertainment,Summer 2015,1,0.962,S15,2015,20152,104,False
Entertainment,Winter 2016,2,1.639,W16,2016,20160,122,False
Entertainment,Summer 2016,1,0.98,S16,2016,20162,102,False
Entertainment,Winter 2017,1,0.862,W17,2017,20170,116,False
Entertainment,Summer 2017,2,1.6,S17,2017,20172,125,False
Entertainment,Winter 2018,2,1.37,W18,2018,20180,146,False
Entertainment,Summer 2018,3,2.29,S18,2018,20182,131,False
Entertainment,Winter 2019,0,0.0,W19,2019,20190,194,False
Entertainment,Summer 2019,2,1.136,S19,2019,20192,176,False
Entertainment,Winter 2020,4,1.754,W20,2020,20200,228,False
Entertainment,Summer 2020,5,2.392,S20,2020,20202,209,False
Entertainment,Winter 2021,1,0.298,W21,2021,20210,336,False
Entertainment,Summer 2021,2,0.512,S21,2021,20212,391,False
Entertainment,Winter 2022,7,1.759,W22,2022,20220,398,False
Entertainment,Summer 2022,1,0.427,S22,2022,20222,234,False
Entertainment,Winter 2023,2,0.73,W23,2023,20230,274,False
Entertainment,Summer 2023,2,0.909,S23,2023,20232,220,False
Entertainment,Winter 2024,4,1.613,W24,2024,20240,248,False
Entertainment,Summer 2024,2,0.806,S24,2024,20242,248,False
Entertainment,Fall 2024,0,0.0,F24,2024,20243,94,False
Entertainment,Winter 2025,1,0.602,W25,2025,20250,166,False
Entertainment,Spring 2025,0,0.0,X25,2025,20251,143,False
Entertainment,Summer 2025,0,0.0,S25,2025,20252,166,False
Entertainment,Fall 2025,2,1.37,F25,2025,20253,146,False
Entertainment,Winter 2026,0,0.0,W26,2026,20260,199,False
Entertainment,Spring 2026,0,0.0,X26,2026,20261,195,False
Entertainment,Summer 2026,2,0.851,S26,2026,20262,235,False
Entertainment,Fall 2026,0,0.0,F26,2026,20263,35,True
Entertainment,Winter 2027,0,0.0,W27,2027,20270,1,True
Exascale Computing,Summer 2005,0,0.0,S05,2005,20052,9,True
Exascale Computing,Winter 2006,0,0.0,W06,2006,20060,7,True
Exascale Computing,Summer 2006,0,0.0,S06,2006,20062,10,True
Exascale Computing,Winter 2007,0,0.0,W07,2007,20070,13,True
Exascale Computing,Summer 2007,0,0.0,S07,2007,20072,19,True
Exascale Computing,Winter 2008,0,0.0,W08,2008,20080,21,True
Exascale Computing,Summer 2008,0,0.0,S08,2008,20082,22,True
Exascale Computing,Winter 2009,0,0.0,W09,2009,20090,16,True
Exascale Computing,Summer 2009,0,0.0,S09,2009,20092,26,True
Exascale Computing,Winter 2010,0,0.0,W10,2010,20100,27,True
Exascale Computing,Summer 2010,0,0.0,S10,2010,20102,36,True
Exascale Computing,Winter 2011,0,0.0,W11,2011,20110,45,True
Exascale Computing,Summer 2011,0,0.0,S11,2011,20112,60,False
Exascale Computing,Winter 2012,0,0.0,W12,2012,20120,66,False
Exascale Computing,Summer 2012,0,0.0,S12,2012,20122,83,False
Exascale Computing,Winter 2013,0,0.0,W13,2013,20130,46,True
Exascale Computing,Summer 2013,0,0.0,S13,2013,20132,52,False
Exascale Computing,Winter 2014,0,0.0,W14,2014,20140,74,False
Exascale Computing,Summer 2014,0,0.0,S14,2014,20142,78,False
Exascale Computing,Winter 2015,0,0.0,W15,2015,20150,110,False
Exascale Computing,Summer 2015,0,0.0,S15,2015,20152,104,False
Exascale Computing,Winter 2016,0,0.0,W16,2016,20160,122,False
Exascale Computing,Summer 2016,0,0.0,S16,2016,20162,102,False
Exascale Computing,Winter 2017,0,0.0,W17,2017,20170,116,False
Exascale Computing,Summer 2017,0,0.0,S17,2017,20172,125,False
Exascale Computing,Winter 2018,0,0.0,W18,2018,20180,146,False
Exascale Computing,Summer 2018,0,0.0,S18,2018,20182,131,False
Exascale Computing,Winter 2019,0,0.0,W19,2019,20190,194,False
Exascale Computing,Summer 2019,0,0.0,S19,2019,20192,176,False
Exascale Computing,Winter 2020,0,0.0,W20,2020,20200,228,False
Exascale Computing,Summer 2020,0,0.0,S20,2020,20202,209,False
Exascale Computing,Winter 2021,0,0.0,W21,2021,20210,336,False
Exascale Computing,Summer 2021,0,0.0,S21,2021,20212,391,False
Exascale Computing,Winter 2022,0,0.0,W22,2022,20220,398,False
Exascale Computing,Summer 2022,0,0.0,S22,2022,20222,234,False
Exascale Computing,Winter 2023,0,0.0,W23,2023,20230,274,False
Exascale Computing,Summer 2023,0,0.0,S23,2023,20232,220,False
Exascale Computing,Winter 2024,0,0.0,W24,2024,20240,248,False
Exascale Computing,Summer 2024,0,0.0,S24,2024,20242,248,False
Exascale Computing,Fall 2024,0,0.0,F24,2024,20243,94,False
Exascale Computing,Winter 2025,0,0.0,W25,2025,20250,166,False
Exascale Computing,Spring 2025,0,0.0,X25,2025,20251,143,False
Exascale Computing,Summer 2025,0,0.0,S25,2025,20252,166,False
Exascale Computing,Fall 2025,0,0.0,F25,2025,20253,146,False
Exascale Computing,Winter 2026,0,0.0,W26,2026,20260,199,False
Exascale Computing,Spring 2026,0,0.0,X26,2026,20261,195,False
Exascale Computing,Summer 2026,1,0.426,S26,2026,20262,235,False
Exascale Computing,Fall 2026,0,0.0,F26,2026,20263,35,True
Exascale Computing,Winter 2027,0,0.0,W27,2027,20270,1,True
Fashion,Summer 2005,0,0.0,S05,2005,20052,9,True
Fashion,Winter 2006,0,0.0,W06,2006,20060,7,True
Fashion,Summer 2006,0,0.0,S06,2006,20062,10,True
Fashion,Winter 2007,0,0.0,W07,2007,20070,13,True
Fashion,Summer 2007,0,0.0,S07,2007,20072,19,True
Fashion,Winter 2008,0,0.0,W08,2008,20080,21,True
Fashion,Summer 2008,0,0.0,S08,2008,20082,22,True
Fashion,Winter 2009,0,0.0,W09,2009,20090,16,True
Fashion,Summer 2009,0,0.0,S09,2009,20092,26,True
Fashion,Winter 2010,0,0.0,W10,2010,20100,27,True
Fashion,Summer 2010,0,0.0,S10,2010,20102,36,True
Fashion,Winter 2011,1,2.222,W11,2011,20110,45,True
Fashion,Summer 2011,0,0.0,S11,2011,20112,60,False
Fashion,Winter 2012,2,3.03,W12,2012,20120,66,False
Fashion,Summer 2012,1,1.205,S12,2012,20122,83,False
Fashion,Winter 2013,2,4.348,W13,2013,20130,46,True
Fashion,Summer 2013,1,1.923,S13,2013,20132,52,False
Fashion,Winter 2014,1,1.351,W14,2014,20140,74,False
Fashion,Summer 2014,0,0.0,S14,2014,20142,78,False
Fashion,Winter 2015,0,0.0,W15,2015,20150,110,False
Fashion,Summer 2015,1,0.962,S15,2015,20152,104,False
Fashion,Winter 2016,1,0.82,W16,2016,20160,122,False
Fashion,Summer 2016,1,0.98,S16,2016,20162,102,False
Fashion,Winter 2017,0,0.0,W17,2017,20170,116,False
Fashion,Summer 2017,1,0.8,S17,2017,20172,125,False
Fashion,Winter 2018,0,0.0,W18,2018,20180,146,False
Fashion,Summer 2018,0,0.0,S18,2018,20182,131,False
Fashion,Winter 2019,2,1.031,W19,2019,20190,194,False
Fashion,Summer 2019,2,1.136,S19,2019,20192,176,False
Fashion,Winter 2020,0,0.0,W20,2020,20200,228,False
Fashion,Summer 2020,2,0.957,S20,2020,20202,209,False
Fashion,Winter 2021,0,0.0,W21,2021,20210,336,False
Fashion,Summer 2021,0,0.0,S21,2021,20212,391,False
Fashion,Winter 2022,1,0.251,W22,2022,20220,398,False
Fashion,Summer 2022,0,0.0,S22,2022,20222,234,False
Fashion,Winter 2023,1,0.365,W23,2023,20230,274,False
Fashion,Summer 2023,0,0.0,S23,2023,20232,220,False
Fashion,Winter 2024,0,0.0,W24,2024,20240,248,False
Fashion,Summer 2024,0,0.0,S24,2024,20242,248,False
Fashion,Fall 2024,0,0.0,F24,2024,20243,94,False
Fashion,Winter 2025,0,0.0,W25,2025,20250,166,False
Fashion,Spring 2025,0,0.0,X25,2025,20251,143,False
Fashion,Summer 2025,0,0.0,S25,2025,20252,166,False
Fashion,Fall 2025,0,0.0,F25,2025,20253,146,False
Fashion,Winter 2026,0,0.0,W26,2026,20260,199,False
Fashion,Spring 2026,0,0.0,X26,2026,20261,195,False
Fashion,Summer 2026,0,0.0,S26,2026,20262,235,False
Fashion,Fall 2026,0,0.0,F26,2026,20263,35,True
Fashion,Winter 2027,0,0.0,W27,2027,20270,1,True
Feedback,Summer 2005,0,0.0,S05,2005,20052,9,True
Feedback,Winter 2006,0,0.0,W06,2006,20060,7,True
Feedback,Summer 2006,0,0.0,S06,2006,20062,10,True
Feedback,Winter 2007,0,0.0,W07,2007,20070,13,True
Feedback,Summer 2007,0,0.0,S07,2007,20072,19,True
Feedback,Winter 2008,0,0.0,W08,2008,20080,21,True
Feedback,Summer 2008,0,0.0,S08,2008,20082,22,True
Feedback,Winter 2009,0,0.0,W09,2009,20090,16,True
Feedback,Summer 2009,0,0.0,S09,2009,20092,26,True
Feedback,Winter 2010,0,0.0,W10,2010,20100,27,True
Feedback,Summer 2010,0,0.0,S10,2010,20102,36,True
Feedback,Winter 2011,0,0.0,W11,2011,20110,45,True
Feedback,Summer 2011,0,0.0,S11,2011,20112,60,False
Feedback,Winter 2012,0,0.0,W12,2012,20120,66,False
Feedback,Summer 2012,0,0.0,S12,2012,20122,83,False
Feedback,Winter 2013,0,0.0,W13,2013,20130,46,True
Feedback,Summer 2013,1,1.923,S13,2013,20132,52,False
Feedback,Winter 2014,0,0.0,W14,2014,20140,74,False
Feedback,Summer 2014,0,0.0,S14,2014,20142,78,False
Feedback,Winter 2015,0,0.0,W15,2015,20150,110,False
Feedback,Summer 2015,0,0.0,S15,2015,20152,104,False
Feedback,Winter 2016,0,0.0,W16,2016,20160,122,False
Feedback,Summer 2016,0,0.0,S16,2016,20162,102,False
Feedback,Winter 2017,0,0.0,W17,2017,20170,116,False
Feedback,Summer 2017,0,0.0,S17,2017,20172,125,False
Feedback,Winter 2018,0,0.0,W18,2018,20180,146,False
Feedback,Summer 2018,0,0.0,S18,2018,20182,131,False
Feedback,Winter 2019,0,0.0,W19,2019,20190,194,False
Feedback,Summer 2019,0,0.0,S19,2019,20192,176,False
Feedback,Winter 2020,0,0.0,W20,2020,20200,228,False
Feedback,Summer 2020,0,0.0,S20,2020,20202,209,False
Feedback,Winter 2021,1,0.298,W21,2021,20210,336,False
Feedback,Summer 2021,0,0.0,S21,2021,20212,391,False
Feedback,Winter 2022,0,0.0,W22,2022,20220,398,False
Feedback,Summer 2022,0,0.0,S22,2022,20222,234,False
Feedback,Winter 2023,0,0.0,W23,2023,20230,274,False
Feedback,Summer 2023,0,0.0,S23,2023,20232,220,False
Feedback,Winter 2024,1,0.403,W24,2024,20240,248,False
Feedback,Summer 2024,3,1.21,S24,2024,20242,248,False
Feedback,Fall 2024,0,0.0,F24,2024,20243,94,False
Feedback,Winter 2025,0,0.0,W25,2025,20250,166,False
Feedback,Spring 2025,0,0.0,X25,2025,20251,143,False
Feedback,Summer 2025,0,0.0,S25,2025,20252,166,False
Feedback,Fall 2025,0,0.0,F25,2025,20253,146,False
Feedback,Winter 2026,0,0.0,W26,2026,20260,199,False
Feedback,Spring 2026,0,0.0,X26,2026,20261,195,False
Feedback,Summer 2026,0,0.0,S26,2026,20262,235,False
Feedback,Fall 2026,0,0.0,F26,2026,20263,35,True
Feedback,Winter 2027,0,0.0,W27,2027,20270,1,True
Femtech,Summer 2005,0,0.0,S05,2005,20052,9,True
Femtech,Winter 2006,0,0.0,W06,2006,20060,7,True
Femtech,Summer 2006,0,0.0,S06,2006,20062,10,True
Femtech,Winter 2007,0,0.0,W07,2007,20070,13,True
Femtech,Summer 2007,0,0.0,S07,2007,20072,19,True
Femtech,Winter 2008,0,0.0,W08,2008,20080,21,True
Femtech,Summer 2008,0,0.0,S08,2008,20082,22,True
Femtech,Winter 2009,0,0.0,W09,2009,20090,16,True
Femtech,Summer 2009,0,0.0,S09,2009,20092,26,True
Femtech,Winter 2010,0,0.0,W10,2010,20100,27,True
Femtech,Summer 2010,0,0.0,S10,2010,20102,36,True
Femtech,Winter 2011,0,0.0,W11,2011,20110,45,True
Femtech,Summer 2011,0,0.0,S11,2011,20112,60,False
Femtech,Winter 2012,0,0.0,W12,2012,20120,66,False
Femtech,Summer 2012,0,0.0,S12,2012,20122,83,False
Femtech,Winter 2013,0,0.0,W13,2013,20130,46,True
Femtech,Summer 2013,0,0.0,S13,2013,20132,52,False
Femtech,Winter 2014,1,1.351,W14,2014,20140,74,False
Femtech,Summer 2014,0,0.0,S14,2014,20142,78,False
Femtech,Winter 2015,0,0.0,W15,2015,20150,110,False
Femtech,Summer 2015,0,0.0,S15,2015,20152,104,False
Femtech,Winter 2016,0,0.0,W16,2016,20160,122,False
Femtech,Summer 2016,0,0.0,S16,2016,20162,102,False
Femtech,Winter 2017,0,0.0,W17,2017,20170,116,False
Femtech,Summer 2017,0,0.0,S17,2017,20172,125,False
Femtech,Winter 2018,0,0.0,W18,2018,20180,146,False
Femtech,Summer 2018,0,0.0,S18,2018,20182,131,False
Femtech,Winter 2019,0,0.0,W19,2019,20190,194,False
Femtech,Summer 2019,0,0.0,S19,2019,20192,176,False
Femtech,Winter 2020,0,0.0,W20,2020,20200,228,False
Femtech,Summer 2020,0,0.0,S20,2020,20202,209,False
Femtech,Winter 2021,1,0.298,W21,2021,20210,336,False
Femtech,Summer 2021,0,0.0,S21,2021,20212,391,False
Femtech,Winter 2022,1,0.251,W22,2022,20220,398,False
Femtech,Summer 2022,2,0.855,S22,2022,20222,234,False
Femtech,Winter 2023,0,0.0,W23,2023,20230,274,False
Femtech,Summer 2023,0,0.0,S23,2023,20232,220,False
Femtech,Winter 2024,0,0.0,W24,2024,20240,248,False
Femtech,Summer 2024,0,0.0,S24,2024,20242,248,False
Femtech,Fall 2024,0,0.0,F24,2024,20243,94,False
Femtech,Winter 2025,0,0.0,W25,2025,20250,166,False
Femtech,Spring 2025,0,0.0,X25,2025,20251,143,False
Femtech,Summer 2025,0,0.0,S25,2025,20252,166,False
Femtech,Fall 2025,0,0.0,F25,2025,20253,146,False
Femtech,Winter 2026,0,0.0,W26,2026,20260,199,False
Femtech,Spring 2026,0,0.0,X26,2026,20261,195,False
Femtech,Summer 2026,0,0.0,S26,2026,20262,235,False
Femtech,Fall 2026,0,0.0,F26,2026,20263,35,True
Femtech,Winter 2027,0,0.0,W27,2027,20270,1,True
Fertility Tech,Summer 2005,0,0.0,S05,2005,20052,9,True
Fertility Tech,Winter 2006,0,0.0,W06,2006,20060,7,True
Fertility Tech,Summer 2006,0,0.0,S06,2006,20062,10,True
Fertility Tech,Winter 2007,0,0.0,W07,2007,20070,13,True
Fertility Tech,Summer 2007,0,0.0,S07,2007,20072,19,True
Fertility Tech,Winter 2008,0,0.0,W08,2008,20080,21,True
Fertility Tech,Summer 2008,0,0.0,S08,2008,20082,22,True
Fertility Tech,Winter 2009,0,0.0,W09,2009,20090,16,True
Fertility Tech,Summer 2009,0,0.0,S09,2009,20092,26,True
Fertility Tech,Winter 2010,0,0.0,W10,2010,20100,27,True
Fertility Tech,Summer 2010,0,0.0,S10,2010,20102,36,True
Fertility Tech,Winter 2011,0,0.0,W11,2011,20110,45,True
Fertility Tech,Summer 2011,0,0.0,S11,2011,20112,60,False
Fertility Tech,Winter 2012,0,0.0,W12,2012,20120,66,False
Fertility Tech,Summer 2012,0,0.0,S12,2012,20122,83,False
Fertility Tech,Winter 2013,0,0.0,W13,2013,20130,46,True
Fertility Tech,Summer 2013,0,0.0,S13,2013,20132,52,False
Fertility Tech,Winter 2014,0,0.0,W14,2014,20140,74,False
Fertility Tech,Summer 2014,0,0.0,S14,2014,20142,78,False
Fertility Tech,Winter 2015,0,0.0,W15,2015,20150,110,False
Fertility Tech,Summer 2015,0,0.0,S15,2015,20152,104,False
Fertility Tech,Winter 2016,0,0.0,W16,2016,20160,122,False
Fertility Tech,Summer 2016,0,0.0,S16,2016,20162,102,False
Fertility Tech,Winter 2017,0,0.0,W17,2017,20170,116,False
Fertility Tech,Summer 2017,2,1.6,S17,2017,20172,125,False
Fertility Tech,Winter 2018,0,0.0,W18,2018,20180,146,False
Fertility Tech,Summer 2018,0,0.0,S18,2018,20182,131,False
Fertility Tech,Winter 2019,1,0.515,W19,2019,20190,194,False
Fertility Tech,Summer 2019,2,1.136,S19,2019,20192,176,False
Fertility Tech,Winter 2020,1,0.439,W20,2020,20200,228,False
Fertility Tech,Summer 2020,2,0.957,S20,2020,20202,209,False
Fertility Tech,Winter 2021,0,0.0,W21,2021,20210,336,False
Fertility Tech,Summer 2021,0,0.0,S21,2021,20212,391,False
Fertility Tech,Winter 2022,0,0.0,W22,2022,20220,398,False
Fertility Tech,Summer 2022,0,0.0,S22,2022,20222,234,False
Fertility Tech,Winter 2023,0,0.0,W23,2023,20230,274,False
Fertility Tech,Summer 2023,0,0.0,S23,2023,20232,220,False
Fertility Tech,Winter 2024,0,0.0,W24,2024,20240,248,False
Fertility Tech,Summer 2024,0,0.0,S24,2024,20242,248,False
Fertility Tech,Fall 2024,0,0.0,F24,2024,20243,94,False
Fertility Tech,Winter 2025,0,0.0,W25,2025,20250,166,False
Fertility Tech,Spring 2025,0,0.0,X25,2025,20251,143,False
Fertility Tech,Summer 2025,0,0.0,S25,2025,20252,166,False
Fertility Tech,Fall 2025,0,0.0,F25,2025,20253,146,False
Fertility Tech,Winter 2026,0,0.0,W26,2026,20260,199,False
Fertility Tech,Spring 2026,0,0.0,X26,2026,20261,195,False
Fertility Tech,Summer 2026,0,0.0,S26,2026,20262,235,False
Fertility Tech,Fall 2026,0,0.0,F26,2026,20263,35,True
Fertility Tech,Winter 2027,0,0.0,W27,2027,20270,1,True
FinOps,Summer 2005,0,0.0,S05,2005,20052,9,True
FinOps,Winter 2006,0,0.0,W06,2006,20060,7,True
FinOps,Summer 2006,0,0.0,S06,2006,20062,10,True
FinOps,Winter 2007,0,0.0,W07,2007,20070,13,True
FinOps,Summer 2007,0,0.0,S07,2007,20072,19,True
FinOps,Winter 2008,0,0.0,W08,2008,20080,21,True
FinOps,Summer 2008,0,0.0,S08,2008,20082,22,True
FinOps,Winter 2009,0,0.0,W09,2009,20090,16,True
FinOps,Summer 2009,0,0.0,S09,2009,20092,26,True
FinOps,Winter 2010,0,0.0,W10,2010,20100,27,True
FinOps,Summer 2010,1,2.778,S10,2010,20102,36,True
FinOps,Winter 2011,0,0.0,W11,2011,20110,45,True
FinOps,Summer 2011,0,0.0,S11,2011,20112,60,False
FinOps,Winter 2012,0,0.0,W12,2012,20120,66,False
FinOps,Summer 2012,0,0.0,S12,2012,20122,83,False
FinOps,Winter 2013,0,0.0,W13,2013,20130,46,True
FinOps,Summer 2013,0,0.0,S13,2013,20132,52,False
FinOps,Winter 2014,1,1.351,W14,2014,20140,74,False
FinOps,Summer 2014,0,0.0,S14,2014,20142,78,False
FinOps,Winter 2015,0,0.0,W15,2015,20150,110,False
FinOps,Summer 2015,1,0.962,S15,2015,20152,104,False
FinOps,Winter 2016,0,0.0,W16,2016,20160,122,False
FinOps,Summer 2016,0,0.0,S16,2016,20162,102,False
FinOps,Winter 2017,0,0.0,W17,2017,20170,116,False
FinOps,Summer 2017,0,0.0,S17,2017,20172,125,False
FinOps,Winter 2018,0,0.0,W18,2018,20180,146,False
FinOps,Summer 2018,1,0.763,S18,2018,20182,131,False
FinOps,Winter 2019,0,0.0,W19,2019,20190,194,False
FinOps,Summer 2019,0,0.0,S19,2019,20192,176,False
FinOps,Winter 2020,1,0.439,W20,2020,20200,228,False
FinOps,Summer 2020,0,0.0,S20,2020,20202,209,False
FinOps,Winter 2021,3,0.893,W21,2021,20210,336,False
FinOps,Summer 2021,6,1.535,S21,2021,20212,391,False
FinOps,Winter 2022,3,0.754,W22,2022,20220,398,False
FinOps,Summer 2022,2,0.855,S22,2022,20222,234,False
FinOps,Winter 2023,4,1.46,W23,2023,20230,274,False
FinOps,Summer 2023,1,0.455,S23,2023,20232,220,False
FinOps,Winter 2024,0,0.0,W24,2024,20240,248,False
FinOps,Summer 2024,2,0.806,S24,2024,20242,248,False
FinOps,Fall 2024,0,0.0,F24,2024,20243,94,False
FinOps,Winter 2025,3,1.807,W25,2025,20250,166,False
FinOps,Spring 2025,0,0.0,X25,2025,20251,143,False
FinOps,Summer 2025,0,0.0,S25,2025,20252,166,False
FinOps,Fall 2025,1,0.685,F25,2025,20253,146,False
FinOps,Winter 2026,1,0.503,W26,2026,20260,199,False
FinOps,Spring 2026,0,0.0,X26,2026,20261,195,False
FinOps,Summer 2026,0,0.0,S26,2026,20262,235,False
FinOps,Fall 2026,0,0.0,F26,2026,20263,35,True
FinOps,Winter 2027,0,0.0,W27,2027,20270,1,True
Finance,Summer 2005,0,0.0,S05,2005,20052,9,True
Finance,Winter 2006,0,0.0,W06,2006,20060,7,True
Finance,Summer 2006,0,0.0,S06,2006,20062,10,True
Finance,Winter 2007,0,0.0,W07,2007,20070,13,True
Finance,Summer 2007,0,0.0,S07,2007,20072,19,True
Finance,Winter 2008,0,0.0,W08,2008,20080,21,True
Finance,Summer 2008,0,0.0,S08,2008,20082,22,True
Finance,Winter 2009,0,0.0,W09,2009,20090,16,True
Finance,Summer 2009,0,0.0,S09,2009,20092,26,True
Finance,Winter 2010,0,0.0,W10,2010,20100,27,True
Finance,Summer 2010,0,0.0,S10,2010,20102,36,True
Finance,Winter 2011,1,2.222,W11,2011,20110,45,True
Finance,Summer 2011,0,0.0,S11,2011,20112,60,False
Finance,Winter 2012,0,0.0,W12,2012,20120,66,False
Finance,Summer 2012,1,1.205,S12,2012,20122,83,False
Finance,Winter 2013,0,0.0,W13,2013,20130,46,True
Finance,Summer 2013,0,0.0,S13,2013,20132,52,False
Finance,Winter 2014,0,0.0,W14,2014,20140,74,False
Finance,Summer 2014,0,0.0,S14,2014,20142,78,False
Finance,Winter 2015,0,0.0,W15,2015,20150,110,False
Finance,Summer 2015,1,0.962,S15,2015,20152,104,False
Finance,Winter 2016,1,0.82,W16,2016,20160,122,False
Finance,Summer 2016,0,0.0,S16,2016,20162,102,False
Finance,Winter 2017,2,1.724,W17,2017,20170,116,False
Finance,Summer 2017,1,0.8,S17,2017,20172,125,False
Finance,Winter 2018,0,0.0,W18,2018,20180,146,False
Finance,Summer 2018,1,0.763,S18,2018,20182,131,False
Finance,Winter 2019,3,1.546,W19,2019,20190,194,False
Finance,Summer 2019,3,1.705,S19,2019,20192,176,False
Finance,Winter 2020,5,2.193,W20,2020,20200,228,False
Finance,Summer 2020,1,0.478,S20,2020,20202,209,False
Finance,Winter 2021,3,0.893,W21,2021,20210,336,False
Finance,Summer 2021,5,1.279,S21,2021,20212,391,False
Finance,Winter 2022,5,1.256,W22,2022,20220,398,False
Finance,Summer 2022,3,1.282,S22,2022,20222,234,False
Finance,Winter 2023,12,4.38,W23,2023,20230,274,False
Finance,Summer 2023,5,2.273,S23,2023,20232,220,False
Finance,Winter 2024,5,2.016,W24,2024,20240,248,False
Finance,Summer 2024,11,4.435,S24,2024,20242,248,False
Finance,Fall 2024,3,3.191,F24,2024,20243,94,False
Finance,Winter 2025,4,2.41,W25,2025,20250,166,False
Finance,Spring 2025,1,0.699,X25,2025,20251,143,False
Finance,Summer 2025,2,1.205,S25,2025,20252,166,False
Finance,Fall 2025,5,3.425,F25,2025,20253,146,False
Finance,Winter 2026,2,1.005,W26,2026,20260,199,False
Finance,Spring 2026,1,0.513,X26,2026,20261,195,False
Finance,Summer 2026,11,4.681,S26,2026,20262,235,False
Finance,Fall 2026,1,2.857,F26,2026,20263,35,True
Finance,Winter 2027,0,0.0,W27,2027,20270,1,True
Fintech,Summer 2005,0,0.0,S05,2005,20052,9,True
Fintech,Winter 2006,0,0.0,W06,2006,20060,7,True
Fintech,Summer 2006,0,0.0,S06,2006,20062,10,True
Fintech,Winter 2007,1,7.692,W07,2007,20070,13,True
Fintech,Summer 2007,0,0.0,S07,2007,20072,19,True
Fintech,Winter 2008,0,0.0,W08,2008,20080,21,True
Fintech,Summer 2008,0,0.0,S08,2008,20082,22,True
Fintech,Winter 2009,0,0.0,W09,2009,20090,16,True
Fintech,Summer 2009,2,7.692,S09,2009,20092,26,True
Fintech,Winter 2010,0,0.0,W10,2010,20100,27,True
Fintech,Summer 2010,2,5.556,S10,2010,20102,36,True
Fintech,Winter 2011,2,4.444,W11,2011,20110,45,True
Fintech,Summer 2011,3,5.0,S11,2011,20112,60,False
Fintech,Winter 2012,5,7.576,W12,2012,20120,66,False
Fintech,Summer 2012,2,2.41,S12,2012,20122,83,False
Fintech,Winter 2013,2,4.348,W13,2013,20130,46,True
Fintech,Summer 2013,3,5.769,S13,2013,20132,52,False
Fintech,Winter 2014,7,9.459,W14,2014,20140,74,False
Fintech,Summer 2014,8,10.256,S14,2014,20142,78,False
Fintech,Winter 2015,8,7.273,W15,2015,20150,110,False
Fintech,Summer 2015,14,13.462,S15,2015,20152,104,False
Fintech,Winter 2016,10,8.197,W16,2016,20160,122,False
Fintech,Summer 2016,10,9.804,S16,2016,20162,102,False
Fintech,Winter 2017,14,12.069,W17,2017,20170,116,False
Fintech,Summer 2017,14,11.2,S17,2017,20172,125,False
Fintech,Winter 2018,17,11.644,W18,2018,20180,146,False
Fintech,Summer 2018,15,11.45,S18,2018,20182,131,False
Fintech,Winter 2019,26,13.402,W19,2019,20190,194,False
Fintech,Summer 2019,28,15.909,S19,2019,20192,176,False
Fintech,Winter 2020,39,17.105,W20,2020,20200,228,False
Fintech,Summer 2020,41,19.617,S20,2020,20202,209,False
Fintech,Winter 2021,58,17.262,W21,2021,20210,336,False
Fintech,Summer 2021,81,20.716,S21,2021,20212,391,False
Fintech,Winter 2022,92,23.116,W22,2022,20220,398,False
Fintech,Summer 2022,53,22.65,S22,2022,20222,234,False
Fintech,Winter 2023,34,12.409,W23,2023,20230,274,False
Fintech,Summer 2023,22,10.0,S23,2023,20232,220,False
Fintech,Winter 2024,17,6.855,W24,2024,20240,248,False
Fintech,Summer 2024,23,9.274,S24,2024,20242,248,False
Fintech,Fall 2024,2,2.128,F24,2024,20243,94,False
Fintech,Winter 2025,11,6.627,W25,2025,20250,166,False
Fintech,Spring 2025,5,3.497,X25,2025,20251,143,False
Fintech,Summer 2025,6,3.614,S25,2025,20252,166,False
Fintech,Fall 2025,4,2.74,F25,2025,20253,146,False
Fintech,Winter 2026,4,2.01,W26,2026,20260,199,False
Fintech,Spring 2026,4,2.051,X26,2026,20261,195,False
Fintech,Summer 2026,14,5.957,S26,2026,20262,235,False
Fintech,Fall 2026,2,5.714,F26,2026,20263,35,True
Fintech,Winter 2027,0,0.0,W27,2027,20270,1,True
Fitness,Summer 2005,0,0.0,S05,2005,20052,9,True
Fitness,Winter 2006,0,0.0,W06,2006,20060,7,True
Fitness,Summer 2006,0,0.0,S06,2006,20062,10,True
Fitness,Winter 2007,0,0.0,W07,2007,20070,13,True
Fitness,Summer 2007,0,0.0,S07,2007,20072,19,True
Fitness,Winter 2008,0,0.0,W08,2008,20080,21,True
Fitness,Summer 2008,0,0.0,S08,2008,20082,22,True
Fitness,Winter 2009,0,0.0,W09,2009,20090,16,True
Fitness,Summer 2009,0,0.0,S09,2009,20092,26,True
Fitness,Winter 2010,0,0.0,W10,2010,20100,27,True
Fitness,Summer 2010,0,0.0,S10,2010,20102,36,True
Fitness,Winter 2011,1,2.222,W11,2011,20110,45,True
Fitness,Summer 2011,0,0.0,S11,2011,20112,60,False
Fitness,Winter 2012,0,0.0,W12,2012,20120,66,False
Fitness,Summer 2012,0,0.0,S12,2012,20122,83,False
Fitness,Winter 2013,0,0.0,W13,2013,20130,46,True
Fitness,Summer 2013,1,1.923,S13,2013,20132,52,False
Fitness,Winter 2014,1,1.351,W14,2014,20140,74,False
Fitness,Summer 2014,0,0.0,S14,2014,20142,78,False
Fitness,Winter 2015,0,0.0,W15,2015,20150,110,False
Fitness,Summer 2015,0,0.0,S15,2015,20152,104,False
Fitness,Winter 2016,1,0.82,W16,2016,20160,122,False
Fitness,Summer 2016,0,0.0,S16,2016,20162,102,False
Fitness,Winter 2017,0,0.0,W17,2017,20170,116,False
Fitness,Summer 2017,0,0.0,S17,2017,20172,125,False
Fitness,Winter 2018,0,0.0,W18,2018,20180,146,False
Fitness,Summer 2018,0,0.0,S18,2018,20182,131,False
Fitness,Winter 2019,0,0.0,W19,2019,20190,194,False
Fitness,Summer 2019,0,0.0,S19,2019,20192,176,False
Fitness,Winter 2020,2,0.877,W20,2020,20200,228,False
Fitness,Summer 2020,3,1.435,S20,2020,20202,209,False
Fitness,Winter 2021,2,0.595,W21,2021,20210,336,False
Fitness,Summer 2021,3,0.767,S21,2021,20212,391,False
Fitness,Winter 2022,0,0.0,W22,2022,20220,398,False
Fitness,Summer 2022,0,0.0,S22,2022,20222,234,False
Fitness,Winter 2023,2,0.73,W23,2023,20230,274,False
Fitness,Summer 2023,0,0.0,S23,2023,20232,220,False
Fitness,Winter 2024,2,0.806,W24,2024,20240,248,False
Fitness,Summer 2024,0,0.0,S24,2024,20242,248,False
Fitness,Fall 2024,1,1.064,F24,2024,20243,94,False
Fitness,Winter 2025,0,0.0,W25,2025,20250,166,False
Fitness,Spring 2025,0,0.0,X25,2025,20251,143,False
Fitness,Summer 2025,0,0.0,S25,2025,20252,166,False
Fitness,Fall 2025,0,0.0,F25,2025,20253,146,False
Fitness,Winter 2026,0,0.0,W26,2026,20260,199,False
Fitness,Spring 2026,0,0.0,X26,2026,20261,195,False
Fitness,Summer 2026,0,0.0,S26,2026,20262,235,False
Fitness,Fall 2026,0,0.0,F26,2026,20263,35,True
Fitness,Winter 2027,0,0.0,W27,2027,20270,1,True
Food,Summer 2005,0,0.0,S05,2005,20052,9,True
Food,Winter 2006,0,0.0,W06,2006,20060,7,True
Food,Summer 2006,0,0.0,S06,2006,20062,10,True
Food,Winter 2007,0,0.0,W07,2007,20070,13,True
Food,Summer 2007,0,0.0,S07,2007,20072,19,True
Food,Winter 2008,0,0.0,W08,2008,20080,21,True
Food,Summer 2008,0,0.0,S08,2008,20082,22,True
Food,Winter 2009,0,0.0,W09,2009,20090,16,True
Food,Summer 2009,0,0.0,S09,2009,20092,26,True
Food,Winter 2010,0,0.0,W10,2010,20100,27,True
Food,Summer 2010,0,0.0,S10,2010,20102,36,True
Food,Winter 2011,1,2.222,W11,2011,20110,45,True
Food,Summer 2011,0,0.0,S11,2011,20112,60,False
Food,Winter 2012,0,0.0,W12,2012,20120,66,False
Food,Summer 2012,0,0.0,S12,2012,20122,83,False
Food,Winter 2013,0,0.0,W13,2013,20130,46,True
Food,Summer 2013,0,0.0,S13,2013,20132,52,False
Food,Winter 2014,0,0.0,W14,2014,20140,74,False
Food,Summer 2014,0,0.0,S14,2014,20142,78,False
Food,Winter 2015,0,0.0,W15,2015,20150,110,False
Food,Summer 2015,0,0.0,S15,2015,20152,104,False
Food,Winter 2016,0,0.0,W16,2016,20160,122,False
Food,Summer 2016,0,0.0,S16,2016,20162,102,False
Food,Winter 2017,0,0.0,W17,2017,20170,116,False
Food,Summer 2017,0,0.0,S17,2017,20172,125,False
Food,Winter 2018,0,0.0,W18,2018,20180,146,False
Food,Summer 2018,1,0.763,S18,2018,20182,131,False
Food,Winter 2019,2,1.031,W19,2019,20190,194,False
Food,Summer 2019,0,0.0,S19,2019,20192,176,False
Food,Winter 2020,0,0.0,W20,2020,20200,228,False
Food,Summer 2020,0,0.0,S20,2020,20202,209,False
Food,Winter 2021,2,0.595,W21,2021,20210,336,False
Food,Summer 2021,1,0.256,S21,2021,20212,391,False
Food,Winter 2022,1,0.251,W22,2022,20220,398,False
Food,Summer 2022,0,0.0,S22,2022,20222,234,False
Food,Winter 2023,0,0.0,W23,2023,20230,274,False
Food,Summer 2023,1,0.455,S23,2023,20232,220,False
Food,Winter 2024,0,0.0,W24,2024,20240,248,False
Food,Summer 2024,0,0.0,S24,2024,20242,248,False
Food,Fall 2024,0,0.0,F24,2024,20243,94,False
Food,Winter 2025,0,0.0,W25,2025,20250,166,False
Food,Spring 2025,0,0.0,X25,2025,20251,143,False
Food,Summer 2025,0,0.0,S25,2025,20252,166,False
Food,Fall 2025,0,0.0,F25,2025,20253,146,False
Food,Winter 2026,0,0.0,W26,2026,20260,199,False
Food,Spring 2026,0,0.0,X26,2026,20261,195,False
Food,Summer 2026,0,0.0,S26,2026,20262,235,False
Food,Fall 2026,0,0.0,F26,2026,20263,35,True
Food,Winter 2027,0,0.0,W27,2027,20270,1,True
Food & Beverage,Summer 2005,0,0.0,S05,2005,20052,9,True
Food & Beverage,Winter 2006,0,0.0,W06,2006,20060,7,True
Food & Beverage,Summer 2006,0,0.0,S06,2006,20062,10,True
Food & Beverage,Winter 2007,0,0.0,W07,2007,20070,13,True
Food & Beverage,Summer 2007,0,0.0,S07,2007,20072,19,True
Food & Beverage,Winter 2008,0,0.0,W08,2008,20080,21,True
Food & Beverage,Summer 2008,0,0.0,S08,2008,20082,22,True
Food & Beverage,Winter 2009,0,0.0,W09,2009,20090,16,True
Food & Beverage,Summer 2009,0,0.0,S09,2009,20092,26,True
Food & Beverage,Winter 2010,0,0.0,W10,2010,20100,27,True
Food & Beverage,Summer 2010,1,2.778,S10,2010,20102,36,True
Food & Beverage,Winter 2011,1,2.222,W11,2011,20110,45,True
Food & Beverage,Summer 2011,0,0.0,S11,2011,20112,60,False
Food & Beverage,Winter 2012,0,0.0,W12,2012,20120,66,False
Food & Beverage,Summer 2012,0,0.0,S12,2012,20122,83,False
Food & Beverage,Winter 2013,0,0.0,W13,2013,20130,46,True
Food & Beverage,Summer 2013,1,1.923,S13,2013,20132,52,False
Food & Beverage,Winter 2014,1,1.351,W14,2014,20140,74,False
Food & Beverage,Summer 2014,3,3.846,S14,2014,20142,78,False
Food & Beverage,Winter 2015,1,0.909,W15,2015,20150,110,False
Food & Beverage,Summer 2015,1,0.962,S15,2015,20152,104,False
Food & Beverage,Winter 2016,1,0.82,W16,2016,20160,122,False
Food & Beverage,Summer 2016,1,0.98,S16,2016,20162,102,False
Food & Beverage,Winter 2017,1,0.862,W17,2017,20170,116,False
Food & Beverage,Summer 2017,0,0.0,S17,2017,20172,125,False
Food & Beverage,Winter 2018,2,1.37,W18,2018,20180,146,False
Food & Beverage,Summer 2018,2,1.527,S18,2018,20182,131,False
Food & Beverage,Winter 2019,1,0.515,W19,2019,20190,194,False
Food & Beverage,Summer 2019,1,0.568,S19,2019,20192,176,False
Food & Beverage,Winter 2020,0,0.0,W20,2020,20200,228,False
Food & Beverage,Summer 2020,2,0.957,S20,2020,20202,209,False
Food & Beverage,Winter 2021,2,0.595,W21,2021,20210,336,False
Food & Beverage,Summer 2021,1,0.256,S21,2021,20212,391,False
Food & Beverage,Winter 2022,0,0.0,W22,2022,20220,398,False
Food & Beverage,Summer 2022,0,0.0,S22,2022,20222,234,False
Food & Beverage,Winter 2023,1,0.365,W23,2023,20230,274,False
Food & Beverage,Summer 2023,2,0.909,S23,2023,20232,220,False
Food & Beverage,Winter 2024,2,0.806,W24,2024,20240,248,False
Food & Beverage,Summer 2024,0,0.0,S24,2024,20242,248,False
Food & Beverage,Fall 2024,0,0.0,F24,2024,20243,94,False
Food & Beverage,Winter 2025,0,0.0,W25,2025,20250,166,False
Food & Beverage,Spring 2025,0,0.0,X25,2025,20251,143,False
Food & Beverage,Summer 2025,1,0.602,S25,2025,20252,166,False
Food & Beverage,Fall 2025,0,0.0,F25,2025,20253,146,False
Food & Beverage,Winter 2026,0,0.0,W26,2026,20260,199,False
Food & Beverage,Spring 2026,0,0.0,X26,2026,20261,195,False
Food & Beverage,Summer 2026,0,0.0,S26,2026,20262,235,False
Food & Beverage,Fall 2026,1,2.857,F26,2026,20263,35,True
Food & Beverage,Winter 2027,0,0.0,W27,2027,20270,1,True
Food Service Robots & Machines,Summer 2005,0,0.0,S05,2005,20052,9,True
Food Service Robots & Machines,Winter 2006,0,0.0,W06,2006,20060,7,True
Food Service Robots & Machines,Summer 2006,0,0.0,S06,2006,20062,10,True
Food Service Robots & Machines,Winter 2007,0,0.0,W07,2007,20070,13,True
Food Service Robots & Machines,Summer 2007,0,0.0,S07,2007,20072,19,True
Food Service Robots & Machines,Winter 2008,0,0.0,W08,2008,20080,21,True
Food Service Robots & Machines,Summer 2008,0,0.0,S08,2008,20082,22,True
Food Service Robots & Machines,Winter 2009,0,0.0,W09,2009,20090,16,True
Food Service Robots & Machines,Summer 2009,0,0.0,S09,2009,20092,26,True
Food Service Robots & Machines,Winter 2010,0,0.0,W10,2010,20100,27,True
Food Service Robots & Machines,Summer 2010,1,2.778,S10,2010,20102,36,True
Food Service Robots & Machines,Winter 2011,0,0.0,W11,2011,20110,45,True
Food Service Robots & Machines,Summer 2011,0,0.0,S11,2011,20112,60,False
Food Service Robots & Machines,Winter 2012,0,0.0,W12,2012,20120,66,False
Food Service Robots & Machines,Summer 2012,0,0.0,S12,2012,20122,83,False
Food Service Robots & Machines,Winter 2013,0,0.0,W13,2013,20130,46,True
Food Service Robots & Machines,Summer 2013,0,0.0,S13,2013,20132,52,False
Food Service Robots & Machines,Winter 2014,0,0.0,W14,2014,20140,74,False
Food Service Robots & Machines,Summer 2014,0,0.0,S14,2014,20142,78,False
Food Service Robots & Machines,Winter 2015,1,0.909,W15,2015,20150,110,False
Food Service Robots & Machines,Summer 2015,2,1.923,S15,2015,20152,104,False
Food Service Robots & Machines,Winter 2016,0,0.0,W16,2016,20160,122,False
Food Service Robots & Machines,Summer 2016,0,0.0,S16,2016,20162,102,False
Food Service Robots & Machines,Winter 2017,1,0.862,W17,2017,20170,116,False
Food Service Robots & Machines,Summer 2017,1,0.8,S17,2017,20172,125,False
Food Service Robots & Machines,Winter 2018,1,0.685,W18,2018,20180,146,False
Food Service Robots & Machines,Summer 2018,0,0.0,S18,2018,20182,131,False
Food Service Robots & Machines,Winter 2019,0,0.0,W19,2019,20190,194,False
Food Service Robots & Machines,Summer 2019,0,0.0,S19,2019,20192,176,False
Food Service Robots & Machines,Winter 2020,0,0.0,W20,2020,20200,228,False
Food Service Robots & Machines,Summer 2020,0,0.0,S20,2020,20202,209,False
Food Service Robots & Machines,Winter 2021,1,0.298,W21,2021,20210,336,False
Food Service Robots & Machines,Summer 2021,2,0.512,S21,2021,20212,391,False
Food Service Robots & Machines,Winter 2022,0,0.0,W22,2022,20220,398,False
Food Service Robots & Machines,Summer 2022,0,0.0,S22,2022,20222,234,False
Food Service Robots & Machines,Winter 2023,0,0.0,W23,2023,20230,274,False
Food Service Robots & Machines,Summer 2023,0,0.0,S23,2023,20232,220,False
Food Service Robots & Machines,Winter 2024,0,0.0,W24,2024,20240,248,False
Food Service Robots & Machines,Summer 2024,0,0.0,S24,2024,20242,248,False
Food Service Robots & Machines,Fall 2024,0,0.0,F24,2024,20243,94,False
Food Service Robots & Machines,Winter 2025,0,0.0,W25,2025,20250,166,False
Food Service Robots & Machines,Spring 2025,0,0.0,X25,2025,20251,143,False
Food Service Robots & Machines,Summer 2025,0,0.0,S25,2025,20252,166,False
Food Service Robots & Machines,Fall 2025,0,0.0,F25,2025,20253,146,False
Food Service Robots & Machines,Winter 2026,0,0.0,W26,2026,20260,199,False
Food Service Robots & Machines,Spring 2026,0,0.0,X26,2026,20261,195,False
Food Service Robots & Machines,Summer 2026,0,0.0,S26,2026,20262,235,False
Food Service Robots & Machines,Fall 2026,0,0.0,F26,2026,20263,35,True
Food Service Robots & Machines,Winter 2027,0,0.0,W27,2027,20270,1,True
Food Tech,Summer 2005,0,0.0,S05,2005,20052,9,True
Food Tech,Winter 2006,0,0.0,W06,2006,20060,7,True
Food Tech,Summer 2006,0,0.0,S06,2006,20062,10,True
Food Tech,Winter 2007,0,0.0,W07,2007,20070,13,True
Food Tech,Summer 2007,0,0.0,S07,2007,20072,19,True
Food Tech,Winter 2008,0,0.0,W08,2008,20080,21,True
Food Tech,Summer 2008,0,0.0,S08,2008,20082,22,True
Food Tech,Winter 2009,0,0.0,W09,2009,20090,16,True
Food Tech,Summer 2009,0,0.0,S09,2009,20092,26,True
Food Tech,Winter 2010,0,0.0,W10,2010,20100,27,True
Food Tech,Summer 2010,0,0.0,S10,2010,20102,36,True
Food Tech,Winter 2011,1,2.222,W11,2011,20110,45,True
Food Tech,Summer 2011,1,1.667,S11,2011,20112,60,False
Food Tech,Winter 2012,0,0.0,W12,2012,20120,66,False
Food Tech,Summer 2012,1,1.205,S12,2012,20122,83,False
Food Tech,Winter 2013,0,0.0,W13,2013,20130,46,True
Food Tech,Summer 2013,0,0.0,S13,2013,20132,52,False
Food Tech,Winter 2014,0,0.0,W14,2014,20140,74,False
Food Tech,Summer 2014,0,0.0,S14,2014,20142,78,False
Food Tech,Winter 2015,3,2.727,W15,2015,20150,110,False
Food Tech,Summer 2015,0,0.0,S15,2015,20152,104,False
Food Tech,Winter 2016,2,1.639,W16,2016,20160,122,False
Food Tech,Summer 2016,0,0.0,S16,2016,20162,102,False
Food Tech,Winter 2017,2,1.724,W17,2017,20170,116,False
Food Tech,Summer 2017,2,1.6,S17,2017,20172,125,False
Food Tech,Winter 2018,1,0.685,W18,2018,20180,146,False
Food Tech,Summer 2018,2,1.527,S18,2018,20182,131,False
Food Tech,Winter 2019,5,2.577,W19,2019,20190,194,False
Food Tech,Summer 2019,2,1.136,S19,2019,20192,176,False
Food Tech,Winter 2020,1,0.439,W20,2020,20200,228,False
Food Tech,Summer 2020,3,1.435,S20,2020,20202,209,False
Food Tech,Winter 2021,4,1.19,W21,2021,20210,336,False
Food Tech,Summer 2021,3,0.767,S21,2021,20212,391,False
Food Tech,Winter 2022,7,1.759,W22,2022,20220,398,False
Food Tech,Summer 2022,4,1.709,S22,2022,20222,234,False
Food Tech,Winter 2023,2,0.73,W23,2023,20230,274,False
Food Tech,Summer 2023,0,0.0,S23,2023,20232,220,False
Food Tech,Winter 2024,1,0.403,W24,2024,20240,248,False
Food Tech,Summer 2024,0,0.0,S24,2024,20242,248,False
Food Tech,Fall 2024,0,0.0,F24,2024,20243,94,False
Food Tech,Winter 2025,0,0.0,W25,2025,20250,166,False
Food Tech,Spring 2025,0,0.0,X25,2025,20251,143,False
Food Tech,Summer 2025,1,0.602,S25,2025,20252,166,False
Food Tech,Fall 2025,0,0.0,F25,2025,20253,146,False
Food Tech,Winter 2026,0,0.0,W26,2026,20260,199,False
Food Tech,Spring 2026,0,0.0,X26,2026,20261,195,False
Food Tech,Summer 2026,0,0.0,S26,2026,20262,235,False
Food Tech,Fall 2026,0,0.0,F26,2026,20263,35,True
Food Tech,Winter 2027,0,0.0,W27,2027,20270,1,True
Fraud Detection,Summer 2005,0,0.0,S05,2005,20052,9,True
Fraud Detection,Winter 2006,0,0.0,W06,2006,20060,7,True
Fraud Detection,Summer 2006,0,0.0,S06,2006,20062,10,True
Fraud Detection,Winter 2007,0,0.0,W07,2007,20070,13,True
Fraud Detection,Summer 2007,0,0.0,S07,2007,20072,19,True
Fraud Detection,Winter 2008,0,0.0,W08,2008,20080,21,True
Fraud Detection,Summer 2008,0,0.0,S08,2008,20082,22,True
Fraud Detection,Winter 2009,0,0.0,W09,2009,20090,16,True
Fraud Detection,Summer 2009,0,0.0,S09,2009,20092,26,True
Fraud Detection,Winter 2010,0,0.0,W10,2010,20100,27,True
Fraud Detection,Summer 2010,0,0.0,S10,2010,20102,36,True
Fraud Detection,Winter 2011,0,0.0,W11,2011,20110,45,True
Fraud Detection,Summer 2011,0,0.0,S11,2011,20112,60,False
Fraud Detection,Winter 2012,0,0.0,W12,2012,20120,66,False
Fraud Detection,Summer 2012,0,0.0,S12,2012,20122,83,False
Fraud Detection,Winter 2013,0,0.0,W13,2013,20130,46,True
Fraud Detection,Summer 2013,0,0.0,S13,2013,20132,52,False
Fraud Detection,Winter 2014,0,0.0,W14,2014,20140,74,False
Fraud Detection,Summer 2014,0,0.0,S14,2014,20142,78,False
Fraud Detection,Winter 2015,1,0.909,W15,2015,20150,110,False
Fraud Detection,Summer 2015,0,0.0,S15,2015,20152,104,False
Fraud Detection,Winter 2016,1,0.82,W16,2016,20160,122,False
Fraud Detection,Summer 2016,0,0.0,S16,2016,20162,102,False
Fraud Detection,Winter 2017,0,0.0,W17,2017,20170,116,False
Fraud Detection,Summer 2017,0,0.0,S17,2017,20172,125,False
Fraud Detection,Winter 2018,0,0.0,W18,2018,20180,146,False
Fraud Detection,Summer 2018,1,0.763,S18,2018,20182,131,False
Fraud Detection,Winter 2019,0,0.0,W19,2019,20190,194,False
Fraud Detection,Summer 2019,0,0.0,S19,2019,20192,176,False
Fraud Detection,Winter 2020,0,0.0,W20,2020,20200,228,False
Fraud Detection,Summer 2020,0,0.0,S20,2020,20202,209,False
Fraud Detection,Winter 2021,0,0.0,W21,2021,20210,336,False
Fraud Detection,Summer 2021,1,0.256,S21,2021,20212,391,False
Fraud Detection,Winter 2022,0,0.0,W22,2022,20220,398,False
Fraud Detection,Summer 2022,2,0.855,S22,2022,20222,234,False
Fraud Detection,Winter 2023,2,0.73,W23,2023,20230,274,False
Fraud Detection,Summer 2023,0,0.0,S23,2023,20232,220,False
Fraud Detection,Winter 2024,1,0.403,W24,2024,20240,248,False
Fraud Detection,Summer 2024,0,0.0,S24,2024,20242,248,False
Fraud Detection,Fall 2024,0,0.0,F24,2024,20243,94,False
Fraud Detection,Winter 2025,0,0.0,W25,2025,20250,166,False
Fraud Detection,Spring 2025,0,0.0,X25,2025,20251,143,False
Fraud Detection,Summer 2025,0,0.0,S25,2025,20252,166,False
Fraud Detection,Fall 2025,0,0.0,F25,2025,20253,146,False
Fraud Detection,Winter 2026,1,0.503,W26,2026,20260,199,False
Fraud Detection,Spring 2026,0,0.0,X26,2026,20261,195,False
Fraud Detection,Summer 2026,0,0.0,S26,2026,20262,235,False
Fraud Detection,Fall 2026,0,0.0,F26,2026,20263,35,True
Fraud Detection,Winter 2027,0,0.0,W27,2027,20270,1,True
Fraud Prevention,Summer 2005,0,0.0,S05,2005,20052,9,True
Fraud Prevention,Winter 2006,0,0.0,W06,2006,20060,7,True
Fraud Prevention,Summer 2006,0,0.0,S06,2006,20062,10,True
Fraud Prevention,Winter 2007,0,0.0,W07,2007,20070,13,True
Fraud Prevention,Summer 2007,0,0.0,S07,2007,20072,19,True
Fraud Prevention,Winter 2008,0,0.0,W08,2008,20080,21,True
Fraud Prevention,Summer 2008,0,0.0,S08,2008,20082,22,True
Fraud Prevention,Winter 2009,0,0.0,W09,2009,20090,16,True
Fraud Prevention,Summer 2009,0,0.0,S09,2009,20092,26,True
Fraud Prevention,Winter 2010,0,0.0,W10,2010,20100,27,True
Fraud Prevention,Summer 2010,0,0.0,S10,2010,20102,36,True
Fraud Prevention,Winter 2011,0,0.0,W11,2011,20110,45,True
Fraud Prevention,Summer 2011,0,0.0,S11,2011,20112,60,False
Fraud Prevention,Winter 2012,0,0.0,W12,2012,20120,66,False
Fraud Prevention,Summer 2012,0,0.0,S12,2012,20122,83,False
Fraud Prevention,Winter 2013,0,0.0,W13,2013,20130,46,True
Fraud Prevention,Summer 2013,0,0.0,S13,2013,20132,52,False
Fraud Prevention,Winter 2014,0,0.0,W14,2014,20140,74,False
Fraud Prevention,Summer 2014,0,0.0,S14,2014,20142,78,False
Fraud Prevention,Winter 2015,1,0.909,W15,2015,20150,110,False
Fraud Prevention,Summer 2015,0,0.0,S15,2015,20152,104,False
Fraud Prevention,Winter 2016,0,0.0,W16,2016,20160,122,False
Fraud Prevention,Summer 2016,0,0.0,S16,2016,20162,102,False
Fraud Prevention,Winter 2017,0,0.0,W17,2017,20170,116,False
Fraud Prevention,Summer 2017,0,0.0,S17,2017,20172,125,False
Fraud Prevention,Winter 2018,0,0.0,W18,2018,20180,146,False
Fraud Prevention,Summer 2018,0,0.0,S18,2018,20182,131,False
Fraud Prevention,Winter 2019,1,0.515,W19,2019,20190,194,False
Fraud Prevention,Summer 2019,0,0.0,S19,2019,20192,176,False
Fraud Prevention,Winter 2020,0,0.0,W20,2020,20200,228,False
Fraud Prevention,Summer 2020,0,0.0,S20,2020,20202,209,False
Fraud Prevention,Winter 2021,0,0.0,W21,2021,20210,336,False
Fraud Prevention,Summer 2021,0,0.0,S21,2021,20212,391,False
Fraud Prevention,Winter 2022,0,0.0,W22,2022,20220,398,False
Fraud Prevention,Summer 2022,1,0.427,S22,2022,20222,234,False
Fraud Prevention,Winter 2023,0,0.0,W23,2023,20230,274,False
Fraud Prevention,Summer 2023,1,0.455,S23,2023,20232,220,False
Fraud Prevention,Winter 2024,1,0.403,W24,2024,20240,248,False
Fraud Prevention,Summer 2024,0,0.0,S24,2024,20242,248,False
Fraud Prevention,Fall 2024,0,0.0,F24,2024,20243,94,False
Fraud Prevention,Winter 2025,0,0.0,W25,2025,20250,166,False
Fraud Prevention,Spring 2025,0,0.0,X25,2025,20251,143,False
Fraud Prevention,Summer 2025,0,0.0,S25,2025,20252,166,False
Fraud Prevention,Fall 2025,0,0.0,F25,2025,20253,146,False
Fraud Prevention,Winter 2026,0,0.0,W26,2026,20260,199,False
Fraud Prevention,Spring 2026,0,0.0,X26,2026,20261,195,False
Fraud Prevention,Summer 2026,0,0.0,S26,2026,20262,235,False
Fraud Prevention,Fall 2026,0,0.0,F26,2026,20263,35,True
Fraud Prevention,Winter 2027,0,0.0,W27,2027,20270,1,True
Fundraising,Summer 2005,0,0.0,S05,2005,20052,9,True
Fundraising,Winter 2006,0,0.0,W06,2006,20060,7,True
Fundraising,Summer 2006,0,0.0,S06,2006,20062,10,True
Fundraising,Winter 2007,0,0.0,W07,2007,20070,13,True
Fundraising,Summer 2007,0,0.0,S07,2007,20072,19,True
Fundraising,Winter 2008,0,0.0,W08,2008,20080,21,True
Fundraising,Summer 2008,0,0.0,S08,2008,20082,22,True
Fundraising,Winter 2009,0,0.0,W09,2009,20090,16,True
Fundraising,Summer 2009,0,0.0,S09,2009,20092,26,True
Fundraising,Winter 2010,0,0.0,W10,2010,20100,27,True
Fundraising,Summer 2010,0,0.0,S10,2010,20102,36,True
Fundraising,Winter 2011,0,0.0,W11,2011,20110,45,True
Fundraising,Summer 2011,0,0.0,S11,2011,20112,60,False
Fundraising,Winter 2012,1,1.515,W12,2012,20120,66,False
Fundraising,Summer 2012,0,0.0,S12,2012,20122,83,False
Fundraising,Winter 2013,0,0.0,W13,2013,20130,46,True
Fundraising,Summer 2013,0,0.0,S13,2013,20132,52,False
Fundraising,Winter 2014,0,0.0,W14,2014,20140,74,False
Fundraising,Summer 2014,0,0.0,S14,2014,20142,78,False
Fundraising,Winter 2015,0,0.0,W15,2015,20150,110,False
Fundraising,Summer 2015,0,0.0,S15,2015,20152,104,False
Fundraising,Winter 2016,0,0.0,W16,2016,20160,122,False
Fundraising,Summer 2016,0,0.0,S16,2016,20162,102,False
Fundraising,Winter 2017,0,0.0,W17,2017,20170,116,False
Fundraising,Summer 2017,0,0.0,S17,2017,20172,125,False
Fundraising,Winter 2018,0,0.0,W18,2018,20180,146,False
Fundraising,Summer 2018,0,0.0,S18,2018,20182,131,False
Fundraising,Winter 2019,0,0.0,W19,2019,20190,194,False
Fundraising,Summer 2019,0,0.0,S19,2019,20192,176,False
Fundraising,Winter 2020,0,0.0,W20,2020,20200,228,False
Fundraising,Summer 2020,0,0.0,S20,2020,20202,209,False
Fundraising,Winter 2021,0,0.0,W21,2021,20210,336,False
Fundraising,Summer 2021,0,0.0,S21,2021,20212,391,False
Fundraising,Winter 2022,0,0.0,W22,2022,20220,398,False
Fundraising,Summer 2022,0,0.0,S22,2022,20222,234,False
Fundraising,Winter 2023,2,0.73,W23,2023,20230,274,False
Fundraising,Summer 2023,0,0.0,S23,2023,20232,220,False
Fundraising,Winter 2024,0,0.0,W24,2024,20240,248,False
Fundraising,Summer 2024,0,0.0,S24,2024,20242,248,False
Fundraising,Fall 2024,0,0.0,F24,2024,20243,94,False
Fundraising,Winter 2025,0,0.0,W25,2025,20250,166,False
Fundraising,Spring 2025,0,0.0,X25,2025,20251,143,False
Fundraising,Summer 2025,0,0.0,S25,2025,20252,166,False
Fundraising,Fall 2025,0,0.0,F25,2025,20253,146,False
Fundraising,Winter 2026,0,0.0,W26,2026,20260,199,False
Fundraising,Spring 2026,0,0.0,X26,2026,20261,195,False
Fundraising,Summer 2026,0,0.0,S26,2026,20262,235,False
Fundraising,Fall 2026,0,0.0,F26,2026,20263,35,True
Fundraising,Winter 2027,0,0.0,W27,2027,20270,1,True
Furniture,Summer 2005,0,0.0,S05,2005,20052,9,True
Furniture,Winter 2006,0,0.0,W06,2006,20060,7,True
Furniture,Summer 2006,0,0.0,S06,2006,20062,10,True
Furniture,Winter 2007,0,0.0,W07,2007,20070,13,True
Furniture,Summer 2007,0,0.0,S07,2007,20072,19,True
Furniture,Winter 2008,0,0.0,W08,2008,20080,21,True
Furniture,Summer 2008,0,0.0,S08,2008,20082,22,True
Furniture,Winter 2009,0,0.0,W09,2009,20090,16,True
Furniture,Summer 2009,0,0.0,S09,2009,20092,26,True
Furniture,Winter 2010,0,0.0,W10,2010,20100,27,True
Furniture,Summer 2010,0,0.0,S10,2010,20102,36,True
Furniture,Winter 2011,0,0.0,W11,2011,20110,45,True
Furniture,Summer 2011,0,0.0,S11,2011,20112,60,False
Furniture,Winter 2012,0,0.0,W12,2012,20120,66,False
Furniture,Summer 2012,0,0.0,S12,2012,20122,83,False
Furniture,Winter 2013,0,0.0,W13,2013,20130,46,True
Furniture,Summer 2013,0,0.0,S13,2013,20132,52,False
Furniture,Winter 2014,2,2.703,W14,2014,20140,74,False
Furniture,Summer 2014,0,0.0,S14,2014,20142,78,False
Furniture,Winter 2015,0,0.0,W15,2015,20150,110,False
Furniture,Summer 2015,0,0.0,S15,2015,20152,104,False
Furniture,Winter 2016,0,0.0,W16,2016,20160,122,False
Furniture,Summer 2016,1,0.98,S16,2016,20162,102,False
Furniture,Winter 2017,0,0.0,W17,2017,20170,116,False
Furniture,Summer 2017,1,0.8,S17,2017,20172,125,False
Furniture,Winter 2018,2,1.37,W18,2018,20180,146,False
Furniture,Summer 2018,0,0.0,S18,2018,20182,131,False
Furniture,Winter 2019,0,0.0,W19,2019,20190,194,False
Furniture,Summer 2019,0,0.0,S19,2019,20192,176,False
Furniture,Winter 2020,0,0.0,W20,2020,20200,228,False
Furniture,Summer 2020,0,0.0,S20,2020,20202,209,False
Furniture,Winter 2021,0,0.0,W21,2021,20210,336,False
Furniture,Summer 2021,0,0.0,S21,2021,20212,391,False
Furniture,Winter 2022,0,0.0,W22,2022,20220,398,False
Furniture,Summer 2022,0,0.0,S22,2022,20222,234,False
Furniture,Winter 2023,0,0.0,W23,2023,20230,274,False
Furniture,Summer 2023,0,0.0,S23,2023,20232,220,False
Furniture,Winter 2024,0,0.0,W24,2024,20240,248,False
Furniture,Summer 2024,0,0.0,S24,2024,20242,248,False
Furniture,Fall 2024,0,0.0,F24,2024,20243,94,False
Furniture,Winter 2025,0,0.0,W25,2025,20250,166,False
Furniture,Spring 2025,0,0.0,X25,2025,20251,143,False
Furniture,Summer 2025,0,0.0,S25,2025,20252,166,False
Furniture,Fall 2025,0,0.0,F25,2025,20253,146,False
Furniture,Winter 2026,0,0.0,W26,2026,20260,199,False
Furniture,Spring 2026,0,0.0,X26,2026,20261,195,False
Furniture,Summer 2026,0,0.0,S26,2026,20262,235,False
Furniture,Fall 2026,0,0.0,F26,2026,20263,35,True
Furniture,Winter 2027,0,0.0,W27,2027,20270,1,True
Fusion Energy,Summer 2005,0,0.0,S05,2005,20052,9,True
Fusion Energy,Winter 2006,0,0.0,W06,2006,20060,7,True
Fusion Energy,Summer 2006,0,0.0,S06,2006,20062,10,True
Fusion Energy,Winter 2007,0,0.0,W07,2007,20070,13,True
Fusion Energy,Summer 2007,0,0.0,S07,2007,20072,19,True
Fusion Energy,Winter 2008,0,0.0,W08,2008,20080,21,True
Fusion Energy,Summer 2008,0,0.0,S08,2008,20082,22,True
Fusion Energy,Winter 2009,0,0.0,W09,2009,20090,16,True
Fusion Energy,Summer 2009,0,0.0,S09,2009,20092,26,True
Fusion Energy,Winter 2010,0,0.0,W10,2010,20100,27,True
Fusion Energy,Summer 2010,0,0.0,S10,2010,20102,36,True
Fusion Energy,Winter 2011,0,0.0,W11,2011,20110,45,True
Fusion Energy,Summer 2011,0,0.0,S11,2011,20112,60,False
Fusion Energy,Winter 2012,0,0.0,W12,2012,20120,66,False
Fusion Energy,Summer 2012,0,0.0,S12,2012,20122,83,False
Fusion Energy,Winter 2013,0,0.0,W13,2013,20130,46,True
Fusion Energy,Summer 2013,0,0.0,S13,2013,20132,52,False
Fusion Energy,Winter 2014,0,0.0,W14,2014,20140,74,False
Fusion Energy,Summer 2014,1,1.282,S14,2014,20142,78,False
Fusion Energy,Winter 2015,0,0.0,W15,2015,20150,110,False
Fusion Energy,Summer 2015,0,0.0,S15,2015,20152,104,False
Fusion Energy,Winter 2016,0,0.0,W16,2016,20160,122,False
Fusion Energy,Summer 2016,0,0.0,S16,2016,20162,102,False
Fusion Energy,Winter 2017,0,0.0,W17,2017,20170,116,False
Fusion Energy,Summer 2017,0,0.0,S17,2017,20172,125,False
Fusion Energy,Winter 2018,0,0.0,W18,2018,20180,146,False
Fusion Energy,Summer 2018,0,0.0,S18,2018,20182,131,False
Fusion Energy,Winter 2019,0,0.0,W19,2019,20190,194,False
Fusion Energy,Summer 2019,0,0.0,S19,2019,20192,176,False
Fusion Energy,Winter 2020,0,0.0,W20,2020,20200,228,False
Fusion Energy,Summer 2020,0,0.0,S20,2020,20202,209,False
Fusion Energy,Winter 2021,0,0.0,W21,2021,20210,336,False
Fusion Energy,Summer 2021,0,0.0,S21,2021,20212,391,False
Fusion Energy,Winter 2022,0,0.0,W22,2022,20220,398,False
Fusion Energy,Summer 2022,0,0.0,S22,2022,20222,234,False
Fusion Energy,Winter 2023,0,0.0,W23,2023,20230,274,False
Fusion Energy,Summer 2023,0,0.0,S23,2023,20232,220,False
Fusion Energy,Winter 2024,0,0.0,W24,2024,20240,248,False
Fusion Energy,Summer 2024,0,0.0,S24,2024,20242,248,False
Fusion Energy,Fall 2024,0,0.0,F24,2024,20243,94,False
Fusion Energy,Winter 2025,1,0.602,W25,2025,20250,166,False
Fusion Energy,Spring 2025,0,0.0,X25,2025,20251,143,False
Fusion Energy,Summer 2025,0,0.0,S25,2025,20252,166,False
Fusion Energy,Fall 2025,1,0.685,F25,2025,20253,146,False
Fusion Energy,Winter 2026,0,0.0,W26,2026,20260,199,False
Fusion Energy,Spring 2026,0,0.0,X26,2026,20261,195,False
Fusion Energy,Summer 2026,0,0.0,S26,2026,20262,235,False
Fusion Energy,Fall 2026,0,0.0,F26,2026,20263,35,True
Fusion Energy,Winter 2027,0,0.0,W27,2027,20270,1,True
Gaming,Summer 2005,0,0.0,S05,2005,20052,9,True
Gaming,Winter 2006,0,0.0,W06,2006,20060,7,True
Gaming,Summer 2006,1,10.0,S06,2006,20062,10,True
Gaming,Winter 2007,1,7.692,W07,2007,20070,13,True
Gaming,Summer 2007,0,0.0,S07,2007,20072,19,True
Gaming,Winter 2008,2,9.524,W08,2008,20080,21,True
Gaming,Summer 2008,0,0.0,S08,2008,20082,22,True
Gaming,Winter 2009,0,0.0,W09,2009,20090,16,True
Gaming,Summer 2009,0,0.0,S09,2009,20092,26,True
Gaming,Winter 2010,0,0.0,W10,2010,20100,27,True
Gaming,Summer 2010,1,2.778,S10,2010,20102,36,True
Gaming,Winter 2011,2,4.444,W11,2011,20110,45,True
Gaming,Summer 2011,1,1.667,S11,2011,20112,60,False
Gaming,Winter 2012,3,4.545,W12,2012,20120,66,False
Gaming,Summer 2012,1,1.205,S12,2012,20122,83,False
Gaming,Winter 2013,0,0.0,W13,2013,20130,46,True
Gaming,Summer 2013,0,0.0,S13,2013,20132,52,False
Gaming,Winter 2014,2,2.703,W14,2014,20140,74,False
Gaming,Summer 2014,3,3.846,S14,2014,20142,78,False
Gaming,Winter 2015,0,0.0,W15,2015,20150,110,False
Gaming,Summer 2015,1,0.962,S15,2015,20152,104,False
Gaming,Winter 2016,2,1.639,W16,2016,20160,122,False
Gaming,Summer 2016,0,0.0,S16,2016,20162,102,False
Gaming,Winter 2017,0,0.0,W17,2017,20170,116,False
Gaming,Summer 2017,5,4.0,S17,2017,20172,125,False
Gaming,Winter 2018,4,2.74,W18,2018,20180,146,False
Gaming,Summer 2018,3,2.29,S18,2018,20182,131,False
Gaming,Winter 2019,7,3.608,W19,2019,20190,194,False
Gaming,Summer 2019,4,2.273,S19,2019,20192,176,False
Gaming,Winter 2020,3,1.316,W20,2020,20200,228,False
Gaming,Summer 2020,4,1.914,S20,2020,20202,209,False
Gaming,Winter 2021,5,1.488,W21,2021,20210,336,False
Gaming,Summer 2021,2,0.512,S21,2021,20212,391,False
Gaming,Winter 2022,9,2.261,W22,2022,20220,398,False
Gaming,Summer 2022,5,2.137,S22,2022,20222,234,False
Gaming,Winter 2023,2,0.73,W23,2023,20230,274,False
Gaming,Summer 2023,2,0.909,S23,2023,20232,220,False
Gaming,Winter 2024,1,0.403,W24,2024,20240,248,False
Gaming,Summer 2024,3,1.21,S24,2024,20242,248,False
Gaming,Fall 2024,0,0.0,F24,2024,20243,94,False
Gaming,Winter 2025,0,0.0,W25,2025,20250,166,False
Gaming,Spring 2025,1,0.699,X25,2025,20251,143,False
Gaming,Summer 2025,0,0.0,S25,2025,20252,166,False
Gaming,Fall 2025,2,1.37,F25,2025,20253,146,False
Gaming,Winter 2026,0,0.0,W26,2026,20260,199,False
Gaming,Spring 2026,2,1.026,X26,2026,20261,195,False
Gaming,Summer 2026,4,1.702,S26,2026,20262,235,False
Gaming,Fall 2026,0,0.0,F26,2026,20263,35,True
Gaming,Winter 2027,0,0.0,W27,2027,20270,1,True
Gardening,Summer 2005,0,0.0,S05,2005,20052,9,True
Gardening,Winter 2006,0,0.0,W06,2006,20060,7,True
Gardening,Summer 2006,0,0.0,S06,2006,20062,10,True
Gardening,Winter 2007,0,0.0,W07,2007,20070,13,True
Gardening,Summer 2007,0,0.0,S07,2007,20072,19,True
Gardening,Winter 2008,0,0.0,W08,2008,20080,21,True
Gardening,Summer 2008,0,0.0,S08,2008,20082,22,True
Gardening,Winter 2009,0,0.0,W09,2009,20090,16,True
Gardening,Summer 2009,0,0.0,S09,2009,20092,26,True
Gardening,Winter 2010,0,0.0,W10,2010,20100,27,True
Gardening,Summer 2010,0,0.0,S10,2010,20102,36,True
Gardening,Winter 2011,0,0.0,W11,2011,20110,45,True
Gardening,Summer 2011,0,0.0,S11,2011,20112,60,False
Gardening,Winter 2012,0,0.0,W12,2012,20120,66,False
Gardening,Summer 2012,0,0.0,S12,2012,20122,83,False
Gardening,Winter 2013,0,0.0,W13,2013,20130,46,True
Gardening,Summer 2013,0,0.0,S13,2013,20132,52,False
Gardening,Winter 2014,0,0.0,W14,2014,20140,74,False
Gardening,Summer 2014,0,0.0,S14,2014,20142,78,False
Gardening,Winter 2015,0,0.0,W15,2015,20150,110,False
Gardening,Summer 2015,0,0.0,S15,2015,20152,104,False
Gardening,Winter 2016,0,0.0,W16,2016,20160,122,False
Gardening,Summer 2016,0,0.0,S16,2016,20162,102,False
Gardening,Winter 2017,0,0.0,W17,2017,20170,116,False
Gardening,Summer 2017,0,0.0,S17,2017,20172,125,False
Gardening,Winter 2018,0,0.0,W18,2018,20180,146,False
Gardening,Summer 2018,0,0.0,S18,2018,20182,131,False
Gardening,Winter 2019,0,0.0,W19,2019,20190,194,False
Gardening,Summer 2019,0,0.0,S19,2019,20192,176,False
Gardening,Winter 2020,0,0.0,W20,2020,20200,228,False
Gardening,Summer 2020,0,0.0,S20,2020,20202,209,False
Gardening,Winter 2021,1,0.298,W21,2021,20210,336,False
Gardening,Summer 2021,0,0.0,S21,2021,20212,391,False
Gardening,Winter 2022,0,0.0,W22,2022,20220,398,False
Gardening,Summer 2022,0,0.0,S22,2022,20222,234,False
Gardening,Winter 2023,0,0.0,W23,2023,20230,274,False
Gardening,Summer 2023,0,0.0,S23,2023,20232,220,False
Gardening,Winter 2024,0,0.0,W24,2024,20240,248,False
Gardening,Summer 2024,0,0.0,S24,2024,20242,248,False
Gardening,Fall 2024,0,0.0,F24,2024,20243,94,False
Gardening,Winter 2025,0,0.0,W25,2025,20250,166,False
Gardening,Spring 2025,0,0.0,X25,2025,20251,143,False
Gardening,Summer 2025,0,0.0,S25,2025,20252,166,False
Gardening,Fall 2025,0,0.0,F25,2025,20253,146,False
Gardening,Winter 2026,0,0.0,W26,2026,20260,199,False
Gardening,Spring 2026,0,0.0,X26,2026,20261,195,False
Gardening,Summer 2026,0,0.0,S26,2026,20262,235,False
Gardening,Fall 2026,0,0.0,F26,2026,20263,35,True
Gardening,Winter 2027,0,0.0,W27,2027,20270,1,True
Gene Therapy,Summer 2005,0,0.0,S05,2005,20052,9,True
Gene Therapy,Winter 2006,0,0.0,W06,2006,20060,7,True
Gene Therapy,Summer 2006,0,0.0,S06,2006,20062,10,True
Gene Therapy,Winter 2007,0,0.0,W07,2007,20070,13,True
Gene Therapy,Summer 2007,0,0.0,S07,2007,20072,19,True
Gene Therapy,Winter 2008,0,0.0,W08,2008,20080,21,True
Gene Therapy,Summer 2008,0,0.0,S08,2008,20082,22,True
Gene Therapy,Winter 2009,0,0.0,W09,2009,20090,16,True
Gene Therapy,Summer 2009,0,0.0,S09,2009,20092,26,True
Gene Therapy,Winter 2010,0,0.0,W10,2010,20100,27,True
Gene Therapy,Summer 2010,0,0.0,S10,2010,20102,36,True
Gene Therapy,Winter 2011,0,0.0,W11,2011,20110,45,True
Gene Therapy,Summer 2011,0,0.0,S11,2011,20112,60,False
Gene Therapy,Winter 2012,0,0.0,W12,2012,20120,66,False
Gene Therapy,Summer 2012,0,0.0,S12,2012,20122,83,False
Gene Therapy,Winter 2013,0,0.0,W13,2013,20130,46,True
Gene Therapy,Summer 2013,0,0.0,S13,2013,20132,52,False
Gene Therapy,Winter 2014,0,0.0,W14,2014,20140,74,False
Gene Therapy,Summer 2014,0,0.0,S14,2014,20142,78,False
Gene Therapy,Winter 2015,0,0.0,W15,2015,20150,110,False
Gene Therapy,Summer 2015,0,0.0,S15,2015,20152,104,False
Gene Therapy,Winter 2016,0,0.0,W16,2016,20160,122,False
Gene Therapy,Summer 2016,0,0.0,S16,2016,20162,102,False
Gene Therapy,Winter 2017,1,0.862,W17,2017,20170,116,False
Gene Therapy,Summer 2017,0,0.0,S17,2017,20172,125,False
Gene Therapy,Winter 2018,1,0.685,W18,2018,20180,146,False
Gene Therapy,Summer 2018,3,2.29,S18,2018,20182,131,False
Gene Therapy,Winter 2019,0,0.0,W19,2019,20190,194,False
Gene Therapy,Summer 2019,0,0.0,S19,2019,20192,176,False
Gene Therapy,Winter 2020,0,0.0,W20,2020,20200,228,False
Gene Therapy,Summer 2020,1,0.478,S20,2020,20202,209,False
Gene Therapy,Winter 2021,1,0.298,W21,2021,20210,336,False
Gene Therapy,Summer 2021,0,0.0,S21,2021,20212,391,False
Gene Therapy,Winter 2022,2,0.503,W22,2022,20220,398,False
Gene Therapy,Summer 2022,0,0.0,S22,2022,20222,234,False
Gene Therapy,Winter 2023,1,0.365,W23,2023,20230,274,False
Gene Therapy,Summer 2023,0,0.0,S23,2023,20232,220,False
Gene Therapy,Winter 2024,1,0.403,W24,2024,20240,248,False
Gene Therapy,Summer 2024,1,0.403,S24,2024,20242,248,False
Gene Therapy,Fall 2024,0,0.0,F24,2024,20243,94,False
Gene Therapy,Winter 2025,1,0.602,W25,2025,20250,166,False
Gene Therapy,Spring 2025,0,0.0,X25,2025,20251,143,False
Gene Therapy,Summer 2025,0,0.0,S25,2025,20252,166,False
Gene Therapy,Fall 2025,0,0.0,F25,2025,20253,146,False
Gene Therapy,Winter 2026,0,0.0,W26,2026,20260,199,False
Gene Therapy,Spring 2026,1,0.513,X26,2026,20261,195,False
Gene Therapy,Summer 2026,0,0.0,S26,2026,20262,235,False
Gene Therapy,Fall 2026,0,0.0,F26,2026,20263,35,True
Gene Therapy,Winter 2027,0,0.0,W27,2027,20270,1,True
Generative AI,Summer 2005,0,0.0,S05,2005,20052,9,True
Generative AI,Winter 2006,0,0.0,W06,2006,20060,7,True
Generative AI,Summer 2006,0,0.0,S06,2006,20062,10,True
Generative AI,Winter 2007,0,0.0,W07,2007,20070,13,True
Generative AI,Summer 2007,0,0.0,S07,2007,20072,19,True
Generative AI,Winter 2008,0,0.0,W08,2008,20080,21,True
Generative AI,Summer 2008,0,0.0,S08,2008,20082,22,True
Generative AI,Winter 2009,0,0.0,W09,2009,20090,16,True
Generative AI,Summer 2009,0,0.0,S09,2009,20092,26,True
Generative AI,Winter 2010,0,0.0,W10,2010,20100,27,True
Generative AI,Summer 2010,0,0.0,S10,2010,20102,36,True
Generative AI,Winter 2011,0,0.0,W11,2011,20110,45,True
Generative AI,Summer 2011,0,0.0,S11,2011,20112,60,False
Generative AI,Winter 2012,0,0.0,W12,2012,20120,66,False
Generative AI,Summer 2012,0,0.0,S12,2012,20122,83,False
Generative AI,Winter 2013,0,0.0,W13,2013,20130,46,True
Generative AI,Summer 2013,0,0.0,S13,2013,20132,52,False
Generative AI,Winter 2014,1,1.351,W14,2014,20140,74,False
Generative AI,Summer 2014,0,0.0,S14,2014,20142,78,False
Generative AI,Winter 2015,1,0.909,W15,2015,20150,110,False
Generative AI,Summer 2015,0,0.0,S15,2015,20152,104,False
Generative AI,Winter 2016,0,0.0,W16,2016,20160,122,False
Generative AI,Summer 2016,0,0.0,S16,2016,20162,102,False
Generative AI,Winter 2017,1,0.862,W17,2017,20170,116,False
Generative AI,Summer 2017,2,1.6,S17,2017,20172,125,False
Generative AI,Winter 2018,3,2.055,W18,2018,20180,146,False
Generative AI,Summer 2018,3,2.29,S18,2018,20182,131,False
Generative AI,Winter 2019,2,1.031,W19,2019,20190,194,False
Generative AI,Summer 2019,4,2.273,S19,2019,20192,176,False
Generative AI,Winter 2020,4,1.754,W20,2020,20200,228,False
Generative AI,Summer 2020,7,3.349,S20,2020,20202,209,False
Generative AI,Winter 2021,5,1.488,W21,2021,20210,336,False
Generative AI,Summer 2021,14,3.581,S21,2021,20212,391,False
Generative AI,Winter 2022,13,3.266,W22,2022,20220,398,False
Generative AI,Summer 2022,22,9.402,S22,2022,20222,234,False
Generative AI,Winter 2023,49,17.883,W23,2023,20230,274,False
Generative AI,Summer 2023,29,13.182,S23,2023,20232,220,False
Generative AI,Winter 2024,19,7.661,W24,2024,20240,248,False
Generative AI,Summer 2024,25,10.081,S24,2024,20242,248,False
Generative AI,Fall 2024,6,6.383,F24,2024,20243,94,False
Generative AI,Winter 2025,16,9.639,W25,2025,20250,166,False
Generative AI,Spring 2025,4,2.797,X25,2025,20251,143,False
Generative AI,Summer 2025,4,2.41,S25,2025,20252,166,False
Generative AI,Fall 2025,9,6.164,F25,2025,20253,146,False
Generative AI,Winter 2026,2,1.005,W26,2026,20260,199,False
Generative AI,Spring 2026,0,0.0,X26,2026,20261,195,False
Generative AI,Summer 2026,10,4.255,S26,2026,20262,235,False
Generative AI,Fall 2026,0,0.0,F26,2026,20263,35,True
Generative AI,Winter 2027,0,0.0,W27,2027,20270,1,True
Genetic Engineering,Summer 2005,0,0.0,S05,2005,20052,9,True
Genetic Engineering,Winter 2006,0,0.0,W06,2006,20060,7,True
Genetic Engineering,Summer 2006,0,0.0,S06,2006,20062,10,True
Genetic Engineering,Winter 2007,0,0.0,W07,2007,20070,13,True
Genetic Engineering,Summer 2007,0,0.0,S07,2007,20072,19,True
Genetic Engineering,Winter 2008,0,0.0,W08,2008,20080,21,True
Genetic Engineering,Summer 2008,0,0.0,S08,2008,20082,22,True
Genetic Engineering,Winter 2009,0,0.0,W09,2009,20090,16,True
Genetic Engineering,Summer 2009,0,0.0,S09,2009,20092,26,True
Genetic Engineering,Winter 2010,0,0.0,W10,2010,20100,27,True
Genetic Engineering,Summer 2010,0,0.0,S10,2010,20102,36,True
Genetic Engineering,Winter 2011,0,0.0,W11,2011,20110,45,True
Genetic Engineering,Summer 2011,0,0.0,S11,2011,20112,60,False
Genetic Engineering,Winter 2012,0,0.0,W12,2012,20120,66,False
Genetic Engineering,Summer 2012,0,0.0,S12,2012,20122,83,False
Genetic Engineering,Winter 2013,0,0.0,W13,2013,20130,46,True
Genetic Engineering,Summer 2013,0,0.0,S13,2013,20132,52,False
Genetic Engineering,Winter 2014,0,0.0,W14,2014,20140,74,False
Genetic Engineering,Summer 2014,1,1.282,S14,2014,20142,78,False
Genetic Engineering,Winter 2015,0,0.0,W15,2015,20150,110,False
Genetic Engineering,Summer 2015,0,0.0,S15,2015,20152,104,False
Genetic Engineering,Winter 2016,0,0.0,W16,2016,20160,122,False
Genetic Engineering,Summer 2016,0,0.0,S16,2016,20162,102,False
Genetic Engineering,Winter 2017,0,0.0,W17,2017,20170,116,False
Genetic Engineering,Summer 2017,0,0.0,S17,2017,20172,125,False
Genetic Engineering,Winter 2018,0,0.0,W18,2018,20180,146,False
Genetic Engineering,Summer 2018,0,0.0,S18,2018,20182,131,False
Genetic Engineering,Winter 2019,0,0.0,W19,2019,20190,194,False
Genetic Engineering,Summer 2019,0,0.0,S19,2019,20192,176,False
Genetic Engineering,Winter 2020,0,0.0,W20,2020,20200,228,False
Genetic Engineering,Summer 2020,0,0.0,S20,2020,20202,209,False
Genetic Engineering,Winter 2021,0,0.0,W21,2021,20210,336,False
Genetic Engineering,Summer 2021,0,0.0,S21,2021,20212,391,False
Genetic Engineering,Winter 2022,0,0.0,W22,2022,20220,398,False
Genetic Engineering,Summer 2022,0,0.0,S22,2022,20222,234,False
Genetic Engineering,Winter 2023,0,0.0,W23,2023,20230,274,False
Genetic Engineering,Summer 2023,1,0.455,S23,2023,20232,220,False
Genetic Engineering,Winter 2024,0,0.0,W24,2024,20240,248,False
Genetic Engineering,Summer 2024,0,0.0,S24,2024,20242,248,False
Genetic Engineering,Fall 2024,0,0.0,F24,2024,20243,94,False
Genetic Engineering,Winter 2025,0,0.0,W25,2025,20250,166,False
Genetic Engineering,Spring 2025,0,0.0,X25,2025,20251,143,False
Genetic Engineering,Summer 2025,0,0.0,S25,2025,20252,166,False
Genetic Engineering,Fall 2025,1,0.685,F25,2025,20253,146,False
Genetic Engineering,Winter 2026,0,0.0,W26,2026,20260,199,False
Genetic Engineering,Spring 2026,1,0.513,X26,2026,20261,195,False
Genetic Engineering,Summer 2026,0,0.0,S26,2026,20262,235,False
Genetic Engineering,Fall 2026,0,0.0,F26,2026,20263,35,True
Genetic Engineering,Winter 2027,0,0.0,W27,2027,20270,1,True
Genomics,Summer 2005,0,0.0,S05,2005,20052,9,True
Genomics,Winter 2006,0,0.0,W06,2006,20060,7,True
Genomics,Summer 2006,0,0.0,S06,2006,20062,10,True
Genomics,Winter 2007,0,0.0,W07,2007,20070,13,True
Genomics,Summer 2007,0,0.0,S07,2007,20072,19,True
Genomics,Winter 2008,0,0.0,W08,2008,20080,21,True
Genomics,Summer 2008,0,0.0,S08,2008,20082,22,True
Genomics,Winter 2009,0,0.0,W09,2009,20090,16,True
Genomics,Summer 2009,0,0.0,S09,2009,20092,26,True
Genomics,Winter 2010,0,0.0,W10,2010,20100,27,True
Genomics,Summer 2010,0,0.0,S10,2010,20102,36,True
Genomics,Winter 2011,0,0.0,W11,2011,20110,45,True
Genomics,Summer 2011,0,0.0,S11,2011,20112,60,False
Genomics,Winter 2012,0,0.0,W12,2012,20120,66,False
Genomics,Summer 2012,0,0.0,S12,2012,20122,83,False
Genomics,Winter 2013,0,0.0,W13,2013,20130,46,True
Genomics,Summer 2013,0,0.0,S13,2013,20132,52,False
Genomics,Winter 2014,0,0.0,W14,2014,20140,74,False
Genomics,Summer 2014,1,1.282,S14,2014,20142,78,False
Genomics,Winter 2015,0,0.0,W15,2015,20150,110,False
Genomics,Summer 2015,0,0.0,S15,2015,20152,104,False
Genomics,Winter 2016,1,0.82,W16,2016,20160,122,False
Genomics,Summer 2016,1,0.98,S16,2016,20162,102,False
Genomics,Winter 2017,2,1.724,W17,2017,20170,116,False
Genomics,Summer 2017,2,1.6,S17,2017,20172,125,False
Genomics,Winter 2018,0,0.0,W18,2018,20180,146,False
Genomics,Summer 2018,2,1.527,S18,2018,20182,131,False
Genomics,Winter 2019,5,2.577,W19,2019,20190,194,False
Genomics,Summer 2019,3,1.705,S19,2019,20192,176,False
Genomics,Winter 2020,3,1.316,W20,2020,20200,228,False
Genomics,Summer 2020,1,0.478,S20,2020,20202,209,False
Genomics,Winter 2021,0,0.0,W21,2021,20210,336,False
Genomics,Summer 2021,3,0.767,S21,2021,20212,391,False
Genomics,Winter 2022,2,0.503,W22,2022,20220,398,False
Genomics,Summer 2022,0,0.0,S22,2022,20222,234,False
Genomics,Winter 2023,0,0.0,W23,2023,20230,274,False
Genomics,Summer 2023,0,0.0,S23,2023,20232,220,False
Genomics,Winter 2024,0,0.0,W24,2024,20240,248,False
Genomics,Summer 2024,0,0.0,S24,2024,20242,248,False
Genomics,Fall 2024,0,0.0,F24,2024,20243,94,False
Genomics,Winter 2025,0,0.0,W25,2025,20250,166,False
Genomics,Spring 2025,0,0.0,X25,2025,20251,143,False
Genomics,Summer 2025,0,0.0,S25,2025,20252,166,False
Genomics,Fall 2025,1,0.685,F25,2025,20253,146,False
Genomics,Winter 2026,0,0.0,W26,2026,20260,199,False
Genomics,Spring 2026,0,0.0,X26,2026,20261,195,False
Genomics,Summer 2026,1,0.426,S26,2026,20262,235,False
Genomics,Fall 2026,0,0.0,F26,2026,20263,35,True
Genomics,Winter 2027,0,0.0,W27,2027,20270,1,True
Geographic Information System,Summer 2005,0,0.0,S05,2005,20052,9,True
Geographic Information System,Winter 2006,0,0.0,W06,2006,20060,7,True
Geographic Information System,Summer 2006,0,0.0,S06,2006,20062,10,True
Geographic Information System,Winter 2007,0,0.0,W07,2007,20070,13,True
Geographic Information System,Summer 2007,0,0.0,S07,2007,20072,19,True
Geographic Information System,Winter 2008,0,0.0,W08,2008,20080,21,True
Geographic Information System,Summer 2008,0,0.0,S08,2008,20082,22,True
Geographic Information System,Winter 2009,0,0.0,W09,2009,20090,16,True
Geographic Information System,Summer 2009,0,0.0,S09,2009,20092,26,True
Geographic Information System,Winter 2010,0,0.0,W10,2010,20100,27,True
Geographic Information System,Summer 2010,0,0.0,S10,2010,20102,36,True
Geographic Information System,Winter 2011,0,0.0,W11,2011,20110,45,True
Geographic Information System,Summer 2011,0,0.0,S11,2011,20112,60,False
Geographic Information System,Winter 2012,0,0.0,W12,2012,20120,66,False
Geographic Information System,Summer 2012,0,0.0,S12,2012,20122,83,False
Geographic Information System,Winter 2013,0,0.0,W13,2013,20130,46,True
Geographic Information System,Summer 2013,0,0.0,S13,2013,20132,52,False
Geographic Information System,Winter 2014,0,0.0,W14,2014,20140,74,False
Geographic Information System,Summer 2014,0,0.0,S14,2014,20142,78,False
Geographic Information System,Winter 2015,0,0.0,W15,2015,20150,110,False
Geographic Information System,Summer 2015,0,0.0,S15,2015,20152,104,False
Geographic Information System,Winter 2016,0,0.0,W16,2016,20160,122,False
Geographic Information System,Summer 2016,0,0.0,S16,2016,20162,102,False
Geographic Information System,Winter 2017,0,0.0,W17,2017,20170,116,False
Geographic Information System,Summer 2017,0,0.0,S17,2017,20172,125,False
Geographic Information System,Winter 2018,0,0.0,W18,2018,20180,146,False
Geographic Information System,Summer 2018,0,0.0,S18,2018,20182,131,False
Geographic Information System,Winter 2019,1,0.515,W19,2019,20190,194,False
Geographic Information System,Summer 2019,0,0.0,S19,2019,20192,176,False
Geographic Information System,Winter 2020,0,0.0,W20,2020,20200,228,False
Geographic Information System,Summer 2020,0,0.0,S20,2020,20202,209,False
Geographic Information System,Winter 2021,0,0.0,W21,2021,20210,336,False
Geographic Information System,Summer 2021,2,0.512,S21,2021,20212,391,False
Geographic Information System,Winter 2022,0,0.0,W22,2022,20220,398,False
Geographic Information System,Summer 2022,1,0.427,S22,2022,20222,234,False
Geographic Information System,Winter 2023,0,0.0,W23,2023,20230,274,False
Geographic Information System,Summer 2023,0,0.0,S23,2023,20232,220,False
Geographic Information System,Winter 2024,0,0.0,W24,2024,20240,248,False
Geographic Information System,Summer 2024,0,0.0,S24,2024,20242,248,False
Geographic Information System,Fall 2024,0,0.0,F24,2024,20243,94,False
Geographic Information System,Winter 2025,0,0.0,W25,2025,20250,166,False
Geographic Information System,Spring 2025,0,0.0,X25,2025,20251,143,False
Geographic Information System,Summer 2025,1,0.602,S25,2025,20252,166,False
Geographic Information System,Fall 2025,0,0.0,F25,2025,20253,146,False
Geographic Information System,Winter 2026,0,0.0,W26,2026,20260,199,False
Geographic Information System,Spring 2026,0,0.0,X26,2026,20261,195,False
Geographic Information System,Summer 2026,1,0.426,S26,2026,20262,235,False
Geographic Information System,Fall 2026,0,0.0,F26,2026,20263,35,True
Geographic Information System,Winter 2027,0,0.0,W27,2027,20270,1,True
Ghost Kitchens,Summer 2005,0,0.0,S05,2005,20052,9,True
Ghost Kitchens,Winter 2006,0,0.0,W06,2006,20060,7,True
Ghost Kitchens,Summer 2006,0,0.0,S06,2006,20062,10,True
Ghost Kitchens,Winter 2007,0,0.0,W07,2007,20070,13,True
Ghost Kitchens,Summer 2007,0,0.0,S07,2007,20072,19,True
Ghost Kitchens,Winter 2008,0,0.0,W08,2008,20080,21,True
Ghost Kitchens,Summer 2008,0,0.0,S08,2008,20082,22,True
Ghost Kitchens,Winter 2009,0,0.0,W09,2009,20090,16,True
Ghost Kitchens,Summer 2009,0,0.0,S09,2009,20092,26,True
Ghost Kitchens,Winter 2010,0,0.0,W10,2010,20100,27,True
Ghost Kitchens,Summer 2010,0,0.0,S10,2010,20102,36,True
Ghost Kitchens,Winter 2011,0,0.0,W11,2011,20110,45,True
Ghost Kitchens,Summer 2011,0,0.0,S11,2011,20112,60,False
Ghost Kitchens,Winter 2012,0,0.0,W12,2012,20120,66,False
Ghost Kitchens,Summer 2012,0,0.0,S12,2012,20122,83,False
Ghost Kitchens,Winter 2013,0,0.0,W13,2013,20130,46,True
Ghost Kitchens,Summer 2013,0,0.0,S13,2013,20132,52,False
Ghost Kitchens,Winter 2014,0,0.0,W14,2014,20140,74,False
Ghost Kitchens,Summer 2014,0,0.0,S14,2014,20142,78,False
Ghost Kitchens,Winter 2015,0,0.0,W15,2015,20150,110,False
Ghost Kitchens,Summer 2015,0,0.0,S15,2015,20152,104,False
Ghost Kitchens,Winter 2016,0,0.0,W16,2016,20160,122,False
Ghost Kitchens,Summer 2016,0,0.0,S16,2016,20162,102,False
Ghost Kitchens,Winter 2017,0,0.0,W17,2017,20170,116,False
Ghost Kitchens,Summer 2017,1,0.8,S17,2017,20172,125,False
Ghost Kitchens,Winter 2018,0,0.0,W18,2018,20180,146,False
Ghost Kitchens,Summer 2018,1,0.763,S18,2018,20182,131,False
Ghost Kitchens,Winter 2019,0,0.0,W19,2019,20190,194,False
Ghost Kitchens,Summer 2019,0,0.0,S19,2019,20192,176,False
Ghost Kitchens,Winter 2020,1,0.439,W20,2020,20200,228,False
Ghost Kitchens,Summer 2020,1,0.478,S20,2020,20202,209,False
Ghost Kitchens,Winter 2021,2,0.595,W21,2021,20210,336,False
Ghost Kitchens,Summer 2021,4,1.023,S21,2021,20212,391,False
Ghost Kitchens,Winter 2022,0,0.0,W22,2022,20220,398,False
Ghost Kitchens,Summer 2022,1,0.427,S22,2022,20222,234,False
Ghost Kitchens,Winter 2023,0,0.0,W23,2023,20230,274,False
Ghost Kitchens,Summer 2023,0,0.0,S23,2023,20232,220,False
Ghost Kitchens,Winter 2024,0,0.0,W24,2024,20240,248,False
Ghost Kitchens,Summer 2024,0,0.0,S24,2024,20242,248,False
Ghost Kitchens,Fall 2024,0,0.0,F24,2024,20243,94,False
Ghost Kitchens,Winter 2025,0,0.0,W25,2025,20250,166,False
Ghost Kitchens,Spring 2025,0,0.0,X25,2025,20251,143,False
Ghost Kitchens,Summer 2025,0,0.0,S25,2025,20252,166,False
Ghost Kitchens,Fall 2025,0,0.0,F25,2025,20253,146,False
Ghost Kitchens,Winter 2026,0,0.0,W26,2026,20260,199,False
Ghost Kitchens,Spring 2026,0,0.0,X26,2026,20261,195,False
Ghost Kitchens,Summer 2026,0,0.0,S26,2026,20262,235,False
Ghost Kitchens,Fall 2026,0,0.0,F26,2026,20263,35,True
Ghost Kitchens,Winter 2027,0,0.0,W27,2027,20270,1,True
GovTech,Summer 2005,0,0.0,S05,2005,20052,9,True
GovTech,Winter 2006,0,0.0,W06,2006,20060,7,True
GovTech,Summer 2006,0,0.0,S06,2006,20062,10,True
GovTech,Winter 2007,0,0.0,W07,2007,20070,13,True
GovTech,Summer 2007,0,0.0,S07,2007,20072,19,True
GovTech,Winter 2008,0,0.0,W08,2008,20080,21,True
GovTech,Summer 2008,0,0.0,S08,2008,20082,22,True
GovTech,Winter 2009,0,0.0,W09,2009,20090,16,True
GovTech,Summer 2009,0,0.0,S09,2009,20092,26,True
GovTech,Winter 2010,0,0.0,W10,2010,20100,27,True
GovTech,Summer 2010,0,0.0,S10,2010,20102,36,True
GovTech,Winter 2011,0,0.0,W11,2011,20110,45,True
GovTech,Summer 2011,0,0.0,S11,2011,20112,60,False
GovTech,Winter 2012,0,0.0,W12,2012,20120,66,False
GovTech,Summer 2012,0,0.0,S12,2012,20122,83,False
GovTech,Winter 2013,0,0.0,W13,2013,20130,46,True
GovTech,Summer 2013,0,0.0,S13,2013,20132,52,False
GovTech,Winter 2014,0,0.0,W14,2014,20140,74,False
GovTech,Summer 2014,1,1.282,S14,2014,20142,78,False
GovTech,Winter 2015,3,2.727,W15,2015,20150,110,False
GovTech,Summer 2015,0,0.0,S15,2015,20152,104,False
GovTech,Winter 2016,0,0.0,W16,2016,20160,122,False
GovTech,Summer 2016,2,1.961,S16,2016,20162,102,False
GovTech,Winter 2017,2,1.724,W17,2017,20170,116,False
GovTech,Summer 2017,4,3.2,S17,2017,20172,125,False
GovTech,Winter 2018,2,1.37,W18,2018,20180,146,False
GovTech,Summer 2018,2,1.527,S18,2018,20182,131,False
GovTech,Winter 2019,0,0.0,W19,2019,20190,194,False
GovTech,Summer 2019,4,2.273,S19,2019,20192,176,False
GovTech,Winter 2020,0,0.0,W20,2020,20200,228,False
GovTech,Summer 2020,0,0.0,S20,2020,20202,209,False
GovTech,Winter 2021,2,0.595,W21,2021,20210,336,False
GovTech,Summer 2021,4,1.023,S21,2021,20212,391,False
GovTech,Winter 2022,3,0.754,W22,2022,20220,398,False
GovTech,Summer 2022,2,0.855,S22,2022,20222,234,False
GovTech,Winter 2023,0,0.0,W23,2023,20230,274,False
GovTech,Summer 2023,2,0.909,S23,2023,20232,220,False
GovTech,Winter 2024,2,0.806,W24,2024,20240,248,False
GovTech,Summer 2024,3,1.21,S24,2024,20242,248,False
GovTech,Fall 2024,0,0.0,F24,2024,20243,94,False
GovTech,Winter 2025,5,3.012,W25,2025,20250,166,False
GovTech,Spring 2025,1,0.699,X25,2025,20251,143,False
GovTech,Summer 2025,1,0.602,S25,2025,20252,166,False
GovTech,Fall 2025,2,1.37,F25,2025,20253,146,False
GovTech,Winter 2026,0,0.0,W26,2026,20260,199,False
GovTech,Spring 2026,1,0.513,X26,2026,20261,195,False
GovTech,Summer 2026,4,1.702,S26,2026,20262,235,False
GovTech,Fall 2026,1,2.857,F26,2026,20263,35,True
GovTech,Winter 2027,0,0.0,W27,2027,20270,1,True
GraphQL,Summer 2005,0,0.0,S05,2005,20052,9,True
GraphQL,Winter 2006,0,0.0,W06,2006,20060,7,True
GraphQL,Summer 2006,0,0.0,S06,2006,20062,10,True
GraphQL,Winter 2007,0,0.0,W07,2007,20070,13,True
GraphQL,Summer 2007,0,0.0,S07,2007,20072,19,True
GraphQL,Winter 2008,0,0.0,W08,2008,20080,21,True
GraphQL,Summer 2008,0,0.0,S08,2008,20082,22,True
GraphQL,Winter 2009,0,0.0,W09,2009,20090,16,True
GraphQL,Summer 2009,0,0.0,S09,2009,20092,26,True
GraphQL,Winter 2010,0,0.0,W10,2010,20100,27,True
GraphQL,Summer 2010,0,0.0,S10,2010,20102,36,True
GraphQL,Winter 2011,0,0.0,W11,2011,20110,45,True
GraphQL,Summer 2011,1,1.667,S11,2011,20112,60,False
GraphQL,Winter 2012,0,0.0,W12,2012,20120,66,False
GraphQL,Summer 2012,0,0.0,S12,2012,20122,83,False
GraphQL,Winter 2013,0,0.0,W13,2013,20130,46,True
GraphQL,Summer 2013,0,0.0,S13,2013,20132,52,False
GraphQL,Winter 2014,0,0.0,W14,2014,20140,74,False
GraphQL,Summer 2014,0,0.0,S14,2014,20142,78,False
GraphQL,Winter 2015,0,0.0,W15,2015,20150,110,False
GraphQL,Summer 2015,0,0.0,S15,2015,20152,104,False
GraphQL,Winter 2016,0,0.0,W16,2016,20160,122,False
GraphQL,Summer 2016,0,0.0,S16,2016,20162,102,False
GraphQL,Winter 2017,0,0.0,W17,2017,20170,116,False
GraphQL,Summer 2017,0,0.0,S17,2017,20172,125,False
GraphQL,Winter 2018,0,0.0,W18,2018,20180,146,False
GraphQL,Summer 2018,1,0.763,S18,2018,20182,131,False
GraphQL,Winter 2019,0,0.0,W19,2019,20190,194,False
GraphQL,Summer 2019,0,0.0,S19,2019,20192,176,False
GraphQL,Winter 2020,0,0.0,W20,2020,20200,228,False
GraphQL,Summer 2020,0,0.0,S20,2020,20202,209,False
GraphQL,Winter 2021,0,0.0,W21,2021,20210,336,False
GraphQL,Summer 2021,0,0.0,S21,2021,20212,391,False
GraphQL,Winter 2022,0,0.0,W22,2022,20220,398,False
GraphQL,Summer 2022,0,0.0,S22,2022,20222,234,False
GraphQL,Winter 2023,1,0.365,W23,2023,20230,274,False
GraphQL,Summer 2023,0,0.0,S23,2023,20232,220,False
GraphQL,Winter 2024,0,0.0,W24,2024,20240,248,False
GraphQL,Summer 2024,0,0.0,S24,2024,20242,248,False
GraphQL,Fall 2024,0,0.0,F24,2024,20243,94,False
GraphQL,Winter 2025,0,0.0,W25,2025,20250,166,False
GraphQL,Spring 2025,0,0.0,X25,2025,20251,143,False
GraphQL,Summer 2025,0,0.0,S25,2025,20252,166,False
GraphQL,Fall 2025,0,0.0,F25,2025,20253,146,False
GraphQL,Winter 2026,0,0.0,W26,2026,20260,199,False
GraphQL,Spring 2026,0,0.0,X26,2026,20261,195,False
GraphQL,Summer 2026,0,0.0,S26,2026,20262,235,False
GraphQL,Fall 2026,0,0.0,F26,2026,20263,35,True
GraphQL,Winter 2027,0,0.0,W27,2027,20270,1,True
Grocery,Summer 2005,0,0.0,S05,2005,20052,9,True
Grocery,Winter 2006,0,0.0,W06,2006,20060,7,True
Grocery,Summer 2006,0,0.0,S06,2006,20062,10,True
Grocery,Winter 2007,0,0.0,W07,2007,20070,13,True
Grocery,Summer 2007,0,0.0,S07,2007,20072,19,True
Grocery,Winter 2008,0,0.0,W08,2008,20080,21,True
Grocery,Summer 2008,0,0.0,S08,2008,20082,22,True
Grocery,Winter 2009,0,0.0,W09,2009,20090,16,True
Grocery,Summer 2009,0,0.0,S09,2009,20092,26,True
Grocery,Winter 2010,0,0.0,W10,2010,20100,27,True
Grocery,Summer 2010,0,0.0,S10,2010,20102,36,True
Grocery,Winter 2011,0,0.0,W11,2011,20110,45,True
Grocery,Summer 2011,1,1.667,S11,2011,20112,60,False
Grocery,Winter 2012,0,0.0,W12,2012,20120,66,False
Grocery,Summer 2012,1,1.205,S12,2012,20122,83,False
Grocery,Winter 2013,0,0.0,W13,2013,20130,46,True
Grocery,Summer 2013,0,0.0,S13,2013,20132,52,False
Grocery,Winter 2014,0,0.0,W14,2014,20140,74,False
Grocery,Summer 2014,0,0.0,S14,2014,20142,78,False
Grocery,Winter 2015,0,0.0,W15,2015,20150,110,False
Grocery,Summer 2015,0,0.0,S15,2015,20152,104,False
Grocery,Winter 2016,1,0.82,W16,2016,20160,122,False
Grocery,Summer 2016,2,1.961,S16,2016,20162,102,False
Grocery,Winter 2017,1,0.862,W17,2017,20170,116,False
Grocery,Summer 2017,0,0.0,S17,2017,20172,125,False
Grocery,Winter 2018,1,0.685,W18,2018,20180,146,False
Grocery,Summer 2018,2,1.527,S18,2018,20182,131,False
Grocery,Winter 2019,1,0.515,W19,2019,20190,194,False
Grocery,Summer 2019,3,1.705,S19,2019,20192,176,False
Grocery,Winter 2020,3,1.316,W20,2020,20200,228,False
Grocery,Summer 2020,1,0.478,S20,2020,20202,209,False
Grocery,Winter 2021,4,1.19,W21,2021,20210,336,False
Grocery,Summer 2021,5,1.279,S21,2021,20212,391,False
Grocery,Winter 2022,1,0.251,W22,2022,20220,398,False
Grocery,Summer 2022,1,0.427,S22,2022,20222,234,False
Grocery,Winter 2023,1,0.365,W23,2023,20230,274,False
Grocery,Summer 2023,2,0.909,S23,2023,20232,220,False
Grocery,Winter 2024,0,0.0,W24,2024,20240,248,False
Grocery,Summer 2024,0,0.0,S24,2024,20242,248,False
Grocery,Fall 2024,0,0.0,F24,2024,20243,94,False
Grocery,Winter 2025,0,0.0,W25,2025,20250,166,False
Grocery,Spring 2025,1,0.699,X25,2025,20251,143,False
Grocery,Summer 2025,0,0.0,S25,2025,20252,166,False
Grocery,Fall 2025,0,0.0,F25,2025,20253,146,False
Grocery,Winter 2026,0,0.0,W26,2026,20260,199,False
Grocery,Spring 2026,0,0.0,X26,2026,20261,195,False
Grocery,Summer 2026,0,0.0,S26,2026,20262,235,False
Grocery,Fall 2026,0,0.0,F26,2026,20263,35,True
Grocery,Winter 2027,0,0.0,W27,2027,20270,1,True
HR Tech,Summer 2005,0,0.0,S05,2005,20052,9,True
HR Tech,Winter 2006,0,0.0,W06,2006,20060,7,True
HR Tech,Summer 2006,0,0.0,S06,2006,20062,10,True
HR Tech,Winter 2007,0,0.0,W07,2007,20070,13,True
HR Tech,Summer 2007,0,0.0,S07,2007,20072,19,True
HR Tech,Winter 2008,0,0.0,W08,2008,20080,21,True
HR Tech,Summer 2008,0,0.0,S08,2008,20082,22,True
HR Tech,Winter 2009,0,0.0,W09,2009,20090,16,True
HR Tech,Summer 2009,0,0.0,S09,2009,20092,26,True
HR Tech,Winter 2010,0,0.0,W10,2010,20100,27,True
HR Tech,Summer 2010,0,0.0,S10,2010,20102,36,True
HR Tech,Winter 2011,0,0.0,W11,2011,20110,45,True
HR Tech,Summer 2011,0,0.0,S11,2011,20112,60,False
HR Tech,Winter 2012,2,3.03,W12,2012,20120,66,False
HR Tech,Summer 2012,1,1.205,S12,2012,20122,83,False
HR Tech,Winter 2013,1,2.174,W13,2013,20130,46,True
HR Tech,Summer 2013,0,0.0,S13,2013,20132,52,False
HR Tech,Winter 2014,0,0.0,W14,2014,20140,74,False
HR Tech,Summer 2014,1,1.282,S14,2014,20142,78,False
HR Tech,Winter 2015,2,1.818,W15,2015,20150,110,False
HR Tech,Summer 2015,4,3.846,S15,2015,20152,104,False
HR Tech,Winter 2016,1,0.82,W16,2016,20160,122,False
HR Tech,Summer 2016,0,0.0,S16,2016,20162,102,False
HR Tech,Winter 2017,3,2.586,W17,2017,20170,116,False
HR Tech,Summer 2017,1,0.8,S17,2017,20172,125,False
HR Tech,Winter 2018,1,0.685,W18,2018,20180,146,False
HR Tech,Summer 2018,2,1.527,S18,2018,20182,131,False
HR Tech,Winter 2019,2,1.031,W19,2019,20190,194,False
HR Tech,Summer 2019,2,1.136,S19,2019,20192,176,False
HR Tech,Winter 2020,3,1.316,W20,2020,20200,228,False
HR Tech,Summer 2020,4,1.914,S20,2020,20202,209,False
HR Tech,Winter 2021,5,1.488,W21,2021,20210,336,False
HR Tech,Summer 2021,7,1.79,S21,2021,20212,391,False
HR Tech,Winter 2022,7,1.759,W22,2022,20220,398,False
HR Tech,Summer 2022,4,1.709,S22,2022,20222,234,False
HR Tech,Winter 2023,4,1.46,W23,2023,20230,274,False
HR Tech,Summer 2023,4,1.818,S23,2023,20232,220,False
HR Tech,Winter 2024,2,0.806,W24,2024,20240,248,False
HR Tech,Summer 2024,3,1.21,S24,2024,20242,248,False
HR Tech,Fall 2024,1,1.064,F24,2024,20243,94,False
HR Tech,Winter 2025,3,1.807,W25,2025,20250,166,False
HR Tech,Spring 2025,0,0.0,X25,2025,20251,143,False
HR Tech,Summer 2025,0,0.0,S25,2025,20252,166,False
HR Tech,Fall 2025,1,0.685,F25,2025,20253,146,False
HR Tech,Winter 2026,0,0.0,W26,2026,20260,199,False
HR Tech,Spring 2026,1,0.513,X26,2026,20261,195,False
HR Tech,Summer 2026,1,0.426,S26,2026,20262,235,False
HR Tech,Fall 2026,1,2.857,F26,2026,20263,35,True
HR Tech,Winter 2027,0,0.0,W27,2027,20270,1,True
Hard Tech,Summer 2005,0,0.0,S05,2005,20052,9,True
Hard Tech,Winter 2006,0,0.0,W06,2006,20060,7,True
Hard Tech,Summer 2006,0,0.0,S06,2006,20062,10,True
Hard Tech,Winter 2007,0,0.0,W07,2007,20070,13,True
Hard Tech,Summer 2007,0,0.0,S07,2007,20072,19,True
Hard Tech,Winter 2008,0,0.0,W08,2008,20080,21,True
Hard Tech,Summer 2008,0,0.0,S08,2008,20082,22,True
Hard Tech,Winter 2009,0,0.0,W09,2009,20090,16,True
Hard Tech,Summer 2009,0,0.0,S09,2009,20092,26,True
Hard Tech,Winter 2010,0,0.0,W10,2010,20100,27,True
Hard Tech,Summer 2010,0,0.0,S10,2010,20102,36,True
Hard Tech,Winter 2011,0,0.0,W11,2011,20110,45,True
Hard Tech,Summer 2011,0,0.0,S11,2011,20112,60,False
Hard Tech,Winter 2012,1,1.515,W12,2012,20120,66,False
Hard Tech,Summer 2012,1,1.205,S12,2012,20122,83,False
Hard Tech,Winter 2013,0,0.0,W13,2013,20130,46,True
Hard Tech,Summer 2013,0,0.0,S13,2013,20132,52,False
Hard Tech,Winter 2014,1,1.351,W14,2014,20140,74,False
Hard Tech,Summer 2014,1,1.282,S14,2014,20142,78,False
Hard Tech,Winter 2015,0,0.0,W15,2015,20150,110,False
Hard Tech,Summer 2015,0,0.0,S15,2015,20152,104,False
Hard Tech,Winter 2016,1,0.82,W16,2016,20160,122,False
Hard Tech,Summer 2016,4,3.922,S16,2016,20162,102,False
Hard Tech,Winter 2017,1,0.862,W17,2017,20170,116,False
Hard Tech,Summer 2017,2,1.6,S17,2017,20172,125,False
Hard Tech,Winter 2018,2,1.37,W18,2018,20180,146,False
Hard Tech,Summer 2018,1,0.763,S18,2018,20182,131,False
Hard Tech,Winter 2019,3,1.546,W19,2019,20190,194,False
Hard Tech,Summer 2019,4,2.273,S19,2019,20192,176,False
Hard Tech,Winter 2020,2,0.877,W20,2020,20200,228,False
Hard Tech,Summer 2020,4,1.914,S20,2020,20202,209,False
Hard Tech,Winter 2021,11,3.274,W21,2021,20210,336,False
Hard Tech,Summer 2021,9,2.302,S21,2021,20212,391,False
Hard Tech,Winter 2022,11,2.764,W22,2022,20220,398,False
Hard Tech,Summer 2022,2,0.855,S22,2022,20222,234,False
Hard Tech,Winter 2023,2,0.73,W23,2023,20230,274,False
Hard Tech,Summer 2023,2,0.909,S23,2023,20232,220,False
Hard Tech,Winter 2024,2,0.806,W24,2024,20240,248,False
Hard Tech,Summer 2024,11,4.435,S24,2024,20242,248,False
Hard Tech,Fall 2024,1,1.064,F24,2024,20243,94,False
Hard Tech,Winter 2025,5,3.012,W25,2025,20250,166,False
Hard Tech,Spring 2025,6,4.196,X25,2025,20251,143,False
Hard Tech,Summer 2025,2,1.205,S25,2025,20252,166,False
Hard Tech,Fall 2025,4,2.74,F25,2025,20253,146,False
Hard Tech,Winter 2026,3,1.508,W26,2026,20260,199,False
Hard Tech,Spring 2026,4,2.051,X26,2026,20261,195,False
Hard Tech,Summer 2026,25,10.638,S26,2026,20262,235,False
Hard Tech,Fall 2026,4,11.429,F26,2026,20263,35,True
Hard Tech,Winter 2027,0,0.0,W27,2027,20270,1,True
Hardware,Summer 2005,0,0.0,S05,2005,20052,9,True
Hardware,Winter 2006,0,0.0,W06,2006,20060,7,True
Hardware,Summer 2006,0,0.0,S06,2006,20062,10,True
Hardware,Winter 2007,0,0.0,W07,2007,20070,13,True
Hardware,Summer 2007,0,0.0,S07,2007,20072,19,True
Hardware,Winter 2008,0,0.0,W08,2008,20080,21,True
Hardware,Summer 2008,0,0.0,S08,2008,20082,22,True
Hardware,Winter 2009,0,0.0,W09,2009,20090,16,True
Hardware,Summer 2009,1,3.846,S09,2009,20092,26,True
Hardware,Winter 2010,0,0.0,W10,2010,20100,27,True
Hardware,Summer 2010,0,0.0,S10,2010,20102,36,True
Hardware,Winter 2011,1,2.222,W11,2011,20110,45,True
Hardware,Summer 2011,0,0.0,S11,2011,20112,60,False
Hardware,Winter 2012,2,3.03,W12,2012,20120,66,False
Hardware,Summer 2012,1,1.205,S12,2012,20122,83,False
Hardware,Winter 2013,4,8.696,W13,2013,20130,46,True
Hardware,Summer 2013,1,1.923,S13,2013,20132,52,False
Hardware,Winter 2014,1,1.351,W14,2014,20140,74,False
Hardware,Summer 2014,2,2.564,S14,2014,20142,78,False
Hardware,Winter 2015,2,1.818,W15,2015,20150,110,False
Hardware,Summer 2015,6,5.769,S15,2015,20152,104,False
Hardware,Winter 2016,4,3.279,W16,2016,20160,122,False
Hardware,Summer 2016,5,4.902,S16,2016,20162,102,False
Hardware,Winter 2017,6,5.172,W17,2017,20170,116,False
Hardware,Summer 2017,5,4.0,S17,2017,20172,125,False
Hardware,Winter 2018,4,2.74,W18,2018,20180,146,False
Hardware,Summer 2018,4,3.053,S18,2018,20182,131,False
Hardware,Winter 2019,5,2.577,W19,2019,20190,194,False
Hardware,Summer 2019,10,5.682,S19,2019,20192,176,False
Hardware,Winter 2020,2,0.877,W20,2020,20200,228,False
Hardware,Summer 2020,4,1.914,S20,2020,20202,209,False
Hardware,Winter 2021,6,1.786,W21,2021,20210,336,False
Hardware,Summer 2021,6,1.535,S21,2021,20212,391,False
Hardware,Winter 2022,10,2.513,W22,2022,20220,398,False
Hardware,Summer 2022,2,0.855,S22,2022,20222,234,False
Hardware,Winter 2023,1,0.365,W23,2023,20230,274,False
Hardware,Summer 2023,2,0.909,S23,2023,20232,220,False
Hardware,Winter 2024,1,0.403,W24,2024,20240,248,False
Hardware,Summer 2024,8,3.226,S24,2024,20242,248,False
Hardware,Fall 2024,0,0.0,F24,2024,20243,94,False
Hardware,Winter 2025,8,4.819,W25,2025,20250,166,False
Hardware,Spring 2025,6,4.196,X25,2025,20251,143,False
Hardware,Summer 2025,6,3.614,S25,2025,20252,166,False
Hardware,Fall 2025,5,3.425,F25,2025,20253,146,False
Hardware,Winter 2026,3,1.508,W26,2026,20260,199,False
Hardware,Spring 2026,3,1.538,X26,2026,20261,195,False
Hardware,Summer 2026,20,8.511,S26,2026,20262,235,False
Hardware,Fall 2026,3,8.571,F26,2026,20263,35,True
Hardware,Winter 2027,0,0.0,W27,2027,20270,1,True
Health & Wellness,Summer 2005,0,0.0,S05,2005,20052,9,True
Health & Wellness,Winter 2006,0,0.0,W06,2006,20060,7,True
Health & Wellness,Summer 2006,0,0.0,S06,2006,20062,10,True
Health & Wellness,Winter 2007,0,0.0,W07,2007,20070,13,True
Health & Wellness,Summer 2007,0,0.0,S07,2007,20072,19,True
Health & Wellness,Winter 2008,0,0.0,W08,2008,20080,21,True
Health & Wellness,Summer 2008,0,0.0,S08,2008,20082,22,True
Health & Wellness,Winter 2009,0,0.0,W09,2009,20090,16,True
Health & Wellness,Summer 2009,0,0.0,S09,2009,20092,26,True
Health & Wellness,Winter 2010,0,0.0,W10,2010,20100,27,True
Health & Wellness,Summer 2010,1,2.778,S10,2010,20102,36,True
Health & Wellness,Winter 2011,0,0.0,W11,2011,20110,45,True
Health & Wellness,Summer 2011,0,0.0,S11,2011,20112,60,False
Health & Wellness,Winter 2012,0,0.0,W12,2012,20120,66,False
Health & Wellness,Summer 2012,0,0.0,S12,2012,20122,83,False
Health & Wellness,Winter 2013,0,0.0,W13,2013,20130,46,True
Health & Wellness,Summer 2013,1,1.923,S13,2013,20132,52,False
Health & Wellness,Winter 2014,2,2.703,W14,2014,20140,74,False
Health & Wellness,Summer 2014,2,2.564,S14,2014,20142,78,False
Health & Wellness,Winter 2015,0,0.0,W15,2015,20150,110,False
Health & Wellness,Summer 2015,1,0.962,S15,2015,20152,104,False
Health & Wellness,Winter 2016,1,0.82,W16,2016,20160,122,False
Health & Wellness,Summer 2016,0,0.0,S16,2016,20162,102,False
Health & Wellness,Winter 2017,0,0.0,W17,2017,20170,116,False
Health & Wellness,Summer 2017,0,0.0,S17,2017,20172,125,False
Health & Wellness,Winter 2018,1,0.685,W18,2018,20180,146,False
Health & Wellness,Summer 2018,1,0.763,S18,2018,20182,131,False
Health & Wellness,Winter 2019,0,0.0,W19,2019,20190,194,False
Health & Wellness,Summer 2019,1,0.568,S19,2019,20192,176,False
Health & Wellness,Winter 2020,3,1.316,W20,2020,20200,228,False
Health & Wellness,Summer 2020,4,1.914,S20,2020,20202,209,False
Health & Wellness,Winter 2021,2,0.595,W21,2021,20210,336,False
Health & Wellness,Summer 2021,10,2.558,S21,2021,20212,391,False
Health & Wellness,Winter 2022,2,0.503,W22,2022,20220,398,False
Health & Wellness,Summer 2022,0,0.0,S22,2022,20222,234,False
Health & Wellness,Winter 2023,0,0.0,W23,2023,20230,274,False
Health & Wellness,Summer 2023,3,1.364,S23,2023,20232,220,False
Health & Wellness,Winter 2024,2,0.806,W24,2024,20240,248,False
Health & Wellness,Summer 2024,0,0.0,S24,2024,20242,248,False
Health & Wellness,Fall 2024,0,0.0,F24,2024,20243,94,False
Health & Wellness,Winter 2025,2,1.205,W25,2025,20250,166,False
Health & Wellness,Spring 2025,1,0.699,X25,2025,20251,143,False
Health & Wellness,Summer 2025,0,0.0,S25,2025,20252,166,False
Health & Wellness,Fall 2025,3,2.055,F25,2025,20253,146,False
Health & Wellness,Winter 2026,0,0.0,W26,2026,20260,199,False
Health & Wellness,Spring 2026,1,0.513,X26,2026,20261,195,False
Health & Wellness,Summer 2026,4,1.702,S26,2026,20262,235,False
Health & Wellness,Fall 2026,1,2.857,F26,2026,20263,35,True
Health & Wellness,Winter 2027,0,0.0,W27,2027,20270,1,True
Health Insurance,Summer 2005,0,0.0,S05,2005,20052,9,True
Health Insurance,Winter 2006,0,0.0,W06,2006,20060,7,True
Health Insurance,Summer 2006,0,0.0,S06,2006,20062,10,True
Health Insurance,Winter 2007,0,0.0,W07,2007,20070,13,True
Health Insurance,Summer 2007,0,0.0,S07,2007,20072,19,True
Health Insurance,Winter 2008,0,0.0,W08,2008,20080,21,True
Health Insurance,Summer 2008,0,0.0,S08,2008,20082,22,True
Health Insurance,Winter 2009,0,0.0,W09,2009,20090,16,True
Health Insurance,Summer 2009,0,0.0,S09,2009,20092,26,True
Health Insurance,Winter 2010,0,0.0,W10,2010,20100,27,True
Health Insurance,Summer 2010,0,0.0,S10,2010,20102,36,True
Health Insurance,Winter 2011,0,0.0,W11,2011,20110,45,True
Health Insurance,Summer 2011,0,0.0,S11,2011,20112,60,False
Health Insurance,Winter 2012,1,1.515,W12,2012,20120,66,False
Health Insurance,Summer 2012,2,2.41,S12,2012,20122,83,False
Health Insurance,Winter 2013,1,2.174,W13,2013,20130,46,True
Health Insurance,Summer 2013,0,0.0,S13,2013,20132,52,False
Health Insurance,Winter 2014,0,0.0,W14,2014,20140,74,False
Health Insurance,Summer 2014,0,0.0,S14,2014,20142,78,False
Health Insurance,Winter 2015,0,0.0,W15,2015,20150,110,False
Health Insurance,Summer 2015,0,0.0,S15,2015,20152,104,False
Health Insurance,Winter 2016,0,0.0,W16,2016,20160,122,False
Health Insurance,Summer 2016,0,0.0,S16,2016,20162,102,False
Health Insurance,Winter 2017,1,0.862,W17,2017,20170,116,False
Health Insurance,Summer 2017,0,0.0,S17,2017,20172,125,False
Health Insurance,Winter 2018,1,0.685,W18,2018,20180,146,False
Health Insurance,Summer 2018,0,0.0,S18,2018,20182,131,False
Health Insurance,Winter 2019,1,0.515,W19,2019,20190,194,False
Health Insurance,Summer 2019,0,0.0,S19,2019,20192,176,False
Health Insurance,Winter 2020,2,0.877,W20,2020,20200,228,False
Health Insurance,Summer 2020,1,0.478,S20,2020,20202,209,False
Health Insurance,Winter 2021,1,0.298,W21,2021,20210,336,False
Health Insurance,Summer 2021,3,0.767,S21,2021,20212,391,False
Health Insurance,Winter 2022,0,0.0,W22,2022,20220,398,False
Health Insurance,Summer 2022,0,0.0,S22,2022,20222,234,False
Health Insurance,Winter 2023,2,0.73,W23,2023,20230,274,False
Health Insurance,Summer 2023,5,2.273,S23,2023,20232,220,False
Health Insurance,Winter 2024,1,0.403,W24,2024,20240,248,False
Health Insurance,Summer 2024,1,0.403,S24,2024,20242,248,False
Health Insurance,Fall 2024,0,0.0,F24,2024,20243,94,False
Health Insurance,Winter 2025,1,0.602,W25,2025,20250,166,False
Health Insurance,Spring 2025,0,0.0,X25,2025,20251,143,False
Health Insurance,Summer 2025,0,0.0,S25,2025,20252,166,False
Health Insurance,Fall 2025,2,1.37,F25,2025,20253,146,False
Health Insurance,Winter 2026,0,0.0,W26,2026,20260,199,False
Health Insurance,Spring 2026,0,0.0,X26,2026,20261,195,False
Health Insurance,Summer 2026,2,0.851,S26,2026,20262,235,False
Health Insurance,Fall 2026,0,0.0,F26,2026,20263,35,True
Health Insurance,Winter 2027,0,0.0,W27,2027,20270,1,True
Health Tech,Summer 2005,0,0.0,S05,2005,20052,9,True
Health Tech,Winter 2006,0,0.0,W06,2006,20060,7,True
Health Tech,Summer 2006,0,0.0,S06,2006,20062,10,True
Health Tech,Winter 2007,0,0.0,W07,2007,20070,13,True
Health Tech,Summer 2007,0,0.0,S07,2007,20072,19,True
Health Tech,Winter 2008,0,0.0,W08,2008,20080,21,True
Health Tech,Summer 2008,0,0.0,S08,2008,20082,22,True
Health Tech,Winter 2009,0,0.0,W09,2009,20090,16,True
Health Tech,Summer 2009,0,0.0,S09,2009,20092,26,True
Health Tech,Winter 2010,0,0.0,W10,2010,20100,27,True
Health Tech,Summer 2010,0,0.0,S10,2010,20102,36,True
Health Tech,Winter 2011,1,2.222,W11,2011,20110,45,True
Health Tech,Summer 2011,1,1.667,S11,2011,20112,60,False
Health Tech,Winter 2012,0,0.0,W12,2012,20120,66,False
Health Tech,Summer 2012,2,2.41,S12,2012,20122,83,False
Health Tech,Winter 2013,1,2.174,W13,2013,20130,46,True
Health Tech,Summer 2013,1,1.923,S13,2013,20132,52,False
Health Tech,Winter 2014,2,2.703,W14,2014,20140,74,False
Health Tech,Summer 2014,4,5.128,S14,2014,20142,78,False
Health Tech,Winter 2015,3,2.727,W15,2015,20150,110,False
Health Tech,Summer 2015,4,3.846,S15,2015,20152,104,False
Health Tech,Winter 2016,4,3.279,W16,2016,20160,122,False
Health Tech,Summer 2016,4,3.922,S16,2016,20162,102,False
Health Tech,Winter 2017,7,6.034,W17,2017,20170,116,False
Health Tech,Summer 2017,4,3.2,S17,2017,20172,125,False
Health Tech,Winter 2018,7,4.795,W18,2018,20180,146,False
Health Tech,Summer 2018,2,1.527,S18,2018,20182,131,False
Health Tech,Winter 2019,6,3.093,W19,2019,20190,194,False
Health Tech,Summer 2019,5,2.841,S19,2019,20192,176,False
Health Tech,Winter 2020,11,4.825,W20,2020,20200,228,False
Health Tech,Summer 2020,7,3.349,S20,2020,20202,209,False
Health Tech,Winter 2021,8,2.381,W21,2021,20210,336,False
Health Tech,Summer 2021,9,2.302,S21,2021,20212,391,False
Health Tech,Winter 2022,12,3.015,W22,2022,20220,398,False
Health Tech,Summer 2022,8,3.419,S22,2022,20222,234,False
Health Tech,Winter 2023,10,3.65,W23,2023,20230,274,False
Health Tech,Summer 2023,12,5.455,S23,2023,20232,220,False
Health Tech,Winter 2024,6,2.419,W24,2024,20240,248,False
Health Tech,Summer 2024,6,2.419,S24,2024,20242,248,False
Health Tech,Fall 2024,4,4.255,F24,2024,20243,94,False
Health Tech,Winter 2025,7,4.217,W25,2025,20250,166,False
Health Tech,Spring 2025,3,2.098,X25,2025,20251,143,False
Health Tech,Summer 2025,0,0.0,S25,2025,20252,166,False
Health Tech,Fall 2025,7,4.795,F25,2025,20253,146,False
Health Tech,Winter 2026,0,0.0,W26,2026,20260,199,False
Health Tech,Spring 2026,0,0.0,X26,2026,20261,195,False
Health Tech,Summer 2026,5,2.128,S26,2026,20262,235,False
Health Tech,Fall 2026,0,0.0,F26,2026,20263,35,True
Health Tech,Winter 2027,0,0.0,W27,2027,20270,1,True
Healthcare,Summer 2005,0,0.0,S05,2005,20052,9,True
Healthcare,Winter 2006,0,0.0,W06,2006,20060,7,True
Healthcare,Summer 2006,0,0.0,S06,2006,20062,10,True
Healthcare,Winter 2007,0,0.0,W07,2007,20070,13,True
Healthcare,Summer 2007,0,0.0,S07,2007,20072,19,True
Healthcare,Winter 2008,0,0.0,W08,2008,20080,21,True
Healthcare,Summer 2008,0,0.0,S08,2008,20082,22,True
Healthcare,Winter 2009,0,0.0,W09,2009,20090,16,True
Healthcare,Summer 2009,0,0.0,S09,2009,20092,26,True
Healthcare,Winter 2010,0,0.0,W10,2010,20100,27,True
Healthcare,Summer 2010,0,0.0,S10,2010,20102,36,True
Healthcare,Winter 2011,1,2.222,W11,2011,20110,45,True
Healthcare,Summer 2011,1,1.667,S11,2011,20112,60,False
Healthcare,Winter 2012,2,3.03,W12,2012,20120,66,False
Healthcare,Summer 2012,1,1.205,S12,2012,20122,83,False
Healthcare,Winter 2013,2,4.348,W13,2013,20130,46,True
Healthcare,Summer 2013,0,0.0,S13,2013,20132,52,False
Healthcare,Winter 2014,0,0.0,W14,2014,20140,74,False
Healthcare,Summer 2014,1,1.282,S14,2014,20142,78,False
Healthcare,Winter 2015,4,3.636,W15,2015,20150,110,False
Healthcare,Summer 2015,3,2.885,S15,2015,20152,104,False
Healthcare,Winter 2016,0,0.0,W16,2016,20160,122,False
Healthcare,Summer 2016,8,7.843,S16,2016,20162,102,False
Healthcare,Winter 2017,7,6.034,W17,2017,20170,116,False
Healthcare,Summer 2017,4,3.2,S17,2017,20172,125,False
Healthcare,Winter 2018,4,2.74,W18,2018,20180,146,False
Healthcare,Summer 2018,8,6.107,S18,2018,20182,131,False
Healthcare,Winter 2019,2,1.031,W19,2019,20190,194,False
Healthcare,Summer 2019,4,2.273,S19,2019,20192,176,False
Healthcare,Winter 2020,8,3.509,W20,2020,20200,228,False
Healthcare,Summer 2020,8,3.828,S20,2020,20202,209,False
Healthcare,Winter 2021,11,3.274,W21,2021,20210,336,False
Healthcare,Summer 2021,14,3.581,S21,2021,20212,391,False
Healthcare,Winter 2022,19,4.774,W22,2022,20220,398,False
Healthcare,Summer 2022,8,3.419,S22,2022,20222,234,False
Healthcare,Winter 2023,13,4.745,W23,2023,20230,274,False
Healthcare,Summer 2023,20,9.091,S23,2023,20232,220,False
Healthcare,Winter 2024,13,5.242,W24,2024,20240,248,False
Healthcare,Summer 2024,9,3.629,S24,2024,20242,248,False
Healthcare,Fall 2024,5,5.319,F24,2024,20243,94,False
Healthcare,Winter 2025,6,3.614,W25,2025,20250,166,False
Healthcare,Spring 2025,6,4.196,X25,2025,20251,143,False
Healthcare,Summer 2025,1,0.602,S25,2025,20252,166,False
Healthcare,Fall 2025,5,3.425,F25,2025,20253,146,False
Healthcare,Winter 2026,1,0.503,W26,2026,20260,199,False
Healthcare,Spring 2026,1,0.513,X26,2026,20261,195,False
Healthcare,Summer 2026,11,4.681,S26,2026,20262,235,False
Healthcare,Fall 2026,0,0.0,F26,2026,20263,35,True
Healthcare,Winter 2027,0,0.0,W27,2027,20270,1,True
Healthcare IT,Summer 2005,0,0.0,S05,2005,20052,9,True
Healthcare IT,Winter 2006,0,0.0,W06,2006,20060,7,True
Healthcare IT,Summer 2006,0,0.0,S06,2006,20062,10,True
Healthcare IT,Winter 2007,0,0.0,W07,2007,20070,13,True
Healthcare IT,Summer 2007,0,0.0,S07,2007,20072,19,True
Healthcare IT,Winter 2008,0,0.0,W08,2008,20080,21,True
Healthcare IT,Summer 2008,0,0.0,S08,2008,20082,22,True
Healthcare IT,Winter 2009,0,0.0,W09,2009,20090,16,True
Healthcare IT,Summer 2009,0,0.0,S09,2009,20092,26,True
Healthcare IT,Winter 2010,0,0.0,W10,2010,20100,27,True
Healthcare IT,Summer 2010,0,0.0,S10,2010,20102,36,True
Healthcare IT,Winter 2011,0,0.0,W11,2011,20110,45,True
Healthcare IT,Summer 2011,0,0.0,S11,2011,20112,60,False
Healthcare IT,Winter 2012,0,0.0,W12,2012,20120,66,False
Healthcare IT,Summer 2012,0,0.0,S12,2012,20122,83,False
Healthcare IT,Winter 2013,0,0.0,W13,2013,20130,46,True
Healthcare IT,Summer 2013,0,0.0,S13,2013,20132,52,False
Healthcare IT,Winter 2014,1,1.351,W14,2014,20140,74,False
Healthcare IT,Summer 2014,0,0.0,S14,2014,20142,78,False
Healthcare IT,Winter 2015,0,0.0,W15,2015,20150,110,False
Healthcare IT,Summer 2015,0,0.0,S15,2015,20152,104,False
Healthcare IT,Winter 2016,0,0.0,W16,2016,20160,122,False
Healthcare IT,Summer 2016,1,0.98,S16,2016,20162,102,False
Healthcare IT,Winter 2017,0,0.0,W17,2017,20170,116,False
Healthcare IT,Summer 2017,0,0.0,S17,2017,20172,125,False
Healthcare IT,Winter 2018,1,0.685,W18,2018,20180,146,False
Healthcare IT,Summer 2018,0,0.0,S18,2018,20182,131,False
Healthcare IT,Winter 2019,0,0.0,W19,2019,20190,194,False
Healthcare IT,Summer 2019,1,0.568,S19,2019,20192,176,False
Healthcare IT,Winter 2020,0,0.0,W20,2020,20200,228,False
Healthcare IT,Summer 2020,1,0.478,S20,2020,20202,209,False
Healthcare IT,Winter 2021,4,1.19,W21,2021,20210,336,False
Healthcare IT,Summer 2021,1,0.256,S21,2021,20212,391,False
Healthcare IT,Winter 2022,2,0.503,W22,2022,20220,398,False
Healthcare IT,Summer 2022,2,0.855,S22,2022,20222,234,False
Healthcare IT,Winter 2023,1,0.365,W23,2023,20230,274,False
Healthcare IT,Summer 2023,9,4.091,S23,2023,20232,220,False
Healthcare IT,Winter 2024,1,0.403,W24,2024,20240,248,False
Healthcare IT,Summer 2024,1,0.403,S24,2024,20242,248,False
Healthcare IT,Fall 2024,2,2.128,F24,2024,20243,94,False
Healthcare IT,Winter 2025,2,1.205,W25,2025,20250,166,False
Healthcare IT,Spring 2025,1,0.699,X25,2025,20251,143,False
Healthcare IT,Summer 2025,2,1.205,S25,2025,20252,166,False
Healthcare IT,Fall 2025,2,1.37,F25,2025,20253,146,False
Healthcare IT,Winter 2026,0,0.0,W26,2026,20260,199,False
Healthcare IT,Spring 2026,1,0.513,X26,2026,20261,195,False
Healthcare IT,Summer 2026,2,0.851,S26,2026,20262,235,False
Healthcare IT,Fall 2026,0,0.0,F26,2026,20263,35,True
Healthcare IT,Winter 2027,0,0.0,W27,2027,20270,1,True
Home Automation,Summer 2005,0,0.0,S05,2005,20052,9,True
Home Automation,Winter 2006,0,0.0,W06,2006,20060,7,True
Home Automation,Summer 2006,0,0.0,S06,2006,20062,10,True
Home Automation,Winter 2007,0,0.0,W07,2007,20070,13,True
Home Automation,Summer 2007,0,0.0,S07,2007,20072,19,True
Home Automation,Winter 2008,0,0.0,W08,2008,20080,21,True
Home Automation,Summer 2008,0,0.0,S08,2008,20082,22,True
Home Automation,Winter 2009,0,0.0,W09,2009,20090,16,True
Home Automation,Summer 2009,0,0.0,S09,2009,20092,26,True
Home Automation,Winter 2010,0,0.0,W10,2010,20100,27,True
Home Automation,Summer 2010,0,0.0,S10,2010,20102,36,True
Home Automation,Winter 2011,0,0.0,W11,2011,20110,45,True
Home Automation,Summer 2011,0,0.0,S11,2011,20112,60,False
Home Automation,Winter 2012,0,0.0,W12,2012,20120,66,False
Home Automation,Summer 2012,0,0.0,S12,2012,20122,83,False
Home Automation,Winter 2013,0,0.0,W13,2013,20130,46,True
Home Automation,Summer 2013,0,0.0,S13,2013,20132,52,False
Home Automation,Winter 2014,0,0.0,W14,2014,20140,74,False
Home Automation,Summer 2014,0,0.0,S14,2014,20142,78,False
Home Automation,Winter 2015,0,0.0,W15,2015,20150,110,False
Home Automation,Summer 2015,0,0.0,S15,2015,20152,104,False
Home Automation,Winter 2016,1,0.82,W16,2016,20160,122,False
Home Automation,Summer 2016,1,0.98,S16,2016,20162,102,False
Home Automation,Winter 2017,0,0.0,W17,2017,20170,116,False
Home Automation,Summer 2017,0,0.0,S17,2017,20172,125,False
Home Automation,Winter 2018,0,0.0,W18,2018,20180,146,False
Home Automation,Summer 2018,0,0.0,S18,2018,20182,131,False
Home Automation,Winter 2019,0,0.0,W19,2019,20190,194,False
Home Automation,Summer 2019,0,0.0,S19,2019,20192,176,False
Home Automation,Winter 2020,0,0.0,W20,2020,20200,228,False
Home Automation,Summer 2020,0,0.0,S20,2020,20202,209,False
Home Automation,Winter 2021,0,0.0,W21,2021,20210,336,False
Home Automation,Summer 2021,0,0.0,S21,2021,20212,391,False
Home Automation,Winter 2022,0,0.0,W22,2022,20220,398,False
Home Automation,Summer 2022,0,0.0,S22,2022,20222,234,False
Home Automation,Winter 2023,0,0.0,W23,2023,20230,274,False
Home Automation,Summer 2023,1,0.455,S23,2023,20232,220,False
Home Automation,Winter 2024,0,0.0,W24,2024,20240,248,False
Home Automation,Summer 2024,0,0.0,S24,2024,20242,248,False
Home Automation,Fall 2024,0,0.0,F24,2024,20243,94,False
Home Automation,Winter 2025,0,0.0,W25,2025,20250,166,False
Home Automation,Spring 2025,0,0.0,X25,2025,20251,143,False
Home Automation,Summer 2025,0,0.0,S25,2025,20252,166,False
Home Automation,Fall 2025,1,0.685,F25,2025,20253,146,False
Home Automation,Winter 2026,0,0.0,W26,2026,20260,199,False
Home Automation,Spring 2026,0,0.0,X26,2026,20261,195,False
Home Automation,Summer 2026,0,0.0,S26,2026,20262,235,False
Home Automation,Fall 2026,0,0.0,F26,2026,20263,35,True
Home Automation,Winter 2027,0,0.0,W27,2027,20270,1,True
Home Services,Summer 2005,0,0.0,S05,2005,20052,9,True
Home Services,Winter 2006,0,0.0,W06,2006,20060,7,True
Home Services,Summer 2006,0,0.0,S06,2006,20062,10,True
Home Services,Winter 2007,0,0.0,W07,2007,20070,13,True
Home Services,Summer 2007,0,0.0,S07,2007,20072,19,True
Home Services,Winter 2008,0,0.0,W08,2008,20080,21,True
Home Services,Summer 2008,0,0.0,S08,2008,20082,22,True
Home Services,Winter 2009,0,0.0,W09,2009,20090,16,True
Home Services,Summer 2009,0,0.0,S09,2009,20092,26,True
Home Services,Winter 2010,0,0.0,W10,2010,20100,27,True
Home Services,Summer 2010,0,0.0,S10,2010,20102,36,True
Home Services,Winter 2011,0,0.0,W11,2011,20110,45,True
Home Services,Summer 2011,0,0.0,S11,2011,20112,60,False
Home Services,Winter 2012,0,0.0,W12,2012,20120,66,False
Home Services,Summer 2012,0,0.0,S12,2012,20122,83,False
Home Services,Winter 2013,0,0.0,W13,2013,20130,46,True
Home Services,Summer 2013,0,0.0,S13,2013,20132,52,False
Home Services,Winter 2014,0,0.0,W14,2014,20140,74,False
Home Services,Summer 2014,0,0.0,S14,2014,20142,78,False
Home Services,Winter 2015,0,0.0,W15,2015,20150,110,False
Home Services,Summer 2015,0,0.0,S15,2015,20152,104,False
Home Services,Winter 2016,1,0.82,W16,2016,20160,122,False
Home Services,Summer 2016,1,0.98,S16,2016,20162,102,False
Home Services,Winter 2017,1,0.862,W17,2017,20170,116,False
Home Services,Summer 2017,0,0.0,S17,2017,20172,125,False
Home Services,Winter 2018,0,0.0,W18,2018,20180,146,False
Home Services,Summer 2018,0,0.0,S18,2018,20182,131,False
Home Services,Winter 2019,0,0.0,W19,2019,20190,194,False
Home Services,Summer 2019,0,0.0,S19,2019,20192,176,False
Home Services,Winter 2020,0,0.0,W20,2020,20200,228,False
Home Services,Summer 2020,0,0.0,S20,2020,20202,209,False
Home Services,Winter 2021,1,0.298,W21,2021,20210,336,False
Home Services,Summer 2021,0,0.0,S21,2021,20212,391,False
Home Services,Winter 2022,1,0.251,W22,2022,20220,398,False
Home Services,Summer 2022,0,0.0,S22,2022,20222,234,False
Home Services,Winter 2023,1,0.365,W23,2023,20230,274,False
Home Services,Summer 2023,1,0.455,S23,2023,20232,220,False
Home Services,Winter 2024,2,0.806,W24,2024,20240,248,False
Home Services,Summer 2024,1,0.403,S24,2024,20242,248,False
Home Services,Fall 2024,0,0.0,F24,2024,20243,94,False
Home Services,Winter 2025,1,0.602,W25,2025,20250,166,False
Home Services,Spring 2025,1,0.699,X25,2025,20251,143,False
Home Services,Summer 2025,0,0.0,S25,2025,20252,166,False
Home Services,Fall 2025,1,0.685,F25,2025,20253,146,False
Home Services,Winter 2026,0,0.0,W26,2026,20260,199,False
Home Services,Spring 2026,1,0.513,X26,2026,20261,195,False
Home Services,Summer 2026,3,1.277,S26,2026,20262,235,False
Home Services,Fall 2026,0,0.0,F26,2026,20263,35,True
Home Services,Winter 2027,0,0.0,W27,2027,20270,1,True
Housing,Summer 2005,0,0.0,S05,2005,20052,9,True
Housing,Winter 2006,0,0.0,W06,2006,20060,7,True
Housing,Summer 2006,0,0.0,S06,2006,20062,10,True
Housing,Winter 2007,0,0.0,W07,2007,20070,13,True
Housing,Summer 2007,0,0.0,S07,2007,20072,19,True
Housing,Winter 2008,0,0.0,W08,2008,20080,21,True
Housing,Summer 2008,0,0.0,S08,2008,20082,22,True
Housing,Winter 2009,0,0.0,W09,2009,20090,16,True
Housing,Summer 2009,0,0.0,S09,2009,20092,26,True
Housing,Winter 2010,0,0.0,W10,2010,20100,27,True
Housing,Summer 2010,0,0.0,S10,2010,20102,36,True
Housing,Winter 2011,0,0.0,W11,2011,20110,45,True
Housing,Summer 2011,0,0.0,S11,2011,20112,60,False
Housing,Winter 2012,0,0.0,W12,2012,20120,66,False
Housing,Summer 2012,0,0.0,S12,2012,20122,83,False
Housing,Winter 2013,0,0.0,W13,2013,20130,46,True
Housing,Summer 2013,0,0.0,S13,2013,20132,52,False
Housing,Winter 2014,1,1.351,W14,2014,20140,74,False
Housing,Summer 2014,0,0.0,S14,2014,20142,78,False
Housing,Winter 2015,0,0.0,W15,2015,20150,110,False
Housing,Summer 2015,1,0.962,S15,2015,20152,104,False
Housing,Winter 2016,0,0.0,W16,2016,20160,122,False
Housing,Summer 2016,1,0.98,S16,2016,20162,102,False
Housing,Winter 2017,0,0.0,W17,2017,20170,116,False
Housing,Summer 2017,1,0.8,S17,2017,20172,125,False
Housing,Winter 2018,0,0.0,W18,2018,20180,146,False
Housing,Summer 2018,1,0.763,S18,2018,20182,131,False
Housing,Winter 2019,3,1.546,W19,2019,20190,194,False
Housing,Summer 2019,2,1.136,S19,2019,20192,176,False
Housing,Winter 2020,1,0.439,W20,2020,20200,228,False
Housing,Summer 2020,2,0.957,S20,2020,20202,209,False
Housing,Winter 2021,2,0.595,W21,2021,20210,336,False
Housing,Summer 2021,1,0.256,S21,2021,20212,391,False
Housing,Winter 2022,0,0.0,W22,2022,20220,398,False
Housing,Summer 2022,1,0.427,S22,2022,20222,234,False
Housing,Winter 2023,0,0.0,W23,2023,20230,274,False
Housing,Summer 2023,0,0.0,S23,2023,20232,220,False
Housing,Winter 2024,0,0.0,W24,2024,20240,248,False
Housing,Summer 2024,1,0.403,S24,2024,20242,248,False
Housing,Fall 2024,0,0.0,F24,2024,20243,94,False
Housing,Winter 2025,1,0.602,W25,2025,20250,166,False
Housing,Spring 2025,0,0.0,X25,2025,20251,143,False
Housing,Summer 2025,0,0.0,S25,2025,20252,166,False
Housing,Fall 2025,0,0.0,F25,2025,20253,146,False
Housing,Winter 2026,0,0.0,W26,2026,20260,199,False
Housing,Spring 2026,0,0.0,X26,2026,20261,195,False
Housing,Summer 2026,1,0.426,S26,2026,20262,235,False
Housing,Fall 2026,0,0.0,F26,2026,20263,35,True
Housing,Winter 2027,0,0.0,W27,2027,20270,1,True
Human Resources,Summer 2005,0,0.0,S05,2005,20052,9,True
Human Resources,Winter 2006,0,0.0,W06,2006,20060,7,True
Human Resources,Summer 2006,0,0.0,S06,2006,20062,10,True
Human Resources,Winter 2007,0,0.0,W07,2007,20070,13,True
Human Resources,Summer 2007,0,0.0,S07,2007,20072,19,True
Human Resources,Winter 2008,0,0.0,W08,2008,20080,21,True
Human Resources,Summer 2008,0,0.0,S08,2008,20082,22,True
Human Resources,Winter 2009,0,0.0,W09,2009,20090,16,True
Human Resources,Summer 2009,0,0.0,S09,2009,20092,26,True
Human Resources,Winter 2010,0,0.0,W10,2010,20100,27,True
Human Resources,Summer 2010,0,0.0,S10,2010,20102,36,True
Human Resources,Winter 2011,0,0.0,W11,2011,20110,45,True
Human Resources,Summer 2011,0,0.0,S11,2011,20112,60,False
Human Resources,Winter 2012,0,0.0,W12,2012,20120,66,False
Human Resources,Summer 2012,1,1.205,S12,2012,20122,83,False
Human Resources,Winter 2013,0,0.0,W13,2013,20130,46,True
Human Resources,Summer 2013,0,0.0,S13,2013,20132,52,False
Human Resources,Winter 2014,0,0.0,W14,2014,20140,74,False
Human Resources,Summer 2014,1,1.282,S14,2014,20142,78,False
Human Resources,Winter 2015,0,0.0,W15,2015,20150,110,False
Human Resources,Summer 2015,2,1.923,S15,2015,20152,104,False
Human Resources,Winter 2016,0,0.0,W16,2016,20160,122,False
Human Resources,Summer 2016,0,0.0,S16,2016,20162,102,False
Human Resources,Winter 2017,0,0.0,W17,2017,20170,116,False
Human Resources,Summer 2017,0,0.0,S17,2017,20172,125,False
Human Resources,Winter 2018,3,2.055,W18,2018,20180,146,False
Human Resources,Summer 2018,0,0.0,S18,2018,20182,131,False
Human Resources,Winter 2019,1,0.515,W19,2019,20190,194,False
Human Resources,Summer 2019,1,0.568,S19,2019,20192,176,False
Human Resources,Winter 2020,1,0.439,W20,2020,20200,228,False
Human Resources,Summer 2020,0,0.0,S20,2020,20202,209,False
Human Resources,Winter 2021,3,0.893,W21,2021,20210,336,False
Human Resources,Summer 2021,1,0.256,S21,2021,20212,391,False
Human Resources,Winter 2022,2,0.503,W22,2022,20220,398,False
Human Resources,Summer 2022,2,0.855,S22,2022,20222,234,False
Human Resources,Winter 2023,0,0.0,W23,2023,20230,274,False
Human Resources,Summer 2023,0,0.0,S23,2023,20232,220,False
Human Resources,Winter 2024,0,0.0,W24,2024,20240,248,False
Human Resources,Summer 2024,2,0.806,S24,2024,20242,248,False
Human Resources,Fall 2024,0,0.0,F24,2024,20243,94,False
Human Resources,Winter 2025,0,0.0,W25,2025,20250,166,False
Human Resources,Spring 2025,0,0.0,X25,2025,20251,143,False
Human Resources,Summer 2025,0,0.0,S25,2025,20252,166,False
Human Resources,Fall 2025,0,0.0,F25,2025,20253,146,False
Human Resources,Winter 2026,0,0.0,W26,2026,20260,199,False
Human Resources,Spring 2026,1,0.513,X26,2026,20261,195,False
Human Resources,Summer 2026,0,0.0,S26,2026,20262,235,False
Human Resources,Fall 2026,1,2.857,F26,2026,20263,35,True
Human Resources,Winter 2027,0,0.0,W27,2027,20270,1,True
Hydrogen Energy,Summer 2005,0,0.0,S05,2005,20052,9,True
Hydrogen Energy,Winter 2006,0,0.0,W06,2006,20060,7,True
Hydrogen Energy,Summer 2006,0,0.0,S06,2006,20062,10,True
Hydrogen Energy,Winter 2007,0,0.0,W07,2007,20070,13,True
Hydrogen Energy,Summer 2007,0,0.0,S07,2007,20072,19,True
Hydrogen Energy,Winter 2008,0,0.0,W08,2008,20080,21,True
Hydrogen Energy,Summer 2008,0,0.0,S08,2008,20082,22,True
Hydrogen Energy,Winter 2009,0,0.0,W09,2009,20090,16,True
Hydrogen Energy,Summer 2009,0,0.0,S09,2009,20092,26,True
Hydrogen Energy,Winter 2010,0,0.0,W10,2010,20100,27,True
Hydrogen Energy,Summer 2010,0,0.0,S10,2010,20102,36,True
Hydrogen Energy,Winter 2011,0,0.0,W11,2011,20110,45,True
Hydrogen Energy,Summer 2011,0,0.0,S11,2011,20112,60,False
Hydrogen Energy,Winter 2012,0,0.0,W12,2012,20120,66,False
Hydrogen Energy,Summer 2012,0,0.0,S12,2012,20122,83,False
Hydrogen Energy,Winter 2013,0,0.0,W13,2013,20130,46,True
Hydrogen Energy,Summer 2013,0,0.0,S13,2013,20132,52,False
Hydrogen Energy,Winter 2014,0,0.0,W14,2014,20140,74,False
Hydrogen Energy,Summer 2014,0,0.0,S14,2014,20142,78,False
Hydrogen Energy,Winter 2015,0,0.0,W15,2015,20150,110,False
Hydrogen Energy,Summer 2015,0,0.0,S15,2015,20152,104,False
Hydrogen Energy,Winter 2016,0,0.0,W16,2016,20160,122,False
Hydrogen Energy,Summer 2016,0,0.0,S16,2016,20162,102,False
Hydrogen Energy,Winter 2017,0,0.0,W17,2017,20170,116,False
Hydrogen Energy,Summer 2017,0,0.0,S17,2017,20172,125,False
Hydrogen Energy,Winter 2018,0,0.0,W18,2018,20180,146,False
Hydrogen Energy,Summer 2018,0,0.0,S18,2018,20182,131,False
Hydrogen Energy,Winter 2019,0,0.0,W19,2019,20190,194,False
Hydrogen Energy,Summer 2019,0,0.0,S19,2019,20192,176,False
Hydrogen Energy,Winter 2020,0,0.0,W20,2020,20200,228,False
Hydrogen Energy,Summer 2020,0,0.0,S20,2020,20202,209,False
Hydrogen Energy,Winter 2021,0,0.0,W21,2021,20210,336,False
Hydrogen Energy,Summer 2021,0,0.0,S21,2021,20212,391,False
Hydrogen Energy,Winter 2022,2,0.503,W22,2022,20220,398,False
Hydrogen Energy,Summer 2022,0,0.0,S22,2022,20222,234,False
Hydrogen Energy,Winter 2023,1,0.365,W23,2023,20230,274,False
Hydrogen Energy,Summer 2023,1,0.455,S23,2023,20232,220,False
Hydrogen Energy,Winter 2024,0,0.0,W24,2024,20240,248,False
Hydrogen Energy,Summer 2024,0,0.0,S24,2024,20242,248,False
Hydrogen Energy,Fall 2024,0,0.0,F24,2024,20243,94,False
Hydrogen Energy,Winter 2025,0,0.0,W25,2025,20250,166,False
Hydrogen Energy,Spring 2025,0,0.0,X25,2025,20251,143,False
Hydrogen Energy,Summer 2025,0,0.0,S25,2025,20252,166,False
Hydrogen Energy,Fall 2025,0,0.0,F25,2025,20253,146,False
Hydrogen Energy,Winter 2026,0,0.0,W26,2026,20260,199,False
Hydrogen Energy,Spring 2026,0,0.0,X26,2026,20261,195,False
Hydrogen Energy,Summer 2026,0,0.0,S26,2026,20262,235,False
Hydrogen Energy,Fall 2026,0,0.0,F26,2026,20263,35,True
Hydrogen Energy,Winter 2027,0,0.0,W27,2027,20270,1,True
Identity,Summer 2005,0,0.0,S05,2005,20052,9,True
Identity,Winter 2006,0,0.0,W06,2006,20060,7,True
Identity,Summer 2006,0,0.0,S06,2006,20062,10,True
Identity,Winter 2007,0,0.0,W07,2007,20070,13,True
Identity,Summer 2007,0,0.0,S07,2007,20072,19,True
Identity,Winter 2008,0,0.0,W08,2008,20080,21,True
Identity,Summer 2008,0,0.0,S08,2008,20082,22,True
Identity,Winter 2009,0,0.0,W09,2009,20090,16,True
Identity,Summer 2009,0,0.0,S09,2009,20092,26,True
Identity,Winter 2010,0,0.0,W10,2010,20100,27,True
Identity,Summer 2010,0,0.0,S10,2010,20102,36,True
Identity,Winter 2011,0,0.0,W11,2011,20110,45,True
Identity,Summer 2011,0,0.0,S11,2011,20112,60,False
Identity,Winter 2012,0,0.0,W12,2012,20120,66,False
Identity,Summer 2012,0,0.0,S12,2012,20122,83,False
Identity,Winter 2013,0,0.0,W13,2013,20130,46,True
Identity,Summer 2013,0,0.0,S13,2013,20132,52,False
Identity,Winter 2014,0,0.0,W14,2014,20140,74,False
Identity,Summer 2014,1,1.282,S14,2014,20142,78,False
Identity,Winter 2015,0,0.0,W15,2015,20150,110,False
Identity,Summer 2015,0,0.0,S15,2015,20152,104,False
Identity,Winter 2016,0,0.0,W16,2016,20160,122,False
Identity,Summer 2016,1,0.98,S16,2016,20162,102,False
Identity,Winter 2017,0,0.0,W17,2017,20170,116,False
Identity,Summer 2017,0,0.0,S17,2017,20172,125,False
Identity,Winter 2018,0,0.0,W18,2018,20180,146,False
Identity,Summer 2018,1,0.763,S18,2018,20182,131,False
Identity,Winter 2019,0,0.0,W19,2019,20190,194,False
Identity,Summer 2019,1,0.568,S19,2019,20192,176,False
Identity,Winter 2020,0,0.0,W20,2020,20200,228,False
Identity,Summer 2020,0,0.0,S20,2020,20202,209,False
Identity,Winter 2021,2,0.595,W21,2021,20210,336,False
Identity,Summer 2021,1,0.256,S21,2021,20212,391,False
Identity,Winter 2022,3,0.754,W22,2022,20220,398,False
Identity,Summer 2022,4,1.709,S22,2022,20222,234,False
Identity,Winter 2023,0,0.0,W23,2023,20230,274,False
Identity,Summer 2023,0,0.0,S23,2023,20232,220,False
Identity,Winter 2024,1,0.403,W24,2024,20240,248,False
Identity,Summer 2024,0,0.0,S24,2024,20242,248,False
Identity,Fall 2024,0,0.0,F24,2024,20243,94,False
Identity,Winter 2025,0,0.0,W25,2025,20250,166,False
Identity,Spring 2025,0,0.0,X25,2025,20251,143,False
Identity,Summer 2025,0,0.0,S25,2025,20252,166,False
Identity,Fall 2025,0,0.0,F25,2025,20253,146,False
Identity,Winter 2026,1,0.503,W26,2026,20260,199,False
Identity,Spring 2026,0,0.0,X26,2026,20261,195,False
Identity,Summer 2026,0,0.0,S26,2026,20262,235,False
Identity,Fall 2026,0,0.0,F26,2026,20263,35,True
Identity,Winter 2027,0,0.0,W27,2027,20270,1,True
Immigration,Summer 2005,0,0.0,S05,2005,20052,9,True
Immigration,Winter 2006,0,0.0,W06,2006,20060,7,True
Immigration,Summer 2006,0,0.0,S06,2006,20062,10,True
Immigration,Winter 2007,0,0.0,W07,2007,20070,13,True
Immigration,Summer 2007,0,0.0,S07,2007,20072,19,True
Immigration,Winter 2008,0,0.0,W08,2008,20080,21,True
Immigration,Summer 2008,0,0.0,S08,2008,20082,22,True
Immigration,Winter 2009,0,0.0,W09,2009,20090,16,True
Immigration,Summer 2009,0,0.0,S09,2009,20092,26,True
Immigration,Winter 2010,0,0.0,W10,2010,20100,27,True
Immigration,Summer 2010,0,0.0,S10,2010,20102,36,True
Immigration,Winter 2011,0,0.0,W11,2011,20110,45,True
Immigration,Summer 2011,0,0.0,S11,2011,20112,60,False
Immigration,Winter 2012,0,0.0,W12,2012,20120,66,False
Immigration,Summer 2012,0,0.0,S12,2012,20122,83,False
Immigration,Winter 2013,0,0.0,W13,2013,20130,46,True
Immigration,Summer 2013,1,1.923,S13,2013,20132,52,False
Immigration,Winter 2014,0,0.0,W14,2014,20140,74,False
Immigration,Summer 2014,0,0.0,S14,2014,20142,78,False
Immigration,Winter 2015,0,0.0,W15,2015,20150,110,False
Immigration,Summer 2015,0,0.0,S15,2015,20152,104,False
Immigration,Winter 2016,0,0.0,W16,2016,20160,122,False
Immigration,Summer 2016,0,0.0,S16,2016,20162,102,False
Immigration,Winter 2017,0,0.0,W17,2017,20170,116,False
Immigration,Summer 2017,0,0.0,S17,2017,20172,125,False
Immigration,Winter 2018,0,0.0,W18,2018,20180,146,False
Immigration,Summer 2018,0,0.0,S18,2018,20182,131,False
Immigration,Winter 2019,0,0.0,W19,2019,20190,194,False
Immigration,Summer 2019,2,1.136,S19,2019,20192,176,False
Immigration,Winter 2020,0,0.0,W20,2020,20200,228,False
Immigration,Summer 2020,0,0.0,S20,2020,20202,209,False
Immigration,Winter 2021,0,0.0,W21,2021,20210,336,False
Immigration,Summer 2021,0,0.0,S21,2021,20212,391,False
Immigration,Winter 2022,0,0.0,W22,2022,20220,398,False
Immigration,Summer 2022,0,0.0,S22,2022,20222,234,False
Immigration,Winter 2023,0,0.0,W23,2023,20230,274,False
Immigration,Summer 2023,0,0.0,S23,2023,20232,220,False
Immigration,Winter 2024,0,0.0,W24,2024,20240,248,False
Immigration,Summer 2024,1,0.403,S24,2024,20242,248,False
Immigration,Fall 2024,0,0.0,F24,2024,20243,94,False
Immigration,Winter 2025,1,0.602,W25,2025,20250,166,False
Immigration,Spring 2025,0,0.0,X25,2025,20251,143,False
Immigration,Summer 2025,0,0.0,S25,2025,20252,166,False
Immigration,Fall 2025,1,0.685,F25,2025,20253,146,False
Immigration,Winter 2026,0,0.0,W26,2026,20260,199,False
Immigration,Spring 2026,0,0.0,X26,2026,20261,195,False
Immigration,Summer 2026,0,0.0,S26,2026,20262,235,False
Immigration,Fall 2026,0,0.0,F26,2026,20263,35,True
Immigration,Winter 2027,0,0.0,W27,2027,20270,1,True
Income Share Agreements,Summer 2005,0,0.0,S05,2005,20052,9,True
Income Share Agreements,Winter 2006,0,0.0,W06,2006,20060,7,True
Income Share Agreements,Summer 2006,0,0.0,S06,2006,20062,10,True
Income Share Agreements,Winter 2007,0,0.0,W07,2007,20070,13,True
Income Share Agreements,Summer 2007,0,0.0,S07,2007,20072,19,True
Income Share Agreements,Winter 2008,0,0.0,W08,2008,20080,21,True
Income Share Agreements,Summer 2008,0,0.0,S08,2008,20082,22,True
Income Share Agreements,Winter 2009,0,0.0,W09,2009,20090,16,True
Income Share Agreements,Summer 2009,0,0.0,S09,2009,20092,26,True
Income Share Agreements,Winter 2010,0,0.0,W10,2010,20100,27,True
Income Share Agreements,Summer 2010,0,0.0,S10,2010,20102,36,True
Income Share Agreements,Winter 2011,0,0.0,W11,2011,20110,45,True
Income Share Agreements,Summer 2011,0,0.0,S11,2011,20112,60,False
Income Share Agreements,Winter 2012,0,0.0,W12,2012,20120,66,False
Income Share Agreements,Summer 2012,0,0.0,S12,2012,20122,83,False
Income Share Agreements,Winter 2013,0,0.0,W13,2013,20130,46,True
Income Share Agreements,Summer 2013,0,0.0,S13,2013,20132,52,False
Income Share Agreements,Winter 2014,0,0.0,W14,2014,20140,74,False
Income Share Agreements,Summer 2014,0,0.0,S14,2014,20142,78,False
Income Share Agreements,Winter 2015,0,0.0,W15,2015,20150,110,False
Income Share Agreements,Summer 2015,0,0.0,S15,2015,20152,104,False
Income Share Agreements,Winter 2016,0,0.0,W16,2016,20160,122,False
Income Share Agreements,Summer 2016,0,0.0,S16,2016,20162,102,False
Income Share Agreements,Winter 2017,0,0.0,W17,2017,20170,116,False
Income Share Agreements,Summer 2017,0,0.0,S17,2017,20172,125,False
Income Share Agreements,Winter 2018,1,0.685,W18,2018,20180,146,False
Income Share Agreements,Summer 2018,0,0.0,S18,2018,20182,131,False
Income Share Agreements,Winter 2019,1,0.515,W19,2019,20190,194,False
Income Share Agreements,Summer 2019,0,0.0,S19,2019,20192,176,False
Income Share Agreements,Winter 2020,0,0.0,W20,2020,20200,228,False
Income Share Agreements,Summer 2020,0,0.0,S20,2020,20202,209,False
Income Share Agreements,Winter 2021,1,0.298,W21,2021,20210,336,False
Income Share Agreements,Summer 2021,1,0.256,S21,2021,20212,391,False
Income Share Agreements,Winter 2022,0,0.0,W22,2022,20220,398,False
Income Share Agreements,Summer 2022,0,0.0,S22,2022,20222,234,False
Income Share Agreements,Winter 2023,0,0.0,W23,2023,20230,274,False
Income Share Agreements,Summer 2023,0,0.0,S23,2023,20232,220,False
Income Share Agreements,Winter 2024,0,0.0,W24,2024,20240,248,False
Income Share Agreements,Summer 2024,0,0.0,S24,2024,20242,248,False
Income Share Agreements,Fall 2024,0,0.0,F24,2024,20243,94,False
Income Share Agreements,Winter 2025,0,0.0,W25,2025,20250,166,False
Income Share Agreements,Spring 2025,0,0.0,X25,2025,20251,143,False
Income Share Agreements,Summer 2025,0,0.0,S25,2025,20252,166,False
Income Share Agreements,Fall 2025,0,0.0,F25,2025,20253,146,False
Income Share Agreements,Winter 2026,0,0.0,W26,2026,20260,199,False
Income Share Agreements,Spring 2026,0,0.0,X26,2026,20261,195,False
Income Share Agreements,Summer 2026,0,0.0,S26,2026,20262,235,False
Income Share Agreements,Fall 2026,0,0.0,F26,2026,20263,35,True
Income Share Agreements,Winter 2027,0,0.0,W27,2027,20270,1,True
India,Summer 2005,0,0.0,S05,2005,20052,9,True
India,Winter 2006,0,0.0,W06,2006,20060,7,True
India,Summer 2006,0,0.0,S06,2006,20062,10,True
India,Winter 2007,0,0.0,W07,2007,20070,13,True
India,Summer 2007,0,0.0,S07,2007,20072,19,True
India,Winter 2008,0,0.0,W08,2008,20080,21,True
India,Summer 2008,0,0.0,S08,2008,20082,22,True
India,Winter 2009,0,0.0,W09,2009,20090,16,True
India,Summer 2009,0,0.0,S09,2009,20092,26,True
India,Winter 2010,0,0.0,W10,2010,20100,27,True
India,Summer 2010,0,0.0,S10,2010,20102,36,True
India,Winter 2011,0,0.0,W11,2011,20110,45,True
India,Summer 2011,0,0.0,S11,2011,20112,60,False
India,Winter 2012,0,0.0,W12,2012,20120,66,False
India,Summer 2012,0,0.0,S12,2012,20122,83,False
India,Winter 2013,0,0.0,W13,2013,20130,46,True
India,Summer 2013,0,0.0,S13,2013,20132,52,False
India,Winter 2014,0,0.0,W14,2014,20140,74,False
India,Summer 2014,0,0.0,S14,2014,20142,78,False
India,Winter 2015,1,0.909,W15,2015,20150,110,False
India,Summer 2015,1,0.962,S15,2015,20152,104,False
India,Winter 2016,1,0.82,W16,2016,20160,122,False
India,Summer 2016,1,0.98,S16,2016,20162,102,False
India,Winter 2017,2,1.724,W17,2017,20170,116,False
India,Summer 2017,6,4.8,S17,2017,20172,125,False
India,Winter 2018,1,0.685,W18,2018,20180,146,False
India,Summer 2018,2,1.527,S18,2018,20182,131,False
India,Winter 2019,2,1.031,W19,2019,20190,194,False
India,Summer 2019,3,1.705,S19,2019,20192,176,False
India,Winter 2020,7,3.07,W20,2020,20200,228,False
India,Summer 2020,0,0.0,S20,2020,20202,209,False
India,Winter 2021,3,0.893,W21,2021,20210,336,False
India,Summer 2021,0,0.0,S21,2021,20212,391,False
India,Winter 2022,4,1.005,W22,2022,20220,398,False
India,Summer 2022,0,0.0,S22,2022,20222,234,False
India,Winter 2023,0,0.0,W23,2023,20230,274,False
India,Summer 2023,1,0.455,S23,2023,20232,220,False
India,Winter 2024,0,0.0,W24,2024,20240,248,False
India,Summer 2024,0,0.0,S24,2024,20242,248,False
India,Fall 2024,0,0.0,F24,2024,20243,94,False
India,Winter 2025,0,0.0,W25,2025,20250,166,False
India,Spring 2025,0,0.0,X25,2025,20251,143,False
India,Summer 2025,0,0.0,S25,2025,20252,166,False
India,Fall 2025,0,0.0,F25,2025,20253,146,False
India,Winter 2026,0,0.0,W26,2026,20260,199,False
India,Spring 2026,0,0.0,X26,2026,20261,195,False
India,Summer 2026,0,0.0,S26,2026,20262,235,False
India,Fall 2026,0,0.0,F26,2026,20263,35,True
India,Winter 2027,0,0.0,W27,2027,20270,1,True
Indoor Mapping,Summer 2005,0,0.0,S05,2005,20052,9,True
Indoor Mapping,Winter 2006,0,0.0,W06,2006,20060,7,True
Indoor Mapping,Summer 2006,0,0.0,S06,2006,20062,10,True
Indoor Mapping,Winter 2007,0,0.0,W07,2007,20070,13,True
Indoor Mapping,Summer 2007,0,0.0,S07,2007,20072,19,True
Indoor Mapping,Winter 2008,0,0.0,W08,2008,20080,21,True
Indoor Mapping,Summer 2008,0,0.0,S08,2008,20082,22,True
Indoor Mapping,Winter 2009,0,0.0,W09,2009,20090,16,True
Indoor Mapping,Summer 2009,0,0.0,S09,2009,20092,26,True
Indoor Mapping,Winter 2010,0,0.0,W10,2010,20100,27,True
Indoor Mapping,Summer 2010,0,0.0,S10,2010,20102,36,True
Indoor Mapping,Winter 2011,0,0.0,W11,2011,20110,45,True
Indoor Mapping,Summer 2011,0,0.0,S11,2011,20112,60,False
Indoor Mapping,Winter 2012,0,0.0,W12,2012,20120,66,False
Indoor Mapping,Summer 2012,0,0.0,S12,2012,20122,83,False
Indoor Mapping,Winter 2013,0,0.0,W13,2013,20130,46,True
Indoor Mapping,Summer 2013,1,1.923,S13,2013,20132,52,False
Indoor Mapping,Winter 2014,0,0.0,W14,2014,20140,74,False
Indoor Mapping,Summer 2014,0,0.0,S14,2014,20142,78,False
Indoor Mapping,Winter 2015,0,0.0,W15,2015,20150,110,False
Indoor Mapping,Summer 2015,0,0.0,S15,2015,20152,104,False
Indoor Mapping,Winter 2016,0,0.0,W16,2016,20160,122,False
Indoor Mapping,Summer 2016,0,0.0,S16,2016,20162,102,False
Indoor Mapping,Winter 2017,0,0.0,W17,2017,20170,116,False
Indoor Mapping,Summer 2017,0,0.0,S17,2017,20172,125,False
Indoor Mapping,Winter 2018,1,0.685,W18,2018,20180,146,False
Indoor Mapping,Summer 2018,0,0.0,S18,2018,20182,131,False
Indoor Mapping,Winter 2019,0,0.0,W19,2019,20190,194,False
Indoor Mapping,Summer 2019,0,0.0,S19,2019,20192,176,False
Indoor Mapping,Winter 2020,0,0.0,W20,2020,20200,228,False
Indoor Mapping,Summer 2020,0,0.0,S20,2020,20202,209,False
Indoor Mapping,Winter 2021,0,0.0,W21,2021,20210,336,False
Indoor Mapping,Summer 2021,0,0.0,S21,2021,20212,391,False
Indoor Mapping,Winter 2022,0,0.0,W22,2022,20220,398,False
Indoor Mapping,Summer 2022,0,0.0,S22,2022,20222,234,False
Indoor Mapping,Winter 2023,0,0.0,W23,2023,20230,274,False
Indoor Mapping,Summer 2023,0,0.0,S23,2023,20232,220,False
Indoor Mapping,Winter 2024,0,0.0,W24,2024,20240,248,False
Indoor Mapping,Summer 2024,0,0.0,S24,2024,20242,248,False
Indoor Mapping,Fall 2024,0,0.0,F24,2024,20243,94,False
Indoor Mapping,Winter 2025,0,0.0,W25,2025,20250,166,False
Indoor Mapping,Spring 2025,0,0.0,X25,2025,20251,143,False
Indoor Mapping,Summer 2025,0,0.0,S25,2025,20252,166,False
Indoor Mapping,Fall 2025,0,0.0,F25,2025,20253,146,False
Indoor Mapping,Winter 2026,0,0.0,W26,2026,20260,199,False
Indoor Mapping,Spring 2026,0,0.0,X26,2026,20261,195,False
Indoor Mapping,Summer 2026,0,0.0,S26,2026,20262,235,False
Indoor Mapping,Fall 2026,0,0.0,F26,2026,20263,35,True
Indoor Mapping,Winter 2027,0,0.0,W27,2027,20270,1,True
Industrial,Summer 2005,0,0.0,S05,2005,20052,9,True
Industrial,Winter 2006,0,0.0,W06,2006,20060,7,True
Industrial,Summer 2006,0,0.0,S06,2006,20062,10,True
Industrial,Winter 2007,0,0.0,W07,2007,20070,13,True
Industrial,Summer 2007,0,0.0,S07,2007,20072,19,True
Industrial,Winter 2008,0,0.0,W08,2008,20080,21,True
Industrial,Summer 2008,0,0.0,S08,2008,20082,22,True
Industrial,Winter 2009,0,0.0,W09,2009,20090,16,True
Industrial,Summer 2009,0,0.0,S09,2009,20092,26,True
Industrial,Winter 2010,0,0.0,W10,2010,20100,27,True
Industrial,Summer 2010,0,0.0,S10,2010,20102,36,True
Industrial,Winter 2011,0,0.0,W11,2011,20110,45,True
Industrial,Summer 2011,0,0.0,S11,2011,20112,60,False
Industrial,Winter 2012,0,0.0,W12,2012,20120,66,False
Industrial,Summer 2012,0,0.0,S12,2012,20122,83,False
Industrial,Winter 2013,0,0.0,W13,2013,20130,46,True
Industrial,Summer 2013,0,0.0,S13,2013,20132,52,False
Industrial,Winter 2014,0,0.0,W14,2014,20140,74,False
Industrial,Summer 2014,0,0.0,S14,2014,20142,78,False
Industrial,Winter 2015,0,0.0,W15,2015,20150,110,False
Industrial,Summer 2015,0,0.0,S15,2015,20152,104,False
Industrial,Winter 2016,0,0.0,W16,2016,20160,122,False
Industrial,Summer 2016,0,0.0,S16,2016,20162,102,False
Industrial,Winter 2017,1,0.862,W17,2017,20170,116,False
Industrial,Summer 2017,0,0.0,S17,2017,20172,125,False
Industrial,Winter 2018,0,0.0,W18,2018,20180,146,False
Industrial,Summer 2018,1,0.763,S18,2018,20182,131,False
Industrial,Winter 2019,0,0.0,W19,2019,20190,194,False
Industrial,Summer 2019,1,0.568,S19,2019,20192,176,False
Industrial,Winter 2020,0,0.0,W20,2020,20200,228,False
Industrial,Summer 2020,0,0.0,S20,2020,20202,209,False
Industrial,Winter 2021,0,0.0,W21,2021,20210,336,False
Industrial,Summer 2021,1,0.256,S21,2021,20212,391,False
Industrial,Winter 2022,1,0.251,W22,2022,20220,398,False
Industrial,Summer 2022,0,0.0,S22,2022,20222,234,False
Industrial,Winter 2023,0,0.0,W23,2023,20230,274,False
Industrial,Summer 2023,0,0.0,S23,2023,20232,220,False
Industrial,Winter 2024,2,0.806,W24,2024,20240,248,False
Industrial,Summer 2024,5,2.016,S24,2024,20242,248,False
Industrial,Fall 2024,0,0.0,F24,2024,20243,94,False
Industrial,Winter 2025,3,1.807,W25,2025,20250,166,False
Industrial,Spring 2025,4,2.797,X25,2025,20251,143,False
Industrial,Summer 2025,3,1.807,S25,2025,20252,166,False
Industrial,Fall 2025,3,2.055,F25,2025,20253,146,False
Industrial,Winter 2026,0,0.0,W26,2026,20260,199,False
Industrial,Spring 2026,0,0.0,X26,2026,20261,195,False
Industrial,Summer 2026,9,3.83,S26,2026,20262,235,False
Industrial,Fall 2026,0,0.0,F26,2026,20263,35,True
Industrial,Winter 2027,0,0.0,W27,2027,20270,1,True
Industrial Workplace Safety,Summer 2005,0,0.0,S05,2005,20052,9,True
Industrial Workplace Safety,Winter 2006,0,0.0,W06,2006,20060,7,True
Industrial Workplace Safety,Summer 2006,0,0.0,S06,2006,20062,10,True
Industrial Workplace Safety,Winter 2007,0,0.0,W07,2007,20070,13,True
Industrial Workplace Safety,Summer 2007,0,0.0,S07,2007,20072,19,True
Industrial Workplace Safety,Winter 2008,0,0.0,W08,2008,20080,21,True
Industrial Workplace Safety,Summer 2008,0,0.0,S08,2008,20082,22,True
Industrial Workplace Safety,Winter 2009,0,0.0,W09,2009,20090,16,True
Industrial Workplace Safety,Summer 2009,0,0.0,S09,2009,20092,26,True
Industrial Workplace Safety,Winter 2010,0,0.0,W10,2010,20100,27,True
Industrial Workplace Safety,Summer 2010,0,0.0,S10,2010,20102,36,True
Industrial Workplace Safety,Winter 2011,0,0.0,W11,2011,20110,45,True
Industrial Workplace Safety,Summer 2011,0,0.0,S11,2011,20112,60,False
Industrial Workplace Safety,Winter 2012,0,0.0,W12,2012,20120,66,False
Industrial Workplace Safety,Summer 2012,0,0.0,S12,2012,20122,83,False
Industrial Workplace Safety,Winter 2013,0,0.0,W13,2013,20130,46,True
Industrial Workplace Safety,Summer 2013,0,0.0,S13,2013,20132,52,False
Industrial Workplace Safety,Winter 2014,0,0.0,W14,2014,20140,74,False
Industrial Workplace Safety,Summer 2014,0,0.0,S14,2014,20142,78,False
Industrial Workplace Safety,Winter 2015,0,0.0,W15,2015,20150,110,False
Industrial Workplace Safety,Summer 2015,0,0.0,S15,2015,20152,104,False
Industrial Workplace Safety,Winter 2016,1,0.82,W16,2016,20160,122,False
Industrial Workplace Safety,Summer 2016,0,0.0,S16,2016,20162,102,False
Industrial Workplace Safety,Winter 2017,0,0.0,W17,2017,20170,116,False
Industrial Workplace Safety,Summer 2017,0,0.0,S17,2017,20172,125,False
Industrial Workplace Safety,Winter 2018,0,0.0,W18,2018,20180,146,False
Industrial Workplace Safety,Summer 2018,0,0.0,S18,2018,20182,131,False
Industrial Workplace Safety,Winter 2019,1,0.515,W19,2019,20190,194,False
Industrial Workplace Safety,Summer 2019,1,0.568,S19,2019,20192,176,False
Industrial Workplace Safety,Winter 2020,0,0.0,W20,2020,20200,228,False
Industrial Workplace Safety,Summer 2020,0,0.0,S20,2020,20202,209,False
Industrial Workplace Safety,Winter 2021,0,0.0,W21,2021,20210,336,False
Industrial Workplace Safety,Summer 2021,1,0.256,S21,2021,20212,391,False
Industrial Workplace Safety,Winter 2022,0,0.0,W22,2022,20220,398,False
Industrial Workplace Safety,Summer 2022,0,0.0,S22,2022,20222,234,False
Industrial Workplace Safety,Winter 2023,0,0.0,W23,2023,20230,274,False
Industrial Workplace Safety,Summer 2023,0,0.0,S23,2023,20232,220,False
Industrial Workplace Safety,Winter 2024,0,0.0,W24,2024,20240,248,False
Industrial Workplace Safety,Summer 2024,0,0.0,S24,2024,20242,248,False
Industrial Workplace Safety,Fall 2024,0,0.0,F24,2024,20243,94,False
Industrial Workplace Safety,Winter 2025,0,0.0,W25,2025,20250,166,False
Industrial Workplace Safety,Spring 2025,0,0.0,X25,2025,20251,143,False
Industrial Workplace Safety,Summer 2025,0,0.0,S25,2025,20252,166,False
Industrial Workplace Safety,Fall 2025,0,0.0,F25,2025,20253,146,False
Industrial Workplace Safety,Winter 2026,0,0.0,W26,2026,20260,199,False
Industrial Workplace Safety,Spring 2026,0,0.0,X26,2026,20261,195,False
Industrial Workplace Safety,Summer 2026,0,0.0,S26,2026,20262,235,False
Industrial Workplace Safety,Fall 2026,0,0.0,F26,2026,20263,35,True
Industrial Workplace Safety,Winter 2027,0,0.0,W27,2027,20270,1,True
Infrastructure,Summer 2005,0,0.0,S05,2005,20052,9,True
Infrastructure,Winter 2006,0,0.0,W06,2006,20060,7,True
Infrastructure,Summer 2006,0,0.0,S06,2006,20062,10,True
Infrastructure,Winter 2007,0,0.0,W07,2007,20070,13,True
Infrastructure,Summer 2007,0,0.0,S07,2007,20072,19,True
Infrastructure,Winter 2008,0,0.0,W08,2008,20080,21,True
Infrastructure,Summer 2008,0,0.0,S08,2008,20082,22,True
Infrastructure,Winter 2009,0,0.0,W09,2009,20090,16,True
Infrastructure,Summer 2009,0,0.0,S09,2009,20092,26,True
Infrastructure,Winter 2010,0,0.0,W10,2010,20100,27,True
Infrastructure,Summer 2010,0,0.0,S10,2010,20102,36,True
Infrastructure,Winter 2011,0,0.0,W11,2011,20110,45,True
Infrastructure,Summer 2011,0,0.0,S11,2011,20112,60,False
Infrastructure,Winter 2012,0,0.0,W12,2012,20120,66,False
Infrastructure,Summer 2012,0,0.0,S12,2012,20122,83,False
Infrastructure,Winter 2013,0,0.0,W13,2013,20130,46,True
Infrastructure,Summer 2013,0,0.0,S13,2013,20132,52,False
Infrastructure,Winter 2014,0,0.0,W14,2014,20140,74,False
Infrastructure,Summer 2014,0,0.0,S14,2014,20142,78,False
Infrastructure,Winter 2015,0,0.0,W15,2015,20150,110,False
Infrastructure,Summer 2015,0,0.0,S15,2015,20152,104,False
Infrastructure,Winter 2016,0,0.0,W16,2016,20160,122,False
Infrastructure,Summer 2016,0,0.0,S16,2016,20162,102,False
Infrastructure,Winter 2017,1,0.862,W17,2017,20170,116,False
Infrastructure,Summer 2017,0,0.0,S17,2017,20172,125,False
Infrastructure,Winter 2018,0,0.0,W18,2018,20180,146,False
Infrastructure,Summer 2018,0,0.0,S18,2018,20182,131,False
Infrastructure,Winter 2019,2,1.031,W19,2019,20190,194,False
Infrastructure,Summer 2019,0,0.0,S19,2019,20192,176,False
Infrastructure,Winter 2020,2,0.877,W20,2020,20200,228,False
Infrastructure,Summer 2020,0,0.0,S20,2020,20202,209,False
Infrastructure,Winter 2021,7,2.083,W21,2021,20210,336,False
Infrastructure,Summer 2021,3,0.767,S21,2021,20212,391,False
Infrastructure,Winter 2022,6,1.508,W22,2022,20220,398,False
Infrastructure,Summer 2022,3,1.282,S22,2022,20222,234,False
Infrastructure,Winter 2023,6,2.19,W23,2023,20230,274,False
Infrastructure,Summer 2023,12,5.455,S23,2023,20232,220,False
Infrastructure,Winter 2024,7,2.823,W24,2024,20240,248,False
Infrastructure,Summer 2024,11,4.435,S24,2024,20242,248,False
Infrastructure,Fall 2024,5,5.319,F24,2024,20243,94,False
Infrastructure,Winter 2025,6,3.614,W25,2025,20250,166,False
Infrastructure,Spring 2025,9,6.294,X25,2025,20251,143,False
Infrastructure,Summer 2025,10,6.024,S25,2025,20252,166,False
Infrastructure,Fall 2025,7,4.795,F25,2025,20253,146,False
Infrastructure,Winter 2026,7,3.518,W26,2026,20260,199,False
Infrastructure,Spring 2026,3,1.538,X26,2026,20261,195,False
Infrastructure,Summer 2026,19,8.085,S26,2026,20262,235,False
Infrastructure,Fall 2026,6,17.143,F26,2026,20263,35,True
Infrastructure,Winter 2027,0,0.0,W27,2027,20270,1,True
Insurance,Summer 2005,0,0.0,S05,2005,20052,9,True
Insurance,Winter 2006,0,0.0,W06,2006,20060,7,True
Insurance,Summer 2006,0,0.0,S06,2006,20062,10,True
Insurance,Winter 2007,0,0.0,W07,2007,20070,13,True
Insurance,Summer 2007,0,0.0,S07,2007,20072,19,True
Insurance,Winter 2008,0,0.0,W08,2008,20080,21,True
Insurance,Summer 2008,0,0.0,S08,2008,20082,22,True
Insurance,Winter 2009,0,0.0,W09,2009,20090,16,True
Insurance,Summer 2009,0,0.0,S09,2009,20092,26,True
Insurance,Winter 2010,0,0.0,W10,2010,20100,27,True
Insurance,Summer 2010,0,0.0,S10,2010,20102,36,True
Insurance,Winter 2011,0,0.0,W11,2011,20110,45,True
Insurance,Summer 2011,1,1.667,S11,2011,20112,60,False
Insurance,Winter 2012,0,0.0,W12,2012,20120,66,False
Insurance,Summer 2012,0,0.0,S12,2012,20122,83,False
Insurance,Winter 2013,0,0.0,W13,2013,20130,46,True
Insurance,Summer 2013,0,0.0,S13,2013,20132,52,False
Insurance,Winter 2014,0,0.0,W14,2014,20140,74,False
Insurance,Summer 2014,0,0.0,S14,2014,20142,78,False
Insurance,Winter 2015,0,0.0,W15,2015,20150,110,False
Insurance,Summer 2015,2,1.923,S15,2015,20152,104,False
Insurance,Winter 2016,4,3.279,W16,2016,20160,122,False
Insurance,Summer 2016,0,0.0,S16,2016,20162,102,False
Insurance,Winter 2017,2,1.724,W17,2017,20170,116,False
Insurance,Summer 2017,6,4.8,S17,2017,20172,125,False
Insurance,Winter 2018,3,2.055,W18,2018,20180,146,False
Insurance,Summer 2018,0,0.0,S18,2018,20182,131,False
Insurance,Winter 2019,3,1.546,W19,2019,20190,194,False
Insurance,Summer 2019,2,1.136,S19,2019,20192,176,False
Insurance,Winter 2020,2,0.877,W20,2020,20200,228,False
Insurance,Summer 2020,1,0.478,S20,2020,20202,209,False
Insurance,Winter 2021,5,1.488,W21,2021,20210,336,False
Insurance,Summer 2021,3,0.767,S21,2021,20212,391,False
Insurance,Winter 2022,10,2.513,W22,2022,20220,398,False
Insurance,Summer 2022,5,2.137,S22,2022,20222,234,False
Insurance,Winter 2023,3,1.095,W23,2023,20230,274,False
Insurance,Summer 2023,2,0.909,S23,2023,20232,220,False
Insurance,Winter 2024,5,2.016,W24,2024,20240,248,False
Insurance,Summer 2024,5,2.016,S24,2024,20242,248,False
Insurance,Fall 2024,1,1.064,F24,2024,20243,94,False
Insurance,Winter 2025,3,1.807,W25,2025,20250,166,False
Insurance,Spring 2025,2,1.399,X25,2025,20251,143,False
Insurance,Summer 2025,2,1.205,S25,2025,20252,166,False
Insurance,Fall 2025,0,0.0,F25,2025,20253,146,False
Insurance,Winter 2026,1,0.503,W26,2026,20260,199,False
Insurance,Spring 2026,2,1.026,X26,2026,20261,195,False
Insurance,Summer 2026,6,2.553,S26,2026,20262,235,False
Insurance,Fall 2026,2,5.714,F26,2026,20263,35,True
Insurance,Winter 2027,1,100.0,W27,2027,20270,1,True
International,Summer 2005,0,0.0,S05,2005,20052,9,True
International,Winter 2006,0,0.0,W06,2006,20060,7,True
International,Summer 2006,0,0.0,S06,2006,20062,10,True
International,Winter 2007,0,0.0,W07,2007,20070,13,True
International,Summer 2007,0,0.0,S07,2007,20072,19,True
International,Winter 2008,0,0.0,W08,2008,20080,21,True
International,Summer 2008,0,0.0,S08,2008,20082,22,True
International,Winter 2009,0,0.0,W09,2009,20090,16,True
International,Summer 2009,0,0.0,S09,2009,20092,26,True
International,Winter 2010,0,0.0,W10,2010,20100,27,True
International,Summer 2010,0,0.0,S10,2010,20102,36,True
International,Winter 2011,0,0.0,W11,2011,20110,45,True
International,Summer 2011,0,0.0,S11,2011,20112,60,False
International,Winter 2012,0,0.0,W12,2012,20120,66,False
International,Summer 2012,0,0.0,S12,2012,20122,83,False
International,Winter 2013,0,0.0,W13,2013,20130,46,True
International,Summer 2013,0,0.0,S13,2013,20132,52,False
International,Winter 2014,0,0.0,W14,2014,20140,74,False
International,Summer 2014,1,1.282,S14,2014,20142,78,False
International,Winter 2015,0,0.0,W15,2015,20150,110,False
International,Summer 2015,0,0.0,S15,2015,20152,104,False
International,Winter 2016,0,0.0,W16,2016,20160,122,False
International,Summer 2016,0,0.0,S16,2016,20162,102,False
International,Winter 2017,1,0.862,W17,2017,20170,116,False
International,Summer 2017,0,0.0,S17,2017,20172,125,False
International,Winter 2018,0,0.0,W18,2018,20180,146,False
International,Summer 2018,0,0.0,S18,2018,20182,131,False
International,Winter 2019,0,0.0,W19,2019,20190,194,False
International,Summer 2019,0,0.0,S19,2019,20192,176,False
International,Winter 2020,0,0.0,W20,2020,20200,228,False
International,Summer 2020,0,0.0,S20,2020,20202,209,False
International,Winter 2021,0,0.0,W21,2021,20210,336,False
International,Summer 2021,1,0.256,S21,2021,20212,391,False
International,Winter 2022,0,0.0,W22,2022,20220,398,False
International,Summer 2022,0,0.0,S22,2022,20222,234,False
International,Winter 2023,0,0.0,W23,2023,20230,274,False
International,Summer 2023,0,0.0,S23,2023,20232,220,False
International,Winter 2024,1,0.403,W24,2024,20240,248,False
International,Summer 2024,1,0.403,S24,2024,20242,248,False
International,Fall 2024,1,1.064,F24,2024,20243,94,False
International,Winter 2025,0,0.0,W25,2025,20250,166,False
International,Spring 2025,0,0.0,X25,2025,20251,143,False
International,Summer 2025,0,0.0,S25,2025,20252,166,False
International,Fall 2025,0,0.0,F25,2025,20253,146,False
International,Winter 2026,0,0.0,W26,2026,20260,199,False
International,Spring 2026,0,0.0,X26,2026,20261,195,False
International,Summer 2026,0,0.0,S26,2026,20262,235,False
International,Fall 2026,0,0.0,F26,2026,20263,35,True
International,Winter 2027,0,0.0,W27,2027,20270,1,True
Investing,Summer 2005,0,0.0,S05,2005,20052,9,True
Investing,Winter 2006,0,0.0,W06,2006,20060,7,True
Investing,Summer 2006,0,0.0,S06,2006,20062,10,True
Investing,Winter 2007,0,0.0,W07,2007,20070,13,True
Investing,Summer 2007,1,5.263,S07,2007,20072,19,True
Investing,Winter 2008,0,0.0,W08,2008,20080,21,True
Investing,Summer 2008,0,0.0,S08,2008,20082,22,True
Investing,Winter 2009,0,0.0,W09,2009,20090,16,True
Investing,Summer 2009,0,0.0,S09,2009,20092,26,True
Investing,Winter 2010,0,0.0,W10,2010,20100,27,True
Investing,Summer 2010,0,0.0,S10,2010,20102,36,True
Investing,Winter 2011,1,2.222,W11,2011,20110,45,True
Investing,Summer 2011,0,0.0,S11,2011,20112,60,False
Investing,Winter 2012,0,0.0,W12,2012,20120,66,False
Investing,Summer 2012,2,2.41,S12,2012,20122,83,False
Investing,Winter 2013,1,2.174,W13,2013,20130,46,True
Investing,Summer 2013,0,0.0,S13,2013,20132,52,False
Investing,Winter 2014,1,1.351,W14,2014,20140,74,False
Investing,Summer 2014,1,1.282,S14,2014,20142,78,False
Investing,Winter 2015,3,2.727,W15,2015,20150,110,False
Investing,Summer 2015,2,1.923,S15,2015,20152,104,False
Investing,Winter 2016,0,0.0,W16,2016,20160,122,False
Investing,Summer 2016,0,0.0,S16,2016,20162,102,False
Investing,Winter 2017,3,2.586,W17,2017,20170,116,False
Investing,Summer 2017,1,0.8,S17,2017,20172,125,False
Investing,Winter 2018,1,0.685,W18,2018,20180,146,False
Investing,Summer 2018,1,0.763,S18,2018,20182,131,False
Investing,Winter 2019,2,1.031,W19,2019,20190,194,False
Investing,Summer 2019,1,0.568,S19,2019,20192,176,False
Investing,Winter 2020,2,0.877,W20,2020,20200,228,False
Investing,Summer 2020,0,0.0,S20,2020,20202,209,False
Investing,Winter 2021,1,0.298,W21,2021,20210,336,False
Investing,Summer 2021,5,1.279,S21,2021,20212,391,False
Investing,Winter 2022,6,1.508,W22,2022,20220,398,False
Investing,Summer 2022,2,0.855,S22,2022,20222,234,False
Investing,Winter 2023,5,1.825,W23,2023,20230,274,False
Investing,Summer 2023,1,0.455,S23,2023,20232,220,False
Investing,Winter 2024,3,1.21,W24,2024,20240,248,False
Investing,Summer 2024,3,1.21,S24,2024,20242,248,False
Investing,Fall 2024,1,1.064,F24,2024,20243,94,False
Investing,Winter 2025,1,0.602,W25,2025,20250,166,False
Investing,Spring 2025,1,0.699,X25,2025,20251,143,False
Investing,Summer 2025,2,1.205,S25,2025,20252,166,False
Investing,Fall 2025,1,0.685,F25,2025,20253,146,False
Investing,Winter 2026,0,0.0,W26,2026,20260,199,False
Investing,Spring 2026,1,0.513,X26,2026,20261,195,False
Investing,Summer 2026,8,3.404,S26,2026,20262,235,False
Investing,Fall 2026,0,0.0,F26,2026,20263,35,True
Investing,Winter 2027,0,0.0,W27,2027,20270,1,True
Investments,Summer 2005,0,0.0,S05,2005,20052,9,True
Investments,Winter 2006,0,0.0,W06,2006,20060,7,True
Investments,Summer 2006,0,0.0,S06,2006,20062,10,True
Investments,Winter 2007,0,0.0,W07,2007,20070,13,True
Investments,Summer 2007,0,0.0,S07,2007,20072,19,True
Investments,Winter 2008,0,0.0,W08,2008,20080,21,True
Investments,Summer 2008,0,0.0,S08,2008,20082,22,True
Investments,Winter 2009,0,0.0,W09,2009,20090,16,True
Investments,Summer 2009,0,0.0,S09,2009,20092,26,True
Investments,Winter 2010,0,0.0,W10,2010,20100,27,True
Investments,Summer 2010,0,0.0,S10,2010,20102,36,True
Investments,Winter 2011,0,0.0,W11,2011,20110,45,True
Investments,Summer 2011,0,0.0,S11,2011,20112,60,False
Investments,Winter 2012,0,0.0,W12,2012,20120,66,False
Investments,Summer 2012,0,0.0,S12,2012,20122,83,False
Investments,Winter 2013,0,0.0,W13,2013,20130,46,True
Investments,Summer 2013,0,0.0,S13,2013,20132,52,False
Investments,Winter 2014,0,0.0,W14,2014,20140,74,False
Investments,Summer 2014,0,0.0,S14,2014,20142,78,False
Investments,Winter 2015,0,0.0,W15,2015,20150,110,False
Investments,Summer 2015,0,0.0,S15,2015,20152,104,False
Investments,Winter 2016,0,0.0,W16,2016,20160,122,False
Investments,Summer 2016,0,0.0,S16,2016,20162,102,False
Investments,Winter 2017,0,0.0,W17,2017,20170,116,False
Investments,Summer 2017,0,0.0,S17,2017,20172,125,False
Investments,Winter 2018,0,0.0,W18,2018,20180,146,False
Investments,Summer 2018,0,0.0,S18,2018,20182,131,False
Investments,Winter 2019,1,0.515,W19,2019,20190,194,False
Investments,Summer 2019,0,0.0,S19,2019,20192,176,False
Investments,Winter 2020,0,0.0,W20,2020,20200,228,False
Investments,Summer 2020,0,0.0,S20,2020,20202,209,False
Investments,Winter 2021,0,0.0,W21,2021,20210,336,False
Investments,Summer 2021,1,0.256,S21,2021,20212,391,False
Investments,Winter 2022,2,0.503,W22,2022,20220,398,False
Investments,Summer 2022,0,0.0,S22,2022,20222,234,False
Investments,Winter 2023,1,0.365,W23,2023,20230,274,False
Investments,Summer 2023,0,0.0,S23,2023,20232,220,False
Investments,Winter 2024,1,0.403,W24,2024,20240,248,False
Investments,Summer 2024,0,0.0,S24,2024,20242,248,False
Investments,Fall 2024,0,0.0,F24,2024,20243,94,False
Investments,Winter 2025,0,0.0,W25,2025,20250,166,False
Investments,Spring 2025,0,0.0,X25,2025,20251,143,False
Investments,Summer 2025,0,0.0,S25,2025,20252,166,False
Investments,Fall 2025,1,0.685,F25,2025,20253,146,False
Investments,Winter 2026,0,0.0,W26,2026,20260,199,False
Investments,Spring 2026,1,0.513,X26,2026,20261,195,False
Investments,Summer 2026,0,0.0,S26,2026,20262,235,False
Investments,Fall 2026,0,0.0,F26,2026,20263,35,True
Investments,Winter 2027,0,0.0,W27,2027,20270,1,True
IoT,Summer 2005,0,0.0,S05,2005,20052,9,True
IoT,Winter 2006,0,0.0,W06,2006,20060,7,True
IoT,Summer 2006,0,0.0,S06,2006,20062,10,True
IoT,Winter 2007,0,0.0,W07,2007,20070,13,True
IoT,Summer 2007,0,0.0,S07,2007,20072,19,True
IoT,Winter 2008,0,0.0,W08,2008,20080,21,True
IoT,Summer 2008,0,0.0,S08,2008,20082,22,True
IoT,Winter 2009,0,0.0,W09,2009,20090,16,True
IoT,Summer 2009,1,3.846,S09,2009,20092,26,True
IoT,Winter 2010,0,0.0,W10,2010,20100,27,True
IoT,Summer 2010,0,0.0,S10,2010,20102,36,True
IoT,Winter 2011,0,0.0,W11,2011,20110,45,True
IoT,Summer 2011,1,1.667,S11,2011,20112,60,False
IoT,Winter 2012,2,3.03,W12,2012,20120,66,False
IoT,Summer 2012,0,0.0,S12,2012,20122,83,False
IoT,Winter 2013,1,2.174,W13,2013,20130,46,True
IoT,Summer 2013,1,1.923,S13,2013,20132,52,False
IoT,Winter 2014,3,4.054,W14,2014,20140,74,False
IoT,Summer 2014,3,3.846,S14,2014,20142,78,False
IoT,Winter 2015,2,1.818,W15,2015,20150,110,False
IoT,Summer 2015,0,0.0,S15,2015,20152,104,False
IoT,Winter 2016,3,2.459,W16,2016,20160,122,False
IoT,Summer 2016,3,2.941,S16,2016,20162,102,False
IoT,Winter 2017,5,4.31,W17,2017,20170,116,False
IoT,Summer 2017,1,0.8,S17,2017,20172,125,False
IoT,Winter 2018,0,0.0,W18,2018,20180,146,False
IoT,Summer 2018,3,2.29,S18,2018,20182,131,False
IoT,Winter 2019,5,2.577,W19,2019,20190,194,False
IoT,Summer 2019,0,0.0,S19,2019,20192,176,False
IoT,Winter 2020,1,0.439,W20,2020,20200,228,False
IoT,Summer 2020,2,0.957,S20,2020,20202,209,False
IoT,Winter 2021,3,0.893,W21,2021,20210,336,False
IoT,Summer 2021,1,0.256,S21,2021,20212,391,False
IoT,Winter 2022,2,0.503,W22,2022,20220,398,False
IoT,Summer 2022,0,0.0,S22,2022,20222,234,False
IoT,Winter 2023,0,0.0,W23,2023,20230,274,False
IoT,Summer 2023,0,0.0,S23,2023,20232,220,False
IoT,Winter 2024,0,0.0,W24,2024,20240,248,False
IoT,Summer 2024,0,0.0,S24,2024,20242,248,False
IoT,Fall 2024,0,0.0,F24,2024,20243,94,False
IoT,Winter 2025,0,0.0,W25,2025,20250,166,False
IoT,Spring 2025,0,0.0,X25,2025,20251,143,False
IoT,Summer 2025,0,0.0,S25,2025,20252,166,False
IoT,Fall 2025,0,0.0,F25,2025,20253,146,False
IoT,Winter 2026,0,0.0,W26,2026,20260,199,False
IoT,Spring 2026,0,0.0,X26,2026,20261,195,False
IoT,Summer 2026,0,0.0,S26,2026,20262,235,False
IoT,Fall 2026,1,2.857,F26,2026,20263,35,True
IoT,Winter 2027,0,0.0,W27,2027,20270,1,True
IoT Security,Summer 2005,0,0.0,S05,2005,20052,9,True
IoT Security,Winter 2006,0,0.0,W06,2006,20060,7,True
IoT Security,Summer 2006,0,0.0,S06,2006,20062,10,True
IoT Security,Winter 2007,0,0.0,W07,2007,20070,13,True
IoT Security,Summer 2007,0,0.0,S07,2007,20072,19,True
IoT Security,Winter 2008,0,0.0,W08,2008,20080,21,True
IoT Security,Summer 2008,0,0.0,S08,2008,20082,22,True
IoT Security,Winter 2009,0,0.0,W09,2009,20090,16,True
IoT Security,Summer 2009,0,0.0,S09,2009,20092,26,True
IoT Security,Winter 2010,0,0.0,W10,2010,20100,27,True
IoT Security,Summer 2010,0,0.0,S10,2010,20102,36,True
IoT Security,Winter 2011,0,0.0,W11,2011,20110,45,True
IoT Security,Summer 2011,0,0.0,S11,2011,20112,60,False
IoT Security,Winter 2012,0,0.0,W12,2012,20120,66,False
IoT Security,Summer 2012,0,0.0,S12,2012,20122,83,False
IoT Security,Winter 2013,0,0.0,W13,2013,20130,46,True
IoT Security,Summer 2013,0,0.0,S13,2013,20132,52,False
IoT Security,Winter 2014,0,0.0,W14,2014,20140,74,False
IoT Security,Summer 2014,0,0.0,S14,2014,20142,78,False
IoT Security,Winter 2015,0,0.0,W15,2015,20150,110,False
IoT Security,Summer 2015,0,0.0,S15,2015,20152,104,False
IoT Security,Winter 2016,0,0.0,W16,2016,20160,122,False
IoT Security,Summer 2016,0,0.0,S16,2016,20162,102,False
IoT Security,Winter 2017,0,0.0,W17,2017,20170,116,False
IoT Security,Summer 2017,0,0.0,S17,2017,20172,125,False
IoT Security,Winter 2018,0,0.0,W18,2018,20180,146,False
IoT Security,Summer 2018,0,0.0,S18,2018,20182,131,False
IoT Security,Winter 2019,1,0.515,W19,2019,20190,194,False
IoT Security,Summer 2019,0,0.0,S19,2019,20192,176,False
IoT Security,Winter 2020,0,0.0,W20,2020,20200,228,False
IoT Security,Summer 2020,0,0.0,S20,2020,20202,209,False
IoT Security,Winter 2021,0,0.0,W21,2021,20210,336,False
IoT Security,Summer 2021,0,0.0,S21,2021,20212,391,False
IoT Security,Winter 2022,0,0.0,W22,2022,20220,398,False
IoT Security,Summer 2022,0,0.0,S22,2022,20222,234,False
IoT Security,Winter 2023,0,0.0,W23,2023,20230,274,False
IoT Security,Summer 2023,0,0.0,S23,2023,20232,220,False
IoT Security,Winter 2024,0,0.0,W24,2024,20240,248,False
IoT Security,Summer 2024,0,0.0,S24,2024,20242,248,False
IoT Security,Fall 2024,0,0.0,F24,2024,20243,94,False
IoT Security,Winter 2025,0,0.0,W25,2025,20250,166,False
IoT Security,Spring 2025,0,0.0,X25,2025,20251,143,False
IoT Security,Summer 2025,1,0.602,S25,2025,20252,166,False
IoT Security,Fall 2025,0,0.0,F25,2025,20253,146,False
IoT Security,Winter 2026,0,0.0,W26,2026,20260,199,False
IoT Security,Spring 2026,0,0.0,X26,2026,20261,195,False
IoT Security,Summer 2026,0,0.0,S26,2026,20262,235,False
IoT Security,Fall 2026,0,0.0,F26,2026,20263,35,True
IoT Security,Winter 2027,0,0.0,W27,2027,20270,1,True
Kids,Summer 2005,0,0.0,S05,2005,20052,9,True
Kids,Winter 2006,0,0.0,W06,2006,20060,7,True
Kids,Summer 2006,0,0.0,S06,2006,20062,10,True
Kids,Winter 2007,0,0.0,W07,2007,20070,13,True
Kids,Summer 2007,0,0.0,S07,2007,20072,19,True
Kids,Winter 2008,0,0.0,W08,2008,20080,21,True
Kids,Summer 2008,0,0.0,S08,2008,20082,22,True
Kids,Winter 2009,0,0.0,W09,2009,20090,16,True
Kids,Summer 2009,0,0.0,S09,2009,20092,26,True
Kids,Winter 2010,0,0.0,W10,2010,20100,27,True
Kids,Summer 2010,0,0.0,S10,2010,20102,36,True
Kids,Winter 2011,0,0.0,W11,2011,20110,45,True
Kids,Summer 2011,0,0.0,S11,2011,20112,60,False
Kids,Winter 2012,1,1.515,W12,2012,20120,66,False
Kids,Summer 2012,1,1.205,S12,2012,20122,83,False
Kids,Winter 2013,0,0.0,W13,2013,20130,46,True
Kids,Summer 2013,0,0.0,S13,2013,20132,52,False
Kids,Winter 2014,1,1.351,W14,2014,20140,74,False
Kids,Summer 2014,0,0.0,S14,2014,20142,78,False
Kids,Winter 2015,0,0.0,W15,2015,20150,110,False
Kids,Summer 2015,0,0.0,S15,2015,20152,104,False
Kids,Winter 2016,1,0.82,W16,2016,20160,122,False
Kids,Summer 2016,0,0.0,S16,2016,20162,102,False
Kids,Winter 2017,0,0.0,W17,2017,20170,116,False
Kids,Summer 2017,0,0.0,S17,2017,20172,125,False
Kids,Winter 2018,0,0.0,W18,2018,20180,146,False
Kids,Summer 2018,0,0.0,S18,2018,20182,131,False
Kids,Winter 2019,0,0.0,W19,2019,20190,194,False
Kids,Summer 2019,0,0.0,S19,2019,20192,176,False
Kids,Winter 2020,1,0.439,W20,2020,20200,228,False
Kids,Summer 2020,2,0.957,S20,2020,20202,209,False
Kids,Winter 2021,1,0.298,W21,2021,20210,336,False
Kids,Summer 2021,1,0.256,S21,2021,20212,391,False
Kids,Winter 2022,0,0.0,W22,2022,20220,398,False
Kids,Summer 2022,0,0.0,S22,2022,20222,234,False
Kids,Winter 2023,0,0.0,W23,2023,20230,274,False
Kids,Summer 2023,0,0.0,S23,2023,20232,220,False
Kids,Winter 2024,0,0.0,W24,2024,20240,248,False
Kids,Summer 2024,0,0.0,S24,2024,20242,248,False
Kids,Fall 2024,0,0.0,F24,2024,20243,94,False
Kids,Winter 2025,0,0.0,W25,2025,20250,166,False
Kids,Spring 2025,0,0.0,X25,2025,20251,143,False
Kids,Summer 2025,0,0.0,S25,2025,20252,166,False
Kids,Fall 2025,0,0.0,F25,2025,20253,146,False
Kids,Winter 2026,0,0.0,W26,2026,20260,199,False
Kids,Spring 2026,0,0.0,X26,2026,20261,195,False
Kids,Summer 2026,0,0.0,S26,2026,20262,235,False
Kids,Fall 2026,0,0.0,F26,2026,20263,35,True
Kids,Winter 2027,0,0.0,W27,2027,20270,1,True
Kubernetes,Summer 2005,0,0.0,S05,2005,20052,9,True
Kubernetes,Winter 2006,0,0.0,W06,2006,20060,7,True
Kubernetes,Summer 2006,0,0.0,S06,2006,20062,10,True
Kubernetes,Winter 2007,0,0.0,W07,2007,20070,13,True
Kubernetes,Summer 2007,0,0.0,S07,2007,20072,19,True
Kubernetes,Winter 2008,0,0.0,W08,2008,20080,21,True
Kubernetes,Summer 2008,0,0.0,S08,2008,20082,22,True
Kubernetes,Winter 2009,0,0.0,W09,2009,20090,16,True
Kubernetes,Summer 2009,0,0.0,S09,2009,20092,26,True
Kubernetes,Winter 2010,0,0.0,W10,2010,20100,27,True
Kubernetes,Summer 2010,0,0.0,S10,2010,20102,36,True
Kubernetes,Winter 2011,0,0.0,W11,2011,20110,45,True
Kubernetes,Summer 2011,0,0.0,S11,2011,20112,60,False
Kubernetes,Winter 2012,0,0.0,W12,2012,20120,66,False
Kubernetes,Summer 2012,0,0.0,S12,2012,20122,83,False
Kubernetes,Winter 2013,0,0.0,W13,2013,20130,46,True
Kubernetes,Summer 2013,0,0.0,S13,2013,20132,52,False
Kubernetes,Winter 2014,0,0.0,W14,2014,20140,74,False
Kubernetes,Summer 2014,0,0.0,S14,2014,20142,78,False
Kubernetes,Winter 2015,1,0.909,W15,2015,20150,110,False
Kubernetes,Summer 2015,1,0.962,S15,2015,20152,104,False
Kubernetes,Winter 2016,0,0.0,W16,2016,20160,122,False
Kubernetes,Summer 2016,0,0.0,S16,2016,20162,102,False
Kubernetes,Winter 2017,0,0.0,W17,2017,20170,116,False
Kubernetes,Summer 2017,0,0.0,S17,2017,20172,125,False
Kubernetes,Winter 2018,0,0.0,W18,2018,20180,146,False
Kubernetes,Summer 2018,0,0.0,S18,2018,20182,131,False
Kubernetes,Winter 2019,1,0.515,W19,2019,20190,194,False
Kubernetes,Summer 2019,1,0.568,S19,2019,20192,176,False
Kubernetes,Winter 2020,2,0.877,W20,2020,20200,228,False
Kubernetes,Summer 2020,1,0.478,S20,2020,20202,209,False
Kubernetes,Winter 2021,1,0.298,W21,2021,20210,336,False
Kubernetes,Summer 2021,0,0.0,S21,2021,20212,391,False
Kubernetes,Winter 2022,2,0.503,W22,2022,20220,398,False
Kubernetes,Summer 2022,1,0.427,S22,2022,20222,234,False
Kubernetes,Winter 2023,1,0.365,W23,2023,20230,274,False
Kubernetes,Summer 2023,1,0.455,S23,2023,20232,220,False
Kubernetes,Winter 2024,0,0.0,W24,2024,20240,248,False
Kubernetes,Summer 2024,0,0.0,S24,2024,20242,248,False
Kubernetes,Fall 2024,0,0.0,F24,2024,20243,94,False
Kubernetes,Winter 2025,0,0.0,W25,2025,20250,166,False
Kubernetes,Spring 2025,0,0.0,X25,2025,20251,143,False
Kubernetes,Summer 2025,0,0.0,S25,2025,20252,166,False
Kubernetes,Fall 2025,0,0.0,F25,2025,20253,146,False
Kubernetes,Winter 2026,0,0.0,W26,2026,20260,199,False
Kubernetes,Spring 2026,1,0.513,X26,2026,20261,195,False
Kubernetes,Summer 2026,0,0.0,S26,2026,20262,235,False
Kubernetes,Fall 2026,0,0.0,F26,2026,20263,35,True
Kubernetes,Winter 2027,0,0.0,W27,2027,20270,1,True
Lab-on-a-chip,Summer 2005,0,0.0,S05,2005,20052,9,True
Lab-on-a-chip,Winter 2006,0,0.0,W06,2006,20060,7,True
Lab-on-a-chip,Summer 2006,0,0.0,S06,2006,20062,10,True
Lab-on-a-chip,Winter 2007,0,0.0,W07,2007,20070,13,True
Lab-on-a-chip,Summer 2007,0,0.0,S07,2007,20072,19,True
Lab-on-a-chip,Winter 2008,0,0.0,W08,2008,20080,21,True
Lab-on-a-chip,Summer 2008,0,0.0,S08,2008,20082,22,True
Lab-on-a-chip,Winter 2009,0,0.0,W09,2009,20090,16,True
Lab-on-a-chip,Summer 2009,0,0.0,S09,2009,20092,26,True
Lab-on-a-chip,Winter 2010,0,0.0,W10,2010,20100,27,True
Lab-on-a-chip,Summer 2010,0,0.0,S10,2010,20102,36,True
Lab-on-a-chip,Winter 2011,0,0.0,W11,2011,20110,45,True
Lab-on-a-chip,Summer 2011,0,0.0,S11,2011,20112,60,False
Lab-on-a-chip,Winter 2012,0,0.0,W12,2012,20120,66,False
Lab-on-a-chip,Summer 2012,0,0.0,S12,2012,20122,83,False
Lab-on-a-chip,Winter 2013,0,0.0,W13,2013,20130,46,True
Lab-on-a-chip,Summer 2013,0,0.0,S13,2013,20132,52,False
Lab-on-a-chip,Winter 2014,0,0.0,W14,2014,20140,74,False
Lab-on-a-chip,Summer 2014,0,0.0,S14,2014,20142,78,False
Lab-on-a-chip,Winter 2015,0,0.0,W15,2015,20150,110,False
Lab-on-a-chip,Summer 2015,0,0.0,S15,2015,20152,104,False
Lab-on-a-chip,Winter 2016,0,0.0,W16,2016,20160,122,False
Lab-on-a-chip,Summer 2016,0,0.0,S16,2016,20162,102,False
Lab-on-a-chip,Winter 2017,0,0.0,W17,2017,20170,116,False
Lab-on-a-chip,Summer 2017,0,0.0,S17,2017,20172,125,False
Lab-on-a-chip,Winter 2018,1,0.685,W18,2018,20180,146,False
Lab-on-a-chip,Summer 2018,0,0.0,S18,2018,20182,131,False
Lab-on-a-chip,Winter 2019,0,0.0,W19,2019,20190,194,False
Lab-on-a-chip,Summer 2019,0,0.0,S19,2019,20192,176,False
Lab-on-a-chip,Winter 2020,0,0.0,W20,2020,20200,228,False
Lab-on-a-chip,Summer 2020,0,0.0,S20,2020,20202,209,False
Lab-on-a-chip,Winter 2021,0,0.0,W21,2021,20210,336,False
Lab-on-a-chip,Summer 2021,0,0.0,S21,2021,20212,391,False
Lab-on-a-chip,Winter 2022,0,0.0,W22,2022,20220,398,False
Lab-on-a-chip,Summer 2022,0,0.0,S22,2022,20222,234,False
Lab-on-a-chip,Winter 2023,0,0.0,W23,2023,20230,274,False
Lab-on-a-chip,Summer 2023,0,0.0,S23,2023,20232,220,False
Lab-on-a-chip,Winter 2024,0,0.0,W24,2024,20240,248,False
Lab-on-a-chip,Summer 2024,0,0.0,S24,2024,20242,248,False
Lab-on-a-chip,Fall 2024,0,0.0,F24,2024,20243,94,False
Lab-on-a-chip,Winter 2025,0,0.0,W25,2025,20250,166,False
Lab-on-a-chip,Spring 2025,0,0.0,X25,2025,20251,143,False
Lab-on-a-chip,Summer 2025,0,0.0,S25,2025,20252,166,False
Lab-on-a-chip,Fall 2025,0,0.0,F25,2025,20253,146,False
Lab-on-a-chip,Winter 2026,0,0.0,W26,2026,20260,199,False
Lab-on-a-chip,Spring 2026,0,0.0,X26,2026,20261,195,False
Lab-on-a-chip,Summer 2026,0,0.0,S26,2026,20262,235,False
Lab-on-a-chip,Fall 2026,0,0.0,F26,2026,20263,35,True
Lab-on-a-chip,Winter 2027,0,0.0,W27,2027,20270,1,True
Latin America,Summer 2005,0,0.0,S05,2005,20052,9,True
Latin America,Winter 2006,0,0.0,W06,2006,20060,7,True
Latin America,Summer 2006,0,0.0,S06,2006,20062,10,True
Latin America,Winter 2007,0,0.0,W07,2007,20070,13,True
Latin America,Summer 2007,0,0.0,S07,2007,20072,19,True
Latin America,Winter 2008,0,0.0,W08,2008,20080,21,True
Latin America,Summer 2008,0,0.0,S08,2008,20082,22,True
Latin America,Winter 2009,0,0.0,W09,2009,20090,16,True
Latin America,Summer 2009,0,0.0,S09,2009,20092,26,True
Latin America,Winter 2010,0,0.0,W10,2010,20100,27,True
Latin America,Summer 2010,0,0.0,S10,2010,20102,36,True
Latin America,Winter 2011,0,0.0,W11,2011,20110,45,True
Latin America,Summer 2011,0,0.0,S11,2011,20112,60,False
Latin America,Winter 2012,0,0.0,W12,2012,20120,66,False
Latin America,Summer 2012,0,0.0,S12,2012,20122,83,False
Latin America,Winter 2013,0,0.0,W13,2013,20130,46,True
Latin America,Summer 2013,0,0.0,S13,2013,20132,52,False
Latin America,Winter 2014,0,0.0,W14,2014,20140,74,False
Latin America,Summer 2014,0,0.0,S14,2014,20142,78,False
Latin America,Winter 2015,0,0.0,W15,2015,20150,110,False
Latin America,Summer 2015,0,0.0,S15,2015,20152,104,False
Latin America,Winter 2016,1,0.82,W16,2016,20160,122,False
Latin America,Summer 2016,0,0.0,S16,2016,20162,102,False
Latin America,Winter 2017,0,0.0,W17,2017,20170,116,False
Latin America,Summer 2017,0,0.0,S17,2017,20172,125,False
Latin America,Winter 2018,1,0.685,W18,2018,20180,146,False
Latin America,Summer 2018,1,0.763,S18,2018,20182,131,False
Latin America,Winter 2019,1,0.515,W19,2019,20190,194,False
Latin America,Summer 2019,3,1.705,S19,2019,20192,176,False
Latin America,Winter 2020,3,1.316,W20,2020,20200,228,False
Latin America,Summer 2020,2,0.957,S20,2020,20202,209,False
Latin America,Winter 2021,3,0.893,W21,2021,20210,336,False
Latin America,Summer 2021,1,0.256,S21,2021,20212,391,False
Latin America,Winter 2022,0,0.0,W22,2022,20220,398,False
Latin America,Summer 2022,2,0.855,S22,2022,20222,234,False
Latin America,Winter 2023,0,0.0,W23,2023,20230,274,False
Latin America,Summer 2023,1,0.455,S23,2023,20232,220,False
Latin America,Winter 2024,1,0.403,W24,2024,20240,248,False
Latin America,Summer 2024,0,0.0,S24,2024,20242,248,False
Latin America,Fall 2024,0,0.0,F24,2024,20243,94,False
Latin America,Winter 2025,0,0.0,W25,2025,20250,166,False
Latin America,Spring 2025,0,0.0,X25,2025,20251,143,False
Latin America,Summer 2025,0,0.0,S25,2025,20252,166,False
Latin America,Fall 2025,0,0.0,F25,2025,20253,146,False
Latin America,Winter 2026,0,0.0,W26,2026,20260,199,False
Latin America,Spring 2026,0,0.0,X26,2026,20261,195,False
Latin America,Summer 2026,0,0.0,S26,2026,20262,235,False
Latin America,Fall 2026,0,0.0,F26,2026,20263,35,True
Latin America,Winter 2027,0,0.0,W27,2027,20270,1,True
Legal,Summer 2005,0,0.0,S05,2005,20052,9,True
Legal,Winter 2006,0,0.0,W06,2006,20060,7,True
Legal,Summer 2006,0,0.0,S06,2006,20062,10,True
Legal,Winter 2007,0,0.0,W07,2007,20070,13,True
Legal,Summer 2007,0,0.0,S07,2007,20072,19,True
Legal,Winter 2008,0,0.0,W08,2008,20080,21,True
Legal,Summer 2008,0,0.0,S08,2008,20082,22,True
Legal,Winter 2009,0,0.0,W09,2009,20090,16,True
Legal,Summer 2009,0,0.0,S09,2009,20092,26,True
Legal,Winter 2010,0,0.0,W10,2010,20100,27,True
Legal,Summer 2010,0,0.0,S10,2010,20102,36,True
Legal,Winter 2011,0,0.0,W11,2011,20110,45,True
Legal,Summer 2011,1,1.667,S11,2011,20112,60,False
Legal,Winter 2012,0,0.0,W12,2012,20120,66,False
Legal,Summer 2012,0,0.0,S12,2012,20122,83,False
Legal,Winter 2013,0,0.0,W13,2013,20130,46,True
Legal,Summer 2013,2,3.846,S13,2013,20132,52,False
Legal,Winter 2014,0,0.0,W14,2014,20140,74,False
Legal,Summer 2014,0,0.0,S14,2014,20142,78,False
Legal,Winter 2015,0,0.0,W15,2015,20150,110,False
Legal,Summer 2015,0,0.0,S15,2015,20152,104,False
Legal,Winter 2016,0,0.0,W16,2016,20160,122,False
Legal,Summer 2016,0,0.0,S16,2016,20162,102,False
Legal,Winter 2017,1,0.862,W17,2017,20170,116,False
Legal,Summer 2017,0,0.0,S17,2017,20172,125,False
Legal,Winter 2018,2,1.37,W18,2018,20180,146,False
Legal,Summer 2018,1,0.763,S18,2018,20182,131,False
Legal,Winter 2019,1,0.515,W19,2019,20190,194,False
Legal,Summer 2019,1,0.568,S19,2019,20192,176,False
Legal,Winter 2020,0,0.0,W20,2020,20200,228,False
Legal,Summer 2020,0,0.0,S20,2020,20202,209,False
Legal,Winter 2021,2,0.595,W21,2021,20210,336,False
Legal,Summer 2021,0,0.0,S21,2021,20212,391,False
Legal,Winter 2022,2,0.503,W22,2022,20220,398,False
Legal,Summer 2022,1,0.427,S22,2022,20222,234,False
Legal,Winter 2023,1,0.365,W23,2023,20230,274,False
Legal,Summer 2023,3,1.364,S23,2023,20232,220,False
Legal,Winter 2024,3,1.21,W24,2024,20240,248,False
Legal,Summer 2024,5,2.016,S24,2024,20242,248,False
Legal,Fall 2024,1,1.064,F24,2024,20243,94,False
Legal,Winter 2025,5,3.012,W25,2025,20250,166,False
Legal,Spring 2025,2,1.399,X25,2025,20251,143,False
Legal,Summer 2025,0,0.0,S25,2025,20252,166,False
Legal,Fall 2025,3,2.055,F25,2025,20253,146,False
Legal,Winter 2026,0,0.0,W26,2026,20260,199,False
Legal,Spring 2026,0,0.0,X26,2026,20261,195,False
Legal,Summer 2026,2,0.851,S26,2026,20262,235,False
Legal,Fall 2026,1,2.857,F26,2026,20263,35,True
Legal,Winter 2027,0,0.0,W27,2027,20270,1,True
LegalTech,Summer 2005,0,0.0,S05,2005,20052,9,True
LegalTech,Winter 2006,0,0.0,W06,2006,20060,7,True
LegalTech,Summer 2006,0,0.0,S06,2006,20062,10,True
LegalTech,Winter 2007,0,0.0,W07,2007,20070,13,True
LegalTech,Summer 2007,0,0.0,S07,2007,20072,19,True
LegalTech,Winter 2008,0,0.0,W08,2008,20080,21,True
LegalTech,Summer 2008,0,0.0,S08,2008,20082,22,True
LegalTech,Winter 2009,0,0.0,W09,2009,20090,16,True
LegalTech,Summer 2009,0,0.0,S09,2009,20092,26,True
LegalTech,Winter 2010,0,0.0,W10,2010,20100,27,True
LegalTech,Summer 2010,0,0.0,S10,2010,20102,36,True
LegalTech,Winter 2011,0,0.0,W11,2011,20110,45,True
LegalTech,Summer 2011,1,1.667,S11,2011,20112,60,False
LegalTech,Winter 2012,0,0.0,W12,2012,20120,66,False
LegalTech,Summer 2012,0,0.0,S12,2012,20122,83,False
LegalTech,Winter 2013,2,4.348,W13,2013,20130,46,True
LegalTech,Summer 2013,0,0.0,S13,2013,20132,52,False
LegalTech,Winter 2014,0,0.0,W14,2014,20140,74,False
LegalTech,Summer 2014,1,1.282,S14,2014,20142,78,False
LegalTech,Winter 2015,0,0.0,W15,2015,20150,110,False
LegalTech,Summer 2015,4,3.846,S15,2015,20152,104,False
LegalTech,Winter 2016,0,0.0,W16,2016,20160,122,False
LegalTech,Summer 2016,1,0.98,S16,2016,20162,102,False
LegalTech,Winter 2017,0,0.0,W17,2017,20170,116,False
LegalTech,Summer 2017,0,0.0,S17,2017,20172,125,False
LegalTech,Winter 2018,1,0.685,W18,2018,20180,146,False
LegalTech,Summer 2018,1,0.763,S18,2018,20182,131,False
LegalTech,Winter 2019,4,2.062,W19,2019,20190,194,False
LegalTech,Summer 2019,1,0.568,S19,2019,20192,176,False
LegalTech,Winter 2020,1,0.439,W20,2020,20200,228,False
LegalTech,Summer 2020,2,0.957,S20,2020,20202,209,False
LegalTech,Winter 2021,4,1.19,W21,2021,20210,336,False
LegalTech,Summer 2021,2,0.512,S21,2021,20212,391,False
LegalTech,Winter 2022,3,0.754,W22,2022,20220,398,False
LegalTech,Summer 2022,3,1.282,S22,2022,20222,234,False
LegalTech,Winter 2023,2,0.73,W23,2023,20230,274,False
LegalTech,Summer 2023,2,0.909,S23,2023,20232,220,False
LegalTech,Winter 2024,3,1.21,W24,2024,20240,248,False
LegalTech,Summer 2024,7,2.823,S24,2024,20242,248,False
LegalTech,Fall 2024,1,1.064,F24,2024,20243,94,False
LegalTech,Winter 2025,3,1.807,W25,2025,20250,166,False
LegalTech,Spring 2025,1,0.699,X25,2025,20251,143,False
LegalTech,Summer 2025,1,0.602,S25,2025,20252,166,False
LegalTech,Fall 2025,4,2.74,F25,2025,20253,146,False
LegalTech,Winter 2026,0,0.0,W26,2026,20260,199,False
LegalTech,Spring 2026,0,0.0,X26,2026,20261,195,False
LegalTech,Summer 2026,3,1.277,S26,2026,20262,235,False
LegalTech,Fall 2026,0,0.0,F26,2026,20263,35,True
LegalTech,Winter 2027,0,0.0,W27,2027,20270,1,True
Lending,Summer 2005,0,0.0,S05,2005,20052,9,True
Lending,Winter 2006,0,0.0,W06,2006,20060,7,True
Lending,Summer 2006,0,0.0,S06,2006,20062,10,True
Lending,Winter 2007,0,0.0,W07,2007,20070,13,True
Lending,Summer 2007,0,0.0,S07,2007,20072,19,True
Lending,Winter 2008,0,0.0,W08,2008,20080,21,True
Lending,Summer 2008,0,0.0,S08,2008,20082,22,True
Lending,Winter 2009,0,0.0,W09,2009,20090,16,True
Lending,Summer 2009,0,0.0,S09,2009,20092,26,True
Lending,Winter 2010,0,0.0,W10,2010,20100,27,True
Lending,Summer 2010,0,0.0,S10,2010,20102,36,True
Lending,Winter 2011,0,0.0,W11,2011,20110,45,True
Lending,Summer 2011,0,0.0,S11,2011,20112,60,False
Lending,Winter 2012,1,1.515,W12,2012,20120,66,False
Lending,Summer 2012,0,0.0,S12,2012,20122,83,False
Lending,Winter 2013,0,0.0,W13,2013,20130,46,True
Lending,Summer 2013,0,0.0,S13,2013,20132,52,False
Lending,Winter 2014,0,0.0,W14,2014,20140,74,False
Lending,Summer 2014,0,0.0,S14,2014,20142,78,False
Lending,Winter 2015,0,0.0,W15,2015,20150,110,False
Lending,Summer 2015,0,0.0,S15,2015,20152,104,False
Lending,Winter 2016,1,0.82,W16,2016,20160,122,False
Lending,Summer 2016,0,0.0,S16,2016,20162,102,False
Lending,Winter 2017,0,0.0,W17,2017,20170,116,False
Lending,Summer 2017,0,0.0,S17,2017,20172,125,False
Lending,Winter 2018,0,0.0,W18,2018,20180,146,False
Lending,Summer 2018,0,0.0,S18,2018,20182,131,False
Lending,Winter 2019,0,0.0,W19,2019,20190,194,False
Lending,Summer 2019,0,0.0,S19,2019,20192,176,False
Lending,Winter 2020,0,0.0,W20,2020,20200,228,False
Lending,Summer 2020,0,0.0,S20,2020,20202,209,False
Lending,Winter 2021,3,0.893,W21,2021,20210,336,False
Lending,Summer 2021,3,0.767,S21,2021,20212,391,False
Lending,Winter 2022,3,0.754,W22,2022,20220,398,False
Lending,Summer 2022,1,0.427,S22,2022,20222,234,False
Lending,Winter 2023,0,0.0,W23,2023,20230,274,False
Lending,Summer 2023,0,0.0,S23,2023,20232,220,False
Lending,Winter 2024,1,0.403,W24,2024,20240,248,False
Lending,Summer 2024,2,0.806,S24,2024,20242,248,False
Lending,Fall 2024,0,0.0,F24,2024,20243,94,False
Lending,Winter 2025,0,0.0,W25,2025,20250,166,False
Lending,Spring 2025,0,0.0,X25,2025,20251,143,False
Lending,Summer 2025,1,0.602,S25,2025,20252,166,False
Lending,Fall 2025,0,0.0,F25,2025,20253,146,False
Lending,Winter 2026,1,0.503,W26,2026,20260,199,False
Lending,Spring 2026,0,0.0,X26,2026,20261,195,False
Lending,Summer 2026,0,0.0,S26,2026,20262,235,False
Lending,Fall 2026,0,0.0,F26,2026,20263,35,True
Lending,Winter 2027,0,0.0,W27,2027,20270,1,True
Lidar,Summer 2005,0,0.0,S05,2005,20052,9,True
Lidar,Winter 2006,0,0.0,W06,2006,20060,7,True
Lidar,Summer 2006,0,0.0,S06,2006,20062,10,True
Lidar,Winter 2007,0,0.0,W07,2007,20070,13,True
Lidar,Summer 2007,0,0.0,S07,2007,20072,19,True
Lidar,Winter 2008,0,0.0,W08,2008,20080,21,True
Lidar,Summer 2008,0,0.0,S08,2008,20082,22,True
Lidar,Winter 2009,0,0.0,W09,2009,20090,16,True
Lidar,Summer 2009,0,0.0,S09,2009,20092,26,True
Lidar,Winter 2010,0,0.0,W10,2010,20100,27,True
Lidar,Summer 2010,0,0.0,S10,2010,20102,36,True
Lidar,Winter 2011,0,0.0,W11,2011,20110,45,True
Lidar,Summer 2011,0,0.0,S11,2011,20112,60,False
Lidar,Winter 2012,0,0.0,W12,2012,20120,66,False
Lidar,Summer 2012,0,0.0,S12,2012,20122,83,False
Lidar,Winter 2013,0,0.0,W13,2013,20130,46,True
Lidar,Summer 2013,0,0.0,S13,2013,20132,52,False
Lidar,Winter 2014,0,0.0,W14,2014,20140,74,False
Lidar,Summer 2014,0,0.0,S14,2014,20142,78,False
Lidar,Winter 2015,0,0.0,W15,2015,20150,110,False
Lidar,Summer 2015,0,0.0,S15,2015,20152,104,False
Lidar,Winter 2016,0,0.0,W16,2016,20160,122,False
Lidar,Summer 2016,0,0.0,S16,2016,20162,102,False
Lidar,Winter 2017,0,0.0,W17,2017,20170,116,False
Lidar,Summer 2017,0,0.0,S17,2017,20172,125,False
Lidar,Winter 2018,0,0.0,W18,2018,20180,146,False
Lidar,Summer 2018,0,0.0,S18,2018,20182,131,False
Lidar,Winter 2019,0,0.0,W19,2019,20190,194,False
Lidar,Summer 2019,0,0.0,S19,2019,20192,176,False
Lidar,Winter 2020,0,0.0,W20,2020,20200,228,False
Lidar,Summer 2020,0,0.0,S20,2020,20202,209,False
Lidar,Winter 2021,0,0.0,W21,2021,20210,336,False
Lidar,Summer 2021,0,0.0,S21,2021,20212,391,False
Lidar,Winter 2022,0,0.0,W22,2022,20220,398,False
Lidar,Summer 2022,0,0.0,S22,2022,20222,234,False
Lidar,Winter 2023,0,0.0,W23,2023,20230,274,False
Lidar,Summer 2023,0,0.0,S23,2023,20232,220,False
Lidar,Winter 2024,0,0.0,W24,2024,20240,248,False
Lidar,Summer 2024,1,0.403,S24,2024,20242,248,False
Lidar,Fall 2024,0,0.0,F24,2024,20243,94,False
Lidar,Winter 2025,0,0.0,W25,2025,20250,166,False
Lidar,Spring 2025,0,0.0,X25,2025,20251,143,False
Lidar,Summer 2025,0,0.0,S25,2025,20252,166,False
Lidar,Fall 2025,0,0.0,F25,2025,20253,146,False
Lidar,Winter 2026,0,0.0,W26,2026,20260,199,False
Lidar,Spring 2026,0,0.0,X26,2026,20261,195,False
Lidar,Summer 2026,0,0.0,S26,2026,20262,235,False
Lidar,Fall 2026,0,0.0,F26,2026,20263,35,True
Lidar,Winter 2027,0,0.0,W27,2027,20270,1,True
Live,Summer 2005,0,0.0,S05,2005,20052,9,True
Live,Winter 2006,0,0.0,W06,2006,20060,7,True
Live,Summer 2006,0,0.0,S06,2006,20062,10,True
Live,Winter 2007,0,0.0,W07,2007,20070,13,True
Live,Summer 2007,0,0.0,S07,2007,20072,19,True
Live,Winter 2008,0,0.0,W08,2008,20080,21,True
Live,Summer 2008,0,0.0,S08,2008,20082,22,True
Live,Winter 2009,0,0.0,W09,2009,20090,16,True
Live,Summer 2009,0,0.0,S09,2009,20092,26,True
Live,Winter 2010,0,0.0,W10,2010,20100,27,True
Live,Summer 2010,0,0.0,S10,2010,20102,36,True
Live,Winter 2011,0,0.0,W11,2011,20110,45,True
Live,Summer 2011,0,0.0,S11,2011,20112,60,False
Live,Winter 2012,0,0.0,W12,2012,20120,66,False
Live,Summer 2012,0,0.0,S12,2012,20122,83,False
Live,Winter 2013,0,0.0,W13,2013,20130,46,True
Live,Summer 2013,0,0.0,S13,2013,20132,52,False
Live,Winter 2014,0,0.0,W14,2014,20140,74,False
Live,Summer 2014,0,0.0,S14,2014,20142,78,False
Live,Winter 2015,0,0.0,W15,2015,20150,110,False
Live,Summer 2015,0,0.0,S15,2015,20152,104,False
Live,Winter 2016,1,0.82,W16,2016,20160,122,False
Live,Summer 2016,0,0.0,S16,2016,20162,102,False
Live,Winter 2017,0,0.0,W17,2017,20170,116,False
Live,Summer 2017,0,0.0,S17,2017,20172,125,False
Live,Winter 2018,1,0.685,W18,2018,20180,146,False
Live,Summer 2018,1,0.763,S18,2018,20182,131,False
Live,Winter 2019,0,0.0,W19,2019,20190,194,False
Live,Summer 2019,0,0.0,S19,2019,20192,176,False
Live,Winter 2020,1,0.439,W20,2020,20200,228,False
Live,Summer 2020,0,0.0,S20,2020,20202,209,False
Live,Winter 2021,1,0.298,W21,2021,20210,336,False
Live,Summer 2021,0,0.0,S21,2021,20212,391,False
Live,Winter 2022,0,0.0,W22,2022,20220,398,False
Live,Summer 2022,0,0.0,S22,2022,20222,234,False
Live,Winter 2023,0,0.0,W23,2023,20230,274,False
Live,Summer 2023,0,0.0,S23,2023,20232,220,False
Live,Winter 2024,0,0.0,W24,2024,20240,248,False
Live,Summer 2024,0,0.0,S24,2024,20242,248,False
Live,Fall 2024,1,1.064,F24,2024,20243,94,False
Live,Winter 2025,0,0.0,W25,2025,20250,166,False
Live,Spring 2025,0,0.0,X25,2025,20251,143,False
Live,Summer 2025,0,0.0,S25,2025,20252,166,False
Live,Fall 2025,0,0.0,F25,2025,20253,146,False
Live,Winter 2026,0,0.0,W26,2026,20260,199,False
Live,Spring 2026,0,0.0,X26,2026,20261,195,False
Live,Summer 2026,0,0.0,S26,2026,20262,235,False
Live,Fall 2026,0,0.0,F26,2026,20263,35,True
Live,Winter 2027,0,0.0,W27,2027,20270,1,True
Livestock Health,Summer 2005,0,0.0,S05,2005,20052,9,True
Livestock Health,Winter 2006,0,0.0,W06,2006,20060,7,True
Livestock Health,Summer 2006,0,0.0,S06,2006,20062,10,True
Livestock Health,Winter 2007,0,0.0,W07,2007,20070,13,True
Livestock Health,Summer 2007,0,0.0,S07,2007,20072,19,True
Livestock Health,Winter 2008,0,0.0,W08,2008,20080,21,True
Livestock Health,Summer 2008,0,0.0,S08,2008,20082,22,True
Livestock Health,Winter 2009,0,0.0,W09,2009,20090,16,True
Livestock Health,Summer 2009,0,0.0,S09,2009,20092,26,True
Livestock Health,Winter 2010,0,0.0,W10,2010,20100,27,True
Livestock Health,Summer 2010,0,0.0,S10,2010,20102,36,True
Livestock Health,Winter 2011,0,0.0,W11,2011,20110,45,True
Livestock Health,Summer 2011,0,0.0,S11,2011,20112,60,False
Livestock Health,Winter 2012,0,0.0,W12,2012,20120,66,False
Livestock Health,Summer 2012,0,0.0,S12,2012,20122,83,False
Livestock Health,Winter 2013,0,0.0,W13,2013,20130,46,True
Livestock Health,Summer 2013,0,0.0,S13,2013,20132,52,False
Livestock Health,Winter 2014,0,0.0,W14,2014,20140,74,False
Livestock Health,Summer 2014,0,0.0,S14,2014,20142,78,False
Livestock Health,Winter 2015,0,0.0,W15,2015,20150,110,False
Livestock Health,Summer 2015,0,0.0,S15,2015,20152,104,False
Livestock Health,Winter 2016,0,0.0,W16,2016,20160,122,False
Livestock Health,Summer 2016,0,0.0,S16,2016,20162,102,False
Livestock Health,Winter 2017,0,0.0,W17,2017,20170,116,False
Livestock Health,Summer 2017,0,0.0,S17,2017,20172,125,False
Livestock Health,Winter 2018,0,0.0,W18,2018,20180,146,False
Livestock Health,Summer 2018,0,0.0,S18,2018,20182,131,False
Livestock Health,Winter 2019,0,0.0,W19,2019,20190,194,False
Livestock Health,Summer 2019,0,0.0,S19,2019,20192,176,False
Livestock Health,Winter 2020,0,0.0,W20,2020,20200,228,False
Livestock Health,Summer 2020,0,0.0,S20,2020,20202,209,False
Livestock Health,Winter 2021,0,0.0,W21,2021,20210,336,False
Livestock Health,Summer 2021,0,0.0,S21,2021,20212,391,False
Livestock Health,Winter 2022,0,0.0,W22,2022,20220,398,False
Livestock Health,Summer 2022,0,0.0,S22,2022,20222,234,False
Livestock Health,Winter 2023,0,0.0,W23,2023,20230,274,False
Livestock Health,Summer 2023,0,0.0,S23,2023,20232,220,False
Livestock Health,Winter 2024,0,0.0,W24,2024,20240,248,False
Livestock Health,Summer 2024,0,0.0,S24,2024,20242,248,False
Livestock Health,Fall 2024,0,0.0,F24,2024,20243,94,False
Livestock Health,Winter 2025,0,0.0,W25,2025,20250,166,False
Livestock Health,Spring 2025,0,0.0,X25,2025,20251,143,False
Livestock Health,Summer 2025,1,0.602,S25,2025,20252,166,False
Livestock Health,Fall 2025,0,0.0,F25,2025,20253,146,False
Livestock Health,Winter 2026,0,0.0,W26,2026,20260,199,False
Livestock Health,Spring 2026,0,0.0,X26,2026,20261,195,False
Livestock Health,Summer 2026,0,0.0,S26,2026,20262,235,False
Livestock Health,Fall 2026,0,0.0,F26,2026,20263,35,True
Livestock Health,Winter 2027,0,0.0,W27,2027,20270,1,True
Location-based,Summer 2005,0,0.0,S05,2005,20052,9,True
Location-based,Winter 2006,0,0.0,W06,2006,20060,7,True
Location-based,Summer 2006,0,0.0,S06,2006,20062,10,True
Location-based,Winter 2007,0,0.0,W07,2007,20070,13,True
Location-based,Summer 2007,0,0.0,S07,2007,20072,19,True
Location-based,Winter 2008,0,0.0,W08,2008,20080,21,True
Location-based,Summer 2008,0,0.0,S08,2008,20082,22,True
Location-based,Winter 2009,0,0.0,W09,2009,20090,16,True
Location-based,Summer 2009,0,0.0,S09,2009,20092,26,True
Location-based,Winter 2010,0,0.0,W10,2010,20100,27,True
Location-based,Summer 2010,0,0.0,S10,2010,20102,36,True
Location-based,Winter 2011,0,0.0,W11,2011,20110,45,True
Location-based,Summer 2011,1,1.667,S11,2011,20112,60,False
Location-based,Winter 2012,0,0.0,W12,2012,20120,66,False
Location-based,Summer 2012,0,0.0,S12,2012,20122,83,False
Location-based,Winter 2013,0,0.0,W13,2013,20130,46,True
Location-based,Summer 2013,0,0.0,S13,2013,20132,52,False
Location-based,Winter 2014,0,0.0,W14,2014,20140,74,False
Location-based,Summer 2014,0,0.0,S14,2014,20142,78,False
Location-based,Winter 2015,0,0.0,W15,2015,20150,110,False
Location-based,Summer 2015,0,0.0,S15,2015,20152,104,False
Location-based,Winter 2016,0,0.0,W16,2016,20160,122,False
Location-based,Summer 2016,0,0.0,S16,2016,20162,102,False
Location-based,Winter 2017,0,0.0,W17,2017,20170,116,False
Location-based,Summer 2017,0,0.0,S17,2017,20172,125,False
Location-based,Winter 2018,0,0.0,W18,2018,20180,146,False
Location-based,Summer 2018,1,0.763,S18,2018,20182,131,False
Location-based,Winter 2019,0,0.0,W19,2019,20190,194,False
Location-based,Summer 2019,0,0.0,S19,2019,20192,176,False
Location-based,Winter 2020,0,0.0,W20,2020,20200,228,False
Location-based,Summer 2020,0,0.0,S20,2020,20202,209,False
Location-based,Winter 2021,0,0.0,W21,2021,20210,336,False
Location-based,Summer 2021,0,0.0,S21,2021,20212,391,False
Location-based,Winter 2022,0,0.0,W22,2022,20220,398,False
Location-based,Summer 2022,0,0.0,S22,2022,20222,234,False
Location-based,Winter 2023,0,0.0,W23,2023,20230,274,False
Location-based,Summer 2023,0,0.0,S23,2023,20232,220,False
Location-based,Winter 2024,0,0.0,W24,2024,20240,248,False
Location-based,Summer 2024,0,0.0,S24,2024,20242,248,False
Location-based,Fall 2024,0,0.0,F24,2024,20243,94,False
Location-based,Winter 2025,0,0.0,W25,2025,20250,166,False
Location-based,Spring 2025,0,0.0,X25,2025,20251,143,False
Location-based,Summer 2025,0,0.0,S25,2025,20252,166,False
Location-based,Fall 2025,0,0.0,F25,2025,20253,146,False
Location-based,Winter 2026,0,0.0,W26,2026,20260,199,False
Location-based,Spring 2026,0,0.0,X26,2026,20261,195,False
Location-based,Summer 2026,1,0.426,S26,2026,20262,235,False
Location-based,Fall 2026,0,0.0,F26,2026,20263,35,True
Location-based,Winter 2027,0,0.0,W27,2027,20270,1,True
Logistics,Summer 2005,0,0.0,S05,2005,20052,9,True
Logistics,Winter 2006,0,0.0,W06,2006,20060,7,True
Logistics,Summer 2006,0,0.0,S06,2006,20062,10,True
Logistics,Winter 2007,0,0.0,W07,2007,20070,13,True
Logistics,Summer 2007,0,0.0,S07,2007,20072,19,True
Logistics,Winter 2008,0,0.0,W08,2008,20080,21,True
Logistics,Summer 2008,0,0.0,S08,2008,20082,22,True
Logistics,Winter 2009,0,0.0,W09,2009,20090,16,True
Logistics,Summer 2009,0,0.0,S09,2009,20092,26,True
Logistics,Winter 2010,0,0.0,W10,2010,20100,27,True
Logistics,Summer 2010,0,0.0,S10,2010,20102,36,True
Logistics,Winter 2011,0,0.0,W11,2011,20110,45,True
Logistics,Summer 2011,0,0.0,S11,2011,20112,60,False
Logistics,Winter 2012,0,0.0,W12,2012,20120,66,False
Logistics,Summer 2012,1,1.205,S12,2012,20122,83,False
Logistics,Winter 2013,3,6.522,W13,2013,20130,46,True
Logistics,Summer 2013,1,1.923,S13,2013,20132,52,False
Logistics,Winter 2014,3,4.054,W14,2014,20140,74,False
Logistics,Summer 2014,2,2.564,S14,2014,20142,78,False
Logistics,Winter 2015,1,0.909,W15,2015,20150,110,False
Logistics,Summer 2015,5,4.808,S15,2015,20152,104,False
Logistics,Winter 2016,4,3.279,W16,2016,20160,122,False
Logistics,Summer 2016,2,1.961,S16,2016,20162,102,False
Logistics,Winter 2017,3,2.586,W17,2017,20170,116,False
Logistics,Summer 2017,2,1.6,S17,2017,20172,125,False
Logistics,Winter 2018,3,2.055,W18,2018,20180,146,False
Logistics,Summer 2018,6,4.58,S18,2018,20182,131,False
Logistics,Winter 2019,6,3.093,W19,2019,20190,194,False
Logistics,Summer 2019,5,2.841,S19,2019,20192,176,False
Logistics,Winter 2020,7,3.07,W20,2020,20200,228,False
Logistics,Summer 2020,2,0.957,S20,2020,20202,209,False
Logistics,Winter 2021,10,2.976,W21,2021,20210,336,False
Logistics,Summer 2021,3,0.767,S21,2021,20212,391,False
Logistics,Winter 2022,12,3.015,W22,2022,20220,398,False
Logistics,Summer 2022,8,3.419,S22,2022,20222,234,False
Logistics,Winter 2023,5,1.825,W23,2023,20230,274,False
Logistics,Summer 2023,7,3.182,S23,2023,20232,220,False
Logistics,Winter 2024,6,2.419,W24,2024,20240,248,False
Logistics,Summer 2024,4,1.613,S24,2024,20242,248,False
Logistics,Fall 2024,1,1.064,F24,2024,20243,94,False
Logistics,Winter 2025,2,1.205,W25,2025,20250,166,False
Logistics,Spring 2025,3,2.098,X25,2025,20251,143,False
Logistics,Summer 2025,4,2.41,S25,2025,20252,166,False
Logistics,Fall 2025,2,1.37,F25,2025,20253,146,False
Logistics,Winter 2026,3,1.508,W26,2026,20260,199,False
Logistics,Spring 2026,0,0.0,X26,2026,20261,195,False
Logistics,Summer 2026,7,2.979,S26,2026,20262,235,False
Logistics,Fall 2026,0,0.0,F26,2026,20263,35,True
Logistics,Winter 2027,0,0.0,W27,2027,20270,1,True
ML,Summer 2005,0,0.0,S05,2005,20052,9,True
ML,Winter 2006,0,0.0,W06,2006,20060,7,True
ML,Summer 2006,0,0.0,S06,2006,20062,10,True
ML,Winter 2007,0,0.0,W07,2007,20070,13,True
ML,Summer 2007,0,0.0,S07,2007,20072,19,True
ML,Winter 2008,0,0.0,W08,2008,20080,21,True
ML,Summer 2008,1,4.545,S08,2008,20082,22,True
ML,Winter 2009,0,0.0,W09,2009,20090,16,True
ML,Summer 2009,0,0.0,S09,2009,20092,26,True
ML,Winter 2010,0,0.0,W10,2010,20100,27,True
ML,Summer 2010,0,0.0,S10,2010,20102,36,True
ML,Winter 2011,0,0.0,W11,2011,20110,45,True
ML,Summer 2011,0,0.0,S11,2011,20112,60,False
ML,Winter 2012,0,0.0,W12,2012,20120,66,False
ML,Summer 2012,0,0.0,S12,2012,20122,83,False
ML,Winter 2013,0,0.0,W13,2013,20130,46,True
ML,Summer 2013,0,0.0,S13,2013,20132,52,False
ML,Winter 2014,0,0.0,W14,2014,20140,74,False
ML,Summer 2014,0,0.0,S14,2014,20142,78,False
ML,Winter 2015,0,0.0,W15,2015,20150,110,False
ML,Summer 2015,0,0.0,S15,2015,20152,104,False
ML,Winter 2016,0,0.0,W16,2016,20160,122,False
ML,Summer 2016,0,0.0,S16,2016,20162,102,False
ML,Winter 2017,0,0.0,W17,2017,20170,116,False
ML,Summer 2017,1,0.8,S17,2017,20172,125,False
ML,Winter 2018,0,0.0,W18,2018,20180,146,False
ML,Summer 2018,0,0.0,S18,2018,20182,131,False
ML,Winter 2019,1,0.515,W19,2019,20190,194,False
ML,Summer 2019,0,0.0,S19,2019,20192,176,False
ML,Winter 2020,0,0.0,W20,2020,20200,228,False
ML,Summer 2020,0,0.0,S20,2020,20202,209,False
ML,Winter 2021,0,0.0,W21,2021,20210,336,False
ML,Summer 2021,2,0.512,S21,2021,20212,391,False
ML,Winter 2022,2,0.503,W22,2022,20220,398,False
ML,Summer 2022,1,0.427,S22,2022,20222,234,False
ML,Winter 2023,0,0.0,W23,2023,20230,274,False
ML,Summer 2023,3,1.364,S23,2023,20232,220,False
ML,Winter 2024,1,0.403,W24,2024,20240,248,False
ML,Summer 2024,2,0.806,S24,2024,20242,248,False
ML,Fall 2024,0,0.0,F24,2024,20243,94,False
ML,Winter 2025,0,0.0,W25,2025,20250,166,False
ML,Spring 2025,3,2.098,X25,2025,20251,143,False
ML,Summer 2025,0,0.0,S25,2025,20252,166,False
ML,Fall 2025,0,0.0,F25,2025,20253,146,False
ML,Winter 2026,1,0.503,W26,2026,20260,199,False
ML,Spring 2026,1,0.513,X26,2026,20261,195,False
ML,Summer 2026,2,0.851,S26,2026,20262,235,False
ML,Fall 2026,0,0.0,F26,2026,20263,35,True
ML,Winter 2027,0,0.0,W27,2027,20270,1,True
Machine Learning,Summer 2005,0,0.0,S05,2005,20052,9,True
Machine Learning,Winter 2006,0,0.0,W06,2006,20060,7,True
Machine Learning,Summer 2006,0,0.0,S06,2006,20062,10,True
Machine Learning,Winter 2007,0,0.0,W07,2007,20070,13,True
Machine Learning,Summer 2007,0,0.0,S07,2007,20072,19,True
Machine Learning,Winter 2008,0,0.0,W08,2008,20080,21,True
Machine Learning,Summer 2008,0,0.0,S08,2008,20082,22,True
Machine Learning,Winter 2009,0,0.0,W09,2009,20090,16,True
Machine Learning,Summer 2009,1,3.846,S09,2009,20092,26,True
Machine Learning,Winter 2010,0,0.0,W10,2010,20100,27,True
Machine Learning,Summer 2010,0,0.0,S10,2010,20102,36,True
Machine Learning,Winter 2011,0,0.0,W11,2011,20110,45,True
Machine Learning,Summer 2011,2,3.333,S11,2011,20112,60,False
Machine Learning,Winter 2012,1,1.515,W12,2012,20120,66,False
Machine Learning,Summer 2012,0,0.0,S12,2012,20122,83,False
Machine Learning,Winter 2013,0,0.0,W13,2013,20130,46,True
Machine Learning,Summer 2013,0,0.0,S13,2013,20132,52,False
Machine Learning,Winter 2014,3,4.054,W14,2014,20140,74,False
Machine Learning,Summer 2014,4,5.128,S14,2014,20142,78,False
Machine Learning,Winter 2015,7,6.364,W15,2015,20150,110,False
Machine Learning,Summer 2015,0,0.0,S15,2015,20152,104,False
Machine Learning,Winter 2016,3,2.459,W16,2016,20160,122,False
Machine Learning,Summer 2016,3,2.941,S16,2016,20162,102,False
Machine Learning,Winter 2017,4,3.448,W17,2017,20170,116,False
Machine Learning,Summer 2017,6,4.8,S17,2017,20172,125,False
Machine Learning,Winter 2018,9,6.164,W18,2018,20180,146,False
Machine Learning,Summer 2018,4,3.053,S18,2018,20182,131,False
Machine Learning,Winter 2019,7,3.608,W19,2019,20190,194,False
Machine Learning,Summer 2019,8,4.545,S19,2019,20192,176,False
Machine Learning,Winter 2020,14,6.14,W20,2020,20200,228,False
Machine Learning,Summer 2020,13,6.22,S20,2020,20202,209,False
Machine Learning,Winter 2021,10,2.976,W21,2021,20210,336,False
Machine Learning,Summer 2021,20,5.115,S21,2021,20212,391,False
Machine Learning,Winter 2022,24,6.03,W22,2022,20220,398,False
Machine Learning,Summer 2022,11,4.701,S22,2022,20222,234,False
Machine Learning,Winter 2023,12,4.38,W23,2023,20230,274,False
Machine Learning,Summer 2023,11,5.0,S23,2023,20232,220,False
Machine Learning,Winter 2024,6,2.419,W24,2024,20240,248,False
Machine Learning,Summer 2024,10,4.032,S24,2024,20242,248,False
Machine Learning,Fall 2024,6,6.383,F24,2024,20243,94,False
Machine Learning,Winter 2025,5,3.012,W25,2025,20250,166,False
Machine Learning,Spring 2025,8,5.594,X25,2025,20251,143,False
Machine Learning,Summer 2025,4,2.41,S25,2025,20252,166,False
Machine Learning,Fall 2025,5,3.425,F25,2025,20253,146,False
Machine Learning,Winter 2026,3,1.508,W26,2026,20260,199,False
Machine Learning,Spring 2026,0,0.0,X26,2026,20261,195,False
Machine Learning,Summer 2026,12,5.106,S26,2026,20262,235,False
Machine Learning,Fall 2026,0,0.0,F26,2026,20263,35,True
Machine Learning,Winter 2027,0,0.0,W27,2027,20270,1,True
Manufacturing,Summer 2005,0,0.0,S05,2005,20052,9,True
Manufacturing,Winter 2006,0,0.0,W06,2006,20060,7,True
Manufacturing,Summer 2006,0,0.0,S06,2006,20062,10,True
Manufacturing,Winter 2007,0,0.0,W07,2007,20070,13,True
Manufacturing,Summer 2007,0,0.0,S07,2007,20072,19,True
Manufacturing,Winter 2008,0,0.0,W08,2008,20080,21,True
Manufacturing,Summer 2008,0,0.0,S08,2008,20082,22,True
Manufacturing,Winter 2009,0,0.0,W09,2009,20090,16,True
Manufacturing,Summer 2009,0,0.0,S09,2009,20092,26,True
Manufacturing,Winter 2010,0,0.0,W10,2010,20100,27,True
Manufacturing,Summer 2010,0,0.0,S10,2010,20102,36,True
Manufacturing,Winter 2011,0,0.0,W11,2011,20110,45,True
Manufacturing,Summer 2011,0,0.0,S11,2011,20112,60,False
Manufacturing,Winter 2012,1,1.515,W12,2012,20120,66,False
Manufacturing,Summer 2012,1,1.205,S12,2012,20122,83,False
Manufacturing,Winter 2013,1,2.174,W13,2013,20130,46,True
Manufacturing,Summer 2013,0,0.0,S13,2013,20132,52,False
Manufacturing,Winter 2014,0,0.0,W14,2014,20140,74,False
Manufacturing,Summer 2014,0,0.0,S14,2014,20142,78,False
Manufacturing,Winter 2015,1,0.909,W15,2015,20150,110,False
Manufacturing,Summer 2015,2,1.923,S15,2015,20152,104,False
Manufacturing,Winter 2016,1,0.82,W16,2016,20160,122,False
Manufacturing,Summer 2016,1,0.98,S16,2016,20162,102,False
Manufacturing,Winter 2017,3,2.586,W17,2017,20170,116,False
Manufacturing,Summer 2017,1,0.8,S17,2017,20172,125,False
Manufacturing,Winter 2018,2,1.37,W18,2018,20180,146,False
Manufacturing,Summer 2018,0,0.0,S18,2018,20182,131,False
Manufacturing,Winter 2019,1,0.515,W19,2019,20190,194,False
Manufacturing,Summer 2019,2,1.136,S19,2019,20192,176,False
Manufacturing,Winter 2020,1,0.439,W20,2020,20200,228,False
Manufacturing,Summer 2020,2,0.957,S20,2020,20202,209,False
Manufacturing,Winter 2021,2,0.595,W21,2021,20210,336,False
Manufacturing,Summer 2021,4,1.023,S21,2021,20212,391,False
Manufacturing,Winter 2022,8,2.01,W22,2022,20220,398,False
Manufacturing,Summer 2022,3,1.282,S22,2022,20222,234,False
Manufacturing,Winter 2023,2,0.73,W23,2023,20230,274,False
Manufacturing,Summer 2023,4,1.818,S23,2023,20232,220,False
Manufacturing,Winter 2024,3,1.21,W24,2024,20240,248,False
Manufacturing,Summer 2024,10,4.032,S24,2024,20242,248,False
Manufacturing,Fall 2024,2,2.128,F24,2024,20243,94,False
Manufacturing,Winter 2025,5,3.012,W25,2025,20250,166,False
Manufacturing,Spring 2025,9,6.294,X25,2025,20251,143,False
Manufacturing,Summer 2025,4,2.41,S25,2025,20252,166,False
Manufacturing,Fall 2025,4,2.74,F25,2025,20253,146,False
Manufacturing,Winter 2026,0,0.0,W26,2026,20260,199,False
Manufacturing,Spring 2026,1,0.513,X26,2026,20261,195,False
Manufacturing,Summer 2026,16,6.809,S26,2026,20262,235,False
Manufacturing,Fall 2026,2,5.714,F26,2026,20263,35,True
Manufacturing,Winter 2027,0,0.0,W27,2027,20270,1,True
Maritime,Summer 2005,0,0.0,S05,2005,20052,9,True
Maritime,Winter 2006,0,0.0,W06,2006,20060,7,True
Maritime,Summer 2006,0,0.0,S06,2006,20062,10,True
Maritime,Winter 2007,0,0.0,W07,2007,20070,13,True
Maritime,Summer 2007,0,0.0,S07,2007,20072,19,True
Maritime,Winter 2008,0,0.0,W08,2008,20080,21,True
Maritime,Summer 2008,0,0.0,S08,2008,20082,22,True
Maritime,Winter 2009,0,0.0,W09,2009,20090,16,True
Maritime,Summer 2009,0,0.0,S09,2009,20092,26,True
Maritime,Winter 2010,0,0.0,W10,2010,20100,27,True
Maritime,Summer 2010,0,0.0,S10,2010,20102,36,True
Maritime,Winter 2011,0,0.0,W11,2011,20110,45,True
Maritime,Summer 2011,0,0.0,S11,2011,20112,60,False
Maritime,Winter 2012,0,0.0,W12,2012,20120,66,False
Maritime,Summer 2012,0,0.0,S12,2012,20122,83,False
Maritime,Winter 2013,0,0.0,W13,2013,20130,46,True
Maritime,Summer 2013,0,0.0,S13,2013,20132,52,False
Maritime,Winter 2014,0,0.0,W14,2014,20140,74,False
Maritime,Summer 2014,0,0.0,S14,2014,20142,78,False
Maritime,Winter 2015,0,0.0,W15,2015,20150,110,False
Maritime,Summer 2015,0,0.0,S15,2015,20152,104,False
Maritime,Winter 2016,0,0.0,W16,2016,20160,122,False
Maritime,Summer 2016,0,0.0,S16,2016,20162,102,False
Maritime,Winter 2017,0,0.0,W17,2017,20170,116,False
Maritime,Summer 2017,0,0.0,S17,2017,20172,125,False
Maritime,Winter 2018,0,0.0,W18,2018,20180,146,False
Maritime,Summer 2018,0,0.0,S18,2018,20182,131,False
Maritime,Winter 2019,0,0.0,W19,2019,20190,194,False
Maritime,Summer 2019,0,0.0,S19,2019,20192,176,False
Maritime,Winter 2020,0,0.0,W20,2020,20200,228,False
Maritime,Summer 2020,0,0.0,S20,2020,20202,209,False
Maritime,Winter 2021,2,0.595,W21,2021,20210,336,False
Maritime,Summer 2021,0,0.0,S21,2021,20212,391,False
Maritime,Winter 2022,0,0.0,W22,2022,20220,398,False
Maritime,Summer 2022,0,0.0,S22,2022,20222,234,False
Maritime,Winter 2023,0,0.0,W23,2023,20230,274,False
Maritime,Summer 2023,0,0.0,S23,2023,20232,220,False
Maritime,Winter 2024,0,0.0,W24,2024,20240,248,False
Maritime,Summer 2024,0,0.0,S24,2024,20242,248,False
Maritime,Fall 2024,0,0.0,F24,2024,20243,94,False
Maritime,Winter 2025,0,0.0,W25,2025,20250,166,False
Maritime,Spring 2025,0,0.0,X25,2025,20251,143,False
Maritime,Summer 2025,1,0.602,S25,2025,20252,166,False
Maritime,Fall 2025,0,0.0,F25,2025,20253,146,False
Maritime,Winter 2026,0,0.0,W26,2026,20260,199,False
Maritime,Spring 2026,0,0.0,X26,2026,20261,195,False
Maritime,Summer 2026,0,0.0,S26,2026,20262,235,False
Maritime,Fall 2026,0,0.0,F26,2026,20263,35,True
Maritime,Winter 2027,0,0.0,W27,2027,20270,1,True
Market Research,Summer 2005,0,0.0,S05,2005,20052,9,True
Market Research,Winter 2006,0,0.0,W06,2006,20060,7,True
Market Research,Summer 2006,1,10.0,S06,2006,20062,10,True
Market Research,Winter 2007,0,0.0,W07,2007,20070,13,True
Market Research,Summer 2007,0,0.0,S07,2007,20072,19,True
Market Research,Winter 2008,0,0.0,W08,2008,20080,21,True
Market Research,Summer 2008,0,0.0,S08,2008,20082,22,True
Market Research,Winter 2009,0,0.0,W09,2009,20090,16,True
Market Research,Summer 2009,0,0.0,S09,2009,20092,26,True
Market Research,Winter 2010,0,0.0,W10,2010,20100,27,True
Market Research,Summer 2010,0,0.0,S10,2010,20102,36,True
Market Research,Winter 2011,0,0.0,W11,2011,20110,45,True
Market Research,Summer 2011,0,0.0,S11,2011,20112,60,False
Market Research,Winter 2012,0,0.0,W12,2012,20120,66,False
Market Research,Summer 2012,0,0.0,S12,2012,20122,83,False
Market Research,Winter 2013,0,0.0,W13,2013,20130,46,True
Market Research,Summer 2013,0,0.0,S13,2013,20132,52,False
Market Research,Winter 2014,0,0.0,W14,2014,20140,74,False
Market Research,Summer 2014,1,1.282,S14,2014,20142,78,False
Market Research,Winter 2015,0,0.0,W15,2015,20150,110,False
Market Research,Summer 2015,0,0.0,S15,2015,20152,104,False
Market Research,Winter 2016,0,0.0,W16,2016,20160,122,False
Market Research,Summer 2016,0,0.0,S16,2016,20162,102,False
Market Research,Winter 2017,0,0.0,W17,2017,20170,116,False
Market Research,Summer 2017,0,0.0,S17,2017,20172,125,False
Market Research,Winter 2018,0,0.0,W18,2018,20180,146,False
Market Research,Summer 2018,0,0.0,S18,2018,20182,131,False
Market Research,Winter 2019,0,0.0,W19,2019,20190,194,False
Market Research,Summer 2019,0,0.0,S19,2019,20192,176,False
Market Research,Winter 2020,0,0.0,W20,2020,20200,228,False
Market Research,Summer 2020,0,0.0,S20,2020,20202,209,False
Market Research,Winter 2021,1,0.298,W21,2021,20210,336,False
Market Research,Summer 2021,2,0.512,S21,2021,20212,391,False
Market Research,Winter 2022,1,0.251,W22,2022,20220,398,False
Market Research,Summer 2022,0,0.0,S22,2022,20222,234,False
Market Research,Winter 2023,1,0.365,W23,2023,20230,274,False
Market Research,Summer 2023,1,0.455,S23,2023,20232,220,False
Market Research,Winter 2024,0,0.0,W24,2024,20240,248,False
Market Research,Summer 2024,1,0.403,S24,2024,20242,248,False
Market Research,Fall 2024,1,1.064,F24,2024,20243,94,False
Market Research,Winter 2025,1,0.602,W25,2025,20250,166,False
Market Research,Spring 2025,1,0.699,X25,2025,20251,143,False
Market Research,Summer 2025,2,1.205,S25,2025,20252,166,False
Market Research,Fall 2025,1,0.685,F25,2025,20253,146,False
Market Research,Winter 2026,0,0.0,W26,2026,20260,199,False
Market Research,Spring 2026,0,0.0,X26,2026,20261,195,False
Market Research,Summer 2026,3,1.277,S26,2026,20262,235,False
Market Research,Fall 2026,0,0.0,F26,2026,20263,35,True
Market Research,Winter 2027,0,0.0,W27,2027,20270,1,True
Marketing,Summer 2005,0,0.0,S05,2005,20052,9,True
Marketing,Winter 2006,0,0.0,W06,2006,20060,7,True
Marketing,Summer 2006,0,0.0,S06,2006,20062,10,True
Marketing,Winter 2007,0,0.0,W07,2007,20070,13,True
Marketing,Summer 2007,1,5.263,S07,2007,20072,19,True
Marketing,Winter 2008,0,0.0,W08,2008,20080,21,True
Marketing,Summer 2008,0,0.0,S08,2008,20082,22,True
Marketing,Winter 2009,0,0.0,W09,2009,20090,16,True
Marketing,Summer 2009,0,0.0,S09,2009,20092,26,True
Marketing,Winter 2010,3,11.111,W10,2010,20100,27,True
Marketing,Summer 2010,1,2.778,S10,2010,20102,36,True
Marketing,Winter 2011,1,2.222,W11,2011,20110,45,True
Marketing,Summer 2011,2,3.333,S11,2011,20112,60,False
Marketing,Winter 2012,3,4.545,W12,2012,20120,66,False
Marketing,Summer 2012,2,2.41,S12,2012,20122,83,False
Marketing,Winter 2013,0,0.0,W13,2013,20130,46,True
Marketing,Summer 2013,2,3.846,S13,2013,20132,52,False
Marketing,Winter 2014,0,0.0,W14,2014,20140,74,False
Marketing,Summer 2014,3,3.846,S14,2014,20142,78,False
Marketing,Winter 2015,1,0.909,W15,2015,20150,110,False
Marketing,Summer 2015,0,0.0,S15,2015,20152,104,False
Marketing,Winter 2016,3,2.459,W16,2016,20160,122,False
Marketing,Summer 2016,0,0.0,S16,2016,20162,102,False
Marketing,Winter 2017,1,0.862,W17,2017,20170,116,False
Marketing,Summer 2017,1,0.8,S17,2017,20172,125,False
Marketing,Winter 2018,0,0.0,W18,2018,20180,146,False
Marketing,Summer 2018,0,0.0,S18,2018,20182,131,False
Marketing,Winter 2019,2,1.031,W19,2019,20190,194,False
Marketing,Summer 2019,5,2.841,S19,2019,20192,176,False
Marketing,Winter 2020,1,0.439,W20,2020,20200,228,False
Marketing,Summer 2020,2,0.957,S20,2020,20202,209,False
Marketing,Winter 2021,4,1.19,W21,2021,20210,336,False
Marketing,Summer 2021,4,1.023,S21,2021,20212,391,False
Marketing,Winter 2022,12,3.015,W22,2022,20220,398,False
Marketing,Summer 2022,5,2.137,S22,2022,20222,234,False
Marketing,Winter 2023,6,2.19,W23,2023,20230,274,False
Marketing,Summer 2023,10,4.545,S23,2023,20232,220,False
Marketing,Winter 2024,8,3.226,W24,2024,20240,248,False
Marketing,Summer 2024,5,2.016,S24,2024,20242,248,False
Marketing,Fall 2024,2,2.128,F24,2024,20243,94,False
Marketing,Winter 2025,3,1.807,W25,2025,20250,166,False
Marketing,Spring 2025,2,1.399,X25,2025,20251,143,False
Marketing,Summer 2025,4,2.41,S25,2025,20252,166,False
Marketing,Fall 2025,5,3.425,F25,2025,20253,146,False
Marketing,Winter 2026,2,1.005,W26,2026,20260,199,False
Marketing,Spring 2026,2,1.026,X26,2026,20261,195,False
Marketing,Summer 2026,2,0.851,S26,2026,20262,235,False
Marketing,Fall 2026,0,0.0,F26,2026,20263,35,True
Marketing,Winter 2027,0,0.0,W27,2027,20270,1,True
Marketplace,Summer 2005,0,0.0,S05,2005,20052,9,True
Marketplace,Winter 2006,0,0.0,W06,2006,20060,7,True
Marketplace,Summer 2006,1,10.0,S06,2006,20062,10,True
Marketplace,Winter 2007,0,0.0,W07,2007,20070,13,True
Marketplace,Summer 2007,0,0.0,S07,2007,20072,19,True
Marketplace,Winter 2008,0,0.0,W08,2008,20080,21,True
Marketplace,Summer 2008,1,4.545,S08,2008,20082,22,True
Marketplace,Winter 2009,1,6.25,W09,2009,20090,16,True
Marketplace,Summer 2009,4,15.385,S09,2009,20092,26,True
Marketplace,Winter 2010,1,3.704,W10,2010,20100,27,True
Marketplace,Summer 2010,3,8.333,S10,2010,20102,36,True
Marketplace,Winter 2011,8,17.778,W11,2011,20110,45,True
Marketplace,Summer 2011,4,6.667,S11,2011,20112,60,False
Marketplace,Winter 2012,5,7.576,W12,2012,20120,66,False
Marketplace,Summer 2012,3,3.614,S12,2012,20122,83,False
Marketplace,Winter 2013,6,13.043,W13,2013,20130,46,True
Marketplace,Summer 2013,6,11.538,S13,2013,20132,52,False
Marketplace,Winter 2014,7,9.459,W14,2014,20140,74,False
Marketplace,Summer 2014,7,8.974,S14,2014,20142,78,False
Marketplace,Winter 2015,7,6.364,W15,2015,20150,110,False
Marketplace,Summer 2015,9,8.654,S15,2015,20152,104,False
Marketplace,Winter 2016,9,7.377,W16,2016,20160,122,False
Marketplace,Summer 2016,11,10.784,S16,2016,20162,102,False
Marketplace,Winter 2017,10,8.621,W17,2017,20170,116,False
Marketplace,Summer 2017,12,9.6,S17,2017,20172,125,False
Marketplace,Winter 2018,9,6.164,W18,2018,20180,146,False
Marketplace,Summer 2018,5,3.817,S18,2018,20182,131,False
Marketplace,Winter 2019,12,6.186,W19,2019,20190,194,False
Marketplace,Summer 2019,11,6.25,S19,2019,20192,176,False
Marketplace,Winter 2020,19,8.333,W20,2020,20200,228,False
Marketplace,Summer 2020,11,5.263,S20,2020,20202,209,False
Marketplace,Winter 2021,20,5.952,W21,2021,20210,336,False
Marketplace,Summer 2021,33,8.44,S21,2021,20212,391,False
Marketplace,Winter 2022,32,8.04,W22,2022,20220,398,False
Marketplace,Summer 2022,5,2.137,S22,2022,20222,234,False
Marketplace,Winter 2023,10,3.65,W23,2023,20230,274,False
Marketplace,Summer 2023,3,1.364,S23,2023,20232,220,False
Marketplace,Winter 2024,6,2.419,W24,2024,20240,248,False
Marketplace,Summer 2024,1,0.403,S24,2024,20242,248,False
Marketplace,Fall 2024,1,1.064,F24,2024,20243,94,False
Marketplace,Winter 2025,1,0.602,W25,2025,20250,166,False
Marketplace,Spring 2025,2,1.399,X25,2025,20251,143,False
Marketplace,Summer 2025,1,0.602,S25,2025,20252,166,False
Marketplace,Fall 2025,4,2.74,F25,2025,20253,146,False
Marketplace,Winter 2026,0,0.0,W26,2026,20260,199,False
Marketplace,Spring 2026,0,0.0,X26,2026,20261,195,False
Marketplace,Summer 2026,6,2.553,S26,2026,20262,235,False
Marketplace,Fall 2026,0,0.0,F26,2026,20263,35,True
Marketplace,Winter 2027,0,0.0,W27,2027,20270,1,True
Media,Summer 2005,0,0.0,S05,2005,20052,9,True
Media,Winter 2006,1,14.286,W06,2006,20060,7,True
Media,Summer 2006,0,0.0,S06,2006,20062,10,True
Media,Winter 2007,0,0.0,W07,2007,20070,13,True
Media,Summer 2007,1,5.263,S07,2007,20072,19,True
Media,Winter 2008,1,4.762,W08,2008,20080,21,True
Media,Summer 2008,1,4.545,S08,2008,20082,22,True
Media,Winter 2009,0,0.0,W09,2009,20090,16,True
Media,Summer 2009,0,0.0,S09,2009,20092,26,True
Media,Winter 2010,2,7.407,W10,2010,20100,27,True
Media,Summer 2010,1,2.778,S10,2010,20102,36,True
Media,Winter 2011,0,0.0,W11,2011,20110,45,True
Media,Summer 2011,0,0.0,S11,2011,20112,60,False
Media,Winter 2012,2,3.03,W12,2012,20120,66,False
Media,Summer 2012,2,2.41,S12,2012,20122,83,False
Media,Winter 2013,0,0.0,W13,2013,20130,46,True
Media,Summer 2013,0,0.0,S13,2013,20132,52,False
Media,Winter 2014,1,1.351,W14,2014,20140,74,False
Media,Summer 2014,1,1.282,S14,2014,20142,78,False
Media,Winter 2015,1,0.909,W15,2015,20150,110,False
Media,Summer 2015,1,0.962,S15,2015,20152,104,False
Media,Winter 2016,0,0.0,W16,2016,20160,122,False
Media,Summer 2016,2,1.961,S16,2016,20162,102,False
Media,Winter 2017,1,0.862,W17,2017,20170,116,False
Media,Summer 2017,1,0.8,S17,2017,20172,125,False
Media,Winter 2018,0,0.0,W18,2018,20180,146,False
Media,Summer 2018,2,1.527,S18,2018,20182,131,False
Media,Winter 2019,0,0.0,W19,2019,20190,194,False
Media,Summer 2019,3,1.705,S19,2019,20192,176,False
Media,Winter 2020,1,0.439,W20,2020,20200,228,False
Media,Summer 2020,0,0.0,S20,2020,20202,209,False
Media,Winter 2021,2,0.595,W21,2021,20210,336,False
Media,Summer 2021,1,0.256,S21,2021,20212,391,False
Media,Winter 2022,1,0.251,W22,2022,20220,398,False
Media,Summer 2022,1,0.427,S22,2022,20222,234,False
Media,Winter 2023,3,1.095,W23,2023,20230,274,False
Media,Summer 2023,1,0.455,S23,2023,20232,220,False
Media,Winter 2024,1,0.403,W24,2024,20240,248,False
Media,Summer 2024,3,1.21,S24,2024,20242,248,False
Media,Fall 2024,2,2.128,F24,2024,20243,94,False
Media,Winter 2025,0,0.0,W25,2025,20250,166,False
Media,Spring 2025,0,0.0,X25,2025,20251,143,False
Media,Summer 2025,0,0.0,S25,2025,20252,166,False
Media,Fall 2025,2,1.37,F25,2025,20253,146,False
Media,Winter 2026,0,0.0,W26,2026,20260,199,False
Media,Spring 2026,0,0.0,X26,2026,20261,195,False
Media,Summer 2026,0,0.0,S26,2026,20262,235,False
Media,Fall 2026,0,0.0,F26,2026,20263,35,True
Media,Winter 2027,0,0.0,W27,2027,20270,1,True
Medical Devices,Summer 2005,0,0.0,S05,2005,20052,9,True
Medical Devices,Winter 2006,0,0.0,W06,2006,20060,7,True
Medical Devices,Summer 2006,0,0.0,S06,2006,20062,10,True
Medical Devices,Winter 2007,0,0.0,W07,2007,20070,13,True
Medical Devices,Summer 2007,0,0.0,S07,2007,20072,19,True
Medical Devices,Winter 2008,0,0.0,W08,2008,20080,21,True
Medical Devices,Summer 2008,0,0.0,S08,2008,20082,22,True
Medical Devices,Winter 2009,0,0.0,W09,2009,20090,16,True
Medical Devices,Summer 2009,0,0.0,S09,2009,20092,26,True
Medical Devices,Winter 2010,0,0.0,W10,2010,20100,27,True
Medical Devices,Summer 2010,0,0.0,S10,2010,20102,36,True
Medical Devices,Winter 2011,0,0.0,W11,2011,20110,45,True
Medical Devices,Summer 2011,0,0.0,S11,2011,20112,60,False
Medical Devices,Winter 2012,0,0.0,W12,2012,20120,66,False
Medical Devices,Summer 2012,0,0.0,S12,2012,20122,83,False
Medical Devices,Winter 2013,1,2.174,W13,2013,20130,46,True
Medical Devices,Summer 2013,0,0.0,S13,2013,20132,52,False
Medical Devices,Winter 2014,0,0.0,W14,2014,20140,74,False
Medical Devices,Summer 2014,0,0.0,S14,2014,20142,78,False
Medical Devices,Winter 2015,4,3.636,W15,2015,20150,110,False
Medical Devices,Summer 2015,3,2.885,S15,2015,20152,104,False
Medical Devices,Winter 2016,4,3.279,W16,2016,20160,122,False
Medical Devices,Summer 2016,1,0.98,S16,2016,20162,102,False
Medical Devices,Winter 2017,3,2.586,W17,2017,20170,116,False
Medical Devices,Summer 2017,0,0.0,S17,2017,20172,125,False
Medical Devices,Winter 2018,5,3.425,W18,2018,20180,146,False
Medical Devices,Summer 2018,4,3.053,S18,2018,20182,131,False
Medical Devices,Winter 2019,4,2.062,W19,2019,20190,194,False
Medical Devices,Summer 2019,2,1.136,S19,2019,20192,176,False
Medical Devices,Winter 2020,2,0.877,W20,2020,20200,228,False
Medical Devices,Summer 2020,4,1.914,S20,2020,20202,209,False
Medical Devices,Winter 2021,2,0.595,W21,2021,20210,336,False
Medical Devices,Summer 2021,12,3.069,S21,2021,20212,391,False
Medical Devices,Winter 2022,7,1.759,W22,2022,20220,398,False
Medical Devices,Summer 2022,3,1.282,S22,2022,20222,234,False
Medical Devices,Winter 2023,0,0.0,W23,2023,20230,274,False
Medical Devices,Summer 2023,3,1.364,S23,2023,20232,220,False
Medical Devices,Winter 2024,1,0.403,W24,2024,20240,248,False
Medical Devices,Summer 2024,0,0.0,S24,2024,20242,248,False
Medical Devices,Fall 2024,0,0.0,F24,2024,20243,94,False
Medical Devices,Winter 2025,0,0.0,W25,2025,20250,166,False
Medical Devices,Spring 2025,0,0.0,X25,2025,20251,143,False
Medical Devices,Summer 2025,1,0.602,S25,2025,20252,166,False
Medical Devices,Fall 2025,0,0.0,F25,2025,20253,146,False
Medical Devices,Winter 2026,0,0.0,W26,2026,20260,199,False
Medical Devices,Spring 2026,0,0.0,X26,2026,20261,195,False
Medical Devices,Summer 2026,1,0.426,S26,2026,20262,235,False
Medical Devices,Fall 2026,0,0.0,F26,2026,20263,35,True
Medical Devices,Winter 2027,0,0.0,W27,2027,20270,1,True
Medical Robotics,Summer 2005,0,0.0,S05,2005,20052,9,True
Medical Robotics,Winter 2006,0,0.0,W06,2006,20060,7,True
Medical Robotics,Summer 2006,0,0.0,S06,2006,20062,10,True
Medical Robotics,Winter 2007,0,0.0,W07,2007,20070,13,True
Medical Robotics,Summer 2007,0,0.0,S07,2007,20072,19,True
Medical Robotics,Winter 2008,0,0.0,W08,2008,20080,21,True
Medical Robotics,Summer 2008,0,0.0,S08,2008,20082,22,True
Medical Robotics,Winter 2009,0,0.0,W09,2009,20090,16,True
Medical Robotics,Summer 2009,0,0.0,S09,2009,20092,26,True
Medical Robotics,Winter 2010,0,0.0,W10,2010,20100,27,True
Medical Robotics,Summer 2010,0,0.0,S10,2010,20102,36,True
Medical Robotics,Winter 2011,0,0.0,W11,2011,20110,45,True
Medical Robotics,Summer 2011,0,0.0,S11,2011,20112,60,False
Medical Robotics,Winter 2012,0,0.0,W12,2012,20120,66,False
Medical Robotics,Summer 2012,0,0.0,S12,2012,20122,83,False
Medical Robotics,Winter 2013,0,0.0,W13,2013,20130,46,True
Medical Robotics,Summer 2013,0,0.0,S13,2013,20132,52,False
Medical Robotics,Winter 2014,0,0.0,W14,2014,20140,74,False
Medical Robotics,Summer 2014,0,0.0,S14,2014,20142,78,False
Medical Robotics,Winter 2015,0,0.0,W15,2015,20150,110,False
Medical Robotics,Summer 2015,0,0.0,S15,2015,20152,104,False
Medical Robotics,Winter 2016,0,0.0,W16,2016,20160,122,False
Medical Robotics,Summer 2016,0,0.0,S16,2016,20162,102,False
Medical Robotics,Winter 2017,0,0.0,W17,2017,20170,116,False
Medical Robotics,Summer 2017,0,0.0,S17,2017,20172,125,False
Medical Robotics,Winter 2018,0,0.0,W18,2018,20180,146,False
Medical Robotics,Summer 2018,0,0.0,S18,2018,20182,131,False
Medical Robotics,Winter 2019,1,0.515,W19,2019,20190,194,False
Medical Robotics,Summer 2019,1,0.568,S19,2019,20192,176,False
Medical Robotics,Winter 2020,0,0.0,W20,2020,20200,228,False
Medical Robotics,Summer 2020,0,0.0,S20,2020,20202,209,False
Medical Robotics,Winter 2021,0,0.0,W21,2021,20210,336,False
Medical Robotics,Summer 2021,1,0.256,S21,2021,20212,391,False
Medical Robotics,Winter 2022,0,0.0,W22,2022,20220,398,False
Medical Robotics,Summer 2022,1,0.427,S22,2022,20222,234,False
Medical Robotics,Winter 2023,0,0.0,W23,2023,20230,274,False
Medical Robotics,Summer 2023,1,0.455,S23,2023,20232,220,False
Medical Robotics,Winter 2024,0,0.0,W24,2024,20240,248,False
Medical Robotics,Summer 2024,0,0.0,S24,2024,20242,248,False
Medical Robotics,Fall 2024,0,0.0,F24,2024,20243,94,False
Medical Robotics,Winter 2025,0,0.0,W25,2025,20250,166,False
Medical Robotics,Spring 2025,0,0.0,X25,2025,20251,143,False
Medical Robotics,Summer 2025,0,0.0,S25,2025,20252,166,False
Medical Robotics,Fall 2025,0,0.0,F25,2025,20253,146,False
Medical Robotics,Winter 2026,0,0.0,W26,2026,20260,199,False
Medical Robotics,Spring 2026,0,0.0,X26,2026,20261,195,False
Medical Robotics,Summer 2026,0,0.0,S26,2026,20262,235,False
Medical Robotics,Fall 2026,0,0.0,F26,2026,20263,35,True
Medical Robotics,Winter 2027,0,0.0,W27,2027,20270,1,True
Mental Health,Summer 2005,0,0.0,S05,2005,20052,9,True
Mental Health,Winter 2006,0,0.0,W06,2006,20060,7,True
Mental Health,Summer 2006,0,0.0,S06,2006,20062,10,True
Mental Health,Winter 2007,0,0.0,W07,2007,20070,13,True
Mental Health,Summer 2007,0,0.0,S07,2007,20072,19,True
Mental Health,Winter 2008,0,0.0,W08,2008,20080,21,True
Mental Health,Summer 2008,0,0.0,S08,2008,20082,22,True
Mental Health,Winter 2009,0,0.0,W09,2009,20090,16,True
Mental Health,Summer 2009,0,0.0,S09,2009,20092,26,True
Mental Health,Winter 2010,0,0.0,W10,2010,20100,27,True
Mental Health,Summer 2010,0,0.0,S10,2010,20102,36,True
Mental Health,Winter 2011,0,0.0,W11,2011,20110,45,True
Mental Health,Summer 2011,0,0.0,S11,2011,20112,60,False
Mental Health,Winter 2012,0,0.0,W12,2012,20120,66,False
Mental Health,Summer 2012,0,0.0,S12,2012,20122,83,False
Mental Health,Winter 2013,0,0.0,W13,2013,20130,46,True
Mental Health,Summer 2013,0,0.0,S13,2013,20132,52,False
Mental Health,Winter 2014,0,0.0,W14,2014,20140,74,False
Mental Health,Summer 2014,0,0.0,S14,2014,20142,78,False
Mental Health,Winter 2015,1,0.909,W15,2015,20150,110,False
Mental Health,Summer 2015,0,0.0,S15,2015,20152,104,False
Mental Health,Winter 2016,0,0.0,W16,2016,20160,122,False
Mental Health,Summer 2016,0,0.0,S16,2016,20162,102,False
Mental Health,Winter 2017,0,0.0,W17,2017,20170,116,False
Mental Health,Summer 2017,0,0.0,S17,2017,20172,125,False
Mental Health,Winter 2018,0,0.0,W18,2018,20180,146,False
Mental Health,Summer 2018,0,0.0,S18,2018,20182,131,False
Mental Health,Winter 2019,0,0.0,W19,2019,20190,194,False
Mental Health,Summer 2019,1,0.568,S19,2019,20192,176,False
Mental Health,Winter 2020,1,0.439,W20,2020,20200,228,False
Mental Health,Summer 2020,2,0.957,S20,2020,20202,209,False
Mental Health,Winter 2021,0,0.0,W21,2021,20210,336,False
Mental Health,Summer 2021,2,0.512,S21,2021,20212,391,False
Mental Health,Winter 2022,0,0.0,W22,2022,20220,398,False
Mental Health,Summer 2022,0,0.0,S22,2022,20222,234,False
Mental Health,Winter 2023,0,0.0,W23,2023,20230,274,False
Mental Health,Summer 2023,0,0.0,S23,2023,20232,220,False
Mental Health,Winter 2024,0,0.0,W24,2024,20240,248,False
Mental Health,Summer 2024,0,0.0,S24,2024,20242,248,False
Mental Health,Fall 2024,0,0.0,F24,2024,20243,94,False
Mental Health,Winter 2025,0,0.0,W25,2025,20250,166,False
Mental Health,Spring 2025,0,0.0,X25,2025,20251,143,False
Mental Health,Summer 2025,1,0.602,S25,2025,20252,166,False
Mental Health,Fall 2025,0,0.0,F25,2025,20253,146,False
Mental Health,Winter 2026,0,0.0,W26,2026,20260,199,False
Mental Health,Spring 2026,0,0.0,X26,2026,20261,195,False
Mental Health,Summer 2026,1,0.426,S26,2026,20262,235,False
Mental Health,Fall 2026,0,0.0,F26,2026,20263,35,True
Mental Health,Winter 2027,0,0.0,W27,2027,20270,1,True
Mental Health Tech,Summer 2005,0,0.0,S05,2005,20052,9,True
Mental Health Tech,Winter 2006,0,0.0,W06,2006,20060,7,True
Mental Health Tech,Summer 2006,0,0.0,S06,2006,20062,10,True
Mental Health Tech,Winter 2007,0,0.0,W07,2007,20070,13,True
Mental Health Tech,Summer 2007,0,0.0,S07,2007,20072,19,True
Mental Health Tech,Winter 2008,0,0.0,W08,2008,20080,21,True
Mental Health Tech,Summer 2008,0,0.0,S08,2008,20082,22,True
Mental Health Tech,Winter 2009,0,0.0,W09,2009,20090,16,True
Mental Health Tech,Summer 2009,0,0.0,S09,2009,20092,26,True
Mental Health Tech,Winter 2010,0,0.0,W10,2010,20100,27,True
Mental Health Tech,Summer 2010,0,0.0,S10,2010,20102,36,True
Mental Health Tech,Winter 2011,0,0.0,W11,2011,20110,45,True
Mental Health Tech,Summer 2011,0,0.0,S11,2011,20112,60,False
Mental Health Tech,Winter 2012,0,0.0,W12,2012,20120,66,False
Mental Health Tech,Summer 2012,0,0.0,S12,2012,20122,83,False
Mental Health Tech,Winter 2013,0,0.0,W13,2013,20130,46,True
Mental Health Tech,Summer 2013,1,1.923,S13,2013,20132,52,False
Mental Health Tech,Winter 2014,0,0.0,W14,2014,20140,74,False
Mental Health Tech,Summer 2014,1,1.282,S14,2014,20142,78,False
Mental Health Tech,Winter 2015,0,0.0,W15,2015,20150,110,False
Mental Health Tech,Summer 2015,0,0.0,S15,2015,20152,104,False
Mental Health Tech,Winter 2016,2,1.639,W16,2016,20160,122,False
Mental Health Tech,Summer 2016,1,0.98,S16,2016,20162,102,False
Mental Health Tech,Winter 2017,2,1.724,W17,2017,20170,116,False
Mental Health Tech,Summer 2017,0,0.0,S17,2017,20172,125,False
Mental Health Tech,Winter 2018,2,1.37,W18,2018,20180,146,False
Mental Health Tech,Summer 2018,2,1.527,S18,2018,20182,131,False
Mental Health Tech,Winter 2019,0,0.0,W19,2019,20190,194,False
Mental Health Tech,Summer 2019,1,0.568,S19,2019,20192,176,False
Mental Health Tech,Winter 2020,3,1.316,W20,2020,20200,228,False
Mental Health Tech,Summer 2020,2,0.957,S20,2020,20202,209,False
Mental Health Tech,Winter 2021,3,0.893,W21,2021,20210,336,False
Mental Health Tech,Summer 2021,7,1.79,S21,2021,20212,391,False
Mental Health Tech,Winter 2022,6,1.508,W22,2022,20220,398,False
Mental Health Tech,Summer 2022,1,0.427,S22,2022,20222,234,False
Mental Health Tech,Winter 2023,2,0.73,W23,2023,20230,274,False
Mental Health Tech,Summer 2023,0,0.0,S23,2023,20232,220,False
Mental Health Tech,Winter 2024,0,0.0,W24,2024,20240,248,False
Mental Health Tech,Summer 2024,0,0.0,S24,2024,20242,248,False
Mental Health Tech,Fall 2024,0,0.0,F24,2024,20243,94,False
Mental Health Tech,Winter 2025,0,0.0,W25,2025,20250,166,False
Mental Health Tech,Spring 2025,0,0.0,X25,2025,20251,143,False
Mental Health Tech,Summer 2025,0,0.0,S25,2025,20252,166,False
Mental Health Tech,Fall 2025,0,0.0,F25,2025,20253,146,False
Mental Health Tech,Winter 2026,0,0.0,W26,2026,20260,199,False
Mental Health Tech,Spring 2026,0,0.0,X26,2026,20261,195,False
Mental Health Tech,Summer 2026,0,0.0,S26,2026,20262,235,False
Mental Health Tech,Fall 2026,0,0.0,F26,2026,20263,35,True
Mental Health Tech,Winter 2027,0,0.0,W27,2027,20270,1,True
Messaging,Summer 2005,0,0.0,S05,2005,20052,9,True
Messaging,Winter 2006,0,0.0,W06,2006,20060,7,True
Messaging,Summer 2006,0,0.0,S06,2006,20062,10,True
Messaging,Winter 2007,2,15.385,W07,2007,20070,13,True
Messaging,Summer 2007,0,0.0,S07,2007,20072,19,True
Messaging,Winter 2008,0,0.0,W08,2008,20080,21,True
Messaging,Summer 2008,0,0.0,S08,2008,20082,22,True
Messaging,Winter 2009,0,0.0,W09,2009,20090,16,True
Messaging,Summer 2009,0,0.0,S09,2009,20092,26,True
Messaging,Winter 2010,0,0.0,W10,2010,20100,27,True
Messaging,Summer 2010,1,2.778,S10,2010,20102,36,True
Messaging,Winter 2011,3,6.667,W11,2011,20110,45,True
Messaging,Summer 2011,1,1.667,S11,2011,20112,60,False
Messaging,Winter 2012,5,7.576,W12,2012,20120,66,False
Messaging,Summer 2012,1,1.205,S12,2012,20122,83,False
Messaging,Winter 2013,0,0.0,W13,2013,20130,46,True
Messaging,Summer 2013,1,1.923,S13,2013,20132,52,False
Messaging,Winter 2014,2,2.703,W14,2014,20140,74,False
Messaging,Summer 2014,1,1.282,S14,2014,20142,78,False
Messaging,Winter 2015,2,1.818,W15,2015,20150,110,False
Messaging,Summer 2015,1,0.962,S15,2015,20152,104,False
Messaging,Winter 2016,3,2.459,W16,2016,20160,122,False
Messaging,Summer 2016,1,0.98,S16,2016,20162,102,False
Messaging,Winter 2017,2,1.724,W17,2017,20170,116,False
Messaging,Summer 2017,1,0.8,S17,2017,20172,125,False
Messaging,Winter 2018,2,1.37,W18,2018,20180,146,False
Messaging,Summer 2018,0,0.0,S18,2018,20182,131,False
Messaging,Winter 2019,0,0.0,W19,2019,20190,194,False
Messaging,Summer 2019,2,1.136,S19,2019,20192,176,False
Messaging,Winter 2020,1,0.439,W20,2020,20200,228,False
Messaging,Summer 2020,2,0.957,S20,2020,20202,209,False
Messaging,Winter 2021,0,0.0,W21,2021,20210,336,False
Messaging,Summer 2021,2,0.512,S21,2021,20212,391,False
Messaging,Winter 2022,1,0.251,W22,2022,20220,398,False
Messaging,Summer 2022,3,1.282,S22,2022,20222,234,False
Messaging,Winter 2023,0,0.0,W23,2023,20230,274,False
Messaging,Summer 2023,0,0.0,S23,2023,20232,220,False
Messaging,Winter 2024,0,0.0,W24,2024,20240,248,False
Messaging,Summer 2024,1,0.403,S24,2024,20242,248,False
Messaging,Fall 2024,1,1.064,F24,2024,20243,94,False
Messaging,Winter 2025,0,0.0,W25,2025,20250,166,False
Messaging,Spring 2025,0,0.0,X25,2025,20251,143,False
Messaging,Summer 2025,0,0.0,S25,2025,20252,166,False
Messaging,Fall 2025,0,0.0,F25,2025,20253,146,False
Messaging,Winter 2026,0,0.0,W26,2026,20260,199,False
Messaging,Spring 2026,1,0.513,X26,2026,20261,195,False
Messaging,Summer 2026,0,0.0,S26,2026,20262,235,False
Messaging,Fall 2026,0,0.0,F26,2026,20263,35,True
Messaging,Winter 2027,0,0.0,W27,2027,20270,1,True
Metaverse,Summer 2005,0,0.0,S05,2005,20052,9,True
Metaverse,Winter 2006,0,0.0,W06,2006,20060,7,True
Metaverse,Summer 2006,0,0.0,S06,2006,20062,10,True
Metaverse,Winter 2007,0,0.0,W07,2007,20070,13,True
Metaverse,Summer 2007,0,0.0,S07,2007,20072,19,True
Metaverse,Winter 2008,0,0.0,W08,2008,20080,21,True
Metaverse,Summer 2008,0,0.0,S08,2008,20082,22,True
Metaverse,Winter 2009,0,0.0,W09,2009,20090,16,True
Metaverse,Summer 2009,0,0.0,S09,2009,20092,26,True
Metaverse,Winter 2010,0,0.0,W10,2010,20100,27,True
Metaverse,Summer 2010,0,0.0,S10,2010,20102,36,True
Metaverse,Winter 2011,0,0.0,W11,2011,20110,45,True
Metaverse,Summer 2011,0,0.0,S11,2011,20112,60,False
Metaverse,Winter 2012,0,0.0,W12,2012,20120,66,False
Metaverse,Summer 2012,1,1.205,S12,2012,20122,83,False
Metaverse,Winter 2013,0,0.0,W13,2013,20130,46,True
Metaverse,Summer 2013,0,0.0,S13,2013,20132,52,False
Metaverse,Winter 2014,0,0.0,W14,2014,20140,74,False
Metaverse,Summer 2014,0,0.0,S14,2014,20142,78,False
Metaverse,Winter 2015,0,0.0,W15,2015,20150,110,False
Metaverse,Summer 2015,0,0.0,S15,2015,20152,104,False
Metaverse,Winter 2016,0,0.0,W16,2016,20160,122,False
Metaverse,Summer 2016,1,0.98,S16,2016,20162,102,False
Metaverse,Winter 2017,0,0.0,W17,2017,20170,116,False
Metaverse,Summer 2017,0,0.0,S17,2017,20172,125,False
Metaverse,Winter 2018,0,0.0,W18,2018,20180,146,False
Metaverse,Summer 2018,0,0.0,S18,2018,20182,131,False
Metaverse,Winter 2019,1,0.515,W19,2019,20190,194,False
Metaverse,Summer 2019,2,1.136,S19,2019,20192,176,False
Metaverse,Winter 2020,0,0.0,W20,2020,20200,228,False
Metaverse,Summer 2020,1,0.478,S20,2020,20202,209,False
Metaverse,Winter 2021,0,0.0,W21,2021,20210,336,False
Metaverse,Summer 2021,0,0.0,S21,2021,20212,391,False
Metaverse,Winter 2022,1,0.251,W22,2022,20220,398,False
Metaverse,Summer 2022,1,0.427,S22,2022,20222,234,False
Metaverse,Winter 2023,0,0.0,W23,2023,20230,274,False
Metaverse,Summer 2023,0,0.0,S23,2023,20232,220,False
Metaverse,Winter 2024,0,0.0,W24,2024,20240,248,False
Metaverse,Summer 2024,0,0.0,S24,2024,20242,248,False
Metaverse,Fall 2024,0,0.0,F24,2024,20243,94,False
Metaverse,Winter 2025,0,0.0,W25,2025,20250,166,False
Metaverse,Spring 2025,0,0.0,X25,2025,20251,143,False
Metaverse,Summer 2025,0,0.0,S25,2025,20252,166,False
Metaverse,Fall 2025,0,0.0,F25,2025,20253,146,False
Metaverse,Winter 2026,0,0.0,W26,2026,20260,199,False
Metaverse,Spring 2026,0,0.0,X26,2026,20261,195,False
Metaverse,Summer 2026,0,0.0,S26,2026,20262,235,False
Metaverse,Fall 2026,0,0.0,F26,2026,20263,35,True
Metaverse,Winter 2027,0,0.0,W27,2027,20270,1,True
Microfluidics,Summer 2005,0,0.0,S05,2005,20052,9,True
Microfluidics,Winter 2006,0,0.0,W06,2006,20060,7,True
Microfluidics,Summer 2006,0,0.0,S06,2006,20062,10,True
Microfluidics,Winter 2007,0,0.0,W07,2007,20070,13,True
Microfluidics,Summer 2007,0,0.0,S07,2007,20072,19,True
Microfluidics,Winter 2008,0,0.0,W08,2008,20080,21,True
Microfluidics,Summer 2008,0,0.0,S08,2008,20082,22,True
Microfluidics,Winter 2009,0,0.0,W09,2009,20090,16,True
Microfluidics,Summer 2009,0,0.0,S09,2009,20092,26,True
Microfluidics,Winter 2010,0,0.0,W10,2010,20100,27,True
Microfluidics,Summer 2010,0,0.0,S10,2010,20102,36,True
Microfluidics,Winter 2011,0,0.0,W11,2011,20110,45,True
Microfluidics,Summer 2011,0,0.0,S11,2011,20112,60,False
Microfluidics,Winter 2012,0,0.0,W12,2012,20120,66,False
Microfluidics,Summer 2012,0,0.0,S12,2012,20122,83,False
Microfluidics,Winter 2013,0,0.0,W13,2013,20130,46,True
Microfluidics,Summer 2013,0,0.0,S13,2013,20132,52,False
Microfluidics,Winter 2014,0,0.0,W14,2014,20140,74,False
Microfluidics,Summer 2014,0,0.0,S14,2014,20142,78,False
Microfluidics,Winter 2015,0,0.0,W15,2015,20150,110,False
Microfluidics,Summer 2015,0,0.0,S15,2015,20152,104,False
Microfluidics,Winter 2016,0,0.0,W16,2016,20160,122,False
Microfluidics,Summer 2016,0,0.0,S16,2016,20162,102,False
Microfluidics,Winter 2017,1,0.862,W17,2017,20170,116,False
Microfluidics,Summer 2017,1,0.8,S17,2017,20172,125,False
Microfluidics,Winter 2018,1,0.685,W18,2018,20180,146,False
Microfluidics,Summer 2018,0,0.0,S18,2018,20182,131,False
Microfluidics,Winter 2019,0,0.0,W19,2019,20190,194,False
Microfluidics,Summer 2019,0,0.0,S19,2019,20192,176,False
Microfluidics,Winter 2020,0,0.0,W20,2020,20200,228,False
Microfluidics,Summer 2020,0,0.0,S20,2020,20202,209,False
Microfluidics,Winter 2021,0,0.0,W21,2021,20210,336,False
Microfluidics,Summer 2021,1,0.256,S21,2021,20212,391,False
Microfluidics,Winter 2022,0,0.0,W22,2022,20220,398,False
Microfluidics,Summer 2022,0,0.0,S22,2022,20222,234,False
Microfluidics,Winter 2023,1,0.365,W23,2023,20230,274,False
Microfluidics,Summer 2023,0,0.0,S23,2023,20232,220,False
Microfluidics,Winter 2024,0,0.0,W24,2024,20240,248,False
Microfluidics,Summer 2024,0,0.0,S24,2024,20242,248,False
Microfluidics,Fall 2024,0,0.0,F24,2024,20243,94,False
Microfluidics,Winter 2025,0,0.0,W25,2025,20250,166,False
Microfluidics,Spring 2025,0,0.0,X25,2025,20251,143,False
Microfluidics,Summer 2025,0,0.0,S25,2025,20252,166,False
Microfluidics,Fall 2025,0,0.0,F25,2025,20253,146,False
Microfluidics,Winter 2026,0,0.0,W26,2026,20260,199,False
Microfluidics,Spring 2026,0,0.0,X26,2026,20261,195,False
Microfluidics,Summer 2026,0,0.0,S26,2026,20262,235,False
Microfluidics,Fall 2026,0,0.0,F26,2026,20263,35,True
Microfluidics,Winter 2027,0,0.0,W27,2027,20270,1,True
Microinsurance,Summer 2005,0,0.0,S05,2005,20052,9,True
Microinsurance,Winter 2006,0,0.0,W06,2006,20060,7,True
Microinsurance,Summer 2006,0,0.0,S06,2006,20062,10,True
Microinsurance,Winter 2007,0,0.0,W07,2007,20070,13,True
Microinsurance,Summer 2007,0,0.0,S07,2007,20072,19,True
Microinsurance,Winter 2008,0,0.0,W08,2008,20080,21,True
Microinsurance,Summer 2008,0,0.0,S08,2008,20082,22,True
Microinsurance,Winter 2009,0,0.0,W09,2009,20090,16,True
Microinsurance,Summer 2009,0,0.0,S09,2009,20092,26,True
Microinsurance,Winter 2010,0,0.0,W10,2010,20100,27,True
Microinsurance,Summer 2010,0,0.0,S10,2010,20102,36,True
Microinsurance,Winter 2011,0,0.0,W11,2011,20110,45,True
Microinsurance,Summer 2011,0,0.0,S11,2011,20112,60,False
Microinsurance,Winter 2012,0,0.0,W12,2012,20120,66,False
Microinsurance,Summer 2012,0,0.0,S12,2012,20122,83,False
Microinsurance,Winter 2013,0,0.0,W13,2013,20130,46,True
Microinsurance,Summer 2013,0,0.0,S13,2013,20132,52,False
Microinsurance,Winter 2014,0,0.0,W14,2014,20140,74,False
Microinsurance,Summer 2014,0,0.0,S14,2014,20142,78,False
Microinsurance,Winter 2015,0,0.0,W15,2015,20150,110,False
Microinsurance,Summer 2015,0,0.0,S15,2015,20152,104,False
Microinsurance,Winter 2016,0,0.0,W16,2016,20160,122,False
Microinsurance,Summer 2016,0,0.0,S16,2016,20162,102,False
Microinsurance,Winter 2017,1,0.862,W17,2017,20170,116,False
Microinsurance,Summer 2017,0,0.0,S17,2017,20172,125,False
Microinsurance,Winter 2018,0,0.0,W18,2018,20180,146,False
Microinsurance,Summer 2018,0,0.0,S18,2018,20182,131,False
Microinsurance,Winter 2019,0,0.0,W19,2019,20190,194,False
Microinsurance,Summer 2019,0,0.0,S19,2019,20192,176,False
Microinsurance,Winter 2020,0,0.0,W20,2020,20200,228,False
Microinsurance,Summer 2020,0,0.0,S20,2020,20202,209,False
Microinsurance,Winter 2021,1,0.298,W21,2021,20210,336,False
Microinsurance,Summer 2021,0,0.0,S21,2021,20212,391,False
Microinsurance,Winter 2022,1,0.251,W22,2022,20220,398,False
Microinsurance,Summer 2022,0,0.0,S22,2022,20222,234,False
Microinsurance,Winter 2023,0,0.0,W23,2023,20230,274,False
Microinsurance,Summer 2023,0,0.0,S23,2023,20232,220,False
Microinsurance,Winter 2024,0,0.0,W24,2024,20240,248,False
Microinsurance,Summer 2024,0,0.0,S24,2024,20242,248,False
Microinsurance,Fall 2024,0,0.0,F24,2024,20243,94,False
Microinsurance,Winter 2025,0,0.0,W25,2025,20250,166,False
Microinsurance,Spring 2025,0,0.0,X25,2025,20251,143,False
Microinsurance,Summer 2025,0,0.0,S25,2025,20252,166,False
Microinsurance,Fall 2025,0,0.0,F25,2025,20253,146,False
Microinsurance,Winter 2026,0,0.0,W26,2026,20260,199,False
Microinsurance,Spring 2026,0,0.0,X26,2026,20261,195,False
Microinsurance,Summer 2026,0,0.0,S26,2026,20262,235,False
Microinsurance,Fall 2026,0,0.0,F26,2026,20263,35,True
Microinsurance,Winter 2027,0,0.0,W27,2027,20270,1,True
Mining,Summer 2005,0,0.0,S05,2005,20052,9,True
Mining,Winter 2006,0,0.0,W06,2006,20060,7,True
Mining,Summer 2006,0,0.0,S06,2006,20062,10,True
Mining,Winter 2007,0,0.0,W07,2007,20070,13,True
Mining,Summer 2007,0,0.0,S07,2007,20072,19,True
Mining,Winter 2008,0,0.0,W08,2008,20080,21,True
Mining,Summer 2008,0,0.0,S08,2008,20082,22,True
Mining,Winter 2009,0,0.0,W09,2009,20090,16,True
Mining,Summer 2009,0,0.0,S09,2009,20092,26,True
Mining,Winter 2010,0,0.0,W10,2010,20100,27,True
Mining,Summer 2010,0,0.0,S10,2010,20102,36,True
Mining,Winter 2011,0,0.0,W11,2011,20110,45,True
Mining,Summer 2011,0,0.0,S11,2011,20112,60,False
Mining,Winter 2012,0,0.0,W12,2012,20120,66,False
Mining,Summer 2012,0,0.0,S12,2012,20122,83,False
Mining,Winter 2013,0,0.0,W13,2013,20130,46,True
Mining,Summer 2013,0,0.0,S13,2013,20132,52,False
Mining,Winter 2014,0,0.0,W14,2014,20140,74,False
Mining,Summer 2014,0,0.0,S14,2014,20142,78,False
Mining,Winter 2015,0,0.0,W15,2015,20150,110,False
Mining,Summer 2015,0,0.0,S15,2015,20152,104,False
Mining,Winter 2016,0,0.0,W16,2016,20160,122,False
Mining,Summer 2016,0,0.0,S16,2016,20162,102,False
Mining,Winter 2017,0,0.0,W17,2017,20170,116,False
Mining,Summer 2017,0,0.0,S17,2017,20172,125,False
Mining,Winter 2018,0,0.0,W18,2018,20180,146,False
Mining,Summer 2018,1,0.763,S18,2018,20182,131,False
Mining,Winter 2019,0,0.0,W19,2019,20190,194,False
Mining,Summer 2019,1,0.568,S19,2019,20192,176,False
Mining,Winter 2020,1,0.439,W20,2020,20200,228,False
Mining,Summer 2020,0,0.0,S20,2020,20202,209,False
Mining,Winter 2021,0,0.0,W21,2021,20210,336,False
Mining,Summer 2021,0,0.0,S21,2021,20212,391,False
Mining,Winter 2022,2,0.503,W22,2022,20220,398,False
Mining,Summer 2022,0,0.0,S22,2022,20222,234,False
Mining,Winter 2023,0,0.0,W23,2023,20230,274,False
Mining,Summer 2023,0,0.0,S23,2023,20232,220,False
Mining,Winter 2024,0,0.0,W24,2024,20240,248,False
Mining,Summer 2024,1,0.403,S24,2024,20242,248,False
Mining,Fall 2024,0,0.0,F24,2024,20243,94,False
Mining,Winter 2025,0,0.0,W25,2025,20250,166,False
Mining,Spring 2025,0,0.0,X25,2025,20251,143,False
Mining,Summer 2025,0,0.0,S25,2025,20252,166,False
Mining,Fall 2025,0,0.0,F25,2025,20253,146,False
Mining,Winter 2026,0,0.0,W26,2026,20260,199,False
Mining,Spring 2026,0,0.0,X26,2026,20261,195,False
Mining,Summer 2026,0,0.0,S26,2026,20262,235,False
Mining,Fall 2026,0,0.0,F26,2026,20263,35,True
Mining,Winter 2027,0,0.0,W27,2027,20270,1,True
Mobility,Summer 2005,0,0.0,S05,2005,20052,9,True
Mobility,Winter 2006,0,0.0,W06,2006,20060,7,True
Mobility,Summer 2006,0,0.0,S06,2006,20062,10,True
Mobility,Winter 2007,0,0.0,W07,2007,20070,13,True
Mobility,Summer 2007,0,0.0,S07,2007,20072,19,True
Mobility,Winter 2008,0,0.0,W08,2008,20080,21,True
Mobility,Summer 2008,0,0.0,S08,2008,20082,22,True
Mobility,Winter 2009,0,0.0,W09,2009,20090,16,True
Mobility,Summer 2009,0,0.0,S09,2009,20092,26,True
Mobility,Winter 2010,0,0.0,W10,2010,20100,27,True
Mobility,Summer 2010,0,0.0,S10,2010,20102,36,True
Mobility,Winter 2011,0,0.0,W11,2011,20110,45,True
Mobility,Summer 2011,0,0.0,S11,2011,20112,60,False
Mobility,Winter 2012,0,0.0,W12,2012,20120,66,False
Mobility,Summer 2012,1,1.205,S12,2012,20122,83,False
Mobility,Winter 2013,1,2.174,W13,2013,20130,46,True
Mobility,Summer 2013,0,0.0,S13,2013,20132,52,False
Mobility,Winter 2014,0,0.0,W14,2014,20140,74,False
Mobility,Summer 2014,0,0.0,S14,2014,20142,78,False
Mobility,Winter 2015,1,0.909,W15,2015,20150,110,False
Mobility,Summer 2015,0,0.0,S15,2015,20152,104,False
Mobility,Winter 2016,1,0.82,W16,2016,20160,122,False
Mobility,Summer 2016,1,0.98,S16,2016,20162,102,False
Mobility,Winter 2017,0,0.0,W17,2017,20170,116,False
Mobility,Summer 2017,0,0.0,S17,2017,20172,125,False
Mobility,Winter 2018,0,0.0,W18,2018,20180,146,False
Mobility,Summer 2018,2,1.527,S18,2018,20182,131,False
Mobility,Winter 2019,1,0.515,W19,2019,20190,194,False
Mobility,Summer 2019,0,0.0,S19,2019,20192,176,False
Mobility,Winter 2020,1,0.439,W20,2020,20200,228,False
Mobility,Summer 2020,0,0.0,S20,2020,20202,209,False
Mobility,Winter 2021,2,0.595,W21,2021,20210,336,False
Mobility,Summer 2021,0,0.0,S21,2021,20212,391,False
Mobility,Winter 2022,1,0.251,W22,2022,20220,398,False
Mobility,Summer 2022,0,0.0,S22,2022,20222,234,False
Mobility,Winter 2023,0,0.0,W23,2023,20230,274,False
Mobility,Summer 2023,0,0.0,S23,2023,20232,220,False
Mobility,Winter 2024,0,0.0,W24,2024,20240,248,False
Mobility,Summer 2024,1,0.403,S24,2024,20242,248,False
Mobility,Fall 2024,0,0.0,F24,2024,20243,94,False
Mobility,Winter 2025,0,0.0,W25,2025,20250,166,False
Mobility,Spring 2025,0,0.0,X25,2025,20251,143,False
Mobility,Summer 2025,0,0.0,S25,2025,20252,166,False
Mobility,Fall 2025,0,0.0,F25,2025,20253,146,False
Mobility,Winter 2026,0,0.0,W26,2026,20260,199,False
Mobility,Spring 2026,0,0.0,X26,2026,20261,195,False
Mobility,Summer 2026,0,0.0,S26,2026,20262,235,False
Mobility,Fall 2026,0,0.0,F26,2026,20263,35,True
Mobility,Winter 2027,0,0.0,W27,2027,20270,1,True
Monitoring,Summer 2005,0,0.0,S05,2005,20052,9,True
Monitoring,Winter 2006,0,0.0,W06,2006,20060,7,True
Monitoring,Summer 2006,0,0.0,S06,2006,20062,10,True
Monitoring,Winter 2007,0,0.0,W07,2007,20070,13,True
Monitoring,Summer 2007,0,0.0,S07,2007,20072,19,True
Monitoring,Winter 2008,0,0.0,W08,2008,20080,21,True
Monitoring,Summer 2008,0,0.0,S08,2008,20082,22,True
Monitoring,Winter 2009,0,0.0,W09,2009,20090,16,True
Monitoring,Summer 2009,0,0.0,S09,2009,20092,26,True
Monitoring,Winter 2010,0,0.0,W10,2010,20100,27,True
Monitoring,Summer 2010,1,2.778,S10,2010,20102,36,True
Monitoring,Winter 2011,0,0.0,W11,2011,20110,45,True
Monitoring,Summer 2011,0,0.0,S11,2011,20112,60,False
Monitoring,Winter 2012,0,0.0,W12,2012,20120,66,False
Monitoring,Summer 2012,0,0.0,S12,2012,20122,83,False
Monitoring,Winter 2013,0,0.0,W13,2013,20130,46,True
Monitoring,Summer 2013,1,1.923,S13,2013,20132,52,False
Monitoring,Winter 2014,0,0.0,W14,2014,20140,74,False
Monitoring,Summer 2014,1,1.282,S14,2014,20142,78,False
Monitoring,Winter 2015,0,0.0,W15,2015,20150,110,False
Monitoring,Summer 2015,1,0.962,S15,2015,20152,104,False
Monitoring,Winter 2016,0,0.0,W16,2016,20160,122,False
Monitoring,Summer 2016,0,0.0,S16,2016,20162,102,False
Monitoring,Winter 2017,0,0.0,W17,2017,20170,116,False
Monitoring,Summer 2017,0,0.0,S17,2017,20172,125,False
Monitoring,Winter 2018,0,0.0,W18,2018,20180,146,False
Monitoring,Summer 2018,0,0.0,S18,2018,20182,131,False
Monitoring,Winter 2019,0,0.0,W19,2019,20190,194,False
Monitoring,Summer 2019,0,0.0,S19,2019,20192,176,False
Monitoring,Winter 2020,0,0.0,W20,2020,20200,228,False
Monitoring,Summer 2020,0,0.0,S20,2020,20202,209,False
Monitoring,Winter 2021,1,0.298,W21,2021,20210,336,False
Monitoring,Summer 2021,0,0.0,S21,2021,20212,391,False
Monitoring,Winter 2022,0,0.0,W22,2022,20220,398,False
Monitoring,Summer 2022,0,0.0,S22,2022,20222,234,False
Monitoring,Winter 2023,2,0.73,W23,2023,20230,274,False
Monitoring,Summer 2023,1,0.455,S23,2023,20232,220,False
Monitoring,Winter 2024,2,0.806,W24,2024,20240,248,False
Monitoring,Summer 2024,1,0.403,S24,2024,20242,248,False
Monitoring,Fall 2024,0,0.0,F24,2024,20243,94,False
Monitoring,Winter 2025,0,0.0,W25,2025,20250,166,False
Monitoring,Spring 2025,1,0.699,X25,2025,20251,143,False
Monitoring,Summer 2025,0,0.0,S25,2025,20252,166,False
Monitoring,Fall 2025,1,0.685,F25,2025,20253,146,False
Monitoring,Winter 2026,0,0.0,W26,2026,20260,199,False
Monitoring,Spring 2026,0,0.0,X26,2026,20261,195,False
Monitoring,Summer 2026,2,0.851,S26,2026,20262,235,False
Monitoring,Fall 2026,0,0.0,F26,2026,20263,35,True
Monitoring,Winter 2027,0,0.0,W27,2027,20270,1,True
Music,Summer 2005,0,0.0,S05,2005,20052,9,True
Music,Winter 2006,0,0.0,W06,2006,20060,7,True
Music,Summer 2006,1,10.0,S06,2006,20062,10,True
Music,Winter 2007,0,0.0,W07,2007,20070,13,True
Music,Summer 2007,1,5.263,S07,2007,20072,19,True
Music,Winter 2008,1,4.762,W08,2008,20080,21,True
Music,Summer 2008,1,4.545,S08,2008,20082,22,True
Music,Winter 2009,1,6.25,W09,2009,20090,16,True
Music,Summer 2009,0,0.0,S09,2009,20092,26,True
Music,Winter 2010,0,0.0,W10,2010,20100,27,True
Music,Summer 2010,0,0.0,S10,2010,20102,36,True
Music,Winter 2011,1,2.222,W11,2011,20110,45,True
Music,Summer 2011,1,1.667,S11,2011,20112,60,False
Music,Winter 2012,0,0.0,W12,2012,20120,66,False
Music,Summer 2012,1,1.205,S12,2012,20122,83,False
Music,Winter 2013,1,2.174,W13,2013,20130,46,True
Music,Summer 2013,1,1.923,S13,2013,20132,52,False
Music,Winter 2014,0,0.0,W14,2014,20140,74,False
Music,Summer 2014,0,0.0,S14,2014,20142,78,False
Music,Winter 2015,0,0.0,W15,2015,20150,110,False
Music,Summer 2015,0,0.0,S15,2015,20152,104,False
Music,Winter 2016,1,0.82,W16,2016,20160,122,False
Music,Summer 2016,0,0.0,S16,2016,20162,102,False
Music,Winter 2017,1,0.862,W17,2017,20170,116,False
Music,Summer 2017,1,0.8,S17,2017,20172,125,False
Music,Winter 2018,0,0.0,W18,2018,20180,146,False
Music,Summer 2018,0,0.0,S18,2018,20182,131,False
Music,Winter 2019,0,0.0,W19,2019,20190,194,False
Music,Summer 2019,0,0.0,S19,2019,20192,176,False
Music,Winter 2020,1,0.439,W20,2020,20200,228,False
Music,Summer 2020,0,0.0,S20,2020,20202,209,False
Music,Winter 2021,1,0.298,W21,2021,20210,336,False
Music,Summer 2021,0,0.0,S21,2021,20212,391,False
Music,Winter 2022,2,0.503,W22,2022,20220,398,False
Music,Summer 2022,0,0.0,S22,2022,20222,234,False
Music,Winter 2023,0,0.0,W23,2023,20230,274,False
Music,Summer 2023,0,0.0,S23,2023,20232,220,False
Music,Winter 2024,2,0.806,W24,2024,20240,248,False
Music,Summer 2024,0,0.0,S24,2024,20242,248,False
Music,Fall 2024,0,0.0,F24,2024,20243,94,False
Music,Winter 2025,0,0.0,W25,2025,20250,166,False
Music,Spring 2025,0,0.0,X25,2025,20251,143,False
Music,Summer 2025,0,0.0,S25,2025,20252,166,False
Music,Fall 2025,1,0.685,F25,2025,20253,146,False
Music,Winter 2026,0,0.0,W26,2026,20260,199,False
Music,Spring 2026,0,0.0,X26,2026,20261,195,False
Music,Summer 2026,0,0.0,S26,2026,20262,235,False
Music,Fall 2026,0,0.0,F26,2026,20263,35,True
Music,Winter 2027,0,0.0,W27,2027,20270,1,True
NFT,Summer 2005,0,0.0,S05,2005,20052,9,True
NFT,Winter 2006,0,0.0,W06,2006,20060,7,True
NFT,Summer 2006,0,0.0,S06,2006,20062,10,True
NFT,Winter 2007,0,0.0,W07,2007,20070,13,True
NFT,Summer 2007,0,0.0,S07,2007,20072,19,True
NFT,Winter 2008,0,0.0,W08,2008,20080,21,True
NFT,Summer 2008,0,0.0,S08,2008,20082,22,True
NFT,Winter 2009,0,0.0,W09,2009,20090,16,True
NFT,Summer 2009,0,0.0,S09,2009,20092,26,True
NFT,Winter 2010,0,0.0,W10,2010,20100,27,True
NFT,Summer 2010,0,0.0,S10,2010,20102,36,True
NFT,Winter 2011,0,0.0,W11,2011,20110,45,True
NFT,Summer 2011,0,0.0,S11,2011,20112,60,False
NFT,Winter 2012,0,0.0,W12,2012,20120,66,False
NFT,Summer 2012,0,0.0,S12,2012,20122,83,False
NFT,Winter 2013,0,0.0,W13,2013,20130,46,True
NFT,Summer 2013,0,0.0,S13,2013,20132,52,False
NFT,Winter 2014,0,0.0,W14,2014,20140,74,False
NFT,Summer 2014,0,0.0,S14,2014,20142,78,False
NFT,Winter 2015,0,0.0,W15,2015,20150,110,False
NFT,Summer 2015,0,0.0,S15,2015,20152,104,False
NFT,Winter 2016,0,0.0,W16,2016,20160,122,False
NFT,Summer 2016,0,0.0,S16,2016,20162,102,False
NFT,Winter 2017,0,0.0,W17,2017,20170,116,False
NFT,Summer 2017,0,0.0,S17,2017,20172,125,False
NFT,Winter 2018,1,0.685,W18,2018,20180,146,False
NFT,Summer 2018,0,0.0,S18,2018,20182,131,False
NFT,Winter 2019,0,0.0,W19,2019,20190,194,False
NFT,Summer 2019,0,0.0,S19,2019,20192,176,False
NFT,Winter 2020,0,0.0,W20,2020,20200,228,False
NFT,Summer 2020,0,0.0,S20,2020,20202,209,False
NFT,Winter 2021,0,0.0,W21,2021,20210,336,False
NFT,Summer 2021,0,0.0,S21,2021,20212,391,False
NFT,Winter 2022,2,0.503,W22,2022,20220,398,False
NFT,Summer 2022,1,0.427,S22,2022,20222,234,False
NFT,Winter 2023,0,0.0,W23,2023,20230,274,False
NFT,Summer 2023,0,0.0,S23,2023,20232,220,False
NFT,Winter 2024,0,0.0,W24,2024,20240,248,False
NFT,Summer 2024,0,0.0,S24,2024,20242,248,False
NFT,Fall 2024,0,0.0,F24,2024,20243,94,False
NFT,Winter 2025,0,0.0,W25,2025,20250,166,False
NFT,Spring 2025,0,0.0,X25,2025,20251,143,False
NFT,Summer 2025,0,0.0,S25,2025,20252,166,False
NFT,Fall 2025,0,0.0,F25,2025,20253,146,False
NFT,Winter 2026,0,0.0,W26,2026,20260,199,False
NFT,Spring 2026,0,0.0,X26,2026,20261,195,False
NFT,Summer 2026,0,0.0,S26,2026,20262,235,False
NFT,Fall 2026,0,0.0,F26,2026,20263,35,True
NFT,Winter 2027,0,0.0,W27,2027,20270,1,True
NLP,Summer 2005,0,0.0,S05,2005,20052,9,True
NLP,Winter 2006,0,0.0,W06,2006,20060,7,True
NLP,Summer 2006,0,0.0,S06,2006,20062,10,True
NLP,Winter 2007,0,0.0,W07,2007,20070,13,True
NLP,Summer 2007,0,0.0,S07,2007,20072,19,True
NLP,Winter 2008,0,0.0,W08,2008,20080,21,True
NLP,Summer 2008,0,0.0,S08,2008,20082,22,True
NLP,Winter 2009,0,0.0,W09,2009,20090,16,True
NLP,Summer 2009,0,0.0,S09,2009,20092,26,True
NLP,Winter 2010,0,0.0,W10,2010,20100,27,True
NLP,Summer 2010,0,0.0,S10,2010,20102,36,True
NLP,Winter 2011,0,0.0,W11,2011,20110,45,True
NLP,Summer 2011,0,0.0,S11,2011,20112,60,False
NLP,Winter 2012,0,0.0,W12,2012,20120,66,False
NLP,Summer 2012,0,0.0,S12,2012,20122,83,False
NLP,Winter 2013,0,0.0,W13,2013,20130,46,True
NLP,Summer 2013,0,0.0,S13,2013,20132,52,False
NLP,Winter 2014,1,1.351,W14,2014,20140,74,False
NLP,Summer 2014,1,1.282,S14,2014,20142,78,False
NLP,Winter 2015,0,0.0,W15,2015,20150,110,False
NLP,Summer 2015,0,0.0,S15,2015,20152,104,False
NLP,Winter 2016,0,0.0,W16,2016,20160,122,False
NLP,Summer 2016,1,0.98,S16,2016,20162,102,False
NLP,Winter 2017,3,2.586,W17,2017,20170,116,False
NLP,Summer 2017,2,1.6,S17,2017,20172,125,False
NLP,Winter 2018,0,0.0,W18,2018,20180,146,False
NLP,Summer 2018,0,0.0,S18,2018,20182,131,False
NLP,Winter 2019,1,0.515,W19,2019,20190,194,False
NLP,Summer 2019,2,1.136,S19,2019,20192,176,False
NLP,Winter 2020,0,0.0,W20,2020,20200,228,False
NLP,Summer 2020,0,0.0,S20,2020,20202,209,False
NLP,Winter 2021,2,0.595,W21,2021,20210,336,False
NLP,Summer 2021,1,0.256,S21,2021,20212,391,False
NLP,Winter 2022,2,0.503,W22,2022,20220,398,False
NLP,Summer 2022,2,0.855,S22,2022,20222,234,False
NLP,Winter 2023,1,0.365,W23,2023,20230,274,False
NLP,Summer 2023,0,0.0,S23,2023,20232,220,False
NLP,Winter 2024,1,0.403,W24,2024,20240,248,False
NLP,Summer 2024,0,0.0,S24,2024,20242,248,False
NLP,Fall 2024,0,0.0,F24,2024,20243,94,False
NLP,Winter 2025,0,0.0,W25,2025,20250,166,False
NLP,Spring 2025,0,0.0,X25,2025,20251,143,False
NLP,Summer 2025,0,0.0,S25,2025,20252,166,False
NLP,Fall 2025,1,0.685,F25,2025,20253,146,False
NLP,Winter 2026,0,0.0,W26,2026,20260,199,False
NLP,Spring 2026,0,0.0,X26,2026,20261,195,False
NLP,Summer 2026,0,0.0,S26,2026,20262,235,False
NLP,Fall 2026,0,0.0,F26,2026,20263,35,True
NLP,Winter 2027,0,0.0,W27,2027,20270,1,True
Nanomedicine,Summer 2005,0,0.0,S05,2005,20052,9,True
Nanomedicine,Winter 2006,0,0.0,W06,2006,20060,7,True
Nanomedicine,Summer 2006,0,0.0,S06,2006,20062,10,True
Nanomedicine,Winter 2007,0,0.0,W07,2007,20070,13,True
Nanomedicine,Summer 2007,0,0.0,S07,2007,20072,19,True
Nanomedicine,Winter 2008,0,0.0,W08,2008,20080,21,True
Nanomedicine,Summer 2008,0,0.0,S08,2008,20082,22,True
Nanomedicine,Winter 2009,0,0.0,W09,2009,20090,16,True
Nanomedicine,Summer 2009,0,0.0,S09,2009,20092,26,True
Nanomedicine,Winter 2010,0,0.0,W10,2010,20100,27,True
Nanomedicine,Summer 2010,0,0.0,S10,2010,20102,36,True
Nanomedicine,Winter 2011,0,0.0,W11,2011,20110,45,True
Nanomedicine,Summer 2011,0,0.0,S11,2011,20112,60,False
Nanomedicine,Winter 2012,0,0.0,W12,2012,20120,66,False
Nanomedicine,Summer 2012,0,0.0,S12,2012,20122,83,False
Nanomedicine,Winter 2013,0,0.0,W13,2013,20130,46,True
Nanomedicine,Summer 2013,0,0.0,S13,2013,20132,52,False
Nanomedicine,Winter 2014,0,0.0,W14,2014,20140,74,False
Nanomedicine,Summer 2014,1,1.282,S14,2014,20142,78,False
Nanomedicine,Winter 2015,0,0.0,W15,2015,20150,110,False
Nanomedicine,Summer 2015,0,0.0,S15,2015,20152,104,False
Nanomedicine,Winter 2016,0,0.0,W16,2016,20160,122,False
Nanomedicine,Summer 2016,0,0.0,S16,2016,20162,102,False
Nanomedicine,Winter 2017,0,0.0,W17,2017,20170,116,False
Nanomedicine,Summer 2017,0,0.0,S17,2017,20172,125,False
Nanomedicine,Winter 2018,1,0.685,W18,2018,20180,146,False
Nanomedicine,Summer 2018,1,0.763,S18,2018,20182,131,False
Nanomedicine,Winter 2019,0,0.0,W19,2019,20190,194,False
Nanomedicine,Summer 2019,0,0.0,S19,2019,20192,176,False
Nanomedicine,Winter 2020,0,0.0,W20,2020,20200,228,False
Nanomedicine,Summer 2020,0,0.0,S20,2020,20202,209,False
Nanomedicine,Winter 2021,1,0.298,W21,2021,20210,336,False
Nanomedicine,Summer 2021,0,0.0,S21,2021,20212,391,False
Nanomedicine,Winter 2022,0,0.0,W22,2022,20220,398,False
Nanomedicine,Summer 2022,0,0.0,S22,2022,20222,234,False
Nanomedicine,Winter 2023,0,0.0,W23,2023,20230,274,False
Nanomedicine,Summer 2023,1,0.455,S23,2023,20232,220,False
Nanomedicine,Winter 2024,0,0.0,W24,2024,20240,248,False
Nanomedicine,Summer 2024,0,0.0,S24,2024,20242,248,False
Nanomedicine,Fall 2024,0,0.0,F24,2024,20243,94,False
Nanomedicine,Winter 2025,0,0.0,W25,2025,20250,166,False
Nanomedicine,Spring 2025,0,0.0,X25,2025,20251,143,False
Nanomedicine,Summer 2025,0,0.0,S25,2025,20252,166,False
Nanomedicine,Fall 2025,0,0.0,F25,2025,20253,146,False
Nanomedicine,Winter 2026,0,0.0,W26,2026,20260,199,False
Nanomedicine,Spring 2026,0,0.0,X26,2026,20261,195,False
Nanomedicine,Summer 2026,0,0.0,S26,2026,20262,235,False
Nanomedicine,Fall 2026,0,0.0,F26,2026,20263,35,True
Nanomedicine,Winter 2027,0,0.0,W27,2027,20270,1,True
Nanosensors,Summer 2005,0,0.0,S05,2005,20052,9,True
Nanosensors,Winter 2006,0,0.0,W06,2006,20060,7,True
Nanosensors,Summer 2006,0,0.0,S06,2006,20062,10,True
Nanosensors,Winter 2007,0,0.0,W07,2007,20070,13,True
Nanosensors,Summer 2007,0,0.0,S07,2007,20072,19,True
Nanosensors,Winter 2008,0,0.0,W08,2008,20080,21,True
Nanosensors,Summer 2008,0,0.0,S08,2008,20082,22,True
Nanosensors,Winter 2009,0,0.0,W09,2009,20090,16,True
Nanosensors,Summer 2009,0,0.0,S09,2009,20092,26,True
Nanosensors,Winter 2010,0,0.0,W10,2010,20100,27,True
Nanosensors,Summer 2010,0,0.0,S10,2010,20102,36,True
Nanosensors,Winter 2011,0,0.0,W11,2011,20110,45,True
Nanosensors,Summer 2011,0,0.0,S11,2011,20112,60,False
Nanosensors,Winter 2012,0,0.0,W12,2012,20120,66,False
Nanosensors,Summer 2012,0,0.0,S12,2012,20122,83,False
Nanosensors,Winter 2013,0,0.0,W13,2013,20130,46,True
Nanosensors,Summer 2013,0,0.0,S13,2013,20132,52,False
Nanosensors,Winter 2014,0,0.0,W14,2014,20140,74,False
Nanosensors,Summer 2014,0,0.0,S14,2014,20142,78,False
Nanosensors,Winter 2015,0,0.0,W15,2015,20150,110,False
Nanosensors,Summer 2015,0,0.0,S15,2015,20152,104,False
Nanosensors,Winter 2016,0,0.0,W16,2016,20160,122,False
Nanosensors,Summer 2016,1,0.98,S16,2016,20162,102,False
Nanosensors,Winter 2017,0,0.0,W17,2017,20170,116,False
Nanosensors,Summer 2017,1,0.8,S17,2017,20172,125,False
Nanosensors,Winter 2018,0,0.0,W18,2018,20180,146,False
Nanosensors,Summer 2018,0,0.0,S18,2018,20182,131,False
Nanosensors,Winter 2019,0,0.0,W19,2019,20190,194,False
Nanosensors,Summer 2019,0,0.0,S19,2019,20192,176,False
Nanosensors,Winter 2020,0,0.0,W20,2020,20200,228,False
Nanosensors,Summer 2020,2,0.957,S20,2020,20202,209,False
Nanosensors,Winter 2021,0,0.0,W21,2021,20210,336,False
Nanosensors,Summer 2021,0,0.0,S21,2021,20212,391,False
Nanosensors,Winter 2022,0,0.0,W22,2022,20220,398,False
Nanosensors,Summer 2022,0,0.0,S22,2022,20222,234,False
Nanosensors,Winter 2023,0,0.0,W23,2023,20230,274,False
Nanosensors,Summer 2023,0,0.0,S23,2023,20232,220,False
Nanosensors,Winter 2024,0,0.0,W24,2024,20240,248,False
Nanosensors,Summer 2024,1,0.403,S24,2024,20242,248,False
Nanosensors,Fall 2024,0,0.0,F24,2024,20243,94,False
Nanosensors,Winter 2025,0,0.0,W25,2025,20250,166,False
Nanosensors,Spring 2025,0,0.0,X25,2025,20251,143,False
Nanosensors,Summer 2025,0,0.0,S25,2025,20252,166,False
Nanosensors,Fall 2025,0,0.0,F25,2025,20253,146,False
Nanosensors,Winter 2026,0,0.0,W26,2026,20260,199,False
Nanosensors,Spring 2026,0,0.0,X26,2026,20261,195,False
Nanosensors,Summer 2026,0,0.0,S26,2026,20262,235,False
Nanosensors,Fall 2026,0,0.0,F26,2026,20263,35,True
Nanosensors,Winter 2027,0,0.0,W27,2027,20270,1,True
Nanotechnology,Summer 2005,0,0.0,S05,2005,20052,9,True
Nanotechnology,Winter 2006,0,0.0,W06,2006,20060,7,True
Nanotechnology,Summer 2006,0,0.0,S06,2006,20062,10,True
Nanotechnology,Winter 2007,0,0.0,W07,2007,20070,13,True
Nanotechnology,Summer 2007,0,0.0,S07,2007,20072,19,True
Nanotechnology,Winter 2008,0,0.0,W08,2008,20080,21,True
Nanotechnology,Summer 2008,0,0.0,S08,2008,20082,22,True
Nanotechnology,Winter 2009,0,0.0,W09,2009,20090,16,True
Nanotechnology,Summer 2009,0,0.0,S09,2009,20092,26,True
Nanotechnology,Winter 2010,0,0.0,W10,2010,20100,27,True
Nanotechnology,Summer 2010,0,0.0,S10,2010,20102,36,True
Nanotechnology,Winter 2011,0,0.0,W11,2011,20110,45,True
Nanotechnology,Summer 2011,0,0.0,S11,2011,20112,60,False
Nanotechnology,Winter 2012,0,0.0,W12,2012,20120,66,False
Nanotechnology,Summer 2012,0,0.0,S12,2012,20122,83,False
Nanotechnology,Winter 2013,0,0.0,W13,2013,20130,46,True
Nanotechnology,Summer 2013,0,0.0,S13,2013,20132,52,False
Nanotechnology,Winter 2014,0,0.0,W14,2014,20140,74,False
Nanotechnology,Summer 2014,0,0.0,S14,2014,20142,78,False
Nanotechnology,Winter 2015,0,0.0,W15,2015,20150,110,False
Nanotechnology,Summer 2015,0,0.0,S15,2015,20152,104,False
Nanotechnology,Winter 2016,1,0.82,W16,2016,20160,122,False
Nanotechnology,Summer 2016,1,0.98,S16,2016,20162,102,False
Nanotechnology,Winter 2017,2,1.724,W17,2017,20170,116,False
Nanotechnology,Summer 2017,0,0.0,S17,2017,20172,125,False
Nanotechnology,Winter 2018,0,0.0,W18,2018,20180,146,False
Nanotechnology,Summer 2018,0,0.0,S18,2018,20182,131,False
Nanotechnology,Winter 2019,0,0.0,W19,2019,20190,194,False
Nanotechnology,Summer 2019,2,1.136,S19,2019,20192,176,False
Nanotechnology,Winter 2020,1,0.439,W20,2020,20200,228,False
Nanotechnology,Summer 2020,0,0.0,S20,2020,20202,209,False
Nanotechnology,Winter 2021,0,0.0,W21,2021,20210,336,False
Nanotechnology,Summer 2021,0,0.0,S21,2021,20212,391,False
Nanotechnology,Winter 2022,0,0.0,W22,2022,20220,398,False
Nanotechnology,Summer 2022,1,0.427,S22,2022,20222,234,False
Nanotechnology,Winter 2023,2,0.73,W23,2023,20230,274,False
Nanotechnology,Summer 2023,0,0.0,S23,2023,20232,220,False
Nanotechnology,Winter 2024,0,0.0,W24,2024,20240,248,False
Nanotechnology,Summer 2024,0,0.0,S24,2024,20242,248,False
Nanotechnology,Fall 2024,0,0.0,F24,2024,20243,94,False
Nanotechnology,Winter 2025,0,0.0,W25,2025,20250,166,False
Nanotechnology,Spring 2025,0,0.0,X25,2025,20251,143,False
Nanotechnology,Summer 2025,0,0.0,S25,2025,20252,166,False
Nanotechnology,Fall 2025,0,0.0,F25,2025,20253,146,False
Nanotechnology,Winter 2026,0,0.0,W26,2026,20260,199,False
Nanotechnology,Spring 2026,0,0.0,X26,2026,20261,195,False
Nanotechnology,Summer 2026,0,0.0,S26,2026,20262,235,False
Nanotechnology,Fall 2026,0,0.0,F26,2026,20263,35,True
Nanotechnology,Winter 2027,0,0.0,W27,2027,20270,1,True
Navigation,Summer 2005,0,0.0,S05,2005,20052,9,True
Navigation,Winter 2006,0,0.0,W06,2006,20060,7,True
Navigation,Summer 2006,0,0.0,S06,2006,20062,10,True
Navigation,Winter 2007,0,0.0,W07,2007,20070,13,True
Navigation,Summer 2007,0,0.0,S07,2007,20072,19,True
Navigation,Winter 2008,0,0.0,W08,2008,20080,21,True
Navigation,Summer 2008,0,0.0,S08,2008,20082,22,True
Navigation,Winter 2009,0,0.0,W09,2009,20090,16,True
Navigation,Summer 2009,0,0.0,S09,2009,20092,26,True
Navigation,Winter 2010,0,0.0,W10,2010,20100,27,True
Navigation,Summer 2010,0,0.0,S10,2010,20102,36,True
Navigation,Winter 2011,0,0.0,W11,2011,20110,45,True
Navigation,Summer 2011,0,0.0,S11,2011,20112,60,False
Navigation,Winter 2012,0,0.0,W12,2012,20120,66,False
Navigation,Summer 2012,0,0.0,S12,2012,20122,83,False
Navigation,Winter 2013,0,0.0,W13,2013,20130,46,True
Navigation,Summer 2013,0,0.0,S13,2013,20132,52,False
Navigation,Winter 2014,0,0.0,W14,2014,20140,74,False
Navigation,Summer 2014,1,1.282,S14,2014,20142,78,False
Navigation,Winter 2015,0,0.0,W15,2015,20150,110,False
Navigation,Summer 2015,0,0.0,S15,2015,20152,104,False
Navigation,Winter 2016,0,0.0,W16,2016,20160,122,False
Navigation,Summer 2016,0,0.0,S16,2016,20162,102,False
Navigation,Winter 2017,0,0.0,W17,2017,20170,116,False
Navigation,Summer 2017,0,0.0,S17,2017,20172,125,False
Navigation,Winter 2018,0,0.0,W18,2018,20180,146,False
Navigation,Summer 2018,0,0.0,S18,2018,20182,131,False
Navigation,Winter 2019,1,0.515,W19,2019,20190,194,False
Navigation,Summer 2019,0,0.0,S19,2019,20192,176,False
Navigation,Winter 2020,0,0.0,W20,2020,20200,228,False
Navigation,Summer 2020,0,0.0,S20,2020,20202,209,False
Navigation,Winter 2021,0,0.0,W21,2021,20210,336,False
Navigation,Summer 2021,0,0.0,S21,2021,20212,391,False
Navigation,Winter 2022,0,0.0,W22,2022,20220,398,False
Navigation,Summer 2022,1,0.427,S22,2022,20222,234,False
Navigation,Winter 2023,0,0.0,W23,2023,20230,274,False
Navigation,Summer 2023,0,0.0,S23,2023,20232,220,False
Navigation,Winter 2024,0,0.0,W24,2024,20240,248,False
Navigation,Summer 2024,1,0.403,S24,2024,20242,248,False
Navigation,Fall 2024,0,0.0,F24,2024,20243,94,False
Navigation,Winter 2025,0,0.0,W25,2025,20250,166,False
Navigation,Spring 2025,0,0.0,X25,2025,20251,143,False
Navigation,Summer 2025,0,0.0,S25,2025,20252,166,False
Navigation,Fall 2025,0,0.0,F25,2025,20253,146,False
Navigation,Winter 2026,0,0.0,W26,2026,20260,199,False
Navigation,Spring 2026,0,0.0,X26,2026,20261,195,False
Navigation,Summer 2026,0,0.0,S26,2026,20262,235,False
Navigation,Fall 2026,0,0.0,F26,2026,20263,35,True
Navigation,Winter 2027,0,0.0,W27,2027,20270,1,True
Neobank,Summer 2005,0,0.0,S05,2005,20052,9,True
Neobank,Winter 2006,0,0.0,W06,2006,20060,7,True
Neobank,Summer 2006,0,0.0,S06,2006,20062,10,True
Neobank,Winter 2007,0,0.0,W07,2007,20070,13,True
Neobank,Summer 2007,0,0.0,S07,2007,20072,19,True
Neobank,Winter 2008,0,0.0,W08,2008,20080,21,True
Neobank,Summer 2008,0,0.0,S08,2008,20082,22,True
Neobank,Winter 2009,0,0.0,W09,2009,20090,16,True
Neobank,Summer 2009,0,0.0,S09,2009,20092,26,True
Neobank,Winter 2010,0,0.0,W10,2010,20100,27,True
Neobank,Summer 2010,0,0.0,S10,2010,20102,36,True
Neobank,Winter 2011,0,0.0,W11,2011,20110,45,True
Neobank,Summer 2011,0,0.0,S11,2011,20112,60,False
Neobank,Winter 2012,0,0.0,W12,2012,20120,66,False
Neobank,Summer 2012,0,0.0,S12,2012,20122,83,False
Neobank,Winter 2013,0,0.0,W13,2013,20130,46,True
Neobank,Summer 2013,0,0.0,S13,2013,20132,52,False
Neobank,Winter 2014,0,0.0,W14,2014,20140,74,False
Neobank,Summer 2014,1,1.282,S14,2014,20142,78,False
Neobank,Winter 2015,0,0.0,W15,2015,20150,110,False
Neobank,Summer 2015,0,0.0,S15,2015,20152,104,False
Neobank,Winter 2016,0,0.0,W16,2016,20160,122,False
Neobank,Summer 2016,0,0.0,S16,2016,20162,102,False
Neobank,Winter 2017,0,0.0,W17,2017,20170,116,False
Neobank,Summer 2017,1,0.8,S17,2017,20172,125,False
Neobank,Winter 2018,1,0.685,W18,2018,20180,146,False
Neobank,Summer 2018,1,0.763,S18,2018,20182,131,False
Neobank,Winter 2019,1,0.515,W19,2019,20190,194,False
Neobank,Summer 2019,0,0.0,S19,2019,20192,176,False
Neobank,Winter 2020,1,0.439,W20,2020,20200,228,False
Neobank,Summer 2020,2,0.957,S20,2020,20202,209,False
Neobank,Winter 2021,4,1.19,W21,2021,20210,336,False
Neobank,Summer 2021,3,0.767,S21,2021,20212,391,False
Neobank,Winter 2022,15,3.769,W22,2022,20220,398,False
Neobank,Summer 2022,7,2.991,S22,2022,20222,234,False
Neobank,Winter 2023,3,1.095,W23,2023,20230,274,False
Neobank,Summer 2023,3,1.364,S23,2023,20232,220,False
Neobank,Winter 2024,2,0.806,W24,2024,20240,248,False
Neobank,Summer 2024,1,0.403,S24,2024,20242,248,False
Neobank,Fall 2024,0,0.0,F24,2024,20243,94,False
Neobank,Winter 2025,1,0.602,W25,2025,20250,166,False
Neobank,Spring 2025,1,0.699,X25,2025,20251,143,False
Neobank,Summer 2025,1,0.602,S25,2025,20252,166,False
Neobank,Fall 2025,2,1.37,F25,2025,20253,146,False
Neobank,Winter 2026,0,0.0,W26,2026,20260,199,False
Neobank,Spring 2026,1,0.513,X26,2026,20261,195,False
Neobank,Summer 2026,0,0.0,S26,2026,20262,235,False
Neobank,Fall 2026,0,0.0,F26,2026,20263,35,True
Neobank,Winter 2027,0,0.0,W27,2027,20270,1,True
Networks,Summer 2005,0,0.0,S05,2005,20052,9,True
Networks,Winter 2006,0,0.0,W06,2006,20060,7,True
Networks,Summer 2006,0,0.0,S06,2006,20062,10,True
Networks,Winter 2007,0,0.0,W07,2007,20070,13,True
Networks,Summer 2007,0,0.0,S07,2007,20072,19,True
Networks,Winter 2008,0,0.0,W08,2008,20080,21,True
Networks,Summer 2008,0,0.0,S08,2008,20082,22,True
Networks,Winter 2009,0,0.0,W09,2009,20090,16,True
Networks,Summer 2009,0,0.0,S09,2009,20092,26,True
Networks,Winter 2010,0,0.0,W10,2010,20100,27,True
Networks,Summer 2010,0,0.0,S10,2010,20102,36,True
Networks,Winter 2011,0,0.0,W11,2011,20110,45,True
Networks,Summer 2011,0,0.0,S11,2011,20112,60,False
Networks,Winter 2012,0,0.0,W12,2012,20120,66,False
Networks,Summer 2012,0,0.0,S12,2012,20122,83,False
Networks,Winter 2013,0,0.0,W13,2013,20130,46,True
Networks,Summer 2013,0,0.0,S13,2013,20132,52,False
Networks,Winter 2014,1,1.351,W14,2014,20140,74,False
Networks,Summer 2014,0,0.0,S14,2014,20142,78,False
Networks,Winter 2015,0,0.0,W15,2015,20150,110,False
Networks,Summer 2015,0,0.0,S15,2015,20152,104,False
Networks,Winter 2016,1,0.82,W16,2016,20160,122,False
Networks,Summer 2016,0,0.0,S16,2016,20162,102,False
Networks,Winter 2017,0,0.0,W17,2017,20170,116,False
Networks,Summer 2017,0,0.0,S17,2017,20172,125,False
Networks,Winter 2018,1,0.685,W18,2018,20180,146,False
Networks,Summer 2018,0,0.0,S18,2018,20182,131,False
Networks,Winter 2019,0,0.0,W19,2019,20190,194,False
Networks,Summer 2019,0,0.0,S19,2019,20192,176,False
Networks,Winter 2020,0,0.0,W20,2020,20200,228,False
Networks,Summer 2020,0,0.0,S20,2020,20202,209,False
Networks,Winter 2021,0,0.0,W21,2021,20210,336,False
Networks,Summer 2021,0,0.0,S21,2021,20212,391,False
Networks,Winter 2022,0,0.0,W22,2022,20220,398,False
Networks,Summer 2022,0,0.0,S22,2022,20222,234,False
Networks,Winter 2023,0,0.0,W23,2023,20230,274,False
Networks,Summer 2023,0,0.0,S23,2023,20232,220,False
Networks,Winter 2024,0,0.0,W24,2024,20240,248,False
Networks,Summer 2024,0,0.0,S24,2024,20242,248,False
Networks,Fall 2024,0,0.0,F24,2024,20243,94,False
Networks,Winter 2025,0,0.0,W25,2025,20250,166,False
Networks,Spring 2025,0,0.0,X25,2025,20251,143,False
Networks,Summer 2025,1,0.602,S25,2025,20252,166,False
Networks,Fall 2025,0,0.0,F25,2025,20253,146,False
Networks,Winter 2026,0,0.0,W26,2026,20260,199,False
Networks,Spring 2026,0,0.0,X26,2026,20261,195,False
Networks,Summer 2026,0,0.0,S26,2026,20262,235,False
Networks,Fall 2026,0,0.0,F26,2026,20263,35,True
Networks,Winter 2027,0,0.0,W27,2027,20270,1,True
Neurotechnology,Summer 2005,0,0.0,S05,2005,20052,9,True
Neurotechnology,Winter 2006,0,0.0,W06,2006,20060,7,True
Neurotechnology,Summer 2006,0,0.0,S06,2006,20062,10,True
Neurotechnology,Winter 2007,0,0.0,W07,2007,20070,13,True
Neurotechnology,Summer 2007,0,0.0,S07,2007,20072,19,True
Neurotechnology,Winter 2008,0,0.0,W08,2008,20080,21,True
Neurotechnology,Summer 2008,0,0.0,S08,2008,20082,22,True
Neurotechnology,Winter 2009,0,0.0,W09,2009,20090,16,True
Neurotechnology,Summer 2009,0,0.0,S09,2009,20092,26,True
Neurotechnology,Winter 2010,0,0.0,W10,2010,20100,27,True
Neurotechnology,Summer 2010,0,0.0,S10,2010,20102,36,True
Neurotechnology,Winter 2011,0,0.0,W11,2011,20110,45,True
Neurotechnology,Summer 2011,0,0.0,S11,2011,20112,60,False
Neurotechnology,Winter 2012,0,0.0,W12,2012,20120,66,False
Neurotechnology,Summer 2012,0,0.0,S12,2012,20122,83,False
Neurotechnology,Winter 2013,1,2.174,W13,2013,20130,46,True
Neurotechnology,Summer 2013,0,0.0,S13,2013,20132,52,False
Neurotechnology,Winter 2014,0,0.0,W14,2014,20140,74,False
Neurotechnology,Summer 2014,1,1.282,S14,2014,20142,78,False
Neurotechnology,Winter 2015,0,0.0,W15,2015,20150,110,False
Neurotechnology,Summer 2015,0,0.0,S15,2015,20152,104,False
Neurotechnology,Winter 2016,0,0.0,W16,2016,20160,122,False
Neurotechnology,Summer 2016,0,0.0,S16,2016,20162,102,False
Neurotechnology,Winter 2017,1,0.862,W17,2017,20170,116,False
Neurotechnology,Summer 2017,0,0.0,S17,2017,20172,125,False
Neurotechnology,Winter 2018,1,0.685,W18,2018,20180,146,False
Neurotechnology,Summer 2018,2,1.527,S18,2018,20182,131,False
Neurotechnology,Winter 2019,1,0.515,W19,2019,20190,194,False
Neurotechnology,Summer 2019,2,1.136,S19,2019,20192,176,False
Neurotechnology,Winter 2020,0,0.0,W20,2020,20200,228,False
Neurotechnology,Summer 2020,0,0.0,S20,2020,20202,209,False
Neurotechnology,Winter 2021,2,0.595,W21,2021,20210,336,False
Neurotechnology,Summer 2021,1,0.256,S21,2021,20212,391,False
Neurotechnology,Winter 2022,3,0.754,W22,2022,20220,398,False
Neurotechnology,Summer 2022,0,0.0,S22,2022,20222,234,False
Neurotechnology,Winter 2023,0,0.0,W23,2023,20230,274,False
Neurotechnology,Summer 2023,0,0.0,S23,2023,20232,220,False
Neurotechnology,Winter 2024,1,0.403,W24,2024,20240,248,False
Neurotechnology,Summer 2024,0,0.0,S24,2024,20242,248,False
Neurotechnology,Fall 2024,0,0.0,F24,2024,20243,94,False
Neurotechnology,Winter 2025,1,0.602,W25,2025,20250,166,False
Neurotechnology,Spring 2025,0,0.0,X25,2025,20251,143,False
Neurotechnology,Summer 2025,0,0.0,S25,2025,20252,166,False
Neurotechnology,Fall 2025,0,0.0,F25,2025,20253,146,False
Neurotechnology,Winter 2026,0,0.0,W26,2026,20260,199,False
Neurotechnology,Spring 2026,0,0.0,X26,2026,20261,195,False
Neurotechnology,Summer 2026,1,0.426,S26,2026,20262,235,False
Neurotechnology,Fall 2026,0,0.0,F26,2026,20263,35,True
Neurotechnology,Winter 2027,0,0.0,W27,2027,20270,1,True
Next-gen Network Security,Summer 2005,0,0.0,S05,2005,20052,9,True
Next-gen Network Security,Winter 2006,0,0.0,W06,2006,20060,7,True
Next-gen Network Security,Summer 2006,0,0.0,S06,2006,20062,10,True
Next-gen Network Security,Winter 2007,0,0.0,W07,2007,20070,13,True
Next-gen Network Security,Summer 2007,0,0.0,S07,2007,20072,19,True
Next-gen Network Security,Winter 2008,0,0.0,W08,2008,20080,21,True
Next-gen Network Security,Summer 2008,0,0.0,S08,2008,20082,22,True
Next-gen Network Security,Winter 2009,0,0.0,W09,2009,20090,16,True
Next-gen Network Security,Summer 2009,0,0.0,S09,2009,20092,26,True
Next-gen Network Security,Winter 2010,0,0.0,W10,2010,20100,27,True
Next-gen Network Security,Summer 2010,0,0.0,S10,2010,20102,36,True
Next-gen Network Security,Winter 2011,0,0.0,W11,2011,20110,45,True
Next-gen Network Security,Summer 2011,1,1.667,S11,2011,20112,60,False
Next-gen Network Security,Winter 2012,0,0.0,W12,2012,20120,66,False
Next-gen Network Security,Summer 2012,0,0.0,S12,2012,20122,83,False
Next-gen Network Security,Winter 2013,0,0.0,W13,2013,20130,46,True
Next-gen Network Security,Summer 2013,0,0.0,S13,2013,20132,52,False
Next-gen Network Security,Winter 2014,0,0.0,W14,2014,20140,74,False
Next-gen Network Security,Summer 2014,0,0.0,S14,2014,20142,78,False
Next-gen Network Security,Winter 2015,0,0.0,W15,2015,20150,110,False
Next-gen Network Security,Summer 2015,1,0.962,S15,2015,20152,104,False
Next-gen Network Security,Winter 2016,0,0.0,W16,2016,20160,122,False
Next-gen Network Security,Summer 2016,0,0.0,S16,2016,20162,102,False
Next-gen Network Security,Winter 2017,0,0.0,W17,2017,20170,116,False
Next-gen Network Security,Summer 2017,1,0.8,S17,2017,20172,125,False
Next-gen Network Security,Winter 2018,0,0.0,W18,2018,20180,146,False
Next-gen Network Security,Summer 2018,0,0.0,S18,2018,20182,131,False
Next-gen Network Security,Winter 2019,0,0.0,W19,2019,20190,194,False
Next-gen Network Security,Summer 2019,0,0.0,S19,2019,20192,176,False
Next-gen Network Security,Winter 2020,0,0.0,W20,2020,20200,228,False
Next-gen Network Security,Summer 2020,0,0.0,S20,2020,20202,209,False
Next-gen Network Security,Winter 2021,0,0.0,W21,2021,20210,336,False
Next-gen Network Security,Summer 2021,0,0.0,S21,2021,20212,391,False
Next-gen Network Security,Winter 2022,2,0.503,W22,2022,20220,398,False
Next-gen Network Security,Summer 2022,0,0.0,S22,2022,20222,234,False
Next-gen Network Security,Winter 2023,0,0.0,W23,2023,20230,274,False
Next-gen Network Security,Summer 2023,0,0.0,S23,2023,20232,220,False
Next-gen Network Security,Winter 2024,0,0.0,W24,2024,20240,248,False
Next-gen Network Security,Summer 2024,0,0.0,S24,2024,20242,248,False
Next-gen Network Security,Fall 2024,0,0.0,F24,2024,20243,94,False
Next-gen Network Security,Winter 2025,0,0.0,W25,2025,20250,166,False
Next-gen Network Security,Spring 2025,0,0.0,X25,2025,20251,143,False
Next-gen Network Security,Summer 2025,0,0.0,S25,2025,20252,166,False
Next-gen Network Security,Fall 2025,0,0.0,F25,2025,20253,146,False
Next-gen Network Security,Winter 2026,0,0.0,W26,2026,20260,199,False
Next-gen Network Security,Spring 2026,0,0.0,X26,2026,20261,195,False
Next-gen Network Security,Summer 2026,0,0.0,S26,2026,20262,235,False
Next-gen Network Security,Fall 2026,0,0.0,F26,2026,20263,35,True
Next-gen Network Security,Winter 2027,0,0.0,W27,2027,20270,1,True
No-code,Summer 2005,0,0.0,S05,2005,20052,9,True
No-code,Winter 2006,0,0.0,W06,2006,20060,7,True
No-code,Summer 2006,0,0.0,S06,2006,20062,10,True
No-code,Winter 2007,0,0.0,W07,2007,20070,13,True
No-code,Summer 2007,0,0.0,S07,2007,20072,19,True
No-code,Winter 2008,0,0.0,W08,2008,20080,21,True
No-code,Summer 2008,0,0.0,S08,2008,20082,22,True
No-code,Winter 2009,0,0.0,W09,2009,20090,16,True
No-code,Summer 2009,0,0.0,S09,2009,20092,26,True
No-code,Winter 2010,0,0.0,W10,2010,20100,27,True
No-code,Summer 2010,0,0.0,S10,2010,20102,36,True
No-code,Winter 2011,0,0.0,W11,2011,20110,45,True
No-code,Summer 2011,0,0.0,S11,2011,20112,60,False
No-code,Winter 2012,1,1.515,W12,2012,20120,66,False
No-code,Summer 2012,0,0.0,S12,2012,20122,83,False
No-code,Winter 2013,1,2.174,W13,2013,20130,46,True
No-code,Summer 2013,0,0.0,S13,2013,20132,52,False
No-code,Winter 2014,0,0.0,W14,2014,20140,74,False
No-code,Summer 2014,0,0.0,S14,2014,20142,78,False
No-code,Winter 2015,0,0.0,W15,2015,20150,110,False
No-code,Summer 2015,0,0.0,S15,2015,20152,104,False
No-code,Winter 2016,0,0.0,W16,2016,20160,122,False
No-code,Summer 2016,0,0.0,S16,2016,20162,102,False
No-code,Winter 2017,0,0.0,W17,2017,20170,116,False
No-code,Summer 2017,0,0.0,S17,2017,20172,125,False
No-code,Winter 2018,1,0.685,W18,2018,20180,146,False
No-code,Summer 2018,0,0.0,S18,2018,20182,131,False
No-code,Winter 2019,1,0.515,W19,2019,20190,194,False
No-code,Summer 2019,0,0.0,S19,2019,20192,176,False
No-code,Winter 2020,0,0.0,W20,2020,20200,228,False
No-code,Summer 2020,2,0.957,S20,2020,20202,209,False
No-code,Winter 2021,1,0.298,W21,2021,20210,336,False
No-code,Summer 2021,5,1.279,S21,2021,20212,391,False
No-code,Winter 2022,2,0.503,W22,2022,20220,398,False
No-code,Summer 2022,4,1.709,S22,2022,20222,234,False
No-code,Winter 2023,3,1.095,W23,2023,20230,274,False
No-code,Summer 2023,1,0.455,S23,2023,20232,220,False
No-code,Winter 2024,3,1.21,W24,2024,20240,248,False
No-code,Summer 2024,1,0.403,S24,2024,20242,248,False
No-code,Fall 2024,2,2.128,F24,2024,20243,94,False
No-code,Winter 2025,0,0.0,W25,2025,20250,166,False
No-code,Spring 2025,0,0.0,X25,2025,20251,143,False
No-code,Summer 2025,1,0.602,S25,2025,20252,166,False
No-code,Fall 2025,4,2.74,F25,2025,20253,146,False
No-code,Winter 2026,0,0.0,W26,2026,20260,199,False
No-code,Spring 2026,0,0.0,X26,2026,20261,195,False
No-code,Summer 2026,0,0.0,S26,2026,20262,235,False
No-code,Fall 2026,0,0.0,F26,2026,20263,35,True
No-code,Winter 2027,0,0.0,W27,2027,20270,1,True
Nonprofit,Summer 2005,0,0.0,S05,2005,20052,9,True
Nonprofit,Winter 2006,0,0.0,W06,2006,20060,7,True
Nonprofit,Summer 2006,0,0.0,S06,2006,20062,10,True
Nonprofit,Winter 2007,0,0.0,W07,2007,20070,13,True
Nonprofit,Summer 2007,0,0.0,S07,2007,20072,19,True
Nonprofit,Winter 2008,0,0.0,W08,2008,20080,21,True
Nonprofit,Summer 2008,0,0.0,S08,2008,20082,22,True
Nonprofit,Winter 2009,0,0.0,W09,2009,20090,16,True
Nonprofit,Summer 2009,0,0.0,S09,2009,20092,26,True
Nonprofit,Winter 2010,0,0.0,W10,2010,20100,27,True
Nonprofit,Summer 2010,0,0.0,S10,2010,20102,36,True
Nonprofit,Winter 2011,0,0.0,W11,2011,20110,45,True
Nonprofit,Summer 2011,0,0.0,S11,2011,20112,60,False
Nonprofit,Winter 2012,1,1.515,W12,2012,20120,66,False
Nonprofit,Summer 2012,0,0.0,S12,2012,20122,83,False
Nonprofit,Winter 2013,0,0.0,W13,2013,20130,46,True
Nonprofit,Summer 2013,0,0.0,S13,2013,20132,52,False
Nonprofit,Winter 2014,2,2.703,W14,2014,20140,74,False
Nonprofit,Summer 2014,1,1.282,S14,2014,20142,78,False
Nonprofit,Winter 2015,3,2.727,W15,2015,20150,110,False
Nonprofit,Summer 2015,2,1.923,S15,2015,20152,104,False
Nonprofit,Winter 2016,1,0.82,W16,2016,20160,122,False
Nonprofit,Summer 2016,2,1.961,S16,2016,20162,102,False
Nonprofit,Winter 2017,4,3.448,W17,2017,20170,116,False
Nonprofit,Summer 2017,0,0.0,S17,2017,20172,125,False
Nonprofit,Winter 2018,1,0.685,W18,2018,20180,146,False
Nonprofit,Summer 2018,0,0.0,S18,2018,20182,131,False
Nonprofit,Winter 2019,2,1.031,W19,2019,20190,194,False
Nonprofit,Summer 2019,1,0.568,S19,2019,20192,176,False
Nonprofit,Winter 2020,1,0.439,W20,2020,20200,228,False
Nonprofit,Summer 2020,1,0.478,S20,2020,20202,209,False
Nonprofit,Winter 2021,2,0.595,W21,2021,20210,336,False
Nonprofit,Summer 2021,0,0.0,S21,2021,20212,391,False
Nonprofit,Winter 2022,1,0.251,W22,2022,20220,398,False
Nonprofit,Summer 2022,1,0.427,S22,2022,20222,234,False
Nonprofit,Winter 2023,0,0.0,W23,2023,20230,274,False
Nonprofit,Summer 2023,0,0.0,S23,2023,20232,220,False
Nonprofit,Winter 2024,0,0.0,W24,2024,20240,248,False
Nonprofit,Summer 2024,0,0.0,S24,2024,20242,248,False
Nonprofit,Fall 2024,0,0.0,F24,2024,20243,94,False
Nonprofit,Winter 2025,0,0.0,W25,2025,20250,166,False
Nonprofit,Spring 2025,0,0.0,X25,2025,20251,143,False
Nonprofit,Summer 2025,0,0.0,S25,2025,20252,166,False
Nonprofit,Fall 2025,0,0.0,F25,2025,20253,146,False
Nonprofit,Winter 2026,0,0.0,W26,2026,20260,199,False
Nonprofit,Spring 2026,0,0.0,X26,2026,20261,195,False
Nonprofit,Summer 2026,0,0.0,S26,2026,20262,235,False
Nonprofit,Fall 2026,0,0.0,F26,2026,20263,35,True
Nonprofit,Winter 2027,0,0.0,W27,2027,20270,1,True
Note-taking,Summer 2005,0,0.0,S05,2005,20052,9,True
Note-taking,Winter 2006,0,0.0,W06,2006,20060,7,True
Note-taking,Summer 2006,0,0.0,S06,2006,20062,10,True
Note-taking,Winter 2007,0,0.0,W07,2007,20070,13,True
Note-taking,Summer 2007,0,0.0,S07,2007,20072,19,True
Note-taking,Winter 2008,0,0.0,W08,2008,20080,21,True
Note-taking,Summer 2008,0,0.0,S08,2008,20082,22,True
Note-taking,Winter 2009,0,0.0,W09,2009,20090,16,True
Note-taking,Summer 2009,0,0.0,S09,2009,20092,26,True
Note-taking,Winter 2010,0,0.0,W10,2010,20100,27,True
Note-taking,Summer 2010,1,2.778,S10,2010,20102,36,True
Note-taking,Winter 2011,0,0.0,W11,2011,20110,45,True
Note-taking,Summer 2011,0,0.0,S11,2011,20112,60,False
Note-taking,Winter 2012,0,0.0,W12,2012,20120,66,False
Note-taking,Summer 2012,0,0.0,S12,2012,20122,83,False
Note-taking,Winter 2013,0,0.0,W13,2013,20130,46,True
Note-taking,Summer 2013,0,0.0,S13,2013,20132,52,False
Note-taking,Winter 2014,0,0.0,W14,2014,20140,74,False
Note-taking,Summer 2014,0,0.0,S14,2014,20142,78,False
Note-taking,Winter 2015,0,0.0,W15,2015,20150,110,False
Note-taking,Summer 2015,0,0.0,S15,2015,20152,104,False
Note-taking,Winter 2016,0,0.0,W16,2016,20160,122,False
Note-taking,Summer 2016,0,0.0,S16,2016,20162,102,False
Note-taking,Winter 2017,0,0.0,W17,2017,20170,116,False
Note-taking,Summer 2017,0,0.0,S17,2017,20172,125,False
Note-taking,Winter 2018,0,0.0,W18,2018,20180,146,False
Note-taking,Summer 2018,0,0.0,S18,2018,20182,131,False
Note-taking,Winter 2019,0,0.0,W19,2019,20190,194,False
Note-taking,Summer 2019,0,0.0,S19,2019,20192,176,False
Note-taking,Winter 2020,0,0.0,W20,2020,20200,228,False
Note-taking,Summer 2020,1,0.478,S20,2020,20202,209,False
Note-taking,Winter 2021,1,0.298,W21,2021,20210,336,False
Note-taking,Summer 2021,0,0.0,S21,2021,20212,391,False
Note-taking,Winter 2022,1,0.251,W22,2022,20220,398,False
Note-taking,Summer 2022,0,0.0,S22,2022,20222,234,False
Note-taking,Winter 2023,0,0.0,W23,2023,20230,274,False
Note-taking,Summer 2023,0,0.0,S23,2023,20232,220,False
Note-taking,Winter 2024,0,0.0,W24,2024,20240,248,False
Note-taking,Summer 2024,0,0.0,S24,2024,20242,248,False
Note-taking,Fall 2024,0,0.0,F24,2024,20243,94,False
Note-taking,Winter 2025,0,0.0,W25,2025,20250,166,False
Note-taking,Spring 2025,0,0.0,X25,2025,20251,143,False
Note-taking,Summer 2025,1,0.602,S25,2025,20252,166,False
Note-taking,Fall 2025,0,0.0,F25,2025,20253,146,False
Note-taking,Winter 2026,0,0.0,W26,2026,20260,199,False
Note-taking,Spring 2026,0,0.0,X26,2026,20261,195,False
Note-taking,Summer 2026,0,0.0,S26,2026,20262,235,False
Note-taking,Fall 2026,0,0.0,F26,2026,20263,35,True
Note-taking,Winter 2027,0,0.0,W27,2027,20270,1,True
Notifications,Summer 2005,0,0.0,S05,2005,20052,9,True
Notifications,Winter 2006,0,0.0,W06,2006,20060,7,True
Notifications,Summer 2006,0,0.0,S06,2006,20062,10,True
Notifications,Winter 2007,0,0.0,W07,2007,20070,13,True
Notifications,Summer 2007,0,0.0,S07,2007,20072,19,True
Notifications,Winter 2008,0,0.0,W08,2008,20080,21,True
Notifications,Summer 2008,0,0.0,S08,2008,20082,22,True
Notifications,Winter 2009,0,0.0,W09,2009,20090,16,True
Notifications,Summer 2009,0,0.0,S09,2009,20092,26,True
Notifications,Winter 2010,0,0.0,W10,2010,20100,27,True
Notifications,Summer 2010,0,0.0,S10,2010,20102,36,True
Notifications,Winter 2011,0,0.0,W11,2011,20110,45,True
Notifications,Summer 2011,0,0.0,S11,2011,20112,60,False
Notifications,Winter 2012,0,0.0,W12,2012,20120,66,False
Notifications,Summer 2012,0,0.0,S12,2012,20122,83,False
Notifications,Winter 2013,0,0.0,W13,2013,20130,46,True
Notifications,Summer 2013,0,0.0,S13,2013,20132,52,False
Notifications,Winter 2014,1,1.351,W14,2014,20140,74,False
Notifications,Summer 2014,0,0.0,S14,2014,20142,78,False
Notifications,Winter 2015,1,0.909,W15,2015,20150,110,False
Notifications,Summer 2015,0,0.0,S15,2015,20152,104,False
Notifications,Winter 2016,0,0.0,W16,2016,20160,122,False
Notifications,Summer 2016,0,0.0,S16,2016,20162,102,False
Notifications,Winter 2017,0,0.0,W17,2017,20170,116,False
Notifications,Summer 2017,0,0.0,S17,2017,20172,125,False
Notifications,Winter 2018,0,0.0,W18,2018,20180,146,False
Notifications,Summer 2018,0,0.0,S18,2018,20182,131,False
Notifications,Winter 2019,0,0.0,W19,2019,20190,194,False
Notifications,Summer 2019,0,0.0,S19,2019,20192,176,False
Notifications,Winter 2020,0,0.0,W20,2020,20200,228,False
Notifications,Summer 2020,0,0.0,S20,2020,20202,209,False
Notifications,Winter 2021,0,0.0,W21,2021,20210,336,False
Notifications,Summer 2021,0,0.0,S21,2021,20212,391,False
Notifications,Winter 2022,0,0.0,W22,2022,20220,398,False
Notifications,Summer 2022,0,0.0,S22,2022,20222,234,False
Notifications,Winter 2023,0,0.0,W23,2023,20230,274,False
Notifications,Summer 2023,0,0.0,S23,2023,20232,220,False
Notifications,Winter 2024,0,0.0,W24,2024,20240,248,False
Notifications,Summer 2024,0,0.0,S24,2024,20242,248,False
Notifications,Fall 2024,0,0.0,F24,2024,20243,94,False
Notifications,Winter 2025,0,0.0,W25,2025,20250,166,False
Notifications,Spring 2025,0,0.0,X25,2025,20251,143,False
Notifications,Summer 2025,0,0.0,S25,2025,20252,166,False
Notifications,Fall 2025,0,0.0,F25,2025,20253,146,False
Notifications,Winter 2026,0,0.0,W26,2026,20260,199,False
Notifications,Spring 2026,0,0.0,X26,2026,20261,195,False
Notifications,Summer 2026,0,0.0,S26,2026,20262,235,False
Notifications,Fall 2026,0,0.0,F26,2026,20263,35,True
Notifications,Winter 2027,0,0.0,W27,2027,20270,1,True
Oncology,Summer 2005,0,0.0,S05,2005,20052,9,True
Oncology,Winter 2006,0,0.0,W06,2006,20060,7,True
Oncology,Summer 2006,0,0.0,S06,2006,20062,10,True
Oncology,Winter 2007,0,0.0,W07,2007,20070,13,True
Oncology,Summer 2007,0,0.0,S07,2007,20072,19,True
Oncology,Winter 2008,0,0.0,W08,2008,20080,21,True
Oncology,Summer 2008,0,0.0,S08,2008,20082,22,True
Oncology,Winter 2009,0,0.0,W09,2009,20090,16,True
Oncology,Summer 2009,0,0.0,S09,2009,20092,26,True
Oncology,Winter 2010,0,0.0,W10,2010,20100,27,True
Oncology,Summer 2010,0,0.0,S10,2010,20102,36,True
Oncology,Winter 2011,0,0.0,W11,2011,20110,45,True
Oncology,Summer 2011,0,0.0,S11,2011,20112,60,False
Oncology,Winter 2012,0,0.0,W12,2012,20120,66,False
Oncology,Summer 2012,0,0.0,S12,2012,20122,83,False
Oncology,Winter 2013,0,0.0,W13,2013,20130,46,True
Oncology,Summer 2013,0,0.0,S13,2013,20132,52,False
Oncology,Winter 2014,0,0.0,W14,2014,20140,74,False
Oncology,Summer 2014,0,0.0,S14,2014,20142,78,False
Oncology,Winter 2015,2,1.818,W15,2015,20150,110,False
Oncology,Summer 2015,0,0.0,S15,2015,20152,104,False
Oncology,Winter 2016,0,0.0,W16,2016,20160,122,False
Oncology,Summer 2016,0,0.0,S16,2016,20162,102,False
Oncology,Winter 2017,0,0.0,W17,2017,20170,116,False
Oncology,Summer 2017,2,1.6,S17,2017,20172,125,False
Oncology,Winter 2018,1,0.685,W18,2018,20180,146,False
Oncology,Summer 2018,1,0.763,S18,2018,20182,131,False
Oncology,Winter 2019,0,0.0,W19,2019,20190,194,False
Oncology,Summer 2019,0,0.0,S19,2019,20192,176,False
Oncology,Winter 2020,0,0.0,W20,2020,20200,228,False
Oncology,Summer 2020,1,0.478,S20,2020,20202,209,False
Oncology,Winter 2021,1,0.298,W21,2021,20210,336,False
Oncology,Summer 2021,1,0.256,S21,2021,20212,391,False
Oncology,Winter 2022,1,0.251,W22,2022,20220,398,False
Oncology,Summer 2022,3,1.282,S22,2022,20222,234,False
Oncology,Winter 2023,2,0.73,W23,2023,20230,274,False
Oncology,Summer 2023,0,0.0,S23,2023,20232,220,False
Oncology,Winter 2024,4,1.613,W24,2024,20240,248,False
Oncology,Summer 2024,1,0.403,S24,2024,20242,248,False
Oncology,Fall 2024,0,0.0,F24,2024,20243,94,False
Oncology,Winter 2025,0,0.0,W25,2025,20250,166,False
Oncology,Spring 2025,0,0.0,X25,2025,20251,143,False
Oncology,Summer 2025,0,0.0,S25,2025,20252,166,False
Oncology,Fall 2025,0,0.0,F25,2025,20253,146,False
Oncology,Winter 2026,0,0.0,W26,2026,20260,199,False
Oncology,Spring 2026,0,0.0,X26,2026,20261,195,False
Oncology,Summer 2026,2,0.851,S26,2026,20262,235,False
Oncology,Fall 2026,0,0.0,F26,2026,20263,35,True
Oncology,Winter 2027,0,0.0,W27,2027,20270,1,True
Open Source,Summer 2005,0,0.0,S05,2005,20052,9,True
Open Source,Winter 2006,0,0.0,W06,2006,20060,7,True
Open Source,Summer 2006,0,0.0,S06,2006,20062,10,True
Open Source,Winter 2007,0,0.0,W07,2007,20070,13,True
Open Source,Summer 2007,0,0.0,S07,2007,20072,19,True
Open Source,Winter 2008,0,0.0,W08,2008,20080,21,True
Open Source,Summer 2008,0,0.0,S08,2008,20082,22,True
Open Source,Winter 2009,0,0.0,W09,2009,20090,16,True
Open Source,Summer 2009,1,3.846,S09,2009,20092,26,True
Open Source,Winter 2010,0,0.0,W10,2010,20100,27,True
Open Source,Summer 2010,1,2.778,S10,2010,20102,36,True
Open Source,Winter 2011,0,0.0,W11,2011,20110,45,True
Open Source,Summer 2011,2,3.333,S11,2011,20112,60,False
Open Source,Winter 2012,0,0.0,W12,2012,20120,66,False
Open Source,Summer 2012,1,1.205,S12,2012,20122,83,False
Open Source,Winter 2013,1,2.174,W13,2013,20130,46,True
Open Source,Summer 2013,1,1.923,S13,2013,20132,52,False
Open Source,Winter 2014,1,1.351,W14,2014,20140,74,False
Open Source,Summer 2014,1,1.282,S14,2014,20142,78,False
Open Source,Winter 2015,3,2.727,W15,2015,20150,110,False
Open Source,Summer 2015,1,0.962,S15,2015,20152,104,False
Open Source,Winter 2016,1,0.82,W16,2016,20160,122,False
Open Source,Summer 2016,0,0.0,S16,2016,20162,102,False
Open Source,Winter 2017,0,0.0,W17,2017,20170,116,False
Open Source,Summer 2017,0,0.0,S17,2017,20172,125,False
Open Source,Winter 2018,2,1.37,W18,2018,20180,146,False
Open Source,Summer 2018,2,1.527,S18,2018,20182,131,False
Open Source,Winter 2019,1,0.515,W19,2019,20190,194,False
Open Source,Summer 2019,7,3.977,S19,2019,20192,176,False
Open Source,Winter 2020,5,2.193,W20,2020,20200,228,False
Open Source,Summer 2020,12,5.742,S20,2020,20202,209,False
Open Source,Winter 2021,13,3.869,W21,2021,20210,336,False
Open Source,Summer 2021,8,2.046,S21,2021,20212,391,False
Open Source,Winter 2022,11,2.764,W22,2022,20220,398,False
Open Source,Summer 2022,13,5.556,S22,2022,20222,234,False
Open Source,Winter 2023,21,7.664,W23,2023,20230,274,False
Open Source,Summer 2023,11,5.0,S23,2023,20232,220,False
Open Source,Winter 2024,12,4.839,W24,2024,20240,248,False
Open Source,Summer 2024,7,2.823,S24,2024,20242,248,False
Open Source,Fall 2024,0,0.0,F24,2024,20243,94,False
Open Source,Winter 2025,7,4.217,W25,2025,20250,166,False
Open Source,Spring 2025,5,3.497,X25,2025,20251,143,False
Open Source,Summer 2025,6,3.614,S25,2025,20252,166,False
Open Source,Fall 2025,3,2.055,F25,2025,20253,146,False
Open Source,Winter 2026,0,0.0,W26,2026,20260,199,False
Open Source,Spring 2026,2,1.026,X26,2026,20261,195,False
Open Source,Summer 2026,8,3.404,S26,2026,20262,235,False
Open Source,Fall 2026,0,0.0,F26,2026,20263,35,True
Open Source,Winter 2027,0,0.0,W27,2027,20270,1,True
Operations,Summer 2005,0,0.0,S05,2005,20052,9,True
Operations,Winter 2006,0,0.0,W06,2006,20060,7,True
Operations,Summer 2006,0,0.0,S06,2006,20062,10,True
Operations,Winter 2007,0,0.0,W07,2007,20070,13,True
Operations,Summer 2007,0,0.0,S07,2007,20072,19,True
Operations,Winter 2008,0,0.0,W08,2008,20080,21,True
Operations,Summer 2008,0,0.0,S08,2008,20082,22,True
Operations,Winter 2009,0,0.0,W09,2009,20090,16,True
Operations,Summer 2009,0,0.0,S09,2009,20092,26,True
Operations,Winter 2010,0,0.0,W10,2010,20100,27,True
Operations,Summer 2010,0,0.0,S10,2010,20102,36,True
Operations,Winter 2011,0,0.0,W11,2011,20110,45,True
Operations,Summer 2011,0,0.0,S11,2011,20112,60,False
Operations,Winter 2012,0,0.0,W12,2012,20120,66,False
Operations,Summer 2012,0,0.0,S12,2012,20122,83,False
Operations,Winter 2013,0,0.0,W13,2013,20130,46,True
Operations,Summer 2013,0,0.0,S13,2013,20132,52,False
Operations,Winter 2014,0,0.0,W14,2014,20140,74,False
Operations,Summer 2014,0,0.0,S14,2014,20142,78,False
Operations,Winter 2015,0,0.0,W15,2015,20150,110,False
Operations,Summer 2015,0,0.0,S15,2015,20152,104,False
Operations,Winter 2016,1,0.82,W16,2016,20160,122,False
Operations,Summer 2016,0,0.0,S16,2016,20162,102,False
Operations,Winter 2017,0,0.0,W17,2017,20170,116,False
Operations,Summer 2017,1,0.8,S17,2017,20172,125,False
Operations,Winter 2018,0,0.0,W18,2018,20180,146,False
Operations,Summer 2018,0,0.0,S18,2018,20182,131,False
Operations,Winter 2019,0,0.0,W19,2019,20190,194,False
Operations,Summer 2019,0,0.0,S19,2019,20192,176,False
Operations,Winter 2020,0,0.0,W20,2020,20200,228,False
Operations,Summer 2020,0,0.0,S20,2020,20202,209,False
Operations,Winter 2021,2,0.595,W21,2021,20210,336,False
Operations,Summer 2021,3,0.767,S21,2021,20212,391,False
Operations,Winter 2022,2,0.503,W22,2022,20220,398,False
Operations,Summer 2022,1,0.427,S22,2022,20222,234,False
Operations,Winter 2023,3,1.095,W23,2023,20230,274,False
Operations,Summer 2023,1,0.455,S23,2023,20232,220,False
Operations,Winter 2024,4,1.613,W24,2024,20240,248,False
Operations,Summer 2024,7,2.823,S24,2024,20242,248,False
Operations,Fall 2024,1,1.064,F24,2024,20243,94,False
Operations,Winter 2025,1,0.602,W25,2025,20250,166,False
Operations,Spring 2025,3,2.098,X25,2025,20251,143,False
Operations,Summer 2025,1,0.602,S25,2025,20252,166,False
Operations,Fall 2025,3,2.055,F25,2025,20253,146,False
Operations,Winter 2026,3,1.508,W26,2026,20260,199,False
Operations,Spring 2026,0,0.0,X26,2026,20261,195,False
Operations,Summer 2026,1,0.426,S26,2026,20262,235,False
Operations,Fall 2026,0,0.0,F26,2026,20263,35,True
Operations,Winter 2027,0,0.0,W27,2027,20270,1,True
Payments,Summer 2005,0,0.0,S05,2005,20052,9,True
Payments,Winter 2006,0,0.0,W06,2006,20060,7,True
Payments,Summer 2006,0,0.0,S06,2006,20062,10,True
Payments,Winter 2007,0,0.0,W07,2007,20070,13,True
Payments,Summer 2007,0,0.0,S07,2007,20072,19,True
Payments,Winter 2008,1,4.762,W08,2008,20080,21,True
Payments,Summer 2008,0,0.0,S08,2008,20082,22,True
Payments,Winter 2009,0,0.0,W09,2009,20090,16,True
Payments,Summer 2009,0,0.0,S09,2009,20092,26,True
Payments,Winter 2010,0,0.0,W10,2010,20100,27,True
Payments,Summer 2010,0,0.0,S10,2010,20102,36,True
Payments,Winter 2011,3,6.667,W11,2011,20110,45,True
Payments,Summer 2011,1,1.667,S11,2011,20112,60,False
Payments,Winter 2012,2,3.03,W12,2012,20120,66,False
Payments,Summer 2012,0,0.0,S12,2012,20122,83,False
Payments,Winter 2013,2,4.348,W13,2013,20130,46,True
Payments,Summer 2013,2,3.846,S13,2013,20132,52,False
Payments,Winter 2014,1,1.351,W14,2014,20140,74,False
Payments,Summer 2014,3,3.846,S14,2014,20142,78,False
Payments,Winter 2015,4,3.636,W15,2015,20150,110,False
Payments,Summer 2015,2,1.923,S15,2015,20152,104,False
Payments,Winter 2016,2,1.639,W16,2016,20160,122,False
Payments,Summer 2016,1,0.98,S16,2016,20162,102,False
Payments,Winter 2017,2,1.724,W17,2017,20170,116,False
Payments,Summer 2017,4,3.2,S17,2017,20172,125,False
Payments,Winter 2018,2,1.37,W18,2018,20180,146,False
Payments,Summer 2018,2,1.527,S18,2018,20182,131,False
Payments,Winter 2019,8,4.124,W19,2019,20190,194,False
Payments,Summer 2019,4,2.273,S19,2019,20192,176,False
Payments,Winter 2020,3,1.316,W20,2020,20200,228,False
Payments,Summer 2020,6,2.871,S20,2020,20202,209,False
Payments,Winter 2021,9,2.679,W21,2021,20210,336,False
Payments,Summer 2021,14,3.581,S21,2021,20212,391,False
Payments,Winter 2022,18,4.523,W22,2022,20220,398,False
Payments,Summer 2022,15,6.41,S22,2022,20222,234,False
Payments,Winter 2023,13,4.745,W23,2023,20230,274,False
Payments,Summer 2023,7,3.182,S23,2023,20232,220,False
Payments,Winter 2024,4,1.613,W24,2024,20240,248,False
Payments,Summer 2024,4,1.613,S24,2024,20242,248,False
Payments,Fall 2024,1,1.064,F24,2024,20243,94,False
Payments,Winter 2025,2,1.205,W25,2025,20250,166,False
Payments,Spring 2025,0,0.0,X25,2025,20251,143,False
Payments,Summer 2025,1,0.602,S25,2025,20252,166,False
Payments,Fall 2025,1,0.685,F25,2025,20253,146,False
Payments,Winter 2026,1,0.503,W26,2026,20260,199,False
Payments,Spring 2026,1,0.513,X26,2026,20261,195,False
Payments,Summer 2026,0,0.0,S26,2026,20262,235,False
Payments,Fall 2026,0,0.0,F26,2026,20263,35,True
Payments,Winter 2027,0,0.0,W27,2027,20270,1,True
Payroll,Summer 2005,0,0.0,S05,2005,20052,9,True
Payroll,Winter 2006,0,0.0,W06,2006,20060,7,True
Payroll,Summer 2006,0,0.0,S06,2006,20062,10,True
Payroll,Winter 2007,0,0.0,W07,2007,20070,13,True
Payroll,Summer 2007,0,0.0,S07,2007,20072,19,True
Payroll,Winter 2008,0,0.0,W08,2008,20080,21,True
Payroll,Summer 2008,0,0.0,S08,2008,20082,22,True
Payroll,Winter 2009,0,0.0,W09,2009,20090,16,True
Payroll,Summer 2009,0,0.0,S09,2009,20092,26,True
Payroll,Winter 2010,0,0.0,W10,2010,20100,27,True
Payroll,Summer 2010,0,0.0,S10,2010,20102,36,True
Payroll,Winter 2011,0,0.0,W11,2011,20110,45,True
Payroll,Summer 2011,0,0.0,S11,2011,20112,60,False
Payroll,Winter 2012,1,1.515,W12,2012,20120,66,False
Payroll,Summer 2012,0,0.0,S12,2012,20122,83,False
Payroll,Winter 2013,0,0.0,W13,2013,20130,46,True
Payroll,Summer 2013,0,0.0,S13,2013,20132,52,False
Payroll,Winter 2014,0,0.0,W14,2014,20140,74,False
Payroll,Summer 2014,0,0.0,S14,2014,20142,78,False
Payroll,Winter 2015,0,0.0,W15,2015,20150,110,False
Payroll,Summer 2015,0,0.0,S15,2015,20152,104,False
Payroll,Winter 2016,0,0.0,W16,2016,20160,122,False
Payroll,Summer 2016,0,0.0,S16,2016,20162,102,False
Payroll,Winter 2017,1,0.862,W17,2017,20170,116,False
Payroll,Summer 2017,0,0.0,S17,2017,20172,125,False
Payroll,Winter 2018,1,0.685,W18,2018,20180,146,False
Payroll,Summer 2018,0,0.0,S18,2018,20182,131,False
Payroll,Winter 2019,1,0.515,W19,2019,20190,194,False
Payroll,Summer 2019,1,0.568,S19,2019,20192,176,False
Payroll,Winter 2020,0,0.0,W20,2020,20200,228,False
Payroll,Summer 2020,0,0.0,S20,2020,20202,209,False
Payroll,Winter 2021,0,0.0,W21,2021,20210,336,False
Payroll,Summer 2021,2,0.512,S21,2021,20212,391,False
Payroll,Winter 2022,1,0.251,W22,2022,20220,398,False
Payroll,Summer 2022,1,0.427,S22,2022,20222,234,False
Payroll,Winter 2023,2,0.73,W23,2023,20230,274,False
Payroll,Summer 2023,2,0.909,S23,2023,20232,220,False
Payroll,Winter 2024,1,0.403,W24,2024,20240,248,False
Payroll,Summer 2024,1,0.403,S24,2024,20242,248,False
Payroll,Fall 2024,0,0.0,F24,2024,20243,94,False
Payroll,Winter 2025,0,0.0,W25,2025,20250,166,False
Payroll,Spring 2025,0,0.0,X25,2025,20251,143,False
Payroll,Summer 2025,0,0.0,S25,2025,20252,166,False
Payroll,Fall 2025,0,0.0,F25,2025,20253,146,False
Payroll,Winter 2026,1,0.503,W26,2026,20260,199,False
Payroll,Spring 2026,0,0.0,X26,2026,20261,195,False
Payroll,Summer 2026,0,0.0,S26,2026,20262,235,False
Payroll,Fall 2026,0,0.0,F26,2026,20263,35,True
Payroll,Winter 2027,0,0.0,W27,2027,20270,1,True
Pediatrics,Summer 2005,0,0.0,S05,2005,20052,9,True
Pediatrics,Winter 2006,0,0.0,W06,2006,20060,7,True
Pediatrics,Summer 2006,0,0.0,S06,2006,20062,10,True
Pediatrics,Winter 2007,0,0.0,W07,2007,20070,13,True
Pediatrics,Summer 2007,0,0.0,S07,2007,20072,19,True
Pediatrics,Winter 2008,0,0.0,W08,2008,20080,21,True
Pediatrics,Summer 2008,0,0.0,S08,2008,20082,22,True
Pediatrics,Winter 2009,0,0.0,W09,2009,20090,16,True
Pediatrics,Summer 2009,0,0.0,S09,2009,20092,26,True
Pediatrics,Winter 2010,0,0.0,W10,2010,20100,27,True
Pediatrics,Summer 2010,0,0.0,S10,2010,20102,36,True
Pediatrics,Winter 2011,0,0.0,W11,2011,20110,45,True
Pediatrics,Summer 2011,0,0.0,S11,2011,20112,60,False
Pediatrics,Winter 2012,0,0.0,W12,2012,20120,66,False
Pediatrics,Summer 2012,0,0.0,S12,2012,20122,83,False
Pediatrics,Winter 2013,0,0.0,W13,2013,20130,46,True
Pediatrics,Summer 2013,0,0.0,S13,2013,20132,52,False
Pediatrics,Winter 2014,0,0.0,W14,2014,20140,74,False
Pediatrics,Summer 2014,0,0.0,S14,2014,20142,78,False
Pediatrics,Winter 2015,0,0.0,W15,2015,20150,110,False
Pediatrics,Summer 2015,0,0.0,S15,2015,20152,104,False
Pediatrics,Winter 2016,0,0.0,W16,2016,20160,122,False
Pediatrics,Summer 2016,0,0.0,S16,2016,20162,102,False
Pediatrics,Winter 2017,0,0.0,W17,2017,20170,116,False
Pediatrics,Summer 2017,0,0.0,S17,2017,20172,125,False
Pediatrics,Winter 2018,1,0.685,W18,2018,20180,146,False
Pediatrics,Summer 2018,0,0.0,S18,2018,20182,131,False
Pediatrics,Winter 2019,0,0.0,W19,2019,20190,194,False
Pediatrics,Summer 2019,1,0.568,S19,2019,20192,176,False
Pediatrics,Winter 2020,0,0.0,W20,2020,20200,228,False
Pediatrics,Summer 2020,0,0.0,S20,2020,20202,209,False
Pediatrics,Winter 2021,0,0.0,W21,2021,20210,336,False
Pediatrics,Summer 2021,0,0.0,S21,2021,20212,391,False
Pediatrics,Winter 2022,1,0.251,W22,2022,20220,398,False
Pediatrics,Summer 2022,0,0.0,S22,2022,20222,234,False
Pediatrics,Winter 2023,0,0.0,W23,2023,20230,274,False
Pediatrics,Summer 2023,0,0.0,S23,2023,20232,220,False
Pediatrics,Winter 2024,0,0.0,W24,2024,20240,248,False
Pediatrics,Summer 2024,0,0.0,S24,2024,20242,248,False
Pediatrics,Fall 2024,0,0.0,F24,2024,20243,94,False
Pediatrics,Winter 2025,0,0.0,W25,2025,20250,166,False
Pediatrics,Spring 2025,0,0.0,X25,2025,20251,143,False
Pediatrics,Summer 2025,0,0.0,S25,2025,20252,166,False
Pediatrics,Fall 2025,0,0.0,F25,2025,20253,146,False
Pediatrics,Winter 2026,0,0.0,W26,2026,20260,199,False
Pediatrics,Spring 2026,0,0.0,X26,2026,20261,195,False
Pediatrics,Summer 2026,0,0.0,S26,2026,20262,235,False
Pediatrics,Fall 2026,0,0.0,F26,2026,20263,35,True
Pediatrics,Winter 2027,0,0.0,W27,2027,20270,1,True
Personalization,Summer 2005,0,0.0,S05,2005,20052,9,True
Personalization,Winter 2006,0,0.0,W06,2006,20060,7,True
Personalization,Summer 2006,0,0.0,S06,2006,20062,10,True
Personalization,Winter 2007,0,0.0,W07,2007,20070,13,True
Personalization,Summer 2007,0,0.0,S07,2007,20072,19,True
Personalization,Winter 2008,0,0.0,W08,2008,20080,21,True
Personalization,Summer 2008,0,0.0,S08,2008,20082,22,True
Personalization,Winter 2009,0,0.0,W09,2009,20090,16,True
Personalization,Summer 2009,0,0.0,S09,2009,20092,26,True
Personalization,Winter 2010,0,0.0,W10,2010,20100,27,True
Personalization,Summer 2010,0,0.0,S10,2010,20102,36,True
Personalization,Winter 2011,0,0.0,W11,2011,20110,45,True
Personalization,Summer 2011,0,0.0,S11,2011,20112,60,False
Personalization,Winter 2012,0,0.0,W12,2012,20120,66,False
Personalization,Summer 2012,1,1.205,S12,2012,20122,83,False
Personalization,Winter 2013,0,0.0,W13,2013,20130,46,True
Personalization,Summer 2013,0,0.0,S13,2013,20132,52,False
Personalization,Winter 2014,1,1.351,W14,2014,20140,74,False
Personalization,Summer 2014,0,0.0,S14,2014,20142,78,False
Personalization,Winter 2015,0,0.0,W15,2015,20150,110,False
Personalization,Summer 2015,1,0.962,S15,2015,20152,104,False
Personalization,Winter 2016,1,0.82,W16,2016,20160,122,False
Personalization,Summer 2016,1,0.98,S16,2016,20162,102,False
Personalization,Winter 2017,0,0.0,W17,2017,20170,116,False
Personalization,Summer 2017,1,0.8,S17,2017,20172,125,False
Personalization,Winter 2018,0,0.0,W18,2018,20180,146,False
Personalization,Summer 2018,0,0.0,S18,2018,20182,131,False
Personalization,Winter 2019,0,0.0,W19,2019,20190,194,False
Personalization,Summer 2019,1,0.568,S19,2019,20192,176,False
Personalization,Winter 2020,0,0.0,W20,2020,20200,228,False
Personalization,Summer 2020,1,0.478,S20,2020,20202,209,False
Personalization,Winter 2021,0,0.0,W21,2021,20210,336,False
Personalization,Summer 2021,0,0.0,S21,2021,20212,391,False
Personalization,Winter 2022,0,0.0,W22,2022,20220,398,False
Personalization,Summer 2022,0,0.0,S22,2022,20222,234,False
Personalization,Winter 2023,0,0.0,W23,2023,20230,274,False
Personalization,Summer 2023,0,0.0,S23,2023,20232,220,False
Personalization,Winter 2024,1,0.403,W24,2024,20240,248,False
Personalization,Summer 2024,0,0.0,S24,2024,20242,248,False
Personalization,Fall 2024,0,0.0,F24,2024,20243,94,False
Personalization,Winter 2025,1,0.602,W25,2025,20250,166,False
Personalization,Spring 2025,0,0.0,X25,2025,20251,143,False
Personalization,Summer 2025,0,0.0,S25,2025,20252,166,False
Personalization,Fall 2025,0,0.0,F25,2025,20253,146,False
Personalization,Winter 2026,0,0.0,W26,2026,20260,199,False
Personalization,Spring 2026,0,0.0,X26,2026,20261,195,False
Personalization,Summer 2026,3,1.277,S26,2026,20262,235,False
Personalization,Fall 2026,0,0.0,F26,2026,20263,35,True
Personalization,Winter 2027,0,0.0,W27,2027,20270,1,True
Plant-based Meat,Summer 2005,0,0.0,S05,2005,20052,9,True
Plant-based Meat,Winter 2006,0,0.0,W06,2006,20060,7,True
Plant-based Meat,Summer 2006,0,0.0,S06,2006,20062,10,True
Plant-based Meat,Winter 2007,0,0.0,W07,2007,20070,13,True
Plant-based Meat,Summer 2007,0,0.0,S07,2007,20072,19,True
Plant-based Meat,Winter 2008,0,0.0,W08,2008,20080,21,True
Plant-based Meat,Summer 2008,0,0.0,S08,2008,20082,22,True
Plant-based Meat,Winter 2009,0,0.0,W09,2009,20090,16,True
Plant-based Meat,Summer 2009,0,0.0,S09,2009,20092,26,True
Plant-based Meat,Winter 2010,0,0.0,W10,2010,20100,27,True
Plant-based Meat,Summer 2010,0,0.0,S10,2010,20102,36,True
Plant-based Meat,Winter 2011,0,0.0,W11,2011,20110,45,True
Plant-based Meat,Summer 2011,0,0.0,S11,2011,20112,60,False
Plant-based Meat,Winter 2012,0,0.0,W12,2012,20120,66,False
Plant-based Meat,Summer 2012,0,0.0,S12,2012,20122,83,False
Plant-based Meat,Winter 2013,0,0.0,W13,2013,20130,46,True
Plant-based Meat,Summer 2013,0,0.0,S13,2013,20132,52,False
Plant-based Meat,Winter 2014,0,0.0,W14,2014,20140,74,False
Plant-based Meat,Summer 2014,0,0.0,S14,2014,20142,78,False
Plant-based Meat,Winter 2015,0,0.0,W15,2015,20150,110,False
Plant-based Meat,Summer 2015,0,0.0,S15,2015,20152,104,False
Plant-based Meat,Winter 2016,0,0.0,W16,2016,20160,122,False
Plant-based Meat,Summer 2016,0,0.0,S16,2016,20162,102,False
Plant-based Meat,Winter 2017,0,0.0,W17,2017,20170,116,False
Plant-based Meat,Summer 2017,0,0.0,S17,2017,20172,125,False
Plant-based Meat,Winter 2018,0,0.0,W18,2018,20180,146,False
Plant-based Meat,Summer 2018,2,1.527,S18,2018,20182,131,False
Plant-based Meat,Winter 2019,0,0.0,W19,2019,20190,194,False
Plant-based Meat,Summer 2019,0,0.0,S19,2019,20192,176,False
Plant-based Meat,Winter 2020,0,0.0,W20,2020,20200,228,False
Plant-based Meat,Summer 2020,0,0.0,S20,2020,20202,209,False
Plant-based Meat,Winter 2021,0,0.0,W21,2021,20210,336,False
Plant-based Meat,Summer 2021,0,0.0,S21,2021,20212,391,False
Plant-based Meat,Winter 2022,0,0.0,W22,2022,20220,398,False
Plant-based Meat,Summer 2022,0,0.0,S22,2022,20222,234,False
Plant-based Meat,Winter 2023,0,0.0,W23,2023,20230,274,False
Plant-based Meat,Summer 2023,0,0.0,S23,2023,20232,220,False
Plant-based Meat,Winter 2024,0,0.0,W24,2024,20240,248,False
Plant-based Meat,Summer 2024,0,0.0,S24,2024,20242,248,False
Plant-based Meat,Fall 2024,0,0.0,F24,2024,20243,94,False
Plant-based Meat,Winter 2025,0,0.0,W25,2025,20250,166,False
Plant-based Meat,Spring 2025,0,0.0,X25,2025,20251,143,False
Plant-based Meat,Summer 2025,0,0.0,S25,2025,20252,166,False
Plant-based Meat,Fall 2025,0,0.0,F25,2025,20253,146,False
Plant-based Meat,Winter 2026,0,0.0,W26,2026,20260,199,False
Plant-based Meat,Spring 2026,0,0.0,X26,2026,20261,195,False
Plant-based Meat,Summer 2026,0,0.0,S26,2026,20262,235,False
Plant-based Meat,Fall 2026,0,0.0,F26,2026,20263,35,True
Plant-based Meat,Winter 2027,0,0.0,W27,2027,20270,1,True
Podcasts,Summer 2005,0,0.0,S05,2005,20052,9,True
Podcasts,Winter 2006,0,0.0,W06,2006,20060,7,True
Podcasts,Summer 2006,0,0.0,S06,2006,20062,10,True
Podcasts,Winter 2007,0,0.0,W07,2007,20070,13,True
Podcasts,Summer 2007,0,0.0,S07,2007,20072,19,True
Podcasts,Winter 2008,0,0.0,W08,2008,20080,21,True
Podcasts,Summer 2008,0,0.0,S08,2008,20082,22,True
Podcasts,Winter 2009,0,0.0,W09,2009,20090,16,True
Podcasts,Summer 2009,0,0.0,S09,2009,20092,26,True
Podcasts,Winter 2010,0,0.0,W10,2010,20100,27,True
Podcasts,Summer 2010,0,0.0,S10,2010,20102,36,True
Podcasts,Winter 2011,0,0.0,W11,2011,20110,45,True
Podcasts,Summer 2011,0,0.0,S11,2011,20112,60,False
Podcasts,Winter 2012,0,0.0,W12,2012,20120,66,False
Podcasts,Summer 2012,0,0.0,S12,2012,20122,83,False
Podcasts,Winter 2013,0,0.0,W13,2013,20130,46,True
Podcasts,Summer 2013,0,0.0,S13,2013,20132,52,False
Podcasts,Winter 2014,0,0.0,W14,2014,20140,74,False
Podcasts,Summer 2014,0,0.0,S14,2014,20142,78,False
Podcasts,Winter 2015,0,0.0,W15,2015,20150,110,False
Podcasts,Summer 2015,0,0.0,S15,2015,20152,104,False
Podcasts,Winter 2016,0,0.0,W16,2016,20160,122,False
Podcasts,Summer 2016,0,0.0,S16,2016,20162,102,False
Podcasts,Winter 2017,1,0.862,W17,2017,20170,116,False
Podcasts,Summer 2017,0,0.0,S17,2017,20172,125,False
Podcasts,Winter 2018,1,0.685,W18,2018,20180,146,False
Podcasts,Summer 2018,0,0.0,S18,2018,20182,131,False
Podcasts,Winter 2019,0,0.0,W19,2019,20190,194,False
Podcasts,Summer 2019,1,0.568,S19,2019,20192,176,False
Podcasts,Winter 2020,0,0.0,W20,2020,20200,228,False
Podcasts,Summer 2020,1,0.478,S20,2020,20202,209,False
Podcasts,Winter 2021,0,0.0,W21,2021,20210,336,False
Podcasts,Summer 2021,1,0.256,S21,2021,20212,391,False
Podcasts,Winter 2022,0,0.0,W22,2022,20220,398,False
Podcasts,Summer 2022,1,0.427,S22,2022,20222,234,False
Podcasts,Winter 2023,0,0.0,W23,2023,20230,274,False
Podcasts,Summer 2023,0,0.0,S23,2023,20232,220,False
Podcasts,Winter 2024,0,0.0,W24,2024,20240,248,False
Podcasts,Summer 2024,1,0.403,S24,2024,20242,248,False
Podcasts,Fall 2024,0,0.0,F24,2024,20243,94,False
Podcasts,Winter 2025,0,0.0,W25,2025,20250,166,False
Podcasts,Spring 2025,0,0.0,X25,2025,20251,143,False
Podcasts,Summer 2025,0,0.0,S25,2025,20252,166,False
Podcasts,Fall 2025,0,0.0,F25,2025,20253,146,False
Podcasts,Winter 2026,0,0.0,W26,2026,20260,199,False
Podcasts,Spring 2026,0,0.0,X26,2026,20261,195,False
Podcasts,Summer 2026,0,0.0,S26,2026,20262,235,False
Podcasts,Fall 2026,0,0.0,F26,2026,20263,35,True
Podcasts,Winter 2027,0,0.0,W27,2027,20270,1,True
Primary Care,Summer 2005,0,0.0,S05,2005,20052,9,True
Primary Care,Winter 2006,0,0.0,W06,2006,20060,7,True
Primary Care,Summer 2006,0,0.0,S06,2006,20062,10,True
Primary Care,Winter 2007,0,0.0,W07,2007,20070,13,True
Primary Care,Summer 2007,0,0.0,S07,2007,20072,19,True
Primary Care,Winter 2008,0,0.0,W08,2008,20080,21,True
Primary Care,Summer 2008,0,0.0,S08,2008,20082,22,True
Primary Care,Winter 2009,0,0.0,W09,2009,20090,16,True
Primary Care,Summer 2009,0,0.0,S09,2009,20092,26,True
Primary Care,Winter 2010,0,0.0,W10,2010,20100,27,True
Primary Care,Summer 2010,0,0.0,S10,2010,20102,36,True
Primary Care,Winter 2011,0,0.0,W11,2011,20110,45,True
Primary Care,Summer 2011,0,0.0,S11,2011,20112,60,False
Primary Care,Winter 2012,0,0.0,W12,2012,20120,66,False
Primary Care,Summer 2012,0,0.0,S12,2012,20122,83,False
Primary Care,Winter 2013,0,0.0,W13,2013,20130,46,True
Primary Care,Summer 2013,0,0.0,S13,2013,20132,52,False
Primary Care,Winter 2014,0,0.0,W14,2014,20140,74,False
Primary Care,Summer 2014,0,0.0,S14,2014,20142,78,False
Primary Care,Winter 2015,0,0.0,W15,2015,20150,110,False
Primary Care,Summer 2015,1,0.962,S15,2015,20152,104,False
Primary Care,Winter 2016,0,0.0,W16,2016,20160,122,False
Primary Care,Summer 2016,0,0.0,S16,2016,20162,102,False
Primary Care,Winter 2017,0,0.0,W17,2017,20170,116,False
Primary Care,Summer 2017,0,0.0,S17,2017,20172,125,False
Primary Care,Winter 2018,0,0.0,W18,2018,20180,146,False
Primary Care,Summer 2018,1,0.763,S18,2018,20182,131,False
Primary Care,Winter 2019,1,0.515,W19,2019,20190,194,False
Primary Care,Summer 2019,0,0.0,S19,2019,20192,176,False
Primary Care,Winter 2020,1,0.439,W20,2020,20200,228,False
Primary Care,Summer 2020,0,0.0,S20,2020,20202,209,False
Primary Care,Winter 2021,0,0.0,W21,2021,20210,336,False
Primary Care,Summer 2021,3,0.767,S21,2021,20212,391,False
Primary Care,Winter 2022,1,0.251,W22,2022,20220,398,False
Primary Care,Summer 2022,0,0.0,S22,2022,20222,234,False
Primary Care,Winter 2023,0,0.0,W23,2023,20230,274,False
Primary Care,Summer 2023,0,0.0,S23,2023,20232,220,False
Primary Care,Winter 2024,0,0.0,W24,2024,20240,248,False
Primary Care,Summer 2024,0,0.0,S24,2024,20242,248,False
Primary Care,Fall 2024,0,0.0,F24,2024,20243,94,False
Primary Care,Winter 2025,0,0.0,W25,2025,20250,166,False
Primary Care,Spring 2025,0,0.0,X25,2025,20251,143,False
Primary Care,Summer 2025,0,0.0,S25,2025,20252,166,False
Primary Care,Fall 2025,0,0.0,F25,2025,20253,146,False
Primary Care,Winter 2026,0,0.0,W26,2026,20260,199,False
Primary Care,Spring 2026,0,0.0,X26,2026,20261,195,False
Primary Care,Summer 2026,0,0.0,S26,2026,20262,235,False
Primary Care,Fall 2026,0,0.0,F26,2026,20263,35,True
Primary Care,Winter 2027,0,0.0,W27,2027,20270,1,True
Privacy,Summer 2005,0,0.0,S05,2005,20052,9,True
Privacy,Winter 2006,0,0.0,W06,2006,20060,7,True
Privacy,Summer 2006,0,0.0,S06,2006,20062,10,True
Privacy,Winter 2007,0,0.0,W07,2007,20070,13,True
Privacy,Summer 2007,0,0.0,S07,2007,20072,19,True
Privacy,Winter 2008,0,0.0,W08,2008,20080,21,True
Privacy,Summer 2008,0,0.0,S08,2008,20082,22,True
Privacy,Winter 2009,0,0.0,W09,2009,20090,16,True
Privacy,Summer 2009,0,0.0,S09,2009,20092,26,True
Privacy,Winter 2010,0,0.0,W10,2010,20100,27,True
Privacy,Summer 2010,0,0.0,S10,2010,20102,36,True
Privacy,Winter 2011,0,0.0,W11,2011,20110,45,True
Privacy,Summer 2011,0,0.0,S11,2011,20112,60,False
Privacy,Winter 2012,1,1.515,W12,2012,20120,66,False
Privacy,Summer 2012,1,1.205,S12,2012,20122,83,False
Privacy,Winter 2013,0,0.0,W13,2013,20130,46,True
Privacy,Summer 2013,0,0.0,S13,2013,20132,52,False
Privacy,Winter 2014,1,1.351,W14,2014,20140,74,False
Privacy,Summer 2014,1,1.282,S14,2014,20142,78,False
Privacy,Winter 2015,0,0.0,W15,2015,20150,110,False
Privacy,Summer 2015,0,0.0,S15,2015,20152,104,False
Privacy,Winter 2016,1,0.82,W16,2016,20160,122,False
Privacy,Summer 2016,2,1.961,S16,2016,20162,102,False
Privacy,Winter 2017,0,0.0,W17,2017,20170,116,False
Privacy,Summer 2017,0,0.0,S17,2017,20172,125,False
Privacy,Winter 2018,0,0.0,W18,2018,20180,146,False
Privacy,Summer 2018,0,0.0,S18,2018,20182,131,False
Privacy,Winter 2019,0,0.0,W19,2019,20190,194,False
Privacy,Summer 2019,1,0.568,S19,2019,20192,176,False
Privacy,Winter 2020,0,0.0,W20,2020,20200,228,False
Privacy,Summer 2020,0,0.0,S20,2020,20202,209,False
Privacy,Winter 2021,2,0.595,W21,2021,20210,336,False
Privacy,Summer 2021,1,0.256,S21,2021,20212,391,False
Privacy,Winter 2022,3,0.754,W22,2022,20220,398,False
Privacy,Summer 2022,0,0.0,S22,2022,20222,234,False
Privacy,Winter 2023,1,0.365,W23,2023,20230,274,False
Privacy,Summer 2023,1,0.455,S23,2023,20232,220,False
Privacy,Winter 2024,0,0.0,W24,2024,20240,248,False
Privacy,Summer 2024,2,0.806,S24,2024,20242,248,False
Privacy,Fall 2024,0,0.0,F24,2024,20243,94,False
Privacy,Winter 2025,0,0.0,W25,2025,20250,166,False
Privacy,Spring 2025,1,0.699,X25,2025,20251,143,False
Privacy,Summer 2025,0,0.0,S25,2025,20252,166,False
Privacy,Fall 2025,0,0.0,F25,2025,20253,146,False
Privacy,Winter 2026,0,0.0,W26,2026,20260,199,False
Privacy,Spring 2026,0,0.0,X26,2026,20261,195,False
Privacy,Summer 2026,1,0.426,S26,2026,20262,235,False
Privacy,Fall 2026,0,0.0,F26,2026,20263,35,True
Privacy,Winter 2027,0,0.0,W27,2027,20270,1,True
Procurement,Summer 2005,0,0.0,S05,2005,20052,9,True
Procurement,Winter 2006,0,0.0,W06,2006,20060,7,True
Procurement,Summer 2006,0,0.0,S06,2006,20062,10,True
Procurement,Winter 2007,0,0.0,W07,2007,20070,13,True
Procurement,Summer 2007,0,0.0,S07,2007,20072,19,True
Procurement,Winter 2008,0,0.0,W08,2008,20080,21,True
Procurement,Summer 2008,0,0.0,S08,2008,20082,22,True
Procurement,Winter 2009,0,0.0,W09,2009,20090,16,True
Procurement,Summer 2009,0,0.0,S09,2009,20092,26,True
Procurement,Winter 2010,0,0.0,W10,2010,20100,27,True
Procurement,Summer 2010,0,0.0,S10,2010,20102,36,True
Procurement,Winter 2011,0,0.0,W11,2011,20110,45,True
Procurement,Summer 2011,0,0.0,S11,2011,20112,60,False
Procurement,Winter 2012,0,0.0,W12,2012,20120,66,False
Procurement,Summer 2012,0,0.0,S12,2012,20122,83,False
Procurement,Winter 2013,0,0.0,W13,2013,20130,46,True
Procurement,Summer 2013,0,0.0,S13,2013,20132,52,False
Procurement,Winter 2014,0,0.0,W14,2014,20140,74,False
Procurement,Summer 2014,0,0.0,S14,2014,20142,78,False
Procurement,Winter 2015,1,0.909,W15,2015,20150,110,False
Procurement,Summer 2015,0,0.0,S15,2015,20152,104,False
Procurement,Winter 2016,0,0.0,W16,2016,20160,122,False
Procurement,Summer 2016,0,0.0,S16,2016,20162,102,False
Procurement,Winter 2017,1,0.862,W17,2017,20170,116,False
Procurement,Summer 2017,0,0.0,S17,2017,20172,125,False
Procurement,Winter 2018,0,0.0,W18,2018,20180,146,False
Procurement,Summer 2018,0,0.0,S18,2018,20182,131,False
Procurement,Winter 2019,0,0.0,W19,2019,20190,194,False
Procurement,Summer 2019,1,0.568,S19,2019,20192,176,False
Procurement,Winter 2020,0,0.0,W20,2020,20200,228,False
Procurement,Summer 2020,1,0.478,S20,2020,20202,209,False
Procurement,Winter 2021,2,0.595,W21,2021,20210,336,False
Procurement,Summer 2021,1,0.256,S21,2021,20212,391,False
Procurement,Winter 2022,0,0.0,W22,2022,20220,398,False
Procurement,Summer 2022,0,0.0,S22,2022,20222,234,False
Procurement,Winter 2023,0,0.0,W23,2023,20230,274,False
Procurement,Summer 2023,1,0.455,S23,2023,20232,220,False
Procurement,Winter 2024,1,0.403,W24,2024,20240,248,False
Procurement,Summer 2024,1,0.403,S24,2024,20242,248,False
Procurement,Fall 2024,1,1.064,F24,2024,20243,94,False
Procurement,Winter 2025,0,0.0,W25,2025,20250,166,False
Procurement,Spring 2025,0,0.0,X25,2025,20251,143,False
Procurement,Summer 2025,1,0.602,S25,2025,20252,166,False
Procurement,Fall 2025,0,0.0,F25,2025,20253,146,False
Procurement,Winter 2026,0,0.0,W26,2026,20260,199,False
Procurement,Spring 2026,0,0.0,X26,2026,20261,195,False
Procurement,Summer 2026,2,0.851,S26,2026,20262,235,False
Procurement,Fall 2026,0,0.0,F26,2026,20263,35,True
Procurement,Winter 2027,0,0.0,W27,2027,20270,1,True
Productivity,Summer 2005,0,0.0,S05,2005,20052,9,True
Productivity,Winter 2006,1,14.286,W06,2006,20060,7,True
Productivity,Summer 2006,0,0.0,S06,2006,20062,10,True
Productivity,Winter 2007,1,7.692,W07,2007,20070,13,True
Productivity,Summer 2007,0,0.0,S07,2007,20072,19,True
Productivity,Winter 2008,0,0.0,W08,2008,20080,21,True
Productivity,Summer 2008,0,0.0,S08,2008,20082,22,True
Productivity,Winter 2009,1,6.25,W09,2009,20090,16,True
Productivity,Summer 2009,0,0.0,S09,2009,20092,26,True
Productivity,Winter 2010,0,0.0,W10,2010,20100,27,True
Productivity,Summer 2010,3,8.333,S10,2010,20102,36,True
Productivity,Winter 2011,2,4.444,W11,2011,20110,45,True
Productivity,Summer 2011,2,3.333,S11,2011,20112,60,False
Productivity,Winter 2012,3,4.545,W12,2012,20120,66,False
Productivity,Summer 2012,0,0.0,S12,2012,20122,83,False
Productivity,Winter 2013,0,0.0,W13,2013,20130,46,True
Productivity,Summer 2013,3,5.769,S13,2013,20132,52,False
Productivity,Winter 2014,2,2.703,W14,2014,20140,74,False
Productivity,Summer 2014,0,0.0,S14,2014,20142,78,False
Productivity,Winter 2015,1,0.909,W15,2015,20150,110,False
Productivity,Summer 2015,1,0.962,S15,2015,20152,104,False
Productivity,Winter 2016,2,1.639,W16,2016,20160,122,False
Productivity,Summer 2016,1,0.98,S16,2016,20162,102,False
Productivity,Winter 2017,1,0.862,W17,2017,20170,116,False
Productivity,Summer 2017,2,1.6,S17,2017,20172,125,False
Productivity,Winter 2018,1,0.685,W18,2018,20180,146,False
Productivity,Summer 2018,2,1.527,S18,2018,20182,131,False
Productivity,Winter 2019,8,4.124,W19,2019,20190,194,False
Productivity,Summer 2019,2,1.136,S19,2019,20192,176,False
Productivity,Winter 2020,8,3.509,W20,2020,20200,228,False
Productivity,Summer 2020,6,2.871,S20,2020,20202,209,False
Productivity,Winter 2021,8,2.381,W21,2021,20210,336,False
Productivity,Summer 2021,12,3.069,S21,2021,20212,391,False
Productivity,Winter 2022,12,3.015,W22,2022,20220,398,False
Productivity,Summer 2022,14,5.983,S22,2022,20222,234,False
Productivity,Winter 2023,13,4.745,W23,2023,20230,274,False
Productivity,Summer 2023,6,2.727,S23,2023,20232,220,False
Productivity,Winter 2024,10,4.032,W24,2024,20240,248,False
Productivity,Summer 2024,11,4.435,S24,2024,20242,248,False
Productivity,Fall 2024,2,2.128,F24,2024,20243,94,False
Productivity,Winter 2025,2,1.205,W25,2025,20250,166,False
Productivity,Spring 2025,5,3.497,X25,2025,20251,143,False
Productivity,Summer 2025,9,5.422,S25,2025,20252,166,False
Productivity,Fall 2025,4,2.74,F25,2025,20253,146,False
Productivity,Winter 2026,0,0.0,W26,2026,20260,199,False
Productivity,Spring 2026,3,1.538,X26,2026,20261,195,False
Productivity,Summer 2026,3,1.277,S26,2026,20262,235,False
Productivity,Fall 2026,1,2.857,F26,2026,20263,35,True
Productivity,Winter 2027,0,0.0,W27,2027,20270,1,True
Proptech,Summer 2005,0,0.0,S05,2005,20052,9,True
Proptech,Winter 2006,0,0.0,W06,2006,20060,7,True
Proptech,Summer 2006,0,0.0,S06,2006,20062,10,True
Proptech,Winter 2007,0,0.0,W07,2007,20070,13,True
Proptech,Summer 2007,0,0.0,S07,2007,20072,19,True
Proptech,Winter 2008,0,0.0,W08,2008,20080,21,True
Proptech,Summer 2008,1,4.545,S08,2008,20082,22,True
Proptech,Winter 2009,0,0.0,W09,2009,20090,16,True
Proptech,Summer 2009,0,0.0,S09,2009,20092,26,True
Proptech,Winter 2010,0,0.0,W10,2010,20100,27,True
Proptech,Summer 2010,0,0.0,S10,2010,20102,36,True
Proptech,Winter 2011,0,0.0,W11,2011,20110,45,True
Proptech,Summer 2011,1,1.667,S11,2011,20112,60,False
Proptech,Winter 2012,1,1.515,W12,2012,20120,66,False
Proptech,Summer 2012,0,0.0,S12,2012,20122,83,False
Proptech,Winter 2013,0,0.0,W13,2013,20130,46,True
Proptech,Summer 2013,0,0.0,S13,2013,20132,52,False
Proptech,Winter 2014,1,1.351,W14,2014,20140,74,False
Proptech,Summer 2014,0,0.0,S14,2014,20142,78,False
Proptech,Winter 2015,2,1.818,W15,2015,20150,110,False
Proptech,Summer 2015,1,0.962,S15,2015,20152,104,False
Proptech,Winter 2016,1,0.82,W16,2016,20160,122,False
Proptech,Summer 2016,1,0.98,S16,2016,20162,102,False
Proptech,Winter 2017,1,0.862,W17,2017,20170,116,False
Proptech,Summer 2017,3,2.4,S17,2017,20172,125,False
Proptech,Winter 2018,0,0.0,W18,2018,20180,146,False
Proptech,Summer 2018,1,0.763,S18,2018,20182,131,False
Proptech,Winter 2019,1,0.515,W19,2019,20190,194,False
Proptech,Summer 2019,4,2.273,S19,2019,20192,176,False
Proptech,Winter 2020,4,1.754,W20,2020,20200,228,False
Proptech,Summer 2020,3,1.435,S20,2020,20202,209,False
Proptech,Winter 2021,7,2.083,W21,2021,20210,336,False
Proptech,Summer 2021,8,2.046,S21,2021,20212,391,False
Proptech,Winter 2022,14,3.518,W22,2022,20220,398,False
Proptech,Summer 2022,7,2.991,S22,2022,20222,234,False
Proptech,Winter 2023,7,2.555,W23,2023,20230,274,False
Proptech,Summer 2023,3,1.364,S23,2023,20232,220,False
Proptech,Winter 2024,3,1.21,W24,2024,20240,248,False
Proptech,Summer 2024,4,1.613,S24,2024,20242,248,False
Proptech,Fall 2024,1,1.064,F24,2024,20243,94,False
Proptech,Winter 2025,1,0.602,W25,2025,20250,166,False
Proptech,Spring 2025,0,0.0,X25,2025,20251,143,False
Proptech,Summer 2025,1,0.602,S25,2025,20252,166,False
Proptech,Fall 2025,2,1.37,F25,2025,20253,146,False
Proptech,Winter 2026,0,0.0,W26,2026,20260,199,False
Proptech,Spring 2026,0,0.0,X26,2026,20261,195,False
Proptech,Summer 2026,0,0.0,S26,2026,20262,235,False
Proptech,Fall 2026,0,0.0,F26,2026,20263,35,True
Proptech,Winter 2027,0,0.0,W27,2027,20270,1,True
Psychedelics,Summer 2005,0,0.0,S05,2005,20052,9,True
Psychedelics,Winter 2006,0,0.0,W06,2006,20060,7,True
Psychedelics,Summer 2006,0,0.0,S06,2006,20062,10,True
Psychedelics,Winter 2007,0,0.0,W07,2007,20070,13,True
Psychedelics,Summer 2007,0,0.0,S07,2007,20072,19,True
Psychedelics,Winter 2008,0,0.0,W08,2008,20080,21,True
Psychedelics,Summer 2008,0,0.0,S08,2008,20082,22,True
Psychedelics,Winter 2009,0,0.0,W09,2009,20090,16,True
Psychedelics,Summer 2009,0,0.0,S09,2009,20092,26,True
Psychedelics,Winter 2010,0,0.0,W10,2010,20100,27,True
Psychedelics,Summer 2010,0,0.0,S10,2010,20102,36,True
Psychedelics,Winter 2011,0,0.0,W11,2011,20110,45,True
Psychedelics,Summer 2011,0,0.0,S11,2011,20112,60,False
Psychedelics,Winter 2012,0,0.0,W12,2012,20120,66,False
Psychedelics,Summer 2012,0,0.0,S12,2012,20122,83,False
Psychedelics,Winter 2013,0,0.0,W13,2013,20130,46,True
Psychedelics,Summer 2013,0,0.0,S13,2013,20132,52,False
Psychedelics,Winter 2014,0,0.0,W14,2014,20140,74,False
Psychedelics,Summer 2014,0,0.0,S14,2014,20142,78,False
Psychedelics,Winter 2015,0,0.0,W15,2015,20150,110,False
Psychedelics,Summer 2015,0,0.0,S15,2015,20152,104,False
Psychedelics,Winter 2016,0,0.0,W16,2016,20160,122,False
Psychedelics,Summer 2016,0,0.0,S16,2016,20162,102,False
Psychedelics,Winter 2017,0,0.0,W17,2017,20170,116,False
Psychedelics,Summer 2017,0,0.0,S17,2017,20172,125,False
Psychedelics,Winter 2018,0,0.0,W18,2018,20180,146,False
Psychedelics,Summer 2018,0,0.0,S18,2018,20182,131,False
Psychedelics,Winter 2019,0,0.0,W19,2019,20190,194,False
Psychedelics,Summer 2019,0,0.0,S19,2019,20192,176,False
Psychedelics,Winter 2020,0,0.0,W20,2020,20200,228,False
Psychedelics,Summer 2020,1,0.478,S20,2020,20202,209,False
Psychedelics,Winter 2021,0,0.0,W21,2021,20210,336,False
Psychedelics,Summer 2021,0,0.0,S21,2021,20212,391,False
Psychedelics,Winter 2022,0,0.0,W22,2022,20220,398,False
Psychedelics,Summer 2022,0,0.0,S22,2022,20222,234,False
Psychedelics,Winter 2023,0,0.0,W23,2023,20230,274,False
Psychedelics,Summer 2023,0,0.0,S23,2023,20232,220,False
Psychedelics,Winter 2024,0,0.0,W24,2024,20240,248,False
Psychedelics,Summer 2024,0,0.0,S24,2024,20242,248,False
Psychedelics,Fall 2024,0,0.0,F24,2024,20243,94,False
Psychedelics,Winter 2025,0,0.0,W25,2025,20250,166,False
Psychedelics,Spring 2025,0,0.0,X25,2025,20251,143,False
Psychedelics,Summer 2025,0,0.0,S25,2025,20252,166,False
Psychedelics,Fall 2025,0,0.0,F25,2025,20253,146,False
Psychedelics,Winter 2026,0,0.0,W26,2026,20260,199,False
Psychedelics,Spring 2026,0,0.0,X26,2026,20261,195,False
Psychedelics,Summer 2026,0,0.0,S26,2026,20262,235,False
Psychedelics,Fall 2026,0,0.0,F26,2026,20263,35,True
Psychedelics,Winter 2027,0,0.0,W27,2027,20270,1,True
Quantum Computing,Summer 2005,0,0.0,S05,2005,20052,9,True
Quantum Computing,Winter 2006,0,0.0,W06,2006,20060,7,True
Quantum Computing,Summer 2006,0,0.0,S06,2006,20062,10,True
Quantum Computing,Winter 2007,0,0.0,W07,2007,20070,13,True
Quantum Computing,Summer 2007,0,0.0,S07,2007,20072,19,True
Quantum Computing,Winter 2008,0,0.0,W08,2008,20080,21,True
Quantum Computing,Summer 2008,0,0.0,S08,2008,20082,22,True
Quantum Computing,Winter 2009,0,0.0,W09,2009,20090,16,True
Quantum Computing,Summer 2009,0,0.0,S09,2009,20092,26,True
Quantum Computing,Winter 2010,0,0.0,W10,2010,20100,27,True
Quantum Computing,Summer 2010,0,0.0,S10,2010,20102,36,True
Quantum Computing,Winter 2011,0,0.0,W11,2011,20110,45,True
Quantum Computing,Summer 2011,0,0.0,S11,2011,20112,60,False
Quantum Computing,Winter 2012,0,0.0,W12,2012,20120,66,False
Quantum Computing,Summer 2012,0,0.0,S12,2012,20122,83,False
Quantum Computing,Winter 2013,0,0.0,W13,2013,20130,46,True
Quantum Computing,Summer 2013,0,0.0,S13,2013,20132,52,False
Quantum Computing,Winter 2014,0,0.0,W14,2014,20140,74,False
Quantum Computing,Summer 2014,1,1.282,S14,2014,20142,78,False
Quantum Computing,Winter 2015,0,0.0,W15,2015,20150,110,False
Quantum Computing,Summer 2015,0,0.0,S15,2015,20152,104,False
Quantum Computing,Winter 2016,0,0.0,W16,2016,20160,122,False
Quantum Computing,Summer 2016,0,0.0,S16,2016,20162,102,False
Quantum Computing,Winter 2017,0,0.0,W17,2017,20170,116,False
Quantum Computing,Summer 2017,0,0.0,S17,2017,20172,125,False
Quantum Computing,Winter 2018,0,0.0,W18,2018,20180,146,False
Quantum Computing,Summer 2018,0,0.0,S18,2018,20182,131,False
Quantum Computing,Winter 2019,1,0.515,W19,2019,20190,194,False
Quantum Computing,Summer 2019,0,0.0,S19,2019,20192,176,False
Quantum Computing,Winter 2020,1,0.439,W20,2020,20200,228,False
Quantum Computing,Summer 2020,0,0.0,S20,2020,20202,209,False
Quantum Computing,Winter 2021,0,0.0,W21,2021,20210,336,False
Quantum Computing,Summer 2021,0,0.0,S21,2021,20212,391,False
Quantum Computing,Winter 2022,0,0.0,W22,2022,20220,398,False
Quantum Computing,Summer 2022,0,0.0,S22,2022,20222,234,False
Quantum Computing,Winter 2023,0,0.0,W23,2023,20230,274,False
Quantum Computing,Summer 2023,0,0.0,S23,2023,20232,220,False
Quantum Computing,Winter 2024,0,0.0,W24,2024,20240,248,False
Quantum Computing,Summer 2024,1,0.403,S24,2024,20242,248,False
Quantum Computing,Fall 2024,0,0.0,F24,2024,20243,94,False
Quantum Computing,Winter 2025,0,0.0,W25,2025,20250,166,False
Quantum Computing,Spring 2025,0,0.0,X25,2025,20251,143,False
Quantum Computing,Summer 2025,0,0.0,S25,2025,20252,166,False
Quantum Computing,Fall 2025,0,0.0,F25,2025,20253,146,False
Quantum Computing,Winter 2026,0,0.0,W26,2026,20260,199,False
Quantum Computing,Spring 2026,0,0.0,X26,2026,20261,195,False
Quantum Computing,Summer 2026,0,0.0,S26,2026,20262,235,False
Quantum Computing,Fall 2026,0,0.0,F26,2026,20263,35,True
Quantum Computing,Winter 2027,0,0.0,W27,2027,20270,1,True
Radar,Summer 2005,0,0.0,S05,2005,20052,9,True
Radar,Winter 2006,0,0.0,W06,2006,20060,7,True
Radar,Summer 2006,0,0.0,S06,2006,20062,10,True
Radar,Winter 2007,0,0.0,W07,2007,20070,13,True
Radar,Summer 2007,0,0.0,S07,2007,20072,19,True
Radar,Winter 2008,0,0.0,W08,2008,20080,21,True
Radar,Summer 2008,0,0.0,S08,2008,20082,22,True
Radar,Winter 2009,0,0.0,W09,2009,20090,16,True
Radar,Summer 2009,0,0.0,S09,2009,20092,26,True
Radar,Winter 2010,0,0.0,W10,2010,20100,27,True
Radar,Summer 2010,0,0.0,S10,2010,20102,36,True
Radar,Winter 2011,0,0.0,W11,2011,20110,45,True
Radar,Summer 2011,0,0.0,S11,2011,20112,60,False
Radar,Winter 2012,0,0.0,W12,2012,20120,66,False
Radar,Summer 2012,0,0.0,S12,2012,20122,83,False
Radar,Winter 2013,0,0.0,W13,2013,20130,46,True
Radar,Summer 2013,0,0.0,S13,2013,20132,52,False
Radar,Winter 2014,0,0.0,W14,2014,20140,74,False
Radar,Summer 2014,0,0.0,S14,2014,20142,78,False
Radar,Winter 2015,0,0.0,W15,2015,20150,110,False
Radar,Summer 2015,0,0.0,S15,2015,20152,104,False
Radar,Winter 2016,0,0.0,W16,2016,20160,122,False
Radar,Summer 2016,0,0.0,S16,2016,20162,102,False
Radar,Winter 2017,0,0.0,W17,2017,20170,116,False
Radar,Summer 2017,1,0.8,S17,2017,20172,125,False
Radar,Winter 2018,0,0.0,W18,2018,20180,146,False
Radar,Summer 2018,0,0.0,S18,2018,20182,131,False
Radar,Winter 2019,0,0.0,W19,2019,20190,194,False
Radar,Summer 2019,1,0.568,S19,2019,20192,176,False
Radar,Winter 2020,0,0.0,W20,2020,20200,228,False
Radar,Summer 2020,0,0.0,S20,2020,20202,209,False
Radar,Winter 2021,0,0.0,W21,2021,20210,336,False
Radar,Summer 2021,0,0.0,S21,2021,20212,391,False
Radar,Winter 2022,0,0.0,W22,2022,20220,398,False
Radar,Summer 2022,0,0.0,S22,2022,20222,234,False
Radar,Winter 2023,0,0.0,W23,2023,20230,274,False
Radar,Summer 2023,0,0.0,S23,2023,20232,220,False
Radar,Winter 2024,0,0.0,W24,2024,20240,248,False
Radar,Summer 2024,0,0.0,S24,2024,20242,248,False
Radar,Fall 2024,0,0.0,F24,2024,20243,94,False
Radar,Winter 2025,0,0.0,W25,2025,20250,166,False
Radar,Spring 2025,0,0.0,X25,2025,20251,143,False
Radar,Summer 2025,0,0.0,S25,2025,20252,166,False
Radar,Fall 2025,0,0.0,F25,2025,20253,146,False
Radar,Winter 2026,0,0.0,W26,2026,20260,199,False
Radar,Spring 2026,0,0.0,X26,2026,20261,195,False
Radar,Summer 2026,1,0.426,S26,2026,20262,235,False
Radar,Fall 2026,0,0.0,F26,2026,20263,35,True
Radar,Winter 2027,0,0.0,W27,2027,20270,1,True
Real Estate,Summer 2005,0,0.0,S05,2005,20052,9,True
Real Estate,Winter 2006,0,0.0,W06,2006,20060,7,True
Real Estate,Summer 2006,0,0.0,S06,2006,20062,10,True
Real Estate,Winter 2007,0,0.0,W07,2007,20070,13,True
Real Estate,Summer 2007,0,0.0,S07,2007,20072,19,True
Real Estate,Winter 2008,0,0.0,W08,2008,20080,21,True
Real Estate,Summer 2008,0,0.0,S08,2008,20082,22,True
Real Estate,Winter 2009,0,0.0,W09,2009,20090,16,True
Real Estate,Summer 2009,1,3.846,S09,2009,20092,26,True
Real Estate,Winter 2010,1,3.704,W10,2010,20100,27,True
Real Estate,Summer 2010,1,2.778,S10,2010,20102,36,True
Real Estate,Winter 2011,1,2.222,W11,2011,20110,45,True
Real Estate,Summer 2011,2,3.333,S11,2011,20112,60,False
Real Estate,Winter 2012,1,1.515,W12,2012,20120,66,False
Real Estate,Summer 2012,0,0.0,S12,2012,20122,83,False
Real Estate,Winter 2013,1,2.174,W13,2013,20130,46,True
Real Estate,Summer 2013,1,1.923,S13,2013,20132,52,False
Real Estate,Winter 2014,1,1.351,W14,2014,20140,74,False
Real Estate,Summer 2014,0,0.0,S14,2014,20142,78,False
Real Estate,Winter 2015,3,2.727,W15,2015,20150,110,False
Real Estate,Summer 2015,0,0.0,S15,2015,20152,104,False
Real Estate,Winter 2016,2,1.639,W16,2016,20160,122,False
Real Estate,Summer 2016,2,1.961,S16,2016,20162,102,False
Real Estate,Winter 2017,3,2.586,W17,2017,20170,116,False
Real Estate,Summer 2017,1,0.8,S17,2017,20172,125,False
Real Estate,Winter 2018,1,0.685,W18,2018,20180,146,False
Real Estate,Summer 2018,3,2.29,S18,2018,20182,131,False
Real Estate,Winter 2019,3,1.546,W19,2019,20190,194,False
Real Estate,Summer 2019,5,2.841,S19,2019,20192,176,False
Real Estate,Winter 2020,2,0.877,W20,2020,20200,228,False
Real Estate,Summer 2020,1,0.478,S20,2020,20202,209,False
Real Estate,Winter 2021,4,1.19,W21,2021,20210,336,False
Real Estate,Summer 2021,2,0.512,S21,2021,20212,391,False
Real Estate,Winter 2022,9,2.261,W22,2022,20220,398,False
Real Estate,Summer 2022,8,3.419,S22,2022,20222,234,False
Real Estate,Winter 2023,4,1.46,W23,2023,20230,274,False
Real Estate,Summer 2023,3,1.364,S23,2023,20232,220,False
Real Estate,Winter 2024,2,0.806,W24,2024,20240,248,False
Real Estate,Summer 2024,5,2.016,S24,2024,20242,248,False
Real Estate,Fall 2024,1,1.064,F24,2024,20243,94,False
Real Estate,Winter 2025,1,0.602,W25,2025,20250,166,False
Real Estate,Spring 2025,1,0.699,X25,2025,20251,143,False
Real Estate,Summer 2025,2,1.205,S25,2025,20252,166,False
Real Estate,Fall 2025,1,0.685,F25,2025,20253,146,False
Real Estate,Winter 2026,1,0.503,W26,2026,20260,199,False
Real Estate,Spring 2026,0,0.0,X26,2026,20261,195,False
Real Estate,Summer 2026,4,1.702,S26,2026,20262,235,False
Real Estate,Fall 2026,0,0.0,F26,2026,20263,35,True
Real Estate,Winter 2027,0,0.0,W27,2027,20270,1,True
Recommendation System,Summer 2005,0,0.0,S05,2005,20052,9,True
Recommendation System,Winter 2006,0,0.0,W06,2006,20060,7,True
Recommendation System,Summer 2006,0,0.0,S06,2006,20062,10,True
Recommendation System,Winter 2007,0,0.0,W07,2007,20070,13,True
Recommendation System,Summer 2007,0,0.0,S07,2007,20072,19,True
Recommendation System,Winter 2008,0,0.0,W08,2008,20080,21,True
Recommendation System,Summer 2008,0,0.0,S08,2008,20082,22,True
Recommendation System,Winter 2009,0,0.0,W09,2009,20090,16,True
Recommendation System,Summer 2009,2,7.692,S09,2009,20092,26,True
Recommendation System,Winter 2010,0,0.0,W10,2010,20100,27,True
Recommendation System,Summer 2010,0,0.0,S10,2010,20102,36,True
Recommendation System,Winter 2011,0,0.0,W11,2011,20110,45,True
Recommendation System,Summer 2011,0,0.0,S11,2011,20112,60,False
Recommendation System,Winter 2012,0,0.0,W12,2012,20120,66,False
Recommendation System,Summer 2012,0,0.0,S12,2012,20122,83,False
Recommendation System,Winter 2013,0,0.0,W13,2013,20130,46,True
Recommendation System,Summer 2013,0,0.0,S13,2013,20132,52,False
Recommendation System,Winter 2014,0,0.0,W14,2014,20140,74,False
Recommendation System,Summer 2014,0,0.0,S14,2014,20142,78,False
Recommendation System,Winter 2015,0,0.0,W15,2015,20150,110,False
Recommendation System,Summer 2015,0,0.0,S15,2015,20152,104,False
Recommendation System,Winter 2016,0,0.0,W16,2016,20160,122,False
Recommendation System,Summer 2016,0,0.0,S16,2016,20162,102,False
Recommendation System,Winter 2017,0,0.0,W17,2017,20170,116,False
Recommendation System,Summer 2017,0,0.0,S17,2017,20172,125,False
Recommendation System,Winter 2018,0,0.0,W18,2018,20180,146,False
Recommendation System,Summer 2018,0,0.0,S18,2018,20182,131,False
Recommendation System,Winter 2019,0,0.0,W19,2019,20190,194,False
Recommendation System,Summer 2019,0,0.0,S19,2019,20192,176,False
Recommendation System,Winter 2020,0,0.0,W20,2020,20200,228,False
Recommendation System,Summer 2020,0,0.0,S20,2020,20202,209,False
Recommendation System,Winter 2021,0,0.0,W21,2021,20210,336,False
Recommendation System,Summer 2021,0,0.0,S21,2021,20212,391,False
Recommendation System,Winter 2022,1,0.251,W22,2022,20220,398,False
Recommendation System,Summer 2022,0,0.0,S22,2022,20222,234,False
Recommendation System,Winter 2023,1,0.365,W23,2023,20230,274,False
Recommendation System,Summer 2023,0,0.0,S23,2023,20232,220,False
Recommendation System,Winter 2024,0,0.0,W24,2024,20240,248,False
Recommendation System,Summer 2024,0,0.0,S24,2024,20242,248,False
Recommendation System,Fall 2024,0,0.0,F24,2024,20243,94,False
Recommendation System,Winter 2025,0,0.0,W25,2025,20250,166,False
Recommendation System,Spring 2025,0,0.0,X25,2025,20251,143,False
Recommendation System,Summer 2025,0,0.0,S25,2025,20252,166,False
Recommendation System,Fall 2025,0,0.0,F25,2025,20253,146,False
Recommendation System,Winter 2026,0,0.0,W26,2026,20260,199,False
Recommendation System,Spring 2026,0,0.0,X26,2026,20261,195,False
Recommendation System,Summer 2026,0,0.0,S26,2026,20262,235,False
Recommendation System,Fall 2026,0,0.0,F26,2026,20263,35,True
Recommendation System,Winter 2027,0,0.0,W27,2027,20270,1,True
Recruiting,Summer 2005,0,0.0,S05,2005,20052,9,True
Recruiting,Winter 2006,0,0.0,W06,2006,20060,7,True
Recruiting,Summer 2006,0,0.0,S06,2006,20062,10,True
Recruiting,Winter 2007,0,0.0,W07,2007,20070,13,True
Recruiting,Summer 2007,0,0.0,S07,2007,20072,19,True
Recruiting,Winter 2008,0,0.0,W08,2008,20080,21,True
Recruiting,Summer 2008,0,0.0,S08,2008,20082,22,True
Recruiting,Winter 2009,0,0.0,W09,2009,20090,16,True
Recruiting,Summer 2009,0,0.0,S09,2009,20092,26,True
Recruiting,Winter 2010,0,0.0,W10,2010,20100,27,True
Recruiting,Summer 2010,1,2.778,S10,2010,20102,36,True
Recruiting,Winter 2011,1,2.222,W11,2011,20110,45,True
Recruiting,Summer 2011,1,1.667,S11,2011,20112,60,False
Recruiting,Winter 2012,1,1.515,W12,2012,20120,66,False
Recruiting,Summer 2012,0,0.0,S12,2012,20122,83,False
Recruiting,Winter 2013,1,2.174,W13,2013,20130,46,True
Recruiting,Summer 2013,1,1.923,S13,2013,20132,52,False
Recruiting,Winter 2014,0,0.0,W14,2014,20140,74,False
Recruiting,Summer 2014,0,0.0,S14,2014,20142,78,False
Recruiting,Winter 2015,0,0.0,W15,2015,20150,110,False
Recruiting,Summer 2015,3,2.885,S15,2015,20152,104,False
Recruiting,Winter 2016,1,0.82,W16,2016,20160,122,False
Recruiting,Summer 2016,0,0.0,S16,2016,20162,102,False
Recruiting,Winter 2017,2,1.724,W17,2017,20170,116,False
Recruiting,Summer 2017,6,4.8,S17,2017,20172,125,False
Recruiting,Winter 2018,1,0.685,W18,2018,20180,146,False
Recruiting,Summer 2018,1,0.763,S18,2018,20182,131,False
Recruiting,Winter 2019,6,3.093,W19,2019,20190,194,False
Recruiting,Summer 2019,5,2.841,S19,2019,20192,176,False
Recruiting,Winter 2020,4,1.754,W20,2020,20200,228,False
Recruiting,Summer 2020,2,0.957,S20,2020,20202,209,False
Recruiting,Winter 2021,7,2.083,W21,2021,20210,336,False
Recruiting,Summer 2021,6,1.535,S21,2021,20212,391,False
Recruiting,Winter 2022,2,0.503,W22,2022,20220,398,False
Recruiting,Summer 2022,2,0.855,S22,2022,20222,234,False
Recruiting,Winter 2023,0,0.0,W23,2023,20230,274,False
Recruiting,Summer 2023,3,1.364,S23,2023,20232,220,False
Recruiting,Winter 2024,2,0.806,W24,2024,20240,248,False
Recruiting,Summer 2024,0,0.0,S24,2024,20242,248,False
Recruiting,Fall 2024,1,1.064,F24,2024,20243,94,False
Recruiting,Winter 2025,3,1.807,W25,2025,20250,166,False
Recruiting,Spring 2025,0,0.0,X25,2025,20251,143,False
Recruiting,Summer 2025,1,0.602,S25,2025,20252,166,False
Recruiting,Fall 2025,1,0.685,F25,2025,20253,146,False
Recruiting,Winter 2026,0,0.0,W26,2026,20260,199,False
Recruiting,Spring 2026,1,0.513,X26,2026,20261,195,False
Recruiting,Summer 2026,2,0.851,S26,2026,20262,235,False
Recruiting,Fall 2026,1,2.857,F26,2026,20263,35,True
Recruiting,Winter 2027,0,0.0,W27,2027,20270,1,True
Referrals,Summer 2005,0,0.0,S05,2005,20052,9,True
Referrals,Winter 2006,0,0.0,W06,2006,20060,7,True
Referrals,Summer 2006,0,0.0,S06,2006,20062,10,True
Referrals,Winter 2007,0,0.0,W07,2007,20070,13,True
Referrals,Summer 2007,0,0.0,S07,2007,20072,19,True
Referrals,Winter 2008,0,0.0,W08,2008,20080,21,True
Referrals,Summer 2008,0,0.0,S08,2008,20082,22,True
Referrals,Winter 2009,0,0.0,W09,2009,20090,16,True
Referrals,Summer 2009,0,0.0,S09,2009,20092,26,True
Referrals,Winter 2010,0,0.0,W10,2010,20100,27,True
Referrals,Summer 2010,0,0.0,S10,2010,20102,36,True
Referrals,Winter 2011,1,2.222,W11,2011,20110,45,True
Referrals,Summer 2011,0,0.0,S11,2011,20112,60,False
Referrals,Winter 2012,0,0.0,W12,2012,20120,66,False
Referrals,Summer 2012,0,0.0,S12,2012,20122,83,False
Referrals,Winter 2013,0,0.0,W13,2013,20130,46,True
Referrals,Summer 2013,0,0.0,S13,2013,20132,52,False
Referrals,Winter 2014,0,0.0,W14,2014,20140,74,False
Referrals,Summer 2014,0,0.0,S14,2014,20142,78,False
Referrals,Winter 2015,1,0.909,W15,2015,20150,110,False
Referrals,Summer 2015,0,0.0,S15,2015,20152,104,False
Referrals,Winter 2016,0,0.0,W16,2016,20160,122,False
Referrals,Summer 2016,0,0.0,S16,2016,20162,102,False
Referrals,Winter 2017,0,0.0,W17,2017,20170,116,False
Referrals,Summer 2017,0,0.0,S17,2017,20172,125,False
Referrals,Winter 2018,0,0.0,W18,2018,20180,146,False
Referrals,Summer 2018,0,0.0,S18,2018,20182,131,False
Referrals,Winter 2019,0,0.0,W19,2019,20190,194,False
Referrals,Summer 2019,0,0.0,S19,2019,20192,176,False
Referrals,Winter 2020,0,0.0,W20,2020,20200,228,False
Referrals,Summer 2020,0,0.0,S20,2020,20202,209,False
Referrals,Winter 2021,0,0.0,W21,2021,20210,336,False
Referrals,Summer 2021,0,0.0,S21,2021,20212,391,False
Referrals,Winter 2022,0,0.0,W22,2022,20220,398,False
Referrals,Summer 2022,0,0.0,S22,2022,20222,234,False
Referrals,Winter 2023,0,0.0,W23,2023,20230,274,False
Referrals,Summer 2023,0,0.0,S23,2023,20232,220,False
Referrals,Winter 2024,0,0.0,W24,2024,20240,248,False
Referrals,Summer 2024,0,0.0,S24,2024,20242,248,False
Referrals,Fall 2024,0,0.0,F24,2024,20243,94,False
Referrals,Winter 2025,0,0.0,W25,2025,20250,166,False
Referrals,Spring 2025,0,0.0,X25,2025,20251,143,False
Referrals,Summer 2025,0,0.0,S25,2025,20252,166,False
Referrals,Fall 2025,0,0.0,F25,2025,20253,146,False
Referrals,Winter 2026,0,0.0,W26,2026,20260,199,False
Referrals,Spring 2026,0,0.0,X26,2026,20261,195,False
Referrals,Summer 2026,0,0.0,S26,2026,20262,235,False
Referrals,Fall 2026,0,0.0,F26,2026,20263,35,True
Referrals,Winter 2027,0,0.0,W27,2027,20270,1,True
Regtech,Summer 2005,0,0.0,S05,2005,20052,9,True
Regtech,Winter 2006,0,0.0,W06,2006,20060,7,True
Regtech,Summer 2006,0,0.0,S06,2006,20062,10,True
Regtech,Winter 2007,0,0.0,W07,2007,20070,13,True
Regtech,Summer 2007,0,0.0,S07,2007,20072,19,True
Regtech,Winter 2008,0,0.0,W08,2008,20080,21,True
Regtech,Summer 2008,0,0.0,S08,2008,20082,22,True
Regtech,Winter 2009,0,0.0,W09,2009,20090,16,True
Regtech,Summer 2009,0,0.0,S09,2009,20092,26,True
Regtech,Winter 2010,0,0.0,W10,2010,20100,27,True
Regtech,Summer 2010,0,0.0,S10,2010,20102,36,True
Regtech,Winter 2011,0,0.0,W11,2011,20110,45,True
Regtech,Summer 2011,0,0.0,S11,2011,20112,60,False
Regtech,Winter 2012,0,0.0,W12,2012,20120,66,False
Regtech,Summer 2012,0,0.0,S12,2012,20122,83,False
Regtech,Winter 2013,0,0.0,W13,2013,20130,46,True
Regtech,Summer 2013,0,0.0,S13,2013,20132,52,False
Regtech,Winter 2014,0,0.0,W14,2014,20140,74,False
Regtech,Summer 2014,0,0.0,S14,2014,20142,78,False
Regtech,Winter 2015,0,0.0,W15,2015,20150,110,False
Regtech,Summer 2015,0,0.0,S15,2015,20152,104,False
Regtech,Winter 2016,0,0.0,W16,2016,20160,122,False
Regtech,Summer 2016,0,0.0,S16,2016,20162,102,False
Regtech,Winter 2017,0,0.0,W17,2017,20170,116,False
Regtech,Summer 2017,0,0.0,S17,2017,20172,125,False
Regtech,Winter 2018,0,0.0,W18,2018,20180,146,False
Regtech,Summer 2018,1,0.763,S18,2018,20182,131,False
Regtech,Winter 2019,0,0.0,W19,2019,20190,194,False
Regtech,Summer 2019,1,0.568,S19,2019,20192,176,False
Regtech,Winter 2020,0,0.0,W20,2020,20200,228,False
Regtech,Summer 2020,1,0.478,S20,2020,20202,209,False
Regtech,Winter 2021,0,0.0,W21,2021,20210,336,False
Regtech,Summer 2021,2,0.512,S21,2021,20212,391,False
Regtech,Winter 2022,3,0.754,W22,2022,20220,398,False
Regtech,Summer 2022,2,0.855,S22,2022,20222,234,False
Regtech,Winter 2023,2,0.73,W23,2023,20230,274,False
Regtech,Summer 2023,2,0.909,S23,2023,20232,220,False
Regtech,Winter 2024,1,0.403,W24,2024,20240,248,False
Regtech,Summer 2024,1,0.403,S24,2024,20242,248,False
Regtech,Fall 2024,1,1.064,F24,2024,20243,94,False
Regtech,Winter 2025,1,0.602,W25,2025,20250,166,False
Regtech,Spring 2025,0,0.0,X25,2025,20251,143,False
Regtech,Summer 2025,0,0.0,S25,2025,20252,166,False
Regtech,Fall 2025,0,0.0,F25,2025,20253,146,False
Regtech,Winter 2026,1,0.503,W26,2026,20260,199,False
Regtech,Spring 2026,0,0.0,X26,2026,20261,195,False
Regtech,Summer 2026,1,0.426,S26,2026,20262,235,False
Regtech,Fall 2026,0,0.0,F26,2026,20263,35,True
Regtech,Winter 2027,0,0.0,W27,2027,20270,1,True
Reinforcement Learning,Summer 2005,0,0.0,S05,2005,20052,9,True
Reinforcement Learning,Winter 2006,0,0.0,W06,2006,20060,7,True
Reinforcement Learning,Summer 2006,0,0.0,S06,2006,20062,10,True
Reinforcement Learning,Winter 2007,0,0.0,W07,2007,20070,13,True
Reinforcement Learning,Summer 2007,0,0.0,S07,2007,20072,19,True
Reinforcement Learning,Winter 2008,0,0.0,W08,2008,20080,21,True
Reinforcement Learning,Summer 2008,0,0.0,S08,2008,20082,22,True
Reinforcement Learning,Winter 2009,0,0.0,W09,2009,20090,16,True
Reinforcement Learning,Summer 2009,0,0.0,S09,2009,20092,26,True
Reinforcement Learning,Winter 2010,0,0.0,W10,2010,20100,27,True
Reinforcement Learning,Summer 2010,0,0.0,S10,2010,20102,36,True
Reinforcement Learning,Winter 2011,0,0.0,W11,2011,20110,45,True
Reinforcement Learning,Summer 2011,0,0.0,S11,2011,20112,60,False
Reinforcement Learning,Winter 2012,0,0.0,W12,2012,20120,66,False
Reinforcement Learning,Summer 2012,0,0.0,S12,2012,20122,83,False
Reinforcement Learning,Winter 2013,0,0.0,W13,2013,20130,46,True
Reinforcement Learning,Summer 2013,0,0.0,S13,2013,20132,52,False
Reinforcement Learning,Winter 2014,0,0.0,W14,2014,20140,74,False
Reinforcement Learning,Summer 2014,0,0.0,S14,2014,20142,78,False
Reinforcement Learning,Winter 2015,0,0.0,W15,2015,20150,110,False
Reinforcement Learning,Summer 2015,0,0.0,S15,2015,20152,104,False
Reinforcement Learning,Winter 2016,1,0.82,W16,2016,20160,122,False
Reinforcement Learning,Summer 2016,0,0.0,S16,2016,20162,102,False
Reinforcement Learning,Winter 2017,0,0.0,W17,2017,20170,116,False
Reinforcement Learning,Summer 2017,0,0.0,S17,2017,20172,125,False
Reinforcement Learning,Winter 2018,0,0.0,W18,2018,20180,146,False
Reinforcement Learning,Summer 2018,0,0.0,S18,2018,20182,131,False
Reinforcement Learning,Winter 2019,1,0.515,W19,2019,20190,194,False
Reinforcement Learning,Summer 2019,0,0.0,S19,2019,20192,176,False
Reinforcement Learning,Winter 2020,0,0.0,W20,2020,20200,228,False
Reinforcement Learning,Summer 2020,0,0.0,S20,2020,20202,209,False
Reinforcement Learning,Winter 2021,0,0.0,W21,2021,20210,336,False
Reinforcement Learning,Summer 2021,0,0.0,S21,2021,20212,391,False
Reinforcement Learning,Winter 2022,0,0.0,W22,2022,20220,398,False
Reinforcement Learning,Summer 2022,0,0.0,S22,2022,20222,234,False
Reinforcement Learning,Winter 2023,2,0.73,W23,2023,20230,274,False
Reinforcement Learning,Summer 2023,0,0.0,S23,2023,20232,220,False
Reinforcement Learning,Winter 2024,3,1.21,W24,2024,20240,248,False
Reinforcement Learning,Summer 2024,1,0.403,S24,2024,20242,248,False
Reinforcement Learning,Fall 2024,1,1.064,F24,2024,20243,94,False
Reinforcement Learning,Winter 2025,4,2.41,W25,2025,20250,166,False
Reinforcement Learning,Spring 2025,5,3.497,X25,2025,20251,143,False
Reinforcement Learning,Summer 2025,4,2.41,S25,2025,20252,166,False
Reinforcement Learning,Fall 2025,3,2.055,F25,2025,20253,146,False
Reinforcement Learning,Winter 2026,4,2.01,W26,2026,20260,199,False
Reinforcement Learning,Spring 2026,0,0.0,X26,2026,20261,195,False
Reinforcement Learning,Summer 2026,14,5.957,S26,2026,20262,235,False
Reinforcement Learning,Fall 2026,0,0.0,F26,2026,20263,35,True
Reinforcement Learning,Winter 2027,0,0.0,W27,2027,20270,1,True
Remittances,Summer 2005,0,0.0,S05,2005,20052,9,True
Remittances,Winter 2006,0,0.0,W06,2006,20060,7,True
Remittances,Summer 2006,0,0.0,S06,2006,20062,10,True
Remittances,Winter 2007,0,0.0,W07,2007,20070,13,True
Remittances,Summer 2007,0,0.0,S07,2007,20072,19,True
Remittances,Winter 2008,0,0.0,W08,2008,20080,21,True
Remittances,Summer 2008,0,0.0,S08,2008,20082,22,True
Remittances,Winter 2009,0,0.0,W09,2009,20090,16,True
Remittances,Summer 2009,0,0.0,S09,2009,20092,26,True
Remittances,Winter 2010,0,0.0,W10,2010,20100,27,True
Remittances,Summer 2010,0,0.0,S10,2010,20102,36,True
Remittances,Winter 2011,0,0.0,W11,2011,20110,45,True
Remittances,Summer 2011,0,0.0,S11,2011,20112,60,False
Remittances,Winter 2012,0,0.0,W12,2012,20120,66,False
Remittances,Summer 2012,0,0.0,S12,2012,20122,83,False
Remittances,Winter 2013,0,0.0,W13,2013,20130,46,True
Remittances,Summer 2013,0,0.0,S13,2013,20132,52,False
Remittances,Winter 2014,0,0.0,W14,2014,20140,74,False
Remittances,Summer 2014,0,0.0,S14,2014,20142,78,False
Remittances,Winter 2015,0,0.0,W15,2015,20150,110,False
Remittances,Summer 2015,0,0.0,S15,2015,20152,104,False
Remittances,Winter 2016,0,0.0,W16,2016,20160,122,False
Remittances,Summer 2016,0,0.0,S16,2016,20162,102,False
Remittances,Winter 2017,1,0.862,W17,2017,20170,116,False
Remittances,Summer 2017,0,0.0,S17,2017,20172,125,False
Remittances,Winter 2018,0,0.0,W18,2018,20180,146,False
Remittances,Summer 2018,0,0.0,S18,2018,20182,131,False
Remittances,Winter 2019,0,0.0,W19,2019,20190,194,False
Remittances,Summer 2019,1,0.568,S19,2019,20192,176,False
Remittances,Winter 2020,0,0.0,W20,2020,20200,228,False
Remittances,Summer 2020,1,0.478,S20,2020,20202,209,False
Remittances,Winter 2021,0,0.0,W21,2021,20210,336,False
Remittances,Summer 2021,0,0.0,S21,2021,20212,391,False
Remittances,Winter 2022,1,0.251,W22,2022,20220,398,False
Remittances,Summer 2022,0,0.0,S22,2022,20222,234,False
Remittances,Winter 2023,0,0.0,W23,2023,20230,274,False
Remittances,Summer 2023,1,0.455,S23,2023,20232,220,False
Remittances,Winter 2024,1,0.403,W24,2024,20240,248,False
Remittances,Summer 2024,0,0.0,S24,2024,20242,248,False
Remittances,Fall 2024,0,0.0,F24,2024,20243,94,False
Remittances,Winter 2025,0,0.0,W25,2025,20250,166,False
Remittances,Spring 2025,0,0.0,X25,2025,20251,143,False
Remittances,Summer 2025,0,0.0,S25,2025,20252,166,False
Remittances,Fall 2025,0,0.0,F25,2025,20253,146,False
Remittances,Winter 2026,0,0.0,W26,2026,20260,199,False
Remittances,Spring 2026,0,0.0,X26,2026,20261,195,False
Remittances,Summer 2026,0,0.0,S26,2026,20262,235,False
Remittances,Fall 2026,0,0.0,F26,2026,20263,35,True
Remittances,Winter 2027,0,0.0,W27,2027,20270,1,True
Remote,Summer 2005,0,0.0,S05,2005,20052,9,True
Remote,Winter 2006,0,0.0,W06,2006,20060,7,True
Remote,Summer 2006,0,0.0,S06,2006,20062,10,True
Remote,Winter 2007,0,0.0,W07,2007,20070,13,True
Remote,Summer 2007,0,0.0,S07,2007,20072,19,True
Remote,Winter 2008,0,0.0,W08,2008,20080,21,True
Remote,Summer 2008,0,0.0,S08,2008,20082,22,True
Remote,Winter 2009,0,0.0,W09,2009,20090,16,True
Remote,Summer 2009,0,0.0,S09,2009,20092,26,True
Remote,Winter 2010,0,0.0,W10,2010,20100,27,True
Remote,Summer 2010,0,0.0,S10,2010,20102,36,True
Remote,Winter 2011,0,0.0,W11,2011,20110,45,True
Remote,Summer 2011,0,0.0,S11,2011,20112,60,False
Remote,Winter 2012,0,0.0,W12,2012,20120,66,False
Remote,Summer 2012,0,0.0,S12,2012,20122,83,False
Remote,Winter 2013,0,0.0,W13,2013,20130,46,True
Remote,Summer 2013,1,1.923,S13,2013,20132,52,False
Remote,Winter 2014,1,1.351,W14,2014,20140,74,False
Remote,Summer 2014,0,0.0,S14,2014,20142,78,False
Remote,Winter 2015,0,0.0,W15,2015,20150,110,False
Remote,Summer 2015,0,0.0,S15,2015,20152,104,False
Remote,Winter 2016,0,0.0,W16,2016,20160,122,False
Remote,Summer 2016,0,0.0,S16,2016,20162,102,False
Remote,Winter 2017,0,0.0,W17,2017,20170,116,False
Remote,Summer 2017,1,0.8,S17,2017,20172,125,False
Remote,Winter 2018,0,0.0,W18,2018,20180,146,False
Remote,Summer 2018,0,0.0,S18,2018,20182,131,False
Remote,Winter 2019,0,0.0,W19,2019,20190,194,False
Remote,Summer 2019,1,0.568,S19,2019,20192,176,False
Remote,Winter 2020,0,0.0,W20,2020,20200,228,False
Remote,Summer 2020,0,0.0,S20,2020,20202,209,False
Remote,Winter 2021,2,0.595,W21,2021,20210,336,False
Remote,Summer 2021,0,0.0,S21,2021,20212,391,False
Remote,Winter 2022,0,0.0,W22,2022,20220,398,False
Remote,Summer 2022,0,0.0,S22,2022,20222,234,False
Remote,Winter 2023,0,0.0,W23,2023,20230,274,False
Remote,Summer 2023,0,0.0,S23,2023,20232,220,False
Remote,Winter 2024,0,0.0,W24,2024,20240,248,False
Remote,Summer 2024,0,0.0,S24,2024,20242,248,False
Remote,Fall 2024,0,0.0,F24,2024,20243,94,False
Remote,Winter 2025,0,0.0,W25,2025,20250,166,False
Remote,Spring 2025,0,0.0,X25,2025,20251,143,False
Remote,Summer 2025,0,0.0,S25,2025,20252,166,False
Remote,Fall 2025,0,0.0,F25,2025,20253,146,False
Remote,Winter 2026,0,0.0,W26,2026,20260,199,False
Remote,Spring 2026,0,0.0,X26,2026,20261,195,False
Remote,Summer 2026,0,0.0,S26,2026,20262,235,False
Remote,Fall 2026,0,0.0,F26,2026,20263,35,True
Remote,Winter 2027,0,0.0,W27,2027,20270,1,True
Remote Work,Summer 2005,0,0.0,S05,2005,20052,9,True
Remote Work,Winter 2006,0,0.0,W06,2006,20060,7,True
Remote Work,Summer 2006,1,10.0,S06,2006,20062,10,True
Remote Work,Winter 2007,0,0.0,W07,2007,20070,13,True
Remote Work,Summer 2007,0,0.0,S07,2007,20072,19,True
Remote Work,Winter 2008,0,0.0,W08,2008,20080,21,True
Remote Work,Summer 2008,0,0.0,S08,2008,20082,22,True
Remote Work,Winter 2009,0,0.0,W09,2009,20090,16,True
Remote Work,Summer 2009,0,0.0,S09,2009,20092,26,True
Remote Work,Winter 2010,0,0.0,W10,2010,20100,27,True
Remote Work,Summer 2010,0,0.0,S10,2010,20102,36,True
Remote Work,Winter 2011,0,0.0,W11,2011,20110,45,True
Remote Work,Summer 2011,0,0.0,S11,2011,20112,60,False
Remote Work,Winter 2012,0,0.0,W12,2012,20120,66,False
Remote Work,Summer 2012,0,0.0,S12,2012,20122,83,False
Remote Work,Winter 2013,1,2.174,W13,2013,20130,46,True
Remote Work,Summer 2013,0,0.0,S13,2013,20132,52,False
Remote Work,Winter 2014,1,1.351,W14,2014,20140,74,False
Remote Work,Summer 2014,0,0.0,S14,2014,20142,78,False
Remote Work,Winter 2015,0,0.0,W15,2015,20150,110,False
Remote Work,Summer 2015,0,0.0,S15,2015,20152,104,False
Remote Work,Winter 2016,0,0.0,W16,2016,20160,122,False
Remote Work,Summer 2016,0,0.0,S16,2016,20162,102,False
Remote Work,Winter 2017,1,0.862,W17,2017,20170,116,False
Remote Work,Summer 2017,0,0.0,S17,2017,20172,125,False
Remote Work,Winter 2018,1,0.685,W18,2018,20180,146,False
Remote Work,Summer 2018,0,0.0,S18,2018,20182,131,False
Remote Work,Winter 2019,0,0.0,W19,2019,20190,194,False
Remote Work,Summer 2019,0,0.0,S19,2019,20192,176,False
Remote Work,Winter 2020,2,0.877,W20,2020,20200,228,False
Remote Work,Summer 2020,0,0.0,S20,2020,20202,209,False
Remote Work,Winter 2021,2,0.595,W21,2021,20210,336,False
Remote Work,Summer 2021,3,0.767,S21,2021,20212,391,False
Remote Work,Winter 2022,1,0.251,W22,2022,20220,398,False
Remote Work,Summer 2022,0,0.0,S22,2022,20222,234,False
Remote Work,Winter 2023,1,0.365,W23,2023,20230,274,False
Remote Work,Summer 2023,0,0.0,S23,2023,20232,220,False
Remote Work,Winter 2024,1,0.403,W24,2024,20240,248,False
Remote Work,Summer 2024,0,0.0,S24,2024,20242,248,False
Remote Work,Fall 2024,0,0.0,F24,2024,20243,94,False
Remote Work,Winter 2025,0,0.0,W25,2025,20250,166,False
Remote Work,Spring 2025,0,0.0,X25,2025,20251,143,False
Remote Work,Summer 2025,0,0.0,S25,2025,20252,166,False
Remote Work,Fall 2025,0,0.0,F25,2025,20253,146,False
Remote Work,Winter 2026,1,0.503,W26,2026,20260,199,False
Remote Work,Spring 2026,0,0.0,X26,2026,20261,195,False
Remote Work,Summer 2026,0,0.0,S26,2026,20262,235,False
Remote Work,Fall 2026,0,0.0,F26,2026,20263,35,True
Remote Work,Winter 2027,0,0.0,W27,2027,20270,1,True
Renewable Energy,Summer 2005,0,0.0,S05,2005,20052,9,True
Renewable Energy,Winter 2006,0,0.0,W06,2006,20060,7,True
Renewable Energy,Summer 2006,0,0.0,S06,2006,20062,10,True
Renewable Energy,Winter 2007,0,0.0,W07,2007,20070,13,True
Renewable Energy,Summer 2007,0,0.0,S07,2007,20072,19,True
Renewable Energy,Winter 2008,0,0.0,W08,2008,20080,21,True
Renewable Energy,Summer 2008,0,0.0,S08,2008,20082,22,True
Renewable Energy,Winter 2009,0,0.0,W09,2009,20090,16,True
Renewable Energy,Summer 2009,0,0.0,S09,2009,20092,26,True
Renewable Energy,Winter 2010,0,0.0,W10,2010,20100,27,True
Renewable Energy,Summer 2010,0,0.0,S10,2010,20102,36,True
Renewable Energy,Winter 2011,0,0.0,W11,2011,20110,45,True
Renewable Energy,Summer 2011,0,0.0,S11,2011,20112,60,False
Renewable Energy,Winter 2012,0,0.0,W12,2012,20120,66,False
Renewable Energy,Summer 2012,0,0.0,S12,2012,20122,83,False
Renewable Energy,Winter 2013,0,0.0,W13,2013,20130,46,True
Renewable Energy,Summer 2013,0,0.0,S13,2013,20132,52,False
Renewable Energy,Winter 2014,0,0.0,W14,2014,20140,74,False
Renewable Energy,Summer 2014,0,0.0,S14,2014,20142,78,False
Renewable Energy,Winter 2015,1,0.909,W15,2015,20150,110,False
Renewable Energy,Summer 2015,0,0.0,S15,2015,20152,104,False
Renewable Energy,Winter 2016,0,0.0,W16,2016,20160,122,False
Renewable Energy,Summer 2016,1,0.98,S16,2016,20162,102,False
Renewable Energy,Winter 2017,0,0.0,W17,2017,20170,116,False
Renewable Energy,Summer 2017,1,0.8,S17,2017,20172,125,False
Renewable Energy,Winter 2018,0,0.0,W18,2018,20180,146,False
Renewable Energy,Summer 2018,0,0.0,S18,2018,20182,131,False
Renewable Energy,Winter 2019,2,1.031,W19,2019,20190,194,False
Renewable Energy,Summer 2019,1,0.568,S19,2019,20192,176,False
Renewable Energy,Winter 2020,0,0.0,W20,2020,20200,228,False
Renewable Energy,Summer 2020,0,0.0,S20,2020,20202,209,False
Renewable Energy,Winter 2021,1,0.298,W21,2021,20210,336,False
Renewable Energy,Summer 2021,1,0.256,S21,2021,20212,391,False
Renewable Energy,Winter 2022,1,0.251,W22,2022,20220,398,False
Renewable Energy,Summer 2022,1,0.427,S22,2022,20222,234,False
Renewable Energy,Winter 2023,2,0.73,W23,2023,20230,274,False
Renewable Energy,Summer 2023,1,0.455,S23,2023,20232,220,False
Renewable Energy,Winter 2024,1,0.403,W24,2024,20240,248,False
Renewable Energy,Summer 2024,1,0.403,S24,2024,20242,248,False
Renewable Energy,Fall 2024,0,0.0,F24,2024,20243,94,False
Renewable Energy,Winter 2025,1,0.602,W25,2025,20250,166,False
Renewable Energy,Spring 2025,0,0.0,X25,2025,20251,143,False
Renewable Energy,Summer 2025,0,0.0,S25,2025,20252,166,False
Renewable Energy,Fall 2025,0,0.0,F25,2025,20253,146,False
Renewable Energy,Winter 2026,1,0.503,W26,2026,20260,199,False
Renewable Energy,Spring 2026,0,0.0,X26,2026,20261,195,False
Renewable Energy,Summer 2026,2,0.851,S26,2026,20262,235,False
Renewable Energy,Fall 2026,0,0.0,F26,2026,20263,35,True
Renewable Energy,Winter 2027,0,0.0,W27,2027,20270,1,True
Restaurant Tech,Summer 2005,0,0.0,S05,2005,20052,9,True
Restaurant Tech,Winter 2006,0,0.0,W06,2006,20060,7,True
Restaurant Tech,Summer 2006,0,0.0,S06,2006,20062,10,True
Restaurant Tech,Winter 2007,0,0.0,W07,2007,20070,13,True
Restaurant Tech,Summer 2007,0,0.0,S07,2007,20072,19,True
Restaurant Tech,Winter 2008,0,0.0,W08,2008,20080,21,True
Restaurant Tech,Summer 2008,0,0.0,S08,2008,20082,22,True
Restaurant Tech,Winter 2009,0,0.0,W09,2009,20090,16,True
Restaurant Tech,Summer 2009,0,0.0,S09,2009,20092,26,True
Restaurant Tech,Winter 2010,0,0.0,W10,2010,20100,27,True
Restaurant Tech,Summer 2010,1,2.778,S10,2010,20102,36,True
Restaurant Tech,Winter 2011,0,0.0,W11,2011,20110,45,True
Restaurant Tech,Summer 2011,0,0.0,S11,2011,20112,60,False
Restaurant Tech,Winter 2012,0,0.0,W12,2012,20120,66,False
Restaurant Tech,Summer 2012,0,0.0,S12,2012,20122,83,False
Restaurant Tech,Winter 2013,0,0.0,W13,2013,20130,46,True
Restaurant Tech,Summer 2013,1,1.923,S13,2013,20132,52,False
Restaurant Tech,Winter 2014,0,0.0,W14,2014,20140,74,False
Restaurant Tech,Summer 2014,0,0.0,S14,2014,20142,78,False
Restaurant Tech,Winter 2015,2,1.818,W15,2015,20150,110,False
Restaurant Tech,Summer 2015,0,0.0,S15,2015,20152,104,False
Restaurant Tech,Winter 2016,0,0.0,W16,2016,20160,122,False
Restaurant Tech,Summer 2016,0,0.0,S16,2016,20162,102,False
Restaurant Tech,Winter 2017,0,0.0,W17,2017,20170,116,False
Restaurant Tech,Summer 2017,0,0.0,S17,2017,20172,125,False
Restaurant Tech,Winter 2018,0,0.0,W18,2018,20180,146,False
Restaurant Tech,Summer 2018,0,0.0,S18,2018,20182,131,False
Restaurant Tech,Winter 2019,1,0.515,W19,2019,20190,194,False
Restaurant Tech,Summer 2019,2,1.136,S19,2019,20192,176,False
Restaurant Tech,Winter 2020,0,0.0,W20,2020,20200,228,False
Restaurant Tech,Summer 2020,0,0.0,S20,2020,20202,209,False
Restaurant Tech,Winter 2021,1,0.298,W21,2021,20210,336,False
Restaurant Tech,Summer 2021,1,0.256,S21,2021,20212,391,False
Restaurant Tech,Winter 2022,0,0.0,W22,2022,20220,398,False
Restaurant Tech,Summer 2022,0,0.0,S22,2022,20222,234,False
Restaurant Tech,Winter 2023,1,0.365,W23,2023,20230,274,False
Restaurant Tech,Summer 2023,1,0.455,S23,2023,20232,220,False
Restaurant Tech,Winter 2024,1,0.403,W24,2024,20240,248,False
Restaurant Tech,Summer 2024,0,0.0,S24,2024,20242,248,False
Restaurant Tech,Fall 2024,0,0.0,F24,2024,20243,94,False
Restaurant Tech,Winter 2025,0,0.0,W25,2025,20250,166,False
Restaurant Tech,Spring 2025,0,0.0,X25,2025,20251,143,False
Restaurant Tech,Summer 2025,1,0.602,S25,2025,20252,166,False
Restaurant Tech,Fall 2025,1,0.685,F25,2025,20253,146,False
Restaurant Tech,Winter 2026,0,0.0,W26,2026,20260,199,False
Restaurant Tech,Spring 2026,0,0.0,X26,2026,20261,195,False
Restaurant Tech,Summer 2026,2,0.851,S26,2026,20262,235,False
Restaurant Tech,Fall 2026,0,0.0,F26,2026,20263,35,True
Restaurant Tech,Winter 2027,0,0.0,W27,2027,20270,1,True
Retail,Summer 2005,0,0.0,S05,2005,20052,9,True
Retail,Winter 2006,0,0.0,W06,2006,20060,7,True
Retail,Summer 2006,0,0.0,S06,2006,20062,10,True
Retail,Winter 2007,0,0.0,W07,2007,20070,13,True
Retail,Summer 2007,0,0.0,S07,2007,20072,19,True
Retail,Winter 2008,0,0.0,W08,2008,20080,21,True
Retail,Summer 2008,0,0.0,S08,2008,20082,22,True
Retail,Winter 2009,0,0.0,W09,2009,20090,16,True
Retail,Summer 2009,0,0.0,S09,2009,20092,26,True
Retail,Winter 2010,0,0.0,W10,2010,20100,27,True
Retail,Summer 2010,0,0.0,S10,2010,20102,36,True
Retail,Winter 2011,2,4.444,W11,2011,20110,45,True
Retail,Summer 2011,0,0.0,S11,2011,20112,60,False
Retail,Winter 2012,2,3.03,W12,2012,20120,66,False
Retail,Summer 2012,1,1.205,S12,2012,20122,83,False
Retail,Winter 2013,1,2.174,W13,2013,20130,46,True
Retail,Summer 2013,0,0.0,S13,2013,20132,52,False
Retail,Winter 2014,3,4.054,W14,2014,20140,74,False
Retail,Summer 2014,0,0.0,S14,2014,20142,78,False
Retail,Winter 2015,3,2.727,W15,2015,20150,110,False
Retail,Summer 2015,0,0.0,S15,2015,20152,104,False
Retail,Winter 2016,1,0.82,W16,2016,20160,122,False
Retail,Summer 2016,5,4.902,S16,2016,20162,102,False
Retail,Winter 2017,2,1.724,W17,2017,20170,116,False
Retail,Summer 2017,1,0.8,S17,2017,20172,125,False
Retail,Winter 2018,0,0.0,W18,2018,20180,146,False
Retail,Summer 2018,0,0.0,S18,2018,20182,131,False
Retail,Winter 2019,1,0.515,W19,2019,20190,194,False
Retail,Summer 2019,2,1.136,S19,2019,20192,176,False
Retail,Winter 2020,3,1.316,W20,2020,20200,228,False
Retail,Summer 2020,1,0.478,S20,2020,20202,209,False
Retail,Winter 2021,1,0.298,W21,2021,20210,336,False
Retail,Summer 2021,3,0.767,S21,2021,20212,391,False
Retail,Winter 2022,1,0.251,W22,2022,20220,398,False
Retail,Summer 2022,2,0.855,S22,2022,20222,234,False
Retail,Winter 2023,5,1.825,W23,2023,20230,274,False
Retail,Summer 2023,3,1.364,S23,2023,20232,220,False
Retail,Winter 2024,1,0.403,W24,2024,20240,248,False
Retail,Summer 2024,2,0.806,S24,2024,20242,248,False
Retail,Fall 2024,0,0.0,F24,2024,20243,94,False
Retail,Winter 2025,0,0.0,W25,2025,20250,166,False
Retail,Spring 2025,2,1.399,X25,2025,20251,143,False
Retail,Summer 2025,0,0.0,S25,2025,20252,166,False
Retail,Fall 2025,0,0.0,F25,2025,20253,146,False
Retail,Winter 2026,0,0.0,W26,2026,20260,199,False
Retail,Spring 2026,0,0.0,X26,2026,20261,195,False
Retail,Summer 2026,1,0.426,S26,2026,20262,235,False
Retail,Fall 2026,0,0.0,F26,2026,20263,35,True
Retail,Winter 2027,0,0.0,W27,2027,20270,1,True
Retail Tech,Summer 2005,0,0.0,S05,2005,20052,9,True
Retail Tech,Winter 2006,0,0.0,W06,2006,20060,7,True
Retail Tech,Summer 2006,0,0.0,S06,2006,20062,10,True
Retail Tech,Winter 2007,0,0.0,W07,2007,20070,13,True
Retail Tech,Summer 2007,0,0.0,S07,2007,20072,19,True
Retail Tech,Winter 2008,0,0.0,W08,2008,20080,21,True
Retail Tech,Summer 2008,0,0.0,S08,2008,20082,22,True
Retail Tech,Winter 2009,0,0.0,W09,2009,20090,16,True
Retail Tech,Summer 2009,0,0.0,S09,2009,20092,26,True
Retail Tech,Winter 2010,0,0.0,W10,2010,20100,27,True
Retail Tech,Summer 2010,0,0.0,S10,2010,20102,36,True
Retail Tech,Winter 2011,1,2.222,W11,2011,20110,45,True
Retail Tech,Summer 2011,0,0.0,S11,2011,20112,60,False
Retail Tech,Winter 2012,0,0.0,W12,2012,20120,66,False
Retail Tech,Summer 2012,0,0.0,S12,2012,20122,83,False
Retail Tech,Winter 2013,1,2.174,W13,2013,20130,46,True
Retail Tech,Summer 2013,0,0.0,S13,2013,20132,52,False
Retail Tech,Winter 2014,0,0.0,W14,2014,20140,74,False
Retail Tech,Summer 2014,0,0.0,S14,2014,20142,78,False
Retail Tech,Winter 2015,1,0.909,W15,2015,20150,110,False
Retail Tech,Summer 2015,1,0.962,S15,2015,20152,104,False
Retail Tech,Winter 2016,1,0.82,W16,2016,20160,122,False
Retail Tech,Summer 2016,0,0.0,S16,2016,20162,102,False
Retail Tech,Winter 2017,0,0.0,W17,2017,20170,116,False
Retail Tech,Summer 2017,1,0.8,S17,2017,20172,125,False
Retail Tech,Winter 2018,0,0.0,W18,2018,20180,146,False
Retail Tech,Summer 2018,1,0.763,S18,2018,20182,131,False
Retail Tech,Winter 2019,2,1.031,W19,2019,20190,194,False
Retail Tech,Summer 2019,1,0.568,S19,2019,20192,176,False
Retail Tech,Winter 2020,2,0.877,W20,2020,20200,228,False
Retail Tech,Summer 2020,1,0.478,S20,2020,20202,209,False
Retail Tech,Winter 2021,1,0.298,W21,2021,20210,336,False
Retail Tech,Summer 2021,0,0.0,S21,2021,20212,391,False
Retail Tech,Winter 2022,0,0.0,W22,2022,20220,398,False
Retail Tech,Summer 2022,0,0.0,S22,2022,20222,234,False
Retail Tech,Winter 2023,0,0.0,W23,2023,20230,274,False
Retail Tech,Summer 2023,0,0.0,S23,2023,20232,220,False
Retail Tech,Winter 2024,0,0.0,W24,2024,20240,248,False
Retail Tech,Summer 2024,1,0.403,S24,2024,20242,248,False
Retail Tech,Fall 2024,2,2.128,F24,2024,20243,94,False
Retail Tech,Winter 2025,1,0.602,W25,2025,20250,166,False
Retail Tech,Spring 2025,0,0.0,X25,2025,20251,143,False
Retail Tech,Summer 2025,0,0.0,S25,2025,20252,166,False
Retail Tech,Fall 2025,0,0.0,F25,2025,20253,146,False
Retail Tech,Winter 2026,0,0.0,W26,2026,20260,199,False
Retail Tech,Spring 2026,0,0.0,X26,2026,20261,195,False
Retail Tech,Summer 2026,0,0.0,S26,2026,20262,235,False
Retail Tech,Fall 2026,0,0.0,F26,2026,20263,35,True
Retail Tech,Winter 2027,0,0.0,W27,2027,20270,1,True
Reviews,Summer 2005,0,0.0,S05,2005,20052,9,True
Reviews,Winter 2006,0,0.0,W06,2006,20060,7,True
Reviews,Summer 2006,0,0.0,S06,2006,20062,10,True
Reviews,Winter 2007,0,0.0,W07,2007,20070,13,True
Reviews,Summer 2007,0,0.0,S07,2007,20072,19,True
Reviews,Winter 2008,0,0.0,W08,2008,20080,21,True
Reviews,Summer 2008,0,0.0,S08,2008,20082,22,True
Reviews,Winter 2009,0,0.0,W09,2009,20090,16,True
Reviews,Summer 2009,0,0.0,S09,2009,20092,26,True
Reviews,Winter 2010,0,0.0,W10,2010,20100,27,True
Reviews,Summer 2010,0,0.0,S10,2010,20102,36,True
Reviews,Winter 2011,0,0.0,W11,2011,20110,45,True
Reviews,Summer 2011,1,1.667,S11,2011,20112,60,False
Reviews,Winter 2012,0,0.0,W12,2012,20120,66,False
Reviews,Summer 2012,0,0.0,S12,2012,20122,83,False
Reviews,Winter 2013,0,0.0,W13,2013,20130,46,True
Reviews,Summer 2013,0,0.0,S13,2013,20132,52,False
Reviews,Winter 2014,0,0.0,W14,2014,20140,74,False
Reviews,Summer 2014,0,0.0,S14,2014,20142,78,False
Reviews,Winter 2015,0,0.0,W15,2015,20150,110,False
Reviews,Summer 2015,0,0.0,S15,2015,20152,104,False
Reviews,Winter 2016,0,0.0,W16,2016,20160,122,False
Reviews,Summer 2016,0,0.0,S16,2016,20162,102,False
Reviews,Winter 2017,0,0.0,W17,2017,20170,116,False
Reviews,Summer 2017,0,0.0,S17,2017,20172,125,False
Reviews,Winter 2018,0,0.0,W18,2018,20180,146,False
Reviews,Summer 2018,0,0.0,S18,2018,20182,131,False
Reviews,Winter 2019,1,0.515,W19,2019,20190,194,False
Reviews,Summer 2019,0,0.0,S19,2019,20192,176,False
Reviews,Winter 2020,0,0.0,W20,2020,20200,228,False
Reviews,Summer 2020,0,0.0,S20,2020,20202,209,False
Reviews,Winter 2021,0,0.0,W21,2021,20210,336,False
Reviews,Summer 2021,0,0.0,S21,2021,20212,391,False
Reviews,Winter 2022,0,0.0,W22,2022,20220,398,False
Reviews,Summer 2022,0,0.0,S22,2022,20222,234,False
Reviews,Winter 2023,0,0.0,W23,2023,20230,274,False
Reviews,Summer 2023,0,0.0,S23,2023,20232,220,False
Reviews,Winter 2024,0,0.0,W24,2024,20240,248,False
Reviews,Summer 2024,1,0.403,S24,2024,20242,248,False
Reviews,Fall 2024,0,0.0,F24,2024,20243,94,False
Reviews,Winter 2025,0,0.0,W25,2025,20250,166,False
Reviews,Spring 2025,0,0.0,X25,2025,20251,143,False
Reviews,Summer 2025,0,0.0,S25,2025,20252,166,False
Reviews,Fall 2025,0,0.0,F25,2025,20253,146,False
Reviews,Winter 2026,0,0.0,W26,2026,20260,199,False
Reviews,Spring 2026,0,0.0,X26,2026,20261,195,False
Reviews,Summer 2026,0,0.0,S26,2026,20262,235,False
Reviews,Fall 2026,0,0.0,F26,2026,20263,35,True
Reviews,Winter 2027,0,0.0,W27,2027,20270,1,True
Ridesharing,Summer 2005,0,0.0,S05,2005,20052,9,True
Ridesharing,Winter 2006,0,0.0,W06,2006,20060,7,True
Ridesharing,Summer 2006,0,0.0,S06,2006,20062,10,True
Ridesharing,Winter 2007,0,0.0,W07,2007,20070,13,True
Ridesharing,Summer 2007,0,0.0,S07,2007,20072,19,True
Ridesharing,Winter 2008,0,0.0,W08,2008,20080,21,True
Ridesharing,Summer 2008,0,0.0,S08,2008,20082,22,True
Ridesharing,Winter 2009,0,0.0,W09,2009,20090,16,True
Ridesharing,Summer 2009,0,0.0,S09,2009,20092,26,True
Ridesharing,Winter 2010,0,0.0,W10,2010,20100,27,True
Ridesharing,Summer 2010,0,0.0,S10,2010,20102,36,True
Ridesharing,Winter 2011,0,0.0,W11,2011,20110,45,True
Ridesharing,Summer 2011,0,0.0,S11,2011,20112,60,False
Ridesharing,Winter 2012,0,0.0,W12,2012,20120,66,False
Ridesharing,Summer 2012,0,0.0,S12,2012,20122,83,False
Ridesharing,Winter 2013,0,0.0,W13,2013,20130,46,True
Ridesharing,Summer 2013,0,0.0,S13,2013,20132,52,False
Ridesharing,Winter 2014,0,0.0,W14,2014,20140,74,False
Ridesharing,Summer 2014,0,0.0,S14,2014,20142,78,False
Ridesharing,Winter 2015,0,0.0,W15,2015,20150,110,False
Ridesharing,Summer 2015,0,0.0,S15,2015,20152,104,False
Ridesharing,Winter 2016,0,0.0,W16,2016,20160,122,False
Ridesharing,Summer 2016,0,0.0,S16,2016,20162,102,False
Ridesharing,Winter 2017,0,0.0,W17,2017,20170,116,False
Ridesharing,Summer 2017,1,0.8,S17,2017,20172,125,False
Ridesharing,Winter 2018,0,0.0,W18,2018,20180,146,False
Ridesharing,Summer 2018,0,0.0,S18,2018,20182,131,False
Ridesharing,Winter 2019,0,0.0,W19,2019,20190,194,False
Ridesharing,Summer 2019,0,0.0,S19,2019,20192,176,False
Ridesharing,Winter 2020,0,0.0,W20,2020,20200,228,False
Ridesharing,Summer 2020,0,0.0,S20,2020,20202,209,False
Ridesharing,Winter 2021,0,0.0,W21,2021,20210,336,False
Ridesharing,Summer 2021,1,0.256,S21,2021,20212,391,False
Ridesharing,Winter 2022,0,0.0,W22,2022,20220,398,False
Ridesharing,Summer 2022,0,0.0,S22,2022,20222,234,False
Ridesharing,Winter 2023,0,0.0,W23,2023,20230,274,False
Ridesharing,Summer 2023,0,0.0,S23,2023,20232,220,False
Ridesharing,Winter 2024,0,0.0,W24,2024,20240,248,False
Ridesharing,Summer 2024,0,0.0,S24,2024,20242,248,False
Ridesharing,Fall 2024,0,0.0,F24,2024,20243,94,False
Ridesharing,Winter 2025,0,0.0,W25,2025,20250,166,False
Ridesharing,Spring 2025,0,0.0,X25,2025,20251,143,False
Ridesharing,Summer 2025,0,0.0,S25,2025,20252,166,False
Ridesharing,Fall 2025,0,0.0,F25,2025,20253,146,False
Ridesharing,Winter 2026,0,0.0,W26,2026,20260,199,False
Ridesharing,Spring 2026,0,0.0,X26,2026,20261,195,False
Ridesharing,Summer 2026,0,0.0,S26,2026,20262,235,False
Ridesharing,Fall 2026,0,0.0,F26,2026,20263,35,True
Ridesharing,Winter 2027,0,0.0,W27,2027,20270,1,True
Robotic Process Automation,Summer 2005,0,0.0,S05,2005,20052,9,True
Robotic Process Automation,Winter 2006,0,0.0,W06,2006,20060,7,True
Robotic Process Automation,Summer 2006,0,0.0,S06,2006,20062,10,True
Robotic Process Automation,Winter 2007,0,0.0,W07,2007,20070,13,True
Robotic Process Automation,Summer 2007,0,0.0,S07,2007,20072,19,True
Robotic Process Automation,Winter 2008,0,0.0,W08,2008,20080,21,True
Robotic Process Automation,Summer 2008,0,0.0,S08,2008,20082,22,True
Robotic Process Automation,Winter 2009,0,0.0,W09,2009,20090,16,True
Robotic Process Automation,Summer 2009,0,0.0,S09,2009,20092,26,True
Robotic Process Automation,Winter 2010,0,0.0,W10,2010,20100,27,True
Robotic Process Automation,Summer 2010,0,0.0,S10,2010,20102,36,True
Robotic Process Automation,Winter 2011,0,0.0,W11,2011,20110,45,True
Robotic Process Automation,Summer 2011,0,0.0,S11,2011,20112,60,False
Robotic Process Automation,Winter 2012,0,0.0,W12,2012,20120,66,False
Robotic Process Automation,Summer 2012,0,0.0,S12,2012,20122,83,False
Robotic Process Automation,Winter 2013,0,0.0,W13,2013,20130,46,True
Robotic Process Automation,Summer 2013,0,0.0,S13,2013,20132,52,False
Robotic Process Automation,Winter 2014,0,0.0,W14,2014,20140,74,False
Robotic Process Automation,Summer 2014,0,0.0,S14,2014,20142,78,False
Robotic Process Automation,Winter 2015,0,0.0,W15,2015,20150,110,False
Robotic Process Automation,Summer 2015,0,0.0,S15,2015,20152,104,False
Robotic Process Automation,Winter 2016,0,0.0,W16,2016,20160,122,False
Robotic Process Automation,Summer 2016,0,0.0,S16,2016,20162,102,False
Robotic Process Automation,Winter 2017,1,0.862,W17,2017,20170,116,False
Robotic Process Automation,Summer 2017,0,0.0,S17,2017,20172,125,False
Robotic Process Automation,Winter 2018,0,0.0,W18,2018,20180,146,False
Robotic Process Automation,Summer 2018,1,0.763,S18,2018,20182,131,False
Robotic Process Automation,Winter 2019,2,1.031,W19,2019,20190,194,False
Robotic Process Automation,Summer 2019,1,0.568,S19,2019,20192,176,False
Robotic Process Automation,Winter 2020,1,0.439,W20,2020,20200,228,False
Robotic Process Automation,Summer 2020,0,0.0,S20,2020,20202,209,False
Robotic Process Automation,Winter 2021,4,1.19,W21,2021,20210,336,False
Robotic Process Automation,Summer 2021,1,0.256,S21,2021,20212,391,False
Robotic Process Automation,Winter 2022,1,0.251,W22,2022,20220,398,False
Robotic Process Automation,Summer 2022,2,0.855,S22,2022,20222,234,False
Robotic Process Automation,Winter 2023,2,0.73,W23,2023,20230,274,False
Robotic Process Automation,Summer 2023,3,1.364,S23,2023,20232,220,False
Robotic Process Automation,Winter 2024,0,0.0,W24,2024,20240,248,False
Robotic Process Automation,Summer 2024,3,1.21,S24,2024,20242,248,False
Robotic Process Automation,Fall 2024,0,0.0,F24,2024,20243,94,False
Robotic Process Automation,Winter 2025,2,1.205,W25,2025,20250,166,False
Robotic Process Automation,Spring 2025,1,0.699,X25,2025,20251,143,False
Robotic Process Automation,Summer 2025,1,0.602,S25,2025,20252,166,False
Robotic Process Automation,Fall 2025,1,0.685,F25,2025,20253,146,False
Robotic Process Automation,Winter 2026,1,0.503,W26,2026,20260,199,False
Robotic Process Automation,Spring 2026,1,0.513,X26,2026,20261,195,False
Robotic Process Automation,Summer 2026,4,1.702,S26,2026,20262,235,False
Robotic Process Automation,Fall 2026,0,0.0,F26,2026,20263,35,True
Robotic Process Automation,Winter 2027,0,0.0,W27,2027,20270,1,True
Robotic Surgery,Summer 2005,0,0.0,S05,2005,20052,9,True
Robotic Surgery,Winter 2006,0,0.0,W06,2006,20060,7,True
Robotic Surgery,Summer 2006,0,0.0,S06,2006,20062,10,True
Robotic Surgery,Winter 2007,0,0.0,W07,2007,20070,13,True
Robotic Surgery,Summer 2007,0,0.0,S07,2007,20072,19,True
Robotic Surgery,Winter 2008,0,0.0,W08,2008,20080,21,True
Robotic Surgery,Summer 2008,0,0.0,S08,2008,20082,22,True
Robotic Surgery,Winter 2009,0,0.0,W09,2009,20090,16,True
Robotic Surgery,Summer 2009,0,0.0,S09,2009,20092,26,True
Robotic Surgery,Winter 2010,0,0.0,W10,2010,20100,27,True
Robotic Surgery,Summer 2010,0,0.0,S10,2010,20102,36,True
Robotic Surgery,Winter 2011,0,0.0,W11,2011,20110,45,True
Robotic Surgery,Summer 2011,0,0.0,S11,2011,20112,60,False
Robotic Surgery,Winter 2012,0,0.0,W12,2012,20120,66,False
Robotic Surgery,Summer 2012,0,0.0,S12,2012,20122,83,False
Robotic Surgery,Winter 2013,0,0.0,W13,2013,20130,46,True
Robotic Surgery,Summer 2013,0,0.0,S13,2013,20132,52,False
Robotic Surgery,Winter 2014,0,0.0,W14,2014,20140,74,False
Robotic Surgery,Summer 2014,0,0.0,S14,2014,20142,78,False
Robotic Surgery,Winter 2015,0,0.0,W15,2015,20150,110,False
Robotic Surgery,Summer 2015,0,0.0,S15,2015,20152,104,False
Robotic Surgery,Winter 2016,0,0.0,W16,2016,20160,122,False
Robotic Surgery,Summer 2016,0,0.0,S16,2016,20162,102,False
Robotic Surgery,Winter 2017,0,0.0,W17,2017,20170,116,False
Robotic Surgery,Summer 2017,0,0.0,S17,2017,20172,125,False
Robotic Surgery,Winter 2018,1,0.685,W18,2018,20180,146,False
Robotic Surgery,Summer 2018,1,0.763,S18,2018,20182,131,False
Robotic Surgery,Winter 2019,0,0.0,W19,2019,20190,194,False
Robotic Surgery,Summer 2019,0,0.0,S19,2019,20192,176,False
Robotic Surgery,Winter 2020,0,0.0,W20,2020,20200,228,False
Robotic Surgery,Summer 2020,0,0.0,S20,2020,20202,209,False
Robotic Surgery,Winter 2021,0,0.0,W21,2021,20210,336,False
Robotic Surgery,Summer 2021,0,0.0,S21,2021,20212,391,False
Robotic Surgery,Winter 2022,0,0.0,W22,2022,20220,398,False
Robotic Surgery,Summer 2022,1,0.427,S22,2022,20222,234,False
Robotic Surgery,Winter 2023,0,0.0,W23,2023,20230,274,False
Robotic Surgery,Summer 2023,0,0.0,S23,2023,20232,220,False
Robotic Surgery,Winter 2024,0,0.0,W24,2024,20240,248,False
Robotic Surgery,Summer 2024,0,0.0,S24,2024,20242,248,False
Robotic Surgery,Fall 2024,0,0.0,F24,2024,20243,94,False
Robotic Surgery,Winter 2025,0,0.0,W25,2025,20250,166,False
Robotic Surgery,Spring 2025,0,0.0,X25,2025,20251,143,False
Robotic Surgery,Summer 2025,0,0.0,S25,2025,20252,166,False
Robotic Surgery,Fall 2025,0,0.0,F25,2025,20253,146,False
Robotic Surgery,Winter 2026,0,0.0,W26,2026,20260,199,False
Robotic Surgery,Spring 2026,0,0.0,X26,2026,20261,195,False
Robotic Surgery,Summer 2026,0,0.0,S26,2026,20262,235,False
Robotic Surgery,Fall 2026,0,0.0,F26,2026,20263,35,True
Robotic Surgery,Winter 2027,0,0.0,W27,2027,20270,1,True
Robotics,Summer 2005,0,0.0,S05,2005,20052,9,True
Robotics,Winter 2006,0,0.0,W06,2006,20060,7,True
Robotics,Summer 2006,0,0.0,S06,2006,20062,10,True
Robotics,Winter 2007,0,0.0,W07,2007,20070,13,True
Robotics,Summer 2007,0,0.0,S07,2007,20072,19,True
Robotics,Winter 2008,0,0.0,W08,2008,20080,21,True
Robotics,Summer 2008,0,0.0,S08,2008,20082,22,True
Robotics,Winter 2009,0,0.0,W09,2009,20090,16,True
Robotics,Summer 2009,0,0.0,S09,2009,20092,26,True
Robotics,Winter 2010,0,0.0,W10,2010,20100,27,True
Robotics,Summer 2010,0,0.0,S10,2010,20102,36,True
Robotics,Winter 2011,0,0.0,W11,2011,20110,45,True
Robotics,Summer 2011,0,0.0,S11,2011,20112,60,False
Robotics,Winter 2012,1,1.515,W12,2012,20120,66,False
Robotics,Summer 2012,2,2.41,S12,2012,20122,83,False
Robotics,Winter 2013,0,0.0,W13,2013,20130,46,True
Robotics,Summer 2013,1,1.923,S13,2013,20132,52,False
Robotics,Winter 2014,0,0.0,W14,2014,20140,74,False
Robotics,Summer 2014,0,0.0,S14,2014,20142,78,False
Robotics,Winter 2015,1,0.909,W15,2015,20150,110,False
Robotics,Summer 2015,3,2.885,S15,2015,20152,104,False
Robotics,Winter 2016,3,2.459,W16,2016,20160,122,False
Robotics,Summer 2016,2,1.961,S16,2016,20162,102,False
Robotics,Winter 2017,0,0.0,W17,2017,20170,116,False
Robotics,Summer 2017,2,1.6,S17,2017,20172,125,False
Robotics,Winter 2018,5,3.425,W18,2018,20180,146,False
Robotics,Summer 2018,2,1.527,S18,2018,20182,131,False
Robotics,Winter 2019,5,2.577,W19,2019,20190,194,False
Robotics,Summer 2019,3,1.705,S19,2019,20192,176,False
Robotics,Winter 2020,7,3.07,W20,2020,20200,228,False
Robotics,Summer 2020,1,0.478,S20,2020,20202,209,False
Robotics,Winter 2021,9,2.679,W21,2021,20210,336,False
Robotics,Summer 2021,3,0.767,S21,2021,20212,391,False
Robotics,Winter 2022,5,1.256,W22,2022,20220,398,False
Robotics,Summer 2022,3,1.282,S22,2022,20222,234,False
Robotics,Winter 2023,1,0.365,W23,2023,20230,274,False
Robotics,Summer 2023,0,0.0,S23,2023,20232,220,False
Robotics,Winter 2024,6,2.419,W24,2024,20240,248,False
Robotics,Summer 2024,9,3.629,S24,2024,20242,248,False
Robotics,Fall 2024,1,1.064,F24,2024,20243,94,False
Robotics,Winter 2025,5,3.012,W25,2025,20250,166,False
Robotics,Spring 2025,9,6.294,X25,2025,20251,143,False
Robotics,Summer 2025,5,3.012,S25,2025,20252,166,False
Robotics,Fall 2025,9,6.164,F25,2025,20253,146,False
Robotics,Winter 2026,3,1.508,W26,2026,20260,199,False
Robotics,Spring 2026,5,2.564,X26,2026,20261,195,False
Robotics,Summer 2026,28,11.915,S26,2026,20262,235,False
Robotics,Fall 2026,3,8.571,F26,2026,20263,35,True
Robotics,Winter 2027,0,0.0,W27,2027,20270,1,True
Rocketry,Summer 2005,0,0.0,S05,2005,20052,9,True
Rocketry,Winter 2006,0,0.0,W06,2006,20060,7,True
Rocketry,Summer 2006,0,0.0,S06,2006,20062,10,True
Rocketry,Winter 2007,0,0.0,W07,2007,20070,13,True
Rocketry,Summer 2007,0,0.0,S07,2007,20072,19,True
Rocketry,Winter 2008,0,0.0,W08,2008,20080,21,True
Rocketry,Summer 2008,0,0.0,S08,2008,20082,22,True
Rocketry,Winter 2009,0,0.0,W09,2009,20090,16,True
Rocketry,Summer 2009,0,0.0,S09,2009,20092,26,True
Rocketry,Winter 2010,0,0.0,W10,2010,20100,27,True
Rocketry,Summer 2010,0,0.0,S10,2010,20102,36,True
Rocketry,Winter 2011,0,0.0,W11,2011,20110,45,True
Rocketry,Summer 2011,0,0.0,S11,2011,20112,60,False
Rocketry,Winter 2012,0,0.0,W12,2012,20120,66,False
Rocketry,Summer 2012,0,0.0,S12,2012,20122,83,False
Rocketry,Winter 2013,0,0.0,W13,2013,20130,46,True
Rocketry,Summer 2013,0,0.0,S13,2013,20132,52,False
Rocketry,Winter 2014,0,0.0,W14,2014,20140,74,False
Rocketry,Summer 2014,0,0.0,S14,2014,20142,78,False
Rocketry,Winter 2015,0,0.0,W15,2015,20150,110,False
Rocketry,Summer 2015,0,0.0,S15,2015,20152,104,False
Rocketry,Winter 2016,1,0.82,W16,2016,20160,122,False
Rocketry,Summer 2016,0,0.0,S16,2016,20162,102,False
Rocketry,Winter 2017,0,0.0,W17,2017,20170,116,False
Rocketry,Summer 2017,1,0.8,S17,2017,20172,125,False
Rocketry,Winter 2018,0,0.0,W18,2018,20180,146,False
Rocketry,Summer 2018,0,0.0,S18,2018,20182,131,False
Rocketry,Winter 2019,0,0.0,W19,2019,20190,194,False
Rocketry,Summer 2019,0,0.0,S19,2019,20192,176,False
Rocketry,Winter 2020,0,0.0,W20,2020,20200,228,False
Rocketry,Summer 2020,0,0.0,S20,2020,20202,209,False
Rocketry,Winter 2021,0,0.0,W21,2021,20210,336,False
Rocketry,Summer 2021,0,0.0,S21,2021,20212,391,False
Rocketry,Winter 2022,0,0.0,W22,2022,20220,398,False
Rocketry,Summer 2022,0,0.0,S22,2022,20222,234,False
Rocketry,Winter 2023,0,0.0,W23,2023,20230,274,False
Rocketry,Summer 2023,0,0.0,S23,2023,20232,220,False
Rocketry,Winter 2024,1,0.403,W24,2024,20240,248,False
Rocketry,Summer 2024,0,0.0,S24,2024,20242,248,False
Rocketry,Fall 2024,0,0.0,F24,2024,20243,94,False
Rocketry,Winter 2025,0,0.0,W25,2025,20250,166,False
Rocketry,Spring 2025,0,0.0,X25,2025,20251,143,False
Rocketry,Summer 2025,0,0.0,S25,2025,20252,166,False
Rocketry,Fall 2025,1,0.685,F25,2025,20253,146,False
Rocketry,Winter 2026,0,0.0,W26,2026,20260,199,False
Rocketry,Spring 2026,0,0.0,X26,2026,20261,195,False
Rocketry,Summer 2026,0,0.0,S26,2026,20262,235,False
Rocketry,Fall 2026,0,0.0,F26,2026,20263,35,True
Rocketry,Winter 2027,0,0.0,W27,2027,20270,1,True
SEO,Summer 2005,0,0.0,S05,2005,20052,9,True
SEO,Winter 2006,0,0.0,W06,2006,20060,7,True
SEO,Summer 2006,0,0.0,S06,2006,20062,10,True
SEO,Winter 2007,0,0.0,W07,2007,20070,13,True
SEO,Summer 2007,0,0.0,S07,2007,20072,19,True
SEO,Winter 2008,0,0.0,W08,2008,20080,21,True
SEO,Summer 2008,0,0.0,S08,2008,20082,22,True
SEO,Winter 2009,0,0.0,W09,2009,20090,16,True
SEO,Summer 2009,0,0.0,S09,2009,20092,26,True
SEO,Winter 2010,0,0.0,W10,2010,20100,27,True
SEO,Summer 2010,1,2.778,S10,2010,20102,36,True
SEO,Winter 2011,0,0.0,W11,2011,20110,45,True
SEO,Summer 2011,0,0.0,S11,2011,20112,60,False
SEO,Winter 2012,0,0.0,W12,2012,20120,66,False
SEO,Summer 2012,0,0.0,S12,2012,20122,83,False
SEO,Winter 2013,0,0.0,W13,2013,20130,46,True
SEO,Summer 2013,0,0.0,S13,2013,20132,52,False
SEO,Winter 2014,0,0.0,W14,2014,20140,74,False
SEO,Summer 2014,0,0.0,S14,2014,20142,78,False
SEO,Winter 2015,0,0.0,W15,2015,20150,110,False
SEO,Summer 2015,0,0.0,S15,2015,20152,104,False
SEO,Winter 2016,0,0.0,W16,2016,20160,122,False
SEO,Summer 2016,0,0.0,S16,2016,20162,102,False
SEO,Winter 2017,0,0.0,W17,2017,20170,116,False
SEO,Summer 2017,0,0.0,S17,2017,20172,125,False
SEO,Winter 2018,0,0.0,W18,2018,20180,146,False
SEO,Summer 2018,0,0.0,S18,2018,20182,131,False
SEO,Winter 2019,0,0.0,W19,2019,20190,194,False
SEO,Summer 2019,0,0.0,S19,2019,20192,176,False
SEO,Winter 2020,0,0.0,W20,2020,20200,228,False
SEO,Summer 2020,0,0.0,S20,2020,20202,209,False
SEO,Winter 2021,0,0.0,W21,2021,20210,336,False
SEO,Summer 2021,1,0.256,S21,2021,20212,391,False
SEO,Winter 2022,1,0.251,W22,2022,20220,398,False
SEO,Summer 2022,0,0.0,S22,2022,20222,234,False
SEO,Winter 2023,0,0.0,W23,2023,20230,274,False
SEO,Summer 2023,0,0.0,S23,2023,20232,220,False
SEO,Winter 2024,0,0.0,W24,2024,20240,248,False
SEO,Summer 2024,0,0.0,S24,2024,20242,248,False
SEO,Fall 2024,1,1.064,F24,2024,20243,94,False
SEO,Winter 2025,0,0.0,W25,2025,20250,166,False
SEO,Spring 2025,0,0.0,X25,2025,20251,143,False
SEO,Summer 2025,0,0.0,S25,2025,20252,166,False
SEO,Fall 2025,0,0.0,F25,2025,20253,146,False
SEO,Winter 2026,0,0.0,W26,2026,20260,199,False
SEO,Spring 2026,1,0.513,X26,2026,20261,195,False
SEO,Summer 2026,0,0.0,S26,2026,20262,235,False
SEO,Fall 2026,0,0.0,F26,2026,20263,35,True
SEO,Winter 2027,0,0.0,W27,2027,20270,1,True
SMB,Summer 2005,0,0.0,S05,2005,20052,9,True
SMB,Winter 2006,0,0.0,W06,2006,20060,7,True
SMB,Summer 2006,0,0.0,S06,2006,20062,10,True
SMB,Winter 2007,0,0.0,W07,2007,20070,13,True
SMB,Summer 2007,0,0.0,S07,2007,20072,19,True
SMB,Winter 2008,0,0.0,W08,2008,20080,21,True
SMB,Summer 2008,0,0.0,S08,2008,20082,22,True
SMB,Winter 2009,0,0.0,W09,2009,20090,16,True
SMB,Summer 2009,0,0.0,S09,2009,20092,26,True
SMB,Winter 2010,1,3.704,W10,2010,20100,27,True
SMB,Summer 2010,0,0.0,S10,2010,20102,36,True
SMB,Winter 2011,1,2.222,W11,2011,20110,45,True
SMB,Summer 2011,0,0.0,S11,2011,20112,60,False
SMB,Winter 2012,1,1.515,W12,2012,20120,66,False
SMB,Summer 2012,0,0.0,S12,2012,20122,83,False
SMB,Winter 2013,0,0.0,W13,2013,20130,46,True
SMB,Summer 2013,1,1.923,S13,2013,20132,52,False
SMB,Winter 2014,0,0.0,W14,2014,20140,74,False
SMB,Summer 2014,0,0.0,S14,2014,20142,78,False
SMB,Winter 2015,0,0.0,W15,2015,20150,110,False
SMB,Summer 2015,0,0.0,S15,2015,20152,104,False
SMB,Winter 2016,0,0.0,W16,2016,20160,122,False
SMB,Summer 2016,1,0.98,S16,2016,20162,102,False
SMB,Winter 2017,1,0.862,W17,2017,20170,116,False
SMB,Summer 2017,0,0.0,S17,2017,20172,125,False
SMB,Winter 2018,0,0.0,W18,2018,20180,146,False
SMB,Summer 2018,1,0.763,S18,2018,20182,131,False
SMB,Winter 2019,0,0.0,W19,2019,20190,194,False
SMB,Summer 2019,1,0.568,S19,2019,20192,176,False
SMB,Winter 2020,0,0.0,W20,2020,20200,228,False
SMB,Summer 2020,1,0.478,S20,2020,20202,209,False
SMB,Winter 2021,1,0.298,W21,2021,20210,336,False
SMB,Summer 2021,0,0.0,S21,2021,20212,391,False
SMB,Winter 2022,1,0.251,W22,2022,20220,398,False
SMB,Summer 2022,0,0.0,S22,2022,20222,234,False
SMB,Winter 2023,1,0.365,W23,2023,20230,274,False
SMB,Summer 2023,1,0.455,S23,2023,20232,220,False
SMB,Winter 2024,3,1.21,W24,2024,20240,248,False
SMB,Summer 2024,0,0.0,S24,2024,20242,248,False
SMB,Fall 2024,0,0.0,F24,2024,20243,94,False
SMB,Winter 2025,0,0.0,W25,2025,20250,166,False
SMB,Spring 2025,0,0.0,X25,2025,20251,143,False
SMB,Summer 2025,0,0.0,S25,2025,20252,166,False
SMB,Fall 2025,1,0.685,F25,2025,20253,146,False
SMB,Winter 2026,0,0.0,W26,2026,20260,199,False
SMB,Spring 2026,0,0.0,X26,2026,20261,195,False
SMB,Summer 2026,1,0.426,S26,2026,20262,235,False
SMB,Fall 2026,0,0.0,F26,2026,20263,35,True
SMB,Winter 2027,0,0.0,W27,2027,20270,1,True
SMS,Summer 2005,0,0.0,S05,2005,20052,9,True
SMS,Winter 2006,0,0.0,W06,2006,20060,7,True
SMS,Summer 2006,0,0.0,S06,2006,20062,10,True
SMS,Winter 2007,0,0.0,W07,2007,20070,13,True
SMS,Summer 2007,0,0.0,S07,2007,20072,19,True
SMS,Winter 2008,0,0.0,W08,2008,20080,21,True
SMS,Summer 2008,0,0.0,S08,2008,20082,22,True
SMS,Winter 2009,0,0.0,W09,2009,20090,16,True
SMS,Summer 2009,0,0.0,S09,2009,20092,26,True
SMS,Winter 2010,0,0.0,W10,2010,20100,27,True
SMS,Summer 2010,0,0.0,S10,2010,20102,36,True
SMS,Winter 2011,0,0.0,W11,2011,20110,45,True
SMS,Summer 2011,0,0.0,S11,2011,20112,60,False
SMS,Winter 2012,0,0.0,W12,2012,20120,66,False
SMS,Summer 2012,1,1.205,S12,2012,20122,83,False
SMS,Winter 2013,0,0.0,W13,2013,20130,46,True
SMS,Summer 2013,0,0.0,S13,2013,20132,52,False
SMS,Winter 2014,0,0.0,W14,2014,20140,74,False
SMS,Summer 2014,1,1.282,S14,2014,20142,78,False
SMS,Winter 2015,0,0.0,W15,2015,20150,110,False
SMS,Summer 2015,0,0.0,S15,2015,20152,104,False
SMS,Winter 2016,0,0.0,W16,2016,20160,122,False
SMS,Summer 2016,0,0.0,S16,2016,20162,102,False
SMS,Winter 2017,0,0.0,W17,2017,20170,116,False
SMS,Summer 2017,0,0.0,S17,2017,20172,125,False
SMS,Winter 2018,0,0.0,W18,2018,20180,146,False
SMS,Summer 2018,0,0.0,S18,2018,20182,131,False
SMS,Winter 2019,0,0.0,W19,2019,20190,194,False
SMS,Summer 2019,0,0.0,S19,2019,20192,176,False
SMS,Winter 2020,1,0.439,W20,2020,20200,228,False
SMS,Summer 2020,0,0.0,S20,2020,20202,209,False
SMS,Winter 2021,0,0.0,W21,2021,20210,336,False
SMS,Summer 2021,0,0.0,S21,2021,20212,391,False
SMS,Winter 2022,1,0.251,W22,2022,20220,398,False
SMS,Summer 2022,0,0.0,S22,2022,20222,234,False
SMS,Winter 2023,0,0.0,W23,2023,20230,274,False
SMS,Summer 2023,1,0.455,S23,2023,20232,220,False
SMS,Winter 2024,0,0.0,W24,2024,20240,248,False
SMS,Summer 2024,2,0.806,S24,2024,20242,248,False
SMS,Fall 2024,0,0.0,F24,2024,20243,94,False
SMS,Winter 2025,0,0.0,W25,2025,20250,166,False
SMS,Spring 2025,0,0.0,X25,2025,20251,143,False
SMS,Summer 2025,0,0.0,S25,2025,20252,166,False
SMS,Fall 2025,0,0.0,F25,2025,20253,146,False
SMS,Winter 2026,0,0.0,W26,2026,20260,199,False
SMS,Spring 2026,0,0.0,X26,2026,20261,195,False
SMS,Summer 2026,0,0.0,S26,2026,20262,235,False
SMS,Fall 2026,0,0.0,F26,2026,20263,35,True
SMS,Winter 2027,0,0.0,W27,2027,20270,1,True
SaaS,Summer 2005,0,0.0,S05,2005,20052,9,True
SaaS,Winter 2006,1,14.286,W06,2006,20060,7,True
SaaS,Summer 2006,0,0.0,S06,2006,20062,10,True
SaaS,Winter 2007,1,7.692,W07,2007,20070,13,True
SaaS,Summer 2007,0,0.0,S07,2007,20072,19,True
SaaS,Winter 2008,1,4.762,W08,2008,20080,21,True
SaaS,Summer 2008,2,9.091,S08,2008,20082,22,True
SaaS,Winter 2009,0,0.0,W09,2009,20090,16,True
SaaS,Summer 2009,1,3.846,S09,2009,20092,26,True
SaaS,Winter 2010,1,3.704,W10,2010,20100,27,True
SaaS,Summer 2010,0,0.0,S10,2010,20102,36,True
SaaS,Winter 2011,7,15.556,W11,2011,20110,45,True
SaaS,Summer 2011,11,18.333,S11,2011,20112,60,False
SaaS,Winter 2012,6,9.091,W12,2012,20120,66,False
SaaS,Summer 2012,11,13.253,S12,2012,20122,83,False
SaaS,Winter 2013,5,10.87,W13,2013,20130,46,True
SaaS,Summer 2013,4,7.692,S13,2013,20132,52,False
SaaS,Winter 2014,12,16.216,W14,2014,20140,74,False
SaaS,Summer 2014,7,8.974,S14,2014,20142,78,False
SaaS,Winter 2015,13,11.818,W15,2015,20150,110,False
SaaS,Summer 2015,21,20.192,S15,2015,20152,104,False
SaaS,Winter 2016,18,14.754,W16,2016,20160,122,False
SaaS,Summer 2016,7,6.863,S16,2016,20162,102,False
SaaS,Winter 2017,12,10.345,W17,2017,20170,116,False
SaaS,Summer 2017,14,11.2,S17,2017,20172,125,False
SaaS,Winter 2018,20,13.699,W18,2018,20180,146,False
SaaS,Summer 2018,21,16.031,S18,2018,20182,131,False
SaaS,Winter 2019,35,18.041,W19,2019,20190,194,False
SaaS,Summer 2019,33,18.75,S19,2019,20192,176,False
SaaS,Winter 2020,55,24.123,W20,2020,20200,228,False
SaaS,Summer 2020,69,33.014,S20,2020,20202,209,False
SaaS,Winter 2021,94,27.976,W21,2021,20210,336,False
SaaS,Summer 2021,120,30.691,S21,2021,20212,391,False
SaaS,Winter 2022,106,26.633,W22,2022,20220,398,False
SaaS,Summer 2022,68,29.06,S22,2022,20222,234,False
SaaS,Winter 2023,86,31.387,W23,2023,20230,274,False
SaaS,Summer 2023,43,19.545,S23,2023,20232,220,False
SaaS,Winter 2024,31,12.5,W24,2024,20240,248,False
SaaS,Summer 2024,40,16.129,S24,2024,20242,248,False
SaaS,Fall 2024,16,17.021,F24,2024,20243,94,False
SaaS,Winter 2025,26,15.663,W25,2025,20250,166,False
SaaS,Spring 2025,14,9.79,X25,2025,20251,143,False
SaaS,Summer 2025,17,10.241,S25,2025,20252,166,False
SaaS,Fall 2025,11,7.534,F25,2025,20253,146,False
SaaS,Winter 2026,5,2.513,W26,2026,20260,199,False
SaaS,Spring 2026,6,3.077,X26,2026,20261,195,False
SaaS,Summer 2026,24,10.213,S26,2026,20262,235,False
SaaS,Fall 2026,2,5.714,F26,2026,20263,35,True
SaaS,Winter 2027,0,0.0,W27,2027,20270,1,True
Sales,Summer 2005,0,0.0,S05,2005,20052,9,True
Sales,Winter 2006,0,0.0,W06,2006,20060,7,True
Sales,Summer 2006,0,0.0,S06,2006,20062,10,True
Sales,Winter 2007,0,0.0,W07,2007,20070,13,True
Sales,Summer 2007,0,0.0,S07,2007,20072,19,True
Sales,Winter 2008,0,0.0,W08,2008,20080,21,True
Sales,Summer 2008,0,0.0,S08,2008,20082,22,True
Sales,Winter 2009,0,0.0,W09,2009,20090,16,True
Sales,Summer 2009,1,3.846,S09,2009,20092,26,True
Sales,Winter 2010,0,0.0,W10,2010,20100,27,True
Sales,Summer 2010,0,0.0,S10,2010,20102,36,True
Sales,Winter 2011,0,0.0,W11,2011,20110,45,True
Sales,Summer 2011,2,3.333,S11,2011,20112,60,False
Sales,Winter 2012,1,1.515,W12,2012,20120,66,False
Sales,Summer 2012,0,0.0,S12,2012,20122,83,False
Sales,Winter 2013,0,0.0,W13,2013,20130,46,True
Sales,Summer 2013,0,0.0,S13,2013,20132,52,False
Sales,Winter 2014,0,0.0,W14,2014,20140,74,False
Sales,Summer 2014,2,2.564,S14,2014,20142,78,False
Sales,Winter 2015,0,0.0,W15,2015,20150,110,False
Sales,Summer 2015,0,0.0,S15,2015,20152,104,False
Sales,Winter 2016,4,3.279,W16,2016,20160,122,False
Sales,Summer 2016,1,0.98,S16,2016,20162,102,False
Sales,Winter 2017,0,0.0,W17,2017,20170,116,False
Sales,Summer 2017,0,0.0,S17,2017,20172,125,False
Sales,Winter 2018,0,0.0,W18,2018,20180,146,False
Sales,Summer 2018,1,0.763,S18,2018,20182,131,False
Sales,Winter 2019,2,1.031,W19,2019,20190,194,False
Sales,Summer 2019,0,0.0,S19,2019,20192,176,False
Sales,Winter 2020,3,1.316,W20,2020,20200,228,False
Sales,Summer 2020,2,0.957,S20,2020,20202,209,False
Sales,Winter 2021,5,1.488,W21,2021,20210,336,False
Sales,Summer 2021,7,1.79,S21,2021,20212,391,False
Sales,Winter 2022,13,3.266,W22,2022,20220,398,False
Sales,Summer 2022,13,5.556,S22,2022,20222,234,False
Sales,Winter 2023,10,3.65,W23,2023,20230,274,False
Sales,Summer 2023,10,4.545,S23,2023,20232,220,False
Sales,Winter 2024,12,4.839,W24,2024,20240,248,False
Sales,Summer 2024,4,1.613,S24,2024,20242,248,False
Sales,Fall 2024,2,2.128,F24,2024,20243,94,False
Sales,Winter 2025,9,5.422,W25,2025,20250,166,False
Sales,Spring 2025,5,3.497,X25,2025,20251,143,False
Sales,Summer 2025,3,1.807,S25,2025,20252,166,False
Sales,Fall 2025,2,1.37,F25,2025,20253,146,False
Sales,Winter 2026,0,0.0,W26,2026,20260,199,False
Sales,Spring 2026,0,0.0,X26,2026,20261,195,False
Sales,Summer 2026,4,1.702,S26,2026,20262,235,False
Sales,Fall 2026,0,0.0,F26,2026,20263,35,True
Sales,Winter 2027,0,0.0,W27,2027,20270,1,True
Sales Enablement,Summer 2005,0,0.0,S05,2005,20052,9,True
Sales Enablement,Winter 2006,0,0.0,W06,2006,20060,7,True
Sales Enablement,Summer 2006,0,0.0,S06,2006,20062,10,True
Sales Enablement,Winter 2007,0,0.0,W07,2007,20070,13,True
Sales Enablement,Summer 2007,0,0.0,S07,2007,20072,19,True
Sales Enablement,Winter 2008,0,0.0,W08,2008,20080,21,True
Sales Enablement,Summer 2008,0,0.0,S08,2008,20082,22,True
Sales Enablement,Winter 2009,0,0.0,W09,2009,20090,16,True
Sales Enablement,Summer 2009,0,0.0,S09,2009,20092,26,True
Sales Enablement,Winter 2010,0,0.0,W10,2010,20100,27,True
Sales Enablement,Summer 2010,0,0.0,S10,2010,20102,36,True
Sales Enablement,Winter 2011,0,0.0,W11,2011,20110,45,True
Sales Enablement,Summer 2011,0,0.0,S11,2011,20112,60,False
Sales Enablement,Winter 2012,0,0.0,W12,2012,20120,66,False
Sales Enablement,Summer 2012,0,0.0,S12,2012,20122,83,False
Sales Enablement,Winter 2013,0,0.0,W13,2013,20130,46,True
Sales Enablement,Summer 2013,0,0.0,S13,2013,20132,52,False
Sales Enablement,Winter 2014,1,1.351,W14,2014,20140,74,False
Sales Enablement,Summer 2014,0,0.0,S14,2014,20142,78,False
Sales Enablement,Winter 2015,1,0.909,W15,2015,20150,110,False
Sales Enablement,Summer 2015,0,0.0,S15,2015,20152,104,False
Sales Enablement,Winter 2016,0,0.0,W16,2016,20160,122,False
Sales Enablement,Summer 2016,2,1.961,S16,2016,20162,102,False
Sales Enablement,Winter 2017,0,0.0,W17,2017,20170,116,False
Sales Enablement,Summer 2017,0,0.0,S17,2017,20172,125,False
Sales Enablement,Winter 2018,0,0.0,W18,2018,20180,146,False
Sales Enablement,Summer 2018,0,0.0,S18,2018,20182,131,False
Sales Enablement,Winter 2019,1,0.515,W19,2019,20190,194,False
Sales Enablement,Summer 2019,0,0.0,S19,2019,20192,176,False
Sales Enablement,Winter 2020,1,0.439,W20,2020,20200,228,False
Sales Enablement,Summer 2020,1,0.478,S20,2020,20202,209,False
Sales Enablement,Winter 2021,1,0.298,W21,2021,20210,336,False
Sales Enablement,Summer 2021,4,1.023,S21,2021,20212,391,False
Sales Enablement,Winter 2022,5,1.256,W22,2022,20220,398,False
Sales Enablement,Summer 2022,4,1.709,S22,2022,20222,234,False
Sales Enablement,Winter 2023,3,1.095,W23,2023,20230,274,False
Sales Enablement,Summer 2023,2,0.909,S23,2023,20232,220,False
Sales Enablement,Winter 2024,3,1.21,W24,2024,20240,248,False
Sales Enablement,Summer 2024,1,0.403,S24,2024,20242,248,False
Sales Enablement,Fall 2024,0,0.0,F24,2024,20243,94,False
Sales Enablement,Winter 2025,4,2.41,W25,2025,20250,166,False
Sales Enablement,Spring 2025,1,0.699,X25,2025,20251,143,False
Sales Enablement,Summer 2025,2,1.205,S25,2025,20252,166,False
Sales Enablement,Fall 2025,0,0.0,F25,2025,20253,146,False
Sales Enablement,Winter 2026,0,0.0,W26,2026,20260,199,False
Sales Enablement,Spring 2026,1,0.513,X26,2026,20261,195,False
Sales Enablement,Summer 2026,2,0.851,S26,2026,20262,235,False
Sales Enablement,Fall 2026,0,0.0,F26,2026,20263,35,True
Sales Enablement,Winter 2027,0,0.0,W27,2027,20270,1,True
Satellites,Summer 2005,0,0.0,S05,2005,20052,9,True
Satellites,Winter 2006,0,0.0,W06,2006,20060,7,True
Satellites,Summer 2006,0,0.0,S06,2006,20062,10,True
Satellites,Winter 2007,0,0.0,W07,2007,20070,13,True
Satellites,Summer 2007,0,0.0,S07,2007,20072,19,True
Satellites,Winter 2008,0,0.0,W08,2008,20080,21,True
Satellites,Summer 2008,0,0.0,S08,2008,20082,22,True
Satellites,Winter 2009,0,0.0,W09,2009,20090,16,True
Satellites,Summer 2009,0,0.0,S09,2009,20092,26,True
Satellites,Winter 2010,0,0.0,W10,2010,20100,27,True
Satellites,Summer 2010,0,0.0,S10,2010,20102,36,True
Satellites,Winter 2011,0,0.0,W11,2011,20110,45,True
Satellites,Summer 2011,0,0.0,S11,2011,20112,60,False
Satellites,Winter 2012,0,0.0,W12,2012,20120,66,False
Satellites,Summer 2012,0,0.0,S12,2012,20122,83,False
Satellites,Winter 2013,0,0.0,W13,2013,20130,46,True
Satellites,Summer 2013,0,0.0,S13,2013,20132,52,False
Satellites,Winter 2014,0,0.0,W14,2014,20140,74,False
Satellites,Summer 2014,0,0.0,S14,2014,20142,78,False
Satellites,Winter 2015,1,0.909,W15,2015,20150,110,False
Satellites,Summer 2015,0,0.0,S15,2015,20152,104,False
Satellites,Winter 2016,1,0.82,W16,2016,20160,122,False
Satellites,Summer 2016,0,0.0,S16,2016,20162,102,False
Satellites,Winter 2017,0,0.0,W17,2017,20170,116,False
Satellites,Summer 2017,1,0.8,S17,2017,20172,125,False
Satellites,Winter 2018,0,0.0,W18,2018,20180,146,False
Satellites,Summer 2018,0,0.0,S18,2018,20182,131,False
Satellites,Winter 2019,0,0.0,W19,2019,20190,194,False
Satellites,Summer 2019,0,0.0,S19,2019,20192,176,False
Satellites,Winter 2020,1,0.439,W20,2020,20200,228,False
Satellites,Summer 2020,0,0.0,S20,2020,20202,209,False
Satellites,Winter 2021,4,1.19,W21,2021,20210,336,False
Satellites,Summer 2021,1,0.256,S21,2021,20212,391,False
Satellites,Winter 2022,3,0.754,W22,2022,20220,398,False
Satellites,Summer 2022,2,0.855,S22,2022,20222,234,False
Satellites,Winter 2023,1,0.365,W23,2023,20230,274,False
Satellites,Summer 2023,1,0.455,S23,2023,20232,220,False
Satellites,Winter 2024,2,0.806,W24,2024,20240,248,False
Satellites,Summer 2024,1,0.403,S24,2024,20242,248,False
Satellites,Fall 2024,0,0.0,F24,2024,20243,94,False
Satellites,Winter 2025,0,0.0,W25,2025,20250,166,False
Satellites,Spring 2025,0,0.0,X25,2025,20251,143,False
Satellites,Summer 2025,0,0.0,S25,2025,20252,166,False
Satellites,Fall 2025,2,1.37,F25,2025,20253,146,False
Satellites,Winter 2026,0,0.0,W26,2026,20260,199,False
Satellites,Spring 2026,0,0.0,X26,2026,20261,195,False
Satellites,Summer 2026,1,0.426,S26,2026,20262,235,False
Satellites,Fall 2026,1,2.857,F26,2026,20263,35,True
Satellites,Winter 2027,0,0.0,W27,2027,20270,1,True
Scheduling,Summer 2005,0,0.0,S05,2005,20052,9,True
Scheduling,Winter 2006,0,0.0,W06,2006,20060,7,True
Scheduling,Summer 2006,0,0.0,S06,2006,20062,10,True
Scheduling,Winter 2007,0,0.0,W07,2007,20070,13,True
Scheduling,Summer 2007,0,0.0,S07,2007,20072,19,True
Scheduling,Winter 2008,0,0.0,W08,2008,20080,21,True
Scheduling,Summer 2008,0,0.0,S08,2008,20082,22,True
Scheduling,Winter 2009,0,0.0,W09,2009,20090,16,True
Scheduling,Summer 2009,0,0.0,S09,2009,20092,26,True
Scheduling,Winter 2010,0,0.0,W10,2010,20100,27,True
Scheduling,Summer 2010,0,0.0,S10,2010,20102,36,True
Scheduling,Winter 2011,0,0.0,W11,2011,20110,45,True
Scheduling,Summer 2011,0,0.0,S11,2011,20112,60,False
Scheduling,Winter 2012,0,0.0,W12,2012,20120,66,False
Scheduling,Summer 2012,0,0.0,S12,2012,20122,83,False
Scheduling,Winter 2013,0,0.0,W13,2013,20130,46,True
Scheduling,Summer 2013,0,0.0,S13,2013,20132,52,False
Scheduling,Winter 2014,0,0.0,W14,2014,20140,74,False
Scheduling,Summer 2014,0,0.0,S14,2014,20142,78,False
Scheduling,Winter 2015,1,0.909,W15,2015,20150,110,False
Scheduling,Summer 2015,0,0.0,S15,2015,20152,104,False
Scheduling,Winter 2016,1,0.82,W16,2016,20160,122,False
Scheduling,Summer 2016,0,0.0,S16,2016,20162,102,False
Scheduling,Winter 2017,1,0.862,W17,2017,20170,116,False
Scheduling,Summer 2017,1,0.8,S17,2017,20172,125,False
Scheduling,Winter 2018,0,0.0,W18,2018,20180,146,False
Scheduling,Summer 2018,1,0.763,S18,2018,20182,131,False
Scheduling,Winter 2019,1,0.515,W19,2019,20190,194,False
Scheduling,Summer 2019,0,0.0,S19,2019,20192,176,False
Scheduling,Winter 2020,1,0.439,W20,2020,20200,228,False
Scheduling,Summer 2020,1,0.478,S20,2020,20202,209,False
Scheduling,Winter 2021,2,0.595,W21,2021,20210,336,False
Scheduling,Summer 2021,0,0.0,S21,2021,20212,391,False
Scheduling,Winter 2022,0,0.0,W22,2022,20220,398,False
Scheduling,Summer 2022,1,0.427,S22,2022,20222,234,False
Scheduling,Winter 2023,0,0.0,W23,2023,20230,274,False
Scheduling,Summer 2023,0,0.0,S23,2023,20232,220,False
Scheduling,Winter 2024,0,0.0,W24,2024,20240,248,False
Scheduling,Summer 2024,0,0.0,S24,2024,20242,248,False
Scheduling,Fall 2024,0,0.0,F24,2024,20243,94,False
Scheduling,Winter 2025,0,0.0,W25,2025,20250,166,False
Scheduling,Spring 2025,0,0.0,X25,2025,20251,143,False
Scheduling,Summer 2025,0,0.0,S25,2025,20252,166,False
Scheduling,Fall 2025,0,0.0,F25,2025,20253,146,False
Scheduling,Winter 2026,1,0.503,W26,2026,20260,199,False
Scheduling,Spring 2026,0,0.0,X26,2026,20261,195,False
Scheduling,Summer 2026,0,0.0,S26,2026,20262,235,False
Scheduling,Fall 2026,0,0.0,F26,2026,20263,35,True
Scheduling,Winter 2027,0,0.0,W27,2027,20270,1,True
Search,Summer 2005,0,0.0,S05,2005,20052,9,True
Search,Winter 2006,0,0.0,W06,2006,20060,7,True
Search,Summer 2006,0,0.0,S06,2006,20062,10,True
Search,Winter 2007,0,0.0,W07,2007,20070,13,True
Search,Summer 2007,0,0.0,S07,2007,20072,19,True
Search,Winter 2008,0,0.0,W08,2008,20080,21,True
Search,Summer 2008,0,0.0,S08,2008,20082,22,True
Search,Winter 2009,0,0.0,W09,2009,20090,16,True
Search,Summer 2009,0,0.0,S09,2009,20092,26,True
Search,Winter 2010,0,0.0,W10,2010,20100,27,True
Search,Summer 2010,0,0.0,S10,2010,20102,36,True
Search,Winter 2011,0,0.0,W11,2011,20110,45,True
Search,Summer 2011,0,0.0,S11,2011,20112,60,False
Search,Winter 2012,0,0.0,W12,2012,20120,66,False
Search,Summer 2012,0,0.0,S12,2012,20122,83,False
Search,Winter 2013,0,0.0,W13,2013,20130,46,True
Search,Summer 2013,0,0.0,S13,2013,20132,52,False
Search,Winter 2014,0,0.0,W14,2014,20140,74,False
Search,Summer 2014,0,0.0,S14,2014,20142,78,False
Search,Winter 2015,0,0.0,W15,2015,20150,110,False
Search,Summer 2015,0,0.0,S15,2015,20152,104,False
Search,Winter 2016,0,0.0,W16,2016,20160,122,False
Search,Summer 2016,0,0.0,S16,2016,20162,102,False
Search,Winter 2017,0,0.0,W17,2017,20170,116,False
Search,Summer 2017,0,0.0,S17,2017,20172,125,False
Search,Winter 2018,0,0.0,W18,2018,20180,146,False
Search,Summer 2018,0,0.0,S18,2018,20182,131,False
Search,Winter 2019,0,0.0,W19,2019,20190,194,False
Search,Summer 2019,0,0.0,S19,2019,20192,176,False
Search,Winter 2020,0,0.0,W20,2020,20200,228,False
Search,Summer 2020,0,0.0,S20,2020,20202,209,False
Search,Winter 2021,0,0.0,W21,2021,20210,336,False
Search,Summer 2021,1,0.256,S21,2021,20212,391,False
Search,Winter 2022,3,0.754,W22,2022,20220,398,False
Search,Summer 2022,2,0.855,S22,2022,20222,234,False
Search,Winter 2023,0,0.0,W23,2023,20230,274,False
Search,Summer 2023,3,1.364,S23,2023,20232,220,False
Search,Winter 2024,5,2.016,W24,2024,20240,248,False
Search,Summer 2024,1,0.403,S24,2024,20242,248,False
Search,Fall 2024,1,1.064,F24,2024,20243,94,False
Search,Winter 2025,0,0.0,W25,2025,20250,166,False
Search,Spring 2025,0,0.0,X25,2025,20251,143,False
Search,Summer 2025,2,1.205,S25,2025,20252,166,False
Search,Fall 2025,0,0.0,F25,2025,20253,146,False
Search,Winter 2026,0,0.0,W26,2026,20260,199,False
Search,Spring 2026,0,0.0,X26,2026,20261,195,False
Search,Summer 2026,0,0.0,S26,2026,20262,235,False
Search,Fall 2026,0,0.0,F26,2026,20263,35,True
Search,Winter 2027,0,0.0,W27,2027,20270,1,True
Security,Summer 2005,0,0.0,S05,2005,20052,9,True
Security,Winter 2006,0,0.0,W06,2006,20060,7,True
Security,Summer 2006,0,0.0,S06,2006,20062,10,True
Security,Winter 2007,0,0.0,W07,2007,20070,13,True
Security,Summer 2007,0,0.0,S07,2007,20072,19,True
Security,Winter 2008,0,0.0,W08,2008,20080,21,True
Security,Summer 2008,0,0.0,S08,2008,20082,22,True
Security,Winter 2009,0,0.0,W09,2009,20090,16,True
Security,Summer 2009,0,0.0,S09,2009,20092,26,True
Security,Winter 2010,0,0.0,W10,2010,20100,27,True
Security,Summer 2010,1,2.778,S10,2010,20102,36,True
Security,Winter 2011,0,0.0,W11,2011,20110,45,True
Security,Summer 2011,0,0.0,S11,2011,20112,60,False
Security,Winter 2012,3,4.545,W12,2012,20120,66,False
Security,Summer 2012,1,1.205,S12,2012,20122,83,False
Security,Winter 2013,1,2.174,W13,2013,20130,46,True
Security,Summer 2013,0,0.0,S13,2013,20132,52,False
Security,Winter 2014,1,1.351,W14,2014,20140,74,False
Security,Summer 2014,1,1.282,S14,2014,20142,78,False
Security,Winter 2015,3,2.727,W15,2015,20150,110,False
Security,Summer 2015,1,0.962,S15,2015,20152,104,False
Security,Winter 2016,3,2.459,W16,2016,20160,122,False
Security,Summer 2016,0,0.0,S16,2016,20162,102,False
Security,Winter 2017,2,1.724,W17,2017,20170,116,False
Security,Summer 2017,2,1.6,S17,2017,20172,125,False
Security,Winter 2018,5,3.425,W18,2018,20180,146,False
Security,Summer 2018,2,1.527,S18,2018,20182,131,False
Security,Winter 2019,3,1.546,W19,2019,20190,194,False
Security,Summer 2019,1,0.568,S19,2019,20192,176,False
Security,Winter 2020,2,0.877,W20,2020,20200,228,False
Security,Summer 2020,2,0.957,S20,2020,20202,209,False
Security,Winter 2021,5,1.488,W21,2021,20210,336,False
Security,Summer 2021,7,1.79,S21,2021,20212,391,False
Security,Winter 2022,10,2.513,W22,2022,20220,398,False
Security,Summer 2022,4,1.709,S22,2022,20222,234,False
Security,Winter 2023,4,1.46,W23,2023,20230,274,False
Security,Summer 2023,3,1.364,S23,2023,20232,220,False
Security,Winter 2024,6,2.419,W24,2024,20240,248,False
Security,Summer 2024,3,1.21,S24,2024,20242,248,False
Security,Fall 2024,1,1.064,F24,2024,20243,94,False
Security,Winter 2025,0,0.0,W25,2025,20250,166,False
Security,Spring 2025,4,2.797,X25,2025,20251,143,False
Security,Summer 2025,3,1.807,S25,2025,20252,166,False
Security,Fall 2025,2,1.37,F25,2025,20253,146,False
Security,Winter 2026,0,0.0,W26,2026,20260,199,False
Security,Spring 2026,1,0.513,X26,2026,20261,195,False
Security,Summer 2026,6,2.553,S26,2026,20262,235,False
Security,Fall 2026,0,0.0,F26,2026,20263,35,True
Security,Winter 2027,0,0.0,W27,2027,20270,1,True
"Security Orchestration, Automation and Response (SOAR)",Summer 2005,0,0.0,S05,2005,20052,9,True
"Security Orchestration, Automation and Response (SOAR)",Winter 2006,0,0.0,W06,2006,20060,7,True
"Security Orchestration, Automation and Response (SOAR)",Summer 2006,0,0.0,S06,2006,20062,10,True
"Security Orchestration, Automation and Response (SOAR)",Winter 2007,0,0.0,W07,2007,20070,13,True
"Security Orchestration, Automation and Response (SOAR)",Summer 2007,0,0.0,S07,2007,20072,19,True
"Security Orchestration, Automation and Response (SOAR)",Winter 2008,0,0.0,W08,2008,20080,21,True
"Security Orchestration, Automation and Response (SOAR)",Summer 2008,0,0.0,S08,2008,20082,22,True
"Security Orchestration, Automation and Response (SOAR)",Winter 2009,0,0.0,W09,2009,20090,16,True
"Security Orchestration, Automation and Response (SOAR)",Summer 2009,0,0.0,S09,2009,20092,26,True
"Security Orchestration, Automation and Response (SOAR)",Winter 2010,0,0.0,W10,2010,20100,27,True
"Security Orchestration, Automation and Response (SOAR)",Summer 2010,0,0.0,S10,2010,20102,36,True
"Security Orchestration, Automation and Response (SOAR)",Winter 2011,0,0.0,W11,2011,20110,45,True
"Security Orchestration, Automation and Response (SOAR)",Summer 2011,0,0.0,S11,2011,20112,60,False
"Security Orchestration, Automation and Response (SOAR)",Winter 2012,0,0.0,W12,2012,20120,66,False
"Security Orchestration, Automation and Response (SOAR)",Summer 2012,0,0.0,S12,2012,20122,83,False
"Security Orchestration, Automation and Response (SOAR)",Winter 2013,0,0.0,W13,2013,20130,46,True
"Security Orchestration, Automation and Response (SOAR)",Summer 2013,0,0.0,S13,2013,20132,52,False
"Security Orchestration, Automation and Response (SOAR)",Winter 2014,0,0.0,W14,2014,20140,74,False
"Security Orchestration, Automation and Response (SOAR)",Summer 2014,0,0.0,S14,2014,20142,78,False
"Security Orchestration, Automation and Response (SOAR)",Winter 2015,0,0.0,W15,2015,20150,110,False
"Security Orchestration, Automation and Response (SOAR)",Summer 2015,0,0.0,S15,2015,20152,104,False
"Security Orchestration, Automation and Response (SOAR)",Winter 2016,0,0.0,W16,2016,20160,122,False
"Security Orchestration, Automation and Response (SOAR)",Summer 2016,0,0.0,S16,2016,20162,102,False
"Security Orchestration, Automation and Response (SOAR)",Winter 2017,0,0.0,W17,2017,20170,116,False
"Security Orchestration, Automation and Response (SOAR)",Summer 2017,0,0.0,S17,2017,20172,125,False
"Security Orchestration, Automation and Response (SOAR)",Winter 2018,0,0.0,W18,2018,20180,146,False
"Security Orchestration, Automation and Response (SOAR)",Summer 2018,0,0.0,S18,2018,20182,131,False
"Security Orchestration, Automation and Response (SOAR)",Winter 2019,0,0.0,W19,2019,20190,194,False
"Security Orchestration, Automation and Response (SOAR)",Summer 2019,1,0.568,S19,2019,20192,176,False
"Security Orchestration, Automation and Response (SOAR)",Winter 2020,0,0.0,W20,2020,20200,228,False
"Security Orchestration, Automation and Response (SOAR)",Summer 2020,0,0.0,S20,2020,20202,209,False
"Security Orchestration, Automation and Response (SOAR)",Winter 2021,0,0.0,W21,2021,20210,336,False
"Security Orchestration, Automation and Response (SOAR)",Summer 2021,0,0.0,S21,2021,20212,391,False
"Security Orchestration, Automation and Response (SOAR)",Winter 2022,0,0.0,W22,2022,20220,398,False
"Security Orchestration, Automation and Response (SOAR)",Summer 2022,0,0.0,S22,2022,20222,234,False
"Security Orchestration, Automation and Response (SOAR)",Winter 2023,0,0.0,W23,2023,20230,274,False
"Security Orchestration, Automation and Response (SOAR)",Summer 2023,0,0.0,S23,2023,20232,220,False
"Security Orchestration, Automation and Response (SOAR)",Winter 2024,0,0.0,W24,2024,20240,248,False
"Security Orchestration, Automation and Response (SOAR)",Summer 2024,0,0.0,S24,2024,20242,248,False
"Security Orchestration, Automation and Response (SOAR)",Fall 2024,0,0.0,F24,2024,20243,94,False
"Security Orchestration, Automation and Response (SOAR)",Winter 2025,0,0.0,W25,2025,20250,166,False
"Security Orchestration, Automation and Response (SOAR)",Spring 2025,0,0.0,X25,2025,20251,143,False
"Security Orchestration, Automation and Response (SOAR)",Summer 2025,0,0.0,S25,2025,20252,166,False
"Security Orchestration, Automation and Response (SOAR)",Fall 2025,0,0.0,F25,2025,20253,146,False
"Security Orchestration, Automation and Response (SOAR)",Winter 2026,0,0.0,W26,2026,20260,199,False
"Security Orchestration, Automation and Response (SOAR)",Spring 2026,0,0.0,X26,2026,20261,195,False
"Security Orchestration, Automation and Response (SOAR)",Summer 2026,0,0.0,S26,2026,20262,235,False
"Security Orchestration, Automation and Response (SOAR)",Fall 2026,0,0.0,F26,2026,20263,35,True
"Security Orchestration, Automation and Response (SOAR)",Winter 2027,0,0.0,W27,2027,20270,1,True
Self-Driving Vehicles,Summer 2005,0,0.0,S05,2005,20052,9,True
Self-Driving Vehicles,Winter 2006,0,0.0,W06,2006,20060,7,True
Self-Driving Vehicles,Summer 2006,0,0.0,S06,2006,20062,10,True
Self-Driving Vehicles,Winter 2007,0,0.0,W07,2007,20070,13,True
Self-Driving Vehicles,Summer 2007,0,0.0,S07,2007,20072,19,True
Self-Driving Vehicles,Winter 2008,0,0.0,W08,2008,20080,21,True
Self-Driving Vehicles,Summer 2008,0,0.0,S08,2008,20082,22,True
Self-Driving Vehicles,Winter 2009,0,0.0,W09,2009,20090,16,True
Self-Driving Vehicles,Summer 2009,0,0.0,S09,2009,20092,26,True
Self-Driving Vehicles,Winter 2010,0,0.0,W10,2010,20100,27,True
Self-Driving Vehicles,Summer 2010,0,0.0,S10,2010,20102,36,True
Self-Driving Vehicles,Winter 2011,0,0.0,W11,2011,20110,45,True
Self-Driving Vehicles,Summer 2011,0,0.0,S11,2011,20112,60,False
Self-Driving Vehicles,Winter 2012,0,0.0,W12,2012,20120,66,False
Self-Driving Vehicles,Summer 2012,0,0.0,S12,2012,20122,83,False
Self-Driving Vehicles,Winter 2013,0,0.0,W13,2013,20130,46,True
Self-Driving Vehicles,Summer 2013,0,0.0,S13,2013,20132,52,False
Self-Driving Vehicles,Winter 2014,1,1.351,W14,2014,20140,74,False
Self-Driving Vehicles,Summer 2014,0,0.0,S14,2014,20142,78,False
Self-Driving Vehicles,Winter 2015,0,0.0,W15,2015,20150,110,False
Self-Driving Vehicles,Summer 2015,0,0.0,S15,2015,20152,104,False
Self-Driving Vehicles,Winter 2016,1,0.82,W16,2016,20160,122,False
Self-Driving Vehicles,Summer 2016,0,0.0,S16,2016,20162,102,False
Self-Driving Vehicles,Winter 2017,1,0.862,W17,2017,20170,116,False
Self-Driving Vehicles,Summer 2017,0,0.0,S17,2017,20172,125,False
Self-Driving Vehicles,Winter 2018,0,0.0,W18,2018,20180,146,False
Self-Driving Vehicles,Summer 2018,0,0.0,S18,2018,20182,131,False
Self-Driving Vehicles,Winter 2019,0,0.0,W19,2019,20190,194,False
Self-Driving Vehicles,Summer 2019,1,0.568,S19,2019,20192,176,False
Self-Driving Vehicles,Winter 2020,0,0.0,W20,2020,20200,228,False
Self-Driving Vehicles,Summer 2020,0,0.0,S20,2020,20202,209,False
Self-Driving Vehicles,Winter 2021,1,0.298,W21,2021,20210,336,False
Self-Driving Vehicles,Summer 2021,0,0.0,S21,2021,20212,391,False
Self-Driving Vehicles,Winter 2022,0,0.0,W22,2022,20220,398,False
Self-Driving Vehicles,Summer 2022,0,0.0,S22,2022,20222,234,False
Self-Driving Vehicles,Winter 2023,0,0.0,W23,2023,20230,274,False
Self-Driving Vehicles,Summer 2023,0,0.0,S23,2023,20232,220,False
Self-Driving Vehicles,Winter 2024,0,0.0,W24,2024,20240,248,False
Self-Driving Vehicles,Summer 2024,0,0.0,S24,2024,20242,248,False
Self-Driving Vehicles,Fall 2024,0,0.0,F24,2024,20243,94,False
Self-Driving Vehicles,Winter 2025,0,0.0,W25,2025,20250,166,False
Self-Driving Vehicles,Spring 2025,0,0.0,X25,2025,20251,143,False
Self-Driving Vehicles,Summer 2025,0,0.0,S25,2025,20252,166,False
Self-Driving Vehicles,Fall 2025,0,0.0,F25,2025,20253,146,False
Self-Driving Vehicles,Winter 2026,0,0.0,W26,2026,20260,199,False
Self-Driving Vehicles,Spring 2026,0,0.0,X26,2026,20261,195,False
Self-Driving Vehicles,Summer 2026,1,0.426,S26,2026,20262,235,False
Self-Driving Vehicles,Fall 2026,0,0.0,F26,2026,20263,35,True
Self-Driving Vehicles,Winter 2027,0,0.0,W27,2027,20270,1,True
Semiconductors,Summer 2005,0,0.0,S05,2005,20052,9,True
Semiconductors,Winter 2006,0,0.0,W06,2006,20060,7,True
Semiconductors,Summer 2006,0,0.0,S06,2006,20062,10,True
Semiconductors,Winter 2007,0,0.0,W07,2007,20070,13,True
Semiconductors,Summer 2007,0,0.0,S07,2007,20072,19,True
Semiconductors,Winter 2008,0,0.0,W08,2008,20080,21,True
Semiconductors,Summer 2008,0,0.0,S08,2008,20082,22,True
Semiconductors,Winter 2009,0,0.0,W09,2009,20090,16,True
Semiconductors,Summer 2009,0,0.0,S09,2009,20092,26,True
Semiconductors,Winter 2010,0,0.0,W10,2010,20100,27,True
Semiconductors,Summer 2010,0,0.0,S10,2010,20102,36,True
Semiconductors,Winter 2011,0,0.0,W11,2011,20110,45,True
Semiconductors,Summer 2011,0,0.0,S11,2011,20112,60,False
Semiconductors,Winter 2012,0,0.0,W12,2012,20120,66,False
Semiconductors,Summer 2012,0,0.0,S12,2012,20122,83,False
Semiconductors,Winter 2013,0,0.0,W13,2013,20130,46,True
Semiconductors,Summer 2013,0,0.0,S13,2013,20132,52,False
Semiconductors,Winter 2014,0,0.0,W14,2014,20140,74,False
Semiconductors,Summer 2014,0,0.0,S14,2014,20142,78,False
Semiconductors,Winter 2015,0,0.0,W15,2015,20150,110,False
Semiconductors,Summer 2015,0,0.0,S15,2015,20152,104,False
Semiconductors,Winter 2016,0,0.0,W16,2016,20160,122,False
Semiconductors,Summer 2016,0,0.0,S16,2016,20162,102,False
Semiconductors,Winter 2017,0,0.0,W17,2017,20170,116,False
Semiconductors,Summer 2017,0,0.0,S17,2017,20172,125,False
Semiconductors,Winter 2018,0,0.0,W18,2018,20180,146,False
Semiconductors,Summer 2018,0,0.0,S18,2018,20182,131,False
Semiconductors,Winter 2019,0,0.0,W19,2019,20190,194,False
Semiconductors,Summer 2019,0,0.0,S19,2019,20192,176,False
Semiconductors,Winter 2020,0,0.0,W20,2020,20200,228,False
Semiconductors,Summer 2020,1,0.478,S20,2020,20202,209,False
Semiconductors,Winter 2021,0,0.0,W21,2021,20210,336,False
Semiconductors,Summer 2021,0,0.0,S21,2021,20212,391,False
Semiconductors,Winter 2022,0,0.0,W22,2022,20220,398,False
Semiconductors,Summer 2022,0,0.0,S22,2022,20222,234,False
Semiconductors,Winter 2023,0,0.0,W23,2023,20230,274,False
Semiconductors,Summer 2023,2,0.909,S23,2023,20232,220,False
Semiconductors,Winter 2024,1,0.403,W24,2024,20240,248,False
Semiconductors,Summer 2024,4,1.613,S24,2024,20242,248,False
Semiconductors,Fall 2024,0,0.0,F24,2024,20243,94,False
Semiconductors,Winter 2025,1,0.602,W25,2025,20250,166,False
Semiconductors,Spring 2025,1,0.699,X25,2025,20251,143,False
Semiconductors,Summer 2025,0,0.0,S25,2025,20252,166,False
Semiconductors,Fall 2025,0,0.0,F25,2025,20253,146,False
Semiconductors,Winter 2026,1,0.503,W26,2026,20260,199,False
Semiconductors,Spring 2026,1,0.513,X26,2026,20261,195,False
Semiconductors,Summer 2026,7,2.979,S26,2026,20262,235,False
Semiconductors,Fall 2026,1,2.857,F26,2026,20263,35,True
Semiconductors,Winter 2027,0,0.0,W27,2027,20270,1,True
Skincare,Summer 2005,0,0.0,S05,2005,20052,9,True
Skincare,Winter 2006,0,0.0,W06,2006,20060,7,True
Skincare,Summer 2006,0,0.0,S06,2006,20062,10,True
Skincare,Winter 2007,0,0.0,W07,2007,20070,13,True
Skincare,Summer 2007,0,0.0,S07,2007,20072,19,True
Skincare,Winter 2008,0,0.0,W08,2008,20080,21,True
Skincare,Summer 2008,0,0.0,S08,2008,20082,22,True
Skincare,Winter 2009,0,0.0,W09,2009,20090,16,True
Skincare,Summer 2009,0,0.0,S09,2009,20092,26,True
Skincare,Winter 2010,0,0.0,W10,2010,20100,27,True
Skincare,Summer 2010,0,0.0,S10,2010,20102,36,True
Skincare,Winter 2011,0,0.0,W11,2011,20110,45,True
Skincare,Summer 2011,0,0.0,S11,2011,20112,60,False
Skincare,Winter 2012,0,0.0,W12,2012,20120,66,False
Skincare,Summer 2012,0,0.0,S12,2012,20122,83,False
Skincare,Winter 2013,0,0.0,W13,2013,20130,46,True
Skincare,Summer 2013,0,0.0,S13,2013,20132,52,False
Skincare,Winter 2014,0,0.0,W14,2014,20140,74,False
Skincare,Summer 2014,0,0.0,S14,2014,20142,78,False
Skincare,Winter 2015,0,0.0,W15,2015,20150,110,False
Skincare,Summer 2015,0,0.0,S15,2015,20152,104,False
Skincare,Winter 2016,0,0.0,W16,2016,20160,122,False
Skincare,Summer 2016,0,0.0,S16,2016,20162,102,False
Skincare,Winter 2017,0,0.0,W17,2017,20170,116,False
Skincare,Summer 2017,0,0.0,S17,2017,20172,125,False
Skincare,Winter 2018,0,0.0,W18,2018,20180,146,False
Skincare,Summer 2018,0,0.0,S18,2018,20182,131,False
Skincare,Winter 2019,0,0.0,W19,2019,20190,194,False
Skincare,Summer 2019,0,0.0,S19,2019,20192,176,False
Skincare,Winter 2020,0,0.0,W20,2020,20200,228,False
Skincare,Summer 2020,0,0.0,S20,2020,20202,209,False
Skincare,Winter 2021,0,0.0,W21,2021,20210,336,False
Skincare,Summer 2021,0,0.0,S21,2021,20212,391,False
Skincare,Winter 2022,1,0.251,W22,2022,20220,398,False
Skincare,Summer 2022,0,0.0,S22,2022,20222,234,False
Skincare,Winter 2023,0,0.0,W23,2023,20230,274,False
Skincare,Summer 2023,0,0.0,S23,2023,20232,220,False
Skincare,Winter 2024,0,0.0,W24,2024,20240,248,False
Skincare,Summer 2024,0,0.0,S24,2024,20242,248,False
Skincare,Fall 2024,0,0.0,F24,2024,20243,94,False
Skincare,Winter 2025,0,0.0,W25,2025,20250,166,False
Skincare,Spring 2025,0,0.0,X25,2025,20251,143,False
Skincare,Summer 2025,0,0.0,S25,2025,20252,166,False
Skincare,Fall 2025,0,0.0,F25,2025,20253,146,False
Skincare,Winter 2026,0,0.0,W26,2026,20260,199,False
Skincare,Spring 2026,0,0.0,X26,2026,20261,195,False
Skincare,Summer 2026,1,0.426,S26,2026,20262,235,False
Skincare,Fall 2026,0,0.0,F26,2026,20263,35,True
Skincare,Winter 2027,0,0.0,W27,2027,20270,1,True
Sleep Tech,Summer 2005,0,0.0,S05,2005,20052,9,True
Sleep Tech,Winter 2006,0,0.0,W06,2006,20060,7,True
Sleep Tech,Summer 2006,0,0.0,S06,2006,20062,10,True
Sleep Tech,Winter 2007,0,0.0,W07,2007,20070,13,True
Sleep Tech,Summer 2007,0,0.0,S07,2007,20072,19,True
Sleep Tech,Winter 2008,0,0.0,W08,2008,20080,21,True
Sleep Tech,Summer 2008,0,0.0,S08,2008,20082,22,True
Sleep Tech,Winter 2009,0,0.0,W09,2009,20090,16,True
Sleep Tech,Summer 2009,0,0.0,S09,2009,20092,26,True
Sleep Tech,Winter 2010,0,0.0,W10,2010,20100,27,True
Sleep Tech,Summer 2010,0,0.0,S10,2010,20102,36,True
Sleep Tech,Winter 2011,0,0.0,W11,2011,20110,45,True
Sleep Tech,Summer 2011,0,0.0,S11,2011,20112,60,False
Sleep Tech,Winter 2012,0,0.0,W12,2012,20120,66,False
Sleep Tech,Summer 2012,0,0.0,S12,2012,20122,83,False
Sleep Tech,Winter 2013,0,0.0,W13,2013,20130,46,True
Sleep Tech,Summer 2013,0,0.0,S13,2013,20132,52,False
Sleep Tech,Winter 2014,0,0.0,W14,2014,20140,74,False
Sleep Tech,Summer 2014,0,0.0,S14,2014,20142,78,False
Sleep Tech,Winter 2015,2,1.818,W15,2015,20150,110,False
Sleep Tech,Summer 2015,0,0.0,S15,2015,20152,104,False
Sleep Tech,Winter 2016,0,0.0,W16,2016,20160,122,False
Sleep Tech,Summer 2016,0,0.0,S16,2016,20162,102,False
Sleep Tech,Winter 2017,1,0.862,W17,2017,20170,116,False
Sleep Tech,Summer 2017,0,0.0,S17,2017,20172,125,False
Sleep Tech,Winter 2018,2,1.37,W18,2018,20180,146,False
Sleep Tech,Summer 2018,0,0.0,S18,2018,20182,131,False
Sleep Tech,Winter 2019,1,0.515,W19,2019,20190,194,False
Sleep Tech,Summer 2019,0,0.0,S19,2019,20192,176,False
Sleep Tech,Winter 2020,0,0.0,W20,2020,20200,228,False
Sleep Tech,Summer 2020,0,0.0,S20,2020,20202,209,False
Sleep Tech,Winter 2021,1,0.298,W21,2021,20210,336,False
Sleep Tech,Summer 2021,2,0.512,S21,2021,20212,391,False
Sleep Tech,Winter 2022,0,0.0,W22,2022,20220,398,False
Sleep Tech,Summer 2022,0,0.0,S22,2022,20222,234,False
Sleep Tech,Winter 2023,0,0.0,W23,2023,20230,274,False
Sleep Tech,Summer 2023,0,0.0,S23,2023,20232,220,False
Sleep Tech,Winter 2024,0,0.0,W24,2024,20240,248,False
Sleep Tech,Summer 2024,0,0.0,S24,2024,20242,248,False
Sleep Tech,Fall 2024,0,0.0,F24,2024,20243,94,False
Sleep Tech,Winter 2025,0,0.0,W25,2025,20250,166,False
Sleep Tech,Spring 2025,0,0.0,X25,2025,20251,143,False
Sleep Tech,Summer 2025,0,0.0,S25,2025,20252,166,False
Sleep Tech,Fall 2025,0,0.0,F25,2025,20253,146,False
Sleep Tech,Winter 2026,0,0.0,W26,2026,20260,199,False
Sleep Tech,Spring 2026,0,0.0,X26,2026,20261,195,False
Sleep Tech,Summer 2026,0,0.0,S26,2026,20262,235,False
Sleep Tech,Fall 2026,0,0.0,F26,2026,20263,35,True
Sleep Tech,Winter 2027,0,0.0,W27,2027,20270,1,True
Small Modular Reactors,Summer 2005,0,0.0,S05,2005,20052,9,True
Small Modular Reactors,Winter 2006,0,0.0,W06,2006,20060,7,True
Small Modular Reactors,Summer 2006,0,0.0,S06,2006,20062,10,True
Small Modular Reactors,Winter 2007,0,0.0,W07,2007,20070,13,True
Small Modular Reactors,Summer 2007,0,0.0,S07,2007,20072,19,True
Small Modular Reactors,Winter 2008,0,0.0,W08,2008,20080,21,True
Small Modular Reactors,Summer 2008,0,0.0,S08,2008,20082,22,True
Small Modular Reactors,Winter 2009,0,0.0,W09,2009,20090,16,True
Small Modular Reactors,Summer 2009,0,0.0,S09,2009,20092,26,True
Small Modular Reactors,Winter 2010,0,0.0,W10,2010,20100,27,True
Small Modular Reactors,Summer 2010,0,0.0,S10,2010,20102,36,True
Small Modular Reactors,Winter 2011,0,0.0,W11,2011,20110,45,True
Small Modular Reactors,Summer 2011,0,0.0,S11,2011,20112,60,False
Small Modular Reactors,Winter 2012,0,0.0,W12,2012,20120,66,False
Small Modular Reactors,Summer 2012,0,0.0,S12,2012,20122,83,False
Small Modular Reactors,Winter 2013,0,0.0,W13,2013,20130,46,True
Small Modular Reactors,Summer 2013,0,0.0,S13,2013,20132,52,False
Small Modular Reactors,Winter 2014,0,0.0,W14,2014,20140,74,False
Small Modular Reactors,Summer 2014,1,1.282,S14,2014,20142,78,False
Small Modular Reactors,Winter 2015,0,0.0,W15,2015,20150,110,False
Small Modular Reactors,Summer 2015,0,0.0,S15,2015,20152,104,False
Small Modular Reactors,Winter 2016,0,0.0,W16,2016,20160,122,False
Small Modular Reactors,Summer 2016,0,0.0,S16,2016,20162,102,False
Small Modular Reactors,Winter 2017,0,0.0,W17,2017,20170,116,False
Small Modular Reactors,Summer 2017,0,0.0,S17,2017,20172,125,False
Small Modular Reactors,Winter 2018,0,0.0,W18,2018,20180,146,False
Small Modular Reactors,Summer 2018,0,0.0,S18,2018,20182,131,False
Small Modular Reactors,Winter 2019,1,0.515,W19,2019,20190,194,False
Small Modular Reactors,Summer 2019,0,0.0,S19,2019,20192,176,False
Small Modular Reactors,Winter 2020,0,0.0,W20,2020,20200,228,False
Small Modular Reactors,Summer 2020,0,0.0,S20,2020,20202,209,False
Small Modular Reactors,Winter 2021,0,0.0,W21,2021,20210,336,False
Small Modular Reactors,Summer 2021,0,0.0,S21,2021,20212,391,False
Small Modular Reactors,Winter 2022,0,0.0,W22,2022,20220,398,False
Small Modular Reactors,Summer 2022,0,0.0,S22,2022,20222,234,False
Small Modular Reactors,Winter 2023,0,0.0,W23,2023,20230,274,False
Small Modular Reactors,Summer 2023,0,0.0,S23,2023,20232,220,False
Small Modular Reactors,Winter 2024,0,0.0,W24,2024,20240,248,False
Small Modular Reactors,Summer 2024,0,0.0,S24,2024,20242,248,False
Small Modular Reactors,Fall 2024,0,0.0,F24,2024,20243,94,False
Small Modular Reactors,Winter 2025,0,0.0,W25,2025,20250,166,False
Small Modular Reactors,Spring 2025,0,0.0,X25,2025,20251,143,False
Small Modular Reactors,Summer 2025,0,0.0,S25,2025,20252,166,False
Small Modular Reactors,Fall 2025,0,0.0,F25,2025,20253,146,False
Small Modular Reactors,Winter 2026,0,0.0,W26,2026,20260,199,False
Small Modular Reactors,Spring 2026,0,0.0,X26,2026,20261,195,False
Small Modular Reactors,Summer 2026,0,0.0,S26,2026,20262,235,False
Small Modular Reactors,Fall 2026,0,0.0,F26,2026,20263,35,True
Small Modular Reactors,Winter 2027,0,0.0,W27,2027,20270,1,True
Smart Clothing,Summer 2005,0,0.0,S05,2005,20052,9,True
Smart Clothing,Winter 2006,0,0.0,W06,2006,20060,7,True
Smart Clothing,Summer 2006,0,0.0,S06,2006,20062,10,True
Smart Clothing,Winter 2007,0,0.0,W07,2007,20070,13,True
Smart Clothing,Summer 2007,0,0.0,S07,2007,20072,19,True
Smart Clothing,Winter 2008,0,0.0,W08,2008,20080,21,True
Smart Clothing,Summer 2008,0,0.0,S08,2008,20082,22,True
Smart Clothing,Winter 2009,0,0.0,W09,2009,20090,16,True
Smart Clothing,Summer 2009,0,0.0,S09,2009,20092,26,True
Smart Clothing,Winter 2010,0,0.0,W10,2010,20100,27,True
Smart Clothing,Summer 2010,0,0.0,S10,2010,20102,36,True
Smart Clothing,Winter 2011,0,0.0,W11,2011,20110,45,True
Smart Clothing,Summer 2011,0,0.0,S11,2011,20112,60,False
Smart Clothing,Winter 2012,0,0.0,W12,2012,20120,66,False
Smart Clothing,Summer 2012,0,0.0,S12,2012,20122,83,False
Smart Clothing,Winter 2013,0,0.0,W13,2013,20130,46,True
Smart Clothing,Summer 2013,0,0.0,S13,2013,20132,52,False
Smart Clothing,Winter 2014,0,0.0,W14,2014,20140,74,False
Smart Clothing,Summer 2014,0,0.0,S14,2014,20142,78,False
Smart Clothing,Winter 2015,0,0.0,W15,2015,20150,110,False
Smart Clothing,Summer 2015,0,0.0,S15,2015,20152,104,False
Smart Clothing,Winter 2016,1,0.82,W16,2016,20160,122,False
Smart Clothing,Summer 2016,0,0.0,S16,2016,20162,102,False
Smart Clothing,Winter 2017,0,0.0,W17,2017,20170,116,False
Smart Clothing,Summer 2017,1,0.8,S17,2017,20172,125,False
Smart Clothing,Winter 2018,1,0.685,W18,2018,20180,146,False
Smart Clothing,Summer 2018,1,0.763,S18,2018,20182,131,False
Smart Clothing,Winter 2019,0,0.0,W19,2019,20190,194,False
Smart Clothing,Summer 2019,0,0.0,S19,2019,20192,176,False
Smart Clothing,Winter 2020,1,0.439,W20,2020,20200,228,False
Smart Clothing,Summer 2020,0,0.0,S20,2020,20202,209,False
Smart Clothing,Winter 2021,0,0.0,W21,2021,20210,336,False
Smart Clothing,Summer 2021,0,0.0,S21,2021,20212,391,False
Smart Clothing,Winter 2022,0,0.0,W22,2022,20220,398,False
Smart Clothing,Summer 2022,0,0.0,S22,2022,20222,234,False
Smart Clothing,Winter 2023,0,0.0,W23,2023,20230,274,False
Smart Clothing,Summer 2023,0,0.0,S23,2023,20232,220,False
Smart Clothing,Winter 2024,0,0.0,W24,2024,20240,248,False
Smart Clothing,Summer 2024,0,0.0,S24,2024,20242,248,False
Smart Clothing,Fall 2024,0,0.0,F24,2024,20243,94,False
Smart Clothing,Winter 2025,0,0.0,W25,2025,20250,166,False
Smart Clothing,Spring 2025,0,0.0,X25,2025,20251,143,False
Smart Clothing,Summer 2025,0,0.0,S25,2025,20252,166,False
Smart Clothing,Fall 2025,0,0.0,F25,2025,20253,146,False
Smart Clothing,Winter 2026,0,0.0,W26,2026,20260,199,False
Smart Clothing,Spring 2026,0,0.0,X26,2026,20261,195,False
Smart Clothing,Summer 2026,0,0.0,S26,2026,20262,235,False
Smart Clothing,Fall 2026,0,0.0,F26,2026,20263,35,True
Smart Clothing,Winter 2027,0,0.0,W27,2027,20270,1,True
Smart Home Assistants,Summer 2005,0,0.0,S05,2005,20052,9,True
Smart Home Assistants,Winter 2006,0,0.0,W06,2006,20060,7,True
Smart Home Assistants,Summer 2006,0,0.0,S06,2006,20062,10,True
Smart Home Assistants,Winter 2007,0,0.0,W07,2007,20070,13,True
Smart Home Assistants,Summer 2007,0,0.0,S07,2007,20072,19,True
Smart Home Assistants,Winter 2008,0,0.0,W08,2008,20080,21,True
Smart Home Assistants,Summer 2008,0,0.0,S08,2008,20082,22,True
Smart Home Assistants,Winter 2009,0,0.0,W09,2009,20090,16,True
Smart Home Assistants,Summer 2009,0,0.0,S09,2009,20092,26,True
Smart Home Assistants,Winter 2010,0,0.0,W10,2010,20100,27,True
Smart Home Assistants,Summer 2010,0,0.0,S10,2010,20102,36,True
Smart Home Assistants,Winter 2011,0,0.0,W11,2011,20110,45,True
Smart Home Assistants,Summer 2011,0,0.0,S11,2011,20112,60,False
Smart Home Assistants,Winter 2012,0,0.0,W12,2012,20120,66,False
Smart Home Assistants,Summer 2012,0,0.0,S12,2012,20122,83,False
Smart Home Assistants,Winter 2013,0,0.0,W13,2013,20130,46,True
Smart Home Assistants,Summer 2013,0,0.0,S13,2013,20132,52,False
Smart Home Assistants,Winter 2014,1,1.351,W14,2014,20140,74,False
Smart Home Assistants,Summer 2014,0,0.0,S14,2014,20142,78,False
Smart Home Assistants,Winter 2015,0,0.0,W15,2015,20150,110,False
Smart Home Assistants,Summer 2015,0,0.0,S15,2015,20152,104,False
Smart Home Assistants,Winter 2016,0,0.0,W16,2016,20160,122,False
Smart Home Assistants,Summer 2016,1,0.98,S16,2016,20162,102,False
Smart Home Assistants,Winter 2017,1,0.862,W17,2017,20170,116,False
Smart Home Assistants,Summer 2017,0,0.0,S17,2017,20172,125,False
Smart Home Assistants,Winter 2018,1,0.685,W18,2018,20180,146,False
Smart Home Assistants,Summer 2018,1,0.763,S18,2018,20182,131,False
Smart Home Assistants,Winter 2019,1,0.515,W19,2019,20190,194,False
Smart Home Assistants,Summer 2019,0,0.0,S19,2019,20192,176,False
Smart Home Assistants,Winter 2020,0,0.0,W20,2020,20200,228,False
Smart Home Assistants,Summer 2020,0,0.0,S20,2020,20202,209,False
Smart Home Assistants,Winter 2021,0,0.0,W21,2021,20210,336,False
Smart Home Assistants,Summer 2021,0,0.0,S21,2021,20212,391,False
Smart Home Assistants,Winter 2022,0,0.0,W22,2022,20220,398,False
Smart Home Assistants,Summer 2022,0,0.0,S22,2022,20222,234,False
Smart Home Assistants,Winter 2023,0,0.0,W23,2023,20230,274,False
Smart Home Assistants,Summer 2023,0,0.0,S23,2023,20232,220,False
Smart Home Assistants,Winter 2024,0,0.0,W24,2024,20240,248,False
Smart Home Assistants,Summer 2024,0,0.0,S24,2024,20242,248,False
Smart Home Assistants,Fall 2024,0,0.0,F24,2024,20243,94,False
Smart Home Assistants,Winter 2025,0,0.0,W25,2025,20250,166,False
Smart Home Assistants,Spring 2025,0,0.0,X25,2025,20251,143,False
Smart Home Assistants,Summer 2025,0,0.0,S25,2025,20252,166,False
Smart Home Assistants,Fall 2025,1,0.685,F25,2025,20253,146,False
Smart Home Assistants,Winter 2026,0,0.0,W26,2026,20260,199,False
Smart Home Assistants,Spring 2026,0,0.0,X26,2026,20261,195,False
Smart Home Assistants,Summer 2026,0,0.0,S26,2026,20262,235,False
Smart Home Assistants,Fall 2026,0,0.0,F26,2026,20263,35,True
Smart Home Assistants,Winter 2027,0,0.0,W27,2027,20270,1,True
Smart Locks,Summer 2005,0,0.0,S05,2005,20052,9,True
Smart Locks,Winter 2006,0,0.0,W06,2006,20060,7,True
Smart Locks,Summer 2006,0,0.0,S06,2006,20062,10,True
Smart Locks,Winter 2007,0,0.0,W07,2007,20070,13,True
Smart Locks,Summer 2007,0,0.0,S07,2007,20072,19,True
Smart Locks,Winter 2008,0,0.0,W08,2008,20080,21,True
Smart Locks,Summer 2008,0,0.0,S08,2008,20082,22,True
Smart Locks,Winter 2009,0,0.0,W09,2009,20090,16,True
Smart Locks,Summer 2009,0,0.0,S09,2009,20092,26,True
Smart Locks,Winter 2010,0,0.0,W10,2010,20100,27,True
Smart Locks,Summer 2010,0,0.0,S10,2010,20102,36,True
Smart Locks,Winter 2011,0,0.0,W11,2011,20110,45,True
Smart Locks,Summer 2011,0,0.0,S11,2011,20112,60,False
Smart Locks,Winter 2012,0,0.0,W12,2012,20120,66,False
Smart Locks,Summer 2012,0,0.0,S12,2012,20122,83,False
Smart Locks,Winter 2013,0,0.0,W13,2013,20130,46,True
Smart Locks,Summer 2013,0,0.0,S13,2013,20132,52,False
Smart Locks,Winter 2014,0,0.0,W14,2014,20140,74,False
Smart Locks,Summer 2014,0,0.0,S14,2014,20142,78,False
Smart Locks,Winter 2015,0,0.0,W15,2015,20150,110,False
Smart Locks,Summer 2015,1,0.962,S15,2015,20152,104,False
Smart Locks,Winter 2016,0,0.0,W16,2016,20160,122,False
Smart Locks,Summer 2016,0,0.0,S16,2016,20162,102,False
Smart Locks,Winter 2017,0,0.0,W17,2017,20170,116,False
Smart Locks,Summer 2017,0,0.0,S17,2017,20172,125,False
Smart Locks,Winter 2018,0,0.0,W18,2018,20180,146,False
Smart Locks,Summer 2018,0,0.0,S18,2018,20182,131,False
Smart Locks,Winter 2019,0,0.0,W19,2019,20190,194,False
Smart Locks,Summer 2019,0,0.0,S19,2019,20192,176,False
Smart Locks,Winter 2020,0,0.0,W20,2020,20200,228,False
Smart Locks,Summer 2020,0,0.0,S20,2020,20202,209,False
Smart Locks,Winter 2021,0,0.0,W21,2021,20210,336,False
Smart Locks,Summer 2021,0,0.0,S21,2021,20212,391,False
Smart Locks,Winter 2022,0,0.0,W22,2022,20220,398,False
Smart Locks,Summer 2022,0,0.0,S22,2022,20222,234,False
Smart Locks,Winter 2023,0,0.0,W23,2023,20230,274,False
Smart Locks,Summer 2023,0,0.0,S23,2023,20232,220,False
Smart Locks,Winter 2024,0,0.0,W24,2024,20240,248,False
Smart Locks,Summer 2024,0,0.0,S24,2024,20242,248,False
Smart Locks,Fall 2024,0,0.0,F24,2024,20243,94,False
Smart Locks,Winter 2025,0,0.0,W25,2025,20250,166,False
Smart Locks,Spring 2025,0,0.0,X25,2025,20251,143,False
Smart Locks,Summer 2025,0,0.0,S25,2025,20252,166,False
Smart Locks,Fall 2025,0,0.0,F25,2025,20253,146,False
Smart Locks,Winter 2026,0,0.0,W26,2026,20260,199,False
Smart Locks,Spring 2026,0,0.0,X26,2026,20261,195,False
Smart Locks,Summer 2026,0,0.0,S26,2026,20262,235,False
Smart Locks,Fall 2026,0,0.0,F26,2026,20263,35,True
Smart Locks,Winter 2027,0,0.0,W27,2027,20270,1,True
Smart Waste Management,Summer 2005,0,0.0,S05,2005,20052,9,True
Smart Waste Management,Winter 2006,0,0.0,W06,2006,20060,7,True
Smart Waste Management,Summer 2006,0,0.0,S06,2006,20062,10,True
Smart Waste Management,Winter 2007,0,0.0,W07,2007,20070,13,True
Smart Waste Management,Summer 2007,0,0.0,S07,2007,20072,19,True
Smart Waste Management,Winter 2008,0,0.0,W08,2008,20080,21,True
Smart Waste Management,Summer 2008,0,0.0,S08,2008,20082,22,True
Smart Waste Management,Winter 2009,0,0.0,W09,2009,20090,16,True
Smart Waste Management,Summer 2009,0,0.0,S09,2009,20092,26,True
Smart Waste Management,Winter 2010,0,0.0,W10,2010,20100,27,True
Smart Waste Management,Summer 2010,0,0.0,S10,2010,20102,36,True
Smart Waste Management,Winter 2011,0,0.0,W11,2011,20110,45,True
Smart Waste Management,Summer 2011,0,0.0,S11,2011,20112,60,False
Smart Waste Management,Winter 2012,0,0.0,W12,2012,20120,66,False
Smart Waste Management,Summer 2012,0,0.0,S12,2012,20122,83,False
Smart Waste Management,Winter 2013,0,0.0,W13,2013,20130,46,True
Smart Waste Management,Summer 2013,0,0.0,S13,2013,20132,52,False
Smart Waste Management,Winter 2014,0,0.0,W14,2014,20140,74,False
Smart Waste Management,Summer 2014,0,0.0,S14,2014,20142,78,False
Smart Waste Management,Winter 2015,0,0.0,W15,2015,20150,110,False
Smart Waste Management,Summer 2015,0,0.0,S15,2015,20152,104,False
Smart Waste Management,Winter 2016,0,0.0,W16,2016,20160,122,False
Smart Waste Management,Summer 2016,0,0.0,S16,2016,20162,102,False
Smart Waste Management,Winter 2017,0,0.0,W17,2017,20170,116,False
Smart Waste Management,Summer 2017,0,0.0,S17,2017,20172,125,False
Smart Waste Management,Winter 2018,0,0.0,W18,2018,20180,146,False
Smart Waste Management,Summer 2018,0,0.0,S18,2018,20182,131,False
Smart Waste Management,Winter 2019,0,0.0,W19,2019,20190,194,False
Smart Waste Management,Summer 2019,0,0.0,S19,2019,20192,176,False
Smart Waste Management,Winter 2020,0,0.0,W20,2020,20200,228,False
Smart Waste Management,Summer 2020,0,0.0,S20,2020,20202,209,False
Smart Waste Management,Winter 2021,0,0.0,W21,2021,20210,336,False
Smart Waste Management,Summer 2021,0,0.0,S21,2021,20212,391,False
Smart Waste Management,Winter 2022,0,0.0,W22,2022,20220,398,False
Smart Waste Management,Summer 2022,0,0.0,S22,2022,20222,234,False
Smart Waste Management,Winter 2023,0,0.0,W23,2023,20230,274,False
Smart Waste Management,Summer 2023,0,0.0,S23,2023,20232,220,False
Smart Waste Management,Winter 2024,0,0.0,W24,2024,20240,248,False
Smart Waste Management,Summer 2024,0,0.0,S24,2024,20242,248,False
Smart Waste Management,Fall 2024,0,0.0,F24,2024,20243,94,False
Smart Waste Management,Winter 2025,0,0.0,W25,2025,20250,166,False
Smart Waste Management,Spring 2025,0,0.0,X25,2025,20251,143,False
Smart Waste Management,Summer 2025,0,0.0,S25,2025,20252,166,False
Smart Waste Management,Fall 2025,0,0.0,F25,2025,20253,146,False
Smart Waste Management,Winter 2026,0,0.0,W26,2026,20260,199,False
Smart Waste Management,Spring 2026,0,0.0,X26,2026,20261,195,False
Smart Waste Management,Summer 2026,1,0.426,S26,2026,20262,235,False
Smart Waste Management,Fall 2026,0,0.0,F26,2026,20263,35,True
Smart Waste Management,Winter 2027,0,0.0,W27,2027,20270,1,True
Social,Summer 2005,1,11.111,S05,2005,20052,9,True
Social,Winter 2006,0,0.0,W06,2006,20060,7,True
Social,Summer 2006,1,10.0,S06,2006,20062,10,True
Social,Winter 2007,0,0.0,W07,2007,20070,13,True
Social,Summer 2007,0,0.0,S07,2007,20072,19,True
Social,Winter 2008,2,9.524,W08,2008,20080,21,True
Social,Summer 2008,2,9.091,S08,2008,20082,22,True
Social,Winter 2009,0,0.0,W09,2009,20090,16,True
Social,Summer 2009,1,3.846,S09,2009,20092,26,True
Social,Winter 2010,0,0.0,W10,2010,20100,27,True
Social,Summer 2010,2,5.556,S10,2010,20102,36,True
Social,Winter 2011,0,0.0,W11,2011,20110,45,True
Social,Summer 2011,1,1.667,S11,2011,20112,60,False
Social,Winter 2012,5,7.576,W12,2012,20120,66,False
Social,Summer 2012,4,4.819,S12,2012,20122,83,False
Social,Winter 2013,0,0.0,W13,2013,20130,46,True
Social,Summer 2013,1,1.923,S13,2013,20132,52,False
Social,Winter 2014,0,0.0,W14,2014,20140,74,False
Social,Summer 2014,0,0.0,S14,2014,20142,78,False
Social,Winter 2015,3,2.727,W15,2015,20150,110,False
Social,Summer 2015,0,0.0,S15,2015,20152,104,False
Social,Winter 2016,1,0.82,W16,2016,20160,122,False
Social,Summer 2016,1,0.98,S16,2016,20162,102,False
Social,Winter 2017,1,0.862,W17,2017,20170,116,False
Social,Summer 2017,4,3.2,S17,2017,20172,125,False
Social,Winter 2018,4,2.74,W18,2018,20180,146,False
Social,Summer 2018,2,1.527,S18,2018,20182,131,False
Social,Winter 2019,3,1.546,W19,2019,20190,194,False
Social,Summer 2019,1,0.568,S19,2019,20192,176,False
Social,Winter 2020,7,3.07,W20,2020,20200,228,False
Social,Summer 2020,6,2.871,S20,2020,20202,209,False
Social,Winter 2021,2,0.595,W21,2021,20210,336,False
Social,Summer 2021,1,0.256,S21,2021,20212,391,False
Social,Winter 2022,6,1.508,W22,2022,20220,398,False
Social,Summer 2022,2,0.855,S22,2022,20222,234,False
Social,Winter 2023,1,0.365,W23,2023,20230,274,False
Social,Summer 2023,0,0.0,S23,2023,20232,220,False
Social,Winter 2024,1,0.403,W24,2024,20240,248,False
Social,Summer 2024,0,0.0,S24,2024,20242,248,False
Social,Fall 2024,0,0.0,F24,2024,20243,94,False
Social,Winter 2025,2,1.205,W25,2025,20250,166,False
Social,Spring 2025,2,1.399,X25,2025,20251,143,False
Social,Summer 2025,0,0.0,S25,2025,20252,166,False
Social,Fall 2025,2,1.37,F25,2025,20253,146,False
Social,Winter 2026,0,0.0,W26,2026,20260,199,False
Social,Spring 2026,2,1.026,X26,2026,20261,195,False
Social,Summer 2026,0,0.0,S26,2026,20262,235,False
Social,Fall 2026,1,2.857,F26,2026,20263,35,True
Social,Winter 2027,0,0.0,W27,2027,20270,1,True
Social Media,Summer 2005,1,11.111,S05,2005,20052,9,True
Social Media,Winter 2006,0,0.0,W06,2006,20060,7,True
Social Media,Summer 2006,0,0.0,S06,2006,20062,10,True
Social Media,Winter 2007,1,7.692,W07,2007,20070,13,True
Social Media,Summer 2007,0,0.0,S07,2007,20072,19,True
Social Media,Winter 2008,0,0.0,W08,2008,20080,21,True
Social Media,Summer 2008,0,0.0,S08,2008,20082,22,True
Social Media,Winter 2009,0,0.0,W09,2009,20090,16,True
Social Media,Summer 2009,0,0.0,S09,2009,20092,26,True
Social Media,Winter 2010,0,0.0,W10,2010,20100,27,True
Social Media,Summer 2010,0,0.0,S10,2010,20102,36,True
Social Media,Winter 2011,0,0.0,W11,2011,20110,45,True
Social Media,Summer 2011,0,0.0,S11,2011,20112,60,False
Social Media,Winter 2012,1,1.515,W12,2012,20120,66,False
Social Media,Summer 2012,1,1.205,S12,2012,20122,83,False
Social Media,Winter 2013,1,2.174,W13,2013,20130,46,True
Social Media,Summer 2013,0,0.0,S13,2013,20132,52,False
Social Media,Winter 2014,0,0.0,W14,2014,20140,74,False
Social Media,Summer 2014,1,1.282,S14,2014,20142,78,False
Social Media,Winter 2015,1,0.909,W15,2015,20150,110,False
Social Media,Summer 2015,0,0.0,S15,2015,20152,104,False
Social Media,Winter 2016,2,1.639,W16,2016,20160,122,False
Social Media,Summer 2016,2,1.961,S16,2016,20162,102,False
Social Media,Winter 2017,1,0.862,W17,2017,20170,116,False
Social Media,Summer 2017,3,2.4,S17,2017,20172,125,False
Social Media,Winter 2018,0,0.0,W18,2018,20180,146,False
Social Media,Summer 2018,0,0.0,S18,2018,20182,131,False
Social Media,Winter 2019,0,0.0,W19,2019,20190,194,False
Social Media,Summer 2019,1,0.568,S19,2019,20192,176,False
Social Media,Winter 2020,0,0.0,W20,2020,20200,228,False
Social Media,Summer 2020,0,0.0,S20,2020,20202,209,False
Social Media,Winter 2021,3,0.893,W21,2021,20210,336,False
Social Media,Summer 2021,0,0.0,S21,2021,20212,391,False
Social Media,Winter 2022,0,0.0,W22,2022,20220,398,False
Social Media,Summer 2022,0,0.0,S22,2022,20222,234,False
Social Media,Winter 2023,1,0.365,W23,2023,20230,274,False
Social Media,Summer 2023,0,0.0,S23,2023,20232,220,False
Social Media,Winter 2024,3,1.21,W24,2024,20240,248,False
Social Media,Summer 2024,4,1.613,S24,2024,20242,248,False
Social Media,Fall 2024,3,3.191,F24,2024,20243,94,False
Social Media,Winter 2025,0,0.0,W25,2025,20250,166,False
Social Media,Spring 2025,1,0.699,X25,2025,20251,143,False
Social Media,Summer 2025,0,0.0,S25,2025,20252,166,False
Social Media,Fall 2025,3,2.055,F25,2025,20253,146,False
Social Media,Winter 2026,0,0.0,W26,2026,20260,199,False
Social Media,Spring 2026,0,0.0,X26,2026,20261,195,False
Social Media,Summer 2026,0,0.0,S26,2026,20262,235,False
Social Media,Fall 2026,0,0.0,F26,2026,20263,35,True
Social Media,Winter 2027,0,0.0,W27,2027,20270,1,True
Social Network,Summer 2005,1,11.111,S05,2005,20052,9,True
Social Network,Winter 2006,0,0.0,W06,2006,20060,7,True
Social Network,Summer 2006,1,10.0,S06,2006,20062,10,True
Social Network,Winter 2007,1,7.692,W07,2007,20070,13,True
Social Network,Summer 2007,0,0.0,S07,2007,20072,19,True
Social Network,Winter 2008,0,0.0,W08,2008,20080,21,True
Social Network,Summer 2008,0,0.0,S08,2008,20082,22,True
Social Network,Winter 2009,0,0.0,W09,2009,20090,16,True
Social Network,Summer 2009,0,0.0,S09,2009,20092,26,True
Social Network,Winter 2010,0,0.0,W10,2010,20100,27,True
Social Network,Summer 2010,1,2.778,S10,2010,20102,36,True
Social Network,Winter 2011,0,0.0,W11,2011,20110,45,True
Social Network,Summer 2011,1,1.667,S11,2011,20112,60,False
Social Network,Winter 2012,1,1.515,W12,2012,20120,66,False
Social Network,Summer 2012,2,2.41,S12,2012,20122,83,False
Social Network,Winter 2013,0,0.0,W13,2013,20130,46,True
Social Network,Summer 2013,0,0.0,S13,2013,20132,52,False
Social Network,Winter 2014,0,0.0,W14,2014,20140,74,False
Social Network,Summer 2014,0,0.0,S14,2014,20142,78,False
Social Network,Winter 2015,0,0.0,W15,2015,20150,110,False
Social Network,Summer 2015,0,0.0,S15,2015,20152,104,False
Social Network,Winter 2016,0,0.0,W16,2016,20160,122,False
Social Network,Summer 2016,0,0.0,S16,2016,20162,102,False
Social Network,Winter 2017,1,0.862,W17,2017,20170,116,False
Social Network,Summer 2017,1,0.8,S17,2017,20172,125,False
Social Network,Winter 2018,0,0.0,W18,2018,20180,146,False
Social Network,Summer 2018,0,0.0,S18,2018,20182,131,False
Social Network,Winter 2019,1,0.515,W19,2019,20190,194,False
Social Network,Summer 2019,2,1.136,S19,2019,20192,176,False
Social Network,Winter 2020,1,0.439,W20,2020,20200,228,False
Social Network,Summer 2020,1,0.478,S20,2020,20202,209,False
Social Network,Winter 2021,1,0.298,W21,2021,20210,336,False
Social Network,Summer 2021,1,0.256,S21,2021,20212,391,False
Social Network,Winter 2022,0,0.0,W22,2022,20220,398,False
Social Network,Summer 2022,0,0.0,S22,2022,20222,234,False
Social Network,Winter 2023,0,0.0,W23,2023,20230,274,False
Social Network,Summer 2023,0,0.0,S23,2023,20232,220,False
Social Network,Winter 2024,3,1.21,W24,2024,20240,248,False
Social Network,Summer 2024,0,0.0,S24,2024,20242,248,False
Social Network,Fall 2024,0,0.0,F24,2024,20243,94,False
Social Network,Winter 2025,0,0.0,W25,2025,20250,166,False
Social Network,Spring 2025,1,0.699,X25,2025,20251,143,False
Social Network,Summer 2025,0,0.0,S25,2025,20252,166,False
Social Network,Fall 2025,1,0.685,F25,2025,20253,146,False
Social Network,Winter 2026,0,0.0,W26,2026,20260,199,False
Social Network,Spring 2026,0,0.0,X26,2026,20261,195,False
Social Network,Summer 2026,0,0.0,S26,2026,20262,235,False
Social Network,Fall 2026,0,0.0,F26,2026,20263,35,True
Social Network,Winter 2027,0,0.0,W27,2027,20270,1,True
Solar Power,Summer 2005,0,0.0,S05,2005,20052,9,True
Solar Power,Winter 2006,0,0.0,W06,2006,20060,7,True
Solar Power,Summer 2006,0,0.0,S06,2006,20062,10,True
Solar Power,Winter 2007,0,0.0,W07,2007,20070,13,True
Solar Power,Summer 2007,0,0.0,S07,2007,20072,19,True
Solar Power,Winter 2008,0,0.0,W08,2008,20080,21,True
Solar Power,Summer 2008,0,0.0,S08,2008,20082,22,True
Solar Power,Winter 2009,0,0.0,W09,2009,20090,16,True
Solar Power,Summer 2009,0,0.0,S09,2009,20092,26,True
Solar Power,Winter 2010,0,0.0,W10,2010,20100,27,True
Solar Power,Summer 2010,0,0.0,S10,2010,20102,36,True
Solar Power,Winter 2011,0,0.0,W11,2011,20110,45,True
Solar Power,Summer 2011,0,0.0,S11,2011,20112,60,False
Solar Power,Winter 2012,0,0.0,W12,2012,20120,66,False
Solar Power,Summer 2012,0,0.0,S12,2012,20122,83,False
Solar Power,Winter 2013,0,0.0,W13,2013,20130,46,True
Solar Power,Summer 2013,0,0.0,S13,2013,20132,52,False
Solar Power,Winter 2014,0,0.0,W14,2014,20140,74,False
Solar Power,Summer 2014,0,0.0,S14,2014,20142,78,False
Solar Power,Winter 2015,1,0.909,W15,2015,20150,110,False
Solar Power,Summer 2015,2,1.923,S15,2015,20152,104,False
Solar Power,Winter 2016,0,0.0,W16,2016,20160,122,False
Solar Power,Summer 2016,1,0.98,S16,2016,20162,102,False
Solar Power,Winter 2017,0,0.0,W17,2017,20170,116,False
Solar Power,Summer 2017,1,0.8,S17,2017,20172,125,False
Solar Power,Winter 2018,0,0.0,W18,2018,20180,146,False
Solar Power,Summer 2018,1,0.763,S18,2018,20182,131,False
Solar Power,Winter 2019,0,0.0,W19,2019,20190,194,False
Solar Power,Summer 2019,0,0.0,S19,2019,20192,176,False
Solar Power,Winter 2020,0,0.0,W20,2020,20200,228,False
Solar Power,Summer 2020,0,0.0,S20,2020,20202,209,False
Solar Power,Winter 2021,0,0.0,W21,2021,20210,336,False
Solar Power,Summer 2021,2,0.512,S21,2021,20212,391,False
Solar Power,Winter 2022,3,0.754,W22,2022,20220,398,False
Solar Power,Summer 2022,2,0.855,S22,2022,20222,234,False
Solar Power,Winter 2023,2,0.73,W23,2023,20230,274,False
Solar Power,Summer 2023,0,0.0,S23,2023,20232,220,False
Solar Power,Winter 2024,1,0.403,W24,2024,20240,248,False
Solar Power,Summer 2024,1,0.403,S24,2024,20242,248,False
Solar Power,Fall 2024,0,0.0,F24,2024,20243,94,False
Solar Power,Winter 2025,1,0.602,W25,2025,20250,166,False
Solar Power,Spring 2025,0,0.0,X25,2025,20251,143,False
Solar Power,Summer 2025,0,0.0,S25,2025,20252,166,False
Solar Power,Fall 2025,0,0.0,F25,2025,20253,146,False
Solar Power,Winter 2026,1,0.503,W26,2026,20260,199,False
Solar Power,Spring 2026,0,0.0,X26,2026,20261,195,False
Solar Power,Summer 2026,0,0.0,S26,2026,20262,235,False
Solar Power,Fall 2026,0,0.0,F26,2026,20263,35,True
Solar Power,Winter 2027,0,0.0,W27,2027,20270,1,True
Space Exploration,Summer 2005,0,0.0,S05,2005,20052,9,True
Space Exploration,Winter 2006,0,0.0,W06,2006,20060,7,True
Space Exploration,Summer 2006,0,0.0,S06,2006,20062,10,True
Space Exploration,Winter 2007,0,0.0,W07,2007,20070,13,True
Space Exploration,Summer 2007,0,0.0,S07,2007,20072,19,True
Space Exploration,Winter 2008,0,0.0,W08,2008,20080,21,True
Space Exploration,Summer 2008,0,0.0,S08,2008,20082,22,True
Space Exploration,Winter 2009,0,0.0,W09,2009,20090,16,True
Space Exploration,Summer 2009,0,0.0,S09,2009,20092,26,True
Space Exploration,Winter 2010,0,0.0,W10,2010,20100,27,True
Space Exploration,Summer 2010,0,0.0,S10,2010,20102,36,True
Space Exploration,Winter 2011,0,0.0,W11,2011,20110,45,True
Space Exploration,Summer 2011,0,0.0,S11,2011,20112,60,False
Space Exploration,Winter 2012,0,0.0,W12,2012,20120,66,False
Space Exploration,Summer 2012,0,0.0,S12,2012,20122,83,False
Space Exploration,Winter 2013,0,0.0,W13,2013,20130,46,True
Space Exploration,Summer 2013,0,0.0,S13,2013,20132,52,False
Space Exploration,Winter 2014,0,0.0,W14,2014,20140,74,False
Space Exploration,Summer 2014,0,0.0,S14,2014,20142,78,False
Space Exploration,Winter 2015,1,0.909,W15,2015,20150,110,False
Space Exploration,Summer 2015,0,0.0,S15,2015,20152,104,False
Space Exploration,Winter 2016,2,1.639,W16,2016,20160,122,False
Space Exploration,Summer 2016,0,0.0,S16,2016,20162,102,False
Space Exploration,Winter 2017,0,0.0,W17,2017,20170,116,False
Space Exploration,Summer 2017,1,0.8,S17,2017,20172,125,False
Space Exploration,Winter 2018,0,0.0,W18,2018,20180,146,False
Space Exploration,Summer 2018,1,0.763,S18,2018,20182,131,False
Space Exploration,Winter 2019,1,0.515,W19,2019,20190,194,False
Space Exploration,Summer 2019,1,0.568,S19,2019,20192,176,False
Space Exploration,Winter 2020,0,0.0,W20,2020,20200,228,False
Space Exploration,Summer 2020,0,0.0,S20,2020,20202,209,False
Space Exploration,Winter 2021,2,0.595,W21,2021,20210,336,False
Space Exploration,Summer 2021,4,1.023,S21,2021,20212,391,False
Space Exploration,Winter 2022,1,0.251,W22,2022,20220,398,False
Space Exploration,Summer 2022,1,0.427,S22,2022,20222,234,False
Space Exploration,Winter 2023,0,0.0,W23,2023,20230,274,False
Space Exploration,Summer 2023,0,0.0,S23,2023,20232,220,False
Space Exploration,Winter 2024,0,0.0,W24,2024,20240,248,False
Space Exploration,Summer 2024,1,0.403,S24,2024,20242,248,False
Space Exploration,Fall 2024,0,0.0,F24,2024,20243,94,False
Space Exploration,Winter 2025,1,0.602,W25,2025,20250,166,False
Space Exploration,Spring 2025,0,0.0,X25,2025,20251,143,False
Space Exploration,Summer 2025,0,0.0,S25,2025,20252,166,False
Space Exploration,Fall 2025,0,0.0,F25,2025,20253,146,False
Space Exploration,Winter 2026,0,0.0,W26,2026,20260,199,False
Space Exploration,Spring 2026,0,0.0,X26,2026,20261,195,False
Space Exploration,Summer 2026,2,0.851,S26,2026,20262,235,False
Space Exploration,Fall 2026,1,2.857,F26,2026,20263,35,True
Space Exploration,Winter 2027,0,0.0,W27,2027,20270,1,True
Speech Recognition,Summer 2005,0,0.0,S05,2005,20052,9,True
Speech Recognition,Winter 2006,0,0.0,W06,2006,20060,7,True
Speech Recognition,Summer 2006,0,0.0,S06,2006,20062,10,True
Speech Recognition,Winter 2007,0,0.0,W07,2007,20070,13,True
Speech Recognition,Summer 2007,0,0.0,S07,2007,20072,19,True
Speech Recognition,Winter 2008,0,0.0,W08,2008,20080,21,True
Speech Recognition,Summer 2008,0,0.0,S08,2008,20082,22,True
Speech Recognition,Winter 2009,0,0.0,W09,2009,20090,16,True
Speech Recognition,Summer 2009,0,0.0,S09,2009,20092,26,True
Speech Recognition,Winter 2010,0,0.0,W10,2010,20100,27,True
Speech Recognition,Summer 2010,0,0.0,S10,2010,20102,36,True
Speech Recognition,Winter 2011,0,0.0,W11,2011,20110,45,True
Speech Recognition,Summer 2011,0,0.0,S11,2011,20112,60,False
Speech Recognition,Winter 2012,0,0.0,W12,2012,20120,66,False
Speech Recognition,Summer 2012,0,0.0,S12,2012,20122,83,False
Speech Recognition,Winter 2013,0,0.0,W13,2013,20130,46,True
Speech Recognition,Summer 2013,0,0.0,S13,2013,20132,52,False
Speech Recognition,Winter 2014,0,0.0,W14,2014,20140,74,False
Speech Recognition,Summer 2014,0,0.0,S14,2014,20142,78,False
Speech Recognition,Winter 2015,0,0.0,W15,2015,20150,110,False
Speech Recognition,Summer 2015,0,0.0,S15,2015,20152,104,False
Speech Recognition,Winter 2016,0,0.0,W16,2016,20160,122,False
Speech Recognition,Summer 2016,0,0.0,S16,2016,20162,102,False
Speech Recognition,Winter 2017,0,0.0,W17,2017,20170,116,False
Speech Recognition,Summer 2017,1,0.8,S17,2017,20172,125,False
Speech Recognition,Winter 2018,0,0.0,W18,2018,20180,146,False
Speech Recognition,Summer 2018,0,0.0,S18,2018,20182,131,False
Speech Recognition,Winter 2019,0,0.0,W19,2019,20190,194,False
Speech Recognition,Summer 2019,0,0.0,S19,2019,20192,176,False
Speech Recognition,Winter 2020,0,0.0,W20,2020,20200,228,False
Speech Recognition,Summer 2020,0,0.0,S20,2020,20202,209,False
Speech Recognition,Winter 2021,0,0.0,W21,2021,20210,336,False
Speech Recognition,Summer 2021,1,0.256,S21,2021,20212,391,False
Speech Recognition,Winter 2022,2,0.503,W22,2022,20220,398,False
Speech Recognition,Summer 2022,0,0.0,S22,2022,20222,234,False
Speech Recognition,Winter 2023,0,0.0,W23,2023,20230,274,False
Speech Recognition,Summer 2023,0,0.0,S23,2023,20232,220,False
Speech Recognition,Winter 2024,1,0.403,W24,2024,20240,248,False
Speech Recognition,Summer 2024,0,0.0,S24,2024,20242,248,False
Speech Recognition,Fall 2024,0,0.0,F24,2024,20243,94,False
Speech Recognition,Winter 2025,0,0.0,W25,2025,20250,166,False
Speech Recognition,Spring 2025,0,0.0,X25,2025,20251,143,False
Speech Recognition,Summer 2025,1,0.602,S25,2025,20252,166,False
Speech Recognition,Fall 2025,0,0.0,F25,2025,20253,146,False
Speech Recognition,Winter 2026,0,0.0,W26,2026,20260,199,False
Speech Recognition,Spring 2026,0,0.0,X26,2026,20261,195,False
Speech Recognition,Summer 2026,0,0.0,S26,2026,20262,235,False
Speech Recognition,Fall 2026,0,0.0,F26,2026,20263,35,True
Speech Recognition,Winter 2027,0,0.0,W27,2027,20270,1,True
Sports Tech,Summer 2005,0,0.0,S05,2005,20052,9,True
Sports Tech,Winter 2006,0,0.0,W06,2006,20060,7,True
Sports Tech,Summer 2006,0,0.0,S06,2006,20062,10,True
Sports Tech,Winter 2007,0,0.0,W07,2007,20070,13,True
Sports Tech,Summer 2007,0,0.0,S07,2007,20072,19,True
Sports Tech,Winter 2008,0,0.0,W08,2008,20080,21,True
Sports Tech,Summer 2008,0,0.0,S08,2008,20082,22,True
Sports Tech,Winter 2009,0,0.0,W09,2009,20090,16,True
Sports Tech,Summer 2009,0,0.0,S09,2009,20092,26,True
Sports Tech,Winter 2010,0,0.0,W10,2010,20100,27,True
Sports Tech,Summer 2010,0,0.0,S10,2010,20102,36,True
Sports Tech,Winter 2011,0,0.0,W11,2011,20110,45,True
Sports Tech,Summer 2011,0,0.0,S11,2011,20112,60,False
Sports Tech,Winter 2012,0,0.0,W12,2012,20120,66,False
Sports Tech,Summer 2012,0,0.0,S12,2012,20122,83,False
Sports Tech,Winter 2013,0,0.0,W13,2013,20130,46,True
Sports Tech,Summer 2013,0,0.0,S13,2013,20132,52,False
Sports Tech,Winter 2014,0,0.0,W14,2014,20140,74,False
Sports Tech,Summer 2014,0,0.0,S14,2014,20142,78,False
Sports Tech,Winter 2015,0,0.0,W15,2015,20150,110,False
Sports Tech,Summer 2015,0,0.0,S15,2015,20152,104,False
Sports Tech,Winter 2016,2,1.639,W16,2016,20160,122,False
Sports Tech,Summer 2016,1,0.98,S16,2016,20162,102,False
Sports Tech,Winter 2017,2,1.724,W17,2017,20170,116,False
Sports Tech,Summer 2017,0,0.0,S17,2017,20172,125,False
Sports Tech,Winter 2018,2,1.37,W18,2018,20180,146,False
Sports Tech,Summer 2018,0,0.0,S18,2018,20182,131,False
Sports Tech,Winter 2019,1,0.515,W19,2019,20190,194,False
Sports Tech,Summer 2019,0,0.0,S19,2019,20192,176,False
Sports Tech,Winter 2020,1,0.439,W20,2020,20200,228,False
Sports Tech,Summer 2020,1,0.478,S20,2020,20202,209,False
Sports Tech,Winter 2021,2,0.595,W21,2021,20210,336,False
Sports Tech,Summer 2021,0,0.0,S21,2021,20212,391,False
Sports Tech,Winter 2022,0,0.0,W22,2022,20220,398,False
Sports Tech,Summer 2022,2,0.855,S22,2022,20222,234,False
Sports Tech,Winter 2023,0,0.0,W23,2023,20230,274,False
Sports Tech,Summer 2023,0,0.0,S23,2023,20232,220,False
Sports Tech,Winter 2024,1,0.403,W24,2024,20240,248,False
Sports Tech,Summer 2024,0,0.0,S24,2024,20242,248,False
Sports Tech,Fall 2024,0,0.0,F24,2024,20243,94,False
Sports Tech,Winter 2025,1,0.602,W25,2025,20250,166,False
Sports Tech,Spring 2025,0,0.0,X25,2025,20251,143,False
Sports Tech,Summer 2025,0,0.0,S25,2025,20252,166,False
Sports Tech,Fall 2025,2,1.37,F25,2025,20253,146,False
Sports Tech,Winter 2026,0,0.0,W26,2026,20260,199,False
Sports Tech,Spring 2026,0,0.0,X26,2026,20261,195,False
Sports Tech,Summer 2026,0,0.0,S26,2026,20262,235,False
Sports Tech,Fall 2026,0,0.0,F26,2026,20263,35,True
Sports Tech,Winter 2027,0,0.0,W27,2027,20270,1,True
Stocks,Summer 2005,0,0.0,S05,2005,20052,9,True
Stocks,Winter 2006,0,0.0,W06,2006,20060,7,True
Stocks,Summer 2006,0,0.0,S06,2006,20062,10,True
Stocks,Winter 2007,0,0.0,W07,2007,20070,13,True
Stocks,Summer 2007,1,5.263,S07,2007,20072,19,True
Stocks,Winter 2008,0,0.0,W08,2008,20080,21,True
Stocks,Summer 2008,0,0.0,S08,2008,20082,22,True
Stocks,Winter 2009,0,0.0,W09,2009,20090,16,True
Stocks,Summer 2009,0,0.0,S09,2009,20092,26,True
Stocks,Winter 2010,0,0.0,W10,2010,20100,27,True
Stocks,Summer 2010,0,0.0,S10,2010,20102,36,True
Stocks,Winter 2011,0,0.0,W11,2011,20110,45,True
Stocks,Summer 2011,0,0.0,S11,2011,20112,60,False
Stocks,Winter 2012,0,0.0,W12,2012,20120,66,False
Stocks,Summer 2012,0,0.0,S12,2012,20122,83,False
Stocks,Winter 2013,0,0.0,W13,2013,20130,46,True
Stocks,Summer 2013,0,0.0,S13,2013,20132,52,False
Stocks,Winter 2014,0,0.0,W14,2014,20140,74,False
Stocks,Summer 2014,0,0.0,S14,2014,20142,78,False
Stocks,Winter 2015,1,0.909,W15,2015,20150,110,False
Stocks,Summer 2015,0,0.0,S15,2015,20152,104,False
Stocks,Winter 2016,0,0.0,W16,2016,20160,122,False
Stocks,Summer 2016,0,0.0,S16,2016,20162,102,False
Stocks,Winter 2017,0,0.0,W17,2017,20170,116,False
Stocks,Summer 2017,0,0.0,S17,2017,20172,125,False
Stocks,Winter 2018,0,0.0,W18,2018,20180,146,False
Stocks,Summer 2018,0,0.0,S18,2018,20182,131,False
Stocks,Winter 2019,0,0.0,W19,2019,20190,194,False
Stocks,Summer 2019,0,0.0,S19,2019,20192,176,False
Stocks,Winter 2020,0,0.0,W20,2020,20200,228,False
Stocks,Summer 2020,0,0.0,S20,2020,20202,209,False
Stocks,Winter 2021,0,0.0,W21,2021,20210,336,False
Stocks,Summer 2021,2,0.512,S21,2021,20212,391,False
Stocks,Winter 2022,0,0.0,W22,2022,20220,398,False
Stocks,Summer 2022,0,0.0,S22,2022,20222,234,False
Stocks,Winter 2023,0,0.0,W23,2023,20230,274,False
Stocks,Summer 2023,0,0.0,S23,2023,20232,220,False
Stocks,Winter 2024,0,0.0,W24,2024,20240,248,False
Stocks,Summer 2024,0,0.0,S24,2024,20242,248,False
Stocks,Fall 2024,0,0.0,F24,2024,20243,94,False
Stocks,Winter 2025,0,0.0,W25,2025,20250,166,False
Stocks,Spring 2025,0,0.0,X25,2025,20251,143,False
Stocks,Summer 2025,0,0.0,S25,2025,20252,166,False
Stocks,Fall 2025,0,0.0,F25,2025,20253,146,False
Stocks,Winter 2026,0,0.0,W26,2026,20260,199,False
Stocks,Spring 2026,1,0.513,X26,2026,20261,195,False
Stocks,Summer 2026,2,0.851,S26,2026,20262,235,False
Stocks,Fall 2026,0,0.0,F26,2026,20263,35,True
Stocks,Winter 2027,0,0.0,W27,2027,20270,1,True
Subscriptions,Summer 2005,0,0.0,S05,2005,20052,9,True
Subscriptions,Winter 2006,0,0.0,W06,2006,20060,7,True
Subscriptions,Summer 2006,0,0.0,S06,2006,20062,10,True
Subscriptions,Winter 2007,0,0.0,W07,2007,20070,13,True
Subscriptions,Summer 2007,0,0.0,S07,2007,20072,19,True
Subscriptions,Winter 2008,0,0.0,W08,2008,20080,21,True
Subscriptions,Summer 2008,0,0.0,S08,2008,20082,22,True
Subscriptions,Winter 2009,0,0.0,W09,2009,20090,16,True
Subscriptions,Summer 2009,0,0.0,S09,2009,20092,26,True
Subscriptions,Winter 2010,0,0.0,W10,2010,20100,27,True
Subscriptions,Summer 2010,0,0.0,S10,2010,20102,36,True
Subscriptions,Winter 2011,0,0.0,W11,2011,20110,45,True
Subscriptions,Summer 2011,0,0.0,S11,2011,20112,60,False
Subscriptions,Winter 2012,0,0.0,W12,2012,20120,66,False
Subscriptions,Summer 2012,0,0.0,S12,2012,20122,83,False
Subscriptions,Winter 2013,0,0.0,W13,2013,20130,46,True
Subscriptions,Summer 2013,1,1.923,S13,2013,20132,52,False
Subscriptions,Winter 2014,1,1.351,W14,2014,20140,74,False
Subscriptions,Summer 2014,1,1.282,S14,2014,20142,78,False
Subscriptions,Winter 2015,0,0.0,W15,2015,20150,110,False
Subscriptions,Summer 2015,0,0.0,S15,2015,20152,104,False
Subscriptions,Winter 2016,0,0.0,W16,2016,20160,122,False
Subscriptions,Summer 2016,0,0.0,S16,2016,20162,102,False
Subscriptions,Winter 2017,1,0.862,W17,2017,20170,116,False
Subscriptions,Summer 2017,1,0.8,S17,2017,20172,125,False
Subscriptions,Winter 2018,3,2.055,W18,2018,20180,146,False
Subscriptions,Summer 2018,1,0.763,S18,2018,20182,131,False
Subscriptions,Winter 2019,3,1.546,W19,2019,20190,194,False
Subscriptions,Summer 2019,0,0.0,S19,2019,20192,176,False
Subscriptions,Winter 2020,1,0.439,W20,2020,20200,228,False
Subscriptions,Summer 2020,1,0.478,S20,2020,20202,209,False
Subscriptions,Winter 2021,9,2.679,W21,2021,20210,336,False
Subscriptions,Summer 2021,4,1.023,S21,2021,20212,391,False
Subscriptions,Winter 2022,5,1.256,W22,2022,20220,398,False
Subscriptions,Summer 2022,1,0.427,S22,2022,20222,234,False
Subscriptions,Winter 2023,2,0.73,W23,2023,20230,274,False
Subscriptions,Summer 2023,1,0.455,S23,2023,20232,220,False
Subscriptions,Winter 2024,1,0.403,W24,2024,20240,248,False
Subscriptions,Summer 2024,0,0.0,S24,2024,20242,248,False
Subscriptions,Fall 2024,0,0.0,F24,2024,20243,94,False
Subscriptions,Winter 2025,0,0.0,W25,2025,20250,166,False
Subscriptions,Spring 2025,0,0.0,X25,2025,20251,143,False
Subscriptions,Summer 2025,0,0.0,S25,2025,20252,166,False
Subscriptions,Fall 2025,0,0.0,F25,2025,20253,146,False
Subscriptions,Winter 2026,0,0.0,W26,2026,20260,199,False
Subscriptions,Spring 2026,0,0.0,X26,2026,20261,195,False
Subscriptions,Summer 2026,0,0.0,S26,2026,20262,235,False
Subscriptions,Fall 2026,0,0.0,F26,2026,20263,35,True
Subscriptions,Winter 2027,0,0.0,W27,2027,20270,1,True
Supply Chain,Summer 2005,0,0.0,S05,2005,20052,9,True
Supply Chain,Winter 2006,0,0.0,W06,2006,20060,7,True
Supply Chain,Summer 2006,0,0.0,S06,2006,20062,10,True
Supply Chain,Winter 2007,0,0.0,W07,2007,20070,13,True
Supply Chain,Summer 2007,0,0.0,S07,2007,20072,19,True
Supply Chain,Winter 2008,0,0.0,W08,2008,20080,21,True
Supply Chain,Summer 2008,0,0.0,S08,2008,20082,22,True
Supply Chain,Winter 2009,0,0.0,W09,2009,20090,16,True
Supply Chain,Summer 2009,0,0.0,S09,2009,20092,26,True
Supply Chain,Winter 2010,0,0.0,W10,2010,20100,27,True
Supply Chain,Summer 2010,0,0.0,S10,2010,20102,36,True
Supply Chain,Winter 2011,0,0.0,W11,2011,20110,45,True
Supply Chain,Summer 2011,0,0.0,S11,2011,20112,60,False
Supply Chain,Winter 2012,0,0.0,W12,2012,20120,66,False
Supply Chain,Summer 2012,1,1.205,S12,2012,20122,83,False
Supply Chain,Winter 2013,1,2.174,W13,2013,20130,46,True
Supply Chain,Summer 2013,1,1.923,S13,2013,20132,52,False
Supply Chain,Winter 2014,1,1.351,W14,2014,20140,74,False
Supply Chain,Summer 2014,0,0.0,S14,2014,20142,78,False
Supply Chain,Winter 2015,2,1.818,W15,2015,20150,110,False
Supply Chain,Summer 2015,0,0.0,S15,2015,20152,104,False
Supply Chain,Winter 2016,2,1.639,W16,2016,20160,122,False
Supply Chain,Summer 2016,0,0.0,S16,2016,20162,102,False
Supply Chain,Winter 2017,2,1.724,W17,2017,20170,116,False
Supply Chain,Summer 2017,2,1.6,S17,2017,20172,125,False
Supply Chain,Winter 2018,1,0.685,W18,2018,20180,146,False
Supply Chain,Summer 2018,5,3.817,S18,2018,20182,131,False
Supply Chain,Winter 2019,1,0.515,W19,2019,20190,194,False
Supply Chain,Summer 2019,2,1.136,S19,2019,20192,176,False
Supply Chain,Winter 2020,3,1.316,W20,2020,20200,228,False
Supply Chain,Summer 2020,5,2.392,S20,2020,20202,209,False
Supply Chain,Winter 2021,6,1.786,W21,2021,20210,336,False
Supply Chain,Summer 2021,4,1.023,S21,2021,20212,391,False
Supply Chain,Winter 2022,6,1.508,W22,2022,20220,398,False
Supply Chain,Summer 2022,5,2.137,S22,2022,20222,234,False
Supply Chain,Winter 2023,2,0.73,W23,2023,20230,274,False
Supply Chain,Summer 2023,5,2.273,S23,2023,20232,220,False
Supply Chain,Winter 2024,4,1.613,W24,2024,20240,248,False
Supply Chain,Summer 2024,10,4.032,S24,2024,20242,248,False
Supply Chain,Fall 2024,1,1.064,F24,2024,20243,94,False
Supply Chain,Winter 2025,1,0.602,W25,2025,20250,166,False
Supply Chain,Spring 2025,2,1.399,X25,2025,20251,143,False
Supply Chain,Summer 2025,7,4.217,S25,2025,20252,166,False
Supply Chain,Fall 2025,0,0.0,F25,2025,20253,146,False
Supply Chain,Winter 2026,1,0.503,W26,2026,20260,199,False
Supply Chain,Spring 2026,0,0.0,X26,2026,20261,195,False
Supply Chain,Summer 2026,8,3.404,S26,2026,20262,235,False
Supply Chain,Fall 2026,0,0.0,F26,2026,20263,35,True
Supply Chain,Winter 2027,0,0.0,W27,2027,20270,1,True
Sustainability,Summer 2005,0,0.0,S05,2005,20052,9,True
Sustainability,Winter 2006,0,0.0,W06,2006,20060,7,True
Sustainability,Summer 2006,0,0.0,S06,2006,20062,10,True
Sustainability,Winter 2007,0,0.0,W07,2007,20070,13,True
Sustainability,Summer 2007,0,0.0,S07,2007,20072,19,True
Sustainability,Winter 2008,0,0.0,W08,2008,20080,21,True
Sustainability,Summer 2008,0,0.0,S08,2008,20082,22,True
Sustainability,Winter 2009,1,6.25,W09,2009,20090,16,True
Sustainability,Summer 2009,0,0.0,S09,2009,20092,26,True
Sustainability,Winter 2010,0,0.0,W10,2010,20100,27,True
Sustainability,Summer 2010,0,0.0,S10,2010,20102,36,True
Sustainability,Winter 2011,0,0.0,W11,2011,20110,45,True
Sustainability,Summer 2011,0,0.0,S11,2011,20112,60,False
Sustainability,Winter 2012,0,0.0,W12,2012,20120,66,False
Sustainability,Summer 2012,1,1.205,S12,2012,20122,83,False
Sustainability,Winter 2013,0,0.0,W13,2013,20130,46,True
Sustainability,Summer 2013,0,0.0,S13,2013,20132,52,False
Sustainability,Winter 2014,0,0.0,W14,2014,20140,74,False
Sustainability,Summer 2014,0,0.0,S14,2014,20142,78,False
Sustainability,Winter 2015,2,1.818,W15,2015,20150,110,False
Sustainability,Summer 2015,1,0.962,S15,2015,20152,104,False
Sustainability,Winter 2016,0,0.0,W16,2016,20160,122,False
Sustainability,Summer 2016,0,0.0,S16,2016,20162,102,False
Sustainability,Winter 2017,0,0.0,W17,2017,20170,116,False
Sustainability,Summer 2017,2,1.6,S17,2017,20172,125,False
Sustainability,Winter 2018,0,0.0,W18,2018,20180,146,False
Sustainability,Summer 2018,3,2.29,S18,2018,20182,131,False
Sustainability,Winter 2019,0,0.0,W19,2019,20190,194,False
Sustainability,Summer 2019,0,0.0,S19,2019,20192,176,False
Sustainability,Winter 2020,0,0.0,W20,2020,20200,228,False
Sustainability,Summer 2020,0,0.0,S20,2020,20202,209,False
Sustainability,Winter 2021,0,0.0,W21,2021,20210,336,False
Sustainability,Summer 2021,3,0.767,S21,2021,20212,391,False
Sustainability,Winter 2022,0,0.0,W22,2022,20220,398,False
Sustainability,Summer 2022,0,0.0,S22,2022,20222,234,False
Sustainability,Winter 2023,0,0.0,W23,2023,20230,274,False
Sustainability,Summer 2023,0,0.0,S23,2023,20232,220,False
Sustainability,Winter 2024,1,0.403,W24,2024,20240,248,False
Sustainability,Summer 2024,0,0.0,S24,2024,20242,248,False
Sustainability,Fall 2024,0,0.0,F24,2024,20243,94,False
Sustainability,Winter 2025,0,0.0,W25,2025,20250,166,False
Sustainability,Spring 2025,0,0.0,X25,2025,20251,143,False
Sustainability,Summer 2025,0,0.0,S25,2025,20252,166,False
Sustainability,Fall 2025,0,0.0,F25,2025,20253,146,False
Sustainability,Winter 2026,0,0.0,W26,2026,20260,199,False
Sustainability,Spring 2026,0,0.0,X26,2026,20261,195,False
Sustainability,Summer 2026,2,0.851,S26,2026,20262,235,False
Sustainability,Fall 2026,0,0.0,F26,2026,20263,35,True
Sustainability,Winter 2027,0,0.0,W27,2027,20270,1,True
Sustainable Agriculture,Summer 2005,0,0.0,S05,2005,20052,9,True
Sustainable Agriculture,Winter 2006,0,0.0,W06,2006,20060,7,True
Sustainable Agriculture,Summer 2006,0,0.0,S06,2006,20062,10,True
Sustainable Agriculture,Winter 2007,0,0.0,W07,2007,20070,13,True
Sustainable Agriculture,Summer 2007,0,0.0,S07,2007,20072,19,True
Sustainable Agriculture,Winter 2008,0,0.0,W08,2008,20080,21,True
Sustainable Agriculture,Summer 2008,0,0.0,S08,2008,20082,22,True
Sustainable Agriculture,Winter 2009,0,0.0,W09,2009,20090,16,True
Sustainable Agriculture,Summer 2009,0,0.0,S09,2009,20092,26,True
Sustainable Agriculture,Winter 2010,0,0.0,W10,2010,20100,27,True
Sustainable Agriculture,Summer 2010,0,0.0,S10,2010,20102,36,True
Sustainable Agriculture,Winter 2011,0,0.0,W11,2011,20110,45,True
Sustainable Agriculture,Summer 2011,0,0.0,S11,2011,20112,60,False
Sustainable Agriculture,Winter 2012,0,0.0,W12,2012,20120,66,False
Sustainable Agriculture,Summer 2012,0,0.0,S12,2012,20122,83,False
Sustainable Agriculture,Winter 2013,0,0.0,W13,2013,20130,46,True
Sustainable Agriculture,Summer 2013,0,0.0,S13,2013,20132,52,False
Sustainable Agriculture,Winter 2014,0,0.0,W14,2014,20140,74,False
Sustainable Agriculture,Summer 2014,0,0.0,S14,2014,20142,78,False
Sustainable Agriculture,Winter 2015,0,0.0,W15,2015,20150,110,False
Sustainable Agriculture,Summer 2015,1,0.962,S15,2015,20152,104,False
Sustainable Agriculture,Winter 2016,0,0.0,W16,2016,20160,122,False
Sustainable Agriculture,Summer 2016,0,0.0,S16,2016,20162,102,False
Sustainable Agriculture,Winter 2017,0,0.0,W17,2017,20170,116,False
Sustainable Agriculture,Summer 2017,0,0.0,S17,2017,20172,125,False
Sustainable Agriculture,Winter 2018,0,0.0,W18,2018,20180,146,False
Sustainable Agriculture,Summer 2018,1,0.763,S18,2018,20182,131,False
Sustainable Agriculture,Winter 2019,0,0.0,W19,2019,20190,194,False
Sustainable Agriculture,Summer 2019,0,0.0,S19,2019,20192,176,False
Sustainable Agriculture,Winter 2020,1,0.439,W20,2020,20200,228,False
Sustainable Agriculture,Summer 2020,0,0.0,S20,2020,20202,209,False
Sustainable Agriculture,Winter 2021,0,0.0,W21,2021,20210,336,False
Sustainable Agriculture,Summer 2021,0,0.0,S21,2021,20212,391,False
Sustainable Agriculture,Winter 2022,0,0.0,W22,2022,20220,398,False
Sustainable Agriculture,Summer 2022,0,0.0,S22,2022,20222,234,False
Sustainable Agriculture,Winter 2023,0,0.0,W23,2023,20230,274,False
Sustainable Agriculture,Summer 2023,0,0.0,S23,2023,20232,220,False
Sustainable Agriculture,Winter 2024,0,0.0,W24,2024,20240,248,False
Sustainable Agriculture,Summer 2024,0,0.0,S24,2024,20242,248,False
Sustainable Agriculture,Fall 2024,0,0.0,F24,2024,20243,94,False
Sustainable Agriculture,Winter 2025,0,0.0,W25,2025,20250,166,False
Sustainable Agriculture,Spring 2025,0,0.0,X25,2025,20251,143,False
Sustainable Agriculture,Summer 2025,0,0.0,S25,2025,20252,166,False
Sustainable Agriculture,Fall 2025,0,0.0,F25,2025,20253,146,False
Sustainable Agriculture,Winter 2026,0,0.0,W26,2026,20260,199,False
Sustainable Agriculture,Spring 2026,0,0.0,X26,2026,20261,195,False
Sustainable Agriculture,Summer 2026,0,0.0,S26,2026,20262,235,False
Sustainable Agriculture,Fall 2026,0,0.0,F26,2026,20263,35,True
Sustainable Agriculture,Winter 2027,0,0.0,W27,2027,20270,1,True
Sustainable Fashion,Summer 2005,0,0.0,S05,2005,20052,9,True
Sustainable Fashion,Winter 2006,0,0.0,W06,2006,20060,7,True
Sustainable Fashion,Summer 2006,0,0.0,S06,2006,20062,10,True
Sustainable Fashion,Winter 2007,0,0.0,W07,2007,20070,13,True
Sustainable Fashion,Summer 2007,0,0.0,S07,2007,20072,19,True
Sustainable Fashion,Winter 2008,0,0.0,W08,2008,20080,21,True
Sustainable Fashion,Summer 2008,0,0.0,S08,2008,20082,22,True
Sustainable Fashion,Winter 2009,0,0.0,W09,2009,20090,16,True
Sustainable Fashion,Summer 2009,0,0.0,S09,2009,20092,26,True
Sustainable Fashion,Winter 2010,0,0.0,W10,2010,20100,27,True
Sustainable Fashion,Summer 2010,0,0.0,S10,2010,20102,36,True
Sustainable Fashion,Winter 2011,0,0.0,W11,2011,20110,45,True
Sustainable Fashion,Summer 2011,0,0.0,S11,2011,20112,60,False
Sustainable Fashion,Winter 2012,0,0.0,W12,2012,20120,66,False
Sustainable Fashion,Summer 2012,0,0.0,S12,2012,20122,83,False
Sustainable Fashion,Winter 2013,0,0.0,W13,2013,20130,46,True
Sustainable Fashion,Summer 2013,0,0.0,S13,2013,20132,52,False
Sustainable Fashion,Winter 2014,0,0.0,W14,2014,20140,74,False
Sustainable Fashion,Summer 2014,0,0.0,S14,2014,20142,78,False
Sustainable Fashion,Winter 2015,0,0.0,W15,2015,20150,110,False
Sustainable Fashion,Summer 2015,0,0.0,S15,2015,20152,104,False
Sustainable Fashion,Winter 2016,0,0.0,W16,2016,20160,122,False
Sustainable Fashion,Summer 2016,1,0.98,S16,2016,20162,102,False
Sustainable Fashion,Winter 2017,0,0.0,W17,2017,20170,116,False
Sustainable Fashion,Summer 2017,1,0.8,S17,2017,20172,125,False
Sustainable Fashion,Winter 2018,0,0.0,W18,2018,20180,146,False
Sustainable Fashion,Summer 2018,0,0.0,S18,2018,20182,131,False
Sustainable Fashion,Winter 2019,0,0.0,W19,2019,20190,194,False
Sustainable Fashion,Summer 2019,1,0.568,S19,2019,20192,176,False
Sustainable Fashion,Winter 2020,2,0.877,W20,2020,20200,228,False
Sustainable Fashion,Summer 2020,0,0.0,S20,2020,20202,209,False
Sustainable Fashion,Winter 2021,1,0.298,W21,2021,20210,336,False
Sustainable Fashion,Summer 2021,1,0.256,S21,2021,20212,391,False
Sustainable Fashion,Winter 2022,0,0.0,W22,2022,20220,398,False
Sustainable Fashion,Summer 2022,2,0.855,S22,2022,20222,234,False
Sustainable Fashion,Winter 2023,0,0.0,W23,2023,20230,274,False
Sustainable Fashion,Summer 2023,0,0.0,S23,2023,20232,220,False
Sustainable Fashion,Winter 2024,0,0.0,W24,2024,20240,248,False
Sustainable Fashion,Summer 2024,0,0.0,S24,2024,20242,248,False
Sustainable Fashion,Fall 2024,0,0.0,F24,2024,20243,94,False
Sustainable Fashion,Winter 2025,0,0.0,W25,2025,20250,166,False
Sustainable Fashion,Spring 2025,0,0.0,X25,2025,20251,143,False
Sustainable Fashion,Summer 2025,0,0.0,S25,2025,20252,166,False
Sustainable Fashion,Fall 2025,0,0.0,F25,2025,20253,146,False
Sustainable Fashion,Winter 2026,0,0.0,W26,2026,20260,199,False
Sustainable Fashion,Spring 2026,0,0.0,X26,2026,20261,195,False
Sustainable Fashion,Summer 2026,0,0.0,S26,2026,20262,235,False
Sustainable Fashion,Fall 2026,0,0.0,F26,2026,20263,35,True
Sustainable Fashion,Winter 2027,0,0.0,W27,2027,20270,1,True
Sustainable Tourism,Summer 2005,0,0.0,S05,2005,20052,9,True
Sustainable Tourism,Winter 2006,0,0.0,W06,2006,20060,7,True
Sustainable Tourism,Summer 2006,0,0.0,S06,2006,20062,10,True
Sustainable Tourism,Winter 2007,0,0.0,W07,2007,20070,13,True
Sustainable Tourism,Summer 2007,0,0.0,S07,2007,20072,19,True
Sustainable Tourism,Winter 2008,0,0.0,W08,2008,20080,21,True
Sustainable Tourism,Summer 2008,0,0.0,S08,2008,20082,22,True
Sustainable Tourism,Winter 2009,0,0.0,W09,2009,20090,16,True
Sustainable Tourism,Summer 2009,0,0.0,S09,2009,20092,26,True
Sustainable Tourism,Winter 2010,0,0.0,W10,2010,20100,27,True
Sustainable Tourism,Summer 2010,0,0.0,S10,2010,20102,36,True
Sustainable Tourism,Winter 2011,0,0.0,W11,2011,20110,45,True
Sustainable Tourism,Summer 2011,0,0.0,S11,2011,20112,60,False
Sustainable Tourism,Winter 2012,0,0.0,W12,2012,20120,66,False
Sustainable Tourism,Summer 2012,1,1.205,S12,2012,20122,83,False
Sustainable Tourism,Winter 2013,0,0.0,W13,2013,20130,46,True
Sustainable Tourism,Summer 2013,0,0.0,S13,2013,20132,52,False
Sustainable Tourism,Winter 2014,0,0.0,W14,2014,20140,74,False
Sustainable Tourism,Summer 2014,0,0.0,S14,2014,20142,78,False
Sustainable Tourism,Winter 2015,0,0.0,W15,2015,20150,110,False
Sustainable Tourism,Summer 2015,0,0.0,S15,2015,20152,104,False
Sustainable Tourism,Winter 2016,0,0.0,W16,2016,20160,122,False
Sustainable Tourism,Summer 2016,0,0.0,S16,2016,20162,102,False
Sustainable Tourism,Winter 2017,0,0.0,W17,2017,20170,116,False
Sustainable Tourism,Summer 2017,0,0.0,S17,2017,20172,125,False
Sustainable Tourism,Winter 2018,0,0.0,W18,2018,20180,146,False
Sustainable Tourism,Summer 2018,0,0.0,S18,2018,20182,131,False
Sustainable Tourism,Winter 2019,1,0.515,W19,2019,20190,194,False
Sustainable Tourism,Summer 2019,0,0.0,S19,2019,20192,176,False
Sustainable Tourism,Winter 2020,0,0.0,W20,2020,20200,228,False
Sustainable Tourism,Summer 2020,0,0.0,S20,2020,20202,209,False
Sustainable Tourism,Winter 2021,0,0.0,W21,2021,20210,336,False
Sustainable Tourism,Summer 2021,0,0.0,S21,2021,20212,391,False
Sustainable Tourism,Winter 2022,1,0.251,W22,2022,20220,398,False
Sustainable Tourism,Summer 2022,0,0.0,S22,2022,20222,234,False
Sustainable Tourism,Winter 2023,0,0.0,W23,2023,20230,274,False
Sustainable Tourism,Summer 2023,0,0.0,S23,2023,20232,220,False
Sustainable Tourism,Winter 2024,0,0.0,W24,2024,20240,248,False
Sustainable Tourism,Summer 2024,0,0.0,S24,2024,20242,248,False
Sustainable Tourism,Fall 2024,0,0.0,F24,2024,20243,94,False
Sustainable Tourism,Winter 2025,0,0.0,W25,2025,20250,166,False
Sustainable Tourism,Spring 2025,0,0.0,X25,2025,20251,143,False
Sustainable Tourism,Summer 2025,0,0.0,S25,2025,20252,166,False
Sustainable Tourism,Fall 2025,0,0.0,F25,2025,20253,146,False
Sustainable Tourism,Winter 2026,0,0.0,W26,2026,20260,199,False
Sustainable Tourism,Spring 2026,0,0.0,X26,2026,20261,195,False
Sustainable Tourism,Summer 2026,0,0.0,S26,2026,20262,235,False
Sustainable Tourism,Fall 2026,0,0.0,F26,2026,20263,35,True
Sustainable Tourism,Winter 2027,0,0.0,W27,2027,20270,1,True
Swarm Robotics,Summer 2005,0,0.0,S05,2005,20052,9,True
Swarm Robotics,Winter 2006,0,0.0,W06,2006,20060,7,True
Swarm Robotics,Summer 2006,0,0.0,S06,2006,20062,10,True
Swarm Robotics,Winter 2007,0,0.0,W07,2007,20070,13,True
Swarm Robotics,Summer 2007,0,0.0,S07,2007,20072,19,True
Swarm Robotics,Winter 2008,0,0.0,W08,2008,20080,21,True
Swarm Robotics,Summer 2008,0,0.0,S08,2008,20082,22,True
Swarm Robotics,Winter 2009,0,0.0,W09,2009,20090,16,True
Swarm Robotics,Summer 2009,0,0.0,S09,2009,20092,26,True
Swarm Robotics,Winter 2010,0,0.0,W10,2010,20100,27,True
Swarm Robotics,Summer 2010,0,0.0,S10,2010,20102,36,True
Swarm Robotics,Winter 2011,0,0.0,W11,2011,20110,45,True
Swarm Robotics,Summer 2011,0,0.0,S11,2011,20112,60,False
Swarm Robotics,Winter 2012,0,0.0,W12,2012,20120,66,False
Swarm Robotics,Summer 2012,0,0.0,S12,2012,20122,83,False
Swarm Robotics,Winter 2013,0,0.0,W13,2013,20130,46,True
Swarm Robotics,Summer 2013,0,0.0,S13,2013,20132,52,False
Swarm Robotics,Winter 2014,0,0.0,W14,2014,20140,74,False
Swarm Robotics,Summer 2014,0,0.0,S14,2014,20142,78,False
Swarm Robotics,Winter 2015,0,0.0,W15,2015,20150,110,False
Swarm Robotics,Summer 2015,0,0.0,S15,2015,20152,104,False
Swarm Robotics,Winter 2016,0,0.0,W16,2016,20160,122,False
Swarm Robotics,Summer 2016,0,0.0,S16,2016,20162,102,False
Swarm Robotics,Winter 2017,0,0.0,W17,2017,20170,116,False
Swarm Robotics,Summer 2017,0,0.0,S17,2017,20172,125,False
Swarm Robotics,Winter 2018,0,0.0,W18,2018,20180,146,False
Swarm Robotics,Summer 2018,0,0.0,S18,2018,20182,131,False
Swarm Robotics,Winter 2019,0,0.0,W19,2019,20190,194,False
Swarm Robotics,Summer 2019,0,0.0,S19,2019,20192,176,False
Swarm Robotics,Winter 2020,0,0.0,W20,2020,20200,228,False
Swarm Robotics,Summer 2020,0,0.0,S20,2020,20202,209,False
Swarm Robotics,Winter 2021,0,0.0,W21,2021,20210,336,False
Swarm Robotics,Summer 2021,0,0.0,S21,2021,20212,391,False
Swarm Robotics,Winter 2022,0,0.0,W22,2022,20220,398,False
Swarm Robotics,Summer 2022,0,0.0,S22,2022,20222,234,False
Swarm Robotics,Winter 2023,0,0.0,W23,2023,20230,274,False
Swarm Robotics,Summer 2023,0,0.0,S23,2023,20232,220,False
Swarm Robotics,Winter 2024,0,0.0,W24,2024,20240,248,False
Swarm Robotics,Summer 2024,1,0.403,S24,2024,20242,248,False
Swarm Robotics,Fall 2024,0,0.0,F24,2024,20243,94,False
Swarm Robotics,Winter 2025,0,0.0,W25,2025,20250,166,False
Swarm Robotics,Spring 2025,0,0.0,X25,2025,20251,143,False
Swarm Robotics,Summer 2025,0,0.0,S25,2025,20252,166,False
Swarm Robotics,Fall 2025,0,0.0,F25,2025,20253,146,False
Swarm Robotics,Winter 2026,0,0.0,W26,2026,20260,199,False
Swarm Robotics,Spring 2026,0,0.0,X26,2026,20261,195,False
Swarm Robotics,Summer 2026,3,1.277,S26,2026,20262,235,False
Swarm Robotics,Fall 2026,0,0.0,F26,2026,20263,35,True
Swarm Robotics,Winter 2027,0,0.0,W27,2027,20270,1,True
Synthetic Biology,Summer 2005,0,0.0,S05,2005,20052,9,True
Synthetic Biology,Winter 2006,0,0.0,W06,2006,20060,7,True
Synthetic Biology,Summer 2006,0,0.0,S06,2006,20062,10,True
Synthetic Biology,Winter 2007,0,0.0,W07,2007,20070,13,True
Synthetic Biology,Summer 2007,0,0.0,S07,2007,20072,19,True
Synthetic Biology,Winter 2008,0,0.0,W08,2008,20080,21,True
Synthetic Biology,Summer 2008,0,0.0,S08,2008,20082,22,True
Synthetic Biology,Winter 2009,0,0.0,W09,2009,20090,16,True
Synthetic Biology,Summer 2009,0,0.0,S09,2009,20092,26,True
Synthetic Biology,Winter 2010,0,0.0,W10,2010,20100,27,True
Synthetic Biology,Summer 2010,0,0.0,S10,2010,20102,36,True
Synthetic Biology,Winter 2011,0,0.0,W11,2011,20110,45,True
Synthetic Biology,Summer 2011,0,0.0,S11,2011,20112,60,False
Synthetic Biology,Winter 2012,0,0.0,W12,2012,20120,66,False
Synthetic Biology,Summer 2012,0,0.0,S12,2012,20122,83,False
Synthetic Biology,Winter 2013,0,0.0,W13,2013,20130,46,True
Synthetic Biology,Summer 2013,0,0.0,S13,2013,20132,52,False
Synthetic Biology,Winter 2014,0,0.0,W14,2014,20140,74,False
Synthetic Biology,Summer 2014,1,1.282,S14,2014,20142,78,False
Synthetic Biology,Winter 2015,0,0.0,W15,2015,20150,110,False
Synthetic Biology,Summer 2015,0,0.0,S15,2015,20152,104,False
Synthetic Biology,Winter 2016,2,1.639,W16,2016,20160,122,False
Synthetic Biology,Summer 2016,1,0.98,S16,2016,20162,102,False
Synthetic Biology,Winter 2017,0,0.0,W17,2017,20170,116,False
Synthetic Biology,Summer 2017,0,0.0,S17,2017,20172,125,False
Synthetic Biology,Winter 2018,1,0.685,W18,2018,20180,146,False
Synthetic Biology,Summer 2018,0,0.0,S18,2018,20182,131,False
Synthetic Biology,Winter 2019,0,0.0,W19,2019,20190,194,False
Synthetic Biology,Summer 2019,0,0.0,S19,2019,20192,176,False
Synthetic Biology,Winter 2020,4,1.754,W20,2020,20200,228,False
Synthetic Biology,Summer 2020,1,0.478,S20,2020,20202,209,False
Synthetic Biology,Winter 2021,0,0.0,W21,2021,20210,336,False
Synthetic Biology,Summer 2021,4,1.023,S21,2021,20212,391,False
Synthetic Biology,Winter 2022,2,0.503,W22,2022,20220,398,False
Synthetic Biology,Summer 2022,3,1.282,S22,2022,20222,234,False
Synthetic Biology,Winter 2023,2,0.73,W23,2023,20230,274,False
Synthetic Biology,Summer 2023,1,0.455,S23,2023,20232,220,False
Synthetic Biology,Winter 2024,3,1.21,W24,2024,20240,248,False
Synthetic Biology,Summer 2024,5,2.016,S24,2024,20242,248,False
Synthetic Biology,Fall 2024,0,0.0,F24,2024,20243,94,False
Synthetic Biology,Winter 2025,0,0.0,W25,2025,20250,166,False
Synthetic Biology,Spring 2025,0,0.0,X25,2025,20251,143,False
Synthetic Biology,Summer 2025,1,0.602,S25,2025,20252,166,False
Synthetic Biology,Fall 2025,0,0.0,F25,2025,20253,146,False
Synthetic Biology,Winter 2026,0,0.0,W26,2026,20260,199,False
Synthetic Biology,Spring 2026,0,0.0,X26,2026,20261,195,False
Synthetic Biology,Summer 2026,2,0.851,S26,2026,20262,235,False
Synthetic Biology,Fall 2026,0,0.0,F26,2026,20263,35,True
Synthetic Biology,Winter 2027,0,0.0,W27,2027,20270,1,True
Talent Acquisition,Summer 2005,0,0.0,S05,2005,20052,9,True
Talent Acquisition,Winter 2006,0,0.0,W06,2006,20060,7,True
Talent Acquisition,Summer 2006,0,0.0,S06,2006,20062,10,True
Talent Acquisition,Winter 2007,0,0.0,W07,2007,20070,13,True
Talent Acquisition,Summer 2007,0,0.0,S07,2007,20072,19,True
Talent Acquisition,Winter 2008,0,0.0,W08,2008,20080,21,True
Talent Acquisition,Summer 2008,0,0.0,S08,2008,20082,22,True
Talent Acquisition,Winter 2009,0,0.0,W09,2009,20090,16,True
Talent Acquisition,Summer 2009,0,0.0,S09,2009,20092,26,True
Talent Acquisition,Winter 2010,0,0.0,W10,2010,20100,27,True
Talent Acquisition,Summer 2010,0,0.0,S10,2010,20102,36,True
Talent Acquisition,Winter 2011,0,0.0,W11,2011,20110,45,True
Talent Acquisition,Summer 2011,0,0.0,S11,2011,20112,60,False
Talent Acquisition,Winter 2012,0,0.0,W12,2012,20120,66,False
Talent Acquisition,Summer 2012,1,1.205,S12,2012,20122,83,False
Talent Acquisition,Winter 2013,0,0.0,W13,2013,20130,46,True
Talent Acquisition,Summer 2013,0,0.0,S13,2013,20132,52,False
Talent Acquisition,Winter 2014,0,0.0,W14,2014,20140,74,False
Talent Acquisition,Summer 2014,0,0.0,S14,2014,20142,78,False
Talent Acquisition,Winter 2015,0,0.0,W15,2015,20150,110,False
Talent Acquisition,Summer 2015,0,0.0,S15,2015,20152,104,False
Talent Acquisition,Winter 2016,1,0.82,W16,2016,20160,122,False
Talent Acquisition,Summer 2016,0,0.0,S16,2016,20162,102,False
Talent Acquisition,Winter 2017,0,0.0,W17,2017,20170,116,False
Talent Acquisition,Summer 2017,0,0.0,S17,2017,20172,125,False
Talent Acquisition,Winter 2018,0,0.0,W18,2018,20180,146,False
Talent Acquisition,Summer 2018,0,0.0,S18,2018,20182,131,False
Talent Acquisition,Winter 2019,0,0.0,W19,2019,20190,194,False
Talent Acquisition,Summer 2019,2,1.136,S19,2019,20192,176,False
Talent Acquisition,Winter 2020,0,0.0,W20,2020,20200,228,False
Talent Acquisition,Summer 2020,1,0.478,S20,2020,20202,209,False
Talent Acquisition,Winter 2021,0,0.0,W21,2021,20210,336,False
Talent Acquisition,Summer 2021,1,0.256,S21,2021,20212,391,False
Talent Acquisition,Winter 2022,0,0.0,W22,2022,20220,398,False
Talent Acquisition,Summer 2022,0,0.0,S22,2022,20222,234,False
Talent Acquisition,Winter 2023,0,0.0,W23,2023,20230,274,False
Talent Acquisition,Summer 2023,0,0.0,S23,2023,20232,220,False
Talent Acquisition,Winter 2024,0,0.0,W24,2024,20240,248,False
Talent Acquisition,Summer 2024,0,0.0,S24,2024,20242,248,False
Talent Acquisition,Fall 2024,0,0.0,F24,2024,20243,94,False
Talent Acquisition,Winter 2025,0,0.0,W25,2025,20250,166,False
Talent Acquisition,Spring 2025,0,0.0,X25,2025,20251,143,False
Talent Acquisition,Summer 2025,0,0.0,S25,2025,20252,166,False
Talent Acquisition,Fall 2025,0,0.0,F25,2025,20253,146,False
Talent Acquisition,Winter 2026,0,0.0,W26,2026,20260,199,False
Talent Acquisition,Spring 2026,0,0.0,X26,2026,20261,195,False
Talent Acquisition,Summer 2026,0,0.0,S26,2026,20262,235,False
Talent Acquisition,Fall 2026,1,2.857,F26,2026,20263,35,True
Talent Acquisition,Winter 2027,0,0.0,W27,2027,20270,1,True
Team Collaboration,Summer 2005,0,0.0,S05,2005,20052,9,True
Team Collaboration,Winter 2006,0,0.0,W06,2006,20060,7,True
Team Collaboration,Summer 2006,0,0.0,S06,2006,20062,10,True
Team Collaboration,Winter 2007,0,0.0,W07,2007,20070,13,True
Team Collaboration,Summer 2007,0,0.0,S07,2007,20072,19,True
Team Collaboration,Winter 2008,0,0.0,W08,2008,20080,21,True
Team Collaboration,Summer 2008,0,0.0,S08,2008,20082,22,True
Team Collaboration,Winter 2009,0,0.0,W09,2009,20090,16,True
Team Collaboration,Summer 2009,0,0.0,S09,2009,20092,26,True
Team Collaboration,Winter 2010,0,0.0,W10,2010,20100,27,True
Team Collaboration,Summer 2010,0,0.0,S10,2010,20102,36,True
Team Collaboration,Winter 2011,0,0.0,W11,2011,20110,45,True
Team Collaboration,Summer 2011,0,0.0,S11,2011,20112,60,False
Team Collaboration,Winter 2012,0,0.0,W12,2012,20120,66,False
Team Collaboration,Summer 2012,0,0.0,S12,2012,20122,83,False
Team Collaboration,Winter 2013,1,2.174,W13,2013,20130,46,True
Team Collaboration,Summer 2013,0,0.0,S13,2013,20132,52,False
Team Collaboration,Winter 2014,1,1.351,W14,2014,20140,74,False
Team Collaboration,Summer 2014,0,0.0,S14,2014,20142,78,False
Team Collaboration,Winter 2015,1,0.909,W15,2015,20150,110,False
Team Collaboration,Summer 2015,0,0.0,S15,2015,20152,104,False
Team Collaboration,Winter 2016,1,0.82,W16,2016,20160,122,False
Team Collaboration,Summer 2016,1,0.98,S16,2016,20162,102,False
Team Collaboration,Winter 2017,0,0.0,W17,2017,20170,116,False
Team Collaboration,Summer 2017,0,0.0,S17,2017,20172,125,False
Team Collaboration,Winter 2018,0,0.0,W18,2018,20180,146,False
Team Collaboration,Summer 2018,0,0.0,S18,2018,20182,131,False
Team Collaboration,Winter 2019,2,1.031,W19,2019,20190,194,False
Team Collaboration,Summer 2019,0,0.0,S19,2019,20192,176,False
Team Collaboration,Winter 2020,0,0.0,W20,2020,20200,228,False
Team Collaboration,Summer 2020,1,0.478,S20,2020,20202,209,False
Team Collaboration,Winter 2021,1,0.298,W21,2021,20210,336,False
Team Collaboration,Summer 2021,0,0.0,S21,2021,20212,391,False
Team Collaboration,Winter 2022,0,0.0,W22,2022,20220,398,False
Team Collaboration,Summer 2022,0,0.0,S22,2022,20222,234,False
Team Collaboration,Winter 2023,0,0.0,W23,2023,20230,274,False
Team Collaboration,Summer 2023,1,0.455,S23,2023,20232,220,False
Team Collaboration,Winter 2024,1,0.403,W24,2024,20240,248,False
Team Collaboration,Summer 2024,0,0.0,S24,2024,20242,248,False
Team Collaboration,Fall 2024,0,0.0,F24,2024,20243,94,False
Team Collaboration,Winter 2025,1,0.602,W25,2025,20250,166,False
Team Collaboration,Spring 2025,2,1.399,X25,2025,20251,143,False
Team Collaboration,Summer 2025,0,0.0,S25,2025,20252,166,False
Team Collaboration,Fall 2025,0,0.0,F25,2025,20253,146,False
Team Collaboration,Winter 2026,0,0.0,W26,2026,20260,199,False
Team Collaboration,Spring 2026,0,0.0,X26,2026,20261,195,False
Team Collaboration,Summer 2026,0,0.0,S26,2026,20262,235,False
Team Collaboration,Fall 2026,0,0.0,F26,2026,20263,35,True
Team Collaboration,Winter 2027,0,0.0,W27,2027,20270,1,True
Telecommunications,Summer 2005,0,0.0,S05,2005,20052,9,True
Telecommunications,Winter 2006,0,0.0,W06,2006,20060,7,True
Telecommunications,Summer 2006,0,0.0,S06,2006,20062,10,True
Telecommunications,Winter 2007,0,0.0,W07,2007,20070,13,True
Telecommunications,Summer 2007,0,0.0,S07,2007,20072,19,True
Telecommunications,Winter 2008,0,0.0,W08,2008,20080,21,True
Telecommunications,Summer 2008,0,0.0,S08,2008,20082,22,True
Telecommunications,Winter 2009,0,0.0,W09,2009,20090,16,True
Telecommunications,Summer 2009,0,0.0,S09,2009,20092,26,True
Telecommunications,Winter 2010,0,0.0,W10,2010,20100,27,True
Telecommunications,Summer 2010,0,0.0,S10,2010,20102,36,True
Telecommunications,Winter 2011,0,0.0,W11,2011,20110,45,True
Telecommunications,Summer 2011,1,1.667,S11,2011,20112,60,False
Telecommunications,Winter 2012,1,1.515,W12,2012,20120,66,False
Telecommunications,Summer 2012,1,1.205,S12,2012,20122,83,False
Telecommunications,Winter 2013,0,0.0,W13,2013,20130,46,True
Telecommunications,Summer 2013,0,0.0,S13,2013,20132,52,False
Telecommunications,Winter 2014,0,0.0,W14,2014,20140,74,False
Telecommunications,Summer 2014,1,1.282,S14,2014,20142,78,False
Telecommunications,Winter 2015,0,0.0,W15,2015,20150,110,False
Telecommunications,Summer 2015,0,0.0,S15,2015,20152,104,False
Telecommunications,Winter 2016,0,0.0,W16,2016,20160,122,False
Telecommunications,Summer 2016,0,0.0,S16,2016,20162,102,False
Telecommunications,Winter 2017,2,1.724,W17,2017,20170,116,False
Telecommunications,Summer 2017,0,0.0,S17,2017,20172,125,False
Telecommunications,Winter 2018,1,0.685,W18,2018,20180,146,False
Telecommunications,Summer 2018,0,0.0,S18,2018,20182,131,False
Telecommunications,Winter 2019,2,1.031,W19,2019,20190,194,False
Telecommunications,Summer 2019,0,0.0,S19,2019,20192,176,False
Telecommunications,Winter 2020,1,0.439,W20,2020,20200,228,False
Telecommunications,Summer 2020,1,0.478,S20,2020,20202,209,False
Telecommunications,Winter 2021,3,0.893,W21,2021,20210,336,False
Telecommunications,Summer 2021,2,0.512,S21,2021,20212,391,False
Telecommunications,Winter 2022,0,0.0,W22,2022,20220,398,False
Telecommunications,Summer 2022,1,0.427,S22,2022,20222,234,False
Telecommunications,Winter 2023,1,0.365,W23,2023,20230,274,False
Telecommunications,Summer 2023,1,0.455,S23,2023,20232,220,False
Telecommunications,Winter 2024,3,1.21,W24,2024,20240,248,False
Telecommunications,Summer 2024,0,0.0,S24,2024,20242,248,False
Telecommunications,Fall 2024,1,1.064,F24,2024,20243,94,False
Telecommunications,Winter 2025,2,1.205,W25,2025,20250,166,False
Telecommunications,Spring 2025,0,0.0,X25,2025,20251,143,False
Telecommunications,Summer 2025,0,0.0,S25,2025,20252,166,False
Telecommunications,Fall 2025,0,0.0,F25,2025,20253,146,False
Telecommunications,Winter 2026,0,0.0,W26,2026,20260,199,False
Telecommunications,Spring 2026,1,0.513,X26,2026,20261,195,False
Telecommunications,Summer 2026,1,0.426,S26,2026,20262,235,False
Telecommunications,Fall 2026,0,0.0,F26,2026,20263,35,True
Telecommunications,Winter 2027,0,0.0,W27,2027,20270,1,True
Telehealth,Summer 2005,0,0.0,S05,2005,20052,9,True
Telehealth,Winter 2006,0,0.0,W06,2006,20060,7,True
Telehealth,Summer 2006,0,0.0,S06,2006,20062,10,True
Telehealth,Winter 2007,0,0.0,W07,2007,20070,13,True
Telehealth,Summer 2007,0,0.0,S07,2007,20072,19,True
Telehealth,Winter 2008,0,0.0,W08,2008,20080,21,True
Telehealth,Summer 2008,0,0.0,S08,2008,20082,22,True
Telehealth,Winter 2009,0,0.0,W09,2009,20090,16,True
Telehealth,Summer 2009,0,0.0,S09,2009,20092,26,True
Telehealth,Winter 2010,0,0.0,W10,2010,20100,27,True
Telehealth,Summer 2010,0,0.0,S10,2010,20102,36,True
Telehealth,Winter 2011,0,0.0,W11,2011,20110,45,True
Telehealth,Summer 2011,0,0.0,S11,2011,20112,60,False
Telehealth,Winter 2012,0,0.0,W12,2012,20120,66,False
Telehealth,Summer 2012,0,0.0,S12,2012,20122,83,False
Telehealth,Winter 2013,0,0.0,W13,2013,20130,46,True
Telehealth,Summer 2013,0,0.0,S13,2013,20132,52,False
Telehealth,Winter 2014,0,0.0,W14,2014,20140,74,False
Telehealth,Summer 2014,1,1.282,S14,2014,20142,78,False
Telehealth,Winter 2015,1,0.909,W15,2015,20150,110,False
Telehealth,Summer 2015,0,0.0,S15,2015,20152,104,False
Telehealth,Winter 2016,0,0.0,W16,2016,20160,122,False
Telehealth,Summer 2016,1,0.98,S16,2016,20162,102,False
Telehealth,Winter 2017,0,0.0,W17,2017,20170,116,False
Telehealth,Summer 2017,0,0.0,S17,2017,20172,125,False
Telehealth,Winter 2018,2,1.37,W18,2018,20180,146,False
Telehealth,Summer 2018,1,0.763,S18,2018,20182,131,False
Telehealth,Winter 2019,0,0.0,W19,2019,20190,194,False
Telehealth,Summer 2019,2,1.136,S19,2019,20192,176,False
Telehealth,Winter 2020,0,0.0,W20,2020,20200,228,False
Telehealth,Summer 2020,3,1.435,S20,2020,20202,209,False
Telehealth,Winter 2021,2,0.595,W21,2021,20210,336,False
Telehealth,Summer 2021,5,1.279,S21,2021,20212,391,False
Telehealth,Winter 2022,3,0.754,W22,2022,20220,398,False
Telehealth,Summer 2022,3,1.282,S22,2022,20222,234,False
Telehealth,Winter 2023,1,0.365,W23,2023,20230,274,False
Telehealth,Summer 2023,1,0.455,S23,2023,20232,220,False
Telehealth,Winter 2024,1,0.403,W24,2024,20240,248,False
Telehealth,Summer 2024,0,0.0,S24,2024,20242,248,False
Telehealth,Fall 2024,0,0.0,F24,2024,20243,94,False
Telehealth,Winter 2025,0,0.0,W25,2025,20250,166,False
Telehealth,Spring 2025,1,0.699,X25,2025,20251,143,False
Telehealth,Summer 2025,0,0.0,S25,2025,20252,166,False
Telehealth,Fall 2025,1,0.685,F25,2025,20253,146,False
Telehealth,Winter 2026,0,0.0,W26,2026,20260,199,False
Telehealth,Spring 2026,0,0.0,X26,2026,20261,195,False
Telehealth,Summer 2026,1,0.426,S26,2026,20262,235,False
Telehealth,Fall 2026,0,0.0,F26,2026,20263,35,True
Telehealth,Winter 2027,0,0.0,W27,2027,20270,1,True
Telemedicine,Summer 2005,0,0.0,S05,2005,20052,9,True
Telemedicine,Winter 2006,0,0.0,W06,2006,20060,7,True
Telemedicine,Summer 2006,0,0.0,S06,2006,20062,10,True
Telemedicine,Winter 2007,0,0.0,W07,2007,20070,13,True
Telemedicine,Summer 2007,0,0.0,S07,2007,20072,19,True
Telemedicine,Winter 2008,0,0.0,W08,2008,20080,21,True
Telemedicine,Summer 2008,0,0.0,S08,2008,20082,22,True
Telemedicine,Winter 2009,0,0.0,W09,2009,20090,16,True
Telemedicine,Summer 2009,0,0.0,S09,2009,20092,26,True
Telemedicine,Winter 2010,0,0.0,W10,2010,20100,27,True
Telemedicine,Summer 2010,0,0.0,S10,2010,20102,36,True
Telemedicine,Winter 2011,1,2.222,W11,2011,20110,45,True
Telemedicine,Summer 2011,0,0.0,S11,2011,20112,60,False
Telemedicine,Winter 2012,0,0.0,W12,2012,20120,66,False
Telemedicine,Summer 2012,0,0.0,S12,2012,20122,83,False
Telemedicine,Winter 2013,0,0.0,W13,2013,20130,46,True
Telemedicine,Summer 2013,0,0.0,S13,2013,20132,52,False
Telemedicine,Winter 2014,0,0.0,W14,2014,20140,74,False
Telemedicine,Summer 2014,0,0.0,S14,2014,20142,78,False
Telemedicine,Winter 2015,0,0.0,W15,2015,20150,110,False
Telemedicine,Summer 2015,1,0.962,S15,2015,20152,104,False
Telemedicine,Winter 2016,1,0.82,W16,2016,20160,122,False
Telemedicine,Summer 2016,0,0.0,S16,2016,20162,102,False
Telemedicine,Winter 2017,2,1.724,W17,2017,20170,116,False
Telemedicine,Summer 2017,0,0.0,S17,2017,20172,125,False
Telemedicine,Winter 2018,0,0.0,W18,2018,20180,146,False
Telemedicine,Summer 2018,0,0.0,S18,2018,20182,131,False
Telemedicine,Winter 2019,3,1.546,W19,2019,20190,194,False
Telemedicine,Summer 2019,0,0.0,S19,2019,20192,176,False
Telemedicine,Winter 2020,3,1.316,W20,2020,20200,228,False
Telemedicine,Summer 2020,2,0.957,S20,2020,20202,209,False
Telemedicine,Winter 2021,5,1.488,W21,2021,20210,336,False
Telemedicine,Summer 2021,5,1.279,S21,2021,20212,391,False
Telemedicine,Winter 2022,6,1.508,W22,2022,20220,398,False
Telemedicine,Summer 2022,0,0.0,S22,2022,20222,234,False
Telemedicine,Winter 2023,1,0.365,W23,2023,20230,274,False
Telemedicine,Summer 2023,0,0.0,S23,2023,20232,220,False
Telemedicine,Winter 2024,0,0.0,W24,2024,20240,248,False
Telemedicine,Summer 2024,0,0.0,S24,2024,20242,248,False
Telemedicine,Fall 2024,0,0.0,F24,2024,20243,94,False
Telemedicine,Winter 2025,0,0.0,W25,2025,20250,166,False
Telemedicine,Spring 2025,0,0.0,X25,2025,20251,143,False
Telemedicine,Summer 2025,0,0.0,S25,2025,20252,166,False
Telemedicine,Fall 2025,0,0.0,F25,2025,20253,146,False
Telemedicine,Winter 2026,0,0.0,W26,2026,20260,199,False
Telemedicine,Spring 2026,0,0.0,X26,2026,20261,195,False
Telemedicine,Summer 2026,0,0.0,S26,2026,20262,235,False
Telemedicine,Fall 2026,0,0.0,F26,2026,20263,35,True
Telemedicine,Winter 2027,0,0.0,W27,2027,20270,1,True
Therapeutics,Summer 2005,0,0.0,S05,2005,20052,9,True
Therapeutics,Winter 2006,0,0.0,W06,2006,20060,7,True
Therapeutics,Summer 2006,0,0.0,S06,2006,20062,10,True
Therapeutics,Winter 2007,0,0.0,W07,2007,20070,13,True
Therapeutics,Summer 2007,0,0.0,S07,2007,20072,19,True
Therapeutics,Winter 2008,0,0.0,W08,2008,20080,21,True
Therapeutics,Summer 2008,0,0.0,S08,2008,20082,22,True
Therapeutics,Winter 2009,0,0.0,W09,2009,20090,16,True
Therapeutics,Summer 2009,0,0.0,S09,2009,20092,26,True
Therapeutics,Winter 2010,0,0.0,W10,2010,20100,27,True
Therapeutics,Summer 2010,0,0.0,S10,2010,20102,36,True
Therapeutics,Winter 2011,0,0.0,W11,2011,20110,45,True
Therapeutics,Summer 2011,0,0.0,S11,2011,20112,60,False
Therapeutics,Winter 2012,0,0.0,W12,2012,20120,66,False
Therapeutics,Summer 2012,0,0.0,S12,2012,20122,83,False
Therapeutics,Winter 2013,0,0.0,W13,2013,20130,46,True
Therapeutics,Summer 2013,0,0.0,S13,2013,20132,52,False
Therapeutics,Winter 2014,0,0.0,W14,2014,20140,74,False
Therapeutics,Summer 2014,0,0.0,S14,2014,20142,78,False
Therapeutics,Winter 2015,1,0.909,W15,2015,20150,110,False
Therapeutics,Summer 2015,0,0.0,S15,2015,20152,104,False
Therapeutics,Winter 2016,0,0.0,W16,2016,20160,122,False
Therapeutics,Summer 2016,0,0.0,S16,2016,20162,102,False
Therapeutics,Winter 2017,0,0.0,W17,2017,20170,116,False
Therapeutics,Summer 2017,0,0.0,S17,2017,20172,125,False
Therapeutics,Winter 2018,1,0.685,W18,2018,20180,146,False
Therapeutics,Summer 2018,2,1.527,S18,2018,20182,131,False
Therapeutics,Winter 2019,1,0.515,W19,2019,20190,194,False
Therapeutics,Summer 2019,2,1.136,S19,2019,20192,176,False
Therapeutics,Winter 2020,5,2.193,W20,2020,20200,228,False
Therapeutics,Summer 2020,2,0.957,S20,2020,20202,209,False
Therapeutics,Winter 2021,1,0.298,W21,2021,20210,336,False
Therapeutics,Summer 2021,6,1.535,S21,2021,20212,391,False
Therapeutics,Winter 2022,4,1.005,W22,2022,20220,398,False
Therapeutics,Summer 2022,7,2.991,S22,2022,20222,234,False
Therapeutics,Winter 2023,2,0.73,W23,2023,20230,274,False
Therapeutics,Summer 2023,1,0.455,S23,2023,20232,220,False
Therapeutics,Winter 2024,5,2.016,W24,2024,20240,248,False
Therapeutics,Summer 2024,2,0.806,S24,2024,20242,248,False
Therapeutics,Fall 2024,0,0.0,F24,2024,20243,94,False
Therapeutics,Winter 2025,1,0.602,W25,2025,20250,166,False
Therapeutics,Spring 2025,0,0.0,X25,2025,20251,143,False
Therapeutics,Summer 2025,0,0.0,S25,2025,20252,166,False
Therapeutics,Fall 2025,0,0.0,F25,2025,20253,146,False
Therapeutics,Winter 2026,0,0.0,W26,2026,20260,199,False
Therapeutics,Spring 2026,1,0.513,X26,2026,20261,195,False
Therapeutics,Summer 2026,1,0.426,S26,2026,20262,235,False
Therapeutics,Fall 2026,0,0.0,F26,2026,20263,35,True
Therapeutics,Winter 2027,0,0.0,W27,2027,20270,1,True
Ticketing,Summer 2005,0,0.0,S05,2005,20052,9,True
Ticketing,Winter 2006,0,0.0,W06,2006,20060,7,True
Ticketing,Summer 2006,0,0.0,S06,2006,20062,10,True
Ticketing,Winter 2007,0,0.0,W07,2007,20070,13,True
Ticketing,Summer 2007,0,0.0,S07,2007,20072,19,True
Ticketing,Winter 2008,0,0.0,W08,2008,20080,21,True
Ticketing,Summer 2008,0,0.0,S08,2008,20082,22,True
Ticketing,Winter 2009,0,0.0,W09,2009,20090,16,True
Ticketing,Summer 2009,0,0.0,S09,2009,20092,26,True
Ticketing,Winter 2010,0,0.0,W10,2010,20100,27,True
Ticketing,Summer 2010,0,0.0,S10,2010,20102,36,True
Ticketing,Winter 2011,0,0.0,W11,2011,20110,45,True
Ticketing,Summer 2011,0,0.0,S11,2011,20112,60,False
Ticketing,Winter 2012,0,0.0,W12,2012,20120,66,False
Ticketing,Summer 2012,0,0.0,S12,2012,20122,83,False
Ticketing,Winter 2013,0,0.0,W13,2013,20130,46,True
Ticketing,Summer 2013,0,0.0,S13,2013,20132,52,False
Ticketing,Winter 2014,1,1.351,W14,2014,20140,74,False
Ticketing,Summer 2014,0,0.0,S14,2014,20142,78,False
Ticketing,Winter 2015,0,0.0,W15,2015,20150,110,False
Ticketing,Summer 2015,0,0.0,S15,2015,20152,104,False
Ticketing,Winter 2016,0,0.0,W16,2016,20160,122,False
Ticketing,Summer 2016,1,0.98,S16,2016,20162,102,False
Ticketing,Winter 2017,0,0.0,W17,2017,20170,116,False
Ticketing,Summer 2017,0,0.0,S17,2017,20172,125,False
Ticketing,Winter 2018,0,0.0,W18,2018,20180,146,False
Ticketing,Summer 2018,0,0.0,S18,2018,20182,131,False
Ticketing,Winter 2019,0,0.0,W19,2019,20190,194,False
Ticketing,Summer 2019,0,0.0,S19,2019,20192,176,False
Ticketing,Winter 2020,0,0.0,W20,2020,20200,228,False
Ticketing,Summer 2020,0,0.0,S20,2020,20202,209,False
Ticketing,Winter 2021,0,0.0,W21,2021,20210,336,False
Ticketing,Summer 2021,0,0.0,S21,2021,20212,391,False
Ticketing,Winter 2022,0,0.0,W22,2022,20220,398,False
Ticketing,Summer 2022,0,0.0,S22,2022,20222,234,False
Ticketing,Winter 2023,0,0.0,W23,2023,20230,274,False
Ticketing,Summer 2023,0,0.0,S23,2023,20232,220,False
Ticketing,Winter 2024,0,0.0,W24,2024,20240,248,False
Ticketing,Summer 2024,0,0.0,S24,2024,20242,248,False
Ticketing,Fall 2024,0,0.0,F24,2024,20243,94,False
Ticketing,Winter 2025,0,0.0,W25,2025,20250,166,False
Ticketing,Spring 2025,0,0.0,X25,2025,20251,143,False
Ticketing,Summer 2025,0,0.0,S25,2025,20252,166,False
Ticketing,Fall 2025,0,0.0,F25,2025,20253,146,False
Ticketing,Winter 2026,0,0.0,W26,2026,20260,199,False
Ticketing,Spring 2026,0,0.0,X26,2026,20261,195,False
Ticketing,Summer 2026,0,0.0,S26,2026,20262,235,False
Ticketing,Fall 2026,0,0.0,F26,2026,20263,35,True
Ticketing,Winter 2027,0,0.0,W27,2027,20270,1,True
Time Series,Summer 2005,0,0.0,S05,2005,20052,9,True
Time Series,Winter 2006,0,0.0,W06,2006,20060,7,True
Time Series,Summer 2006,0,0.0,S06,2006,20062,10,True
Time Series,Winter 2007,0,0.0,W07,2007,20070,13,True
Time Series,Summer 2007,0,0.0,S07,2007,20072,19,True
Time Series,Winter 2008,0,0.0,W08,2008,20080,21,True
Time Series,Summer 2008,0,0.0,S08,2008,20082,22,True
Time Series,Winter 2009,0,0.0,W09,2009,20090,16,True
Time Series,Summer 2009,0,0.0,S09,2009,20092,26,True
Time Series,Winter 2010,0,0.0,W10,2010,20100,27,True
Time Series,Summer 2010,0,0.0,S10,2010,20102,36,True
Time Series,Winter 2011,0,0.0,W11,2011,20110,45,True
Time Series,Summer 2011,0,0.0,S11,2011,20112,60,False
Time Series,Winter 2012,0,0.0,W12,2012,20120,66,False
Time Series,Summer 2012,0,0.0,S12,2012,20122,83,False
Time Series,Winter 2013,1,2.174,W13,2013,20130,46,True
Time Series,Summer 2013,0,0.0,S13,2013,20132,52,False
Time Series,Winter 2014,1,1.351,W14,2014,20140,74,False
Time Series,Summer 2014,0,0.0,S14,2014,20142,78,False
Time Series,Winter 2015,0,0.0,W15,2015,20150,110,False
Time Series,Summer 2015,0,0.0,S15,2015,20152,104,False
Time Series,Winter 2016,0,0.0,W16,2016,20160,122,False
Time Series,Summer 2016,0,0.0,S16,2016,20162,102,False
Time Series,Winter 2017,0,0.0,W17,2017,20170,116,False
Time Series,Summer 2017,0,0.0,S17,2017,20172,125,False
Time Series,Winter 2018,0,0.0,W18,2018,20180,146,False
Time Series,Summer 2018,0,0.0,S18,2018,20182,131,False
Time Series,Winter 2019,0,0.0,W19,2019,20190,194,False
Time Series,Summer 2019,0,0.0,S19,2019,20192,176,False
Time Series,Winter 2020,0,0.0,W20,2020,20200,228,False
Time Series,Summer 2020,1,0.478,S20,2020,20202,209,False
Time Series,Winter 2021,0,0.0,W21,2021,20210,336,False
Time Series,Summer 2021,0,0.0,S21,2021,20212,391,False
Time Series,Winter 2022,0,0.0,W22,2022,20220,398,False
Time Series,Summer 2022,0,0.0,S22,2022,20222,234,False
Time Series,Winter 2023,0,0.0,W23,2023,20230,274,False
Time Series,Summer 2023,0,0.0,S23,2023,20232,220,False
Time Series,Winter 2024,0,0.0,W24,2024,20240,248,False
Time Series,Summer 2024,0,0.0,S24,2024,20242,248,False
Time Series,Fall 2024,0,0.0,F24,2024,20243,94,False
Time Series,Winter 2025,0,0.0,W25,2025,20250,166,False
Time Series,Spring 2025,0,0.0,X25,2025,20251,143,False
Time Series,Summer 2025,0,0.0,S25,2025,20252,166,False
Time Series,Fall 2025,0,0.0,F25,2025,20253,146,False
Time Series,Winter 2026,0,0.0,W26,2026,20260,199,False
Time Series,Spring 2026,0,0.0,X26,2026,20261,195,False
Time Series,Summer 2026,1,0.426,S26,2026,20262,235,False
Time Series,Fall 2026,0,0.0,F26,2026,20263,35,True
Time Series,Winter 2027,0,0.0,W27,2027,20270,1,True
Trading,Summer 2005,0,0.0,S05,2005,20052,9,True
Trading,Winter 2006,0,0.0,W06,2006,20060,7,True
Trading,Summer 2006,0,0.0,S06,2006,20062,10,True
Trading,Winter 2007,0,0.0,W07,2007,20070,13,True
Trading,Summer 2007,0,0.0,S07,2007,20072,19,True
Trading,Winter 2008,0,0.0,W08,2008,20080,21,True
Trading,Summer 2008,0,0.0,S08,2008,20082,22,True
Trading,Winter 2009,0,0.0,W09,2009,20090,16,True
Trading,Summer 2009,0,0.0,S09,2009,20092,26,True
Trading,Winter 2010,0,0.0,W10,2010,20100,27,True
Trading,Summer 2010,0,0.0,S10,2010,20102,36,True
Trading,Winter 2011,0,0.0,W11,2011,20110,45,True
Trading,Summer 2011,0,0.0,S11,2011,20112,60,False
Trading,Winter 2012,0,0.0,W12,2012,20120,66,False
Trading,Summer 2012,0,0.0,S12,2012,20122,83,False
Trading,Winter 2013,0,0.0,W13,2013,20130,46,True
Trading,Summer 2013,0,0.0,S13,2013,20132,52,False
Trading,Winter 2014,0,0.0,W14,2014,20140,74,False
Trading,Summer 2014,0,0.0,S14,2014,20142,78,False
Trading,Winter 2015,0,0.0,W15,2015,20150,110,False
Trading,Summer 2015,0,0.0,S15,2015,20152,104,False
Trading,Winter 2016,1,0.82,W16,2016,20160,122,False
Trading,Summer 2016,0,0.0,S16,2016,20162,102,False
Trading,Winter 2017,0,0.0,W17,2017,20170,116,False
Trading,Summer 2017,0,0.0,S17,2017,20172,125,False
Trading,Winter 2018,0,0.0,W18,2018,20180,146,False
Trading,Summer 2018,0,0.0,S18,2018,20182,131,False
Trading,Winter 2019,1,0.515,W19,2019,20190,194,False
Trading,Summer 2019,0,0.0,S19,2019,20192,176,False
Trading,Winter 2020,0,0.0,W20,2020,20200,228,False
Trading,Summer 2020,0,0.0,S20,2020,20202,209,False
Trading,Winter 2021,1,0.298,W21,2021,20210,336,False
Trading,Summer 2021,2,0.512,S21,2021,20212,391,False
Trading,Winter 2022,2,0.503,W22,2022,20220,398,False
Trading,Summer 2022,0,0.0,S22,2022,20222,234,False
Trading,Winter 2023,1,0.365,W23,2023,20230,274,False
Trading,Summer 2023,0,0.0,S23,2023,20232,220,False
Trading,Winter 2024,0,0.0,W24,2024,20240,248,False
Trading,Summer 2024,0,0.0,S24,2024,20242,248,False
Trading,Fall 2024,1,1.064,F24,2024,20243,94,False
Trading,Winter 2025,1,0.602,W25,2025,20250,166,False
Trading,Spring 2025,1,0.699,X25,2025,20251,143,False
Trading,Summer 2025,0,0.0,S25,2025,20252,166,False
Trading,Fall 2025,0,0.0,F25,2025,20253,146,False
Trading,Winter 2026,1,0.503,W26,2026,20260,199,False
Trading,Spring 2026,2,1.026,X26,2026,20261,195,False
Trading,Summer 2026,4,1.702,S26,2026,20262,235,False
Trading,Fall 2026,0,0.0,F26,2026,20263,35,True
Trading,Winter 2027,0,0.0,W27,2027,20270,1,True
Transportation,Summer 2005,0,0.0,S05,2005,20052,9,True
Transportation,Winter 2006,0,0.0,W06,2006,20060,7,True
Transportation,Summer 2006,0,0.0,S06,2006,20062,10,True
Transportation,Winter 2007,0,0.0,W07,2007,20070,13,True
Transportation,Summer 2007,0,0.0,S07,2007,20072,19,True
Transportation,Winter 2008,0,0.0,W08,2008,20080,21,True
Transportation,Summer 2008,0,0.0,S08,2008,20082,22,True
Transportation,Winter 2009,0,0.0,W09,2009,20090,16,True
Transportation,Summer 2009,0,0.0,S09,2009,20092,26,True
Transportation,Winter 2010,0,0.0,W10,2010,20100,27,True
Transportation,Summer 2010,0,0.0,S10,2010,20102,36,True
Transportation,Winter 2011,0,0.0,W11,2011,20110,45,True
Transportation,Summer 2011,1,1.667,S11,2011,20112,60,False
Transportation,Winter 2012,0,0.0,W12,2012,20120,66,False
Transportation,Summer 2012,0,0.0,S12,2012,20122,83,False
Transportation,Winter 2013,1,2.174,W13,2013,20130,46,True
Transportation,Summer 2013,0,0.0,S13,2013,20132,52,False
Transportation,Winter 2014,0,0.0,W14,2014,20140,74,False
Transportation,Summer 2014,0,0.0,S14,2014,20142,78,False
Transportation,Winter 2015,3,2.727,W15,2015,20150,110,False
Transportation,Summer 2015,1,0.962,S15,2015,20152,104,False
Transportation,Winter 2016,4,3.279,W16,2016,20160,122,False
Transportation,Summer 2016,0,0.0,S16,2016,20162,102,False
Transportation,Winter 2017,2,1.724,W17,2017,20170,116,False
Transportation,Summer 2017,2,1.6,S17,2017,20172,125,False
Transportation,Winter 2018,1,0.685,W18,2018,20180,146,False
Transportation,Summer 2018,1,0.763,S18,2018,20182,131,False
Transportation,Winter 2019,2,1.031,W19,2019,20190,194,False
Transportation,Summer 2019,0,0.0,S19,2019,20192,176,False
Transportation,Winter 2020,2,0.877,W20,2020,20200,228,False
Transportation,Summer 2020,2,0.957,S20,2020,20202,209,False
Transportation,Winter 2021,0,0.0,W21,2021,20210,336,False
Transportation,Summer 2021,2,0.512,S21,2021,20212,391,False
Transportation,Winter 2022,3,0.754,W22,2022,20220,398,False
Transportation,Summer 2022,2,0.855,S22,2022,20222,234,False
Transportation,Winter 2023,2,0.73,W23,2023,20230,274,False
Transportation,Summer 2023,1,0.455,S23,2023,20232,220,False
Transportation,Winter 2024,0,0.0,W24,2024,20240,248,False
Transportation,Summer 2024,1,0.403,S24,2024,20242,248,False
Transportation,Fall 2024,1,1.064,F24,2024,20243,94,False
Transportation,Winter 2025,1,0.602,W25,2025,20250,166,False
Transportation,Spring 2025,1,0.699,X25,2025,20251,143,False
Transportation,Summer 2025,0,0.0,S25,2025,20252,166,False
Transportation,Fall 2025,1,0.685,F25,2025,20253,146,False
Transportation,Winter 2026,0,0.0,W26,2026,20260,199,False
Transportation,Spring 2026,0,0.0,X26,2026,20261,195,False
Transportation,Summer 2026,0,0.0,S26,2026,20262,235,False
Transportation,Fall 2026,0,0.0,F26,2026,20263,35,True
Transportation,Winter 2027,0,0.0,W27,2027,20270,1,True
Travel,Summer 2005,0,0.0,S05,2005,20052,9,True
Travel,Winter 2006,0,0.0,W06,2006,20060,7,True
Travel,Summer 2006,0,0.0,S06,2006,20062,10,True
Travel,Winter 2007,0,0.0,W07,2007,20070,13,True
Travel,Summer 2007,0,0.0,S07,2007,20072,19,True
Travel,Winter 2008,0,0.0,W08,2008,20080,21,True
Travel,Summer 2008,0,0.0,S08,2008,20082,22,True
Travel,Winter 2009,1,6.25,W09,2009,20090,16,True
Travel,Summer 2009,0,0.0,S09,2009,20092,26,True
Travel,Winter 2010,0,0.0,W10,2010,20100,27,True
Travel,Summer 2010,1,2.778,S10,2010,20102,36,True
Travel,Winter 2011,0,0.0,W11,2011,20110,45,True
Travel,Summer 2011,0,0.0,S11,2011,20112,60,False
Travel,Winter 2012,2,3.03,W12,2012,20120,66,False
Travel,Summer 2012,3,3.614,S12,2012,20122,83,False
Travel,Winter 2013,1,2.174,W13,2013,20130,46,True
Travel,Summer 2013,1,1.923,S13,2013,20132,52,False
Travel,Winter 2014,2,2.703,W14,2014,20140,74,False
Travel,Summer 2014,1,1.282,S14,2014,20142,78,False
Travel,Winter 2015,3,2.727,W15,2015,20150,110,False
Travel,Summer 2015,2,1.923,S15,2015,20152,104,False
Travel,Winter 2016,0,0.0,W16,2016,20160,122,False
Travel,Summer 2016,1,0.98,S16,2016,20162,102,False
Travel,Winter 2017,0,0.0,W17,2017,20170,116,False
Travel,Summer 2017,1,0.8,S17,2017,20172,125,False
Travel,Winter 2018,0,0.0,W18,2018,20180,146,False
Travel,Summer 2018,2,1.527,S18,2018,20182,131,False
Travel,Winter 2019,4,2.062,W19,2019,20190,194,False
Travel,Summer 2019,0,0.0,S19,2019,20192,176,False
Travel,Winter 2020,2,0.877,W20,2020,20200,228,False
Travel,Summer 2020,1,0.478,S20,2020,20202,209,False
Travel,Winter 2021,3,0.893,W21,2021,20210,336,False
Travel,Summer 2021,2,0.512,S21,2021,20212,391,False
Travel,Winter 2022,4,1.005,W22,2022,20220,398,False
Travel,Summer 2022,0,0.0,S22,2022,20222,234,False
Travel,Winter 2023,0,0.0,W23,2023,20230,274,False
Travel,Summer 2023,2,0.909,S23,2023,20232,220,False
Travel,Winter 2024,3,1.21,W24,2024,20240,248,False
Travel,Summer 2024,3,1.21,S24,2024,20242,248,False
Travel,Fall 2024,1,1.064,F24,2024,20243,94,False
Travel,Winter 2025,1,0.602,W25,2025,20250,166,False
Travel,Spring 2025,0,0.0,X25,2025,20251,143,False
Travel,Summer 2025,1,0.602,S25,2025,20252,166,False
Travel,Fall 2025,0,0.0,F25,2025,20253,146,False
Travel,Winter 2026,0,0.0,W26,2026,20260,199,False
Travel,Spring 2026,0,0.0,X26,2026,20261,195,False
Travel,Summer 2026,1,0.426,S26,2026,20262,235,False
Travel,Fall 2026,0,0.0,F26,2026,20263,35,True
Travel,Winter 2027,0,0.0,W27,2027,20270,1,True
Trust & Safety,Summer 2005,0,0.0,S05,2005,20052,9,True
Trust & Safety,Winter 2006,0,0.0,W06,2006,20060,7,True
Trust & Safety,Summer 2006,0,0.0,S06,2006,20062,10,True
Trust & Safety,Winter 2007,0,0.0,W07,2007,20070,13,True
Trust & Safety,Summer 2007,0,0.0,S07,2007,20072,19,True
Trust & Safety,Winter 2008,0,0.0,W08,2008,20080,21,True
Trust & Safety,Summer 2008,0,0.0,S08,2008,20082,22,True
Trust & Safety,Winter 2009,0,0.0,W09,2009,20090,16,True
Trust & Safety,Summer 2009,0,0.0,S09,2009,20092,26,True
Trust & Safety,Winter 2010,0,0.0,W10,2010,20100,27,True
Trust & Safety,Summer 2010,0,0.0,S10,2010,20102,36,True
Trust & Safety,Winter 2011,0,0.0,W11,2011,20110,45,True
Trust & Safety,Summer 2011,0,0.0,S11,2011,20112,60,False
Trust & Safety,Winter 2012,0,0.0,W12,2012,20120,66,False
Trust & Safety,Summer 2012,0,0.0,S12,2012,20122,83,False
Trust & Safety,Winter 2013,0,0.0,W13,2013,20130,46,True
Trust & Safety,Summer 2013,0,0.0,S13,2013,20132,52,False
Trust & Safety,Winter 2014,0,0.0,W14,2014,20140,74,False
Trust & Safety,Summer 2014,0,0.0,S14,2014,20142,78,False
Trust & Safety,Winter 2015,0,0.0,W15,2015,20150,110,False
Trust & Safety,Summer 2015,0,0.0,S15,2015,20152,104,False
Trust & Safety,Winter 2016,0,0.0,W16,2016,20160,122,False
Trust & Safety,Summer 2016,0,0.0,S16,2016,20162,102,False
Trust & Safety,Winter 2017,0,0.0,W17,2017,20170,116,False
Trust & Safety,Summer 2017,0,0.0,S17,2017,20172,125,False
Trust & Safety,Winter 2018,0,0.0,W18,2018,20180,146,False
Trust & Safety,Summer 2018,0,0.0,S18,2018,20182,131,False
Trust & Safety,Winter 2019,0,0.0,W19,2019,20190,194,False
Trust & Safety,Summer 2019,0,0.0,S19,2019,20192,176,False
Trust & Safety,Winter 2020,0,0.0,W20,2020,20200,228,False
Trust & Safety,Summer 2020,0,0.0,S20,2020,20202,209,False
Trust & Safety,Winter 2021,0,0.0,W21,2021,20210,336,False
Trust & Safety,Summer 2021,0,0.0,S21,2021,20212,391,False
Trust & Safety,Winter 2022,1,0.251,W22,2022,20220,398,False
Trust & Safety,Summer 2022,0,0.0,S22,2022,20222,234,False
Trust & Safety,Winter 2023,0,0.0,W23,2023,20230,274,False
Trust & Safety,Summer 2023,1,0.455,S23,2023,20232,220,False
Trust & Safety,Winter 2024,0,0.0,W24,2024,20240,248,False
Trust & Safety,Summer 2024,0,0.0,S24,2024,20242,248,False
Trust & Safety,Fall 2024,0,0.0,F24,2024,20243,94,False
Trust & Safety,Winter 2025,0,0.0,W25,2025,20250,166,False
Trust & Safety,Spring 2025,0,0.0,X25,2025,20251,143,False
Trust & Safety,Summer 2025,0,0.0,S25,2025,20252,166,False
Trust & Safety,Fall 2025,0,0.0,F25,2025,20253,146,False
Trust & Safety,Winter 2026,0,0.0,W26,2026,20260,199,False
Trust & Safety,Spring 2026,1,0.513,X26,2026,20261,195,False
Trust & Safety,Summer 2026,0,0.0,S26,2026,20262,235,False
Trust & Safety,Fall 2026,0,0.0,F26,2026,20263,35,True
Trust & Safety,Winter 2027,0,0.0,W27,2027,20270,1,True
Unmanned Vehicle,Summer 2005,0,0.0,S05,2005,20052,9,True
Unmanned Vehicle,Winter 2006,0,0.0,W06,2006,20060,7,True
Unmanned Vehicle,Summer 2006,0,0.0,S06,2006,20062,10,True
Unmanned Vehicle,Winter 2007,0,0.0,W07,2007,20070,13,True
Unmanned Vehicle,Summer 2007,0,0.0,S07,2007,20072,19,True
Unmanned Vehicle,Winter 2008,0,0.0,W08,2008,20080,21,True
Unmanned Vehicle,Summer 2008,0,0.0,S08,2008,20082,22,True
Unmanned Vehicle,Winter 2009,0,0.0,W09,2009,20090,16,True
Unmanned Vehicle,Summer 2009,0,0.0,S09,2009,20092,26,True
Unmanned Vehicle,Winter 2010,0,0.0,W10,2010,20100,27,True
Unmanned Vehicle,Summer 2010,0,0.0,S10,2010,20102,36,True
Unmanned Vehicle,Winter 2011,0,0.0,W11,2011,20110,45,True
Unmanned Vehicle,Summer 2011,0,0.0,S11,2011,20112,60,False
Unmanned Vehicle,Winter 2012,0,0.0,W12,2012,20120,66,False
Unmanned Vehicle,Summer 2012,0,0.0,S12,2012,20122,83,False
Unmanned Vehicle,Winter 2013,0,0.0,W13,2013,20130,46,True
Unmanned Vehicle,Summer 2013,0,0.0,S13,2013,20132,52,False
Unmanned Vehicle,Winter 2014,0,0.0,W14,2014,20140,74,False
Unmanned Vehicle,Summer 2014,0,0.0,S14,2014,20142,78,False
Unmanned Vehicle,Winter 2015,0,0.0,W15,2015,20150,110,False
Unmanned Vehicle,Summer 2015,0,0.0,S15,2015,20152,104,False
Unmanned Vehicle,Winter 2016,1,0.82,W16,2016,20160,122,False
Unmanned Vehicle,Summer 2016,0,0.0,S16,2016,20162,102,False
Unmanned Vehicle,Winter 2017,0,0.0,W17,2017,20170,116,False
Unmanned Vehicle,Summer 2017,0,0.0,S17,2017,20172,125,False
Unmanned Vehicle,Winter 2018,0,0.0,W18,2018,20180,146,False
Unmanned Vehicle,Summer 2018,0,0.0,S18,2018,20182,131,False
Unmanned Vehicle,Winter 2019,0,0.0,W19,2019,20190,194,False
Unmanned Vehicle,Summer 2019,0,0.0,S19,2019,20192,176,False
Unmanned Vehicle,Winter 2020,1,0.439,W20,2020,20200,228,False
Unmanned Vehicle,Summer 2020,0,0.0,S20,2020,20202,209,False
Unmanned Vehicle,Winter 2021,0,0.0,W21,2021,20210,336,False
Unmanned Vehicle,Summer 2021,0,0.0,S21,2021,20212,391,False
Unmanned Vehicle,Winter 2022,0,0.0,W22,2022,20220,398,False
Unmanned Vehicle,Summer 2022,1,0.427,S22,2022,20222,234,False
Unmanned Vehicle,Winter 2023,0,0.0,W23,2023,20230,274,False
Unmanned Vehicle,Summer 2023,0,0.0,S23,2023,20232,220,False
Unmanned Vehicle,Winter 2024,0,0.0,W24,2024,20240,248,False
Unmanned Vehicle,Summer 2024,0,0.0,S24,2024,20242,248,False
Unmanned Vehicle,Fall 2024,0,0.0,F24,2024,20243,94,False
Unmanned Vehicle,Winter 2025,0,0.0,W25,2025,20250,166,False
Unmanned Vehicle,Spring 2025,0,0.0,X25,2025,20251,143,False
Unmanned Vehicle,Summer 2025,0,0.0,S25,2025,20252,166,False
Unmanned Vehicle,Fall 2025,0,0.0,F25,2025,20253,146,False
Unmanned Vehicle,Winter 2026,0,0.0,W26,2026,20260,199,False
Unmanned Vehicle,Spring 2026,0,0.0,X26,2026,20261,195,False
Unmanned Vehicle,Summer 2026,1,0.426,S26,2026,20262,235,False
Unmanned Vehicle,Fall 2026,0,0.0,F26,2026,20263,35,True
Unmanned Vehicle,Winter 2027,0,0.0,W27,2027,20270,1,True
VR Health,Summer 2005,0,0.0,S05,2005,20052,9,True
VR Health,Winter 2006,0,0.0,W06,2006,20060,7,True
VR Health,Summer 2006,0,0.0,S06,2006,20062,10,True
VR Health,Winter 2007,0,0.0,W07,2007,20070,13,True
VR Health,Summer 2007,0,0.0,S07,2007,20072,19,True
VR Health,Winter 2008,0,0.0,W08,2008,20080,21,True
VR Health,Summer 2008,0,0.0,S08,2008,20082,22,True
VR Health,Winter 2009,0,0.0,W09,2009,20090,16,True
VR Health,Summer 2009,0,0.0,S09,2009,20092,26,True
VR Health,Winter 2010,0,0.0,W10,2010,20100,27,True
VR Health,Summer 2010,0,0.0,S10,2010,20102,36,True
VR Health,Winter 2011,0,0.0,W11,2011,20110,45,True
VR Health,Summer 2011,0,0.0,S11,2011,20112,60,False
VR Health,Winter 2012,0,0.0,W12,2012,20120,66,False
VR Health,Summer 2012,0,0.0,S12,2012,20122,83,False
VR Health,Winter 2013,0,0.0,W13,2013,20130,46,True
VR Health,Summer 2013,0,0.0,S13,2013,20132,52,False
VR Health,Winter 2014,0,0.0,W14,2014,20140,74,False
VR Health,Summer 2014,0,0.0,S14,2014,20142,78,False
VR Health,Winter 2015,0,0.0,W15,2015,20150,110,False
VR Health,Summer 2015,0,0.0,S15,2015,20152,104,False
VR Health,Winter 2016,0,0.0,W16,2016,20160,122,False
VR Health,Summer 2016,1,0.98,S16,2016,20162,102,False
VR Health,Winter 2017,0,0.0,W17,2017,20170,116,False
VR Health,Summer 2017,0,0.0,S17,2017,20172,125,False
VR Health,Winter 2018,1,0.685,W18,2018,20180,146,False
VR Health,Summer 2018,0,0.0,S18,2018,20182,131,False
VR Health,Winter 2019,0,0.0,W19,2019,20190,194,False
VR Health,Summer 2019,0,0.0,S19,2019,20192,176,False
VR Health,Winter 2020,0,0.0,W20,2020,20200,228,False
VR Health,Summer 2020,0,0.0,S20,2020,20202,209,False
VR Health,Winter 2021,0,0.0,W21,2021,20210,336,False
VR Health,Summer 2021,0,0.0,S21,2021,20212,391,False
VR Health,Winter 2022,0,0.0,W22,2022,20220,398,False
VR Health,Summer 2022,0,0.0,S22,2022,20222,234,False
VR Health,Winter 2023,0,0.0,W23,2023,20230,274,False
VR Health,Summer 2023,0,0.0,S23,2023,20232,220,False
VR Health,Winter 2024,0,0.0,W24,2024,20240,248,False
VR Health,Summer 2024,0,0.0,S24,2024,20242,248,False
VR Health,Fall 2024,0,0.0,F24,2024,20243,94,False
VR Health,Winter 2025,0,0.0,W25,2025,20250,166,False
VR Health,Spring 2025,0,0.0,X25,2025,20251,143,False
VR Health,Summer 2025,0,0.0,S25,2025,20252,166,False
VR Health,Fall 2025,0,0.0,F25,2025,20253,146,False
VR Health,Winter 2026,0,0.0,W26,2026,20260,199,False
VR Health,Spring 2026,0,0.0,X26,2026,20261,195,False
VR Health,Summer 2026,0,0.0,S26,2026,20262,235,False
VR Health,Fall 2026,0,0.0,F26,2026,20263,35,True
VR Health,Winter 2027,0,0.0,W27,2027,20270,1,True
Vaccines,Summer 2005,0,0.0,S05,2005,20052,9,True
Vaccines,Winter 2006,0,0.0,W06,2006,20060,7,True
Vaccines,Summer 2006,0,0.0,S06,2006,20062,10,True
Vaccines,Winter 2007,0,0.0,W07,2007,20070,13,True
Vaccines,Summer 2007,0,0.0,S07,2007,20072,19,True
Vaccines,Winter 2008,0,0.0,W08,2008,20080,21,True
Vaccines,Summer 2008,0,0.0,S08,2008,20082,22,True
Vaccines,Winter 2009,0,0.0,W09,2009,20090,16,True
Vaccines,Summer 2009,0,0.0,S09,2009,20092,26,True
Vaccines,Winter 2010,0,0.0,W10,2010,20100,27,True
Vaccines,Summer 2010,0,0.0,S10,2010,20102,36,True
Vaccines,Winter 2011,0,0.0,W11,2011,20110,45,True
Vaccines,Summer 2011,0,0.0,S11,2011,20112,60,False
Vaccines,Winter 2012,0,0.0,W12,2012,20120,66,False
Vaccines,Summer 2012,0,0.0,S12,2012,20122,83,False
Vaccines,Winter 2013,0,0.0,W13,2013,20130,46,True
Vaccines,Summer 2013,0,0.0,S13,2013,20132,52,False
Vaccines,Winter 2014,0,0.0,W14,2014,20140,74,False
Vaccines,Summer 2014,0,0.0,S14,2014,20142,78,False
Vaccines,Winter 2015,0,0.0,W15,2015,20150,110,False
Vaccines,Summer 2015,0,0.0,S15,2015,20152,104,False
Vaccines,Winter 2016,0,0.0,W16,2016,20160,122,False
Vaccines,Summer 2016,0,0.0,S16,2016,20162,102,False
Vaccines,Winter 2017,0,0.0,W17,2017,20170,116,False
Vaccines,Summer 2017,0,0.0,S17,2017,20172,125,False
Vaccines,Winter 2018,0,0.0,W18,2018,20180,146,False
Vaccines,Summer 2018,0,0.0,S18,2018,20182,131,False
Vaccines,Winter 2019,0,0.0,W19,2019,20190,194,False
Vaccines,Summer 2019,0,0.0,S19,2019,20192,176,False
Vaccines,Winter 2020,0,0.0,W20,2020,20200,228,False
Vaccines,Summer 2020,0,0.0,S20,2020,20202,209,False
Vaccines,Winter 2021,0,0.0,W21,2021,20210,336,False
Vaccines,Summer 2021,0,0.0,S21,2021,20212,391,False
Vaccines,Winter 2022,0,0.0,W22,2022,20220,398,False
Vaccines,Summer 2022,0,0.0,S22,2022,20222,234,False
Vaccines,Winter 2023,0,0.0,W23,2023,20230,274,False
Vaccines,Summer 2023,0,0.0,S23,2023,20232,220,False
Vaccines,Winter 2024,0,0.0,W24,2024,20240,248,False
Vaccines,Summer 2024,0,0.0,S24,2024,20242,248,False
Vaccines,Fall 2024,0,0.0,F24,2024,20243,94,False
Vaccines,Winter 2025,0,0.0,W25,2025,20250,166,False
Vaccines,Spring 2025,0,0.0,X25,2025,20251,143,False
Vaccines,Summer 2025,0,0.0,S25,2025,20252,166,False
Vaccines,Fall 2025,0,0.0,F25,2025,20253,146,False
Vaccines,Winter 2026,0,0.0,W26,2026,20260,199,False
Vaccines,Spring 2026,0,0.0,X26,2026,20261,195,False
Vaccines,Summer 2026,1,0.426,S26,2026,20262,235,False
Vaccines,Fall 2026,0,0.0,F26,2026,20263,35,True
Vaccines,Winter 2027,0,0.0,W27,2027,20270,1,True
Vertical Farming,Summer 2005,0,0.0,S05,2005,20052,9,True
Vertical Farming,Winter 2006,0,0.0,W06,2006,20060,7,True
Vertical Farming,Summer 2006,0,0.0,S06,2006,20062,10,True
Vertical Farming,Winter 2007,0,0.0,W07,2007,20070,13,True
Vertical Farming,Summer 2007,0,0.0,S07,2007,20072,19,True
Vertical Farming,Winter 2008,0,0.0,W08,2008,20080,21,True
Vertical Farming,Summer 2008,0,0.0,S08,2008,20082,22,True
Vertical Farming,Winter 2009,0,0.0,W09,2009,20090,16,True
Vertical Farming,Summer 2009,0,0.0,S09,2009,20092,26,True
Vertical Farming,Winter 2010,0,0.0,W10,2010,20100,27,True
Vertical Farming,Summer 2010,0,0.0,S10,2010,20102,36,True
Vertical Farming,Winter 2011,0,0.0,W11,2011,20110,45,True
Vertical Farming,Summer 2011,0,0.0,S11,2011,20112,60,False
Vertical Farming,Winter 2012,0,0.0,W12,2012,20120,66,False
Vertical Farming,Summer 2012,0,0.0,S12,2012,20122,83,False
Vertical Farming,Winter 2013,0,0.0,W13,2013,20130,46,True
Vertical Farming,Summer 2013,0,0.0,S13,2013,20132,52,False
Vertical Farming,Winter 2014,0,0.0,W14,2014,20140,74,False
Vertical Farming,Summer 2014,0,0.0,S14,2014,20142,78,False
Vertical Farming,Winter 2015,0,0.0,W15,2015,20150,110,False
Vertical Farming,Summer 2015,1,0.962,S15,2015,20152,104,False
Vertical Farming,Winter 2016,0,0.0,W16,2016,20160,122,False
Vertical Farming,Summer 2016,0,0.0,S16,2016,20162,102,False
Vertical Farming,Winter 2017,0,0.0,W17,2017,20170,116,False
Vertical Farming,Summer 2017,0,0.0,S17,2017,20172,125,False
Vertical Farming,Winter 2018,1,0.685,W18,2018,20180,146,False
Vertical Farming,Summer 2018,0,0.0,S18,2018,20182,131,False
Vertical Farming,Winter 2019,0,0.0,W19,2019,20190,194,False
Vertical Farming,Summer 2019,0,0.0,S19,2019,20192,176,False
Vertical Farming,Winter 2020,0,0.0,W20,2020,20200,228,False
Vertical Farming,Summer 2020,0,0.0,S20,2020,20202,209,False
Vertical Farming,Winter 2021,0,0.0,W21,2021,20210,336,False
Vertical Farming,Summer 2021,0,0.0,S21,2021,20212,391,False
Vertical Farming,Winter 2022,0,0.0,W22,2022,20220,398,False
Vertical Farming,Summer 2022,0,0.0,S22,2022,20222,234,False
Vertical Farming,Winter 2023,0,0.0,W23,2023,20230,274,False
Vertical Farming,Summer 2023,0,0.0,S23,2023,20232,220,False
Vertical Farming,Winter 2024,0,0.0,W24,2024,20240,248,False
Vertical Farming,Summer 2024,0,0.0,S24,2024,20242,248,False
Vertical Farming,Fall 2024,0,0.0,F24,2024,20243,94,False
Vertical Farming,Winter 2025,0,0.0,W25,2025,20250,166,False
Vertical Farming,Spring 2025,0,0.0,X25,2025,20251,143,False
Vertical Farming,Summer 2025,0,0.0,S25,2025,20252,166,False
Vertical Farming,Fall 2025,0,0.0,F25,2025,20253,146,False
Vertical Farming,Winter 2026,0,0.0,W26,2026,20260,199,False
Vertical Farming,Spring 2026,0,0.0,X26,2026,20261,195,False
Vertical Farming,Summer 2026,0,0.0,S26,2026,20262,235,False
Vertical Farming,Fall 2026,0,0.0,F26,2026,20263,35,True
Vertical Farming,Winter 2027,0,0.0,W27,2027,20270,1,True
Video,Summer 2005,0,0.0,S05,2005,20052,9,True
Video,Winter 2006,0,0.0,W06,2006,20060,7,True
Video,Summer 2006,0,0.0,S06,2006,20062,10,True
Video,Winter 2007,1,7.692,W07,2007,20070,13,True
Video,Summer 2007,0,0.0,S07,2007,20072,19,True
Video,Winter 2008,1,4.762,W08,2008,20080,21,True
Video,Summer 2008,0,0.0,S08,2008,20082,22,True
Video,Winter 2009,0,0.0,W09,2009,20090,16,True
Video,Summer 2009,1,3.846,S09,2009,20092,26,True
Video,Winter 2010,3,11.111,W10,2010,20100,27,True
Video,Summer 2010,0,0.0,S10,2010,20102,36,True
Video,Winter 2011,0,0.0,W11,2011,20110,45,True
Video,Summer 2011,4,6.667,S11,2011,20112,60,False
Video,Winter 2012,2,3.03,W12,2012,20120,66,False
Video,Summer 2012,6,7.229,S12,2012,20122,83,False
Video,Winter 2013,0,0.0,W13,2013,20130,46,True
Video,Summer 2013,2,3.846,S13,2013,20132,52,False
Video,Winter 2014,2,2.703,W14,2014,20140,74,False
Video,Summer 2014,0,0.0,S14,2014,20142,78,False
Video,Winter 2015,0,0.0,W15,2015,20150,110,False
Video,Summer 2015,3,2.885,S15,2015,20152,104,False
Video,Winter 2016,3,2.459,W16,2016,20160,122,False
Video,Summer 2016,3,2.941,S16,2016,20162,102,False
Video,Winter 2017,2,1.724,W17,2017,20170,116,False
Video,Summer 2017,3,2.4,S17,2017,20172,125,False
Video,Winter 2018,1,0.685,W18,2018,20180,146,False
Video,Summer 2018,0,0.0,S18,2018,20182,131,False
Video,Winter 2019,2,1.031,W19,2019,20190,194,False
Video,Summer 2019,0,0.0,S19,2019,20192,176,False
Video,Winter 2020,2,0.877,W20,2020,20200,228,False
Video,Summer 2020,4,1.914,S20,2020,20202,209,False
Video,Winter 2021,4,1.19,W21,2021,20210,336,False
Video,Summer 2021,4,1.023,S21,2021,20212,391,False
Video,Winter 2022,3,0.754,W22,2022,20220,398,False
Video,Summer 2022,3,1.282,S22,2022,20222,234,False
Video,Winter 2023,5,1.825,W23,2023,20230,274,False
Video,Summer 2023,3,1.364,S23,2023,20232,220,False
Video,Winter 2024,7,2.823,W24,2024,20240,248,False
Video,Summer 2024,3,1.21,S24,2024,20242,248,False
Video,Fall 2024,3,3.191,F24,2024,20243,94,False
Video,Winter 2025,0,0.0,W25,2025,20250,166,False
Video,Spring 2025,0,0.0,X25,2025,20251,143,False
Video,Summer 2025,4,2.41,S25,2025,20252,166,False
Video,Fall 2025,4,2.74,F25,2025,20253,146,False
Video,Winter 2026,0,0.0,W26,2026,20260,199,False
Video,Spring 2026,0,0.0,X26,2026,20261,195,False
Video,Summer 2026,1,0.426,S26,2026,20262,235,False
Video,Fall 2026,0,0.0,F26,2026,20263,35,True
Video,Winter 2027,0,0.0,W27,2027,20270,1,True
Virtual Reality,Summer 2005,0,0.0,S05,2005,20052,9,True
Virtual Reality,Winter 2006,0,0.0,W06,2006,20060,7,True
Virtual Reality,Summer 2006,0,0.0,S06,2006,20062,10,True
Virtual Reality,Winter 2007,0,0.0,W07,2007,20070,13,True
Virtual Reality,Summer 2007,0,0.0,S07,2007,20072,19,True
Virtual Reality,Winter 2008,0,0.0,W08,2008,20080,21,True
Virtual Reality,Summer 2008,0,0.0,S08,2008,20082,22,True
Virtual Reality,Winter 2009,0,0.0,W09,2009,20090,16,True
Virtual Reality,Summer 2009,0,0.0,S09,2009,20092,26,True
Virtual Reality,Winter 2010,0,0.0,W10,2010,20100,27,True
Virtual Reality,Summer 2010,0,0.0,S10,2010,20102,36,True
Virtual Reality,Winter 2011,0,0.0,W11,2011,20110,45,True
Virtual Reality,Summer 2011,0,0.0,S11,2011,20112,60,False
Virtual Reality,Winter 2012,0,0.0,W12,2012,20120,66,False
Virtual Reality,Summer 2012,0,0.0,S12,2012,20122,83,False
Virtual Reality,Winter 2013,0,0.0,W13,2013,20130,46,True
Virtual Reality,Summer 2013,0,0.0,S13,2013,20132,52,False
Virtual Reality,Winter 2014,0,0.0,W14,2014,20140,74,False
Virtual Reality,Summer 2014,0,0.0,S14,2014,20142,78,False
Virtual Reality,Winter 2015,1,0.909,W15,2015,20150,110,False
Virtual Reality,Summer 2015,0,0.0,S15,2015,20152,104,False
Virtual Reality,Winter 2016,0,0.0,W16,2016,20160,122,False
Virtual Reality,Summer 2016,0,0.0,S16,2016,20162,102,False
Virtual Reality,Winter 2017,0,0.0,W17,2017,20170,116,False
Virtual Reality,Summer 2017,0,0.0,S17,2017,20172,125,False
Virtual Reality,Winter 2018,2,1.37,W18,2018,20180,146,False
Virtual Reality,Summer 2018,0,0.0,S18,2018,20182,131,False
Virtual Reality,Winter 2019,0,0.0,W19,2019,20190,194,False
Virtual Reality,Summer 2019,2,1.136,S19,2019,20192,176,False
Virtual Reality,Winter 2020,0,0.0,W20,2020,20200,228,False
Virtual Reality,Summer 2020,0,0.0,S20,2020,20202,209,False
Virtual Reality,Winter 2021,1,0.298,W21,2021,20210,336,False
Virtual Reality,Summer 2021,1,0.256,S21,2021,20212,391,False
Virtual Reality,Winter 2022,4,1.005,W22,2022,20220,398,False
Virtual Reality,Summer 2022,2,0.855,S22,2022,20222,234,False
Virtual Reality,Winter 2023,0,0.0,W23,2023,20230,274,False
Virtual Reality,Summer 2023,0,0.0,S23,2023,20232,220,False
Virtual Reality,Winter 2024,0,0.0,W24,2024,20240,248,False
Virtual Reality,Summer 2024,0,0.0,S24,2024,20242,248,False
Virtual Reality,Fall 2024,0,0.0,F24,2024,20243,94,False
Virtual Reality,Winter 2025,0,0.0,W25,2025,20250,166,False
Virtual Reality,Spring 2025,0,0.0,X25,2025,20251,143,False
Virtual Reality,Summer 2025,0,0.0,S25,2025,20252,166,False
Virtual Reality,Fall 2025,0,0.0,F25,2025,20253,146,False
Virtual Reality,Winter 2026,0,0.0,W26,2026,20260,199,False
Virtual Reality,Spring 2026,0,0.0,X26,2026,20261,195,False
Virtual Reality,Summer 2026,1,0.426,S26,2026,20262,235,False
Virtual Reality,Fall 2026,0,0.0,F26,2026,20263,35,True
Virtual Reality,Winter 2027,0,0.0,W27,2027,20270,1,True
Warehouse Management Tech,Summer 2005,0,0.0,S05,2005,20052,9,True
Warehouse Management Tech,Winter 2006,0,0.0,W06,2006,20060,7,True
Warehouse Management Tech,Summer 2006,0,0.0,S06,2006,20062,10,True
Warehouse Management Tech,Winter 2007,0,0.0,W07,2007,20070,13,True
Warehouse Management Tech,Summer 2007,0,0.0,S07,2007,20072,19,True
Warehouse Management Tech,Winter 2008,0,0.0,W08,2008,20080,21,True
Warehouse Management Tech,Summer 2008,0,0.0,S08,2008,20082,22,True
Warehouse Management Tech,Winter 2009,0,0.0,W09,2009,20090,16,True
Warehouse Management Tech,Summer 2009,0,0.0,S09,2009,20092,26,True
Warehouse Management Tech,Winter 2010,0,0.0,W10,2010,20100,27,True
Warehouse Management Tech,Summer 2010,0,0.0,S10,2010,20102,36,True
Warehouse Management Tech,Winter 2011,0,0.0,W11,2011,20110,45,True
Warehouse Management Tech,Summer 2011,0,0.0,S11,2011,20112,60,False
Warehouse Management Tech,Winter 2012,0,0.0,W12,2012,20120,66,False
Warehouse Management Tech,Summer 2012,0,0.0,S12,2012,20122,83,False
Warehouse Management Tech,Winter 2013,0,0.0,W13,2013,20130,46,True
Warehouse Management Tech,Summer 2013,0,0.0,S13,2013,20132,52,False
Warehouse Management Tech,Winter 2014,0,0.0,W14,2014,20140,74,False
Warehouse Management Tech,Summer 2014,0,0.0,S14,2014,20142,78,False
Warehouse Management Tech,Winter 2015,0,0.0,W15,2015,20150,110,False
Warehouse Management Tech,Summer 2015,0,0.0,S15,2015,20152,104,False
Warehouse Management Tech,Winter 2016,1,0.82,W16,2016,20160,122,False
Warehouse Management Tech,Summer 2016,0,0.0,S16,2016,20162,102,False
Warehouse Management Tech,Winter 2017,0,0.0,W17,2017,20170,116,False
Warehouse Management Tech,Summer 2017,0,0.0,S17,2017,20172,125,False
Warehouse Management Tech,Winter 2018,0,0.0,W18,2018,20180,146,False
Warehouse Management Tech,Summer 2018,2,1.527,S18,2018,20182,131,False
Warehouse Management Tech,Winter 2019,1,0.515,W19,2019,20190,194,False
Warehouse Management Tech,Summer 2019,0,0.0,S19,2019,20192,176,False
Warehouse Management Tech,Winter 2020,0,0.0,W20,2020,20200,228,False
Warehouse Management Tech,Summer 2020,1,0.478,S20,2020,20202,209,False
Warehouse Management Tech,Winter 2021,2,0.595,W21,2021,20210,336,False
Warehouse Management Tech,Summer 2021,2,0.512,S21,2021,20212,391,False
Warehouse Management Tech,Winter 2022,2,0.503,W22,2022,20220,398,False
Warehouse Management Tech,Summer 2022,0,0.0,S22,2022,20222,234,False
Warehouse Management Tech,Winter 2023,1,0.365,W23,2023,20230,274,False
Warehouse Management Tech,Summer 2023,0,0.0,S23,2023,20232,220,False
Warehouse Management Tech,Winter 2024,0,0.0,W24,2024,20240,248,False
Warehouse Management Tech,Summer 2024,1,0.403,S24,2024,20242,248,False
Warehouse Management Tech,Fall 2024,0,0.0,F24,2024,20243,94,False
Warehouse Management Tech,Winter 2025,0,0.0,W25,2025,20250,166,False
Warehouse Management Tech,Spring 2025,0,0.0,X25,2025,20251,143,False
Warehouse Management Tech,Summer 2025,0,0.0,S25,2025,20252,166,False
Warehouse Management Tech,Fall 2025,0,0.0,F25,2025,20253,146,False
Warehouse Management Tech,Winter 2026,0,0.0,W26,2026,20260,199,False
Warehouse Management Tech,Spring 2026,0,0.0,X26,2026,20261,195,False
Warehouse Management Tech,Summer 2026,1,0.426,S26,2026,20262,235,False
Warehouse Management Tech,Fall 2026,0,0.0,F26,2026,20263,35,True
Warehouse Management Tech,Winter 2027,0,0.0,W27,2027,20270,1,True
Weather,Summer 2005,0,0.0,S05,2005,20052,9,True
Weather,Winter 2006,0,0.0,W06,2006,20060,7,True
Weather,Summer 2006,0,0.0,S06,2006,20062,10,True
Weather,Winter 2007,0,0.0,W07,2007,20070,13,True
Weather,Summer 2007,0,0.0,S07,2007,20072,19,True
Weather,Winter 2008,0,0.0,W08,2008,20080,21,True
Weather,Summer 2008,0,0.0,S08,2008,20082,22,True
Weather,Winter 2009,0,0.0,W09,2009,20090,16,True
Weather,Summer 2009,0,0.0,S09,2009,20092,26,True
Weather,Winter 2010,0,0.0,W10,2010,20100,27,True
Weather,Summer 2010,0,0.0,S10,2010,20102,36,True
Weather,Winter 2011,0,0.0,W11,2011,20110,45,True
Weather,Summer 2011,0,0.0,S11,2011,20112,60,False
Weather,Winter 2012,0,0.0,W12,2012,20120,66,False
Weather,Summer 2012,0,0.0,S12,2012,20122,83,False
Weather,Winter 2013,0,0.0,W13,2013,20130,46,True
Weather,Summer 2013,0,0.0,S13,2013,20132,52,False
Weather,Winter 2014,0,0.0,W14,2014,20140,74,False
Weather,Summer 2014,0,0.0,S14,2014,20142,78,False
Weather,Winter 2015,0,0.0,W15,2015,20150,110,False
Weather,Summer 2015,0,0.0,S15,2015,20152,104,False
Weather,Winter 2016,0,0.0,W16,2016,20160,122,False
Weather,Summer 2016,0,0.0,S16,2016,20162,102,False
Weather,Winter 2017,0,0.0,W17,2017,20170,116,False
Weather,Summer 2017,0,0.0,S17,2017,20172,125,False
Weather,Winter 2018,0,0.0,W18,2018,20180,146,False
Weather,Summer 2018,0,0.0,S18,2018,20182,131,False
Weather,Winter 2019,1,0.515,W19,2019,20190,194,False
Weather,Summer 2019,0,0.0,S19,2019,20192,176,False
Weather,Winter 2020,1,0.439,W20,2020,20200,228,False
Weather,Summer 2020,0,0.0,S20,2020,20202,209,False
Weather,Winter 2021,1,0.298,W21,2021,20210,336,False
Weather,Summer 2021,0,0.0,S21,2021,20212,391,False
Weather,Winter 2022,0,0.0,W22,2022,20220,398,False
Weather,Summer 2022,0,0.0,S22,2022,20222,234,False
Weather,Winter 2023,0,0.0,W23,2023,20230,274,False
Weather,Summer 2023,0,0.0,S23,2023,20232,220,False
Weather,Winter 2024,0,0.0,W24,2024,20240,248,False
Weather,Summer 2024,0,0.0,S24,2024,20242,248,False
Weather,Fall 2024,0,0.0,F24,2024,20243,94,False
Weather,Winter 2025,0,0.0,W25,2025,20250,166,False
Weather,Spring 2025,0,0.0,X25,2025,20251,143,False
Weather,Summer 2025,0,0.0,S25,2025,20252,166,False
Weather,Fall 2025,0,0.0,F25,2025,20253,146,False
Weather,Winter 2026,0,0.0,W26,2026,20260,199,False
Weather,Spring 2026,0,0.0,X26,2026,20261,195,False
Weather,Summer 2026,0,0.0,S26,2026,20262,235,False
Weather,Fall 2026,0,0.0,F26,2026,20263,35,True
Weather,Winter 2027,0,0.0,W27,2027,20270,1,True
Web Development,Summer 2005,0,0.0,S05,2005,20052,9,True
Web Development,Winter 2006,0,0.0,W06,2006,20060,7,True
Web Development,Summer 2006,0,0.0,S06,2006,20062,10,True
Web Development,Winter 2007,0,0.0,W07,2007,20070,13,True
Web Development,Summer 2007,0,0.0,S07,2007,20072,19,True
Web Development,Winter 2008,0,0.0,W08,2008,20080,21,True
Web Development,Summer 2008,0,0.0,S08,2008,20082,22,True
Web Development,Winter 2009,0,0.0,W09,2009,20090,16,True
Web Development,Summer 2009,0,0.0,S09,2009,20092,26,True
Web Development,Winter 2010,0,0.0,W10,2010,20100,27,True
Web Development,Summer 2010,0,0.0,S10,2010,20102,36,True
Web Development,Winter 2011,0,0.0,W11,2011,20110,45,True
Web Development,Summer 2011,0,0.0,S11,2011,20112,60,False
Web Development,Winter 2012,1,1.515,W12,2012,20120,66,False
Web Development,Summer 2012,0,0.0,S12,2012,20122,83,False
Web Development,Winter 2013,0,0.0,W13,2013,20130,46,True
Web Development,Summer 2013,0,0.0,S13,2013,20132,52,False
Web Development,Winter 2014,0,0.0,W14,2014,20140,74,False
Web Development,Summer 2014,1,1.282,S14,2014,20142,78,False
Web Development,Winter 2015,1,0.909,W15,2015,20150,110,False
Web Development,Summer 2015,0,0.0,S15,2015,20152,104,False
Web Development,Winter 2016,0,0.0,W16,2016,20160,122,False
Web Development,Summer 2016,0,0.0,S16,2016,20162,102,False
Web Development,Winter 2017,0,0.0,W17,2017,20170,116,False
Web Development,Summer 2017,0,0.0,S17,2017,20172,125,False
Web Development,Winter 2018,0,0.0,W18,2018,20180,146,False
Web Development,Summer 2018,0,0.0,S18,2018,20182,131,False
Web Development,Winter 2019,0,0.0,W19,2019,20190,194,False
Web Development,Summer 2019,0,0.0,S19,2019,20192,176,False
Web Development,Winter 2020,0,0.0,W20,2020,20200,228,False
Web Development,Summer 2020,0,0.0,S20,2020,20202,209,False
Web Development,Winter 2021,2,0.595,W21,2021,20210,336,False
Web Development,Summer 2021,2,0.512,S21,2021,20212,391,False
Web Development,Winter 2022,1,0.251,W22,2022,20220,398,False
Web Development,Summer 2022,1,0.427,S22,2022,20222,234,False
Web Development,Winter 2023,1,0.365,W23,2023,20230,274,False
Web Development,Summer 2023,4,1.818,S23,2023,20232,220,False
Web Development,Winter 2024,1,0.403,W24,2024,20240,248,False
Web Development,Summer 2024,1,0.403,S24,2024,20242,248,False
Web Development,Fall 2024,0,0.0,F24,2024,20243,94,False
Web Development,Winter 2025,1,0.602,W25,2025,20250,166,False
Web Development,Spring 2025,1,0.699,X25,2025,20251,143,False
Web Development,Summer 2025,1,0.602,S25,2025,20252,166,False
Web Development,Fall 2025,1,0.685,F25,2025,20253,146,False
Web Development,Winter 2026,0,0.0,W26,2026,20260,199,False
Web Development,Spring 2026,1,0.513,X26,2026,20261,195,False
Web Development,Summer 2026,0,0.0,S26,2026,20262,235,False
Web Development,Fall 2026,0,0.0,F26,2026,20263,35,True
Web Development,Winter 2027,0,0.0,W27,2027,20270,1,True
Women's Health,Summer 2005,0,0.0,S05,2005,20052,9,True
Women's Health,Winter 2006,0,0.0,W06,2006,20060,7,True
Women's Health,Summer 2006,0,0.0,S06,2006,20062,10,True
Women's Health,Winter 2007,0,0.0,W07,2007,20070,13,True
Women's Health,Summer 2007,0,0.0,S07,2007,20072,19,True
Women's Health,Winter 2008,0,0.0,W08,2008,20080,21,True
Women's Health,Summer 2008,0,0.0,S08,2008,20082,22,True
Women's Health,Winter 2009,0,0.0,W09,2009,20090,16,True
Women's Health,Summer 2009,0,0.0,S09,2009,20092,26,True
Women's Health,Winter 2010,0,0.0,W10,2010,20100,27,True
Women's Health,Summer 2010,0,0.0,S10,2010,20102,36,True
Women's Health,Winter 2011,0,0.0,W11,2011,20110,45,True
Women's Health,Summer 2011,0,0.0,S11,2011,20112,60,False
Women's Health,Winter 2012,1,1.515,W12,2012,20120,66,False
Women's Health,Summer 2012,0,0.0,S12,2012,20122,83,False
Women's Health,Winter 2013,0,0.0,W13,2013,20130,46,True
Women's Health,Summer 2013,0,0.0,S13,2013,20132,52,False
Women's Health,Winter 2014,0,0.0,W14,2014,20140,74,False
Women's Health,Summer 2014,1,1.282,S14,2014,20142,78,False
Women's Health,Winter 2015,0,0.0,W15,2015,20150,110,False
Women's Health,Summer 2015,0,0.0,S15,2015,20152,104,False
Women's Health,Winter 2016,0,0.0,W16,2016,20160,122,False
Women's Health,Summer 2016,0,0.0,S16,2016,20162,102,False
Women's Health,Winter 2017,0,0.0,W17,2017,20170,116,False
Women's Health,Summer 2017,1,0.8,S17,2017,20172,125,False
Women's Health,Winter 2018,0,0.0,W18,2018,20180,146,False
Women's Health,Summer 2018,1,0.763,S18,2018,20182,131,False
Women's Health,Winter 2019,1,0.515,W19,2019,20190,194,False
Women's Health,Summer 2019,2,1.136,S19,2019,20192,176,False
Women's Health,Winter 2020,0,0.0,W20,2020,20200,228,False
Women's Health,Summer 2020,0,0.0,S20,2020,20202,209,False
Women's Health,Winter 2021,0,0.0,W21,2021,20210,336,False
Women's Health,Summer 2021,4,1.023,S21,2021,20212,391,False
Women's Health,Winter 2022,1,0.251,W22,2022,20220,398,False
Women's Health,Summer 2022,0,0.0,S22,2022,20222,234,False
Women's Health,Winter 2023,1,0.365,W23,2023,20230,274,False
Women's Health,Summer 2023,1,0.455,S23,2023,20232,220,False
Women's Health,Winter 2024,0,0.0,W24,2024,20240,248,False
Women's Health,Summer 2024,0,0.0,S24,2024,20242,248,False
Women's Health,Fall 2024,0,0.0,F24,2024,20243,94,False
Women's Health,Winter 2025,0,0.0,W25,2025,20250,166,False
Women's Health,Spring 2025,0,0.0,X25,2025,20251,143,False
Women's Health,Summer 2025,0,0.0,S25,2025,20252,166,False
Women's Health,Fall 2025,1,0.685,F25,2025,20253,146,False
Women's Health,Winter 2026,0,0.0,W26,2026,20260,199,False
Women's Health,Spring 2026,0,0.0,X26,2026,20261,195,False
Women's Health,Summer 2026,0,0.0,S26,2026,20262,235,False
Women's Health,Fall 2026,0,0.0,F26,2026,20263,35,True
Women's Health,Winter 2027,0,0.0,W27,2027,20270,1,True
Workflow Automation,Summer 2005,0,0.0,S05,2005,20052,9,True
Workflow Automation,Winter 2006,0,0.0,W06,2006,20060,7,True
Workflow Automation,Summer 2006,0,0.0,S06,2006,20062,10,True
Workflow Automation,Winter 2007,0,0.0,W07,2007,20070,13,True
Workflow Automation,Summer 2007,0,0.0,S07,2007,20072,19,True
Workflow Automation,Winter 2008,0,0.0,W08,2008,20080,21,True
Workflow Automation,Summer 2008,0,0.0,S08,2008,20082,22,True
Workflow Automation,Winter 2009,0,0.0,W09,2009,20090,16,True
Workflow Automation,Summer 2009,0,0.0,S09,2009,20092,26,True
Workflow Automation,Winter 2010,0,0.0,W10,2010,20100,27,True
Workflow Automation,Summer 2010,0,0.0,S10,2010,20102,36,True
Workflow Automation,Winter 2011,0,0.0,W11,2011,20110,45,True
Workflow Automation,Summer 2011,0,0.0,S11,2011,20112,60,False
Workflow Automation,Winter 2012,0,0.0,W12,2012,20120,66,False
Workflow Automation,Summer 2012,0,0.0,S12,2012,20122,83,False
Workflow Automation,Winter 2013,1,2.174,W13,2013,20130,46,True
Workflow Automation,Summer 2013,0,0.0,S13,2013,20132,52,False
Workflow Automation,Winter 2014,0,0.0,W14,2014,20140,74,False
Workflow Automation,Summer 2014,0,0.0,S14,2014,20142,78,False
Workflow Automation,Winter 2015,0,0.0,W15,2015,20150,110,False
Workflow Automation,Summer 2015,0,0.0,S15,2015,20152,104,False
Workflow Automation,Winter 2016,0,0.0,W16,2016,20160,122,False
Workflow Automation,Summer 2016,1,0.98,S16,2016,20162,102,False
Workflow Automation,Winter 2017,1,0.862,W17,2017,20170,116,False
Workflow Automation,Summer 2017,0,0.0,S17,2017,20172,125,False
Workflow Automation,Winter 2018,1,0.685,W18,2018,20180,146,False
Workflow Automation,Summer 2018,0,0.0,S18,2018,20182,131,False
Workflow Automation,Winter 2019,0,0.0,W19,2019,20190,194,False
Workflow Automation,Summer 2019,2,1.136,S19,2019,20192,176,False
Workflow Automation,Winter 2020,3,1.316,W20,2020,20200,228,False
Workflow Automation,Summer 2020,2,0.957,S20,2020,20202,209,False
Workflow Automation,Winter 2021,3,0.893,W21,2021,20210,336,False
Workflow Automation,Summer 2021,2,0.512,S21,2021,20212,391,False
Workflow Automation,Winter 2022,2,0.503,W22,2022,20220,398,False
Workflow Automation,Summer 2022,5,2.137,S22,2022,20222,234,False
Workflow Automation,Winter 2023,5,1.825,W23,2023,20230,274,False
Workflow Automation,Summer 2023,5,2.273,S23,2023,20232,220,False
Workflow Automation,Winter 2024,10,4.032,W24,2024,20240,248,False
Workflow Automation,Summer 2024,9,3.629,S24,2024,20242,248,False
Workflow Automation,Fall 2024,2,2.128,F24,2024,20243,94,False
Workflow Automation,Winter 2025,4,2.41,W25,2025,20250,166,False
Workflow Automation,Spring 2025,1,0.699,X25,2025,20251,143,False
Workflow Automation,Summer 2025,5,3.012,S25,2025,20252,166,False
Workflow Automation,Fall 2025,3,2.055,F25,2025,20253,146,False
Workflow Automation,Winter 2026,0,0.0,W26,2026,20260,199,False
Workflow Automation,Spring 2026,0,0.0,X26,2026,20261,195,False
Workflow Automation,Summer 2026,11,4.681,S26,2026,20262,235,False
Workflow Automation,Fall 2026,0,0.0,F26,2026,20263,35,True
Workflow Automation,Winter 2027,1,100.0,W27,2027,20270,1,True
eLearning,Summer 2005,0,0.0,S05,2005,20052,9,True
eLearning,Winter 2006,0,0.0,W06,2006,20060,7,True
eLearning,Summer 2006,0,0.0,S06,2006,20062,10,True
eLearning,Winter 2007,0,0.0,W07,2007,20070,13,True
eLearning,Summer 2007,0,0.0,S07,2007,20072,19,True
eLearning,Winter 2008,0,0.0,W08,2008,20080,21,True
eLearning,Summer 2008,0,0.0,S08,2008,20082,22,True
eLearning,Winter 2009,0,0.0,W09,2009,20090,16,True
eLearning,Summer 2009,0,0.0,S09,2009,20092,26,True
eLearning,Winter 2010,0,0.0,W10,2010,20100,27,True
eLearning,Summer 2010,0,0.0,S10,2010,20102,36,True
eLearning,Winter 2011,0,0.0,W11,2011,20110,45,True
eLearning,Summer 2011,0,0.0,S11,2011,20112,60,False
eLearning,Winter 2012,0,0.0,W12,2012,20120,66,False
eLearning,Summer 2012,1,1.205,S12,2012,20122,83,False
eLearning,Winter 2013,0,0.0,W13,2013,20130,46,True
eLearning,Summer 2013,1,1.923,S13,2013,20132,52,False
eLearning,Winter 2014,1,1.351,W14,2014,20140,74,False
eLearning,Summer 2014,0,0.0,S14,2014,20142,78,False
eLearning,Winter 2015,1,0.909,W15,2015,20150,110,False
eLearning,Summer 2015,2,1.923,S15,2015,20152,104,False
eLearning,Winter 2016,0,0.0,W16,2016,20160,122,False
eLearning,Summer 2016,1,0.98,S16,2016,20162,102,False
eLearning,Winter 2017,1,0.862,W17,2017,20170,116,False
eLearning,Summer 2017,2,1.6,S17,2017,20172,125,False
eLearning,Winter 2018,2,1.37,W18,2018,20180,146,False
eLearning,Summer 2018,1,0.763,S18,2018,20182,131,False
eLearning,Winter 2019,2,1.031,W19,2019,20190,194,False
eLearning,Summer 2019,0,0.0,S19,2019,20192,176,False
eLearning,Winter 2020,2,0.877,W20,2020,20200,228,False
eLearning,Summer 2020,3,1.435,S20,2020,20202,209,False
eLearning,Winter 2021,12,3.571,W21,2021,20210,336,False
eLearning,Summer 2021,8,2.046,S21,2021,20212,391,False
eLearning,Winter 2022,4,1.005,W22,2022,20220,398,False
eLearning,Summer 2022,1,0.427,S22,2022,20222,234,False
eLearning,Winter 2023,2,0.73,W23,2023,20230,274,False
eLearning,Summer 2023,1,0.455,S23,2023,20232,220,False
eLearning,Winter 2024,0,0.0,W24,2024,20240,248,False
eLearning,Summer 2024,1,0.403,S24,2024,20242,248,False
eLearning,Fall 2024,0,0.0,F24,2024,20243,94,False
eLearning,Winter 2025,1,0.602,W25,2025,20250,166,False
eLearning,Spring 2025,0,0.0,X25,2025,20251,143,False
eLearning,Summer 2025,1,0.602,S25,2025,20252,166,False
eLearning,Fall 2025,0,0.0,F25,2025,20253,146,False
eLearning,Winter 2026,0,0.0,W26,2026,20260,199,False
eLearning,Spring 2026,0,0.0,X26,2026,20261,195,False
eLearning,Summer 2026,1,0.426,S26,2026,20262,235,False
eLearning,Fall 2026,0,0.0,F26,2026,20263,35,True
eLearning,Winter 2027,0,0.0,W27,2027,20270,1,True
eSports,Summer 2005,0,0.0,S05,2005,20052,9,True
eSports,Winter 2006,0,0.0,W06,2006,20060,7,True
eSports,Summer 2006,0,0.0,S06,2006,20062,10,True
eSports,Winter 2007,0,0.0,W07,2007,20070,13,True
eSports,Summer 2007,0,0.0,S07,2007,20072,19,True
eSports,Winter 2008,0,0.0,W08,2008,20080,21,True
eSports,Summer 2008,0,0.0,S08,2008,20082,22,True
eSports,Winter 2009,0,0.0,W09,2009,20090,16,True
eSports,Summer 2009,0,0.0,S09,2009,20092,26,True
eSports,Winter 2010,0,0.0,W10,2010,20100,27,True
eSports,Summer 2010,0,0.0,S10,2010,20102,36,True
eSports,Winter 2011,0,0.0,W11,2011,20110,45,True
eSports,Summer 2011,0,0.0,S11,2011,20112,60,False
eSports,Winter 2012,0,0.0,W12,2012,20120,66,False
eSports,Summer 2012,0,0.0,S12,2012,20122,83,False
eSports,Winter 2013,0,0.0,W13,2013,20130,46,True
eSports,Summer 2013,0,0.0,S13,2013,20132,52,False
eSports,Winter 2014,0,0.0,W14,2014,20140,74,False
eSports,Summer 2014,0,0.0,S14,2014,20142,78,False
eSports,Winter 2015,0,0.0,W15,2015,20150,110,False
eSports,Summer 2015,1,0.962,S15,2015,20152,104,False
eSports,Winter 2016,0,0.0,W16,2016,20160,122,False
eSports,Summer 2016,0,0.0,S16,2016,20162,102,False
eSports,Winter 2017,0,0.0,W17,2017,20170,116,False
eSports,Summer 2017,1,0.8,S17,2017,20172,125,False
eSports,Winter 2018,0,0.0,W18,2018,20180,146,False
eSports,Summer 2018,0,0.0,S18,2018,20182,131,False
eSports,Winter 2019,0,0.0,W19,2019,20190,194,False
eSports,Summer 2019,0,0.0,S19,2019,20192,176,False
eSports,Winter 2020,0,0.0,W20,2020,20200,228,False
eSports,Summer 2020,0,0.0,S20,2020,20202,209,False
eSports,Winter 2021,0,0.0,W21,2021,20210,336,False
eSports,Summer 2021,0,0.0,S21,2021,20212,391,False
eSports,Winter 2022,0,0.0,W22,2022,20220,398,False
eSports,Summer 2022,0,0.0,S22,2022,20222,234,False
eSports,Winter 2023,0,0.0,W23,2023,20230,274,False
eSports,Summer 2023,0,0.0,S23,2023,20232,220,False
eSports,Winter 2024,0,0.0,W24,2024,20240,248,False
eSports,Summer 2024,0,0.0,S24,2024,20242,248,False
eSports,Fall 2024,0,0.0,F24,2024,20243,94,False
eSports,Winter 2025,0,0.0,W25,2025,20250,166,False
eSports,Spring 2025,0,0.0,X25,2025,20251,143,False
eSports,Summer 2025,0,0.0,S25,2025,20252,166,False
eSports,Fall 2025,0,0.0,F25,2025,20253,146,False
eSports,Winter 2026,0,0.0,W26,2026,20260,199,False
eSports,Spring 2026,0,0.0,X26,2026,20261,195,False
eSports,Summer 2026,1,0.426,S26,2026,20262,235,False
eSports,Fall 2026,0,0.0,F26,2026,20263,35,True
eSports,Winter 2027,0,0.0,W27,2027,20270,1,True
